id,monster_name,normal_drop,rare_drop,trivia_1,trivia_2,source_filename
941,若葉の精霊,しなやかな枝,特やくそう,世界樹を守る役目を持つおおらかな性格の精霊。枯れかけた世界樹を救うため自らのチカラを使い果たした。,世界樹を守るのがオリの使命。力の試練を手伝っていたのは平和な世の中が続いてヒマしてたからなのダワ。,941.webp
942,黒き花婿,まほうの小ビン,ブラックパール,花嫁を失い 悲しみの果てに命を落とした若者 レグが黒いチカラに取り込まれ魔物と化してしまった姿。,ダーリアと結婚した後は来光の浜に新居を建てて妻と子供と暮らしながら白い犬を飼うのが夢だった。,942.webp
943,大怨霊マアモン,ふしぎなドロドロ,パープルアイ,悪しき欲望に取り憑かれたドワーフたちの怨念の塊。魔瘴のチカラで封印が解け現代に よみがえった。,かつてアグラニの名士だったマアモンという男の怨念が代表してしゃべっているためこう名乗るようになった。,943.webp
944,狂鬼ジーガンフ,まほうの小ビン,ぶどうエキス,怒りのあまりに我を忘れ悪鬼の手に落ちた チャンプ。手に入れた邪悪なチカラで超人的な技を くりだす。,悪鬼ゾンガロンに操られた時魔物のように暴れてしまったが誰からも責められなかった。そのことに深く感謝している。,944.webp
945,やみわらし,まほうの小ビン,ウルベア銀貨,魔瘴から生まれる謎多き 魔物の群れ。聖なる光を嫌い邪悪な闇を欲する。,獲物を見れば容赦なく襲いただ本能のままに動く。彼らは眠ることなく闇を求めてさまよい続ける。,945.webp
946,妖剣士オーレン,まほうのせいすい,せかいじゅの葉,ベコン渓谷の洞くつの奥でガイコツたちと眠る 妖剣士。レムルの聖杯に強く執着し死んだ後も守り続けていた。,オーレンの操る双剣は大ぶりの物を牙王丸 小さい方を竜斬刀という。知る人ぞ知る名剣である。,946.webp
947,怪獣プスゴン,花のみつ,ピンクパール,スイの塔のてっぺんにスウィートルームを築いていたファンシー好きの怪獣。心からハニーを愛する。,棲みかを捨て 役目を捨て熱い想いだけを胸に抱きヤツは去っていった。怪獣プスゴン どこへ行く…。,947.webp
948,水竜ギルギッシュ,大きなうろこ,せかいじゅの葉,ランドン山脈頂上の雲上湖に生息する 巨大な竜。凶暴な性格で これまで幾度も湖を訪れた者の命をうばった。,永遠の命を持つとウワサされる ギルギッシュ。グロリスの木との関係を知る者はほとんどいない。,948.webp
949,ウルベア魔神兵,ほしのカケラ,レッドアイ,太古の昔に製造されたウルベア帝国の戦闘兵器。数千年の時を経た今でも使命を忘れず 活動する。,戦闘兵器でありながら じつは棺の役割も果たしている。大昔のドワーフたちは死後の復活を信じていた。,949.webp
950,悪魔ザイガス,まほうのせいすい,げんませき,15年前にアルウェと契約を結び プクリポの子供を殺すために現れたが団長の活躍により失敗した。,プクリポの子供を喰らい魔力を増やす性質を持つ。喰えば喰うほど 強くなり最後は大悪魔となるのだ。,950.webp
951,キャット・リベリオ,ふさふさの毛皮,おうごんのかけら,魔物の中でも とても珍しく数の少ない巨猫族の剣士。猫島の主 マンマーに仕えるが謀反をたくらんでいる。,キャット剣法師範のウデ前だが性格が災いし 弟子は来ない。ねこまどうに剣を持たせて無理やり教えたことがある。,951.webp
952,魔兵ヒプノス,ぎんのこうせき,ウルベア銀貨,イッドの手下である魔物。儀式の間を討伐隊の血で汚すという イッドの命令を果たすために行動していた。,元々は魔物の山賊だったがそのウデをイッドに見込まれ魔物兵士に転身。以後 イッドの右腕となる。,952.webp
953,魔兵タナト,ぎんのこうせき,ウルベア銀貨,イッドの手下である魔物。相棒のヒプノスと共にイッドの命令を果たすため人間の兵士に化けていた。,ヒプノスと共に悪行を尽くしそのウデをイッドに見込まれ魔物兵士に転身。以後 イッドの左腕となる。,953.webp
954,魔軍師イッド,まほうのせいすい,げんませき,魔瘴を操り プクランド大陸を滅ぼそうとたくらんだ魔物。人間に化け プーポッパン王の側近となっていた。,人間の弱みを徹底的に研究し甘言を巧みに使いわけ王の信頼を勝ちとった。高い智謀を誇る魔物の策略家。,954.webp
955,妖魔ジュリアンテ,あやかしそう,よるのとばり,しなやかな動きとスピードで相手を ほんろうするサディスティックな魔女。その瞳に しびれぬ者はない。,ジュリアンテご自慢の豊かな髪は 意外に重い。彼女の悩みは 体重が実姉と同じことである。,955.webp
956,呪術師マリーン,まほうのせいすい,レッドアイ,大地を揺るがす 巨大な肉体でこれまた巨大な棍棒を振り回す ごうかいな呪術師。趣味は 男コレクション。,彼女の技 いただきボールには捕らえた者の動きを封じマリーンを 絶世の美女に見せる効果があるらしい。,956.webp
957,守護者ラズバーン,,,神殿レイダメテスを守護する最強の魔人。エルジュの父ベルンハルトを殺した張本人でもある。,仕えるべき主 冥王の到来を待ち望んでいたがその誕生を見ることなく志半ばにして倒された。,957.webp
958,詩歌の守り手,大きなこうら,ホワイトパール,ウェディ族に伝わる歌をはるか昔より守り続ける者。その背に乗る石碑に歌が刻み込まれている。,普段は岩に化けて動かない。彼が動きだすのは王家の者が来た時と背中がカユい時だけである。,958.webp
959,暴君バサグランデ,けものの皮,せかいじゅの葉,かつて ウェナ諸島全域を壊滅の危機にさらした魔物。封印の巫女 セーリアによって永遠の水に封じられていた。,彼は歯向かう者だけでなくただ 楽しみのためだけに女子供すらも爪牙にかけ暴君と呼ばれることとなった。,959.webp
960,暗黒大樹の番人,暗黒の樹木,特どくけしそう,暗黒大樹の周辺に出没する謎多き魔物の群れ。暗黒大樹に近づく者には容赦なく襲いかかってくる。,暗黒大樹の番人たちには名前も性別もなくただひとり 長がいる以外お互いを区別しないらしい。,960.webp
961,ましょううお,大きなうろこ,げんませき,魔瘴のチカラを得ておぞましい進化を遂げたポイズンリザードの変種。体内に魔瘴を蓄えている。,狭い空洞の中で成長しそこから出られなくなったましょううおも いるという。彼は そこで何を思ったのか。,961.webp
962,怪蟲アラグネ,まほうのせいすい,イエローアイ,アグシュナ王妃に化けていた邪悪な大グモの化け物。暗黒大樹の葉のチカラで現代に よみがえった。,人食いの妖魔アラグネは相手を食べることでその姿と記憶を取り込み化けるようになるという。,962.webp
963,天魔クァバルナ,にじいろの布きれ,パープルアイ,魔天より飛来したといわれる伝説級の凶悪な魔物。長い歴史の中で 幾度となくドルワームを恐怖に陥れた。,ドルワームの民は 度重なるクァバルナの襲撃に耐えながら天魔黙示録という 一冊の書にその生態をまとめあげた。,963.webp
964,アークデーモン,まほうの小ビン,幻獣の皮,姿を見た者は生きて帰れないそんな逸話を持つ大悪魔。イオナズンを唱えた後にはチリすら残らないという。,悪魔軍団の炊き出し番長。手にした巨大フォークで大量の具材を混ぜ合わせ暗黒汁をふるまってくれる。,964.webp
965,ベリアル,,,クチから巨大な火の玉をはきすさまじい雷を巻き起こして人々に恐怖を植えつける冥王に付き従う 残忍な悪魔。,メルサンディ村は他にも巨大な顔や巨大な足の化け物の襲撃にあっているらしい。化け物共の目的はなんなのか？,965.webp
966,冥王ネルゲル,,,エテーネの村を焼き払いレンダーシアを闇に封じた生きとし生ける者の敵。死を振りまく 冥界の王。,呼吸をするようにウソをつくと冥界でも おそれられている。その魂は 誰よりも汚れており誰にも 心を許していない。,966.webp
967,冥獣王ネルゲル,,,大いなる闇のチカラを得て冥王ネルゲルが変身した。絶大なる魔力 不死身の肉体 獣の凶暴さを持つ 冥界の神。,彼の振るう絶望の鎌に斬りつけられた者はその魂にまで キズを負いチカラをうばわれるという。,967.webp
968,悪夢の右手,まほうの小ビン,せいれいせき,巨大な手のような形をした正体不明の化け物。メルサンディ村を襲いミシュアを さらっていった。,ネルゲルにチカラを与えた闇の根源とは なんなのか？その答えに近づくことは死を意味するといわれている。,968.webp
969,魔人エンラージャ,まほうの小ビン,げんませき,かつて リンジャの塔に封印されていた凶悪な魔人。自分の家来を 増やそうと魔人のわざわいを振りまく。,はるか昔 リンジャの塔に住む召喚士に 呼び出されてセレド周辺を荒らしたらしいがくわしいことは不明である。,969.webp
970,ムッチーノ,まほうの小ビン,やわらかウール,魔人エンラージャに仕えるズル賢い妖魔。おうえんや魔力の角笛などをくりだすので早めに倒そう。,昔は スリムな体型だったが何年も封印されている間にムッチムチに太ってしまった。ちなみに名前とは関係ない。,970.webp
971,破戒王ベルムド,するどい爪,ぶどうエキス,大いなる魔力により魔物になったベルムド王。砂漠に響き渡るおたけびは魔物たちを震えあがらせる。,まもの使いベルムドはかつて従えていた魔物たちの外見を混ぜ合わせ 彼自身の魔物姿として選んだという。,971.webp
972,絶望の巨像,,,アンルシアが自らの記憶を封じるために生みだした悲しき記憶の番人。深い霧の中より現れる。,絶望の中に落ちてゆくアンルシアが思い描いたのは皮肉にも 心に重くのしかかる勇者の巨像の姿だった。,972.webp
973,魔創兵ゲゾラ,げんこつダケ,ぶどうエキス,魔物へと変身をとげた兵士。テンションを上げることを得意としており その怪力ですべてをなぎはらう。,アンルシア姫に仕える近衛兵が魔道士キルギルの研究により魔物への変身能力を得た。姫への忠誠心はピカイチ。,973.webp
974,魔創兵グリモス,するどいキバ,ドラゴンの皮,魔物へと変身をとげた兵士。バギムーチョの呪文をあやつりその暴走率も高い。巨体を活かした攻撃も得意。,アンルシア姫に仕える近衛兵が魔道士キルギルの研究により魔物への変身能力を得た。ゲゾラへのライバル心が強い。,974.webp
975,魔創兵長バスラー,こうもりのはね,ヘビーメタル,バスラー隊長が凶悪な魔物へと変身をとげた姿。ラリホーマでエモノを眠らせマヒャドデスを食らわせるのが彼の王道戦術。,近衛兵士たちのリーダー格。魔道士キルギルの研究により魔物への変身能力を得た。じつはかなりの野心家らしい。,975.webp
976,魔勇者アンルシア,,,創生の魔力を得て異形の姿へと変身をとげたアンルシア姫。やみのころもをまとうとあらゆる攻撃が通じなくなる。,たとえ生まれが偽りの身でも最後に生き残った者こそが真の存在であるべきだ。私こそが真の勇者なのだ！,976.webp
977,いたずらジャーミィ,レッドベリー,レッドアイ,ちょっぴり いたずら好きなウサギの女の子。バーティと すごく仲良しでジャムが大好物なの。,ホントは英雄ザンクローネの右耳が化け物になった姿だよ！魔女様の魔法でキュートに大きくなっちゃった！,977.webp
978,いたずらバーティ,げんこつダケ,イエローアイ,ちょっぴり いたずら好きなウサギの女の子。ジャーミィと すごく仲良しでバターが大好物なの。,ホントは英雄ザンクローネの左耳が化け物になった姿だよ！水車に しびれくらげをはさむお仕事が生きがいなの。,978.webp
979,ハートボイルド,まほうのせいすい,赤い宝石,魔女グレイツェルに奪われたザンクローネの心臓が熱く煮える鍋に落とされて化け物へと変わってしまった。,英雄ザンクローネの心臓は毛が生えているどころかカオがついてて 暴れまわる。さすが英雄は並じゃない！,979.webp
980,邪教祖サダク,,,セレドの大人をたぶらかした教祖サダクが 祈願の魔像に集まった祈りのチカラを得て魔物に転生した姿。,人の心を見透かすのが得意で大人たちの悲しみを利用しセレドを偽りの世界で侵食する計画は 彼の発案によるもの。,980.webp
981,スイーツトロル,ゆめみの花,ピンクパールリング,自称 乙女系トロル。だが怒らせた時のパワーはすさまじく 並のトロルなどものともしない暴力の化身。,天然かつ小悪魔な末っ子。ふたりの兄のことはそれなりに尊敬しているが言うことはあまり聞いてない。,981.webp
982,あなうめ兄,氷の樹木,ブルーアイ,あなうめ三兄弟の長男。好きな色は青。得意のグレイブホールで相手の動きを止める。,アクセサリー集めが趣味でそのコレクションは粒ぞろい。某合成屋も 密かに狙っているとか いないとか。,982.webp
983,あなうめ弟,暗黒の樹木,グリーンアイ,あなうめ三兄弟の次男。好きな色は緑。バトルが大好きでとにかくケンカっ早い。,歴史ある あなうめ一族の当主の座を引き継ぎ責任感に燃えるカタブツ。兄弟の結束はそこそこ強い。,983.webp
984,あなうめ妹,さくらの花びら,レッドアイ,あなうめ三兄弟の末妹。好きな色は赤。得意のグレイブホールで相手の動きを止める。,兄がカタブツな分 オレがテキトーな性格でバランスを取っていると うそぶく弟。無論テキトーに言っている。,984.webp
985,闇の従者,,,大魔王に忠誠を誓っている親衛隊の一員。幼い頃から訓練にはげんできた魔王軍のエリートである。,大魔王の親衛隊でありながら仮面の男の指揮下に入っている今の立場に不満を感じているが鉄の意志で感情を抑えている。,985.webp
986,ヘルバトラー,まほうのせいすい,げんませき,大魔王に忠誠を誓った魔王軍団の親衛隊。呪文とブレスを使いこなす生まれついてのエリート戦士。,魔王軍の親衛隊として要人のボディガードをまかされることが多いがだいたい要人のほうが強い。,986.webp
987,グレイブディガー,みがきずな,赤い宝石,盗掘団「砂漠の土竜」のモルバ団長が使役する魔物。4本のウデを使ったはげしい攻撃に気をつけよう。,モルバ団長がつけた この名は墓掘り人という意味らしい。本人は気に入っていないのだが言葉が話せず 言えなかった。,987.webp
988,獣魔将ガルレイ,,,魔元帥ゼルドラド配下の四魔将の一角を担う獣人。すばやい動きで近づきするどいツメで斬り刻む。,じつは 悪鬼ゾンガロンのいとこの孫に当たるがゾンガロンもガルレイ自身もそんなつながりは知らない。,988.webp
989,ベロリンマン,,,賢者ブロッゲンが用意した破邪の秘技会得のための試練。現れた幻影を見抜かなければ本体を倒すのは むずかしい。,ひとりさみしく うおーん！と泣いていたところを賢者ブロッゲンに拾われた。それ以来 彼になついている。,989.webp
990,どくどくバルーン,,,賢者エイドスが用意した破邪の秘技会得のための試練。身体にまとう毒の煙によって周囲の敵を追いつめる。,賢者エイドスによる魔瘴研究の過程において生みだされた。ゆえに意思というものがなくエイドスの命令にのみ従う。,990.webp
991,なげきの魔像,,,賢者ホーローが用意した破邪の秘技会得のための試練。なげきのさけびによってこちらの攻撃を無効にする。,なげきのさけびを聞くとそのあまりの悲痛さにやる気も根気もなくなって無気力状態になるという。,991.webp
992,幻魔将ファズマ,,,魔元帥ゼルドラド配下の四魔将の一角を担う妖術士。幻影をあやつり 虚像の中で敵を死に至らしめる。,四魔将ナンバーワンの頭脳派を自認しているが他の三将からは まったくそう思われていない。,992.webp
993,妖魔将ゲジュラ,どくどくヘドロ,まじゅうのホネ,魔元帥ゼルドラド配下の四魔将の一角を担う大怪虫。糸をはいて マヒさせたり陰湿な攻撃を得意とする。,冷酷非道な魔物で 仲間でも平気で裏切るが その性根をゼルドラドに気に入られ四魔将のひとりとなった。,993.webp
994, 豪魔将ベリンダ,ガマのあぶら,ぶどうエキス,魔元帥ゼルドラド配下の四魔将の一角を担う女怪。怪力無双で知られるウワサの美人姉妹の姉。,妹のブレンダを気にかけるやさしい お姉ちゃん。魔王軍ナンバーワンの豊満なバストの持ち主。,994.webp
995,豪魔将ブレンダ,ガマのあぶら,せいじゃのはい,魔元帥ゼルドラド配下の四魔将の一角を担う女怪。怪力無双で知られるウワサの美人姉妹の妹。,竜笛の音を 久しぶりに聴いて思わず 寄ってきたら戦いに駆り出されてしまった。調子乗りのイケイケな性格。,995.webp
996,恐怖の化身,,,とある冒険者の恐怖の記憶が大魔王の魔力で実体化した。魂すら傷付ける大鎌は健在でより一層 凶悪さを増している。,姉のベリンダが大好きなあまえんぼうの妹。モンセロ温泉の効能で肌は絹のようにスベスベ。,996.webp
997,赤飛竜,するどいキバ,赤い宝石,太古の昔 竜族と共に失われた神秘の楽器 竜笛でのみ操ることができる赤き飛竜。,自分の命を奪った者への恐れは盟友と言えどぬぐい去りがたくその恐怖の記憶は実像を歪め虚像をはるかに強大に見せる。,997.webp
998,青飛竜,大きなうろこ,青い宝石,太古の昔 竜族と共に失われた神秘の楽器 竜笛でのみ操ることができる青き飛竜。,気性を荒く 見せているが本当は 竜笛の音を聴きたくてたまらないのを隠している。見た目に反した慎重派の性格。,998.webp
999,黄飛竜,大きなホネ,黄色の宝石,太古の昔 竜族と共に失われた神秘の楽器 竜笛でのみ操ることができる黄なる飛竜。,3匹の飛竜の中では一番若く初めて竜笛の音を聴いたが案外 悪くないと思っている。バランス重視の穏和な性格。,999.webp
1000,魔導鬼ベゼブー,まほうのせいすい,げんませき,この世から すべてのテンの花を消し去ることを使命としている魔導鬼一族。ベドラーとは いとこ同士。,いとこの魔導鬼ベドラーとはどちらがテンブの花を滅ぼすか競争しており 一歩リードされ内心あせっていた。,1000.webp
1001,ワイルドフォビズム,暗黒の樹木,まじゅうのホネ,魔幻宮殿に飾られた絵画だが侵入者を排除する役も兼ねる。絵に描いた魔物を呼びだすほか相手を惑わす戦いを好む。,絵画は心のたかぶりさえも表現することができるのだ。その荒々しさは まさに野獣と呼ぶにふさわしい。,1001.webp
1002,エビルキュビズム,暗黒の樹木,マデュライト,魔幻宮殿に飾られた絵画だが侵入者を排除する役も兼ねる。絵に描いた魔物を呼びだすほか絵からクサリを飛ばしてくる。,絵画は平面上に再現された立体構造物であると言える。物体は しょせんは円筒であり円すいであり球体でしかない。,1002.webp
1003,ダークレアリズム,暗黒の樹木,よるのとばり,魔幻宮殿に飾られた絵画だが侵入者を排除する役も兼ねる。絵に描いた魔物を呼びだすほか絵具をまき散らすのも大好き。,空想や夢想は現実ではないが現実を超える可能性を秘める。これらが世界を浸食したとき新たな現実が生まれる。,1003.webp
1004,魔元帥ゼルドラド,,,大魔王マデサゴーラの命を受け暗躍する魔族の大幹部。まがまがしい剣を武器とし強力な呪文も使いこなす。,大魔王との出会いは 魔界にてその作品を目にした時だった。大魔王が語る創世の大願に彼はいたく感動したという。,1004.webp
1005,トーマ王子,,,勇者の影武者として生きそして死んだ悲劇の王子。大魔王の魔力で復活させられ闇の勇者と成り果てた。,勇者でないものの 彼に流れるグランゼドーラ王家の血が勇者のレプリカを作るには最適な材料となったという。,1005.webp
1006,大魔王マデサゴーラ,,,世界を自分の思うままに創り変えようと企み創世の女神への挑戦者を自称する芸術家魔王。,偽りの世界にあった創生の渦はマデサゴーラが偶然手に入れた霊核のカケラが変化したもの。かの世界はそこから創られた。,1006.webp
1007,創造神マデサゴーラ,,,奈落の門から もれ出した創生の霊核のチカラで最強の姿に変化をとげたマデサゴーラの究極体。,創生の霊核を手に入れたら大魔王はアストルティア全土を偽りの世界で塗りつぶし創世の神となるつもりだった。,1007.webp
1008,白霊鬼ボータ,,,フードの男が白色の呪符により召喚した 異界の獣鬼。所構わず呪いと爆弾をバラまくとにかくハタ迷惑なヤツ。,1枚の札で6体呼べてお得だがひと山いくらでまとめられた本人たちは不満タラタラ。うっぷん晴らしに暴れ回る。,1008.webp
1009,青狼鬼グルバレイダ,ブルーアイ,白紙のカード,フードの男が青色の呪符により召喚した異界の獣鬼。するどいツメを振りまわしあらゆるものを切り裂く。,恐ろしげな外見に似合わないいたずら好きのお調子者。その性格から よく面倒事を引き起こすトラブルメーカー。,1009.webp
1010,桜蝶鬼メイガ,,,フードの男が桜色の呪符により召喚した異界の獣鬼。桜を舞い散らせ眠りにいざなう美しくも恐ろしい技の使い手。,呪符の魔物の中では新米。当初は桜色担当が不満だったが今ではすっかり板につき桜を使った大技まで体得した。,1010.webp
1011,黄牛鬼タウラダイン,イエローアイ,白紙のカード,フードの男が黄色の呪符により召喚した異界の獣鬼。巨大な鉄球で大きな破壊と小さくなる呪いを振りまく。,豪快な性格のチカラ持ち。意外と面倒見がよくて新米の呪符魔物からは頼れる先輩として慕われる。,1011.webp
1012,緑風鬼フー,グリーンアイ,白紙のカード,フードの男が緑色の呪符により召喚した異界の獣鬼。群れでの戦いに長けており互いのフォローを欠かさない。,仲間同士の和を大切にする気づかいのできる魔物。個性の強い呪符魔物の中でその性格は貴重な存在だった。,1012.webp
1013,紫獅鬼バイロゼオ,パープルアイ,白紙のカード,フードの男が紫色の呪符により召喚した異界の獣鬼。巨大な剣を自在に振り回し雷や風を操る 戦いの専門家。,すこぶるプライドが高くて他の呪符魔物にも なじまず常に孤高をつらぬいていた。断じて ぼっちなどではない！,1013.webp
1014,黒飛竜,,,フードの男に あやつられた黒き飛竜。すべてを焼きつくすやみのブレスで 敵を弱らせ仲間を呼んで とどめを刺す。,漆黒の姿とは うらはらのおだやかな性格だったがフードの男の術に あやつられ戦いの他のすべてを 忘れた。,1014.webp
1015,赤翼鬼シシン,,,フードの男が赤色の呪符により召喚した異界の獣鬼。血の色にも似た 赤き翼で敵に無残な死を運ぶという。,やたらとリーダーづらするため周囲からは煙たがられていたが仲間思いの情熱家であることは誰もが認めていた。,1015.webp
1016,竜将アンテロ,,,神の器をつけ狙ってアストルティア全土に災いを振りまいた張本人。その正体は竜族だという。,7枚の呪符と我が身を頼りにアストルティアの六種族から神の器たる者を 集めていた。心身ともにタフな竜族の豪傑。,1016.webp
1017,禍乱の竜アンテロ,,,竜将アンテロが竜化の術を使い竜の姿へと変身をとげた。身震いするような咆哮を響かせ奈落の門の前に立ちはだかる。,想像を絶する苦しみに耐え途方もない修練を積み上げた竜族だけが竜に変ずるという。彼の絶大なる自信のゆえん。,1017.webp
1018,魔炎鳥,ブラックパール,赤い宝石,まがまがしい炎を全身にまとい炎の領界を荒らす鳥の魔物。アペカの村の住人たちからおおいに恐れられている。,全身にまとった紫の炎を自在にあやつることができる。炎を凝縮させて爆弾としてバラまくくらいは朝メシ前。,1018.webp
1019,ライノス・ルージュ,あやかしそう,赤い宝石,業炎の聖塔で試練に挑む者に立ちはだかる魔物の1体。ライノス族の戦士の中でいちばんのおしゃれさん。,使用しているメイク道具は特別な調合で作られたもの。どんなに汗をかいても崩れない超高級品だという。,1019.webp
1020,紅蓮のクイーンビー,どくどくヘドロ,赤い宝石,業炎の聖塔で試練に挑む者に立ちはだかる魔物の1体。女王につき従う兵隊を呼びだし集団でおそいかかってくる。,烈火の渓谷で暮らしていたがオーガの神ガズバランに試練の番人に大抜擢され一族を連れ聖塔に移り住んだ。,1020.webp
1021,赤熱の魔神像,ようがんのカケラ,赤い宝石,業炎の聖塔で試練に挑む者に立ちはだかる魔物の1体。巨体を活かした肉弾攻撃を得意としている。,全身が溶岩でできていてつねに高熱を発しているためそばに来ると暑苦しいと言われるのが悩みのタネ。,1021.webp
1022,炎魔アグニース,炎の樹木,赤い宝石,業炎の聖塔の最奥部に現れた最後の試練の番人。オーガの神ガズバランが配したものらしい。,領界の生みだす炎のチカラが体内にうずまいている。試練に挑む者が現れたときそれを一気に解放するのだ。,1022.webp
1023,魔獣イーギュア,,,アヴィーロ遺跡に住みついて周囲の人を困らせた凶暴な獣。はげしいおたけびをあげて群れで攻撃をしかけてくる。,悪い仲間たちと徒党を組んで気に入った遺跡を占拠した。何かとツッパリたいお年頃の青春ジグザグ不良魔物。,1023.webp
1024,フロスティ,,,見た目はとってもキュート 心はちょっと残忍な魔物。イーサの村の人々に白銀の死神と恐れられていた。,けがれない真っ白な身体に新雪のように清らかな心。死神なんて異名は似合わない！と本人だけが思っている。,1024.webp
1025,青の巨人ブルメル,,,かわいいプクリポちゃんと仲良くなりたかっただけの心優しき巨人のひとり。巨人3兄弟の1番年上。,雨をあやつることができるワイルドで頼りになる長兄。プールにスライダーを建造するエンターテイナーでもある。,1025.webp
1026,赤の巨人レドノフ,,,かわいいプクリポちゃんと仲良くなりたかっただけの心優しき巨人のひとり。巨人3兄弟の真ん中。,炎をあやつることができるのんびりマイペースな次男。バーベキューに用意したのは肉のみで野菜は断固食べない。,1026.webp
1027,緑の巨人グリモア,,,かわいいプクリポちゃんと仲良くなりたかっただけの心優しき巨人のひとり。巨人3兄弟の末っ子。,氷をあやつることができるおっとり甘えん坊な三男。大きな身体に似合わずトリプルアクセルが大得意。,1027.webp
1028,氷魔フィルグレア,氷のけっしょう,青い宝石,氷晶の聖塔の最奥部に現れた最後の試練の番人。プクリポの神ピナヘトが配したものらしい。,領界の生みだす氷のチカラを体内にためこんでいる。試練に挑む者が現れたときそれを一気に解放するのだ。,1028.webp
1029,くらやみ飛天,,,闇の領界に生きる人々に混沌と恐怖を もたらした魔物の首領。月をも破壊するおそるべき魔力を 誇る。,闇の領界の民を 苦しめるため月を破壊したことで 逆に楽園への道が開かれた。これは偶然か それとも……？,1029.webp
1030,魔獣サルファバル,,,神秘の鉱石 サルファバル鉱のチカラで 自己の肉体や能力を強化できる魔獣。呪術師さえ封印するしかできなかった。,本来 闇の領界にのみ発生するサルファバル鉱を肉体に宿すこの魔獣は 闇の領界からこちらへ現れたと推測される。,1030.webp
1031,管理端末Ｑ４８４,,,闇の領界の竜族を抹殺するため管理端末が 変貌した姿。鉄やハンマー 電撃など多彩な機能で 任務遂行する。,造物主の命令に従って 楽園を何千年も守り続けてきた機械。自分自身の意志はなく 純粋に命令を 果たそうとしている。,1031.webp
1032,闇魔ティトス,まりょくの土,ゴールドストーン,冥闇の聖塔の最奥部に現れた最後の試練の番人。ドワーフの神ワギが配したものらしい。,領界の生みだす闇のチカラを体内にためこんでいる。試練に挑む者が現れたときそれを一気に解放するのだ。,1032.webp
1033,神獣パチャティカ,,,ドワーフの神ワギに代わり闇の領界を見守ってきた神獣。その巨体に 貯めこまれた大地のチカラを 自在に操る。,時の果ての世界で ただひとりキミが夢見た未来を 歌えば奇跡だって 信じられるさ♪きっとずっとフォーエバー……。,1033.webp
1034,深淵魚キュラス,よるのとばり,人魚の涙,邪悪なる意志によって遣わされ巫女フィナに災いを与えた。オツムは残念だが意外にも強大な魔法を使いこなす。,深海にすむ魔物たちの間でもゴロッキとして名高い。自慢のリーゼントヒレは好物のウニ色に染めたらしい。,1034.webp
1035,邪菌ピロリアン,どくどくヘドロ,ナイトメアリーフ,ブオーンの胃の中で誕生した悪玉菌が元気に育った姿。おうえんで仲間をはげまし毒マヒ呪いをまきちらす。,ピロリとはピロリアンの言葉で「友達」という意味を持つ。毒やマヒは彼らの贈り物。愛を込めて群がってくるのだ。,1035.webp
1036,水魔ヴァーテル,,,天水の聖塔の最奥部に現れた最後の試練の番人。ウェディの神マリーヌが配したものらしい。,領界の生みだす水のチカラを体内にためこんでいる。試練に挑む者が現れたときそれを一気に解放するのだ。,1036.webp
1037,神獣カシャル,,,水の領界を治める巫女フィナが秘めていた真の姿。マリーヌ神の眷属たるチカラが解放者の行く手をはばむ。,普段はやさしい海の守護者だがカシャルが怒りし時 その身はあまたの群れとなりて敵を滅ぼすという伝承がある。,1037.webp
1038,森羅蛮獣,,,足の速さが自慢の魔獣。世界を駆け 荒しまわった。馬のような姿をしているが本当の姿は別にあるという。,自在に姿を変えられるが馬の姿がいちばん速く走れる。銅鏡から出ることはできないが毎日の走り込みは欠かさない。,1038.webp
1039,巨竜樹タツノギ,,,神獣アマカムシカの従者。チーズが大好きで葉の中にたくさん隠し持っているが賞味期限は気にしないらしい。,背中の樹木の葉が赤いのは紅葉しているのではなく熱き血潮が流れているからよ。わかったか こわっぱめ！,1039.webp
1040,激情の竜エステラ,,,神官エステラの竜化した姿。暴走状態におちいっており美しい姿とは うらはらにおそろしく暴風をあやつる。,はじめて竜化したときはもっとゴツい姿だったのだが血のにじむような修行を重ね見事シェイプアップに成功。,1040.webp
1041,剣士ヒューザ,,,アンルシアを捕らえようと敵意をあらわにしたヒューザ。いったい 彼の身に何が あったのだろうか……。,オレは ここで何をしている？なぜ あいつに剣を向けた？鈴の音がアタマにひびく。チリン……チリリン……。,1041.webp
1042,嵐魔ウェンリル,,,翠嵐の聖塔の最奥部に現れた最後の試練の番人。エルフの神エルドナが配したものらしい。,領界の生みだす嵐のチカラを体内にためこんでいる。試練に挑む者が現れたときそれを一気に解放するのだ。,1042.webp
1043,黒蛇鬼アクラガレナ,,,神官長に託された黒色の呪符でトビアスが召喚した切り札。複数のアタマを使った攻撃はとぎれることがない。,ナダイアが彼に与えた命令は解放の間にいる すべての者を抹殺せよ！というものだったが残念ながら果たせず終わった。,1043.webp
1044,獄炎鬼アグニース,,,業炎の聖塔の守護者が邪悪なる意志によって操られ神の器を探す解放者の前にふたたび立ちはだかった。,炎の神ガズバランの加護を失い邪念に囚われ 暴走した守護者を 解き放ったのは解放者と呼ばれた者だった。,1044.webp
1045,獄氷鬼フィルグレア,,,氷晶の聖塔の守護者が邪悪なる意志によって操られ神の器を探す解放者の前にふたたび立ちはだかった。,花の神ピナヘトの加護を失い邪念に囚われ 暴走した守護者を 解き放ったのは解放者と呼ばれた者だった。,1045.webp
1046,獄闇鬼ティトス,,,冥闇の聖塔の守護者が邪悪なる意志によって操られ神の器を探す解放者の前にふたたび立ちはだかった。,土の神ワギの加護を失い邪念に囚われ 暴走した守護者を 解き放ったのは解放者と呼ばれた者だった。,1046.webp
1047,獄水鬼ヴァーテル,,,天水の聖塔の守護者が邪悪なる意志によって操られ神の器を探す解放者の前にふたたび立ちはだかった。,水の神マリーヌの加護を失い邪念に囚われ 暴走した守護者を 解き放ったのは解放者と呼ばれた者だった。,1047.webp
1048,獄嵐鬼ウェンリル,,,翠嵐の聖塔の守護者が邪悪なる意志によって操られ神の器を探す解放者の前にふたたび立ちはだかった。,風の神エルドナの加護を失い邪念に囚われ 暴走した守護者を 解き放ったのは解放者と呼ばれた者だった。,1048.webp
1049,暴竜ドマノ,,,ナドラガ大神殿の地下で看守を務めていたドマノが竜化した姿。彼のブレスは様々な拷問に利用された。,アペカの村からエジャルナへ出稼ぎに行く道で魔物に襲われ仲間にも見捨てられた彼を助けたのはアンテロだった。,1049.webp
1050,暴竜ロマニ,,,ナドラガ大神殿の地下で看守を務めていたロマニが竜化した姿。処刑用のオノを大胆に扱う。,かつては井戸掘りという炎の領界で最も危険な仕事に就いていたがナダイアに救われ直属の部下となった。,1050.webp
1051,逆乱の竜ナダイア,,,邪悪なる意志を名乗るナダイアが竜化した姿。ただひとつの信念がひとりの竜族をここまで強くしたのだ。,弟アンテロを異世界へ送ることは苦渋の決断だった。帰らなかった弟を思うたび彼の悔恨と覚悟は強くなった。,1051.webp
1052,邪竜教祖オルストフ,,,総主教オルストフが竜神の一片である正体を現したおぞましい姿。体内に魔瘴毒を宿している。,ナドラガ神の復活をとげるため気の遠くなるような長い年月竜の民にまじり生きてきた。彼を親と呼ぶ者も大勢いる。,1052.webp
1053,虚空の神ナドラガ,,,創世の女神が生みだした七柱の種族神の長兄。魔瘴を取り込んだことで異形と化した その現身の姿。,かつて空の神と呼ばれた彼が今 虚空の神を名乗るのは母とも兄弟とも道をたがえた孤独な心の現れかもしれない。,1053.webp
1054,邪竜神ナドラガ,,,神たる者はその意思の在り様がそのまま外見に現れるという。巨竜も人型も邪竜の姿もすべてナドラガの意思の発現なのだ。,母なるルティアナの消失が竜神の……そして竜族の悲劇の始まりだった。創世の女神はなにゆえ姿を消したのだろう？,1054.webp
1055,スライムエネルゴン,ホワイトパール,スライムおしゃれ花,紫のほこらに突如現れた美しく光り輝くスライム。謎のエナジーに満ちておりやる気じゅうぶんのようだ。,育みの大地で暮らしていた彼。ちょっと海水浴でもしようとスレア海岸に出かけたときにエナジーのトリコとなった。,1055.webp
1056,異形獣,みがきずな,パープルアイ,突如現れた正体不明の怪物。巨体に似合わぬ機敏さを誇りツノから精神エネルギーを奪う怪光線を放つ。,辺境警備隊のラゴウ隊長により異形獣と命名されたが本当の名前は別にあるらしい。果たしてその正体は……？,1056.webp
1057,フローラルダンディ,,,ラウラリエの丘に広がる花園をナワバリにする乱暴者。強烈なブレスで 花園を荒らすマナーのない敵をこらしめる。,こう見えて割と平和主義者。シャンテの歌声にホレ込んで子守唄を歌ってもらう代わりに花のみつを分け与えていた。,1057.webp
1058,強化異形獣・狂,,,指針監督官ベルマが使役する強化された新種の異形獣。体格が大きく 戦闘能力が大幅に向上している。,特定の主人の命令を聞くよう調整されていたがシャンテの歌声はその設定を打ち消す特別なチカラがあるようだ。,1058.webp
1059,スパーキー,さえずりのみつ,いかずちのたま,黄金の体毛を風になびかせせっせと光り物を集める本能に忠実なトリ。目的のため時には凶暴になることも。,狙ったエモノは逃さない！集めた光り物は100をこえ巣に持ちかえってはひたすら ながめるのが日課。,1059.webp
1060,ポーン,ひかりの石,せいれいせき,メレアーデが チェス盤の上であやつるポーンのコマ。キングを守るために 一生懸命歩を進める けなげな雑兵。,着実に前進し 最後に化ける大器晩成のポーンのコマはクオードのお気に入り。大切にしすぎるのはご愛嬌。,1060.webp
1061,ナイト,ひかりの石,せいれいせき,メレアーデが チェス盤の上であやつるナイトのコマ。対戦相手にボミオスをかけて踏みつける 傍若無人なやつ。,戦場を自由に跳ね回り奇襲を仕掛けるナイトのコマはメレアーデのお気に入り。よくチェックメイトを決める。,1061.webp
1062,キング,ひかりの石,せいれいせき,メレアーデが チェス盤の上であやつるキングのコマ。バギムーチョやマヒャドデスで相手の陣地を荒らしまわる。,キングの守りを固めずについ攻めてしまうためクオードのチェスは弱い。姉との対戦の勝率は3割以下。,1062.webp
1063,影魔レイミリア,,,あでやかな微笑に冷酷さをにじませて 襲いかかってくる謎多き妖女。空中に浮かぶ球をあやつって 攻撃してくる。,謎の幻灯機に宿り 幻影を見せていた。王立アルケミアにくわしい者はレイ ミリアという名に聞き覚えがあるとか……。,1063.webp
1064,ヘルゲゴーグ・烈,みがきずな,レッドアイ,異形獣と呼ばれる怪物はすべて正しくはヘルゲゴーグである。その中でもこいつは特に強化された最上位種に当たる。,ヘルゲゴーグの名付け親はヨンゲ所長だが 彼からすれば異形獣などという呼ばれ方は非常に不本意だっただろう。,1064.webp
1065,自動人形ドミネウス,,,ドミネウス王に化けていた人形が処刑失敗時の混乱の中正体を現した。額の紋章は王家に伝わる秘宝の証。,本体は かなり大柄だが使用者の体格に合わせて自在にサイズを変更できるアジャスト機能を搭載する。,1065.webp
1066,時獄のドミネウス,,,滅びの回避を目的とするドミネウス王が 時見の箱に集めたチカラをその身に宿して変貌をとげた姿。,時獄とは時と時の狭間にあるこの世界から切り離された不思議な空間のことらしい。そこには何があるのだろうか？,1066.webp
1067,魔人王ドミネウス,,,追い詰められたドミネウス王が時見の箱からチカラを引き出し自らを魔物に変化させた姿。人間を超えた異能を発揮する。,なぜ時渡りのチカラによって人が怪物化するのか？ そこにこの謎の能力の正体を解明する糸口があるのかも知れない。,1067.webp
1068,魔獣ネロスゴーグ,,,突然 グランゼドーラ上空より勇者の橋に出現した謎の魔獣。終焉の繭との関係もその正体も 謎に包まれている。,叡智の冠が チカラ尽きたとき四重の封空は 破られ魔獣ネロスゴーグは ふたたび虚空より 現れるだろう。,1068.webp
1069,猛将ギーグハンマー,,,魔軍十二将 滅殺隊長として不死の魔王に仕え古グランゼドーラ城下町を配下とともに 襲撃した。,ある魔軍十二将の 入れ知恵で勇者と盟友が 留守と知りグランゼドーラ王国を襲撃したらしい。,1069.webp
1070,知将ジャミラス,,,魔軍十二将 参謀総長として不死の魔王ネロドスに仕え禁忌の秘術を 葬り去るため人間に化け 城に潜入した。,盟友カミルの名誉を けがし禁忌の秘術を 葬り去るという企みは おさなき姫君の勇気によって 打ち砕かれた。,1070.webp
1071,邪将トロルバッコス,,,魔軍十二将 侍従長として不死の魔王ネロドスに仕え勇者と盟友を もてなすためとびきりの戦いを 用意した。,魔軍十二将の 品格をけがす振る舞いをする者を 許さず死をもって つぐなわせるためみなに 恐れられている。,1071.webp
1072,幻将ハヌマーン,,,魔軍十二将 奇兵隊長として不死の魔王ネロドスに仕え勇者アルヴァンひきいるグランゼドーラ軍を破った。,グランゼドーラ軍の 大半を滅ぼしたが 勇者アルヴァンの剣に敗れた。不死の魔王のチカラにより よみがえった。,1072.webp
1073,獣将キングレオ,,,魔軍十二将 獣魔軍隊長として不死の魔王ネロドスに仕え1000年前の アラハギーロ王国を襲い 都を炎に包んだ。,勇者アルヴァンと盟友カミルに倒された後 不死の魔王のチカラで よみがえり 雪辱を果たさんと 立ちはだかった。,1073.webp
1074,暴将黒竜丸,,,魔軍十二将 遊撃隊長として不死の魔王ネロドスに仕え逃げまどう民を 空より襲いおさなき赤子まで 殺した。,勇者と盟友だけを 脅威とし叡智の冠を あなどったため敗北を喫したが 不死の魔王のチカラにより よみがえった。,1074.webp
1075,竜将ドラゴンガイア,,,魔軍十二将 竜軍隊長として不死の魔王ネロドスに仕え盟友カミルひきいる飛竜の軍勢に痛撃を与えた。,誇り高き竜で ありながら人に従う飛竜を憎み 戦ったが敗北し 不死の魔王のチカラでふたたび よみがえった。,1075.webp
1076,楽将バトルシェイカ,,,魔軍十二将 支援隊長として不死の魔王ネロドスに仕え魔王軍兵士の士気高揚に大いに 貢献した。,1000年前の 破邪舟師におびきだされ 叡智の冠たちに倒された後 不死の魔王によりふたたび よみがえった。,1076.webp
1077,凶将バリクナジャ,,,魔軍十二将 特選軍隊長として不死の魔王ネロドスに仕え1000年前の ダーマ神殿に甚大な被害を与えた。,勇者アルヴァンに 倒された後不死の魔王ネロドスのチカラでよみがえり 不死の魔王城にてふたたび 立ちはだかった。,1077.webp
1078,不死の魔王ネロドス,,,魔軍十二将をはじめとする不死の軍勢は 魔王ネロドスに一度 命を奪われ そののちに不死のチカラを 与えられた。,勇者を倒したあかつきにはおのれの 不死のチカラを与え下僕としてよみがえらせようと目論んでいたという。,1078.webp
1079,無限獣ネロスゴーグ,,,不死の魔王ネロドスの魔力その不死のチカラによりよみがえり あらたな姿とさらなる強さを 手に入れた。,不死のチカラで再生するたびただ強くなるだけでなく思考や性格も魔王ネロドスに近づいていったようだ。,1079.webp
1080,鬼人兵,てっこうせき,レッドアイ,ゾンガロンの光を浴びて人の心を失い獣の姿になったドランド兵団の兵士たち。群れとなり襲いかかってくる。,国を守りたい想いだけが残り決して盾を手放すことはない。じつはシールドオーガたちの祖先ではないかとの説もある。,1080.webp
1081,狂鬼ドランド公,げんこつダケ,炎魔の焼け石,かつてドランド王国を治めた轟雷王の成れの果て。気性の激しさは変わらず嵐のごとき轟雷波を放つ。,かつて雷食い鳥と呼ばれる巨大な肉食恐竜を食らい雷をあやつるチカラを手に入れたという逸話がある。,1081.webp
1082,原獣プレゴーグ,みがきずな,パープルアイ,黒衣の剣士がグレン城に放った元気いっぱいの魔獣の幼体。特徴である額の黄色い宝石からマインドドレインを放つ。,大きな眼はエリート魔獣の証。生まれたてながら その強さは上級ヘルゲゴーグを上回る。将来性バツグンの幼体なのだ。,1082.webp
1083,悪鬼ゾンガロン,,,オーガを憎む邪神にすがりチカラと引き換えに心を失ったオルセコ王国の先王の末路。人を獣に変える光を放つ。,ゾンガロンの圧倒的な意思に支配されている状態だが先王ゾルトグリンの魂は今もゾンガロンに抗い続けている。,1083.webp
1084,喪心獣ゾンテドール,,,ゾンガロンが自ら喰らった魔獣に身体を乗っ取られた姿。ゾンガロンの技と魔獣の能力の双方を巧みにくり出してくる。,伝えられた戦の舞によって悪鬼ゾンガロンに宿るゾルトグリンの心が目覚め人を獣となす技を封じ込めた。,1084.webp
1085,古代ウルベア魔神兵,,,ウルベア地下帝国の遺跡を守る古代の戦闘兵器。侵入者の生体反応が完全消失するまで冷酷無比に戦い続ける。,一見 どれも同じに見えるが各機体の足の裏に それぞれ06や07から始まる識別番号が刻まれている。,1085.webp
1086,魔神兵ゼェード,,,超攻撃型のウルベア魔神兵。ケタ違いのパワーと火力を持ち遠隔式ビーム砲で攻撃対象を四方八方からハチの巣にする。,帝国技術庁が極秘裏に開発した地脈エネルギーで動く魔神兵。試作型なので番号ではなくゼェードと 愛称で呼ばれる。,1086.webp
1087,ウルベア大魔神,,,悠久の時を越え 流砂の底からよみがえった伝説の巨大兵器。嵐を起こし 両手をたたきつけ標的をバラバラに粉砕する。,人工知能は搭載されていないが胸部にある地脈の結晶にパドレが魔獣を取りつかせ意のままにあやつっている。,1087.webp
1088,黒衣の剣士パドレ,,,古代エテーネ王国の王族にして天才的な時渡りの使い手。アストルティアの歴史に干渉し何事かを企んでいるようだ。,類まれな才能を持ちながら以前は時見や時渡りに対し懐疑的だった。そんな所も兄から疎まれる一因である。,1088.webp
1089,ペコリア・アルファ,,,ペコリア・アルファはバイキルトで攻撃力を強化しテイルフィニッシュを放つ近距離アタッカー型。,管理コンピューター・ペコリアその機能は多岐にわたり侵入者排除や反乱鎮圧のための戦闘能力も搭載されている。,1089.webp
1090,ペコリア・オメガ,,,ペコリア・オメガはあやしいひとみで敵を眠らせいなずまを落としてくる遠距離サポート型。,管理コンピューター・ペコリア全個体はひとつの意識を共有し宇宙船アルウェーンの航行から日常業務まで受け持つという。,1090.webp
1091,パルミオ2世,,,無限動力炉の基礎となった増殖獣の細胞はチカラとともにその邪悪な思念をも複製体C141に植えつけた。,培養液の中でまどろんでいた複製体C141が初めて見た光景は 創造主バルミオが新発見を喜ぶ姿だったという。,1091.webp
1092,増殖獣バイロゴーグ,,,知理の石版により増殖能力は封じられたが キガマホトラで敵からMPを奪い 強烈な技を無限に浴びせてくるのだ。,地底に眠る魔瘴エネルギーを吸収し 無限に増殖させて終焉の繭へと捧げることがこの魔獣に課せられた使命。,1092.webp
1093,時見の箱,,,パドレの囚われし心に巣食う幻影。宿主の憎しみと恐怖を増幅させて 理性と情愛を塗りつぶし消し去ろうとする。,本物の時見の箱はエテーネルキューブと同様時渡りを制御するチカラでパドレの時渡りを助けていた。,1093.webp
1094,メガロダイン,大きなこうら,ドラゴンのツノ,ヨンゲ所長が錬金で生みだした魔法生物。巨体を利用した地面揺らしや 回転攻撃であらゆるものを破壊する。,ヨンゲ所長のもとを去ったのはエサがマズかったかららしい。大地の底で 地脈エネルギーを味わったときは歓喜に震えた。,1094.webp
1095,黄金獣アルムゴーグ,,,キュロノスにより近接戦闘に重きを置いて強化された最強の異形獣。ツインクローは鋼鉄をも紙のように切り裂く。,ロムドゴーグへの対抗心からか凶暴さを見せつけるような戦いをする。2体を競わせるキュロノスの狙いは成功した。,1095.webp
1096,白銀獣ロムドゴーグ,,,キュロノスにより遠隔攻撃に重きを置いて強化された異形獣。レーザーミサイルで複数の標的を せん滅する。,アルムゴーグの対抗心を刺激するために生みだされた。相棒の感情を逆なですることに無上の喜びを感じている。,1096.webp
1097,黄金のバディンド,おうごんのかけら,きんかい,黄金の釜で処刑されたはずのバディンドが秘術により黄金の身体を得て復活。心まで魔物に染まってしまった。,かつて悪逆の限りを尽くし法と権力に逆らった大悪党もキュロノスによって調整され従順なコマへと成り果てた。,1097.webp
1098,迷える盟友,あやかしそう,よるのとばり,時空の狭間に存在する 無数の可能性を束ねて生み出された迷える勇者に殉じ みずから魔王のしもべと なりし姿。,迷える勇者に従ってグランゼドーラを滅ぼした盟友は かつて己が救いし数々の国へと出征したという。,1098.webp
1099,迷える勇者,あやかしそう,よるのとばり,時空の狭間に存在する 無数の可能性を束ねて生み出された不死の魔王ネロドスに倒されしもべとして よみがえりし姿。,不死の魔王ネロドスと共にグランゼドーラへ帰還した勇者は またたく間に故郷の城を滅ぼしたという。,1099.webp
1100,狂える王子,あやかしそう,よるのとばり,時空の狭間に存在する 無数の可能性を束ねて生み出された戦禍の邪神に魅入られて魂を失い 獣同然となりし姿。,王子だった獣はオルセコ王国を鬼人の国に堕とすと そのままゾンガロンと戦い 大陸全土を戦火で焼き尽くしたという。,1100.webp
1101,怒れる魔神,あやかしそう,よるのとばり,時空の狭間に存在する 無数の可能性を束ねて生み出された怒れる老匠にすべてをゆだねて破壊兵器と成り果てし姿。,悪夢の新兵器たる魔神はウルベア地下帝国の全住民を滅ぼし尽くすと機能を停止し安息の時を迎えたという。,1101.webp
1102,怒れる老匠,あやかしそう,よるのとばり,時空の狭間に存在する 無数の可能性を束ねて生み出されたウルベア地下帝国への憎しみに囚われ 復讐鬼となりし姿。,憎きグルヤンラシュを討ち果たすため 怒れる老匠は悪夢の新兵器を生み出してウルベアを滅ぼしたという。,1102.webp
1103,堕ちた剣聖,あやかしそう,よるのとばり,時空の狭間に存在する 無数の可能性を束ねて生み出された時見の箱の魔眼と成り果てかつての主に 剣を向けし姿。,時見の箱が命じるままに主を討った後 堕ちた剣聖は血にぬれた双刀をたずさえてどこへともなく消えたという。,1103.webp
1104,悪鬼なる王,あやかしそう,よるのとばり,時空の狭間に存在する 無数の可能性を束ねて生み出されたかなわぬ帰郷に 世界を呪い暴虐なる悪鬼と成り果てし姿。,古代ドワチャッカ大陸から地脈エネルギーを奪いつくしすべてを灰燼に帰したあと悪鬼は高らかに笑ったという。,1104.webp
1105,時獄獣キュロノス,,,発展強化型ヘルゲゴーグ4体のすべての能力を取り込んで完成した究極の魔法生物にして肉体を持たぬキュロノスの器。,4体のヘルゲゴーグの孵化に必要となる莫大なエネルギーは竜神の心臓により賄われた。そこに宿る魔瘴と共に……。,1105.webp
1106,時元神キュロノス,,,時獄獣の肉体を滅ぼすことで自身の能力に最適化した形態に構成しなおすことこそがキュロノスの真の狙いだった。,時元神に進化したキュロノスは肉体の制約に縛られることなく時渡りのチカラを自在に使う神にも等しい存在へと至った。,1106.webp
1107,旅芸人ピュージュ,,,魔界の門を開くために人々を争わせ 戦禍のタネを集めていた正体不明の道化師。無数の分身体が存在する。,数人集まれば 遊びが始まる。最近のお気に入りの遊びはメラゾーマドッジボール。先に消し炭になった方が負け。,1107.webp
1108,湖の魔獣ボルゲルグ,まじゅうの皮,まじゅうのツノ,ベルヴァイン湖のほとりに住み着いた 荒れ狂った魔獣。魔瘴の影響で我を失っており見境なく誰にでも襲いかかる。,じつは 銀翼竜の美しさに引き寄せられて湖へ来た。しつこく銀翼竜を攻撃するのはあこがれの裏返しなのである。,1108.webp
1109,レイジバルス,よごれたほうたい,げんませき,激怒したアスバルが持ち前の魔力で召喚したかつてゼクレスに敵対し封印された邪悪な巨人。,ゼクレス王家の始祖に封印され以来使い魔として扱われる。王族の中でも 強大な魔力を持つ者だけが使役できる。,1109.webp
1110,キラーホイール,デモニウム鉱石,暗夜の魔石,鉱山発掘用に作られた重機が戦闘用に改造されたもの。ブラニック採石場はほとんどこいつ1体で掘り抜いた。,バルディスタ要塞では意外にも戦闘や開墾の負担を減らすため機械化にチカラを入れており技術研究に余念がないらしい。,1110.webp
1111,狂信者ヤイル,,,バルディスタ軍の若き将校ヤイルが秘術で変身した姿。この術と不断の努力によって彼は軍高官にまで上り詰めた。,太古から変化の秘術を伝えるある氏族の出身だったヤイル。氏族はすでに滅びたが術はかろうじて受け継がれていた。,1111.webp
1112,シシカバブ団長,まじゅうの皮,激震のキバ,ファラザードを荒らす盗賊集団シシカバブ団の団長。ヤンチャな子分を引き連れてチカラまかせに武器を振るう。,独特のしゃべり方をからかわれ怒って暴れるうち嫌われ者に。故郷を追われ盗賊になった今も心に深いキズが刻まれている。,1112.webp
1113,呪われたシシカバブ,まじゅうの皮,激震のキバ,エルガドーラの呪いによって限界を超えたチカラを発揮しユシュカを倒すまで戦い続ける復讐鬼と変わり果てた姿。,本当は ずっと夢に見ていた。誰かに 必要とされることを。ただ 言ってほしかったお前がいてくれてよかったと。,1113.webp
1114,デモンズゲイト,幻獣の皮,暗夜の魔石,数々の試練の果てに待ち受けるデモンズクラウンの門番。大魔王候補者の数だけ分身して等しく試練を与えるという。,魔仙卿の魔力の限り復活する。大魔王選出が終わると暇なのでスッテンテンの姿に戻ってふもとの集落に現れるとか。,1114.webp
1115,魔王ユシュカ,,,血の契約を交わした ふたりが大魔王の座をかけて対決する。ゆずれない思いを抱く者同士最後に勝つのはどちらか？,隊商の傭兵から剣技を教わり縁の深い亡国で戦術をみがいたユシュカ独自の戦闘スタイルは己の思想を体現している。,1115.webp
1116,闇の根源の幻影,,,漆黒の騎士の姿で現れた大いなる闇の根源の末端。自らの魔瘴を打ち払うために超えなければならない試練だ。,大いなる闇が問いかける。生まれた時代を 真の姿を殺した敵を 魂の在りかを。その真意は計り知れない。,1116.webp
1117,魔瘴竜ジャオマンダ,ドラゴンの皮,激震のキバ,大いなる闇の根源より生まれた魔瘴魂と呼ばれる魔物の1匹。マデサゴーラの芸術のため絵画に封印されてしまった。,共に封じられた魔物たちを食べ成長し 半身が出られた。封印を解こうと覇印を食ったが役には立たなかったようだ。,1117.webp
1118,ゾブリス将軍,よごれたほうたい,げんませき,残虐な策略でネクロデアを滅ぼしたバルディスタの将軍。絶望に沈んだ魔族の目玉を結晶化させた魔瘴をあやつる。,虐げられて醜くゆがんだ少女は魔術で理想の姿に変じた後美しいものをけがすことで復讐を果たす快感におぼれた。,1118.webp
1119,カーボーン将軍,,,4本の武器をはげしく振るいバルディスタに害なす敵を冷酷に切り裂く武人。マットな質感の暗黒肌が自慢。,バルディスタの処刑執行人を担っていたが ヴァレリア自ら手を下しがちで仕事がないためベルトロ判断で配置換えした。,1119.webp
1120,太古の魔人,,,ミアラの宝杖の魔力によって凶暴な魔人と化したアスバル。閃光を放つ額の宝玉は封じたが壮絶な破壊衝動は止まらない。,太古の昔 当時のゼクレス王が禁呪に手を染め魔人と化した。ミアラ妃は命を代償に杖を作り宝玉に夫を封印したという。,1120.webp
1121,タリスマンの守護者,よごれたほうたい,たそがれゴケ,朽ちた霊廟を訪れし者のうち知恵とチカラを兼ね備え志ある魔族にのみ 秘術の宿るタリスマンを与えるという。,ひとりの弟子も取らずいかなる魔王にも仕えずにひたすら魔術の道を探求せし孤高なる魔道士の成れの果て。,1121.webp
1122,魔瘴魂オジャロス,ガマのあぶら,げんませき,数百年もの間 かぶり続けた良き叔父という仮面をかなぐり捨て 邪悪なる本性をあらわにしたオジャロスの姿。,前王イーヴと姉エルガドーラの婚礼の日 一対の人形のように美しいふたりを目にしたとき復讐を決意したという。,1122.webp
1123,ギャノン弟,ゴールドストーン,きんかい,敵味方関係なく襲いかかる残虐さゆえ ヴァレリアによりバルディスタから追放された無法者兄弟の弟分。,他人は見境なく手にかけるが兄弟仲は非常に良好。兄の誕生日には強奪した金で毎年 盛大な宴を催すという。,1123.webp
1124,魔王ヴァレリア,,,数多の戦場を駆け抜け 国を興すまでに上りつめた魔王。その武力は魔界最強と名高く一閃で騎馬の群れもなぎ払う。,その美貌からファンも多く何度も交際を申し込んでは返り討ちになっている者多数。彼女の婿取りはあり得るのか？,1124.webp
1125,魔瘴魂グウィネーロ,,,魔仙卿が召喚した魔瘴をまき散らす邪霊。余りに濃密なその魔気は意思を持って動きだす。,かつて大いなる闇の根源からはがれおちた皮ふの欠片に命が宿り グウィネーロと呼ばれるようになった。,1125.webp
1126,巨大魔瘴魂,,,ジャディンの園の地下より噴出した魔瘴が意思を持ちおそるべき魔物の姿となって大魔王の前に立ちはだかる。,魔瘴によって失われた命を取り込み 己のチカラに変えて巨大化する邪悪な魂。自己の強化に余念がない。,1126.webp
1127,邪神ダビヤガ,,,七柱の種族神に対抗するため異界滅神ジャゴヌバが己の暴虐なる闘争心より生み出した破壊と殺りくを好む邪神。,本来は竜族の神ナドラガを倒すために生み出されたが当のナドラガが闇落ちしたので祖神の護衛に役割を変えた。,1127.webp
1128,土の祠の守護者,ドワチャカオイル,グリーンオーブ,カルサドラ火山の女神の祠にて光の神装を守護する番人。イルーシャの女神の依代たる資質を試すために戦った。,種族神 土の神ワギが神話の時代に生みだした。実体や意識を持たず試練の時だけ姿を顕現させる。,1128.webp
1129,花の祠の守護者,,,けがれの谷の女神の祠にて光の神装を守護する番人。イルーシャの女神の依代たる資質を試すために戦った。,種族神 花の神ピナヘトが神話の時代に生みだした。作られて以来 稼働するのは今回が初めてであった。,1129.webp
1130,水の祠の守護者,ウェナールシェル,ブルーオーブ,シエラ巡礼地の女神の祠にて光の神装を守護する番人。イルーシャの女神の依代たる資質を試すために戦った。,種族神 水の神マリーヌが神話の時代に生みだした。封じられた邪神のチカラを抑制する役割も持つという。,1130.webp
1131,風の祠の守護者,,,呪われた大地の女神の祠にて光の神装を守護する番人。イルーシャの女神の依代たる資質を試すために戦った。,種族神 風の神エルドナが神話の時代に生みだした。守護者の姿は種族神たちの好みが反映されているらしい。,1131.webp
1132,邪神ヤファギル戒,,,ジャゴヌバの心から生まれた禁忌を司る邪神。ルファ神殿の道を閉ざし妨害してきた。カラスの仮面を被っている。,ヤファギルが封じられた地はその怨念によって汚染され禁忌として畏れられる呪われた大地となった。,1132.webp
1133,邪神ヤファギル断,,,ジャゴヌバの心から生まれた禁忌を司る邪神。ルファ神殿の道を閉ざし妨害してきた。シギの仮面を被っている。,結界や封印など敵の行動を妨害する能力に特化した邪神。三体分身の術はとっておきでつい自慢せずにはいられない。,1133.webp
1134,邪神ヤファギル封,,,ジャゴヌバの心から生まれた禁忌を司る邪神。ルファ神殿の道を閉ざし妨害してきた。ニワトリの仮面を被っている。,エルフの神エルドナを倒すために生み出されたがエルドナとルティアナの共闘によって あえなく封印された。,1134.webp
1135,邪神ピュージュ,,,ジャゴヌバの心から生まれたすべてを嘲弄する道化の邪神。無数の分身体が集合すると真のチカラを 発揮できる。,プクリポの神ピナヘトを倒すために生み出されたがお互い真っ向勝負は性に合わず化かし合いに終始したらしい。,1135.webp
1136,邪神ヴァニタトス,幻獣のホネ,おぼろ水晶,異界滅神ジャゴヌバの虚無なる心から生まれた邪神。女神の魂を喰らい その存在を世界から忘却させようとした。,人間の神グランゼニスに対抗し生みだされたこと以外は忘却の彼方に消え去ったようにすべてが謎に包まれている。,1136.webp
1137,魔瘴魂ゼノドラゴン,,,覚醒したジャゴヌバの命令でザハディガル岩峰の魔瘴塚にとりついて魔瘴を放出しているドラゴンの姿をした魔瘴魂。,魔瘴塚の内部は魔界の地底まで伸びる長い管になっていて周囲の地盤から魔瘴をくみ上げ大魔瘴期を深刻化させている。,1137.webp
1138,激憤の魔瘴竜,,,闇の根源の秘密に通じる魔仙卿を追い詰めるために放たれた魔瘴魂。無尽の怒りが凶悪な竜の姿で襲いかかる。,なぜ魔瘴が生まれたのか？なぜ魔瘴が意思を持ったのか？その答えは 闇の根源が潜む魔界の地の底に眠っている。,1138.webp
1139,闇の根源の呪縛,,,黄金の鎧の騎士の姿で現れた大いなる闇の根源の末端。血の鎖で縛られた契約を破り大切な家族をその手で救え！,大いなる闇は 満足げに笑う。おそろしきものに成り果てたその者を家族だと言う貴様こそ真に おそろしきものだと。,1139.webp
1140,起源獣ガルドドン,,,神話時代から闇の眷属としてジャゴヌバに仕える古代魔族。魔祖ガルドが外法を用いて剛勇たる異形と化した姿。,アストルティアを憎む魔物を大勢集めて戦わせ 生き残った数名を外法を施すに足る優秀な素材として選抜した。,1140.webp
1141,起源将ジェルザーク,,,神話時代から闇の眷属としてジャゴヌバに仕える古代魔族。魔祖ザークが外法を用いて灼熱を宿す異形と化した姿。,責任者をわかりやすくするため魔祖の血族たちは それぞれに外法を施した魔祖の名前から一部をもらって名づけられた。,1141.webp
1142,起源魔スコルパイド,,,神話時代から闇の眷属としてジャゴヌバに仕える古代魔族。魔祖スコルが外法を用いて甲殻を持つ異形と化した姿。,かつて魔祖は7人いた。中でも紅一点の魔祖シュナは最凶の異形を生みだしたが代償に魂が消滅したという。,1142.webp
1143,起源鎧デルメゼ,,,神話時代から闇の眷属としてジャゴヌバに仕える古代魔族。魔祖メゼが外法を用いて迅雷を宿す異形と化した姿。,愛するシュナを失って以後メゼの心は急速に闇に侵食され妻の忘れ形見を守るのに執心しとうとう外法に手を染めた。,1143.webp
1144,大魔王ユシュカ,,,闇の根源のチカラをそそがれ支配欲におぼれた傲慢な邪竜。闇の魔力で魔剣アストロンの幻影を出現させ敵を斬り刻む。,大魔王になったら火を吹く竜に変身してヒゲも立派に伸びる！そう力説する赤毛の少年に呆れる幼なじみがいたとか。,1144.webp
1145,異界滅神ジャゴヌバ,,,大いなる闇の根源と呼ばれる全ての魔瘴を生みだせし存在。アストルティアに降りかかった数多の悲劇の元凶である。,神話の昔 はるか彼方より飛来したという未知の存在が女神のチカラを吸収して変異。異界滅神が誕生したという。,1145.webp
1146,絶対滅神ジャゴヌバ,,,女神の光さえ飲みくだしあまねくものを支配することで絶対の存在となった滅びの神。その闇の深淵は底知れない。,達したと思われた協調の真髄は真の協調の前に敗れ去った。神話時代からの悠久の戦いにかくして幕が下ろされた。,1146.webp
1147,暗黒の手,,,ジャゴヌバのどん欲な想念が具現化した求め欲するもの。大いなる闇の根源の象徴として様々な場面で暴れまわった。,大魔王選出の儀のときは求める者が魔族化していたためわずかに反応を示しつつも判別できなかったらしい。,1147.webp
1148,儀礼の評定者,,,戦士の儀礼場にて白灰の試練に挑む英雄を待ち受ける最後の関門として審判の天使が配備した精霊。,儀礼の評定者は挑む英雄にふさわしい強さに変化する。次なる英雄の前に現れしときいかなる姿と技を見せるのか？,1148.webp
1149,厄魔ポヴァディウス,,,世の金持ちという金持ちにはげしい恨みを抱く悪魔。憎悪の風を巻き起こし財産を根こそぎ奪っていく。,犠牲者を震えあがらせるため威厳のある話し方を一生懸命練習した。油断すると素が出るらしい。,1149.webp
1150,祭壇の狩人,しんせんたまご,ささやく枯れ葉,命脈の神殿の最奥にある祭壇で深翠の試練に挑むタマゴの資質を試す二体の神獣の一方。戦う時は常に二体で連携する。,じつは自らもタマゴ出身で祭壇の守人と同じタマゴから生まれた。ずっと一緒なのでひとりの時間がほしいらしい。,1150.webp
1151,祭壇の守人,しんせんたまご,ナイトメアリーフ,命脈の神殿の最奥にある祭壇で深翠の試練に挑むタマゴの資質を試す二体の神獣の一方。戦う時は常に二体で連携する。,じつは自らもタマゴ出身で試練に挑むタマゴを兄弟と感じ愛おしく思っている。とはいえ試練に私情は挟まない。,1151.webp
1152,暴走したコウリン,,,深翠の試練のタマゴから生まれた神獣だが何者かの企てにより悪しきチカラが暴走し我を失ってしまった。,ハクオウへの憧れの気持ちが裏返しとなって暴走しハクオウを執拗に狙う。だが本心ではお父さん大好き。,1152.webp
1153,ハングリーハンター,まじゅうの皮,激震のキバ,紺碧の試練場に生息する獰猛な魔物。常に腹ペコでナワバリに立ち入った者には容赦なく襲いかかる。,英雄の強さを重視するカンティス好みの魔物。彼のことは群れのリーダーと認識しており絶対服従。,1153.webp
1154,ホーリーキング,,,紺碧の試練の守り人をつとめる天星郷でも指折りの実力者。英雄たちの強さを試すため公明正大に勝負を挑む。,オフの日はスライムに分裂してカンティスの家で過ごす。よく夜ふかしやイタズラをして家主に怒られるヤンチャぶり。,1154.webp
1155,汚染源ヘドロヌーバ,,,何者かにより脈動する鉱石を埋め込まれケタ違いの強さを持つに至ったドロヌーバ。その時 身体の色も変化した。,きれいな水を汚染させることに無上の喜びを感じる迷惑者。通常ドロヌーバより水分豊富で日照りに強いのも小憎らしい。,1155.webp
1156,ラダ・ガート,,,神化の儀に臨み 神のチカラを手に入れたラダ・ガート。しかし その人格は悪に染まりすっかり ゆがんでいた……。,導きの天使の誘いに乗って英雄として試練に挑んだが天使たちの不遜な態度には終始 憤りを感じていた。,1156.webp
1157,悪神ラダ・ガート,,,神のチカラを使い異形の姿に変身したラダ・ガート。天使への反感が無限に増大して天星郷を滅ぼせと駆り立てる。,生前の悔恨を刺激し悪意を増幅させる黒い炎が燃え盛り理性の歯止めすら効かずラダ・ガートは屈服した……。,1157.webp
1158,悪神 三闘士,ドワチャカオイル,悲願の血涙,悪神の火種が過去の心の傷にとりつき 暴走した三闘士。民を想う気持ちがねじ曲げられ憤怒の神へと変化した。,カルサドラ火山の三闘士像は設計者が もっと大きく！強そうに！と暴走した結果あのデザインになったらしい。,1158.webp
1159,ハクオウ,,,悪神の火種が過去の心の傷にとりつき 暴走したハクオウ。悲しみに我を忘れ エルドナ大陸を 滅ぼそうとしている。,理性を失ったことで世界一とうたわれた剣技はさらに鋭さを増し 対峙するだけで背筋が凍る闘気を放つ。,1159.webp
1160,災厄の王の幻影,げんませき,暗夜の魔石,災厄の王との戦いで落命したハクオウがその絶望の記憶から生み出した幻影。執拗にハクオウを狙い つきまとう。,悪神となったハクオウのチカラで 本物の災厄の王よりさらに邪悪で強大な存在としてマガツカゼと共に蘇った。,1160.webp
1161,熱空の支配者,ゴールドストーン,きんかい,ケラコーナ原生林の空を支配する怪鳥。貴金属を好み巣に貯めこんでいる。侵入者はもちろん許さない。,お宝を期待して 頑丈な鉄箱を奪ったが開けられなかった。中身が歴史書だと知ったらさぞ落胆したことだろう。,1161.webp
1162,悪神リナーシェ,ウェナールシェル,悲願の血涙,始源の歌姫リナーシェが呪いにより悪神と化した姿。召喚して打ち放つのは かつて己の腹を貫いた婚約者の剣。,政略結婚の相手は聡明で情熱的な男だった。彼を信じ愛そうとした女は絶望の底にはいつくばって生涯を終えた。,1162.webp
1163,呪炎の傀儡,,,悪神の火種を取り込んだ審判の天使ヘルヴェル。姉と慕ってくる天使さえも無価値と断じ呪炎を燃やす。,英雄ではないヘルヴェルは呪炎を取り込んでも悪神となる素質を持たないため異形の怪物に成り果てた。,1163.webp
1164,勇者アシュレイ,レンダーシード,悲願の血涙,悪神の火種にとりつかれても暴走せず 逆にそのチカラを使いこなしたアシュレイ。神剣の一撃にも屈さなかった。,初代勇者として生まれ育ち大魔王ゴダを打倒するが同時に弟や師を失ったことが心に深い影を落としている。,1164.webp
1165,悪神アシュレイ,レンダーシード,悲願の血涙,初代勇者アシュレイが呪炎に飲み込まれて悪神と化した姿。レオーネに対する強い罪悪感が呪炎の侵食で暴走した。,ゼドラ王国の国王となったが反乱の火種を見過ごして国家分裂の危機を招くなど王としての資質に欠けていた。,1165.webp
1166,悪神の右手,,,中心核のエネルギーを奪うためレオーネにより生み出された。悪神の火種を埋め込まれ膨大なキャパシティを持つ。,吸収したエネルギーを蓄積し大爆発を起こす能力を持つ。その威力は神の秘宝さえも破壊してしまうほどだ。,1166.webp
1167,ジア・ルミナ,,,ジア・クト念晶体の先兵として現れた女性型の鉱物生命体。不遜な態度と奇妙な言葉遣いでただならぬ存在感を漂わせる。,大半のジア・クト念晶体が後天的に鉱物化するのに対し生粋のジア・クトのことは偉大なる原石と称される。,1167.webp
1168,パワーストーンマン,,,天使長ミトラーのチカラを取り込みパワーアップしたストーンマン。聖なる拳であらゆるものを粉砕する。,目立ちたいという彼の夢を天使のチカラでかなえたからか変身した姿は やたらと煌びやかでゴージャスだった。,1168.webp
1169,ジア・ロダ,,,銀色に輝く硬質なボディを持つ鉱物生命体ジア・クトの眷属。ジア・ルミナの命令を受けあまたの生命を粉砕してきた。,忠犬のように ジア・ルミナについて回り 命令にしたがうが当のジア・ルミナにとってはただの番犬に過ぎない。,1169.webp
1170,ジア・ルダ,,,黒色に輝く硬質なボディを持つ鉱物生命体ジア・クトの眷属。ジア・ルミナの命令を受けあまたの生命を粉砕してきた。,ジア・ロダとは共に行動しているようだが ジア・クトにつがいという意識があるのかは不明である。,1170.webp
1171,ジア・レオーネ,,,ジア・ルミナのコアを飲み込んだことで 完全なるジア・クト念晶体として生まれ変わった レオーネ。,人類にもジア・クトにも絶望し自身のチカラだけで すべてを無に帰するために誕生したレオーネの破壊衝動の化身。,1171.webp
1172,ジア・ルーベ,,,ジア・クト念晶体の幹部として現れた少女型の鉱物生命体。炎のように感情をたかぶらせ本能のままに敵を焼き尽くす。,ケノスの念晶体を削りとってサフィルと同時に創られた。同じ原石であるルミナよりも美しい欠片を素にしたという。,1172.webp
1173,ジア・サフィル,,,ジア・クト念晶体の幹部として現れた少年型の鉱物生命体。氷のように心を凍てつかせ冷酷無比に敵を責めさいなむ。,ジア・クトの奇妙な言葉遣いは思考法の違いによるらしい。サフィルは理性を失った時だけ言葉遣いが元に戻ってしまう。,1173.webp
1174,邪精霊マガツカゼ,,,創生のチカラが偏って生まれたよこしまな精霊。けがれた風をあやつって災いを引き起こし悪意をもって命を奪い去る。,ヤマカミヌ王国に吹き荒れた暴風マガツカゼも人の絶望が創生のチカラに作用して具現化したものだという。,1174.webp
1175,暁天竜ランビリズマ,,,混沌に息づく竜たちの闘争心に反応した創生のチカラが海の底に蓄積して生まれたとてつもなく凶暴なドラゴン。,あとほんの少し創生のチカラをたくわえたら大津波を起こして大地ごとドラゴン族を滅ぼしナドラガすら喰らう気だった。,1175.webp
1176,ジア・クルヴィダ,,,ケノスの手で念晶体の構造を作り変えられたジア・ルーベとジア・サフィルが結合した姿。炎と氷の合体技を華麗に放つ。,ふたりは王の愛であり叡智だとケノスに刻み付けられてきたが互いを大切に思う気持ちだけは誰の支配も受けていない。,1176.webp
1177,神授の判定者,,,創世の女神により生み出された試練をつかさどる聖なる獣。荒ぶるチカラを使いこなせるか否かを見極める役目を担う。,力量が基準に達していなければ鬼神のごとく戦い続ける。逆に力量があると認めれば即座に剣を収めるという。,1177.webp
1178,念晶巨人,,,ジア・クト念晶体が製造した創生のチカラを奪取するための超兵器。奪取したチカラは魔眼の月に伝送される。,ジア・クト念晶体原石の1体が念晶巨人をあやつっていた。操縦席は腹部を構成する核の奥深くに位置している。,1178.webp
1179,ジア・エイプ,,,ジア・クトの放つ結晶化の光に適応した シルバーデビル。元の魔物を はるかに凌駕する能力と凶暴性で 襲ってくる。,シルバーデビルからゴールドデビルになったとよろこんだが 与えられたのはジア・クトとしての名だった。,1179.webp
1180,ジア・ドラゴ,,,ジア・クトの放つ結晶化の光に適応した ドラゴンライダー。元の魔物を はるかに凌駕する能力と凶暴性で 襲ってくる。,愛竜から過酷なダイエットを迫られていたが念晶体となり体重の変化がなくなったためダイエットからも解放された。,1180.webp
1181,ジア・ゲイナス,,,ジア・クトの放つ結晶化の光に適応した セルゲイナス。元の魔物を はるかに凌駕する能力と凶暴性で 襲ってくる。,ナスビナーラから進化したとの風説を否定したいがため 己は生粋のジア・クトであるとのマインドセットに余念がない。,1181.webp
1182,ジア・ロック,,,爆撃の精度を上げるため知性を与えられた自律式の爆弾。その見た目は奇しくもばくだんいわに似ていた。,自爆により敵を道連れにすれば偉大なる原石として新生できると信じておりためらいなく命令に従う。,1182.webp
1183,いにしえの廃棄物,ときのすいしょう,炎魔の焼け石,大昔 天星郷の浮島が墜落しそのエネルギー源だった中心核から漏れ出た残滓がこり固まって魔物と化した。,今は廃棄物と呼ばれているがいつの日か超新星のごとく輝く日が来ると信じ こつこつエネルギーを蓄えていた。,1183.webp
1184,ラダ・ガートフェイク,,,これまでの英雄たちとの戦いで収集されたデータをもとにジア・ネブラによって生みだされた偽りの存在。,ラダ・ガートの圧倒的戦力を再現した赤の鉱石戦士。ジア・ネブラは強そうな敵を模造することを楽しんでいた。,1184.webp
1185,ハクオウフェイク,,,これまでの英雄たちとの戦いで収集されたデータをもとにジア・ネブラによって生みだされた偽りの存在。,ハクオウの卓越した剣技を再現した紫の鉱石戦士。その斬撃の鋭さは本物に勝るとも劣らないものだった。,1185.webp
1186,アシュレイフェイク,,,これまでの英雄たちとの戦いで収集されたデータをもとにジア・ネブラによって生みだされた偽りの存在。,アシュレイの勇者パワーを再現した緑の鉱石戦士。どうやらジア・ネブラは剣士を好む傾向があったらしい。,1186.webp
1187,レオーネフェイク,,,これまでの英雄たちとの戦いで収集されたデータをもとにジア・ネブラによって生みだされた偽りの存在。,レオーネの盟友パワーを再現した黄の鉱石戦士。ジア化した姿でなく人の姿を模造したのは悪意か憐れみか。,1187.webp
1188,ユーライザフェイク,,,これまでの英雄たちとの戦いで収集されたデータをもとにジア・ネブラによって生みだされた偽りの存在。,ユーライザの天使の輝きを再現した白の鉱石戦士。天使の翼を再現するのにはジア・ネブラも苦戦した模様。,1188.webp
1189,ジア・クトＸＸ,,,女性型のジア・クト念晶体。鍛錬を繰り返し 来光筒の光を浴びれば 偉大なる原石に進化できると信じている。,偉大なる原石か否かは誕生時に決定されるので鍛錬で進化できるというのはジア・ネブラの虚言である。,1189.webp
1190,ジア・クトＸＹ,,,男性型のジア・クト念晶体。鍛錬を繰り返し 来光筒の光を浴びれば 偉大なる原石に進化できると信じている。,偉大なる原石に進化するのはデマカセだが 来光筒の光を浴びることで日々の錬磨による損傷は完全回復している。,1190.webp
1191,ジア・ネブラ,,,魔眼の月の要塞司令官として侵入者の排除に尽力した。ケノスに次ぐ地位を利用し魔眼の月で権勢を誇っていた。,念晶巨人を破壊されたことを内心恨んでおり 英雄たちに復讐すべく 魔眼の月の内部に陰湿なワナを張り巡らせた。,1191.webp
1192,ジア・レド・ゲノス,,,魔眼の月の玉座に鎮座するジア・クト念晶体の首領。万象の王を自称し数多の世界を結晶化させ 侵略してきた。,ジア・クト念晶体という種族の存続を至上の命題としておりそのためにはあらゆる犠牲をいとわない鋼の精神の持ち主。,1192.webp
1193,ジア・メルド・ゲノス,,,ジア・レド・ゲノスがメルド結晶化した究極の姿。魔眼の月の核と融合することでメルド結晶に変換されるのだ。,かつてはジア・クト念晶体も他種族から創生のチカラを奪うことなく自ら生みだした。種族の運命は突如変転した。,1193.webp
1194,エステラ,,,人形師エドアルドに作られたエステラを模した人形。本人を精巧に再現しているが竜への変形は実装していない。,エドアルドは人形作りのためエステラたちが町に来てから彼女らの一挙手一投足を事細かに観察していたらしい。,1194.webp
1195,ナブレット団長,,,人形師エドアルドに作られたナブレット団長を模した人形。モフモフフワフワのプク毛も完全再現のこだわりの一品。,人形が襲いかかってきた際ナブレットたちの声で話していたのもエドアルド。声帯模写もお手のもの！,1195.webp
1196,嘆きのロベール,,,精霊の泉で遭遇した謎の亡霊。いつも何かを嘆いておりその声を聞くと怨念にあてられ気分が悪くなってしまう。,かつては彼も人間だった。世界を襲った大災害によって幸せだった人生を歪められ己の不運を嘆いている。,1196.webp
1197,なぞの黒騎士,,,夜営中に現れ 戦いを挑んできた なぞの黒騎士。黒い鎧から くりだされる槍術は神業の域。,来訪者たちが怪しい者ではないと早々に気付いていたが自分に匹敵する武の達人との勝負が楽しかったと後に語る。,1197.webp
1198,フーラズーラ,,,音もなく突如現れては人を食う なぞの化け物。黒槍以外の攻撃は効かないと言われているが……。,堅牢な城はゼニアスの人々には奇跡のような安住の地だがフーラズーラにとってはエサの養殖場に等しい。,1198.webp
1199,アズ・フーラズーラ,,,大量のフーラズーラを引き連れアマラーク王国を襲撃した巨大なフーラズーラ。幾人もの命を奪った大喰らいである。,タスケテという言葉を残して消えた巨大なフーラズーラ。歴史上 言葉を話す個体が観測されたことはないようだ。,1199.webp
1200,眠りのフクロウ,,,赤く光る触角が特徴的な巨大な白いフクロウ。その不気味な鳴き声で聴く者を醒めない眠りへといざなう。,複数体でいると鳴き声をパート分けし 歌うらしいが聴いた者は眠ってしまうため最後まで歌えたことがない。,1200.webp
1201,永眠のフクロウ魔人,,,宵の神殿の番人。眠りのフクロウを生み出しメネト村の住人の眠りを長い間 維持していた。,眠りのフクロウたちとホーホー合唱団を結成しておりヒマな時は宵の神殿で発表会を開催していたらしい。,1201.webp
1202,鳥籠の番人,,,大樹の鳥籠に女神ゼネシアを封じていた謎めいた魔物。ウォルド地方を閉ざしていた存在との関係は不明である。,鳥籠の番人を命じられる前は現在とは異なる姿だったはず。かすかな記憶がそう教えるが昔の自分は思いだせない。,1202.webp
1203,ラキ,,,女神ゼネシアをねえさまと呼ぶ神出鬼没の不思議な少年。ウォルドの聖簾を閉ざすため襲いかかってくる。,大好きな とうさまとねえさまたちと共に過ごした懐かしき日々を胸に ひとりゼニアスを見守り続けてきた。,1203.webp
1204,なぞの魔狼,,,長年 聖湖ゼニートを見張り住人を町に閉じ込めていた恐るべき魔獣。ゼニスの封宮最深部に立ちはだかる。,主神グランゼニスの神獣である守護者ラキの本来の姿。神聖なチカラを秘めた雄叫びは創失の呪いをも防げるという。,1204.webp
1205,クールホーン,,,カッコいい深紅のツノが自慢。アマラーク王国の男児たちにツノを見せつけては悠々と空を飛んで 巣に戻る。,自分を倒せる者などいないとおごり高ぶっていた。なぜか 空を飛べる旅人が巣に やってくるまでは……。,1205.webp
1206,ジア・ガルネ,,,数万年前 ゼニアスを襲ったジア・クト念晶体の1体。守護天使バトラエルに対して異様な執着心を見せる。,要はジア・クトの残党だが異世界ゼニアスで 天使により封じられていたため ケノスの復活には利用されなかった。,1206.webp
1207,あくむにゅうどう,,,メネトの悪夢の手下。暁の霊堂にトープスを捕らえその見張りをしていた。……というか寝ていた。,枕が変わると眠れないデリケートな魔物。そのため愛用の枕をいつも持ち歩いている。,1207.webp
1208,メネトの悪夢,,,メネト村の住人の悪夢から生まれた絶望の化身。現実と区別がつかない悪夢を見せるのがウリ。,自身は一睡もしたことがなく一度も夢を見たことがない。彼にとっては悪夢こそが唯一の現実なのだ。,1208.webp
1209,天使人形ルーミリア,,,ムニエカの住民たちのケガレを宿した 天使を模した人形。背中からケガレを放出し羽のように見せている。,言葉も物腰も愛する彼女とは似ても似つかぬものだったが積年の想いとケガレのもたらす絶望が 男の目を曇らせた。,1209.webp
1210,呪われしグランゼニス,,,主神グランゼニスの身に巣食いアストルティアとゼニアスを苦しめた 創失の呪いの源。主神とともに消え果てた。,創生のチカラが創造せしものそのすべてを消し去りし後創失の呪いは己が身をも飲み込み 静寂が訪れる。,1210.webp
1211,未知なる襲撃者,ぶどうエキス,彼岸の砂,何者かの命令を受けてモンセロ温泉峡のご神体の間で神の緋石のチカラを得ようとする者の命を狙う未知の魔物。,じつはジリドという立派な個人名があるのだが 上司に仕事は迅速にやるよう言われ名乗らぬまま死んでしまった。,1211.webp
1212,執行者ガンガブラ,,,主の命により創失の呪いを世界に振りまかんと活動する。両手にたずさえた剣を振るい粛々と刑を執行するのだ。,妙にていねいな物言いは本来の激高しやすい自分を抑えつねに冷静でいるためのもの。主からのアドバイスらしい。,1212.webp
1213,怨念の邪竜,ドラゴンのホネ,ドラゴンの皮,生きるだけで苦難をともなうナドラガンドで果てた竜族たちの蓄積した怨みの念が具現化してしまった存在。,全身を現しナドラガンド全土を闇で覆うつもりだったが膨大な怨念で太りすぎたため穴に引っかかってしまった。,1213.webp
1214,処刑人バルマ,,,執行者ガンガブラの手下である処刑人衆のひとり。刑を宣告された者を処刑する。バルマはリーダー格で熱血漢。,同僚たちは執行者ガンガブラの命令には従うが自分の命令にはあまり従ってくれない。中間管理職の悩み。,1214.webp
1215,処刑人ゲムザ,,,執行者ガンガブラの手下である処刑人衆のひとり。刑を宣告された者を処刑する。ゲムザはクールな気取り屋。,バルマよりも自分がリーダーに適任であると思っているが決してクチには出さない。正直めんどくさい。,1215.webp
1216,処刑人ドブナ,,,執行者ガンガブラの手下である処刑人衆のひとり。刑を宣告された者を処刑する。ドブナは気分屋で暴れん坊。,とにかく暴れられればそれでいいのだがバルマに命令されるのは気に食わない。反骨精神のカタマリ。,1216.webp
1217,執行獣ガンガブラ,,,執行者ガンガブラがチカラをすべて解放した真の姿。より強い創失の呪いを振りまくことができる。,こちらの姿でいるほうが楽だが普段は人型でいるようにと主にきつく言われている。身体が大きくてジャマらしい。,1217.webp
1218,代行者ヨナ,,,始まりの大魔王ゴダの代行者として創られた存在。グランゼニスの試練場を訪れた大魔王の資格を裁定する。,ヨナという存在に性別の概念はない。とはいえゴダはなんとなく ヨナが男性だと思っていたようだが……。,1218.webp
1219,バルディスタ新兵・斧,,,ヴァリーブートキャンプに放り込まれたバルディスタの新兵。戦争より大魔王よりヴァレリアが怖い オノ使い。,大魔瘴期を乗り越えたあとに入隊した新兵は質が悪い……古参兵からのそんな評価に毎夜 枕をぬらしている。,1219.webp
1220,バルディスタ新兵・槍,,,ヴァリーブートキャンプに放り込まれたバルディスタの新兵。戦争より大魔王よりヴァレリアが怖い ヤリ使い。,最近の新兵は緊張感に欠け顔つきもゆるみきっている！古参兵からのそんな喝に対しうるせ～なとしか思ってない。,1220.webp
1221,バルディスタ新兵・弓,,,ヴァリーブートキャンプに放り込まれたバルディスタの新兵。戦争より大魔王よりヴァレリアが怖い 弓使い。,前衛こわ～弓なら安全っしょ！……そう思っていた。氷の魔王の大矛が一瞬で眼前に迫ってくるまでは……。,1221.webp
1222,悲嘆のレイジバルス,よごれたほうたい,炎魔の焼け石,ゼクレス王家の使い魔。主であるアスバルが創失すると役目を失ったレイジバルスはゼクレス中を徘徊していた。,最初の主はゼクレスの始祖。彼を救い 名をくれた。大好きなその人はもういないが今でも会いたくてたまらない。,1222.webp
1223,執行獣ジブアジブ,,,ベラストル家の新人しもべホーストの正体である執行者ジブアジブがチカラを解放した姿。,主のため どんな任務もこなすプロ気質のクールガイだがそれにしてもベラストル家への潜入には相当無理をしていた。,1223.webp
1224,執行獣ニニエルザ,,,執行者ニニエルザがチカラを解放した 真の姿。主のためだけに存在し主の敵はすべて排除する。,執行者のときのフレンドリーな態度はすべて表面上のもので本当は主以外どうでもいい。他の執行者より感情が希薄。,1224.webp
1225,創失を招くもの,ひかりの石,青い宝石,執行者たちの主である謎の存在。創失という現象を自在に操りアストルティアを滅ぼそうとしているようだ。,万物に宿る創生のチカラ……世界に存在するためのチカラを奪うことで 創失という現象を引き起こしている。,1225.webp
1226,神兵ダインヘルヤル,,,古びた石像が種族神たちの神気を受けて巨大化した姿。英雄たちに課せられた試練として立ちはだかる。,そっくり同じ像があと6体ありそれぞれ種族神の偶像として信仰されたらしいが この像がどの神だったかは不明である。,1226.webp
1227,マリーヌ神のしもべ,,,マリーヌ神が生み出した眷属だが神獣と呼ぶには人語を話したり姿を変えたりの能力が不足している。,マリーヌ神は神獣の形を選ぶ際 イルカ型にするかクラーケン型にするかで悩んだ末アミダくじで決めたらしい。,1227.webp
1228,あくじきオオワシ,,,渡り鳥の習性をそなえた獰猛なオオワシ。渡りの途中 王家の温室で羽休めをしつつ空腹を満たそうとしていた。,なんでも食べる雑食だが時渡りの球根はあまりにマズくて吐き出すか食べるか戦いの最中も迷っていたとか。,1228.webp
1229,キュロンイーター,,,背中に樹木を生やした太古から生息するドラゴン。キュロン人が大好物でいくら食べても飽きがこない。,キュロン人をドカ食いしたいがキュロン草園を警備する者に妨害され 食欲が満たされずストレスがたまる今日この頃。,1229.webp
1230,ジア・ボーン,,,ジア・クトの放つ結晶化の光に適応したボーンバット。元の魔物をはるかに凌駕する能力と凶暴性で襲ってくる。,念晶体になる前はアンデッドでその前はドラキーだった。見た目の愛らしさを失っても動きで愛嬌を出す憎めない奴。,1230.webp
1231,ジア・レダ,するどい爪,幻獣の皮,緑色に輝く硬質なボディを持つジア・クト急襲体の眷属。後天的にジア化した中ではかなり強力な個体である。,時間停止の層に巻き込まれ身動きできない間に本隊に置き去りにされたが最後までその事実に気付かなかった。,1231.webp
1232,女神ゼネシア,,,主神グランゼニスの娘で果ての大地ゼニアスを守護する女神。キューロピアに渡り時渡りの術さえも会得した。,太古のゼニアスに時渡りし父から主神のオーブの奪取を目論むが創失を招くものに取り込まれてしまった。,1232.webp
1233,創失を招くもの,,,太古のゼニアスで 主神の王冠 主神の王笏ごと女神ゼネシアを喰らって 創生のチカラすら我がものとした恐るべき敵。,自信満々でふたつに分裂して半分のチカラで挑んできたがもし完全体と戦っていたら結果は変わっていただろう。,1233.webp
1234,創失の帝国兵,,,創失の主神ゼネシアによって復活したガナン帝国と共に創生された忠実なるしもべ。命に従い ゼニアスを襲う。,暗黒皇帝ガナサダイに捧げる忠誠の証として鎧に刻まれた紋章は ゼネシアのものに描き変えられた。,1234.webp
1235,創失の帝国兵・上官,,,創失の主神ゼネシアによって復活したガナン帝国と共に創生された忠実なるしもべ。兵を率い ゼニアスを襲う。,たとえ 主が変わろうともその目的は ゼニアス征服。しかし主命に従えばゼニアスを滅ぼす矛盾に気づいていない。,1235.webp
1236,創失のフーラズーラ,,,創失の主神ゼネシアによって新たなチカラを与えられ創生されたフーラズーラ。主命に従い 人々を襲う。,ゼネシアが生み出した光球には数々のしもべたちが封じられ結晶の海を渡って ゼニアスの各地へ出撃するのだ。,1236.webp
1237,ゼネシアの神獣,,,太古のゼニアスで創生された神獣と同じ姿 同じ強さを持つ創失の主神ゼネシアのしもべ。主命に従い 戦いを挑む。,太古 ジア・クト念晶体が襲来した時には 主であるゼネシアや 守護天使とともに懸命にゼニアスを守った。,1237.webp
1238,創失のギュメイ将軍,,,ガナン帝国領の創生とともに生み出され 過去の帝国に仕えていた将軍の虚像。帝国城の結界を守護する。,創失の主神ゼネシアに心を支配され 厚い忠誠心を捧げる謹厳実直な将軍。その剣技は帝国随一だとか。,1238.webp
1239,創失のゲルニック将軍,,,ガナン帝国領の創生とともに生み出され 過去の帝国に仕えていた将軍の虚像。帝国城の結界を守護する。,創失の主神ゼネシアに心を支配され 有能さを売り込む冷酷非情な将軍。その魔術は達人の域に達する。,1239.webp
1240,創失のゴレオン将軍,,,ガナン帝国領の創生とともに生み出され 過去の帝国に仕えていた将軍の虚像。帝国城の結界を守護する。,創失の主神ゼネシアに心を支配され 無心に従う猪突猛進な将軍。その鉄球は全てをなぎ払う。,1240.webp
1241,創失の主神ゼネシア,,,ひとたびは太古のゼニアスで創失を招くものに喰われたがその意思を乗っ取り 復活したおそるべき執念の持ち主。,ゼニアスを完全に滅ぼしたのち主神の王冠と王笏のチカラで何もかも望みどおりの新世界を創生するつもりだった。,1241.webp
1242,魔人リンジャーラ,,,かつて パドレが戦った魔人リンジャーラそっくりの魔物。試練のため用意された偽物なのか それとも……？,かけがえなき友と その子の試練を助けるために そして遠き日の友情に報いるために禁呪の祭壇によみがえった。,1242.webp
1243,ずるいこころ,,,誓約の園の頂 大いなる扉に宿りし 星空の守り人の魂がポルテの覚悟を試すために遣わした ずるぎ心の化身。,もしもポルテの迷いが晴れず儀式を行う資格がないと判断したならば 二度と扉は開かれなかっただろう。,1243.webp
1244,よわいこころ,,,誓約の園の頂 大いなる扉に宿りし 星空の守り人の魂がポルテの覚悟を試すために遣わした 弱き心の化身。,ポルテの前に現れた幻は心の迷いから生まれたもの。最初から覚悟が固まっていたらそもそも現れなかった。,1244.webp
1245,執行獣ザジザディリ,,,創失の塔の番人たる最後の執行者。主の宿願であるアストルティア創失のため己の命すらも捧げた忠臣。,塔と共に生み出されたものの主がゼニアスへ行ってしまいヒマつぶしに塔の魔物たちをいたぶっていたという。,1245.webp
1246,創絶を招くもの,,,アストルティアに満ちる怨嗟と嘆きが女神の世界樹を漆黒に染めあげ 創失の呪いは創絶の呪詛へと進化をとげた。,ポルテとしての旅路で出会った仲間が 世界樹の儀式を支え彼らの悲劇的な死への絶望から創絶を招くものが目覚めた。,1246.webp
1247,創絶の崩界竜,,,アストルティアの化身でもあるこの竜は創絶の呪詛だけでなくアストルティアの種族たちのチカラをも自在にあやつる。,誰しもが味わう つらさ悲しみ今の現実を否定したい思いそんな小さな絶望の積み重ねが創失の呪いの正体なのだろう。,1247.webp
1248,凶獣アルグトス,,,カラマド高原周辺で凶暴化していた魔物の親玉。そのすさまじい腕力で大木をも軽々と振り回す。,ハチミツが大好物で普段なら人を襲うことはないのだが最近どうにも虫の居所が悪くイラつきが収まらない。,1248.webp
1249,バーンラヴァン,,,カルサドラ火山に生息する高温ドロドロの魔物。溶岩を噴き出し あたり一面をマグマの海に変えてしまう。,じつはひどい花粉症でくしゃみの度に溶岩を飛ばす。こちらが侵入した際 花粉を持ち込んでしまったようだ。,1249.webp
1250,邪神ガルザンド,,,神話の時代 七柱の種族神に対抗するため生みだされた邪神の一柱。灼熱の炎は大陸全土を焼きつくすほど。,女神の封印により太古の昔から火山の底で眠っていたが秘宝で無理やり起こされた。寝起きが悪くて機嫌は最悪。,1250.webp
1251,冥兵バスタルグ,,,冥鬼魔将メネシスによって召喚されたガイコツの剣士。手にした二振りの大剣でしかばねの山を築いてきた。,メネシスのため不眠不休で忠実に尽くす 最高のしもべ。命令とあらば戦闘から荷物運び肩もみまでなんだってこなす。,1251.webp
1252,葬竜グレイム,イエローアイ,ドラゴンの皮,太古の時代から生き続ける死を司るというドラゴン。無差別に数多の生物を食らい魔皇軍にさえ恐れられている。,葬魂の竜玉にこめられしは鎮魂と浄化のチカラ。すべての迷える魂を等しく黄泉へと導くという。,1252.webp
1253,剣魔ゼルゲイド,,,１０年前にローマスたちの両親を手にかけた魔皇の手先。魔元帥ゼルドラドによく似ているが……。,潜入時に着用していたローブは魔皇陛下から賜ったもので10年前から変わらずに愛用し続けている。,1253.webp
1254,冥鬼魔将メネシス,まほうのせいすい,緑の宝石,不死のチカラを持つ魔皇軍の幹部たる魔族。冥王ネルゲルによく似ているが……。,愛用の道具は 自らの手でピカピカにみがく主義。鎌をみがきあげ 刃に映る自分の姿に見惚れてるらしい。,1254.webp
1255,孤独の闇,,,片想いに悩んだサランナの中に生まれた心の闇。３体に分裂し連携して攻撃してくるあたり孤独なのか そうでないのか？,勉学一筋だった私を ここまで振り回すなんて 罪な人……などと思いふけり ときどきぼんやりする。初恋なのだ。,1255.webp
1256,伐採マシン,暗黒の樹木,青い宝石,伐採同盟が森を切り開くため独自に調整をほどこした改造キラーマシン。すばやく２回 木を切り倒す。,もとは野良のキラーマシン。伐採同盟のドワーフ技師により改造をほどこされた。伐採魂が注入されている。,1256.webp
1257,ダンスデビル,まほうの小ビン,ウルベア銀貨,数々のダンスを習得している踊り好きの悪魔。スーパースターは修行する際この魔物と戦う。,踊れる歌手になりたいというその外見からは想像のつかないかわいらしい夢を持っている。発声練習は欠かさない。,1257.webp
1258,謎の武装兵,ウルベア銅貨,ぶどうエキス,アガペイに導かれた世界で戦うことになった 謎の魔物。巨大な盾を駆使して勇猛果敢に戦う。,守りに長けた戦いぶりがパラディンを連想させる。謎の武装兵の正体はいったい何者だったのだろう？,1258.webp
1259,悪魔道化師ゲイザー,にじいろの布きれ,グリーンアイ,旅芸人に 強い憎しみを抱くボルブァンの元弟子。道化とは思えないほどの強気な態度と口調が目立つ。,旅芸人に 憎しみを抱く割に道化の格好をしているのは皆を笑わせていた あの時の自分が忘れられないため。,1259.webp
1260,悲観の闇,,,将来に悩んだシュリナの中に生まれた心の闇。やりきれない思いを ぐっとためこんでからくり出す攻撃に 要注意。,ダメな生徒をしかる 先生の姿勉強になります！ ……などと戦いながらも 感動している。やっぱり 演技が好きなのだ。,1260.webp
1261,聖獣ダイキリン,上やくそう,いかずちのたま,出会うのが困難といわれる光をたずさえた 聖なる獣。自然の賢者と称され 自分より強い者としか話さない。,数百年の時を生きている彼は 野を駆ける馬たちの中で 生きる伝説として語り継がれ あこがれの的になっている。,1261.webp
1262,トガスのぬし,するどいキバ,まじゅうの皮,トカス岩道で幅を利かせる巨大な牛型の魔物。その大きな身体を活かしパワフルな攻撃をしかける。,お年頃になると 海を渡って 別の土地へ移動する習性があり なんやかんやした後に また 故郷に帰ってくる。,1262.webp
1263,怪鳥クワット,するどい爪,かぜきりのはね,キリカ草原の森を根城にするスゴうでのハンター。光りモノが大好きで狙いをつけたら 必ずうばう。,オイラは 誰もキズつけずに 盗んでいるのに……。暴力で宝物を取り返すなんて ひきょうクワー！,1263.webp
1264,伐採マシン改,氷の樹木,緑の宝石,前回の敗北を糧にして強化された伐採マシン。大勢のレンジャーを相手に一歩も退かぬ性能を誇る。,性能を最大限に引き出すため ピーキーな調整が行われた。そのため 強くなったものの 衝撃に弱くなったらしい。,1264.webp
1265,スターデビル,ほしのカケラ,ブラックパール,多くのダンスを覚えた悪魔。スーパースターが高みにたどり着くには この魔物を倒さなければならない。,たゆまぬ鍛錬を積み重ね トップレベルの踊りを 身につけた 魔物界のスター。魔物の間にもファンが多い。,1265.webp
1266,商品ナンバー７,大きなこうら,ホワイトパール,もともとはウェナ諸島に棲むじごくのハサミなのだが魔物商人ザルギスにより戦闘用に訓練されている。,強固な装甲で 壁として あなたを守ってくれます。パワーも なかなかの逸品。販売価格 24800ゴールド,1266.webp
1267,ギガデーモン,大きなうろこ,まじゅうの皮,巨大な身体をゆらしながら手にした棍棒ですべてをたたきつぶす凶悪な魔物。青き魔獣の異名も持つ。,ある儀式をすることで 呼びだすことができるが そのときの彼は すこぶる きげんが悪い。注意しよう。,1267.webp
1268,魔盗鬼チャムール,まほうの小ビン,ウルベア銀貨,チカラを求め 悪に魂を売ったドワーフの変わり果てた姿。元が盗賊なので 見た目以上に身のこなしは軽い。,ヘッドであった彼が更生し つむじ風の旅団は解散した。失業した魔物たちは職を求め 今日も 野をさまようという。,1268.webp
1269,商品ナンバー１２,まほうのせいすい,ウルベア銀貨,もともとはウェナ諸島に棲むずしおうまるなのだが魔物商人ザルギスにより戦闘用に強化されている。,絶大なパワーが最大のウリ。敵を全滅させたい あなたに。攻城戦にもオススメ。販売価格 74000ゴールド,1269.webp
1270,古代つちわらし,まりょくの土,ウルベア銀貨,とうに絶滅したと思われていたつちわらしの原生種。忘却のほら穴の地中から復活し現代の土を踏むこととなった。,太古の地層から目覚めたが 子孫である現代つちわらしが たいした進化もしておらず 残念な気持ちになった……。,1270.webp
1271,子鬼ブリック,,,オーガの子供が魔瘴を浴びて魔物化した成れの果ての姿。犯した罪への後悔の念がその魂を呪縛していた。,バグレア教会で暮らしていた プリック少年は 大先輩である 四術師ガミルゴのことを 誰よりも尊敬していたという。,1271.webp
1272,狂戦士レギオン,げんこつダケ,ぶどうエキス,元は アガペイも属した戦士くずれ強盗団のリーダー。暴力で手下たちを支配し最後には 狂戦士と化した。,レギオンは 最強と謳われた。だが 見方を変えれば 自分の欲望すら抑制できぬ 心の弱い男と言えるだろう。,1272.webp
1273,バルケス,,,バトリンピックの決勝進出者。借金取り一味の荒事担当でとにかくケンカっぱやい。血気盛んなキレやすい若者。,昔 ヤンチャしていた頃に ゴードンに拾われた。それ以来 恩返しするため 精一杯いきがっている。,1273.webp
1274,羨望の闇,,,ユノに嫉妬したエゼルの中に生まれた心の闇。自分を見てほしくて 暴れまわり相手を 束縛してしまうのだ。,毎日ピカピカにみがいてるのに ガラス玉だなんて ひどーい！そんな不満が 姿を形作った。乙女心はキズつきやすいのだ。,1274.webp
1275,ブリギッテ,,,バトリンピックの決勝進出者。おのれのウデっぷしに絶対の自信を持っている勇ましい女性ファイター。,自称バトマス界のアイドル。強くてキュートな この魅力で 次号の「週刊コロシアム」も 表紙は もちろん この私！,1275.webp
1276,闘士セインズ,,,バトリンピックの決勝進出者。ジェイコフの元弟子でその強すぎる野心のために道を踏み外してしまった。,ジェイコフの元を去って以来 独自に修行を積んでいた。二刀流にも挑戦してみたが 習得できずに断念した。,1276.webp
1277,魔物商人トレダ,まほうの小ビン,ゴールドストーン,魔物を悪事に利用する魔物商人のひとり。毎日 マメに研いだツメで魔物のエサを狩りにいく。,元々は 芸人志望だったが いつまでたっても芽が出ず 人生に焦って魔物商人に。もちろん相方はチャーマン。,1277.webp
1278,魔物商人チャーマン,まほうの小ビン,せかいじゅの葉,魔物を悪事に利用する魔物商人のひとり。父からもらった愛用の短剣で魔物のエサを切り分ける。,親友のトレダに誘われ 嫌々コンビを組まされた。本当は父と同じ 探検家になりたかった。,1278.webp
1279,商品ナンバー１３,するどいキバ,かぜきりのはね,魔物商人たちが商品として邪法により生み出した真っ黒い ひくいどり。人の言葉が少し理解できる。,魔物商人は ひくいどりのヒナ10匹を密室に閉じ込めた。仲間を食べ 生き残った3匹に ナンバー13の印が刻まれた。,1279.webp
1280,殺意の怨霊,,,何者かに命じられるまま人々に とりついている怨霊。殺意のままに のろいを振りまいて 攻撃してくる。,もとは世の中を恨みながら 獄死した罪人の怨念。生前の記憶はすっかり忘れ 本能のままに悪事を働く。,1280.webp
1281,踊り神ボニータ,,,荒神の異名を持つ いにしえの踊り子の 守り神。その名にたがわぬ 荒々しい踊りで挑戦者たちを たたきのめす。,おネエ系の男神かと思いきや れっきとした女神らしい。間違えると荒ブリィ殺しに されるので注意しよう……。,1281.webp
1282,占術師マルグリット,,,苦しむユノの心の中で待ち構える 自称天才占い師。意味深な笑みを浮かべその真意は謎に包まれている。,12の雑誌で占いコーナーの 連載を持つ。ペンネームは いくつかあり マルグリットは タロット占いで使う名前だ。,1282.webp
1283,黒怨王,まほうのせいすい,よるのとばり,この世のあらゆる怨霊を統べる最凶最悪の怨霊の王。踊り子を根絶やしにするため怨嗟を振りまき襲いかかる。,最初は ただの怨霊だったが 踊り子に封印される度に 怨念をつのらせ 代を経て やがて怨霊の王となった。,1283.webp
1284,最強商品,大きなホネ,まじゅうのツノ,もともとはウェナ諸島に棲むヌーデビルの生き残り。魔物商人ザルギスの新技術で戦闘用に改造されている。,ここは どこだろう？ なぜ 戦っているのだろう？ お腹が空いた 水浴びがしたい。ボクを島に帰して！！,1284.webp
1285,サードンの手下,けものの皮,ウルベア銀貨,ヒポポ・サードンに仕える忠実な部下で元海賊。落とし穴を使うなどひきょうな戦いかたを好む。,絶対の忠誠を誓っているが ヒポポのひびきには いまだに ちょっと笑っちゃうらしい。なのでフルネーム呼び禁止。,1285.webp
1286,ブランドンビースト,するどいキバ,まじゅうの皮,大商人ブランドンに飼われる魔物ペットの中の１匹。もっとも凶暴な性格ゆえにかわいがられている。,さる魔物商人から ブランドンが買い取った。毎日与えられるエサは 最高級しもふり肉だったとか。,1286.webp
1287,大地の竜バウギア,大きなうろこ,ブルーアイ,オーグリード大陸の地底に眠る天災級の破壊力を持つ古代竜。目覚めれば 大地震を起こし大陸を海に沈めるという。,大地の竜には複数の 矛盾する伝承が残っており 何が真実かはいまだ不明。今後の解明が待たれる。,1287.webp
1288,憎悪の精霊樹,,,モリナラ大森林の樹々に宿る精霊たちの ヒトへの憎悪がひとつに集まり邪悪な木の魔物となった。,精霊たちの集合体なので 気持ちが ひとつにならないと この姿を保てない。一致団結モンスター。,1288.webp
1289,災厄の尖兵,,,世告げの姫を亡き者とするため何者かが つかわした刺客。手にした４つの凶器で地上に 災厄をまきちらす。,世告げの姫シュゼとテルナが ロディアを結界へ隠したことに 気付くのが遅れたため 任務を失敗することとなった。,1289.webp
1290,ラギー,まほうの小ビン,げんませき,闇芸人 ルルルリーチに従う残虐非道のグレムリン。旅芸人を抹殺することを使命としている。,魔物界では そこそこ有名な グレムリン3兄弟の長男。自分が得をするために 強い者には巻かれる。,1290.webp
1291,ムギー,まほうの小ビン,げんませき,闇芸人 ルルルリーチに従う残虐非道のグレムリン。旅芸人を抹殺することを使命としている。,魔物界では そこそこ有名な グレムリン3兄弟の次男。自分が得をするために とことん 弱い者をこき使う。,1291.webp
1292,チギー,まほうの小ビン,げんませき,闇芸人 ルルルリーチに従う残虐非道のグレムリン。旅芸人を抹殺することを使命としている。,魔物界では そこそこ有名な グレムリン3兄弟の三男。自分が得をするために あらゆるウソをつきまくる。,1292.webp
1293,闇芸人ルルルリーチ,うまのふん,よるのとばり,ボルブァンの兄弟子で天性の芸の才能を持つが芸に 強い憎しみを抱き旅芸人を抹殺しようとした。,誰よりも面白いはずの 自分の芸が 世間に認められず 絶望してしまった闇芸人。病み芸人と呼ばれたりする。,1293.webp
1294,魔賢者アクバー,こうもりのはね,緑の宝石,数百年もの間 呪いに姿を変え賢者たちに取り憑いていた狡猾で残忍な 魔界の賢者。世界征服の野望を抱いていた。,コイツの呪いに心を侵され 闇賢者に堕ちてしまった者は どこかにいるのだろうか？ 主 亡き今 彼らは何を……。,1294.webp
1295,巨戦鬼ゴルゴンザ,上やくそう,ぶどうエキス,かつて 研究者デルクロアをこき使った 巨人の魔物。その巨体から くりだされる一撃は巨岩をも砕く。,毎年 魔界でおこなわれる チカラ自慢コンテストで 上位に入る実力者だが どうにも勝てない強敵がいた。,1295.webp
1296,カンダタこぶん,てっこうせき,ウルベア金貨,いつも 親分のカンダタにぞんざいに扱われている子分。ウサを晴らすかのように痛恨の一撃を放つ。,自分はハダカ同然なのに 子分には黄金のよろいを着せる カンダタは 気前がいいのか 見栄張りなのか 趣味なのか？,1296.webp
1297,ギャスモン,暗黒の樹木,まほうのせいすい,ドワーフたちの欲望につけ込み利用する 邪悪な炎の化身。中央の核を取り除かない限り消滅することはない。,ギャスモンハートは極小で 盗むには 相当な技術がいる。えらそうなこと言ってても 意外とノミの心臓なのだ。,1297.webp
1298,けがれの渦,どくどくヘドロ,グリーンアイ,死神の息吹と呼ばれるはやり病をバラまいた元凶。全身が呪いによってけがれた物質で できている。,自分の魂を宿すに ふさわしい 身体の持ち主を探していたが ついに見つけた持ち主に 返り討ちにあうとは想定外。,1298.webp
1299,武闘魔ガウラド,きつけそう,ぶどうエキス,超天道士の弟子 ヤーンの従者ガウラドの正体。超天道士と戦い そのチカラをうばうため 魔界から来た。,私が使命を果たせなかった時 この手紙を見てください。超天道士様より預かった 武闘家の証をヤーン様に。,1299.webp
1300,メギドローム,上どくけしそう,赤い宝石,ミラクルゾーンを覚えるためリュナンを誘拐した強大にして残忍な魔術師。強くなることに貪欲な性格。,その 悪のカリスマにより 多くの配下を抱えているが 使えない部下ばかりなのが 悩みのタネ。,1300.webp
1301,舞踏魔プレシアンナ,にじいろの布きれ,赤い宝石,１００年に ひとりの天才プレシアンナが 人の心を捨てモンスターゾーンに入り魔物となった究極の姿。,まだ見ぬ踊りを追求し続けた 好奇心の強い女性が 知らぬ間に 道を踏み外した。純粋と狂気は紙一重。,1301.webp
1302,闇蜘蛛マルギト,,,悩める人々を救いたいと願うマルグリットの心の闇から生まれた もうひとつの意思が恐ろしい魔物と成り果てた。,悩み苦しみ 思い惑う存在を 不完全で下等だとさげすむ。それこそが 人らしさだと 認めることができないのだ。,1302.webp
1303,闇の狂戦士,あやかしそう,よるのとばり,戦士なら誰にでもあるという黒い欲望が 具現化したもの。詩歌の遺跡にて おのれの心を見つめた時 体内から現れた。,仮面の下の 自分の顔は 邪悪に みにくく歪んでいる。倫理的に問題があったため 自主規制で隠した。,1303.webp
1304,超天道士ヤーン,みかわしそう,せかいじゅの葉,伝説の武闘家として名高い超天道士の唯一の弟子でその名を継いだ 若き武闘家。普段は わりとチャラい。,彼が素手での闘いを好むのは 確実に 闘う相手の気の流れを 感じるためであり 決して 武器が使えないわけではない。,1304.webp
1305,魔物商人デイラー,まほうの小ビン,きんかい,魔物を悪事に利用する魔物商人たちのリーダー。キッズを手に入れるためファーベルたちに近づいた。,キッズを変貌させた粉。魔物と まもの使いの絆を 断ち切る粉……。その方面では その名が知れた 粉の権威。,1305.webp
1306,キッズ,大きなうろこ,幻獣の皮,絶滅寸前の超レア種ゴールデンキングリザード。ファーベルの相棒が変わり果てた姿。,ゴールデンキングリザードは 本来 人には なつかないが ファーベルの澄んだ瞳を見て 断ち切られた絆が再生した。,1306.webp
1307,ツクモモン,,,長い年月を経たものに邪気が宿り魔物の姿を成した。ふわふわしながら油断させて生命力を吸い取りにくる。,小精霊の一種でエルトナでは つくも神と呼ばれることも。身体中にススをまとっており 触れると手が真っ黒に汚れる。,1307.webp
1308,鬼門のヌエ,,,命を落とした天地雷鳴士の魂が刀に宿り妖刀となった。闇の流星を空から落とし夜の深淵へと引きずり込む。,天地雷鳴士の陰衆は 夜に呪術や暗殺をおこなうため 人々は恐れをもって彼らを 夜に鳴く妖怪 ヌエと呼んだ。,1308.webp
1309,テンオツ鬼神,,,天地の間を守るといわれる幻魔テンオツキジンが凶神として召喚された姿。悪霊の渦を呼び世に災禍をまきちらす。,テンオツキジンは陰の気と 陽の気を兼ね備えた存在。そのため外見は女性に見えるが 同時に男性でもあるという。,1309.webp
1310,千夜フウジン,,,みぞうの大災害である千夜嵐の核となる荒ぶる双神の片割れ。風を自在にあやつり人を吹き飛ばすことが喜び。,右手に持つふうじんの盾は 千夜フウジンのお手製。自分の顔を盾に刻むという ナルシストな一面がある。,1310.webp
1311,千夜ライジン,,,みぞうの大災害である千夜嵐の核となる荒ぶる双神の片割れ。雷を自在にあやつり人を焼き払うことが楽しみ。,千夜フウジンに隠している ナイショの趣味がある。それはおヘソを集めることで 特に子供のヘソがいいらしい。,1311.webp
1312,魔獣ビュブロス,するどいキバ,よるのとばり,クチからはなつ怪光線で人々の魂をうばいとる死神のような 黒い猛獣。全部で３頭いるらしい。,ビュブロスの卵は 人の魂に 植えつけられるという。ふ化の際は おたけびと共に 胸を突き破り 生まれいでる。,1312.webp
1313,魔鳥の頭目,けものの皮,げんませき,カルサドラ火山に降り立った魔鳥軍団の勇ましき長。かかげたスローガンはこの恐怖 カルサドラ発！,ご先祖様は 世界の一部を 牛耳るほどの実力者だった。かつての栄光を取り戻すため 魔鳥の頭目 今日もゆく。,1313.webp
1314,荒城の守護精,まほうの小ビン,せいれいせき,王者の脚甲を守護する使命を与えられ荒城の隠し御殿に君臨する夢幻の森に生まれた精霊。,初代王者が夢幻の森に植えた 一本の若木に魂が宿り やがて守護精となったという。,1314.webp
1315,悪夢の追っ手,ぎんのこうせき,赤い宝石,かつて ユゼットの命を奪った追っ手に対する ロディアの恐怖が具現化して生まれた悪夢からの追跡者。,この魔物の元となった追っ手が なぜ ロディアとコゼットを 狙っていたのか……そのカギは ふたりの過去に あるらしい。,1315.webp
1316,下級亡霊兵士,まほうの小ビン,ウルベア銀貨,ラグアス王子が見た予知夢の中にも現れたフォステイルに恨みを持つ亡霊たちの一般兵。,上からの命令に背くと ここには書けないような 厳しい刑に処せられる。兵士は 規律が大事なのだ。,1316.webp
1317,深海の守護者,まほうの小ビン,げんませき,王者のマントを守護する使命を与えられ時の刻みし海溝に君臨する深海より現れし者。,暴君バサグランデの戦いにより チカラを失った王者のマントに 悠久の年月をかけて 彼がふたたびチカラを与えた。,1317.webp
1318,三闘の守護霊,まほうの小ビン,げんませき,王者の盾を守護する使命を与えられ三闘の神殿に君臨する三闘士の残留思念の集合体。,ドワチャッカ大陸を開拓した 三闘士の思念は今ひとつとなり 王者の座を目指す者の訪れを ずっと待ち望んでいた。,1318.webp
1319,氷殿の守護兵,まほうの小ビン,げんませき,王者のかぶとを守護する使命を与えられ万年雪の砦に君臨する精強無比の兵士。,万年雪の番人カモフの 祖先にあたる者が 悠久の時を経るうちに 魔獣と化した姿。,1319.webp
1320,尖塔の守護鬼,まほうの小ビン,げんませき,王者のこてを守護する使命を与えられ始まりの塔に君臨する塔の魔力により生まれた魔物。,元々は気性の荒い魔物だったが エバト王に敗れ 以後は 彼に 仕えるようになった。忠誠心に厚く 意外に賢い。,1320.webp
1321,ダークポイックリン,,,ポイックリンに化けて悪事を働いていた怪盗の鬼。攻撃力や守備力を盗む能力で敵を弱体化し自分を強化する。,ピンチョを誘いだした先で 仕込みによってプロポーズを させる流れに追い込んだ。大胆かつ手段を選ばない乙女。,1321.webp
1322,悪魔キェルグ,まほうのせいすい,激震のキバ,憎しみを自身の糧にする悪魔。ファヒータの憎悪を利用してある目的のために３つの秘宝を集めさせていた。,クァバルナの血肉を与えられ 作りだされた忠実なしもべ。クァバルナを親のように慕い その復活のため精魂を傾ける。,1322.webp
1323,労魔デスワーク,ほしのカケラ,ウルベア金貨,遊び人の内なる不安に起因して古の奉仕ロボの中に生まれた労働強制プログラム。精神操作で遊び人を襲った。,デスワークの戦闘形態は 本来は古代の奉仕ロボが 主人の身を守るために 備えていたものだとか。,1323.webp
1324,変異ケダモン,,,ケダモンの変異種と思われたがどうやら未知の世界から来たまったく別種の生物らしい。怪しげな光線を放つので注意。,ケダ子と名付けられたが じつはオス。本当の名前は アストルティアでは音声として 認識できないものらしい。,1324.webp
1325,イレイザーＧｅ５０,,,ボンドルという少年に化けＰ８９０の命を狙った暗殺者。ある組織にやとわれていたがその詳細はスミの中である。,イレイザーシリーズの暗殺者は このGe50のほかに 5uM1 Kc85 3mPRの 3体が報告されているらしい。,1325.webp
1326,首領プライド,おうごんのかけら,ゴールドストーン,商会とは名ばかりの非合法組織を運営する暗黒街の若きカリスマ。ウデっぷしも相当なもの。,今回 おナワとなったが すぐに釈放される算段が ととのっているとの本人談。悪の根は深いようだ……。,1326.webp
1327,黄金のバブリン,,,お金持ちの間で大流行中の珍しい金色のバブリン。飼い主のお金を景気よくばらまいて攻撃する。,黄金ボディにあこがれて 自らを金メッキで塗りかため 黄金のバブリンをかたる 詐称バブリンもいるという。,1327.webp
1328,欲望の邪鬼ゴモル,ウルベア銀貨,ウルベア金貨,数百年前に大罪を犯した金の亡者のなれの果て。死んだ後も金に執着し多くの命を奪い続けた。,お金が好きで お金のためなら 盗みも殺しもしてきた外道だが 生前はゴールド神の称号を 自慢げにつけていたという。,1328.webp
1329,大地の怒竜バウギア,大きなうろこ,大地の羽毛,愛し子を失い 怒りに我を失ういにしえの竜。大地を震わせ灼熱の炎で集落を焼き大陸を地獄に変えたという。,古き伝承によると大地の竜は オス竜とメス竜の2匹がおり それぞれに悲劇的な運命の 末路をたどったらしい。,1329.webp
1330,ヒポポ・サードン,上やくそう,おうごんのかけら,猫島の乗っ取りをたくらむリベリオのライバル。得意のオノを振り回しチカラまかせの攻撃を好む。,幼いころ リベリオと共に マンマーに育てられた。自分がネコではないと気づき 猫島を飛びだしたらしい。,1330.webp
1331,レオン・ビュブロ,やわらかウール,よるのとばり,かつて 賢者ブロッゲンの手で葬られた 大いなる凶獣。その子らが 魂を呼び覚ましふたたび現世に姿を現した。,かつての戦いは激戦だった。ブロッゲンのメラが あと5秒 遅かったら ビュブロの鋭牙が 彼の胸を貫いていただろう。,1331.webp
1332,怒りのプスゴン,花のみつ,ピンクパール,スイの塔のてっぺんにスウィートルームを築いていたファンシー好きの怪獣。心からハニーを愛する。,棲みかを捨て 役目を捨て 熱い想いだけを胸に抱き ヤツは去っていった。怪獣プスゴン どこへ行く……。,1332.webp
1333,スカラベーダー,大きなこうら,ヘビーメタル,人の踏み入らない遺跡などを棲みかとする おそろしいフンコロガシの化け物。外敵がいないため肥えた。,実際は フンを転がさず 巨大な岩を後ろ足で運んで 器用に要塞のような巣を作る。ベーダーの称号は 匠の証。,1333.webp
1334,上級亡霊兵士,まほうの小ビン,ウルベア銀貨,メギストリス流の剣術を使いこなす エリート亡霊兵。メギストリス城の精鋭部隊を全滅させる程の実力を持つ。,地獄の訓練に耐え抜いたのか その実力は本物。忠誠心が高く 規律も守る。最近 こういう若者が少ない。,1334.webp
1335,封印の左手,するどい爪,まじゅうの皮,ラーディス王の命により王の遺した石版を守護する。似たような姿の相棒がおりコンビネーションは抜群。,数百年に渡って 王の石版を 一緒に守ってきた相方とは もはや夫婦も同然である。どちらが夫役かは不明。,1335.webp
1336,封印の右手,するどい爪,まじゅうの皮,ラーディス王の命により王の遺した石版を守護する。あまい息 もうどくのきりなどいやらしい技を使う。,チカラ押しは相方にまかせて そのフォローを担っている。ということは こちらが 妻役の可能性が高い。,1336.webp
1337,ゴールデンゴーレム,,,黄金で作られた人形が神秘の呪文により命を得た。巨大なオノを振りおろし邪魔する者をなぎ払う。,はるかな昔 神話の時代に翼を持つ人々により剣の守護者として封じられたと言い伝えられている。,1337.webp
1338,デモンシーサー,するどいキバ,せいれいせき,学会では 魔獣ヘルシーサーの変異種として 知られているが目撃者の死亡事故が多くくわしい生態は 不明である。,個体数が きわめて少ないため 同族には めったに会えない。さみしい気持ちの 裏返しで 暴れてしまう 孤独な魔獣。,1338.webp
1339,ライノスローネ,けものの皮,まじゅうのツノ,「皇帝」の名を冠するサイおとこ族の王の中の王。そのチカラはサイ強といわれサイ知にも長けているらしい。,サイは投げられた……。大きな戦いを始める前 サイおとこの皇帝は そうつぶやいたという。,1339.webp
1340,闇夜の巨人,暗黒の樹木,よるのとばり,星のない夜のように真っ黒な ひとつ目の巨人。かつてのサテラの罪の意識が生みだしてしまった魔物。,サテラにとって星のない夜は 恐怖の象徴であった。その恐怖が具現化した巨人は 一切の希望を闇でぬりつぶす。,1340.webp
1341,呪いの影,まほうのせいすい,よるのとばり,写真機の光で姿を現す影のような魔物。いたずら好きな性格で呪いをかけ 皆を困らせる。,変わった物を見ると それが人様の物であろうと 盗む習性を持つため 魔物からも苦情が出ている。,1341.webp
1342,波怨竜,大きなホネ,ドラゴンのホネ,かつてウェナ諸島に君臨した竜の魔物の なれの果て。自分を倒した戦士の血を引くルベカの命を狙っていた。,ウェディの戦士によって 倒された彼の身体は海に落ち やがて 骨だけとなったが その怨念は消えなかった。,1342.webp
1343,魔人スピンドル,てっこうせき,げんませき,なんと スピンドル兵士長が魔物と入れ替わった！ 本人とは比較にならないほどすばやく動き チカラも強い。,現役時代のスピンドルは この魔物より はるかに強く おまけに美形だったらしい。時の流れは残酷だ。,1343.webp
1344,呪縛の魔獣,けものの皮,まじゅうの皮,ヒメアの恋人コハクが不老の禁術をほどこされそのチカラに たえきれず変わり果てた姿。,コハクは植物学者だった。世界樹の研究のために 久遠の森を訪れた彼は そこでヒメアと出会った。,1344.webp
1345,復讐鬼ガガイ,けものの皮,ぶどうエキス,かつて ランガーオ村の史上最強チャンピオンだった英雄ガガベスの ひとり息子。父の死で すべてを失った。,復讐を誓いながらも 正々堂々の勝負をつらぬいた。父の名に恥じぬ戦いをする。それが 彼の誇りなのだ。,1345.webp
1346,魔人兵士,てっこうせき,まほうのせいすい,ガズバランの牙の策略によりガートラントの兵士と入れ替わった魔物たち。その正体は ぬいぐるみ。,ガートラント兵士たちの間にも 意外と チョコ神ぬいぐるみは 広まっていたらしい。ファンシー好きが多いのか？,1346.webp
1347,魔瘴竜,大きなうろこ,よるのとばり,魔瘴が生みだした巨大な竜。やみわらし ましょううおとは比較にならない強さを誇る。別名 ダークドラゴン。,太古の昔から存在し 世の平和を乱していた。多くの猛者が この竜に挑み そして 散っていった。,1347.webp
1348,ビッグバン岩,,,奇妙な異空間で出会ったナゾの巨大ばくだん岩。その爆発の威力はビッグバン級だという。,決して自暴自棄になることなく 爆発の欲求を耐え抜いた 我慢強い ばくだん岩だけが ビッグバン岩になれるという。,1348.webp
1349,証人ラディスオー,まほうのせいすい,赤い宝石,王となる王家の男を試すため最後の男王ラーディスが石版と共に遺した からくり。テンションを上げるのが得意。,ラーディス王は からくりの 豊富な知識を持っていた。波紋の音叉も ラディスオーも 彼のお手製らしい。,1349.webp
1350,パルカラス亡霊王,まほうの小ビン,よるのとばり,５００年前 パルカラス王国を支配していた王。フォステイルに恨みを持ち現代に よみがえった。,その深い愛情は 娘である メギストリス姫に注がれ 国民には注がれなかった。悲しき 裸の王様。,1350.webp
1351,魔人ゼクセン,まほうのせいすい,げんませき,ガズバランの牙の首領であるぬいぐるみ屋 ザッケスがピュージュのチカラを借りて凶悪な魔物と化した。,ガズバランとは オーガという 種族を作った神の名前。その剣は すべてを斬り裂き その牙は すべてをかみ砕く。,1351.webp
1352,マイラー三銃士,,,マイユさんに 愛と忠誠を捧げいかなる時も抜け駆けしないゆかいな同志。そうとも 我ら３人こそが マイラー三銃士！,不動のトップ2マイラーである 知のギオーダ 勇のガガンマ。ふたりに認められし者だけが マイラー三銃士になれる！,1352.webp
1353,アークキマイラ,まほうのせいすい,まじゅうの皮,八里離れた山林に生息するきわめて希少な魔法生物。人の姿を見ると凶暴化するため近づかないほうが身のため。,いつか自分にも素敵な出会いが あるかもしれない……。そう思い手にした聖銀の鉱石を 渡す相手は まだいない。,1353.webp
1354,凶鳥フレス,まほうのせいすい,げんませき,けがれの谷底で生まれた凶兆をふりまく呪われし鳥。人間の子供が大好物で見かけると連れ去ってしまう。,凶鳥フレスに出会った者には 地獄のような不幸が訪れるが みごと討ち倒した者には 栄光が訪れるとの伝承がある,1354.webp
1355,海賊トニー＆ベニー,ヤシの実,おうごんのかけら,ツメとブーメランで襲ってくるスクアーロ海賊団の戦闘員。アジトのニセ情報を流すなど情報操作もお手の物。,例え どんな聖人君子でも 彼らにからまれると 思わずイラッとするという 忍耐力を試されるコンビだ。,1355.webp
1356,海賊スクアーロ,,,自称 最強の極悪海賊スクアーロ海賊団の船長。３匹の殺し屋を呼びだして冒険者たちを苦しめる。,無類の女好きなのに いつも 寄ってくるのはヤローばかり。平手打ちで幕を閉じた 100度目の恋の復讐を誓う。,1356.webp
1357,デビルニャン,ネコずな,おうごんのかけら,ヒトの財産を根こそぎ奪う巨猫の悪霊。禍々しい熊手を振り回して攻撃してくる。元は富を与える善神だった。,猫の悪霊だが大の風呂好き。彼の造った欲望の大浴場は 元の住人が公衆浴場として 開放し 人気を博したそうだ。,1357.webp
1358,樹縛の悪鬼,しなやかな枝,ブルーアイ,偽りの青き樹海の塔にいた正体不明の きりかぶ魔人。強力な呪文をあやつり３人組のチームワークで戦う。,固い友情で結ばれた彼らだが 食い意地だけは歯止めが効かず 100年に一度は おやつを巡って大ゲンカする。,1358.webp
1359,マジックハンド,,,辺境のほら穴の土から突然生まれたモンスター。まさにマジック並みの速さでどんどん仲間を呼び増殖する。,異形獣のツノからもれ出した エネルギーがほら穴の土壌に 染みこんだために生まれた。これも生命の奇跡か？,1359.webp
1360,カンダタ,まだらくも糸,きんかい,おなじみ 我らの大盗賊！ とにかくテンションが高く手下を集めては暴れまくる。回復呪文もお手のもの。,言わずと知れた大盗賊だが 己の野望にまっすぐで 言動に邪気がないので どこか憎めない悪のカリスマ？,1360.webp
1361,砂塵の幻馬,まほうの小ビン,イエローアイ,偽りの黄なる砂塵の塔にいた正体不明の 草食系魔人。風の呪文と砂のブレスで立ちはだかる敵をなぎ払う。,草食系のくせに気性が荒く 気に入らないことがあると 砂塵をまき散らして暴走する 手の付けられない暴れ馬。,1361.webp
1362,炎業の妖星,ホカホカストーン,レッドアイ,偽りの赤き炎業の塔にいた正体不明の 惑星魔人。寝起きのキゲンはとことん悪く炎や爆発で辺りを焼き尽くす。,身にまとった黒雲は 5000年間眠り続けても 快適な夢見を約束する ふんわりふかふかの特注品。,1362.webp
1363,デスライラ,,,故郷エクゼリアを焼かれ生きる希望を失ったシスター・ライラの弱さに怨念がとり憑いた。,怨念にとり憑かれた者は 目の前が真っ暗になり 何も聞こえず身動きもとれず 苦しみだけを感じつづける。,1363.webp
1364,ドラゴンガイア・双,ゴールドストーン,ドラゴンの皮,見分けがつかないほどそっくりな 双子のドラゴン。こちらの攻撃を無効にする竜眼を使うので要注意。,じつは 魔軍十二将の一角の 双子の息子だったのだが スキルマスターの導きにより 試練の魔物として転生した。,1364.webp
1365,ヴォルカドラゴン,,,火山地帯で生まれ育ちマグマを食らうという炎竜。強烈な炎の呪文とブレス攻撃をあやつる まさに炎の化身。,背中の木が燃えてしまうので 自分は火炎攻撃をするくせに されるのはガマンならんという なんともワガママなヤツ。,1365.webp
1366,盗賊ラゴス,おもいでのすず,ときのすいしょう,闇に潜む悪名高き大盗賊。隠密行動を信条としているがいざとなるとブーメランで華麗に敵を斬り刻む。,読み上げた詩は全13章中の 序章に過ぎないという。最終章の恥ずかしさは もだえ死に級とのウワサ。,1366.webp
1367,魔女グレイツェル,,,メルサンディ村を恨み英雄ザンクローネの身体をバラバラにして化け物に変え村を襲わせている魔女。,昔はザンクローネのため よくパンを焼いていたらしい。だけど作るパンすべてが なぜか激辛になってしまう。,1367.webp
1368,アルゴングレート,するどいキバ,マデュライト,万病に効く神秘の宝石アルゴンハートを宿す竜。しかし 今は絶滅してしまいその宝石も失われたという。,昔は アルゴリザードという 忠実な子分たちがいたが 住める場所が減るにつれて 姿を消してしまったらしい。,1368.webp
1369,諸刃の鋼竜,まほうの小ビン,イエローアイ,偽りの白き諸刃の塔にいた正体不明の 機械竜魔人。ミサイルとひかりのブレスで辺り一帯を焦土と化す。,魔人なのか竜なのか機械なのか 魔人の中でも謎多き存在。自分が何者かわからない 苛立ちで今日も暴れまわる。,1369.webp
1370,濁流の邪殻,まほうの小ビン,パープルアイ,偽りの黒き濁流の塔にいた正体不明の 甲殻類魔人。しおまねきで大波をあやつりすべてを濁流に飲み込む。,濁流に飲み込まれるかのような 過酷な人生を送るうちに 自他ともに認める 陰険な性格の持ち主になった。,1370.webp
1371,レプティリア,,,カグヤ＝ムーンを見張るため侵略者の王が王宮に仕掛けた監視装置。命令されたとおり冷徹に任務を遂行する。,球体化するコンパクトボディは どんな場所にも侵入可能で いざとなれば監視対象を 抹殺する機能さえ備えている。,1371.webp
1372,ギーグハンマー・狂,ゴールドストーン,オグリドホーン,ある男の策略で闘争本能が暴走したギーグハンマー。狂乱のままにハンマーを振るい目に入る全てを破壊しつくす。,とある魔界の名匠が鍛えた そのハンマーはギガトン級を 超える衝撃を受けてなお 一切曲がることがないという。,1372.webp
1373,ゴリウスの怨霊,,,ベルムドに対する怨念をキルギルに利用され魔物化。その怪力を活かして豪快に敵をかちあげる。,魔物を盾にしてアラハギーロを 守ろうとした兵士長。非情なようだが 彼なりの 愛国心ゆえの決断だった。,1373.webp
1374,魔道士キルギル,,,魔勇者をも実験素材としたマッドな魔法研究家。実験体を思うままに操りチカラを試すのが至上の喜び。,実験をくり返し ひたすらに 強い魔物を生み出すことだけを 目的として生きている。そのための手段は選ばない。,1374.webp
1375,魔人リンジャーラ,まほうのせいすい,ときのすいしょう,偽りの禁呪の祭壇に 現れた魔人化したリンジャーラ。身の危険を 感じると強力な 召喚術を使ってくる。,子供の頃から 神童と呼ばれ 才能に 自信を持っていた。その自信に キズをつけたのは 一番大切な友達だった。,1375.webp
1376,ザ・ホール,,,不思議なツボの中にしまわれた呪いや魔瘴の集合体。驚異的な吸引力でモノばかりか魔力さえも吸い込む。,うたい文句によると ザ・ホールは吸引力の落ちない ただひとつの魔物であるとか。ただし何と比べたかは不明。,1376.webp
1377,ブラッドメイジ,,,刻印を刻まれた者を供物として 主に捧げようと襲いかかってくる 謎の神官。真紅のマントが 印象的だ。,自慢のマントを より血の色に 近づけようと 染め物に励む。ムラができるので返り血は あまり浴びたくないらしい。,1377.webp
1378,スカーレットナイト,,,刻印を刻まれた者を供物として 主に捧げようと襲いかかってくる 闇の騎士。血に飢えた獣のように残忍。,多くのエモノを手にかけるたび ひるがえるマントが自然に 赤く染まったと豪語しているが 意外と実戦経験は少ない。,1378.webp
1379,グリーターデーモン,,,刻印を刻まれし者を主のもとへ届ける役目を持つ。荷物がおとなしく運ばれるようやけつくいきで動きを止める。,荷物をなるべくキズつけず 新鮮なうちに届けたいのだが たまに つうこんのいちげきを 出してしまう うっかり者。,1379.webp
1380,バッドメーア,,,グリーターデーモンのおともをしている上位種の夢魔。まくらは寝るためではなく武器とするために持っている。,下位の夢魔ナイトメーアの 血染めのまくらが血を吸いすぎ すっかり黒ずんでしまったとき バッドメーアが生まれるのだ。,1380.webp
1381,ひとくいドール,,,暗い洞くつの奥に住みつき通りがかった生き物を狙う。大きなエモノでも集団で襲いトゲを突き立てて しとめる。,おそろしい名前がついているが 人間を食べるわけではない。アタマのトゲを突き立てて 体液をチューチュー吸うのだ。,1381.webp
1382,トマホーガー,ブルーアイ,ドラゴンの皮,偽りの世界のガリアル洞にどこからか流れついた魔物。巨大なオノを振り回しあらゆるものをなぎ倒す。,トマホーガーはひとつのオノを 先祖代々 使い続けてきた。そのオノを失うことは許されず 寝る時も決して手放さない。,1382.webp
1383,魔剣士テグラム,,,ダイム老の孫のテグラムが魔勇者アンルシアの魂にあやつられ 変身した姿。魔勇者に匹敵する能力を持つ。,ダイム老を安心させるべく アンルシア姫の近衛兵になると 決めたテグラム。その決意は 当の姫に裏切られてしまった。,1383.webp
1384,エース,特やくそう,スライムおしゃれ花,スキルマスターの秘蔵っ子。修行で ぷるぷるを克服した鋼鉄の突起から繰り出されるストライクは 強烈のひと言。,スキルマスターに潜在能力を 見いだされ修行の道に。敵は その強さに恐れおののき 思わず ぷるぷる震えだす。,1384.webp
1385,リルグレイド,,,遠き銀河の彼方より 飛来せし恐るべき 侵略者の王。母星の繁栄のため他星系を滅ぼし 秘宝を奪う。,ヒトによく似た その姿は かつて 月世界襲撃を阻んだ 野蛮人をモデルに 設計した 最強の バトルフォーム。,1385.webp
1386,クリムゾンローグ,,,刻印を刻まれた者を供物として 主に捧げようと襲いかかってくる血の処刑人。血塗られたオノの一撃は強烈。,目の前のエモノに夢中になり 背中が ガラ空きになるので 常にペアで行動するようにと 首領から命じられている。,1386.webp
1387,しびれくらげ先生,,,世界中の芸人たちから先生とあがめられるお笑い界の巨匠。特にぱふぱふ芸には並みならぬこだわりを持っている。,必殺芸「いやんマダンテ！」は かつてプクランド流行語大賞で 見事グランプリに輝いた 先生往年の持ちネタである。,1387.webp
1388,禁書の守護者・左,,,,,1388.webp
1389,禁書の守護者・右,,,,,1389.webp
1390,封魔フォーゲル,,,封印した相手が存在したという記憶さえ根こそぎ奪ってしまう封印のプロ。封魔の邪法で呪文の封印も お手のもの。,封魔の主である虚無の邪神は 忘却と失意を司る神だという。神話の時代 アストルティアを 襲った悪しき存在の一角だ。,1390.webp
1391,慈愛のケモノ,けものの皮,緑の宝石,ツルツルもちもちボディにあふれんばかりの愛をもって立ちはだかる試練のケモノ。慈愛のチカラで 包み込め！,聖光教主の心に宿る慈愛が 試練のケモノに化身した姿。やわらかくて大きいのが 教主にとって慈愛なのだろう。,1391.webp
1392,希望のケモノ,けものの皮,黄色の宝石,かつて その翼に希望を乗せて大空を駆けまわったという幻のトリの試練のケモノ。希望を胸に 祈りをこめろ！,聖光教主の心に宿る希望が 試練のケモノに化身した姿。教主には空を飛びたいという 希望でもあるのだろうか？,1392.webp
1393,勇気のケモノ甲,けものの皮,赤い宝石,大きな武器を自在に振るいなにものをも恐れることなく立ちはだかる試練のケモノ。勇気を持って 立ち向かえ！,聖光教主の心に宿る勇気が 試練のケモノに化身した姿。教主いわく甲のほうは 攻める勇気らしい。,1393.webp
1394,勇気のケモノ乙,けものの皮,赤い宝石,鋭い武器をたくみにあやつり何度ヒザをついても 果敢に立ちはだかる試練のケモノ。勇気を持って 立ち向かえ！,聖光教主の心に宿る勇気が 試練のケモノに化身した姿。教主いわく乙のほうは 耐える勇気ということだ。,1394.webp
1395,英知のケモノ,けものの皮,青い宝石,武闘派に見せかけた姿とは裏腹に 呪文の奥義を極めた知勇兼備の試練のケモノ。英知で見切り はねのけろ！,聖光教主の心に宿る英知が 試練のケモノに化身した姿。この姿になるあたり 教主の 英知はかなりえげつないはず。,1395.webp
1396,デイジーちゃん,,,世界宿屋協会のリンクスが実験で造りだした ペット。改造を重ねて 戦闘力を大幅に 強化している。,戦うために造らレた ワタシは 強くナルために カラダを 改造サレ続ケタ。ああ コレデ ようやく 楽になレル。,1396.webp
1397,使い魔バジリウス,,,聖守護者の槍を盗みだしその護りのチカラを破ることを企む魔族の先兵。使い魔といえども かなりの実力者だ。,名の示す通り 主人に仕える 使い魔だが 主が何者なのかは 今のところ不明。古代の魔族に 関係しているようだが……。,1397.webp
1398,ネグールドラゴン,,,古ガリアル洞をねぐらにする身体の大きなドラゴン。魔軍十二将にあこがれており十三将の座を狙っている。,好物のグランベリーを食べすぎ ブクブクと太ってしまった。せめてスリムに見せようと 身体を黒塗りにしている。,1398.webp
1399,コスモマザー,,,宇宙船アルウェーン号に侵入していた宇宙生命体。電磁波をあやつりコピー人やキャノンで敵をせん滅する。,コスモアイの中でも選ばれた ものだけがマザーに進化する。自らの子が発する信号は宇宙の 彼方からでも受信できるのだ。,1399.webp
1400,バルザックゾンビ,,,悪名高き錬金術師が冥府から よみがえった姿。進化の秘法のためにある二人組を追っていた。,冥府から よみがえったが 思考能力は ほぼ持たず 生前の執念のみで 黄金の腕輪を探していた。,1400.webp
1401,陰の試練壱・陰霊,ガマのあぶら,げんませき,代々 陰衆の頭領にのみ召喚できる試練のための物の怪。倒すことで天地雷鳴士の陰のチカラがグッと高まる。,かつての陰衆の祖先たちの 霊魂が融合した姿らしい。そのせいか性格は少々 ひねくれていて恨みがましい。,1401.webp
1402,リルクリムゾン,,,古代の英雄グラランと死闘をくり広げし 災厄の王の魔心。ふたつ名の「赤き災い」の通り多くの国を血煙で包み込んだ。,VPマシーンでは魔物として 描かれたが 災厄の王が地上へ 降らせた 赤色流星群を示すと 主張している歴史書もある。,1402.webp
1403,暴魔アリゲーラ,小さな貝がら,げんませき,水の領界に現れた謎多き魔物は計り知れないチカラを秘めていた。倒された後は煙のようになってどこかへ流れ去っていった。,元はただのワニバーンだが 奇妙なチカラで凶暴化した。それはナドラガンドでは あまり見られない変化だった。,1403.webp
1404,紅獣バズレッド,,,紅衣の悪夢団の首領バズレッドが秘薬を飲んで狂える獣へと変身した姿。もはや理性は崩壊している。,すぐれた魔法学の知識と 最強のチカラを求める欲望が まさに紅衣の悪夢と呼ぶべき おそろしい魔獣を生み出した。,1404.webp
1405,護門将ゴウシルシャ,,,いざないの間の番人に従い門を通らんと欲する者の前に立ちはだかる試練の魔物。強烈な連続攻撃に注意すべし。,奈落の門と常世の門のはざまで さまよっていた所を拾われた。馬面の相方と暴れ回った記憶が かすかに残っているらしい。,1405.webp
1406,滅びの悪夢,,,ダークドレアムの 忠実なるしもべ。呪いで 身動きを封じ敵を 滅びの悪夢へといざないそのまま 死に至らしめる。,志なかばで死んだ 大国の王は 世界も 我と ともに滅びよと ダークドレアムに 祈り 滅びの悪夢の化身となった。,1406.webp
1407,死の悪夢,,,ダークドレアムの 忠実なるしもべ。暗黒の魔法を 操り己の魔力を 最大に高めてから敵を 死の悪夢へといざなう。,神に絶望し自害した 大司教は 全ての者に 平等なる死をと ダークドレアムに 祈り 死の悪夢の化身となった。,1407.webp
1408,殺りくの悪夢,,,ダークドレアムの 忠実なるしもべ。自在に 霧を操り終わりなき 殺りくの悪夢へと敵を いざなう。,平和をもたらした名高き英雄は 戦いへの渇望を満たしてくれと ダークドレアムに 祈り 殺りくの悪夢の化身となった。,1408.webp
1409,暴魔ゼラチド,ふしぎなドロドロ,げんませき,闇の領界に現れた謎多き魔物は妖しげなチカラを秘めていた。倒された後は煙のようになってどこかへ流れ去っていった。,元はただのケミカルゼリーだが 奇妙なチカラで凶暴化した。それはアストルティアでは 見覚えのある変化だった。,1409.webp
1410,暴魔アヴィーロ,まりょくの土,げんませき,氷の領界に現れた謎多き魔物は妖しげなチカラを秘めていた。倒された後は煙のようになってどこかへ流れ去っていった。,極光の魔鉱石に 魔瘴が 宿ることで生まれた魔物。かつて極光都市アヴィーロは 魔鉱石により栄えたという。,1410.webp
1411,創世の樹の番人,,,うっかり光の河に落ちたあげくうっかり創世の樹の実を食べて番人を押しつけられた気の毒な元おおきづちの成れの果て。,今はこの生活を満喫しているが ときどきシャバの空気を求めて 酒場にくり出しては星辰武王に おしかりを受けている。,1411.webp
1412,錯乱の竜,ホカホカストーン,ドラゴンのツノ,協団長ヒアフが 修行の末はじめて 竜化に成功した姿。荒ぶる竜の本能に飲まれ我を失い 襲いかかってきた。,一度 成功しかけたときに アタマだけ竜化してしまい 元に戻るまで 生きた心地が しなかったという。,1412.webp
1413,魔瘴魂ナドラグル,,,ナドラガ神に宿っていた魔瘴が邪悪な意思を芽生えさせた。大いなる闇の根源の分身を名乗っていたが真実はいかに？,ナドラガは六種族神と戦うため 魔瘴のチカラを取り込んだが そこには大いなる闇の根源の ワナが張り巡らされていた。,1413.webp
1414,水神ギルギッシュ,,,霊木のしずくを守るという雄峰ランドン山頂の湖の主。それは ある魂と同化する前の水竜ギルギッシュだった。,誰も知らないほど昔から 雄峰ランドンに住まう竜。その存在はいつの時代も 神秘の樹木と共にあった。,1414.webp
1415,浄化のたまねぎ,きよめの水,ビーナスのなみだ,この世で最も清浄な身体を持つ聖なるタマネギ。分身と呪文で敵を打ち倒す最も精強なタマネギでもある。,身体が清浄すぎるのが じつはコンプレックス。自分が臭くないことを恥じ 流した涙は至純の輝きを放つ。,1415.webp
1416,キングスパーキー,ひかりの石,ときのすいしょう,突然現れた冒険者に敗北した後その悔しさをムネに猛特訓。新たな技の会得に成功してリベンジの機会を待っていた。,ビルドアップしたボディに加え 王者の風格すら備えたのだが 光り物を集めることだけは やめられなかったもよう。,1416.webp
1417,ゼドラの影,,,５０００年の時を生きた巨竜が魔瘴に蝕まれた姿。その耐え難い苦痛に自我を失い世界に仇なす災厄と化した。,完全に自我を失う直前 彼が最後に思いうかべたのは 遠く なつかしき家族と 愛する相棒の姿だった。,1417.webp
1418,ラーヴァドラゴン,ようがんのカケラ,炎魔の焼け石,炎を食らって永遠に生きるとの伝説もある五つ首のドラゴン。絶え間のない炎を浴びた者は灰も残さずに焼き尽くされる。,悪友であるディエゴの手伝いを するかどうかで5つのアタマの 意見が割れたが3対2の僅差で 手伝うことに決まったらしい。,1418.webp
1419,スライド,,,バルディスタの陰の実力者？ 小さな身体に秘めたチカラでカモをバタバタなぎ倒すとっても わるいスライムだ！,自分より身体の大きな魔物に バカにされるのが悔しくて 死ぬほど鍛えて強くなった。正真正銘の努力家でもある。,1419.webp
1420,ヒポキン,,,バルディスタ札付きのワル。オノを振り回し カモをおびえさせる とってもわるいヒッポキングだ！,新調したオノを振り回し いずれは魔界を統一すると イキがっていたが スライドに ポコられ 舎弟になった。,1420.webp
1421,アシュー,,,バルディスタ札付きのワル。右手の剣と左手の盾で カモをビビらせる とってもわるいアッシュリザードだ！,じつは 剣と盾は見かけ倒しで 剣術なんて からっきし。小さくても強いスライドに あこがれ 自ら舎弟になった。,1421.webp
1422,魔瘴狼イジャラン,,,うっかり魔瘴石に触れた影響で凶暴化した さんぞくウルフ。はげしい頭痛が理性をむしばみ欲望のままに敵を引き裂く。,及ばざれば衰弱の果てに死に 過ぎたれば暴走の果てに滅ぶ。魅力的だが厄介でもある魔瘴は 長年 魔界を悩ませ続けてきた。,1422.webp
1423,殺りくのグレボス,,,ケルヘナ幻野の界隈をなわばりとする ならず者。弱そうな者を見つけるととりあえずインネンをつける。,二つ名は 自らつけたもの。あまり殺しはしない主義だが この二つ名のおかげで 勝手に恐れられて便利らしい。,1423.webp
1424,死霊姫ヤサギリ,,,ギスマイヤーが死霊の書で召喚した タチの悪い死霊。聞くのもおぞましい呪いの歌を絶唱しながら襲いかかる。,自身を貴人と思い込んでいるが 生前は野盗のかしら。強奪した 金品に囲まれて暮らすうちに 妄想に飲み込まれてしまった。,1424.webp
1425,死霊兵クロマゲ,,,ギスマイヤーが死霊の書で召喚した陰険な死霊。生前はモリナラ大森林を根城にする兵士くずれの野盗だった。,飲む 遊ぶ 奪うという 享楽的な日々を過ごした挙句の 突然死。武士道ならぬ不死道を 歩みだすも無念に終わる。,1425.webp
1426,死霊王ギスマイヤー,,,死霊の書に魅入られ 道を踏み外したデスマスター。死霊の王国を築くことを夢見てヘドロの沼地に沈んだ。,生物の死体に愛着を抱き 標本収集を趣味にしていた。死の直前 収集した品々の 行く末を案じ 涙した。,1426.webp
1427,死霊兵ガテリアン,,,ギスマイヤーが死霊の書で召喚した凶悪な死霊。無数の戦死者の魂が結集し死と殺りくをまき散らす。,死霊兵ガテリアンに宿る魂は ウルベア地下帝国との戦争で 命を散らしたガテリア皇国の 兵士たちのものである。,1427.webp
1428,せんりつザクロ,サンドフルーツ,ごくじょうソルト,砂漠の宝石と呼ばれる高級果実くれないザクロを落とす。果実狙いの盗人を返り討ちにし戦慄させること数知れず。,くれないザクロは単に好物で おやつに携帯しているらしい。トボけた顔をしているが じつはかなりのグルメなのだ。,1428.webp
1429,陰獣,,,いにしえよりテンオツ貴人に仕える美しく気高き獣。世界の陰と陽の均衡を保つためいつも陽獣と一緒にいる。,古くから土の守り神として エルトナ大陸の豊穣の祈りを 受けてきた。テンオツ貴人の そばで昼寝をするのが好き。,1429.webp
1430,陽獣,,,いにしえよりテンオツ貴人に仕える美しく気高き獣。世界の陰と陽の均衡を保つためいつも陰獣と一緒にいる。,古くから水の守り神として エルトナ大陸に豊かな潤いを 与えてきた。テンオツ貴人と 手まりで遊ぶのが好き。,1430.webp
1431,陰果の罪業,,,天地雷鳴士 陰衆が代々請け負ってきた闇が蓄積され次第に形を成していき自我を持つまでになった存在。,陰衆の頭領ヨイの身体を のっとろうとしていたが アサヒに入ってしまったため 調整に時間がかかったらしい。,1431.webp
1432,陰果の罪業・核,,,陰果の罪業の核となる邪念。大きな汚れが小さなシミから広がるように 巨大な邪悪も小さな罪から生まれるのだ。,代々陰衆では汚れ仕事を 請けた際 罪の意識を薄める 術を使っていたが その罪まで 消えるわけではなかったのだ。,1432.webp
1433,剣魔の伝霊,,,剣の霊壇に祭られている剣魔の里の守護霊。実力のある剣魔一族の者に奥義 剣魔顕現を授ける。,奥義を授けるとき以外は 眠っているため 剣魔の里が すでに滅んでいることを 彼はまだ知らない。,1433.webp
1434,未完の魔導鬼,よごれたほうたい,炎魔の焼け石,未完のご神体の間を守護するが自身の名前すら記憶にない未完成の魔物。魔導鬼一族に似ているが詳細は不明。,ご神体の間の守護のほかに 何かの花を消し去る使命を 帯びていたような気もするが きっと 気のせいだろう。,1434.webp
1435,未完の破戒王,ふさふさの毛皮,まじゅうのツノ,創造主を絶対視するがその名前すら記憶にない。破戒王ベルムドに似せて創られた未完成の魔物。,わきあがる人間への憎悪に 戸惑いつつも この感情こそが 記憶を取り戻すカギだと信じ ただ憎しみをたぎらせる。,1435.webp
1436,超心覚の錬獣,,,五感を超える新たな感覚である超心覚を会得するために星辰武王によって召喚された光の河に棲む 聖なる獣。,出番のない時は光の河の奥で 猫のように丸まって寝ており 呼ばれても 一向に起きない。相当ぐうたらなヤツらしい。,1436.webp
1437,オン,,,アズラン地方に住まう土着神。怒りっぽいが豪快で気のいい温泉の神さまのひとり。火のチカラをつかさどる。,オンセンズというコンビ名で センと一緒に プクレット村の 演芸グランプリに出るのが夢。熱く騒がしいツッコミ担当。,1437.webp
1438,セン,,,アズラン地方に住まう土着神。冷静沈着だが流されやすい温泉の神さまのひとり。水のチカラをつかさどる。,オンセンズというコンビ名で オンと一緒に プクレット村の 演芸グランプリに出るのが夢。一見クールなボケ担当。,1438.webp
1439,遺跡の守護者,,,ザード遺跡で石の魔人に使役されるゴーレム。海運都市ザードの防衛は彼らが担っていた。,身体に描かれた紋様は ザード遺跡の壁にも見られる。かつて砂漠を支配した大ダコの 怨霊を鎮めるためのもの。,1439.webp
1440,歌声の化身,,,五声のひとつ「歌」の声を体現する声霊と呼ばれる存在。天唱楽師がゲストとして招き試練のライブをおこなった。,彼の歌声はどんなに遠く はなれていても必ず届く。たとえ耳をふさいでいても 頭の中に直接ひびくという。,1440.webp
1441,反逆者ゴッツェ,まじゅうのツノ,暗夜の魔石,大魔王に反旗をひるがえす魔界解放軍のリーダー。特別な魔瘴石のチカラを使い大魔王の座を狙う。,「大魔王に達する7つの習慣」 「ヴァルザード戦記」 「目指せネロドスボディ」 などの本を愛読している。,1441.webp
1442,ネロドスシャドウ,,,彫刻家モヒペンコが呼びだした大魔王ネロドスの幻影。不死のチカラこそないがその強さは本物に匹敵する。,生みだされた幻影は 強さこそ申し分ないが 元となった彫像から離れると たちまち消えてしまう。,1442.webp
1443,アトラスネオ,,,暗黒球を進もうとする者の前に立ちはだかる邪悪な巨人。チカラまかせに振るわれる棍棒の一撃は大地をも砕く。,見た目に似合わず地図を見て その場所を想像するのが好き。暗黒球から出られなくても 一向に苦にならないらしい。,1443.webp
1444,バズズエリート,,,暗黒球を進もうとする者の前に立ちはだかる狡猾な魔獣。策略で相手を破滅させることに無上の喜びを感じている。,若い頃から有能と評判で 出世街道を歩いてきたが その結果 暗黒球勤めに。左遷ではないかと疑っている。,1444.webp
1445,ベリアルオリジン,,,暗黒球を進もうとする者の前に立ちはだかる残忍な悪魔。持ち前の高い戦闘力は 一国の軍隊に匹敵すると怖れられる。,我こそ全ベリアルの始祖である との誇りを胸に生きているが 暗黒球暮らしで同族にも会えず プライドが満たされない日々。,1445.webp
1446,滅びの剣アンルシア,幻獣のホネ,彼岸の砂,メドナムにより 滅びの手の相方として生みだされた存在。魔勇者が抱いていた世界への憎悪が存在の核となっている。,オリジナルの魔勇者と同様に マデサゴーラに認められる 存在でありたいと願ったが ついにかなうことはなかった。,1446.webp
1447,マデサゴーラ,,,メドナムにより滅びの手として生みだされた存在。作品への評価が厳しく 失敗作である偽りの世界の破壊を試みる。,オリジナルの大魔王と比べると 自分の作品への愛着が薄く 完璧主義ばかりが極まって ついつい壊してしまいがち。,1447.webp
1448,絶望のダークネス,ガマのあぶら,激震のキバ,少女ソノラの心の闇が生み出した ちいさな怪物。子供のように駄々をこねながら襲いかかってくる。,友達からもらった宝物を 捨てられてしまった絶望が 具現化した存在。いつも キーキーと嘆いている。,1448.webp
1449,憎悪のダークネス,へびのぬけがら,激震のキバ,少女ソノラの心の闇が生み出した ちいさな怪物。子供のように駄々をこねながら襲いかかってくる。,母親が勝手に大切な宝物を 捨てたことに対する憎悪が 具現化した存在。いつも キーキーと怒っている。,1449.webp
1450,邪毒のウィーヌム,どくどくヘドロ,ナイトメアリーフ,人々の心に毒を植えつけその絶望を喰らうことを至上の喜びとする外道。好みの調理法は絶望の串焼き。,魔界で著名な美食家だったが 魔界にはない絶望の味に 魅せられ アストルティアへ 活動の場を移した。,1450.webp
1451,絶望の魔剣士,,,魔剣士ディゼルが絶望に飲まれ自我を失った姿。暴走する感情と魔の波動を抑えられずすべてを破壊しようとする。,父さんと母さんは俺が死ねば 俺を許してくれるだろうか？ 頭の中が黒く塗りつぶされて もう何も考えられない……。,1451.webp
1452,亡霊レブロ,,,かつて ネクロデア王国で名を馳せていた武器鍛冶職人。大魔王になるべき者のため技術書を守り続けていた。,生前 数えきれないほどの 武器を作り上げてきたが 振るうのは初めてだったため 内心 冷や冷やしていた。,1452.webp
1453,ザハルピオン,どくどくヘドロ,宵闇のジェル,ザハディガル岩峰に棲む伝説の巨大サソリ。その尾針には竜をも殺す強い毒を持つという。,バルディスタ軍ではその猛毒を 武器として利用している。過去にはある将校が私欲のため 盗み出したこともあるとか。,1453.webp
1454,凶拳暴鬼ダルカス,げんこつダケ,ぶどうエキス,武闘魔ガウラドの師匠。かつて魔界で凶拳暴鬼の異名をとどろかせた武闘家だったが超天道士に敗北し落ちぶれた。,彼がガウラドを救ったのは 気まぐれなどではない。ゴロッキをにらむ幼い目に宿る 強い反逆の光を感じたからだ。,1454.webp
1455,百怨邪ジャモー,,,伝説の魔鳥 百怨邪として魔界のすべてを手に入れるためツボの中での長き眠りから目覚めた ももんじゃ。,雄ももんじゃたちが開く イケメンコンテストに出たら ダントツ優勝のイケメンだが 本人にその自覚はない。,1455.webp
1456,呼声の化身,レッドアイ,大地の羽毛,五声のひとつ「呼」の声を体現する声霊と呼ばれる存在。天奏士ピパップの呼び声に応じ待ち合わせの場所に現れた。,呼ばれたサポートパイルは そのとき何をしていても急いで 駆けつけなければならない。食事中でもおかまいなし。,1456.webp
1457,オバケのピッピ,,,言うことを聞かない子供たちをさらってしまうというオバケ。月明かりの家の子供たちによりツボの中に閉じ込められた。,子供をさらうことができたら 盛大にもてなして翌日には 家に帰してあげるつもりだが 一度もさらえたためしがない。,1457.webp
1458,言声の化身,さえずりのみつ,ささやく枯れ葉,五声のひとつ「言」の声を体現する声霊と呼ばれる存在。天奏士コトノハの呼び声に応じ言の葉の舞う地に現れた。,強い思いの込められた言葉は その望みや恨みを具現化し 現実に影響をもたらしていく。それがすなわち呪文なのだ。,1458.webp
1459,剣魔ジルドラーナ,,,一族に伝わる究極奥義 剣魔顕現を使って強大な剣魔と化した魔元帥ゼルドラドの娘。,彼女は父の仇に挑戦した。それは恨みからではなく 自分自身を試すため。そして すべてに決着をつけるため。,1459.webp
1460,守護者ミトロン,,,ルファ神殿の最上階に現れた創生の祭壇の番人。光のチカラを探すモモモたちに試練として立ちはだかる。,ルティアナの依り代である イルーシャが神殿を訪れた時は 出現しないルールになっており サボっていたわけではない。,1460.webp
1461,忘我のシシカバブ,,,様々な願いをかなえた代償に悪霊に呪われたシシカバブ。ユシュカのためにみがいた多彩な技で襲いかかってくる。,デモンマウンテンに引き続き またもや呪われてしまった。純粋な心の持ち主だからこそ 呪術にかかりやすいのだ。,1461.webp
1462,フェンダ,,,元バンドマンの夫を持つバリバリのキャリアウーマン。仕事では辣腕を振るいバトルとなれば剛腕を振るう。,チケット争奪戦を制するため つちかった情報網と人脈 ライブ遠征でつけた体力が 今の彼女の礎となっている。,1462.webp
1463,ハルバルド海賊団,ウルベア銀貨,レンダーシード,ハルバルド海賊団の団員たち。その中でもウデの立つ３人がハルバルド船長の護衛として常に行動を共にしている。,それぞれエモノが異なるのは ハルバルド船長の命令。あらゆる敵に対応できるように 戦法を固定しない主義なのだ。,1463.webp
1464,ハルバルド船長,ウルベア金貨,黒アイパッチ,悪名高いハルバルド海賊団を率いる悪逆非道の海賊船長。マドロック船長とは同じ船の乗組員だった過去がある。,かつてはオノを愛用していたが マドロックがブーメランを 使うのを見てワシにもできると ブーメラン使いに転向した。,1464.webp
1465,怨讐のゲーダム,,,女王ディオーレの命令でハルバルド海賊団捕縛を目指す魔法戦士だったが海神の秘宝の闇のチカラに飲み込まれた。,海神の秘宝には海の邪神の チカラの一部が宿っていた。それは怨嗟の邪神と呼ばれる 存在と同一のものらしい。,1465.webp
1466,グリゴリきょじん,,,試練場のグリゴリぼうずが英雄たちにリベンジしようと天啓の霊玉のチカラでパワーアップした姿。,天啓の霊玉を手に入れるため 神様のフリをして 天使をだましていた時が 思いのほか楽しかったらしい。,1466.webp
1467,カーズ・ド・バニー,,,無垢なる愛で迎えられいつのまにか忘れられた。さみしさと心細さで魔物と化したウサギのぬいぐるみ。,とある骨董屋の店主いわく 稀代のぬいぐるみ職人が 魔界のプリンセスのために 一針一針縫った逸品だとか。,1467.webp
1468,アブカート,,,生前は聡明なるアブカートと呼ばれていた。ある王に仕えイーリィンと並びそろって王の両翼を担っていた。,誰より聡明で野心家の王は それゆえ孤独だった。皮肉にも かの女王は王を理解できる 唯一の相手だと思っていた。,1468.webp
1469,イーリィン,,,生前は勇敢なるイーリィンと呼ばれていた。かつて 多くの首級を挙げた槍と主君への忠誠心は死してなお苛烈。,数百年前の隣国からの侵略が 二国の対立の始まりだった。イーリィンの祖先も幾人か 仇敵の刃により落命している。,1469.webp
1470,哭声の化身,よるのとばり,おぼろ水晶,五声のひとつ「哭」の声を体現する声霊と呼ばれる存在。天奏士アカカの呼ぶ声に応じザグビナ遺構に現れた。,悲しみや苦しみをくり返し もはやナミダすら枯れ果てた。そのヒトミは何も映すことなく ただ虚無を見つめている。,1470.webp
1471,妄執のグリンデア,,,神々の時代 天星郷に仇なし封じられた存在。光の河から現れ 飛び去る姿を少女に天使と見間違えられた。,神に軽んじられ不当な扱いを 受けたと逆恨みし 光の神殿を 急襲するが時すでに遅く 神々はその姿を消していた。,1471.webp
1472,呪いの歌姫,,,６００年前にコルレーン王国に現れた魔物。その歌声はどんな作物も枯らしてしまうという。,趣味のガーデニングの最中に つい鼻歌を歌ってしまい 植物を枯らしてしまうのが 目下の悩み。,1472.webp
1473,原始獣フォドラス,,,太古のドワチャッカ大陸で暴虐の限りを尽くした魔物。当時 大地の三闘士が死闘の末に封印した。,三闘士の心域で発見された 宝石から現れたということは 記憶の産物であるということ。つまり本物は今もどこかに？,1473.webp
1474,闇のプスゴン,エルトナスイセン,イエローオーブ,闇のキーエンブレム・緑の邪悪なチカラに あやつられ我を失い 凶暴化してしまった怪獣プスゴン。,今もスイゼン湿原のどこかで すっかり 無口になった マイ・スウィートハートと デートを楽しんでいるらしい。,1474.webp
1475,闇のクァバルナ,ドワチャカオイル,グリーンオーブ,闇のキーエンブレム・黄の邪悪なチカラがポロヌスの穴一帯にただようクァバルナの残留思念に形を与えた。,もしもエルジュたちより先に クァバルナを発見した者が いたなら その相手に乗り移り 実体化してしまっただろう。,1475.webp
1476,ケイト,ぶどうエキス,烈風石,疾風のように現れた暴風のような冒険者。あこがれのエックスさんに追いつくため強さを求める。,集めた 闇のキーエンブレムは あこがれのエックスさんに 会えたら プレゼントする つもりだった。,1476.webp
1477,蘇りしラズバーン,,,かつての主 大魔王ネロドスの不死のチカラにより蘇った守護者ラズバーンの真の姿。冥王ネルゲル復活をもくろむ。,アストルティア侵略のためには 勇者との戦いを避けねばと悟り ラズバーンは500年かけて 冥王ネルゲル誕生を画策した。,1477.webp
1478,キリングエナジー,,,創世のピラーの暴走を告げる炎のごときエネルギーの化身。あふれる熱気をほとばしらせ冷酷非情に襲いかかってくる。,過去の暴走で天使ヘファースが 命を落とすことになったのは こいつと相打ちになったため。思いがけぬ敵討ちとなった。,1478.webp
1479,呻声の化身,まじゅうの皮,激震のキバ,五声のひとつ「呻」の声を体現する声霊と呼ばれる存在。天奏士ガランの呼ぶ声に応じ荒ぶる魂の水湖に現れた。,己をかえりみることなく ひたすらに肉体をきたえつづけ 耐えがたき苦しみに耐えた。その先に待つものは果たして？,1479.webp
1480,バズッチャイーナ,ピンクパール,幻獣の皮,ピンクの毛がキュートな自称バズを統べる神。スウィーティーな絶技の数々 め・し・あ・が・れ☆,ポップでバズな写真を撮って まちかど掲示板にアップし おひねりを稼ぐことで 生活しているらしい。,1480.webp
1481,風の竜イゾラ,,,神話の時代から存在するといういにしえの竜の１匹で風のチカラをつかさどる。無明導師イゾラの真の姿。,古き伝承によると 風の竜は いにしえの竜の中で もっとも 聡明なるものと言われており 雷の竜の相方が いたという。,1481.webp
1482,修練の竜アズーロ,,,イゾラの弟子 アズーロが竜化した姿。強くなりたいと強く願い 竜化の術を会得したその才能は底知れない。,師イゾラを尊敬しイゾラ推しの 第一人者を自負している。得意の手料理で 師に喜んで もらえるのが 何よりの楽しみ。,1482.webp
1483,蘇りしマアモン,,,蘇りし冥王ネルゲルの呼びかけに応え 冥府の淵より帰ってきた大怨霊マアモン。怨念のまま襲いかかってくる。,みごと現世に蘇りし暁には 大陸中のドワーフを滅ぼし ドワチャッカの金銀財宝を 我が物とするつもりだった。,1483.webp
1484,蘇りしジュリアンテ,,,蘇りし冥王ネルゲルの呼びかけに応え 冥府の淵より帰ってきた妖魔ジュリアンテ。怨念のまま襲いかかってくる。,みごと現世に蘇りし暁には オーガの王たちをあやつり 全種族へ宣戦布告させ 世界を 戦火に包むつもりだった。,1484.webp
1485,蘇りしイッド,,,蘇りし冥王ネルゲルの呼びかけに応え 冥府の淵より帰ってきた魔軍師イッド。怨念のまま襲いかかってくる。,みごと現世に蘇りし暁には メギストリス王家の血を絶やし 魔瘴でプクランド大陸を 覆い尽くすつもりだった。,1485.webp
1486,蘇りしアラグネ,,,蘇りし冥王ネルゲルの呼びかけに応え 冥府の淵より帰ってきた怪蟲アラグネ。怨念のまま襲いかかってくる。,みごと現世に蘇りし暁には エルフの聖地を破壊し エルトナ大陸全土を死と絶望で 埋め尽くすつもりだった。,1486.webp
1487,蘇りしバサグランデ,,,蘇りし冥王ネルゲルの呼びかけに応え 冥府の淵より帰ってきた暴君バサグランデ。怨念のまま襲いかかってくる。,みごと現世に蘇りし暁には 封印の巫女とその血脈を 皮切りにウェナ諸島全土を 滅ぼし尽くすつもりだった。,1487.webp
1488,蘇りし冥王ネルゲル,,,５つの闇のキーエンブレムのチカラによって 再び蘇りし冥王ネルゲル。もっとも強き冒険者の魂を 食らわんとす。,アストルティアで倒された 悪しき魔物や悪人の魂は 復讐のため 皆すすんで 冥府の王の糧となったという。,1488.webp
1489,無声の化身,,,五声に新たに加わった六の声「無声」を体現する声霊。五声の試練を超えた者によって生みだされ無の境地に現れた。,声に出して伝えられない。そういうこともあるだろう。しかし想いはいつか通じる。あきらめてはならない。,1489.webp
1490,原始のスライム,,,混沌の大地に 生まれたブルルンとした水色の巨体と無垢な まなざしがかわいらしい？モンスター。,皆さん おなじみのアイツらも 元は この1匹から始まった。彼こそが アストルティアで 初めてのスライムなのである。,1490.webp
1491,マスターグレイト,烈風石,風竜の羽毛,スキルマスターの弟子が呼ぶ最強クラスのドラゴン。マスタークラスを目指す者に資格があるか見極めんとする。,名前にある「マスター」は スキルマスターが与えたが 彼自身が変身した姿ではないか というウワサも絶えない。,1491.webp
1492,門より出でし者,,,地獄の門から生成された本来アストルティアには生息しない魔物。この討伐がガーディアンの任務のひとつ。,門から生み出される魔物は その時によって姿が異なるため これらの魔物たちを総称して 門より出でし者と呼んでいる。,1492.webp
1493,門より出でし魔獣,,,地獄の門から生成された魔獣。門の封印が ゆるんでいるため常時よりも強力な魔物が生成されるに至った。,魔神族ストレザーテの魔力から 生み出された。残忍かつ狡猾な 気質もストレザーテ本人の 性格が反映されたもの。,1493.webp
1494,魔神族の影人形,,,封印が解けた地獄の門から生成された おぞましく強大な魔物。門そのものがある限り何体でも生み出される。,魔神族ストレザーテは無限の 魔力により姿を自在に変えた。本来の姿は雲をつくほど巨大で その頭は地獄の門に似ていた。,1494.webp
1495,ダースロード,ドラゴンの皮,激震のキバ,不安定な創生のチカラを取り込んだダースドラゴン。通常の個体よりも高い知能と強いチカラを持っている。,ある天使に敗れ 長い間 封印されていたため 天使を憎み どうやって 皆殺しにするかを考えていた。,1495.webp
1496,天奏士シーギア,,,天唱楽師に仕える者のひとり。最初に天奏士となった人物で彼の秘書的な役割をしている。性格は おっとり型。,天奏士の役割のひとつは 寝食を忘れて演奏にふける 天唱楽師をいさめたり 何かと世話を焼くことである。,1496.webp
1497,天奏士ピパップ,,,天唱楽師に仕える者のひとり。天奏士としては新参だがまわりからの人気は高い様子。かなりのお嬢様気質。,天奏士の役割のひとつは 慰問と称して天唱楽師が開く 演奏会に参加し 歌と踊りで 場を盛りあげることである。,1497.webp
1498,天奏士コトノハ,,,天唱楽師に仕える者のひとり。若く見えるが 天奏士の中ではじつは いちばんの年上。性格はとても実直。,天奏士の役割のひとつは 五つの大陸の「声」のチカラが 集まる場所で チカラの状態を 監視することである。,1498.webp
1499,天奏士アカカ,,,天唱楽師に仕える者のひとり。天奏士ピパップに次ぐ新参でまだまだ修行中の身。性格はちょっと臆病。,天奏士の役割のひとつは 「声」をつかさどる声霊と 密に連絡を取りあい 良好な関係を保つことである。,1499.webp
1500,天奏士ガラン,,,天唱楽師に仕える者のひとり。粗野なふるまいが目立つがそこを主に気に入られたとか。がんばり屋さんとのウワサも。,天奏士の役割のひとつは 必要とあらば それぞれが 得意とする武器を手にして 戦いにおもむくことである。,1500.webp
1501,天声の化身,,,かつて五声に分かれた原初の声「天声」を体現する化身。六聖陣のひとり 天唱楽師の身を借り 天声の間に現れた。,天声は 女神ルティアナの声。呼 言 歌 哭 呻の声となり 五つの種族に加護を与え 生き方に影響をもたらした。,1501.webp
1502,混沌竜ランブルス,,,神話の時代にナドラガンドの混沌の地が生みだした魔物。その凶暴さたるや大地を破壊する勢いである。,5つのアタマのうちの1つは じつは おとなしい性格で 暴れたくないと思っているが なかなか言いだせずにいる。,1502.webp
1503,ギガデンデロベー,,,黄金の果実をクチにして脅威のパワーアップをとげたデンデロベー。クチからはなぜかふしだらな香りがする。,ねえ モーモリーナ…… 神気を宿して輝くぼくの姿を 見ておくれよ。まるで 天に煌めく星みたいだろう？,1503.webp
1504,ギガモーモリーナ,,,黄金の果実をクチにして脅威のパワーアップをとげたモーモリーナ。サングラスの強度と輝きも大幅アップ。,アンタに詰まっているのは 神気じゃなくて脂肪！ メタボが原因で病気になれば 天に召されて星になれるわよ！,1504.webp
1505,クルミンクス,,,ゴーラのほら穴に棲む魔物。鋭い嗅覚で 希少なツヤツヤくるみを見つけてはせっせと蓄えている。,ツヤツヤくるみの食べ過ぎで 肥大化してしまったため そろそろダイエットしようかと 考えている。,1505.webp
1506,亡国の記憶,,,王家の墓にひそむ謎の存在。グランゼドーラ王国の建国にも何かしら関係があるらしい。,正体は勇者アジールの亡霊。ゼドラ王国崩壊後の混迷の時代 グランゼドーラ初代王と共に 人々を平和へと導いた。,1506.webp
1507,謎のバケモノ,,,オルセコ高地の漆黒の間に現れた謎の化け物。死に際に何やら意味深なことを言い残している。,真っ黒な身体をしているが 本人的には満足しておらず さらなる黒さを求めて 漆黒の間を訪れたらしい。,1507.webp
1508,ルーイン,,,ドラゴラムで竜化した竜術士ルーイン。奥義を習得するやいなやバウギスに襲いかかる。,そこそこ気に入った姿に 竜化できたため 自身に眠る潜在的なチカラに 自信を持ってしまったようだ。,1508.webp
1509,虚竜王グリーデル,,,かつてバウギスのチカラを奪い生まれた虚竜のなれの果て。チカラを求めてあらゆるものを破壊しつくす。,数百年ぶりに復活できたため もう楽しくてしょうがない。復活直後は何時間もの間 大空を翔け回った。,1509.webp
1510,アサヒ,,,滋陽強壮の薬というあやしげな薬を飲んでパワーアップしたアサヒ。普段より元気ましましらしい。,陽のチカラを高めることで 術者の能力を極限まで引きだし げんまの4体同時召喚という 無理を押し通した。,1510.webp
1511,お掃除マシン・白式,,,アラハギーロの地下倉庫に設置されていた清掃マシン。ハイパーお掃除モードで倉庫を根こそぎ片付けちゃいます。,大きなゴミから小さなチリまで 逃さずキャッチ。両腕の オプションパーツを 変えれば 防犯用にも使える優れモノだ。,1511.webp
1512,チュピちゃん,,,エドアルドが作った木製の鳥のおもちゃ。普段は温厚でヒトを襲うようなマネはしないとても いい子なのだが……。,悲嘆に惑い闇雲に飛んでいたら 灯台にぶつかり部品がとれた。認知回路が乱れ 近づく者を 敵と判断するようになった。,1512.webp
1513,慟哭のロベール,,,ふたたび精霊の泉で遭遇した謎の亡霊。その正体はムニエカを去った元住民ロベールその人だった。,人前ではオルーサのことを おふくろと呼んでいるが ふたりきりでいるときは おかあさんと呼ぶらしい。,1513.webp
1514,赤眼のギガントヒルズ,大きなうろこ,悲願の血涙,燃えるような赤い目を持つため赤眼の魔物と呼ばれているが正式名称ではない。鋭利な爪で容赦なく敵を切り裂く。,赤眼の魔物に対抗すべく 討伐ギルドが結成されたが 灼光骨を持っていること以外 多くが謎に包まれている。,1514.webp
1515,魔剣神レパルド,ふさふさの毛皮,まじゅうの皮,神のチカラを宿した魔剣に魅入られし武人の成れの果て。貪欲に強さを求め 無双の剣技で 強者の命を喰らう。,ナゾの洞窟に人が来なくなって もはや幾星霜……。魔剣神といえども長期の ブランクは重かったようだ。,1515.webp
1516,神獣ゼナベスティア,,,父 主神グランゼニスの神獣ラキをもとにゼニアスの民の脅威たるべしと女神ゼネシアが創生した忠実なる神獣。,ラキに匹敵する強さと ラキよりも残忍な心を持ち 主が望むなら国ひとつ滅ぼす こともいとわぬ忠実な神獣。,1516.webp
1517,呪魔バルシラ,,,バジっ娘一族の大長老を務めるバルシラがバジルーラを奪った魔物から呪いを受けたすえの姿。,ストレスがたまった時は あえて この姿に変身し ホールケーキを丸ごとで食べて 発散している。,1517.webp
1518,赤眼のギガンテス,暗黒の樹木,大きなホネ,燃えるような赤い目を持つため赤眼の魔物と呼ばれているが正式名称ではない。愛用の棍棒をふるい 敵を粉砕する。,限られた赤眼の魔物だけが 灼光骨を持つ。骨に秘められた チカラが所有者の能力の 限界を引き上げているようだ。,1518.webp
1519,キュロンイーター花,,,白い星形の花を背に咲かせたキュロンイーター。通常より臆病で神経質になっており暴れだすと手が付けられない。,一見かわいらしい花だが キュロン人にとっては死を 意味するためキラースターと 呼ばれ 恐れられている。,1519.webp
1520,精霊獣ペリッチィ,こうもりのはね,せいれいせき,隠者パンメッポが呼びよせたジャンボでキュートな精霊獣。魅惑のぽよよんボディは精霊以外の攻撃に耐性がある。,じつは試練にはバイトとして 手伝いにきていたらしい。バイト代はパンメッポが 身を削って絞り出した精霊力。,1520.webp
1521,精霊を喰らうもの,するどいキバ,まじゅうの皮,陰者ブロズが呼び寄せた暴飲暴食の精霊獣。精霊が大好物で 発見すると目の色を変えて突進する。,周りに精霊がいないときは ブロズの精霊力を食べている。超がつくほど大食らいなので ブロズの体重が激落ちした。,1521.webp
1522,精霊超人ブロズ,まほうの樹木,せいれいせき,陰者ブロズが精霊を吸収しそのチカラで超人化した姿。自然を破壊する人々を憎み人類滅亡を誓っている。,はじめて精霊を目にしたとき あまりの美しさに心を奪われ 必ず守ると誓った。純粋すぎる 思いが 彼を凶行に走らせた。,1522.webp
1523,サミュエル,,,創失の主神によって蘇りガナン帝国領に出現した正体不明の魔物。,かつてゼニアスを 滅ぼさんとした堕天使と 似た模様の翼を持つのは 果たして偶然だろうか……。,1523.webp
1524,粘糸蟲ジュバーク,,,いくつもの町を滅ぼしたという何でも食べる悪食のクモ。大量発生したクモが一斉にすべてを食い荒らしてしまう。,「質より量」がモットー。仲間のクモが増えるまでは 粘糸でフタをした穴ぐらに潜み ひっそりと暮らしている。,1524.webp
1525,マンモスドラキー,,,食欲旺盛なドラキーが巨体となった突然変異種。小柄なドラキーたちからは一目も二目も置かれる存在。,身体が重くて飛びづらいが ドラキーたちの尊敬を 失うことを恐れるあまり 減量はしないようにしている。,1525.webp
1526,赤眼の尖兵,小さなホネ,悲願の血涙,燃えるような赤い目を持つため赤眼の魔物と呼ばれているが正式名称ではない。４本の腕で激しい斬撃をくり出す。,赤眼のデスライダーに従い どんな命令も忠実にこなす。一切言葉を発することがなく 心のない兵器のように戦う。,1526.webp
1527,赤眼のデスライダー,ようがんのカケラ,彼岸の砂,燃えるような赤い目を持つため赤眼の魔物と呼ばれているが正式名称ではない。愛用の槍で敵を突き刺し 魂を抜き取る。,赤眼の尖兵を従える統率者。灼光骨を持っていたことから 赤眼の魔物の中で高い地位に あることが うかがえる。,1527.webp
1528,魔狼ラキ,,,聖湖ゼニートの住民たちを安心させるため わざと悪しきオオカミとして倒されようと芝居をうった。,誰にもケガをさせないよう 手加減して戦うつもりだったが 相手があまりに強いので つい 本気になってしまい 反省した。,1528.webp
1529,さんぞくウーパー,,,ウパソルジャー軍を脱走し山賊に身をやつした魔物たち。その実力は武術を習得したアマラーク兵も戦慄するほど。,子供の頃から札付きのワルだが 仲間への信頼は深い。軍からの脱走も仲間のひとりが 上官にイビられていたから。,1529.webp
1530,ブラッドビーク,,,黄金の羽を持つ つがいの鳥。夫婦の絆はとても固いが性格は荒く そのクチバシはエモノの血に染まっている。,ある魔鳥の巣だった ほら穴を 愛のすみかにしようとしたが その血の気の多さが仇となり マイホーム計画は夢と消えた。,1530.webp
1531,不滅のフォロボッソ,,,はるか昔 ゼニアスに襲来した魔空５兄弟の末弟。不死の特性を持っていて倒されても いずれ復活する。,魔空界では兄弟の戦いに敗れ 復活後のゼニアスでは 当時の英雄に敗れ 封印された。負けすぎて落ち込んでいる。,1531.webp
1532,赤眼のサイレス,かがみ石,悲願の血涙,赤眼の魔物と呼ばれていたが真の名称は魔神族と判明した。鋭いツメで獲物にトドメを刺し死肉を食らう 残忍な魔鳥。,赤眼のライノスブルに従い 集団行動を得意とする。統率された動きで標的を せん滅するまで攻撃を加える。,1532.webp
1533,赤眼のライノスブル,レッドアイ,まじゅうのツノ,赤眼の魔物と呼ばれていたが真の名称は魔神族と判明した。オノで敵を断ち切ることに無上の喜びを見出す。,灼光骨のほかに深紅の巻物を 持っていた。多くの部下を従え 的確な指示で部隊をまとめる 指揮官の素養を持っている。,1533.webp
1534,マガツタケカゼ,,,創世の樹の頂でケガレを振りまくマガツカゼの化身。ケガレが凝縮した巨大な球を大胆に振り回しながら暴れる。,マガツタタリカゼが放出した ケガレが人々の怒りや憎悪を 取り込むと猛々しく吹き荒れる マガツカゼが生まれるのだ。,1534.webp
1535,マガツタタリカゼ,,,古来よりエルトナ大陸をけがすマガツカゼの根源。かつて師父エンスタが弟子たちと共に幽谷の底に封じた悪しき存在。,人の絶望がマガツカゼを生む。されど人なくば世界は成らず。エルドナ神はこのジレンマに 今もなお苦悩しているという。,1535.webp
1536,嵐帝エンスウ,ホワイトパール,いかずちのたま,世界をケガレから守るためにエルドナ神が生みだした霊鳥。ストームカイザーの使命を果たすため最後の決闘に臨む。,ストームカイザーが息絶えると 黄金の巨鳥が空に現れ その剣士の偉功をたたえて 嵐を呼び 魂を弔うという。,1536.webp
1537,銃士ナスビス,うるわしキノコ,妖精の綿花,イクノワ博士の研究室でひそかに 生み出された改造野菜モンスター１号。やさい三銃士 筆頭をつとめる。,かつて 妖精界に現れたという 巨大ナスビ モンスターの うわさが イワノフ博士に この魔物を 開発させたのだ。,1537.webp
1538,銃士トマトス,あやかしそう,妖精の綿花,イクノワ博士の研究室でひそかに 生み出された改造野菜モンスター２号。やさい三銃士の参謀格。,彼の戦闘データは 根っこを通じて 地下にある イワノフ解析センターへと 蓄積され 分析されるらしい。,1538.webp
1539,銃士キュリトス,みかわしそう,妖精の綿花,イクノワ博士の研究室でひそかに 生み出された最後の 改造野菜モンスター。もっとも心優しき 三銃士。,研究に協力する 人間たちに 楽しく戦ってもらえるよう やさい三銃士たちは みな おのれのウデをみがいている。,1539.webp
1540,災厄の王,まほうのせいすい,きんかい,古き神話に うたわれる帝王の変わり果てた姿。理性を失った帝王はただ 破壊の限りを尽くす。,理性を失う前は 帝王として アストルティアを守っていたが 闇の根源が 偉大なる帝王を 災いの王へと 変えたのだ。,1540.webp
1541,真・災厄の王,,,大いなる闇の根源によって魔物と化した かつての英雄。帝王の玉座にいた 幻影よりはるかに強大なチカラを持つ。,自分が 何者なのかすら もはや わかっておらず ただ 本能のままに破壊する 化け物と成り果てた。,1541.webp
1542,ダークドレアム,,,幾多の世界を 滅びに導いた破壊と殺りくの神。人知を超越した強さは まさに破壊神の名に ふさわしい。,ひとつの悪夢を 打ち破っても 滅びを求める呼び声 ある限り ダークドレアムは 復活し 永遠に存在し続けるのだ……。,1542.webp
1543,破壊神シドー,,,破壊の審判の裁定により滅ぼすべしと定められた世界に召喚される破壊の化身。その滅びを止めるすべはない。,破壊衝動が盛り上がらない時は どこぞに自分のまがい物が 出現したという話を思いだして 怒りのパワーを高めている。,1543.webp
1544,ビッグモーモン,黄色の宝石,きんかい,巨大なモーモンの姿をした試練の門を守りし魔物。魅惑のおどりを踊って冒険者の心を奪う！,赤ちゃんモーモンの頃に ヤシの実をチューチューしたら こんな身体になっちゃった。いやあ 立派に成長したね！,1544.webp
1545,密林の狩人,赤い宝石,せかいじゅの葉,ジャイラ密林に出現する試練の門を守りし魔物。バイキルトを唱えて攻撃力を上げ 侵入者を狩る。,密林の守人とは双子の兄弟。森を荒らす密猟者たちに 怒りを抑えられなかった兄は 旅人を狩る復讐者となった。,1545.webp
1546,密林の守人,黄色の宝石,せかいじゅの葉,ジャイラ密林に出現する試練の門を守りし魔物。強力な攻撃呪文を駆使して侵入者から森を守る。,密林の狩人とは双子の兄弟。森を荒らす密猟者たちに 心を痛めた弟は 樹々を守る守護者となった。,1546.webp
1547,アイスゴーレム,青い宝石,ゴールドストーン,地底の氷塊から削りだされた試練の門を守りし魔物。一気にハイテンションとなり挑戦者を たたきのめす。,こう見えて じつは寒がり。長い間ひとりぼっちだったので 心も冷え切っている。誰か あたためてあげて。,1547.webp
1548,アビスソルジャー,赤い宝石,ゴールドストーン,暗黒の深海で生まれた試練の門を守りし魔物。おおあばれで暴れまくりまわりの敵を一掃する。,深海の暴れ者として 海の仲間に嫌われているが 気のいいテンタコルスが 一緒だから気にしていない。,1548.webp
1549,テンタコルス,青い宝石,ゴールドストーン,悪魔の触手と恐れられる試練の門を守りし魔物。ハッスルダンスを踊って海の仲間を いやす。,昔は外洋船をも沈める 超巨大な怪物タコだったが 深海の水圧で背が縮んだのだと テンタコルスは訴えている。,1549.webp
1550,ブラバニクイーン,ゴールドストーン,きんかい,黒き毛皮をまとった試練の門を守りし魔物。ＢＢＱスティンガーで獲物を串刺しにする。,その肉は極上の味らしいが クイーンに挑んだ料理人は みな角のえじきとなった。この世は弱肉強食だ。,1550.webp
1551,どデカニードル,緑の宝石,ゴールドストーン,どデカい針を手にした試練の門を守りし魔物。アサシンアタックで冒険者の命を狙う。,針一本が巨大なため 刺さると1000倍痛い。針千本が刺さると 100万倍痛い。,1551.webp
1552,ゼドラゴン,黄色の宝石,ゴールドストーン,レトロな機械の身体を持つ試練の門を守りし魔物。体内の溶鉱炉を燃やしてしゃくねつを放つ。,考古学者が調べたところ ゼドラゴンの作られた年代と 先代の勇者像の作られた年代が ぴったり一致したという。,1552.webp
1553,潮風のディーバ,ブルーアイ,青い宝石,奇跡の歌声を宿した試練の門を守りし魔物。たたかいのうたを歌えば魔物の魂が震える！,海風の洞くつで耳を澄ませば 時折 胸を打つボサ・ノヴァが 聴こえてくる……そんな伝説が あるとか ないとか。,1553.webp
1554,エレメンイエロー,イエローアイ,黄色の宝石,エレメンツのドジっ子担当で試練の門を守りし魔物。ひかりのブレスをくり出すがよく転んで失敗している。,メダパニーマを使うときは 自分も混乱しそうになるのを 必死にガマンしている。その姿は愛らしくもあざとい。,1554.webp
1555,エレメンブルー,ブルーアイ,青い宝石,エレメンツのイケメン担当で試練の門を守りし魔物。甘いマスクに見とれたら最後冷酷にとどめを刺してくる。,ブレスを使う敵は数あれど 彼ほど良いニオイを させる者はいない。入念にケアしているようだ。,1555.webp
1556,エレメングリーン,グリーンアイ,緑の宝石,エレメンツの草食系担当で試練の門を守りし魔物。普段はおだやかな性格だが仲間がキズつくと人が変わる。,呪文を使うのは苦手だったが 仲間を守りたい一心で スクルトの習得に成功した。仲間思いのナイスガイなのだ。,1556.webp
1557,エレメンレッド,レッドアイ,赤い宝石,エレメンツの熱血担当で試練の門を守りし魔物。自慢の炎で 敵を倒すことに何よりも快感を覚える。,あらゆるピンチを 気合だけで乗り越えてゆく その姿はまさに熱血ヒーロー。「熱くなれよ！」が合言葉。,1557.webp
1558,エレメンピンク,パープルアイ,赤い宝石,エレメンツのセクシー担当で試練の門を守りし魔物。攻撃されてメイクが崩れると怒るので注意しよう。,ラブリーかつセクシーで 仲間の援護もバッチリこなす 非の打ち所のないヒロイン。キレやすいのが玉にキズ。,1558.webp
1559,ビッグビッグハット,赤い宝石,きんかい,巨大なビッグハットの姿をした試練の門を守りし魔物。イオナズンを使いこなすなど攻撃手段もビッグに進化！,あのブラバークイーンに ライバル意識を持っていて BBHと呼んでほしいらしいが いまいち浸透していない。,1559.webp
1560,やまたのおろち,緑の宝石,きんかい,５つの首を持つ 伝説の魔竜が試練の門の守護者となった。多頭を活かした かみつき技で敵を戦意もろとも かみ砕く。,その昔は とある東方の国で いけにえを食らっていた。今はその罰で 千年の苦役を 課せられているらしい。,1560.webp
1561,鬼棍蔵,レッドアイ,きんかい,おにこぞうが修行の末に成長し鬼棍のごとき強さとなった。規格外の体格を活かした痛恨の一撃で敵を粉砕する。,おにこぞうの ゆとり根性を 見かねた両親は心を鬼にして 我が子をギガンテス先生に 弟子入りさせたのだった。,1561.webp
1562,プラチナキング,赤い宝石,きんかい,悠久の時を経てメタルボディがプラチナへと進化した完全究極なるメタルの大王。逃げ足もプラチナ級だ！,ボディに含まれるプラチナ量は それほど大したことはない。とはいえ経験値は莫大なので 狙われることに変わりはない。,1562.webp
1563,おばけ大キノコ,赤い宝石,きんかい,地獄のキノコ三兄弟の次兄。巨体を活かしたパワー系……と思いきや毒や眠りをあやつるテンジャラスガイ。,キノコ狩りに来た冒険者を 3人で協力して倒した際 意気投合して義兄弟の契りを 結んだのがすべての始まり。,1563.webp
1564,キノコどうし,緑の宝石,きんかい,地獄のキノコ三兄弟の長兄。魔術と策謀に秀でており兄弟を時に厳しく 時に優しく導いてくれる頼れるリーダー。,三兄弟と名乗っているものの じつは血のつながりはない。血よりも濃い絆で結ばれ 生死を共にする義兄弟なのだ。,1564.webp
1565,チーズキノコ,青い宝石,きんかい,地獄のキノコ三兄弟の末弟。見た目に似合わぬ心配りで兄弟たちの気分を盛り上げるムードメーカー。,キノコミ兄弟の異名は 太古の昔に存在したという 巨人の三兄弟にあやかって 長兄がつけたという。,1565.webp
1566,ドミニオンズガード,青い宝石,きんかい,聖なるチカラを身にまとう試練の門を守りし番兵。ふらちな挑戦者どもを無慈悲になぎ払う。,どんなちっぽけな悪事も 見逃さない眼力の持ち主。他人の家のタンスを漁った罪も バッチリ見抜かれているぞ。,1566.webp
1567,メガトンブラザーズ,赤い宝石,きんかい,メガトン級のビッグボディと怪力を手に入れたブラザーズ。もらえる経験値ももちろんメガトン級だ！,メガトン級のボディを 手に入れた結果 体重もメガトン級になり 逃げ足の速さを失ったようだ。,1567.webp
1568,暴君バサグランデ強,まほうのせいすい,青い宝石,魔瘴が活性化した影響でこの世に出現した暴君バサグランデの幻影。歌の束縛がない分 強い。,巨猫族のキャット・バルバドと ウェディの戦士 リューデに 世界支配の野望を阻まれた後 彼は 永遠の氷に封じられた。,1568.webp
1569,怪蟲アラグネ強,まほうのせいすい,黄色の宝石,魔瘴が活性化した影響でこの世に出現した怪蟲アラグネの幻影。本物よりも はるかに強い。,人食い虫界では かなりの 食通として知られている。じつは キュウスケの捕食を もくろんでいたらしい。,1569.webp
1570,魔兵ヒプノス強,ぎんのこうせき,ウルベア銀貨,魔瘴が活性化した影響でこの世に出現した魔兵ヒプノスの幻影。本物よりも はるかに強い。,以前 イッドから授かった チカラには満足してなかった。魔瘴パワーを 手に入れた今 オレとダナトに 死角なし！,1570.webp
1571,魔兵タナト強,ぎんのこうせき,ウルベア銀貨,魔瘴が活性化した影響でこの世に出現した魔兵タナトの幻影。本物よりも はるかに強い。,以前 ヒプノスと誓いあった 最強コンビになろうという夢。魔瘴パワーを 手に入れた今 ふたりの最強伝説が 始まる。,1571.webp
1572,魔軍師イッド強,まほうのせいすい,赤い宝石,魔瘴が活性化した影響でこの世に出現した魔軍師イッドの幻影。本物よりも はるかに強い。,以前は 油断して敗れたが 魔界の軍師と呼ばれた男。今度は 人数をそろえ 絶対の勝利を確信している。,1572.webp
1573,天魔クァバルナ強,まほうのせいすい,緑の宝石,魔瘴が活性化した影響でこの世に出現した天魔クァバルナの幻影。本物よりも はるかに強い。,アストルティア全土が震えた 天魔クァバルナのデュオ攻撃。想像を超えた この絶望感。まさに 悪夢の極み。,1573.webp
1574,妖魔ジュリアンテ強,まほうのせいすい,赤い宝石,魔瘴が活性化した影響でこの世に出現した妖魔ジュリアンテの幻影。本物よりも はるかに強い。,幻影とはいえ 姉妹タッグが 実現したが じつは この姉妹 仲が悪い。マリーンが すぐに パシらせるので 不満なのだ。,1574.webp
1575,呪術師マリーン強,まほうのせいすい,赤い宝石,魔瘴が活性化した影響でこの世に出現した呪術師マリーンの幻影。本物よりも はるかに強い。,かつては ジュリアンテ以上の 美人だったマリーン。しかし 失恋の痛手が 彼女を太らせ 性格までも 変えたのだった。,1575.webp
1576,ミャルジ,まほうの小ビン,ブルーアイ,キャット・リベリオの旦那のイチの子分を名乗る猫魔族。ミャルポーズで旦那を支援し時々 顔を洗っている。,リベリオの旦那のピンチに 幻影と気付かず駆けつけた スーパー早とちり・キャット なのニャー！,1576.webp
1577,キャットリベリオ強,まほうのせいすい,青い宝石,魔瘴が活性化した影響でこの世に出現したキャット・リベリオの幻影。本物よりも はるかに強い。,いつもは孤高のキャットだが 今回は子分のミャルジも一緒！ ミャルジといる時のほうが 本気を出せるのは秘密ニャー。,1577.webp
1578,水竜ギルギッシュ強,まほうのせいすい,赤い宝石,魔瘴が活性化した影響でこの世に出現した水竜ギルギッシュの幻影。本物よりも はるかに強い。,たとえ幻影であっても オーレンとともに戦えることに 水竜ギルギッシュは 満ち足りた想いでいる。,1578.webp
1579,覚醒プスゴン,まほうのせいすい,黄色の宝石,魔瘴が活性化した影響でこの世に出現した怪獣プスゴンの幻影。本物よりも はるかに強い。,スイートなものを追い求め 甘い恋の よろこびを知り すこしだけ大人になった 怪獣プスゴン 今 覚醒する！,1579.webp
1580,ウルベア魔神兵強,まほうのせいすい,緑の宝石,魔瘴が活性化した影響でこの世に出現したウルベア魔神兵の幻影。本物よりも はるかに強い。,古代のドワーフの王国には 英雄と呼ばれた三闘士がいた。その戦闘の技術が組み込まれ 3体の魔神兵は生まれた。,1580.webp
1581,妖剣士オーレン強,まほうのせいすい,赤い宝石,魔瘴が活性化した影響でこの世に出現した妖剣士オーレンの幻影。本物よりも はるかに強い。,悲しき運命に導かれ ともに戦う妖剣士と水竜。オーレンは忘我の中で 不思議な高揚を覚えている。,1581.webp
1582,悪魔ザイガス強,まほうのせいすい,赤い宝石,魔瘴が活性化した影響でこの世に復活した悪魔ザイガス本人。以前より はるかに強い。,以前 プクリポに出し抜かれ 上司にみっちり怒られた。給料も半分になった。その悔しさが彼を強くした！,1582.webp
1583,悪魔長ジウギス,まほうのせいすい,赤い宝石,魔瘴が活性化した影響でこの世に出現した悪魔ザイガスの上司。部下よりも はるかに強い。,ふがいない部下を見かねて 魔界から参上した悪魔の取締役。プクリポどもめ とくと見よ！ 管理職の おそろしさを！,1583.webp
1584,ラズバーンの手下,こうもりのはね,よるのとばり,守護者ラズバーンに仕える闇より生じた悪魔。巨大なカマを振りまわし生気を刈りとってゆく。,彼らの自我は薄く ただ殺りくの本能に従って 命を刈りつづける。まさに血も涙もない悪魔。,1584.webp
1585,守護者ラズバーン強,まほうのせいすい,赤い宝石,大いなる闇の根源のチカラでこの世に出現した守護者ラズバーンの幻影。以前よりも はるかに強い。,冥王の降臨を見届けるまで 死ねぬという守護者の意志が ラズバーンの魂を永遠に レイダメテスに縛りつづける。,1585.webp
1586,アトラス,,,目に入るもの すべてをその棍棒で たたきつぶし笑みを浮かべるという。冥王に付き従う 邪悪な巨人。,チカラこそがすべてであり 弱者は生き物とすら扱わない。バズズとベリアルのことは 強者として認めている。,1586.webp
1587,バズズ,,,凶悪なツメと死の呪文を操り狙いをつけた獲物に逃れられない死をもたらす。冥王に付き従う 狡猾な悪魔。,そのツメは触れたものを なんでも切り裂いてしまう。哀れな犠牲者の断末魔を 聞くのがバズズの喜びだ。,1587.webp
1588,冥王ネルゲル強,,,大いなる闇の根源のチカラでこの世に よみがえった死を統べる冥王ネルゲル。以前よりも はるかに強い。,死を与うるべき虫ケラふぜいに 敗れた屈辱と怒りを禁じえず 冥王は絶望の鎌をかかげて 凍てつく笑みを浮かべる。,1588.webp
1589,冥獣王ネルゲル強,まほうのせいすい,緑の宝石,最強の姿になった冥獣王がさらなる闇のチカラでこの世に よみがえった。以前よりも はるかに強い。,冥王さえも よみがえらせる 大いなる闇の根源。そのチカラは日増しに強くなり やがて世界を覆いつくす……。,1589.webp
1590,悪夢の右手強,まほうのせいすい,赤い宝石,魔瘴が活性化した影響でこの世に出現した悪夢の右手の幻影。本物よりも はるかに強い。,握った物を小さくできるが ザンクローネを小さくしたのは 自分じゃないです！ と 冤罪を訴えている。,1590.webp
1591,悪夢の左手強,まほうのせいすい,青い宝石,魔瘴が活性化した影響でこの世に出現した悪夢の左手の幻影。本物よりも はるかに強い。,右手よりも握力が弱いことが ちょっぴりコンプレックス。夜中に こっそり ハンドグリッパー使用中だ。,1591.webp
1592,魔人エンラージャ強,まほうのせいすい,青い宝石,魔瘴が活性化した影響でこの世に出現した魔人エンラージャの幻影。本物よりも はるかに強い。,かつて魔人のチカラで栄えた 古代文明があったという。エンラージャもその時代に 召喚され使役されていた。,1592.webp
1593,破戒王ベルムド強,まほうのせいすい,黄色の宝石,魔瘴が活性化した影響でこの世に出現した破戒王ベルムドの幻影。本物よりも はるかに強い。,ベルムドの魔物化の能力は 魔元帥ゼルドラドの命により 魔道士キルギルの手によって 与えられたものだった。,1593.webp
1594,破戒王ベルムド影,まほうのせいすい,緑の宝石,魔瘴が活性化した影響でこの世に出現した破戒王ベルムドの闇の影。本物よりも はるかに強い。,ベルムドの心に宿った 人間への憎悪が寄り集まって 生まれた悲しき存在。狂暴で理性のかけらもない。,1594.webp
1595,やるきのジャーミィ,まほうのせいすい,赤い宝石,魔瘴が活性化した影響でこの世に出現したいたずらジャーミィの幻影。本物よりも はるかに強い。,じっくり煮込んだジャム爆弾は 激甘スウィートな自信作！ 投げるとバクハツするけど 食べても美味しいんだって。,1595.webp
1596,やるきのバーティ,まほうのせいすい,黄色の宝石,魔瘴が活性化した影響でこの世に出現したいたずらバーティの幻影。本物よりも はるかに強い。,バーティバターのヒミツ♪ こだわり製法で抽出した 魔物由来の成分はお肌に塗ると 美容効果バツグンなの。,1596.webp
1597,ヘルバトラー強,まほうのせいすい,緑の宝石,魔瘴が活性化した影響でこの世に出現したヘルバトラーの幻影。本物よりも はるかに強い。,立ちはだかる敵を焼き尽くす 地獄の闘士として 戦う一方で 主君の世話を焼き尽くす 地獄の執事としても活躍する。,1597.webp
1598,魔女グレイツェル強,まほうのせいすい,赤い宝石,魔瘴が活性化した影響でこの世に出現した魔女グレイツェルの幻影。本物よりも はるかに強い。,童話作家パンパニーニの考えた 最強の魔女の魂が顕現した。ボツネタとして封印した狂気が すべてをバッドエンドへ導く。,1598.webp
1599,魔勇者アンルシア強,ゴールドストーン,暗夜の魔石,何者の意思によるものかこの世に出現した魔勇者アンルシアの幻影。本物よりも はるかに強い。,勇者を名乗る者 勇者を 待ち望む者 そのすべてを 根絶やしにするまで永遠に 戦いを続ける 悲しき幻影。,1599.webp
1600,邪教祖サダク強,とげウニ,幻獣の皮,何者の意思によるものかこの世に出現した邪教祖サダクの幻影。本物よりも はるかに強い。,打ち砕かれた祈願の魔像の かけらに宿ったチカラが 在りし日の幻影を形作ったのか 新たな嘆きを求め暴れる。,1600.webp
1601,スイーツトロル強,ヤシの実,カオスベリー,何者の意思によるものかこの世に出現したスイーツトロルの幻影。本物よりも はるかに強い。,アクセサリー集めが趣味で カワイさを重要視している。高価な品でもカワイクなければ ゴミのように捨てるとか。,1601.webp
1602,グレイブディガー強,よごれたほうたい,オグリドホーン,何者の意思によるものかこの世に出現したグレイブディガーの幻影。本物よりも はるかに強い。,墓掘り人を意味する自分の名が 気に入らず改名を企んでいる。新しい名前の有力候補は アルティメットオメガらしい。,1602.webp
1603,黒竜丸,まほうの小ビン,メタスラコイン,魔軍十二将の一角だった魔物。流星のように空を駆け闇の技で あらゆる大地に死を振りまくという凶馬。,かつて世界を支配しようと たくらむ 魔の軍団がいた。その中で彼は遊撃部隊を率い 戦場を駆けまわったという。,1603.webp
1604,黒竜丸強,まほうのせいすい,メダル王コイン,魔法の迷宮に 不死身のまま封印されし 黒竜丸。何者かの妖術により 強化され迷宮に再臨する。,ひづめに青き炎を宿し 闇を駆けめぐる黒竜丸。静寂の中 響くその足音は 死の呼び声といわれている。,1604.webp
1605,バトルシェイカー,まほうの小ビン,メタスラコイン,魔軍十二将の一角だった魔物。手にした巨大なマラカスは武器にも楽器にもなる優れ物。テンションを上げるのが得意。,魔軍の戦いでは常に彼が現れ 仲間を応援しまくった。それほどにテンションを 上げるのが うまかったのだ。,1605.webp
1606,バトルシェイカー強,まほうのせいすい,はぐメタコイン,魔法の迷宮に 不死身のまま封印されしバトルシェイカー。何者かの妖術により 強化され迷宮に再臨する。,楽天的 かつ情熱的な性格で 仲間からの信頼も厚い。だが マラカスの中に骨を入れ その音を楽しむ 残虐な一面も。,1606.webp
1607,れんごく天馬,グリーンオーブ,はぐメタコイン,叡智の冠の手によって迷宮に封じられた伝説の魔物。煉獄の空を駆けるという美しく荘厳な姿の天馬。,煉獄の山の周りをめぐって 炎を散らし悠然と飛ぶ。その姿は まさに 煉獄のメリーゴーランド。,1607.webp
1608,ハヌマーン,まほうの小ビン,メタスラコイン,魔軍十二将の一角だった魔物。あらゆる生物の長所をそなえいなずまや炎まで操るという混沌が産んだ邪悪な幻獣。,魔軍では荒くれ者を集めた はみ出し部隊を率いて 敵味方ともに恐れられたが それは1000年も昔の話。,1608.webp
1609,ハヌマーン強,まほうのせいすい,メダル王コイン,魔法の迷宮に 不死身のまま封印されし ハヌマーン。何者かの妖術により 強化され迷宮に再臨する。,あらゆる生物の長所をそなえる といわれる ハヌマーンだが つたない言葉使いという短所は ついに 克服できなかった。,1609.webp
1610,バリクナジャ,まほうの小ビン,メタスラコイン,魔軍十二将の一角だった魔物。巨大なムチを振るって恐ろしい魔物を従える姿から魔界の調教師と呼ばれた。,戦いを楽しもうとするあまり 主君に逆らうこともあったが 主君が それをとがめることは なかったという。,1610.webp
1611,バリクナジャ強,まほうのせいすい,はぐメタコイン,魔法の迷宮に 不死身のまま封印されし バリクナジャ。何者かの妖術により 強化され迷宮に再臨する。,お気に入りのムチは特注品。色はもともと白かったのだが ムチ打たれた者たちの血で 赤く染め上げられた。,1611.webp
1612,デーモンキング,イエローオーブ,はぐメタコイン,叡智の冠の手によって迷宮に封じられた伝説の魔物。世界中に絶望を振りまく死と破壊の悪魔王。,デーモンキングのディナーは 人間の悲鳴を音楽に 新鮮な肉と血のソースを和え 魔界育ちの野菜をそえる。,1612.webp
1613,キングレオ,まほうの小ビン,メタスラコイン,魔軍十二将の一角だった魔物。十二将のまとめ役として後方で指揮をとったが本人の戦闘力も相当なもの。,一度は勇者に倒されたものの 魔軍十二将は復活を遂げる。主君から得た無数の魂により 彼らは不死となっていた。,1613.webp
1614,キングレオ強,まほうのせいすい,メダル王コイン,魔法の迷宮に 不死身のまま封印されし キングレオ。何者かの妖術により 強化され迷宮に再臨する。,魔軍では 有能すぎるため 獅子身中の虫となるのではと 疑われることもあったが 主君には 常に忠実だった。,1614.webp
1615,ジャミラス,まほうの小ビン,メタスラコイン,魔軍十二将の一角だった魔物。知略に長ける彼だがいざ戦いとなれば そのツメであらゆるものを切り裂く。,知略に長けた彼は 主君の下で 参謀役を果たしていた。しかし ひとりの人間によって 彼の思惑は打ち破られた。,1615.webp
1616,ジャミラス強,まほうのせいすい,はぐメタコイン,魔法の迷宮に 封印された不死鳥ジャミラス。何者かの妖術により 強化され迷宮に再臨する。,統率力に定評ある魔鳥の頭目が ついに真の実力を見せる。圧倒的なカリスマ性に 人々は ただひれ伏すのみ。,1616.webp
1617,トロルバッコス,まほうの小ビン,メタスラコイン,魔軍十二将の一角だった魔物。見た目に反して紳士的で戦いは好まないらしい。しかし その一撃は致命的だ。,主君の居城では 執事として 活躍していた彼であったが 紳士的な接客も 勇者には 通用しなかったらしい。,1617.webp
1618,トロルバッコス強,まほうのせいすい,はぐメタコイン,魔法の迷宮に 不死身のまま封印されし トロルバッコス。何者かの妖術により 強化され迷宮に再臨する。,意外にも繊細な舌を持つ 自称モンスター界のソムリエ。オレさまの血は ワインで できている！ が口癖だとか。,1618.webp
1619,ドラゴン・ウー,レッドオーブ,はぐメタコイン,叡智の冠の手によって迷宮に封じられた伝説の魔物。山脈をも粉砕するドラゴン拳法の使い手。,ドラゴン拳法は ウーの一族に 代々伝わる 究極の徒手武術。奥義は 山を砕き海を割り 星をひとつ消し去るという。,1619.webp
1620,ギーグハンマー,まほうの小ビン,メタスラコイン,魔軍十二将の一角だった魔物。破壊の権化と言われ目に付くもの すべてを壊す。ときには味方も犠牲となった。,叡智の冠は 不死身の十二将と 長きに渡って戦いつづけたが 将たちを退けるには 永久に 封印するしかないと悟った。,1620.webp
1621,ギーグハンマー強,まほうのせいすい,はぐメタコイン,魔法の迷宮に 不死身のまま封印されし ギーグハンマー。何者かの妖術により 強化され再度 迷宮の最奥に君臨する。,愛用するハンマーの重さは ほんのメガトン級だが 彼が振るうと その破壊力は ギガトン級に達するという。,1621.webp
1622,じごくのヌエ,ブルーオーブ,はぐメタコイン,叡智の冠の手によって迷宮に封じられた伝説の魔物。死の災厄を振りまくとされる夜の闇に息づく邪悪な神獣。,じごくのヌエの鳴く夜は 決して外に出てはいけない。息をひそめて震えて眠れ。とある村の伝承より,1622.webp
1623,バラモスゾンビ,パープルオーブ,はぐメタコイン,おぞましき闇のチカラが勇者に敗れたバラモスに宿りしかばねが動きだした。迷宮の奥底で冒険者を待つ。,すでにバラモスの意志はなく 骨人形として動かされている 悲しき闇のしもべ。討ち滅ぼし 解放してやろう。,1623.webp
1624,Ｖロン,,,,,1624.webp
1625,Ｖロン強,,,,,1625.webp
1626,サイキョーＶロン,,,,,1626.webp
1627,タロット魔人,ウルベア銀貨,ウルベア金貨,タロットメダルで召喚されタロットパックを隠し持つ魔法の迷宮の変わり種。バトルは運試しが信条らしい。,使い古されたタロットには 魔が宿るという伝説がある。占いに込められた人の情念は 悪しき怨念に転じやすいのだ。,1627.webp
1628,タロット魔人強,ウルベア銀貨,ときのすいしょう,タロットメダルで召喚された魔法の迷宮の変わり種が何者かの妖術により 強化され迷宮に再臨する。,よりレアなタロットパックを 求める占い師たちの欲望が 邪念と化して この魔物を 生みだしたというウワサも。,1628.webp
1629,プチアトラス,ウルベア銀貨,ウルベア金貨,魔法の迷宮に 不死身のまま封印されし アトラス。妖術で弱くなっているが油断は禁物だ。,ひとつ目で あるがゆえに 遠近感の把握が苦手。そのため心眼で敵をとらえる 修行を欠かさないという。,1629.webp
1630,プチバズズ,ウルベア銀貨,きんかい,魔法の迷宮に 不死身のまま封印されし バズズ。妖術で弱くなっているが油断は禁物だ。,自慢のツインクローは 威力が落ちないよう 専属のネイルアーティストに 研がせているらしい。,1630.webp
1631,プチベリアル,ウルベア銀貨,ときのすいしょう,魔法の迷宮に 不死身のまま封印されし ベリアル。妖術で弱くなっているが油断は禁物だ。,黄色の悪魔の異名を持つが 本人は気に入ってないらしく 他人に そう呼ばれると とたんに機嫌が悪くなる。,1631.webp
1632,プチドラゴンガイア,ゴールドストーン,ドラゴンの皮,魔法の迷宮に 不死身のまま封印されし ドラゴンガイア。妖術で弱くなっているが油断は禁物だ。,尻尾の先のフサフサした毛は じつに なめらかな手ざわり。書家の間では筆の材料として 超高値で取り引きされている。,1632.webp
1633,プチバラモス,きんかい,ときのすいしょう,魔法の迷宮に 不死身のまま封印されし バラモス。妖術で弱くなっているが油断は禁物だ。,バシルーラの使い手として かつては勇名をはせていたが ある魔女の一族に魔力を奪われ 得意呪文は封印された。,1633.webp
1634,プチキングヒドラ,ゴールドストーン,きんかい,魔法の迷宮に 不死身のまま封印されし キングヒドラ。妖術で弱くなっているが油断は禁物だ。,各アタマはそれぞれ自己主張が はげしく 議論が過熱すること しばしばだが 結局は多数決で 決める 意外に民主的なヤツ。,1634.webp
1635,プチグラコス,ゴールドストーン,幻獣のホネ,魔法の迷宮に 不死身のまま封印されし グラコス。妖術で弱くなっているが油断は禁物だ。,海底の玉座を温めるばかりで 意外とヒマを持てあましてる。最近は重いヤリを振り回して 筋トレに余念がない模様。,1635.webp
1636,プチバラモスゾンビ,げんませき,幻獣のホネ,魔法の迷宮に 不死身のまま封印されし バラモスゾンビ。妖術で弱くなっているが油断は禁物だ。,筋肉がないのに上背があるので いつも腰痛に悩まされている。足がよくプルプルしているのは 痛みを我慢しているからだ。,1636.webp
1637,プチバラモスブロス,きんかい,ときのすいしょう,魔法の迷宮に 不死身のまま封印されし バラモスブロス。妖術で弱くなっているが油断は禁物だ。,兄と たもとを分かったのち 三悪魔結成の誓いを結ぶ。魔界史ではその誓約のことを ハラワタの誓いと呼ぶ。,1637.webp
1638,プチキラーマジンガ,ウルベア金貨,ときのすいしょう,魔法の迷宮に 不死身のまま封印されし キラーマジンガ。妖術で弱くなっているが油断は禁物だ。,不死身の存在と言われているが そもそもこいつは機械戦士。じつは量産型で 毎回新機体が 戦っているだけとのウワサも。,1638.webp
1639,プチジャミラス,まほうの小ビン,メタスラコイン,魔法の迷宮に 不死身のまま封印されし ジャミラス。妖術で弱くなっているが油断は禁物だ。,所属する集団ごとにキャラを 使い分けているとのウワサ。四諸侯での位置づけは やんちゃな年下キャラらしい。,1639.webp
1640,プチアクバー,ウルベア銀貨,ときのすいしょう,魔法の迷宮に 不死身のまま封印されし アクバー。妖術で弱くなっているが油断は禁物だ。,魔力に頼らず 戦えるように 頑強な肉体にきたえあげたが そのせいで翼だけでは飛べず 魔力で補助して飛ぶのだとか。,1640.webp
1641,プチデュラン,ぶどうエキス,いかずちのたま,魔法の迷宮に 不死身のまま封印されし デュラン。妖術で弱くなっているが油断は禁物だ。,かつて世界最強の剣士を 配下に従えていたという。その剣士がヒマそうだったので ジゴスパークを教えてあげた。,1641.webp
1642,プチドン・モグーラ,天使のソーマ,きんかい,魔法の迷宮に 不死身のまま封印されし ドン・モグーラ。妖術で弱くなっているが油断は禁物だ。,プチドンと呼ばれることに 違和感を禁じえないでいる。わしゃあ 少な目に盛られた 丼物かよと。,1642.webp
1643,プチ暗黒の魔人,ウルベア銀貨,ウルベア金貨,魔法の迷宮に 不死身のまま封印されし 暗黒の魔人。妖術で弱くなっているが油断は禁物だ。,縁もゆかりも無い相手だが 魔界で召喚される某巨人に 親近感を抱いており いつか 共演したいと思っている。,1643.webp
1644,プチＳキラーマシン,ウルベア金貨,ときのすいしょう,魔法の迷宮に 不死身のまま封印されし Ｓキラーマシン。妖術で弱くなっているが油断は禁物だ。,じつは妖術で弱ったのではなく メンテナンスハッチに隠された 強さ調整ツマミを最弱に 合わせただけとのウワサも。,1644.webp
1645,プチＳジェネラル,スライムおしゃれ花,きんかい,魔法の迷宮に 不死身のまま封印されし Ｓジェネラル。妖術で弱くなっているが油断は禁物だ。,戦で手柄を上げ昇進を重ねた 歴戦のスライムナイトだけが ジェネラルの地位に就ける。愛スライムも一緒に出世した。,1645.webp
1646,プチスライダーク,スライムおしゃれ花,きんかい,魔法の迷宮に 不死身のまま封印されし スライダーク。妖術で弱くなっているが油断は禁物だ。,よく似た姿の青色のアイツとは 一切関係ないと主張しているが 本人が着替えているだけの 可能性は否定できない。,1646.webp
1647,プチギュメイ将軍,まじゅうの皮,ウルベア金貨,魔法の迷宮に 不死身のまま封印されし ギュメイ将軍。妖術で弱くなっているが油断は禁物だ。,かつて人間だった頃は 名刀の収集家でもあった。ただし愛用の刀は無銘のもの。剣豪つるぎを選ばずとのこと。,1647.webp
1648,プチゲルニック将軍,ふさふさの毛皮,ウルベア金貨,魔法の迷宮に 不死身のまま封印されし ゲルニック将軍。妖術で弱くなっているが油断は禁物だ。,部下にも同僚にも主君にさえも 手厳しい性格をしているが 唯一ペットのフクロウにだけは 無類の愛情を注いでいた。,1648.webp
1649,プチゴレオン将軍,けものの皮,まじゅうのツノ,魔法の迷宮に 不死身のまま封印されし ゴレオン将軍。妖術で弱くなっているが油断は禁物だ。,粗野で凶暴なイメージの彼だが 意外にも生前は恐妻家だった。無骨な大男が小柄な妻には 一切逆らえなかったという。,1649.webp
1650,プチドラゴン,ゴールドストーン,ドラゴンの皮,魔法の迷宮に 不死身のまま封印されし ドラゴン。妖術で弱くなっているが油断は禁物だ。,なんの飾りも無い ただのドラゴンであることに 誇りを持っているので プチが付くのは不満らしい。,1650.webp
1651,プチ魔犬レオパルド,するどいキバ,まじゅうの皮,魔法の迷宮に 不死身のまま封印されし 魔犬レオパルド。妖術で弱くなっているが油断は禁物だ。,その意思は杖に封じられた 暗黒神と呼ばれる存在だが 犬としての性質も抑えきれず 毎日迷宮内を散歩している。,1651.webp
1652,プチムドー,つけもの石,げんませき,魔法の迷宮に 不死身のまま封印されし ムドー。妖術で弱くなっているが油断は禁物だ。,破壊神シドーに憧れており シドー＆ムドーというコンビを 組まないかと持ちかけたが あえなく無視された。,1652.webp
1653,プチアンドレアル,するどいキバ,ドラゴンの皮,魔法の迷宮に 不死身のまま封印されし アンドレアル。妖術で弱くなっているが油断は禁物だ。,じつはグレイトドラゴンの 華やかな容姿にあこがれており 黄金のうろこを手に入れるべく 金物を常食しているという。,1653.webp
1654,プチエビルプリースト,せいじゃのはい,げんませき,魔法の迷宮に 不死身のまま封印されし エビルプリースト。妖術で弱くなっているが油断は禁物だ。,デスピサロを裏切っていたのは 周知の話だが いつバレるか 不安で食事もノドを通らず 当時は激やせしていたらしい。,1654.webp
1655,プチゴースネル,ゴールドストーン,ときのすいしょう,魔法の迷宮に 不死身のまま封印されし ゴースネル。妖術で弱くなっているが油断は禁物だ。,元は直立姿勢が常態だったが 主の命令を聞き逃さないように その都度アタマを下げていたら 四つんばいがクセになった。,1655.webp
1656,アトラス(コイン),ウルベア銀貨,ウルベア金貨,魔軍十二将の中核をなす魔物。とにかくチカラ持ちでその棍棒は大地も砕く。だが おつむは弱いようだ。,魔軍十二将の中で まっ先に 主君を狙う敵に挑んだ彼だが 返り討ちにあう。彼の主君も その敵……勇者に敗れ去った。,1656.webp
1657,バズズ(コイン),ウルベア銀貨,きんかい,魔軍十二将の中核をなす魔物。音もなく忍び寄り気取られぬまま 敵を倒す彼は闇の暗殺者として恐れられた。,主君の腹心であった彼は 人間の魂を集める役割だった。その無数の魂は 主君から 十二将へ受け継がれたのだ。,1657.webp
1658,ベリアル(コイン),ウルベア銀貨,ときのすいしょう,魔軍十二将の中核をなす魔物。その戦闘力は すこぶる高くひとりで ある王国の軍隊を壊滅に追い込んだほど。,敗戦後 主君の右腕だった彼は 忠義を貫き その意志を継ぐ。しかし その前に賢者の集団 叡智の冠が立ちはだかった。,1658.webp
1659,ドラゴンガイア,ゴールドストーン,ドラゴンの皮,魔軍十二将の一角だった魔物。その中でもトップの座にありドラゴンの王たるチカラですべてを滅ぼさんとした。,主君の後釜を狙っていた彼だが 叡智の冠の造り出した迷宮に 他の将もろとも封じられた。その屈辱を忘れることはない。,1659.webp
1660,バラモス,きんかい,ときのすいしょう,魔法の迷宮に封じられたいにしえの魔王の一角。自身の再起を目論んで魔軍にチカラを貸している。,かつてはバラモス城を拠点に 世界征服を企んでいたという。その老け顔を笑った者は皆 ハラワタを喰われてしまう。,1660.webp
1661,キングヒドラ,ゴールドストーン,きんかい,魔法の迷宮に封じられたいにしえの邪竜。本来の主に命じられるがまま魔軍にチカラを貸している。,かつて偉大な勇者を 葬ったという逸話を持つ。魔王のペットだったという おぞましき多頭の邪竜。,1661.webp
1662,グラコス,ゴールドストーン,幻獣のホネ,魔法の迷宮に封じられたいにしえの四魔王の一角。大いなる存在の命を受け魔軍にチカラを貸している。,海底の玉座を温めるばかりで 意外とヒマを持てあましてる。最近は副業にヤリのレシピを 書いていたりするらしい。,1662.webp
1663,バラモスブロス,きんかい,ときのすいしょう,魔法の迷宮に封じられたいにしえの三悪魔の一角。策略を練ることに長けた知将タイプの大悪魔。,同じハラワタを分かち合い 仲良く育った兄弟とも 今では袂を分かち 各々が 信ずる道をひた走っている。,1663.webp
1664,キラーマジンガ,ウルベア金貨,ときのすいしょう,魔法の迷宮に封じられた伝説の機械戦士。その圧倒的な暴力は機械の姿を借りた魔神そのものと称えられるほど。,はるか遠き伝説の時代 海底宝物庫の番人として 幾多の挑戦者を返り討ちにし トラウマを植えつけていた。,1664.webp
1665,アクバー,ウルベア銀貨,ときのすいしょう,巨大な身体と強大な魔力で名高い いにしえの大悪魔。大いなる存在の命を受けて魔軍にチカラを貸している。,名も姿も とある魔界の賢者に うりふたつだが 他人の空似。魔界における地位も実力も こちらが完全に格上である。,1665.webp
1666,デュラン,ぶどうエキス,いかずちのたま,魔法の迷宮に封じられた幻界の四諸侯の一角。倒すべき 強敵を求めて魔軍にチカラを貸している。,自分が強者と認めた者としか 戦わないのがポリシー。だが なかなか そんな奴は 現れないので年中ウズウズ。,1666.webp
1667,ドン・モグーラ,天使のソーマ,きんかい,魔法の迷宮に封じられた巨大なモグラの大親分。なぜ封じられたかは知らないが意外と状況を楽しんでいる。,かつて さる王国の宝物である 貴重なハープを盗みだし 欲望のままかき鳴らしたという わがまま放題のガキ大将。,1667.webp
1668,暗黒の魔人,ウルベア銀貨,ウルベア金貨,魔法の迷宮に封じられた巨大な建造物の怪物。意思を持たず そのチカラのみ魔軍に利用されている。,とある邪神を崇める者たちが 暮らしていた都市の建物に 邪教の信者たちの魂が宿って 動きだしたらしい。,1668.webp
1669,Ｓキラーマシン,ウルベア金貨,ときのすいしょう,魔法の迷宮に封じられた心を持たぬ殺りくマシン。侵入者は皆殺しにするよう魔軍にプログラムされている。,人類せん滅のため魔界科学の 超技術を詰め込み設計された。暴走を許せば世界を三度 滅ぼす性能があると言われる。,1669.webp
1670,スライムジェネラル,スライムおしゃれ花,きんかい,魔法の迷宮に封じられたスライム界の大将軍。絶大なカリスマを発揮し敵さえも平伏させる。,自慢の双剣でスライムの ヒゲの形を整えるのが日課。失敗すると ヒゲが伸びるまで 外出もままならなくなる。,1670.webp
1671,死神スライダーク,スライムおしゃれ花,きんかい,魔法の迷宮に封じられたスライム族のダークヒーロー。勝利のためなら手段を選ばない冷酷な死神と恐れられる。,生き別れの妹がいるとの ウワサがあるが真偽は不明。すれちがいだけが人生だ！ と彼はニヒルにうそぶく。,1671.webp
1672,ギュメイ将軍,まじゅうの皮,ウルベア金貨,魔法の迷宮に封じられたいにしえの帝国の将軍。剣聖と呼ばれるほどの達人で名誉を重んじる高徳の武人。,いかつい顔をしているが アゴの下をなでられると思わず ノドを鳴らしてしまうことは 某帝国の最高機密であるとか。,1672.webp
1673,ゲルニック将軍,ふさふさの毛皮,ウルベア金貨,魔法の迷宮に封じられたいにしえの帝国の将軍。三度のメシより陰謀が好きで呪術の達人という知将タイプ。,獣人となる前は意外にも童顔で かわいい系と言われていた。もちろん性格の悪さは変わらず ギャップの激しい将軍だった。,1673.webp
1674,ゴレオン将軍,けものの皮,まじゅうのツノ,魔法の迷宮に封じられたいにしえの帝国の将軍。パワフルかつワイルドで剛力の猛将と呼ばれている。,愛用の鉄球は肌身はなさず 携帯しており 寝るときも 枕がわりに使っている。意外と寝相はいいらしい。,1674.webp
1675,ドラゴン,ドラゴンのホネ,ドラゴンのツノ,魔法の迷宮に封じられた太古の姿を留めしドラゴン。見かけによらず動きがすばやく連続攻撃には要注意。,はるか昔 竜の王と呼ばれる 偉大な主に仕えていたという。幽閉された敵国の姫の見張りを 任されたのは いい思い出。,1675.webp
1676,魔犬レオパルド,するどいキバ,まじゅうの皮,魔法の迷宮に封じられた闇の魔力をまとう黒き獣。かつてはある愛犬家に飼われる血統書付きの高級犬だった。,絶大なる魔力の源は クチにくわえた魔法の杖だが そのために自慢の牙を 戦いに活かせないのが悩み。,1676.webp
1677,ムドー,つけもの石,げんませき,魔法の迷宮に封じられたいにしえの魔王の一角。歯向かう者を惑わし夢幻の絶望の淵に沈める。,何度倒されても復活する 不滅がウリの魔王だったが 魔法の迷宮では皆同様なので アイデンティティ喪失が悩み。,1677.webp
1678,アンドレアル,するどいキバ,ドラゴンの皮,魔法の迷宮に封じられた恐るべき紫の魔竜。主と認めた者への忠誠心が強く命を賭して使命をつらぬく。,見かけによらず寂しがり屋で すぐに仲間を呼びがち。実力は申し分ないのだが 自分に自信が持てないらしい。,1678.webp
1679,エビルプリースト,せいじゃのはい,げんませき,魔法の迷宮に封じられた邪神を崇める悪の大司祭。強烈な野心の持ち主で至高の存在にならんと欲する。,密かに大魔王ゾーマを崇拝し 手を前に突き出すポーズは 何を隠そうゾーマリスペクト。少し広げて自己流アレンジも。,1679.webp
1680,究極エビルプリースト,せいじゃのはい,げんませき,魔法の迷宮に封じられた邪教の大司祭の成れの果て。進化の秘法を完成させ究極の生命に肉薄した。,いかに強くとも自我を失っては 意味がないと考えた大司祭は 魂を外部に保存して秘法を使い 進化した肉体に再び憑依した。,1680.webp
1681,ギガデーモン(コイン),大きなうろこ,まじゅうの皮,魔法の迷宮に封じられた重厚な巨体を誇る魔竜。見た目に似合わぬ頭脳派で勝利のために策略を巡らす。,同じギガデーモン族でも 嵐の領界辺りに生息する 有象無象とは格が違うと主張。相当プライドが高いようだ。,1681.webp
1682,ヘルバトラー(コイン),まほうのせいすい,げんませき,魔法の迷宮に封じられた魔界のエリート戦士。強さこそ絶対の価値と信じ強者ならば敵でも敬意を抱く。,大魔王マデサゴーラに 仕える従弟がいるらしいが すっかり音信不通で 近況は把握できていない。,1682.webp
1683,タイムマスター,ひかりの石,ときのすいしょう,魔法の迷宮に封じられた時間をあやつる大魔道士。本来は時の狭間に潜み邪悪な奸計を巡らすという。,アストルティアには 時間を自在にあやつる 時の妖精がいると聞き 密かにライバル視している。,1683.webp
1684,人食い火竜,ドラゴンのホネ,ドラゴンのツノ,魔法の迷宮に封じられた人を喰らうという悪しき魔竜。ある危険な呪いを宿しているがそれも今は封印されている。,その全身はウロコでなく フサフサの毛で覆われている。吹きだす炎で自慢の毛並みが 焦げないかが常に気がかり。,1684.webp
1685,デスマシーン,てっこうせき,神秘の鋼線,魔法の迷宮に封じられた最強のからくり兵器。両手の剣をブン回し破壊と絶望を振りまく。,かつては命令してくる 小うるさい操縦役がいたが うっかり踏みつぶして以来 自由気ままにやっている。,1685.webp
1686,破壊神フォロボス,あやかしそう,きんかい,魔法の迷宮に封じられた異世界の魔神。魔空５兄弟の真ん中で 最強と呼ばれている破壊と殺りくの権化。,かつてゼーアスを侵略した際は 神の書 に封印された。今は 魔法の迷宮に封じられているが 気分的には慣れたものである。,1686.webp
1687,ヘルクラウダー,いかずちのたま,こんじきの雲,魔法の迷宮に封じられた風と雲をあやつる魔神。あらゆる敵をなぎ払うその脅威度はまさに天災級！,フロストギズモが突然変異して この姿になったとのウワサだが 本人ノーコメントのため 真偽は明らかになっていない。,1687.webp
1688,ベビークラウド,,,魔法の迷宮に封じられたヘルクラウダーのしもべ。集団での戦闘を得意とする油断できない雲の子供。,ヘルクラウダーに統率され 忠実に従っているようだが じつは虎視眈々と下剋上を狙う 見た目によらぬ野心家である。,1688.webp
1689,鉄鬼軍王キラゴルド,グリーンアイ,きんかい,魔法の迷宮に封じられた黄金に輝くゴージャスな魔獣。他者を黄金に変えるという恐るべき魔法の使い手だ。,こう見えて じつは女性で しかも妹属性持ちだという。ワガママを言われたら思わず 聞いてあげたく…ならないか。,1689.webp
1690,黄金兵長,,,キラゴルドにこき使われる黄金の鎧をまとった兵士。その正体はある海賊集団の首領の成れの果てだとか。,ワガママ放題なキラゴルドの 命令にいつも困らされている。黄金の食事を作れとの命令には 具無しチャーハンで対応した。,1690.webp
1691,アトラス強,ウルベア銀貨,ウルベア金貨,魔法の迷宮に 不死身のまま封印されし アトラス。何者かの妖術により 強化され迷宮に再臨する。,棍棒には強いこだわりがあり なじみのセレクトショップで 一流の棍シェルジュが選んだ 逸品しか手にしないという。,1691.webp
1692,バズズ強,ウルベア銀貨,きんかい,魔法の迷宮に 不死身のまま封印されし バズズ。何者かの妖術により 強化され迷宮に再臨する。,不死の魔王から じきじきに 手ほどきを受けたという バズズの魔術の実力は 魔法の迷宮でトップクラスだ。,1692.webp
1693,ベリアル強,ウルベア銀貨,ときのすいしょう,魔法の迷宮に 不死身のまま封印されし ベリアル。何者かの妖術により 強化され迷宮に再臨する。,全身黄色の体色は 大悪魔としてハクをつけようと 黄金ボディを目指した結果 あえなく失敗したとのウワサ。,1693.webp
1694,ドラゴンガイア強,ゴールドストーン,ドラゴンの皮,魔法の迷宮に 不死身のまま封印されし ドラゴンガイア。何者かの妖術により 強化され迷宮に再臨する。,左手に持つ竜玉の妖しい輝きは 彼らの強さのバロメーター。修行を重ねるほどに一層明るく 輝きを放つようになるという。,1694.webp
1695,アクバー強,ウルベア銀貨,ときのすいしょう,魔法の迷宮に 不死身のまま封印されし アクバー。何者かの妖術により 強化され迷宮に再臨する。,かつては魔王の右腕として 狭間の世界に君臨したが 今ではデュランと立場逆転。密かに捲土重来を狙っている。,1695.webp
1696,デュラン強,ぶどうエキス,いかずちのたま,魔法の迷宮に 不死身のまま封印されし デュラン。何者かの妖術により 強化され迷宮に再臨する。,戦うに値すると認める強者は ただでさえ少ないのに 不可抗力で強くなってしまい さらに不満がたまる結果に。,1696.webp
1697,バラモス強,きんかい,ときのすいしょう,魔法の迷宮に 不死身のまま封印されし バラモス。何者かの妖術により 強化され迷宮に再臨する。,何度倒しても復活する敵への 対抗策としてハラワタを喰らう 戦略を研究会で提唱しているが いまだ実証には至っていない。,1697.webp
1698,バラモスブロス強,きんかい,ときのすいしょう,魔法の迷宮に封じられたいにしえの三悪魔の一角。何者かの妖術により 強化され迷宮に再臨する。,兄とは不仲なのかと思いきや バカにされると ハラワタが 煮えくり返るほど怒りだす。なんだかんだで兄想いな奴。,1698.webp
1699,キングヒドラ強,ゴールドストーン,きんかい,魔法の迷宮に 不死身のまま封印されし キングヒドラ。何者かの妖術により 強化され迷宮に再臨する。,歌えば ひとり合唱団と呼ばれ 5頭の息の合ったハーモニーで 魔界に一大アカペラブームを 巻き起こしたことすらある。,1699.webp
1700,グラコス強,ゴールドストーン,幻獣のホネ,魔法の迷宮に 不死身のまま封印されし グラコス。何者かの妖術により 強化され迷宮に再臨する。,玄孫グラコス５世のことは 一応頼りにしつつも 若いモンには負けないと ついつい気張ってしまう。,1700.webp
1701,グラコス５世,ゴールドストーン,幻獣のホネ,グラコスの玄孫にあたる五代目の海魔の王。こんな世代差デュオが組めるのも長命な魔族ならではと言える。,ご先祖グラコスのことは 一応尊敬しているが 戦えば自分の方が上だと 自負するプライドの高いヤツ。,1701.webp
1702,キラーマジンガ強,ウルベア金貨,ときのすいしょう,魔法の迷宮に 不死身のまま封印されし キラーマジンガ。何者かの妖術により 強化され迷宮に再臨する。,一見すると ちがいはないが 通常のキラーマジンガと比べ 最大出力 耐久性 加速性能 燃費の いずれも上回る性能。,1702.webp
1703,暗黒の魔人強,ウルベア銀貨,ウルベア金貨,魔法の迷宮に 不死身のまま封印されし 暗黒の魔人。何者かの妖術により 強化され迷宮に再臨する。,何かひとつキッカケがあれば 岳都ガタラのガラクタ城からは 自分の同類が生まれるのではと 密かに期待している。,1703.webp
1704,牙王ゴースネル,ゴールドストーン,ときのすいしょう,召喚符によって呼び出される獣鬼たちの王のひとり。類まれなパワーとスピードで立ちはだかる敵を打ち砕く。,かつて ある偉大な召喚術師に 召喚され 仕えていたという。乱暴者だが主に対しては 意外と忠誠心が厚いらしい。,1704.webp
1705,輪王ザルトラ,ゴールドストーン,せいれいせき,召喚符によって呼び出される獣鬼たちの王のひとり。邪輪という武器をあやつり立ちはだかる敵を切り裂く。,かつて ある偉大な召喚術師に 召喚され 仕えていたという。いずれ寝首をかくと うそぶき 主にツンツンしていたらしい。,1705.webp
1706,剣王ガルドリオン,ゴールドストーン,げんませき,召喚符によって呼び出される獣鬼たちの王のひとり。変幻自在の超剣技で立ちはだかる敵を斬り捨てる。,かつて ある偉大な召喚術師に 召喚され 仕えていたという。彼の剣は主に捧げられたもので 主の敵をことごとく討った。,1706.webp
1707,震王ジュノーガ,ゴールドストーン,幻獣のホネ,召喚符によって呼び出される獣鬼たちの王のひとり。大地の霊力をあやつり立ちはだかる敵を踏み砕く。,かつて ある偉大な召喚術師に 召喚され 仕えていたという。主をその背に乗せて世界中を 旅したのは いい思い出。,1707.webp
1708,勇者アルヴァン,,,禁忌の術で魂を闇に侵された１０００年前の先代勇者。闇に落ちようとも勇者らしくギガデインを使いこなす。,アンルシアが読んでいた絵本は 彼をモデルにしているが 盟友に関しては書き換えられ ハッピーエンドになっている。,1708.webp
1709,ファラオ・デス,,,おそろしい呪文をあやつる魔道に通じた秘宝の守護者。魔力かくせいをしてドルマドンを放ってくる。,歴史上はじめてミイラになった ファラオだと言われている。技術が不完全で ちょっぴり 腐っているのは秘密だ。,1709.webp
1710,ファラオ・エレフ,,,勇猛果敢さを誇る戦技に長けた秘宝の守護者。はげしいおたけびを上げ探求者を はじきとばす。,生前はファラオでありながら 最高の象使いであった。戦の時は相棒の象にまたがり 敵軍を けちらしたという。,1710.webp
1711,ファラオ・ガル,,,知略と絆を武器として自在に戦う秘宝の守護者。すばやく動きまわり襲いかかってくる。,古代王朝末期 幼き兄弟が ファラオとして君臨していた。ふたりは大人に負けぬほど賢く 立派に国を治めたという。,1711.webp
1712,ファラオ・ゴル,,,知略と絆を武器として冷静に戦う秘宝の守護者。暗黒のきりを呼びよせ探求者のチカラを奪う。,古代王朝末期 幼き兄弟が ファラオとして君臨していた。ふたりは その短い生涯の間 一度も仲違いしなかった。,1712.webp
1713,ファラオ・ゴレム,,,鉄壁の堅さを誇る守戦が得意な秘宝の守護者。におうだちで立ちはだかり仲間たちを守りぬく。,生前は建築技術の研究に 心血を注いだファラオだった。ピラミッドを作る技術は 彼の時代に飛躍的に発展した。,1713.webp
1714,ファラオ・ナジャ,,,鬼神のごとき強さで敵を圧倒する秘宝の守護者。ジゴデインを唱えて地獄のいかずちを呼ぶ。,ファラオの中では最も厳格で 学問を重んじたという。学校を作り 自ら子供たちを 教え導くこともあった。,1714.webp
1715,ファラオ・ルドラ,,,古代技術を武器として破滅をもたらす秘宝の守護者。機械の身体をあやつってミサイルを放ってくる。,身体の弱いファラオで 機械の身体を欲したという。他国から取り寄せたカラクリは ガテリア皇国産だった。,1715.webp
1716,ファラオ・ラー,,,太陽のごとく輝いて万物を統べる秘宝の守護者。秘められた竜眼が開く時すべての打撃は無効となる。,古代王朝の礎を築いた 建国の祖であるファラオ。彼の息子はファラオの中の ファラオと呼ばれたという。,1716.webp
1717,ファラオの右手,,,長い年月を経て 意思を持ったいにしえの王の右手。主が右利きだったせいか左手よりもウデっぷしが強い。,霊廟の奥でヒマな時は よく左手とジャンケンして 時間をつぶす。その勝敗は わずかに左がリードしている。,1717.webp
1718,ファラオの左手,,,長い年月を経て 意思を持ったいにしえの王の左手。盗賊を呪ってミイラにするのが楽しみで仕方ない。,右手とのジャンケンにも飽きて ゆびずもうをやろうとしたが よく考えたら左右の手では 組めないことに気付いた。,1718.webp
1719,ファラオ・ヘッド,,,長い眠りから 目覚めたいにしえの王。長く眠りすぎた腹いせにあやしいひとみで眠りに誘う。,ふたつの手はそれぞれに 自律した意思を持っているが 墓泥棒を倒すという目的で 一致団結して行動している。,1719.webp
1720,ファラオ・ヘルマ,,,その身に宿した冥界のチカラで万物を呪う いにしえの女王。忠誠心あつく主を死守するミイラ達は彼女の最高傑作。,ミイラ作りの始祖として名高く 彼女の作った幾千ものミイラは 夫ニビス率いる軍の主力として 近隣諸国を脅かしたという。,1720.webp
1721,ファラオ・ニビス,,,その身に宿した冥界のチカラで万物を裁く いにしえの王。秘宝を狙う不届き者をピラミッド化して断罪する。,猛将として名高いニビス王だが じつは かなりの恐妻家。双竜打ちの おしおきを恐れて 必死で戦果を上げていたのだ。,1721.webp
1722,ファラオ・カーメン,,,秘宝の探究者たちの前に立ちはだかる 最強の守護者。霊廟を守ることを誇りとし多彩な攻撃で賊を排除する。,古代王朝が最も栄えた時代に 君臨した 偉大なるファラオ。それゆえに孤独で その生涯に 心を許せる友はいなかった。,1722.webp
1723,常闇の竜レグナード,,,神話の時代から存在するといういにしえの竜の１匹で闇のチカラをつかさどる。邪悪な存在では ないらしい。,いにしえの竜たちはいずれも チカラをほとんど失った状態で この世界の深淵に眠っており 時折目覚めて混乱をもたらす。,1723.webp
1724,ダークキング,,,闇の領界の毒が浄化されぬまま濃縮された結果出現した脅威。暗黒エネルギーの集合体であり意思を持たぬ言わば自然災害。,このような危険な存在を 生みだす原因を作ったことも 闇の領界の竜族たちが犯した 罪のひとつと言えよう。,1724.webp
1725,海冥主メイヴ,,,浮遊大陸ナドラガンドの内海に巣食ったという神話的怪物。常闇の竜レグナードと争い世界に破壊を振りまいた。,古代種と呼ばれる怪物の多くは すでに封印されるか倒されたが メイヴ同様 眠りについたまま 忘れられたものも少なくない。,1725.webp
1726,災いの神話,,,戦禍の邪神の想念が生みだした戦禍の眷属と呼ばれる存在。世界を脅かす 強大な悪の姿を再現しているらしい。,戦禍の邪神は戦争の振りまく 災いを象徴する悪神であり 大いなる闇の根源にもっとも 近い存在の一角らしい。,1726.webp
1727,暴虐の悪夢,,,戦禍の邪神の想念が生みだした戦禍の眷属と呼ばれる存在。世界を脅かす 強大な悪の姿を再現しているらしい。,戦禍の邪神は神代の昔に アストルティアに襲来した。これと戦ったのがオーガの神 ガズバランであったという。,1727.webp
1728,幻妖の魔勇者,,,戦禍の邪神の想念が生みだした戦禍の眷属と呼ばれる存在。挑戦者の記憶から戦いづらい相手の姿を再現するらしい。,戦禍の邪神のほかにも 闇の根源に近いもの…… 邪神と呼ばれる存在は複数いて どこかで眠っているらしい。,1728.webp
1729,幻妖の黒公子,,,戦禍の邪神の想念が生みだした戦禍の眷属と呼ばれる存在。挑戦者の記憶から戦いづらい相手の姿を再現するらしい。,戦禍の邪神は４本のウデを持ち それぞれのウデは戦がもたらす 死と破壊 憎悪と狂乱の ４つの災いを司っている。,1729.webp
1730,震撼の冥宰相,,,戦禍の邪神の想念が生みだした戦禍の眷属と呼ばれる存在。挑戦者がかつて対面した強敵の記憶を再現している。,邪神の宮殿に突き立つ封剣は もともと戦禍の邪神のもの。相手の武器の魔力を利用して ガズバランは封印を施した。,1730.webp
1731,戦慄の魔元帥,,,戦禍の邪神の想念が生みだした戦禍の眷属と呼ばれる存在。挑戦者がかつて対面した強敵の記憶を再現している。,戦禍の眷属たちにより今も 封印は むしばまれている。戦禍の邪神が復活する日は そう遠くないのかもしれない。,1731.webp
1732,魔幻の芸術家,,,戦禍の邪神の想念が生みだした戦禍の眷属と呼ばれる存在。挑戦者と強い因縁を持つ悪しき者の記憶が再現される。,戦禍の邪神は魔族の王よりも 大いなる闇の根源に近い存在。その魔力は比較にならないほど 絶大であると言われている。,1732.webp
1733,冥府の君主,,,戦禍の邪神の想念が生みだした戦禍の眷属と呼ばれる存在。挑戦者と強い因縁を持つ悪しき者の記憶が再現される。,戦禍の邪神はガズバラン神に 封印されたためオーガを憎み オーガに災いをなす計略を かつて何度も企てたという。,1733.webp
1734,謀略の邪竜,,,戦禍の邪神の想念が生みだした戦禍の眷属と呼ばれる存在。挑戦者がかつて対面した強敵の記憶を再現している。,戦禍の邪神の発する 悪しき想念が増大するにつれ 眷属もまた多様な姿で 顕現するようになったようだ。,1734.webp
1735,憤怒の剛竜,,,戦禍の邪神の想念が生みだした戦禍の眷属と呼ばれる存在。挑戦者がかつて対面した強敵の記憶を再現している。,戦禍の眷属の見た目は挑戦者の 怒りや憎しみ 悲しみや恐れの 記憶に深く結びついており その時々の姿を変えるという。,1735.webp
1736,暗黒の星竜機,,,戦禍の邪神の想念が生みだした戦禍の眷属と呼ばれる存在。多くの者に死を振りまいた圧倒的な脅威を再現している。,戦禍の邪神の封印からもれだす 邪気は封印の守護者である 魔封剣姫の身体をむしばみ その寿命を縮めるという。,1736.webp
1737,真紅の殺人機械,,,戦禍の邪神の想念が生みだした戦禍の眷属と呼ばれる存在。多くの者に死を振りまいた圧倒的な脅威を再現している。,悠久の封印の中 戦禍の邪神は 助力を求める者にチカラを 貸し与えつつ 憎悪を植え付け 自らの走狗としてきた。,1737.webp
1738,絶牙の白獅子,,,戦禍の邪神の想念が生みだした戦禍の眷属と呼ばれる存在。多くの者に死を振りまいた圧倒的な脅威を再現している。,暗黒大樹 けがれの谷など アストルティア各地にある 呪われた土地は いずれも 邪神に関わりがあるらしい。,1738.webp
1739,邪炎の鎧鬼,,,戦禍の邪神の想念が生みだした戦禍の眷属と呼ばれる存在。挑戦者がかつて対面した強敵の記憶を再現している。,戦禍の邪神の想念によって 神の試練の番人が宿す 浄化の炎は 全てを焼き尽くす 邪炎と化した。,1739.webp
1740,魔氷の鎧鬼,,,戦禍の邪神の想念が生みだした戦禍の眷属と呼ばれる存在。挑戦者がかつて対面した強敵の記憶を再現している。,戦禍の邪神の想念によって 神の試練の番人が宿す 至純の氷は 時も凍てつかせる 魔氷と化した。,1740.webp
1741,呪闇の鎧鬼,,,戦禍の邪神の想念が生みだした戦禍の眷属と呼ばれる存在。挑戦者がかつて対面した強敵の記憶を再現している。,戦禍の邪神の想念によって 神の試練の番人が宿す 静謐なる闇は 呪いを振りまく 呪闇と化した。,1741.webp
1742,屍水の鎧鬼,,,戦禍の邪神の想念が生みだした戦禍の眷属と呼ばれる存在。挑戦者がかつて対面した強敵の記憶を再現している。,戦禍の邪神の想念によって 神の試練の番人が宿す 清浄なる水は 死穢にまみれた 屍水と化した。,1742.webp
1743,獄嵐の鎧鬼,,,戦禍の邪神の想念が生みだした戦禍の眷属と呼ばれる存在。挑戦者がかつて対面した強敵の記憶を再現している。,戦禍の邪神の想念によって 神の試練の番人が宿す 神気の嵐は 万象を打ち滅ぼす 獄嵐と化した。,1743.webp
1744,烈武の竜将,,,戦禍の邪神の想念が生みだした戦禍の眷属と呼ばれる存在。挑戦者がかつて対面した強敵の記憶を再現している。,戦禍の邪神にとって 大いなる闇の根源という存在は 親であり 主君であり 崇めるべき神でもあるという。,1744.webp
1745,背徳の教祖,,,戦禍の邪神の想念が生みだした戦禍の眷属と呼ばれる存在。挑戦者がかつて対面した強敵の記憶を再現している。,,1745.webp
1746,虚空の邪竜神,,,戦禍の邪神の想念が生みだした戦禍の眷属と呼ばれる存在。挑戦者がかつて対面した強敵の記憶を再現している。,戦禍の邪神はガズバラン神に 封印されたが 邪神の多くは 女神ルティアナによって 封印されているらしい。,1746.webp
1747,霊廟の冥妃,,,戦禍の邪神の想念が生みだした戦禍の眷属と呼ばれる存在。多くの者に死を振りまいた圧倒的な脅威を再現している。,戦禍の邪神にとっても 竜族の神は同格の存在だった。ただ邪神の宮殿に現れるのは 記憶の影のようなものである。,1747.webp
1748,霊廟の猛将,,,戦禍の邪神の想念が生みだした戦禍の眷属と呼ばれる存在。多くの者に死を振りまいた圧倒的な脅威を再現している。,邪神の中でも暴虐と渇欲は 戦禍の邪神と馬が合った。禁忌と怨嗟とはしばしば対立し 嘲弄と虚無は理解不能だった。,1748.webp
1749,霊廟の守護神,,,戦禍の邪神の想念が生みだした戦禍の眷属と呼ばれる存在。多くの者に死を振りまいた圧倒的な脅威を再現している。,七柱の邪神の中で戦禍の邪神は 最も戦いを得意としていたが 悠久の封印の中で策略を 弄することも覚えたようだ。,1749.webp
1750,邪王の操り人形,,,,,1750.webp
1751,青嵐の烈剣士,,,戦禍の邪神の想念が生みだした戦禍の眷属と呼ばれる存在。挑戦者と強い因縁を持つ強者の姿を再現するらしい。,様々な呪いによって苦痛と 恨みを振りまく怨嗟の邪神は 戦いを好む戦禍の邪神にとって 気にくわない存在だった。,1751.webp
1752,暴風の豪剣士,,,戦禍の邪神の想念が生みだした戦禍の眷属と呼ばれる存在。挑戦者と強い因縁を持つ強者の姿を再現するらしい。,堅苦しい性格の暴虐の邪神と 奔放な性格の戦禍の邪神は 一度殴り合いの大ゲンカをして 引き分けて以来仲良くなった。,1752.webp
1753,懊悩の麗竜,,,戦禍の邪神の想念が生みだした戦禍の眷属と呼ばれる存在。挑戦者と強い因縁を持つ強者の姿を再現するらしい。,禁忌の邪神の得意とする戦法は 豪胆な戦禍の邪神からすると 臆病者の戦い方にしか思えず 内心で軽んじていた。,1753.webp
1754,辛苦の激竜,,,戦禍の邪神の想念が生みだした戦禍の眷属と呼ばれる存在。挑戦者と強い因縁を持つ強者の姿を再現するらしい。,嘲弄の邪神はとらえどころなく 下手に絡むとロクな目に あわないので 戦禍の邪神は 極力関わりあいを避けていた。,1754.webp
1755,黒衣の君主,,,戦禍の邪神の想念が生みだした戦禍の眷属と呼ばれる存在。挑戦者と強い因縁を持つ強者の姿を再現するらしい。,虚無の邪神の独特の価値観は 戦禍の邪神には理解不能で まともな意思疎通も難しい とにかく苦手な相手だった。,1755.webp
1756,双剣の従者,,,戦禍の邪神の想念が生みだした戦禍の眷属と呼ばれる存在。挑戦者と強い因縁を持つ強者の姿を再現するらしい。,寡黙な渇欲の邪神のことを 戦禍の邪神は気に入っていた。向こうがどう思っていたかは わからないし気にしない。,1756.webp
1757,至尊の魔王,,,戦禍の邪神の想念が生みだした戦禍の眷属と呼ばれる存在。挑戦者と強い因縁を持つ強者の姿を再現するらしい。,魔界とアストルティアをつなぐ ルクスガルン大空洞は 戦禍の邪神が攻め入った際に 開けたものと伝えられる。,1757.webp
1758,破天の魔王,,,戦禍の邪神の想念が生みだした戦禍の眷属と呼ばれる存在。挑戦者と強い因縁を持つ強者の姿を再現するらしい。,,1758.webp
1759,覇道の魔王,,,戦禍の邪神の想念が生みだした戦禍の眷属と呼ばれる存在。挑戦者と強い因縁を持つ強者の姿を再現するらしい。,,1759.webp
1760,時獄の暴君,,,戦禍の邪神の想念が生みだした戦禍の眷属と呼ばれる存在。挑戦者がかつて対面した強敵の記憶を再現している。,,1760.webp
1761,魔影の鬼婦人,,,戦禍の邪神の想念が生みだした戦禍の眷属と呼ばれる存在。挑戦者がかつて対面した強敵の記憶を再現している。,,1761.webp
1762,不死の支配者,,,戦禍の邪神の想念が生みだした戦禍の眷属と呼ばれる存在。挑戦者がかつて対面した強敵の記憶を再現している。,アストルティアを侵略するため 魔界から大魔王が現れるとき 戦禍の邪神もその影響を受け 覚醒の度合いを高めるという。,1762.webp
1763,鉄槌の猛将,,,戦禍の邪神の想念が生みだした戦禍の眷属と呼ばれる存在。多くの者に死を振りまいた圧倒的な脅威を再現している。,"かつて始まりの大魔王が初めて地上に現れたとき邪神の封印に綻びが生じ
戦禍の邪神の意識が目覚めた。",1763.webp
1764,魔爪の知将,,,戦禍の邪神の想念が生みだした戦禍の眷属と呼ばれる存在。多くの者に死を振りまいた圧倒的な脅威を再現している。,大魔王ヴァルザードの侵略で高まった戦禍の邪神の想念を察知して 当時の魔封剣姫が封印の守り人の任に就いた。,1764.webp
1765,壊乱の邪将,,,戦禍の邪神の想念が生みだした戦禍の眷属と呼ばれる存在。多くの者に死を振りまいた圧倒的な脅威を再現している。,,1765.webp
1766,悪逆の凶将,,,戦禍の邪神の想念が生みだした戦禍の眷属と呼ばれる存在。多くの者に死を振りまいた圧倒的な脅威を再現している。,,1766.webp
1767,竜蹄の暴将,,,戦禍の邪神の想念が生みだした戦禍の眷属と呼ばれる存在。多くの者に死を振りまいた圧倒的な脅威を再現している。,,1767.webp
1768,鬼謀の幻将,,,戦禍の邪神の想念が生みだした戦禍の眷属と呼ばれる存在。多くの者に死を振りまいた圧倒的な脅威を再現している。,,1768.webp
1769,絶牙の獣将,,,戦禍の邪神の想念が生みだした戦禍の眷属と呼ばれる存在。多くの者に死を振りまいた圧倒的な脅威を再現している。,十二将のまとめ役と呼ばれ 本人もそれを心掛けていた。戦禍の眷属に意識はないが 戦い方だけは踏襲されている。,1769.webp
1770,祝祭の楽将,,,戦禍の邪神の想念が生みだした戦禍の眷属と呼ばれる存在。多くの者に死を振りまいた圧倒的な脅威を再現している。,魔軍十二将時代は軍団の 盛り上げ役として活躍したが 戦禍の眷属はしゃべらないので 盛り上がりようもなかった。,1770.webp
1771,覇道の竜将,,,戦禍の邪神の想念が生みだした戦禍の眷属と呼ばれる存在。多くの者に死を振りまいた圧倒的な脅威を再現している。,魔軍十二将時代は我が強く 主である不死の魔王にさえ 逆らうこともあったが 戦禍の眷属は絶対服従である。,1771.webp
1772,剛腕の巨将,,,戦禍の邪神の想念が生みだした戦禍の眷属と呼ばれる存在。多くの者に死を振りまいた圧倒的な脅威を再現している。,不死の魔王の配下である 魔軍十二将が地上に振りまいた 戦禍は戦禍の邪神にとって 豪華な美食に等しかった。,1772.webp
1773,呪滅の妖将,,,戦禍の邪神の想念が生みだした戦禍の眷属と呼ばれる存在。多くの者に死を振りまいた圧倒的な脅威を再現している。,魔軍十二将の中でも 巨将 妖将 獄将の３体は 戦いのデータが豊富で 再現が容易だったらしい。,1773.webp
1774,爆炎の獄将,,,戦禍の邪神の想念が生みだした戦禍の眷属と呼ばれる存在。多くの者に死を振りまいた圧倒的な脅威を再現している。,剛腕の巨将 呪滅の妖将とは 十二将になる前からの腐れ縁で 戦禍の眷属となってまでも その関係は続いている。,1774.webp
1775,不死なる異形,,,戦禍の邪神の想念が生みだした戦禍の眷属と呼ばれる存在。挑戦者がかつて対面した強敵の記憶を再現している。,本来のアストルティア史には 存在しない異形を眷属として 再現することは 戦禍の邪神も かなり手こずったようだ。,1775.webp
1776,獣生む異形,,,戦禍の邪神の想念が生みだした戦禍の眷属と呼ばれる存在。挑戦者がかつて対面した強敵の記憶を再現している。,悪鬼ゾンガロンはもともと 戦禍の邪神が生みだしたため その能力を継ぐ この異形は 比較的作りやすかったらしい。,1776.webp
1777,増殖する異形,,,戦禍の邪神の想念が生みだした戦禍の眷属と呼ばれる存在。挑戦者がかつて対面した強敵の記憶を再現している。,無限に増殖する能力を持つ この異形を再現することは その難度以上に戦禍の邪神の 美意識に反するものだった。,1777.webp
1778,暴虐の幻影神,,,,,1778.webp
1779,隷従の魔瘴魂,,,,,1779.webp
1780,禁忌の幻影神・封,,,戦禍の邪神の想念が生みだした戦禍の眷属と呼ばれる存在。挑戦者がかつて対面した強敵の記憶を再現している。,戦禍の邪神が禁忌の邪神と 手合わせをした時のこと。結果は三体同時に倒せず 時間切れ。疲れただけだった。,1780.webp
1781,禁忌の幻影神・戒,,,戦禍の邪神の想念が生みだした戦禍の眷属と呼ばれる存在。挑戦者がかつて対面した強敵の記憶を再現している。,戦禍の邪神が禁忌の邪神と 腹を割って話した時のこと。封は説教臭く 戒はわからず屋 断は下品で疲れただけだった。,1781.webp
1782,禁忌の幻影神・断,,,戦禍の邪神の想念が生みだした戦禍の眷属と呼ばれる存在。挑戦者がかつて対面した強敵の記憶を再現している。,戦禍の邪神が禁忌の邪神と 連携して戦った時のこと。お互いの戦術がかみ合って 意外にも大戦果をあげた。,1782.webp
1783,異境の翡翠将,,,戦禍の邪神の想念が生みだした戦禍の眷属と呼ばれる存在。挑戦者がかつて対面した敵の記憶を再現している。,アストルティア外から襲来した 異質な生命体を再現するには さすがの戦禍の邪神もかなりの 試行錯誤を重ねたらしい。,1783.webp
1784,異境の黄兵,,,戦禍の邪神の想念が生みだした戦禍の眷属と呼ばれる存在。挑戦者がかつて対面した敵の記憶を再現している。,異境の翡翠将に比べると 存在を構成する情報量が 格段に少ないため 割と 片手間に創られたらしい。,1784.webp
1785,異境の紫兵,,,戦禍の邪神の想念が生みだした戦禍の眷属と呼ばれる存在。挑戦者がかつて対面した敵の記憶を再現している。,異境の黄兵と異境の紫兵では 構成する情報がよく似ていて 少し内容を置き換えるだけで 変更が可能らしい。,1785.webp
1786,嘲弄の幻影神,,,戦禍の邪神の想念が生みだした戦禍の眷属と呼ばれる存在。挑戦者がかつて対面した強敵の記憶を再現している。,水と油のような戦禍の邪神と 嘲弄の邪神だが食の好みだけは 一致し キメラのくし焼きには 特に目がないらしい。,1786.webp
1787,嘲弄の分身,,,嘲弄の幻影神が生み出す人型の分身。いくらでもわいてくるので 放っておくと手が付けられないことに。,嘲弄の邪神は封印されたが 取り残された分身体が 今でもナドラガンドにいて 気ままに過ごしているらしい。,1787.webp
1788,闇朱の破砕将ボーガ,,,おそるべき怪力ですべてを破壊せんとする闇朱の獣牙兵団の将。防衛軍の前に立ちはだかる。,セルゲイナス ブルサベージを 参考に重武装・高火力を極めた 至高の作品が ついに登場！ バイオレンス＆ワイルドネス。,1788.webp
1789,紫炎の滅機将シュバ,,,血肉なき機械の身体ですべてを滅殺せんとする紫炎の鉄機兵団の将。防衛軍の前に立ちはだかる。,感情なき冷徹さをもって 敵を駆逐する機動兵器。その究極の形が今ここに！ デストロイ＆ハートレス。,1789.webp
1790,深碧の魔壊将ブラゴ,,,異界より導いた魔力によってすべてを消去せんとする深碧の造魔兵団の将。防衛軍の前に立ちはだかる。,物理も呪文もお手のモノ！ あらゆる戦況に対応できる 高い汎用性を実現！ マッドネス＆オールラウンド。,1790.webp
1791,蒼怨の武骸将デゾス,,,２本のオノを自在にあやつり敵を撲滅に追い込まんとする蒼怨の屍獄兵団の将の１体。防衛軍の前に立ちはだかる。,初の装備換装型が登場！ こちらは物理攻撃特化型。単体運用よりもタイプの異なる ２体の同時運用がオススメ！,1791.webp
1792,蒼怨の邪骨将マッゼ,,,２本の杖で高めた魔力による高位魔法で敵陣を攻めんとする蒼怨の屍獄兵団の将の１体。防衛軍の前に立ちはだかる。,初の装備換装型が登場！ こちらは魔法攻撃特化型。単体運用よりもタイプの異なる ２体の同時運用がオススメ！,1792.webp
1793,銀甲の崩撃将ダバム,,,巨体を活かして大地をゆるがし壊滅的な被害を与えんとする銀甲の凶蟲兵団の将。防衛軍の前に立ちはだかる。,八脚駆動による高い機動性が あらゆる戦場を踏破する。アグレッシブに攻めたい方に 自信を持っておススメします！,1793.webp
1794,翠煙の波皇将ネブド,,,水と氷のチカラを振るいすべてを無に帰さんとする翠煙の海妖兵団の将。防衛軍の前に立ちはだかる。,待望の水陸両用型が登場！ 海や河川に面した拠点の 攻略に欠かせない逸品です。このビッグウェーブに乗ろう！,1794.webp
1795,灰塵の豪雷将バルケ,,,その巨体を大地にすべらせすべてを押しつぶさんとする灰塵の竜鱗兵団の将。防衛軍の前に立ちはだかる。,ついに登場！ これが本命！ 最強の代名詞たるドラゴンを モチーフとした新モデルです。この強さ……まさに想定外！！,1795.webp
1796,彩虹の死剣将グロズ,,,圧倒的な剣技をもってあらゆるものを断たんとする彩虹の粘塊兵団の将。防衛軍の前に立ちはだかる。,スライムタイプの究極形が 満を持してのリリース決定！ あざやかなカラーリングで 戦場もウキウキ気分！！,1796.webp
1797,芳墨の堕天将フィア,,,この世ならざる美をもってあらゆるものを惑わせる芳墨の華烈兵団の将。防衛軍の前に立ちはだかる。,無骨な連中にはもう飽きた！ ならば彼女はいかがですか？ 戦場に華を咲かせましょう。もちろん強さも折り紙付き！,1797.webp
1798,白雲の烈翼将ヤヌビ,,,その翼で空を駆けぬけ宙より獲物に狙いを定める白雲の冥翼兵団の将。防衛軍の前に立ちはだかる。,大地にへばりついた戦いは もはや過去のものとなる……。これからは空戦の時代です！ 三次元の戦場を支配しよう！,1798.webp
1799,腐緑の呪老将ズタン,,,数千年を生きながらえた古木に禁忌の呪いを与え生みだされた腐緑の樹葬兵団の将。防衛軍の前に立ちはだかる。,踏んでも踏んでも立ちあがる。抜いても抜いても生えてくる。植物の持つタフな生命力が 戦線の長期維持を約束します！,1799.webp
1800,青鮮の根絶将コンネ,,,魔界で育ったトウモロコシに禁忌の呪いを与え生みだされた青鮮の菜果兵団の将。防衛軍の前に立ちはだかる。,強大な戦闘力もさることながら 各兵団に食料を補給するという 重要な役割も担えます。肉だけでなく野菜も食え！,1800.webp
1801,鋼塊の痛哭将アボク,,,巨大なハンマーを手にしてあらゆるものを粉砕する鋼塊の重滅兵団の将。防衛軍の前に立ちはだかる。,今こそ原点回帰のとき！ 圧倒的な暴力によってのみ 戦場は支配されるべきです。パワー イズ ジャスティス！！,1801.webp
1802,金神の秘鳥将バオラ,,,滅び去った古代文明の遺恨を呪いのチカラに変えて襲いくる金神の遺宝兵団の将。防衛軍の前に立ちはだかる。,禁断の呪法にて黄泉の世界より 呼びだした古代の戦士たちを パッケージングしてお届け！ 金色の輝きで戦場を豪華に！！,1802.webp
1803,紅爆の暴奏将モグド,,,暴虐の限りを尽くしすべてを略奪せんとする紅爆の暴賊兵団の将。防衛軍の前に立ちはだかる。,青春は爆発だ！ 俺たちの暴発的な情熱は 誰にも止められやしねエんだ。行こうぜ 伝説の向こうへ。,1803.webp
1804,冥黒の悪夢将ルゲル,,,身の毛もよだつ悪夢によって世界を塗りつぶさんとする冥黒の悪夢兵団の将。防衛軍の前に立ちはだかる。,誰にでもあるトラウマ……。その恐怖の姿に自在に変化する 機能の搭載に成功しました。敵は戦意喪失 まちがいなし！,1804.webp
1805,ゲノディオ,,,かつて海底の国を滅ぼしたゲノミーたちの親玉。女王セルメアを捕らえて創生のチカラを奪おうとした。,冒険者に狩られやすい ゲノミーがこのサイズまで 成長するのは非常に珍しく 数万匹に１匹の確率だとか。,1805.webp
1806,ゲノマリオン,,,かつて海底の国に迷い込んだイカの魔物の成れの果て。女王セルメアにより救われたが悲劇的な事件の要因となった。,大恩ある女王とその王国を 滅ぼすという罪を悔いて 自ら暗き深淵の底に閉じこもり 廃都の番人となった。,1806.webp
1807,冥骸魔レギルラッゾ,,,５００年前 ガラテアの神槍で封じられた古代魔族の一角。魔族という種の根源に近く圧倒的な爆発力を秘めている。,見かけによらず美しいものを 愛する心の持ち主である。地上世界の星空に魅せられ 我が物にせんと企んでいる。,1807.webp
1808,獣魔ローガスト,,,５００年前 ガラテアの神槍で封じられた古代魔族の一角。魔族という種の根源に近く圧倒的な殺傷力を秘めている。,長く鋭いツメが自慢のようで 思う存分ツメを振るった後は やすりをかけて 油を塗って しっかり手入れを欠かさない。,1808.webp
1809,紅殻魔スコルパイド,,,５００年前 ガラテアの神槍で封じられた古代魔族の一角。羅刹王バラシュナの腹心として地上に災いを振りまいた。,自身の体色である赤こそが 至高の色だと妄信しており その美意識のおもむくまま 流血の惨劇をくり返した。,1809.webp
1810,翠将鬼ジェルザーク,,,５００年前 ガラテアの神槍で封じられた古代魔族の将帥。羅刹王バラシュナ配下の魔物を率いて最前線で暴れまわった。,あらゆる戦場に対応するため 過度なそうびを決してしない。最強の肉体だけが常勝を呼ぶ というのが彼の持論なのだ。,1810.webp
1811,剛獣鬼ガルドドン,,,５００年前 ガラテアの神槍で封じられた古代魔族の幹部。羅刹王バラシュナの配下では一番の剛勇を誇ると言われる。,ガートラント王ラダ・ガートを 単身襲撃したが返り討ちにあい そのまま神槍で封印された。少々自信が過ぎたようだ。,1811.webp
1812,邪蒼鎧デルメゼ,,,５００年前 ガラテアの神槍で封じられた古代魔族の兵器。もともと羅刹王バラシュナの護衛用に造られたという。,一見して弱点に見える頭頂部は じつは最強の硬度を誇る。冷静に戦況をコントロールする 凶悪無比の人工頭脳なのだ。,1812.webp
1813,羅刹王バラシュナ,,,５００年前 ガラテアの神槍で封じられた古代魔族の王。すべての魔祖の血族を従える絶対君主にして最強の魔人。,スコルパイドより硬く ジェルザークより狡猾で ガルドドンよりチカラ強く デルメゼよりも残忍との評判。,1813.webp
1814,カラミティロイド,,,万魔の塔の挑戦者に立ちはだかる 災いの化身。一の災壇を守護するのは魔動力で駆動する機竜。,万魔の塔を造ったのは ２５００年以上前に栄えた 海運都市ザードを支配していた ひとりの強大な魔王だという。,1814.webp
1815,カラミティスコルプ,,,万魔の塔の挑戦者に立ちはだかる 災いの化身。二の災壇を守護するのは硬い殻で身をおおわれた毒尾。,ザードの魔王はその富と権力で ありとあらゆる快楽をむさぼり やがて飽きて退屈していた。そして塔の建設を思いついた。,1815.webp
1816,カラミティサン,,,万魔の塔の挑戦者に立ちはだかる 災いの化身。三の災壇を守護するのは黒き炎を身にまとう太陽。,万魔の塔に無数の魔物が 封印され 塔は完成した。そこは挑戦者の生へのあがきを 楽しむための施設であった。,1816.webp
1817,カラミティデーモン,,,万魔の塔の挑戦者に立ちはだかる 災いの化身。この災壇を守護するのは強力な呪文をあやつる魔神。,ザードの魔王は完成した塔に ウデに覚えのある奴隷や罪人を 送り込み 生き残った者には 褒美と自由を与えたという。,1817.webp
1818,カラミティドラゴン,,,万魔の塔の挑戦者に立ちはだかる 災いの化身。四の災壇を守護するのは流星さえもあやつる暴竜。,栄華を極めたザードの魔王も やがては死に 国も滅んだが 万魔の塔は崩れることなく残り 今もその威容を誇っている。,1818.webp
1819,カラミティキング,,,万魔の塔の挑戦者に立ちはだかる 災いの化身。五の災壇を守護するのは剣技と呪文の達人たる騎王。,ザードの魔王は己の死を前に 万魔の塔にある特殊な仕掛けを 施したとうわさされている。それは命に関わる秘術だとか。,1819.webp
1820,源世鳥アルマナ,,,源世庫の守護者として神話の時代より存在する霊鳥。今も課された使命を忘れずに侵入者たちを排除する。,神話以前……とこしえの時代 アルマナは天の国に住まう 一羽の野鳥でしかなかった。時の流れは万物を変化させる。,1820.webp
1821,じげんりゅう,,,自ら開けた次元の穴から顔をのぞかせる異界の巨竜。源世庫に眠る不思議なチカラに惹かれて この地に顕現した。,次元の穴の向こうに隠れた 巨竜の全長は天星郷全体を ３周しても余るほどだというが 直に確認した者は誰もいない。,1821.webp
1822,堕天使エルギオス,,,太古の昔 こことは異なる地に破滅をもたらした異形の天使。源世庫に眠る不思議なチカラがその幻影を呼び起こした。,源世庫パニガルムは古き世界の 様々な記憶さえも保存しており エルギオスの起こした事件は とりわけ濃密な記憶であった。,1822.webp
1823,源世果フルポティ,,,源世庫に眠る不思議なチカラが保管されていた果実に宿り際限なく膨らみ意思が芽生えてやがて巨大な幻獣になった。,ドラキーっぽくも見えるのは 元の果実にかみついた 太古のドラキーの情報因子が 呼び起こされたかららしい。,1823.webp
1824,パニガキャッチャー,,,源世庫に侵入した者を排除する警備用の番兵ロボット。対象への安全配慮機能はどうやら故障しているようだ。,じつは源世庫に収められた荷を 運ぶためのクレーンなのだが 侵入者を排除する番兵としての 機能を後から追加された。,1824.webp
1825,源世妃フォルダイナ,,,源世庫の保管物質を盗み出した罪人を永遠に収監するために造られた動く牢獄。脱獄は不可能と言われている。,本来の目的はとうに見失い 気に入った者を手当たり次第 捕らえてきては氷漬けにして 飽きるまで愛でつづけるのだ。,1825.webp
1826,魔妖星プルタヌス,,,長き脱出行の途上 偶然にも源世庫に流星が衝突した。星は源世庫の不思議なチカラを吸収し危険な怪物が誕生した。,プルタヌスが吸収したチカラの 源泉はその漆黒の体色に似ず とこしえのゆりかごの空に昇る 月の記憶だったという。,1826.webp
1827,鉄巨兵ダイダルモス,,,旧き世界が侵略者に襲われた時侵略者のくり出す超兵器に対抗すべく作りだされたのがこの鋼鉄の巨人だったという。,エネルギー効率に問題があり 源世庫に収容されていたが この不思議な空間に満ちる パワーで動きだしたようだ。,1827.webp
1828,冥氷竜ジェロドーラ,,,源世庫パニガルムで倒された魔物たちの怨念によって異質化した創生珠が生み出した邪悪なる氷の魔竜。,今までの源世庫の魔物のように 明確な起源は持っていない。強いて言うなら ゆりかごの 猛吹雪の記憶が元だろうか。,1828.webp
1829,冥炎翼マゥフラート,,,源世庫パニガルムで倒された魔物たちの怨念によって異質化した創生珠が生み出した無機質な炎の魔神。,とこしえのゆりかごには カルサドラ火山にも劣らぬ 火山があり その噴火の記憶が 存在の起源になったらしい。,1829.webp
1830,冥闇角フォルガノス,,,源世庫パニガルムで倒された魔物たちの怨念によって異質化した創生珠が生み出した深海に巣食う恐怖の化身。,とこしえのゆりかごでは 多くの海難事故が発生し 人々の心に宿る海への恐怖が 存在の起源になったようだ。,1830.webp
1831,冥光冠パニスライム,,,源世庫パニガルムで倒された魔物たちの怨念によって異質化した創生珠が生み出したスライムの究極進化形態。,とこしえのゆりかごで 倒されてきたスライム・祖の 数万年にも及ぶ怨念の蓄積が 存在の起源になったようだ。,1831.webp
1832,厭悪のルベランギス,,,深淵の咎人たちのひとり。人間は つまらない存在であり神に愛される価値などないとうとましく思っている。,厭悪とは憎み嫌うこと。人間の命を奪うのが生きがいで その赤い爪は 大嫌いな人間の 血で染まっているという。,1832.webp
1833,絶念のアウルモッド,,,深淵の咎人たちのひとり。人間という種族を愛す一方天使こそが高慢で無知蒙昧な存在と悟り 全てに絶望する。,絶念とは諦めること。禍々しき双角の橙色の輝きは 美しかった姿の名残か。かつての志の高さだろうか。,1833.webp
1834,凶禍のフラウソン,,,深淵の咎人たちのひとり。人間も天使も殺りく兵器の実験対象でしかなく その命を奪うことに躊躇はない。,凶禍とはわざわいのこと。知的好奇心の前には肉体など 無用と 禁忌の果実で自らを 黄色の異形へと造り変えた。,1834.webp
1835,悲愴のウィリーデ,,,深淵の咎人たちのひとり。ヒトの弱さ儚さを嘆き 愛するものを不幸にした自らの罪を悔やむ。,悲愴とは悲しく痛ましいこと。秘めた想いを厚い鎧に隠すも 内より漏れだす鮮やかな緑は 純粋だったころの心の発露か。,1835.webp
1836,燦滅のノクゼリア,,,深淵の咎人たちのひとり。指導者の理想に深く傾倒しその実現のため自ら 咎人となる道を選ぶ。,燦滅とは輝く光が消えること。かつての武勇と聡明さは 青き 冷酷な妖花と化し 鋭き荊は 仇なす すべてを傷つける。,1836.webp
1837,りゅうおう,,,アレフガルドという世界に君臨した邪悪な竜の王。アストルティアにいる竜族とは一切関わりないようだ。,紫でなく水色なのは心機一転 新たな舞台で戦う気合の表れ。決して暗い所で目立たないのを 気にしたわけではない。,1837.webp
1838,ミルドラース,,,魔界の王にして王の中の王と名乗る巨体の大魔王。光の教団を組織させるなど奸智にも長けている。,アストルティアのそれと異なり 大魔王を名乗るのは自称だが 相応しいだけの実力と カリスマの持ち主ではある。,1838.webp
1839,シドー,,,悪霊の神々を統べる最強にして最凶の破壊神。自らの信者の魂を好んで喰らい召喚された世界を破壊し尽す。,謎の存在と言われることに じつは密かに傷ついており 近年はジャージを着たりして キャラ付けに勤しんでいる。,1839.webp
1840,異界獣ヘイズバット,,,異界アスタルジアに生息する正体不明の魔物。華麗に羽ばたく姿は神秘的で異界に舞い降りた天使のよう。,超音波クラスの高音が出せる 声帯が自慢だったが 最近ノドの調子が悪く 可聴域までしか出ないようだ。,1840.webp
1841,異界獣ヘイズバイオ,,,異界アスタルジアに生息する正体不明の魔物。その頑丈な外殻ははがねのよろいにも匹敵する。,本当は臆病な性格で 恐怖を感じると丸まって 危機が去るのをじっと待ち やり過ごす性質だという。,1841.webp
1842,異界獣ヘイズナイト,,,異界アスタルジアに生息する正体不明の魔物。馬に乗り颯爽と駆ける様子は高貴な騎士を思わせる。,自分の素顔を覚えておらず 正体を知る者を捜していたが 見つかる気配もないので 絶世の美男ということにした。,1842.webp
1843,異界獣ヘイズキング,,,異界アスタルジアに生息する正体不明の魔物。マントをひるがえす姿がじつに偉そうな風情である。,じつは大の寒がりで 片時もマントを手放すことが できずにいる。温かいスープが大好物。,1843.webp
1844,異界獣ヘイズシナー,,,異界アスタルジアに生息する正体不明の魔物。その身は深い業を背負い何かに囚われているようだ。,右目の視力が悪いため 眼帯で隠しているのだが 左目も見づらくなってきて どうしたものかと思っている。,1844.webp
1845,異界将軍ギュメイ,,,異界アスタルジアに生息する正体不明の魔物。達人級の剣技を身につけ敵に対しても礼節を重んじる。,両肩に結晶があるせいで 肩こりがひどいのが悩み。剣技に影響が出ないよう マッサージが欠かせない。,1845.webp
1846,異界将軍ゲルニック,,,異界アスタルジアに生息する正体不明の魔物。その叡智を生かした策略で多くの敵を出し抜いてきた。,頭部をおおう結晶を 密かに気に入っているが 翼を広げたり首を回したり しづらいのが難点。,1846.webp
1847,異界将軍ゴレオン,,,異界アスタルジアに生息する正体不明の魔物。そのパワーと愛用の鉄球であらゆるものを破壊しつくす。,以前は鉄球にも結晶が こびりついていたが その怪力でブチ割って カケラも丁寧に取り除いた。,1847.webp
1848,暗黒皇帝ガナサダイ,,,異界アスタルジアで復活したいにしえの皇帝。自身の復活のため創生のチカラで異界を創った。,その思念は幾星霜もの間 魔眼の月で保管されていたため 気を抜くとジア・クトと同じ しゃべり方になってしまう。,1848.webp
1849,異界魔エボルキング,,,暗黒皇帝ガナサダイが異界アスタルジアで新たに生み出したと思われる異界獣の亜種。,額に突き出た結晶のせいで 頭痛に悩まされているが ツノみたいで格好いいため 抜かずにガマンしている。,1849.webp
1850,異界魔エボルシナー,,,暗黒皇帝ガナサダイが異界アスタルジアで新たに生み出したと思われる異界獣の亜種。,ガナサダイのことを わずらわしく思っており 目の上のたんこぶならぬ 左目の上の結晶と呼んでいる。,1850.webp
1851,竜王,,,はじまりの世界からやって来た邪悪なる竜の王の正体。アストルティアを征服するため策略を巡らしていた。,意外に勉強家の一面があり アストルティアのことも かなり綿密に調べていた。闇の支配者も楽じゃない。,1851.webp