id,item_id,item_name,item_name_en,group_id,group_name,group_kind,equipment_type_id,fabric_type,effects_json,max_hp,max_mp,attack,defense,charm,agility,dexterity,magic_attack,healing_power,job_override_mode,craft_level,equip_level,recipe_book,recipe_place,description,slot,slot_grid_type,slot_grid_cols,materials_json,slot_grid_json,source_url,detail_url,default_price,weight,created_at,updated_at
1,sword_1h_132,守護竜のつるぎ,"Wyrmguard Blade",,,,1,,"[""行動時5%でスカラ2段階"", ""全ての属性のダメージ+3.0%""]",,,276,,26,,,24,,inherit,75,132,ぼくと守護竜,はじまりの地のレシピ屋クツツ1000000G,"行動時まれに スカラが２段階 発動する片手剣",片手剣,片手剣,1,"[{""count"": 30, ""item_id"": 705}, {""count"": 6, ""item_id"": 603}, {""count"": 6, ""item_id"": 695}, {""count"": 8, ""item_id"": 754}, {""count"": 9, ""item_id"": 729}]","[[""400-408""], [""310-318""], [""505-513""]]",https://draquex.com/buki/0-katate.php,https://draquex.com/buki/katate-132-1.php,,16,"2026-03-12 07:31:10","2026-07-23 15:19:01"
2,sword_1h_130,レオンソード,"Sword of Leo",,,,1,,"[""攻撃時10.0%でチャージ時間-10秒"", ""2.0%でターン消費なし""]",,,267,,26,,,24,,inherit,75,130,レシピ入手方法,神都フォーリオンのレシピ屋1000000G,"攻撃時たまに チャージ時間を 短縮する片手剣",片手剣,片手剣,1,"[{""count"": 30, ""item_id"": 705}, {""count"": 3, ""item_id"": 693}, {""count"": 3, ""item_id"": 658}, {""count"": 10, ""item_id"": 702}, {""count"": 8, ""item_id"": 729}]","[[""470-480""], [""290-297""], [""350-357""]]",https://draquex.com/buki/0-katate.php,https://draquex.com/buki/katate-130-1.php,,16,"2026-03-12 00:31:13","2026-07-23 15:19:01"
3,sword_1h_128,不浄の滅剣,"Blade of Impurity",,,,1,,"[""行動時10%でバイシオン"", ""ゾンビ系にダメージ+15%""]",,,256,,26,,,24,,inherit,65,128,レシピ入手方法,神都フォーリオンのレシピ屋1000000G,"ゾンビ系に強く たまにバイシオン も発動する片手剣",片手剣,片手剣,,"[{""count"": 30, ""item_id"": 705}, {""count"": 4, ""item_id"": 649}, {""count"": 8, ""item_id"": 834}, {""count"": 10, ""item_id"": 880}, {""count"": 1, ""item_id"": 729}]","[[""480-488""], [""380-388""], [""532-540""]]",https://draquex.com/buki/0-katate.php,https://draquex.com/buki/katate-128-1.php,,16,"2026-03-12 00:31:15","2026-07-23 15:19:01"
4,sword_1h_125,コメットソード,"Comet Sword",,,,1,,"[""特技のダメージ+15"", ""武器ガード率+2.0%""]",,,243,,26,,,24,,inherit,75,125,彗星のしっぽをつかめ！,神都フォーリオンのレシピ屋1000000G,"特技ダメージ増え 武器ガードも 出やすくなる剣",片手剣,片手剣,,"[{""count"": 30, ""item_id"": 705}, {""count"": 3, ""item_id"": 883}, {""count"": 20, ""item_id"": 693}, {""count"": 1, ""item_id"": 570}, {""count"": 8, ""item_id"": 729}]","[[""380-388""], [""488-497""], [""346-354""]]",https://draquex.com/buki/0-katate.php,https://draquex.com/buki/katate-125-1.php,,16,"2026-03-12 00:31:18","2026-07-23 15:19:01"
5,sword_1h_120,セーラスソード,"Selas Sword",,,,1,,"[""かいしん率+1.2%"", ""会心と暴走時魔物にダメージ+15""]",,,229,,26,,,22,,inherit,70,120,神光放つ剣の書,神都フォーリオンのレシピ屋1000000G,"会心の一撃の 威力と確率が 強化される片手剣",片手剣,片手剣,,"[{""count"": 30, ""item_id"": 799}, {""count"": 5, ""item_id"": 693}, {""count"": 30, ""item_id"": 810}, {""count"": 1, ""item_id"": 570}, {""count"": 8, ""item_id"": 729}]","[[""340-348""], [""400-408""], [""318-326""]]",https://draquex.com/buki/0-katate.php,https://draquex.com/buki/katate-120-1.php,,16,"2026-03-12 00:31:20","2026-07-23 15:19:01"
6,sword_1h_118,妖精の剣,"Fairy Sword",,,,1,,"[""行動時5%でスカラ2段階"", ""全ての属性攻撃ダメージ+3.0%""]",,,215,,28,,,22,,inherit,70,118,妖精の加護,神都フォーリオンのレシピ屋1000000G,"行動時まれに スカラが２段階 発動する片手剣",片手剣,片手剣,1,"[{""count"": 30, ""item_id"": 799}, {""count"": 3, ""item_id"": 787}, {""count"": 20, ""item_id"": 619}, {""count"": 5, ""item_id"": 543}, {""count"": 7, ""item_id"": 729}]","[[""320-327""], [""320-327""], [""400-410""]]",https://draquex.com/buki/0-katate.php,https://draquex.com/buki/katate-118-1.php,,16,"2026-03-12 00:31:22","2026-07-23 15:19:01"
7,sword_1h_115,輝天のつるぎ,"Sky Sword",,,,1,,"[""攻撃時10.0%でチャージ時間-10秒"", ""2.0%でターン消費なし""]",,,201,,26,,,20,,inherit,65,115,輝けるつるぎの伝説,砂の都ファラザードのレシピ屋1000000G,行動時たまにチャージ時間を短縮する片手剣,片手剣,片手剣,1,"[{""count"": 5, ""item_id"": 799}, {""count"": 10, ""item_id"": 531}, {""count"": 10, ""item_id"": 826}, {""count"": 15, ""item_id"": 745}, {""count"": 5, ""item_id"": 865}]","[[""300-306""], [""320-328""], [""375-385""]]",https://draquex.com/buki/0-katate.php,https://draquex.com/buki/katate-115-1.php,,16,"2026-03-12 00:31:24","2026-07-23 15:19:01"
8,sword_1h_110,鳴神のつるぎ,"Thunder Sword",,,,1,,"[""特技のダメージ+10"", ""攻撃時8.0%で雷と光耐性ダウン""]",,,187,,26,,,15,,inherit,65,110,鳴神の雷光,砂の都ファラザードのレシピ屋50000G,攻撃時たまに雷と光の耐性を下げる剣,片手剣,片手剣,1,"[{""count"": 5, ""item_id"": 741}, {""count"": 1, ""item_id"": 708}, {""count"": 1, ""item_id"": 554}, {""count"": 5, ""item_id"": 567}, {""count"": 5, ""item_id"": 865}]","[[""370-380""], [""315-321""], [""300-309""]]",https://draquex.com/buki/0-katate.php,https://draquex.com/buki/katate-110-1.php,,16,"2026-03-12 00:31:27","2026-07-23 15:19:01"
9,sword_1h_108,デッドリーソード,"Deadly Sword",,,,1,,"[""かいしん率+1.2%"", ""会心と暴走時魔物にダメージ+15""]",,,175,,26,,,,,inherit,65,108,会心！デッドリーソード,王都キィンベルのレシピ屋50000G,会心の一撃の威力と確率が強化される片手剣,片手剣,片手剣,,"[{""count"": 5, ""item_id"": 741}, {""count"": 1, ""item_id"": 603}, {""count"": 3, ""item_id"": 753}, {""count"": 5, ""item_id"": 718}, {""count"": 5, ""item_id"": 865}]","[[""330-336""], [""370-380""], [""350-360""]]",https://draquex.com/buki/0-katate.php,https://draquex.com/buki/katate-108-1.php,,15,"2026-03-12 00:31:29","2026-07-23 15:19:01"
10,sword_1h_105,呪印のつるぎ,"Cursed Sword",,,,1,,"[""攻撃時5%でぶきみなひかり"", ""武器ガード率＋2.0%""]",,,165,,26,,,,,inherit,60,105,はじけろ呪印！,王都キィンベルのレシピ屋50000G,攻撃を防いだりまれに相手を呪文に弱くする剣,片手剣,片手剣,1,"[{""count"": 5, ""item_id"": 741}, {""count"": 1, ""item_id"": 550}, {""count"": 5, ""item_id"": 648}, {""count"": 20, ""item_id"": 784}, {""count"": 5, ""item_id"": 865}]","[[""300-310""], [""300-310""], [""350-356""]]",https://draquex.com/buki/0-katate.php,https://draquex.com/buki/katate-105-1.php,,10,"2026-03-12 00:31:32","2026-07-23 15:19:01"
11,sword_1h_100,邪紋のつるぎ,"Wicked Sword",,,,1,,"[""状態異常系の成功率+10.0%"", ""攻撃時5%でヘナトス""]",3,,156,,26,,,,,inherit,45,100,受け継がれし邪紋の書,王都キィンベルのレシピ屋40000G,まれに攻撃力を下げ状態異常成功率が少し上がる剣,片手剣,片手剣,1,"[{""count"": 10, ""item_id"": 543}, {""count"": 1, ""item_id"": 648}, {""count"": 5, ""item_id"": 759}, {""count"": 30, ""item_id"": 850}, {""count"": 5, ""item_id"": 865}]","[[""294-304""], [""318-326""], [""328-336""]]",https://draquex.com/buki/0-katate.php,https://draquex.com/buki/katate-100-1.php,,10,"2026-03-12 00:31:34","2026-07-23 15:19:01"
12,sword_1h_99,アカシックソード,"Void Sword",,,,1,,"[""かいしん率+1.2%"", ""こうげき力上昇の時間が10秒増加""]",3,,147,,24,,,,,inherit,44,99,図解・虚空を断つ剣,聖都エジャルナのレシピ屋40000G,会心率を少し上げ攻撃力アップも延長できる剣,片手剣,片手剣,1,"[{""count"": 5, ""item_id"": 543}, {""count"": 1, ""item_id"": 564}, {""count"": 30, ""item_id"": 633}, {""count"": 30, ""item_id"": 535}, {""count"": 5, ""item_id"": 865}]","[[""284-294""], [""320-326""], [""316-326""]]",https://draquex.com/buki/0-katate.php,https://draquex.com/buki/katate-99-1.php,,10,"2026-03-12 00:31:36","2026-07-23 15:19:01"
13,sword_1h_96,天恵石のつるぎ,"Blessed Stone Sword",,,,1,,"[""獣系にダメージ+15%"", ""攻撃時4%でボミエ2段階""]",3,,138,,22,,,,,inherit,43,96,天恵石の契約・剣の章,聖都エジャルナのレシピ屋40000G,獣系に強くまれに敵の動きをにぶらせる剣,片手剣,片手剣,1,"[{""count"": 5, ""item_id"": 543}, {""count"": 1, ""item_id"": 703}, {""count"": 20, ""item_id"": 608}, {""count"": 10, ""item_id"": 850}, {""count"": 5, ""item_id"": 865}]","[[""300-310""], [""368-374""], [""300-310""]]",https://draquex.com/buki/0-katate.php,https://draquex.com/buki/katate-96-1.php,,10,"2026-03-12 00:31:38","2026-07-23 15:19:01"
14,sword_1h_93,セイクリッドソード,"Sacred Sword",,,,1,,"[""かいしん率+1.2%"", ""武器ガード率+2.0%""]",,,123,,20,,,,,inherit,42,93,聖剣と生きる,聖都エジャルナのレシピ屋30000G,鋭い斬撃と聖なる守護をあわせ持つ聖剣,片手剣,片手剣,1,"[{""count"": 5, ""item_id"": 759}, {""count"": 1, ""item_id"": 765}, {""count"": 1, ""item_id"": 703}, {""count"": 30, ""item_id"": 627}, {""count"": 5, ""item_id"": 865}]","[[""260-270""], [""260-270""], [""320-326""]]",https://draquex.com/buki/0-katate.php,https://draquex.com/buki/katate-93-1.php,,10,"2026-03-12 00:31:41","2026-07-23 15:19:01"
15,sword_1h_90,はやぶさの剣改,"Uber Falcon Blade",,,,1,,"[""2回攻撃できる"", ""開戦時10%でバイキルト""]",,,117,,16,,,,,inherit,41,90,はやぶさの剣改の書,聖都エジャルナのレシピ屋30000G,はやぶさの剣より切れ味するどく2回攻撃できる剣,片手剣,片手剣,1,"[{""count"": 5, ""item_id"": 759}, {""count"": 1, ""item_id"": 856}, {""count"": 1, ""item_id"": 611}, {""count"": 1, ""item_id"": 570}, {""count"": 5, ""item_id"": 865}]","[[""341-347""], [""294-304""], [""245-255""]]",https://draquex.com/buki/0-katate.php,https://draquex.com/buki/katate-90-1.php,,10,"2026-03-12 00:31:43","2026-07-23 15:19:01"
16,sword_1h_85,戦姫のレイピア,"War Princess Rapier",,,,1,,"[""MP消費しない率+4.0%"", ""かいしん率+1.2%""]",,6,111,,18,,,,,inherit,40,85,ゴーゴー戦姫,真グランゼドーラ王国のレシピ屋30000G,魔力を節約できる鋭い切っ先の気高きレイピア,片手剣,片手剣,1,"[{""count"": 3, ""item_id"": 759}, {""count"": 20, ""item_id"": 728}, {""count"": 20, ""item_id"": 595}, {""count"": 1, ""item_id"": 761}, {""count"": 5, ""item_id"": 865}]","[[""220-226""], [""252-262""], [""288-298""]]",https://draquex.com/buki/0-katate.php,https://draquex.com/buki/katate-85-1.php,,10,"2026-03-12 00:31:45","2026-07-23 15:19:01"
17,sword_1h_80,天命のつるぎ,"Sword of Judgment",,,,1,,"[""攻撃時4%でヘナトス""]",,,105,,15,,,,,inherit,39,80,天命賢書,真グランゼドーラ王国のレシピ屋20000G,斬りつけた相手の攻撃力を下げる神々に愛されし剣,片手剣,片手剣,1,"[{""count"": 15, ""item_id"": 838}, {""count"": 5, ""item_id"": 702}, {""count"": 3, ""item_id"": 735}, {""count"": 1, ""item_id"": 761}, {""count"": 10, ""item_id"": 865}]","[[""220-230""], [""300-306""], [""220-230""]]",https://draquex.com/buki/0-katate.php,https://draquex.com/buki/katate-80-2.php,,10,"2026-03-12 00:31:48","2026-07-23 15:19:01"
18,sword_1h_80_2,"名刀 斬鉄丸","Thousand-Fold Katana",,,,1,,"[""攻撃時4%でルカニ""]",,,101,,15,,,,,inherit,38,80,斬鉄丸の書,真グランゼドーラ王国のレシピ屋20000G,時々斬った相手の守備力を下げる切れ味するどい刀,片手剣,片手剣,1,"[{""count"": 30, ""item_id"": 608}, {""count"": 5, ""item_id"": 819}, {""count"": 10, ""item_id"": 678}, {""count"": 1, ""item_id"": 761}, {""count"": 10, ""item_id"": 865}]","[[""335-341""], [""265-275""], [""192-202""]]",https://draquex.com/buki/0-katate.php,https://draquex.com/buki/katate-80-1.php,,10,"2026-03-12 00:31:50","2026-07-23 15:19:01"
19,sword_1h_75,ライトニングソード,"Thunderstorm Sword",,,,1,,"[""雷属性攻撃""]",,4,98,,14,,,,,inherit,37,75,ライトニングソードの書,真グランゼドーラ王国のレシピ屋20000G,雷の力を宿した青くかがやく超硬度の剣,片手剣,片手剣,1,"[{""count"": 10, ""item_id"": 838}, {""count"": 1, ""item_id"": 856}, {""count"": 1, ""item_id"": 554}, {""count"": 1, ""item_id"": 761}, {""count"": 10, ""item_id"": 865}]","[[""170-180""], [""250-260""], [""350-356""]]",https://draquex.com/buki/0-katate.php,https://draquex.com/buki/katate-75-1.php,,10,"2026-03-12 00:31:53","2026-07-23 15:19:01"
20,sword_1h_70,聖王のつるぎ,"Dryspell Sword",,,,1,,"[""ドラゴン系にダメージ+10%""]",,3,94,,14,,,,,inherit,36,70,聖王のつるぎの壁画,偽グランゼドーラ王国のレシピ屋20000G,聖なる力を秘めたドラゴン系の敵を切り裂く剣,片手剣,片手剣,1,"[{""count"": 1, ""item_id"": 648}, {""count"": 1, ""item_id"": 570}, {""count"": 1, ""item_id"": 753}, {""count"": 1, ""item_id"": 761}, {""count"": 5, ""item_id"": 865}]","[[""270-280""], [""200-206""], [""300-310""]]",https://draquex.com/buki/0-katate.php,https://draquex.com/buki/katate-70-1.php,,10,"2026-03-12 00:31:55","2026-07-23 15:19:01"
21,sword_1h_65,ほしくずのつるぎ,"Stardust Sword",,,,1,,"[""攻撃時4%でルカニ""]",,,89,,18,,,,,inherit,35,65,ほしくずのつるぎの本,グレン城・武器鍛冶ギルドのレシピ屋10000G,斬りつけた相手の守備力を下げる星をも切り裂く剣,片手剣,片手剣,1,"[{""count"": 30, ""item_id"": 821}, {""count"": 30, ""item_id"": 652}, {""count"": 5, ""item_id"": 608}, {""count"": 1, ""item_id"": 639}, {""count"": 10, ""item_id"": 865}]","[[""180-188""], [""270-282""], [""230-236""]]",https://draquex.com/buki/0-katate.php,https://draquex.com/buki/katate-65-1.php,,12,"2026-03-12 00:31:57","2026-07-23 15:19:01"
22,sword_1h_60,メタスラの剣,"Metal Slime Sword",,,,1,,"[""メタル系に+1ダメージ""]",,,72,,10,,,,,inherit,33,60,メタスラの剣のレシピ,グレン城・武器鍛冶ギルドのレシピ屋10000G,メタル系の魔物を倒しやすいとても硬い剣,片手剣,片手剣,1,"[{""count"": 15, ""item_id"": 784}, {""count"": 3, ""item_id"": 753}, {""count"": 1, ""item_id"": 856}, {""count"": 12, ""item_id"": 865}]","[[""140-144""], [""280-291""], [""180-190""]]",https://draquex.com/buki/0-katate.php,https://draquex.com/buki/katate-60-1.php,,10,"2026-03-12 00:31:59","2026-07-23 15:19:01"
23,sword_1h_60_2,オニキスの魔剣,"Onyx Blade",,,,1,,"[""-""]",,8,83,,11,,,,,inherit,34,60,オニキスの魔剣の本,グレン城・武器鍛冶ギルドのレシピ屋10000G,装備すると最大MPが増える妖気ただよう剣,片手剣,片手剣,1,"[{""count"": 1, ""item_id"": 649}, {""count"": 10, ""item_id"": 867}, {""count"": 1, ""item_id"": 782}, {""count"": 12, ""item_id"": 865}]","[[""154-164""], [""240-250""], [""310-316""]]",https://draquex.com/buki/0-katate.php,https://draquex.com/buki/katate-60-2.php,,12,"2026-03-12 00:32:02","2026-07-23 15:19:01"
24,sword_1h_50,ほのおのつるぎ,"Fire Blade",,,,1,,"[""炎属性攻撃""]",,,66,,10,,,,,inherit,30,50,ほのおのつるぎの書,グレン城・武器鍛冶ギルドのレシピ屋10000G,炎の魔力をみなぎらせる猛々しい剣,片手剣,片手剣,1,"[{""count"": 10, ""item_id"": 816}, {""count"": 1, ""item_id"": 880}, {""count"": 30, ""item_id"": 863}, {""count"": 10, ""item_id"": 865}]","[[""130-135""], [""160-168""], [""220-230""]]",https://draquex.com/buki/0-katate.php,https://draquex.com/buki/katate-50-1.php,,10,"2026-03-12 00:32:04","2026-07-23 15:19:01"
25,sword_1h_50_2,きせきのつるぎ,"Miracle Sword",,,,1,,"[""攻撃ダメージの6.0%HPが回復""]",,,62,,15,,,,,inherit,30,50,ミラクル武器の軌跡,グレン城・武器鍛冶ギルドのレシピ屋10000G,攻撃するたびにキズをいやす神々しい剣,片手剣,片手剣,1,"[{""count"": 12, ""item_id"": 816}, {""count"": 30, ""item_id"": 627}, {""count"": 1, ""item_id"": 811}, {""count"": 10, ""item_id"": 865}]","[[""235-243""], [""145-153""], [""180-184""]]",https://draquex.com/buki/0-katate.php,https://draquex.com/buki/katate-50-2.php,,10,"2026-03-12 00:32:07","2026-07-23 15:19:01"
26,sword_1h_42,プラチナソード,"Platinum Sword",,,,1,,"[""試合時のみダメージ+10%""]",,,47,,10,,,,,inherit,25,42,プラチナソードの本,メギストリスの都G-2の民家の2階の本棚,コロシアムで威力を発揮するプラチナ製の剣,片手剣,片手剣,1,"[{""count"": 4, ""item_id"": 816}, {""count"": 1, ""item_id"": 835}, {""count"": 3, ""item_id"": 881}, {""count"": 4, ""item_id"": 865}]","[[""120-128""], [""170-184""], [""100-104""]]",https://draquex.com/buki/0-katate.php,https://draquex.com/buki/katate-42-1.php,,8,"2026-03-12 00:32:09","2026-07-23 15:19:01"
27,sword_1h_42_2,まけんしのレイピア,"Fizzle Foil",,,,1,,"[""-""]",,,52,,10,,,,,inherit,27,42,実録！魔剣の作り方,バザーのみかげのきしがドロップする,赤い刀身が人目を惹きつける細身の剣,片手剣,片手剣,1,"[{""count"": 5, ""item_id"": 816}, {""count"": 2, ""item_id"": 548}, {""count"": 2, ""item_id"": 549}, {""count"": 5, ""item_id"": 865}]","[[""126-137""], [""134-140""], [""160-174""]]",https://draquex.com/buki/0-katate.php,https://draquex.com/buki/katate-42-2.php,,8,"2026-03-12 00:32:11","2026-07-23 15:19:01"
28,sword_1h_42_3,ゾンビキラー,Zombiesbane,,,,1,,"[""ゾンビ系にダメージ+20%""]",,,55,,8,,,,,inherit,29,42,ゾンビキラーの本,グレン城・武器鍛冶ギルドのレシピ屋3000G,ゾンビ系の魔物にめっぽう強い聖なる剣,片手剣,片手剣,1,"[{""count"": 6, ""item_id"": 816}, {""count"": 1, ""item_id"": 702}, {""count"": 1, ""item_id"": 551}, {""count"": 6, ""item_id"": 865}]","[[""150-154""], [""190-210""], [""110-116""]]",https://draquex.com/buki/0-katate.php,https://draquex.com/buki/katate-42-3.php,,8,"2026-03-12 00:32:14","2026-07-23 15:19:01"
29,sword_1h_42_4,ドラゴンキラー,Dragonsbane,,,,1,,"[""ドラゴン系にダメージ+20%""]",,,58,,8,,,,,inherit,30,42,ドラゴンキラーの本,メギストリスの都のレシピ屋10000G,ドラゴン系の敵にめっぽう強いたのもしい剣,片手剣,片手剣,1,"[{""count"": 6, ""item_id"": 816}, {""count"": 1, ""item_id"": 753}, {""count"": 1, ""item_id"": 879}, {""count"": 8, ""item_id"": 865}]","[[""200-206""], [""120-130""], [""160-164""]]",https://draquex.com/buki/0-katate.php,https://draquex.com/buki/katate-42-4.php,,8,"2026-03-12 00:32:16","2026-07-23 15:19:01"
30,sword_1h_35,はやぶさの剣,"Falcon Blade",,,,1,,"[""2回攻撃できる""]",,,17,,6,,,,,inherit,23,35,はやぶさの剣の書,バザーのみシルバーマントがドロップする,すばやく2回攻撃できる不思議な剣,片手剣,片手剣,1,"[{""count"": 1, ""item_id"": 633}, {""count"": 1, ""item_id"": 784}, {""count"": 1, ""item_id"": 732}]","[[""80-84""], [""160-168""], [""120-130""]]",https://draquex.com/buki/0-katate.php,https://draquex.com/buki/katate-35-3.php,,2,"2026-03-12 00:32:18","2026-07-23 15:19:01"
31,sword_1h_35_2,はじゃのつるぎ,"Cautery Sword",,,,1,,"[""戦いで使うと地を這う炎が敵を焼き尽くす""]",,,44,,6,,,,,inherit,20,35,はじゃのつるぎの書,バザーのみキングリザードがドロップする,戦闘中に使うと地を這う炎が敵を焼き尽くす剣,片手剣,片手剣,1,"[{""count"": 1, ""item_id"": 633}, {""count"": 1, ""item_id"": 820}, {""count"": 1, ""item_id"": 879}]","[[""80-90""], [""116-122""], [""134-150""]]",https://draquex.com/buki/0-katate.php,https://draquex.com/buki/katate-35-2.php,,6,"2026-03-12 00:32:20","2026-07-23 15:19:01"
32,sword_1h_35_3,戦士の剣,"Warrior's Sword",,,,1,,"[""-""]",,,41,,6,,,,,inherit,17,35,戦士の剣の物語,港町レンドア北C-6宿屋2階の本棚,戦士のために作られたシャープな剣,片手剣,片手剣,1,"[{""count"": 2, ""item_id"": 633}, {""count"": 1, ""item_id"": 732}, {""count"": 1, ""item_id"": 698}]","[[""100-108""], [""130-134""], [""74-90""]]",https://draquex.com/buki/0-katate.php,https://draquex.com/buki/katate-35-1.php,,6,"2026-03-12 00:32:23","2026-07-23 15:19:01"
33,sword_1h_28,ウェスタンレイピア,"Western Rapier",,,,1,,"[""-""]",,,36,,6,,,,,inherit,16,28,ウェスタンレイピア伝記,バザーのみサマーウルフがドロップする,細身に作られた開拓精神あふれるイカした剣,片手剣,片手剣,1,"[{""count"": 1, ""item_id"": 633}, {""count"": 1, ""item_id"": 732}, {""count"": 1, ""item_id"": 845}]","[[""80-84""], [""80-92""], [""110-125""]]",https://draquex.com/buki/0-katate.php,https://draquex.com/buki/katate-28-2.php,,3,"2026-03-12 00:32:27","2026-07-23 15:19:01"
34,sword_1h_28_2,はがねのつるぎ,"Steel Broadsword",,,,1,,"[""試合時のみダメージ+10%""]",,,33,,5,,,,,inherit,14,28,作ろう！片手剣,グレン城・武器鍛冶ギルドのレシピ屋30G,コロシアムで威力を発揮するはがね製のの剣,片手剣,片手剣,1,"[{""count"": 1, ""item_id"": 633}, {""count"": 1, ""item_id"": 749}, {""count"": 1, ""item_id"": 810}]","[[""74-90""], [""80-85""], [""85-94""]]",https://draquex.com/buki/0-katate.php,https://draquex.com/buki/katate-28-1.php,,5,"2026-03-12 00:32:29","2026-07-23 15:19:01"
35,sword_1h_21,バスタードソード,"Bastard Sword",,,,1,,"[""-""]",,,28,,4,,,,,inherit,12,21,バスタードソードの本,バザーのみバイキングソウルがドロップする,一人前の冒険者がよく使う切れ味するどい剣,片手剣,片手剣,1,"[{""count"": 1, ""item_id"": 633}, {""count"": 1, ""item_id"": 879}]","[[""90-95""], [""70-78""], [""50-67""]]",https://draquex.com/buki/0-katate.php,https://draquex.com/buki/katate-21-2.php,,4,"2026-03-12 00:32:32","2026-07-23 15:19:01"
36,sword_1h_21_2,ぎんのレイピア,"Silver Rapier",,,,1,,"[""-""]",,,25,,5,,,,,inherit,10,21,作ろう！片手剣,グレン城・武器鍛冶ギルドのレシピ屋30G,銀で作られたかっこいい細身の剣,片手剣,片手剣,1,"[{""count"": 1, ""item_id"": 633}, {""count"": 1, ""item_id"": 732}]","[[""50-55""], [""50-60""], [""80-95""]]",https://draquex.com/buki/0-katate.php,https://draquex.com/buki/katate-21-1.php,,3,"2026-03-12 00:32:34","2026-07-23 15:19:01"
37,sword_1h_14,さんぞくのサーベル,"Bandit Blade",,,,1,,"[""-""]",,,20,,3,,,,,inherit,9,14,作ろう！片手剣,グレン城・武器鍛冶ギルドのレシピ屋30G,山賊がよく使うシンプルな形のサーベル,片手剣,片手剣,1,"[{""count"": 1, ""item_id"": 732}, {""count"": 1, ""item_id"": 643}]","[[""45-52""], [""65-78""], [""50-60""]]",https://draquex.com/buki/0-katate.php,https://draquex.com/buki/katate-14-2.php,,3,"2026-03-12 00:32:36","2026-07-23 15:19:01"
38,sword_1h_14_2,てつのつるぎ,"Iron Broadsword",,,,1,,"[""試合時のみダメージ+5%""]",,,17,,3,,,,,inherit,7,14,作ろう！片手剣,グレン城・武器鍛冶ギルドのレシピ屋30G,コロシアムで威力を発揮する鉄で作られた剣,片手剣,片手剣,1,"[{""count"": 3, ""item_id"": 732}, {""count"": 1, ""item_id"": 749}]","[[""45-55""], [""50-62""], [""40-48""]]",https://draquex.com/buki/0-katate.php,https://draquex.com/buki/katate-14-1.php,,3,"2026-03-12 00:32:39","2026-07-23 15:19:01"
39,sword_1h_7,せいどうのつるぎ,"Bronze Sword",,,,1,,"[""-""]",,,9,,1,,,,,inherit,3,7,作ろう！片手剣,グレン城・武器鍛冶ギルドのレシピ屋30G,青銅で作られたシンプルな剣,片手剣,片手剣,1,"[{""count"": 1, ""item_id"": 749}, {""count"": 1, ""item_id"": 732}]","[[""28-40""], [""32-44""], [""40-50""]]",https://draquex.com/buki/0-katate.php,https://draquex.com/buki/katate-7-1.php,,2,"2026-03-12 00:32:41","2026-07-23 15:19:01"
40,sword_1h_7_2,レイピア,Rapier,,,,1,,"[""-""]",,,12,,2,,,,,inherit,5,7,作ろう！片手剣,グレン城・武器鍛冶ギルドのレシピ屋30G,細身に作られたおしゃれな剣,片手剣,片手剣,1,"[{""count"": 1, ""item_id"": 732}, {""count"": 1, ""item_id"": 749}]","[[""30-35""], [""40-50""], [""50-65""]]",https://draquex.com/buki/0-katate.php,https://draquex.com/buki/katate-7-2.php,,2,"2026-03-12 00:32:44","2026-07-23 15:19:01"
41,sword_1h_1,どうのつるぎ,"Copper Sword",,,,1,,"[""-""]",,,4,,1,,,,,inherit,1,1,はじめての武器鍛冶,グレン城・武器鍛冶ギルドのレシピ屋10G,銅で作られたありきたりな剣,片手剣,片手剣,1,"[{""count"": 1, ""item_id"": 749}]","[[""24-36""], [""28-40""], [""24-36""]]",https://draquex.com/buki/0-katate.php,https://draquex.com/buki/katate-1-1.php,,1,"2026-03-12 00:32:46","2026-07-23 15:19:01"
42,sword_1h_1_2,七夕の剣,"Festival Sword",,七夕の剣,weapon,1,,"[""-""]",,,,,,,,,,inherit,11,1,祭具・七夕の剣絵巻,以前のイベントで販売され、今はバザーのみ,晴れ呼びの儀に欠かせない霊力が宿る剣,片手剣,,,"[{""count"": 4, ""item_id"": 784}, {""count"": 12, ""item_id"": 775}]",,https://draquex.com/buki/0-katate.php,https://draquex.com/buki/katate-1-2.php,,,"2026-03-12 00:32:48","2026-07-23 15:19:01"
43,sword_2h_132,ネビュラスブレード,"Galactic Greatsword",,,,2,,"[""行動時1%でテンションアップ"", ""行動時5%でテンション消費なし""]",,,391,,24,,,,,inherit,75,132,美しき星雲の世界,はじまりの地のレシピ屋クツツ1000000G,"行動時まれに テンションアップ 星々を冠した大剣",両手剣,両手剣,2,"[{""count"": 30, ""item_id"": 705}, {""count"": 4, ""item_id"": 799}, {""count"": 7, ""item_id"": 753}, {""count"": 20, ""item_id"": 821}, {""count"": 9, ""item_id"": 729}]","[[""220-228"", ""100-107""], [""95-102"", ""110-117""], [""120-127"", ""95-102""], [""190-198"", ""145-153""]]",https://draquex.com/buki/0-taiken.php,https://draquex.com/buki/taiken-132-1.php,,51,"2026-03-12 00:32:54","2026-07-23 15:19:01"
44,sword_2h_130,獅子の大剣,"Lion's Grrreatsword",,,,2,,"[""必殺チャージ率+1.0%"", ""必殺チャージ時バイキルト""]",,,378,,24,,,,,inherit,75,130,レシピ入手方法,神都フォーリオンのレシピ屋1000000G,"必殺技が出やすく チャージ時攻撃力 も上がる両手剣",両手剣,両手剣,2,"[{""count"": 30, ""item_id"": 705}, {""count"": 3, ""item_id"": 644}, {""count"": 6, ""item_id"": 834}, {""count"": 6, ""item_id"": 649}, {""count"": 8, ""item_id"": 729}]","[[""115-123"", ""160-167""], [""150-157"", ""100-107""], [""100-107"", ""115-122""], [""170-179"", ""165-171""]]",https://draquex.com/buki/0-taiken.php,https://draquex.com/buki/taiken-130-1.php,,51,"2026-03-12 00:32:56","2026-07-23 15:19:01"
45,sword_2h_128,クラウドブレイカー,Cloudbreaker,,,,2,,"[""特技のダメージ+15"", ""武器ガード率+3.0%""]",,,358,,24,,,,,inherit,65,128,レシピ入手方法,神都フォーリオンのレシピ屋1000000G,"特技ダメージ増え 敵の攻撃も よく防ぐ大剣",両手剣,両手剣,2,"[{""count"": 30, ""item_id"": 705}, {""count"": 4, ""item_id"": 876}, {""count"": 4, ""item_id"": 603}, {""count"": 1, ""item_id"": 586}, {""count"": 1, ""item_id"": 729}]","[[""140-148"", ""160-168""], [""110-117"", ""120-127""], [""110-117"", ""100-107""], [""160-168"", ""130-138""]]",https://draquex.com/buki/0-taiken.php,https://draquex.com/buki/taiken-128-1.php,,51,"2026-03-12 00:32:59","2026-07-23 15:19:01"
46,sword_2h_125,紫電の轟剣,"Purple Rumbleblade",,,,2,,"[""雷の攻撃ダメージ+15.0%"", ""かいしん率+3.0%""]",,,337,,24,,,,,inherit,75,125,紫電とどろく時は今,神都フォーリオンのレシピ屋1000000G,"会心の一撃が 出やすくなる 雷とどろく大剣",両手剣,両手剣,,"[{""count"": 30, ""item_id"": 705}, {""count"": 3, ""item_id"": 765}, {""count"": 30, ""item_id"": 555}, {""count"": 5, ""item_id"": 595}, {""count"": 8, ""item_id"": 729}]","[[""145-152"", ""132-139""], [""172-179"", ""148-155""], [""188-195"", ""181-188""], [""128-135"", ""112-119""]]",https://draquex.com/buki/0-taiken.php,https://draquex.com/buki/taiken-125-1.php,,51,"2026-03-12 00:33:01","2026-07-23 15:19:01"
47,sword_2h_120,セーラスブレード,"Selas Blade",,,,2,,"[""全ての攻撃時5.0%でためる"", ""行動時5%でテンション消費なし""]",,,318,,24,,,,,inherit,70,120,神光放つ大剣の書,神都フォーリオンのレシピ屋1000000G,"攻撃時ためやすく テンションも 維持しやすい大剣",両手剣,両手剣,,"[{""count"": 30, ""item_id"": 799}, {""count"": 5, ""item_id"": 648}, {""count"": 5, ""item_id"": 741}, {""count"": 1, ""item_id"": 586}, {""count"": 8, ""item_id"": 729}]","[[""165-172"", ""140-148""], [""140-147"", ""125-133""], [""169-176"", ""169-177""], [""105-112"", ""105-113""]]",https://draquex.com/buki/0-taiken.php,https://draquex.com/buki/taiken-120-1.php,,51,"2026-03-12 00:33:03","2026-07-23 15:19:01"
48,sword_2h_118,斬魔の緋大剣,"Scarlet Demonsbane",,,,2,,"[""悪魔系にダメージ+15%"", ""行動時10.0%でバイシオン""]",,,301,,24,,,,,inherit,70,118,悪魔狩りの大剣,神都フォーリオンのレシピ屋1000000G,"行動時たまに バイシオンが発動 悪魔系に強い大剣",両手剣,両手剣,2,"[{""count"": 30, ""item_id"": 799}, {""count"": 3, ""item_id"": 616}, {""count"": 20, ""item_id"": 536}, {""count"": 10, ""item_id"": 648}, {""count"": 7, ""item_id"": 729}]","[[""120-128"", ""145-152""], [""145-152"", ""120-128""], [""160-169"", ""160-169""], [""110-117"", ""110-117""]]",https://draquex.com/buki/0-taiken.php,https://draquex.com/buki/taiken-118-1.php,,51,"2026-03-12 00:33:05","2026-07-23 15:19:01"
49,sword_2h_115,輝天の大剣,"Sky Greatsword",,,,2,,"[""特技のダメージ+15"", ""武器ガード率+3.0%""]",,,286,,24,,,,,inherit,65,115,輝く守りの両手剣,砂の都ファラザードのレシピ屋1000000G,特技ダメージ増え敵の攻撃もよく防ぐ大剣,両手剣,両手剣,2,"[{""count"": 5, ""item_id"": 799}, {""count"": 5, ""item_id"": 865}, {""count"": 3, ""item_id"": 730}, {""count"": 10, ""item_id"": 784}, {""count"": 20, ""item_id"": 698}]","[[""100-107"", ""130-137""], [""130-137"", ""100-107""], [""155-165"", ""155-165""], [""90-97"", ""90-97""]]",https://draquex.com/buki/0-taiken.php,https://draquex.com/buki/taiken-115-1.php,,51,"2026-03-12 00:33:07","2026-07-23 15:19:01"
50,sword_2h_110,ダインスレイフ,Dainsleif,,,,2,,"[""攻撃ダメージの2.0%HPが回復"", ""かいしん率+3.0%""]",,,271,,24,,,,,inherit,65,110,ダインの遺産,砂の都ファラザードのレシピ屋50000G,攻撃時HP回復し会心率も上がるおそるべき大剣,両手剣,両手剣,2,"[{""count"": 5, ""item_id"": 741}, {""count"": 1, ""item_id"": 759}, {""count"": 1, ""item_id"": 867}, {""count"": 5, ""item_id"": 720}, {""count"": 5, ""item_id"": 865}]","[[""100-108"", ""100-108""], [""100-108"", ""100-108""], [""150-158"", ""150-158""], [""80-87"", ""80-87""]]",https://draquex.com/buki/0-taiken.php,https://draquex.com/buki/taiken-110-1.php,,51,"2026-03-12 00:33:09","2026-07-23 15:19:01"
51,sword_2h_108,ベルセルクブレード,"Mad Warrior's Blade",,,,2,,"[""全ての攻撃時4.0%でためる"", ""行動時4%でテンション消費なし""]",,,256,,24,,,,,inherit,65,108,狂戦士伝説,王都キィンベルのレシピ屋50000G,攻撃時ためやすくテンションも維持しやすい大剣,両手剣,両手剣,,"[{""count"": 5, ""item_id"": 741}, {""count"": 1, ""item_id"": 644}, {""count"": 2, ""item_id"": 648}, {""count"": 10, ""item_id"": 816}, {""count"": 5, ""item_id"": 865}]","[[""120-128"", ""150-158""], [""150-158"", ""120-128""], [""90-98"", ""90-98""], [""110-118"", ""110-118""]]",https://draquex.com/buki/0-taiken.php,https://draquex.com/buki/taiken-108-1.php,,50,"2026-03-12 00:33:14","2026-07-23 15:19:01"
52,sword_2h_105,業炎の大剣,"Karmafire Greatsword",,,,2,,"[""炎属性攻撃"", ""武器ガード率＋3.0%""]",,,241,,24,,,,,inherit,60,105,業炎の記憶,王都キィンベルのレシピ屋50000G,ごくまれに攻撃を防ぐ炎を宿した大剣,両手剣,両手剣,2,"[{""count"": 5, ""item_id"": 741}, {""count"": 2, ""item_id"": 564}, {""count"": 20, ""item_id"": 835}, {""count"": 20, ""item_id"": 820}, {""count"": 5, ""item_id"": 865}]","[[""145-153"", ""145-153""], [""115-123"", ""115-123""], [""145-153"", ""145-153""], [""127-135"", ""127-135""]]",https://draquex.com/buki/0-taiken.php,https://draquex.com/buki/taiken-105-1.php,,50,"2026-03-12 00:33:16","2026-07-23 15:19:01"
53,sword_2h_100,覇王の大剣,"High King's Sword",,,,2,,"[""攻撃時2%でスタンショット"", ""死亡時30.0%でこうげき力上昇が消えない""]",,,228,,24,,,,,inherit,45,100,覇王の大剣,王都キィンベルのレシピ屋40000G,まれに敵を怯ませバイキルト効果が消えにくい大剣,両手剣,両手剣,2,"[{""count"": 10, ""item_id"": 543}, {""count"": 1, ""item_id"": 649}, {""count"": 1, ""item_id"": 586}, {""count"": 10, ""item_id"": 838}, {""count"": 5, ""item_id"": 865}]","[[""150-158"", ""130-138""], [""122-130"", ""120-128""], [""160-168"", ""134-142""], [""114-122"", ""104-112""]]",https://draquex.com/buki/0-taiken.php,https://draquex.com/buki/taiken-100-1.php,,50,"2026-03-12 00:33:19","2026-07-23 15:19:02"
54,sword_2h_99,神域の大剣,"Mythic Greatsword",,,,2,,"[""武器ガード率+3.0%"", ""攻撃時5.0%でチャージ時間-10秒""]",,,215,,22,,,,,inherit,44,99,ゴッドライクな大剣作成,聖都エジャルナのレシピ屋40000G,チャージ時間がたまに短縮され攻撃も防ぐ大剣,両手剣,両手剣,2,"[{""count"": 5, ""item_id"": 543}, {""count"": 1, ""item_id"": 644}, {""count"": 20, ""item_id"": 816}, {""count"": 15, ""item_id"": 531}, {""count"": 5, ""item_id"": 865}]","[[""200-210"", ""150-156""], [""100-110"", ""100-108""], [""170-176"", ""124-134""], [""84-92"", ""84-92""]]",https://draquex.com/buki/0-taiken.php,https://draquex.com/buki/taiken-99-1.php,,50,"2026-03-12 00:33:21","2026-07-23 15:19:02"
55,sword_2h_96,オートクレール,Hauteclaire,,,,2,,"[""全ての攻撃時3.0%でためる"", ""行動時3%でテンション消費なし""]",,,203,,20,,,,,inherit,43,96,智将の叙事詩,聖都エジャルナのレシピ屋40000G,行動時ためやすくテンションも維持しやすい大剣,両手剣,両手剣,2,"[{""count"": 5, ""item_id"": 543}, {""count"": 1, ""item_id"": 648}, {""count"": 30, ""item_id"": 816}, {""count"": 30, ""item_id"": 732}, {""count"": 5, ""item_id"": 865}]","[[""80-88"", ""80-88""], [""200-210"", ""150-156""], [""150-156"", ""104-114""], [""80-88"", ""80-88""]]",https://draquex.com/buki/0-taiken.php,https://draquex.com/buki/taiken-96-1.php,,50,"2026-03-12 00:33:23","2026-07-23 15:19:02"
56,sword_2h_93,聖大剣アスカロン,"Holy Sword Ascalon",,,,2,,"[""ドラゴン系にダメージ+15%"", ""かいしん率+3.0%""]",,,180,,18,,,,,inherit,42,93,竜に挑む者,聖都エジャルナのレシピ屋30000G,ドラゴン系に強く会心率も高まる祝福されし大剣,両手剣,両手剣,2,"[{""count"": 5, ""item_id"": 759}, {""count"": 5, ""item_id"": 702}, {""count"": 5, ""item_id"": 754}, {""count"": 5, ""item_id"": 661}, {""count"": 5, ""item_id"": 865}]","[[""130-142"", ""150-156""], [""130-142"", ""150-156""], [""102-108"", ""80-88""], [""102-108"", ""80-88""]]",https://draquex.com/buki/0-taiken.php,https://draquex.com/buki/taiken-93-1.php,,50,"2026-03-12 00:33:26","2026-07-23 15:19:02"
57,sword_2h_90,フューリーブレード,"Fury Blade",,,,2,,"[""炎属性攻撃"", ""行動時3%でテンション消費なし""]",,,172,,16,,,,,inherit,41,90,憤怒の大剣の作り方,聖都エジャルナのレシピ屋30000G,テンションを保ちやすくする炎を宿す大剣,両手剣,両手剣,2,"[{""count"": 5, ""item_id"": 759}, {""count"": 30, ""item_id"": 820}, {""count"": 30, ""item_id"": 863}, {""count"": 30, ""item_id"": 816}, {""count"": 5, ""item_id"": 865}]","[[""142-148"", ""142-148""], [""110-122"", ""110-122""], [""96-102"", ""96-102""], [""72-80"", ""72-80""]]",https://draquex.com/buki/0-taiken.php,https://draquex.com/buki/taiken-90-1.php,,47,"2026-03-12 00:33:28","2026-07-23 15:19:02"
58,sword_2h_85,スレイプニール,Sleipnir,,,,2,,"[""開戦時75%でピオラ2段階""]",,,165,,14,,,,,inherit,40,85,軍馬の大剣の作り方,真グランゼドーラ王国のレシピ屋30000G,ピオラが2段階発動しやすい軍神が振るう大剣,両手剣,両手剣,2,"[{""count"": 3, ""item_id"": 759}, {""count"": 1, ""item_id"": 647}, {""count"": 5, ""item_id"": 597}, {""count"": 1, ""item_id"": 761}, {""count"": 5, ""item_id"": 865}]","[[""90-98"", ""90-98""], [""141-153"", ""141-153""], [""112-118"", ""112-118""], [""75-81"", ""75-81""]]",https://draquex.com/buki/0-taiken.php,https://draquex.com/buki/taiken-85-1.php,,44,"2026-03-12 00:33:31","2026-07-23 15:19:02"
59,sword_2h_80,翠石の大剣,"Jade Greatsword",,,,2,,"[""攻撃時4%でルカニ"", ""攻撃時30%でマホ系解除""]",,,159,,14,,,,,inherit,39,80,妖精王とヒスイの魔法,真グランゼドーラ王国のレシピ屋20000G,様々な守りを打ち破る破魔の大剣,両手剣,両手剣,2,"[{""count"": 15, ""item_id"": 838}, {""count"": 1, ""item_id"": 703}, {""count"": 5, ""item_id"": 850}, {""count"": 1, ""item_id"": 761}, {""count"": 10, ""item_id"": 865}]","[[""107-113"", ""107-113""], [""125-137"", ""125-137""], [""95-103"", ""95-103""], [""80-86"", ""80-86""]]",https://draquex.com/buki/0-taiken.php,https://draquex.com/buki/taiken-80-2.php,,44,"2026-03-12 00:33:33","2026-07-23 15:19:02"
60,sword_2h_80_2,ケイオスブレード,"Berserker's Blade",,,,2,,"[""攻撃時3%で幻惑"", ""開戦時10%でバイキルト""]",,,155,,9,,,,,inherit,38,80,ケイオスの儀式書,真グランゼドーラ王国のレシピ屋20000G,開戦時たまにバイキルトが発動する魔剣,両手剣,両手剣,2,"[{""count"": 30, ""item_id"": 863}, {""count"": 15, ""item_id"": 838}, {""count"": 20, ""item_id"": 535}, {""count"": 1, ""item_id"": 761}, {""count"": 10, ""item_id"": 865}]","[[""70-78"", ""70-78""], [""90-100"", ""120-126""], [""100-106"", ""146-156""], [""80-88"", ""80-88""]]",https://draquex.com/buki/0-taiken.php,https://draquex.com/buki/taiken-80-1.php,,44,"2026-03-12 00:33:35","2026-07-23 15:19:02"
61,sword_2h_75,エンパイアブレード,"Legate's Blade",,,,2,,"[""かいしん率+3.0%"", ""攻撃時50%でテンション下げ""]",,4,150,,17,,,,,inherit,37,75,エンパイアブレードの書,真グランゼドーラ王国のレシピ屋20000G,敵の士気を下げ会心確立が上がる超硬度の大剣,両手剣,両手剣,2,"[{""count"": 10, ""item_id"": 838}, {""count"": 1, ""item_id"": 648}, {""count"": 1, ""item_id"": 856}, {""count"": 1, ""item_id"": 761}, {""count"": 10, ""item_id"": 865}]","[[""120-126"", ""120-126""], [""60-68"", ""60-68""], [""80-86"", ""80-86""], [""108-120"", ""108-120""]]",https://draquex.com/buki/0-taiken.php,https://draquex.com/buki/taiken-75-1.php,,44,"2026-03-12 00:33:37","2026-07-23 15:19:02"
62,sword_2h_70,聖王の大剣,"Dryspell Blade",,,,2,,"[""ドラゴン系にダメージ+10%""]",,,129,,17,,,,,inherit,36,70,聖王の大剣の壁画,偽グランゼドーラ王国のレシピ屋20000G,聖なる力を秘めたドラゴン系の敵を切り裂く大剣,両手剣,両手剣,2,"[{""count"": 5, ""item_id"": 838}, {""count"": 1, ""item_id"": 586}, {""count"": 1, ""item_id"": 754}, {""count"": 1, ""item_id"": 761}, {""count"": 5, ""item_id"": 865}]","[[""100-106"", ""100-106""], [""80-88"", ""80-88""], [""135-147"", ""130-132""], [""60-66"", ""60-66""]]",https://draquex.com/buki/0-taiken.php,https://draquex.com/buki/taiken-70-1.php,,44,"2026-03-12 00:33:40","2026-07-23 15:19:02"
63,sword_2h_65,フォースブレード,"Force Blade",,,,2,,"[""エレ系にダメージ+20%"", ""雷属性攻撃""]",,,108,,17,,,,,inherit,35,65,フォースブレードの秘法,グレン城・武器鍛冶ギルドのレシピ屋10000G,雷の魔力を宿しエレメントの敵に効果絶大な大剣,両手剣,両手剣,2,"[{""count"": 4, ""item_id"": 805}, {""count"": 40, ""item_id"": 784}, {""count"": 1, ""item_id"": 554}, {""count"": 1, ""item_id"": 552}, {""count"": 10, ""item_id"": 865}]","[[""104-112"", ""130-136""], [""60-68"", ""80-90""], [""80-90"", ""60-68""], [""130-136"", ""104-112""]]",https://draquex.com/buki/0-taiken.php,https://draquex.com/buki/taiken-65-1.php,,43,"2026-03-12 00:33:42","2026-07-23 15:19:02"
64,sword_2h_60,メタスラの大剣,"Metal Gooreatsword",,,,2,,"[""メタル系に+1ダメージ""]",,,90,,15,,,,,inherit,33,60,メタスラの大剣の本,グレン城・武器鍛冶ギルドのレシピ屋10000G,メタル系の魔物を倒しやすいとても硬い大剣,両手剣,両手剣,2,"[{""count"": 15, ""item_id"": 784}, {""count"": 5, ""item_id"": 594}, {""count"": 1, ""item_id"": 856}, {""count"": 12, ""item_id"": 865}]","[[""80-86"", ""80-86""], [""110-120"", ""110-120""], [""65-75"", ""65-75""], [""60-68"", ""60-68""]]",https://draquex.com/buki/0-taiken.php,https://draquex.com/buki/taiken-60-1.php,,42,"2026-03-12 00:33:44","2026-07-23 15:19:02"
65,sword_2h_60_2,天馬の大剣,"Skysteed Sword",,,,2,,"[""攻撃時3%でいてつくはどう""]",,,103,,16,,,,,inherit,34,60,天馬武具辞典,グレン城・武器鍛冶ギルドのレシピ屋10000G,相手の良い効果をたまに消し去る天馬を模した大剣,両手剣,両手剣,2,"[{""count"": 2, ""item_id"": 735}, {""count"": 15, ""item_id"": 784}, {""count"": 1, ""item_id"": 639}, {""count"": 12, ""item_id"": 865}]","[[""70-78"", ""132-138""], [""100-107"", ""70-80""], [""70-80"", ""60-69""], [""85-93"", ""85-93""]]",https://draquex.com/buki/0-taiken.php,https://draquex.com/buki/taiken-60-2.php,,43,"2026-03-12 00:33:46","2026-07-23 15:19:02"
66,sword_2h_50,キングブレード,"Lord's Sword",,,,2,,"[""かいしん率+2.0%"", ""攻撃時50%でテンション下げ""]",,,83,,17,,,,,inherit,30,50,キングブレードのレシピ,グレン城・武器鍛冶ギルドのレシピ屋10000G,敵の士気を下げ会心の一撃が出やすくなる大剣,両手剣,両手剣,2,"[{""count"": 10, ""item_id"": 816}, {""count"": 3, ""item_id"": 819}, {""count"": 1, ""item_id"": 552}, {""count"": 10, ""item_id"": 865}]","[[""46-52"", ""48-60""], [""48-60"", ""54-62""], [""2-80"", ""62-68""], [""54-62"", ""72-80""]]",https://draquex.com/buki/0-taiken.php,https://draquex.com/buki/taiken-50-1.php,,33,"2026-03-12 00:33:48","2026-07-23 15:19:02"
67,sword_2h_50_2,大獄剣,"Brimstone Blade",,,,2,,"[""炎属性攻撃""]",,,87,,13,,,,,inherit,33,50,大獄剣の真実,グレン城・武器鍛冶ギルドのレシピ屋10000G,じごくの炎の力で敵をせんめつする赤刃の大剣,両手剣,両手剣,2,"[{""count"": 12, ""item_id"": 816}, {""count"": 30, ""item_id"": 863}, {""count"": 1, ""item_id"": 639}, {""count"": 10, ""item_id"": 865}]","[[""70-78"", ""70-78""], [""60-66"", ""60-66""], [""100-110"", ""100-110""], [""50-60"", ""50-60""]]",https://draquex.com/buki/0-taiken.php,https://draquex.com/buki/taiken-50-2.php,,33,"2026-03-12 00:33:51","2026-07-23 15:19:02"
68,sword_2h_42,プラチナブレード,"Platinum Powersword",,,,2,,"[""試合時のみダメージ+15%""]",,,62,,10,,,,,inherit,26,42,プラチナブレードの本,メギストリス城2階E-7会議室,コロシアムで威力を発揮するプラチナ製の大剣,両手剣,両手剣,2,"[{""count"": 4, ""item_id"": 816}, {""count"": 5, ""item_id"": 732}, {""name"": ""かがみの石"", ""count"": 2, ""item_id"": null}, {""count"": 4, ""item_id"": 865}]","[[""35-45"", ""35-45""], [""50-58"", ""50-58""], [""70-76"", ""70-76""], [""40-51"", ""40-51""]]",https://draquex.com/buki/0-taiken.php,https://draquex.com/buki/taiken-42-1.php,,27,"2026-03-12 00:33:53","2026-07-23 15:19:02"
69,sword_2h_42_2,デーモンバスター,Demonsbane,,,,2,,"[""悪魔系にダメージ+20%""]",,,66,,8,,,,,inherit,28,42,デーモンバスターの本,グレン城・武器鍛冶ギルドのレシピ屋3000G,悪魔系の魔物にめっぽう強い聖なる大剣,両手剣,両手剣,2,"[{""count"": 6, ""item_id"": 816}, {""count"": 1, ""item_id"": 702}, {""count"": 1, ""item_id"": 879}, {""count"": 6, ""item_id"": 865}]","[[""50-56"", ""50-56""], [""40-50"", ""40-50""], [""80-88"", ""80-88""], [""36-46"", ""36-46""]]",https://draquex.com/buki/0-taiken.php,https://draquex.com/buki/taiken-42-2.php,,27,"2026-03-12 00:33:55","2026-07-23 15:19:02"
70,sword_2h_42_3,ドラゴンバスター,Wyrmfang,,,,2,,"[""ドラゴン系にダメージ+20%""]",,,70,,8,,,,,inherit,30,42,ドラゴンバスターの本,メギストリスの都のレシピ屋10000G,ドラゴン系の敵にめっぽう強い竜殺しの大剣,両手剣,両手剣,2,"[{""count"": 6, ""item_id"": 816}, {""count"": 1, ""item_id"": 753}, {""count"": 1, ""item_id"": 638}, {""count"": 8, ""item_id"": 865}]","[[""40-46"", ""40-46""], [""48-58"", ""48-58""], [""72-80"", ""72-80""], [""60-70"", ""60-70""]]",https://draquex.com/buki/0-taiken.php,https://draquex.com/buki/taiken-42-3.php,,27,"2026-03-12 00:33:58","2026-07-23 15:19:02"
71,sword_2h_35,クレセントエッジ,Razer-Wing,,,,2,,"[""攻撃時3%でマヒ""]",,,53,,7,,,,,inherit,22,35,クレセントエッジの本,バザーのみデビルアーマーがドロップする,斬りつけた相手をたまにマヒさせる三日月型の大剣,両手剣,両手剣,2,"[{""count"": 1, ""item_id"": 633}, {""count"": 1, ""item_id"": 749}, {""count"": 1, ""item_id"": 551}]","[[""64-70"", ""26-40""], [""48-58"", ""30-40""], [""30-40"", ""48-58""], [""26-40"", ""64-70""]]",https://draquex.com/buki/0-taiken.php,https://draquex.com/buki/taiken-35-2.php,,21,"2026-03-12 00:34:00","2026-07-23 15:19:02"
72,sword_2h_35_2,斬夜の太刀,Nightcleaver,,,,2,,"[""光属性攻撃""]",,,56,,6,,,,,inherit,24,35,斬夜の太刀の書,バザーのみダークナイトがドロップする,光のチカラを宿す切れ味するどい古風な太刀,両手剣,両手剣,2,"[{""count"": 1, ""item_id"": 633}, {""count"": 1, ""item_id"": 651}, {""count"": 1, ""item_id"": 666}]","[[""70-80"", ""60-72""], [""48-56"", ""40-48""], [""40-50"", ""30-40""], [""36-46"", ""36-46""]]",https://draquex.com/buki/0-taiken.php,https://draquex.com/buki/taiken-35-3.php,,21,"2026-03-12 00:34:02","2026-07-23 15:19:02"
73,sword_2h_35_3,ブラッドエッジ,"Bloodletter Sword",,,,2,,"[""攻撃時3%でマホトーン""]",,,49,,7,,,,,inherit,19,35,ブラッドエッジの歴史,港町レンドア北C-6宿屋2階の本棚,相手の呪文をたまに封じる色あざやかな大剣,両手剣,両手剣,2,"[{""count"": 1, ""item_id"": 633}, {""count"": 1, ""item_id"": 840}, {""count"": 1, ""item_id"": 881}]","[[""32-40"", ""32-46""], [""48-54"", ""40-52""], [""36-48"", ""26-38""], [""40-52"", ""48-54""]]",https://draquex.com/buki/0-taiken.php,https://draquex.com/buki/taiken-35-1.php,,21,"2026-03-12 00:34:05","2026-07-23 15:19:02"
74,sword_2h_28,退魔の太刀,"Banishing Blade",,,,2,,"[""悪魔系にダメージ+10%""]",,,43,,5,,,,,inherit,16,28,退魔の太刀の書,バザーのみソードファントムがドロップする,異国から伝わった悪魔系に強い大振りの刀,両手剣,両手剣,2,"[{""count"": 1, ""item_id"": 633}, {""count"": 1, ""item_id"": 720}, {""count"": 1, ""item_id"": 666}]","[[""48-54"", ""26-38""], [""30-38"", ""32-46""], [""32-46"", ""30-38""], [""26-38"", ""48-54""]]",https://draquex.com/buki/0-taiken.php,https://draquex.com/buki/taiken-28-2.php,,19,"2026-03-12 00:34:07","2026-07-23 15:19:02"
75,sword_2h_28_2,はがねの大剣,"Carbon Steel Claymore",,,,2,,"[""試合時のみダメージ+10%""]",,,40,,5,,,,,inherit,15,28,体験！大剣作り,グレン城・武器鍛冶ギルドのレシピ屋30G,コロシアムで威力を発揮するはがね製の大剣,両手剣,両手剣,2,"[{""count"": 1, ""item_id"": 633}, {""count"": 1, ""item_id"": 749}, {""count"": 1, ""item_id"": 810}]","[[""32-40"", ""32-40""], [""24-36"", ""24-36""], [""40-46"", ""40-46""], [""26-40"", ""26-40""]]",https://draquex.com/buki/0-taiken.php,https://draquex.com/buki/taiken-28-1.php,,18,"2026-03-12 00:34:09","2026-07-23 15:19:02"
76,sword_2h_21,おおばさみ,"Sizable Scissors",,,,2,,"[""-""]",,,34,,3,,,,,inherit,13,21,おおばさみ作りのヒント,バザーのみじごくのハサミがドロップする,はさみのように敵をとらえて攻撃する大剣,両手剣,両手剣,2,"[{""count"": 1, ""item_id"": 732}, {""count"": 1, ""item_id"": 699}]","[[""46-52"", ""16-28""], [""30-40"", ""16-28""], [""26-36"", ""24-36""], [""26-38"", ""32-38""]]",https://draquex.com/buki/0-taiken.php,https://draquex.com/buki/taiken-21-2.php,,16,"2026-03-12 00:34:11","2026-07-23 15:19:02"
77,sword_2h_21_2,シャドウエッジ,"Black Blade",,,,2,,"[""-""]",,,30,,4,,,,,inherit,11,21,体験！大剣作り,グレン城・武器鍛冶ギルドのレシピ屋30G,黒光りする刃でしなやかに敵を斬る大剣,両手剣,両手剣,2,"[{""count"": 1, ""item_id"": 732}, {""count"": 1, ""item_id"": 845}]","[[""30-38"", ""30-38""], [""26-36"", ""26-36""], [""30-40"", ""30-40""], [""24-38"", ""24-38""]]",https://draquex.com/buki/0-taiken.php,https://draquex.com/buki/taiken-21-1.php,,15,"2026-03-12 00:34:13","2026-07-23 15:19:02"
78,sword_2h_14,ビッグブレードⅡ,"Broader Sword",,,,2,,"[""-""]",,,24,,3,,,,,inherit,9,14,体験！大剣作り,グレン城・武器鍛冶ギルドのレシピ屋30G,王宮の騎士が愛用する立派な大剣,両手剣,両手剣,2,"[{""count"": 1, ""item_id"": 732}, {""count"": 1, ""item_id"": 807}]","[[""28-40"", ""28-40""], [""24-36"", ""24-36""], [""12-24"", ""12-24""], [""16-26"", ""16-26""]]",https://draquex.com/buki/0-taiken.php,https://draquex.com/buki/taiken-14-2.php,,15,"2026-03-12 00:34:16","2026-07-23 15:19:02"
79,sword_2h_14_2,てつの大剣,"Cast-Iron Claymore",,,,2,,"[""試合時のみダメージ+5%""]",,,20,,2,,,,,inherit,8,14,体験！大剣作り,グレン城・武器鍛冶ギルドのレシピ屋30G,コロシアムで威力を発揮する鉄製の大剣,両手剣,両手剣,2,"[{""count"": 3, ""item_id"": 732}, {""count"": 1, ""item_id"": 749}]","[[""16-28"", ""16-28""], [""12-26"", ""12-26""], [""16-28"", ""16-28""], [""26-36"", ""26-36""]]",https://draquex.com/buki/0-taiken.php,https://draquex.com/buki/taiken-14-1.php,,14,"2026-03-12 00:34:18","2026-07-23 15:19:02"
80,sword_1h_7_3,せいどうの大剣,"Bronze Greatsword",,,,1,,"[""-""]",,,11,,1,,,,,inherit,4,7,体験！大剣作り,グレン城・武器鍛冶ギルドのレシピ屋30G,青銅で作られた両手用の大剣,片手剣,片手剣,2,"[{""count"": 1, ""item_id"": 749}, {""count"": 1, ""item_id"": 732}]","[[""12-24"", ""12-24""], [""9-22"", ""9-22""], [""18-36"", ""18-36""], [""12-24"", ""12-24""]]",https://draquex.com/buki/0-taiken.php,https://draquex.com/buki/taiken-7-1.php,,12,"2026-03-12 00:34:20","2026-07-23 15:19:02"
81,sword_2h_7,ビッグブレード,"Broad Sword",,,,2,,"[""-""]",,,14,,1,,,,,inherit,6,7,体験！大剣作り,グレン城・武器鍛冶ギルドのレシピ屋30G,剣士のために作られた両手用の大剣,両手剣,両手剣,2,"[{""count"": 1, ""item_id"": 749}, {""count"": 1, ""item_id"": 719}]","[[""16-34"", ""16-34""], [""12-24"", ""12-24""], [""12-24"", ""12-24""], [""20-30"", ""20-30""]]",https://draquex.com/buki/0-taiken.php,https://draquex.com/buki/taiken-7-2.php,,12,"2026-03-12 00:34:22","2026-07-23 15:19:02"
82,sword_2h_1,どうの大剣,"Copper Chopper",,,,2,,"[""-""]",,,6,,1,,,,,inherit,2,1,はじめての武器鍛冶,グレン城・武器鍛冶ギルドのレシピ屋10G,銅で作られている両手用の大剣,両手剣,両手剣,2,"[{""count"": 1, ""item_id"": 749}]","[[""9-22"", ""9-22""], [""12-24"", ""12-24""], [""9-22"", ""9-22""], [""9-22"", ""9-22""]]",https://draquex.com/buki/0-taiken.php,https://draquex.com/buki/taiken-1-1.php,,11,"2026-03-12 00:34:25","2026-07-23 15:19:02"
83,sword_2h_1_2,星々の大剣,"Starry Greatsword",,,,2,,"[""-""]",,,,,,,,,,inherit,11,1,祭具・星々の大剣絵巻,以前のイベントで販売され、今はバザーのみ,星のチカラが宿る平身低頭の儀に不可欠な大剣,両手剣,,,"[{""count"": 4, ""item_id"": 821}, {""count"": 12, ""item_id"": 822}]",,https://draquex.com/buki/0-taiken.php,https://draquex.com/buki/taiken-1-2.php,,,"2026-03-12 00:34:27","2026-07-23 15:19:02"
84,dagger_132,影星の短刀,"Darkstar Dagger",,,,3,,"[""特技のダメージ+15"", ""行動時10%できようさ+60""]",,,241,,52,50,,135,,inherit,75,132,影に生きる者たち,はじまりの地のレシピ屋クツツ1000000G,"特技ダメージ増え 行動時きようさが よく上がる短刀",短剣,短剣,1,"[{""count"": 30, ""item_id"": 705}, {""count"": 4, ""item_id"": 862}, {""count"": 6, ""item_id"": 692}, {""count"": 4, ""item_id"": 834}, {""count"": 9, ""item_id"": 729}]","[[""800-808""], [""605-613""]]",https://draquex.com/buki/0-tanken.php,https://draquex.com/buki/tanken-132-1.php,,12,"2026-03-12 00:34:33","2026-07-23 15:19:02"
85,dagger_130,晴蒼の短剣,"Bluesky Knife",,,,3,,"[""会心率と呪文暴走率+2.0%"", ""会心と暴走時のダメージ+100""]",,,233,,52,50,,130,,inherit,75,130,レシピ入手方法,神都フォーリオンのレシピ屋1000000G,"会心と呪文暴走の 威力と確率が 強化される短剣",短剣,短剣,1,"[{""count"": 30, ""item_id"": 705}, {""count"": 3, ""item_id"": 744}, {""count"": 6, ""item_id"": 648}, {""count"": 20, ""item_id"": 591}, {""count"": 8, ""item_id"": 729}]","[[""485-493""], [""700-708""]]",https://draquex.com/buki/0-tanken.php,https://draquex.com/buki/tanken-130-1.php,,12,"2026-03-12 00:34:35","2026-07-23 15:19:02"
86,dagger_128,ジェミニダガー,"Gemini Dagger",,,,3,,"[""行動時15%で暴走アップ"", ""行動時10%で早詠みの杖""]",,,223,,52,50,,125,,inherit,65,128,レシピ入手方法,神都フォーリオンのレシピ屋1000000G,"行動時よく早詠み 呪文の暴走も 期待できる短剣",短剣,短剣,1,"[{""count"": 30, ""item_id"": 705}, {""count"": 4, ""item_id"": 693}, {""count"": 6, ""item_id"": 648}, {""count"": 1, ""item_id"": 577}, {""count"": 1, ""item_id"": 729}]","[[""742-750""], [""415-423""]]",https://draquex.com/buki/0-tanken.php,https://draquex.com/buki/tanken-128-1.php,,12,"2026-03-12 00:34:37","2026-07-23 15:19:02"
87,dagger_125,ヴェーレダガー,"Veil Dagger",,,,3,,"[""攻撃時18%で猛毒"", ""毒時魔物にダメージ+100""]",,,212,,52,50,,120,,inherit,75,125,暗殺教本・毒殺編,神都フォーリオンのレシピ屋1000000G,"敵が毒状態だと ダメージが増す 猛毒の短剣",短剣,短剣,,"[{""count"": 30, ""item_id"": 705}, {""count"": 3, ""item_id"": 765}, {""count"": 20, ""item_id"": 608}, {""count"": 5, ""item_id"": 759}, {""count"": 8, ""item_id"": 729}]","[[""775-783""], [""603-611""]]",https://draquex.com/buki/0-tanken.php,https://draquex.com/buki/tanken-125-1.php,,12,"2026-03-12 00:34:40","2026-07-23 15:19:02"
88,dagger_120,セーラスダガー,"Selas Dagger",,,,3,,"[""2.0%でターン消費なし"", ""必殺チャージ率+1%(左手装備時無効)""]",,,201,,52,45,,115,,inherit,70,120,神光放つ短剣の書,神都フォーリオンのレシピ屋1000000G,"まれにターンを 消費しない 必殺の短剣",短剣,短剣,,"[{""count"": 30, ""item_id"": 799}, {""count"": 5, ""item_id"": 550}, {""count"": 10, ""item_id"": 230}, {""count"": 1, ""item_id"": 577}, {""count"": 8, ""item_id"": 729}]",,https://draquex.com/buki/0-tanken.php,https://draquex.com/buki/tanken-120-1.php,,12,"2026-03-12 00:34:42","2026-07-23 15:19:02"
89,dagger_118,エレガントポイズン,"Elegant Poison",,,,3,,"[""行動時5.0%でチャージ時間-10秒"", ""攻撃時18%で猛毒""]",,,190,,52,45,,110,,inherit,70,118,エレガントに猛毒を,神都フォーリオンのレシピ屋1000000G,"チャージ時間が まれに短縮される 猛毒の短剣",短剣,短剣,1,"[{""count"": 30, ""item_id"": 799}, {""count"": 3, ""item_id"": 862}, {""count"": 10, ""item_id"": 248}, {""count"": 1, ""item_id"": 577}, {""count"": 7, ""item_id"": 729}]","[[""350-358""], [""650-658""]]",https://draquex.com/buki/0-tanken.php,https://draquex.com/buki/tanken-118-1.php,,12,"2026-03-12 00:34:44","2026-07-23 15:19:02"
90,dagger_115,輝天のナイフ,"Sky Knife",,,,3,,"[""呪文発動速度+2%"", ""会心率と呪文暴走率+2.0%""]",,,179,,52,45,,105,,inherit,65,115,呪文のためのナイフ,砂の都ファラザードのレシピ屋1000000G,呪文発動が速まり会心と呪文暴走の確率も上がる短剣,短剣,短剣,1,"[{""count"": 5, ""item_id"": 799}, {""count"": 2, ""item_id"": 693}, {""count"": 5, ""item_id"": 741}, {""count"": 1, ""item_id"": 865}, {""count"": 2, ""item_id"": 536}]","[[""670-678""], [""370-378""]]",https://draquex.com/buki/0-tanken.php,https://draquex.com/buki/tanken-115-1.php,,12,"2026-03-12 00:34:47","2026-07-23 15:19:02"
91,dagger_110,ファントムダガー,"Phantom Dagger",,,,3,,"[""攻撃時18%で猛毒"", ""攻撃時18%で幻惑""]",,,169,,52,45,,75,,inherit,65,110,亡霊の猛毒,砂の都ファラザードのレシピ屋50000G,攻撃時たまに猛毒や幻惑を与える短剣,短剣,短剣,1,"[{""count"": 5, ""item_id"": 741}, {""count"": 1, ""item_id"": 862}, {""count"": 1, ""item_id"": 248}, {""count"": 5, ""item_id"": 731}]","[[""590-598""], [""400-410""]]",https://draquex.com/buki/0-tanken.php,https://draquex.com/buki/tanken-110-1.php,,12,"2026-03-12 00:34:49","2026-07-23 15:19:02"
92,dagger_108,ワイルドファング,"Wild Fang",,,,3,,"[""2.0%でターン消費なし"", ""必殺チャージ率+1%(左手装備時無効)""]",,,160,,52,,,,,inherit,65,108,必殺のワイルドファング,王都キィンベルのレシピ屋50000G,まれにターンを消費しない必殺の短剣,短剣,短剣,,"[{""count"": 5, ""item_id"": 741}, {""count"": 1, ""item_id"": 644}, {""count"": 2, ""item_id"": 648}, {""count"": 10, ""item_id"": 698}, {""count"": 5, ""item_id"": 865}]",,https://draquex.com/buki/0-tanken.php,https://draquex.com/buki/tanken-108-1.php,,12,"2026-03-12 00:34:51","2026-07-23 15:19:02"
93,dagger_105,クレセントダガー,"Crescent Dagger",,,,3,,"[""攻撃時20%で魔道の書""]",,,152,,52,,,,,inherit,60,105,三日月と短剣,王都キィンベルのレシピ屋50000G,敵を悪い効果にかかりやすくする流線型の短剣,短剣,短剣,,"[{""count"": 5, ""item_id"": 741}, {""count"": 1, ""item_id"": 862}, {""count"": 10, ""item_id"": 649}, {""count"": 10, ""item_id"": 698}, {""count"": 5, ""item_id"": 865}]",,https://draquex.com/buki/0-tanken.php,https://draquex.com/buki/tanken-105-1.php,,12,"2026-03-12 00:34:53","2026-07-23 15:19:02"
94,dagger_100,グラフィアス,Graffias,,,,3,,"[""虫系にダメージ+15%"", ""攻撃時16%で猛毒""]",,,145,,52,,40,,,inherit,45,100,輝くさそりの行方,王都キィンベルのレシピ屋40000G,虫系に強く攻撃時に猛毒をかけやすい短剣,短剣,短剣,1,"[{""count"": 10, ""item_id"": 543}, {""count"": 1, ""item_id"": 815}, {""count"": 1, ""item_id"": 577}, {""count"": 30, ""item_id"": 781}, {""count"": 5, ""item_id"": 865}]","[[""570-580""], [""464-474""]]",https://draquex.com/buki/0-tanken.php,https://draquex.com/buki/tanken-100-1.php,,12,"2026-03-12 00:34:55","2026-07-23 15:19:02"
95,dagger_99,神域の短剣,"Mythic Knife",,,,3,,"[""かいしん率+1.5%"", ""攻撃時2%でマヒ""]",,,138,,51,,35,,,inherit,43,99,ゴッドライクな短剣作成,聖都エジャルナのレシピ屋40000G,攻撃力を少し上げ攻撃時まれにマヒさせる短剣,短剣,短剣,1,"[{""count"": 5, ""item_id"": 543}, {""count"": 2, ""item_id"": 648}, {""count"": 15, ""item_id"": 816}, {""count"": 25, ""item_id"": 633}, {""count"": 5, ""item_id"": 865}]","[[""472-478""], [""448-458""]]",https://draquex.com/buki/0-tanken.php,https://draquex.com/buki/tanken-99-1.php,,12,"2026-03-12 00:34:58","2026-07-23 15:19:02"
96,dagger_96,ガテリアの宝剣,"Sword of Gateria",,,,3,,"[""必殺チャージ率+1%(左手装備時無効)""]",,,130,,50,,30,,,inherit,43,96,ガテリアの碑文,聖都エジャルナのレシピ屋40000G,おしゃれさときようさが上がる必殺の短剣,短剣,短剣,1,"[{""count"": 5, ""item_id"": 543}, {""count"": 1, ""item_id"": 755}, {""count"": 20, ""item_id"": 696}, {""count"": 1, ""item_id"": 577}, {""count"": 5, ""item_id"": 865}]","[[""528-542""], [""440-446""]]",https://draquex.com/buki/0-tanken.php,https://draquex.com/buki/tanken-96-1.php,,12,"2026-03-12 00:35:00","2026-07-23 15:19:02"
97,dagger_93,トールナイフ,"Thor Knife",,,,3,,"[""雷属性攻撃"", ""2.0%でターン消費なし""]",,,114,,17,,,,,inherit,42,93,雷神の食卓,聖都エジャルナのレシピ屋30000G,雷神の加護でまれにターンを消費しない短剣,短剣,短剣,1,"[{""count"": 5, ""item_id"": 759}, {""count"": 10, ""item_id"": 554}, {""count"": 1, ""item_id"": 703}, {""count"": 30, ""item_id"": 749}, {""count"": 5, ""item_id"": 865}]","[[""490-504""], [""350-356""]]",https://draquex.com/buki/0-tanken.php,https://draquex.com/buki/tanken-93-1.php,,12,"2026-03-12 00:35:03","2026-07-23 15:19:02"
98,dagger_90,天河のジャンビーヤ,"Milky Way Jambiya",,,,3,,"[""光属性攻撃"", ""攻撃時16%で猛毒""]",,,108,,17,,,,,inherit,41,90,天河物語,聖都エジャルナのレシピ屋30000G,光のチカラを宿し敵を葬り去る猛毒の短剣,短剣,短剣,1,"[{""count"": 5, ""item_id"": 759}, {""count"": 30, ""item_id"": 784}, {""count"": 30, ""item_id"": 751}, {""count"": 10, ""item_id"": 248}, {""count"": 5, ""item_id"": 865}]","[[""400-406""], [""480-494""]]",https://draquex.com/buki/0-tanken.php,https://draquex.com/buki/tanken-90-1.php,,10,"2026-03-12 00:35:05","2026-07-23 15:19:02"
99,dagger_85,エンシェントククリ,"Olde-Worlde Knife",,,,3,,"[""開戦時50%で早詠みの杖"", ""2.0%でターン消費なし""]",,5,103,,17,,,35,35,inherit,40,85,古代武器図説・短剣編,真グランゼドーラ王国のレシピ屋30000G,早読みの杖が発動しやすい古代文明の短剣,短剣,短剣,1,"[{""count"": 3, ""item_id"": 759}, {""count"": 30, ""item_id"": 699}, {""count"": 5, ""item_id"": 554}, {""count"": 1, ""item_id"": 761}, {""count"": 5, ""item_id"": 865}]","[[""502-516""], [""334-340""]]",https://draquex.com/buki/0-tanken.php,https://draquex.com/buki/tanken-85-1.php,,8,"2026-03-12 00:35:07","2026-07-23 15:19:02"
100,dagger_80,クリスタルエッジ,"Crystal Edge",,,,3,,"[""かいしん率+3.0%"", ""攻撃時5%で魔導の書""]",,,97,,20,,,,,inherit,39,80,水晶剣とうつろな魔女,真グランゼドーラ王国のレシピ屋20000G,会心の一撃が出やすくなるきらめく結晶の刃,短剣,短剣,1,"[{""count"": 15, ""item_id"": 838}, {""count"": 30, ""item_id"": 845}, {""count"": 3, ""item_id"": 745}, {""count"": 1, ""item_id"": 761}, {""count"": 10, ""item_id"": 865}]","[[""430-444""], [""384-390""]]",https://draquex.com/buki/0-tanken.php,https://draquex.com/buki/tanken-80-2.php,,7,"2026-03-12 00:35:09","2026-07-23 15:19:02"
101,dagger_80_2,ポイズンスケイル,"Serpentscale Skean",,,,3,,"[""攻撃時3%で混乱"", ""攻撃時16%で猛毒""]",,,93,,15,,,,,inherit,38,80,毒竜討伐隊の記録,真グランゼドーラ王国のレシピ屋20000G,猛毒や混乱を呼ぶ凶悪なドラゴンのうろこ製ナイフ,短剣,短剣,1,"[{""count"": 30, ""item_id"": 751}, {""count"": 3, ""item_id"": 648}, {""count"": 10, ""item_id"": 591}, {""count"": 1, ""item_id"": 761}, {""count"": 10, ""item_id"": 865}]","[[""280-294""], [""440-446""]]",https://draquex.com/buki/0-tanken.php,https://draquex.com/buki/tanken-80-1.php,,8,"2026-03-12 00:35:11","2026-07-23 15:19:02"
102,dagger_75,ライトニングダガー,"Thunderstorm Skean",,,,3,,"[""雷属性攻撃""]",,4,90,,17,,,,,inherit,37,75,ライトニングダガーの書,真グランゼドーラ王国のレシピ屋20000G,雷の力を宿した青くかがやく超硬度の短剣,短剣,短剣,1,"[{""count"": 10, ""item_id"": 838}, {""count"": 10, ""item_id"": 594}, {""count"": 1, ""item_id"": 554}, {""count"": 1, ""item_id"": 761}, {""count"": 10, ""item_id"": 865}]","[[""295-309""], [""475-481""]]",https://draquex.com/buki/0-tanken.php,https://draquex.com/buki/tanken-75-1.php,,8,"2026-03-12 00:35:13","2026-07-23 15:19:02"
103,dagger_70,聖王のナイフ,"Dryspell Knife",,,,3,,"[""虫系にダメージ+10%"", ""2回攻撃できる""]",,,40,,17,,,,,inherit,36,70,聖王のナイフの壁画,偽グランゼドーラ王国のレシピ屋20000G,2回攻撃でき虫系の敵に強い聖なる短剣,短剣,短剣,1,"[{""count"": 5, ""item_id"": 838}, {""count"": 1, ""item_id"": 577}, {""count"": 1, ""item_id"": 611}, {""count"": 1, ""item_id"": 761}, {""count"": 5, ""item_id"": 865}]","[[""450-456""], [""320-334""]]",https://draquex.com/buki/0-tanken.php,https://draquex.com/buki/tanken-70-1.php,,8,"2026-03-12 00:35:16","2026-07-23 15:19:02"
104,dagger_65,サウザンドダガー,"Deft Dagger",,,,3,,"[""不意をつく確率+3.0%""]",,,82,,16,5,,,,inherit,35,65,サウザンドダガーの製法,グレン城・武器鍛冶ギルドのレシピ屋10000G,より先制攻撃がしかけやすくなる神秘の短剣,短剣,短剣,1,"[{""count"": 20, ""item_id"": 608}, {""count"": 1, ""item_id"": 611}, {""count"": 20, ""item_id"": 699}, {""count"": 1, ""item_id"": 639}, {""count"": 10, ""item_id"": 865}]","[[""348-354""], [""400-414""]]",https://draquex.com/buki/0-tanken.php,https://draquex.com/buki/tanken-65-1.php,,8,"2026-03-12 00:35:18","2026-07-23 15:19:02"
105,dagger_60,ファルコンダガー,"Gryphon's Wing",,,,3,,"[""不意をつく確率+3.0%""]",,,67,,10,3,,,,inherit,33,60,ファルコンダガーの本,グレン城・武器鍛冶ギルドのレシピ屋10000G,より先制攻撃がしかけやすくなるシャープな短剣,短剣,短剣,1,"[{""count"": 15, ""item_id"": 816}, {""count"": 3, ""item_id"": 611}, {""count"": 1, ""item_id"": 811}, {""count"": 12, ""item_id"": 865}]","[[""335-343""], [""265-270""]]",https://draquex.com/buki/0-tanken.php,https://draquex.com/buki/tanken-60-1.php,,7,"2026-03-12 00:35:21","2026-07-23 15:19:02"
106,dagger_60_2,こがらしのダガー,"Pruning Knife",,,,3,,"[""風属性攻撃""]",,,77,,10,,,,,inherit,34,60,こがらしのダガーの本,グレン城・武器鍛冶ギルドのレシピ屋10000G,吹きすさぶ疾風のチカラを宿した異形の短剣,短剣,短剣,1,"[{""count"": 15, ""item_id"": 652}, {""count"": 25, ""item_id"": 699}, {""count"": 1, ""item_id"": 552}, {""count"": 12, ""item_id"": 865}]","[[""294-300""], [""410-424""]]",https://draquex.com/buki/0-tanken.php,https://draquex.com/buki/tanken-60-2.php,,8,"2026-03-12 00:35:23","2026-07-23 15:19:02"
107,dagger_50,王家のナイフ,"Nobleman's Knife",,,,3,,"[""怪人系を攻撃時3%で魅了""]",,3,61,,17,,,,,inherit,30,50,王家のナイフ全集,グレン城・武器鍛冶ギルドのレシピ屋10000G,怪人系を魅了し最大MPを高める気品あるナイフ,短剣,短剣,1,"[{""count"": 10, ""item_id"": 816}, {""count"": 30, ""item_id"": 559}, {""count"": 1, ""item_id"": 880}, {""count"": 10, ""item_id"": 865}]","[[""220-225""], [""270-278""]]",https://draquex.com/buki/0-tanken.php,https://draquex.com/buki/tanken-50-1.php,,7,"2026-03-12 00:35:25","2026-07-23 15:19:02"
108,dagger_50_2,サラマンダー,"Flame Tang",,,,3,,"[""炎属性攻撃""]",,,64,,13,,,,,inherit,30,50,サラマンダーのレシピ,グレン城・武器鍛冶ギルドのレシピ屋10000G,精霊の加護を受け炎のチカラを宿す勇ましい短剣,短剣,短剣,1,"[{""count"": 12, ""item_id"": 816}, {""count"": 30, ""item_id"": 820}, {""count"": 1, ""item_id"": 880}, {""count"": 10, ""item_id"": 865}]","[[""200-205""], [""360-368""]]",https://draquex.com/buki/0-tanken.php,https://draquex.com/buki/tanken-50-2.php,,9,"2026-03-12 00:35:28","2026-07-23 15:19:02"
109,dagger_42,こおりのやいば,"Icicle Dirk",,,,3,,"[""戦いで使うと氷のつぶてで攻撃""]",,,48,,8,,,,,inherit,25,42,こおりのやいばの書,ヴェリナード城2階E-5知識の間の本棚,戦闘中に使うと氷のつぶてが敵をおそう短剣,短剣,短剣,1,"[{""count"": 4, ""item_id"": 816}, {""count"": 3, ""item_id"": 652}, {""count"": 1, ""item_id"": 531}, {""count"": 4, ""item_id"": 865}]","[[""160-164""], [""240-246""]]",https://draquex.com/buki/0-tanken.php,https://draquex.com/buki/tanken-42-1.php,,5,"2026-03-12 00:35:30","2026-07-23 15:19:02"
110,dagger_42_2,グラディウス,Gladius,,,,3,,"[""試合時のみダメージ+15%""]",,,51,,8,,,,,inherit,27,42,グラディウスのレシピ,グレン城・武器鍛冶ギルドのレシピ屋3000G,コロシアムで威力を発揮する剣闘士用の短剣,短剣,短剣,1,"[{""count"": 6, ""item_id"": 816}, {""count"": 3, ""item_id"": 535}, {""count"": 1, ""item_id"": 551}, {""count"": 6, ""item_id"": 865}]","[[""180-184""], [""250-258""]]",https://draquex.com/buki/0-tanken.php,https://draquex.com/buki/tanken-42-2.php,,5,"2026-03-12 00:35:33","2026-07-23 15:19:02"
111,dagger_42_3,ブラッドピック,"Bloodletter Knife",,,,3,,"[""攻撃時3%で急所を突く"", ""敵にあたえるダメージが1になる""]",,,1,,5,,,,,inherit,29,42,真・暗殺武器の歴史,メギストリスの都のレシピ屋10000G,相手の急所に当たりやすい一撃必殺の武器,短剣,短剣,1,"[{""count"": 6, ""item_id"": 816}, {""count"": 1, ""item_id"": 753}, {""count"": 1, ""item_id"": 879}, {""count"": 8, ""item_id"": 865}]","[[""160-162""], [""300-316""]]",https://draquex.com/buki/0-tanken.php,https://draquex.com/buki/tanken-42-3.php,,5,"2026-03-12 00:35:35","2026-07-23 15:19:02"
112,dagger_35,よるのパピヨン,"Dread Dagger",,,,3,,"[""攻撃時3%で混乱""]",,,39,,6,,,,,inherit,17,35,よるのパピヨンの秘密,ミュルエルの森F-5の小屋の本棚,斬りつけた相手をたまに混乱させる恐ろしい短剣,短剣,短剣,1,"[{""count"": 1, ""item_id"": 633}, {""count"": 1, ""item_id"": 728}, {""count"": 1, ""item_id"": 651}]","[[""140-146""], [""180-186""]]",https://draquex.com/buki/0-tanken.php,https://draquex.com/buki/tanken-35-1.php,,4,"2026-03-12 00:35:37","2026-07-23 15:19:02"
113,dagger_35_2,ソードブレイカー,"Sword Breaker",,,,3,,"[""攻撃時3%でヘナトス""]",,,42,,4,,,,,inherit,20,35,ソードブレイカーの本,バザーのみダークポックルがドロップする,敵の攻撃力をたまに下げる刃くだきの短剣,短剣,短剣,1,"[{""count"": 1, ""item_id"": 633}, {""count"": 1, ""item_id"": 732}, {""count"": 1, ""item_id"": 699}]","[[""190-200""], [""140-145""]]",https://draquex.com/buki/0-tanken.php,https://draquex.com/buki/tanken-35-2.php,,6,"2026-03-12 00:35:40","2026-07-23 15:19:02"
114,dagger_35_3,キラーピアス,"Falcon Knife Earring",,,,3,,"[""2回攻撃できる""]",,,16,,7,,,,,inherit,23,35,続・暗殺武器の歴史,バザーのみヘルクラッシャーがドロップする,2回攻撃できるピアスの形をしたきれいな短剣,短剣,短剣,1,"[{""count"": 1, ""item_id"": 633}, {""count"": 1, ""item_id"": 784}, {""count"": 1, ""item_id"": 732}]","[[""160-163""], [""180-187""]]",https://draquex.com/buki/0-tanken.php,https://draquex.com/buki/tanken-35-3.php,,4,"2026-03-12 00:35:42","2026-07-23 15:19:02"
115,dagger_28,イーグルダガー,"Eagle Dagger",,,,3,,"[""不意をつく確率+2.0%""]",,,36,,5,,,,,inherit,16,28,イーグルダガーの作成術,バザーのみキラートーチがドロップする,先制攻撃がしかけやすくなる軽やかな短剣,短剣,短剣,1,"[{""count"": 1, ""item_id"": 633}, {""count"": 1, ""item_id"": 732}, {""count"": 1, ""item_id"": 699}]","[[""170-180""], [""120-123""]]",https://draquex.com/buki/0-tanken.php,https://draquex.com/buki/tanken-28-2.php,,3,"2026-03-12 00:35:44","2026-07-23 15:19:02"
116,dagger_28_2,こあくまのナイフ,"Imp Knife",,,,3,,"[""攻撃時3%で幻惑""]",,,33,,6,,,,,inherit,14,28,ナイス！ナイフ！,グレン城・武器鍛冶ギルドのレシピ屋30G,斬りつけた相手をたまに幻惑させるあやしいナイフ,短剣,短剣,1,"[{""count"": 1, ""item_id"": 633}, {""count"": 1, ""item_id"": 651}, {""count"": 1, ""item_id"": 548}]","[[""150-156""], [""110-116""]]",https://draquex.com/buki/0-tanken.php,https://draquex.com/buki/tanken-28-1.php,,3,"2026-03-12 00:35:47","2026-07-23 15:19:02"
117,dagger_21,ぎんの短剣,"Silver Dagger",,,,3,,"[""-""]",,,26,,5,,,,,inherit,10,21,ナイス！ナイフ！,グレン城・武器鍛冶ギルドのレシピ屋30G,柄にほどこされた装飾が美しい銀製の短剣,短剣,短剣,1,"[{""count"": 1, ""item_id"": 633}, {""count"": 1, ""item_id"": 732}]","[[""90-94""], [""110-118""]]",https://draquex.com/buki/0-tanken.php,https://draquex.com/buki/tanken-21-1.php,,3,"2026-03-12 00:35:49","2026-07-23 15:19:02"
118,dagger_21_2,どくばり,"Poison Needle",,,,3,,"[""攻撃時2%で急所を突く"", ""敵にあたえるダメージが1になる""]",,,1,,2,,,,,inherit,12,21,暗殺武器の歴史,バザーのみきりさきピエロがドロップする,急所に当たると相手を即死させる一か八かの武器,短剣,短剣,1,"[{""count"": 1, ""item_id"": 633}, {""count"": 1, ""item_id"": 751}]","[[""80-82""], [""150-162""]]",https://draquex.com/buki/0-tanken.php,https://draquex.com/buki/tanken-21-2.php,,3,"2026-03-12 00:35:51","2026-07-23 15:19:02"
119,dagger_14,アサシンダガー,"Assassin's Dagger",,,,3,,"[""攻撃時1%で急所を突く""]",,,22,,2,,,,,inherit,9,14,ナイス！ナイフ！,グレン城・武器鍛冶ギルドのレシピ屋30G,急所に当たると相手を即死させる暗殺者用の短剣,短剣,短剣,1,"[{""count"": 1, ""item_id"": 732}, {""count"": 1, ""item_id"": 698}]","[[""60-65""], [""100-110""]]",https://draquex.com/buki/0-tanken.php,https://draquex.com/buki/tanken-14-2.php,,2,"2026-03-12 00:35:54","2026-07-23 15:19:02"
120,dagger_14_2,シーブスナイフ,"Deadly Nightblade",,,,3,,"[""試合時のみダメージ+5%""]",,,17,,3,,,,,inherit,7,14,ナイス！ナイフ！,グレン城・武器鍛冶ギルドのレシピ屋30G,コロシアムで威力を発揮する戦闘用のナイフ,短剣,短剣,1,"[{""count"": 3, ""item_id"": 732}, {""count"": 1, ""item_id"": 749}]","[[""90-100""], [""50-58""]]",https://draquex.com/buki/0-tanken.php,https://draquex.com/buki/tanken-14-1.php,,2,"2026-03-12 00:35:56","2026-07-23 15:19:02"
121,dagger_7,どくがのナイフ,"Poison Moth Knife",,,,3,,"[""攻撃時3%でマヒ""]",,,12,,2,,,,,inherit,5,7,ナイス！ナイフ！,グレン城・武器鍛冶ギルドのレシピ屋30G,斬りつけた相手をたまにマヒさせるあやしいナイフ,短剣,短剣,1,"[{""count"": 1, ""item_id"": 749}, {""count"": 1, ""item_id"": 751}]","[[""50-54""], [""70-88""]]",https://draquex.com/buki/0-tanken.php,https://draquex.com/buki/tanken-7-2.php,,1,"2026-03-12 00:35:58","2026-07-23 15:19:02"
122,sword_1h_7_4,聖なるナイフ,"Divine Dagger",,,,1,,"[""ゾンビ系にダメージ+10%""]",,,8,,2,,,,,inherit,3,7,ナイス！ナイフ！,グレン城・武器鍛冶ギルドのレシピ屋30G,ゾンビ系に強い聖なるチカラを宿したナイフ,片手剣,片手剣,1,"[{""count"": 1, ""item_id"": 749}, {""count"": 1, ""item_id"": 627}]","[[""60-72""], [""40-56""]]",https://draquex.com/buki/0-tanken.php,https://draquex.com/buki/tanken-7-1.php,,1,"2026-03-12 00:36:00","2026-07-23 15:19:02"
123,dagger_1,ブロンズナイフ,"Bronze Knife",,,,3,,"[""-""]",,,4,,1,,,,,inherit,1,1,はじめての武器鍛冶,グレン城・武器鍛冶ギルドのレシピ屋10G,銅で作られた小さなナイフ,短剣,短剣,1,"[{""count"": 1, ""item_id"": 749}]","[[""40-56""], [""40-56""]]",https://draquex.com/buki/0-tanken.php,https://draquex.com/buki/tanken-1-1.php,,1,"2026-03-12 00:36:02","2026-07-23 15:19:02"
124,spear_132,ミカヅチのやり,"Stormbolt Spear",,,,4,,"[""特技のダメージ+25"", ""武器ガード率+4.0%""]",,,347,,16,,,,,inherit,75,132,カミナリさまの民話集,はじまりの地のレシピ屋クツツ1000000G,"特技ダメージ増え 敵の攻撃も よく防ぐやり",ヤリ,ヤリ,1,"[{""count"": 30, ""item_id"": 705}, {""count"": 4, ""item_id"": 862}, {""count"": 20, ""item_id"": 819}, {""count"": 2, ""item_id"": 582}, {""count"": 9, ""item_id"": 729}]","[[""500-510""], [""220-229""], [""150-158""], [""340-350""]]",https://draquex.com/buki/0-yari.php,https://draquex.com/buki/yari-132-1.php,,74,"2026-03-12 00:36:07","2026-07-23 15:19:02"
125,spear_130,クロワランス,Croixlance,,,,4,,"[""攻撃系の特技の射程距離+1m"", ""行動時5%でスカラとピオラ""]",,,335,,16,,,,,inherit,75,130,レシピ入手方法,神都フォーリオンのレシピ屋1000000G,"特技の射程が伸び スカラとピオラも 期待できるやり",ヤリ,ヤリ,1,"[{""count"": 30, ""item_id"": 705}, {""count"": 3, ""item_id"": 550}, {""count"": 10, ""item_id"": 230}, {""count"": 30, ""item_id"": 819}, {""count"": 8, ""item_id"": 729}]","[[""290-300""], [""140-148""], [""370-380""], [""180-188""]]",https://draquex.com/buki/0-yari.php,https://draquex.com/buki/yari-130-1.php,,74,"2026-03-12 00:36:09","2026-07-23 15:19:02"
126,spear_128,ボーライドスピアー,"Bolide Spear",,,,4,,"[""かいしん率+3.0%"", ""会心時魔物にダメージ+100""]",,,323,,16,,,,,inherit,65,128,レシピ入手方法,神都フォーリオンのレシピ屋1000000G,"会心の一撃の 威力と確率が 強化されるやり",ヤリ,ヤリ,1,"[{""count"": 30, ""item_id"": 705}, {""count"": 10, ""item_id"": 754}, {""count"": 10, ""item_id"": 834}, {""count"": 16, ""item_id"": 835}, {""count"": 1, ""item_id"": 729}]","[[""250-259""], [""490-499""], [""216-225""], [""441-450""]]",https://draquex.com/buki/0-yari.php,https://draquex.com/buki/yari-128-1.php,,74,"2026-03-12 00:36:12","2026-07-23 15:19:02"
127,spear_125,カプリコルランス,"Capricor Lance",,,,4,,"[""行動時10%でバイシオン"", ""行動時10%でチャージ時間-10秒""]",,,311,,16,,,,,inherit,75,125,星座の導き・やぎ座,神都フォーリオンのレシピ屋1000000G,"行動時たまに バイシオンが 発動するやり",ヤリ,ヤリ,,"[{""count"": 30, ""item_id"": 705}, {""count"": 3, ""item_id"": 730}, {""count"": 20, ""item_id"": 787}, {""count"": 1, ""item_id"": 582}, {""count"": 8, ""item_id"": 729}]","[[""446-455""], [""258-266""], [""208-216""], [""312-321""]]",https://draquex.com/buki/0-yari.php,https://draquex.com/buki/yari-125-1.php,,74,"2026-03-12 00:36:14","2026-07-23 15:19:02"
128,spear_120,セーラスランス,"Selas Lance",,,,4,,"[""特技のダメージ+20"", ""武器ガード率+4.0%""]",,,299,,16,,,,,inherit,70,120,神光放つ槍の書,神都フォーリオンのレシピ屋1000000G,"特技ダメージ増え 敵の攻撃も よく防ぐやり",ヤリ,ヤリ,,"[{""count"": 30, ""item_id"": 799}, {""count"": 5, ""item_id"": 693}, {""count"": 5, ""item_id"": 747}, {""count"": 1, ""item_id"": 582}, {""count"": 8, ""item_id"": 729}]","[[""405-415""], [""200-208""], [""170-178""], [""285-295""]]",https://draquex.com/buki/0-yari.php,https://draquex.com/buki/yari-120-1.php,,74,"2026-03-12 00:36:16","2026-07-23 15:19:02"
129,spear_118,不死鳥のやり,"Phoenix Spear",,,,4,,"[""鳥系にダメージ+15%"", ""行動時10%でバイシオン""]",,,283,,16,,,,,inherit,70,118,よみがえる不死鳥,神都フォーリオンのレシピ屋1000000G,"行動時たまに バイシオンが発動 神鳥のやり",ヤリ,ヤリ,1,"[{""count"": 30, ""item_id"": 799}, {""count"": 3, ""item_id"": 616}, {""count"": 3, ""item_id"": 564}, {""count"": 30, ""item_id"": 702}, {""count"": 7, ""item_id"": 729}]","[[""300-310""], [""170-178""], [""170-178""], [""250-260""]]",https://draquex.com/buki/0-yari.php,https://draquex.com/buki/yari-118-1.php,,74,"2026-03-12 00:36:18","2026-07-23 15:19:02"
130,spear_115,輝天のやり,"Sky Spear",,,,4,,"[""雷の攻撃ダメージ+6.0%"", ""全ての攻撃ダメージ+3.0%""]",,,267,,16,,,,,inherit,65,115,雷強化のやり,砂の都ファラザードのレシピ屋1000000G,破壊力が強化され雷の攻撃の威力が特に上がるやり,ヤリ,ヤリ,1,"[{""count"": 5, ""item_id"": 799}, {""count"": 2, ""item_id"": 687}, {""count"": 5, ""item_id"": 554}, {""count"": 5, ""item_id"": 865}, {""count"": 10, ""item_id"": 879}]","[[""230-240""], [""400-410""], [""190-199""], [""200-208""]]",https://draquex.com/buki/0-yari.php,https://draquex.com/buki/yari-115-1.php,,74,"2026-03-12 00:36:20","2026-07-23 15:19:02"
131,spear_110,クアドラピアー,Quadraspear,,,,4,,"[""かいしん率+3.0%"", ""コマンド間隔-0.5秒""]",,,251,,16,,30,,,inherit,65,110,しっかり切れる四枚刃,砂の都ファラザードのレシピ屋50000G,行動時間を短縮し会心率も上げる四枚刃のやり,ヤリ,ヤリ,1,"[{""count"": 5, ""item_id"": 741}, {""count"": 1, ""item_id"": 759}, {""count"": 1, ""item_id"": 838}, {""count"": 5, ""item_id"": 881}, {""count"": 5, ""item_id"": 865}]","[[""444-454""], [""210-220""], [""210-220""], [""240-248""]]",https://draquex.com/buki/0-yari.php,https://draquex.com/buki/yari-110-1.php,,74,"2026-03-12 00:36:23","2026-07-23 15:19:02"
132,spear_108,オウマガトキ,"Twilight Spear",,,,4,,"[""行動時10%でバイシオン"", ""行動時10%でチャージ時間-10秒""]",,,236,,16,,,,,inherit,65,108,逢魔が時の魔物,王都キィンベルのレシピ屋50000G,行動時たまにバイシオンが発動するやり,ヤリ,ヤリ,1,"[{""count"": 5, ""item_id"": 741}, {""count"": 1, ""item_id"": 862}, {""count"": 5, ""item_id"": 754}, {""count"": 10, ""item_id"": 595}, {""count"": 5, ""item_id"": 865}]","[[""350-358""], [""170-180""], [""170-180""], [""290-300""]]",https://draquex.com/buki/0-yari.php,https://draquex.com/buki/yari-108-1.php,,74,"2026-03-12 00:36:25","2026-07-23 15:19:02"
133,spear_105,デンジャーランス,"Danger Lance",,,,4,,"[""特技のダメージ＋15"", ""武器ガード率+4.0%""]",,,222,,16,,,,,inherit,60,105,危険と隣り合わせのヤリ,王都キィンベルのレシピ屋50000G,特技で与えるダメージが上がり攻撃を防ぐやり,ヤリ,ヤリ,1,"[{""count"": 5, ""item_id"": 741}, {""count"": 1, ""item_id"": 644}, {""count"": 5, ""item_id"": 648}, {""count"": 10, ""item_id"": 595}, {""count"": 5, ""item_id"": 865}]","[[""374-384""], [""180-190""], [""180-190""], [""310-318 ""]]",https://draquex.com/buki/0-yari.php,https://draquex.com/buki/yari-105-1.php,,74,"2026-03-12 00:36:28","2026-07-23 15:19:02"
134,spear_100,星石のハルバード,"Meteorite Halberd",,,,4,,"[""コマンド間隔－0.5秒"", ""開戦時50%で聖女の守り""]",,,210,,16,,,,,inherit,45,100,星石に隠された秘密,王都キィンベルのレシピ屋40000G,行動時間を短縮し聖女の守りがかかりやすいやり,ヤリ,ヤリ,1,"[{""count"": 10, ""item_id"": 543}, {""count"": 2, ""item_id"": 711}, {""count"": 1, ""item_id"": 582}, {""count"": 30, ""item_id"": 821}, {""count"": 5, ""item_id"": 865}]","[[""280-288""], [""280-290""], [""214-224""], [""260-270""]]",https://draquex.com/buki/0-yari.php,https://draquex.com/buki/yari-100-1.php,,74,"2026-03-12 00:36:31","2026-07-23 15:19:02"
135,spear_99,神域のやり,"Mythic Spear",,,,4,,"[""武器ガード率＋4.0%"", ""行動時3%で聖女の守り""]",,,198,,15,,,,,inherit,44,99,ゴッドライクな槍作成,聖都エジャルナのレシピ屋40000G,聖女の守りがまれに発動し攻撃も防ぐやり,ヤリ,ヤリ,1,"[{""count"": 5, ""item_id"": 543}, {""count"": 1, ""item_id"": 703}, {""count"": 30, ""item_id"": 816}, {""count"": 20, ""item_id"": 531}, {""count"": 5, ""item_id"": 865}]","[[""260-272""], [""316-328""], [""229-237""], [""161-167""]]",https://draquex.com/buki/0-yari.php,https://draquex.com/buki/yari-99-1.php,,70,"2026-03-12 00:36:33","2026-07-23 15:19:02"
136,spear_96,轟雷のやり,"Thunder Spear",,,,4,,"[""雷の攻撃ダメージ＋5.0%"", ""全ての攻撃ダメージ+3.0%""]",,,188,,14,,,,,inherit,43,96,轟雷の兵法書,聖都エジャルナのレシピ屋40000G,敵に猛威をふるい雷の魔力を宿す異形のやり,ヤリ,ヤリ,1,"[{""count"": 5, ""item_id"": 543}, {""count"": 10, ""item_id"": 554}, {""count"": 30, ""item_id"": 535}, {""count"": 30, ""item_id"": 749}, {""count"": 5, ""item_id"": 865}]","[[""260-272""], [""318-330""], [""229-237""], [""161-167""]]",https://draquex.com/buki/0-yari.php,https://draquex.com/buki/yari-96-1.php,,66,"2026-03-12 00:36:35","2026-07-23 15:19:02"
137,spear_93,ガブリエルのやり,"Gabriel's Spear",,,,4,,"[""光属性攻撃"", ""武器ガード率+4.0%""]",,,167,,12,,,,,inherit,42,93,天界のあるきかた,聖都エジャルナのレシピ屋30000G,天使の守護を受け光の魔力で敵を滅ぼすやり,ヤリ,ヤリ,1,"[{""count"": 5, ""item_id"": 759}, {""count"": 5, ""item_id"": 735}, {""count"": 10, ""item_id"": 784}, {""count"": 1, ""item_id"": 582}, {""count"": 1, ""item_id"": 865}]","[[""244-252""], [""320-332""], [""200-206""], [""160-172""]]",https://draquex.com/buki/0-yari.php,https://draquex.com/buki/yari-93-1.php,,66,"2026-03-12 00:36:37","2026-07-23 15:19:02"
138,spear_90,タワーランス,"Tower Lance",,,,4,,"[""開戦時3%で必殺チャージ"", ""攻撃時10.0%でチャージ時間-10秒""]",,,159,,12,,,,,inherit,41,90,タワーランスガイダンス,聖都エジャルナのレシピ屋30000G,チャージ時間が時々短縮されるそびえ立つやり,ヤリ,ヤリ,1,"[{""count"": 5, ""item_id"": 759}, {""count"": 30, ""item_id"": 821}, {""count"": 30, ""item_id"": 840}, {""count"": 10, ""item_id"": 838}, {""count"": 5, ""item_id"": 865}]","[[""170-176""], [""235-247""], [""235-247""], [""200-208""]]",https://draquex.com/buki/0-yari.php,https://draquex.com/buki/yari-90-1.php,,62,"2026-03-12 00:36:39","2026-07-23 15:19:02"
139,spear_85,大鳳のやり,"Fenghuang Spear",,,,4,,"[""盾ガード完全無効"", ""武器ガード率+4.0%""]",3,,150,,12,,,,,inherit,40,85,大鳳の羽ばたき,真グランゼドーラ王国のレシピ屋30000G,相手の盾ガードを完全無効化する巨鳥のやり,ヤリ,ヤリ,1,"[{""count"": 3, ""item_id"": 759}, {""count"": 30, ""item_id"": 664}, {""count"": 1, ""item_id"": 611}, {""count"": 1, ""item_id"": 761}, {""count"": 5, ""item_id"": 865}]","[[""173-179""], [""193-201""], [""220-232""], [""250-262""]]",https://draquex.com/buki/0-yari.php,https://draquex.com/buki/yari-85-1.php,,57,"2026-03-12 00:36:41","2026-07-23 15:19:02"
140,spear_80,アテナの聖槍,"Sacred Spear",,,,4,,"[""武器ガード率+4.0%"", ""開戦時5%で聖女の守り""]",3,,145,,15,,,,,inherit,39,80,アテナの系譜,真グランゼドーラ王国のレシピ屋20000G,使い手を守護し聖なる守りを施す戦女神のやり,ヤリ,ヤリ,1,"[{""count"": 15, ""item_id"": 838}, {""count"": 20, ""item_id"": 784}, {""count"": 5, ""item_id"": 702}, {""count"": 1, ""item_id"": 761}, {""count"": 10, ""item_id"": 865}]","[[""160-172""], [""190-202""], [""209-217""], [""181-187""]]",https://draquex.com/buki/0-yari.php,https://draquex.com/buki/yari-80-2.php,,55,"2026-03-12 00:36:45","2026-07-23 15:19:02"
141,spear_80_2,ブラッドスピアー,"Barbarous Pole",,,,4,,"[""開戦時20%でバイシオン"", ""攻撃時4%でルカニ""]",,,142,,8,,,,,inherit,38,80,ブラッドヒストリー,真グランゼドーラ王国のレシピ屋20000G,開戦時時々バイシオンが発動する魔槍,ヤリ,ヤリ,1,"[{""count"": 15, ""item_id"": 838}, {""count"": 5, ""item_id"": 867}, {""count"": 10, ""item_id"": 536}, {""count"": 1, ""item_id"": 761}, {""count"": 10, ""item_id"": 865}]","[[""207-215""], [""240-252""], [""160-172""], [""185-191""]]",https://draquex.com/buki/0-yari.php,https://draquex.com/buki/yari-80-1.php,,55,"2026-03-12 00:36:47","2026-07-23 15:19:02"
142,spear_75,セラフィムのやり,"Seraph's Spear",,,,4,,"[""武器ガード率+4.0%"", ""開戦時5%天使の守り""]",3,,138,,15,,,,,inherit,37,75,セラフィムの歌,真グランゼドーラ王国のレシピ屋20000G,たまに開戦時天使の守りを授かる神聖なやり,ヤリ,ヤリ,1,"[{""count"": 10, ""item_id"": 838}, {""count"": 3, ""item_id"": 735}, {""count"": 3, ""item_id"": 702}, {""count"": 1, ""item_id"": 761}, {""count"": 10, ""item_id"": 865}]","[[""240-252""], [""160-172""], [""125-133""], [""175-181""]]",https://draquex.com/buki/0-yari.php,https://draquex.com/buki/yari-75-1.php,,55,"2026-03-12 00:36:51","2026-07-23 15:19:02"
143,spear_70,聖王のやり,"Dryspell Spear",,,,4,,"[""獣系にダメージ+10%"", ""武器ガード率+4.0%""]",2,,120,,15,,,,,inherit,36,70,聖王のやりの壁画,偽グランゼドーラ王国のレシピ屋20000G,武器ガードが出やすくなる獣系に強い聖槍,ヤリ,ヤリ,1,"[{""count"": 1, ""item_id"": 648}, {""name"": ""黄金の飾りやり"", ""count"": 1, ""item_id"": null}, {""count"": 3, ""item_id"": 835}, {""count"": 1, ""item_id"": 761}, {""count"": 5, ""item_id"": 865}]","[[""190-202""], [""220-232""], [""130-138""], [""160-166""]]",https://draquex.com/buki/0-yari.php,https://draquex.com/buki/yari-70-1.php,,55,"2026-03-12 00:36:53","2026-07-23 15:19:02"
144,spear_65,きしんのまそう,Poker,,,,4,,"[""盾ガード完全無効""]",,,100,,8,,,,,inherit,35,65,きしんのまそうの本,グレン城・武器鍛冶ギルドのレシピ屋10000G,どんな硬い盾をもさしつらぬく悪鬼も恐れるやり,ヤリ,ヤリ,1,"[{""count"": 10, ""item_id"": 594}, {""count"": 1, ""item_id"": 753}, {""count"": 5, ""item_id"": 791}, {""count"": 1, ""item_id"": 811}, {""count"": 10, ""item_id"": 865}]","[[""240-252""], [""190-198""], [""150-156""], [""100-112""]]",https://draquex.com/buki/0-yari.php,https://draquex.com/buki/yari-65-1.php,,54,"2026-03-12 00:36:55","2026-07-23 15:19:02"
145,spear_60,メタスラのやり,"Metal Slime Spear",,,,4,,"[""メタル系に+1ダメージ"", ""スライム系を攻撃時3%で魅了""]",,,85,,13,,,,,inherit,33,60,メタスラのやりのレシピ,グレン城・武器鍛冶ギルドのレシピ屋10000G,メタル系に強くスライム系の敵を魅了するやり,ヤリ,ヤリ,1,"[{""count"": 15, ""item_id"": 784}, {""count"": 30, ""item_id"": 845}, {""count"": 1, ""item_id"": 856}, {""count"": 1, ""item_id"": 865}]","[[""120-130""], [""170-185""], [""190-198""], [""150-155""]]",https://draquex.com/buki/0-yari.php,https://draquex.com/buki/yari-60-1.php,,47,"2026-03-12 00:36:57","2026-07-23 15:19:02"
146,spear_60_2,聖騎士のやり,"Paladin's Lance",,,,4,,"[""ゾンビ系にダメージ+7%"", ""悪魔系にダメージ+7%""]",,6,98,,20,,,,,inherit,34,60,聖騎士のやりの書,グレン城・武器鍛冶ギルドのレシピ屋10000G,ゾンビ系や悪魔系に強い荘厳なやり,ヤリ,ヤリ,1,"[{""count"": 3, ""item_id"": 703}, {""count"": 2, ""item_id"": 702}, {""count"": 1, ""item_id"": 639}, {""count"": 12, ""item_id"": 865}]","[[""220-230""], [""160-166""], [""144-156""], [""180-190""]]",https://draquex.com/buki/0-yari.php,https://draquex.com/buki/yari-60-2.php,,53,"2026-03-12 00:36:58","2026-07-23 15:19:02"
147,spear_50,オセアノススピア,"Full Fathom Fork",,,,4,,"[""水系を攻撃時3%で魅了""]",,,78,,10,,,,,inherit,30,50,オセアノスの祈り,グレン城・武器鍛冶ギルドのレシピ屋10000G,海神のチカラで水系の魔物を魅了するやり,ヤリ,ヤリ,1,"[{""count"": 10, ""item_id"": 816}, {""count"": 30, ""item_id"": 535}, {""count"": 1, ""item_id"": 782}, {""count"": 10, ""item_id"": 865}]","[[""160-170""], [""140-150""], [""100-108""], [""70-82""]]",https://draquex.com/buki/0-yari.php,https://draquex.com/buki/yari-50-1.php,,43,"2026-03-12 00:37:00","2026-07-23 15:19:02"
148,spear_50_2,えいゆうのやり,"Hero Spear",,,,4,,"[""攻撃ダメージの6.0%HPが回復""]",,,72,,17,,,,,inherit,31,50,えいゆうのやりの物語,グレン城・武器鍛冶ギルドのレシピ屋10000G,攻撃すると同時に自分も回復する壮麗なるやり,ヤリ,ヤリ,1,"[{""count"": 12, ""item_id"": 816}, {""count"": 2, ""item_id"": 702}, {""count"": 1, ""item_id"": 880}, {""count"": 10, ""item_id"": 865}]","[[""120-126""], [""160-170""], [""180-194""], [""100-108""]]",https://draquex.com/buki/0-yari.php,https://draquex.com/buki/yari-50-2.php,,43,"2026-03-12 00:37:03","2026-07-23 15:19:02"
149,spear_42,プラチナのやり,"Platinum Lance",,,,4,,"[""試合時のみダメージ+15%""]",,,59,,10,,,,,inherit,25,42,プラチナのやりの本,ヴェリナード城2階B-3王立調査団詰所の本棚,コロシアムで威力を発揮するプラチナ製のやり,ヤリ,ヤリ,1,"[{""count"": 4, ""item_id"": 816}, {""count"": 5, ""item_id"": 633}, {""count"": 1, ""item_id"": 531}, {""count"": 4, ""item_id"": 865}]","[[""130-136""], [""110-120""], [""60-74""], [""90-98""]]",https://draquex.com/buki/0-yari.php,https://draquex.com/buki/yari-42-1.php,,33,"2026-03-12 00:37:05","2026-07-23 15:19:02"
150,spear_42_2,らいじんのやり,"Storm Spear",,,,4,,"[""雷属性攻撃""]",,,62,,10,6,,,,inherit,27,42,らいじんのやりの作り方,グレン城・武器鍛冶ギルドのレシピ屋3000G,雷のちからを宿しすばやさも高める猛々しいやり,ヤリ,ヤリ,1,"[{""count"": 6, ""item_id"": 816}, {""count"": 1, ""item_id"": 554}, {""count"": 1, ""item_id"": 781}, {""count"": 6, ""item_id"": 865}]","[[""110-118""], [""170-180""], [""50-58""], [""80-94""]]",https://draquex.com/buki/0-yari.php,https://draquex.com/buki/yari-42-2.php,,33,"2026-03-12 00:37:07","2026-07-23 15:19:02"
151,spear_42_3,デーモンスピア,"Demon Spear",,,,4,,"[""攻撃時2%で急所を突く""]",,,65,,8,,,,,inherit,29,42,デーモンスピアの作り方,メギストリスの都のレシピ屋10000G,急所に当たれば一撃で命を奪う恐ろしいやり,ヤリ,ヤリ,1,"[{""count"": 8, ""item_id"": 816}, {""count"": 1, ""item_id"": 549}, {""count"": 1, ""item_id"": 810}, {""count"": 8, ""item_id"": 865}]","[[""100-108""], [""140-148""], [""75-92""], [""125-132""]]",https://draquex.com/buki/0-yari.php,https://draquex.com/buki/yari-42-3.php,,33,"2026-03-12 00:37:10","2026-07-23 15:19:02"
152,spear_35,パルチザン,Partisan,,,,4,,"[""-""]",,,46,,6,,,,,inherit,17,35,パルチザンとわたし,グレン城下町C-6民家の本棚,ほさきの左右に刃を付けた大型のやり,ヤリ,ヤリ,1,"[{""count"": 1, ""item_id"": 633}, {""count"": 1, ""item_id"": 675}, {""count"": 1, ""item_id"": 698}]","[[""70-78""], [""80-92""], [""100-106""], [""50-64""]]",https://draquex.com/buki/0-yari.php,https://draquex.com/buki/yari-35-1.php,,22,"2026-03-12 00:37:12","2026-07-23 15:19:02"
153,spear_35_2,さじんのやり,"Sandstorm Spear",,,,4,,"[""土属性攻撃"", ""戦いで使うと敵を幻惑させる""]",,,50,,6,,,,,inherit,20,35,さじんのやりのレシピ,バザーのみグレイトライドンがドロップする,土のチカラを宿し戦闘中に使うと敵を幻惑するやり,ヤリ,ヤリ,1,"[{""count"": 1, ""item_id"": 633}, {""count"": 1, ""item_id"": 845}, {""count"": 1, ""item_id"": 767}]","[[""60-66""], [""100-108""], [""100-114""], [""70-78""]]",https://draquex.com/buki/0-yari.php,https://draquex.com/buki/yari-35-2.php,,23,"2026-03-12 00:37:14","2026-07-23 15:19:02"
154,spear_35_3,グラコスのやり,"Gracos's Trident",,,,4,,"[""水系を攻撃時2%で魅了""]",,,53,,4,,,,,inherit,23,35,グラコスの日記,バザーのみずしおうまるがドロップする,水系の魔物をまれに魅了する海の魔神のやり,ヤリ,ヤリ,1,"[{""count"": 1, ""item_id"": 633}, {""count"": 1, ""item_id"": 667}, {""count"": 1, ""item_id"": 717}]","[[""130-136""], [""70-85""], [""100-108""], [""60-70""]]",https://draquex.com/buki/0-yari.php,https://draquex.com/buki/yari-35-3.php,,23,"2026-03-12 00:37:16","2026-07-23 15:19:02"
155,spear_28,いなずまのやり,"Lightning Lance",,,,4,,"[""雷属性攻撃""]",,,41,,5,4,,,,inherit,16,28,いなずまのやりのレシピ,バザーのみブルサベージがドロップする,雷のチカラを宿しすばやさも高める魔法のやり,ヤリ,ヤリ,1,"[{""count"": 1, ""item_id"": 633}, {""count"": 1, ""item_id"": 749}, {""count"": 1, ""item_id"": 698}]","[[""100-108""], [""40-50""], [""50-64""], [""80-88""]]",https://draquex.com/buki/0-yari.php,https://draquex.com/buki/yari-28-2.php,,20,"2026-03-12 00:37:18","2026-07-23 15:19:02"
156,spear_28_2,はがねのやり,"Steel Lance",,,,4,,"[""試合時のみダメージ+10%""]",,,37,,5,,,,,inherit,14,28,ヤリがいのある槍作り,グレン城・武器鍛冶ギルドのレシピ屋30G,コロシアムで威力を発揮するはがね製のやり,ヤリ,ヤリ,1,"[{""count"": 1, ""item_id"": 633}, {""count"": 1, ""item_id"": 749}, {""count"": 1, ""item_id"": 810}]","[[""40-48""], [""80-90""], [""70-86""], [""50-55""]]",https://draquex.com/buki/0-yari.php,https://draquex.com/buki/yari-28-1.php,,20,"2026-03-12 00:37:21","2026-07-23 15:19:02"
157,spear_21,ホーリーランス,"Holy Lance",,,,4,,"[""ゾンビ系にダメージ+10%""]",,,28,,4,,,,,inherit,10,21,ヤリがいのある槍作り,グレン城・武器鍛冶ギルドのレシピ屋30G,ゾンビ系に強い聖なるチカラが秘められたやり,ヤリ,ヤリ,1,"[{""count"": 3, ""item_id"": 732}, {""count"": 1, ""item_id"": 627}]","[[""60-70""], [""40-48""], [""30-40""], [""50-68""]]",https://draquex.com/buki/0-yari.php,https://draquex.com/buki/yari-21-1.php,,18,"2026-03-12 00:37:24","2026-07-23 15:19:02"
158,spear_21_2,バトルフォーク,"Battle Fork",,,,4,,"[""かいしん率+1.0%""]",,,32,,4,,,,,inherit,12,21,バトルフォークの本,バザーのみからくりしょうぐんがドロップする,会心の一撃が出やすくなる三つまたのやり,ヤリ,ヤリ,1,"[{""count"": 1, ""item_id"": 732}, {""count"": 1, ""item_id"": 670}]","[[""70-75""], [""60-68""], [""50-56""], [""30-40""]]",https://draquex.com/buki/0-yari.php,https://draquex.com/buki/yari-21-2.php,,17,"2026-03-12 00:37:26","2026-07-23 15:19:02"
159,spear_14,近衛兵のやり,"Praetorian Partisan",,,,4,,"[""-""]",,,23,,3,,,,,inherit,9,14,ヤリがいのある槍作り,グレン城・武器鍛冶ギルドのレシピ屋30G,お城を警備する近衛兵が使うかっこいいやり,ヤリ,ヤリ,1,"[{""count"": 1, ""item_id"": 732}, {""count"": 1, ""item_id"": 694}]","[[""50-58""], [""60-72""], [""25-35""], [""25-35""]]",https://draquex.com/buki/0-yari.php,https://draquex.com/buki/yari-14-2.php,,16,"2026-03-12 00:37:29","2026-07-23 15:19:02"
160,spear_14_2,てつのやり,"Iron Lance",,,,4,,"[""試合時のみダメージ+5%""]",,,19,,3,,,,,inherit,7,14,ヤリがいのある槍作り,グレン城・武器鍛冶ギルドのレシピ屋30G,コロシアムで威力を発揮する鉄製のやり,ヤリ,ヤリ,1,"[{""count"": 3, ""item_id"": 732}, {""count"": 1, ""item_id"": 749}]","[[""50-64""], [""40-54""], [""30-40""], [""20-32""]]",https://draquex.com/buki/0-yari.php,https://draquex.com/buki/yari-14-1.php,,16,"2026-03-12 00:37:31","2026-07-23 15:19:02"
161,spear_7,ロングスピア,"Long Spear",,,,4,,"[""-""]",,,14,,2,,,,,inherit,5,7,ヤリがいのある槍作り,グレン城・武器鍛冶ギルドのレシピ屋30G,長くてじょうぶな大型のやり,ヤリ,ヤリ,1,"[{""count"": 1, ""item_id"": 732}, {""count"": 1, ""item_id"": 698}]","[[""40-52""], [""30-40""], [""30-40""], [""20-36""]]",https://draquex.com/buki/0-yari.php,https://draquex.com/buki/yari-7-2.php,,13,"2026-03-12 00:37:33","2026-07-23 15:19:02"
162,sword_1h_7_5,せいどうのやり,"Bronze Lance",,,,1,,"[""-""]",,,10,,1,,,,,inherit,3,7,ヤリがいのある槍作り,グレン城・武器鍛冶ギルドのレシピ屋30G,青銅で作られた一般的なやり,片手剣,片手剣,1,"[{""count"": 1, ""item_id"": 749}, {""count"": 1, ""item_id"": 732}]","[[""28-44""], [""24-44""], [""30-44""], [""30-46""]]",https://draquex.com/buki/0-yari.php,https://draquex.com/buki/yari-7-1.php,,13,"2026-03-12 00:37:36","2026-07-23 15:19:02"
163,spear_1,たけやり,"Bamboo Spear",,,,4,,"[""-""]",,,6,,1,,,,,inherit,,1,レシピ入手方法,-,そこらに生えてる竹を切っただけのシンプルなやり,ヤリ,ヤリ,,[],,https://draquex.com/buki/0-yari.php,https://draquex.com/buki/yari-1-1.php,,12,"2026-03-12 00:37:38","2026-07-23 15:19:02"
164,axe_132,セレーネアックス,"Serenity Slicer",,,,5,,"[""全てのダメージ+4.0%"", ""攻撃時5%でヘナトス""]",13,,404,,16,,45,,,inherit,75,132,月女神の神話,はじまりの地のレシピ屋クツツ1000000G,"すべての攻撃の ダメージが増す 三日月型のオノ",オノ,オノ,2,"[{""count"": 30, ""item_id"": 705}, {""count"": 4, ""item_id"": 603}, {""count"": 4, ""item_id"": 876}, {""count"": 2, ""item_id"": 569}, {""count"": 9, ""item_id"": 729}]","[["""", """"], ["""", """"], ["""", """"], ["""", """"]]",https://draquex.com/buki/0-ono.php,https://draquex.com/buki/ono-132-1.php,,67,"2026-03-12 00:37:42","2026-07-23 15:19:02"
165,axe_130,一刀星断,Starsplitter,,,,5,,"[""行動時5%でチャージ時間-10秒"", ""行動時5%でこうげき力+60""]",13,,389,,16,,45,,,inherit,75,130,レシピ入手方法,神都フォーリオンのレシピ屋1000000G,"行動時まれに チャージ時間短縮 攻撃も上がるオノ",オノ,オノ,2,"[{""count"": 30, ""item_id"": 705}, {""count"": 6, ""item_id"": 703}, {""count"": 5, ""item_id"": 658}, {""count"": 20, ""item_id"": 754}, {""count"": 8, ""item_id"": 729}]","[[""85-93"", ""260-268""], [""310-318"", ""85-93""], [""170-178"", """"], [""230-237"", """"]]",https://draquex.com/buki/0-ono.php,https://draquex.com/buki/ono-130-1.php,,67,"2026-03-12 00:37:45","2026-07-23 15:19:02"
166,axe_128,レラージェアックス,"Leraje Axe",,,,5,,"[""必殺チャージ率+1%"", ""行動時5%できようさ+60""]",13,,374,,16,,45,,,inherit,65,128,レシピ入手方法,神都フォーリオンのレシピ屋1000000G,"行動時まれに きようさが大きく 上がるオノ",オノ,オノ,2,"[{""count"": 30, ""item_id"": 705}, {""count"": 6, ""item_id"": 644}, {""count"": 20, ""item_id"": 819}, {""count"": 1, ""item_id"": 569}, {""count"": 1, ""item_id"": 729}]","[[""100-108"", ""310-319""], [""210-219"", ""160-168""], [""120-128"", """"], [""250-258"", """"]]",https://draquex.com/buki/0-ono.php,https://draquex.com/buki/ono-128-1.php,,67,"2026-03-12 00:37:48","2026-07-23 15:19:02"
167,axe_125,残月の玉斧,"Morning Moon Axe",,,,5,,"[""全ての攻撃時5.0%でためる"", ""テンション時魔物にダメージ+300""]",13,,359,,16,,45,,,inherit,75,125,明け方に浮かぶ月,神都フォーリオンのレシピ屋1000000G,"攻撃時ためやすく テンション高いと ダメージ増すオノ",オノ,オノ,,"[{""count"": 30, ""item_id"": 705}, {""count"": 3, ""item_id"": 883}, {""count"": 30, ""item_id"": 230}, {""count"": 5, ""item_id"": 658}, {""count"": 8, ""item_id"": 729}]","[[""324-332"", ""221-229""], [""225-233"", ""320-328""], [""112-120"", """"], [""112-120"", """"]]",https://draquex.com/buki/0-ono.php,https://draquex.com/buki/ono-125-1.php,,67,"2026-03-12 00:37:50","2026-07-23 15:19:02"
168,axe_120,セーラスアックス,"Selas Axe",,,,5,,"[""攻撃時25%でルカニ"", ""ルカニ時魔物にダメージ+50""]",12,,344,,16,,40,,,inherit,70,120,神光放つ斧の書,神都フォーリオンのレシピ屋1000000G,"攻撃時ルカニ発動 成功すると与える ダメージが増す斧",オノ,オノ,,"[{""count"": 30, ""item_id"": 799}, {""count"": 5, ""item_id"": 649}, {""count"": 5, ""item_id"": 856}, {""count"": 1, ""item_id"": 569}, {""count"": 8, ""item_id"": 729}]",,https://draquex.com/buki/0-ono.php,https://draquex.com/buki/ono-120-1.php,,67,"2026-03-12 00:37:52","2026-07-23 15:19:02"
169,axe_118,翼神のオノ,"Winged God Axe",,,,5,,"[""全ての攻撃ダメージ+4.0%"", ""攻撃時5%でヘナトス""]",12,,329,,16,,40,,,inherit,70,118,羽ばたく翼神,神都フォーリオンのレシピ屋1000000G,"すべての攻撃の ダメージが増す 羽ばたくオノ",オノ,オノ,2,"[{""count"": 30, ""item_id"": 799}, {""count"": 5, ""item_id"": 711}, {""count"": 5, ""item_id"": 611}, {""count"": 1, ""item_id"": 569}, {""count"": 7, ""item_id"": 729}]","[[""250-258"", ""170-179""], [""170-179"", ""250-258""], [""80-88"", """"], [""80-88"", """"]]",https://draquex.com/buki/0-ono.php,https://draquex.com/buki/ono-118-1.php,,67,"2026-03-12 00:37:54","2026-07-23 15:19:02"
170,axe_115,輝天のオノ,"Sky Axe",,,,5,,"[""かいしん率+3.0%"", ""攻撃ダメージの2.0%HPが回復""]",11,,314,,16,,40,,,inherit,65,115,使い手をいやすオノ,砂の都ファラザードのレシピ屋1000000G,攻撃時ＨＰ回復し会心率も上がるかがやきのオノ,オノ,オノ,2,"[{""count"": 5, ""item_id"": 799}, {""count"": 2, ""item_id"": 703}, {""count"": 5, ""item_id"": 865}, {""count"": 5, ""item_id"": 702}, {""count"": 10, ""item_id"": 717}]","[[""235-243"", ""130-140""], [""130-140"", ""235-243""], [""80-87"", null], [""80-87"", null]]",https://draquex.com/buki/0-ono.php,https://draquex.com/buki/ono-115-1.php,,67,"2026-03-12 00:37:56","2026-07-23 15:19:02"
171,axe_110,エキサイトアクス,"Excite Axe",,,,5,,"[""全ての攻撃時5.0%でためる"", ""行動時5%でテンション消費なし""]",11,,295,,16,,,,,inherit,65,110,オノでエキサイト,砂の都ファラザードのレシピ屋50000G,攻撃時ためやすくテンションも維持しやすいオノ,オノ,オノ,2,"[{""count"": 5, ""item_id"": 741}, {""name"": ""幻獣の骨"", ""count"": 1, ""item_id"": null}, {""count"": 1, ""item_id"": 595}, {""count"": 5, ""item_id"": 731}, {""count"": 5, ""item_id"": 865}]","[[""180-188"", ""250-260""], [""180-188"", ""250-260""], [""100-108"", """"], [""100-108"", """"]]",https://draquex.com/buki/0-ono.php,https://draquex.com/buki/ono-110-1.php,,67,"2026-03-12 00:37:58","2026-07-23 15:19:02"
172,axe_108,破天の麗斧,"Skyrend Axe",,,,5,,"[""全ての攻撃ダメージ+4.0%"", ""攻撃時5%でヘナトス""]",,,268,,16,,,,,inherit,65,108,天を破るオノ,王都キィンベルのレシピ屋50000G,破壊力が強化されまれに敵の攻撃も低下させるオノ,オノ,オノ,2,"[{""count"": 5, ""item_id"": 741}, {""count"": 2, ""item_id"": 564}, {""name"": ""幻獣の骨"", ""count"": 2, ""item_id"": null}, {""count"": 10, ""item_id"": 633}, {""count"": 5, ""item_id"": 865}]","[[""210-218"", ""170-180""], [""170-180"", ""210-28""], [""120-128"", """"], [""140-149"", """"]]",https://draquex.com/buki/0-ono.php,https://draquex.com/buki/ono-108-1.php,,66,"2026-03-12 00:38:01","2026-07-23 15:19:02"
173,axe_105,戦乱のオノ,"War Axe",,,,5,,"[""行動時10%でバイシオン"", ""死亡時50.0%でこうげき力上昇が消えない""]",,,241,,16,,,,,inherit,60,105,戦乱血風録,王都キィンベルのレシピ屋50000G,バイシオンがたまに発動し死亡時も残るオノ,オノ,オノ,2,"[{""count"": 5, ""item_id"": 741}, {""count"": 1, ""item_id"": 883}, {""count"": 1, ""item_id"": 569}, {""count"": 10, ""item_id"": 784}, {""count"": 5, ""item_id"": 865}]","[[""155-165"", ""210-218""], [""152-162"", ""210-218""], [""140-148"", """"], [""140-149"", """"]]",https://draquex.com/buki/0-ono.php,https://draquex.com/buki/ono-105-1.php,,65,"2026-03-12 00:38:03","2026-07-23 15:19:02"
174,axe_100,ボルテージアックス,"Voltage Axe",,,,5,,"[""行動時10%でテンションアップ"", ""3.0%でターン消費なし""]",10,,228,,15,,,,,inherit,45,100,赤裸々ボルテージ日誌,王都キィンベルのレシピ屋40000G,チカラをためてまれにターンを消費しないオノ,オノ,オノ,2,"[{""count"": 10, ""item_id"": 543}, {""count"": 1, ""item_id"": 564}, {""count"": 5, ""item_id"": 648}, {""count"": 10, ""item_id"": 633}, {""count"": 5, ""item_id"": 865}]","[[""150-160"", ""200-208""], [""190-198"", ""170-178""], [""152-160"", """"], [""125-136"", """"]]",https://draquex.com/buki/0-ono.php,https://draquex.com/buki/ono-100-1.php,,65,"2026-03-12 00:38:05","2026-07-23 15:19:02"
175,axe_99,神域のオノ,"Mythic Axe",,,,5,,"[""全ての攻撃ダメージ+3.0%"", ""共鳴のテンションアップ+5.0%""]",10,,215,,15,,,,,inherit,44,99,ゴッドライクなオノ作成,聖都エジャルナのレシピ屋40000G,破壊力が強化されテンションが共鳴しやすいオノ,オノ,オノ,2,"[{""count"": 5, ""item_id"": 543}, {""count"": 30, ""item_id"": 784}, {""count"": 10, ""item_id"": 661}, {""count"": 20, ""item_id"": 810}, {""count"": 5, ""item_id"": 865}]","[[""190-201"", ""182-192""], [""150-160"", ""212-218""], [""158-164"", """"], [""120-130"", """"]]",https://draquex.com/buki/0-ono.php,https://draquex.com/buki/ono-99-1.php,,60,"2026-03-12 00:38:07","2026-07-23 15:19:02"
176,axe_96,ガイアのオノ,"Gaia's Axe",,,,5,,"[""攻撃時4%でヘナトス"", ""攻撃ダメージの6.0%HPが回復""]",10,,200,,15,,,,,inherit,43,96,ガイアファンタジア,聖都エジャルナのレシピ屋40000G,攻撃時に敵のHPを少し奪い攻撃力を下げるオノ,オノ,オノ,2,"[{""count"": 5, ""item_id"": 543}, {""count"": 1, ""item_id"": 711}, {""count"": 10, ""item_id"": 819}, {""count"": 30, ""item_id"": 840}, {""count"": 5, ""item_id"": 865}]","[[""140-146"", ""170-181""], [""140-146"", ""214-224""], [""108-118"", """"], [""108-118"", """"]]",https://draquex.com/buki/0-ono.php,https://draquex.com/buki/ono-96-1.php,,55,"2026-03-12 00:38:10","2026-07-23 15:19:02"
177,axe_93,ヘカトンケイル,Hecatoncheir,,,,5,,"[""全ての攻撃ダメージ+3.0%"", ""MP消費しない率+10.0%""]",,,168,,15,,,,,inherit,42,93,百手巨人の手も借りたい,聖都エジャルナのレシピ屋30000G,敵に猛威をふるいMPの消費を抑える青金石のオノ,オノ,オノ,2,"[{""count"": 5, ""item_id"": 759}, {""count"": 1, ""item_id"": 648}, {""count"": 10, ""item_id"": 531}, {""count"": 5, ""item_id"": 661}, {""count"": 5, ""item_id"": 865}]","[[""105-115"", ""135-141""], [""135-141"", ""222-232""], [""180-191"", """"], [""105-115"", """"]]",https://draquex.com/buki/0-ono.php,https://draquex.com/buki/ono-93-1.php,,44,"2026-03-12 00:38:12","2026-07-23 15:19:02"
178,axe_90,イビルアックス,"Axe of Evil",,,,5,,"[""敵を倒すと5%でためる"", ""かいしん率+1.2%""]",,,162,,15,,,,,inherit,41,90,イビルアックスミックス,聖都エジャルナのレシピ屋30000G,敵を倒すと喜びテンション上がる不気味なオノ,オノ,オノ,2,"[{""count"": 5, ""item_id"": 759}, {""count"": 30, ""item_id"": 751}, {""count"": 30, ""item_id"": 549}, {""count"": 10, ""item_id"": 879}, {""count"": 5, ""item_id"": 865}]","[[""125-131"", ""188-198""], [""125-131"", ""188-198""], [""155-165"", """"], [""99-110"", """"]]",https://draquex.com/buki/0-ono.php,https://draquex.com/buki/ono-90-1.php,,44,"2026-03-12 00:38:14","2026-07-23 15:19:02"
179,axe_85,グローリーアックス,"Great Axe",,,,5,,"[""マシン系にダメージ+10%"", ""MP消費しない率+4.0%""]",,,156,,15,,,,,inherit,40,85,栄光の王斧の本,真グランゼドーラ王国のレシピ屋30000G,マシン系に強く魔力を節約できる威厳に満ちたオノ,オノ,オノ,2,"[{""count"": 3, ""item_id"": 759}, {""count"": 10, ""item_id"": 784}, {""count"": 1, ""item_id"": 569}, {""count"": 1, ""item_id"": 761}, {""count"": 5, ""item_id"": 865}]","[[""130-136"", ""160-171""], [""130-136"", ""200-210""], [""108-118"", """"], [""108-118"", """"]]",https://draquex.com/buki/0-ono.php,https://draquex.com/buki/ono-85-1.php,,44,"2026-03-12 00:38:16","2026-07-23 15:19:02"
180,axe_80,ヴァランガアックス,"Valanga Axe",,,,5,,"[""氷属性攻撃"", ""攻撃時2%でマヒ""]",,,150,,10,,,,,inherit,39,80,峡谷のヴァランガ,真グランゼドーラ王国のレシピ屋20000G,氷の魔力でまれに敵をマヒさせる絶対零度のオノ,オノ,オノ,2,"[{""count"": 15, ""item_id"": 838}, {""count"": 30, ""item_id"": 671}, {""count"": 30, ""item_id"": 652}, {""count"": 1, ""item_id"": 761}, {""count"": 10, ""item_id"": 865}]","[[""100-110"", ""120-126""], [""120-126"", ""177-187""], [""160-171"", """"], [""100-110"", """"]]",https://draquex.com/buki/0-ono.php,https://draquex.com/buki/ono-80-2.php,,44,"2026-03-12 00:38:19","2026-07-23 15:19:02"
181,axe_80_2,デュークアックス,"Aristocrat's Axe",,,,5,,"[""悪魔系にダメージ+10%"", ""MP消費しない率+4.0%""]",,10,146,,15,,,,,inherit,38,80,デュークアックス戦記,真グランゼドーラ王国のレシピ屋20000G,悪魔系に強く魔力を節約できる不思議なオノ,オノ,オノ,2,"[{""count"": 15, ""item_id"": 838}, {""count"": 5, ""item_id"": 819}, {""count"": 20, ""item_id"": 595}, {""count"": 1, ""item_id"": 761}, {""count"": 10, ""item_id"": 865}]","[[""120-130"", ""120-130""], [""120-130"", ""120-130""], [""90-96"", """"], [""150-156"", """"]]",https://draquex.com/buki/0-ono.php,https://draquex.com/buki/ono-80-1.php,,44,"2026-03-12 00:38:21","2026-07-23 15:19:02"
182,axe_75,アポロンのオノ,"Apollo's Axe",,,,5,,"[""炎属性攻撃"", ""光属性攻撃""]",2,,142,,12,,,,,inherit,37,75,太陽の斧を求めて,真グランゼドーラ王国のレシピ屋20000G,太陽神の加護で炎と光の属性をあわせ持つオノ,オノ,オノ,2,"[{""count"": 10, ""item_id"": 838}, {""count"": 20, ""item_id"": 863}, {""count"": 20, ""item_id"": 784}, {""count"": 1, ""item_id"": 761}, {""count"": 10, ""item_id"": 865}]","[[""130-142"", ""130-142""], [""110-116"", ""110-116""], [""105-114"", """"], [""150-158"", """"]]",https://draquex.com/buki/0-ono.php,https://draquex.com/buki/ono-75-1.php,,44,"2026-03-12 00:38:23","2026-07-23 15:19:02"
183,axe_70,聖王のオノ,"Dryspell Axe",,,,5,,"[""植物系にダメージ+10%""]",2,4,124,,14,,,,,inherit,36,70,聖王のオノの壁画,偽グランゼドーラ王国のレシピ屋20000G,聖なる力を秘めた植物系の敵を断ち切るオノ,オノ,オノ,2,"[{""count"": 5, ""item_id"": 838}, {""count"": 1, ""item_id"": 569}, {""count"": 5, ""item_id"": 595}, {""count"": 1, ""item_id"": 761}, {""count"": 5, ""item_id"": 865}]","[[""100-110"", ""120-126""], [""120-126"", ""100-110""], [""100-110"", """"], [""160-171"", """"]]",https://draquex.com/buki/0-ono.php,https://draquex.com/buki/ono-70-1.php,,44,"2026-03-12 00:38:25","2026-07-23 15:19:02"
184,axe_65,ふんさいのおおなた,"Heavy Hatchet",,,,5,,"[""物質系にダメージ+10%"", ""マシン系にダメージ+10%""]",,,105,,6,,,,,inherit,35,65,ふんさいのおおなたの書,グレン城・武器鍛冶ギルドのレシピ屋10000G,マシン系や物質系に強い凶悪なオノ,オノ,オノ,2,"[{""count"": 4, ""item_id"": 805}, {""count"": 10, ""item_id"": 596}, {""count"": 10, ""item_id"": 595}, {""count"": 1, ""item_id"": 639}, {""count"": 10, ""item_id"": 865}]","[[""90-96"", ""90-100""], [""150-156"", ""120-128""], [""218-232"", """"], [""80-89"", """"]]",https://draquex.com/buki/0-ono.php,https://draquex.com/buki/ono-65-1.php,,43,"2026-03-12 00:38:28","2026-07-23 15:19:02"
185,axe_60,はしゃのオノ,"Conqueror's Axe",,,,5,,"[""怪人系にダメージ+10%""]",,,88,,10,,,,,inherit,33,60,はしゃのオノの書,グレン城・武器鍛冶ギルドのレシピ屋10000G,怪人系の敵に強い鬼神のの王をかたどったオノ,オノ,オノ,2,"[{""count"": 1, ""item_id"": 649}, {""count"": 5, ""item_id"": 597}, {""count"": 1, ""item_id"": 782}, {""count"": 12, ""item_id"": 865}]","[[""88-100"", ""88-100""], [""100-105"", ""130-136""], [""150-160"", """"], [""74-87"", """"]]",https://draquex.com/buki/0-ono.php,https://draquex.com/buki/ono-60-1.php,,42,"2026-03-12 00:38:30","2026-07-23 15:19:02"
186,axe_60_2,グレートアックス,"Bad Axe",,,,5,,"[""-""]",,6,100,,16,,,,,inherit,34,60,グレートアックスの本,グレン城・武器鍛冶ギルドのレシピ屋10000G,最大MPを高め見た目もイケてるグレートなオノ,オノ,オノ,2,"[{""count"": 15, ""item_id"": 821}, {""count"": 30, ""item_id"": 716}, {""count"": 1, ""item_id"": 811}, {""count"": 12, ""item_id"": 865}]","[[""80-89"", ""170-180""], [""130-138"", ""102-112""], [""100-106"", """"], [""90-100"", """"]]",https://draquex.com/buki/0-ono.php,https://draquex.com/buki/ono-60-2.php,,42,"2026-03-12 00:38:32","2026-07-23 15:19:02"
187,axe_50,カイザーアックス,"Kaiser Axe",,,,5,,"[""-""]",,5,82,,13,,,,,inherit,30,50,カイザーアックスの本,グレン城・武器鍛冶ギルドのレシピ屋10000G,最大MPを高めるルーンが刻まれた豪華なオノ,オノ,オノ,2,"[{""count"": 10, ""item_id"": 816}, {""count"": 1, ""item_id"": 649}, {""count"": 1, ""item_id"": 639}, {""count"": 10, ""item_id"": 865}]","[[""65-75"", ""84-93""], [""97-110"", ""63-70""], [""80-85"", """"], [""67-77"", """"]]",https://draquex.com/buki/0-ono.php,https://draquex.com/buki/ono-50-1.php,,33,"2026-03-12 00:38:35","2026-07-23 15:19:02"
188,axe_50_2,デストロイヤー,Obliteratoriser,,,,5,,"[""マシン系にダメージ+10%"", ""かいしん率+1.0%""]",,,85,,10,,,,,inherit,33,50,破壊のオノの作り方,グレン城・武器鍛冶ギルドのレシピ屋10000G,マシン系に強く会心確率も上がる破壊を招くオノ,オノ,オノ,2,"[{""count"": 12, ""item_id"": 816}, {""count"": 30, ""item_id"": 881}, {""count"": 1, ""item_id"": 552}, {""count"": 10, ""item_id"": 865}]","[[""130-135"", ""80-90""], [""110-120"", ""90-96""], [""80-88"", """"], [""70-84"", """"]]",https://draquex.com/buki/0-ono.php,https://draquex.com/buki/ono-50-2.php,,33,"2026-03-12 00:38:37","2026-07-23 15:19:02"
189,axe_42,エクリプスアックス,"Eclipse Axe",,,,5,,"[""攻撃時3%で混乱""]",,,62,,8,,,,,inherit,26,42,エクリプスアックスの本,"ドルワーム水晶宮 2階 E-1 研究室入って左から3つ目の本棚",斬りつけた敵を日食の妖力で混乱させるオノ,オノ,オノ,2,"[{""count"": 4, ""item_id"": 816}, {""count"": 1, ""item_id"": 807}, {""count"": 1, ""item_id"": 868}, {""count"": 4, ""item_id"": 865}]","[[""90-98"", ""90-98""], [""52-64"", ""32-45""], [""40-48"", """"], [""80-88"", """"]]",https://draquex.com/buki/0-ono.php,https://draquex.com/buki/ono-42-1.php,,27,"2026-03-12 00:38:39","2026-07-23 15:19:02"
190,axe_42_2,シャーマンアックス,"Heedoovoodoo Axe",,,,5,,"[""試合時のみダメージ+15%""]",,,66,,8,,,,,inherit,28,42,シャーマンアックスの書,グレン城・武器鍛冶ギルドのレシピ屋3000G,コロシアムで威力を発揮するまがまがしいオノ,オノ,オノ,2,"[{""count"": 6, ""item_id"": 816}, {""count"": 1, ""item_id"": 703}, {""count"": 1, ""item_id"": 781}, {""count"": 6, ""item_id"": 865}]","[[""57-67"", ""57-67""], [""97-110"", ""77-86""], [""47-60"", """"], [""80-85"", """"]]",https://draquex.com/buki/0-ono.php,https://draquex.com/buki/ono-42-2.php,,27,"2026-03-12 00:38:41","2026-07-23 15:19:02"
191,axe_42_3,ふぶきのオノ,"Ice Axe",,,,5,,"[""氷属性攻撃""]",,,70,,8,,,,,inherit,30,42,ふぶきのオノの作り方,メギストリスの都のレシピ屋10000G,こごえるような氷の魔力を秘めた魔法のオノ,オノ,オノ,2,"[{""count"": 8, ""item_id"": 816}, {""count"": 3, ""item_id"": 653}, {""count"": 1, ""item_id"": 810}, {""count"": 8, ""item_id"": 865}]","[[""60-68"", ""92-102""], [""92-102"", ""60-68""], [""60-68"", """"], [""92-102"", """"]]",https://draquex.com/buki/0-ono.php,https://draquex.com/buki/ono-42-3.php,,27,"2026-03-12 00:38:43","2026-07-23 15:19:02"
192,axe_35,ムーンアックス,"Moon Axe",,,,5,,"[""攻撃時2%で混乱""]",,,50,,7,,,,,inherit,18,35,ムーンアックスの謎,岳都ガタラB-5民家の本棚,斬りつけた敵を月光の魔力で混乱させるオノ,オノ,オノ,2,"[{""count"": 1, ""item_id"": 633}, {""count"": 1, ""item_id"": 749}, {""count"": 1, ""item_id"": 551}]","[[""52-60"", ""50-60""], [""36-48"", ""58-70""], [""36-48"", """"], [""70-75"", """"]]",https://draquex.com/buki/0-ono.php,https://draquex.com/buki/ono-35-1.php,,21,"2026-03-12 00:38:45","2026-07-23 15:19:02"
193,axe_35_2,たつじんのオノ,"Pro's Axe",,,,5,,"[""植物系にダメージ+10%""]",,,54,,6,,,,,inherit,21,35,たつじんのオノの本,バザーのみセルゲイナスがドロップする,きこりの名人が愛用するという植物系に強いオノ,オノ,オノ,2,"[{""count"": 1, ""item_id"": 633}, {""count"": 1, ""item_id"": 749}, {""count"": 1, ""item_id"": 699}]","[[""76-82"", ""76-82""], [""50-58"", ""40-52""], [""40-54"", """"], [""50-62"", """"]]",https://draquex.com/buki/0-ono.php,https://draquex.com/buki/ono-35-2.php,,20,"2026-03-12 00:38:47","2026-07-23 15:19:02"
194,axe_35_3,キングアックス,"King Axe",,,,5,,"[""-""]",,5,58,,7,,,,,inherit,24,35,キングアックスの書,バザーのみヒッポキングがドロップする,最大MPを高めるルーンが刻まれた強力なオノ,オノ,オノ,2,"[{""count"": 1, ""item_id"": 633}, {""count"": 1, ""item_id"": 643}, {""count"": 1, ""item_id"": 749}]","[[""50-58"", ""50-58""], [""80-90"", ""80-90""], [""60-70"", """"], [""40-52"", """"]]",https://draquex.com/buki/0-ono.php,https://draquex.com/buki/ono-35-3.php,,21,"2026-03-12 00:38:51","2026-07-23 15:19:02"
195,axe_28,カルサドラアックス,"Calsadora Axe",,,,5,,"[""マシン系にダメージ+10%""]",,,46,,5,,,,,inherit,16,28,カルサドラアックスの書,バザーのみヒポせんしがドロップする,マシン系の敵に特に効果がある重厚なオノ,オノ,オノ,2,"[{""count"": 1, ""item_id"": 633}, {""count"": 1, ""item_id"": 863}, {""count"": 1, ""item_id"": 638}]","[[""50-60"", ""32-40""], [""70-76"", ""40-52""], [""32-46"", """"], [""48-60"", """"]]",https://draquex.com/buki/0-ono.php,https://draquex.com/buki/ono-28-2.php,,19,"2026-03-12 00:38:53","2026-07-23 15:19:02"
196,axe_28_2,はがねのオノ,"Steel Axe",,,,5,,"[""試合時のみダメージ+10%""]",,,42,,5,,,,,inherit,15,28,オノ作り入門編,グレン城・武器鍛冶ギルドのレシピ屋30G,コロシアムで威力を発揮するはがね製のオノ,オノ,オノ,2,"[{""count"": 1, ""item_id"": 633}, {""count"": 1, ""item_id"": 749}, {""count"": 1, ""item_id"": 879}]","[[""30-40"", ""66-70""], [""40-48"", ""40-48""], [""26-36"", """"], [""38-48"", """"]]",https://draquex.com/buki/0-ono.php,https://draquex.com/buki/ono-28-1.php,,18,"2026-03-12 00:38:56","2026-07-23 15:19:02"
197,axe_21,シルバーアックス,"Silver Axe",,,,5,,"[""-""]",,,32,,4,,,,,inherit,11,21,オノ作り入門編,グレン城・武器鍛冶ギルドのレシピ屋30G,白くかがやく銀で作られた両刃のオノ,オノ,オノ,2,"[{""count"": 1, ""item_id"": 633}, {""count"": 2, ""item_id"": 732}]","[[""30-40"", ""30-38""], [""50-56"", ""25-35""], [""30-40"", """"], [""20-35"", """"]]",https://draquex.com/buki/0-ono.php,https://draquex.com/buki/ono-21-1.php,,15,"2026-03-12 00:38:59","2026-07-23 15:19:02"
198,axe_21_2,バトルアックス,"Battle Axe",,,,5,,"[""-""]",,,37,,3,,,,,inherit,13,21,バトルアックス作成術,バザーのみライノスキングがドロップする,戦うために作られたするどいオノ,オノ,オノ,2,"[{""count"": 1, ""item_id"": 633}, {""count"": 1, ""item_id"": 749}]","[[""30-40"", ""50-55""], [""26-40"", ""30-40""], [""50-55"", """"], [""26-40"", """"]]",https://draquex.com/buki/0-ono.php,https://draquex.com/buki/ono-21-2.php,,16,"2026-03-12 00:39:01","2026-07-23 15:19:02"
199,axe_14,ライトアックス,"Light Axe",,,,5,,"[""植物系にダメージ+10%""]",,,27,,2,,,,,inherit,9,14,オノ作り入門編,グレン城・武器鍛冶ギルドのレシピ屋30G,植物系の敵に強くあつかいやすい軽量のオノ,オノ,オノ,2,"[{""count"": 1, ""item_id"": 732}, {""count"": 1, ""item_id"": 675}]","[[""40-45"", ""30-43""], [""26-36"", ""26-36""], [""18-24"", """"], [""38-36"", """"]]",https://draquex.com/buki/0-ono.php,https://draquex.com/buki/ono-14-2.php,,13,"2026-03-12 00:39:02","2026-07-23 15:19:02"
200,axe_14_2,てつのオノ,"Iron Axe",,,,5,,"[""試合時のみダメージ+5%""]",,,22,,2,,,,,inherit,8,14,オノ作り入門編,グレン城・武器鍛冶ギルドのレシピ屋30G,コロシアムで威力を発揮する鉄製のオノ,オノ,オノ,2,"[{""count"": 3, ""item_id"": 732}, {""count"": 2, ""item_id"": 749}]","[[""20-32"", ""20-32""], [""32-36"", ""32-36""], [""18-32"", """"], [""18-32"", """"]]",https://draquex.com/buki/0-ono.php,https://draquex.com/buki/ono-14-1.php,,15,"2026-03-12 00:39:05","2026-07-23 15:19:02"
201,axe_7,さんぞくのオノ,"Bandit Axe",,,,5,,"[""獣系にダメージ+10%""]",,,17,,1,,,,,inherit,6,7,オノ作り入門編,グレン城・武器鍛冶ギルドのレシピ屋30G,山賊がよく使う獣系に強いオノ,オノ,オノ,2,"[{""count"": 1, ""item_id"": 732}, {""count"": 1, ""item_id"": 643}]","[[""24-35"", ""12-26""], [""40-48"", ""12-26""], [""16-32"", """"], [""16-32"", """"]]",https://draquex.com/buki/0-ono.php,https://draquex.com/buki/ono-7-2.php,,12,"2026-03-12 00:39:07","2026-07-23 15:19:02"
202,sword_1h_7_6,せいどうのオノ,"Bronze Axe",,,,1,,"[""-""]",,,12,,1,,,,,inherit,4,7,オノ作り入門,グレン城・武器鍛冶ギルドのレシピ屋30G,木の柄に青銅の刃を付けたシンプルなオノ,片手剣,片手剣,2,"[{""count"": 1, ""item_id"": 749}, {""count"": 1, ""item_id"": 732}]","[[""16-35"", ""24-40""], [""16-35"", ""24-40""], [""10-24"", """"], [""10-24"", """"]]",https://draquex.com/buki/0-ono.php,https://draquex.com/buki/ono-7-1.php,,12,"2026-03-12 00:39:09","2026-07-23 15:19:02"
203,axe_1,どうのオノ,"Copper Axe",,,,5,,"[""-""]",,,7,,1,,,,,inherit,2,1,はじめての武器鍛冶,グレン城・武器鍛冶ギルドのレシピ屋10G,木の柄に銅製の刃を付けたありふれたオノ,オノ,オノ,2,"[{""count"": 1, ""item_id"": 749}]","[[""16-28"", ""12-24""], [""16-28"", ""12-24""], [""10-24"", """"], [""10-24"", """"]]",https://draquex.com/buki/0-ono.php,https://draquex.com/buki/ono-1-1.php,,11,"2026-03-12 00:39:11","2026-07-23 15:19:02"
204,hammer_132,ポラリスハンマー,"Polaris Pummeler",,,,6,,"[""獣系にダメージ+15%"", ""全てのダメージ+5.0%""]",,,287,,12,,,,,inherit,75,132,北の星の探し方,はじまりの地のレシピ屋クツツ1000000G,"獣系に強く 攻撃の威力が増す 輝くハンマー",ハンマー,ハンマー,2,"[{""count"": 30, ""item_id"": 705}, {""count"": 16, ""item_id"": 745}, {""count"": 5, ""item_id"": 876}, {""count"": 2, ""item_id"": 579}, {""count"": 9, ""item_id"": 729}]","[[""380-389"", ""130-138""], [""200-209"", ""450-459""], [""100-107"", ""95-102""]]",https://draquex.com/buki/0-hanma.php,https://draquex.com/buki/hanma-132-1.php,,45,"2026-03-12 00:39:18","2026-07-23 15:19:02"
205,hammer_130,アメジストライク,Amethystriker,,,,6,,"[""必殺チャージ率+1.0%(左手装備時無効)"", ""行動時5%でバイキルト""]",,,278,,12,,,,,inherit,75,130,レシピ入手方法,神都フォーリオンのレシピ屋1000000G,"必殺技が出やすく まれにバイキルト 発動するハンマー",ハンマー,ハンマー,2,"[{""count"": 30, ""item_id"": 705}, {""count"": 3, ""item_id"": 741}, {""count"": 20, ""item_id"": 754}, {""count"": 10, ""item_id"": 782}, {""count"": 8, ""item_id"": 729}]","[[""140-148"", ""260-268""], [""290-299"", ""170-178""], [""100-108"", ""75-83""]]",https://draquex.com/buki/0-hanma.php,https://draquex.com/buki/hanma-130-1.php,,45,"2026-03-12 00:39:20","2026-07-23 15:19:02"
206,hammer_128,ゾークハンマー,"Zork Hammer",,,,6,,"[""攻撃時10.0%でチャージ時間-10秒"", ""かいしん率+3.0%""]",,,266,,12,,,,,inherit,65,128,レシピ入手方法,神都フォーリオンのレシピ屋1000000G,"攻撃時たまに チャージ時間が 短縮するハンマー",ハンマー,ハンマー,2,"[{""count"": 30, ""item_id"": 705}, {""count"": 10, ""item_id"": 862}, {""count"": 30, ""item_id"": 838}, {""count"": 1, ""item_id"": 579}, {""count"": 1, ""item_id"": 729}]","[[""220-228"", ""251-260""], [""146-154"", ""168-176""], [""207-215"", ""192-200""]]",https://draquex.com/buki/0-hanma.php,https://draquex.com/buki/hanma-128-1.php,,45,"2026-03-12 00:39:22","2026-07-23 15:19:02"
207,hammer_125,タウルスハンマー,"Taurus Hammer",,,,6,,"[""攻撃時30%で土属性ダウン"", ""状態異常系の成功率+10.0%""]",,,253,,12,,,,,inherit,75,125,星座の導き・おうし座,神都フォーリオンのレシピ屋1000000G,"土属性耐性を下げ 状態異常成功率を 高めるハンマー",ハンマー,ハンマー,,"[{""count"": 30, ""item_id"": 705}, {""count"": 3, ""item_id"": 786}, {""count"": 20, ""item_id"": 819}, {""count"": 1, ""item_id"": 579}, {""count"": 8, ""item_id"": 729}]","[[""239-248"", ""204-212""], [""204-212"", ""244-252""], [""143-150"", ""143-150""]]",https://draquex.com/buki/0-hanma.php,https://draquex.com/buki/hanma-125-1.php,,45,"2026-03-12 00:39:25","2026-07-23 15:19:02"
208,hammer_120,セーラスハンマー,"Selas Hammer",,,,6,,"[""必殺チャージ率+1%(左手装備時無効)"", ""休み状態の魔物にダメージ+100""]",,,240,,12,,,,,inherit,70,120,神光放つハンマーの書,神都フォーリオンのレシピ屋1000000G,"必殺技が出やすく 敵が休み状態だと 威力増すハンマー",ハンマー,ハンマー,,"[{""count"": 30, ""item_id"": 799}, {""count"": 5, ""item_id"": 703}, {""count"": 3, ""item_id"": 648}, {""count"": 1, ""item_id"": 579}, {""count"": 8, ""item_id"": 729}]","[[""290-299"", ""230-237""], [""230-238"", ""290-299""], [""180-187"", ""180-187""]]",https://draquex.com/buki/0-hanma.php,https://draquex.com/buki/hanma-120-1.php,,45,"2026-03-12 00:39:27","2026-07-23 15:19:02"
209,hammer_118,疾風怒涛,"Gale Rage",,,,6,,"[""行動時10%でピオラ2段階"", ""テンション時魔物にダメージ+300""]",,,227,,12,,,,,inherit,70,118,疾風怒涛の一撃,神都フォーリオンのレシピ屋1000000G,"行動時たまに ピオラが２段階 発動するハンマー",ハンマー,ハンマー,2,"[{""count"": 30, ""item_id"": 799}, {""count"": 3, ""item_id"": 883}, {""count"": 30, ""item_id"": 667}, {""count"": 30, ""item_id"": 551}, {""count"": 7, ""item_id"": 729}]","[[""240-249"", ""150-158""], [""150-158"", ""240-249""], [""90-97"", ""90-97""]]",https://draquex.com/buki/0-hanma.php,https://draquex.com/buki/hanma-118-1.php,,45,"2026-03-12 00:39:29","2026-07-23 15:19:02"
210,hammer_115,輝天のハンマー,"Sky Hammer",,,,6,,"[""物質系にダメージ+15%"", ""全ての攻撃ダメージ+5.0%""]",,,214,,12,,,,,inherit,65,115,物資の砕き方,砂の都ファラザードのレシピ屋1000000G,破壊力が強化され特に物質系の敵によく効くハンマー,ハンマー,ハンマー,2,"[{""count"": 5, ""item_id"": 799}, {""count"": 2, ""item_id"": 693}, {""count"": 10, ""item_id"": 826}, {""count"": 10, ""item_id"": 732}, {""count"": 5, ""item_id"": 865}]","[[""220-230"", ""190-198""], [""190-198"", ""220-230""], [""75-82"", ""75-82""]]",https://draquex.com/buki/0-hanma.php,https://draquex.com/buki/hanma-115-1.php,,45,"2026-03-12 00:39:32","2026-07-23 15:19:02"
211,hammer_110,悪魔王の鉄槌,"Devil King Hammer",,,,6,,"[""悪魔系にダメージ+15%"", ""特技の効果範囲+1.0m""]",,,201,,12,,,,,inherit,65,110,悪魔王の同族狩り,砂の都ファラザードのレシピ屋50000G,悪魔系に強く特技の範囲広げる同族狩りハンマー,ハンマー,ハンマー,2,"[{""count"": 5, ""item_id"": 741}, {""count"": 1, ""item_id"": 834}, {""count"": 1, ""item_id"": 838}, {""count"": 5, ""item_id"": 720}, {""count"": 5, ""item_id"": 865}]","[[""200-210"", ""180-188""], [""200-210"", ""180-188""], [""100-107"", ""100-107""]]",https://draquex.com/buki/0-hanma.php,https://draquex.com/buki/hanma-110-1.php,,45,"2026-03-12 00:39:34","2026-07-23 15:19:02"
212,hammer_108,ヘビースタンプ,"Heavy Stomp",,,,6,,"[""攻撃時2%でスタンショット"", ""かいしん率+3.0%""]",,,189,,12,,,,,inherit,65,108,超重撃破ヘビースタンプ,王都キィンベルのレシピ屋50000G,まれに敵を怯ませ会心率も上がる超重量ハンマー,ハンマー,ハンマー,,"[{""count"": 5, ""item_id"": 741}, {""count"": 1, ""item_id"": 687}, {""count"": 2, ""item_id"": 819}, {""count"": 10, ""item_id"": 731}, {""count"": 5, ""item_id"": 865}]",,https://draquex.com/buki/0-hanma.php,https://draquex.com/buki/hanma-108-1.php,,43,"2026-03-12 00:39:36","2026-07-23 15:19:02"
213,hammer_105,ディープブルー,"Deep Blue",,,,6,,"[""水系にダメージ+15%""]",,,178,,12,,,,,inherit,60,105,深く青い海,王都キィンベルのレシピ屋50000G,水系の敵に強烈なダメージを与えるきれいめハンマー,ハンマー,ハンマー,,"[{""count"": 5, ""item_id"": 741}, {""count"": 1, ""item_id"": 765}, {""count"": 10, ""item_id"": 745}, {""count"": 20, ""item_id"": 801}, {""count"": 5, ""item_id"": 865}]",,https://draquex.com/buki/0-hanma.php,https://draquex.com/buki/hanma-105-1.php,,42,"2026-03-12 00:39:39","2026-07-23 15:19:02"
214,hammer_100,星球の鉄槌,"Starball Hammer",,,,6,,"[""物質系にダメージ＋15%"", ""全ての攻撃ダメージ+5.0%""]",,,168,18,12,,,,,inherit,45,100,星が奏でる破壊の旋律,王都キィンベルのレシピ屋40000G,物質系に強烈なダメージを与える超攻撃的ハンマー,ハンマー,ハンマー,2,"[{""count"": 10, ""item_id"": 543}, {""count"": 1, ""item_id"": 687}, {""count"": 10, ""item_id"": 745}, {""count"": 30, ""item_id"": 821}, {""count"": 5, ""item_id"": 865}]","[[""140-148"", ""140-148""], [""175-183"", ""175-183""], [""145-155"", ""145-155""]]",https://draquex.com/buki/0-hanma.php,https://draquex.com/buki/hanma-100-1.php,,41,"2026-03-12 00:39:41","2026-07-23 15:19:02"
215,hammer_99,神域のハンマー,"Mythic Hammer",,,,6,,"[""行動時5%でチャージ時間-10秒"", ""獣系にダメージ+10%""]",,,158,14,11,,,,,inherit,44,99,ゴッドライクな鉄槌作成,聖都エジャルナのレシピ屋40000G,獣系に強くチャージ時間も時々短いハンマー,ハンマー,ハンマー,2,"[{""count"": 5, ""item_id"": 543}, {""count"": 10, ""item_id"": 819}, {""count"": 30, ""item_id"": 567}, {""count"": 30, ""item_id"": 633}, {""count"": 5, ""item_id"": 865}]","[[""160-166"", ""178-190""], [""155-161"", ""202-208""], [""190-200"", ""127-137""]]",https://draquex.com/buki/0-hanma.php,https://draquex.com/buki/hanma-99-1.php,,38,"2026-03-12 00:39:46","2026-07-23 15:19:02"
216,hammer_96,アンタッチャブル,Untouchable,,,,6,,"[""やいばのぼうぎょ時のダメージ5%減"", ""攻撃時2%でスタンショット""]",,,150,10,10,,,,,inherit,43,96,彼を怯ませる50の方法,聖都エジャルナのレシピ屋40000G,攻撃時まれに敵をひるませるイガイガハンマー,ハンマー,ハンマー,2,"[{""count"": 5, ""item_id"": 543}, {""count"": 30, ""item_id"": 699}, {""count"": 10, ""item_id"": 819}, {""count"": 20, ""item_id"": 816}, {""count"": 5, ""item_id"": 865}]","[[""150-161"", ""187-195""], [""150-161"", ""187-195""], [""125-131"", ""125-131""]]",https://draquex.com/buki/0-hanma.php,https://draquex.com/buki/hanma-96-1.php,,35,"2026-03-12 00:39:49","2026-07-23 15:19:02"
217,hammer_93,スカルブレイク,"Skull Breaker",,,,6,,"[""攻撃時10.0%でチャージ時間-10秒"", ""かいしん率+3.0%""]",,,133,,9,,,,,inherit,42,93,はじめよう！ホネ砕き,聖都エジャルナのレシピ屋30000G,チャージ時間が時々短縮される粉骨砕身ハンマー,ハンマー,ハンマー,2,"[{""count"": 5, ""item_id"": 759}, {""count"": 30, ""item_id"": 720}, {""count"": 5, ""item_id"": 835}, {""count"": 5, ""item_id"": 754}, {""count"": 5, ""item_id"": 865}]","[[""150-161"", ""150-161""], [""191-197"", ""191-197""], [""100-108"", ""100-108""]]",https://draquex.com/buki/0-hanma.php,https://draquex.com/buki/hanma-93-1.php,,30,"2026-03-12 00:39:51","2026-07-23 15:19:02"
218,hammer_90,ギガスクラッパー,"Giga Scrapper",,,,6,,"[""攻撃時5.0%でウェイトブレイク"", ""物質系にダメージ+10%""]",,,128,,9,,,,,inherit,41,90,ギガスクラッパー見参,聖都エジャルナのレシピ屋30000G,時々重さを減らす物質系に強い強力圧砕ハンマー,ハンマー,ハンマー,2,"[{""count"": 5, ""item_id"": 759}, {""count"": 1, ""item_id"": 648}, {""count"": 5, ""item_id"": 835}, {""count"": 30, ""item_id"": 848}, {""count"": 5, ""item_id"": 865}]","[[""145-151"", ""185-196""], [""145-151"", ""185-196""], [""110-118"", ""110-118""]]",https://draquex.com/buki/0-hanma.php,https://draquex.com/buki/hanma-90-1.php,,27,"2026-03-12 00:39:54","2026-07-23 15:19:02"
219,hammer_85,魔炎のおおづち,"Darkflame Hammer",,,,6,,"[""炎属性攻撃"", ""闇属性攻撃""]",,,122,,9,,,,,inherit,40,85,猛き炎と渦巻く闇,真グランゼドーラ王国のレシピ屋30000G,地獄の炎と闇で敵を打ち砕く破壊のハンマー,ハンマー,ハンマー,2,"[{""count"": 3, ""item_id"": 759}, {""count"": 20, ""item_id"": 863}, {""count"": 20, ""item_id"": 549}, {""count"": 1, ""item_id"": 761}, {""count"": 5, ""item_id"": 865}]","[[""110-116"", ""110-116""], [""173-181"", ""173-181""], [""135-146"", ""135-146""]]",https://draquex.com/buki/0-hanma.php,https://draquex.com/buki/hanma-85-1.php,,25,"2026-03-12 00:39:56","2026-07-23 15:19:02"
220,hammer_80,天使の鉄槌,"Angel's Hammer",,,,6,,"[""開戦時5%で天使の守り""]",,,114,,12,,,,,inherit,39,80,やさしい鉄槌のくだし方,真グランゼドーラ王国のレシピ屋20000G,使い手を守護し死から遠ざける天使のハンマー,ハンマー,ハンマー,2,"[{""count"": 15, ""item_id"": 838}, {""count"": 5, ""item_id"": 735}, {""count"": 30, ""item_id"": 732}, {""count"": 1, ""item_id"": 761}, {""count"": 10, ""item_id"": 865}]","[[""95-103"", ""1501-61""], [""1501-61"", ""125-131""], [""125-131"", ""95-103""]]",https://draquex.com/buki/0-hanma.php,https://draquex.com/buki/hanma-80-2.php,,22,"2026-03-12 00:39:58","2026-07-23 15:19:02"
221,hammer_80_2,バレットハンマー,"Bullet Basher",,,,6,,"[""マシン系にダメージ+10%"", ""物質系にダメージ+10%""]",,,109,,8,,,,,inherit,38,80,バレットハンマー作成術,真グランゼドーラ王国のレシピ屋20000G,マシン系や物質系を打ち砕く弾丸ハンマー,ハンマー,ハンマー,2,"[{""count"": 15, ""item_id"": 838}, {""count"": 30, ""item_id"": 845}, {""count"": 30, ""item_id"": 863}, {""count"": 1, ""item_id"": 761}, {""count"": 10, ""item_id"": 865}]","[[""135-146"", ""135-146""], [""161-167"", ""161-167""], [""100-108"", ""100-108""]]",https://draquex.com/buki/0-hanma.php,https://draquex.com/buki/hanma-80-1.php,,25,"2026-03-12 00:40:00","2026-07-23 15:19:02"
222,hammer_75,大地くだき,Groundbreaker,,,,6,,"[""かいしん率+1.0%""]",,,105,,8,,,,,inherit,37,75,大地くだき列伝,真グランゼドーラ王国のレシピ屋20000G,会心率があがり大陸すら粉砕する破壊的ハンマー,ハンマー,ハンマー,2,"[{""count"": 2, ""item_id"": 648}, {""count"": 30, ""item_id"": 718}, {""count"": 5, ""item_id"": 819}, {""count"": 1, ""item_id"": 761}, {""count"": 10, ""item_id"": 865}]","[[""105-113"", ""150-156""], [""105-113"", ""150-156""], [""130-141"", ""130-141""]]",https://draquex.com/buki/0-hanma.php,https://draquex.com/buki/hanma-75-1.php,,25,"2026-03-12 00:40:02","2026-07-23 15:19:02"
223,hammer_70,聖王のハンマー,"Dryspell Hammer",,,,6,,"[""物質系にダメージ+10%""]",,,100,,9,,,,,inherit,36,70,聖王のハンマーの壁画,偽グランゼドーラ王国のレシピ屋20000G,聖なる力を秘めた物質系の敵を打ち倒すハンマー,ハンマー,ハンマー,2,"[{""count"": 1, ""item_id"": 648}, {""count"": 1, ""item_id"": 579}, {""count"": 3, ""item_id"": 819}, {""count"": 1, ""item_id"": 761}, {""count"": 5, ""item_id"": 865}]","[[""90-98"", ""90-98""], [""120-126"", ""170-181""], [""145-156"", ""120-126""]]",https://draquex.com/buki/0-hanma.php,https://draquex.com/buki/hanma-70-1.php,,20,"2026-03-12 00:40:05","2026-07-23 15:19:02"
224,hammer_65,まじんのかなづち,"Hela's Hammer",,,,6,,"[""攻撃時20%でミスする"", ""かいしん率+10.0%""]",,,95,,9,,,,,inherit,35,65,まじんのかなづちの本,グレン城・武器鍛冶ギルドのレシピ屋10000G,ミスしやすいが当たるとデカイ伝説のハンマー,ハンマー,ハンマー,2,"[{""count"": 2, ""item_id"": 703}, {""count"": 10, ""item_id"": 835}, {""count"": 1, ""item_id"": 856}, {""count"": 1, ""item_id"": 811}, {""count"": 10, ""item_id"": 865}]","[[""90-96"", ""90-96""], [""105-113"", ""145-156""], [""145-156"", ""105-113""]]",https://draquex.com/buki/0-hanma.php,https://draquex.com/buki/hanma-65-1.php,,18,"2026-03-12 00:40:09","2026-07-23 15:19:02"
225,hammer_60,ゴードンハンマー,"Mega Moai Hammer",,,,6,,"[""炎属性攻撃""]",,,75,,7,,,,,inherit,33,60,ゴードンヘッドの叫び,グレン城・武器鍛冶ギルドのレシピ屋10000G,巨顔を模した炎のチカラを宿す奇妙なハンマー,ハンマー,ハンマー,2,"[{""count"": 15, ""item_id"": 820}, {""count"": 30, ""item_id"": 802}, {""count"": 1, ""item_id"": 880}, {""count"": 12, ""item_id"": 865}]","[[""130-140"", ""130-140""], [""90-95"", ""110-116""], [""85-100"", ""85-97""]]",https://draquex.com/buki/0-hanma.php,https://draquex.com/buki/hanma-60-1.php,,17,"2026-03-12 00:40:14","2026-07-23 15:19:02"
226,hammer_60_2,メガトンハンマー,"Megaton Hammer",,,,6,,"[""マシン系にダメージ+10%""]",,,87,,8,,,,,inherit,34,60,メガトンハンマー作成書,グレン城・武器鍛冶ギルドのレシピ屋10000G,マシン系の敵に特に効果がある重みのあるハンマー,ハンマー,ハンマー,2,"[{""count"": 3, ""item_id"": 819}, {""count"": 5, ""item_id"": 597}, {""count"": 1, ""item_id"": 782}, {""count"": 12, ""item_id"": 865}]","[[""85-94"", ""130-138""], [""130-138"", ""120-126""], [""90-100"", ""85-94""]]",https://draquex.com/buki/0-hanma.php,https://draquex.com/buki/hanma-60-2.php,,22,"2026-03-12 00:40:16","2026-07-23 15:19:02"
227,hammer_50,グレートハンマー,"Great Hammer",,,,6,,"[""-""]",,,69,,13,,,,,inherit,30,50,グレートハンマー作成法,グレン城・武器鍛冶ギルドのレシピ屋10000G,緑色の宝玉が人目を惹きつけるおしゃれハンマー,ハンマー,ハンマー,2,"[{""count"": 10, ""item_id"": 816}, {""count"": 15, ""item_id"": 821}, {""count"": 1, ""item_id"": 639}, {""count"": 10, ""item_id"": 865}]","[[""80-90"", ""110-116""], [""90-102"", ""70-78""], [""60-70"", ""60-70""]]",https://draquex.com/buki/0-hanma.php,https://draquex.com/buki/hanma-50-1.php,,17,"2026-03-12 00:40:18","2026-07-23 15:19:02"
228,hammer_50_2,きょじんのハンマー,"Giant's Hammer",,,,6,,"[""物質系にダメージ+10%""]",,,72,,10,,,,,inherit,32,50,きょじんのハンマーの本,グレン城・武器鍛冶ギルドのレシピ屋10000G,巨人が使うという物質系に強い豪快なハンマー,ハンマー,ハンマー,2,"[{""count"": 12, ""item_id"": 816}, {""count"": 3, ""item_id"": 597}, {""count"": 1, ""item_id"": 811}, {""count"": 10, ""item_id"": 865}]","[[""90-100"", ""120-130""], [""120-130"", ""70-78""], [""80-90"", ""80-90""]]",https://draquex.com/buki/0-hanma.php,https://draquex.com/buki/hanma-50-2.php,,19,"2026-03-12 00:40:20","2026-07-23 15:19:02"
229,hammer_42,プラチナハンマー,"Platinum Hammer",,,,6,,"[""試合時のみダメージ+15%""]",,,51,,10,,,,,inherit,26,42,プラチナハンマー作成術,バザーのみボーンプリズナーがドロップする,コロシアムで威力を発揮する壮麗なハンマー,ハンマー,ハンマー,2,"[{""count"": 4, ""item_id"": 816}, {""count"": 2, ""item_id"": 596}, {""count"": 1, ""item_id"": 703}, {""count"": 4, ""item_id"": 865}]","[[""80-87"", ""60-72""], [""60-72"", ""80-87""], [""55-65"", ""55-65""]]",https://draquex.com/buki/0-hanma.php,https://draquex.com/buki/hanma-42-1.php,,10,"2026-03-12 00:40:22","2026-07-23 15:19:02"
230,hammer_42_2,ツンドラハンマー,"Tundra Hammer",,,,6,,"[""氷属性攻撃""]",,,54,,5,,,,,inherit,28,42,ツンドラハンマーの本,グレン城・武器鍛冶ギルドのレシピ屋3000G,氷のチカラを宿す永久凍土から作られたハンマー,ハンマー,ハンマー,2,"[{""count"": 6, ""item_id"": 816}, {""count"": 4, ""item_id"": 653}, {""count"": 1, ""item_id"": 810}, {""count"": 6, ""item_id"": 865}]","[[""65-75"", ""80-90""], [""80-94"", ""65-75""], [""60-67"", ""60-67""]]",https://draquex.com/buki/0-hanma.php,https://draquex.com/buki/hanma-42-2.php,,13,"2026-03-12 00:40:25","2026-07-23 15:19:02"
231,hammer_42_3,ボルカノハンマー,"Volcano Hammer",,,,6,,"[""土属性攻撃""]",,,57,,5,,,,,inherit,30,42,ボルカノハンマーの書,メギストリスの都のレシピ屋10000G,土のチカラを宿す溶岩の熱を使って鍛えたハンマー,ハンマー,ハンマー,2,"[{""count"": 8, ""item_id"": 816}, {""count"": 1, ""item_id"": 863}, {""count"": 1, ""item_id"": 879}, {""count"": 8, ""item_id"": 865}]","[[""70-77"", ""100-112""], [""80-88"", ""70-77""], [""60-72"", ""60-72""]]",https://draquex.com/buki/0-hanma.php,https://draquex.com/buki/hanma-42-3.php,,8,"2026-03-12 00:40:28","2026-07-23 15:19:02"
232,hammer_35,おにのかなぼう,"Marauder's Maul",,,,6,,"[""-""]",,,41,,4,,,,,inherit,18,35,おにのかなぼう物語,バザーのみとうろうへいがドロップする,オーガに伝わる鬼のチカラを宿すという金棒,ハンマー,ハンマー,2,"[{""count"": 1, ""item_id"": 633}, {""count"": 1, ""item_id"": 718}, {""count"": 1, ""item_id"": 699}]","[[""50-58"", ""50-58""], [""50-58"", ""50-58""], [""50-63"", ""50-63""]]",https://draquex.com/buki/0-hanma.php,https://draquex.com/buki/hanma-35-1.php,,7,"2026-03-12 00:40:30","2026-07-23 15:19:02"
233,hammer_35_2,ボーンクラッシャー,Bonecrusher,,,,6,,"[""ゾンビ系にダメージ+10%""]",,,44,,4,,,,,inherit,21,35,ボーンクラッシャーの書,バザーのみとげこんぼう(ブラウニーの転生)がドロップする,ゾンビ系に強く骨まで砕くという凶悪なハンマー,ハンマー,ハンマー,2,"[{""count"": 1, ""item_id"": 633}, {""count"": 1, ""item_id"": 699}, {""count"": 1, ""item_id"": 698}]","[[""60-72"", ""60-68""], [""60-72"", ""60-68""], [""45-54"", ""45-54""]]",https://draquex.com/buki/0-hanma.php,https://draquex.com/buki/hanma-35-2.php,,6,"2026-03-12 00:40:32","2026-07-23 15:19:02"
234,hammer_35_3,マジックトンカチ,"Magic Hammer",,,,6,,"[""物質系にダメージ+10%""]",,5,47,,6,,,,,inherit,24,35,マジックトンカチの本,バザーのみじごくのつかいがドロップする,物質系に強く最大MPも高める魔法ノハンマー,ハンマー,ハンマー,2,"[{""count"": 1, ""item_id"": 633}, {""count"": 1, ""item_id"": 720}, {""count"": 1, ""item_id"": 840}]","[[""60-70"", ""70-79""], [""60-70"", ""70-79""], [""50-60"", ""50-60""]]",https://draquex.com/buki/0-hanma.php,https://draquex.com/buki/hanma-35-3.php,,6,"2026-03-12 00:40:34","2026-07-23 15:19:02"
235,hammer_28,バトルスタンパー,"Battle Basher",,,,6,,"[""-""]",,,37,,3,,,,,inherit,16,28,バトルスタンパーの本,バザーのみブラックマンティスがドロップする,無駄のない形でスタイリッシュな戦闘用ハンマー,ハンマー,ハンマー,2,"[{""count"": 1, ""item_id"": 633}, {""count"": 1, ""item_id"": 646}, {""count"": 1, ""item_id"": 720}]","[[""45-53"", ""55-65""], [""45-53"", ""55-65""], [""35-46"", ""35-46""]]",https://draquex.com/buki/0-hanma.php,https://draquex.com/buki/hanma-28-2.php,,5,"2026-03-12 00:40:36","2026-07-23 15:19:02"
236,hammer_28_2,はがねのかなづち,"Steel Hammer",,,,6,,"[""試合時のみダメージ+10%""]",,,34,,3,,,,,inherit,15,28,ハンマー作り入門,グレン城・武器鍛冶ギルドのレシピ屋30G,コロシアムで威力を発揮するはがね製ハンマー,ハンマー,ハンマー,2,"[{""count"": 1, ""item_id"": 633}, {""count"": 1, ""item_id"": 749}, {""count"": 1, ""item_id"": 731}]","[[""40-48"", ""50-60""], [""40-48"", ""50-60""], [""30-42"", ""30-42""]]",https://draquex.com/buki/0-hanma.php,https://draquex.com/buki/hanma-28-1.php,,5,"2026-03-12 00:40:38","2026-07-23 15:19:02"
237,hammer_21,ぎんのかなづち,"Silver Hammer",,,,6,,"[""-""]",,,27,,4,,,,,inherit,11,21,ハンマー作り入門,グレン城・武器鍛冶ギルドのレシピ屋30G,美しい細工のほどこされた銀製のハンマー,ハンマー,ハンマー,2,"[{""count"": 1, ""item_id"": 633}, {""count"": 1, ""item_id"": 732}]","[[""32-43"", ""32-43""], [""32-43"", ""32-43""], [""26-36"", ""26-36""]]",https://draquex.com/buki/0-hanma.php,https://draquex.com/buki/hanma-21-1.php,,5,"2026-03-12 00:40:41","2026-07-23 15:19:02"
238,hammer_21_2,ウォーハンマー,"War Hammer",,,,6,,"[""-""]",,,30,,3,,,,,inherit,13,21,ウォーハンマーのレシピ,バザーのみグリーンシザーがドロップする,戦闘用に作られた敵を粉砕する巨大ハンマー,ハンマー,ハンマー,2,"[{""count"": 1, ""item_id"": 633}, {""count"": 1, ""item_id"": 810}]","[[""32-42"", ""32-42""], [""33-46"", ""33-46""], [""40-48"", ""40-48""]]",https://draquex.com/buki/0-hanma.php,https://draquex.com/buki/hanma-21-2.php,,4,"2026-03-12 00:40:44","2026-07-23 15:19:02"
239,hammer_14,おおかなづち,Sledgehammer,,,,6,,"[""-""]",,,22,,2,,,,,inherit,9,14,ハンマー作り入門,グレン城・武器鍛冶ギルドのレシピ屋30G,するどいトゲで威力を増した大きなハンマー,ハンマー,ハンマー,2,"[{""count"": 1, ""item_id"": 732}, {""count"": 1, ""item_id"": 731}]","[[""30-40"", ""30-40""], [""28-38"", ""28-38""], [""24-36"", ""24-36""]]",https://draquex.com/buki/0-hanma.php,https://draquex.com/buki/hanma-14-2.php,,3,"2026-03-12 00:40:46","2026-07-23 15:19:02"
240,hammer_14_2,てつのかなぼう,"Iron Club",,,,6,,"[""試合時のみダメージ+5%""]",,,19,,2,,,,,inherit,8,14,ハンマー作り入門,グレン城・武器鍛冶ギルドのレシピ屋30G,コロシアムで威力を発揮するトゲトゲの金棒,ハンマー,ハンマー,2,"[{""count"": 1, ""item_id"": 732}, {""count"": 1, ""item_id"": 698}]","[[""28-40"", ""28-40""], [""24-38"", ""24-38""], [""20-36"", ""20-36""]]",https://draquex.com/buki/0-hanma.php,https://draquex.com/buki/hanma-14-1.php,,3,"2026-03-12 00:40:48","2026-07-23 15:19:02"
241,sword_1h_7_7,せいどうのかなづち,"Bronze Hammer",,,,1,,"[""-""]",,,14,,1,,,,,inherit,6,7,ハンマー作り入門,グレン城・武器鍛冶ギルドのレシピ屋30G,青銅で作られた鈍く光るハンマー,片手剣,片手剣,2,"[{""count"": 1, ""item_id"": 732}, {""count"": 1, ""item_id"": 749}]","[[""24-40"", ""24-40""], [""20-36"", ""20-36""], [""16-28"", ""16-28""]]",https://draquex.com/buki/0-hanma.php,https://draquex.com/buki/hanma-7-2.php,,2,"2026-03-12 00:40:50","2026-07-23 15:19:02"
242,hammer_7,おおきづち,Hammerhood,,,,6,,"[""-""]",,,11,,1,,,,,inherit,,7,レシピ入手方法,-,木で作られた大きなハンマー,ハンマー,ハンマー,,,,https://draquex.com/buki/0-hanma.php,https://draquex.com/buki/hanma-7-1.php,,2,"2026-03-12 00:40:52","2026-07-23 15:19:02"
243,kon_1,こんぼう,"Oaken Club",,,,12,,"[""-""]",,,6,,1,,,,,inherit,,1,レシピ入手方法,-,かしの木で作った原始的な棍棒,棍,棍,,[],,https://draquex.com/buki/0-hanma.php,https://draquex.com/buki/hanma-1-1.php,,1,"2026-03-12 00:40:54","2026-07-23 15:19:02"
244,claw_132,呪星のツメ,"Doomstar Claws",,,,7,,"[""攻撃時6%で呪い"", ""攻撃時10.0%でルカニ2段階""]",,,175,,15,34,34,,,inherit,75,132,呪われし星座大全,はじまりの地のレシピ屋クツツ1000000G,"たまに呪いをかけ 攻撃時ルカニも 期待できるツメ",ツメ,ツメ,2,"[{""count"": 30, ""item_id"": 705}, {""count"": 4, ""item_id"": 700}, {""count"": 4, ""item_id"": 692}, {""count"": 2, ""item_id"": 578}, {""count"": 9, ""item_id"": 729}]","[[""170-178"", ""460-468""], [""410-418"", ""120-128""]]",https://draquex.com/buki/0-tsume.php,https://draquex.com/buki/tsume-132-1.php,,14,"2026-03-12 00:41:00","2026-07-23 15:19:02"
245,claw_130,キャンサークロー,"Claws of Cancer",,,,7,,"[""かいしん率+3.0%"", ""会心と暴走時のダメージ+100""]",,,169,,15,34,34,,,inherit,75,130,レシピ入手方法,神都フォーリオンのレシピ屋1000000G,"会心の一撃の 確率と威力が 上がるツメ",ツメ,ツメ,2,"[{""count"": 30, ""item_id"": 705}, {""count"": 6, ""item_id"": 695}, {""count"": 20, ""item_id"": 667}, {""count"": 10, ""item_id"": 811}, {""count"": 8, ""item_id"": 729}]","[[""415-423"", ""140-148""], [""235-243"", ""405-413""]]",https://draquex.com/buki/0-tsume.php,https://draquex.com/buki/tsume-130-1.php,,14,"2026-03-12 00:41:02","2026-07-23 15:19:02"
246,claw_128,機殴竜殺,"Dragon Ex Machina",,,,7,,"[""マシン系にダメージ+15%"", ""ドラゴン系にダメージ+15%""]",,,163,,15,34,34,,,inherit,65,128,レシピ入手方法,神都フォーリオンのレシピ屋1000000G,"マシン系と ドラゴン系に強い 欲張りなツメ",ツメ,ツメ,2,"[{""count"": 30, ""item_id"": 705}, {""count"": 6, ""item_id"": 603}, {""count"": 12, ""item_id"": 833}, {""count"": 1, ""item_id"": 578}, {""count"": 1, ""item_id"": 729}]","[[""330-338"", ""262-270""], [""180-188"", ""382-390""]]",https://draquex.com/buki/0-tsume.php,https://draquex.com/buki/tsume-128-1.php,,14,"2026-03-12 00:41:05","2026-07-23 15:19:02"
247,claw_125,オフビートクロー,"Offbeat Claw",,,,7,,"[""全ての攻撃ダメージ+3.0%"", ""攻撃時10%でボミエ2段階""]",,,157,,15,34,34,,,inherit,75,125,オフビートなアイツ,神都フォーリオンのレシピ屋1000000G,"攻撃時たまに ボミエが２段階 発動するツメ",ツメ,ツメ,,"[{""count"": 30, ""item_id"": 705}, {""count"": 3, ""item_id"": 730}, {""count"": 30, ""item_id"": 816}, {""count"": 1, ""item_id"": 578}, {""count"": 8, ""item_id"": 729}]","[[""193-201"", ""179-187""], [""342-350"", ""352-360""]]",https://draquex.com/buki/0-tsume.php,https://draquex.com/buki/tsume-125-1.php,,14,"2026-03-12 00:41:07","2026-07-23 15:19:02"
248,claw_120,セーラスクロー,"Selas Claw",,,,7,,"[""かいしん率+3.0%"", ""会心と暴走時魔物にダメージ+50""]",,,151,,15,32,32,,,inherit,70,120,神光放つツメの書,神都フォーリオンのレシピ屋1000000G,"会心の一撃の 威力と確率が 強化されるツメ",ツメ,ツメ,,"[{""count"": 30, ""item_id"": 799}, {""count"": 5, ""item_id"": 603}, {""count"": 5, ""item_id"": 616}, {""count"": 1, ""item_id"": 578}, {""count"": 8, ""item_id"": 729}]","[[""190-198"", ""180-188""], [""360-367"", ""360-367""]]",https://draquex.com/buki/0-tsume.php,https://draquex.com/buki/tsume-120-1.php,,14,"2026-03-12 00:41:10","2026-07-23 15:19:02"
249,claw_118,ゴッドクロー,"God Claws",,,,7,,"[""行動時5%でチャージ時間-10秒"", ""かいしん率+3.0%""]",,,143,,15,32,32,,,inherit,70,118,会神の一撃,神都フォーリオンのレシピ屋1000000G,"行動時まれに チャージ時間短縮 会心率上がるツメ",ツメ,ツメ,2,"[{""count"": 30, ""item_id"": 799}, {""count"": 3, ""item_id"": 644}, {""count"": 5, ""item_id"": 543}, {""count"": 1, ""item_id"": 578}, {""count"": 7, ""item_id"": 729}]","[[""190-197"", ""190-197""], [""400-408"", ""400-408""]]",https://draquex.com/buki/0-tsume.php,https://draquex.com/buki/tsume-118-1.php,,14,"2026-03-12 00:41:12","2026-07-23 15:19:02"
250,claw_115,輝天のツメ,"Sky Claws",,,,7,,"[""かいしん率+3.0%"", ""特技のダメージ+15""]",,,135,,15,32,32,,,inherit,65,115,輝く会心のツメ,砂の都ファラザードのレシピ屋1000000G,特技ダメージ増え会心率も上がるかがやきのツメ,ツメ,ツメ,2,"[{""count"": 5, ""item_id"": 799}, {""count"": 10, ""item_id"": 810}, {""count"": 5, ""item_id"": 835}, {""count"": 5, ""item_id"": 865}, {""count"": 5, ""item_id"": 555}]","[[""350-358"", ""350-358""], [""230-237"", ""230-237""]]",https://draquex.com/buki/0-tsume.php,https://draquex.com/buki/tsume-115-1.php,,14,"2026-03-12 00:41:15","2026-07-23 15:19:02"
251,claw_110,ドラゴンクロー絶,"Apex Dragon Claws",,,,7,,"[""ドラゴン系にダメージ+15%"", ""全ての攻撃ダメージ+3.0%""]",,,127,,15,32,32,,,inherit,65,110,竜殺しの絶技,砂の都ファラザードのレシピ屋50000G,破壊力が強化されドラゴン系に強い竜殺しのツメ,ツメ,ツメ,2,"[{""count"": 5, ""item_id"": 741}, {""name"": ""幻獣の骨"", ""count"": 1, ""item_id"": null}, {""count"": 1, ""item_id"": 835}, {""count"": 5, ""item_id"": 699}, {""count"": 5, ""item_id"": 865}]","[[""300-308"", ""190-198""], [""190-198"", ""300-308""]]",https://draquex.com/buki/0-tsume.php,https://draquex.com/buki/tsume-110-1.php,,14,"2026-03-12 00:41:17","2026-07-23 15:19:02"
252,claw_108,呪眼のツメ,"Cursed Eye Claw",,,,7,,"[""攻撃時6%で呪い"", ""攻撃時10%でボミエ2段階""]",,,119,,15,30,30,,,inherit,65,108,呪眼の災い,王都キィンベルのレシピ屋50000G,まれに敵の動きをにぶらせる呪いのツメ,ツメ,ツメ,2,"[{""count"": 5, ""item_id"": 741}, {""count"": 2, ""item_id"": 649}, {""count"": 5, ""item_id"": 867}, {""count"": 10, ""item_id"": 638}, {""count"": 5, ""item_id"": 865}]","[[""190-200"", ""190-200""], [""295-302"", "" 295-302""]]",https://draquex.com/buki/0-tsume.php,https://draquex.com/buki/tsume-108-1.php,,14,"2026-03-12 00:41:19","2026-07-23 15:19:02"
253,claw_105,ルーンクラブクロー,"Rune Crab Claws",,,,7,,"[""かいしん率+3.0%"", ""会心と暴走時魔物にダメージ+50""]",,,111,,15,,,,,inherit,60,105,ルーンクラブの足の向き,王都キィンベルのレシピ屋50000G,会心の一撃の確率と威力が上がるツメ,ツメ,ツメ,,"[{""count"": 5, ""item_id"": 741}, {""count"": 1, ""item_id"": 644}, {""count"": 10, ""item_id"": 555}, {""count"": 10, ""item_id"": 667}, {""count"": 5, ""item_id"": 865}]",,https://draquex.com/buki/0-tsume.php,https://draquex.com/buki/tsume-105-1.php,,14,"2026-03-12 00:41:22","2026-07-23 15:19:02"
254,claw_100,断罪のジャマダハル,"Judgement Katar",,,,7,,"[""全ての攻撃ダメージ+3.0%""]",,,104,,15,28,28,,,inherit,45,100,武爪遊戯・断罪の章,王都キィンベルのレシピ屋40000G,斬りつけた相手に深手を負わせる超攻撃的なツメ,ツメ,ツメ,2,"[{""count"": 10, ""item_id"": 543}, {""count"": 1, ""item_id"": 862}, {""count"": 1, ""item_id"": 578}, {""count"": 15, ""item_id"": 746}, {""count"": 5, ""item_id"": 865}]","[[""244-252"", ""270-278""], [""310-318"", ""210-220""]]",https://draquex.com/buki/0-tsume.php,https://draquex.com/buki/tsume-100-1.php,,14,"2026-03-12 00:41:25","2026-07-23 15:19:02"
255,claw_99,疾風のジャマダハル,"Gale Katar",,,,7,,"[""攻撃時4.0%でルカニ2段階"", ""2.0%でターン消費なし""]",,,97,,14,25,25,,,inherit,44,99,整理してもジャマダハル,聖都エジャルナのレシピ屋40000G,まれに敵の防御を大きく下げる行動しやすいツメ,ツメ,ツメ,2,"[{""count"": 5, ""item_id"": 543}, {""count"": 1, ""item_id"": 599}, {""count"": 30, ""item_id"": 816}, {""count"": 30, ""item_id"": 651}, {""count"": 5, ""item_id"": 865}]","[[""301-307"", ""210-220""], [""195-205"", ""260-268""]]",https://draquex.com/buki/0-tsume.php,https://draquex.com/buki/tsume-99-1.php,,14,"2026-03-12 00:41:27","2026-07-23 15:19:02"
256,claw_96,ドラゴンクロー改,"Uber Dragon Claws",,,,7,,"[""ドラゴン系にダメージ+15%"", ""かいしん率＋1.0%""]",,,,,,,,,,inherit,43,96,ドラゴンクロー改の書,聖都エジャルナのレシピ屋40000G,ドラゴンクローをさらに改良した竜殺しのツメ,ツメ,ツメ,2,"[{""count"": 5, ""item_id"": 543}, {""count"": 1, ""item_id"": 753}, {""count"": 10, ""item_id"": 819}, {""count"": 5, ""item_id"": 754}, {""count"": 5, ""item_id"": 865}]","[[""270-276"", ""214-225""], [""214-225"", ""270-276""]]",https://draquex.com/buki/0-tsume.php,https://draquex.com/buki/tsume-96-1.php,,,"2026-03-12 00:41:30","2026-07-23 15:19:02"
257,claw_93,ケイオスネイル,"Chaos Nails",,,,7,,"[""攻撃時10.0%でチャージ時間-10秒"", ""攻撃時5%で呪い""]",,,77,,14,,,,,inherit,42,93,ケイオス写本,聖都エジャルナのレシピ屋30000G,攻撃時たまに呪いをかけたりチャージ時間短縮,ツメ,ツメ,2,"[{""count"": 5, ""item_id"": 759}, {""count"": 30, ""item_id"": 699}, {""count"": 30, ""item_id"": 751}, {""count"": 1, ""item_id"": 578}, {""count"": 5, ""item_id"": 865}]","[[""218-224"", ""250-261""], [""281-292"", ""175-181""]]",https://draquex.com/buki/0-tsume.php,https://draquex.com/buki/tsume-93-1.php,,14,"2026-03-12 00:41:36","2026-07-23 15:19:02"
258,claw_90,マガツ鳥のツメ,"Calamity Bird Claws",,,,7,,"[""全ての攻撃ダメージ+3.0%""]",,,69,,14,20,20,,,inherit,41,90,マガツ鳥ウォッチング,聖都エジャルナのレシピ屋30000G,斬りつけた相手に深手を負わせる不気味な鳥のツメ,ツメ,ツメ,2,"[{""count"": 5, ""item_id"": 759}, {""count"": 30, ""item_id"": 698}, {""count"": 5, ""item_id"": 835}, {""count"": 5, ""item_id"": 861}, {""count"": 5, ""item_id"": 865}]","[[""227-238"", ""173-179""], [""227-238"", ""173-179""]]",https://draquex.com/buki/0-tsume.php,https://draquex.com/buki/tsume-90-1.php,,12,"2026-03-12 00:41:52","2026-07-23 15:19:02"
259,claw_85,エンシェントクロー,"Olde-Worlde Clawse",,,,7,,"[""開戦時10%でチャージ時間-10秒"", ""MP消費しない率+4.0%""]",,15,64,,14,20,20,,,inherit,40,85,古代武器図説・爪編,真グランゼドーラ王国のレシピ屋30000G,チャージ時間が時々短縮される古代文明のツメ,ツメ,ツメ,2,"[{""count"": 3, ""item_id"": 759}, {""count"": 20, ""item_id"": 718}, {""count"": 20, ""item_id"": 595}, {""count"": 1, ""item_id"": 761}, {""count"": 5, ""item_id"": 865}]","[[""245-256"", ""245-256""], [""173-179"", ""173-179""]]",https://draquex.com/buki/0-tsume.php,https://draquex.com/buki/tsume-85-1.php,,10,"2026-03-12 00:42:07","2026-07-23 15:19:02"
260,claw_80,蒼炎のツメ,"Frostfire Fingers",,,,7,,"[""MP消費しない率+4.0%"", ""攻撃時4%でボミエ""]",,,59,,14,,,,,inherit,39,80,蒼炎伝,真グランゼドーラ王国のレシピ屋20000G,相手のすばやさをたまに下げる地獄由来のツメ,ツメ,ツメ,2,"[{""count"": 15, ""item_id"": 838}, {""count"": 1, ""item_id"": 703}, {""count"": 20, ""item_id"": 863}, {""count"": 1, ""item_id"": 761}, {""count"": 10, ""item_id"": 865}]","[[""193-199"", ""220-231""], [""256-267"", ""145-151""]]",https://draquex.com/buki/0-tsume.php,https://draquex.com/buki/tsume-80-2.php,,10,"2026-03-12 00:42:19","2026-07-23 15:19:02"
261,claw_80_2,キャプテンクロー,"Captain's Hooks",,,,7,,"[""通常ドロップ率1.1倍""]",,,55,,12,,,,,inherit,38,80,ある船長の航海日誌,真グランゼドーラ王国のレシピ屋20000G,海賊のかぎづめでほんのちょっとドロップ率アップ,ツメ,ツメ,2,"[{""count"": 15, ""item_id"": 838}, {""count"": 20, ""item_id"": 535}, {""count"": 30, ""item_id"": 683}, {""count"": 1, ""item_id"": 761}, {""count"": 10, ""item_id"": 865}]","[[""145-156"", ""261-267""], [""205-211"", ""145-156""]]",https://draquex.com/buki/0-tsume.php,https://draquex.com/buki/tsume-80-1.php,,8,"2026-03-12 00:42:24","2026-07-23 15:19:02"
262,claw_75,クリスタルクロー,"Crystal Claws",,,,7,,"[""攻撃ダメージの6.0%HPが回復""]",,,52,,16,,,,,inherit,37,75,クリスタルクローの本,真グランゼドーラ王国のレシピ屋20000G,攻撃するたびキズをいやす青く輝くツメ,ツメ,ツメ,2,"[{""count"": 10, ""item_id"": 838}, {""count"": 20, ""item_id"": 784}, {""count"": 1, ""item_id"": 745}, {""count"": 1, ""item_id"": 761}, {""count"": 10, ""item_id"": 865}]","[[""135-146"", ""135-146""], [""215-221"", ""215-221""]]",https://draquex.com/buki/0-tsume.php,https://draquex.com/buki/tsume-75-1.php,,12,"2026-03-12 00:42:28","2026-07-23 15:19:02"
263,claw_70,聖王のツメ,"Dryspell Claw",,,,7,,"[""マシン系にダメージ+10%""]",,,49,,14,,,,,inherit,36,70,聖王のツメの壁画,偽グランゼドーラ王国のレシピ屋20000G,聖なる力を秘めたマシン系の敵を引き裂くツメ,ツメ,ツメ,2,"[{""count"": 1, ""item_id"": 648}, {""count"": 1, ""item_id"": 578}, {""count"": 20, ""item_id"": 699}, {""count"": 1, ""item_id"": 761}, {""count"": 5, ""item_id"": 865}]","[[""150-161"", ""150-161""], [""270-276"", ""200-206""]]",https://draquex.com/buki/0-tsume.php,https://draquex.com/buki/tsume-70-1.php,,12,"2026-03-12 00:42:33","2026-07-23 15:19:02"
264,claw_65,竜王のツメ,"Dragonlord Claws",,,,7,,"[""ドラゴン系にダメージ+20%""]",,,46,,14,,,,,inherit,35,65,竜王のツメの伝説,グレン城・武器鍛冶ギルドのレシピ屋10000G,ドラゴン系の敵をたやすく引き裂く猛々しいツメ,ツメ,ツメ,2,"[{""count"": 1, ""item_id"": 649}, {""count"": 2, ""item_id"": 753}, {""count"": 2, ""item_id"": 754}, {""count"": 1, ""item_id"": 880}, {""count"": 10, ""item_id"": 865}]","[[""140-146"", ""234-245""], [""234-245"", ""140-146""]]",https://draquex.com/buki/0-tsume.php,https://draquex.com/buki/tsume-65-1.php,,12,"2026-03-12 00:42:37","2026-07-23 15:19:02"
265,claw_60,ファルコンクロー,"Gryphon Talon",,,,7,,"[""鳥系にダメージ+10%"", ""かいしん率+1.2%""]",,,38,,10,,,,,inherit,33,60,ファルコンクローの本,グレン城・武器鍛冶ギルドのレシピ屋10000G,鳥系に強く会心の一撃も出やすくなるツメ,ツメ,ツメ,2,"[{""count"": 1, ""item_id"": 649}, {""count"": 1, ""item_id"": 611}, {""count"": 1, ""item_id"": 880}, {""count"": 12, ""item_id"": 865}]","[[""141-151"", ""185-191""], [""200-212"", ""120-132""]]",https://draquex.com/buki/0-tsume.php,https://draquex.com/buki/tsume-60-1.php,,11,"2026-03-12 00:42:39","2026-07-23 15:19:02"
266,claw_60_2,冥獣のツメ,"Monster Slashers",,,,7,,"[""獣系を攻撃時3%で魅了"", ""獣系にダメージ+10%""]",,,43,,12,,,,,inherit,34,60,冥獣のツメの秘術,グレン城・武器鍛冶ギルドのレシピ屋10000G,獣系を魅了し獣系に強い冥界の魔獣のツメ,ツメ,ツメ,2,"[{""count"": 1, ""item_id"": 649}, {""count"": 6, ""item_id"": 835}, {""count"": 1, ""item_id"": 639}, {""count"": 12, ""item_id"": 865}]","[[""130-136"", ""190-201""], [""190-201"", ""130-136""]]",https://draquex.com/buki/0-tsume.php,https://draquex.com/buki/tsume-60-2.php,,12,"2026-03-12 00:42:41","2026-07-23 15:19:02"
267,claw_50,古武道のツメ,"Crimson Claws",,,,7,,"[""エレ系にダメージ+10%"", ""かいしん率+1.2%""]",,,32,,10,,,,,inherit,30,50,古武道のススメ,グレン城・武器鍛冶ギルドのレシピ屋10000G,エレメントに強く会心の一撃も出やすくなるツメ,ツメ,ツメ,2,"[{""count"": 10, ""item_id"": 816}, {""count"": 6, ""item_id"": 805}, {""count"": 1, ""item_id"": 880}, {""count"": 10, ""item_id"": 865}]","[[""85-90"", ""150-158""], [""100-112"", ""135-144""]]",https://draquex.com/buki/0-tsume.php,https://draquex.com/buki/tsume-50-1.php,,11,"2026-03-12 00:42:44","2026-07-23 15:19:02"
268,claw_50_2,まじゅうのツメ,"Beast Claws",,,,7,,"[""獣系にダメージ+7%"", ""鳥系ににダメージ+7%""]",,,36,,10,,,,,inherit,31,50,まじゅうのツメの作り方,グレン城・武器鍛冶ギルドのレシピ屋10000G,獣系や鳥系の敵に特に効果がある凶悪なツメ,ツメ,ツメ,2,"[{""count"": 12, ""item_id"": 816}, {""count"": 6, ""item_id"": 835}, {""count"": 1, ""item_id"": 552}, {""count"": 10, ""item_id"": 865}]","[[""120-127"", ""120-127""], [""190-200"", ""190-200""]]",https://draquex.com/buki/0-tsume.php,https://draquex.com/buki/tsume-50-2.php,,11,"2026-03-12 00:42:47","2026-07-23 15:19:02"
269,claw_42,プラチナクロー,"Platinum Claws",,,,7,,"[""試合時のみダメージ+15%""]",,,25,,10,,,,,inherit,25,42,プラチナクローの本,ヴェリナード城下町G-5素材屋の本棚,コロシアムで威力を発揮するプラチナ製のツメ,ツメ,ツメ,2,"[{""count"": 4, ""item_id"": 816}, {""count"": 1, ""item_id"": 619}, {""count"": 1, ""item_id"": 819}, {""count"": 4, ""item_id"": 865}]","[[""85-90"", ""85-90""], [""110-124"", ""110-124""]]",https://draquex.com/buki/0-tsume.php,https://draquex.com/buki/tsume-42-1.php,,8,"2026-03-12 00:42:51","2026-07-23 15:19:02"
270,claw_42_2,あくまのツメ,"Cobra Claws",,,,7,,"[""攻撃時3%でどく""]",,,26,,8,,,,,inherit,27,42,あくまのツメの秘密,グレン城・武器鍛冶ギルドのレシピ屋3000G,斬りつけた相手をたまに毒にするまがまがしいツメ,ツメ,ツメ,2,"[{""count"": 6, ""item_id"": 816}, {""count"": 4, ""item_id"": 751}, {""count"": 1, ""item_id"": 781}, {""count"": 6, ""item_id"": 865}]","[[""66-74"", ""140-150""], [""140-150"", ""66-74""]]",https://draquex.com/buki/0-tsume.php,https://draquex.com/buki/tsume-42-2.php,,8,"2026-03-12 00:42:53","2026-07-23 15:19:02"
271,claw_42_3,ドラゴンクロー,"Dragon Claws",,,,7,,"[""ドラゴン系にダメージ+10%""]",,,28,,10,,,,,inherit,29,42,ドラゴンクローの書,メギストリスの都のレシピ屋10000G,ドラゴン系の敵をたやすく引き裂く竜を模したツメ,ツメ,ツメ,2,"[{""count"": 6, ""item_id"": 816}, {""count"": 1, ""item_id"": 753}, {""count"": 1, ""item_id"": 810}, {""count"": 8, ""item_id"": 865}]","[[""90-100"", ""90-100""], [""130-137"", ""130-137""]]",https://draquex.com/buki/0-tsume.php,https://draquex.com/buki/tsume-42-3.php,,8,"2026-03-12 00:42:56","2026-07-23 15:19:02"
272,claw_35,はやぶさのツメ,"Crow's Claws",,,,7,,"[""鳥系を攻撃時3%で魅了""]",,,20,,6,,,,,inherit,17,35,はやぶさのツメの書,メギストリスの都E-7宿屋2階上がって左の部屋の本棚,鳥系を魅了するはやぶさの姿を模したツメ,ツメ,ツメ,2,"[{""count"": 1, ""item_id"": 633}, {""count"": 1, ""item_id"": 674}, {""count"": 1, ""item_id"": 699}]","[[""86-94"", ""86-94""], [""64-76"", ""64-76""]]",https://draquex.com/buki/0-tsume.php,https://draquex.com/buki/tsume-35-1.php,,6,"2026-03-12 00:42:58","2026-07-23 15:19:02"
273,claw_35_2,ほのおのツメ,"Fire Claws",,,,7,,"[""戦いで使うと火の玉が飛び出す""]",,,21,,6,,,,,inherit,20,35,ほのおのツメの作り方,バザーのみアサシンクローがドロップする,戦闘中に使うと火の玉が飛び出す魔法のツメ,ツメ,ツメ,2,"[{""count"": 1, ""item_id"": 633}, {""count"": 1, ""item_id"": 863}, {""count"": 1, ""item_id"": 820}]","[[""55-68"", ""55-68""], [""110-116"", ""110-116""]]",https://draquex.com/buki/0-tsume.php,https://draquex.com/buki/tsume-35-2.php,,6,"2026-03-12 00:43:00","2026-07-23 15:19:02"
274,claw_35_3,こおりのツメ,"Ice Claws",,,,7,,"[""戦いで使うと氷のつぶてで攻撃""]",,,22,,6,,,,,inherit,23,35,こおりのツメの秘密,バザーのみブリザードがドロップする,戦闘中に使うと氷のつぶてが敵をおそうツメ,ツメ,ツメ,2,"[{""count"": 1, ""item_id"": 633}, {""count"": 1, ""item_id"": 652}, {""count"": 1, ""item_id"": 653}]","[[""65-71"", ""65-71""], [""115-128"", ""115-128""]]",https://draquex.com/buki/0-tsume.php,https://draquex.com/buki/tsume-35-3.php,,6,"2026-03-12 00:43:03","2026-07-23 15:19:02"
275,claw_28,黒ヒョウのツメ,"Panther Claws",,,,7,,"[""獣系にダメージ+10%""]",,,17,,5,,,,,inherit,16,28,黒ヒョウのツメの秘密,バザーのみダークパンサーがドロップする,獣系の敵に強い野生の黒ヒョウをイメージしたツメ,ツメ,ツメ,2,"[{""count"": 1, ""item_id"": 633}, {""count"": 1, ""item_id"": 699}, {""count"": 1, ""item_id"": 767}]","[[""48-53"", ""48-53""], [""90-105"", ""90-105""]]",https://draquex.com/buki/0-tsume.php,https://draquex.com/buki/tsume-28-2.php,,5,"2026-03-12 00:43:05","2026-07-23 15:19:02"
276,claw_28_2,はがねのツメ,"Steel Claws",,,,7,,"[""試合時のみダメージ+10%""]",,,16,,5,,,,,inherit,14,28,クローしないツメ生産,グレン城・武器鍛冶ギルドのレシピ屋30G,コロシアムで威力を発揮するはがね製のツメ,ツメ,ツメ,2,"[{""count"": 1, ""item_id"": 633}, {""count"": 1, ""item_id"": 749}, {""count"": 1, ""item_id"": 643}]","[[""76-88"", ""76-88""], [""45-53"", ""45-53""]]",https://draquex.com/buki/0-tsume.php,https://draquex.com/buki/tsume-28-1.php,,5,"2026-03-12 00:43:08","2026-07-23 15:19:02"
277,claw_21,シルバークロー,"Silver Claws",,,,7,,"[""-""]",,,12,,4,,,,,inherit,10,21,クローしないツメ生産,グレン城・武器鍛冶ギルドのレシピ屋30G,白くかがやく銀で作られたツメ,ツメ,ツメ,2,"[{""count"": 1, ""item_id"": 633}, {""count"": 1, ""item_id"": 732}]","[[""36-43"", ""36-43""], [""55-70"", ""55-70""]]",https://draquex.com/buki/0-tsume.php,https://draquex.com/buki/tsume-21-1.php,,5,"2026-03-12 00:43:10","2026-07-23 15:19:02"
278,claw_21_2,こあくまネイル,Infernails,,,,7,,"[""怪人系を攻撃時3%で魅了""]",,,14,,5,,,,,inherit,12,21,こあくまのネイル術,バザーのみベビルがドロップする,怪人系を魅了する小悪魔ギャルのおしゃれなツメ,ツメ,ツメ,2,"[{""count"": 1, ""item_id"": 633}, {""count"": 1, ""item_id"": 728}]","[[""45-55"", ""60-70""], [""60-70"", ""45-55""]]",https://draquex.com/buki/0-tsume.php,https://draquex.com/buki/tsume-21-2.php,,5,"2026-03-12 00:43:13","2026-07-23 15:19:02"
279,claw_14,まよけのツメ,"Sacred Claws",,,,7,,"[""エレ系にダメージ+10%""]",,,10,,3,,,,,inherit,9,14,クローしないツメ生産,グレン城・武器鍛冶ギルドのレシピ屋30G,エレメント系に強い聖なるツメ2回攻撃できる,ツメ,ツメ,2,"[{""count"": 1, ""item_id"": 732}, {""count"": 1, ""item_id"": 784}]","[[""45-55"", ""45-55""], [""35-48"", ""35-48""]]",https://draquex.com/buki/0-tsume.php,https://draquex.com/buki/tsume-14-2.php,,3,"2026-03-12 00:43:15","2026-07-23 15:19:02"
280,claw_14_2,てつのツメ,"Iron Claws",,,,7,,"[""試合時のみダメージ+5%""]",,,8,,3,,,,,inherit,7,14,クローしないツメ生産,グレン城・武器鍛冶ギルドのレシピ屋30G,コロシアムで威力が現れるツメ2回攻撃できる,ツメ,ツメ,2,"[{""count"": 3, ""item_id"": 732}, {""count"": 1, ""item_id"": 749}]","[[""25-40"", ""25-40""], [""45-55"", ""45-55""]]",https://draquex.com/buki/0-tsume.php,https://draquex.com/buki/tsume-14-1.php,,3,"2026-03-12 00:43:18","2026-07-23 15:19:02"
281,claw_7,キャットクロー,"Cat's Claws",,,,7,,"[""鳥系にダメージ+10%""]",,,6,,2,,,,,inherit,5,7,クローしないツメ生産,グレン城・武器鍛冶ギルドのレシピ屋30G,両手にはめて2回攻撃できる鳥系に強いツメ,ツメ,ツメ,2,"[{""count"": 1, ""item_id"": 732}, {""count"": 1, ""item_id"": 767}]","[[""35-52"", ""35-52""], [""25-40"", ""25-40""]]",https://draquex.com/buki/0-tsume.php,https://draquex.com/buki/tsume-7-2.php,,2,"2026-03-12 00:43:20","2026-07-23 15:19:02"
282,sword_1h_7_8,せいどうのツメ,"Bronze Claws",,,,1,,"[""-""]",,,4,,2,,,,,inherit,3,7,クローしないツメ生産,グレン城・武器鍛冶ギルドのレシピ屋30G,両手にはめて2回攻撃できる青銅でできたツメ,片手剣,片手剣,2,"[{""count"": 1, ""item_id"": 749}, {""count"": 1, ""item_id"": 732}]","[[""30-46"", ""30-46""], [""20-36"", ""20-36""]]",https://draquex.com/buki/0-tsume.php,https://draquex.com/buki/tsume-7-1.php,,2,"2026-03-12 00:43:26","2026-07-23 15:19:02"
283,claw_1,どうのツメ,"Copper Claws",,,,7,,"[""-""]",,,2,,1,,,,,inherit,2,1,はじめての武器鍛冶,グレン城・武器鍛冶ギルドのレシピ屋10G,両手にはめて2回攻撃できる銅製のツメ,ツメ,ツメ,2,"[{""count"": 1, ""item_id"": 749}]","[[""24-40"", ""24-40""], [""16-36"", ""16-36""]]",https://draquex.com/buki/0-tsume.php,https://draquex.com/buki/tsume-1-1.php,,2,"2026-03-12 00:43:28","2026-07-23 15:19:02"
284,whip_132,ミスティカルソーン,"Spirithorn Whip",,,,8,,"[""植物系にダメージ+15%"", ""行動時5%でチャージ時間-10秒""]",,,298,,15,,,100,,inherit,75,132,月刊ミスティカルゾーン,はじまりの地のレシピ屋クツツ1000000G,"チャージ時間が まれに短縮される 植物系に強いムチ",ムチ,ムチ,2,"[{""count"": 30, ""item_id"": 705}, {""count"": 6, ""item_id"": 703}, {""count"": 18, ""item_id"": 782}, {""count"": 30, ""item_id"": 754}, {""count"": 9, ""item_id"": 729}]","[[""120-129"", ""95-103""], [""85-93"", ""120-129""], [""220-229"", ""150-159""], [""160-169"", """"]]",https://draquex.com/buki/0-muchi.php,https://draquex.com/buki/muchi-132-1.php,,14,"2026-03-12 00:43:33","2026-07-23 15:19:02"
285,whip_130,グリンガムのムチ,"Gringham Whip",,,,8,,"[""攻撃系の特技使用時追加ダメージ+100"", ""攻撃系の特技の射程距離+1m""]",,,290,,15,,,95,,inherit,75,130,レシピ入手方法,神都フォーリオンのレシピ屋1000000G,"特技の射程が伸び 追加ダメージ発生 する伝説のムチ",ムチ,ムチ,2,"[{""count"": 30, ""item_id"": 705}, {""count"": 5, ""item_id"": 759}, {""count"": 5, ""item_id"": 771}, {""count"": 20, ""item_id"": 867}, {""count"": 8, ""item_id"": 729}]","[[""140-148"", ""110-118""], [""250-258"", ""90-98""], [""110-118"", ""180-188""], [""200-208"", """"]]",https://draquex.com/buki/0-muchi.php,https://draquex.com/buki/muchi-130-1.php,,14,"2026-03-12 00:43:35","2026-07-23 15:19:02"
286,whip_128,星喰いの毒蛇,"Snake Eater",,,,8,,"[""攻撃時15%で猛毒"", ""毒時魔物にダメージ+30""]",,,282,,15,,,90,,inherit,65,128,レシピ入手方法,神都フォーリオンのレシピ屋1000000G,"攻撃時よく猛毒 かつ毒状態の敵に ダメージ増すムチ",ムチ,ムチ,2,"[{""count"": 30, ""item_id"": 705}, {""count"": 10, ""item_id"": 648}, {""count"": 30, ""item_id"": 818}, {""count"": 1, ""item_id"": 581}, {""count"": 1, ""item_id"": 729}]","[[""130-138"", ""168-176""], [""138-146"", ""281-290""], [""150-158"", ""241-250""], [""190-198"", """"]]",https://draquex.com/buki/0-muchi.php,https://draquex.com/buki/muchi-128-1.php,,14,"2026-03-12 00:43:38","2026-07-23 15:19:02"
287,whip_125,モアクラッシュ,Crashmore,,,,8,,"[""物質系にダメージ+15%"", ""行動時5%でバイシオンとスカラ""]",,,274,,15,,,85,,inherit,75,125,チェーン年代記・改訂版,神都フォーリオンのレシピ屋1000000G,"物質系に強く 自分も強化できる 美しいムチ",ムチ,ムチ,,"[{""count"": 30, ""item_id"": 705}, {""count"": 5, ""item_id"": 862}, {""count"": 30, ""item_id"": 693}, {""count"": 5, ""item_id"": 762}, {""count"": 8, ""item_id"": 729}]","[[""123-131"", ""115-123""], [""118-126"", ""115-123""], [""246-254"", ""180-188""], [""212-220"", """"]]",https://draquex.com/buki/0-muchi.php,https://draquex.com/buki/muchi-125-1.php,,14,"2026-03-12 00:43:40","2026-07-23 15:19:02"
288,whip_120,セーラスウィップ,"Selas Whip",,,,8,,"[""行動時5％でバイシオンとスカラ"", ""特技のダメージ+15""]",,,266,,15,,,80,,inherit,70,120,神光放つムチの書,神都フォーリオンのレシピ屋1000000G,"特技ダメージ増え 行動時たまに 自分強化するムチ",ムチ,ムチ,,"[{""count"": 30, ""item_id"": 799}, {""count"": 5, ""item_id"": 693}, {""count"": 20, ""item_id"": 554}, {""count"": 1, ""item_id"": 581}, {""count"": 8, ""item_id"": 729}]","[[""95-103"", ""95-103""], [""95-103"", ""145-155""], [""200-208"", ""160-168""], [""230-238"", """"]]",https://draquex.com/buki/0-muchi.php,https://draquex.com/buki/muchi-120-1.php,,14,"2026-03-12 00:43:42","2026-07-23 15:19:02"
289,whip_118,ローズソーン,Rosethorn,,,,8,,"[""虫系にダメージ+15%"", ""鳥系にダメージ+15%""]",,,257,,15,,,75,,inherit,70,118,きれいなバラのトゲ,神都フォーリオンのレシピ屋1000000G,"虫系と鳥系に めっぽう強い トゲ持つムチ",ムチ,ムチ,2,"[{""count"": 30, ""item_id"": 799}, {""count"": 3, ""item_id"": 708}, {""name"": ""レッドローズ"", ""count"": 10, ""item_id"": null}, {""count"": 1, ""item_id"": 581}, {""count"": 7, ""item_id"": 729}]","[[""100-107"", ""100-107""], [""100-107"", ""140-150""], [""200-208"", ""140-150""], [""200-208"", """"]]",https://draquex.com/buki/0-muchi.php,https://draquex.com/buki/muchi-118-1.php,,14,"2026-03-12 00:43:45","2026-07-23 15:19:02"
290,whip_115,輝天のムチ,"Sky Whip",,,,8,,"[""会心率と呪文暴走率+2.0%"", ""攻撃時4.0%でルカニ2段階""]",,,247,,15,,,70,,inherit,65,115,やわらかくてムチムチ,砂の都ファラザードのレシピ屋1000000G,敵の守備力を下げ会心と呪文暴走の確率も上がるムチ,ムチ,ムチ,2,"[{""count"": 5, ""item_id"": 799}, {""count"": 2, ""item_id"": 708}, {""count"": 1, ""item_id"": 581}, {""count"": 5, ""item_id"": 865}, {""count"": 5, ""item_id"": 810}]","[[""90-97"", ""90-97""], [""90-97"", ""170-179""], [""220-229"", ""170-179""], [""220-229"", null]]",https://draquex.com/buki/0-muchi.php,https://draquex.com/buki/muchi-115-1.php,,14,"2026-03-12 00:43:47","2026-07-23 15:19:02"
291,whip_110,クラッシュチェーン,"Crusher Chain",,,,8,,"[""物質系にダメージ+15%"", ""行動時5%でバイシオンとスカラ""]",,,235,,15,,,65,,inherit,65,110,チェーン年代記,砂の都ファラザードのレシピ屋50000G,物質系に強く自分も強化できる鎖で作られたムチ,ムチ,ムチ,2,"[{""count"": 5, ""item_id"": 741}, {""count"": 1, ""item_id"": 759}, {""count"": 1, ""item_id"": 838}, {""count"": 5, ""item_id"": 633}, {""count"": 5, ""item_id"": 865}]","[[""130-138"", ""100-108""], [""100-108"", ""210-220""], [""130-138"", ""210-220""], [""100-108"", """"]]",https://draquex.com/buki/0-muchi.php,https://draquex.com/buki/muchi-110-1.php,,14,"2026-03-12 00:43:49","2026-07-23 15:19:02"
292,whip_108,妖蛇のムチ,"Snake Whip",,,,8,,"[""状態異常系の成功率+10.0%"", ""コマンド間隔-0.5秒""]",,,215,,15,,,60,,inherit,65,108,妖蛇の毒牙,王都キィンベルのレシピ屋50000G,行動時間を短縮し状態異常成功率が少し上がるムチ,ムチ,ムチ,,"[{""count"": 5, ""item_id"": 741}, {""count"": 1, ""item_id"": 644}, {""count"": 5, ""item_id"": 818}, {""count"": 10, ""item_id"": 678}, {""count"": 5, ""item_id"": 865}]","[[""90-98"", ""90-98""], [""150-160"", ""180-190""], [""140-150"", ""170-180""], [""100-108"", """"]]",https://draquex.com/buki/0-muchi.php,https://draquex.com/buki/muchi-108-1.php,,14,"2026-03-12 00:43:52","2026-07-23 15:19:02"
293,whip_105,魔石球のムチ,"Magic Stone Whip",,,,8,,"[""行動時10%でチャージ時間-10秒""]",,,185,,15,,,55,,inherit,60,105,魔石球のかがやき,王都キィンベルのレシピ屋50000G,チャージ時間がたまに短縮される魔石をはめたムチ,ムチ,ムチ,,"[{""count"": 5, ""item_id"": 741}, {""count"": 2, ""item_id"": 550}, {""count"": 5, ""item_id"": 745}, {""count"": 10, ""item_id"": 840}, {""count"": 5, ""item_id"": 865}]","[[""110-120"", ""121-129""], [""121-129"", ""200-210""], [""110-120"", ""200-210""], [""114-122"", """"]]",https://draquex.com/buki/0-muchi.php,https://draquex.com/buki/muchi-105-1.php,,14,"2026-03-12 00:43:54","2026-07-23 15:19:02"
294,whip_100,金剛のムチ,"Varja Whip",,,,8,,"[""闇属性攻撃"", ""行動時5%でバイキルト""]",8,,146,,15,,,50,,inherit,45,100,ムチムチ金剛伝,王都キィンベルのレシピ屋40000G,行動時たまにバイキルトがかかる闇の魔力を宿すムチ,ムチ,ムチ,2,"[{""count"": 10, ""item_id"": 543}, {""count"": 5, ""item_id"": 868}, {""count"": 1, ""item_id"": 581}, {""count"": 15, ""item_id"": 818}, {""count"": 5, ""item_id"": 865}]","[[""124-134"", ""120-128""], [""150-160"", ""170-178""], [""120-130"", ""112-122""], [""124-132"", """"]]",https://draquex.com/buki/0-muchi.php,https://draquex.com/buki/muchi-100-1.php,,14,"2026-03-12 00:43:56","2026-07-23 15:19:02"
295,whip_99,大獄獣のムチ,"Hellbeast Whip",,,,8,,"[""攻撃時3%でヘナトス"", ""全ての攻撃ダメージ+5.0%""]",8,,137,,14,,,45,,inherit,44,99,大獄獣の調教術,聖都エジャルナのレシピ屋40000G,破壊力が強化されまれに敵の攻撃も低下させるムチ,ムチ,ムチ,2,"[{""count"": 5, ""item_id"": 543}, {""count"": 1, ""item_id"": 644}, {""count"": 15, ""item_id"": 697}, {""count"": 2, ""item_id"": 834}, {""count"": 5, ""item_id"": 865}]","[[""190-202"", ""120-130""], [""130-140"", ""150-160""], [""116-122"", ""120-130""], [""140-146"", """"]]",https://draquex.com/buki/0-muchi.php,https://draquex.com/buki/muchi-99-1.php,,14,"2026-03-12 00:43:59","2026-07-23 15:19:02"
296,whip_96,アステルウィップ,"Aster Whip",,,,8,,"[""状態異常系の成功率+10.0%"", ""攻撃時4%でルカニ""]",8,,128,,14,,,40,,inherit,43,96,今日からアステル創刊号,聖都エジャルナのレシピ屋40000G,状態異常の成功率が上がり防御力下げるムチ,ムチ,ムチ,2,"[{""count"": 5, ""item_id"": 543}, {""count"": 30, ""item_id"": 821}, {""count"": 20, ""item_id"": 633}, {""count"": 1, ""item_id"": 581}, {""count"": 5, ""item_id"": 865}]","[[""100-110"", ""130-136""], [""188-200"", ""130-136""], [""100-110"", ""160-170""], [""160-170"", """"]]",https://draquex.com/buki/0-muchi.php,https://draquex.com/buki/muchi-96-1.php,,14,"2026-03-12 00:44:01","2026-07-23 15:19:02"
297,whip_93,ボルケーノウィップ,"Volcano Whip",,,,8,,"[""炎属性攻撃"", ""2.0%でターン消費なし""]",,,114,,14,,20,35,,inherit,42,93,ボルケーノ美術史入門,聖都エジャルナのレシピ屋30000G,まれにターンを消費しない灼熱のムチ,ムチ,ムチ,2,"[{""count"": 5, ""item_id"": 759}, {""count"": 30, ""item_id"": 863}, {""count"": 30, ""item_id"": 820}, {""count"": 1, ""item_id"": 752}, {""count"": 1, ""item_id"": 865}]","[[""90-100"", ""90-100""], [""115-121"", ""144-154""], [""115-121"", ""185-196""], [""185-196"", """"]]",https://draquex.com/buki/0-muchi.php,https://draquex.com/buki/muchi-93-1.php,,14,"2026-03-12 00:44:03","2026-07-23 15:19:02"
298,whip_90,スライムウィップ,"Slime Whip",,,,8,,"[""開戦時75%でピオラ2段階"", ""全ての攻撃ダメージ+5.0%""]",8,,110,,14,,,35,,inherit,41,90,うなれスライムウィップ,聖都エジャルナのレシピ屋30000G,ピオラが2段階でかかりやすい意外と強力なムチ,ムチ,ムチ,2,"[{""count"": 5, ""item_id"": 759}, {""count"": 20, ""item_id"": 697}, {""count"": 20, ""item_id"": 696}, {""count"": 10, ""item_id"": 678}, {""count"": 5, ""item_id"": 865}]","[[""135-145"", ""115-121""], [""135-145"", ""115-121""], [""90-100"", ""160-172""], [""90-100"", """"]]",https://draquex.com/buki/0-muchi.php,https://draquex.com/buki/muchi-90-1.php,,14,"2026-03-12 00:44:05","2026-07-23 15:19:02"
299,whip_85,クロスペンデュラム,"Cross Pendulum",,,,8,,"[""状態異常系の成功率+10.0%"", ""開戦時30%でバイシオン""]",,,89,,14,,,,,inherit,40,85,振り子の約束,真グランゼドーラ王国のレシピ屋30000G,状態異常の成功率が上がる超攻撃型のムチ,ムチ,ムチ,2,"[{""count"": 3, ""item_id"": 759}, {""count"": 2, ""item_id"": 649}, {""count"": 5, ""item_id"": 661}, {""count"": 1, ""item_id"": 761}, {""count"": 5, ""item_id"": 865}]","[[""120-126"", ""130-140""], [""120-126"", ""130-140""], [""90-100"", ""156-168""], [""90-100"", """"]]",https://draquex.com/buki/0-muchi.php,https://draquex.com/buki/muchi-85-1.php,,14,"2026-03-12 00:44:08","2026-07-23 15:19:02"
300,whip_80,ヴォイドアンカー,"Anchor of Rancour",,,,8,,"[""かいしん率+1.2%"", ""開戦時10%でバイキルト""]",,,83,,14,,,,,inherit,39,80,ある船乗りの手記,真グランゼドーラ王国のレシピ屋20000G,会心の一撃が少し出やすくなるいかり型のムチ,ムチ,ムチ,2,"[{""count"": 15, ""item_id"": 838}, {""count"": 5, ""item_id"": 819}, {""count"": 10, ""item_id"": 678}, {""count"": 1, ""item_id"": 761}, {""count"": 10, ""item_id"": 865}]","[[""105-115"", ""130-140""], [""147-159"", ""130-140""], [""105-115"", ""80-86""], [""80-86"", """"]]",https://draquex.com/buki/0-muchi.php,https://draquex.com/buki/muchi-80-2.php,,14,"2026-03-12 00:44:10","2026-07-23 15:19:02"
301,whip_80_2,フリーズウィップ,Malevolash,,,,8,,"[""攻撃時2%でマヒ"", ""攻撃時3%でヘナトス""]",,,79,,13,,,,,inherit,38,80,シャル・ウィ・フリーズ,真グランゼドーラ王国のレシピ屋20000G,敵の攻撃力を下げマヒもさせる冷酷非情のムチ,ムチ,ムチ,2,"[{""count"": 15, ""item_id"": 838}, {""count"": 20, ""item_id"": 652}, {""count"": 20, ""item_id"": 248}, {""count"": 1, ""item_id"": 761}, {""count"": 10, ""item_id"": 865}]","[[""90-100"", ""90-100""], [""70-76"", ""150-160""], [""70-76"", ""125-136""], [""125-136"", """"]]",https://draquex.com/buki/0-muchi.php,https://draquex.com/buki/muchi-80-1.php,,14,"2026-03-12 00:44:13","2026-07-23 15:19:02"
302,whip_75,トライデントテイル,"Triple-Tine Whip",,,,8,,"[""ゾンビ系にダメージ+10%"", ""水系にダメージ+10%""]",,5,76,,16,,,,,inherit,37,75,トライデントテイルの書,真グランゼドーラ王国のレシピ屋20000G,ゾンビ系と水系の敵を打ちすえる超硬度のムチ,ムチ,ムチ,2,"[{""count"": 10, ""item_id"": 838}, {""count"": 1, ""item_id"": 818}, {""count"": 10, ""item_id"": 678}, {""count"": 1, ""item_id"": 761}, {""count"": 10, ""item_id"": 865}]","[[""100-106"", ""100-106""], [""135-146"", ""135-146""], [""60-70"", ""115-125""], [""90-100"", """"]]",https://draquex.com/buki/0-muchi.php,https://draquex.com/buki/muchi-75-1.php,,14,"2026-03-12 00:44:15","2026-07-23 15:19:02"
303,whip_70,聖王のムチ,"Dryspell Whip",,,,8,,"[""怪人系にダメージ+10%""]",,,67,,15,,,,,inherit,36,70,聖王のムチの壁画,偽グランゼドーラ王国のレシピ屋20000G,聖なる力を秘めた怪人系の敵を打ち倒すムチ,ムチ,ムチ,2,"[{""count"": 5, ""item_id"": 838}, {""count"": 1, ""item_id"": 581}, {""count"": 5, ""item_id"": 678}, {""count"": 1, ""item_id"": 761}, {""count"": 5, ""item_id"": 865}]","[[""85-95"", ""85-95""], [""135-146"", ""175-185""], [""60-66"", ""135-146""], [""60-66"", """"]]",https://draquex.com/buki/0-muchi.php,https://draquex.com/buki/muchi-70-1.php,,14,"2026-03-12 00:44:18","2026-07-23 15:19:02"
304,whip_65,魔神のムチ,Beelzebarb,,,,8,,"[""怪人系を攻撃時4%で魅了"", ""かいしん率+1.2%""]",,,59,,10,,,,,inherit,35,65,魔神のムチのレシピ,グレン城・武器鍛冶ギルドのレシピ屋10000G,怪人系を魅了し会心率も上がる破壊的なムチ,ムチ,ムチ,2,"[{""count"": 1, ""item_id"": 649}, {""count"": 5, ""item_id"": 818}, {""count"": 10, ""item_id"": 559}, {""count"": 1, ""item_id"": 782}, {""count"": 10, ""item_id"": 865}]","[[""63-75"", ""104-110""], [""84-94"", ""104-110""], [""63-75"", ""84-94""], [""178-186"", """"]]",https://draquex.com/buki/0-muchi.php,https://draquex.com/buki/muchi-65-1.php,,14,"2026-03-12 00:44:21","2026-07-23 15:19:02"
305,whip_60,サーペントウィップ,"Serpent Whip",,,,8,,"[""水系にダメージ+10%""]",,,50,,15,,,,,inherit,33,60,サーペントウィップの本,グレン城・武器鍛冶ギルドのレシピ屋10000G,水系の敵に強い神聖な海へびのチカラが宿るムチ,ムチ,ムチ,2,"[{""count"": 15, ""item_id"": 608}, {""count"": 15, ""item_id"": 653}, {""count"": 1, ""item_id"": 880}, {""count"": 12, ""item_id"": 865}]","[[""76-90"", ""66-82""], [""90-96"", ""76-81""], [""116-129"", ""120-128""], [""86-94"", """"]]",https://draquex.com/buki/0-muchi.php,https://draquex.com/buki/muchi-60-1.php,,11,"2026-03-12 00:44:23","2026-07-23 15:19:02"
306,whip_60_2,女王のムチ,"Queen's Whip",,,,8,,"[""怪人系にダメージ+10%""]",,,56,,20,,,,,inherit,34,60,ムチムチ女王様の日記,グレン城・武器鍛冶ギルドのレシピ屋10000G,怪人系の敵に強い女王様が愛用するうるわしきムチ,ムチ,ムチ,2,"[{""count"": 15, ""item_id"": 608}, {""count"": 15, ""item_id"": 548}, {""count"": 1, ""item_id"": 639}, {""count"": 12, ""item_id"": 865}]","[[""100-109"", ""72-82""], [""72-82"", ""100-109""], [""166-176"", ""90-96""], [""72-82"", """"]]",https://draquex.com/buki/0-muchi.php,https://draquex.com/buki/muchi-60-2.php,,12,"2026-03-12 00:44:25","2026-07-23 15:19:02"
307,whip_50,あくまのムチ,"Demon's Whip",,,,8,,"[""悪魔系を攻撃時4%で魅了""]",,,46,,10,,,,,inherit,30,50,あくまのムチの秘密,グレン城・武器鍛冶ギルドのレシピ屋10000G,悪魔系の心を支配する誘惑のムチ,ムチ,ムチ,2,"[{""count"": 10, ""item_id"": 816}, {""count"": 5, ""item_id"": 867}, {""count"": 1, ""item_id"": 782}, {""count"": 10, ""item_id"": 865}]","[[""66-78"", ""66-78""], [""76-80"", ""50-60""], [""76-88"", ""80-90""], [""56-66"", """"]]",https://draquex.com/buki/0-muchi.php,https://draquex.com/buki/muchi-50-1.php,,11,"2026-03-12 00:44:28","2026-07-23 15:19:02"
308,whip_50_2,カルベロビュート,"Wizardly Whip",,,,8,,"[""エレ系にダメージ+10%""]",,10,48,,13,,,,,inherit,33,50,カルベローナの記録,グレン城・武器鍛冶ギルドのレシピ屋10000G,エレメントに強く最大MPも高める伝説のムチ,ムチ,ムチ,2,"[{""count"": 12, ""item_id"": 816}, {""count"": 30, ""item_id"": 840}, {""count"": 1, ""item_id"": 811}, {""count"": 10, ""item_id"": 865}]","[[""68-80"", ""68-78""], [""76-82"", ""80-96""], [""90-94"", ""108-120""], [""70-80"", """"]]",https://draquex.com/buki/0-muchi.php,https://draquex.com/buki/muchi-50-2.php,,11,"2026-03-12 00:44:35","2026-07-23 15:19:02"
309,whip_42,スコーピオンテイル,"Scorpion Tail",,,,8,,"[""攻撃時2%でマヒ""]",,,36,,10,,,,,inherit,25,42,スコーピオンテイルの本,ドルワーム水晶球2階D-3休憩室の本棚,打ちつけた敵をまれにマヒさせる恐ろしいムチ,ムチ,ムチ,2,"[{""count"": 4, ""item_id"": 816}, {""count"": 20, ""item_id"": 751}, {""count"": 1, ""item_id"": 248}, {""count"": 4, ""item_id"": 865}]","[[""50-60"", ""30-45""], [""30-45"", ""50-65""], [""50-60"", ""90-96""], [""90-95"", """"]]",https://draquex.com/buki/0-muchi.php,https://draquex.com/buki/muchi-42-1.php,,8,"2026-03-12 00:44:38","2026-07-23 15:19:02"
310,whip_42_2,バスターウィップ,"Scourge Whip",,,,8,,"[""試合時のみダメージ+15%""]",,,38,,8,,,,,inherit,27,42,バスターウィップの本,グレン城・武器鍛冶ギルドのレシピ屋3000G,コロシアムで威力を発揮する強力なムチ,ムチ,ムチ,2,"[{""count"": 6, ""item_id"": 816}, {""count"": 10, ""item_id"": 643}, {""count"": 1, ""item_id"": 781}, {""count"": 6, ""item_id"": 865}]","[[""40-60"", ""48-60""], [""36-46"", ""60-66""], [""54-64"", ""82-90""], [""90-96"", """"]]",https://draquex.com/buki/0-muchi.php,https://draquex.com/buki/muchi-42-2.php,,8,"2026-03-12 00:44:44","2026-07-23 15:19:02"
311,whip_42_3,ドラゴンテイル,"Dragontail Whip",,,,8,,"[""ドラゴン系にダメージ+10%""]",,,40,,10,,,,,inherit,29,42,ドラゴンテイルの書,メギストリスの都のレシピ屋10000G,ドラゴン系に強い竜のしっぽを思わせるムチ,ムチ,ムチ,2,"[{""count"": 8, ""item_id"": 816}, {""count"": 1, ""item_id"": 753}, {""count"": 4, ""item_id"": 638}, {""count"": 8, ""item_id"": 865}]","[[""36-50"", ""56-68""], [""56-64"", ""62-70""], [""50-64"", ""100-110""], [""80-85"", """"]]",https://draquex.com/buki/0-muchi.php,https://draquex.com/buki/muchi-42-3.php,,8,"2026-03-12 00:44:50","2026-07-23 15:19:02"
312,whip_35,みわくのリボン,Hypnowhip,,,,8,,"[""攻撃時2%で幻惑"", ""エレ系にダメージ+10%""]",,,29,,7,,,,,inherit,17,35,みわくのリボンの作り方,オルフェアの町G-6宿屋(入って左の部屋)の本棚,まれに敵を幻惑しエレメント系にも強いリボン,ムチ,ムチ,2,"[{""count"": 1, ""item_id"": 633}, {""count"": 1, ""item_id"": 548}, {""count"": 1, ""item_id"": 760}]","[[""30-38"", ""30-38""], [""40-52"", ""30-42""], [""50-60"", ""50-58""], [""70-78"", """"]]",https://draquex.com/buki/0-muchi.php,https://draquex.com/buki/muchi-35-1.php,,6,"2026-03-12 00:44:55","2026-07-23 15:19:02"
313,whip_35_2,ビーストウィップ,"Beastly Bullwhip",,,,8,,"[""獣系にダメージ+10%""]",,,31,,6,,,,,inherit,20,35,ビーストウィップの秘密,バザーのみフォレスドンがドロップする,獣系の魔物に強いたのもしいムチ,ムチ,ムチ,2,"[{""count"": 1, ""item_id"": 633}, {""count"": 1, ""item_id"": 643}, {""count"": 1, ""item_id"": 699}]","[[""40-52"", ""40-50""], [""40-50"", ""60-68""], [""30-40"", ""70-78""], [""50-58"", """"]]",https://draquex.com/buki/0-muchi.php,https://draquex.com/buki/muchi-35-2.php,,6,"2026-03-12 00:45:00","2026-07-23 15:19:02"
314,whip_35_3,サイドワインダー,Sidewinder,,,,8,,"[""土属性攻撃""]",,,32,,6,,,,,inherit,23,35,サイドワインダーの書,バザーのみネクロバルサがドロップする,土の魔力を宿す大蛇を模した凶悪なムチ,ムチ,ムチ,2,"[{""count"": 1, ""item_id"": 633}, {""count"": 1, ""item_id"": 716}, {""count"": 1, ""item_id"": 698}]","[[""60-68"", ""30-40""], [""60-70"", ""30-40""], [""30-40"", ""70-78""], [""80-90"", """"]]",https://draquex.com/buki/0-muchi.php,https://draquex.com/buki/muchi-35-3.php,,6,"2026-03-12 00:45:06","2026-07-23 15:19:02"
315,whip_28,パイソンウィップ,"Python Whip",,,,8,,"[""攻撃時2%でどく""]",,,25,,5,,,,,inherit,16,28,パイソンウィップの書,バザーのみみずたまドラゴンがドロップする,打ちつけた敵をまれに毒に冒すへび柄のムチ,ムチ,ムチ,2,"[{""count"": 1, ""item_id"": 633}, {""count"": 1, ""item_id"": 716}, {""count"": 1, ""item_id"": 751}]","[[""35-45"", ""35-45""], [""30-40"", ""40-60""], [""30-40"", ""60-66""], [""40-48"", """"]]",https://draquex.com/buki/0-muchi.php,https://draquex.com/buki/muchi-28-2.php,,5,"2026-03-12 00:45:13","2026-07-23 15:19:02"
316,whip_28_2,はがねのムチ,"Spiked Steel Whip",,,,8,,"[""試合時のみダメージ+10%""]",,,23,,5,,,,,inherit,14,28,かんたん！ムチレシピ,グレン城・武器鍛冶ギルドのレシピ屋30G,コロシアムで威力を発揮するはがね製のムチ,ムチ,ムチ,2,"[{""count"": 1, ""item_id"": 633}, {""count"": 1, ""item_id"": 749}, {""count"": 1, ""item_id"": 643}]","[[""24-40"", ""24-40""], [""24-40"", ""40-50""], [""40-50"", ""48-54""], [""40-50"", """"]]",https://draquex.com/buki/0-muchi.php,https://draquex.com/buki/muchi-28-1.php,,5,"2026-03-12 00:45:19","2026-07-23 15:19:02"
317,whip_21,ローズウィップ,Rosewhip,,,,8,,"[""攻撃時2%で幻惑"", ""植物系にダメージ+10%""]",,,17,,5,,,,,inherit,10,21,かんたん！ムチレシピ,グレン城・武器鍛冶ギルドのレシピ屋30G,バラの香りで敵を幻惑する植物系に強いムチ,ムチ,ムチ,2,"[{""count"": 1, ""item_id"": 633}, {""count"": 1, ""item_id"": 548}]","[[""16-32"", ""18-30""], [""16-32"", ""30-40""], [""20-36"", ""56-68""], [""40-48"", """"]]",https://draquex.com/buki/0-muchi.php,https://draquex.com/buki/muchi-21-1.php,,5,"2026-03-12 00:45:22","2026-07-23 15:19:02"
318,whip_21_2,モーニングスター,"Morning Star",,,,8,,"[""物質系にダメージ+10%""]",,,20,,3,,,,,inherit,12,21,モーニングスターの本,バザーのみボーンファイターがドロップする,トゲ付きの鉄球で物質系の敵を打ち砕く武器,ムチ,ムチ,2,"[{""count"": 1, ""item_id"": 633}, {""count"": 1, ""item_id"": 749}]","[[""18-30"", ""18-30""], [""18-30"", ""30-40""], [""30-38"", ""56-68""], [""40-48"", """"]]",https://draquex.com/buki/0-muchi.php,https://draquex.com/buki/muchi-21-2.php,,5,"2026-03-12 00:45:25","2026-07-23 15:19:02"
319,whip_14,へびがわのムチ,"Snakeskin Whip",,,,8,,"[""-""]",,,14,,3,,,,,inherit,9,14,かんたん！ムチレシピ,グレン城・武器鍛冶ギルドのレシピ屋30G,広い範囲を攻撃できるへび柄のムチ,ムチ,ムチ,2,"[{""count"": 1, ""item_id"": 732}, {""count"": 1, ""item_id"": 716}]","[[""12-30"", ""12-30""], [""12-30"", ""24-32""], [""24-36"", ""36-50""], [""40-50"", """"]]",https://draquex.com/buki/0-muchi.php,https://draquex.com/buki/muchi-14-2.php,,3,"2026-03-12 00:45:28","2026-07-23 15:19:02"
320,whip_14_2,てつのムチ,"Iron Whip",,,,8,,"[""試合時のみダメージ+5%""]",,,12,,3,,,,,inherit,7,14,かんたん！ムチレシピ,グレン城・武器鍛冶ギルドのレシピ屋30G,コロシアムで威力を発揮する鉄製のムチ,ムチ,ムチ,2,"[{""count"": 3, ""item_id"": 732}, {""count"": 1, ""item_id"": 749}]","[[""12-30"", ""20-40""], [""12-30"", ""20-40""], [""20-35"", ""32-45""], [""20-35"", """"]]",https://draquex.com/buki/0-muchi.php,https://draquex.com/buki/muchi-14-1.php,,3,"2026-03-12 00:45:30","2026-07-23 15:19:02"
321,sword_1h_7_9,バトルリボン,"Battle Whip",,,,1,,"[""-""]",,,8,,2,,,,,inherit,5,7,かんたん！ムチレシピ,グレン城・武器鍛冶ギルドのレシピ屋30G,広い範囲を攻撃できる戦闘用のリボン,片手剣,片手剣,2,"[{""count"": 1, ""item_id"": 732}, {""count"": 1, ""item_id"": 683}]","[[""12-26"", ""12-26""], [""12-26"", ""12-26""], [""20-36"", ""20-36""], [""20-36"", ""20-36""]]",https://draquex.com/buki/0-muchi.php,https://draquex.com/buki/muchi-7-2.php,,2,"2026-03-12 00:45:33","2026-07-23 15:19:02"
322,whip_7,いばらのムチ,"Thorn Whip",,,,8,,"[""-""]",,,6,,2,,,,,inherit,,7,レシピ入手方法,-,拾い範囲を攻撃できるトゲ付きのムチ,ムチ,ムチ,,,,https://draquex.com/buki/0-muchi.php,https://draquex.com/buki/muchi-7-1.php,,2,"2026-03-12 00:45:35","2026-07-23 15:19:02"
323,whip_1,皮のムチ,"Leather Whip",,,,8,,"[""-""]",,,3,,1,,,,,inherit,,1,レシピ入手方法,-,広い範囲を攻撃できる皮製のムチ,ムチ,ムチ,,[],,https://draquex.com/buki/0-muchi.php,https://draquex.com/buki/muchi-1-1.php,,2,"2026-03-12 00:45:37","2026-07-23 15:19:02"
324,boomerang_132,クリスターライト,"Crystal Clear",,,,9,,"[""特技のダメージ+20"", ""コマンド間隔-0.5秒""]",,,265,,26,,,120,120,inherit,75,132,結晶の観察記録,はじまりの地のレシピ屋クツツ1000000G,"行動時間を短縮し 特技ダメージも 増すブーメラン",ブーメラン,ブーメラン,2,"[{""count"": 30, ""item_id"": 705}, {""count"": 6, ""item_id"": 744}, {""count"": 18, ""item_id"": 652}, {""count"": 3, ""item_id"": 658}, {""count"": 9, ""item_id"": 729}]","[[""260-268"", ""200-207""], ["""", ""300-308""], [""260-268"", ""200-207""]]",https://draquex.com/buki/0-bume.php,https://draquex.com/buki/bume-132-1.php,,11,"2026-03-12 00:45:44","2026-07-23 15:19:02"
325,boomerang_130,ピスケスエッジ,"Path of Pisces",,,,9,,"[""攻撃時5%でヘナトスとルカニ"", ""状態異常系の成功率+10.0%""]",,,256,,26,,,115,115,inherit,75,130,レシピ入手方法,神都フォーリオンのレシピ屋1000000G,"攻撃と守備を下げ 状態異常成功率も 高めるブーメラン",ブーメラン,ブーメラン,2,"[{""count"": 30, ""item_id"": 705}, {""count"": 10, ""item_id"": 695}, {""count"": 30, ""item_id"": 591}, {""count"": 1, ""item_id"": 580}, {""count"": 8, ""item_id"": 729}]","[[""200-208"", ""260-268""], ["""", ""130-138""], [""180-188"", ""240-248""]]",https://draquex.com/buki/0-bume.php,https://draquex.com/buki/bume-130-1.php,,11,"2026-03-12 00:45:47","2026-07-23 15:19:02"
326,boomerang_128,ステラトルネード,"Stella Tornado",,,,9,,"[""開戦時100%で早詠みの杖"", ""行動時5%でチャージ時間-10秒""]",,,247,,26,,,110,110,inherit,75,128,レシピ入手方法,神都フォーリオンのレシピ屋1000000G,"開戦時に必ず 早詠みの杖が発動 するブーメラン",ブーメラン,ブーメラン,3,"[{""count"": 30, ""item_id"": 705}, {""count"": 4, ""item_id"": 876}, {""count"": 4, ""item_id"": 658}, {""count"": 30, ""item_id"": 821}, {""count"": 1, ""item_id"": 729}]","[[""274-282 "", null, ""00-208""], [null, ""142-150"", null], [""274-282 "", null, ""200-208""]]",https://draquex.com/buki/0-bume.php,https://draquex.com/buki/bume-128-1.php,,11,"2026-03-12 00:45:49","2026-07-23 15:19:02"
327,boomerang_125,フォーリンスター,"Fallen Star",,,,9,,"[""呪文発動速度+5%"", ""行動時5%で早詠みの杖""]",,,238,,26,,,105,105,inherit,75,125,流星の軌跡,神都フォーリオンのレシピ屋1000000G,"呪文発動が速まり 早詠みの杖も発動 するブーメラン",ブーメラン,ブーメラン,,"[{""count"": 30, ""item_id"": 705}, {""count"": 3, ""item_id"": 695}, {""count"": 30, ""item_id"": 230}, {""count"": 1, ""item_id"": 580}, {""count"": 8, ""item_id"": 729}]","[[""270-278"", ""220-227""], ["""", ""308-316""], [""270-278"", ""220-227""]]",https://draquex.com/buki/0-bume.php,https://draquex.com/buki/bume-125-1.php,,11,"2026-03-12 00:45:52","2026-07-23 15:19:02"
328,boomerang_120,セーラスエッジ,"Selas Edge",,,,9,,"[""かいしん率+3.0%"", ""コマンド間隔-0.5秒""]",,,228,,26,,,100,100,inherit,70,120,神光放つブーメランの書,神都フォーリオンのレシピ屋1000000G,"行動時間を短縮し 会心率も高まる 輝きのブーメラン",ブーメラン,ブーメラン,,"[{""count"": 30, ""item_id"": 799}, {""count"": 5, ""item_id"": 798}, {""name"": ""ラベンダースズラン"", ""count"": 10, ""item_id"": null}, {""count"": 5, ""item_id"": 611}, {""count"": 8, ""item_id"": 729}]","[[""290-299"", ""290-299""], ["""", ""330-338""], [""230-237"", ""230-237""]]",https://draquex.com/buki/0-bume.php,https://draquex.com/buki/bume-120-1.php,,11,"2026-03-12 00:45:54","2026-07-23 15:19:02"
329,boomerang_118,ゴッドスロウ,"God's Law",,,,9,,"[""特技のダメージ+20"", ""行動時10%できようさ+60""]",,,213,,26,,,95,95,inherit,70,118,神の一投,神都フォーリオンのレシピ屋1000000G,"行動時たまに きようさが大きく 上がるブーメラン",ブーメラン,ブーメラン,3,"[{""count"": 30, ""item_id"": 799}, {""count"": 3, ""item_id"": 693}, {""count"": 5, ""item_id"": 648}, {""count"": 1, ""item_id"": 580}, {""count"": 7, ""item_id"": 729}]","[[""230-238"", null, ""140-148""], [null, ""230-238"", null], [""230-238"", null, ""140-148""]]",https://draquex.com/buki/0-bume.php,https://draquex.com/buki/bume-118-1.php,,11,"2026-03-12 00:45:56","2026-07-23 15:19:02"
330,boomerang_115,輝天のブーメラン,"Sky Boomerang",,,,9,,"[""行動時10%でピオラ2段階"", ""行動時5%で早詠みの杖""]",,,196,,26,,,90,90,inherit,65,115,手数を増やすコツ,砂の都ファラザードのレシピ屋1000000G,行動間隔を短縮し早詠みの杖も発動するブーメラン,ブーメラン,ブーメラン,3,"[{""count"": 5, ""item_id"": 799}, {""count"": 3, ""item_id"": 711}, {""count"": 1, ""item_id"": 580}, {""count"": 1, ""item_id"": 865}, {""count"": 5, ""item_id"": 633}]","[[""130-138"", null, ""170-177""], [null, ""290-300"", null], [""170-177"", null, ""130-138""]]",https://draquex.com/buki/0-bume.php,https://draquex.com/buki/bume-115-1.php,,11,"2026-03-12 00:45:59","2026-07-23 15:19:02"
331,boomerang_110,ファルコンウィング,"Falcon Wing",,,,9,,"[""呪文発動速度+5%"", ""攻撃時10%で呪文威力低下""]",,,177,,26,,,85,85,inherit,65,110,ハヤブサ観察日記,砂の都ファラザードのレシピ屋50000G,呪文の発動を速め相手の呪文威力も下げるブーメラン,ブーメラン,ブーメラン,3,"[{""count"": 5, ""item_id"": 741}, {""count"": 1, ""item_id"": 833}, {""count"": 1, ""item_id"": 711}, {""count"": 5, ""item_id"": 881}, {""count"": 5, ""item_id"": 865}]","[[""170-178"", null, ""200-208""], [null, ""220-230"", null], [""200-208"", null, ""170-178""]]",https://draquex.com/buki/0-bume.php,https://draquex.com/buki/bume-110-1.php,,11,"2026-03-12 00:46:02","2026-07-23 15:19:02"
332,boomerang_108,希水晶のブーメラン,"Quartz Boomerang",,,,9,,"[""特技のダメージ+20"", ""行動時10%でバイシオン""]",,,159,,26,,,80,80,inherit,65,108,希水な水晶の伝承,王都キィンベルのレシピ屋50000G,特技で与えるダメージが上がるブーメラン,ブーメラン,ブーメラン,,"[{""count"": 5, ""item_id"": 741}, {""count"": 2, ""item_id"": 708}, {""count"": 5, ""item_id"": 745}, {""count"": 5, ""item_id"": 619}, {""count"": 5, ""item_id"": 865}]","[[""180-188"", ""160-168""], ["""", ""240-251""], [""180-188"", ""160-168""]]",https://draquex.com/buki/0-bume.php,https://draquex.com/buki/bume-108-1.php,,11,"2026-03-12 00:46:04","2026-07-23 15:19:02"
333,boomerang_105,ドラゴンウィング,"Dragon Wing",,,,9,,"[""呪文発動速度+5%"", ""行動時5%で早詠みの杖""]",,,142,,26,,,75,75,inherit,60,105,竜の翼に乗って,王都キィンベルのレシピ屋50000G,使い手の呪文発動が速まる早口ブーメラン,ブーメラン,ブーメラン,,"[{""count"": 5, ""item_id"": 741}, {""count"": 1, ""item_id"": 883}, {""count"": 5, ""item_id"": 647}, {""count"": 10, ""item_id"": 651}, {""count"": 5, ""item_id"": 865}]",,https://draquex.com/buki/0-bume.php,https://draquex.com/buki/bume-105-1.php,,11,"2026-03-12 00:46:06","2026-07-23 15:19:02"
334,boomerang_100,ステラツイスター,"Stella Twister",,,,9,,"[""行動時5%でチャージ時間-10秒"", ""開戦時50%で早詠みの杖""]",,,126,,26,,,70,70,inherit,45,100,ステラレポート,王都キィンベルのレシピ屋40000G,開戦時よく早詠み行動時たまにチャージ時間短縮,ブーメラン,ブーメラン,3,"[{""count"": 10, ""item_id"": 543}, {""count"": 30, ""item_id"": 821}, {""count"": 1, ""item_id"": 580}, {""count"": 10, ""item_id"": 868}, {""count"": 5, ""item_id"": 865}]","[[""196-205"", null, ""190-200""], [null, ""232-240"", null], [""220-228"", null, ""196-204""]]",https://draquex.com/buki/0-bume.php,https://draquex.com/buki/bume-100-1.php,,11,"2026-03-12 00:46:08","2026-07-23 15:19:02"
335,boomerang_99,アカシックウィング,"Void Wing",,,,9,,"[""状態異常系の成功率+10.0%"", ""呪文発動速度+5%""]",,,118,,24,,,65,65,inherit,44,99,図解・虚空を翔る翼,聖都エジャルナのレシピ屋40000G,状態異常成功率と呪文発動速度が上がるブーメラン,ブーメラン,ブーメラン,3,"[{""count"": 5, ""item_id"": 543}, {""count"": 1, ""item_id"": 883}, {""count"": 10, ""item_id"": 661}, {""count"": 15, ""item_id"": 816}, {""count"": 5, ""item_id"": 865}]","[[""220-226"", null, ""192-202""], [null, ""220-226"", null], [""190-200"", null, ""190-200""]]",https://draquex.com/buki/0-bume.php,https://draquex.com/buki/bume-99-1.php,,11,"2026-03-12 00:46:11","2026-07-23 15:19:02"
336,boomerang_96,エンジェルウィング,"Angel Wing",,,,9,,"[""行動時5%で早読みの杖"", ""開戦時10%天使の守り""]",,,110,,24,,,60,60,inherit,43,96,わかるエンジェル早詠み術,聖都エジャルナのレシピ屋40000G,早読みの杖が発動しやすい天使のブーメラン,ブーメラン,ブーメラン,3,"[{""count"": 5, ""item_id"": 543}, {""count"": 20, ""item_id"": 664}, {""count"": 5, ""item_id"": 735}, {""count"": 1, ""item_id"": 611}, {""count"": 5, ""item_id"": 865}]","[[""133-139"", null, ""187-198""], [null, ""240-249"", null], [""187-198"", null, ""133-139""]]",https://draquex.com/buki/0-bume.php,https://draquex.com/buki/bume-96-1.php,,11,"2026-03-12 00:46:13","2026-07-23 15:19:02"
337,boomerang_93,黒曜のマンダラ,"Obsidian Mandala",,,,9,,"[""呪文発動速度+5%"", ""MP消費しない率+4.0%""]",,,96,,24,,,55,55,inherit,42,93,黒密教の秘伝,聖都エジャルナのレシピ屋30000G,使い手の魔術的才能高める秘紋のブーメラン,ブーメラン,ブーメラン,3,"[{""count"": 5, ""item_id"": 759}, {""count"": 1, ""item_id"": 757}, {""count"": 10, ""item_id"": 850}, {""count"": 30, ""item_id"": 840}, {""count"": 5, ""item_id"": 865}]","[[""150-156"", null, ""186-198""], [null, ""252-259"", null], [""186-198"", null, ""150-156""]]",https://draquex.com/buki/0-bume.php,https://draquex.com/buki/bume-93-1.php,,11,"2026-03-12 00:46:16","2026-07-23 15:19:02"
338,boomerang_90,ビーナスエッジ,"Venus Edge",,,,9,,"[""開戦時50%で聖なる祈り"", ""呪文ぼうそう率+1.2%""]",,,92,,18,,,,40,inherit,41,90,ビーナスのほほえみ,聖都エジャルナのレシピ屋30000G,開戦時たまに聖なる祈りが発動する愛の刃,ブーメラン,ブーメラン,3,"[{""count"": 5, ""item_id"": 759}, {""count"": 1, ""item_id"": 703}, {""count"": 10, ""item_id"": 702}, {""count"": 30, ""item_id"": 20}, {""count"": 5, ""item_id"": 865}]","[[""120-126"", null, ""170-182""], [null, ""220-227"", null], [""120-126"", null, ""170-182""]]",https://draquex.com/buki/0-bume.php,https://draquex.com/buki/bume-90-1.php,,10,"2026-03-12 00:46:18","2026-07-23 15:19:02"
339,boomerang_85,妖鳥のくちばし,"Bad Bird's Beak",,,,9,,"[""攻撃時15%でマホ系解除"", ""攻撃時3%でヘナトス""]",,,88,,12,,,,,inherit,40,85,妖鳥小噺,真グランゼドーラ王国のレシピ屋30000G,敵の攻撃力を下げ魔法の守りを破る尖鋭のブーメラン,ブーメラン,ブーメラン,3,"[{""count"": 3, ""item_id"": 759}, {""count"": 10, ""item_id"": 548}, {""count"": 1, ""item_id"": 648}, {""count"": 1, ""item_id"": 761}, {""count"": 5, ""item_id"": 865}]","[[""170-181"", null, ""170-181""], [null, ""210-219"", null], [""143-149"", null, ""143-149""]]",https://draquex.com/buki/0-bume.php,https://draquex.com/buki/bume-85-1.php,,9,"2026-03-12 00:46:21","2026-07-23 15:19:02"
340,boomerang_80,ダークスター,"Dark Star",,,,9,,"[""開戦時10%でバイキルト"", ""呪文発動速度+5%""]",,,83,,12,,,,,inherit,39,80,暗黒星雲の秘密,真グランゼドーラ王国のレシピ屋20000G,時々攻撃力を上げ呪文発動も速める星型のブーメラン,ブーメラン,ブーメラン,3,"[{""count"": 15, ""item_id"": 838}, {""count"": 30, ""item_id"": 821}, {""count"": 10, ""item_id"": 549}, {""count"": 1, ""item_id"": 761}, {""count"": 10, ""item_id"": 865}]","[[""133-139"", null, ""160-171""], [null, ""191-200"", null], [""160-171"", null, ""133-139""]]",https://draquex.com/buki/0-bume.php,https://draquex.com/buki/bume-80-2.php,,8,"2026-03-12 00:46:23","2026-07-23 15:19:02"
341,boomerang_80_2,トライチャクラム,Tri-Chakram,,,,9,,"[""かいしん率+1.2%"", ""呪文ぼうそう率+1.2%""]",,,80,,14,,,40,40,inherit,38,80,チャクラム式魔術教本,真グランゼドーラ王国のレシピ屋20000G,魔力と会心率と呪文暴走率が高まるチャクラム,ブーメラン,ブーメラン,3,"[{""name"": ""マデュライト石"", ""count"": 15, ""item_id"": null}, {""count"": 1, ""item_id"": 703}, {""count"": 30, ""item_id"": 760}, {""count"": 1, ""item_id"": 761}, {""count"": 10, ""item_id"": 865}]","[[""118-124"", null, ""118-124""], [null, ""230-239"", null], [""145-156"", null, ""145-156""]]",https://draquex.com/buki/0-bume.php,https://draquex.com/buki/bume-80-1.php,,6,"2026-03-12 00:46:25","2026-07-23 15:19:02"
342,boomerang_75,ブルーファルコン,"Blue Falcon",,,,9,,"[""攻撃時3%でヘナトス""]",,5,78,,12,,,,,inherit,37,75,ブルーファルコンの伝説,真グランゼドーラ王国のレシピ屋20000G,敵の攻撃力をたまに下げる超硬度ブーメラン,ブーメラン,ブーメラン,3,"[{""count"": 2, ""item_id"": 856}, {""name"": ""するどいツメ"", ""count"": 20, ""item_id"": null}, {""count"": 1, ""item_id"": 611}, {""count"": 10, ""item_id"": 865}, {""count"": 1, ""item_id"": 761}]","[[""105-111"", null, ""140-152""], [null, ""210-217"", null], [""105-111"", null, ""140-152""]]",https://draquex.com/buki/0-bume.php,https://draquex.com/buki/bume-75-1.php,,8,"2026-03-12 00:46:28","2026-07-23 15:19:02"
343,boomerang_70,聖王のブーメラン,"Dryspell Boomerang",,,,9,,"[""スライム系にダメージ+10%""]",,,73,,17,,,,,inherit,36,70,聖王のブーメランの壁画,偽グランゼドーラ王国のレシピ屋20000G,聖なる力を秘めたスライム系の敵に強いブーメラン,ブーメラン,ブーメラン,3,"[{""count"": 5, ""item_id"": 838}, {""count"": 1, ""item_id"": 580}, {""count"": 10, ""item_id"": 697}, {""count"": 1, ""item_id"": 761}, {""count"": 5, ""item_id"": 865}]","[[""100-106"", null, ""150-162""], [null, ""200-207"", null], [""150-162"", null, ""100-106""]]",https://draquex.com/buki/0-bume.php,https://draquex.com/buki/bume-70-1.php,,8,"2026-03-12 00:46:30","2026-07-23 15:19:02"
344,boomerang_65,メテオエッジ,Meteorang,,,,9,,"[""雷属性攻撃""]",,,69,,17,,,,,inherit,35,65,メテオエッジの設計図,グレン城・武器鍛冶ギルドのレシピ屋10000G,雷のチカラを宿す隕石のように流れ落ちる刃,ブーメラン,ブーメラン,3,"[{""count"": 40, ""item_id"": 821}, {""count"": 1, ""item_id"": 611}, {""count"": 1, ""item_id"": 554}, {""count"": 1, ""item_id"": 782}, {""count"": 10, ""item_id"": 865}]","[[""110-123"", null, ""172-181""], [null, ""130-136"", null], [""130-136"", null, ""172-181""]]",https://draquex.com/buki/0-bume.php,https://draquex.com/buki/bume-65-1.php,,8,"2026-03-12 00:46:36","2026-07-23 15:19:02"
345,boomerang_60,メタルウィング,Metalicker,,,,9,,"[""メタル系に+1ダメージ"", ""スライム系を攻撃時3%で魅了""]",,,56,,14,,,,,inherit,33,60,メタルウィング作成法,グレン城・武器鍛冶ギルドのレシピ屋10000G,メタル系に強くスライム系を魅了する刃,ブーメラン,ブーメラン,3,"[{""count"": 15, ""item_id"": 784}, {""count"": 10, ""item_id"": 867}, {""count"": 1, ""item_id"": 856}, {""count"": 12, ""item_id"": 865}]","[[""110-116"", null, ""120-130""], [null, ""170-183"", null], [""110-116"", null, ""120-130""]]",https://draquex.com/buki/0-bume.php,https://draquex.com/buki/bume-60-1.php,,7,"2026-03-12 00:46:38","2026-07-23 15:19:02"
346,boomerang_60_2,ペンタグラム,Pentarang,,,,9,,"[""攻撃時3%で混乱""]",,,64,,16,,,,,inherit,34,60,ペンタグラムのレシピ,グレン城・武器鍛冶ギルドのレシピ屋10000G,神秘の魔力で敵を混乱させる星型のブーメラン,ブーメラン,ブーメラン,3,"[{""count"": 15, ""item_id"": 784}, {""count"": 1, ""item_id"": 629}, {""count"": 1, ""item_id"": 552}, {""count"": 12, ""item_id"": 865}]","[[""130-136"", null, ""170-179""], [null, ""125-135"", null], [""125-135"", null, ""90-98""]]",https://draquex.com/buki/0-bume.php,https://draquex.com/buki/bume-60-2.php,,8,"2026-03-12 00:46:40","2026-07-23 15:19:02"
347,boomerang_50,ブラックコンドル,"Black Buzzard",,,,9,,"[""虫系にダメージ+10%""]",,,51,,10,,,,,inherit,30,50,ブラックコンドルの神秘,グレン城・武器鍛冶ギルドのレシピ屋10000G,虫系に強くコンドルのように飛翔する刃,ブーメラン,ブーメラン,3,"[{""count"": 10, ""item_id"": 816}, {""count"": 1, ""item_id"": 611}, {""count"": 1, ""item_id"": 639}, {""count"": 10, ""item_id"": 865}]","[[""80-88"", null, ""110-121""], [null, ""100-106"", null], [""100-112"", null, ""80-88""]]",https://draquex.com/buki/0-bume.php,https://draquex.com/buki/bume-50-1.php,,7,"2026-03-12 00:46:43","2026-07-23 15:19:02"
348,boomerang_50_2,サザンクロス,"Star Cross",,,,9,,"[""ゾンビ系にダメージ+10%""]",,,53,,13,,,,,inherit,32,50,サザンクロスのかがやき,グレン城・武器鍛冶ギルドのレシピ屋10000G,星のががやきをまとわせたゾンビ系に強い刃,ブーメラン,ブーメラン,3,"[{""count"": 12, ""item_id"": 816}, {""count"": 15, ""item_id"": 821}, {""count"": 1, ""item_id"": 880}, {""count"": 10, ""item_id"": 865}]","[[""130-140"", null, ""95-105""], [null, ""110-115"", null], [""130-140"", null, ""95-105""]]",https://draquex.com/buki/0-bume.php,https://draquex.com/buki/bume-50-2.php,,7,"2026-03-12 00:46:45","2026-07-23 15:19:02"
349,boomerang_42,プラチナウィング,"Platinum Plumes",,,,9,,"[""試合時のみダメージ+15%""]",,,38,,13,,,,,inherit,25,42,プラチナウィング物語,バザーのみひとくいサーベルがドロップする,コロシアムで威力を発揮する壮麗なブーメラン,ブーメラン,ブーメラン,3,"[{""count"": 4, ""item_id"": 816}, {""count"": 3, ""item_id"": 703}, {""count"": 3, ""item_id"": 594}, {""count"": 4, ""item_id"": 865}]","[[""60-67"", null, ""100-110""], [null, ""70-81"", null], [""60-67"", null, ""100-110""]]",https://draquex.com/buki/0-bume.php,https://draquex.com/buki/bume-42-1.php,,5,"2026-03-12 00:46:47","2026-07-23 15:19:02"
350,boomerang_42_2,こおりのブーメラン,"Winter's Wing",,,,9,,"[""氷属性攻撃""]",,,40,,8,,,,,inherit,27,42,こおりのブーメランの書,グレン城・武器鍛冶ギルドのレシピ屋3000G,ランドン山脈産氷のチカラを宿す魔法のブーメラン,ブーメラン,ブーメラン,3,"[{""count"": 6, ""item_id"": 816}, {""count"": 3, ""item_id"": 652}, {""count"": 1, ""item_id"": 810}, {""count"": 6, ""item_id"": 865}]","[[""60-67"", null, ""80-91""], [null, ""70-81"", null], [""100-108"", null, ""100-108""]]",https://draquex.com/buki/0-bume.php,https://draquex.com/buki/bume-42-2.php,,5,"2026-03-12 00:46:50","2026-07-23 15:19:02"
351,boomerang_42_3,ほのおのブーメラン,"Flametang Boomerang",,,,9,,"[""炎属性攻撃""]",,,43,,8,,,,,inherit,29,42,ほのおのブーメランの書,メギストリスの都のレシピ屋10000G,カルサドラ火山産炎のチカラを宿す魔法のブーメラン,ブーメラン,ブーメラン,3,"[{""count"": 8, ""item_id"": 816}, {""count"": 1, ""item_id"": 863}, {""count"": 1, ""item_id"": 879}, {""count"": 8, ""item_id"": 865}]","[[""96-104"", null, ""97-107""], [null, ""80-87"", null], [""70-80"", null, ""97-107""]]",https://draquex.com/buki/0-bume.php,https://draquex.com/buki/bume-42-3.php,,5,"2026-03-12 00:46:52","2026-07-23 15:19:02"
352,boomerang_35,ニンジャカッター,"Ninja Cutter",,,,9,,"[""闇属性攻撃""]",,,30,,6,,,,,inherit,17,35,ニンジャカッター製造法,バザーのみあおだけ童子がドロップする,忍びの者が用いた闇のチカラを宿す独特な形状の刃,ブーメラン,ブーメラン,3,"[{""count"": 1, ""item_id"": 633}, {""count"": 1, ""item_id"": 651}, {""count"": 1, ""item_id"": 666}]","[[""50-60"", null, ""70-78""], [null, ""60-72"", null], [""50-60"", null, ""70-78""]]",https://draquex.com/buki/0-bume.php,https://draquex.com/buki/bume-35-1.php,,4,"2026-03-12 00:46:55","2026-07-23 15:19:02"
353,boomerang_35_2,マジックチャクラム,"Magic Circle",,,,9,,"[""-""]",,6,32,,7,,,,,inherit,20,35,マジックチャクラムの本,バザーのみサイレスがドロップする,最大MPを高める魔法の宝玉付きチャクラム,ブーメラン,ブーメラン,3,"[{""count"": 1, ""item_id"": 633}, {""count"": 1, ""item_id"": 840}, {""count"": 1, ""item_id"": 638}]","[[""55-65"", null, ""70-79""], [null, ""80-89"", null], [""55-65"", null, ""70-79""]]",https://draquex.com/buki/0-bume.php,https://draquex.com/buki/bume-35-2.php,,6,"2026-03-12 00:46:57","2026-07-23 15:19:02"
354,boomerang_35_3,ツインスワロー,Swallowtail,,,,9,,"[""虫系にダメージ+10%""]",,,34,,6,,,,,inherit,23,35,ツインスワローの秘密,バザーのみキラーデーモンがドロップする,虫系に強いつばめの意匠を施したブーメラン,ブーメラン,ブーメラン,3,"[{""count"": 1, ""item_id"": 633}, {""count"": 1, ""item_id"": 749}, {""count"": 1, ""item_id"": 720}]","[[""70-81"", null, ""60-69""], [null, ""70-77"", null], [""60-69"", null, ""100-110""]]",https://draquex.com/buki/0-bume.php,https://draquex.com/buki/bume-35-3.php,,4,"2026-03-12 00:46:59","2026-07-23 15:19:02"
355,boomerang_28,かぜのブーメラン,Gusterang,,,,9,,"[""風属性攻撃""]",,,26,,5,,,,,inherit,16,28,かぜのブーメランの本,バザーのみフライングデスがドロップする,風のチカラを宿す流麗な形状のイカすブーメラン,ブーメラン,ブーメラン,3,"[{""count"": 1, ""item_id"": 633}, {""count"": 1, ""item_id"": 749}, {""count"": 1, ""item_id"": 674}]","[[""45-55"", null, ""55-65""], [null, ""70-79"", null], [""45-55"", null, ""55-65""]]",https://draquex.com/buki/0-bume.php,https://draquex.com/buki/bume-28-2.php,,3,"2026-03-12 00:47:02","2026-07-23 15:19:02"
356,boomerang_28_2,はがねのブーメラン,"Soarin' Steel",,,,9,,"[""試合時のみダメージ+10%""]",,,24,,3,,,,,inherit,14,28,ランラン！ブーメラン！,グレン城・武器鍛冶ギルドのレシピ屋30G,コロシアムで威力を発揮するはがねの飛び道具,ブーメラン,ブーメラン,2,"[{""count"": 1, ""item_id"": 633}, {""count"": 1, ""item_id"": 749}, {""count"": 1, ""item_id"": 720}]","[[""50-58"", ""45-58""], [""50-58"", """"], [""35-46"", ""60-70""]]",https://draquex.com/buki/0-bume.php,https://draquex.com/buki/bume-28-1.php,,3,"2026-03-12 00:47:05","2026-07-23 15:19:02"
357,boomerang_21,シルバーサークル,"Silver Slicer",,,,9,,"[""-""]",,,18,,5,,,,,inherit,10,21,ランラン！ブーメラン！,グレン城・武器鍛冶ギルドのレシピ屋30G,敵を切り裂き飛んでゆく銀製の円盤,ブーメラン,ブーメラン,2,"[{""count"": 1, ""item_id"": 633}, {""count"": 1, ""item_id"": 608}]","[[""30-40"", ""35-43""], [""50-65"", """"], [""30-40"", ""35-47""]]",https://draquex.com/buki/0-bume.php,https://draquex.com/buki/bume-21-1.php,,3,"2026-03-12 00:47:07","2026-07-23 15:19:02"
358,boomerang_21_2,ウイングエッジ,"Razor-Wing Boomerang",,,,9,,"[""虫系にダメージ+10%""]",,,20,,4,,,,,inherit,12,21,ウイングエッジの本,バザーのみアイアンクックがドロップする,虫系に強い翼をかたどった鋭利なブーメラン,ブーメラン,ブーメラン,3,"[{""count"": 1, ""item_id"": 633}, {""count"": 1, ""item_id"": 784}]","[[""30-40"", null, ""40-52""], [null, ""50-58"", null], [""50-60"", null, ""40-55""]]",https://draquex.com/buki/0-bume.php,https://draquex.com/buki/bume-21-2.php,,3,"2026-03-12 00:47:10","2026-07-23 15:19:02"
359,boomerang_14,クロスブーメラン,Crucerang,,,,9,,"[""-""]",,,14,,3,,,,,inherit,9,14,ランラン！ブーメラン！,グレン城・武器鍛冶ギルドのレシピ屋30G,十時に組むことで威力を増したブーメラン,ブーメラン,ブーメラン,2,"[{""count"": 1, ""item_id"": 732}, {""count"": 1, ""item_id"": 881}]","[[""40-50"", ""25-40""], [""30-40"", """"], [""40-50"", ""25-40""]]",https://draquex.com/buki/0-bume.php,https://draquex.com/buki/bume-14-2.php,,2,"2026-03-12 00:47:12","2026-07-23 15:19:02"
360,boomerang_14_2,アイアンウィング,"Flyin' Iron",,,,9,,"[""試合時のみダメージ+5%""]",,,12,,2,,,,,inherit,7,14,ランラン！ブーメラン！,グレン城・武器鍛冶ギルドのレシピ屋30G,コロシアムで威力を発揮するくろがねの刃,ブーメラン,ブーメラン,2,"[{""count"": 1, ""item_id"": 732}, {""count"": 1, ""item_id"": 699}]","[[""25-40"", ""30-40""], [""30-45"", """"], [""25-40"", ""30-40""]]",https://draquex.com/buki/0-bume.php,https://draquex.com/buki/bume-14-1.php,,2,"2026-03-12 00:47:14","2026-07-23 15:19:02"
361,boomerang_7,やいばのブーメラン,"Edged Boomerang",,,,9,,"[""-""]",,,8,,1,,,,,inherit,5,7,ランラン！ブーメラン！,グレン城・武器鍛冶ギルドのレシピ屋30G,するどい刃で敵を切り裂くブーメラン,ブーメラン,ブーメラン,2,"[{""count"": 1, ""item_id"": 732}, {""count"": 1, ""item_id"": 845}]","[[""20-36"", ""24-36""], [""32-44"", """"], [""20-36"", ""24-36""]]",https://draquex.com/buki/0-bume.php,https://draquex.com/buki/bume-7-2.php,,1,"2026-03-12 00:47:17","2026-07-23 15:19:02"
362,sword_1h_7_10,ブロンズブーメラン,"Bronze Boomerang",,,,1,,"[""-""]",,,6,,1,,,,,inherit,3,7,ランラン！ブーメラン！,グレン城・武器鍛冶ギルドのレシピ屋30G,青銅で作られた硬いブーメラン,片手剣,片手剣,2,"[{""count"": 1, ""item_id"": 749}, {""count"": 1, ""item_id"": 732}]","[[""20-34"", ""20-34""], [""20-34"", """"], [""20-34"", ""20-34""]]",https://draquex.com/buki/0-bume.php,https://draquex.com/buki/bume-7-1.php,,1,"2026-03-12 00:47:19","2026-07-23 15:19:02"
363,boomerang_1,かしのブーメラン,"Birchwood Boomerang",,,,9,,"[""-""]",,,3,,1,,,,,inherit,,1,レシピ入手方法,-,かしの木から作られた簡素なブーメラン,ブーメラン,,,[],,https://draquex.com/buki/0-bume.php,https://draquex.com/buki/bume-1-1.php,,1,"2026-03-12 00:47:21","2026-07-23 15:19:02"
364,stick_132,ピュアリィタクト,"Lillet of the Valley",,,,10,,"[""呪文発動速度+3%"", ""行動時7%で聖なる祈り""]",6,,86,,20,,,160,222,inherit,75,132,すずらんの花言葉,はじまりの地のレシピ屋クツツ1000000G,"聖なる祈りが宿り 呪文発動も速まる 鈴蘭のスティック",スティック,スティック,1,"[{""count"": 30, ""item_id"": 618}, {""count"": 10, ""item_id"": 648}, {""count"": 10, ""item_id"": 811}, {""count"": 20, ""item_id"": 591}, {""count"": 9, ""item_id"": 726}]","[[""540""], [""340""]]",https://draquex.com/buki/0-sti.php,https://draquex.com/buki/sti-132-1.php,,10,"2026-03-12 00:47:28","2026-07-23 15:19:02"
365,stick_130,天象のスティック,"Celestial Wand",,,,10,,"[""全ての属性攻撃ダメージ+3.0%"", ""ザオ系の射程距離+1.5m""]",6,,85,,20,,,155,213,inherit,75,130,ひつじ雲をかぞえて,神都フォーリオンのレシピ屋1000000G,"属性ダメージ増え ザオ系の射程も 伸びるスティック",スティック,スティック,1,"[{""count"": 30, ""item_id"": 618}, {""count"": 5, ""item_id"": 832}, {""count"": 3, ""item_id"": 656}, {""count"": 6, ""item_id"": 649}, {""count"": 8, ""item_id"": 726}]","[[""650""], [""280""]]",https://draquex.com/buki/0-sti.php,https://draquex.com/buki/sti-130-1.php,,10,"2026-03-12 00:47:30","2026-07-23 15:19:02"
366,stick_128,ルーナステッキ,"Lunar Wand",,,,10,,"[""呪文の回復量+30"", ""呪文発動速度+3%""]",6,,84,,20,,,150,205,inherit,65,128,レシピ入手方法,神都フォーリオンのレシピ屋1000000G,"呪文の発動を速め 回復呪文の効果を 高めるスティック",スティック,スティック,,"[{""count"": 30, ""item_id"": 618}, {""count"": 3, ""item_id"": 230}, {""count"": 4, ""item_id"": 693}, {""count"": 10, ""item_id"": 639}, {""count"": 1, ""item_id"": 726}]","[[""620""], [""290""]]",https://draquex.com/buki/0-sti.php,https://draquex.com/buki/sti-128-1.php,,10,"2026-03-12 00:47:33","2026-07-23 15:19:02"
367,stick_125,ひつじ雲スティック,"Sheep Cloud Wand",,,,10,,"[""行動時5%で女神の祝福"", ""チャージ時間-5秒""]",6,,83,,20,,,145,204,inherit,75,125,ひつじ雲をかぞえて,神都フォーリオンのレシピ屋1000000G,"チャージ時間短縮 まれに女神の祝福 を得るスティック",スティック,スティック,1,"[{""count"": 30, ""item_id"": 618}, {""count"": 3, ""item_id"": 626}, {""count"": 10, ""item_id"": 861}, {""count"": 5, ""item_id"": 658}, {""count"": 8, ""item_id"": 726}]","[[""610""], [""280""]]",https://draquex.com/buki/0-sti.php,https://draquex.com/buki/sti-125-1.php,,10,"2026-03-12 00:47:35","2026-07-23 15:19:02"
368,stick_120,セーラススティック,"Selas Wand",,,,10,,"[""ホイミ系射程距離+5m"", ""ベホマラーの効果範囲+2.0m""]",5,,82,,20,,,140,192,inherit,70,120,神光放つスティックの書,神都フォーリオンのレシピ屋1000000G,"ホイミ系呪文と ベホマラーの範囲 が増すスティック",スティック,スティック,1,"[{""count"": 30, ""item_id"": 737}, {""count"": 5, ""item_id"": 765}, {""count"": 20, ""item_id"": 839}, {""count"": 1, ""item_id"": 575}, {""count"": 8, ""item_id"": 726}]","[[""620""], [""270""]]",https://draquex.com/buki/0-sti.php,https://draquex.com/buki/sti-120-1.php,,10,"2026-03-12 00:47:37","2026-07-23 15:19:02"
369,stick_118,祈星のスティック,"Prayer Star Wand",,,,10,,"[""ザオ系の射程距離+1.5m"", ""行動時2%でキラキラポーン""]",5,,80,,20,,,130,182,inherit,70,118,祈星の奇跡,神都フォーリオンのレシピ屋1000000G,"ザオ系呪文の 射程距離が延びる 奇跡のスティック",スティック,スティック,1,"[{""count"": 30, ""item_id"": 737}, {""count"": 3, ""item_id"": 603}, {""count"": 10, ""item_id"": 656}, {""count"": 1, ""item_id"": 575}, {""count"": 7, ""item_id"": 726}]","[[""650""], [""300""]]",https://draquex.com/buki/0-sti.php,https://draquex.com/buki/sti-118-1.php,,10,"2026-03-12 00:47:39","2026-07-23 15:19:02"
370,stick_115,輝天のスティック,"Sky Wand",,,,10,,"[""呪文発動速度+3%"", ""行動時6%で聖なる祈り""]",5,,77,,20,,,120,168,inherit,65,115,祈りの宿るスティック,砂の都ファラザードのレシピ屋1000000G,聖なる祈りが宿り呪文発動も速まるスティック,スティック,スティック,1,"[{""count"": 10, ""item_id"": 737}, {""count"": 3, ""item_id"": 703}, {""count"": 1, ""item_id"": 575}, {""count"": 5, ""item_id"": 610}, {""count"": 20, ""item_id"": 839}]","[[""550""], [""200""]]",https://draquex.com/buki/0-sti.php,https://draquex.com/buki/sti-115-1.php,,10,"2026-03-12 00:47:42","2026-07-23 15:19:02"
371,stick_110,エイルのスティック,"Eir's Wand",,,,10,,"[""呪文と特技の回復量+10%"", ""行動時3%で聖女の守り""]",5,,73,,20,,,110,140,inherit,65,110,エイルの慈悲,砂の都ファラザードのレシピ屋50000G,呪文と特技による回復量が増える癒しのスティック,スティック,スティック,,"[{""count"": 10, ""item_id"": 831}, {""count"": 2, ""item_id"": 765}, {""count"": 5, ""item_id"": 603}, {""count"": 20, ""item_id"": 702}, {""count"": 5, ""item_id"": 610}]","[[""500""], [""230""]]",https://draquex.com/buki/0-sti.php,https://draquex.com/buki/sti-110-1.php,,10,"2026-03-12 00:47:44","2026-07-23 15:19:02"
372,stick_108,ピンキーエッグ,"Pinky Egg",,,,10,,"[""呪文発動速度+3%"", ""死亡時30.0%で呪文回復上昇が消えない""]",,,68,,20,,,70,132,inherit,65,108,ピンクのタマゴの祈り,王都キィンベルのレシピ屋50000G,聖なる祈りを宿し呪文発動が速まる卵型のスティック,スティック,スティック,1,"[{""count"": 10, ""item_id"": 831}, {""count"": 1, ""item_id"": 607}, {""count"": 10, ""item_id"": 668}, {""count"": 20, ""item_id"": 686}, {""count"": 5, ""item_id"": 610}]","[[""500""], [""340""]]",https://draquex.com/buki/0-sti.php,https://draquex.com/buki/sti-108-1.php,,10,"2026-03-12 00:47:47","2026-07-23 15:19:02"
373,stick_105,シビュラスティック,"Sibyl Stick",,,,10,,"[""行動時5%で聖なる祈り""]",,,62,,20,,,65,124,inherit,60,105,シビュラの神託,王都キィンベルのレシピ屋50000G,聖なる祈りが使い手を守護する神秘的な杖,スティック,スティック,1,"[{""count"": 10, ""item_id"": 831}, {""count"": 2, ""item_id"": 550}, {""count"": 5, ""item_id"": 815}, {""count"": 10, ""item_id"": 826}, {""count"": 5, ""item_id"": 610}]","[[""455""], [""378""]]",https://draquex.com/buki/0-sti.php,https://draquex.com/buki/sti-105-1.php,,10,"2026-03-12 00:47:49","2026-07-23 15:19:02"
374,stick_100,ルネッサンステッキ,"Renaissance Wand",,,,10,,"[""開戦時60%で聖なる祈り"", ""ザオラルの射程距離+1.5ｍ""]",8,,56,,19,,,60,116,inherit,45,100,ステッキ男爵は語りたい,王都キィンベルのレシピ屋40000G,回復魔力を強化しザオラルしやすい聖なるスティック,スティック,スティック,,"[{""count"": 5, ""item_id"": 656}, {""count"": 1, ""item_id"": 647}, {""count"": 10, ""item_id"": 831}, {""count"": 10, ""item_id"": 230}, {""count"": 5, ""item_id"": 610}]","[[""395""], [""428""]]",https://draquex.com/buki/0-sti.php,https://draquex.com/buki/sti-100-1.php,,10,"2026-03-12 00:47:51","2026-07-23 15:19:02"
375,stick_99,双月のスティック,"Double Moon Wand",,,,10,,"[""開戦時50%で早詠みの杖"", ""行動時3%でマホトラのころも""]",8,,53,,19,,,55,108,inherit,44,99,月に還る双子の物語,聖都エジャルナのレシピ屋40000G,まれにマホトラと早詠みが発動する三日月スティック,スティック,スティック,,"[{""count"": 5, ""item_id"": 656}, {""count"": 1, ""item_id"": 552}, {""count"": 20, ""item_id"": 628}, {""count"": 10, ""item_id"": 230}, {""count"": 5, ""item_id"": 610}]","[[""450""], [""375""]]",https://draquex.com/buki/0-sti.php,https://draquex.com/buki/sti-99-1.php,,9,"2026-03-12 00:47:54","2026-07-23 15:19:02"
376,stick_96,バージニアステッキ,"Virginia Stick",,,,10,,"[""開戦時50%で聖なる祈り"", ""行動時2%で聖なる祈り""]",8,,50,,18,,,50,99,inherit,43,96,最も清き一輪,聖都エジャルナのレシピ屋40000G,聖なる祈りを捧げやすくなる清楚なスティック,スティック,スティック,1,"[{""count"": 5, ""item_id"": 656}, {""count"": 1, ""item_id"": 815}, {""count"": 10, ""item_id"": 702}, {""count"": 30, ""item_id"": 627}, {""count"": 5, ""item_id"": 610}]","[[""380""], [""440""]]",https://draquex.com/buki/0-sti.php,https://draquex.com/buki/sti-96-1.php,,8,"2026-03-12 00:47:56","2026-07-23 15:19:02"
377,stick_93,リトルフェザー,"Little Feather",,,,10,,"[""開戦時50%で聖なる祈り"", ""呪文発動速度+2%""]",7,,43,,18,,,43,86,inherit,42,93,小さな翼の祈り,聖都エジャルナのレシピ屋30000G,聖なる祈りが使い手を守護する飛躍のスティック,スティック,スティック,1,"[{""count"": 5, ""item_id"": 626}, {""count"": 1, ""item_id"": 883}, {""count"": 1, ""item_id"": 611}, {""count"": 5, ""item_id"": 536}, {""count"": 5, ""item_id"": 610}]","[[""400""], [""400""]]",https://draquex.com/buki/0-sti.php,https://draquex.com/buki/sti-93-1.php,,6,"2026-03-12 00:47:58","2026-07-23 15:19:02"
378,stick_90,栄華の王錫,"King's Splendor",,,,10,,"[""呪文発動速度+2%"", ""MP消費しない率+3.0%""]",7,,43,,18,,,40,80,inherit,41,90,栄華へのきざはし,聖都エジャルナのレシピ屋30000G,呪文発動が速まりMPが節約できる豪華なスティック,スティック,スティック,1,"[{""count"": 5, ""item_id"": 626}, {""count"": 1, ""item_id"": 745}, {""count"": 3, ""item_id"": 629}, {""count"": 1, ""item_id"": 575}, {""count"": 5, ""item_id"": 610}]","[[""329""], [""415""]]",https://draquex.com/buki/0-sti.php,https://draquex.com/buki/sti-90-1.php,,8,"2026-03-12 00:48:01","2026-07-23 15:19:02"
379,stick_85,エンシェントタクト,"Olde-Worlde Wande",,,,10,,"[""開戦時50%で聖なる祈り"", ""呪文回復量上昇の効果時間+5秒""]",6,,43,,18,,,37,74,inherit,40,85,古代武器図説・タクト編,真グランゼドーラ王国のレシピ屋30000G,聖なる祈りが使い手を守護する古代文明のタクト,スティック,スティック,1,"[{""count"": 3, ""item_id"": 626}, {""count"": 30, ""item_id"": 627}, {""count"": 2, ""item_id"": 745}, {""count"": 1, ""item_id"": 761}, {""count"": 5, ""item_id"": 610}]","[[""385""], [""335""]]",https://draquex.com/buki/0-sti.php,https://draquex.com/buki/sti-85-1.php,,4,"2026-03-12 00:48:03","2026-07-23 15:19:02"
380,stick_80,ラクリマタクト,"Cane of Compassion",,,,10,,"[""MP消費しない率+3.0%"", ""開戦時30%で聖なる祈り""]",6,6,41,,18,,,35,69,inherit,39,80,涙のタクトストーリー,真グランゼドーラ王国のレシピ屋20000G,聖なる祈りが使い手を守護する慈悲深いタクト,スティック,スティック,1,"[{""count"": 15, ""item_id"": 839}, {""count"": 20, ""item_id"": 667}, {""count"": 20, ""item_id"": 633}, {""count"": 1, ""item_id"": 761}, {""count"": 10, ""item_id"": 610}]","[[""343""], [""343""]]",https://draquex.com/buki/0-sti.php,https://draquex.com/buki/sti-80-2.php,,4,"2026-03-12 00:48:05","2026-07-23 15:19:02"
381,stick_80_2,ファンタスティック,Fantastick,,,,10,,"[""開戦時50%でキラキラポーン""]",6,12,36,,18,,,33,66,inherit,38,80,夢のスティック物語,真グランゼドーラ王国のレシピ屋20000G,キラキラポーンが炸裂する夢のスティック,スティック,スティック,1,"[{""count"": 15, ""item_id"": 839}, {""count"": 1, ""item_id"": 735}, {""count"": 1, ""item_id"": 575}, {""count"": 1, ""item_id"": 761}, {""count"": 10, ""item_id"": 610}]","[[""290""], [""396""]]",https://draquex.com/buki/0-sti.php,https://draquex.com/buki/sti-80-1.php,,4,"2026-03-12 00:48:08","2026-07-23 15:19:02"
382,stick_75,ひかりのタクト,"Glow Stick",,,,10,,"[""呪文発動速度+2%""]",6,,36,,18,,,32,63,inherit,37,75,ひかりのタクトの本,真グランゼドーラ王国のレシピ屋20000G,呪文の発動が少しだけ早くなる新時代のタクト,スティック,スティック,1,"[{""count"": 10, ""item_id"": 839}, {""count"": 1, ""item_id"": 745}, {""count"": 20, ""item_id"": 784}, {""count"": 1, ""item_id"": 761}, {""count"": 10, ""item_id"": 610}]","[[""373""], [""303""]]",https://draquex.com/buki/0-sti.php,https://draquex.com/buki/sti-75-1.php,,4,"2026-03-12 00:48:10","2026-07-23 15:19:02"
383,stick_70,聖王のスティック,"Dryspell Wand",,,,10,,"[""悪魔系にダメージ+10%""]",4,,35,,18,,,29,58,inherit,36,70,聖王のスティックの壁画,偽グランゼドーラ王国のレシピ屋20000G,聖なる力を秘めた悪魔系の敵に強いスティック,スティック,スティック,1,"[{""count"": 5, ""item_id"": 839}, {""count"": 1, ""item_id"": 575}, {""count"": 1, ""item_id"": 703}, {""count"": 1, ""item_id"": 761}, {""count"": 5, ""item_id"": 610}]","[[""348""], [""411""]]",https://draquex.com/buki/0-sti.php,https://draquex.com/buki/sti-70-1.php,,4,"2026-03-12 00:48:16","2026-07-23 15:19:02"
384,stick_65,タイタニアステッキ,"Butterfly Baton",,,,10,,"[""虫系を攻撃時3%で魅了""]",2,2,33,,16,,,28,56,inherit,35,65,タイタニアステッキの書,王都カミハルムイ北・木工ギルドのレシピ屋10000G,虫系を魅了するようせいの女王が愛したステッキ,スティック,スティック,1,"[{""count"": 30, ""item_id"": 825}, {""count"": 40, ""item_id"": 559}, {""count"": 30, ""item_id"": 728}, {""count"": 1, ""item_id"": 811}, {""count"": 10, ""item_id"": 610}]","[[""340""], [""340""]]",https://draquex.com/buki/0-sti.php,https://draquex.com/buki/sti-65-1.php,,4,"2026-03-12 00:48:18","2026-07-23 15:19:02"
385,stick_60,あくまのタクト,"Devil's Baton",,,,10,,"[""闇属性攻撃"", ""攻撃時2%でルカニ""]",,,29,,15,,,24,48,inherit,33,60,あくまのタクトの秘密,王都カミハルムイ北・木工ギルドのレシピ屋10000G,なぐった敵の守備力を下げ闇を宿すタクト,スティック,スティック,1,"[{""count"": 15, ""item_id"": 549}, {""count"": 30, ""item_id"": 651}, {""count"": 1, ""item_id"": 782}, {""count"": 12, ""item_id"": 610}]","[[""294""], [""294""]]",https://draquex.com/buki/0-sti.php,https://draquex.com/buki/sti-60-1.php,,4,"2026-03-12 00:48:21","2026-07-23 15:19:02"
386,stick_60_2,ゴシックパラソル,Glumbrella,,,,10,,"[""-""]",,,32,,20,,,27,53,inherit,34,60,ゴシックパラソルレシピ,王都カミハルムイ北・木工ギルドのレシピ屋10000G,敵のMPを奪いやすくする荘厳なスティック,スティック,スティック,1,"[{""count"": 15, ""item_id"": 549}, {""count"": 10, ""item_id"": 867}, {""count"": 1, ""item_id"": 811}, {""count"": 12, ""item_id"": 610}]","[[""360""], [""267""]]",https://draquex.com/buki/0-sti.php,https://draquex.com/buki/sti-60-2.php,,4,"2026-03-12 00:48:23","2026-07-23 15:19:02"
387,stick_50,ユグドラシル,Spryggdrasil,,,,10,,"[""虫系を攻撃時3%で魅了""]",5,,25,,13,,,19,38,inherit,30,50,ユグドラシルの本,王都カミハルムイ北・木工ギルドのレシピ屋10000G,虫系を魅了し最大HPを高める神秘のスティック,スティック,スティック,1,"[{""count"": 10, ""item_id"": 628}, {""count"": 30, ""item_id"": 848}, {""count"": 1, ""item_id"": 639}, {""count"": 10, ""item_id"": 610}]","[[""215""], [""274""]]",https://draquex.com/buki/0-sti.php,https://draquex.com/buki/sti-50-1.php,,4,"2026-03-12 00:48:25","2026-07-23 15:19:02"
388,stick_50_2,天使のタクト,"Seraphic Sceptre",,,,10,,"[""-""]",,5,27,,20,,,22,44,inherit,30,50,天使のタクトのレシピ,王都カミハルムイ北・木工ギルドのレシピ屋10000G,最大MPと魔力を高める神々しいタクト,スティック,スティック,1,"[{""count"": 12, ""item_id"": 628}, {""count"": 2, ""item_id"": 735}, {""count"": 1, ""item_id"": 552}, {""count"": 10, ""item_id"": 610}]","[[""232""], [""299""]]",https://draquex.com/buki/0-sti.php,https://draquex.com/buki/sti-50-2.php,,4,"2026-03-12 00:48:28","2026-07-23 15:19:02"
389,stick_42,ペロリンステッキ,"Lolly Stick",,,,10,,"[""攻撃時3%で混乱""]",,,20,,10,,,16,32,inherit,25,42,ペロリンステッキのレシピ,ドルワーム王国B-6料理屋の本棚,たたいた敵をたまに混乱させるステキなステッキ,スティック,スティック,1,"[{""count"": 4, ""item_id"": 628}, {""count"": 3, ""item_id"": 773}, {""count"": 1, ""item_id"": 762}, {""count"": 4, ""item_id"": 610}]","[[""172""], [""226""]]",https://draquex.com/buki/0-sti.php,https://draquex.com/buki/sti-42-1.php,,3,"2026-03-12 00:48:30","2026-07-23 15:19:02"
390,stick_42_2,パラソルスティック,"Jolly Brolly",,,,10,,"[""-""]",,,21,,13,,,17,33,inherit,27,42,パラソルスティックの本,王都カミハルムイ北・木工ギルドのレシピ屋3000G,傘としても使える便利なスティック,スティック,スティック,1,"[{""count"": 6, ""item_id"": 628}, {""count"": 4, ""item_id"": 674}, {""count"": 1, ""item_id"": 781}, {""count"": 6, ""item_id"": 610}]","[[""215""], [""215""]]",https://draquex.com/buki/0-sti.php,https://draquex.com/buki/sti-42-2.php,,3,"2026-03-12 00:48:33","2026-07-23 15:19:02"
391,stick_42_3,ドラゴンスティック,"Wyvern Wand",,,,10,,"[""ドラゴン系MP吸収率+2%""]",,,22,,10,,,17,34,inherit,29,42,ドラゴンスティックの書,メギストリスの都のレシピ屋10000G,ドラゴン系のMPを奪いやすい荒ぶるスティック,スティック,スティック,1,"[{""count"": 4, ""item_id"": 628}, {""count"": 1, ""item_id"": 753}, {""count"": 1, ""item_id"": 810}, {""count"": 8, ""item_id"": 610}]","[[""229""], [""290""]]",https://draquex.com/buki/0-sti.php,https://draquex.com/buki/sti-42-3.php,,3,"2026-03-12 00:48:35","2026-07-23 15:19:02"
392,stick_35,マジカルスティック,"Pixie Stick",,,,10,,"[""-""]",,8,17,,9,,,14,27,inherit,20,35,マジカルスティックの本,バザーのみヘルコンダクターがドロップする,装備すると最大MPが増える魔法のスティック,スティック,スティック,1,"[{""count"": 1, ""item_id"": 675}, {""count"": 1, ""item_id"": 840}, {""count"": 1, ""item_id"": 760}]","[[""188""], [""145""]]",https://draquex.com/buki/0-sti.php,https://draquex.com/buki/sti-35-2.php,,2,"2026-03-12 00:48:37","2026-07-23 15:19:02"
393,stick_35_2,マポレーナステッキ,"Genie Sanguini Wand",,,,10,,"[""悪魔系MP吸収率+2%""]",,,18,,6,,,14,28,inherit,23,35,マポレーナのらくがき,メギストリスの都のレシピ屋10000G,悪魔系のMPを奪いやすいいなせなステッキ,スティック,スティック,1,"[{""count"": 1, ""item_id"": 675}, {""count"": 1, ""item_id"": 800}, {""count"": 1, ""item_id"": 651}]","[[""155""], [""209""]]",https://draquex.com/buki/0-sti.php,https://draquex.com/buki/sti-35-3.php,,2,"2026-03-12 00:48:40","2026-07-23 15:19:02"
394,stick_35_3,まてきのスティック,"Brouhaha Boomstick",,,,10,,"[""攻撃時2%で魅了""]",,,16,,6,,,13,26,inherit,17,35,まてきのスティック物語,ヴェリナード城下町C-3美容院の本棚,たたいた相手をまれに魅了する笛型のスティック,スティック,スティック,1,"[{""count"": 1, ""item_id"": 675}, {""count"": 1, ""item_id"": 720}, {""count"": 1, ""item_id"": 664}]","[[""145""], [""193""]]",https://draquex.com/buki/0-sti.php,https://draquex.com/buki/sti-35-1.php,,2,"2026-03-12 00:48:42","2026-07-23 15:19:02"
395,stick_28,スラタワーステッキ,"Slime Stack Stick",,,,10,,"[""スライム系MP吸収率+2%""]",,,14,,5,,,11,22,inherit,16,28,スラタワーのつぶやき,バザーのみスライムタワーがドロップする,スライム系のMPを奪いやすいたわわなステッキ,スティック,スティック,1,"[{""count"": 1, ""item_id"": 675}, {""count"": 1, ""item_id"": 840}, {""count"": 1, ""item_id"": 697}]","[[""118""], [""161""]]",https://draquex.com/buki/0-sti.php,https://draquex.com/buki/sti-28-2.php,,2,"2026-03-12 00:48:44","2026-07-23 15:19:02"
396,stick_28_2,ラブリースティック,"Fond Wand",,,,10,,"[""攻撃時3%で魅了""]",,,12,,6,,,11,21,inherit,14,28,ステキなスティック作り,王都カミハルムイ北・木工ギルドのレシピ屋30G,たたいた敵をたまに魅了する愛のスティック,スティック,スティック,1,"[{""count"": 1, ""item_id"": 675}, {""count"": 1, ""item_id"": 821}, {""count"": 1, ""item_id"": 760}]","[[""107""], [""150""]]",https://draquex.com/buki/0-sti.php,https://draquex.com/buki/sti-28-1.php,,2,"2026-03-12 00:48:46","2026-07-23 15:19:02"
397,stick_21,フェザースティック,"Winged Wand",,,,10,,"[""風属性攻撃""]",,,11,,5,,,9,17,inherit,12,21,フェザースティックの本,バザーのみベビーマジシャンがドロップする,そよ風のチカラを宿している軽やかスティック,スティック,スティック,1,"[{""count"": 1, ""item_id"": 694}, {""count"": 1, ""item_id"": 675}]","[[""104""], [""137""]]",https://draquex.com/buki/0-sti.php,https://draquex.com/buki/sti-21-2.php,,2,"2026-03-12 00:48:49","2026-07-23 15:19:02"
398,stick_21_2,モーモンスティック,"Teeny Sanguini Wand",,,,10,,"[""悪魔系MP吸収率+2%""]",,,10,,4,,,8,16,inherit,10,21,ステキなスティック作り,王都カミハルムイ北・木工ギルドのレシピ屋30G,悪魔系のMPを奪いやすい小粋なスティック,スティック,スティック,1,"[{""count"": 1, ""item_id"": 694}, {""count"": 1, ""item_id"": 800}]","[[""93""], [""126""]]",https://draquex.com/buki/0-sti.php,https://draquex.com/buki/sti-21-1.php,,2,"2026-03-12 00:48:51","2026-07-23 15:19:02"
399,stick_14,ツインクルタクト,"Twinkle Little Staff",,,,10,,"[""攻撃時2%で混乱""]",,,8,,3,,,6,12,inherit,9,14,ステキなスティック作り,王都カミハルムイ北・木工ギルドのレシピ屋30G,たたいた敵をまれに混乱させるキラキラタクト,スティック,スティック,1,"[{""count"": 1, ""item_id"": 694}, {""count"": 1, ""item_id"": 821}]","[[""82""], [""115""]]",https://draquex.com/buki/0-sti.php,https://draquex.com/buki/sti-14-2.php,,1,"2026-03-12 00:48:54","2026-07-23 15:19:02"
400,stick_14_2,スライムステッキ,"Slime Stick",,,,10,,"[""スライム系MP吸収率+2%""]",,,6,,3,,,6,11,inherit,7,14,ステキなスティック作り,王都カミハルムイ北・木工ギルドのレシピ屋30G,スライム系のMPを奪いやすいかわいいステッキ,スティック,スティック,1,"[{""count"": 1, ""item_id"": 694}, {""count"": 1, ""item_id"": 697}]","[[""71""], [""104""]]",https://draquex.com/buki/0-sti.php,https://draquex.com/buki/sti-14-1.php,,1,"2026-03-12 00:48:56","2026-07-23 15:19:02"
401,stick_7,ピンスティック,"Pocus Pin",,,,10,,"[""-""]",,,4,,2,,,3,6,inherit,3,7,ステキなスティック作り,王都カミハルムイ北・木工ギルドのレシピ屋30G,先端にボールが付いている手軽なスティック,スティック,スティック,1,"[{""count"": 1, ""item_id"": 859}, {""count"": 1, ""item_id"": 732}]","[[""60""], [""60""]]",https://draquex.com/buki/0-sti.php,https://draquex.com/buki/sti-7-1.php,,1,"2026-03-12 00:48:58","2026-07-23 15:19:02"
402,stick_7_2,フラワースティック,"Posey Pole",,,,10,,"[""虫系を攻撃時3%で魅了""]",3,,5,,2,,,4,7,inherit,5,7,ステキなスティック作り,王都カミハルムイ北・木工ギルドのレシピ屋30G,虫系を魅了し最大HPを高める派手なスティック,スティック,スティック,1,"[{""count"": 1, ""item_id"": 859}, {""count"": 1, ""item_id"": 773}]","[[""60""], [""90""]]",https://draquex.com/buki/0-sti.php,https://draquex.com/buki/sti-7-2.php,,1,"2026-03-12 00:49:00","2026-07-23 15:19:02"
403,stick_1,ローリエの小枝,"Laurel Sprig",,,,10,,"[""-""]",,,2,,1,,,1,2,inherit,1,1,はじめての木工術,王都カミハルムイ北・木工ギルドのレシピ屋10G,月桂樹の枝を折っただけの簡素なスティック,スティック,スティック,1,"[{""count"": 1, ""item_id"": 859}]","[[""45""], [""45""]]",https://draquex.com/buki/0-sti.php,https://draquex.com/buki/sti-1-1.php,,1,"2026-03-12 00:49:03","2026-07-23 15:19:02"
404,stick_1_2,星々のタクト,"Starry Baton",,,,10,,"[""-""]",,,,,,,,,,inherit,11,1,祭具・星々のタクト絵巻,以前のイベントで販売され、今はバザーのみ,星のチカラが宿る平身低頭の儀に不可欠なタクト,スティック,,,"[{""count"": 4, ""item_id"": 825}, {""count"": 12, ""item_id"": 822}]",,https://draquex.com/buki/0-sti.php,https://draquex.com/buki/sti-1-2.php,,,"2026-03-12 00:49:05","2026-07-23 15:19:02"
405,staff_2h_132,妖夢の杖,"Spectral Staff",,,,11,,"[""行動時5%で魔力かくせいと早読みの杖"", ""行動時5%でチャージ時間-10秒""]",,,86,,16,,,270,170,inherit,75,132,あやしい夢占い,はじまりの地のレシピ屋クツツ1000000G,"呪文の威力と詠唱 チャージ時間まで 強化する両手杖",両手杖,両手杖,1,"[{""count"": 30, ""item_id"": 618}, {""count"": 4, ""item_id"": 550}, {""count"": 8, ""item_id"": 730}, {""count"": 30, ""item_id"": 868}, {""count"": 9, ""item_id"": 726}]","[[""465""], [""195""], [""340""]]",https://draquex.com/buki/0-tsue.php,https://draquex.com/buki/tsue-132-1.php,,12,"2026-03-12 00:49:12","2026-07-23 15:19:02"
406,staff_2h_130,プリエールの杖,"Staff of Priere",,,,11,,"[""呪文と特技の回復量+30"", ""行動時5%で魔力かくせいと聖なる祈り""]",,,83,,16,,,260,165,inherit,75,130,レシピ入手方法,神都フォーリオンのレシピ屋1000000G,"回復量が増え 行動時まれに 魔力高まる両手杖",両手杖,両手杖,1,"[{""count"": 30, ""item_id"": 618}, {""count"": 5, ""item_id"": 876}, {""count"": 3, ""item_id"": 658}, {""count"": 20, ""item_id"": 839}, {""count"": 8, ""item_id"": 726}]","[[""415""], [""170""], [""355""]]",https://draquex.com/buki/0-tsue.php,https://draquex.com/buki/tsue-130-1.php,,12,"2026-03-12 00:49:15","2026-07-23 15:19:02"
407,staff_2h_128,ソールワンド,"Sol Stick",,,,11,,"[""開戦時100%で魔力かくせいと早詠みの杖"", ""死亡時50.0%で呪文威力上昇と早詠みの杖残""]",,,80,,16,,,250,160,inherit,65,128,レシピ入手方法,神都フォーリオンのレシピ屋1000000G,"開戦時必ず早詠み と魔力かくせいが 発動する両手杖",両手杖,両手杖,,"[{""count"": 30, ""item_id"": 618}, {""count"": 6, ""item_id"": 626}, {""count"": 6, ""item_id"": 658}, {""count"": 1, ""item_id"": 587}, {""count"": 1, ""item_id"": 726}]","[[""480""], [""250""], [""360""]]",https://draquex.com/buki/0-tsue.php,https://draquex.com/buki/tsue-128-1.php,,12,"2026-03-12 00:49:17","2026-07-23 15:19:02"
408,staff_2h_125,アリエススタッフ,"Aries Staff",,,,11,,"[""全ての属性攻撃ダメージ+3.0%"", ""必殺チャージ率+1%""]",,,77,,16,,,246,155,inherit,75,125,星座の導き・おひつじ座,神都フォーリオンのレシピ屋1000000G,"必殺技が出やすく すべての属性の 威力が高まる杖",両手杖,両手杖,1,"[{""count"": 30, ""item_id"": 618}, {""count"": 3, ""item_id"": 648}, {""count"": 5, ""item_id"": 833}, {""count"": 2, ""item_id"": 861}, {""count"": 8, ""item_id"": 726}]","[[""450""], [""240""], [""380""]]",https://draquex.com/buki/0-tsue.php,https://draquex.com/buki/tsue-125-1.php,,12,"2026-03-12 00:49:19","2026-07-23 15:19:02"
409,staff_2h_120,セーラスワンド,"Selas Staff",,,,11,,"[""会心率と呪文暴走率+2.0％"", ""会心と暴走時魔物にダメージ+100""]",,,74,,16,,,230,150,inherit,70,120,神光放つ杖の書,神都フォーリオンのレシピ屋1000000G,"会心と呪文暴走の 威力と確率が 強化される杖",両手杖,両手杖,1,"[{""count"": 30, ""item_id"": 737}, {""count"": 3, ""item_id"": 703}, {""count"": 10, ""item_id"": 831}, {""count"": 1, ""item_id"": 587}, {""count"": 8, ""item_id"": 726}]","[[""420""], [""220""], [""370""]]",https://draquex.com/buki/0-tsue.php,https://draquex.com/buki/tsue-120-1.php,,12,"2026-03-12 00:49:21","2026-07-23 15:19:02"
410,staff_2h_118,ブルームワンド,"Bloom Wand",,,,11,,"[""行動時5%で魔力かくせい"", ""行動時5%でチャージ時間-10秒""]",,,71,,16,,,210,135,inherit,70,118,ブルーム・アウェイク,神都フォーリオンのレシピ屋1000000G,"魔力かくせいと チャージ時間短縮 が発動する両手杖",両手杖,両手杖,1,"[{""count"": 30, ""item_id"": 737}, {""count"": 3, ""item_id"": 708}, {""count"": 20, ""item_id"": 696}, {""count"": 1, ""item_id"": 587}, {""count"": 7, ""item_id"": 726}]","[[""370""], [""300""], [""200""]]",https://draquex.com/buki/0-tsue.php,https://draquex.com/buki/tsue-118-1.php,,12,"2026-03-12 00:49:24","2026-07-23 15:19:02"
411,staff_2h_115,輝天の杖,"Sky Staff",,,,11,,"[""呪文発動速度+3%"", ""コマンド間隔-0.5秒""]",,,68,,16,,,180,110,inherit,65,115,高速呪文詠唱術,砂の都ファラザードのレシピ屋1000000G,呪文発動が速まり行動間隔も少し短縮する杖,両手杖,両手杖,,"[{""count"": 10, ""item_id"": 737}, {""count"": 2, ""item_id"": 668}, {""count"": 1, ""item_id"": 587}, {""count"": 5, ""item_id"": 610}, {""count"": 5, ""item_id"": 656}]","[[""400""], [""250""], [""300""]]",https://draquex.com/buki/0-tsue.php,https://draquex.com/buki/tsue-115-1.php,,12,"2026-03-12 00:49:27","2026-07-23 15:19:02"
412,staff_2h_110,征魔の黒杖,"Demon Conqueror",,,,11,,"[""全ての属性攻撃ダメージ+3.0%""]",,10,65,,16,,,150,75,inherit,65,110,魔を統べる杖,砂の都ファラザードのレシピ屋50000G,すべての属性のダメージが高まる魔を統べる杖,両手杖,両手杖,,"[{""count"": 10, ""item_id"": 831}, {""count"": 2, ""item_id"": 550}, {""count"": 5, ""item_id"": 668}, {""count"": 20, ""item_id"": 651}, {""count"": 5, ""item_id"": 610}]","[[""400""], [""200""], [""350""]]",https://draquex.com/buki/0-tsue.php,https://draquex.com/buki/tsue-110-1.php,,12,"2026-03-12 00:49:29","2026-07-23 15:19:02"
413,staff_2h_108,セレニティワンド,"Staff of Serenity",,,,11,,"[""2.0%でターン消費なし"", ""死亡時50.0%で詠唱時間短縮が消えない""]",,,62,,16,,,140,70,inherit,65,108,杖のある平穏な暮らし,王都キィンベルのレシピ屋50000G,死んでも早読みの効果が残りうる行動しやすい杖,両手杖,両手杖,,"[{""count"": 10, ""item_id"": 831}, {""count"": 2, ""item_id"": 757}, {""count"": 5, ""item_id"": 626}, {""count"": 30, ""item_id"": 549}, {""count"": 5, ""item_id"": 610}]","[[""330""], [""200""], [""330""]]",https://draquex.com/buki/0-tsue.php,https://draquex.com/buki/tsue-108-1.php,,12,"2026-03-12 00:49:31","2026-07-23 15:19:02"
414,staff_2h_105,ミネルバの聖杖,"Minerva's Holy Staff",,,,11,,"[""行動時5%で魔力かくせい"", ""呪文ぼうそう率＋2.0%""]",,,59,,16,,,130,65,inherit,60,105,ふくろう観察日記,王都キィンベルのレシピ屋50000G,魔力かくせいと呪文暴走が起こる確率が上がる杖,両手杖,両手杖,1,"[{""count"": 10, ""item_id"": 831}, {""count"": 1, ""item_id"": 757}, {""count"": 10, ""item_id"": 862}, {""count"": 20, ""item_id"": 825}, {""count"": 5, ""item_id"": 610}]","[[""400""], [""278""], [""278""]]",https://draquex.com/buki/0-tsue.php,https://draquex.com/buki/tsue-105-1.php,,12,"2026-03-12 00:49:34","2026-07-23 15:19:02"
415,staff_2h_100,黄昏の魔杖,"Twilight Staff",,,,11,,"[""開戦時60%で魔力かくせい"", ""たまに同じ呪文が2回唱えられる""]",5,,56,,16,,20,120,60,inherit,45,100,黄昏導く魔杖の知識,王都キィンベルのレシピ屋40000G,たまに呪文を連続でとなえる高位魔術師の杖,両手杖,両手杖,,"[{""count"": 5, ""item_id"": 656}, {""count"": 1, ""item_id"": 862}, {""count"": 1, ""item_id"": 587}, {""count"": 15, ""item_id"": 839}, {""count"": 5, ""item_id"": 610}]","[[""320""], [""275""], [""348""]]",https://draquex.com/buki/0-tsue.php,https://draquex.com/buki/tsue-100-1.php,,12,"2026-03-12 00:49:36","2026-07-23 15:19:02"
416,staff_2h_99,神域の杖,"Mythic Staff",,,,11,,"[""死亡時50.0%で詠唱時間短縮が消えない"", ""2.0%でターン消費なし""]",5,,53,,14,,,110,55,inherit,44,99,ゴッドライクな杖作成,聖都エジャルナのレシピ屋40000G,死んでも早詠みの効果が残りうる行動しやすい杖,両手杖,両手杖,,"[{""count"": 5, ""item_id"": 656}, {""count"": 5, ""item_id"": 735}, {""count"": 1, ""item_id"": 587}, {""count"": 10, ""item_id"": 839}, {""count"": 5, ""item_id"": 610}]","[[""280""], [""335""], [""310""]]",https://draquex.com/buki/0-tsue.php,https://draquex.com/buki/tsue-99-1.php,,11,"2026-03-12 00:49:38","2026-07-23 15:19:02"
417,staff_2h_96,天恵石の杖,"Blessed Stone Staff",,,,11,,"[""行動時5%で魔力かくせい"", ""呪文威力上昇の時間が15秒増加""]",5,,50,,12,,,100,50,inherit,43,96,天恵石の契約・杖の章,聖都エジャルナのレシピ屋40000G,魔力かくせいが行動時に出やすく持続しやすい杖,両手杖,両手杖,1,"[{""count"": 5, ""item_id"": 656}, {""count"": 1, ""item_id"": 703}, {""count"": 20, ""item_id"": 850}, {""count"": 20, ""item_id"": 633}, {""count"": 5, ""item_id"": 610}]","[[""250""], [""280""], [""331""]]",https://draquex.com/buki/0-tsue.php,https://draquex.com/buki/tsue-96-1.php,,10,"2026-03-12 00:49:40","2026-07-23 15:19:02"
418,staff_2h_93,エンシェントワンド,"Olde-Worlde Staffe",,,,11,,"[""開戦時50%で魔力かくせい"", ""開戦時50%で早詠みの杖""]",5,,47,,10,,,86,43,inherit,42,93,古代武器図説・杖編,聖都エジャルナのレシピ屋30000G,早読みの杖が発動しやすい古代文明の杖,両手杖,両手杖,1,"[{""count"": 5, ""item_id"": 626}, {""count"": 1, ""item_id"": 883}, {""count"": 20, ""item_id"": 846}, {""count"": 10, ""item_id"": 567}, {""count"": 5, ""item_id"": 610}]","[[""300""], [""240""], [""300""]]",https://draquex.com/buki/0-tsue.php,https://draquex.com/buki/tsue-93-1.php,,8,"2026-03-12 00:49:43","2026-07-23 15:19:02"
419,staff_2h_90,邪術皇の杖,"Sorcerer's Staff",,,,11,,"[""死亡時15.0%で呪文威力上昇残り"", ""呪文ぼうそう率+2.0%""]",,,47,,10,,,80,40,inherit,41,90,邪術教典,聖都エジャルナのレシピ屋30000G,戦いで力尽きても魔力を失いにくいまがまがしい魔杖,両手杖,両手杖,1,"[{""count"": 5, ""item_id"": 626}, {""count"": 1, ""item_id"": 757}, {""count"": 10, ""item_id"": 549}, {""count"": 10, ""item_id"": 868}, {""count"": 5, ""item_id"": 610}]","[[""236""], [""300""], [""300""]]",https://draquex.com/buki/0-tsue.php,https://draquex.com/buki/tsue-90-1.php,,8,"2026-03-12 00:49:48","2026-07-23 15:19:02"
420,staff_2h_85,万物流転の杖,"Staff of Uncertainty",,,,11,,"[""開戦時20%で早詠みの杖"", ""2.0%でターン消費なし""]",5,,47,,10,,,74,37,inherit,40,85,万物流転の書,真グランゼドーラ王国のレシピ屋30000G,さまざまな行動を速めてくれる高位魔術師の杖,両手杖,両手杖,1,"[{""count"": 3, ""item_id"": 626}, {""count"": 30, ""item_id"": 840}, {""count"": 5, ""item_id"": 554}, {""count"": 1, ""item_id"": 761}, {""count"": 5, ""item_id"": 610}]","[[""205""], [""235""], [""265""]]",https://draquex.com/buki/0-tsue.php,https://draquex.com/buki/tsue-85-1.php,,8,"2026-03-12 00:49:52","2026-07-23 15:19:02"
421,staff_2h_80,不死者の魔杖,"Staff of the Undead",,,,11,,"[""MP消費しない率+3.0%"", ""開戦時30%でマホ系解除""]",5,,45,,10,,,69,35,inherit,39,80,不死者の夜明け,真グランゼドーラ王国のレシピ屋20000G,不死者の呪力が魔法の守りを破る破魔の両手杖,両手杖,両手杖,1,"[{""count"": 15, ""item_id"": 839}, {""count"": 1, ""item_id"": 648}, {""count"": 20, ""item_id"": 595}, {""count"": 1, ""item_id"": 761}, {""count"": 10, ""item_id"": 610}]","[[""260""], [""290""], [""220""]]",https://draquex.com/buki/0-tsue.php,https://draquex.com/buki/tsue-80-2.php,,8,"2026-03-12 00:50:07","2026-07-23 15:19:02"
422,staff_2h_80_2,イーリスの杖,"Rod of Paradise",,,,11,,,5,,43,,18,,,66,33,inherit,38,80,イーリスの手記,,,両手杖,両手杖,1,"[{""count"": 15, ""item_id"": 839}, {""count"": 10, ""item_id"": 760}, {""name"": ""にじいろの布切れ"", ""count"": 5, ""item_id"": null}, {""count"": 1, ""item_id"": 761}, {""count"": 10, ""item_id"": 610}]","[[""270""], [""230""], [""200""]]",https://draquex.com/buki/0-tsue.php,https://draquex.com/buki/tsue-80-1.php,,10,"2026-03-12 00:50:28","2026-07-23 15:19:02"
423,staff_2h_75,ひかりの杖,"Bright Staff",,,,11,,,5,,40,,16,,,63,32,inherit,37,75,ひかりの杖の本,,,両手杖,両手杖,1,"[{""count"": 10, ""item_id"": 839}, {""count"": 1, ""item_id"": 648}, {""count"": 10, ""item_id"": 784}, {""count"": 1, ""item_id"": 761}, {""count"": 10, ""item_id"": 610}]","[[""255""], [""185""], [""255""]]",https://draquex.com/buki/0-tsue.php,https://draquex.com/buki/tsue-75-1.php,,12,"2026-03-12 00:50:38","2026-07-23 15:19:02"
424,staff_2h_70,聖王の杖,"Dryspell Staff",,,,11,,"[""悪魔系にダメージ+10%""]",5,5,37,,16,,,58,29,inherit,36,70,聖王の杖の壁画,偽グランゼドーラ王国のレシピ屋20000G,聖なる力を秘めた悪魔系の敵を打ち倒す杖,両手杖,両手杖,1,"[{""count"": 5, ""item_id"": 839}, {""count"": 1, ""item_id"": 587}, {""count"": 1, ""item_id"": 649}, {""count"": 1, ""item_id"": 761}, {""count"": 5, ""item_id"": 610}]","[[""198""], [""228""], [""250""]]",https://draquex.com/buki/0-tsue.php,https://draquex.com/buki/tsue-70-1.php,,12,"2026-03-12 00:50:48","2026-07-23 15:19:02"
425,staff_2h_65,ドラゴンの杖,Wyrmwand,,,,11,,"[""戦いで使うと火の玉が飛び出す"", ""ドラゴン系MP吸収率+3%""]",3,5,34,,13,,,55,28,inherit,35,65,ドラゴンの杖の作り方,王都カミハルムイ北・木工ギルドのレシピ屋10000G,巨大な火球を放ちドラゴンのMPをたやすく奪う杖,両手杖,両手杖,1,"[{""count"": 20, ""item_id"": 823}, {""count"": 1, ""item_id"": 754}, {""count"": 1, ""item_id"": 752}, {""count"": 1, ""item_id"": 880}, {""count"": 10, ""item_id"": 610}]","[[""300""], [""259""], [""189""]]",https://draquex.com/buki/0-tsue.php,https://draquex.com/buki/tsue-65-1.php,,12,"2026-03-12 00:50:57","2026-07-23 15:19:02"
426,staff_2h_60,賢者の杖,"Sage's Staff",,,,11,,,,8,30,,10,,,49,25,inherit,33,60,けんじゃの杖の作り方,,,両手杖,両手杖,1,"[{""count"": 15, ""item_id"": 549}, {""count"": 30, ""item_id"": 627}, {""count"": 1, ""item_id"": 552}, {""count"": 12, ""item_id"": 610}]","[[""166""], [""213""], [""190""]]",https://draquex.com/buki/0-tsue.php,https://draquex.com/buki/tsue-60-1.php,,11,"2026-03-12 00:51:07","2026-07-23 15:19:02"
427,staff_2h_60_2,女神の杖,"Sacrosanct Staff",,,,11,,"[""悪魔系にダメージ+10%""]",,10,33,,16,,,53,27,inherit,34,60,女神の杖の物語,王都カミハルムイ北・木工ギルドのレシピ屋10000G,最大MPと魔力を高める悪魔系に強い杖,両手杖,両手杖,1,"[{""count"": 15, ""item_id"": 653}, {""count"": 2, ""item_id"": 735}, {""count"": 1, ""item_id"": 639}, {""count"": 12, ""item_id"": 610}]","[[""177""], [""177""], [""286""]]",https://draquex.com/buki/0-tsue.php,https://draquex.com/buki/tsue-60-2.php,,11,"2026-03-12 00:51:16","2026-07-23 15:19:02"
428,staff_2h_50,アークワンド,"Celestial Sceptre",,,,11,,,,10,26,,10,,,45,23,inherit,30,50,アークワンドの本,,,両手杖,両手杖,1,"[{""count"": 10, ""item_id"": 628}, {""count"": 30, ""item_id"": 627}, {""count"": 1, ""item_id"": 782}, {""count"": 10, ""item_id"": 610}]","[[""163""], [""187""], [""199""]]",https://draquex.com/buki/0-tsue.php,https://draquex.com/buki/tsue-50-1.php,,11,"2026-03-12 00:51:37","2026-07-23 15:19:02"
429,staff_2h_50_2,福音の杖,"Staff of Salvation",,,,11,,"[""戦いで使うとHPが回復する""]",,,28,,10,,,40,20,inherit,30,50,福音の杖の書,王都カミハルムイ北・木工ギルドのレシピ屋10000G,戦闘中に使うとHPが回復する祝福された杖,両手杖,両手杖,1,"[{""count"": 12, ""item_id"": 628}, {""count"": 1, ""item_id"": 696}, {""count"": 1, ""item_id"": 639}, {""count"": 10, ""item_id"": 610}]","[[""156""], [""175""], [""199""]]",https://draquex.com/buki/0-tsue.php,https://draquex.com/buki/tsue-50-2.php,,11,"2026-03-12 00:51:48","2026-07-23 15:19:02"
430,staff_2h_42,まがんの杖,"Hocus Locus",,,,11,,"[""攻撃時2%でマヒ""]",,9,21,,8,,,39,20,inherit,25,42,まがんの杖の作り方,王都カミハルムイ南H-2民家(倉庫の向かいの家)の本棚,最大MPと魔力を高め敵を呪縛する杖,両手杖,両手杖,1,"[{""count"": 4, ""item_id"": 628}, {""count"": 10, ""item_id"": 549}, {""count"": 1, ""item_id"": 619}, {""count"": 4, ""item_id"": 610}]","[[""162""], [""150""], [""133""]]",https://draquex.com/buki/0-tsue.php,https://draquex.com/buki/tsue-42-1.php,,8,"2026-03-12 00:51:51","2026-07-23 15:19:02"
431,staff_2h_42_2,こおりの杖,Shiverstick,,,,11,,"[""戦いで使うと氷のつぶてで攻撃""]",,,22,,8,,,33,17,inherit,27,42,こおりの杖のレシピ,王都カミハルムイ北・木工ギルドのレシピ屋3000G,戦闘中に使うと氷のつぶてが敵をおそう杖,両手杖,両手杖,1,"[{""count"": 6, ""item_id"": 628}, {""count"": 3, ""item_id"": 653}, {""count"": 1, ""item_id"": 781}, {""count"": 6, ""item_id"": 610}]","[[""129""], [""140""], [""161""]]",https://draquex.com/buki/0-tsue.php,https://draquex.com/buki/tsue-42-2.php,,8,"2026-03-12 00:51:53","2026-07-23 15:19:02"
432,staff_2h_42_3,セイレーンの杖,"Siren's Staff",,,,11,,"[""戦いで使うと呪文に強くなる"", ""攻撃時2%で魅了""]",,6,23,,10,,,34,17,inherit,29,42,セイレーンの歌,メギストリスの都のレシピ屋10000G,戦闘中に使うと呪文に強くなる魅惑的な杖,両手杖,両手杖,1,"[{""count"": 4, ""item_id"": 628}, {""count"": 1, ""item_id"": 753}, {""count"": 1, ""item_id"": 638}, {""count"": 8, ""item_id"": 610}]","[[""140""], [""155""], [""166""]]",https://draquex.com/buki/0-tsue.php,https://draquex.com/buki/tsue-42-3.php,,8,"2026-03-12 00:51:55","2026-07-23 15:19:02"
433,staff_2h_35,ルーンスタッフ,"Rune Staff",,,,11,,"[""攻撃時2%でマヒ""]",,6,17,,6,,,31,16,inherit,17,35,ルーンスタッフの本,王都カミハルムイ南D-7宿屋2階の本棚,最大MPと魔力を高め敵をマヒさせる杖,両手杖,両手杖,1,"[{""count"": 1, ""item_id"": 675}, {""count"": 1, ""item_id"": 720}, {""count"": 1, ""item_id"": 826}]","[[""118""], [""86""], [""97""]]",https://draquex.com/buki/0-tsue.php,https://draquex.com/buki/tsue-35-1.php,,6,"2026-03-12 00:51:58","2026-07-23 15:19:02"
434,staff_2h_35_2,マグマの杖,"Magma Staff",,,,11,,"[""戦いで使うとマグマで攻撃""]",,,18,,6,,,27,14,inherit,20,35,マグマの杖のレシピ,バザーのみなげきの亡霊がドロップする,戦闘中に使うと爆発を起こし敵を打ち倒す杖,両手杖,両手杖,1,"[{""count"": 1, ""item_id"": 675}, {""count"": 1, ""item_id"": 863}, {""count"": 1, ""item_id"": 823}]","[[""108""], [""145""], [""121""]]",https://draquex.com/buki/0-tsue.php,https://draquex.com/buki/tsue-35-2.php,,9,"2026-03-12 00:52:00","2026-07-23 15:19:02"
435,staff_2h_35_3,せいれいの杖,"Spirit Staff",,,,11,,"[""-""]",,10,19,,7,,,33,17,inherit,23,35,せいれいの杖の書,バザーのみデスプリーストがドロップする,精霊の加護を得た最大MPを高めるステキな杖,両手杖,両手杖,1,"[{""count"": 1, ""item_id"": 675}, {""count"": 1, ""item_id"": 627}, {""count"": 1, ""item_id"": 638}]","[[""107""], [""118""], [""140""]]",https://draquex.com/buki/0-tsue.php,https://draquex.com/buki/tsue-35-3.php,,6,"2026-03-12 00:52:06","2026-07-23 15:19:02"
436,staff_2h_28,ピオラの杖,"Rod of Rapidity",,,,11,,"[""戦いで使うとすばやくなる""]",,,15,,5,,,22,11,inherit,16,28,ピオラの杖の作り方,バザーのみワイトキングがドロップする,戦闘中に使うとすばやくなれる翼をかたどった杖,両手杖,両手杖,1,"[{""count"": 1, ""item_id"": 675}, {""count"": 1, ""item_id"": 859}, {""count"": 1, ""item_id"": 879}]","[[""80""], [""91""], [""107""]]",https://draquex.com/buki/0-tsue.php,https://draquex.com/buki/tsue-28-2.php,,5,"2026-03-12 00:52:08","2026-07-23 15:19:02"
437,staff_2h_28_2,いかずちの杖,"Lightning Staff",,,,11,,"[""戦いで使うと電撃を放つ""]",,,13,,6,,,21,11,inherit,14,28,はじめよう！杖作り,王都カミハルムイ北・木工ギルドのレシピ屋30G,戦闘中に使うと雷を呼び敵を打ち砕く杖,両手杖,両手杖,1,"[{""count"": 1, ""item_id"": 675}, {""count"": 1, ""item_id"": 859}, {""count"": 1, ""item_id"": 840}]","[[""84""], [""96""], [""108""]]",https://draquex.com/buki/0-tsue.php,https://draquex.com/buki/tsue-28-1.php,,5,"2026-03-12 00:52:11","2026-07-23 15:19:02"
438,staff_2h_21,うみなりの杖,"Watermaul Wand",,,,11,,"[""水系にダメージ+10%"", ""水系MP吸収率+2%""]",,,11,,4,,,16,8,inherit,10,21,はじめよう！杖作り,王都カミハルムイ北・木工ギルドのレシピ屋30G,水系の魔物に強くそのMPも奪う波をかたどった杖,両手杖,両手杖,1,"[{""count"": 1, ""item_id"": 694}, {""count"": 1, ""item_id"": 667}]","[[""60""], [""71""], [""88""]]",https://draquex.com/buki/0-tsue.php,https://draquex.com/buki/tsue-21-1.php,,5,"2026-03-12 00:52:15","2026-07-23 15:19:02"
439,staff_2h_21_2,ようせいの杖,"Faerie Staff",,,,11,,"[""-""]",,4,12,,5,,,17,9,inherit,12,21,ようせいの杖の作り方,バザーのみダークペルシャがドロップする,妖精が宿るという最大MPを高める不思議な杖,両手杖,両手杖,1,"[{""count"": 1, ""item_id"": 694}, {""count"": 1, ""item_id"": 627}]","[[""71""], [""77""], [""93""]]",https://draquex.com/buki/0-tsue.php,https://draquex.com/buki/tsue-21-2.php,,5,"2026-03-12 00:52:20","2026-07-23 15:19:02"
440,staff_2h_14,まふうじの杖,"Staff of Antimagic",,,,11,,"[""戦いで使うと相手の呪文を封じる""]",,,9,,2,,,12,6,inherit,9,14,はじめよう！杖作り,王都カミハルムイ北・木工ギルドのレシピ屋30G,戦闘中に使うと敵の呪文を封じ込める杖,両手杖,両手杖,1,"[{""count"": 1, ""item_id"": 694}, {""count"": 1, ""item_id"": 720}]","[[""49""], [""66""], [""82""]]",https://draquex.com/buki/0-tsue.php,https://draquex.com/buki/tsue-14-2.php,,3,"2026-03-12 00:52:23","2026-07-23 15:19:02"
441,staff_2h_14_2,あまぐもの杖,"Staff of Rain",,,,11,,"[""水系にダメージ+10%""]",,,7,,3,,,11,6,inherit,7,14,はじめよう！杖作り,王都カミハルムイ北・木工ギルドのレシピ屋30G,水系の魔物に強い雨雲を封じ込めた魔法の杖,両手杖,両手杖,1,"[{""count"": 1, ""item_id"": 694}, {""count"": 1, ""item_id"": 846}]","[[""44""], [""60""], [""71""]]",https://draquex.com/buki/0-tsue.php,https://draquex.com/buki/tsue-14-1.php,,3,"2026-03-12 00:52:27","2026-07-23 15:19:02"
442,staff_2h_7,さばきの杖,"Staff of Sentencing",,,,11,,"[""戦いで使うと風で敵を切り裂く""]",,,6,,2,,,7,4,inherit,5,7,はじめよう！杖作り,王都カミハルムイ北・木工ギルドのレシピ屋30G,戦闘中に使うと風で敵を切り裂く聖なる杖,両手杖,両手杖,1,"[{""count"": 1, ""item_id"": 859}, {""count"": 1, ""item_id"": 840}]","[[""45""], [""60""], [""45""]]",https://draquex.com/buki/0-tsue.php,https://draquex.com/buki/tsue-7-2.php,,2,"2026-03-12 00:52:29","2026-07-23 15:19:02"
443,staff_2h_7_2,まどうしの杖,"Wizard's Staff",,,,11,,"[""戦いで使うと火の玉が放たれる""]",,,5,,2,,,6,3,inherit,3,7,はじめよう！杖作り,王都カミハルムイ北・木工ギルドのレシピ屋30G,戦闘知友に使うと火の玉が放たれるまほうの杖,両手杖,両手杖,1,"[{""count"": 1, ""item_id"": 859}, {""count"": 1, ""item_id"": 820}]","[[""30""], [""45""], [""45""]]",https://draquex.com/buki/0-tsue.php,https://draquex.com/buki/tsue-7-1.php,,2,"2026-03-12 00:52:31","2026-07-23 15:19:02"
444,staff_2h_1,かしの杖,"Oak Staff",,,,11,,"[""-""]",,,3,,1,,,2,1,inherit,1,1,はじめての木工術,王都カミハルムイ北・木工ギルドのレシピ屋10G,かしの木をけずって作った簡素な杖,両手杖,両手杖,1,"[{""count"": 1, ""item_id"": 859}]","[[""30""], [""30""], [""30""]]",https://draquex.com/buki/0-tsue.php,https://draquex.com/buki/tsue-1-1.php,,2,"2026-03-12 00:52:36","2026-07-23 15:19:02"
445,kon_132,セイントロッド,"Holy Pole",,,,12,,"[""行動時10%で聖女の守り"", ""呪文と特技の回復+30%""]",,,346,,14,,,110,100,inherit,75,132,僧侶だって殴りたい！,はじまりの地のレシピ屋クツツ1000000G,"回復量が増え 行動時聖女の守り も期待できるこん",棍,棍,2,"[{""count"": 30, ""item_id"": 618}, {""count"": 4, ""item_id"": 744}, {""count"": 3, ""item_id"": 883}, {""count"": 20, ""item_id"": 819}, {""count"": 9, ""item_id"": 726}]","[[""210"", ""260""], [""80"", ""95""], [""170"", ""190""]]",https://draquex.com/buki/0-kon.php,https://draquex.com/buki/kon-132-1.php,,20,"2026-03-12 00:52:43","2026-07-23 15:19:02"
446,kon_130,ライブラロッド,"Rod of Libra",,,,12,,"[""特技のダメージ+100"", ""行動時10%でバイキルト""]",,,334,,14,,,105,95,inherit,75,130,レシピ入手方法,神都フォーリオンのレシピ屋1000000G,"特技ダメージ増え 効果範囲も広げる 白花のおうぎ",棍,棍,2,"[{""count"": 30, ""item_id"": 618}, {""count"": 3, ""item_id"": 626}, {""count"": 8, ""item_id"": 834}, {""count"": 20, ""item_id"": 839}, {""count"": 8, ""item_id"": 726}]","[[""220"", ""250""], [""90"", ""75""], [""190"", ""180""]]",https://draquex.com/buki/0-kon.php,https://draquex.com/buki/kon-130-1.php,,20,"2026-03-12 00:52:45","2026-07-23 15:19:02"
447,staff_2h_128_2,クリナップロッド,"Cleanup Club",,,,11,,"[""全ての攻撃ダメージ+10.0%"", ""呪文と特技の効果範囲+1.0m""]",,,320,,14,,,100,90,inherit,65,128,レシピ入手方法,神都フォーリオンのレシピ屋1000000G,"攻撃ダメージ増え 呪文と特技の範囲 まで広げるこん",両手杖,棍,2,"[{""count"": 30, ""item_id"": 618}, {""count"": 4, ""item_id"": 876}, {""count"": 4, ""item_id"": 693}, {""count"": 1, ""item_id"": 574}, {""count"": 1, ""item_id"": 726}]","[[""190"", ""170""], [""85"", ""105""], [""200"", ""210""]]",https://draquex.com/buki/0-kon.php,https://draquex.com/buki/kon-128-1.php,,20,"2026-03-12 00:52:48","2026-07-23 15:19:02"
448,kon_125,ヘナトライロッド,"Blunt Rod",,,,12,,"[""攻撃時15%でヘナトス"", ""ヘナトス時魔物にダメージ+100""]",,,308,,14,,,95,85,inherit,75,125,脱力のススメ,神都フォーリオンのレシピ屋1000000G,"敵の攻撃力が 下がっていると ダメージ増すこん",棍,棍,2,"[{""count"": 30, ""item_id"": 618}, {""count"": 3, ""item_id"": 656}, {""count"": 8, ""item_id"": 531}, {""count"": 5, ""item_id"": 856}, {""count"": 8, ""item_id"": 726}]","[[""230"", ""230""], [""105"", ""105""], [""205"", ""205""]]",https://draquex.com/buki/0-kon.php,https://draquex.com/buki/kon-125-1.php,,20,"2026-03-12 00:52:50","2026-07-23 15:19:02"
449,kon_120,セーラスロッド,"Selas Rod",,,,12,,"[""呪文発動速度+5％"", ""呪文と特技の回復+30％""]",,,299,,14,,,90,80,inherit,70,120,神光放つ棍の書,神都フォーリオンのレシピ屋1000000G,"呪文の発動を速め 呪文の回復量まで 増やす棍",棍,棍,2,"[{""count"": 30, ""item_id"": 737}, {""count"": 5, ""item_id"": 883}, {""count"": 30, ""item_id"": 728}, {""count"": 3, ""item_id"": 782}, {""count"": 8, ""item_id"": 726}]","[[""255"", ""255""], [""100"", ""100""], [""195"", ""195""]]",https://draquex.com/buki/0-kon.php,https://draquex.com/buki/kon-120-1.php,,20,"2026-03-12 00:52:53","2026-07-23 15:19:02"
450,kon_118,サターンロッド,"Saturn Rod",,,,12,,"[""行動時10%で聖女の守り"", ""行動時5%でテンションアップ""]",,,285,,14,,,85,75,inherit,70,118,土星の聖女,神都フォーリオンのレシピ屋1000000G,"テンション上がり 聖女の守りも 発動するこん",棍,棍,2,"[{""count"": 30, ""item_id"": 737}, {""count"": 3, ""item_id"": 603}, {""count"": 30, ""item_id"": 839}, {""count"": 1, ""item_id"": 574}, {""count"": 7, ""item_id"": 726}]","[[""180"", ""180""], [""80"", ""80""], [""180"", ""180""]]",https://draquex.com/buki/0-kon.php,https://draquex.com/buki/kon-118-1.php,,20,"2026-03-12 00:52:55","2026-07-23 15:19:02"
451,kon_115,輝天のこん,"Sky Rod",,,,12,,"[""全ての攻撃ダメージ+10.0%"", ""呪文と特技の効果範囲+1.0m""]",,,266,,14,,,80,,inherit,65,115,一網打尽の心得,砂の都ファラザードのレシピ屋1000000G,破壊力が強化され呪文と特技の範囲も広げるこん,棍,棍,,"[{""count"": 10, ""item_id"": 737}, {""count"": 20, ""item_id"": 825}, {""count"": 5, ""item_id"": 610}, {""count"": 5, ""item_id"": 626}, {""count"": 10, ""item_id"": 555}]","[[""170"", ""100""], [""170"", ""170""], [""100"", ""170""]]",https://draquex.com/buki/0-kon.php,https://draquex.com/buki/kon-115-1.php,,20,"2026-03-12 00:52:58","2026-07-23 15:19:02"
452,kon_110,ローズロッド,"Rose Rod",,,,12,,"[""会心率と呪文暴走率+3.0%"", ""呪文と特技の回復+30%""]",,,242,,14,,,,,inherit,65,110,バラの育て方,砂の都ファラザードのレシピ屋50000G,会心と呪文暴走率と回復量までアップする才色兼備な棍,棍,棍,,"[{""count"": 10, ""item_id"": 831}, {""count"": 2, ""item_id"": 757}, {""count"": 5, ""item_id"": 656}, {""count"": 5, ""item_id"": 696}, {""count"": 5, ""item_id"": 610}]","[[""200"", ""200""], [""80"", ""80""], [""140"", ""140""]]",https://draquex.com/buki/0-kon.php,https://draquex.com/buki/kon-110-1.php,,20,"2026-03-12 00:53:01","2026-07-23 15:19:02"
453,kon_108,氷獄鬼のこん,"Icekeeper Rod",,,,12,,"[""氷の攻撃ダメージ+5.0%"", ""テンション時魔物にダメージ+100""]",,,226,,14,,,,,inherit,65,108,氷獄鬼の両腕,王都キィンベルのレシピ屋50000G,テンションが高いとダメージが上がる氷のこん,棍,棍,,"[{""count"": 10, ""item_id"": 831}, {""count"": 1, ""item_id"": 765}, {""count"": 5, ""item_id"": 656}, {""count"": 1, ""item_id"": 574}, {""count"": 5, ""item_id"": 610}]","[[""140"", ""170""], [""100"", ""100""], [""170"", ""140""]]",https://draquex.com/buki/0-kon.php,https://draquex.com/buki/kon-108-1.php,,20,"2026-03-12 00:53:03","2026-07-23 15:19:02"
454,kon_105,雷光のこん,"Lightning Rod",,,,12,,"[""雷属性攻撃"", ""光属性攻撃""]",,,214,,14,,,,,inherit,60,105,ライトニング無頼,王都キィンベルのレシピ屋50000G,雷の力で打ち光の力で砕く神聖な棍,棍,棍,2,"[{""count"": 10, ""item_id"": 831}, {""count"": 2, ""item_id"": 747}, {""count"": 5, ""item_id"": 656}, {""count"": 10, ""item_id"": 554}, {""count"": 5, ""item_id"": 610}]","[[""116"", ""160""], [""160"", ""121""], [""116"", ""160""]]",https://draquex.com/buki/0-kon.php,https://draquex.com/buki/kon-105-1.php,,20,"2026-03-12 00:53:06","2026-07-23 15:19:02"
455,kon_100,クリティカルロッド,"Critical Rod",,,,12,,"[""かいしん率+3.0%"", ""会心と暴走時魔物にダメージ+50""]",,,204,,14,,,,,inherit,45,100,会心のイチゲ記,王都キィンベルのレシピ屋40000G,会心の一撃の威力と確率が強化される棍,棍,棍,2,"[{""count"": 5, ""item_id"": 656}, {""count"": 5, ""item_id"": 745}, {""count"": 1, ""item_id"": 574}, {""count"": 30, ""item_id"": 549}, {""count"": 5, ""item_id"": 610}]","[[""136"", ""136""], [""152"", ""152""], [""120"", ""127""]]",https://draquex.com/buki/0-kon.php,https://draquex.com/buki/kon-100-1.php,,20,"2026-03-12 00:53:08","2026-07-23 15:19:02"
456,kon_99,金剛のこん,"Varja Rod",,,,12,,"[""常時カウンター5.0%"", ""ゾンビ系にダメージ+15%""]",,,194,,13,,,,,inherit,44,99,金剛不壊の武装術,聖都エジャルナのレシピ屋40000G,ゾンビ系に強くたまに反撃する徳の高い棍,棍,棍,2,"[{""count"": 5, ""item_id"": 656}, {""count"": 7, ""item_id"": 702}, {""count"": 1, ""item_id"": 574}, {""name"": ""きれいんだ枝"", ""count"": 25, ""item_id"": null}, {""count"": 5, ""item_id"": 610}]","[[""145"", ""107""], [""190"", ""145""], [""120"", ""175""]]",https://draquex.com/buki/0-kon.php,https://draquex.com/buki/kon-99-1.php,,19,"2026-03-12 00:53:11","2026-07-23 15:19:02"
457,kon_96,氷河のこん,"Glacial Rod",,,,12,,"[""氷の攻撃ダメージ+5.0%"", ""瀕死時25%でリベホイム""]",,,184,,12,,,,,inherit,43,96,大氷河の探検記,聖都エジャルナのレシピ屋40000G,リベホイムが瀕死時よくかかる氷の魔力宿す棍,棍,棍,2,"[{""count"": 5, ""item_id"": 656}, {""count"": 1, ""item_id"": 648}, {""count"": 30, ""item_id"": 652}, {""count"": 20, ""item_id"": 653}, {""count"": 5, ""item_id"": 610}]","[[""100"", ""100""], [""180"", ""180""], [""130"", ""130""]]",https://draquex.com/buki/0-kon.php,https://draquex.com/buki/kon-96-1.php,,18,"2026-03-12 00:53:17","2026-07-23 15:19:02"
458,kon_93,ヘリオスロッド,"Helios Rod",,,,12,,"[""炎属性攻撃"", ""光属性攻撃""]",,,164,,11,,,,,inherit,42,93,ヘリオスの手記,聖都エジャルナのレシピ屋30000G,太陽神の加護で炎と光の属性をあわせ持つ棍,棍,棍,2,"[{""count"": 5, ""item_id"": 626}, {""count"": 20, ""item_id"": 823}, {""count"": 20, ""item_id"": 784}, {""count"": 1, ""item_id"": 574}, {""count"": 5, ""item_id"": 610}]","[[""120"", ""120""], [""160"", ""160""], [""160"", ""160""]]",https://draquex.com/buki/0-kon.php,https://draquex.com/buki/kon-93-1.php,,17,"2026-03-12 00:53:19","2026-07-23 15:19:02"
459,kon_90,極楽のこん,"Paradise Rod",,,,12,,"[""武器ガード率+2.0%"", ""2.0%でターン消費なし""]",,,156,,11,,,,,inherit,41,90,極楽めぐりの旅,聖都エジャルナのレシピ屋30000G,まれにターンを消費しないありがたい棍,棍,棍,2,"[{""count"": 5, ""item_id"": 626}, {""count"": 1, ""item_id"": 757}, {""count"": 10, ""item_id"": 839}, {""count"": 10, ""item_id"": 826}, {""count"": 5, ""item_id"": 610}]","[[""114"", ""114""], [""152"", ""152""], [""114"", ""114""]]",https://draquex.com/buki/0-kon.php,https://draquex.com/buki/kon-90-1.php,,17,"2026-03-12 00:53:23","2026-07-23 15:19:02"
460,kon_85,ポップンロッド,"Pop'n Rod",,,,12,,"[""かいしん率+3.0%"", ""開戦時50%でリベホイム""]",5,5,149,,11,,,,,inherit,40,85,お菓子な武器大全,真グランゼドーラ王国のレシピ屋30000G,かいしん率を高めリベホイム発動のキャンディ型の棍,棍,棍,2,"[{""count"": 3, ""item_id"": 626}, {""count"": 20, ""item_id"": 773}, {""count"": 5, ""item_id"": 762}, {""count"": 1, ""item_id"": 761}, {""count"": 5, ""item_id"": 610}]","[[""98"", ""98""], [""160"", ""160""], [""120"", ""120""]]",https://draquex.com/buki/0-kon.php,https://draquex.com/buki/kon-85-1.php,,17,"2026-03-12 00:53:27","2026-07-23 15:19:02"
461,kon_80,アポカリプス,"Pole of Opposites",,,,12,,"[""光属性攻撃"", ""闇属性攻撃""]",,,141,,10,,,,,inherit,39,80,光と闇の黙示録,真グランゼドーラ王国のレシピ屋20000G,光の魔力で清め闇の魔力で蝕む聖魔一体の棍,棍,棍,2,"[{""count"": 3, ""item_id"": 648}, {""count"": 10, ""item_id"": 651}, {""count"": 5, ""item_id"": 735}, {""count"": 1, ""item_id"": 761}, {""count"": 10, ""item_id"": 610}]","[[""90"", ""90""], [""130"", ""156""], [""110"", ""110""]]",https://draquex.com/buki/0-kon.php,https://draquex.com/buki/kon-80-2.php,,18,"2026-03-12 00:53:30","2026-07-23 15:19:02"
462,kon_80_2,デーモンロッド,"Demon Rod",,,,12,,"[""悪魔系にダメージ+10%"", ""かいしん率+3.0%""]",,,136,,6,,,,,inherit,38,80,おしえてデーモン,真グランゼドーラ王国のレシピ屋20000G,悪魔を打ち払い強打が出やすいまがまがしい棍,棍,棍,2,"[{""count"": 15, ""item_id"": 839}, {""count"": 1, ""item_id"": 648}, {""count"": 5, ""item_id"": 835}, {""count"": 1, ""item_id"": 761}, {""count"": 10, ""item_id"": 610}]","[[""145"", ""130""], [""110"", ""110""], [""130"", ""145""]]",https://draquex.com/buki/0-kon.php,https://draquex.com/buki/kon-80-1.php,,18,"2026-03-12 00:53:32","2026-07-23 15:19:02"
463,kon_75,陰陽道のこん,"Rod of Opposites",,,,12,,"[""攻撃時5%でぶきみなひかり""]",,,131,,12,,,,,inherit,37,75,陰陽道の本,真グランゼドーラ王国のレシピ屋20000G,なぐった敵を攻撃呪文に弱くする棍,棍,棍,2,"[{""count"": 10, ""item_id"": 839}, {""count"": 5, ""item_id"": 867}, {""count"": 20, ""item_id"": 848}, {""count"": 1, ""item_id"": 761}, {""count"": 10, ""item_id"": 610}]","[[""104"", ""104""], [""130"", ""130""], [""104"", ""104""]]",https://draquex.com/buki/0-kon.php,https://draquex.com/buki/kon-75-1.php,,18,"2026-03-12 00:53:34","2026-07-23 15:19:02"
464,kon_70,聖王のこん,"Dryspell Rod",,,,12,,"[""ゾンビ系にダメージ+10%""]",3,3,116,,16,,,,,inherit,36,70,聖王の棍の壁画,偽グランゼドーラ王国のレシピ屋20000G,聖なる力を秘めたゾンビ系の敵を打ち倒す棍,棍,棍,,"[{""count"": 5, ""item_id"": 839}, {""count"": 1, ""item_id"": 574}, {""count"": 1, ""item_id"": 702}, {""count"": 1, ""item_id"": 761}, {""count"": 1, ""item_id"": 610}]","[[""90"", ""90""], [""150"", ""150""], [""105"", ""105""]]",https://draquex.com/buki/0-kon.php,https://draquex.com/buki/kon-70-1.php,,18,"2026-03-12 00:53:37","2026-07-23 15:19:02"
465,kon_65,シェンロンロッド,"Xenlon Rod",,,,12,,"[""ドラゴン系にダメージ+10%""]",,,102,,13,,,,,inherit,35,65,シェンロンロッドの本,王都カミハルムイ北・木工ギルドのレシピ屋10000G,ドラゴン系の敵を打ちのめす竜神を宿した棍,棍,棍,2,"[{""count"": 30, ""item_id"": 653}, {""count"": 30, ""item_id"": 716}, {""count"": 1, ""item_id"": 754}, {""count"": 1, ""item_id"": 811}, {""count"": 10, ""item_id"": 610}]","[[""91"", ""91""], [""111"", ""111""], [""138"", ""138""]]",https://draquex.com/buki/0-kon.php,https://draquex.com/buki/kon-65-1.php,,14,"2026-03-12 00:53:40","2026-07-23 15:19:02"
466,kon_60,なげきのこん,"Rod of Mourning",,,,12,,"[""攻撃時2%で混乱""]",,,84,,7,,,,,inherit,33,60,なげきのこんの作り方,王都カミハルムイ北・木工ギルドのレシピ屋10000G,なぐった相手をまれに混乱させるまがまがしい棍,棍,棍,2,"[{""count"": 15, ""item_id"": 549}, {""count"": 10, ""item_id"": 867}, {""count"": 1, ""item_id"": 782}, {""count"": 12, ""item_id"": 610}]","[[""76"", ""76""], [""95"", ""95""], [""114"", ""114""]]",https://draquex.com/buki/0-kon.php,https://draquex.com/buki/kon-60-1.php,,11,"2026-03-12 00:53:42","2026-07-23 15:19:02"
467,kon_60_2,しゅらのこん,"Knockout Rod",,,,12,,"[""エレ系にダメージ+10%""]",,6,97,,16,,,,,inherit,34,60,しゅらのこんのレシピ,王都カミハルムイ北・木工ギルドのレシピ屋10000G,エレメントに強く最大MPも高める神秘的な棍,棍,棍,2,"[{""count"": 15, ""item_id"": 653}, {""count"": 3, ""item_id"": 805}, {""count"": 1, ""item_id"": 811}, {""count"": 12, ""item_id"": 610}]","[[""83"", ""83""], [""170"", ""120""], [""92"", ""92""]]",https://draquex.com/buki/0-kon.php,https://draquex.com/buki/kon-60-2.php,,12,"2026-03-12 00:53:45","2026-07-23 15:19:02"
468,kon_50,にちりんのこん,"Solar Rod",,,,12,,"[""光属性攻撃""]",,,77,,10,,,,,inherit,30,50,にちりんの書,王都カミハルムイ北・木工ギルドのレシピ屋10000G,光の魔力を宿す太陽の姿をあしらった棍,棍,棍,2,"[{""count"": 10, ""item_id"": 628}, {""count"": 15, ""item_id"": 784}, {""count"": 1, ""item_id"": 552}, {""count"": 10, ""item_id"": 610}]","[[""75"", ""75""], [""108"", ""108""], [""90"", ""90""]]",https://draquex.com/buki/0-kon.php,https://draquex.com/buki/kon-50-1.php,,11,"2026-03-12 00:53:47","2026-07-23 15:19:02"
469,kon_50_2,白蛇のこん,"Snake Stick",,,,12,,"[""攻撃時3%でルカニ""]",,,81,,10,,,,,inherit,33,50,白蛇のこんの作り方,王都カミハルムイ北・木工ギルドのレシピ屋10000G,なぐった敵の守備力を下げる神秘的な棍,棍,棍,2,"[{""count"": 12, ""item_id"": 628}, {""count"": 1, ""item_id"": 818}, {""count"": 1, ""item_id"": 639}, {""count"": 10, ""item_id"": 610}]","[[""73"", ""73""], [""104"", ""104""], [""88"", ""88""]]",https://draquex.com/buki/0-kon.php,https://draquex.com/buki/kon-50-2.php,,11,"2026-03-12 00:53:49","2026-07-23 15:19:02"
470,kon_42,ろうがぼう,Sadistick,,,,12,,"[""試合時のみダメージ+15%""]",,,57,,5,,,,,inherit,26,42,ろうがぼうの作り方,王都カミハルムイ南G-2民家(古書店の隣の家)の本棚,コロシアムで威力を発揮する恐ろしい棍,棍,棍,2,"[{""count"": 4, ""item_id"": 628}, {""count"": 20, ""item_id"": 698}, {""count"": 1, ""item_id"": 597}, {""count"": 4, ""item_id"": 610}]","[[""53"", ""53""], [""80"", ""80""], [""64"", ""64""]]",https://draquex.com/buki/0-kon.php,https://draquex.com/buki/kon-42-1.php,,15,"2026-03-12 00:53:52","2026-07-23 15:19:02"
471,kon_42_2,やしゃのこん,"Slaying Rod",,,,12,,"[""怪人系にダメージ+10%""]",,,61,,8,,,,,inherit,28,42,やしゃのこんの作り方,王都カミハルムイ北・木工ギルドのレシピ屋3000G,怪人系の敵を打ちのめす邪鬼が使う棍,棍,棍,2,"[{""count"": 6, ""item_id"": 628}, {""count"": 2, ""item_id"": 805}, {""count"": 1, ""item_id"": 879}, {""count"": 6, ""item_id"": 610}]","[[""72"", ""72""], [""96"", ""96""], [""72"", ""72""]]",https://draquex.com/buki/0-kon.php,https://draquex.com/buki/kon-42-2.php,,8,"2026-03-12 00:53:54","2026-07-23 15:19:02"
472,kon_42_3,ドラゴンロッド,"Dragon Rod",,,,12,,"[""ドラゴン系にダメージ+10%""]",,,64,,10,,,,,inherit,30,42,ドラゴンロッドのレシピ,メギストリスの都のレシピ屋10000G,ドラゴン系の敵を打ちのめす竜をかたどった棍,棍,棍,2,"[{""count"": 4, ""item_id"": 628}, {""count"": 1, ""item_id"": 753}, {""count"": 1, ""item_id"": 551}, {""count"": 8, ""item_id"": 610}]","[[""72"", ""72""], [""84"", ""84""], [""102"", ""102""]]",https://draquex.com/buki/0-kon.php,https://draquex.com/buki/kon-42-3.php,,8,"2026-03-12 00:53:57","2026-07-23 15:19:02"
473,kon_35,クラッシュロッド,"Crusher Rod",,,,12,,"[""物質系にダメージ+10%""]",,,45,,4,,,,,inherit,19,35,クラッシュロッドの本,ガートラント城C-3大使室の本棚,物質系の敵を打ち砕くたのもしい棍,棍,棍,2,"[{""count"": 1, ""item_id"": 675}, {""count"": 1, ""item_id"": 732}, {""count"": 1, ""item_id"": 720}]","[[""43"", ""43""], [""58"", ""58""], [""48"", ""48""]]",https://draquex.com/buki/0-kon.php,https://draquex.com/buki/kon-35-1.php,,11,"2026-03-12 00:54:01","2026-07-23 15:19:02"
474,kon_35_2,レイニーロッド,Mistick,,,,12,,"[""氷属性攻撃""]",,,48,,7,,,,,inherit,22,35,レイニーロッドのレシピ,バザーのみフロストギズモがドロップする,先端の玉に氷の魔力を秘めた流な棍,棍,棍,2,"[{""count"": 1, ""item_id"": 675}, {""count"": 1, ""item_id"": 846}, {""count"": 1, ""item_id"": 841}]","[[""48"", ""48""], [""53"", ""53""], [""64"", ""64""]]",https://draquex.com/buki/0-kon.php,https://draquex.com/buki/kon-35-2.php,,6,"2026-03-12 00:54:04","2026-07-23 15:19:02"
475,kon_35_3,らせつのこん,"Taming Rod",,,,12,,"[""攻撃時2%でルカニ""]",,,52,,6,,,,,inherit,24,35,らせつのこんの作り方,メギストリスの都のレシピ屋10000G,なぐった敵の守備力を下げる悪鬼が使う棍,棍,棍,2,"[{""count"": 1, ""item_id"": 675}, {""count"": 1, ""item_id"": 646}, {""count"": 1, ""item_id"": 810}]","[[""60"", ""60""], [""84"", ""84""], [""60"", ""60""]]",https://draquex.com/buki/0-kon.php,https://draquex.com/buki/kon-35-3.php,,6,"2026-03-12 00:54:06","2026-07-23 15:19:02"
476,kon_28,まどろみのこん,"Sleepy Stick",,,,12,,"[""攻撃時2%で眠り""]",,,40,,5,,,,,inherit,17,28,まどろみのこんの書,バザーのみナイトメーアがドロップする,なぐった敵をまれに眠らせる不思議な棍,棍,棍,2,"[{""count"": 1, ""item_id"": 675}, {""count"": 1, ""item_id"": 859}, {""count"": 1, ""item_id"": 718}]","[[""37"", ""37""], [""58"", ""58""], [""43"", ""43""]]",https://draquex.com/buki/0-kon.php,https://draquex.com/buki/kon-28-2.php,,5,"2026-03-12 00:54:09","2026-07-23 15:19:02"
477,kon_28_2,スパイクロッド,"Barbed Bludgeon",,,,12,,"[""試合時のみダメージ+10%""]",,,36,,2,,,,,inherit,15,28,根性の棍作り,王都カミハルムイ北・木工ギルドのレシピ屋30G,コロシアムで威力を発揮するトゲトゲの棍,棍,棍,2,"[{""count"": 1, ""item_id"": 675}, {""count"": 1, ""item_id"": 670}, {""count"": 1, ""item_id"": 859}]","[[""32"", ""32""], [""53"", ""53""], [""43"", ""43""]]",https://draquex.com/buki/0-kon.php,https://draquex.com/buki/kon-28-1.php,,9,"2026-03-12 00:54:11","2026-07-23 15:19:02"
478,kon_21,えんぶのこん,"Driller Pillar",,,,12,,"[""身かわし率1.0%""]",,,28,,5,,,,,inherit,11,21,根性の棍作り,王都カミハルムイ北・木工ギルドのレシピ屋30G,身かわし率がわずかに上がるスマートな棍,棍,棍,2,"[{""count"": 1, ""item_id"": 694}, {""count"": 1, ""item_id"": 646}]","[[""33"", ""33""], [""44"", ""44""], [""33"", ""33""]]",https://draquex.com/buki/0-kon.php,https://draquex.com/buki/kon-21-1.php,,5,"2026-03-12 00:54:13","2026-07-23 15:19:02"
479,kon_21_2,セレモニーロッド,"Ceremonial Rod",,,,12,,"[""-""]",,,31,,5,,,,,inherit,13,21,セレモニーロッドの本,バザーのみコトブキーノがドロップする,儀式のときによく使われる格式高い棍,棍,棍,2,"[{""count"": 1, ""item_id"": 694}, {""count"": 1, ""item_id"": 638}]","[[""33"", ""33""], [""49"", ""49""], [""38"", ""38""]]",https://draquex.com/buki/0-kon.php,https://draquex.com/buki/kon-21-2.php,,6,"2026-03-12 00:54:16","2026-07-23 15:19:02"
480,kon_14,六角ぼう,Hexapole,,,,12,,"[""-""]",,,22,,3,,,,,inherit,9,14,根性の棍作り,王都カミハルムイ北・木工ギルドのレシピ屋30G,なぐられるととても痛いらしい角ばった棍,棍,棍,2,"[{""count"": 1, ""item_id"": 694}, {""count"": 1, ""item_id"": 670}]","[[""29"", ""29""], [""40"", ""40""], [""29"", ""29""]]",https://draquex.com/buki/0-kon.php,https://draquex.com/buki/kon-14-2.php,,5,"2026-03-12 00:54:19","2026-07-23 15:19:02"
481,kon_14_2,ぎょうじゃのこん,"Ascetic Rod",,,,12,,"[""試合時のみダメージ+5%""]",,,19,,2,,,,,inherit,8,14,根性の棍作り,王都カミハルムイ北・木工ギルドのレシピ屋30G,コロシアムで威力を発揮するシンプルな棍,棍,棍,2,"[{""count"": 1, ""item_id"": 694}, {""count"": 1, ""item_id"": 669}]","[[""29"", ""29""], [""29"", ""29""], [""29"", ""29""]]",https://draquex.com/buki/0-kon.php,https://draquex.com/buki/kon-14-1.php,,3,"2026-03-12 00:54:22","2026-07-23 15:19:02"
482,kon_7,かしのこん,"Oaken Pole",,,,12,,"[""身かわし率1.0%""]",,,13,,1,,,,,inherit,6,7,根性の棍作り,王都カミハルムイ北・木工ギルドのレシピ屋30G,身かわし率がわずかに上がる木製の棍,棍,棍,2,"[{""count"": 1, ""item_id"": 859}, {""count"": 1, ""item_id"": 844}]","[[""22"", ""22""], [""33"", ""33""], [""22"", ""22""]]",https://draquex.com/buki/0-kon.php,https://draquex.com/buki/kon-7-2.php,,3,"2026-03-12 00:54:25","2026-07-23 15:19:02"
483,kon_7_2,てんびんぼう,"Carrying Pole",,,,12,,"[""-""]",,,10,,1,,,,,inherit,4,7,根性の棍作り,王都カミハルムイ北・木工ギルドのレシピ屋30G,重い荷物を運ぶために使うじょうぶな棒,棍,棍,2,"[{""count"": 1, ""item_id"": 859}, {""count"": 1, ""item_id"": 732}]","[[""22"", ""22""], [""26"", ""26""], [""22"", ""22""]]",https://draquex.com/buki/0-kon.php,https://draquex.com/buki/kon-7-1.php,,3,"2026-03-12 00:54:27","2026-07-23 15:19:02"
484,kon_1_2,ものほしざお,"Laundry Pole",,,,12,,"[""-""]",,,5,,1,,,,,inherit,2,1,はじめての木工術,王都カミハルムイ北・木工ギルドのレシピ屋10G,せんたくものを干すのに使う竹のさお,棍,棍,2,"[{""count"": 1, ""item_id"": 859}]","[[""22"", ""22""], [""22"", ""22""], [""22"", ""22""]]",https://draquex.com/buki/0-kon.php,https://draquex.com/buki/kon-1-1.php,,2,"2026-03-12 00:54:29","2026-07-23 15:19:02"
485,fan_132,名軍師の羽扇,"Tactful Fan",,,,13,,"[""必殺チャージ率+1.0%(左手装備時無効)"", ""必殺チャージ時チャージ時間-10秒""]",,,253,,42,,,135,90,inherit,75,132,名軍師の兵法書,はじまりの地のレシピ屋クツツ1000000G,"必殺チャージ時に チャージ時間を 短縮するおうぎ",扇,扇,2,"[{""count"": 30, ""item_id"": 618}, {""count"": 5, ""item_id"": 611}, {""count"": 8, ""item_id"": 798}, {""count"": 2, ""item_id"": 568}, {""count"": 9, ""item_id"": 726}]","[[""170"", ""280""], [""210"", ""200""]]",https://draquex.com/buki/0-ougi.php,https://draquex.com/buki/ougi-132-1.php,,3,"2026-03-12 00:54:45","2026-07-23 15:19:02"
486,fan_130,花星のおうぎ,"Starflower Fan",,,,13,,"[""特技のダメージ+30"", ""特技の効果範囲+1.0m""]",,,245,,42,,,130,85,inherit,75,130,レシピ入手方法,神都フォーリオンのレシピ屋1000000G,"特技ダメージ増え 効果範囲も広げる 白花のおうぎ",扇,扇,2,"[{""count"": 30, ""item_id"": 618}, {""count"": 8, ""item_id"": 798}, {""count"": 20, ""item_id"": 861}, {""count"": 1, ""item_id"": 568}, {""count"": 8, ""item_id"": 726}]","[[""300"", ""140""], [""160"", ""360""]]",https://draquex.com/buki/0-ougi.php,https://draquex.com/buki/ougi-130-1.php,,3,"2026-03-12 00:54:47","2026-07-23 15:19:02"
487,fan_128,おとめの扇,"Maiden's Fan",,,,13,,"[""行動時5%で聖女の守り"", ""攻撃時5％でルカニとボミエ""]",,,237,,42,,,125,80,inherit,65,128,レシピ入手方法,神都フォーリオンのレシピ屋1000000G,"行動時まれに 聖女の守りが発動 慈愛が宿るおうぎ",扇,扇,,"[{""count"": 30, ""item_id"": 618}, {""count"": 3, ""item_id"": 765}, {""count"": 10, ""item_id"": 798}, {""count"": 20, ""item_id"": 735}, {""count"": 1, ""item_id"": 726}]","[[""220"", ""310""], [""340"", ""230""]]",https://draquex.com/buki/0-ougi.php,https://draquex.com/buki/ougi-128-1.php,,3,"2026-03-12 00:54:49","2026-07-23 15:19:02"
488,fan_125,星詠みの秘扇,"Starsong Fan",,,,13,,"[""呪文発動速度+5%"", ""行動時5%で魔力かくせいと聖なる祈り""]",,,228,,42,,,120,75,inherit,75,125,星を詠む一族,神都フォーリオンのレシピ屋1000000G,"呪文発動が速まり まれに魔力も 高まるおうぎ",扇,扇,2,"[{""count"": 30, ""item_id"": 618}, {""count"": 3, ""item_id"": 711}, {""count"": 20, ""item_id"": 821}, {""count"": 5, ""item_id"": 658}, {""count"": 8, ""item_id"": 726}]","[[""320"", ""260""], [""210"", ""330""]]",https://draquex.com/buki/0-ougi.php,https://draquex.com/buki/ougi-125-1.php,,3,"2026-03-12 00:54:52","2026-07-23 15:19:02"
489,fan_120,セーラスファン,"Selas Fan",,,,13,,"[""行動時10％で早詠みの杖"", ""特技の効果範囲+1.0m""]",,,218,,42,,,115,70,inherit,70,120,神光放つ扇の書,神都フォーリオンのレシピ屋1000000G,"特技の範囲を広げ 早詠みの杖も 発動するおうぎ",扇,扇,2,"[{""count"": 30, ""item_id"": 737}, {""count"": 5, ""item_id"": 708}, {""count"": 30, ""item_id"": 781}, {""count"": 1, ""item_id"": 568}, {""count"": 8, ""item_id"": 726}]","[[""310"", ""240""], [""200"", ""310""]]",https://draquex.com/buki/0-ougi.php,https://draquex.com/buki/ougi-120-1.php,,3,"2026-03-12 00:54:54","2026-07-23 15:19:02"
490,fan_118,クローリス,Chloris,,,,13,,"[""呪文と特技のダメージ+15"", ""状態異常系の成功率+10.0%""]",,,208,,42,,,110,65,inherit,70,118,状態異常と扇,神都フォーリオンのレシピ屋1000000G,"状態異常成功率と 呪文特技ダメージ も上がるおうぎ",扇,扇,2,"[{""count"": 30, ""item_id"": 737}, {""count"": 3, ""item_id"": 747}, {""count"": 10, ""item_id"": 831}, {""count"": 1, ""item_id"": 568}, {""count"": 7, ""item_id"": 726}]","[[""250"", ""250""], [""180"", ""180""]]",https://draquex.com/buki/0-ougi.php,https://draquex.com/buki/ougi-118-1.php,,3,"2026-03-12 00:54:57","2026-07-23 15:19:02"
491,fan_115,輝天のおうぎ,"Sky Fan",,,,13,,"[""必殺チャージ率+1%(左手装備時無効)"", ""開戦時10%でチャージ時間-10秒""]",,,198,,42,,,105,60,inherit,65,115,必殺の輝天のおうぎ,砂の都ファラザードのレシピ屋1000000G,開戦時たまにチャージ時間が短縮されるおうぎ,扇,扇,,"[{""count"": 10, ""item_id"": 737}, {""count"": 2, ""item_id"": 603}, {""count"": 18, ""item_id"": 839}, {""count"": 1, ""item_id"": 568}, {""count"": 5, ""item_id"": 610}]","[[""240"", ""190""], [""190"", ""240""]]",https://draquex.com/buki/0-ougi.php,https://draquex.com/buki/ougi-115-1.php,,3,"2026-03-12 00:54:59","2026-07-23 15:19:02"
492,fan_110,アロケルのおうぎ,"Allocer Fan",,,,13,,"[""呪文発動速度+5%"", ""特技の効果範囲+1.0m""]",,,168,,42,,,100,55,inherit,65,110,笑う地獄の大公爵,砂の都ファラザードのレシピ屋50000G,呪文の発動を速め特技の範囲広げる目力が強いおうぎ,扇,扇,1,"[{""count"": 10, ""item_id"": 831}, {""count"": 2, ""item_id"": 607}, {""count"": 5, ""item_id"": 626}, {""count"": 20, ""item_id"": 595}, {""count"": 5, ""item_id"": 610}]","[[""230"", ""190""], [""230"", ""190""]]",https://draquex.com/buki/0-ougi.php,https://draquex.com/buki/ougi-110-1.php,,3,"2026-03-12 00:55:02","2026-07-23 15:19:02"
493,fan_108,黒仙翼のおうぎ,"Black Fairy Wing Fan",,,,13,,"[""土の攻撃ダメージ+5.0%"", ""闇の攻撃ダメージ+5.0%""]",,,160,,42,,,95,,inherit,65,108,黒仙翼の羽ばたき,王都キィンベルのレシピ屋50000G,土と闇の属性ダメージが増加するおうぎ,扇,扇,,"[{""count"": 10, ""item_id"": 831}, {""count"": 2, ""item_id"": 757}, {""count"": 5, ""item_id"": 656}, {""count"": 10, ""item_id"": 839}, {""count"": 5, ""item_id"": 610}]","[[""250"", ""160""], [""160"", ""250""]]",https://draquex.com/buki/0-ougi.php,https://draquex.com/buki/ougi-108-1.php,,3,"2026-03-12 00:55:04","2026-07-23 15:19:02"
494,fan_105,ラクシュミー,Lakshmi,,,,13,,"[""全ての属性攻撃ダメージ+3.0%""]",,,152,,42,,,,50,inherit,60,105,美と富と豊穣と幸運,王都キィンベルのレシピ屋50000G,すべての属性のダメージが高まるありがたいおうぎ,扇,扇,2,"[{""count"": 10, ""item_id"": 831}, {""count"": 10, ""item_id"": 738}, {""count"": 10, ""item_id"": 666}, {""count"": 1, ""item_id"": 568}, {""count"": 5, ""item_id"": 610}]","[[""280"", ""280""], [""150"", ""150""]]",https://draquex.com/buki/0-ougi.php,https://draquex.com/buki/ougi-105-1.php,,3,"2026-03-12 00:55:07","2026-07-23 15:19:02"
495,fan_100,ガルーダテンペスト,"Garuda Tempest",,,,13,,"[""全ての風攻撃ダメージ+5.0%"", ""特技の効果範囲+1.0ｍ""]",,,144,,41,65,,90,,inherit,45,100,戦場を舞うガルーダ,王都キィンベルのレシピ屋40000G,風ダメージ強化し特技の範囲広げる嵐を呼ぶおうぎ,扇,扇,2,"[{""count"": 5, ""item_id"": 656}, {""count"": 1, ""item_id"": 883}, {""count"": 15, ""item_id"": 626}, {""count"": 30, ""item_id"": 651}, {""count"": 5, ""item_id"": 610}]","[[""240"", ""210""], [""240"", ""213""]]",https://draquex.com/buki/0-ougi.php,https://draquex.com/buki/ougi-100-1.php,,3,"2026-03-12 00:55:09","2026-07-23 15:19:02"
496,fan_99,ブリガンティア,Brigantia,,,,13,,"[""チャンスとくぎ発生率+1%(左手時無効)"", ""行動時5%でメイクアップ""]",,,136,,41,60,,85,,inherit,44,99,ブリガンオーダー,聖都エジャルナのレシピ屋40000G,メイクアップがまれに発動するチャンスつかむ扇,扇,扇,,"[{""count"": 5, ""item_id"": 656}, {""count"": 40, ""item_id"": 728}, {""count"": 20, ""item_id"": 608}, {""count"": 30, ""item_id"": 784}, {""count"": 5, ""item_id"": 610}]","[[""189"", ""189""], [""231"", ""231""]]",https://draquex.com/buki/0-ougi.php,https://draquex.com/buki/ougi-99-1.php,,3,"2026-03-12 00:55:11","2026-07-23 15:19:02"
497,fan_96,プロセルピナ,Proserpina,,,,13,,"[""全ての属性攻撃ダメージ+3.0%"", ""味方死亡時5%でためる""]",,,127,,40,55,,80,,inherit,43,96,冥府のスイーツガイド,聖都エジャルナのレシピ屋40000G,属性ダメージ増加味方死亡時ためる神聖宿るおうぎ,扇,扇,2,"[{""count"": 5, ""item_id"": 656}, {""count"": 30, ""item_id"": 666}, {""count"": 20, ""item_id"": 781}, {""count"": 30, ""item_id"": 549}, {""count"": 5, ""item_id"": 610}]","[[""195"", ""253""], [""160"", ""195""]]",https://draquex.com/buki/0-ougi.php,https://draquex.com/buki/ougi-96-1.php,,3,"2026-03-12 00:55:14","2026-07-23 15:19:02"
498,fan_93,妖貴妃のおうぎ,"Beauty Empress Fan",,,,13,,"[""行動時10%で魔力かくせい"", ""行動時10%で早詠みの杖""]",,,113,,40,52,,50,,inherit,42,93,傾国の美女に学ぶ歴史,聖都エジャルナのレシピ屋30000G,行動時に早詠みや魔力かくせいがたまに発動する扇,扇,扇,,"[{""count"": 5, ""item_id"": 626}, {""count"": 1, ""item_id"": 647}, {""count"": 30, ""item_id"": 559}, {""count"": 10, ""item_id"": 554}, {""count"": 1, ""item_id"": 610}]","[[""172"", ""220""], [""220"", ""172""]]",https://draquex.com/buki/0-ougi.php,https://draquex.com/buki/ougi-93-1.php,,3,"2026-03-12 00:55:17","2026-07-23 15:19:02"
499,fan_90,孔雀姫のおうぎ,"Peacock Princess Fan",,,,13,,"[""攻撃時10%で魔導の書"", ""MP消費しない率+4.0%""]",,,108,,33,47,,,50,inherit,41,90,果ての泉の孔雀姫,聖都エジャルナのレシピ屋30000G,敵を悪い効果にかかりやすくする孔雀の羽扇,扇,扇,2,"[{""count"": 5, ""item_id"": 626}, {""count"": 30, ""item_id"": 548}, {""count"": 30, ""item_id"": 760}, {""count"": 30, ""item_id"": 559}, {""count"": 5, ""item_id"": 610}]","[[""181"", ""218""], [""181"", ""218""]]",https://draquex.com/buki/0-ougi.php,https://draquex.com/buki/ougi-90-1.php,,3,"2026-03-12 00:55:20","2026-07-23 15:19:02"
500,fan_85,ラヴィアンローズ,"Rose Spectaculars",,,,13,,"[""呪文発動速度+4%"", ""開戦時10%でチャージ時間-10秒""]",,,103,,26,42,,,,inherit,40,85,バラ色の生き方,真グランゼドーラ王国のレシピ屋30000G,呪文の発動を速めチャージ時間が時々短縮される扇,扇,扇,2,"[{""count"": 3, ""item_id"": 626}, {""count"": 20, ""item_id"": 666}, {""count"": 10, ""item_id"": 696}, {""count"": 1, ""item_id"": 761}, {""count"": 5, ""item_id"": 610}]","[[""160"", ""218""], [""218"", ""160""]]",https://draquex.com/buki/0-ougi.php,https://draquex.com/buki/ougi-85-1.php,,3,"2026-03-12 00:55:23","2026-07-23 15:19:02"
501,fan_80,ハルジオン,Fleabane,,,,13,,"[""MP消費しない率+4.0%""]",,,97,,22,42,,,40,inherit,39,80,詩集・追想の愛,真グランゼドーラ王国のレシピ屋20000G,回復魔力を高め魔力消費を抑えるたおやかな花扇,扇,扇,2,"[{""count"": 15, ""item_id"": 839}, {""count"": 30, ""item_id"": 773}, {""count"": 5, ""item_id"": 696}, {""count"": 1, ""item_id"": 761}, {""count"": 10, ""item_id"": 610}]","[[""175"", ""175""], [""175"", ""175""]]",https://draquex.com/buki/0-ougi.php,https://draquex.com/buki/ougi-80-2.php,,3,"2026-03-12 00:55:26","2026-07-23 15:19:02"
502,fan_80_2,青嵐のおうぎ,"Tempest Fan",,,,13,,"[""雷属性攻撃"", ""風属性攻撃""]",,,93,,20,42,,,,inherit,38,80,青嵐のおうぎ絵巻,真グランゼドーラ王国のレシピ屋20000G,雷と風のチカラが宿った華麗な扇,扇,扇,2,"[{""count"": 15, ""item_id"": 839}, {""count"": 20, ""item_id"": 674}, {""count"": 5, ""item_id"": 554}, {""count"": 1, ""item_id"": 761}, {""count"": 10, ""item_id"": 610}]","[[""170"", ""193""], [""153"", ""170""]]",https://draquex.com/buki/0-ougi.php,https://draquex.com/buki/ougi-80-1.php,,4,"2026-03-12 00:55:29","2026-07-23 15:19:02"
503,fan_75,カレイドスコープ,Kaleidoscope,,,,13,,"[""戦闘勝利時にMPが1回復""]",,,90,,20,40,,,,inherit,37,75,カレイドスコープレシピ,真グランゼドーラ王国のレシピ屋20000G,戦闘後にMPがすこし回復する夢幻のおうぎ,扇,扇,2,"[{""count"": 10, ""item_id"": 839}, {""count"": 5, ""item_id"": 762}, {""count"": 10, ""item_id"": 760}, {""count"": 1, ""item_id"": 761}, {""count"": 10, ""item_id"": 610}]","[[""170"", ""192""], [""157"", ""157""]]",https://draquex.com/buki/0-ougi.php,https://draquex.com/buki/ougi-75-1.php,,4,"2026-03-12 00:55:32","2026-07-23 15:19:02"
504,fan_70,聖王のおうぎ,"Dryspell Fan",,,,13,,"[""水系にダメージ+10%""]",,,86,,18,40,,,,inherit,36,70,聖王のおうぎの壁画,偽グランゼドーラ王国のレシピ屋20000G,聖なる力を秘めた水系の敵を打ち倒す扇,扇,扇,2,"[{""count"": 5, ""item_id"": 839}, {""count"": 1, ""item_id"": 568}, {""count"": 10, ""item_id"": 667}, {""count"": 1, ""item_id"": 761}, {""count"": 5, ""item_id"": 610}]","[[""153"", ""153""], [""185"", ""185""]]",https://draquex.com/buki/0-ougi.php,https://draquex.com/buki/ougi-70-1.php,,4,"2026-03-12 00:55:34","2026-07-23 15:19:02"
505,fan_65,風林火山,Attribeauty,,,,13,,"[""攻撃時10%でテンション下げ"", ""メタル系に+1ダメージ""]",,,81,,15,38,,,,inherit,35,65,風林火山の書,王都カミハルムイ北・木工ギルドのレシピ屋10000G,メタル系に強く敵の士気も下げる威厳ある軍配,扇,扇,2,"[{""count"": 30, ""item_id"": 549}, {""count"": 5, ""item_id"": 835}, {""count"": 10, ""item_id"": 863}, {""count"": 1, ""item_id"": 552}, {""count"": 10, ""item_id"": 610}]","[[""143"", ""143""], [""190"", ""190""]]",https://draquex.com/buki/0-ougi.php,https://draquex.com/buki/ougi-65-1.php,,4,"2026-03-12 00:55:36","2026-07-23 15:19:02"
506,fan_60,天下泰平,"Fan of Peace",,,,13,,"[""開戦時5%でためる""]",,,67,,17,36,,,,inherit,33,60,天下泰平の書,王都カミハルムイ北・木工ギルドのレシピ屋10000G,開戦時たまにテンションが上がるめでたいおうぎ,扇,扇,2,"[{""count"": 15, ""item_id"": 825}, {""count"": 30, ""item_id"": 559}, {""count"": 1, ""item_id"": 552}, {""count"": 12, ""item_id"": 610}]","[[""142"", ""142""], [""142"", ""142""]]",https://draquex.com/buki/0-ougi.php,https://draquex.com/buki/ougi-60-1.php,,4,"2026-03-12 00:55:39","2026-07-23 15:19:02"
507,fan_60_2,ひっさつのおうぎ,"Critical Fan",,,,13,,"[""開戦時3%で必殺チャージ""]",,,76,,15,36,,,,inherit,34,60,ひっさつのおうぎの本,王都カミハルムイ北・木工ギルドのレシピ屋10000G,開戦時まれに必殺チャージする勇猛なおうぎ,扇,扇,2,"[{""count"": 15, ""item_id"": 549}, {""count"": 4, ""item_id"": 611}, {""count"": 1, ""item_id"": 782}, {""count"": 12, ""item_id"": 610}]","[[""150"", ""150""], [""220"", ""184""]]",https://draquex.com/buki/0-ougi.php,https://draquex.com/buki/ougi-60-2.php,,8,"2026-03-12 00:55:41","2026-07-23 15:19:02"
508,fan_50,たいようのおうぎ,"Solar Fan",,,,13,,"[""植物系を攻撃時3%で魅了""]",,,61,,13,33,,,,inherit,30,50,太陽のおうぎのレシピ,王都カミハルムイ北・木工ギルドのレシピ屋10000G,まばゆい太陽が植物系を魅了する神秘的なおうぎ,扇,扇,2,"[{""count"": 10, ""item_id"": 628}, {""count"": 30, ""item_id"": 863}, {""count"": 1, ""item_id"": 880}, {""count"": 10, ""item_id"": 610}]","[[""126"", ""126""], [""148"", ""148""]]",https://draquex.com/buki/0-ougi.php,https://draquex.com/buki/ougi-50-1.php,,4,"2026-03-12 00:55:44","2026-07-23 15:19:02"
509,fan_50_2,ばしょうせん,"Frond Fan",,,,13,,"[""風属性攻撃"", ""戦いで使うと風で敵を切り裂く""]",,,64,,10,34,,,,inherit,31,50,ばしょうせんの本,王都カミハルムイ北・木工ギルドのレシピ屋10000G,戦闘中に使うと風で敵を切り裂く名高いおうぎ,扇,扇,2,"[{""count"": 12, ""item_id"": 628}, {""count"": 1, ""item_id"": 611}, {""count"": 1, ""item_id"": 782}, {""count"": 10, ""item_id"": 610}]","[[""114"", ""114""], [""152"", ""152""]]",https://draquex.com/buki/0-ougi.php,https://draquex.com/buki/ougi-50-2.php,,2,"2026-03-12 00:55:48","2026-07-23 15:19:02"
510,fan_42,ましょうのおうぎ,"Devilish Fan",,,,13,,"[""試合時のみダメージ+15%""]",,,46,,8,25,,,,inherit,26,42,ましょうのおうぎの本,カミハルムイ城C-7研究室の本棚,コロシアムで威力を発揮する異形のおうぎ,扇,扇,2,"[{""count"": 4, ""item_id"": 628}, {""count"": 3, ""item_id"": 549}, {""count"": 3, ""item_id"": 627}, {""count"": 4, ""item_id"": 610}]","[[""102"", ""121""], [""121"", ""102""]]",https://draquex.com/buki/0-ougi.php,https://draquex.com/buki/ougi-42-1.php,,5,"2026-03-12 00:55:50","2026-07-23 15:19:02"
511,fan_42_2,月のおうぎ,"Lunar Fan",,,,13,,"[""攻撃時2%でマヒ""]",,,49,,10,25,,,,inherit,28,42,月のおうぎのレシピ,王都カミハルムイ北・木工ギルドのレシピ屋3000G,かがやく月光で敵をマヒさせる神秘的なおうぎ,扇,扇,2,"[{""count"": 6, ""item_id"": 628}, {""count"": 1, ""item_id"": 230}, {""count"": 1, ""item_id"": 551}, {""count"": 6, ""item_id"": 610}]","[[""97"", ""97""], [""118"", ""118""]]",https://draquex.com/buki/0-ougi.php,https://draquex.com/buki/ougi-42-2.php,,3,"2026-03-12 00:55:53","2026-07-23 15:19:02"
512,fan_42_3,レインボーファン,"Rainbow Fan",,,,13,,"[""攻撃時3%で幻惑""]",,,52,,13,25,,,,inherit,30,42,レインボーファンの本,メギストリスの都のレシピ屋10000G,斬りつけた敵を幻惑させるあざやかなおうぎ,扇,扇,2,"[{""count"": 4, ""item_id"": 628}, {""count"": 1, ""item_id"": 760}, {""count"": 1, ""item_id"": 781}, {""count"": 8, ""item_id"": 610}]","[[""107"", ""107""], [""123"", ""123""]]",https://draquex.com/buki/0-ougi.php,https://draquex.com/buki/ougi-42-3.php,,3,"2026-03-12 00:55:55","2026-07-23 15:19:02"
513,fan_35,星のおうぎ,"Stellar Fan",,,,13,,"[""攻撃時2%で混乱""]",,,39,,7,18,,,,inherit,21,35,星のおうぎのレシピ,バザーのみえんまのつかいがドロップする,きらめく星が敵を混乱させる神秘的なおうぎ,扇,扇,2,"[{""count"": 1, ""item_id"": 675}, {""count"": 1, ""item_id"": 821}, {""count"": 1, ""item_id"": 859}]","[[""75"", ""75""], [""91"", ""91""]]",https://draquex.com/buki/0-ougi.php,https://draquex.com/buki/ougi-35-2.php,,2,"2026-03-12 00:55:57","2026-07-23 15:19:02"
514,fan_35_2,マジックファン,"Magic Fan",,,,13,,"[""-""]",,8,43,,6,18,,,,inherit,24,35,マジックファンの本,バザーのみヘルカッチャがドロップする,装備すると最大MPが増える魔法のおうぎ,扇,扇,2,"[{""count"": 1, ""item_id"": 675}, {""count"": 1, ""item_id"": 840}, {""count"": 1, ""item_id"": 638}]","[[""90"", ""90""], [""114"", ""114""]]",https://draquex.com/buki/0-ougi.php,https://draquex.com/buki/ougi-35-3.php,,4,"2026-03-12 00:55:59","2026-07-23 15:19:02"
515,fan_35_3,へびのおうぎ,"Cobra Fan",,,,13,,"[""雷属性攻撃""]",,,35,,7,18,,,,inherit,18,35,へびのおうぎの本,カミハルムイ城C-7研究室の本棚,雷のチカラを宿すへびの絵が描かれたおうぎ,扇,扇,,"[{""count"": 1, ""item_id"": 675}, {""count"": 1, ""item_id"": 719}, {""count"": 1, ""item_id"": 859}]","[[""78"", ""78""], [""90"", ""90""]]",https://draquex.com/buki/0-ougi.php,https://draquex.com/buki/ougi-35-1.php,,2,"2026-03-12 00:56:02","2026-07-23 15:19:02"
516,fan_28,くじゃくのおうぎ,"Peacock Fan",,,,13,,"[""試合時のみダメージ+10%""]",,,32,,7,14,,,,inherit,17,28,くじゃくの巻き物,バザーのみバサラーナがドロップする,コロシアムで威力を発揮する華やかなおうぎ,扇,扇,2,"[{""count"": 1, ""item_id"": 675}, {""count"": 1, ""item_id"": 683}, {""count"": 1, ""item_id"": 784}]","[[""53"", ""53""], [""86"", ""86""]]",https://draquex.com/buki/0-ougi.php,https://draquex.com/buki/ougi-28-2.php,,2,"2026-03-12 00:56:05","2026-07-23 15:19:02"
517,fan_28_2,ネコのおうぎ,"Feline Fan",,,,13,,"[""氷属性攻撃""]",,,28,,6,14,,,,inherit,15,28,楽しい扇の作り方,王都カミハルムイ北・木工ギルドのレシピ屋30G,氷のチカラを宿すネコの絵が描かれたおうぎ,扇,扇,2,"[{""count"": 1, ""item_id"": 675}, {""count"": 1, ""item_id"": 767}, {""count"": 1, ""item_id"": 652}]","[[""60"", ""60""], [""71"", ""71""]]",https://draquex.com/buki/0-ougi.php,https://draquex.com/buki/ougi-28-1.php,,2,"2026-03-12 00:56:07","2026-07-23 15:19:02"
518,fan_21,ナナホシのおうぎ,"Seven Star Fan",,,,13,,"[""虫系にダメージ+10%""]",,,25,,4,11,,,,inherit,13,21,ナナホシのおうぎの書,バザーのみかっちゅうアリがドロップする,虫系に強いおてんとうさまの加護が宿るおうぎ,扇,扇,,"[{""count"": 1, ""item_id"": 694}, {""count"": 1, ""item_id"": 728}]","[[""55"", ""55""], [""66"", ""66""]]",https://draquex.com/buki/0-ougi.php,https://draquex.com/buki/ougi-21-2.php,,2,"2026-03-12 00:56:09","2026-07-23 15:19:02"
519,fan_21_2,トリのおうぎ,"Fowl Fan",,,,13,,"[""炎属性攻撃""]",,,21,,5,11,,,,inherit,11,21,楽しい扇の作り方,王都カミハルムイ北・木工ギルドのレシピ屋30G,炎のチカラを宿すトリの絵が描かれたおうぎ,扇,扇,2,"[{""count"": 1, ""item_id"": 694}, {""count"": 1, ""item_id"": 863}]","[[""49"", ""49""], [""60"", ""60""]]",https://draquex.com/buki/0-ougi.php,https://draquex.com/buki/ougi-21-1.php,,2,"2026-03-12 00:56:12","2026-07-23 15:19:02"
520,fan_14,カメのおうぎ,"Tortoiseshell Fan",,,,13,,"[""土属性攻撃""]",,,18,,3,7,,,,inherit,9,14,楽しい扇の作り方,王都カミハルムイ北・木工ギルドのレシピ屋30G,土のチカラを宿すカメの絵が描かれたおうぎ,扇,扇,2,"[{""count"": 1, ""item_id"": 694}, {""count"": 1, ""item_id"": 719}]","[[""44"", ""44""], [""55"", ""55""]]",https://draquex.com/buki/0-ougi.php,https://draquex.com/buki/ougi-14-2.php,,1,"2026-03-12 00:56:14","2026-07-23 15:19:02"
521,fan_14_2,てつのおうぎ,"Iron Fan",,,,13,,"[""試合時のみダメージ+5%""]",,,14,,3,7,,,,inherit,8,14,楽しい扇の作り方,王都カミハルムイ北・木工ギルドのレシピ屋30G,コロシアムで威力を発揮する鉄製のおうぎ,扇,扇,2,"[{""count"": 1, ""item_id"": 694}, {""count"": 1, ""item_id"": 732}]","[[""38"", ""38""], [""49"", ""49""]]",https://draquex.com/buki/0-ougi.php,https://draquex.com/buki/ougi-14-1.php,,3,"2026-03-12 00:56:17","2026-07-23 15:19:02"
522,fan_7,はねおうぎ,"Feather Fan",,,,13,,"[""-""]",,,7,,2,4,,,,inherit,4,7,楽しい扇の作り方,王都カミハルムイ北・木工ギルドのレシピ屋30G,トリの羽根でかざりたてた派手なおうぎ,扇,扇,2,"[{""count"": 1, ""item_id"": 859}, {""count"": 1, ""item_id"": 728}]","[[""25"", ""25""], [""40"", ""40""]]",https://draquex.com/buki/0-ougi.php,https://draquex.com/buki/ougi-7-1.php,,2,"2026-03-12 00:56:20","2026-07-23 15:19:02"
523,fan_7_2,バトルファン,"War Fan",,,,13,,"[""-""]",,,11,,2,4,,,,inherit,6,7,楽しい扇の作り方,王都カミハルムイ北・木工ギルドのレシピ屋30G,戦闘用に作られたギザギサのおうぎ,扇,扇,2,"[{""count"": 1, ""item_id"": 859}, {""count"": 1, ""item_id"": 732}]","[[""44"", ""44""], [""33"", ""33""]]",https://draquex.com/buki/0-ougi.php,https://draquex.com/buki/ougi-7-2.php,,2,"2026-03-12 00:56:23","2026-07-23 15:19:02"
524,fan_1,白木のおうぎ,"Wooden Fan",,,,13,,"[""-""]",,,4,,1,1,,,,inherit,2,1,はじめての木工術,王都カミハルムイ北・木工ギルドのレシピ屋10G,武術の初心者がよく使っている質素なおうぎ,扇,扇,2,"[{""count"": 1, ""item_id"": 859}]","[[""30"", ""30""], [""30"", ""30""]]",https://draquex.com/buki/0-ougi.php,https://draquex.com/buki/ougi-1-1.php,,1,"2026-03-12 00:56:25","2026-07-23 15:19:02"
525,fan_1_2,七夕のおうぎ,"Festival Fan",,,,13,,"[""-""]",,,,,,,,,,inherit,11,1,祭具・七夕のおうぎ絵巻,以前のイベントで販売され、今はバザーのみ,晴れ呼びの儀に欠かせない霊力が宿るおうぎ,扇,,,"[{""count"": 4, ""item_id"": 653}, {""count"": 12, ""item_id"": 775}]",,https://draquex.com/buki/0-ougi.php,https://draquex.com/buki/ougi-1-2.php,,,"2026-03-12 00:56:27","2026-07-23 15:19:02"
526,bow_132,ニンフの妖弓,"Sylphid Shooter",,,,14,,"[""かいしん率+2.0%"", ""攻撃時10%でルカニとぶきみなひかり""]",,,316,,11,,,110,110,inherit,75,132,あやかし妖精物語,はじまりの地のレシピ屋クツツ1000000G,"呪文耐性を下げ 守りを崩す 会心率も上がる弓",弓,弓,2,"[{""count"": 30, ""item_id"": 618}, {""count"": 5, ""item_id"": 700}, {""count"": 6, ""item_id"": 695}, {""count"": 30, ""item_id"": 591}, {""count"": 9, ""item_id"": 726}]","[[""140"", ""210""], [""190"", """"], [""140"", ""210""]]",https://draquex.com/buki/0-yumi.php,https://draquex.com/buki/yumi-132-1.php,,15,"2026-03-12 00:56:34","2026-07-23 15:19:02"
527,bow_130,フルムの弓,Starshooter,,,,14,,"[""全ての属性攻撃ダメージ+3.0%"", ""呪文と特技の効果範囲+1.0m""]",,,306,,11,,,105,105,inherit,75,130,レシピ入手方法,神都フォーリオンのレシピ屋1000000G,"属性ダメージ増え 呪文と特技の範囲 まで広げる弓",弓,弓,2,"[{""count"": 30, ""item_id"": 618}, {""count"": 3, ""item_id"": 744}, {""count"": 4, ""item_id"": 771}, {""count"": 1, ""item_id"": 583}, {""count"": 8, ""item_id"": 726}]","[[""150"", ""255""], [""220"", """"], [""150"", ""255""]]",https://draquex.com/buki/0-yumi.php,https://draquex.com/buki/yumi-130-1.php,,15,"2026-03-12 00:56:37","2026-07-23 15:19:02"
528,bow_128,光陰如箭,"Time Flies",,,,14,,"[""攻撃時8.0%で光と闇耐性低下"", ""行動時10%で早詠みの杖""]",,,296,,11,,,100,100,inherit,65,128,レシピ入手方法,神都フォーリオンのレシピ屋1000000G,"攻撃時たまに 光と闇の耐性下げ 早詠み発動する弓",弓,弓,,"[{""count"": 30, ""item_id"": 618}, {""count"": 6, ""item_id"": 687}, {""count"": 12, ""item_id"": 730}, {""count"": 30, ""item_id"": 821}, {""count"": 1, ""item_id"": 726}]","[[""250"", ""195""], [""155"", """"], [""265"", ""185""]]",https://draquex.com/buki/0-yumi.php,https://draquex.com/buki/yumi-128-1.php,,15,"2026-03-12 00:56:40","2026-07-23 15:19:02"
529,bow_125,パピルサグの弓,"Pabilsag's Bow",,,,14,,"[""特技のダメージ+20"", ""全ての光攻撃ダメージ+5.0%""]",,,286,,11,,,95,95,inherit,75,125,星座の導き・いて座,神都フォーリオンのレシピ屋1000000G,"特技ダメージ増え 光属性の攻撃の 威力も上がる弓",弓,弓,2,"[{""count"": 30, ""item_id"": 618}, {""count"": 3, ""item_id"": 687}, {""count"": 20, ""item_id"": 628}, {""count"": 8, ""item_id"": 531}, {""count"": 8, ""item_id"": 726}]","[[""180"", ""225""], [""200"", """"], [""180"", ""225""]]",https://draquex.com/buki/0-yumi.php,https://draquex.com/buki/yumi-125-1.php,,15,"2026-03-12 00:56:42","2026-07-23 15:19:02"
530,bow_120,セーラスショット,"Selas Shot",,,,14,,"[""怪人系にダメージ+15％"", ""状態異常系の成功率+10.0％""]",,,273,,11,,,90,90,inherit,70,120,神光放つ弓の書,神都フォーリオンのレシピ屋1000000G,"怪人系に強く 状態異常成功率も 上げる弓",弓,弓,2,"[{""count"": 30, ""item_id"": 737}, {""count"": 5, ""item_id"": 798}, {""count"": 30, ""item_id"": 781}, {""count"": 1, ""item_id"": 583}, {""count"": 8, ""item_id"": 726}]","[[""150"", ""190""], [""190"", """"], [""150"", ""190""]]",https://draquex.com/buki/0-yumi.php,https://draquex.com/buki/yumi-120-1.php,,15,"2026-03-12 00:56:48","2026-07-23 15:19:02"
531,bow_118,ムーンシューター,"Moon Shooter",,,,14,,"[""必殺チャージ率+1%"", ""必殺チャージ時早詠みの杖""]",,,257,,11,,,85,85,inherit,70,118,月の射手,神都フォーリオンのレシピ屋1000000G,"必殺技が出やすく 早詠みの杖も 発動する弓",弓,弓,2,"[{""count"": 30, ""item_id"": 737}, {""count"": 3, ""item_id"": 550}, {""count"": 10, ""item_id"": 230}, {""count"": 1, ""item_id"": 583}, {""count"": 7, ""item_id"": 726}]","[[""140"", ""190""], [""190"", """"], [""140"", ""190""]]",https://draquex.com/buki/0-yumi.php,https://draquex.com/buki/yumi-118-1.php,,15,"2026-03-12 00:56:54","2026-07-23 15:19:02"
532,bow_115,輝天の弓,"Sky Bow",,,,14,,"[""攻撃時8.0%で光耐性低下"", ""攻撃時8.0%で闇耐性低下""]",,,241,,11,,,80,80,inherit,65,115,光と闇の弓,砂の都ファラザードのレシピ屋1000000G,攻撃時たまに光と闇の耐性を下げる弓,弓,弓,,"[{""count"": 10, ""item_id"": 737}, {""count"": 5, ""item_id"": 831}, {""count"": 5, ""item_id"": 610}, {""count"": 3, ""item_id"": 550}, {""count"": 20, ""item_id"": 554}]","[[""150"", ""170""], [""250"", null], [""150"", ""170""]]",https://draquex.com/buki/0-yumi.php,https://draquex.com/buki/yumi-115-1.php,,15,"2026-03-12 00:56:57","2026-07-23 15:19:02"
533,bow_110,シェキナーの弓,"Shekhinah Bow",,,,14,,"[""特技のダメージ+20"", ""全ての光攻撃ダメージ+5.0%""]",,,225,,11,,,75,75,inherit,65,110,シェキナーの光,砂の都ファラザードのレシピ屋50000G,特技で与えるダメージが増える光の弓,弓,弓,,"[{""count"": 10, ""item_id"": 831}, {""count"": 2, ""item_id"": 687}, {""count"": 5, ""item_id"": 555}, {""count"": 30, ""item_id"": 784}, {""count"": 5, ""item_id"": 610}]","[[""100"", ""180""], [""300"", """"], [""100"", ""180""]]",https://draquex.com/buki/0-yumi.php,https://draquex.com/buki/yumi-110-1.php,,15,"2026-03-12 00:56:59","2026-07-23 15:19:02"
534,bow_108,緋赤鳥の弓,"Red Bird Bow",,,,14,,"[""呪文発動速度+5%"", ""攻撃時5%でルカニ""]",,,211,,11,,,70,70,inherit,65,108,緋赤鳥の翼,王都キィンベルのレシピ屋50000G,呪文発動が速まり攻撃時ルカニがたまに発動する弓,弓,弓,,"[{""count"": 10, ""item_id"": 831}, {""count"": 2, ""item_id"": 711}, {""count"": 10, ""item_id"": 626}, {""count"": 30, ""item_id"": 839}, {""count"": 5, ""item_id"": 610}]","[[""165"", ""250""], [""120"", """"], [""165"", ""200""]]",https://draquex.com/buki/0-yumi.php,https://draquex.com/buki/yumi-108-1.php,,15,"2026-03-12 00:57:02","2026-07-23 15:19:02"
535,bow_105,威光弓,"Luminescent Bow",,,,14,,"[""攻撃時8.0%で光耐性低下""]",,,199,,11,,,65,65,inherit,60,105,弓神様のご威光,王都キィンベルのレシピ屋50000G,攻撃時たまに光耐性を下げる威厳に満ちた弓,弓,弓,2,"[{""count"": 10, ""item_id"": 831}, {""count"": 2, ""item_id"": 687}, {""count"": 5, ""item_id"": 656}, {""count"": 20, ""item_id"": 868}, {""count"": 5, ""item_id"": 610}]","[[""190"", ""156""], [""200"", """"], [""190"", ""156""]]",https://draquex.com/buki/0-yumi.php,https://draquex.com/buki/yumi-105-1.php,,15,"2026-03-12 00:57:07","2026-07-23 15:19:02"
536,bow_100,イルミンズールの弓,"Irminsul Bow",,,,14,,"[""開戦時50%でチャージ時間-10秒"", ""呪文発動速度+5%""]",,,189,,10,,,60,60,inherit,45,100,森羅の理,王都キィンベルのレシピ屋40000G,呪文の発動を速めチャージ時間も短縮されやすい弓,弓,弓,2,"[{""count"": 5, ""item_id"": 656}, {""count"": 1, ""item_id"": 687}, {""count"": 1, ""item_id"": 583}, {""count"": 10, ""item_id"": 831}, {""count"": 5, ""item_id"": 610}]","[[""185"", ""240""], [""120"", """"], [""185"", ""200""]]",https://draquex.com/buki/0-yumi.php,https://draquex.com/buki/yumi-100-1.php,,15,"2026-03-12 00:57:10","2026-07-23 15:19:02"
537,bow_99,蒼穹の王,"Sky King Bow",,,,14,,"[""鳥系にダメージ+15%""]",,,179,,10,,,55,55,inherit,44,99,蒼穹の覇王伝,聖都エジャルナのレシピ屋40000G,攻撃魔力と回復魔力を強化し鳥系に強い弓,弓,弓,2,"[{""count"": 5, ""item_id"": 656}, {""count"": 1, ""item_id"": 644}, {""count"": 2, ""item_id"": 753}, {""count"": 10, ""item_id"": 846}, {""count"": 5, ""item_id"": 610}]","[[""140"", ""165""], [""210"", """"], [""175"", ""150""]]",https://draquex.com/buki/0-yumi.php,https://draquex.com/buki/yumi-99-1.php,,15,"2026-03-12 00:57:12","2026-07-23 15:19:02"
538,bow_96,ヒュドラの弓,"Hydra Bow",,,,14,,"[""攻撃時6.0%で光耐性低下"", ""攻撃時5%で魔道の書""]",,,170,,8,,,,,inherit,43,96,九頭竜の神話,聖都エジャルナのレシピ屋40000G,敵を悪い効果にかかりやすくする光しりぞける弓,弓,弓,2,"[{""count"": 5, ""item_id"": 656}, {""count"": 1, ""item_id"": 649}, {""count"": 20, ""item_id"": 716}, {""count"": 20, ""item_id"": 536}, {""count"": 5, ""item_id"": 610}]","[[""140"", ""186""], [""250"", """"], [""186"", ""140""]]",https://draquex.com/buki/0-yumi.php,https://draquex.com/buki/yumi-96-1.php,,15,"2026-03-12 00:57:15","2026-07-23 15:19:02"
539,bow_93,魔弓サジタリウス,"Sagittarius Bow",,,,14,,"[""攻撃時6.0%で闇耐性低下"", ""呪文発動速度+4%""]",,,152,,8,,,,,inherit,42,93,傾国の美女に学ぶ歴史,聖都エジャルナのレシピ屋30000G,攻撃時たまに闇耐性を下げる魔に魅入られし弓,弓,弓,2,"[{""count"": 5, ""item_id"": 626}, {""count"": 1, ""item_id"": 757}, {""count"": 1, ""item_id"": 649}, {""count"": 10, ""item_id"": 549}, {""count"": 5, ""item_id"": 610}]","[[""165"", ""135""], [""240"", """"], [""165"", ""135""]]",https://draquex.com/buki/0-yumi.php,https://draquex.com/buki/yumi-93-1.php,,15,"2026-03-12 00:57:18","2026-07-23 15:19:02"
540,bow_90,スライムショット,"Slime Shot",,,,14,,"[""開戦時50%でチャージ時間-10秒"", ""呪文発動速度+4%""]",,,145,,8,,,,,inherit,41,90,はなてスライムショット,聖都エジャルナのレシピ屋30000G,チャージ時間がよく短縮され呪文発動速める弓,弓,弓,2,"[{""count"": 5, ""item_id"": 626}, {""count"": 20, ""item_id"": 696}, {""count"": 20, ""item_id"": 697}, {""count"": 20, ""item_id"": 653}, {""count"": 5, ""item_id"": 610}]","[[""155"", ""120""], [""210"", """"], [""155"", ""120""]]",https://draquex.com/buki/0-yumi.php,https://draquex.com/buki/yumi-90-1.php,,15,"2026-03-12 00:57:21","2026-07-23 15:19:02"
541,bow_85,あやかしの魔弓,"Magic Apparition Bow",,,,14,,"[""呪文発動速度+4%"", ""MP消費しない率+4.0%""]",,,139,,8,,,,,inherit,40,85,あやかしの魔弓伝説,真グランゼドーラ王国のレシピ屋30000G,呪文の発動を速め魔力を節約できる呪文使いが好む弓,弓,弓,2,"[{""count"": 3, ""item_id"": 626}, {""count"": 1, ""item_id"": 648}, {""count"": 10, ""item_id"": 548}, {""count"": 1, ""item_id"": 761}, {""count"": 5, ""item_id"": 610}]","[[""155"", ""120""], [""206"", """"], [""155"", ""120""]]",https://draquex.com/buki/0-yumi.php,https://draquex.com/buki/yumi-85-1.php,,15,"2026-03-12 00:57:23","2026-07-23 15:19:02"
542,bow_80,オルフェウスの弓,"Orpheus' Bow",,,,14,,"[""攻撃時3%でヘナトス"", ""攻撃時5%で眠り""]",,,134,,10,,,,,inherit,39,80,琴座の五線譜,真グランゼドーラ王国のレシピ屋20000G,相手の戦意を奪いなだめて眠らせる竪琴を模した弓,弓,弓,2,"[{""count"": 15, ""item_id"": 839}, {""count"": 30, ""item_id"": 664}, {""count"": 5, ""item_id"": 447}, {""count"": 1, ""item_id"": 761}, {""count"": 10, ""item_id"": 610}]","[[""150"", ""125""], [""150"", """"], [""150"", ""125""]]",https://draquex.com/buki/0-yumi.php,https://draquex.com/buki/yumi-80-2.php,,15,"2026-03-12 00:57:25","2026-07-23 15:19:02"
543,bow_80_2,アンフィスバエナ,Amphisbaena,,,,14,,"[""攻撃時3%で猛毒"", ""攻撃ダメージの6.0%HPが回復""]",,,131,,7,,,,,inherit,38,80,バエナの教典,真グランゼドーラ王国のレシピ屋20000G,敵を猛毒で侵し自分は回復するあやかしの魔弓,弓,弓,2,"[{""count"": 15, ""item_id"": 839}, {""count"": 5, ""item_id"": 754}, {""count"": 10, ""item_id"": 751}, {""count"": 1, ""item_id"": 761}, {""count"": 10, ""item_id"": 610}]","[[""110"", ""145""], [""190"", """"], [""145"", ""110""]]",https://draquex.com/buki/0-yumi.php,https://draquex.com/buki/yumi-80-1.php,,15,"2026-03-12 00:57:28","2026-07-23 15:19:02"
544,bow_75,オーディーンボウ,"Odin's Bow",,,,14,,"[""攻撃時5%で魔導の書""]",,,128,,12,,,,,inherit,37,75,オーディーンボウの書,真グランゼドーラ王国のレシピ屋20000G,敵を悪い効果にかかりやすくする荒ぶる大弓,弓,弓,,"[{""count"": 10, ""item_id"": 839}, {""count"": 1, ""item_id"": 753}, {""count"": 10, ""item_id"": 545}, {""count"": 1, ""item_id"": 761}, {""count"": 10, ""item_id"": 610}]",,https://draquex.com/buki/0-yumi.php,https://draquex.com/buki/yumi-75-1.php,,17,"2026-03-12 00:57:30","2026-07-23 15:19:02"
545,bow_70,聖王の弓,"Dryspell Bow",,,,14,,"[""鳥系ににダメージ+10%""]",,,111,,17,,,,,inherit,36,70,聖王の弓の壁画,偽グランゼドーラ王国のレシピ屋20000G,聖なる力を秘めた鳥系の敵を打ち倒す弓,弓,弓,2,"[{""count"": 5, ""item_id"": 839}, {""count"": 1, ""item_id"": 583}, {""count"": 10, ""item_id"": 760}, {""count"": 1, ""item_id"": 761}, {""count"": 5, ""item_id"": 610}]","[[""150"", ""95""], [""200"", """"], [""150"", ""95""]]",https://draquex.com/buki/0-yumi.php,https://draquex.com/buki/yumi-70-1.php,,17,"2026-03-12 00:57:33","2026-07-23 15:19:02"
546,bow_65,天使の弓,"Angel's Bow",,,,14,,"[""悪魔系にダメージ+10%""]",,,100,,20,,,,,inherit,35,65,天使の弓のレシピ,王都カミハルムイ北・木工ギルドのレシピ屋10000G,悪魔系に強い星空の天使たちに祝福された弓,弓,弓,2,"[{""count"": 20, ""item_id"": 653}, {""count"": 4, ""item_id"": 735}, {""count"": 1, ""item_id"": 611}, {""count"": 1, ""item_id"": 811}, {""count"": 10, ""item_id"": 610}]","[[""135"", ""110""], [""176"", """"], [""135"", ""110""]]",https://draquex.com/buki/0-yumi.php,https://draquex.com/buki/yumi-65-1.php,,17,"2026-03-12 00:57:36","2026-07-23 15:19:02"
547,bow_60,バジリスクの弓,"Basilisk Bow",,,,14,,"[""攻撃時2%でマヒ""]",,,87,,7,,,,,inherit,33,60,バジリスクの石版,王都カミハルムイ北・木工ギルドのレシピ屋10000G,敵をマヒさせる伝説の魔獣の名を付けられた弓,弓,弓,2,"[{""count"": 15, ""item_id"": 549}, {""count"": 3, ""item_id"": 818}, {""count"": 1, ""item_id"": 639}, {""count"": 12, ""item_id"": 610}]","[[""114"", ""85""], [""152"", """"], [""123"", ""95""]]",https://draquex.com/buki/0-yumi.php,https://draquex.com/buki/yumi-60-1.php,,21,"2026-03-12 00:57:39","2026-07-23 15:19:02"
548,bow_60_2,じごくの弓,"Oh-No Bow",,,,14,,"[""闇属性攻撃""]",,,95,,12,,,,,inherit,34,60,じごくの弓の黙示録,王都カミハルムイ北・木工ギルドのレシピ屋10000G,闇のチカラを宿すじごくの魔神が用いたという弓,弓,弓,2,"[{""count"": 15, ""item_id"": 653}, {""count"": 10, ""item_id"": 867}, {""count"": 1, ""item_id"": 811}, {""count"": 12, ""item_id"": 610}]","[[""132"", ""99""], [""220"", """"], [""143"", ""110""]]",https://draquex.com/buki/0-yumi.php,https://draquex.com/buki/yumi-60-2.php,,17,"2026-03-12 00:57:41","2026-07-23 15:19:02"
549,bow_50,ケイロンの弓,"Cheiron's Bow",,,,14,,"[""戦いで使うとHPが回復する""]",,,81,,10,,,,,inherit,30,50,ケイロンの教え,王都カミハルムイ北・木工ギルドのレシピ屋10000G,戦闘中に使うとHPが回復する神秘の弓,弓,弓,2,"[{""count"": 10, ""item_id"": 628}, {""count"": 30, ""item_id"": 643}, {""count"": 1, ""item_id"": 811}, {""count"": 10, ""item_id"": 610}]","[[""98"", ""78""], [""137"", """"], [""98"", ""78""]]",https://draquex.com/buki/0-yumi.php,https://draquex.com/buki/yumi-50-1.php,,15,"2026-03-12 00:57:43","2026-07-23 15:19:02"
550,bow_50_2,アルテミスの弓,"Artemis' Bow",,,,14,,"[""攻撃時2%で混乱""]",,,84,,8,,,,,inherit,32,50,アルテミスの恵み,王都カミハルムイ北・木工ギルドのレシピ屋10000G,月の女神の加護を宿すという敵を混乱させる弓,弓,弓,2,"[{""count"": 12, ""item_id"": 628}, {""count"": 15, ""item_id"": 784}, {""count"": 1, ""item_id"": 811}, {""count"": 10, ""item_id"": 610}]","[[""114"", ""95""], [""142"", """"], [""99"", ""80""]]",https://draquex.com/buki/0-yumi.php,https://draquex.com/buki/yumi-50-2.php,,18,"2026-03-12 00:57:47","2026-07-23 15:19:02"
551,bow_42,むげんの弓,"Purblind Bow",,,,14,,"[""試合時のみダメージ+15%""]",,,60,,8,,,,,inherit,26,42,むげんの弓の物語,バザーのみプヨンターゲットがドロップする,コロシアムで威力を発揮する上級者用の弓,弓,弓,2,"[{""count"": 4, ""item_id"": 628}, {""count"": 4, ""item_id"": 857}, {""count"": 4, ""item_id"": 848}, {""count"": 4, ""item_id"": 610}]","[[""96"", ""71""], [""110"", """"], [""96"", ""71""]]",https://draquex.com/buki/0-yumi.php,https://draquex.com/buki/yumi-42-1.php,,12,"2026-03-12 00:57:50","2026-07-23 15:19:02"
552,bow_42_2,ナイトスナイパー,"Night Sniper",,,,14,,"[""闇属性攻撃""]",,,68,,8,,5,,,inherit,28,42,ナイトスナイパーの書,王都カミハルムイ北・木工ギルドのレシピ屋3000G,器用さを高め闇のチカラを宿す狙撃のための弓,弓,弓,2,"[{""count"": 6, ""item_id"": 628}, {""count"": 2, ""item_id"": 868}, {""count"": 1, ""item_id"": 781}, {""count"": 6, ""item_id"": 610}]","[[""88"", ""68""], [""93"", """"], [""112"", ""68""]]",https://draquex.com/buki/0-yumi.php,https://draquex.com/buki/yumi-42-2.php,,12,"2026-03-12 00:57:53","2026-07-23 15:19:02"
553,bow_42_3,すざくの弓,"Vermilion Bird Bow",,,,14,,"[""鳥系を攻撃時3%で魅了""]",,,65,,10,,,,,inherit,29,42,すざくの弓の秘伝書,メギストリスの都のレシピ屋10000G,鳥系の魔物をとりこにする色あざやかな弓,弓,弓,2,"[{""count"": 4, ""item_id"": 628}, {""count"": 1, ""item_id"": 702}, {""count"": 1, ""item_id"": 638}, {""count"": 8, ""item_id"": 610}]","[[""110"", ""79""], [""140"", """"], [""110"", ""79""]]",https://draquex.com/buki/0-yumi.php,https://draquex.com/buki/yumi-42-3.php,,12,"2026-03-12 00:57:56","2026-07-23 15:19:02"
554,bow_35,ゆうわくの弓,"Fuddle Bow",,,,14,,"[""攻撃時2%で魅了""]",,,49,,9,,,,,inherit,18,35,童話ゆうわくの弓,バザーのみワイヤーマン(パペットロープの転生)がドロップする,射抜いた相手を骨抜きにする魅惑的な弓,弓,弓,2,"[{""count"": 1, ""item_id"": 675}, {""count"": 1, ""item_id"": 548}, {""count"": 1, ""item_id"": 795}]","[[""68"", ""49""], [""64"", """"], [""68"", ""49""]]",https://draquex.com/buki/0-yumi.php,https://draquex.com/buki/yumi-35-1.php,,9,"2026-03-12 00:57:59","2026-07-23 15:19:02"
555,bow_35_2,白鳥の弓,"Swan Bow",,,,14,,"[""-""]",,,55,,9,,,,,inherit,21,35,白鳥の弓の作り方,バザーのみホークブリザードがドロップする,白鳥の翼をかたどった美しい弓,弓,弓,2,"[{""count"": 1, ""item_id"": 675}, {""count"": 1, ""item_id"": 627}, {""count"": 1, ""item_id"": 720}]","[[""68"", ""58""], [""78"", """"], [""58"", ""68""]]",https://draquex.com/buki/0-yumi.php,https://draquex.com/buki/yumi-35-2.php,,9,"2026-03-12 00:58:01","2026-07-23 15:19:02"
556,bow_35_3,月光の弓,"Moonlight Bow",,,,14,,"[""攻撃時2%で混乱""]",,,58,,6,,,,,inherit,24,35,月光の弓の書,バザーのみキラーマシンがドロップする,月光の魔力で敵を混乱させる三日月を模した弓,弓,弓,2,"[{""count"": 1, ""item_id"": 675}, {""count"": 1, ""item_id"": 784}, {""count"": 1, ""item_id"": 551}]","[[""64"", ""78""], [""78"", """"], [""64"", ""78""]]",https://draquex.com/buki/0-yumi.php,https://draquex.com/buki/yumi-35-3.php,,9,"2026-03-12 00:58:03","2026-07-23 15:19:02"
557,bow_28,かぜきりの弓,"Blowy Bow",,,,14,,"[""風属性攻撃""]",,,43,,5,,,,,inherit,17,28,かぜきりの弓の書,バザーのみメタルハンターがドロップする,風のチカラを宿し宙を切り裂き矢を飛ばす弓,弓,弓,2,"[{""count"": 1, ""item_id"": 675}, {""count"": 1, ""item_id"": 674}, {""count"": 1, ""item_id"": 859}]","[[""66"", ""49""], [""82"", """"], [""66"", ""49""]]",https://draquex.com/buki/0-yumi.php,https://draquex.com/buki/yumi-28-2.php,,8,"2026-03-12 00:58:06","2026-07-23 15:19:02"
558,bow_28_2,エロスの弓,"Eros' Bow",,,,14,,"[""試合時のみダメージ+10%""]",,,38,,6,,,,,inherit,15,28,あなたと私の弓作り,王都カミハルムイ北・木工ギルドのレシピ屋30G,コロシアムで威力を発揮するふしぎな弓,弓,弓,2,"[{""count"": 1, ""item_id"": 675}, {""count"": 1, ""item_id"": 825}, {""count"": 1, ""item_id"": 559}]","[[""53"", ""44""], [""58"", """"], [""53"", ""44""]]",https://draquex.com/buki/0-yumi.php,https://draquex.com/buki/yumi-28-1.php,,8,"2026-03-12 00:58:08","2026-07-23 15:19:02"
559,bow_21,かりうどの弓,"Potshot Bow",,,,14,,"[""鳥系ににダメージ+10%""]",,,29,,4,,,,,inherit,11,21,あなたと私の弓作り,王都カミハルムイ北・木工ギルドのレシピ屋30G,鳥系の魔物を射るのに適した狩猟用の弓,弓,弓,2,"[{""count"": 2, ""item_id"": 694}, {""count"": 1, ""item_id"": 643}]","[[""55"", ""33""], [""45"", """"], [""55"", ""33""]]",https://draquex.com/buki/0-yumi.php,https://draquex.com/buki/yumi-21-1.php,,6,"2026-03-12 00:58:10","2026-07-23 15:19:02"
560,bow_21_2,こあくまの弓,"Imp Bow",,,,14,,"[""-""]",,,34,,6,,,,,inherit,13,21,こあくまの弓の本,バザーのみ岩とびあくまがドロップする,いたずら心のたっぷりつまったキュートな弓,弓,弓,2,"[{""count"": 1, ""item_id"": 694}, {""count"": 1, ""item_id"": 548}]","[[""45"", ""60""], [""33"", """"], [""60"", ""45""]]",https://draquex.com/buki/0-yumi.php,https://draquex.com/buki/yumi-21-2.php,,6,"2026-03-12 00:58:13","2026-07-23 15:19:02"
561,bow_14,したんの弓,"Sandalwood Bow",,,,14,,"[""-""]",,,24,,3,,,,,inherit,9,14,あなたと私の弓作り,王都カミハルムイ北・木工ギルドのレシピ屋30G,銘木の枝からけずりだした品ある弓,弓,弓,2,"[{""count"": 1, ""item_id"": 694}, {""count"": 1, ""item_id"": 859}]","[[""45"", ""33""], [""45"", """"], [""45"", ""33""]]",https://draquex.com/buki/0-yumi.php,https://draquex.com/buki/yumi-14-2.php,,5,"2026-03-12 00:58:15","2026-07-23 15:19:02"
562,bow_14_2,ロングボウ,Longbow,,,,14,,"[""試合時のみダメージ+5%""]",,,20,,3,,,,,inherit,8,14,あなたと私の弓作り,王都カミハルムイ北・木工ギルドのレシピ屋30G,コロシアムで威力を発揮する強力な長弓,弓,弓,2,"[{""count"": 1, ""item_id"": 694}, {""count"": 1, ""item_id"": 720}]","[[""33"", ""33""], [""45"", """"], [""33"", ""33""]]",https://draquex.com/buki/0-yumi.php,https://draquex.com/buki/yumi-14-1.php,,5,"2026-03-12 00:58:17","2026-07-23 15:19:02"
563,bow_7,古木の弓,"Gnarled Bow",,,,14,,"[""-""]",,,15,,2,,,,,inherit,6,7,あなたと私の弓作り,王都カミハルムイ北・木工ギルドのレシピ屋30G,古木の太い枝からけずりだした弓,弓,弓,2,"[{""count"": 1, ""item_id"": 859}, {""count"": 1, ""item_id"": 670}]","[[""33"", ""33""], [""22"", """"], [""33"", ""33""]]",https://draquex.com/buki/0-yumi.php,https://draquex.com/buki/yumi-7-2.php,,3,"2026-03-12 00:58:20","2026-07-23 15:19:02"
564,bow_7_2,若木の弓,"Sapling Bow",,,,14,,"[""-""]",,,11,,1,,,,,inherit,4,7,あなたと私の弓作り,王都カミハルムイ北・木工ギルドのレシピ屋30G,細い若木で作ったシンプルな弓,弓,弓,2,"[{""count"": 1, ""item_id"": 859}, {""count"": 1, ""item_id"": 694}]","[[""33"", ""22""], [""22"", """"], [""33"", ""22""]]",https://draquex.com/buki/0-yumi.php,https://draquex.com/buki/yumi-7-1.php,,3,"2026-03-12 00:58:23","2026-07-23 15:19:02"
565,bow_1,青竹の弓,"Bamboo Bow",,,,14,,"[""-""]",,,6,,1,,,,,inherit,2,1,はじめての木工術,王都カミハルムイ北・木工ギルドのレシピ屋10G,竹をしならせた手作りの弓,弓,弓,2,"[{""count"": 1, ""item_id"": 859}]","[[""22"", ""22""], [""33"", """"], [""22"", ""22""]]",https://draquex.com/buki/0-yumi.php,https://draquex.com/buki/yumi-1-1.php,,2,"2026-03-12 00:58:25","2026-07-23 15:19:02"
566,scythe_132,レイヴンサイズ,"Ebonwing Scythe",,,,15,,"[""闇属性のダメージ+3.0%"", ""行動時5%でピオラ2段階""]",,,306,,13,,,135,110,inherit,75,132,カラスと友達になる方法,はじまりの地のレシピ屋クツツ1000000G,"行動時たまに ピオラを２段階 発動する闇の鎌",鎌,鎌,2,"[{""count"": 30, ""item_id"": 705}, {""count"": 4, ""item_id"": 644}, {""count"": 6, ""item_id"": 834}, {""count"": 5, ""item_id"": 649}, {""count"": 9, ""item_id"": 729}]","[[""400-409"", ""320-328""], [""160-168"", """"], [""190-198"", """"], [""320-328"", """"]]",https://draquex.com/buki/0-kama.php,https://draquex.com/buki/kama-132-1.php,,47,"2026-03-12 00:58:31","2026-07-23 15:19:02"
567,scythe_130,蛮災の鎌,"Savage Scythe",,,,15,,"[""呪文ダメージ+5%"", ""行動時10%で早読みの杖""]",,,298,,13,,,130,105,inherit,75,130,レシピ入手方法,神都フォーリオンのレシピ屋1000000G,"呪文ダメージ上昇 行動時たまに 早詠み発動する鎌",鎌,鎌,2,"[{""count"": 30, ""item_id"": 705}, {""count"": 5, ""item_id"": 834}, {""count"": 6, ""item_id"": 771}, {""count"": 30, ""item_id"": 819}, {""count"": 8, ""item_id"": 729}]","[[""370-379"", ""190-198""], [""110-118"", """"], [""290-298"", """"], [""140-148"", """"]]",https://draquex.com/buki/0-kama.php,https://draquex.com/buki/kama-130-1.php,,47,"2026-03-12 00:58:33","2026-07-23 15:19:02"
568,scythe_128,スコーピオサイス,"Scorpio Scythe",,,,15,,"[""必殺チャージ率+1%"", ""必殺チャージ時バイキルト""]",,,290,,13,,,125,100,inherit,65,128,レシピ入手方法,神都フォーリオンのレシピ屋1000000G,"必殺技が出やすく 必殺時バイキルト も発動する鎌",鎌,鎌,2,"[{""count"": 30, ""item_id"": 705}, {""count"": 12, ""item_id"": 754}, {""count"": 10, ""item_id"": 730}, {""count"": 12, ""item_id"": 782}, {""count"": 1, ""item_id"": 729}]","[["""", """"], ["""", """"], ["""", """"], ["""", """"]]",https://draquex.com/buki/0-kama.php,https://draquex.com/buki/kama-128-1.php,,47,"2026-03-12 00:58:35","2026-07-23 15:19:02"
569,scythe_125,ウィズダムサイス,"Wisdom Scythe",,,,15,,"[""コマンド間隔-0.5秒"", ""呪文発動速度+5%""]",,,282,,13,,,120,95,inherit,75,125,死神の知恵,神都フォーリオンのレシピ屋1000000G,"呪文発動が速まり 行動時間も 短縮する鎌",鎌,鎌,,"[{""count"": 30, ""item_id"": 705}, {""count"": 3, ""item_id"": 603}, {""count"": 20, ""item_id"": 555}, {""count"": 5, ""item_id"": 759}, {""count"": 8, ""item_id"": 729}]","[[""343-352"", ""385-393""], [""162-170"", """"], [""162-170"", """"], [""305-313"", """"]]",https://draquex.com/buki/0-kama.php,https://draquex.com/buki/kama-125-1.php,,47,"2026-03-12 00:58:38","2026-07-23 15:19:02"
570,scythe_120,セーラスサイズ,"Selas Scythe",,,,15,,"[""行動時10%でこうげき力とこうげき魔力+60"", ""行動時10%で魔力かくせい""]",,,271,,13,,,115,90,inherit,70,120,神光放つ鎌の書,神都フォーリオンのレシピ屋1000000G,"行動時たまに 攻撃力と攻撃魔力 を高める鎌",鎌,鎌,,"[{""count"": 30, ""item_id"": 799}, {""count"": 5, ""item_id"": 798}, {""count"": 5, ""item_id"": 603}, {""count"": 20, ""item_id"": 661}, {""count"": 8, ""item_id"": 729}]","[[""290-298"", ""325-337""], [""130-138"", """"], [""130-138"", """"], [""230-239"", """"]]",https://draquex.com/buki/0-kama.php,https://draquex.com/buki/kama-120-1.php,,47,"2026-03-12 00:58:42","2026-07-23 15:19:02"
571,scythe_118,神緋の鎌,"Scarlet Scythe",,,,15,,"[""特技のダメージ+10"", ""2.0%でターン消費なし""]",,,258,,13,,,110,85,inherit,70,118,神秘の紅い鎌,神都フォーリオンのレシピ屋1000000G,"特技ダメージ上昇 まれにターンも 消費しない鎌",鎌,鎌,2,"[{""count"": 30, ""item_id"": 799}, {""count"": 3, ""item_id"": 786}, {""count"": 20, ""item_id"": 536}, {""count"": 10, ""item_id"": 648}, {""count"": 7, ""item_id"": 729}]","[[""250-259"", ""300-309""], [""120-127"", """"], [""120-127"", """"], [""200-208"", """"]]",https://draquex.com/buki/0-kama.php,https://draquex.com/buki/kama-118-1.php,,47,"2026-03-12 00:58:45","2026-07-23 15:19:02"
572,scythe_115,輝天の鎌,"Sky Scythe",,,,15,,"[""呪文発動速度+5%"", ""呪文の回復量+10%""]",,,245,,13,,,105,80,inherit,65,115,回復のための鎌,砂の都ファラザードのレシピ屋1000000G,呪文の発動を速め呪文による回復量まで増やす鎌,鎌,鎌,2,"[{""count"": 5, ""item_id"": 799}, {""count"": 10, ""item_id"": 720}, {""count"": 2, ""item_id"": 611}, {""count"": 3, ""item_id"": 230}, {""count"": 5, ""item_id"": 865}]","[[""265-275"", ""265-275""], [""170-178"", null], [""100-107"", null], [""100-107"", null]]",https://draquex.com/buki/0-kama.php,https://draquex.com/buki/kama-115-1.php,,47,"2026-03-12 00:58:47","2026-07-23 15:19:02"
573,scythe_110,ビターローズ,"Bitter Rose",,,,15,,"[""会心率と呪文暴走率+3.0%"", ""MP消費しない率+5.0%""]",,,232,,13,,,100,,inherit,65,110,バラの刈り取り方,砂の都ファラザードのレシピ屋50000G,MPが節約でき呪文暴走率と会心率も上がる鎌,鎌,鎌,2,"[{""count"": 5, ""item_id"": 741}, {""count"": 1, ""item_id"": 738}, {""count"": 1, ""item_id"": 696}, {""count"": 5, ""item_id"": 549}, {""count"": 5, ""item_id"": 865}]","[[""300-310"", ""190-198""], [""300-310"", """"], [""160-168"", """"], [""160-168"", """"]]",https://draquex.com/buki/0-kama.php,https://draquex.com/buki/kama-110-1.php,,47,"2026-03-12 00:58:50","2026-07-23 15:19:02"
574,scythe_108,サイレントアンガー,"Silent Anger",,,,15,,"[""全ての攻撃時4.0%でためる"", ""行動時5%で暴走アップ""]",,,220,,13,,,95,,inherit,65,108,静かな怒りの鎌,王都キィンベルのレシピ屋50000G,攻撃時ためやすく発動する呪文が暴走しやすい鎌,鎌,鎌,,"[{""count"": 5, ""item_id"": 741}, {""count"": 2, ""item_id"": 564}, {""count"": 3, ""item_id"": 753}, {""count"": 10, ""item_id"": 549}, {""count"": 5, ""item_id"": 865}]",,https://draquex.com/buki/0-kama.php,https://draquex.com/buki/kama-108-1.php,,49,"2026-03-12 00:58:52","2026-07-23 15:19:02"
575,scythe_105,ワルキューレ,Valkyrie,,,,15,,"[""行動時5%で魔力かくせい"", ""呪文発動速度+5%""]",,,209,,13,,,90,,inherit,60,105,戦死者を選ぶもの,王都キィンベルのレシピ屋50000G,呪文発動が速まり魔力かくせいがまれに発動する鎌,鎌,鎌,2,"[{""count"": 5, ""item_id"": 741}, {""count"": 1, ""item_id"": 550}, {""count"": 5, ""item_id"": 648}, {""count"": 20, ""item_id"": 845}, {""count"": 5, ""item_id"": 865}]","[[""210-220"", ""210-218""], [""150-159"", """"], [""160-168"", """"], [""160-168"", """"]]",https://draquex.com/buki/0-kama.php,https://draquex.com/buki/kama-105-1.php,,49,"2026-03-12 00:58:54","2026-07-23 15:19:02"
576,scythe_100,サリエルの大鎌,"Sariel's Scythe",,,,15,,"[""攻撃時4%でヘナトス"", ""攻撃時4%でルカニ""]",,,201,,12,,,85,,inherit,55,100,魂を刈り取る天使,王都キィンベルのレシピ屋40000G,攻撃時ヘナトスやルカニが発動する魂を刈り取る鎌,鎌,鎌,,"[{""count"": 10, ""item_id"": 543}, {""count"": 5, ""item_id"": 735}, {""count"": 20, ""item_id"": 816}, {""count"": 30, ""item_id"": 805}, {""count"": 5, ""item_id"": 865}]",,https://draquex.com/buki/0-kama.php,https://draquex.com/buki/kama-100-1.php,,49,"2026-03-12 00:58:57","2026-07-23 15:19:02"
577,scythe_90,デーモンサイズ,"Demon Scythe",,,,15,,"[""悪魔系にダメージ+10%"", ""かいしん率+1.0%""]",,,151,,9,,,60,,inherit,50,90,悪魔を狩る者,聖都エジャルナのレシピ屋30000G,会心率を少し上げ悪魔系にも強い悪魔狩りの鎌,鎌,鎌,,"[{""count"": 5, ""item_id"": 759}, {""count"": 1, ""item_id"": 883}, {""count"": 1, ""item_id"": 834}, {""count"": 10, ""item_id"": 848}, {""name"": ""ようせいのいひだね"", ""count"": 5, ""item_id"": null}]",,https://draquex.com/buki/0-kama.php,https://draquex.com/buki/kama-90-1.php,,43,"2026-03-12 00:58:59","2026-07-23 15:19:02"
578,scythe_80,魔導の鎌,"Sorcerer's Scythe",,,,15,,"[""MP消費しない率+3.0%"", ""呪文発動速度+5%""]",,,138,,10,,,45,,inherit,45,80,術者のための鎌,真グランゼドーラ王国のレシピ屋20000G,魔力消費を抑え呪文発動も速まる術者のための鎌,鎌,鎌,,"[{""count"": 15, ""item_id"": 838}, {""count"": 20, ""item_id"": 595}, {""count"": 20, ""item_id"": 781}, {""count"": 1, ""item_id"": 761}, {""name"": ""ようせいのいひだね"", ""count"": 10, ""item_id"": null}]",,https://draquex.com/buki/0-kama.php,https://draquex.com/buki/kama-80-1.php,,41,"2026-03-12 00:59:02","2026-07-23 15:19:02"
579,scythe_70,さばきの鎌,"Scythe of Sentencing",,,,15,,"[""悪魔系にダメージ+10%""]",,,113,,17,,,41,,inherit,40,70,悪魔のさばき方,偽グランゼドーラ王国のレシピ屋20000G,悪魔系の魔物に威力を発揮する聖なる鎌,鎌,鎌,,"[{""count"": 20, ""item_id"": 608}, {""count"": 30, ""item_id"": 848}, {""count"": 5, ""item_id"": 554}, {""count"": 1, ""item_id"": 761}, {""name"": ""ようせいのいひだね"", ""count"": 5, ""item_id"": null}]",,https://draquex.com/buki/0-kama.php,https://draquex.com/buki/kama-70-1.php,,40,"2026-03-12 00:59:04","2026-07-23 15:19:02"
580,scythe_60,ダークサイズ,"Dark Scythe",,,,15,,"[""闇属性攻撃""]",,,94,,12,,,36,,inherit,35,60,闇のチカラと鎌,グレン城・武器鍛冶ギルドのレシピ屋10000G,闇のチカラが宿っているまがまがしい鎌,鎌,鎌,2,"[{""count"": 30, ""item_id"": 718}, {""count"": 5, ""item_id"": 868}, {""count"": 1, ""item_id"": 782}, {""name"": ""ようせいのいひだね"", ""count"": 12, ""item_id"": null}]","[[""120-129"", ""160-170""], [""120-128"", """"], [""120-128"", """"], [""120-128"", """"]]",https://draquex.com/buki/0-kama.php,https://draquex.com/buki/kama-60-1.php,,35,"2026-03-12 00:59:06","2026-07-23 15:19:02"
581,scythe_50,魔除けの鎌,"Talisman Scythe",,,,15,,"[""悪魔系にダメージ+10%""]",,,79,,8,,,25,,inherit,30,50,鎌作り事始め,グレン城・武器鍛冶ギルドのレシピ屋10000G,悪魔系の魔物に威力を発揮するするどい鎌,鎌,鎌,2,"[{""count"": 10, ""item_id"": 816}, {""count"": 15, ""item_id"": 720}, {""count"": 1, ""item_id"": 880}, {""count"": 10, ""item_id"": 865}]","[[""105-115"", ""103-112""], [""97-105"", """"], [""80-88"", """"], [""80-88"", """"]]",https://draquex.com/buki/0-kama.php,https://draquex.com/buki/kama-50-1.php,,30,"2026-03-12 00:59:08","2026-07-23 15:19:02"
582,shield_small_132,輝紋章の盾,"Radiant Crest",,,,16,,"[""行動時5%でキラキラポーン"", ""ガード時30%で必殺チャージ""]",6,,,29,13,,,,,inherit,75,132,輝ける紋章盾の書,はじまりの地のレシピ屋クツツ1000000G,"ガード時によく 必殺チャージする キラキラと輝く盾",盾,盾,,"[{""count"": 30, ""item_id"": 705}, {""count"": 6, ""item_id"": 786}, {""count"": 7, ""item_id"": 607}, {""count"": 20, ""item_id"": 838}, {""count"": 9, ""item_id"": 729}]","[[""260-268"", ""400-408""], [""380-388"", ""190-197""]]",https://draquex.com/buki/0-tate.php,https://draquex.com/buki/tate-132-1.php,,21,"2026-03-12 00:59:20","2026-07-23 15:19:02"
583,shield_small_130,プロミネンスの盾,"Shield of the Sun",,,,16,,"[""全属性ダメージ3%減"", ""行動時5%でビッグシールド""]",6,,,28,13,,,,,inherit,75,130,爆ぜよ紅炎,神都フォーリオンのレシピ屋1000000G,"全属性の耐性上昇 ビッグシールドも まれに発動する盾",盾,盾,2,"[{""count"": 30, ""item_id"": 705}, {""count"": 5, ""item_id"": 564}, {""count"": 8, ""item_id"": 649}, {""count"": 20, ""item_id"": 863}, {""count"": 8, ""item_id"": 729}]","[[""170-177"", ""340-348""], [""300-308"", ""190-198""]]",https://draquex.com/buki/0-tate.php,https://draquex.com/buki/tate-130-1.php,,21,"2026-03-12 00:59:22","2026-07-23 15:19:02"
584,shield_small_128,アクエリアスガード,"Shield of Aquarius",,,,16,,"[""ブレス系ダメージ12%減"", ""ガード時50%でバーハ""]",6,,,27,13,,,,,inherit,75,128,逆さまの水がめ,神都フォーリオンのレシピ屋1000000G,"息攻撃をよく防ぎ ガード時バーハも 発動する盾",盾,盾,2,"[{""count"": 30, ""item_id"": 705}, {""count"": 4, ""item_id"": 603}, {""count"": 5, ""item_id"": 687}, {""count"": 12, ""item_id"": 708}, {""count"": 8, ""item_id"": 729}]","[[""345-353"", ""240-247""], [""275-283"", ""375-383""]]",https://draquex.com/buki/0-tate.php,https://draquex.com/buki/tate-128-1.php,,21,"2026-03-12 00:59:24","2026-07-23 15:19:02"
585,shield_small_125,メテオシールド,"Meteor Shield",,,,16,,"[""攻撃呪文ダメージ12%減"", ""ガード時50%で魔結界""]",6,,,26,13,,,,,inherit,75,125,きらきら星を見つけたら,神都フォーリオンのレシピ屋1000000G,"ガード時よく 魔結界が発動する 攻撃呪文に強い盾",盾,盾,2,"[{""count"": 30, ""item_id"": 705}, {""count"": 3, ""item_id"": 603}, {""count"": 30, ""item_id"": 821}, {""count"": 1, ""item_id"": 576}, {""count"": 8, ""item_id"": 729}]","[[""355-363"", ""273-280""], [""273-280"", ""372-380""]]",https://draquex.com/buki/0-tate.php,https://draquex.com/buki/tate-125-1.php,,21,"2026-03-12 00:59:26","2026-07-23 15:19:02"
586,shield_small_120,プシューケーの盾,"Psyche Shield",,,,16,,"[""受けるダメージを5軽減する"", ""どくガード+20％""]",5,,,25,13,,,,,inherit,70,120,毒蝶の羽やすめ,神都フォーリオンのレシピ屋1000000G,"ダメージを減らし 毒にも強い 蝶の加護宿る盾",盾,盾,2,"[{""count"": 30, ""item_id"": 799}, {""count"": 30, ""item_id"": 728}, {""count"": 5, ""item_id"": 759}, {""count"": 1, ""item_id"": 576}, {""count"": 8, ""item_id"": 729}]","[[""280-288"", ""240-247""], [""240-247"", ""300-308""]]",https://draquex.com/buki/0-tate.php,https://draquex.com/buki/tate-120-1.php,,21,"2026-03-12 00:59:29","2026-07-23 15:19:02"
587,shield_small_118,りんねの盾,"Brain Drainer",,,,16,,"[""全属性ダメージ3%減""]",5,,,24,13,,,,,inherit,70,118,無限のりんね,神都フォーリオンのレシピ屋1000000G,"すべての属性の 耐性が上がる 神秘の盾",盾,盾,,"[{""count"": 30, ""item_id"": 799}, {""count"": 3, ""item_id"": 862}, {""count"": 5, ""item_id"": 741}, {""count"": 10, ""item_id"": 818}, {""count"": 7, ""item_id"": 729}]","[[""270-278"", ""270-278""], [""200-207"", ""200-207""]]",https://draquex.com/buki/0-tate.php,https://draquex.com/buki/tate-118-1.php,,21,"2026-03-12 00:59:31","2026-07-23 15:19:02"
588,shield_small_115,輝天の盾,"Sky Shield",,,,16,,"[""攻撃呪文ダメージ6%減"", ""ガード時50%で聖女の守り""]",5,,,23,13,,,,,inherit,65,115,聖女に守られし盾,砂の都ファラザードのレシピ屋1000000G,ガード時に聖女の守りが発動する盾,盾,盾,2,"[{""count"": 5, ""item_id"": 799}, {""count"": 2, ""item_id"": 693}, {""count"": 5, ""item_id"": 865}, {""count"": 3, ""item_id"": 838}, {""count"": 10, ""item_id"": 845}]","[[""190-197"", ""300-308""], [""190-197"", ""250-260""]]",https://draquex.com/buki/0-tate.php,https://draquex.com/buki/tate-115-1.php,,21,"2026-03-12 00:59:34","2026-07-23 15:19:02"
589,shield_small_110,ミニュアデスの盾,"Minyades Shield",,,,16,,"[""混乱ガード+20%"", ""封印ガード+20%""]",5,,,22,13,,,,,inherit,65,110,最新の混乱封印対策,砂の都ファラザードのレシピ屋50000G,混乱と封印への耐性が高くなる小型の盾,盾,盾,2,"[{""count"": 5, ""item_id"": 741}, {""count"": 1, ""item_id"": 862}, {""count"": 1, ""item_id"": 241}, {""count"": 5, ""item_id"": 845}, {""count"": 5, ""item_id"": 865}]","[[""200-208"", ""200-208""], [""285-294"", ""285-294""]]",https://draquex.com/buki/0-tate.php,https://draquex.com/buki/tate-110-1.php,,21,"2026-03-12 00:59:36","2026-07-23 15:19:02"
590,shield_small_108,ブレスガーダー,"Breath Blocker",,,,16,,"[""ブレス系ダメージ10%減""]",5,,,21,13,,,,,inherit,65,108,今年のブレス対策,王都キィンベルのレシピ屋50000G,息による攻撃をよく防ぐ美しい盾,小盾,盾,2,"[{""count"": 5, ""item_id"": 741}, {""count"": 1, ""item_id"": 603}, {""count"": 1, ""item_id"": 738}, {""count"": 5, ""item_id"": 667}, {""count"": 5, ""item_id"": 865}]","[[""260-270"", ""260-270""], [""200-208"", ""200-208""]]",https://draquex.com/buki/0-tate.php,https://draquex.com/buki/tate-108-1.php,,21,"2026-03-12 00:59:38","2026-07-23 15:19:02"
591,shield_small_105,ブルバックラー,"Bull Buckler",,,,16,,"[""攻撃呪文ダメージ10%減""]",5,,,20,13,,,,,inherit,60,105,金色の雄牛,王都キィンベルのレシピ屋50000G,呪文をよく防ぐ牡牛のように勇敢に戦える盾,小盾,盾,2,"[{""count"": 5, ""item_id"": 741}, {""count"": 2, ""item_id"": 711}, {""count"": 5, ""item_id"": 703}, {""count"": 10, ""item_id"": 661}, {""count"": 5, ""item_id"": 865}]","[[""280-290"", ""280-290""], [""252-260"", ""252-260""]]",https://draquex.com/buki/0-tate.php,https://draquex.com/buki/tate-105-1.php,,21,"2026-03-12 00:59:40","2026-07-23 15:19:02"
592,shield_small_100,鷲王の盾,"Eagle King's Shield",,,,16,,"[""光ダメージ8%減"", ""開戦時50%でスカラ2段階""]",,,,18,12,,,,,inherit,45,100,鷲王の巣,王都キィンベルのレシピ屋40000G,スカラが2段階発動しやすい光の攻撃に強い盾,盾,盾,2,"[{""count"": 10, ""item_id"": 543}, {""count"": 5, ""item_id"": 735}, {""count"": 5, ""item_id"": 759}, {""count"": 30, ""item_id"": 816}, {""count"": 5, ""item_id"": 865}]","[[""240～250"", ""240～248""], [""274～282"", ""280～290""]]",https://draquex.com/buki/0-tate.php,https://draquex.com/buki/tate-100-1.php,,20,"2026-03-12 00:59:43","2026-07-23 15:19:02"
593,shield_small_96,ブルームシールド,"Bloom Shield",,,,16,,"[""風ダメージ8%減"", ""ブレス系ダメージ8%減""]",,,,15,11,,,,,inherit,43,96,ブルーム・ブリーズ,聖都エジャルナのレシピ屋40000G,息と風の攻撃をよく防いでくれる咲き誇る花の盾,盾,盾,2,"[{""count"": 5, ""item_id"": 543}, {""count"": 20, ""item_id"": 696}, {""count"": 30, ""item_id"": 773}, {""count"": 30, ""item_id"": 671}, {""count"": 5, ""item_id"": 865}]","[[""207～213"", ""255～267""], [""255～267"", ""207～213""]]",https://draquex.com/buki/0-tate.php,https://draquex.com/buki/tate-96-1.php,,18,"2026-03-12 00:59:45","2026-07-23 15:19:02"
594,shield_small_93,ドワチャカシールド,"Dwachakka Shield",,,,16,,"[""攻撃呪文ダメージ6%減"", ""ブレス系ダメージ6%減""]",,,,11,11,,,,,inherit,42,93,ドワチャッカの秘宝,聖都エジャルナのレシピ屋30000G,古代文明の技術で息攻撃と呪文の耐性を強化する盾,盾,盾,2,"[{""count"": 5, ""item_id"": 759}, {""count"": 1, ""item_id"": 765}, {""count"": 10, ""item_id"": 850}, {""count"": 10, ""item_id"": 567}, {""count"": 5, ""item_id"": 865}]","[[""150～162"", ""237～243""], [""300～312"", ""237～243""]]",https://draquex.com/buki/0-tate.php,https://draquex.com/buki/tate-93-1.php,,15,"2026-03-12 00:59:48","2026-07-23 15:19:02"
595,shield_small_85,星辰の盾,"Star Shield",,,,16,,"[""攻撃呪文ダメージ5%減"", ""ブレス系ダメージ6%減""]",,,,10,10,,,,,inherit,40,85,星辰守護絵巻,真グランゼドーラ王国のレシピ屋30000G,星々の加護で呪文や息攻撃への耐性を強化する盾,盾,盾,2,"[{""count"": 3, ""item_id"": 759}, {""count"": 20, ""item_id"": 821}, {""count"": 10, ""item_id"": 536}, {""count"": 1, ""item_id"": 761}, {""count"": 5, ""item_id"": 865}]","[[""175～187"", ""251～263""], [""205～211"", ""205～211""]]",https://draquex.com/buki/0-tate.php,https://draquex.com/buki/tate-85-1.php,,14,"2026-03-12 00:59:50","2026-07-23 15:19:02"
596,shield_small_80,聖女の盾,"Saintess Shield",,,,16,,"[""攻撃呪文ダメージ5%減"", ""開戦時5%で聖女の守り""]",,,,7,10,,,3,3,inherit,38,80,聖女の戒律,真グランゼドーラ王国のレシピ屋20000G,開戦時たまに聖女の守りが発動する聖なる盾,盾,盾,2,"[{""name"": ""マデュライト石"", ""count"": 15, ""item_id"": null}, {""count"": 5, ""item_id"": 702}, {""count"": 10, ""item_id"": 531}, {""count"": 1, ""item_id"": 761}, {""count"": 10, ""item_id"": 865}]","[[""155～161"", ""205～217""], [""205～217"", ""155～161""]]",https://draquex.com/buki/0-tate.php,https://draquex.com/buki/tate-80-1.php,,12,"2026-03-12 00:59:52","2026-07-23 15:19:02"
597,shield_small_70,聖王の盾,"Dryspell Shield",,,,16,,"[""呪いガード+10%"", ""攻撃呪文ダメージ5%減""]",,,,7,10,,,,,inherit,36,70,聖王の盾の壁画,偽グランゼドーラ王国のレシピ屋20000G,聖なる力を秘めた呪いと攻撃呪文に強くなる盾,盾,盾,2,"[{""count"": 40, ""item_id"": 838}, {""count"": 1, ""item_id"": 576}, {""count"": 40, ""item_id"": 545}, {""count"": 3, ""item_id"": 761}, {""count"": 32, ""item_id"": 865}]","[[""150～156"", ""150～156""], [""235～247"", ""235～247""]]",https://draquex.com/buki/0-tate.php,https://draquex.com/buki/tate-70-1.php,,12,"2026-03-12 00:59:55","2026-07-23 15:19:02"
598,shield_small_60,メタスラの盾,"Metal Slime Shield",,,,16,,"[""攻撃呪文ダメージ5%減""]",,,,7,10,,,,,inherit,33,60,メタスラの盾のレシピ,ドルワーム王国・防具鍛冶ギルドのレシピ屋10000G,呪文をよく防ぐ謎の金属を使ったとても硬い盾,盾,盾,2,"[{""count"": 15, ""item_id"": 784}, {""count"": 30, ""item_id"": 717}, {""name"": ""メタルのかけら"", ""count"": 1, ""item_id"": null}, {""count"": 12, ""item_id"": 865}]","[[""200～214"", ""160～166""], [""120～128"", ""150～158""]]",https://draquex.com/buki/0-tate.php,https://draquex.com/buki/tate-60-1.php,,12,"2026-03-12 00:59:57","2026-07-23 15:19:02"
599,shield_small_50,ルーンバックラー,"Rune Buckler",,,,16,,"[""攻撃魔力+7""]",,,,6,10,,,7,7,inherit,33,50,ルーンバックラーの本,ドルワーム王国・防具鍛冶ギルドのレシピ屋10000G,魔力を高める宝石をはめ込んだ神秘的な盾,小盾,盾,2,"[{""count"": 12, ""item_id"": 816}, {""count"": 30, ""item_id"": 840}, {""count"": 1, ""item_id"": 639}, {""count"": 10, ""item_id"": 865}]","[[""120～126"", ""160～172""], [""160～172"", ""120～126""]]",https://draquex.com/buki/0-tate.php,https://draquex.com/buki/tate-50-2.php,,12,"2026-03-12 01:00:00","2026-07-23 15:19:02"
600,shield_small_50_2,みかがみの盾,"Silver Shield",,,,16,,"[""攻撃呪文ダメージ5%減"", ""MP吸収ガード+6%""]",,,,5,10,,,,,inherit,30,50,みかがみの盾の本,ドルワーム王国・防具鍛冶ギルドのレシピ屋10000G,攻撃呪文とMP吸収を防ぐ美しい盾,盾,盾,2,"[{""count"": 10, ""item_id"": 816}, {""count"": 15, ""item_id"": 608}, {""count"": 1, ""item_id"": 811}, {""count"": 10, ""item_id"": 865}]","[[""100～112"", ""100～112""], [""145～151"", ""145～151""]]",https://draquex.com/buki/0-tate.php,https://draquex.com/buki/tate-50-1.php,,11,"2026-03-12 01:00:03","2026-07-23 15:19:02"
601,shield_small_42,プラチナトレイ,"Platinum Platter",,,,16,,"[""-""]",,,,4,10,,,,,inherit,26,42,プラチナトレイの本,ドルワーム王国B-7酒場の本棚(入って右),盾の代わりになるプラチナ製のきれいなトレイ,小盾,盾,2,"[{""count"": 4, ""item_id"": 816}, {""count"": 3, ""item_id"": 608}, {""count"": 2, ""item_id"": 846}, {""count"": 4, ""item_id"": 865}]","[[""75-85"", ""75-85""], [""135-144"", ""135-144""]]",https://draquex.com/buki/0-tate.php,https://draquex.com/buki/tate-42-1.php,,9,"2026-03-12 01:00:17","2026-07-23 15:19:02"
602,shield_small_42_2,オニグモの盾,"Spider Shield",,,,16,,"[""-""]",,,,5,5,,,,,inherit,27,42,オニグモの盾の本,ドルワーム王国・防具鍛冶ギルドのレシピ屋3000G,オニグモの紋様が描かれた不気味な盾,盾,盾,2,"[{""count"": 6, ""item_id"": 816}, {""name"": ""まだらクモ糸"", ""count"": 5, ""item_id"": null}, {""count"": 1, ""item_id"": 879}, {""count"": 6, ""item_id"": 865}]","[[""100～108"", ""100～108""], [""128～139"", ""128～139""]]",https://draquex.com/buki/0-tate.php,https://draquex.com/buki/tate-42-2.php,,10,"2026-03-12 01:00:29","2026-07-23 15:19:02"
603,shield_small_42_3,ルフの盾,"Luf's Shield",,,,16,,"[""ブレス系ダメージ6%減"", ""風ダメージ6%減""]",,,,4,8,,,,,inherit,29,42,ルフの盾の作り方,メギストリスの都のレシピ屋10000G,息と風の攻撃を防いでくれる妖鳥が描かれた盾,盾,盾,2,"[{""count"": 8, ""item_id"": 816}, {""count"": 3, ""item_id"": 833}, {""count"": 4, ""item_id"": 879}, {""count"": 8, ""item_id"": 865}]","[[""90～98"", ""140～151""], [""140～151"", ""90～98""]]",https://draquex.com/buki/0-tate.php,https://draquex.com/buki/tate-42-3.php,,10,"2026-03-12 01:00:38","2026-07-23 15:19:02"
604,shield_small_35,まほうの盾,"Magic Shield",,,,16,,,,,,3,6,,,,,inherit,19,35,まほうの盾の秘密,,,盾,盾,2,"[{""count"": 1, ""item_id"": 633}, {""count"": 1, ""item_id"": 840}, {""count"": 1, ""item_id"": 810}]","[[""88～100"", ""64～72""], [""64～72"", ""88～100""]]",https://draquex.com/buki/0-tate.php,https://draquex.com/buki/tate-35-1.php,,7,"2026-03-12 01:00:48","2026-07-23 15:19:02"
605,shield_small_35_2,カイトバックラー,"Kite Buckler",,,,16,,"[""-""]",,,,4,6,,,,,inherit,20,35,カイトバックラーの本,バザーのみしにがみきぞくがドロップする,不思議な模様がほどこされた立派な盾,小盾,盾,2,"[{""count"": 1, ""item_id"": 633}, {""count"": 1, ""item_id"": 720}, {""count"": 1, ""item_id"": 810}]","[[""95～103"", ""95～103""], [""70～82"", ""70～82""]]",https://draquex.com/buki/0-tate.php,https://draquex.com/buki/tate-35-2.php,,8,"2026-03-12 01:00:52","2026-07-23 15:19:02"
606,shield_small_35_3,ふうまの盾,"Dampening Shield",,,,16,,"[""攻撃呪文ダメージ5%減""]",,,,3,6,,,,,inherit,22,35,ふうまの盾の作り方,バザーのみシュプリンガーがドロップする,敵の呪文攻撃を防いでくれる強力な盾,盾,盾,2,"[{""count"": 1, ""item_id"": 633}, {""count"": 1, ""item_id"": 718}, {""count"": 1, ""item_id"": 848}]","[[""70～82"", ""110～118""], [""110～118"", ""70～82""]]",https://draquex.com/buki/0-tate.php,https://draquex.com/buki/tate-35-3.php,,7,"2026-03-12 01:01:02","2026-07-23 15:19:02"
607,shield_small_30,王者の盾,"Sovereign's Shield",,,,16,,"[""-""]",,,,1,,,,,,inherit,,30,作れない,-,王者の試練に挑む者が付ける神々しい盾,小盾,,,,,https://draquex.com/buki/0-tate.php,https://draquex.com/buki/tate-30-1.php,,,"2026-03-12 01:01:06","2026-07-23 15:19:02"
608,shield_small_28,スライムベストレイ,"She-Slime Shield",,,,16,,"[""-""]",,,,2,7,,,,,inherit,16,28,スライムトレイ物語2,バザーのみクイーンスライムがドロップする,スライムベスをかたどったすぐれたトレイ,盾,盾,2,"[{""count"": 1, ""item_id"": 633}, {""count"": 1, ""item_id"": 749}, {""count"": 1, ""item_id"": 697}]","[[""60-68"", ""60-68""], [""75-87"", ""75-87""]]",https://draquex.com/buki/0-tate.php,https://draquex.com/buki/tate-28-2.php,,6,"2026-03-12 01:01:10","2026-07-23 15:19:02"
609,shield_small_21,ホワイトバックラー,"White Shield",,,,16,,"[""炎ダメージ6%減""]",,,,2,6,,,,,inherit,7,21,初心者のための盾レシピ,ドルワーム王国・防具鍛冶ギルドのレシピ屋30G,聖なるチカラで炎から守る白くかがやく盾,小盾,盾,2,"[{""count"": 1, ""item_id"": 633}, {""count"": 1, ""item_id"": 717}, {""count"": 1, ""item_id"": 825}]","[[""60～67"", ""60～67""], [""60～72"", ""60～72""]]",https://draquex.com/buki/0-tate.php,https://draquex.com/buki/tate-28-1.php,,6,"2026-03-12 01:01:22","2026-07-23 15:19:02"
610,shield_small_21_2,こぞうバックラー,"Leery Buckler",,,,16,,"[""-""]",,,,3,8,,,,,inherit,13,21,シールドこぞうの日記,バザーのみシールドこぞうがドロップする,シールドこぞうがよく持っているいかつい盾,小盾,盾,2,"[{""count"": 1, ""item_id"": 732}, {""count"": 1, ""item_id"": 698}]","[[""75～86"", ""75～86""], [""45～54"", ""45～54""]]",https://draquex.com/buki/0-tate.php,https://draquex.com/buki/tate-21-2.php,,5,"2026-03-12 01:01:25","2026-07-23 15:19:02"
611,shield_small_21_3,シルバートレイ,"Silver Platter",,,,16,,"[""-""]",,,,2,5,,,,,inherit,7,21,初心者のための盾レシピ,ドルワーム王国・防具鍛冶ギルドのレシピ屋30G,盾として使える銀製のトレイ,小盾,盾,2,"[{""count"": 1, ""item_id"": 732}, {""count"": 1, ""item_id"": 633}]","[[""40-48"", ""40-48""], [""50-62"", ""50-62""]]",https://draquex.com/buki/0-tate.php,https://draquex.com/buki/tate-21-1.php,,4,"2026-03-12 01:01:27","2026-07-23 15:19:02"
612,shield_small_14,スライムトレイ,"Slime Shield",,,,16,,"[""-""]",,,,2,5,,,,,inherit,9,14,スライムトレイ物語,バザーのみキングスライムがドロップする,スライムの姿をかたどったかわいいトレイ,小盾,盾,2,"[{""count"": 1, ""item_id"": 732}, {""count"": 1, ""item_id"": 697}]","[[""30-38"", ""30-38""], [""50-62"", ""50-62""]]",https://draquex.com/buki/0-tate.php,https://draquex.com/buki/tate-14-2.php,,4,"2026-03-12 01:01:30","2026-07-23 15:19:02"
613,shield_small_21_4,ライトバックラー,"Light Shield",,,,16,,"[""-""]",,,,2,3,,,,,inherit,7,21,初心者のための盾レシピ,ドルワーム王国・防具鍛冶ギルドのレシピ屋30G,軽くて使いやすい小型の盾,小盾,盾,2,"[{""count"": 3, ""item_id"": 749}, {""count"": 1, ""item_id"": 859}]","[[""40～52"", ""40～52""], [""28～44"", ""28～44""]]",https://draquex.com/buki/0-tate.php,https://draquex.com/buki/tate-14-1.php,,3,"2026-03-12 01:01:33","2026-07-23 15:19:02"
614,shield_small_7,うろこの盾,"Scale Shield",,,,16,,"[""-""]",,,,1,1,,,,,inherit,,7,作れない,-,硬いうろこをはりあわせたあつかいやすい盾,小盾,,,,,https://draquex.com/buki/0-tate.php,https://draquex.com/buki/tate-7-1.php,,2,"2026-03-12 01:01:38","2026-07-23 15:19:02"
615,shield_small_7_2,せいどうの盾,"Bronze Shield",,,,16,,"[""-""]",,,,2,1,,,,,inherit,1,7,はじめての防具鍛冶,ドルワーム王国・防具鍛冶ギルドのレシピ屋10G,青銅で作られたじょうぶな盾,盾,盾,2,"[{""count"": 1, ""item_id"": 749}]","[[""24-40"", ""24-40""], [""16-36"", ""16-36""]]",https://draquex.com/buki/0-tate.php,https://draquex.com/buki/tate-7-2.php,,2,"2026-03-12 01:01:41","2026-07-23 15:19:02"
616,shield_small_1,皮の盾,"Leather Shield",,,,16,,"[""-""]",,,,1,1,,,,,inherit,,1,作れない,-,木の板に皮をはった簡素な作りの盾,小盾,,,,,https://draquex.com/buki/0-tate.php,https://draquex.com/buki/tate-1-1.php,,1,"2026-03-12 01:01:43","2026-07-23 15:19:02"
617,shield_small_1_2,拳闘士の盾,"Boxer's Buckler",,,,16,,"[""-""]",,,,,,,,,,inherit,,1,作れない,-,拳で戦う者の動きを邪魔しない小型で軽い盾,小盾,,,,,https://draquex.com/buki/0-tate.php,https://draquex.com/buki/tate-1-3.php,,,"2026-03-12 01:01:47","2026-07-23 15:19:02"
618,shield_large_132,神樹の大盾,"Godwood Greatshield",,,,17,,"[""風・雷ダメージ10%減"", ""行動時10%で魔結界""]",25,,,92,11,,,,,inherit,75,132,神威宿りし大樹の伝説,はじまりの地のレシピ屋クツツ1000000G,"風と雷の攻撃を よく防ぎ魔結界も 期待できる大盾",盾,盾,,"[{""count"": 30, ""item_id"": 705}, {""count"": 4, ""item_id"": 759}, {""count"": 20, ""item_id"": 819}, {""count"": 3, ""item_id"": 658}, {""count"": 9, ""item_id"": 729}]","[[""250-258"", ""230-238""], [""310-318"", ""350-358""]]",https://draquex.com/buki/0-tate.php,https://draquex.com/buki/tate-132-2.php,,49,"2026-03-12 01:01:53","2026-07-23 15:19:02"
619,shield_large_130,古代鏡の大盾,"Ancient Mirrorshield",,,,17,,"[""ブレス系ダメージ13%減"", ""行動時5%でバーハと魔結界""]",24,,,87,11,,,,,inherit,75,130,古代祭具としての鏡,神都フォーリオンのレシピ屋1000000G,"息攻撃をよく防ぎ バーハと魔結界も 期待できる大盾",盾,盾,2,"[{""count"": 30, ""item_id"": 705}, {""count"": 3, ""item_id"": 744}, {""count"": 4, ""item_id"": 703}, {""count"": 1, ""item_id"": 576}, {""count"": 8, ""item_id"": 729}]","[[""295-303"", ""240-248""], [""200-208"", ""315-323""]]",https://draquex.com/buki/0-tate.php,https://draquex.com/buki/tate-130-2.php,,48,"2026-03-12 01:01:55","2026-07-23 15:19:02"
620,shield_large_128,みずがめの大盾,"Aquarii Aegis",,,,17,,"[""呪いガード+100%"", ""いてつくはどうガード+10%""]",23,,,82,11,,,,,inherit,75,128,星座の導き・みずがめ座,神都フォーリオンのレシピ屋1000000G,"いてつくはどうと 呪いへの耐性が 上がる大盾",盾,盾,,"[{""count"": 30, ""item_id"": 705}, {""count"": 4, ""item_id"": 695}, {""count"": 3, ""item_id"": 703}, {""count"": 1, ""item_id"": 576}, {""count"": 8, ""item_id"": 729}]","[[""468-476"", ""282-290""], [""502-510"", ""232-240""]]",https://draquex.com/buki/0-tate.php,https://draquex.com/buki/tate-128-2.php,,47,"2026-03-12 01:01:58","2026-07-23 15:19:02"
621,shield_large_125,天球の大盾,"Godly Greatshield",,,,17,,"[""攻撃呪文ダメージ6%減"", ""ブレス系ダメージ6%減""]",22,,,77,11,,,,,inherit,75,125,大盾サイズの星空,神都フォーリオンのレシピ屋1000000G,"攻撃呪文と 息攻撃を防ぐ 星見の大盾",盾,盾,,"[{""count"": 30, ""item_id"": 705}, {""count"": 5, ""item_id"": 747}, {""count"": 30, ""item_id"": 826}, {""count"": 5, ""item_id"": 745}, {""count"": 8, ""item_id"": 729}]","[[""302-310"", ""302-310""], [""278-286"", ""278-286""]]",https://draquex.com/buki/0-tate.php,https://draquex.com/buki/tate-125-2.php,,46,"2026-03-12 01:02:00","2026-07-23 15:19:02"
622,shield_large_120,フォースシールド,"Force Shield",,,,17,,"[""受けるダメージを10軽減する"", ""ガード時50％で全属性耐性+5％""]",21,,,72,11,,,,,inherit,70,120,属性の祝福,神都フォーリオンのレシピ屋1000000G,"ガード時よく 全属性への耐性が 上がる大盾",盾,盾,2,"[{""count"": 30, ""item_id"": 799}, {""count"": 5, ""item_id"": 695}, {""count"": 5, ""item_id"": 741}, {""count"": 2, ""item_id"": 576}, {""count"": 8, ""item_id"": 729}]","[[""265-273"", ""265-273""], [""205-213"", ""240-248""]]",https://draquex.com/buki/0-tate.php,https://draquex.com/buki/tate-120-2.php,,45,"2026-03-12 01:02:02","2026-07-23 15:19:02"
623,shield_large_118,守護神の大盾,"Guardian Greatshield",,,,17,,"[""攻撃呪文ダメージ7%減"", ""ガード時50%でしゅび力+60""]",20,,,67,11,,,,,inherit,70,118,守護神の守り,神都フォーリオンのレシピ屋1000000G,"ガード時よく 守備力が大きく 上がる大盾",盾,盾,,"[{""count"": 30, ""item_id"": 799}, {""count"": 3, ""item_id"": 616}, {""count"": 5, ""item_id"": 543}, {""count"": 30, ""item_id"": 613}, {""count"": 7, ""item_id"": 729}]","[[""255-263"", ""255-263""], [""255-263"", ""255-263""]]",https://draquex.com/buki/0-tate.php,https://draquex.com/buki/tate-118-2.php,,44,"2026-03-12 01:02:05","2026-07-23 15:19:02"
624,shield_large_115,輝天の大盾,"Sky Greatshield",,,,17,,"[""光ダメージ10%減"", ""ブレス系ダメージ10%減""]",19,,,62,11,,,,,inherit,65,115,光とブレスの防ぎ方,砂の都ファラザードのレシピ屋1000000G,息と光の攻撃をよく防いでくれるかがやきの大盾,盾,盾,2,"[{""count"": 5, ""item_id"": 799}, {""count"": 2, ""item_id"": 862}, {""count"": 3, ""item_id"": 819}, {""count"": 20, ""item_id"": 716}, {""count"": 5, ""item_id"": 865}]","[[""300-309"", ""200-207""], [""200-207"", ""300-309""]]",https://draquex.com/buki/0-tate.php,https://draquex.com/buki/tate-115-2.php,,43,"2026-03-12 01:02:08","2026-07-23 15:19:02"
625,shield_large_110,不落の大盾,"Impregnable Shield",,,,17,,"[""受けるダメージを10軽減する""]",18,,,57,11,,,,,inherit,65,110,難攻不落の要塞大全,砂の都ファラザードのレシピ屋50000G,受けるダメージを減らしてくれる頑丈な大盾,盾,盾,2,"[{""count"": 5, ""item_id"": 741}, {""count"": 1, ""item_id"": 649}, {""count"": 1, ""item_id"": 838}, {""count"": 5, ""item_id"": 732}, {""count"": 5, ""item_id"": 865}]","[[""150-159"", ""250-258""], [""250-258"", ""320-329""]]",https://draquex.com/buki/0-tate.php,https://draquex.com/buki/tate-110-2.php,,42,"2026-03-12 01:02:10","2026-07-23 15:19:02"
626,shield_large_108,獅子王の大盾,"Lion's Grrreatshield",,,,17,,"[""攻撃呪文ダメージ7%減"", ""雷ダメージ10%減""]",18,,,52,11,,,,,inherit,65,108,獅子王の勇猛,王都キィンベルのレシピ屋50000G,雷や攻撃呪文のダメージを防ぐ勇ましい大盾,盾,盾,2,"[{""count"": 5, ""item_id"": 741}, {""count"": 1, ""item_id"": 644}, {""count"": 1, ""item_id"": 647}, {""count"": 10, ""item_id"": 800}, {""count"": 5, ""item_id"": 865}]","[[""440-450"", ""200-208""], [""200-208"", ""440-450""]]",https://draquex.com/buki/0-tate.php,https://draquex.com/buki/tate-108-2.php,,41,"2026-03-12 01:02:13","2026-07-23 15:19:02"
627,shield_large_105,魔界の大盾,"Demon World Shield",,,,17,,"[""ブレス系ダメージ10%減"", ""ふっとびガード+6%""]",16,,,47,11,,,,,inherit,60,105,たてまじん戦記,王都キィンベルのレシピ屋50000G,息攻撃を防ぎふっとびにくいまがまがしい大盾,盾,盾,2,"[{""count"": 5, ""item_id"": 741}, {""count"": 2, ""item_id"": 834}, {""count"": 10, ""item_id"": 649}, {""count"": 10, ""item_id"": 716}, {""count"": 5, ""item_id"": 865}]","[[""265-275"", ""220-228""], [""220-228"", ""265-275""]]",https://draquex.com/buki/0-tate.php,https://draquex.com/buki/tate-105-2.php,,40,"2026-03-12 01:02:15","2026-07-23 15:19:02"
628,shield_large_100,重装兵の大盾,"Heavy Armor Shield",,,,17,,"[""闇ダメージ10%減"", ""行動時5.0%でスカラとヘヴィーチャージ""]",16,,,42,11,,,,,inherit,45,100,とある兵士の重い想い,王都キィンベルのレシピ屋40000G,闇の攻撃を軽減し頑丈さと重さを維持しやすい大盾,盾,盾,2,"[{""count"": 10, ""item_id"": 543}, {""count"": 1, ""item_id"": 862}, {""count"": 1, ""item_id"": 576}, {""count"": 5, ""item_id"": 759}, {""count"": 5, ""item_id"": 865}]","[[""275～285"", ""220～228""], [""220～230"", ""272～280""]]",https://draquex.com/buki/0-tate.php,https://draquex.com/buki/tate-100-2.php,,38,"2026-03-12 01:02:17","2026-07-23 15:19:02"
629,shield_large_99,鉄壁の大盾,"Ironclad Greatshield",,,,17,,"[""会心完全ガード＋10%"", ""盾ガード時10%でヘナトス""]",14,,,37,10,,,,,inherit,44,99,鉄壁の契約,聖都エジャルナのレシピ屋40000G,会心完全ガードとヘナトスがたまに発動する大盾,盾,盾,2,"[{""count"": 5, ""item_id"": 543}, {""count"": 30, ""item_id"": 608}, {""count"": 2, ""item_id"": 856}, {""count"": 30, ""item_id"": 732}, {""count"": 5, ""item_id"": 865}]","[[""245～255"", ""245～255""], [""211～221"", ""219～225""]]",https://draquex.com/buki/0-tate.php,https://draquex.com/buki/tate-99-1.php,,35,"2026-03-12 01:02:22","2026-07-23 15:19:02"
630,shield_large_96,雷竜の大盾,"Thundragon Targe",,,,17,,"[""雷ダメージ10%減"", ""ブレス系ダメージ10%減""]",14,,,32,10,,,,,inherit,43,96,誰が雷竜を殺したか？,聖都エジャルナのレシピ屋40000G,息と雷の攻撃をよく防いでくれる竜の魂が宿る大盾,盾,盾,2,"[{""count"": 5, ""item_id"": 543}, {""count"": 1, ""item_id"": 711}, {""count"": 5, ""item_id"": 554}, {""count"": 10, ""item_id"": 754}, {""count"": 5, ""item_id"": 865}]","[[""269～275"", ""215～227""], [""269～275"", ""215～227""]]",https://draquex.com/buki/0-tate.php,https://draquex.com/buki/tate-96-2.php,,32,"2026-03-12 01:02:26","2026-07-23 15:19:02"
631,shield_large_93,風雲の大盾,"Windy Greatshield",,,,17,,"[""風ダメージ10%減"", ""攻撃呪文ダメージ5%減""]",10,,,26,10,,,,,inherit,42,93,大盾界の風雲児,聖都エジャルナのレシピ屋30000G,風と呪文攻撃の耐性を強化する嵐をまとう大盾,盾,盾,2,"[{""count"": 5, ""item_id"": 759}, {""count"": 1, ""item_id"": 883}, {""count"": 10, ""item_id"": 850}, {""count"": 20, ""item_id"": 674}, {""count"": 5, ""item_id"": 865}]","[[""186-192"", ""255-267""], [""255-267"", ""186-192""]]",https://draquex.com/buki/0-tate.php,https://draquex.com/buki/tate-93-2.php,,30,"2026-03-12 01:02:29","2026-07-23 15:19:02"
632,shield_large_90,シャーマンシールド,"Heedoovoodoo Shield",,,,17,,"[""ブレス系ダメージ6%減"", ""ふっとびガード+5%""]",10,,,23,10,,,,,inherit,41,90,シャーマニズム大全,聖都エジャルナのレシピ屋30000G,息攻撃を防ぎふっとびにくい精霊が守護する盾,盾,盾,2,"[{""count"": 5, ""item_id"": 759}, {""count"": 1, ""item_id"": 757}, {""count"": 10, ""item_id"": 670}, {""count"": 1, ""item_id"": 703}, {""count"": 5, ""item_id"": 865}]","[[""180～186"", ""220～232""], [""180～186"", ""220～232""]]",https://draquex.com/buki/0-tate.php,https://draquex.com/buki/tate-90-1.php,,29,"2026-03-12 01:02:31","2026-07-23 15:19:02"
633,shield_large_85,炎帝の大盾,"Fire God Greatshield",,,,17,,"[""炎ダメージ10%減"", ""いてつくはどうガード+10%""]",5,,,20,10,,,,,inherit,40,85,炎帝の記憶,真グランゼドーラ王国のレシピ屋30000G,いてつくはどうと炎攻撃に強い燃え上がる大盾,盾,盾,2,"[{""count"": 3, ""item_id"": 759}, {""count"": 30, ""item_id"": 820}, {""count"": 30, ""item_id"": 863}, {""count"": 1, ""item_id"": 761}, {""count"": 5, ""item_id"": 865}]","[[""180～186"", ""238～250""], [""180～186"", ""238～250""]]",https://draquex.com/buki/0-tate.php,https://draquex.com/buki/tate-85-2.php,,28,"2026-03-12 01:02:33","2026-07-23 15:19:02"
634,shield_large_80,ウルベアの大盾,"Urbea Greatshield",,,,17,,"[""-""]",10,,,17,8,,,,,inherit,38,80,ウルベアの大盾組立術,真グランゼドーラ王国のレシピ屋20000G,古の地下帝国で愛用されたHPが増える大盾,盾,盾,2,"[{""name"": ""マデュライト石"", ""count"": 15, ""item_id"": null}, {""count"": 1, ""item_id"": 703}, {""count"": 20, ""item_id"": 595}, {""count"": 1, ""item_id"": 761}, {""count"": 10, ""item_id"": 865}]","[[""176～182"", ""176～182""], [""202～214"", ""202～214""]]",https://draquex.com/buki/0-tate.php,https://draquex.com/buki/tate-80-2.php,,28,"2026-03-12 01:02:35","2026-07-23 15:19:02"
635,shield_large_80_2,ゼレスタイトの大盾,"Celestite Greatshield",,,,17,,"[""攻撃呪文ダメージ5%減""]",,15,,17,8,,,,,inherit,39,80,ベストゼレスタイト,真グランゼドーラ王国のレシピ屋20000G,攻撃呪文を防ぎMPを底上げする青い結晶石の大盾,盾,盾,2,"[{""count"": 2, ""item_id"": 703}, {""count"": 30, ""item_id"": 841}, {""count"": 10, ""item_id"": 531}, {""count"": 1, ""item_id"": 761}, {""count"": 10, ""item_id"": 865}]","[[""150～162"", ""205～211""], [""205～211"", ""254～266""]]",https://draquex.com/buki/0-tate.php,https://draquex.com/buki/tate-80-3.php,,28,"2026-03-12 01:02:38","2026-07-23 15:19:02"
636,shield_large_70,聖王の大盾,"Dryspell Greatshield",,,,17,,"[""封印ガード+10%"", ""ブレス系ダメージ10%減""]",,,,16,8,,,,,inherit,36,70,聖王の大盾の壁画,偽グランゼドーラ王国のレシピ屋20000G,聖なる力を秘めた封印と息の攻撃をよく防ぐ大盾,盾,盾,2,"[{""count"": 40, ""item_id"": 838}, {""count"": 1, ""item_id"": 576}, {""count"": 40, ""item_id"": 545}, {""count"": 3, ""item_id"": 761}, {""count"": 32, ""item_id"": 865}]","[[""180～192"", ""210～222""], [""155～161"", ""155～161""]]",https://draquex.com/buki/0-tate.php,https://draquex.com/buki/tate-70-2.php,,25,"2026-03-12 01:02:41","2026-07-23 15:19:02"
637,shield_large_65,邪眼の大盾,"Evil-Eye Greatshield",,,,17,,"[""盾ガード時50%で敵を眠らせる""]",,,,16,6,,,,,inherit,35,65,邪眼の盾の作成術,バザーのみシールドあにき(シールドこぞうの転生)がドロップする,盾ガード時たまに相手を眠らせる異形の大盾,盾,盾,2,"[{""count"": 1, ""item_id"": 649}, {""count"": 1, ""item_id"": 856}, {""count"": 10, ""item_id"": 447}, {""count"": 1, ""item_id"": 880}, {""count"": 10, ""item_id"": 865}]","[[""120～126"", ""204～216""], [""254～266"", ""170～176""]]",https://draquex.com/buki/0-tate.php,https://draquex.com/buki/tate-65-1.php,,25,"2026-03-12 01:02:47","2026-07-23 15:19:02"
638,shield_large_60,聖騎士の大盾,"Paladin's Greatshield",,,,17,,"[""闇ダメージ10%減"", ""攻撃呪文ダメージ5%減""]",,,,11,12,,,,,inherit,33,60,聖騎士の大盾のレシピ,ドルワーム王国・防具鍛冶ギルドのレシピ屋10000G,聖なる魔力で闇の攻撃を防ぎ呪文にも強い大盾,盾,盾,2,"[{""count"": 3, ""item_id"": 703}, {""count"": 30, ""item_id"": 845}, {""count"": 1, ""item_id"": 552}, {""count"": 12, ""item_id"": 865}]","[[""135～143"", ""180～190""], [""180～190"", ""135～143""]]",https://draquex.com/buki/0-tate.php,https://draquex.com/buki/tate-60-2.php,,23,"2026-03-12 01:02:55","2026-07-23 15:19:02"
639,shield_large_60_2,オーガシールド,"Ogre Shield",,,,17,,"[""ブレス系ダメージ10%減""]",,,,14,5,,,,,inherit,34,60,オーガシールドのレシピ,ドルワーム王国・防具鍛冶ギルドのレシピ屋10000G,息呪文をよく防ぐ重みのあるたよれる大盾,盾,盾,2,"[{""count"": 15, ""item_id"": 816}, {""count"": 2, ""item_id"": 833}, {""count"": 1, ""item_id"": 639}, {""count"": 12, ""item_id"": 865}]","[[""132～138"", ""220～232""], [""220～232"", ""132～138""]]",https://draquex.com/buki/0-tate.php,https://draquex.com/buki/tate-60-3.php,,26,"2026-03-12 01:03:06","2026-07-23 15:19:02"
640,shield_large_50,おやぶんの大盾,"Big Boss Shield",,,,17,,"[""使うと敵をおびえさせる""]",,,,9,4,,,,,inherit,33,50,おやぶんのにがお絵,ドルワーム王国・防具鍛冶ギルドのレシピ屋10000G,戦闘中に使うとたまに敵をおびえさせる大盾,盾,盾,2,"[{""count"": 12, ""item_id"": 816}, {""count"": 30, ""item_id"": 664}, {""count"": 1, ""item_id"": 552}, {""count"": 10, ""item_id"": 865}]","[[""120～130"", ""200～212""], [""130～138"", ""160～168""]]",https://draquex.com/buki/0-tate.php,https://draquex.com/buki/tate-50-3.php,,19,"2026-03-12 01:03:11","2026-07-23 15:19:02"
641,shield_large_42,プラチナシールド,"Platinum Shield",,,,17,,"[""炎ダメージ6%減""]",,,,5,10,,,,,inherit,29,42,プラチナシールドの本,ドルワーム水晶宮2階E-8救護室の本棚,炎の攻撃に強い装飾がきれいなプラチナ製の大盾,盾,盾,2,"[{""count"": 6, ""item_id"": 816}, {""count"": 4, ""item_id"": 841}, {""count"": 1, ""item_id"": 638}, {""count"": 6, ""item_id"": 865}]","[[""125～132"", ""125～132""], [""100～113"", ""100～113""]]",https://draquex.com/buki/0-tate.php,https://draquex.com/buki/tate-42-4.php,,15,"2026-03-12 01:03:14","2026-07-23 15:19:02"
642,shield_small_42_4,ドラゴンシールド,"Dragon Shield",,,,16,,"[""ブレス系ダメージ10%減""]",,,,6,5,,,,,inherit,30,42,ドラゴンシールドの本,メギストリスの都のレシピ屋10000G,息攻撃をよく防ぐ竜をかたどった勇ましい大盾,盾,盾,2,"[{""count"": 8, ""item_id"": 816}, {""count"": 2, ""item_id"": 753}, {""count"": 4, ""item_id"": 551}, {""count"": 8, ""item_id"": 865}]","[[""80～92"", ""110～120""], [""160～168"", ""130～140""]]",https://draquex.com/buki/0-tate.php,https://draquex.com/buki/tate-42-5.php,,13,"2026-03-12 01:03:17","2026-07-23 15:19:02"
643,shield_large_35,戦士の大盾,"Warrior's Greatshield",,,,17,,"[""攻撃呪文ダメージ3%減""]",,,,5,4,,,,,inherit,24,35,戦士の大盾の本,バザーのみオーガキングがドロップする,戦士のために作られた呪文に強い大盾,盾,盾,2,"[{""count"": 1, ""item_id"": 633}, {""count"": 1, ""item_id"": 825}, {""count"": 1, ""item_id"": 881}]","[[""110～122"", ""110～122""], [""70～78"", ""70～78""]]",https://draquex.com/buki/0-tate.php,https://draquex.com/buki/tate-35-4.php,,11,"2026-03-12 01:03:26","2026-07-23 15:19:02"
644,shield_large_28,はがねの大盾,"Steel Greatshield",,,,17,,"[""-""]",,,,4,5,,,,,inherit,15,28,初心者のための盾レシピ,ドルワーム王国・防具鍛冶ギルドのレシピ屋30G,鉄より硬いはがねで作られた頑丈な大盾,盾,盾,2,"[{""count"": 1, ""item_id"": 633}, {""count"": 1, ""item_id"": 749}, {""count"": 1, ""item_id"": 845}]","[[""50～60"", ""50～60""], [""85～98"", ""85～98""]]",https://draquex.com/buki/0-tate.php,https://draquex.com/buki/tate-28-3.php,,10,"2026-03-12 01:03:29","2026-07-23 15:19:02"
645,shield_large_14,てつの大盾,"Iron Shield",,,,17,,"[""-""]",,,,3,2,,,,,inherit,7,14,初心者のための盾レシピ,ドルワーム王国・防具鍛冶ギルドのレシピ屋30G,鉄板を加工して作られた一般的な大盾,盾,盾,2,"[{""count"": 3, ""item_id"": 732}, {""count"": 2, ""item_id"": 749}]","[[""30～40"", ""30～40""], [""40～52"", ""40～52""]]",https://draquex.com/buki/0-tate.php,https://draquex.com/buki/tate-14-3.php,,8,"2026-03-12 01:03:34","2026-07-23 15:19:02"
646,shield_large_1,かしの大盾,"Oak Greatshield",,,,17,,"[""-""]",,,,2,1,,,,,inherit,,1,作れない,-,かしの木材を重ねて作った大型の盾,大盾,,,[],,https://draquex.com/buki/0-tate.php,https://draquex.com/buki/tate-1-2.php,,6,"2026-03-12 01:03:37","2026-07-23 15:19:02"
647,bougu_130_1_head,叡聖のサークレット,"Profound Circlet",set_4595ea0a0b,叡聖セット,tailoring_set,19,虹布,"[""さいだいHP+10"", ""さいだいMP+20"", ""行動時5%で聖なる祈り"", ""呪文と特技の効果範囲+1m"", ""瀕死時2%で女神の祝福""]",,,,73,32,,,124,124,inherit,75,130,叡聖の博士論文,はじまりの地のレシピ屋クツツ,,頭,裁縫頭,3,"[{""count"": 24, ""item_id"": 650}, {""count"": 4, ""item_id"": 658}, {""count"": 4, ""item_id"": 648}, {""count"": 20, ""item_id"": 554}, {""count"": 6, ""item_id"": 724}]","[[null, ""450"", null], [""140"", ""300"", ""400""]]",https://draquex.com/bougu/0-zenbu.php,https://draquex.com/bougu/a-130-2.php,,9,"2026-03-12 01:32:17","2026-07-23 15:19:02"
648,bougu_130_1_body_top,叡聖の博士服,"Profound Robe",set_4595ea0a0b,叡聖セット,tailoring_set,19,虹布,"[""さいだいHP+10"", ""さいだいMP+20"", ""行動時5%で聖なる祈り"", ""呪文と特技の効果範囲+1m"", ""瀕死時2%で女神の祝福""]",,,,97,33,,,149,149,inherit,75,130,叡聖の博士論文,はじまりの地のレシピ屋クツツ,,体上,裁縫上,3,"[{""count"": 30, ""item_id"": 650}, {""count"": 4, ""item_id"": 658}, {""count"": 8, ""item_id"": 861}, {""count"": 10, ""item_id"": 702}, {""count"": 7, ""item_id"": 724}]","[[""240"", ""150"", ""170""], [""130"", ""110"", ""90""], [""80"", ""130"", ""110""]]",https://draquex.com/bougu/0-zenbu.php,https://draquex.com/bougu/b-130-2.php,,12,"2026-03-12 01:32:17","2026-07-23 15:19:02"
649,bougu_130_1_arm,叡聖のグローブ,"Profound Gloves",set_4595ea0a0b,叡聖セット,tailoring_set,19,虹布,"[""さいだいHP+10"", ""さいだいMP+20"", ""行動時5%で聖なる祈り"", ""呪文と特技の効果範囲+1m"", ""瀕死時2%で女神の祝福""]",,,,39,17,,118,,,inherit,75,130,叡聖の博士論文,はじまりの地のレシピ屋クツツ,,腕,裁縫腕,3,"[{""count"": 16, ""item_id"": 650}, {""count"": 10, ""item_id"": 648}, {""count"": 10, ""item_id"": 798}, {""count"": 30, ""item_id"": 866}, {""count"": 5, ""item_id"": 724}]","[[""180"", ""130"", ""350""], [""230"", ""100"", ""120""]]",https://draquex.com/bougu/0-zenbu.php,https://draquex.com/bougu/d-130-2.php,,5,"2026-03-12 01:32:17","2026-07-23 15:19:02"
650,bougu_130_1_foot,叡聖のブーツ,"Profound Boots",set_4595ea0a0b,叡聖セット,tailoring_set,19,虹布,"[""さいだいHP+10"", ""さいだいMP+20"", ""行動時5%で聖なる祈り"", ""呪文と特技の効果範囲+1m"", ""瀕死時2%で女神の祝福""]",,,,39,17,118,,,,inherit,75,130,叡聖の博士論文,はじまりの地のレシピ屋クツツ,,足,裁縫足,2,"[{""count"": 16, ""item_id"": 650}, {""count"": 6, ""item_id"": 744}, {""count"": 8, ""item_id"": 861}, {""count"": 10, ""item_id"": 798}, {""count"": 5, ""item_id"": 724}]","[[""450"", ""240""], [""130"", ""410""]]",https://draquex.com/bougu/0-zenbu.php,https://draquex.com/bougu/e-130-2.php,,5,"2026-03-12 01:32:17","2026-07-23 15:19:02"
651,bougu_130_2_head,コスモスヘルム,"Cosmos Helm",set_f518cf947c,コスモスセット,armor_set,18,,"[""さいだいHP+30"", ""特技のダメージ+10"", ""行動時10%でバイシオン"", ""死亡時50%でこうげき力上昇が残る""]",,,,130,39,,,24,24,inherit,75,130,コスモスアドベンチャー,はじまりの地のレシピ屋クツツ,,頭,,2,"[{""count"": 24, ""item_id"": 705}, {""count"": 5, ""item_id"": 876}, {""count"": 6, ""item_id"": 611}, {""count"": 30, ""item_id"": 838}, {""count"": 6, ""item_id"": 729}]","[[""240-248"", ""360-369""], [""320-329"", ""270-278""]]",https://draquex.com/bougu/0-zenbu.php,https://draquex.com/bougu/a-130-1.php,,46,"2026-03-12 01:32:19","2026-07-23 15:19:02"
652,bougu_130_2_body_top,コスモスアーマー上,"Cosmos Armor",set_f518cf947c,コスモスセット,armor_set,18,,"[""さいだいHP+30"", ""特技のダメージ+10"", ""行動時10%でバイシオン"", ""死亡時50%でこうげき力上昇が残る""]",,,,155,49,,,24,24,inherit,75,130,コスモスアドベンチャー,はじまりの地のレシピ屋クツツ,,体上,,2,"[{""count"": 30, ""item_id"": 705}, {""count"": 4, ""item_id"": 703}, {""count"": 8, ""item_id"": 811}, {""count"": 12, ""item_id"": 554}, {""count"": 7, ""item_id"": 729}]","[[""220-229"", ""150-158""], [""110-118"", ""290-299""], [""180-188"", ""250-259""]]",https://draquex.com/bougu/0-zenbu.php,https://draquex.com/bougu/b-130-1.php,,74,"2026-03-12 01:32:19","2026-07-23 15:19:02"
653,bougu_130_2_body_bottom,コスモスアーマー下,"Cosmos Leggings",set_f518cf947c,コスモスセット,armor_set,18,,"[""さいだいHP+30"", ""特技のダメージ+10"", ""行動時10%でバイシオン"", ""死亡時50%でこうげき力上昇が残る""]",,,,102,29,,,,,inherit,75,130,コスモスアドベンチャー,はじまりの地のレシピ屋クツツ,,体下,,2,"[{""count"": 22, ""item_id"": 705}, {""count"": 4, ""item_id"": 876}, {""count"": 6, ""item_id"": 603}, {""count"": 1, ""item_id"": 585}, {""count"": 6, ""item_id"": 729}]","[[""110-118"", ""170-179""], [""220-229"", ""110-118""], [""120-128"", ""140-149""], [""140-149"", ""105-113""]]",https://draquex.com/bougu/0-zenbu.php,https://draquex.com/bougu/c-130-1.php,,44,"2026-03-12 01:32:19","2026-07-23 15:19:02"
654,bougu_130_2_arm,コスモスのこて,"Cosmos Gloves",set_f518cf947c,コスモスセット,armor_set,18,,"[""さいだいHP+30"", ""特技のダメージ+10"", ""行動時10%でバイシオン"", ""死亡時50%でこうげき力上昇が残る""]",,,,71,15,,72,,,inherit,75,130,コスモスアドベンチャー,はじまりの地のレシピ屋クツツ,,腕,,1,"[{""count"": 16, ""item_id"": 705}, {""count"": 4, ""item_id"": 752}, {""count"": 6, ""item_id"": 695}, {""count"": 20, ""item_id"": 838}, {""count"": 5, ""item_id"": 729}]","[[""405-414""], [""270-279""], [""360-369""]]",https://draquex.com/bougu/0-zenbu.php,https://draquex.com/bougu/d-130-1.php,,36,"2026-03-12 01:32:19","2026-07-23 15:19:02"
655,bougu_130_2_foot,コスモスグリーブ,"Cosmos Greaves",set_f518cf947c,コスモスセット,armor_set,18,,"[""さいだいHP+30"", ""特技のダメージ+10"", ""行動時10%でバイシオン"", ""死亡時50%でこうげき力上昇が残る""]",,,,71,15,72,,,,inherit,75,130,コスモスアドベンチャー,はじまりの地のレシピ屋クツツ,,足,,2,"[{""count"": 16, ""item_id"": 705}, {""count"": 4, ""item_id"": 703}, {""count"": 4, ""item_id"": 799}, {""count"": 20, ""item_id"": 819}, {""count"": 5, ""item_id"": 729}]","[[null, ""320-329""], [null, ""180-189""], [""340-350"", ""245-254""]]",https://draquex.com/bougu/0-zenbu.php,https://draquex.com/bougu/e-130-1.php,,39,"2026-03-12 01:32:19","2026-07-23 15:19:02"
656,bougu_130_3_head,ノクトルクラウン,"Nocturne Crown",set_c61c712978,ノクトルクラウンセット,tailoring_set,22,再生布,"[""さいだいHP+17"", ""さいだいMP+15"", ""必殺チャージ率+1.0%"", ""必殺チャージ時バイキルトとピオラ2段階"", ""チャンス特技発生率+1.0%""]",,,,96,65,,,70,70,inherit,75,130,星月の夜想曲,はじまりの地のレシピ屋クツツ,,頭,裁縫頭,3,"[{""count"": 24, ""item_id"": 650}, {""count"": 4, ""item_id"": 700}, {""count"": 12, ""item_id"": 735}, {""count"": 30, ""item_id"": 826}, {""count"": 6, ""item_id"": 724}]","[[null, ""340"", null], [""480"", ""150"", ""230""]]",https://draquex.com/bougu/0-zenbu.php,https://draquex.com/bougu/a-130-5.php,,15,"2026-03-12 01:32:22","2026-07-23 15:19:02"
657,bougu_130_3_body_top,ノクトルケープ上,"Nocturne Tunic",set_c61c712978,ノクトルクラウンセット,tailoring_set,22,虹布,"[""さいだいHP+17"", ""さいだいMP+15"", ""必殺チャージ率+1.0%"", ""必殺チャージ時バイキルトとピオラ2段階"", ""チャンス特技発生率+1.0%""]",,,,124,81,,,124,124,inherit,75,130,星月の夜想曲,はじまりの地のレシピ屋クツツ,,体上,裁縫上,3,"[{""count"": 30, ""item_id"": 650}, {""count"": 6, ""item_id"": 557}, {""count"": 12, ""item_id"": 711}, {""count"": 30, ""item_id"": 826}, {""count"": 7, ""item_id"": 724}]","[[""90"", ""120"", ""150""], [""140"", ""110"", ""100""], [""220"", ""90"", ""190""]]",https://draquex.com/bougu/0-zenbu.php,https://draquex.com/bougu/b-130-5.php,,19,"2026-03-12 01:32:22","2026-07-23 15:19:02"
658,bougu_130_3_body_bottom,ノクトルケープ下,"Nocturne Bottoms",set_c61c712978,ノクトルクラウンセット,tailoring_set,22,再生布,"[""さいだいHP+17"", ""さいだいMP+15"", ""必殺チャージ率+1.0%"", ""必殺チャージ時バイキルトとピオラ2段階"", ""チャンス特技発生率+1.0%""]",,,,92,56,,,,,inherit,75,130,星月の夜想曲,はじまりの地のレシピ屋クツツ,,体下,裁縫下,2,"[{""count"": 22, ""item_id"": 650}, {""count"": 6, ""item_id"": 557}, {""count"": 10, ""item_id"": 798}, {""count"": 10, ""item_id"": 782}, {""count"": 6, ""item_id"": 724}]","[[""160"", ""170""], [""90"", ""210""], [""270"", ""160""]]",https://draquex.com/bougu/0-zenbu.php,https://draquex.com/bougu/c-130-5.php,,10,"2026-03-12 01:32:22","2026-07-23 15:19:02"
659,bougu_130_3_arm,ノクトルグローブ,"Nocturne Gloves",set_c61c712978,ノクトルクラウンセット,tailoring_set,22,ピンク布,"[""さいだいHP+17"", ""さいだいMP+15"", ""必殺チャージ率+1.0%"", ""必殺チャージ時バイキルトとピオラ2段階"", ""チャンス特技発生率+1.0%""]",,,,27,47,,122,,,inherit,75,130,星月の夜想曲,はじまりの地のレシピ屋クツツ,,腕,裁縫腕,3,"[{""count"": 16, ""item_id"": 650}, {""count"": 6, ""item_id"": 744}, {""count"": 18, ""item_id"": 754}, {""count"": 30, ""item_id"": 866}, {""count"": 5, ""item_id"": 724}]","[[""360"", ""90"", ""160""], [""110"", ""250"", ""330""]]",https://draquex.com/bougu/0-zenbu.php,https://draquex.com/bougu/d-130-5.php,,8,"2026-03-12 01:32:22","2026-07-23 15:19:02"
660,bougu_130_3_foot,ノクトルブーツ,"Nocturne Boots",set_c61c712978,ノクトルクラウンセット,tailoring_set,22,再生布,"[""さいだいHP+17"", ""さいだいMP+15"", ""必殺チャージ率+1.0%"", ""必殺チャージ時バイキルトとピオラ2段階"", ""チャンス特技発生率+1.0%""]",,,,28,48,139,,,,inherit,75,130,星月の夜想曲,はじまりの地のレシピ屋クツツ,,足,裁縫足,2,"[{""count"": 16, ""item_id"": 650}, {""count"": 6, ""item_id"": 738}, {""count"": 8, ""item_id"": 711}, {""count"": 30, ""item_id"": 762}, {""count"": 5, ""item_id"": 724}]","[[""100"", ""500""], [""390"", ""190""]]",https://draquex.com/bougu/0-zenbu.php,https://draquex.com/bougu/e-130-5.php,,9,"2026-03-12 01:32:22","2026-07-23 15:19:02"
661,bougu_130_4_head,トライドニット,"Battle-born Cap",set_98b00f2745,トライドセット,armor_set,23,,"[""さいだいHP+20"", ""こうげき力+13"", ""特技のダメージ+20"", ""移動速度+3%"", ""攻撃時5%でチャージ時間ｰ10秒""]",,,,105,30,,,,,inherit,75,130,トライドマガジン創刊号,はじまりの地のレシピ屋クツツ,,頭,鎧頭,2,"[{""count"": 24, ""item_id"": 705}, {""count"": 4, ""item_id"": 644}, {""count"": 10, ""item_id"": 730}, {""count"": 20, ""item_id"": 591}, {""count"": 6, ""item_id"": 729}]","[[""345-354"", ""210-218""], [""260-268"", ""440-449""]]",https://draquex.com/bougu/0-zenbu.php,https://draquex.com/bougu/a-130-3.php,,14,"2026-03-12 01:39:21","2026-07-23 15:19:02"
662,bougu_130_4_body_top,トライドアーマー,"Battle-born Armor",set_98b00f2745,トライドセット,armor_set,23,,"[""さいだいHP+20"", ""こうげき力+13"", ""特技のダメージ+20"", ""移動速度+3%"", ""攻撃時5%でチャージ時間ｰ10秒""]",,,,123,34,,,,,inherit,75,130,トライドマガジン創刊号,はじまりの地のレシピ屋クツツ,,体上,鎧上,2,"[{""count"": 30, ""item_id"": 705}, {""count"": 4, ""item_id"": 700}, {""count"": 6, ""item_id"": 648}, {""count"": 12, ""item_id"": 702}, {""count"": 7, ""item_id"": 729}]","[[""140-148"", ""225-234""], [""115-123"", ""140-148""], [""210-219"", ""175-184""]]",https://draquex.com/bougu/0-zenbu.php,https://draquex.com/bougu/b-130-3.php,,20,"2026-03-12 01:39:21","2026-07-23 15:19:02"
663,bougu_130_4_body_bottom,トライドズボン,"Battle-born Trousers",set_98b00f2745,トライドセット,armor_set,23,,"[""さいだいHP+20"", ""こうげき力+13"", ""特技のダメージ+20"", ""移動速度+3%"", ""攻撃時5%でチャージ時間ｰ10秒""]",,,,80,26,,,,,inherit,75,130,トライドマガジン創刊号,はじまりの地のレシピ屋クツツ,,体下,鎧下,2,"[{""count"": 22, ""item_id"": 705}, {""count"": 3, ""item_id"": 700}, {""count"": 5, ""item_id"": 799}, {""count"": 20, ""item_id"": 595}, {""count"": 6, ""item_id"": 729}]","[[""170-179"", ""95-103""], [""200-209"", ""130-138""], [""100-108"", ""230-239""], [""120-128"", ""140-148""]]",https://draquex.com/bougu/0-zenbu.php,https://draquex.com/bougu/c-130-3.php,,11,"2026-03-12 01:39:21","2026-07-23 15:19:02"
664,bougu_130_4_arm,トライドグローブ,"Battle-born Gloves",set_98b00f2745,トライドセット,armor_set,23,,"[""さいだいHP+20"", ""こうげき力+13"", ""特技のダメージ+20"", ""移動速度+3%"", ""攻撃時5%でチャージ時間ｰ10秒""]",,,,29,17,,114,,,inherit,75,130,トライドマガジン創刊号,はじまりの地のレシピ屋クツツ,,腕,鎧腕,1,"[{""count"": 16, ""item_id"": 705}, {""count"": 6, ""item_id"": 730}, {""count"": 6, ""item_id"": 543}, {""count"": 30, ""item_id"": 591}, {""count"": 5, ""item_id"": 729}]","[[""470-479""], [""260-269""], [""495-504""]]",https://draquex.com/bougu/0-zenbu.php,https://draquex.com/bougu/d-130-3.php,,9,"2026-03-12 01:39:21","2026-07-23 15:19:02"
665,bougu_130_4_foot,トライドブーツ,"Battle-born Boots",set_98b00f2745,トライドセット,armor_set,23,,"[""さいだいHP+20"", ""こうげき力+13"", ""特技のダメージ+20"", ""移動速度+3%"", ""攻撃時5%でチャージ時間ｰ10秒""]",,,,29,17,114,,,,inherit,75,130,トライドマガジン創刊号,はじまりの地のレシピ屋クツツ,,足,鎧足,2,"[{""count"": 16, ""item_id"": 705}, {""count"": 4, ""item_id"": 692}, {""count"": 4, ""item_id"": 543}, {""count"": 20, ""item_id"": 595}, {""count"": 5, ""item_id"": 729}]","[["""", ""230-239""], ["""", ""495-504""], [""385-394"", ""190-199""]]",https://draquex.com/bougu/0-zenbu.php,https://draquex.com/bougu/e-130-3.php,,9,"2026-03-12 01:39:21","2026-07-23 15:19:02"
666,bougu_130_5_head,月影の額当て,"Moonshade Headband",set_be13a553a7,月影セット,tailoring_set,21,ピンク布,"[""さいだいHP+18"", ""きようさ+95"", ""開戦時100%で早読みの杖"", ""行動時5%で早読みの杖"", ""必殺チャージ率+1.0%""]",,,,110,53,,,85,85,inherit,75,130,月影忍法帖,はじまりの地のレシピ屋クツツ,,頭,裁縫頭,3,"[{""count"": 24, ""item_id"": 650}, {""count"": 3, ""item_id"": 700}, {""count"": 6, ""item_id"": 833}, {""count"": 10, ""item_id"": 868}, {""count"": 6, ""item_id"": 724}]","[[""130"", ""85"", ""110""], [""80"", ""110"", ""160""], [""150"", ""100"", ""180""]]",https://draquex.com/bougu/0-zenbu.php,https://draquex.com/bougu/a-130-4.php,,19,"2026-03-12 01:39:23","2026-07-23 15:19:02"
667,bougu_130_5_body_top,月影の装束上,"Moonshade Shirt",set_be13a553a7,月影セット,tailoring_set,21,ピンク布,"[""さいだいHP+18"", ""きようさ+95"", ""開戦時100%で早読みの杖"", ""行動時5%で早読みの杖"", ""必殺チャージ率+1.0%""]",,,,134,70,,,100,100,inherit,75,130,月影忍法帖,はじまりの地のレシピ屋クツツ,,体上,裁縫上,3,"[{""count"": 30, ""item_id"": 650}, {""count"": 5, ""item_id"": 668}, {""count"": 6, ""item_id"": 832}, {""count"": 30, ""item_id"": 591}, {""count"": 7, ""item_id"": 724}]","[[""130"", ""85"", ""110""], [""80"", ""110"", ""160""], [""150"", ""100"", ""180""]]",https://draquex.com/bougu/0-zenbu.php,https://draquex.com/bougu/b-130-4.php,,22,"2026-03-12 01:39:23","2026-07-23 15:19:02"
668,bougu_130_5_body_bottom,月影の装束下,"Moonshade Pants",set_be13a553a7,月影セット,tailoring_set,21,ピンク布,"[""さいだいHP+18"", ""きようさ+95"", ""開戦時100%で早読みの杖"", ""行動時5%で早読みの杖"", ""必殺チャージ率+1.0%""]",,,,85,31,,,,,inherit,75,130,月影忍法帖,はじまりの地のレシピ屋クツツ,,体下,裁縫下,2,"[{""count"": 22, ""item_id"": 650}, {""count"": 6, ""item_id"": 668}, {""count"": 4, ""item_id"": 757}, {""count"": 30, ""item_id"": 839}, {""count"": 6, ""item_id"": 724}]","[[""150"", ""270""], [""320"", ""90""], [""120"", ""280""]]",https://draquex.com/bougu/0-zenbu.php,https://draquex.com/bougu/c-130-4.php,,13,"2026-03-12 01:39:23","2026-07-23 15:19:02"
669,bougu_130_5_arm,月影のこて,"Moonshade Gloves",set_be13a553a7,月影セット,tailoring_set,21,ピンク布,"[""さいだいHP+18"", ""きようさ+95"", ""開戦時100%で早読みの杖"", ""行動時5%で早読みの杖"", ""必殺チャージ率+1.0%""]",,,,31,31,,132,,,inherit,75,130,月影忍法帖,はじまりの地のレシピ屋クツツ,,腕,裁縫腕,3,"[{""count"": 16, ""item_id"": 650}, {""count"": 4, ""item_id"": 692}, {""count"": 8, ""item_id"": 833}, {""count"": 30, ""item_id"": 591}, {""count"": 5, ""item_id"": 724}]","[[""340"", ""100"", ""320""], [""180"", ""150"", ""170""]]",https://draquex.com/bougu/0-zenbu.php,https://draquex.com/bougu/d-130-4.php,,9,"2026-03-12 01:39:23","2026-07-23 15:19:02"
670,bougu_130_5_foot,月影の深沓,"Moonshade Boots",set_be13a553a7,月影セット,tailoring_set,21,ピンク布,"[""さいだいHP+18"", ""きようさ+95"", ""開戦時100%で早読みの杖"", ""行動時5%で早読みの杖"", ""必殺チャージ率+1.0%""]",,,,31,31,132,,,,inherit,75,130,月影忍法帖,はじまりの地のレシピ屋クツツ,,足,裁縫足,,"[{""count"": 16, ""item_id"": 650}, {""count"": 4, ""item_id"": 692}, {""count"": 4, ""item_id"": 757}, {""count"": 12, ""item_id"": 868}, {""count"": 5, ""item_id"": 724}]","[[""410"", ""120""], [""250"", ""520""]]",https://draquex.com/bougu/0-zenbu.php,https://draquex.com/bougu/e-130-4.php,,9,"2026-03-12 01:39:23","2026-07-23 15:19:02"
671,bougu_128_1_head,アンテイクトーク,"Antique Toque",set_008e9e61e9,アンテイクトークセット,tailoring_set,19,ピンク布,"[""さいだいHP+10"", ""さいだいMP+19"", ""呪文発動速度+2%"", ""封印ガード+30%"", ""混乱ガード+30%""]",,,,71,31,,,117,117,inherit,75,128,アンテイクの世界,神都フォーリオンのレシピ屋,,頭,裁縫頭,3,"[{""count"": 24, ""item_id"": 650}, {""count"": 4, ""item_id"": 607}, {""count"": 4, ""item_id"": 557}, {""count"": 3, ""item_id"": 658}, {""count"": 6, ""item_id"": 724}]","[[null, ""460"", null], [""410"", ""180"", ""310""]]",https://draquex.com/bougu/0-zenbu.php,https://draquex.com/bougu/a-128-2.php,,9,"2026-03-12 01:39:26","2026-07-23 15:19:02"
672,bougu_128_1_body_top,アンテイクドレス上,"Antique Dress",set_008e9e61e9,アンテイクトークセット,tailoring_set,19,再生布,"[""さいだいHP+10"", ""さいだいMP+19"", ""呪文発動速度+2%"", ""封印ガード+30%"", ""混乱ガード+30%""]",,,,95,32,,,142,142,inherit,75,128,アンテイクの世界,神都フォーリオンのレシピ屋,,体上,裁縫上,3,"[{""count"": 30, ""item_id"": 650}, {""count"": 6, ""item_id"": 607}, {""count"": 8, ""item_id"": 880}, {""count"": 20, ""item_id"": 818}, {""count"": 7, ""item_id"": 724}]","[[""180"", ""100"", ""190""], [""120"", ""90"", ""130""], [""110"", ""160"", ""80""]]",https://draquex.com/bougu/0-zenbu.php,https://draquex.com/bougu/b-128-2.php,,12,"2026-03-12 01:39:26","2026-07-23 15:19:02"
673,bougu_128_1_body_bottom,アンテイクドレス下,"Antique Skirt",set_008e9e61e9,アンテイクトークセット,tailoring_set,19,ピンク布,"[""さいだいHP+10"", ""さいだいMP+19"", ""呪文発動速度+2%"", ""封印ガード+30%"", ""混乱ガード+30%""]",,,,58,30,,,,,inherit,75,128,アンテイクの世界,神都フォーリオンのレシピ屋,,体下,裁縫下,2,"[{""count"": 22, ""item_id"": 650}, {""count"": 4, ""item_id"": 607}, {""count"": 8, ""item_id"": 782}, {""count"": 3, ""item_id"": 658}, {""count"": 6, ""item_id"": 724}]","[[""290"", ""100""], [""140"", ""260""], [""340"", ""90""]]",https://draquex.com/bougu/0-zenbu.php,https://draquex.com/bougu/c-128-2.php,,7,"2026-03-12 01:39:26","2026-07-23 15:19:02"
674,bougu_128_1_arm,アンテイクグローブ,"Antique Gloves",set_008e9e61e9,アンテイクトークセット,tailoring_set,19,虹布,"[""さいだいHP+10"", ""さいだいMP+19"", ""呪文発動速度+2%"", ""封印ガード+30%"", ""混乱ガード+30%""]",,,,37,17,,114,,,inherit,75,128,アンテイクの世界,神都フォーリオンのレシピ屋,,腕,裁縫腕,3,"[{""count"": 16, ""item_id"": 650}, {""count"": 4, ""item_id"": 692}, {""count"": 6, ""item_id"": 757}, {""count"": 4, ""item_id"": 861}, {""count"": 5, ""item_id"": 724}]","[[""140"", ""350"", ""130""], [""190"", ""90"", ""230""]]",https://draquex.com/bougu/0-zenbu.php,https://draquex.com/bougu/d-128-2.php,,5,"2026-03-12 01:39:26","2026-07-23 15:19:02"
675,bougu_128_1_foot,アンテイクシューズ,"Antique Shoes",set_008e9e61e9,アンテイクトークセット,tailoring_set,19,虹布,"[""さいだいHP+10"", ""さいだいMP+19"", ""呪文発動速度+2%"", ""封印ガード+30%"", ""混乱ガード+30%""]",,,,37,17,114,,,,inherit,75,128,アンテイクの世界,神都フォーリオンのレシピ屋,,足,裁縫足,2,"[{""count"": 16, ""item_id"": 650}, {""count"": 4, ""item_id"": 692}, {""count"": 6, ""item_id"": 757}, {""count"": 20, ""item_id"": 831}, {""count"": 5, ""item_id"": 724}]","[[""120"", ""250""], [""470"", ""360""]]",https://draquex.com/bougu/0-zenbu.php,https://draquex.com/bougu/e-128-2.php,,5,"2026-03-12 01:39:26","2026-07-23 15:19:02"
676,bougu_128_2_head,常勝のかぶと,"Triumphant Helm",set_9f3753203a,常勝セット,armor_set,18,,"[""さいだいHP+28"", ""ブレス系ダメージ8%減"", ""受けるダメージを10軽減する"", ""行動時5%でバーハ""]",,,,124,38,,,24,24,inherit,75,128,常勝不敗戦記,神都フォーリオンのレシピ屋,,頭,鎧頭,2,"[{""count"": 24, ""item_id"": 705}, {""count"": 5, ""item_id"": 753}, {""count"": 25, ""item_id"": 838}, {""count"": 4, ""item_id"": 771}, {""count"": 6, ""item_id"": 729}]","[[""290-298"", ""390-399""], [""330-339"", ""250-258""]]",https://draquex.com/bougu/0-zenbu.php,https://draquex.com/bougu/a-128-1.php,,45,"2026-03-12 01:39:28","2026-07-23 15:19:02"
677,bougu_128_2_body_top,常勝のよろい上,"Triumphant Armor",set_9f3753203a,常勝セット,armor_set,18,,"[""さいだいHP+28"", ""ブレス系ダメージ8%減"", ""受けるダメージを10軽減する"", ""行動時5%でバーハ""]",,,,149,48,,,24,24,inherit,75,128,常勝不敗戦記,神都フォーリオンのレシピ屋,,体上,鎧上,2,"[{""count"": 30, ""item_id"": 705}, {""count"": 4, ""item_id"": 786}, {""count"": 10, ""item_id"": 543}, {""count"": 1, ""item_id"": 584}, {""count"": 7, ""item_id"": 729}]","[[""210-219"", ""170-179""], [""110-118"", ""270-279""], [""240-249"", ""150-158""]]",https://draquex.com/bougu/0-zenbu.php,https://draquex.com/bougu/b-128-1.php,,73,"2026-03-12 01:39:28","2026-07-23 15:19:02"
678,bougu_128_2_body_bottom,常勝のよろい下,"Triumphant Leggings",set_9f3753203a,常勝セット,armor_set,18,,"[""さいだいHP+28"", ""ブレス系ダメージ8%減"", ""受けるダメージを10軽減する"", ""行動時5%でバーハ""]",,,,96,28,,,,,inherit,75,128,常勝不敗戦記,神都フォーリオンのレシピ屋,,体下,鎧下,2,"[{""count"": 22, ""item_id"": 705}, {""count"": 6, ""item_id"": 786}, {""count"": 6, ""item_id"": 833}, {""count"": 24, ""item_id"": 818}, {""count"": 6, ""item_id"": 729}]","[[""120-128"", ""240-249""], [""100-108"", ""95-103""], [""230-239"", ""150-159""], [""140-148"", ""115-124""]]",https://draquex.com/bougu/0-zenbu.php,https://draquex.com/bougu/c-128-1.php,,43,"2026-03-12 01:39:28","2026-07-23 15:19:02"
679,bougu_128_2_arm,常勝のこて,"Triumphant Gloves",set_9f3753203a,常勝セット,armor_set,18,,"[""さいだいHP+28"", ""ブレス系ダメージ8%減"", ""受けるダメージを10軽減する"", ""行動時5%でバーハ""]",,,,67,15,,70,,,inherit,75,128,常勝不敗戦記,神都フォーリオンのレシピ屋,,腕,鎧腕,1,"[{""count"": 16, ""item_id"": 705}, {""count"": 4, ""item_id"": 616}, {""count"": 8, ""item_id"": 833}, {""count"": 8, ""item_id"": 880}, {""count"": 5, ""item_id"": 729}]","[[""380-389""], [""250-259""], [""425-434""]]",https://draquex.com/bougu/0-zenbu.php,https://draquex.com/bougu/d-128-1.php,,35,"2026-03-12 01:39:28","2026-07-23 15:19:02"
680,bougu_128_2_foot,常勝のグリーブ,"Triumphant Greaves",set_9f3753203a,常勝セット,armor_set,18,,"[""さいだいHP+28"", ""ブレス系ダメージ8%減"", ""受けるダメージを10軽減する"", ""行動時5%でバーハ""]",,,,67,15,70,,,,inherit,75,128,常勝不敗戦記,神都フォーリオンのレシピ屋,,足,鎧足,2,"[{""count"": 16, ""item_id"": 705}, {""count"": 12, ""item_id"": 753}, {""count"": 30, ""item_id"": 838}, {""count"": 1, ""item_id"": 572}, {""count"": 5, ""item_id"": 729}]","[[null, ""455-465""], [null, ""240-248""], [""350-360"", ""205-213""]]",https://draquex.com/bougu/0-zenbu.php,https://draquex.com/bougu/e-128-1.php,,38,"2026-03-12 01:39:28","2026-07-23 15:19:02"
681,bougu_128_3_head,妖精郷の花髪,"Faerie Realm Hair",set_d972e660b1,妖精郷セット,tailoring_set,22,虹布,"[""さいだいHP+16"", ""さいだいMP+14"", ""会心率と呪文暴走率+2.0%"", ""行動時5%でチャージ時間-10秒"", ""呪文と特技の効果範囲+1m""]",,,,92,64,,,66,66,inherit,75,128,妖精郷の舞踏会,神都フォーリオンのレシピ屋,,頭,裁縫頭,3,"[{""count"": 24, ""item_id"": 650}, {""count"": 2, ""item_id"": 883}, {""count"": 5, ""item_id"": 798}, {""count"": 4, ""item_id"": 771}, {""count"": 6, ""item_id"": 724}]","[[null, ""460"", null], [""410"", ""180"", ""310""]]",https://draquex.com/bougu/0-zenbu.php,https://draquex.com/bougu/a-128-5.php,,15,"2026-03-12 01:39:30","2026-07-23 15:19:02"
682,bougu_128_3_body_top,妖精郷の舞踏服上,"Faerie Realm Shirt",set_d972e660b1,妖精郷セット,tailoring_set,22,ピンク布,"[""さいだいHP+16"", ""さいだいMP+14"", ""会心率と呪文暴走率+2.0%"", ""行動時5%でチャージ時間-10秒"", ""呪文と特技の効果範囲+1m""]",,,,120,80,,,120,120,inherit,75,128,妖精郷の舞踏会,神都フォーリオンのレシピ屋,,体上,裁縫上,3,"[{""count"": 30, ""item_id"": 650}, {""count"": 6, ""item_id"": 656}, {""count"": 8, ""item_id"": 738}, {""count"": 6, ""item_id"": 861}, {""count"": 7, ""item_id"": 724}]","[[""120"", ""160"", ""110""], [""130"", ""90"", ""190""], [""100"", ""130"", ""90""]]",https://draquex.com/bougu/0-zenbu.php,https://draquex.com/bougu/b-128-5.php,,19,"2026-03-12 01:39:30","2026-07-23 15:19:02"
683,bougu_128_3_body_bottom,妖精郷の舞踏服下,"Faerie Realm Pants",set_d972e660b1,妖精郷セット,tailoring_set,22,虹布,"[""さいだいHP+16"", ""さいだいMP+14"", ""会心率と呪文暴走率+2.0%"", ""行動時5%でチャージ時間-10秒"", ""呪文と特技の効果範囲+1m""]",,,,88,55,,,,,inherit,75,128,妖精郷の舞踏会,神都フォーリオンのレシピ屋,,体下,裁縫下,2,"[{""count"": 22, ""item_id"": 650}, {""count"": 6, ""item_id"": 703}, {""count"": 4, ""item_id"": 738}, {""count"": 4, ""item_id"": 658}, {""count"": 6, ""item_id"": 724}]","[[""80"", ""270""], [""260"", ""100""], [""140"", ""290""]]",https://draquex.com/bougu/0-zenbu.php,https://draquex.com/bougu/c-128-5.php,,10,"2026-03-12 01:39:30","2026-07-23 15:19:02"
684,bougu_128_3_arm,妖精郷のうでわ,"Faerie Realm Braces",set_d972e660b1,妖精郷セット,tailoring_set,22,ピンク布,"[""さいだいHP+16"", ""さいだいMP+14"", ""会心率と呪文暴走率+2.0%"", ""行動時5%でチャージ時間-10秒"", ""呪文と特技の効果範囲+1m""]",,,,25,46,,117,,,inherit,75,128,妖精郷の舞踏会,神都フォーリオンのレシピ屋,,腕,裁縫腕,3,"[{""count"": 16, ""item_id"": 650}, {""count"": 6, ""item_id"": 656}, {""count"": 6, ""item_id"": 557}, {""count"": 8, ""item_id"": 639}, {""count"": 5, ""item_id"": 724}]","[[""220"", ""90"", ""190""], [""380"", ""130"", ""290""]]",https://draquex.com/bougu/0-zenbu.php,https://draquex.com/bougu/d-128-5.php,,8,"2026-03-12 01:39:30","2026-07-23 15:19:02"
685,bougu_128_3_foot,妖精郷のブーツ,"Faerie Realm Boots",set_d972e660b1,妖精郷セット,tailoring_set,22,ピンク布,"[""さいだいHP+16"", ""さいだいMP+14"", ""会心率と呪文暴走率+2.0%"", ""行動時5%でチャージ時間-10秒"", ""呪文と特技の効果範囲+1m""]",,,,26,47,134,,,,inherit,75,128,妖精郷の舞踏会,神都フォーリオンのレシピ屋,,足,裁縫足,2,"[{""count"": 16, ""item_id"": 650}, {""count"": 8, ""item_id"": 703}, {""count"": 12, ""item_id"": 798}, {""count"": 30, ""item_id"": 839}, {""count"": 5, ""item_id"": 724}]","[[""510"", ""140""], [""210"", ""490""]]",https://draquex.com/bougu/0-zenbu.php,https://draquex.com/bougu/e-128-5.php,,9,"2026-03-12 01:39:30","2026-07-23 15:19:02"
686,bougu_128_4_head,迅雷の額当て,"Thunderclap Visor",set_61b48d3b74,迅雷セット,armor_set,23,,"[""さいだいHP+19"", ""こうげき力+12"", ""行動時10%でバイキルト"", ""会心率と呪文暴走率+2.0%"", ""会心と暴走時魔物にダメージ+100""]",,,,100,29,,,,,inherit,75,128,服飾迅雷の書,神都フォーリオンのレシピ屋,,頭,鎧頭,2,"[{""count"": 24, ""item_id"": 705}, {""count"": 5, ""item_id"": 753}, {""count"": 20, ""item_id"": 647}, {""count"": 1, ""item_id"": 571}, {""count"": 6, ""item_id"": 729}]","[[""280-288"", ""370-379""], [""340-349"", ""220-228""]]",https://draquex.com/bougu/0-zenbu.php,https://draquex.com/bougu/a-128-3.php,,14,"2026-03-12 01:39:33","2026-07-23 15:19:02"
687,bougu_128_4_body_top,迅雷のスーツ上,"Thunderclap Suit",set_61b48d3b74,迅雷セット,armor_set,23,,"[""さいだいHP+19"", ""こうげき力+12"", ""行動時10%でバイキルト"", ""会心率と呪文暴走率+2.0%"", ""会心と暴走時魔物にダメージ+100""]",,,,118,33,,,,,inherit,75,128,服飾迅雷の書,神都フォーリオンのレシピ屋,,体上,鎧上,2,"[{""count"": 24, ""item_id"": 705}, {""count"": 4, ""item_id"": 695}, {""count"": 10, ""item_id"": 759}, {""count"": 20, ""item_id"": 819}, {""count"": 7, ""item_id"": 729}]","[[""210-219"", ""280-289""], [""255-264"", ""130-138""], [""160-168"", ""200-209""]]",https://draquex.com/bougu/0-zenbu.php,https://draquex.com/bougu/b-128-3.php,,20,"2026-03-12 01:39:33","2026-07-23 15:19:02"
688,bougu_128_4_body_bottom,迅雷のスーツ下,"Thunderclap Pants",set_61b48d3b74,迅雷セット,armor_set,23,,"[""さいだいHP+19"", ""こうげき力+12"", ""行動時10%でバイキルト"", ""会心率と呪文暴走率+2.0%"", ""会心と暴走時魔物にダメージ+100""]",,,,76,25,,,,,inherit,75,128,服飾迅雷の書,神都フォーリオンのレシピ屋,,体下,鎧下,2,"[{""count"": 22, ""item_id"": 705}, {""count"": 6, ""item_id"": 695}, {""count"": 8, ""item_id"": 730}, {""count"": 8, ""item_id"": 811}, {""count"": 6, ""item_id"": 729}]","[[""90-98"", ""100-108""], [""135-144"", ""205-215""], [""160-169"", ""125-133""], [""110-118"", ""90-98""]]",https://draquex.com/bougu/0-zenbu.php,https://draquex.com/bougu/c-128-3.php,,11,"2026-03-12 01:39:33","2026-07-23 15:19:02"
689,bougu_128_4_arm,迅雷の手甲,"Thunderclap Handguards",set_61b48d3b74,迅雷セット,armor_set,23,,"[""さいだいHP+19"", ""こうげき力+12"", ""行動時10%でバイキルト"", ""会心率と呪文暴走率+2.0%"", ""会心と暴走時魔物にダメージ+100""]",,,,27,17,,110,,,inherit,75,128,服飾迅雷の書,神都フォーリオンのレシピ屋,,腕,鎧腕,1,"[{""count"": 16, ""item_id"": 705}, {""count"": 6, ""item_id"": 862}, {""count"": 10, ""item_id"": 759}, {""count"": 24, ""item_id"": 591}, {""count"": 5, ""item_id"": 729}]","[[""460-469""], [""240-249""], [""415-424""]]",https://draquex.com/bougu/0-zenbu.php,https://draquex.com/bougu/d-128-3.php,,9,"2026-03-12 01:39:33","2026-07-23 15:19:02"
690,bougu_128_4_foot,迅雷のブーツ,"Thunderclap Boots",set_61b48d3b74,迅雷セット,armor_set,23,,"[""さいだいHP+19"", ""こうげき力+12"", ""行動時10%でバイキルト"", ""会心率と呪文暴走率+2.0%"", ""会心と暴走時魔物にダメージ+100""]",,,,27,17,110,,,,inherit,75,128,服飾迅雷の書,神都フォーリオンのレシピ屋,,足,鎧足,2,"[{""count"": 16, ""item_id"": 705}, {""count"": 4, ""item_id"": 765}, {""count"": 4, ""item_id"": 856}, {""count"": 4, ""item_id"": 771}, {""count"": 5, ""item_id"": 729}]","[["""", ""295-304""], ["""", ""170-178""], [""201-210"", ""330-340""]]",https://draquex.com/bougu/0-zenbu.php,https://draquex.com/bougu/e-128-3.php,,9,"2026-03-12 01:39:33","2026-07-23 15:19:02"
691,bougu_128_5_head,烈風のキャップ,"Gale Cap",set_992635a4ac,烈風セット,tailoring_set,21,再生布,"[""さいだいHP+17"", ""きようさ+90"", ""行動時20%でバイシオン"", ""状態異常系の成功率+10%"", ""必殺チャージ率+1%""]",,,,105,52,,,80,80,inherit,75,128,烈風吹きすさぶ,神都フォーリオンのレシピ屋,,頭,裁縫頭,3,"[{""count"": 24, ""item_id"": 650}, {""count"": 3, ""item_id"": 692}, {""count"": 5, ""item_id"": 711}, {""count"": 3, ""item_id"": 658}, {""count"": 6, ""item_id"": 724}]","[[null, ""420"", null], [""290"", ""140"", ""320""]]",https://draquex.com/bougu/0-zenbu.php,https://draquex.com/bougu/a-128-4.php,,19,"2026-03-12 01:41:03","2026-07-23 15:19:02"
692,bougu_128_5_body_top,烈風のころも上,"Gale Garments",set_992635a4ac,烈風セット,tailoring_set,21,再生布,"[""さいだいHP+17"", ""きようさ+90"", ""行動時20%でバイシオン"", ""状態異常系の成功率+10%"", ""必殺チャージ率+1%""]",,,,129,69,,,95,95,inherit,75,128,烈風吹きすさぶ,神都フォーリオンのレシピ屋,,体上,裁縫上,3,"[{""count"": 30, ""item_id"": 650}, {""count"": 5, ""item_id"": 757}, {""count"": 5, ""item_id"": 648}, {""count"": 8, ""item_id"": 782}, {""count"": 7, ""item_id"": 724}]","[[""100"", ""150"", ""100""], [""140"", ""120"", ""90""], [""170"", ""90"", ""150""]]",https://draquex.com/bougu/0-zenbu.php,https://draquex.com/bougu/b-128-4.php,,22,"2026-03-12 01:41:03","2026-07-23 15:19:02"
693,bougu_128_5_body_bottom,烈風のころも下,"Gale Slacks",set_992635a4ac,烈風セット,tailoring_set,21,再生布,"[""さいだいHP+17"", ""きようさ+90"", ""行動時20%でバイシオン"", ""状態異常系の成功率+10%"", ""必殺チャージ率+1%""]",,,,81,30,,,,,inherit,75,128,烈風吹きすさぶ,神都フォーリオンのレシピ屋,,体下,裁縫下,2,"[{""count"": 22, ""item_id"": 650}, {""count"": 6, ""item_id"": 752}, {""count"": 8, ""item_id"": 745}, {""count"": 8, ""item_id"": 552}, {""count"": 6, ""item_id"": 724}]","[[""180"", ""200""], [""270"", ""110""], [""90"", ""240""]]",https://draquex.com/bougu/0-zenbu.php,https://draquex.com/bougu/c-128-4.php,,13,"2026-03-12 01:41:03","2026-07-23 15:19:02"
694,bougu_128_5_arm,烈風のグローブ,"Gale Gloves",set_992635a4ac,烈風セット,tailoring_set,21,再生布,"[""さいだいHP+17"", ""きようさ+90"", ""行動時20%でバイシオン"", ""状態異常系の成功率+10%"", ""必殺チャージ率+1%""]",,,,29,31,,126,,,inherit,75,128,烈風吹きすさぶ,神都フォーリオンのレシピ屋,,腕,裁縫腕,3,"[{""count"": 16, ""item_id"": 650}, {""count"": 6, ""item_id"": 668}, {""count"": 8, ""item_id"": 711}, {""count"": 1, ""item_id"": 573}, {""count"": 5, ""item_id"": 724}]","[[""210"", ""120"", ""320""], [""290"", ""90"", ""140""]]",https://draquex.com/bougu/0-zenbu.php,https://draquex.com/bougu/d-128-4.php,,9,"2026-03-12 01:41:03","2026-07-23 15:19:02"
695,bougu_128_5_foot,烈風のブーツ,"Gale Boots",set_992635a4ac,烈風セット,tailoring_set,21,再生布,"[""さいだいHP+17"", ""きようさ+90"", ""行動時20%でバイシオン"", ""状態異常系の成功率+10%"", ""必殺チャージ率+1%""]",,,,29,31,126,,,,inherit,75,128,烈風吹きすさぶ,神都フォーリオンのレシピ屋,,足,裁縫足,2,"[{""count"": 16, ""item_id"": 650}, {""count"": 1, ""item_id"": 572}, {""count"": 6, ""item_id"": 730}, {""count"": 4, ""item_id"": 771}, {""count"": 5, ""item_id"": 724}]","[[""200"", ""380""], [""110"", ""450""]]",https://draquex.com/bougu/0-zenbu.php,https://draquex.com/bougu/e-128-4.php,,9,"2026-03-12 01:41:03","2026-07-23 15:19:02"
696,bougu_125_1_head,陰陽博士のぼうし,"Yin-Yang Hat",set_93dd3fb1ea,陰陽博士セット,tailoring_set,19,再生布,"[""さいだいHP+10"", ""さいだいMP+18"", ""炎・土・闇の攻撃ダメージ+5%"", ""2.0%でターン消費なし(試合無効)"", ""会心率と呪文暴走率+1.0%""]",,,,69,30,,,110,110,inherit,75,125,陰陽博士の虎の巻,神都フォーリオンのレシピ屋,,頭,裁縫頭,3,"[{""count"": 24, ""item_id"": 650}, {""count"": 5, ""item_id"": 692}, {""count"": 5, ""item_id"": 798}, {""count"": 10, ""item_id"": 861}, {""count"": 6, ""item_id"": 724}]","[[null, ""300"", null], [""200"", ""260"", ""340""]]",https://draquex.com/bougu/0-zenbu.php,https://draquex.com/bougu/a-125-2.php,,9,"2026-03-12 01:41:06","2026-07-23 15:19:02"
697,bougu_125_1_body_top,陰陽博士のころも上,"Yin-Yang Robe",set_93dd3fb1ea,陰陽博士セット,tailoring_set,19,虹布,"[""さいだいHP+10"", ""さいだいMP+18"", ""炎・土・闇の攻撃ダメージ+5%"", ""2.0%でターン消費なし(試合無効)"", ""会心率と呪文暴走率+1.0%""]",,,,93,31,,,135,135,inherit,75,125,陰陽博士の虎の巻,神都フォーリオンのレシピ屋,,体上,裁縫上,3,"[{""count"": 30, ""item_id"": 650}, {""count"": 3, ""item_id"": 738}, {""count"": 16, ""item_id"": 611}, {""count"": 8, ""item_id"": 711}, {""count"": 7, ""item_id"": 724}]","[[""150"", ""180"", ""150""], [""90"", ""150"", ""90""], [""130"", ""100"", ""110""]]",https://draquex.com/bougu/0-zenbu.php,https://draquex.com/bougu/b-125-2.php,,12,"2026-03-12 01:41:06","2026-07-23 15:19:02"
698,bougu_125_1_body_bottom,陰陽博士のころも下,"Yin-Yang Skirt",set_93dd3fb1ea,陰陽博士セット,tailoring_set,19,再生布,"[""さいだいHP+10"", ""さいだいMP+18"", ""炎・土・闇の攻撃ダメージ+5%"", ""2.0%でターン消費なし(試合無効)"", ""会心率と呪文暴走率+1.0%""]",,,,56,29,,,,,inherit,75,125,陰陽博士の虎の巻,神都フォーリオンのレシピ屋,,体下,裁縫下,2,"[{""count"": 22, ""item_id"": 650}, {""count"": 4, ""item_id"": 786}, {""count"": 12, ""item_id"": 611}, {""count"": 10, ""item_id"": 861}, {""count"": 6, ""item_id"": 724}]","[[""220"", ""240""], [""140"", ""170""], [""160"", ""130""]]",https://draquex.com/bougu/0-zenbu.php,https://draquex.com/bougu/c-125-2.php,,7,"2026-03-12 01:41:06","2026-07-23 15:19:02"
699,bougu_125_1_arm,陰陽博士のてぶくろ,"Yin-Yang Gloves",set_93dd3fb1ea,陰陽博士セット,tailoring_set,19,再生布,"[""さいだいHP+10"", ""さいだいMP+18"", ""炎・土・闇の攻撃ダメージ+5%"", ""2.0%でターン消費なし(試合無効)"", ""会心率と呪文暴走率+1.0%""]",,,,35,17,,110,,,inherit,75,125,陰陽博士の虎の巻,神都フォーリオンのレシピ屋,,腕,裁縫腕,3,"[{""count"": 16, ""item_id"": 650}, {""count"": 6, ""item_id"": 738}, {""count"": 8, ""item_id"": 564}, {""count"": 20, ""item_id"": 735}, {""count"": 5, ""item_id"": 724}]","[[""170"", ""160"", ""270""], [""120"", ""290"", ""130""]]",https://draquex.com/bougu/0-zenbu.php,https://draquex.com/bougu/d-125-2.php,,5,"2026-03-12 01:41:06","2026-07-23 15:19:02"
700,bougu_125_1_foot,陰陽博士のくつ,"Yin-Yang Shoes",set_93dd3fb1ea,陰陽博士セット,tailoring_set,19,虹布,"[""さいだいHP+10"", ""さいだいMP+18"", ""炎・土・闇の攻撃ダメージ+5%"", ""2.0%でターン消費なし(試合無効)"", ""会心率と呪文暴走率+1.0%""]",,,,35,17,110,,,,inherit,75,125,陰陽博士の虎の巻,神都フォーリオンのレシピ屋,,足,裁縫足,2,"[{""count"": 16, ""item_id"": 650}, {""count"": 6, ""item_id"": 738}, {""count"": 12, ""item_id"": 647}, {""count"": 20, ""item_id"": 818}, {""count"": 5, ""item_id"": 724}]","[[""120"", ""450""], [""390"", ""170""]]",https://draquex.com/bougu/0-zenbu.php,https://draquex.com/bougu/e-125-2.php,,5,"2026-03-12 01:41:06","2026-07-23 15:19:02"
701,bougu_125_2_head,黒夜叉のかぶと,"Black Bane Helmet",set_a5f838ac2a,黒夜叉セット,armor_set,18,,"[""さいだいHP+26"", ""行動時5%でバイシオンとスカラ"", ""瀕死時20%こうげき力+60(試合無効)"", ""攻撃力上昇時特技ダメ+20(試合無効)""]",,,,118,37,,,24,24,inherit,75,125,黒夜叉の伝説,神都フォーリオンのレシピ屋,,頭,鎧頭,2,"[{""count"": 24, ""item_id"": 705}, {""count"": 5, ""item_id"": 786}, {""count"": 8, ""item_id"": 644}, {""count"": 30, ""item_id"": 683}, {""count"": 6, ""item_id"": 729}]","[[""290-298"", ""265-273""], [""300-309"", ""335-345""]]",https://draquex.com/bougu/0-zenbu.php,https://draquex.com/bougu/a-125-1.php,,44,"2026-03-12 01:41:08","2026-07-23 15:19:02"
702,bougu_125_2_body_top,黒夜叉のよろい上,"Black Bane Armor",set_a5f838ac2a,黒夜叉セット,armor_set,18,,"[""さいだいHP+26"", ""行動時5%でバイシオンとスカラ"", ""瀕死時20%こうげき力+60(試合無効)"", ""攻撃力上昇時特技ダメ+20(試合無効)""]",,,,143,47,,,24,24,inherit,75,125,黒夜叉の伝説,神都フォーリオンのレシピ屋,,体上,鎧上,2,"[{""count"": 30, ""item_id"": 705}, {""count"": 5, ""item_id"": 692}, {""count"": 5, ""item_id"": 787}, {""count"": 30, ""item_id"": 838}, {""count"": 7, ""item_id"": 729}]","[[""160-168"", ""190-198""], [""190-198"", ""200-208""], [""270-280"", ""250-260""]]",https://draquex.com/bougu/0-zenbu.php,https://draquex.com/bougu/b-125-1.php,,72,"2026-03-12 01:41:08","2026-07-23 15:19:02"
703,bougu_125_2_body_bottom,黒夜叉のよろい下,"Black Bane Legs",set_a5f838ac2a,黒夜叉セット,armor_set,18,,"[""さいだいHP+26"", ""行動時5%でバイシオンとスカラ"", ""瀕死時20%こうげき力+60(試合無効)"", ""攻撃力上昇時特技ダメ+20(試合無効)""]",,,,90,27,,,,,inherit,75,125,黒夜叉の伝説,神都フォーリオンのレシピ屋,,体下,鎧下,2,"[{""count"": 22, ""item_id"": 705}, {""count"": 5, ""item_id"": 692}, {""count"": 5, ""item_id"": 564}, {""count"": 30, ""item_id"": 536}, {""count"": 6, ""item_id"": 729}]","[[""130-138"", ""135-144""], [""100-108"", ""95-103""], [""210-219"", ""150-159""], [""140-148"", ""115-124""]]",https://draquex.com/bougu/0-zenbu.php,https://draquex.com/bougu/c-125-1.php,,42,"2026-03-12 01:41:08","2026-07-23 15:19:02"
704,bougu_125_2_arm,黒夜叉のこて,"Black Bane Gloves",set_a5f838ac2a,黒夜叉セット,armor_set,18,,"[""さいだいHP+26"", ""行動時5%でバイシオンとスカラ"", ""瀕死時20%こうげき力+60(試合無効)"", ""攻撃力上昇時特技ダメ+20(試合無効)""]",,,,63,15,,68,,,inherit,75,125,黒夜叉の伝説,神都フォーリオンのレシピ屋,,腕,鎧腕,1,"[{""count"": 16, ""item_id"": 705}, {""count"": 6, ""item_id"": 607}, {""count"": 10, ""item_id"": 564}, {""count"": 20, ""item_id"": 868}, {""count"": 5, ""item_id"": 729}]","[[""360-369""], [""415-425""], [""310-318""]]",https://draquex.com/bougu/0-zenbu.php,https://draquex.com/bougu/d-125-1.php,,34,"2026-03-12 01:41:08","2026-07-23 15:19:02"
705,bougu_125_2_foot,黒夜叉の脚甲,"Black Bane Greaves",set_a5f838ac2a,黒夜叉セット,armor_set,18,,"[""さいだいHP+26"", ""行動時5%でバイシオンとスカラ"", ""瀕死時20%こうげき力+60(試合無効)"", ""攻撃力上昇時特技ダメ+20(試合無効)""]",,,,63,15,68,,,,inherit,75,125,黒夜叉の伝説,神都フォーリオンのレシピ屋,,足,鎧足,2,"[{""count"": 16, ""item_id"": 705}, {""count"": 6, ""item_id"": 759}, {""count"": 10, ""item_id"": 649}, {""count"": 30, ""item_id"": 868}, {""count"": 5, ""item_id"": 729}]","[[null, ""320-330""], [null, ""200-208""], [""430-440"", ""270-278""]]",https://draquex.com/bougu/0-zenbu.php,https://draquex.com/bougu/e-125-1.php,,37,"2026-03-12 01:41:08","2026-07-23 15:19:02"
706,bougu_125_3_head,瑞雲の髪飾り,"Cloudy Hairpin",set_ff1373d7d1,瑞雲セット,tailoring_set,22,虹布,"[""さいだいHP+15"", ""さいだいMP+13"", ""コマンド間隔-0.5秒"", ""状態異常系の成功率+10%"", ""攻撃呪文ダメージ10%減""]",,,,88,63,,,62,62,inherit,75,125,たゆたう瑞雲の詩,神都フォーリオンのレシピ屋,,頭,裁縫頭,3,"[{""count"": 24, ""item_id"": 650}, {""count"": 5, ""item_id"": 757}, {""count"": 12, ""item_id"": 832}, {""count"": 5, ""item_id"": 658}, {""count"": 6, ""item_id"": 724}]","[[null, ""420"", null], [""480"", ""270"", ""140""]]",https://draquex.com/bougu/0-zenbu.php,https://draquex.com/bougu/a-125-5.php,,15,"2026-03-12 01:41:10","2026-07-23 15:19:02"
707,bougu_125_3_body_top,瑞雲の道服上,"Cloudy Upper Robe",set_ff1373d7d1,瑞雲セット,tailoring_set,22,虹布,"[""さいだいHP+15"", ""さいだいMP+13"", ""コマンド間隔-0.5秒"", ""状態異常系の成功率+10%"", ""攻撃呪文ダメージ10%減""]",,,,116,79,,,116,116,inherit,75,125,たゆたう瑞雲の詩,神都フォーリオンのレシピ屋,,体上,裁縫上,3,"[{""count"": 30, ""item_id"": 650}, {""count"": 6, ""item_id"": 708}, {""count"": 16, ""item_id"": 798}, {""count"": 4, ""item_id"": 658}, {""count"": 7, ""item_id"": 724}]","[[""230"", ""160"", ""220""], [""110"", ""100"", ""120""], [""90"", ""140"", ""90""]]",https://draquex.com/bougu/0-zenbu.php,https://draquex.com/bougu/b-125-5.php,,19,"2026-03-12 01:41:10","2026-07-23 15:19:02"
708,bougu_125_3_body_bottom,瑞雲の道服下,"Cloudy Lower Robe",set_ff1373d7d1,瑞雲セット,tailoring_set,22,虹布,"[""さいだいHP+15"", ""さいだいMP+13"", ""コマンド間隔-0.5秒"", ""状態異常系の成功率+10%"", ""攻撃呪文ダメージ10%減""]",,,,84,54,,,,,inherit,75,125,たゆたう瑞雲の詩,神都フォーリオンのレシピ屋,,体下,裁縫下,2,"[{""count"": 22, ""item_id"": 650}, {""count"": 5, ""item_id"": 708}, {""count"": 12, ""item_id"": 762}, {""count"": 5, ""item_id"": 658}, {""count"": 6, ""item_id"": 724}]","[[""290"", ""250""], [""140"", ""210""], [""190"", ""120""]]",https://draquex.com/bougu/0-zenbu.php,https://draquex.com/bougu/c-125-5.php,,10,"2026-03-12 01:41:10","2026-07-23 15:19:02"
709,bougu_125_3_arm,瑞雲のこて,"Cloudy Gloves",set_ff1373d7d1,瑞雲セット,tailoring_set,22,ピンク布,"[""さいだいHP+15"", ""さいだいMP+13"", ""コマンド間隔-0.5秒"", ""状態異常系の成功率+10%"", ""攻撃呪文ダメージ10%減""]",,,,23,45,,112,,,inherit,75,125,たゆたう瑞雲の詩,神都フォーリオンのレシピ屋,,腕,裁縫腕,3,"[{""count"": 16, ""item_id"": 650}, {""count"": 6, ""item_id"": 695}, {""count"": 10, ""item_id"": 787}, {""count"": 10, ""item_id"": 791}, {""count"": 5, ""item_id"": 724}]","[[""270"", ""380"", ""240""], [""150"", ""120"", ""180""]]",https://draquex.com/bougu/0-zenbu.php,https://draquex.com/bougu/d-125-5.php,,8,"2026-03-12 01:41:10","2026-07-23 15:19:02"
710,bougu_125_3_foot,瑞雲の深沓,"Cloudy Boots",set_ff1373d7d1,瑞雲セット,tailoring_set,22,ピンク布,"[""さいだいHP+15"", ""さいだいMP+13"", ""コマンド間隔-0.5秒"", ""状態異常系の成功率+10%"", ""攻撃呪文ダメージ10%減""]",,,,24,46,129,,,,inherit,75,125,たゆたう瑞雲の詩,神都フォーリオンのレシピ屋,,足,裁縫足,2,"[{""count"": 16, ""item_id"": 650}, {""count"": 6, ""item_id"": 695}, {""count"": 8, ""item_id"": 745}, {""count"": 20, ""item_id"": 647}, {""count"": 5, ""item_id"": 724}]","[[""350"", ""420""], [""120"", ""260""]]",https://draquex.com/bougu/0-zenbu.php,https://draquex.com/bougu/e-125-5.php,,9,"2026-03-12 01:41:10","2026-07-23 15:19:02"
711,bougu_125_4_head,一角鬼の額当て,"Demonhorn Headband",set_3babe708c3,一角鬼セット,armor_set,23,,"[""さいだいHP+18"", ""こうげき力+11"", ""必殺チャージ率+1%"", ""必殺チャージ時チャージ時間-10秒"", ""行動時7%でバイシオンとピオラ""]",,,,95,28,,,,,inherit,75,125,一本角のあやかし,神都フォーリオンのレシピ屋,,頭,鎧頭,2,"[{""count"": 24, ""item_id"": 705}, {""count"": 5, ""item_id"": 753}, {""count"": 20, ""item_id"": 647}, {""count"": 1, ""item_id"": 571}, {""count"": 6, ""item_id"": 729}]","[[""225-233"", ""245-253""], [""290-299"", ""325-334""]]",https://draquex.com/bougu/0-zenbu.php,https://draquex.com/bougu/a-125-3.php,,14,"2026-03-12 01:41:12","2026-07-23 15:19:02"
712,bougu_125_4_body_top,一角鬼の闘着上,"Demonhorn Vestments",set_3babe708c3,一角鬼セット,armor_set,23,,"[""さいだいHP+18"", ""こうげき力+11"", ""必殺チャージ率+1%"", ""必殺チャージ時チャージ時間-10秒"", ""行動時7%でバイシオンとピオラ""]",,,,113,32,,,,,inherit,75,125,一本角のあやかし,神都フォーリオンのレシピ屋,,体上,鎧上,2,"[{""count"": 30, ""item_id"": 705}, {""count"": 3, ""item_id"": 599}, {""count"": 10, ""item_id"": 834}, {""count"": 1, ""item_id"": 584}, {""count"": 7, ""item_id"": 729}]","[[""130-138"", ""160-168""], [""185-194"", ""170-179""], [""220-229"", ""190-199""]]",https://draquex.com/bougu/0-zenbu.php,https://draquex.com/bougu/b-125-3.php,,20,"2026-03-12 01:41:12","2026-07-23 15:19:02"
713,bougu_125_4_body_bottom,一角鬼の闘着下,"Demonhorn Pants",set_3babe708c3,一角鬼セット,armor_set,23,,"[""さいだいHP+18"", ""こうげき力+11"", ""必殺チャージ率+1%"", ""必殺チャージ時チャージ時間-10秒"", ""行動時7%でバイシオンとピオラ""]",,,,72,24,,,,,inherit,75,125,一本角のあやかし,神都フォーリオンのレシピ屋,,体下,鎧下,2,"[{""count"": 22, ""item_id"": 705}, {""count"": 5, ""item_id"": 543}, {""count"": 12, ""item_id"": 647}, {""count"": 1, ""item_id"": 585}, {""count"": 6, ""item_id"": 729}]","[[""110-118"", ""120-128""], [""200-210"", ""220-230""], [""170-178"", ""140-148""], [""120-128"", ""100-108""]]",https://draquex.com/bougu/0-zenbu.php,https://draquex.com/bougu/c-125-3.php,,11,"2026-03-12 01:41:12","2026-07-23 15:19:02"
714,bougu_125_4_arm,一角鬼の手甲,"Demonhorn Gloves",set_3babe708c3,一角鬼セット,armor_set,23,,"[""さいだいHP+18"", ""こうげき力+11"", ""必殺チャージ率+1%"", ""必殺チャージ時チャージ時間-10秒"", ""行動時7%でバイシオンとピオラ""]",,,,25,17,,106,,,inherit,75,125,一本角のあやかし,神都フォーリオンのレシピ屋,,腕,鎧腕,1,"[{""count"": 16, ""item_id"": 705}, {""count"": 6, ""item_id"": 752}, {""count"": 16, ""item_id"": 856}, {""count"": 1, ""item_id"": 573}, {""count"": 5, ""item_id"": 729}]","[[""340-349""], [""290-299""], [""410-419""]]",https://draquex.com/bougu/0-zenbu.php,https://draquex.com/bougu/d-125-3.php,,9,"2026-03-12 01:41:12","2026-07-23 15:19:02"
715,bougu_125_4_foot,一角鬼の脚半,"Demonhorn Gaiters",set_3babe708c3,一角鬼セット,armor_set,23,,"[""さいだいHP+18"", ""こうげき力+11"", ""必殺チャージ率+1%"", ""必殺チャージ時チャージ時間-10秒"", ""行動時7%でバイシオンとピオラ""]",,,,25,17,106,,,,inherit,75,125,一本角のあやかし,神都フォーリオンのレシピ屋,,足,鎧足,2,"[{""count"": 16, ""item_id"": 705}, {""count"": 10, ""item_id"": 616}, {""count"": 16, ""item_id"": 754}, {""count"": 1, ""item_id"": 572}, {""count"": 5, ""item_id"": 729}]","[["""", ""190-198""], ["""", ""300-310""], [""260-270"", ""230-238""]]",https://draquex.com/bougu/0-zenbu.php,https://draquex.com/bougu/e-125-3.php,,9,"2026-03-12 01:41:12","2026-07-23 15:19:02"
716,bougu_125_5_head,隠密のはちまき,"Covert Headband",set_b424623195,隠密セット,tailoring_set,21,ピンク布,"[""さいだいHP+16"", ""きようさ+85"", ""ブレス系ダメージ10%減"", ""攻撃呪文ダメージ7%減"", ""身かわし率+3.0%""]",,,,100,51,,,75,75,inherit,75,125,隠密秘伝帳,神都フォーリオンのレシピ屋,,頭,裁縫頭,3,"[{""count"": 24, ""item_id"": 650}, {""count"": 5, ""item_id"": 626}, {""count"": 5, ""item_id"": 668}, {""count"": 20, ""item_id"": 867}, {""count"": 6, ""item_id"": 724}]","[[null, ""220"", null], [""190"", ""510"", ""430""]]",https://draquex.com/bougu/0-zenbu.php,https://draquex.com/bougu/a-125-4.php,,19,"2026-03-12 01:41:15","2026-07-23 15:19:02"
717,bougu_125_5_body_top,隠密の装束上,"Covert Shirt",set_b424623195,隠密セット,tailoring_set,21,ピンク布,"[""さいだいHP+16"", ""きようさ+85"", ""ブレス系ダメージ10%減"", ""攻撃呪文ダメージ7%減"", ""身かわし率+3.0%""]",,,,124,68,,,90,90,inherit,75,125,隠密秘伝帳,神都フォーリオンのレシピ屋,,体上,裁縫上,3,"[{""count"": 30, ""item_id"": 650}, {""count"": 5, ""item_id"": 757}, {""count"": 8, ""item_id"": 647}, {""count"": 30, ""item_id"": 867}, {""count"": 7, ""item_id"": 724}]","[[""210"", ""100"", ""180""], [""110"", ""140"", ""130""], [""90"", ""120"", ""100""]]",https://draquex.com/bougu/0-zenbu.php,https://draquex.com/bougu/b-125-4.php,,22,"2026-03-12 01:41:15","2026-07-23 15:19:02"
718,bougu_125_5_body_bottom,隠密の装束下,"Covert Bottoms",set_b424623195,隠密セット,tailoring_set,21,ピンク布,"[""さいだいHP+16"", ""きようさ+85"", ""ブレス系ダメージ10%減"", ""攻撃呪文ダメージ7%減"", ""身かわし率+3.0%""]",,,,77,29,,,,,inherit,75,125,隠密秘伝帳,神都フォーリオンのレシピ屋,,体下,裁縫下,2,"[{""count"": 22, ""item_id"": 650}, {""count"": 5, ""item_id"": 730}, {""count"": 5, ""item_id"": 668}, {""count"": 30, ""item_id"": 717}, {""count"": 6, ""item_id"": 724}]","[[""280"", ""370""], [""90"", ""150""], [""170"", ""190""]]",https://draquex.com/bougu/0-zenbu.php,https://draquex.com/bougu/c-125-4.php,,13,"2026-03-12 01:41:15","2026-07-23 15:19:02"
719,bougu_125_5_arm,隠密の手甲,"Covert Gloves",set_b424623195,隠密セット,tailoring_set,21,再生布,"[""さいだいHP+16"", ""きようさ+85"", ""ブレス系ダメージ10%減"", ""攻撃呪文ダメージ7%減"", ""身かわし率+3.0%""]",,,,27,31,,120,,,inherit,75,125,隠密秘伝帳,神都フォーリオンのレシピ屋,,腕,裁縫腕,3,"[{""count"": 16, ""item_id"": 650}, {""count"": 6, ""item_id"": 730}, {""count"": 20, ""item_id"": 702}, {""count"": 16, ""item_id"": 791}, {""count"": 5, ""item_id"": 724}]","[[""160"", ""100"", ""190""], [""350"", ""120"", ""290""]]",https://draquex.com/bougu/0-zenbu.php,https://draquex.com/bougu/d-125-4.php,,9,"2026-03-12 01:41:15","2026-07-23 15:19:02"
720,bougu_125_5_foot,隠密の脚半,"Covert Gaiters",set_b424623195,隠密セット,tailoring_set,21,ピンク布,"[""さいだいHP+16"", ""きようさ+85"", ""ブレス系ダメージ10%減"", ""攻撃呪文ダメージ7%減"", ""身かわし率+3.0%""]",,,,27,31,120,,,,inherit,75,125,隠密秘伝帳,神都フォーリオンのレシピ屋,,足,裁縫足,2,"[{""count"": 16, ""item_id"": 650}, {""count"": 6, ""item_id"": 692}, {""count"": 10, ""item_id"": 753}, {""count"": 30, ""item_id"": 762}, {""count"": 5, ""item_id"": 724}]","[[""460"", ""250""], [""170"", ""420""]]",https://draquex.com/bougu/0-zenbu.php,https://draquex.com/bougu/e-125-4.php,,9,"2026-03-12 01:41:15","2026-07-23 15:19:02"
721,bougu_120_1_head,オスクトルクラウン,"Oscutor Crown",set_53e4d8d486,オスクトルクラウンセット,tailoring_set,19,再生布,"[""さいだいHP+10"", ""さいだいMP+17"", ""雷ダメージ20%減"", ""闇ダメージ20%減"", ""呪文発動速度+2%""]",,,,67,29,,,103,103,inherit,70,120,闇雷竜のまなざし,神都フォーリオンのレシピ屋,,頭,裁縫頭,3,"[{""count"": 24, ""item_id"": 701}, {""count"": 5, ""item_id"": 730}, {""count"": 5, ""item_id"": 687}, {""count"": 5, ""item_id"": 738}, {""count"": 6, ""item_id"": 724}]","[[null, ""330"", null], [""210"", ""330"", ""210""]]",https://draquex.com/bougu/0-zenbu.php,https://draquex.com/bougu/a-120-2.php,,9,"2026-03-12 01:41:17","2026-07-23 15:19:02"
722,bougu_120_1_body_top,オスクトルローブ上,"Oscutor Robe Top",set_53e4d8d486,オスクトルクラウンセット,tailoring_set,19,再生布,"[""さいだいHP+10"", ""さいだいMP+17"", ""雷ダメージ20%減"", ""闇ダメージ20%減"", ""呪文発動速度+2%""]",,,,91,30,,,128,128,inherit,70,120,闇雷竜のまなざし,神都フォーリオンのレシピ屋,,体上,裁縫上,3,"[{""count"": 30, ""item_id"": 701}, {""count"": 5, ""item_id"": 757}, {""count"": 5, ""item_id"": 752}, {""count"": 10, ""item_id"": 626}, {""count"": 7, ""item_id"": 724}]","[[""120"", ""80"", ""120""], [""70"", ""160"", ""70""], [""140"", ""140"", ""140""]]",https://draquex.com/bougu/0-zenbu.php,https://draquex.com/bougu/b-120-2.php,,12,"2026-03-12 01:41:17","2026-07-23 15:19:02"
723,bougu_120_1_body_bottom,オスクトルローブ下,"Oscutor Robe Bottom",set_53e4d8d486,オスクトルクラウンセット,tailoring_set,19,虹布,"[""さいだいHP+10"", ""さいだいMP+17"", ""雷ダメージ20%減"", ""闇ダメージ20%減"", ""呪文発動速度+2%""]",,,,54,28,,,,,inherit,70,120,闇雷竜のまなざし,神都フォーリオンのレシピ屋,,体下,裁縫下,2,"[{""count"": 22, ""item_id"": 701}, {""count"": 5, ""item_id"": 798}, {""count"": 5, ""item_id"": 862}, {""count"": 10, ""item_id"": 554}, {""count"": 6, ""item_id"": 724}]","[[""180"", ""120""], [""120"", ""180""], [""240"", ""240""]]",https://draquex.com/bougu/0-zenbu.php,https://draquex.com/bougu/c-120-2.php,,7,"2026-03-12 01:41:17","2026-07-23 15:19:02"
724,bougu_120_1_arm,オスクトルグローブ,"Oscutor Gloves",set_53e4d8d486,オスクトルクラウンセット,tailoring_set,19,虹布,"[""さいだいHP+10"", ""さいだいMP+17"", ""雷ダメージ20%減"", ""闇ダメージ20%減"", ""呪文発動速度+2%""]",,,,33,17,,106,,,inherit,70,120,闇雷竜のまなざし,神都フォーリオンのレシピ屋,,腕,裁縫腕,3,"[{""count"": 16, ""item_id"": 701}, {""count"": 5, ""item_id"": 695}, {""count"": 5, ""item_id"": 738}, {""count"": 30, ""item_id"": 866}, {""count"": 5, ""item_id"": 724}]","[[""140"", ""180"", ""70""], [""180"", ""70"", ""340""]]",https://draquex.com/bougu/0-zenbu.php,https://draquex.com/bougu/d-120-2.php,,5,"2026-03-12 01:41:17","2026-07-23 15:19:02"
725,bougu_120_1_foot,オスクトルブーツ,"Oscutor Boots",set_53e4d8d486,オスクトルクラウンセット,tailoring_set,19,虹布,"[""さいだいHP+10"", ""さいだいMP+17"", ""雷ダメージ20%減"", ""闇ダメージ20%減"", ""呪文発動速度+2%""]",,,,33,17,106,,,,inherit,70,120,闇雷竜のまなざし,神都フォーリオンのレシピ屋,,足,裁縫足,2,"[{""count"": 16, ""item_id"": 701}, {""count"": 5, ""item_id"": 687}, {""count"": 5, ""item_id"": 752}, {""count"": 1, ""item_id"": 572}, {""count"": 5, ""item_id"": 724}]","[[""370"", ""300""], [""190"", ""140""]]",https://draquex.com/bougu/0-zenbu.php,https://draquex.com/bougu/e-120-2.php,,5,"2026-03-12 01:41:17","2026-07-23 15:19:02"
726,bougu_120_2_head,魔衛隊士のかぶと,"Demon Guard Helmet",set_6f62171c3d,魔衛隊士セット,armor_set,18,,"[""さいだいHP+24"", ""必殺チャージ率+1%"", ""攻撃呪文ダメージ5％減"", ""受けた属性ダメージの10％HP回復(フォース無効・試合無効)""]",,,,112,36,,,22,22,inherit,70,120,魔衛隊士の心得,神都フォーリオンのレシピ屋,,頭,鎧頭,2,"[{""count"": 24, ""item_id"": 799}, {""count"": 5, ""item_id"": 730}, {""count"": 5, ""item_id"": 753}, {""count"": 10, ""item_id"": 531}, {""count"": 6, ""item_id"": 729}]","[[""235-243"", ""235-243""], [""300-309"", ""300-309""]]",https://draquex.com/bougu/0-zenbu.php,https://draquex.com/bougu/a-120-1.php,,43,"2026-03-12 01:41:20","2026-07-23 15:19:02"
727,bougu_120_2_body_top,魔衛隊士のよろい上,"Demon Guard Armor",set_6f62171c3d,魔衛隊士セット,armor_set,18,,"[""さいだいHP+24"", ""必殺チャージ率+1%"", ""攻撃呪文ダメージ5％減"", ""受けた属性ダメージの10％HP回復(フォース無効・試合無効)""]",,,,137,46,,,22,22,inherit,70,120,魔衛隊士の心得,神都フォーリオンのレシピ屋,,体上,鎧上,2,"[{""count"": 30, ""item_id"": 799}, {""count"": 5, ""item_id"": 644}, {""count"": 5, ""item_id"": 752}, {""count"": 1, ""item_id"": 584}, {""count"": 7, ""item_id"": 729}]","[[""250-260"", ""250-260""], [""185-193"", ""185-193""], [""140-148"", ""140-148""]]",https://draquex.com/bougu/0-zenbu.php,https://draquex.com/bougu/b-120-1.php,,71,"2026-03-12 01:41:20","2026-07-23 15:19:02"
728,bougu_120_2_body_bottom,魔衛隊士のよろい下,"Demon Guard Leggings",set_6f62171c3d,魔衛隊士セット,armor_set,18,,"[""さいだいHP+24"", ""必殺チャージ率+1%"", ""攻撃呪文ダメージ5％減"", ""受けた属性ダメージの10％HP回復(フォース無効・試合無効)""]",,,,84,26,,,,,inherit,70,120,魔衛隊士の心得,神都フォーリオンのレシピ屋,,体下,鎧下,2,"[{""count"": 22, ""item_id"": 799}, {""count"": 5, ""item_id"": 693}, {""count"": 20, ""item_id"": 591}, {""count"": 1, ""item_id"": 585}, {""count"": 6, ""item_id"": 729}]","[[""180-188"", ""140-148""], [""140-148"", ""180-188""], [""90-100"", ""90-100""], [""120-128"", ""120-128""]]",https://draquex.com/bougu/0-zenbu.php,https://draquex.com/bougu/c-120-1.php,,41,"2026-03-12 01:41:20","2026-07-23 15:19:02"
729,bougu_120_2_arm,魔衛隊士のこて,"Demon Guard Gauntlets",set_6f62171c3d,魔衛隊士セット,armor_set,18,,"[""さいだいHP+24"", ""必殺チャージ率+1%"", ""攻撃呪文ダメージ5％減"", ""受けた属性ダメージの10％HP回復(フォース無効・試合無効)""]",,,,59,15,,66,,,inherit,70,120,魔衛隊士の心得,神都フォーリオンのレシピ屋,,腕,鎧腕,1,"[{""count"": 16, ""item_id"": 799}, {""count"": 5, ""item_id"": 695}, {""count"": 5, ""item_id"": 759}, {""count"": 1, ""item_id"": 573}, {""count"": 5, ""item_id"": 729}]","[[""460-470""], [""370-378""], [""320-328""]]",https://draquex.com/bougu/0-zenbu.php,https://draquex.com/bougu/d-120-1.php,,33,"2026-03-12 01:41:20","2026-07-23 15:19:02"
730,bougu_120_2_foot,魔衛隊士のグリーブ,"Demon Guard Greaves",set_6f62171c3d,魔衛隊士セット,armor_set,18,,"[""さいだいHP+24"", ""必殺チャージ率+1%"", ""攻撃呪文ダメージ5％減"", ""受けた属性ダメージの10％HP回復(フォース無効・試合無効)""]",,,,59,15,66,,,,inherit,70,120,魔衛隊士の心得,神都フォーリオンのレシピ屋,,足,鎧足,2,"[{""count"": 16, ""item_id"": 799}, {""count"": 5, ""item_id"": 616}, {""count"": 5, ""item_id"": 754}, {""count"": 1, ""item_id"": 572}, {""count"": 5, ""item_id"": 729}]","[[null, ""340-350""], [null, ""190-198""], [""300-310"", ""190-198""]]",https://draquex.com/bougu/0-zenbu.php,https://draquex.com/bougu/e-120-1.php,,36,"2026-03-12 01:41:20","2026-07-23 15:19:02"
731,bougu_120_3_head,プロディトヘッド,"Plaudit Headdress",set_7bc7992061,プロディトヘッドセット,tailoring_set,22,虹布,"[""さいだいHP+14"", ""さいだいMP+12"", ""きようさ+60"", ""呪文と特技の回復+30%"", ""呪文と特技の効果範囲+1m""]",,,,84,62,,,58,58,inherit,70,120,喝采への渇望,神都フォーリオンのレシピ屋,,頭,裁縫頭,3,"[{""count"": 24, ""item_id"": 701}, {""count"": 5, ""item_id"": 607}, {""count"": 5, ""item_id"": 687}, {""count"": 10, ""item_id"": 696}, {""count"": 6, ""item_id"": 724}]","[[null, ""200"", null], [""285"", ""400"", ""285""]]",https://draquex.com/bougu/0-zenbu.php,https://draquex.com/bougu/a-120-5.php,,15,"2026-03-12 01:41:23","2026-07-23 15:19:02"
732,bougu_120_3_body_top,プロディトスーツ上,"Plaudit Suit",set_7bc7992061,プロディトヘッドセット,tailoring_set,22,虹布,"[""さいだいHP+14"", ""さいだいMP+12"", ""きようさ+60"", ""呪文と特技の回復+30%"", ""呪文と特技の効果範囲+1m""]",,,,112,78,,,112,112,inherit,70,120,喝采への渇望,神都フォーリオンのレシピ屋,,体上,裁縫上,3,"[{""count"": 30, ""item_id"": 701}, {""count"": 5, ""item_id"": 757}, {""count"": 5, ""item_id"": 786}, {""count"": 10, ""item_id"": 861}, {""count"": 7, ""item_id"": 724}]","[[""90"", ""70"", ""90""], [""160"", ""200"", ""160""], [""120"", ""100"", ""120""]]",https://draquex.com/bougu/0-zenbu.php,https://draquex.com/bougu/b-120-5.php,,19,"2026-03-12 01:41:23","2026-07-23 15:19:02"
733,bougu_120_3_body_bottom,プロディトスーツ下,"Plaudit Pants",set_7bc7992061,プロディトヘッドセット,tailoring_set,22,ピンク布,"[""さいだいHP+14"", ""さいだいMP+12"", ""きようさ+60"", ""呪文と特技の回復+30%"", ""呪文と特技の効果範囲+1m""]",,,,80,53,,,,,inherit,70,120,喝采への渇望,神都フォーリオンのレシピ屋,,体下,裁縫下,2,"[{""count"": 22, ""item_id"": 701}, {""count"": 5, ""item_id"": 862}, {""count"": 5, ""item_id"": 668}, {""count"": 30, ""item_id"": 609}, {""count"": 6, ""item_id"": 724}]","[[""90"", ""300""], [""270"", ""250""], [""120"", ""120""]]",https://draquex.com/bougu/0-zenbu.php,https://draquex.com/bougu/c-120-5.php,,10,"2026-03-12 01:41:23","2026-07-23 15:19:02"
734,bougu_120_3_arm,プロディトグローブ,"Plaudit Gloves",set_7bc7992061,プロディトヘッドセット,tailoring_set,22,ピンク布,"[""さいだいHP+14"", ""さいだいMP+12"", ""きようさ+60"", ""呪文と特技の回復+30%"", ""呪文と特技の効果範囲+1m""]",,,,21,44,,107,,,inherit,70,120,喝采への渇望,神都フォーリオンのレシピ屋,,腕,裁縫腕,3,"[{""count"": 16, ""item_id"": 701}, {""count"": 3, ""item_id"": 765}, {""count"": 5, ""item_id"": 603}, {""count"": 30, ""item_id"": 807}, {""count"": 5, ""item_id"": 724}]","[[""330"", ""330"", ""100""], [""100"", ""100"", ""200""]]",https://draquex.com/bougu/0-zenbu.php,https://draquex.com/bougu/d-120-5.php,,8,"2026-03-12 01:41:23","2026-07-23 15:19:02"
735,bougu_120_3_foot,プロディトシューズ,"Plaudit Shoes",set_7bc7992061,プロディトヘッドセット,tailoring_set,22,再生布,"[""さいだいHP+14"", ""さいだいMP+12"", ""きようさ+60"", ""呪文と特技の回復+30%"", ""呪文と特技の効果範囲+1m""]",,,,22,45,124,,,,inherit,70,120,喝采への渇望,神都フォーリオンのレシピ屋,,足,裁縫足,2,"[{""count"": 16, ""item_id"": 701}, {""count"": 5, ""item_id"": 693}, {""count"": 5, ""item_id"": 557}, {""count"": 30, ""item_id"": 866}, {""count"": 5, ""item_id"": 724}]","[[""130"", ""210""], [""360"", ""300""]]",https://draquex.com/bougu/0-zenbu.php,https://draquex.com/bougu/e-120-5.php,,9,"2026-03-12 01:41:23","2026-07-23 15:19:02"
736,bougu_120_4_head,イグナイトバンド,"Ignite Headband",set_b79aeee15d,イグナイトセット,armor_set,23,,"[""さいだいHP+17"", ""こうげき力+10"", ""特技のダメージ+15(試合無効)"", ""受けるダメージを5軽減する"", ""行動時5％でスカラ""]",,,,90,27,,,,,inherit,70,120,闘士に火をつけろ！,神都フォーリオンのレシピ屋,,頭,鎧頭,2,"[{""count"": 24, ""item_id"": 799}, {""count"": 5, ""item_id"": 564}, {""count"": 5, ""item_id"": 786}, {""count"": 20, ""item_id"": 818}, {""count"": 6, ""item_id"": 729}]","[[""330-338"", ""245-254""], [""330-338"", ""245-254""]]",https://draquex.com/bougu/0-zenbu.php,https://draquex.com/bougu/a-120-3.php,,14,"2026-03-12 01:41:29","2026-07-23 15:19:02"
737,bougu_120_4_body_top,イグナイトメイル上,"Ignite Mail Top",set_b79aeee15d,イグナイトセット,armor_set,23,,"[""さいだいHP+17"", ""こうげき力+10"", ""特技のダメージ+15(試合無効)"", ""受けるダメージを5軽減する"", ""行動時5％でスカラ""]",,,,108,31,,,,,inherit,70,120,闘士に火をつけろ！,神都フォーリオンのレシピ屋,,体上,鎧上,2,"[{""count"": 30, ""item_id"": 799}, {""count"": 5, ""item_id"": 616}, {""count"": 5, ""item_id"": 747}, {""count"": 30, ""item_id"": 819}, {""count"": 7, ""item_id"": 729}]","[[""250-258"", ""250-258""], [""200-210"", ""200-210""], [""150-158"", ""150-158""]]",https://draquex.com/bougu/0-zenbu.php,https://draquex.com/bougu/b-120-3.php,,20,"2026-03-12 01:41:29","2026-07-23 15:19:02"
738,bougu_120_4_body_bottom,イグナイトメイル下,"Ignite Mail Bottom",set_b79aeee15d,イグナイトセット,armor_set,23,,"[""さいだいHP+17"", ""こうげき力+10"", ""特技のダメージ+15(試合無効)"", ""受けるダメージを5軽減する"", ""行動時5％でスカラ""]",,,,68,23,,,,,inherit,70,120,闘士に火をつけろ！,神都フォーリオンのレシピ屋,,体下,鎧下,2,"[{""count"": 22, ""item_id"": 799}, {""count"": 5, ""item_id"": 564}, {""count"": 5, ""item_id"": 543}, {""count"": 30, ""item_id"": 881}, {""count"": 6, ""item_id"": 729}]","[[""220-228"", ""220-228""], [""110-118"", ""110-118""], [""160-169"", ""160-169""], [""110-119"", ""110-119""]]",https://draquex.com/bougu/0-zenbu.php,https://draquex.com/bougu/c-120-3.php,,11,"2026-03-12 01:41:29","2026-07-23 15:19:02"
739,bougu_120_4_arm,イグナイトグローブ,"Ignite Gloves",set_b79aeee15d,イグナイトセット,armor_set,23,,"[""さいだいHP+17"", ""こうげき力+10"", ""特技のダメージ+15(試合無効)"", ""受けるダメージを5軽減する"", ""行動時5％でスカラ""]",,,,23,17,,102,,,inherit,70,120,闘士に火をつけろ！,神都フォーリオンのレシピ屋,,腕,鎧腕,1,"[{""count"": 16, ""item_id"": 799}, {""count"": 5, ""item_id"": 730}, {""count"": 5, ""item_id"": 833}, {""count"": 30, ""item_id"": 823}, {""count"": 5, ""item_id"": 729}]","[[""330-339""], [""380-390""], [""280-288""]]",https://draquex.com/bougu/0-zenbu.php,https://draquex.com/bougu/d-120-3.php,,9,"2026-03-12 01:41:29","2026-07-23 15:19:02"
740,bougu_120_4_foot,イグナイトグリーブ,"Ignite Greaves",set_b79aeee15d,イグナイトセット,armor_set,23,,"[""さいだいHP+17"", ""こうげき力+10"", ""特技のダメージ+15(試合無効)"", ""受けるダメージを5軽減する"", ""行動時5％でスカラ""]",,,,23,17,102,,,,inherit,70,120,闘士に火をつけろ！,神都フォーリオンのレシピ屋,,足,鎧足,2,"[{""count"": 16, ""item_id"": 799}, {""count"": 5, ""item_id"": 616}, {""count"": 5, ""item_id"": 648}, {""count"": 20, ""item_id"": 591}, {""count"": 5, ""item_id"": 729}]","[["""", ""190-200""], ["""", ""280-288""], [""190-200"", ""280-288""]]",https://draquex.com/bougu/0-zenbu.php,https://draquex.com/bougu/e-120-3.php,,9,"2026-03-12 01:41:29","2026-07-23 15:19:02"
741,bougu_120_5_head,乱破の額当て,"Spy's Headband",set_e50cd8c71d,乱破セット,tailoring_set,21,ピンク布,"[""さいだいHP+15"", ""きようさ+80"", ""移動速度+3％"", ""必殺チャージ率+1%"", ""特技のダメージ+20(試合無効)""]",,,,95,50,,,70,70,inherit,70,120,乱破の秘伝書,神都フォーリオンのレシピ屋,,頭,裁縫頭,3,"[{""count"": 24, ""item_id"": 701}, {""count"": 3, ""item_id"": 786}, {""count"": 5, ""item_id"": 550}, {""count"": 1, ""item_id"": 571}, {""count"": 6, ""item_id"": 724}]","[[null, ""500"", null], [""200"", ""200"", ""370""]]",https://draquex.com/bougu/0-zenbu.php,https://draquex.com/bougu/a-120-4.php,,19,"2026-03-12 01:41:33","2026-07-23 15:19:02"
742,bougu_120_5_body_top,乱破の忍び装束上,"Spy's Ninja Top",set_e50cd8c71d,乱破セット,tailoring_set,21,ピンク布,"[""さいだいHP+15"", ""きようさ+80"", ""移動速度+3％"", ""必殺チャージ率+1%"", ""特技のダメージ+20(試合無効)""]",,,,119,67,,,85,85,inherit,70,120,乱破の秘伝書,神都フォーリオンのレシピ屋,,体上,裁縫上,3,"[{""count"": 30, ""item_id"": 701}, {""count"": 5, ""item_id"": 757}, {""count"": 5, ""item_id"": 611}, {""count"": 30, ""item_id"": 866}, {""count"": 7, ""item_id"": 724}]","[[""220"", ""80"", ""80""], [""100"", ""120"", ""120""], [""130"", ""130"", ""130""]]",https://draquex.com/bougu/0-zenbu.php,https://draquex.com/bougu/b-120-4.php,,22,"2026-03-12 01:41:33","2026-07-23 15:19:02"
743,bougu_120_5_body_bottom,乱破の忍び装束下,"Spy's Ninja Bottom",set_e50cd8c71d,乱破セット,tailoring_set,21,再生布,"[""さいだいHP+15"", ""きようさ+80"", ""移動速度+3％"", ""必殺チャージ率+1%"", ""特技のダメージ+20(試合無効)""]",,,,73,28,,,,,inherit,70,120,乱破の秘伝書,神都フォーリオンのレシピ屋,,体下,裁縫下,2,"[{""count"": 22, ""item_id"": 701}, {""count"": 5, ""item_id"": 862}, {""count"": 30, ""item_id"": 868}, {""count"": 30, ""item_id"": 678}, {""count"": 6, ""item_id"": 724}]","[[""170"", ""120""], [""120"", ""140""], [""220"", ""220""]]",https://draquex.com/bougu/0-zenbu.php,https://draquex.com/bougu/c-120-4.php,,13,"2026-03-12 01:41:33","2026-07-23 15:19:02"
744,bougu_120_5_arm,乱破の手甲,"Spy's Wrist Guards",set_e50cd8c71d,乱破セット,tailoring_set,21,再生布,"[""さいだいHP+15"", ""きようさ+80"", ""移動速度+3％"", ""必殺チャージ率+1%"", ""特技のダメージ+20(試合無効)""]",,,,25,31,,114,,,inherit,70,120,乱破の秘伝書,神都フォーリオンのレシピ屋,,腕,裁縫腕,3,"[{""count"": 16, ""item_id"": 701}, {""count"": 5, ""item_id"": 708}, {""count"": 5, ""item_id"": 668}, {""count"": 10, ""item_id"": 867}, {""count"": 5, ""item_id"": 724}]","[[""280"", ""100"", ""160""], [""100"", ""280"", ""160""]]",https://draquex.com/bougu/0-zenbu.php,https://draquex.com/bougu/d-120-4.php,,9,"2026-03-12 01:41:33","2026-07-23 15:19:02"
745,bougu_120_5_foot,乱破の脚半,"Spy's Gaiters",set_e50cd8c71d,乱破セット,tailoring_set,21,虹布,"[""さいだいHP+15"", ""きようさ+80"", ""移動速度+3％"", ""必殺チャージ率+1%"", ""特技のダメージ+20(試合無効)""]",,,,25,31,114,,,,inherit,70,120,乱破の秘伝書,神都フォーリオンのレシピ屋,,足,裁縫足,2,"[{""count"": 16, ""item_id"": 701}, {""count"": 5, ""item_id"": 883}, {""count"": 5, ""item_id"": 687}, {""count"": 5, ""item_id"": 833}, {""count"": 5, ""item_id"": 724}]","[[""150"", ""370""], [""370"", ""260""]]",https://draquex.com/bougu/0-zenbu.php,https://draquex.com/bougu/e-120-4.php,,9,"2026-03-12 01:41:33","2026-07-23 15:19:02"
746,bougu_118_1_head,ふしぎなぼうし,"Mad Cap",set_6727f4d1d7,ふしぎなボレロセット,tailoring_set,19,虹布,"[""さいだいHP+10"", ""さいだいMP+16"", ""戦闘中常時マホトラのころも"", ""すべての属性ダメージ+3.0%"", ""2.0%でターン消費なし(試合無効)""]",,,,65,28,,,98,98,inherit,70,118,魔力吸収布の製法,神都フォーリオンのレシピ屋,,頭,裁縫頭,3,"[{""count"": 24, ""item_id"": 701}, {""count"": 5, ""item_id"": 603}, {""count"": 5, ""item_id"": 649}, {""count"": 30, ""item_id"": 551}, {""count"": 6, ""item_id"": 724}]","[[null, ""430"", null], [""200"", ""300"", ""200""]]",https://draquex.com/bougu/0-zenbu.php,https://draquex.com/bougu/a-118-2.php,,9,"2026-03-12 01:41:36","2026-07-23 15:19:02"
747,bougu_118_1_body_top,ふしぎなボレロ上,"Glombolero Top",set_6727f4d1d7,ふしぎなボレロセット,tailoring_set,19,虹布,"[""さいだいHP+10"", ""さいだいMP+16"", ""戦闘中常時マホトラのころも"", ""すべての属性ダメージ+3.0%"", ""2.0%でターン消費なし(試合無効)""]",,,,89,29,,,123,123,inherit,70,118,魔力吸収布の製法,神都フォーリオンのレシピ屋,,体上,裁縫上,3,"[{""count"": 30, ""item_id"": 701}, {""count"": 5, ""item_id"": 695}, {""count"": 5, ""item_id"": 786}, {""count"": 99, ""item_id"": 392}, {""count"": 7, ""item_id"": 724}]","[[""140"", ""100"", ""140""], [""100"", ""200"", ""100""], [""80"", ""100"", ""80""]]",https://draquex.com/bougu/0-zenbu.php,https://draquex.com/bougu/b-118-2.php,,12,"2026-03-12 01:41:36","2026-07-23 15:19:02"
748,bougu_118_1_body_bottom,ふしぎなボレロ下,"Glombolero Bottom",set_6727f4d1d7,ふしぎなボレロセット,tailoring_set,19,虹布,"[""さいだいHP+10"", ""さいだいMP+16"", ""戦闘中常時マホトラのころも"", ""すべての属性ダメージ+3.0%"", ""2.0%でターン消費なし(試合無効)""]",,,,52,27,,,,,inherit,70,118,魔力吸収布の製法,神都フォーリオンのレシピ屋,,体下,裁縫下,2,"[{""count"": 22, ""item_id"": 701}, {""count"": 5, ""item_id"": 693}, {""count"": 5, ""item_id"": 668}, {""count"": 30, ""item_id"": 393}, {""count"": 6, ""item_id"": 724}]","[[""150"", ""180""], [""180"", ""150""], [""200"", ""200""]]",https://draquex.com/bougu/0-zenbu.php,https://draquex.com/bougu/c-118-2.php,,7,"2026-03-12 01:41:36","2026-07-23 15:19:02"
749,bougu_118_1_arm,ふしぎなグローブ,"Mysterious Gloves",set_6727f4d1d7,ふしぎなボレロセット,tailoring_set,19,虹布,"[""さいだいHP+10"", ""さいだいMP+16"", ""戦闘中常時マホトラのころも"", ""すべての属性ダメージ+3.0%"", ""2.0%でターン消費なし(試合無効)""]",,,,31,17,,102,,,inherit,70,118,魔力吸収布の製法,神都フォーリオンのレシピ屋,,腕,裁縫腕,3,"[{""count"": 16, ""item_id"": 701}, {""count"": 5, ""item_id"": 695}, {""count"": 30, ""item_id"": 866}, {""count"": 30, ""item_id"": 551}, {""count"": 5, ""item_id"": 724}]","[[""70"", ""250"", ""180""], [""70"", ""180"", ""250""]]",https://draquex.com/bougu/0-zenbu.php,https://draquex.com/bougu/d-118-2.php,,5,"2026-03-12 01:41:36","2026-07-23 15:19:02"
750,bougu_118_1_foot,ふしぎなブーツ,"Mysterious Boots",set_6727f4d1d7,ふしぎなボレロセット,tailoring_set,19,虹布,"[""さいだいHP+10"", ""さいだいMP+16"", ""戦闘中常時マホトラのころも"", ""すべての属性ダメージ+3.0%"", ""2.0%でターン消費なし(試合無効)""]",,,,31,17,102,,,,inherit,70,118,魔力吸収布の製法,神都フォーリオンのレシピ屋,,足,裁縫足,2,"[{""count"": 16, ""item_id"": 701}, {""count"": 5, ""item_id"": 607}, {""count"": 5, ""item_id"": 647}, {""count"": 1, ""item_id"": 572}, {""count"": 5, ""item_id"": 724}]","[[""350"", ""350""], [""180"", ""180""]]",https://draquex.com/bougu/0-zenbu.php,https://draquex.com/bougu/e-118-2.php,,5,"2026-03-12 01:41:36","2026-07-23 15:19:02"
751,bougu_118_2_head,ほのおのかぶと,"Flame Helmet",set_1810394af4,ほのうのよろいセット,armor_set,18,,"[""さいだいHP+22"", ""氷ダメージ20%減"", ""炎の攻撃ダメージ+5%"", ""行動時5%でテンションアップ""]",,,,106,35,,,22,22,inherit,70,118,燃えるほのおの凱歌,神都フォーリオンのレシピ屋,,頭,鎧頭,2,"[{""count"": 24, ""item_id"": 799}, {""count"": 5, ""item_id"": 564}, {""count"": 30, ""item_id"": 879}, {""count"": 1, ""item_id"": 571}, {""count"": 6, ""item_id"": 729}]","[[""305-313"", ""240-249""], [""240-249"", ""305-313""]]",https://draquex.com/bougu/0-zenbu.php,https://draquex.com/bougu/a-118-1.php,,42,"2026-03-12 01:41:38","2026-07-23 15:19:02"
752,bougu_118_2_body_top,ほのおのよろい上,"Flame Armor Top",set_1810394af4,ほのうのよろいセット,armor_set,18,,"[""さいだいHP+22"", ""氷ダメージ20%減"", ""炎の攻撃ダメージ+5%"", ""行動時5%でテンションアップ""]",,,,132,45,,,22,22,inherit,70,118,燃えるほのおの凱歌,神都フォーリオンのレシピ屋,,体上,鎧上,2,"[{""count"": 30, ""item_id"": 799}, {""count"": 5, ""item_id"": 564}, {""count"": 5, ""item_id"": 786}, {""count"": 1, ""item_id"": 584}, {""count"": 7, ""item_id"": 729}]","[[""250-260"", ""250-260""], [""180-188"", ""180-188""], [""135-143"", ""135-143""]]",https://draquex.com/bougu/0-zenbu.php,https://draquex.com/bougu/b-118-1.php,,70,"2026-03-12 01:41:38","2026-07-23 15:19:02"
753,bougu_118_2_body_bottom,ほのおのよろい下,"Flame Armor Bottom",set_1810394af4,ほのうのよろいセット,armor_set,18,,"[""さいだいHP+22"", ""氷ダメージ20%減"", ""炎の攻撃ダメージ+5%"", ""行動時5%でテンションアップ""]",,,,78,25,,,,,inherit,70,118,燃えるほのおの凱歌,神都フォーリオンのレシピ屋,,体下,鎧下,2,"[{""count"": 22, ""item_id"": 799}, {""count"": 5, ""item_id"": 564}, {""count"": 30, ""item_id"": 536}, {""count"": 1, ""item_id"": 585}, {""count"": 6, ""item_id"": 729}]","[[""140-150"", ""140-150""], [""200-208"", ""200-208""], [""120-128"", ""100-109""], [""100-109"", ""120-128""]]",https://draquex.com/bougu/0-zenbu.php,https://draquex.com/bougu/c-118-1.php,,40,"2026-03-12 01:41:38","2026-07-23 15:19:02"
754,bougu_118_2_arm,ほのおのこて,"Flame Gauntlets",set_1810394af4,ほのうのよろいセット,armor_set,18,,"[""さいだいHP+22"", ""氷ダメージ20%減"", ""炎の攻撃ダメージ+5%"", ""行動時5%でテンションアップ""]",,,,56,15,,64,,,inherit,70,118,燃えるほのおの凱歌,神都フォーリオンのレシピ屋,,腕,鎧腕,1,"[{""count"": 16, ""item_id"": 799}, {""count"": 5, ""item_id"": 616}, {""count"": 5, ""item_id"": 543}, {""count"": 1, ""item_id"": 573}, {""count"": 5, ""item_id"": 729}]","[[""450-460""], [""330-339""], [""330-339""]]",https://draquex.com/bougu/0-zenbu.php,https://draquex.com/bougu/d-118-1.php,,32,"2026-03-12 01:41:38","2026-07-23 15:19:02"
755,bougu_118_2_foot,ほのおのグリーブ,"Flame Greaves",set_1810394af4,ほのうのよろいセット,armor_set,18,,"[""さいだいHP+22"", ""氷ダメージ20%減"", ""炎の攻撃ダメージ+5%"", ""行動時5%でテンションアップ""]",,,,56,15,64,,,,inherit,70,118,燃えるほのおの凱歌,神都フォーリオンのレシピ屋,,足,鎧足,2,"[{""count"": 16, ""item_id"": 799}, {""count"": 5, ""item_id"": 616}, {""count"": 30, ""item_id"": 819}, {""count"": 1, ""item_id"": 572}, {""count"": 5, ""item_id"": 729}]","[[null, ""250-258""], [null, ""220-228""], [""250-260"", ""400-410""]]",https://draquex.com/bougu/0-zenbu.php,https://draquex.com/bougu/e-118-1.php,,35,"2026-03-12 01:41:38","2026-07-23 15:19:02"
756,bougu_118_3_head,スパングルフェザー,"Spangled Feather",set_7addf8e186,スパングルドレスセット,tailoring_set,22,ピンク布,"[""さいだいHP+13"", ""さいだいMP+11"", ""特技のダメージ+20(試合無効)"", ""呪文発動速度+2%"", ""必殺チャージ率+1%""]",,,,80,61,,,55,55,inherit,70,118,星のきらめく夜会服,神都フォーリオンのレシピ屋,,頭,裁縫頭,3,"[{""count"": 24, ""item_id"": 701}, {""count"": 3, ""item_id"": 765}, {""count"": 10, ""item_id"": 611}, {""count"": 1, ""item_id"": 571}, {""count"": 6, ""item_id"": 724}]","[[null, ""200"", null], [""350"", ""200"", ""500""]]",https://draquex.com/bougu/0-zenbu.php,https://draquex.com/bougu/a-118-5.php,,15,"2026-03-12 01:41:40","2026-07-23 15:19:02"
757,bougu_118_3_body_top,スパングルドレス上,"Spangled Dress Top",set_7addf8e186,スパングルドレスセット,tailoring_set,22,ピンク布,"[""さいだいHP+13"", ""さいだいMP+11"", ""特技のダメージ+20(試合無効)"", ""呪文発動速度+2%"", ""必殺チャージ率+1%""]",,,,108,77,,,109,109,inherit,70,118,星のきらめく夜会服,神都フォーリオンのレシピ屋,,体上,裁縫上,3,"[{""count"": 30, ""item_id"": 701}, {""count"": 5, ""item_id"": 695}, {""count"": 10, ""item_id"": 711}, {""count"": 30, ""item_id"": 866}, {""count"": 7, ""item_id"": 724}]","[[""180"", ""70"", ""180""], [""70"", ""200"", ""70""], [""120"", ""120"", ""120""]]",https://draquex.com/bougu/0-zenbu.php,https://draquex.com/bougu/b-118-5.php,,19,"2026-03-12 01:41:41","2026-07-23 15:19:02"
758,bougu_118_3_body_bottom,スパングルドレス下,"Spangled Dress Bottom",set_7addf8e186,スパングルドレスセット,tailoring_set,22,ピンク布,"[""さいだいHP+13"", ""さいだいMP+11"", ""特技のダメージ+20(試合無効)"", ""呪文発動速度+2%"", ""必殺チャージ率+1%""]",,,,75,52,,,,,inherit,70,118,星のきらめく夜会服,神都フォーリオンのレシピ屋,,体下,裁縫下,2,"[{""count"": 22, ""item_id"": 701}, {""count"": 5, ""item_id"": 693}, {""count"": 5, ""item_id"": 738}, {""count"": 30, ""item_id"": 821}, {""count"": 6, ""item_id"": 724}]","[[""90"", ""400""], [""300"", ""90""], [""130"", ""130""]]",https://draquex.com/bougu/0-zenbu.php,https://draquex.com/bougu/c-118-5.php,,10,"2026-03-12 01:41:41","2026-07-23 15:19:02"
759,bougu_118_3_arm,スパングルグローブ,"Spangled Gloves",set_7addf8e186,スパングルドレスセット,tailoring_set,22,ピンク布,"[""さいだいHP+13"", ""さいだいMP+11"", ""特技のダメージ+20(試合無効)"", ""呪文発動速度+2%"", ""必殺チャージ率+1%""]",,,,20,43,,102,,,inherit,70,118,星のきらめく夜会服,神都フォーリオンのレシピ屋,,腕,裁縫腕,3,"[{""count"": 16, ""item_id"": 701}, {""count"": 5, ""item_id"": 693}, {""count"": 5, ""item_id"": 603}, {""count"": 30, ""item_id"": 826}, {""count"": 5, ""item_id"": 724}]","[[""100"", ""150"", ""300""], [""150"", ""100"", ""300""]]",https://draquex.com/bougu/0-zenbu.php,https://draquex.com/bougu/d-118-5.php,,8,"2026-03-12 01:41:41","2026-07-23 15:19:02"
760,bougu_118_3_foot,スパングルパンプス,"Spangled Heels",set_7addf8e186,スパングルドレスセット,tailoring_set,22,ピンク布,"[""さいだいHP+13"", ""さいだいMP+11"", ""特技のダメージ+20(試合無効)"", ""呪文発動速度+2%"", ""必殺チャージ率+1%""]",,,,21,44,119,,,,inherit,70,118,星のきらめく夜会服,神都フォーリオンのレシピ屋,,足,裁縫足,2,"[{""count"": 16, ""item_id"": 701}, {""count"": 5, ""item_id"": 607}, {""count"": 5, ""item_id"": 557}, {""count"": 30, ""item_id"": 608}, {""count"": 5, ""item_id"": 724}]","[[""320"", ""320""], [""200"", ""200""]]",https://draquex.com/bougu/0-zenbu.php,https://draquex.com/bougu/e-118-5.php,,9,"2026-03-12 01:41:41","2026-07-23 15:19:02"
761,bougu_118_4_body_top,天の冒険者のころも,"Divine Traveler Coat",set_9c37bd4ca4,天の冒険者セット,armor_set,23,,"[""さいだいHP+16"", ""こうげき力+9"", ""行動時5.0%でバイキルト"", ""会心率と呪文暴走率+1.5%"", ""会心と暴走時魔物にダメージ+100""]",,,,103,30,,,,,inherit,70,118,天の冒険者列伝,神都フォーリオンのレシピ屋,,からだ上,鎧上,2,"[{""count"": 24, ""item_id"": 799}, {""count"": 5, ""item_id"": 693}, {""count"": 5, ""item_id"": 741}, {""count"": 30, ""item_id"": 819}, {""count"": 6, ""item_id"": 729}]","[[""200-210"", ""170-178""], [""170-178"", ""200-210""], [""140-148"", ""140-148""]]",https://draquex.com/bougu/0-zenbu.php,https://draquex.com/bougu/b-118-3.php,,20,"2026-03-12 01:41:47","2026-07-23 15:19:02"
762,bougu_118_4_body_bottom,天の冒険者のズボン,"Divine Traveler Pants",set_9c37bd4ca4,天の冒険者セット,armor_set,23,,"[""さいだいHP+16"", ""こうげき力+9"", ""行動時5.0%でバイキルト"", ""会心率と呪文暴走率+1.5%"", ""会心と暴走時魔物にダメージ+100""]",,,,64,22,,,,,inherit,70,118,天の冒険者列伝,神都フォーリオンのレシピ屋,,体下,鎧下,2,"[{""count"": 30, ""item_id"": 799}, {""count"": 5, ""item_id"": 695}, {""count"": 5, ""item_id"": 543}, {""count"": 30, ""item_id"": 881}, {""count"": 7, ""item_id"": 729}]","[[""160-168"", ""130-138""], [""130-138"", ""160-168""], [""100-109"", ""100-109""], [""100-109"", ""100-109""]]",https://draquex.com/bougu/0-zenbu.php,https://draquex.com/bougu/c-118-3.php,,11,"2026-03-12 01:41:47","2026-07-23 15:19:02"
763,bougu_118_4_arm,天の冒険者のグラブ,"Divine Traveler Grips",set_9c37bd4ca4,天の冒険者セット,armor_set,23,,"[""さいだいHP+16"", ""こうげき力+9"", ""行動時5.0%でバイキルト"", ""会心率と呪文暴走率+1.5%"", ""会心と暴走時魔物にダメージ+100""]",,,,22,17,,98,,,inherit,70,118,天の冒険者列伝,神都フォーリオンのレシピ屋,,腕,鎧腕,1,"[{""count"": 16, ""item_id"": 799}, {""count"": 5, ""item_id"": 644}, {""count"": 5, ""item_id"": 833}, {""count"": 10, ""item_id"": 835}, {""count"": 5, ""item_id"": 729}]","[[""330-339""], [""310-319""], [""290-298""]]",https://draquex.com/bougu/0-zenbu.php,https://draquex.com/bougu/d-118-3.php,,9,"2026-03-12 01:41:47","2026-07-23 15:19:02"
764,bougu_118_4_foot,天の冒険者のブーツ,"Divine Traveler Boots",set_9c37bd4ca4,天の冒険者セット,armor_set,23,,"[""さいだいHP+16"", ""こうげき力+9"", ""行動時5.0%でバイキルト"", ""会心率と呪文暴走率+1.5%"", ""会心と暴走時魔物にダメージ+100""]",,,,22,17,98,,,,inherit,70,118,天の冒険者列伝,神都フォーリオンのレシピ屋,,足,鎧足,2,"[{""count"": 16, ""item_id"": 799}, {""count"": 5, ""item_id"": 668}, {""count"": 5, ""item_id"": 647}, {""count"": 30, ""item_id"": 678}, {""count"": 5, ""item_id"": 729}]","[[null, ""300-308""], [null, ""300-308""], [""190-200"", ""190-200""]]",https://draquex.com/bougu/0-zenbu.php,https://draquex.com/bougu/e-118-3.php,,9,"2026-03-12 01:41:47","2026-07-23 15:19:02"
765,bougu_118_5_head,しっこくのターバン,"Macabre Turban",set_2c092d3fd3,しっこくのマントセット,tailoring_set,21,再生布,"[""さいだいHP+14"", ""きようさ+75"", ""コマンド間隔-0.5秒"", ""必殺チャージ率+1%"", ""必殺チャージ時身かわし+10%""]",,,,90,49,,,65,65,inherit,70,118,闇色に染まるマント,神都フォーリオンのレシピ屋,,頭,裁縫頭,3,"[{""count"": 24, ""item_id"": 701}, {""count"": 5, ""item_id"": 757}, {""count"": 30, ""item_id"": 807}, {""count"": 1, ""item_id"": 571}, {""count"": 6, ""item_id"": 724}]","[[null, ""340"", null], [""170"", ""170"", ""340""]]",https://draquex.com/bougu/0-zenbu.php,https://draquex.com/bougu/a-118-4.php,,19,"2026-03-12 01:41:54","2026-07-23 15:19:02"
766,bougu_118_5_body_top,しっこくのマント,"Macabre Mantle",set_2c092d3fd3,しっこくのマントセット,tailoring_set,21,再生布,"[""さいだいHP+14"", ""きようさ+75"", ""コマンド間隔-0.5秒"", ""必殺チャージ率+1%"", ""必殺チャージ時身かわし+10%""]",,,,114,66,,,80,80,inherit,70,118,闇色に染まるマント,神都フォーリオンのレシピ屋,,体上,裁縫上,3,"[{""count"": 30, ""item_id"": 701}, {""count"": 5, ""item_id"": 757}, {""count"": 30, ""item_id"": 868}, {""count"": 7, ""item_id"": 724}]","[[""70"", ""100"", ""70""], [""100"", ""150"", ""100""], [""120"", ""140"", ""120""]]",https://draquex.com/bougu/0-zenbu.php,https://draquex.com/bougu/b-118-4.php,,22,"2026-03-12 01:41:54","2026-07-23 15:19:02"
767,bougu_118_5_arm,しっこくのグローブ,"Macabre Gloves",set_2c092d3fd3,しっこくのマントセット,tailoring_set,21,再生布,"[""さいだいHP+14"", ""きようさ+75"", ""コマンド間隔-0.5秒"", ""必殺チャージ率+1%"", ""必殺チャージ時身かわし+10%""]",,,,24,31,,109,,,inherit,70,118,闇色に染まるマント,神都フォーリオンのレシピ屋,,腕,裁縫腕,3,"[{""count"": 16, ""item_id"": 701}, {""count"": 5, ""item_id"": 862}, {""count"": 3, ""item_id"": 550}, {""count"": 30, ""item_id"": 807}, {""count"": 5, ""item_id"": 724}]","[[""60"", ""300"", ""170""], [""60"", ""300"", ""170""]]",https://draquex.com/bougu/0-zenbu.php,https://draquex.com/bougu/d-118-4.php,,9,"2026-03-12 01:41:54","2026-07-23 15:19:02"
768,bougu_118_5_foot,しっこくのブーツ,"Macabre Boots",set_2c092d3fd3,しっこくのマントセット,tailoring_set,21,再生布,"[""さいだいHP+14"", ""きようさ+75"", ""コマンド間隔-0.5秒"", ""必殺チャージ率+1%"", ""必殺チャージ時身かわし+10%""]",,,,24,31,109,,,,inherit,70,118,闇色に染まるマント,神都フォーリオンのレシピ屋,,足,裁縫足,2,"[{""count"": 16, ""item_id"": 701}, {""count"": 5, ""item_id"": 862}, {""count"": 5, ""item_id"": 687}, {""count"": 30, ""item_id"": 549}, {""count"": 5, ""item_id"": 724}]","[[""360"", ""130""], [""130"", ""360""]]",https://draquex.com/bougu/0-zenbu.php,https://draquex.com/bougu/e-118-4.php,,9,"2026-03-12 01:41:54","2026-07-23 15:19:02"
769,bougu_115_1_head,ロードリーコサージ,"Lordly Corsage",set_a1d54eb788,ロードリローブセット,tailoring_set,19,再生布,"[""さいだいHP+10"", ""さいだいMP+15"", ""ブレス系ダメージ10％減"", ""攻撃呪文ダメージ7％減"", ""呪文発動速度+2%""]",,,,63,27,,,93,93,inherit,65,115,白ユリの守り,砂の都ファラザードのレシピ屋,,頭,裁縫頭,3,"[{""count"": 5, ""item_id"": 701}, {""count"": 2, ""item_id"": 757}, {""count"": 5, ""item_id"": 777}, {""count"": 10, ""item_id"": 608}, {""count"": 5, ""item_id"": 547}]","[[null, ""190"", null], [""300"", ""250"", ""190""]]",https://draquex.com/bougu/0-zenbu.php,https://draquex.com/bougu/a-115-2.php,,9,"2026-03-12 01:42:01","2026-07-23 15:19:02"
770,bougu_115_1_body_top,ロードリーローブ上,"Lordly Robe",set_a1d54eb788,ロードリローブセット,tailoring_set,19,再生布,"[""さいだいHP+10"", ""さいだいMP+15"", ""ブレス系ダメージ10％減"", ""攻撃呪文ダメージ7％減"", ""呪文発動速度+2%""]",,,,87,28,,,118,118,inherit,65,115,白ユリの守り,砂の都ファラザードのレシピ屋,,体上,裁縫上,3,"[{""count"": 5, ""item_id"": 701}, {""count"": 5, ""item_id"": 861}, {""count"": 2, ""item_id"": 693}, {""count"": 5, ""item_id"": 547}, {""count"": 10, ""item_id"": 810}]","[[""60"", ""120"", ""60""], [""150"", ""120"", ""150""], [""60"", ""150"", ""60""]]",https://draquex.com/bougu/0-zenbu.php,https://draquex.com/bougu/b-115-2.php,,12,"2026-03-12 01:42:01","2026-07-23 15:19:02"
771,bougu_115_1_body_bottom,ロードリーローブ下,"Lordly Skirt",set_a1d54eb788,ロードリローブセット,tailoring_set,19,再生布,"[""さいだいHP+10"", ""さいだいMP+15"", ""ブレス系ダメージ10％減"", ""攻撃呪文ダメージ7％減"", ""呪文発動速度+2%""]",,,,50,26,,,,,inherit,65,115,白ユリの守り,砂の都ファラザードのレシピ屋,,体下,裁縫下,2,"[{""count"": 5, ""item_id"": 701}, {""count"": 2, ""item_id"": 687}, {""count"": 3, ""item_id"": 711}, {""count"": 10, ""item_id"": 826}, {""count"": 5, ""item_id"": 547}]","[[""100"", ""100""], [""150"", ""150""], [""200"", ""200""]]",https://draquex.com/bougu/0-zenbu.php,https://draquex.com/bougu/c-115-2.php,,7,"2026-03-12 01:42:01","2026-07-23 15:19:02"
772,bougu_115_1_arm,ロードリーグローブ,"Lordly Gloves",set_a1d54eb788,ロードリローブセット,tailoring_set,19,再生布,"[""さいだいHP+10"", ""さいだいMP+15"", ""ブレス系ダメージ10％減"", ""攻撃呪文ダメージ7％減"", ""呪文発動速度+2%""]",,,,29,17,,98,,,inherit,65,115,白ユリの守り,砂の都ファラザードのレシピ屋,,腕,裁縫腕,3,"[{""count"": 5, ""item_id"": 701}, {""count"": 2, ""item_id"": 668}, {""count"": 10, ""item_id"": 230}, {""count"": 10, ""item_id"": 866}, {""count"": 5, ""item_id"": 547}]","[[""150"", ""100"", ""210""], [""100"", ""150"", ""210""]]",https://draquex.com/bougu/0-zenbu.php,https://draquex.com/bougu/d-115-2.php,,5,"2026-03-12 01:42:01","2026-07-23 15:19:02"
773,bougu_115_1_foot,ロードリーブーツ,"Lordly Boots",set_a1d54eb788,ロードリローブセット,tailoring_set,19,再生布,"[""さいだいHP+10"", ""さいだいMP+15"", ""ブレス系ダメージ10％減"", ""攻撃呪文ダメージ7％減"", ""呪文発動速度+2%""]",,,,29,17,98,,,,inherit,65,115,白ユリの守り,砂の都ファラザードのレシピ屋,,足,裁縫足,2,"[{""count"": 5, ""item_id"": 701}, {""count"": 2, ""item_id"": 708}, {""count"": 10, ""item_id"": 702}, {""count"": 5, ""item_id"": 547}, {""count"": 20, ""item_id"": 609}]","[[""130"", ""330""], [""330"", ""130""]]",https://draquex.com/bougu/0-zenbu.php,https://draquex.com/bougu/e-115-2.php,,5,"2026-03-12 01:42:01","2026-07-23 15:19:02"
774,bougu_115_2_head,蒼穹兵団のかぶと,"Azure Corps Helmet",set_18938b3b2a,蒼穹兵団セット,armor_set,18,,"[""さいだいHP+20"", ""特技のダメージ+10(試合無効)"", ""行動時5.0％でバイシオンとスカラ"", ""会心完全ガード+5％""]",,,,100,34,,,22,22,inherit,65,115,蒼穹の守護者たち,砂の都ファラザードのレシピ屋,,頭,鎧頭,2,"[{""count"": 5, ""item_id"": 799}, {""count"": 1, ""item_id"": 571}, {""count"": 2, ""item_id"": 594}, {""count"": 5, ""item_id"": 865}, {""count"": 5, ""item_id"": 816}]","[[""280-287"", ""220-228""], [""220-228"", ""280-287""]]",https://draquex.com/bougu/0-zenbu.php,https://draquex.com/bougu/a-115-1.php,,41,"2026-03-12 01:42:04","2026-07-23 15:19:02"
775,bougu_115_2_body_top,蒼穹兵団のよろい上,"Azure Corps Armor",set_18938b3b2a,蒼穹兵団セット,armor_set,18,,"[""さいだいHP+20"", ""特技のダメージ+10(試合無効)"", ""行動時5.0％でバイシオンとスカラ"", ""会心完全ガード+5％""]",,,,127,44,,,22,22,inherit,65,115,蒼穹の守護者たち,砂の都ファラザードのレシピ屋,,体上,鎧上,2,"[{""count"": 5, ""item_id"": 799}, {""count"": 1, ""item_id"": 584}, {""count"": 5, ""item_id"": 865}, {""count"": 10, ""item_id"": 821}, {""count"": 3, ""item_id"": 838}]","[[""220-229"", ""220-229""], [""150-158"", ""150-158""], [""130-138"", ""130-138""]]",https://draquex.com/bougu/0-zenbu.php,https://draquex.com/bougu/b-115-1.php,,69,"2026-03-12 01:42:04","2026-07-23 15:19:02"
776,bougu_115_2_body_bottom,蒼穹兵団のよろい下,"Azure Corps Leggings",set_18938b3b2a,蒼穹兵団セット,armor_set,18,,"[""さいだいHP+20"", ""特技のダメージ+10(試合無効)"", ""行動時5.0％でバイシオンとスカラ"", ""会心完全ガード+5％""]",,,,72,24,,,,,inherit,65,115,蒼穹の守護者たち,砂の都ファラザードのレシピ屋,,体下,鎧下,2,"[{""count"": 5, ""item_id"": 799}, {""count"": 10, ""item_id"": 683}, {""count"": 1, ""item_id"": 585}, {""count"": 3, ""item_id"": 735}, {""count"": 5, ""item_id"": 865}]","[[""180-189"", ""180-189""], [""150-157"", ""150-157""], [""90-98"", ""90-98""], [""90-98"", ""90-98""]]",https://draquex.com/bougu/0-zenbu.php,https://draquex.com/bougu/c-115-1.php,,39,"2026-03-12 01:42:04","2026-07-23 15:19:02"
777,bougu_115_2_arm,蒼穹兵団のこて,"Azure Corps Gauntlets",set_18938b3b2a,蒼穹兵団セット,armor_set,18,,"[""さいだいHP+20"", ""特技のダメージ+10(試合無効)"", ""行動時5.0％でバイシオンとスカラ"", ""会心完全ガード+5％""]",,,,53,15,,62,,,inherit,65,115,蒼穹の守護者たち,砂の都ファラザードのレシピ屋,,腕,鎧腕,1,"[{""count"": 5, ""item_id"": 799}, {""count"": 1, ""item_id"": 573}, {""count"": 5, ""item_id"": 805}, {""count"": 5, ""item_id"": 865}, {""count"": 10, ""item_id"": 749}]","[[""370-378""], [""370-378""], [""260-267""]]",https://draquex.com/bougu/0-zenbu.php,https://draquex.com/bougu/d-115-1.php,,31,"2026-03-12 01:42:04","2026-07-23 15:19:02"
778,bougu_115_2_foot,蒼穹兵団のグリーブ,"Azure Corps Greaves",set_18938b3b2a,蒼穹兵団セット,armor_set,18,,"[""さいだいHP+20"", ""特技のダメージ+10(試合無効)"", ""行動時5.0％でバイシオンとスカラ"", ""会心完全ガード+5％""]",,,,53,15,62,,,,inherit,65,115,蒼穹の守護者たち,砂の都ファラザードのレシピ屋,,足,鎧足,2,"[{""count"": 5, ""item_id"": 799}, {""count"": 1, ""item_id"": 572}, {""count"": 5, ""item_id"": 608}, {""count"": 10, ""item_id"": 732}, {""count"": 5, ""item_id"": 865}]","[[""230-239"", null], [""270-278"", null], [""230-239"", ""270-278""]]",https://draquex.com/bougu/0-zenbu.php,https://draquex.com/bougu/e-115-1.php,,34,"2026-03-12 01:42:04","2026-07-23 15:19:02"
779,bougu_115_3_head,聖翼の髪飾り,"Sacred Hairpin",set_ec10ac018e,聖翼セット,tailoring_set,22,虹布,"[""さいだいHP+12"", ""さいだいMP+10"", ""行動時2.0%で聖女の守り(試合無効)"", ""攻撃呪文ダメージ7％減"", ""攻撃時5.0%でチャージ時間-10秒""]",,,,76,60,,,52,52,inherit,65,115,翼神の加護,砂の都ファラザードのレシピ屋,,頭,裁縫頭,3,"[{""count"": 5, ""item_id"": 701}, {""count"": 2, ""item_id"": 611}, {""count"": 10, ""item_id"": 867}, {""count"": 30, ""item_id"": 784}, {""count"": 5, ""item_id"": 547}]","[[null, ""180"", null], [""180"", ""300"", ""350""]]",https://draquex.com/bougu/0-zenbu.php,https://draquex.com/bougu/a-115-5.php,,15,"2026-03-12 01:42:06","2026-07-23 15:19:02"
780,bougu_115_3_body_top,聖翼のドレス上,"Sacred Dress Top",set_ec10ac018e,聖翼セット,tailoring_set,22,虹布,"[""さいだいHP+12"", ""さいだいMP+10"", ""行動時2.0%で聖女の守り(試合無効)"", ""攻撃呪文ダメージ7％減"", ""攻撃時5.0%でチャージ時間-10秒""]",,,,104,76,,,106,106,inherit,65,115,翼神の加護,砂の都ファラザードのレシピ屋,,体上,裁縫上,3,"[{""count"": 5, ""item_id"": 701}, {""count"": 2, ""item_id"": 703}, {""count"": 20, ""item_id"": 728}, {""count"": 5, ""item_id"": 230}, {""count"": 5, ""item_id"": 547}]","[[""80"", ""80"", ""80""], [""130"", ""180"", ""130""], [""100"", ""100"", ""100""]]",https://draquex.com/bougu/0-zenbu.php,https://draquex.com/bougu/b-115-5.php,,19,"2026-03-12 01:42:06","2026-07-23 15:19:02"
781,bougu_115_3_body_bottom,聖翼のドレス下,"Sacred Dress Bottom",set_ec10ac018e,聖翼セット,tailoring_set,22,虹布,"[""さいだいHP+12"", ""さいだいMP+10"", ""行動時2.0%で聖女の守り(試合無効)"", ""攻撃呪文ダメージ7％減"", ""攻撃時5.0%でチャージ時間-10秒""]",,,,70,51,,,,,inherit,65,115,翼神の加護,砂の都ファラザードのレシピ屋,,体下,裁縫下,2,"[{""count"": 5, ""item_id"": 701}, {""count"": 2, ""item_id"": 687}, {""count"": 10, ""item_id"": 608}, {""count"": 20, ""item_id"": 866}, {""count"": 5, ""item_id"": 547}]","[[""100"", ""240""], [""240"", ""100""], [""140"", ""140""]]",https://draquex.com/bougu/0-zenbu.php,https://draquex.com/bougu/c-115-5.php,,10,"2026-03-12 01:42:06","2026-07-23 15:19:02"
782,bougu_115_3_arm,聖翼のグローブ,"Sacred Gloves",set_ec10ac018e,聖翼セット,tailoring_set,22,虹布,"[""さいだいHP+12"", ""さいだいMP+10"", ""行動時2.0%で聖女の守り(試合無効)"", ""攻撃呪文ダメージ7％減"", ""攻撃時5.0%でチャージ時間-10秒""]",,,,19,42,,97,,,inherit,65,115,翼神の加護,砂の都ファラザードのレシピ屋,,腕,裁縫腕,3,"[{""count"": 5, ""item_id"": 701}, {""count"": 2, ""item_id"": 693}, {""count"": 20, ""item_id"": 651}, {""count"": 5, ""item_id"": 547}, {""count"": 10, ""item_id"": 717}]","[[""140"", ""90"", ""250""], [""90"", ""140"", ""250""]]",https://draquex.com/bougu/0-zenbu.php,https://draquex.com/bougu/d-115-5.php,,8,"2026-03-12 01:42:06","2026-07-23 15:19:02"
783,bougu_115_3_foot,聖翼のブーツ,"Sacred Boots",set_ec10ac018e,聖翼セット,tailoring_set,22,虹布,"[""さいだいHP+12"", ""さいだいMP+10"", ""行動時2.0%で聖女の守り(試合無効)"", ""攻撃呪文ダメージ7％減"", ""攻撃時5.0%でチャージ時間-10秒""]",,,,20,43,114,,,,inherit,65,115,翼神の加護,砂の都ファラザードのレシピ屋,,足,裁縫足,2,"[{""count"": 5, ""item_id"": 701}, {""count"": 2, ""item_id"": 708}, {""count"": 5, ""item_id"": 547}, {""count"": 3, ""item_id"": 738}, {""count"": 20, ""item_id"": 643}]","[[""300"", ""300""], [""190"", ""190""]]",https://draquex.com/bougu/0-zenbu.php,https://draquex.com/bougu/e-115-5.php,,9,"2026-03-12 01:42:06","2026-07-23 15:19:02"
784,bougu_115_4_head,聖域の額当て,"Sanctuary Headband",set_1e9cf5df9b,聖域セット,armor_set,23,,"[""さいだいHP+15"", ""こうげき力+8"", ""コマンド間隔-0.5秒"", ""攻撃時5.0%でチャージ時間-10秒"", ""身かわし率+3.0%""]",,,,80,25,,,,,inherit,65,115,神々が住まう聖域,砂の都ファラザードのレシピ屋,,頭,鎧頭,2,"[{""count"": 5, ""item_id"": 799}, {""count"": 5, ""item_id"": 810}, {""count"": 1, ""item_id"": 571}, {""count"": 5, ""item_id"": 865}, {""count"": 3, ""item_id"": 554}]","[[""300-308"", ""300-308""], [""240-249"", ""240-249""]]",https://draquex.com/bougu/0-zenbu.php,https://draquex.com/bougu/a-115-3.php,,14,"2026-03-12 01:42:11","2026-07-23 15:19:02"
785,bougu_115_4_body_top,聖域の闘衣上,"Sanctuary Armor",set_1e9cf5df9b,聖域セット,armor_set,23,,"[""さいだいHP+15"", ""こうげき力+8"", ""コマンド間隔-0.5秒"", ""攻撃時5.0%でチャージ時間-10秒"", ""身かわし率+3.0%""]",,,,98,20,,,,,inherit,65,115,神々が住まう聖域,砂の都ファラザードのレシピ屋,,体上,鎧上,2,"[{""count"": 5, ""item_id"": 799}, {""count"": 5, ""item_id"": 531}, {""count"": 1, ""item_id"": 584}, {""count"": 3, ""item_id"": 702}, {""count"": 5, ""item_id"": 865}]","[[""140-148"", ""300-310""], [""200-209"", ""140-148""], [""140-148"", ""200-209""]]",https://draquex.com/bougu/0-zenbu.php,https://draquex.com/bougu/b-115-3.php,,20,"2026-03-12 01:42:11","2026-07-23 15:19:02"
786,bougu_115_4_body_bottom,聖域の闘衣下,"Sanctuary Skirt",set_1e9cf5df9b,聖域セット,armor_set,23,,"[""さいだいHP+15"", ""こうげき力+8"", ""コマンド間隔-0.5秒"", ""攻撃時5.0%でチャージ時間-10秒"", ""身かわし率+3.0%""]",,,,60,21,,,,,inherit,65,115,神々が住まう聖域,砂の都ファラザードのレシピ屋,,体下,鎧下,2,"[{""count"": 5, ""item_id"": 799}, {""count"": 1, ""item_id"": 585}, {""count"": 3, ""item_id"": 835}, {""count"": 10, ""item_id"": 643}, {""count"": 5, ""item_id"": 865}]","[[""200-208"", ""120-128""], [""170-179"", ""120-128""], [""170-179"", ""120-128""], [""100-110"", ""100-110""]]",https://draquex.com/bougu/0-zenbu.php,https://draquex.com/bougu/c-115-3.php,,11,"2026-03-12 01:42:11","2026-07-23 15:19:02"
787,bougu_115_4_arm,聖域のこて,"Sanctuary Gauntlets",set_1e9cf5df9b,聖域セット,armor_set,23,,"[""さいだいHP+15"", ""こうげき力+8"", ""コマンド間隔-0.5秒"", ""攻撃時5.0%でチャージ時間-10秒"", ""身かわし率+3.0%""]",,,,21,17,,94,,,inherit,65,115,神々が住まう聖域,砂の都ファラザードのレシピ屋,,腕,鎧腕,1,"[{""count"": 6, ""item_id"": 799}, {""count"": 1, ""item_id"": 573}, {""count"": 2, ""item_id"": 754}, {""count"": 5, ""item_id"": 818}, {""count"": 5, ""item_id"": 865}]","[[""350-359""], [""350-359""], [""400-410""]]",https://draquex.com/bougu/0-zenbu.php,https://draquex.com/bougu/d-115-3.php,,9,"2026-03-12 01:42:11","2026-07-23 15:19:02"
788,bougu_115_4_foot,聖域のブーツ,"Sanctuary Boots",set_1e9cf5df9b,聖域セット,armor_set,23,,"[""さいだいHP+15"", ""こうげき力+8"", ""コマンド間隔-0.5秒"", ""攻撃時5.0%でチャージ時間-10秒"", ""身かわし率+3.0%""]",,,,21,17,94,,,,inherit,65,115,神々が住まう聖域,砂の都ファラザードのレシピ屋,,足,鎧足,2,"[{""count"": 5, ""item_id"": 799}, {""count"": 1, ""item_id"": 572}, {""count"": 2, ""item_id"": 673}, {""count"": 5, ""item_id"": 643}, {""count"": 5, ""item_id"": 865}]","[[""350-360"", null], [""230-238"", null], [""300-310"", ""230-238""]]",https://draquex.com/bougu/0-zenbu.php,https://draquex.com/bougu/e-115-3.php,,9,"2026-03-12 01:42:11","2026-07-23 15:19:02"
789,bougu_115_5_head,空賊のバンダナ,"Sky Pirate Bandana",set_07054f761b,空賊セット,tailoring_set,21,ピンク布,"[""さいだいHP+12"", ""きようさ+70"", ""行動時20.0%でバイシオン"", ""状態異常の成功率+10％"", ""必殺チャージ率+1％""]",,,,85,48,,,60,60,inherit,65,115,空賊の飛行日誌,砂の都ファラザードのレシピ屋,,頭,裁縫頭,3,"[{""count"": 5, ""item_id"": 701}, {""count"": 3, ""item_id"": 738}, {""count"": 10, ""item_id"": 609}, {""count"": 10, ""item_id"": 745}, {""count"": 5, ""item_id"": 547}]","[[null, ""250"", null], [""220"", ""400"", ""220""]]",https://draquex.com/bougu/0-zenbu.php,https://draquex.com/bougu/a-115-4.php,,19,"2026-03-12 01:42:13","2026-07-23 15:19:02"
790,bougu_115_5_body_top,空賊のシャツ,"Sky Pirate Shirt",set_07054f761b,空賊セット,tailoring_set,21,ピンク布,"[""さいだいHP+12"", ""きようさ+70"", ""行動時20.0%でバイシオン"", ""状態異常の成功率+10％"", ""必殺チャージ率+1％""]",,,,109,55,,,75,75,inherit,65,115,空賊の飛行日誌,砂の都ファラザードのレシピ屋,,体上,裁縫上,3,"[{""count"": 5, ""item_id"": 701}, {""count"": 10, ""item_id"": 674}, {""count"": 5, ""item_id"": 547}, {""count"": 3, ""item_id"": 647}, {""count"": 3, ""item_id"": 805}]","[[""130"", ""70"", ""130""], [""140"", ""130"", ""140""], [""100"", ""100"", ""100""]]",https://draquex.com/bougu/0-zenbu.php,https://draquex.com/bougu/b-115-4.php,,22,"2026-03-12 01:42:13","2026-07-23 15:19:02"
791,bougu_115_5_body_bottom,空賊のズボン,"Sky Pirate Pants",set_07054f761b,空賊セット,tailoring_set,21,ピンク布,"[""さいだいHP+12"", ""きようさ+70"", ""行動時20.0%でバイシオン"", ""状態異常の成功率+10％"", ""必殺チャージ率+1％""]",,,,65,26,,,,,inherit,65,115,空賊の飛行日誌,砂の都ファラザードのレシピ屋,,体下,裁縫下,2,"[{""count"": 5, ""item_id"": 701}, {""count"": 1, ""item_id"": 585}, {""count"": 5, ""item_id"": 547}, {""count"": 2, ""item_id"": 738}, {""count"": 5, ""item_id"": 879}]","[[""190"", ""300""], [""190"", ""100""], [""190"", ""100""]]",https://draquex.com/bougu/0-zenbu.php,https://draquex.com/bougu/c-115-4.php,,13,"2026-03-12 01:42:13","2026-07-23 15:19:02"
792,bougu_115_5_arm,空賊のグローブ,"Sky Pirate Gloves",set_07054f761b,空賊セット,tailoring_set,21,ピンク布,"[""さいだいHP+12"", ""きようさ+70"", ""行動時20.0%でバイシオン"", ""状態異常の成功率+10％"", ""必殺チャージ率+1％""]",,,,23,31,,104,,,inherit,65,115,空賊の飛行日誌,砂の都ファラザードのレシピ屋,,腕,裁縫腕,3,"[{""count"": 5, ""item_id"": 701}, {""count"": 2, ""item_id"": 752}, {""count"": 10, ""item_id"": 651}, {""count"": 5, ""item_id"": 547}, {""count"": 5, ""item_id"": 818}]","[[""100"", ""200"", ""220""], [""100"", ""200"", ""220""]]",https://draquex.com/bougu/0-zenbu.php,https://draquex.com/bougu/d-115-4.php,,9,"2026-03-12 01:42:13","2026-07-23 15:19:02"
793,bougu_115_5_foot,空賊のブーツ,"Sky Pirate Boots",set_07054f761b,空賊セット,tailoring_set,21,ピンク布,"[""さいだいHP+12"", ""きようさ+70"", ""行動時20.0%でバイシオン"", ""状態異常の成功率+10％"", ""必殺チャージ率+1％""]",,,,23,31,104,,,,inherit,65,115,空賊の飛行日誌,砂の都ファラザードのレシピ屋,,足,裁縫足,2,"[{""count"": 5, ""item_id"": 701}, {""count"": 4, ""item_id"": 833}, {""count"": 20, ""item_id"": 678}, {""count"": 5, ""item_id"": 547}, {""count"": 30, ""item_id"": 845}]","[[""300"", ""300""], [""230"", ""230""]]",https://draquex.com/bougu/0-zenbu.php,https://draquex.com/bougu/e-115-4.php,,9,"2026-03-12 01:42:13","2026-07-23 15:19:02"
794,bougu_110_1_head,妖炎魔女の髪飾り,"Fire Witch Hairpin",set_52da408edd,妖炎魔女セット,tailoring_set,19,ピンク布,"[""さいだいHP+10"", ""さいだいMP+10"", ""炎・闇の攻撃ダメージ+5%"", ""2.0%でターン消費なし(試合無効)"", ""会心率と呪文暴走率+1.0%""]",,,,61,26,,,88,88,inherit,65,110,妖炎魔女の魔導書,砂の都ファラザードのレシピ屋,,頭,裁縫頭,3,"[{""count"": 10, ""item_id"": 832}, {""count"": 1, ""item_id"": 708}, {""count"": 2, ""item_id"": 835}, {""count"": 10, ""item_id"": 807}, {""count"": 5, ""item_id"": 547}]","[[null, ""220"", null], [""220"", ""220"", ""400""]]",https://draquex.com/bougu/0-zenbu.php,https://draquex.com/bougu/a-110-2.php,,9,"2026-03-12 01:42:15","2026-07-23 15:19:02"
795,bougu_110_1_body_top,妖炎魔女のドレス上,"Fire Witch Upper Gown",set_52da408edd,妖炎魔女セット,tailoring_set,19,ピンク布,"[""さいだいHP+10"", ""さいだいMP+10"", ""炎・闇の攻撃ダメージ+5%"", ""2.0%でターン消費なし(試合無効)"", ""会心率と呪文暴走率+1.0%""]",,,,85,27,,,113,113,inherit,65,110,妖炎魔女の魔導書,砂の都ファラザードのレシピ屋,,体上,裁縫上,3,"[{""count"": 10, ""item_id"": 832}, {""count"": 1, ""item_id"": 603}, {""count"": 1, ""item_id"": 702}, {""count"": 5, ""item_id"": 720}, {""count"": 5, ""item_id"": 547}]","[[""200"", ""70"", ""70""], [""110"", ""130"", ""110""], [""110"", ""130"", ""110""]]",https://draquex.com/bougu/0-zenbu.php,https://draquex.com/bougu/b-110-2.php,,12,"2026-03-12 01:42:15","2026-07-23 15:19:02"
796,bougu_110_1_body_bottom,妖炎魔女のドレス下,"Fire Witch Lower Gown",set_52da408edd,妖炎魔女セット,tailoring_set,19,ピンク布,"[""さいだいHP+10"", ""さいだいMP+10"", ""炎・闇の攻撃ダメージ+5%"", ""2.0%でターン消費なし(試合無効)"", ""会心率と呪文暴走率+1.0%""]",,,,48,25,,,,,inherit,65,110,妖炎魔女の魔導書,砂の都ファラザードのレシピ屋,,体下,裁縫下,2,"[{""count"": 10, ""item_id"": 832}, {""count"": 1, ""item_id"": 649}, {""count"": 1, ""item_id"": 835}, {""count"": 5, ""item_id"": 800}, {""count"": 5, ""item_id"": 547}]","[[""250"", ""250""], [""150"", ""130""], [""130"", ""150""]]",https://draquex.com/bougu/0-zenbu.php,https://draquex.com/bougu/c-110-2.php,,7,"2026-03-12 01:42:15","2026-07-23 15:19:02"
797,bougu_110_1_arm,妖炎魔女のグローブ,"Fire Witch Gloves",set_52da408edd,妖炎魔女セット,tailoring_set,19,ピンク布,"[""さいだいHP+10"", ""さいだいMP+10"", ""炎・闇の攻撃ダメージ+5%"", ""2.0%でターン消費なし(試合無効)"", ""会心率と呪文暴走率+1.0%""]",,,,27,17,,94,,,inherit,65,110,妖炎魔女の魔導書,砂の都ファラザードのレシピ屋,,腕,裁縫腕,3,"[{""count"": 10, ""item_id"": 832}, {""count"": 1, ""item_id"": 834}, {""count"": 2, ""item_id"": 818}, {""count"": 5, ""item_id"": 651}, {""count"": 5, ""item_id"": 547}]","[[""150"", ""160"", ""220""], [""150"", ""160"", ""220""]]",https://draquex.com/bougu/0-zenbu.php,https://draquex.com/bougu/d-110-2.php,,5,"2026-03-12 01:42:15","2026-07-23 15:19:02"
798,bougu_110_1_foot,妖炎魔女のパンプス,"Fire Witch Shoes",set_52da408edd,妖炎魔女セット,tailoring_set,19,ピンク布,"[""さいだいHP+10"", ""さいだいMP+10"", ""炎・闇の攻撃ダメージ+5%"", ""2.0%でターン消費なし(試合無効)"", ""会心率と呪文暴走率+1.0%""]",,,,27,17,94,,,,inherit,65,110,妖炎魔女の魔導書,砂の都ファラザードのレシピ屋,,足,裁縫足,2,"[{""count"": 10, ""item_id"": 832}, {""count"": 1, ""item_id"": 759}, {""count"": 1, ""item_id"": 823}, {""count"": 5, ""item_id"": 881}, {""count"": 5, ""item_id"": 547}]","[[""225"", ""225""], [""300"", ""300""]]",https://draquex.com/bougu/0-zenbu.php,https://draquex.com/bougu/e-110-2.php,,5,"2026-03-12 01:42:15","2026-07-23 15:19:02"
799,bougu_110_2_head,魔侯爵のかぶと,"Marquis Helmet",防具_魔侯爵のよろい,魔侯爵のよろい,armor_set,18,,"[""さいだいHP+10"", ""味方死亡時20%でバイシオン"", ""瀕死時15%こうげき力+60(試合無効)"", ""ブレス系ダメージ8%減""]",,,,95,33,,,20,20,inherit,65,110,戦慄の魔侯爵,砂の都ファラザードのレシピ屋,,頭,アタマ,,"[{""count"": 5, ""item_id"": 741}, {""count"": 1, ""item_id"": 834}, {""count"": 1, ""item_id"": 868}, {""count"": 5, ""item_id"": 720}, {""count"": 5, ""item_id"": 865}]",,https://draquex.com/bougu/0-zenbu.php,https://draquex.com/bougu/a-110-1.php,,40,"2026-03-12 01:42:18","2026-07-23 15:19:02"
800,bougu_110_2_body_top,魔侯爵のよろい,"Marquis Armor",防具_魔侯爵のよろい,魔侯爵のよろい,armor_set,18,,"[""さいだいHP+10"", ""味方死亡時20%でバイシオン"", ""瀕死時15%こうげき力+60(試合無効)"", ""ブレス系ダメージ8%減""]",,,,112,43,,,20,20,inherit,65,110,戦慄の魔侯爵,砂の都ファラザードのレシピ屋,,からだ上,からだ上,,"[{""count"": 5, ""item_id"": 741}, {""count"": 1, ""item_id"": 603}, {""count"": 1, ""item_id"": 868}, {""count"": 10, ""item_id"": 732}, {""count"": 5, ""item_id"": 865}]",,https://draquex.com/bougu/0-zenbu.php,https://draquex.com/bougu/b-110-1.php,,68,"2026-03-12 01:42:18","2026-07-23 15:19:02"
801,bougu_110_2_arm,魔侯爵のこて,"Marquis Gauntlets",防具_魔侯爵のよろい,魔侯爵のよろい,armor_set,18,,"[""さいだいHP+10"", ""味方死亡時20%でバイシオン"", ""瀕死時15%こうげき力+60(試合無効)"", ""ブレス系ダメージ8%減""]",,,,50,15,,60,,,inherit,65,110,戦慄の魔侯爵,砂の都ファラザードのレシピ屋,,腕,ウデ,,"[{""count"": 5, ""item_id"": 741}, {""count"": 1, ""item_id"": 862}, {""count"": 1, ""item_id"": 702}, {""count"": 5, ""item_id"": 807}, {""count"": 5, ""item_id"": 865}]",,https://draquex.com/bougu/0-zenbu.php,https://draquex.com/bougu/d-110-1.php,,30,"2026-03-12 01:42:18","2026-07-23 15:19:02"
802,bougu_110_2_foot,魔侯爵のグリーブ,"Marquis Greaves",防具_魔侯爵のよろい,魔侯爵のよろい,armor_set,18,,"[""さいだいHP+10"", ""味方死亡時20%でバイシオン"", ""瀕死時15%こうげき力+60(試合無効)"", ""ブレス系ダメージ8%減""]",,,,50,15,60,,,,inherit,65,110,戦慄の魔侯爵,砂の都ファラザードのレシピ屋,,足,足,,"[{""count"": 5, ""item_id"": 741}, {""count"": 1, ""item_id"": 708}, {""count"": 1, ""item_id"": 608}, {""count"": 5, ""item_id"": 732}, {""count"": 5, ""item_id"": 865}]",,https://draquex.com/bougu/0-zenbu.php,https://draquex.com/bougu/e-110-1.php,,33,"2026-03-12 01:42:18","2026-07-23 15:19:02"
803,bougu_110_3_head,グレイスフルハット,"Graceful Hat",set_1fb9287853,グレイスフルセット,tailoring_set,22,虹布,"[""さいだいHP+10"", ""さいだいMP+8"", ""コマンド間隔-0.5秒"", ""状態異常系の成功率+10%"", ""攻撃呪文ダメージ5%減""]",,,,72,59,,,49,49,inherit,65,110,旅人の優雅な日常,砂の都ファラザードのレシピ屋,,頭,裁縫頭,3,"[{""count"": 10, ""item_id"": 832}, {""count"": 1, ""item_id"": 668}, {""count"": 1, ""item_id"": 728}, {""count"": 5, ""item_id"": 548}, {""count"": 5, ""item_id"": 547}]","[[null, ""230"", null], [""300"", ""230"", ""230""]]",https://draquex.com/bougu/0-zenbu.php,https://draquex.com/bougu/a-110-5.php,,14,"2026-03-12 01:42:20","2026-07-23 15:19:02"
804,bougu_110_3_body_top,グレイスフルコート,"Graceful Coat",set_1fb9287853,グレイスフルセット,tailoring_set,22,虹布,"[""さいだいHP+10"", ""さいだいMP+8"", ""コマンド間隔-0.5秒"", ""状態異常系の成功率+10%"", ""攻撃呪文ダメージ5%減""]",,,,100,75,,,103,103,inherit,65,110,旅人の優雅な日常,砂の都ファラザードのレシピ屋,,体上,裁縫上,3,"[{""count"": 10, ""item_id"": 832}, {""count"": 1, ""item_id"": 711}, {""count"": 1, ""item_id"": 833}, {""count"": 5, ""item_id"": 866}, {""count"": 5, ""item_id"": 547}]","[[""120"", ""130"", ""120""], [""90"", ""170"", ""90""], [""70"", ""130"", ""70""]]",https://draquex.com/bougu/0-zenbu.php,https://draquex.com/bougu/b-110-5.php,,18,"2026-03-12 01:42:20","2026-07-23 15:19:02"
805,bougu_110_3_body_bottom,グレイスフルボトム,"Graceful Pants",set_1fb9287853,グレイスフルセット,tailoring_set,22,虹布,"[""さいだいHP+10"", ""さいだいMP+8"", ""コマンド間隔-0.5秒"", ""状態異常系の成功率+10%"", ""攻撃呪文ダメージ5%減""]",,,,65,50,,,,,inherit,65,110,旅人の優雅な日常,砂の都ファラザードのレシピ屋,,体下,裁縫下,2,"[{""count"": 10, ""item_id"": 832}, {""count"": 1, ""item_id"": 862}, {""count"": 1, ""item_id"": 868}, {""count"": 5, ""item_id"": 683}, {""count"": 5, ""item_id"": 547}]","[[""170"", ""200""], [""200"", ""170""], [""100"", ""100""]]",https://draquex.com/bougu/0-zenbu.php,https://draquex.com/bougu/c-110-5.php,,9,"2026-03-12 01:42:20","2026-07-23 15:19:02"
806,bougu_110_3_foot,グレイスフルブーツ,"Graceful Boots",set_1fb9287853,グレイスフルセット,tailoring_set,22,虹布,"[""さいだいHP+10"", ""さいだいMP+8"", ""コマンド間隔-0.5秒"", ""状態異常系の成功率+10%"", ""攻撃呪文ダメージ5%減""]",,,,19,42,109,,,,inherit,65,110,旅人の優雅な日常,砂の都ファラザードのレシピ屋,,足,裁縫足,2,"[{""count"": 10, ""item_id"": 832}, {""count"": 1, ""item_id"": 687}, {""count"": 1, ""item_id"": 835}, {""count"": 5, ""item_id"": 548}, {""count"": 5, ""item_id"": 547}]","[[""200"", ""200""], [""290"", ""290""]]",https://draquex.com/bougu/0-zenbu.php,https://draquex.com/bougu/e-110-5.php,,9,"2026-03-12 01:42:20","2026-07-23 15:19:02"
807,bougu_110_4_head,ファフニルヘルム,"Fafnir Helm",set_5852135cb5,ファフニルセット,armor_set,23,,"[""さいだいHP+14"", ""こうげき力+7"", ""特技のダメージ+15(試合無効)"", ""行動時5.0%でバイシオンとピオラ"", ""3.0%でターン消費なし(試合無効)""]",,,,75,24,,,,,inherit,65,110,財宝を守るドラゴン,砂の都ファラザードのレシピ屋,,頭,鎧頭,2,"[{""count"": 5, ""item_id"": 741}, {""count"": 1, ""item_id"": 834}, {""count"": 1, ""item_id"": 608}, {""count"": 5, ""item_id"": 698}, {""count"": 5, ""item_id"": 865}]","[[""275-283"", ""275-283""], [""220-229"", ""220-229""]]",https://draquex.com/bougu/0-zenbu.php,https://draquex.com/bougu/a-110-3.php,,13,"2026-03-12 01:42:22","2026-07-23 15:19:02"
808,bougu_110_4_body_top,ファフニルメイル上,"Fafnir Mail Top",set_5852135cb5,ファフニルセット,armor_set,23,,"[""さいだいHP+14"", ""こうげき力+7"", ""特技のダメージ+15(試合無効)"", ""行動時5.0%でバイシオンとピオラ"", ""3.0%でターン消費なし(試合無効)""]",,,,93,28,,,,,inherit,65,110,財宝を守るドラゴン,砂の都ファラザードのレシピ屋,,体上,鎧上,2,"[{""count"": 5, ""item_id"": 741}, {""count"": 1, ""item_id"": 687}, {""count"": 1, ""item_id"": 833}, {""count"": 5, ""item_id"": 718}, {""count"": 5, ""item_id"": 865}]","[[""170-178"", ""230-240""], [""160-170"", ""170-178""], [""130-138"", ""130-138""]]",https://draquex.com/bougu/0-zenbu.php,https://draquex.com/bougu/b-110-3.php,,19,"2026-03-12 01:42:22","2026-07-23 15:19:02"
809,bougu_110_4_body_bottom,ファフニルメイル下,"Fafnir Mail Bottom",set_5852135cb5,ファフニルセット,armor_set,23,,"[""さいだいHP+14"", ""こうげき力+7"", ""特技のダメージ+15(試合無効)"", ""行動時5.0%でバイシオンとピオラ"", ""3.0%でターン消費なし(試合無効)""]",,,,56,20,,,,,inherit,65,110,財宝を守るドラゴン,砂の都ファラザードのレシピ屋,,体下,鎧下,2,"[{""count"": 5, ""item_id"": 741}, {""count"": 1, ""item_id"": 862}, {""count"": 1, ""item_id"": 833}, {""count"": 5, ""item_id"": 643}, {""count"": 5, ""item_id"": 865}]","[[""145-154"", ""145-154""], [""120-128"", ""100-108""], [""100-108"", ""120-128""], [""115-123"", ""115-123""]]",https://draquex.com/bougu/0-zenbu.php,https://draquex.com/bougu/c-110-3.php,,10,"2026-03-12 01:42:22","2026-07-23 15:19:02"
810,bougu_110_4_arm,ファフニルアーム,"Fafnir Armguards",set_5852135cb5,ファフニルセット,armor_set,23,,"[""さいだいHP+14"", ""こうげき力+7"", ""特技のダメージ+15(試合無効)"", ""行動時5.0%でバイシオンとピオラ"", ""3.0%でターン消費なし(試合無効)""]",,,,20,17,,90,,,inherit,65,110,財宝を守るドラゴン,砂の都ファラザードのレシピ屋,,腕,鎧腕,1,"[{""count"": 5, ""item_id"": 741}, {""count"": 1, ""item_id"": 668}, {""count"": 1, ""item_id"": 597}, {""count"": 5, ""item_id"": 716}, {""count"": 5, ""item_id"": 865}]","[[""320-329""], [""320-329""], [""280-288""]]",https://draquex.com/bougu/0-zenbu.php,https://draquex.com/bougu/d-110-3.php,,9,"2026-03-12 01:42:22","2026-07-23 15:19:02"
811,bougu_110_4_foot,ファフニルブーツ,"Fafnir Boots",set_5852135cb5,ファフニルセット,armor_set,23,,"[""さいだいHP+14"", ""こうげき力+7"", ""特技のダメージ+15(試合無効)"", ""行動時5.0%でバイシオンとピオラ"", ""3.0%でターン消費なし(試合無効)""]",,,,20,17,90,,,,inherit,65,110,財宝を守るドラゴン,砂の都ファラザードのレシピ屋,,足,鎧足,2,"[{""count"": 5, ""item_id"": 741}, {""count"": 1, ""item_id"": 834}, {""count"": 1, ""item_id"": 754}, {""count"": 5, ""item_id"": 716}, {""count"": 5, ""item_id"": 865}]","[[""250-258"", """"], [""250-258"", """"], [""230-240"", ""230-240""]]",https://draquex.com/bougu/0-zenbu.php,https://draquex.com/bougu/e-110-3.php,,9,"2026-03-12 01:42:22","2026-07-23 15:19:02"
812,bougu_110_5_head,ワンダラーズベレー,"Wanderers Beret",set_fd305fc5fb,ワンダラーズセット,tailoring_set,21,再生布,"[""さいだいHP+11"", ""きようさ+65"", ""開戦時100%で早詠みの杖"", ""行動時5.0%で早詠みの杖"", ""必殺チャージ率+1%""]",,,,80,47,,,55,55,inherit,65,110,ワンダラー放浪記,砂の都ファラザードのレシピ屋,,頭,裁縫頭,3,"[{""count"": 10, ""item_id"": 832}, {""count"": 1, ""item_id"": 738}, {""count"": 1, ""item_id"": 818}, {""count"": 5, ""item_id"": 548}, {""count"": 5, ""item_id"": 547}]","[[null, ""260"", null], [""260"", ""190"", ""190""]]",https://draquex.com/bougu/0-zenbu.php,https://draquex.com/bougu/a-110-4.php,,18,"2026-03-12 01:42:25","2026-07-23 15:19:02"
813,bougu_110_5_body_top,ワンダラーズマント,"Wanderers Mantle",set_fd305fc5fb,ワンダラーズセット,tailoring_set,21,再生布,"[""さいだいHP+11"", ""きようさ+65"", ""開戦時100%で早詠みの杖"", ""行動時5.0%で早詠みの杖"", ""必殺チャージ率+1%""]",,,,104,64,,,70,70,inherit,65,110,ワンダラー放浪記,砂の都ファラザードのレシピ屋,,体上,裁縫上,3,"[{""count"": 10, ""item_id"": 832}, {""count"": 1, ""item_id"": 668}, {""count"": 1, ""item_id"": 867}, {""count"": 5, ""item_id"": 548}, {""count"": 5, ""item_id"": 547}]","[[""120"", ""150"", ""120""], [""90"", ""120"", ""90""], [""90"", ""100"", ""90""]]",https://draquex.com/bougu/0-zenbu.php,https://draquex.com/bougu/b-110-4.php,,21,"2026-03-12 01:42:25","2026-07-23 15:19:02"
814,bougu_110_5_arm,ワンダラーズグラブ,"Wanderers Gloves",set_fd305fc5fb,ワンダラーズセット,tailoring_set,21,再生布,"[""さいだいHP+11"", ""きようさ+65"", ""開戦時100%で早詠みの杖"", ""行動時5.0%で早詠みの杖"", ""必殺チャージ率+1%""]",,,,22,31,,99,,,inherit,65,110,ワンダラー放浪記,砂の都ファラザードのレシピ屋,,腕,裁縫腕,3,"[{""count"": 10, ""item_id"": 832}, {""count"": 1, ""item_id"": 861}, {""count"": 1, ""item_id"": 745}, {""count"": 5, ""item_id"": 800}, {""count"": 5, ""item_id"": 547}]","[[""180"", ""140"", ""130""], [""180"", ""130"", ""140""]]",https://draquex.com/bougu/0-zenbu.php,https://draquex.com/bougu/d-110-4.php,,9,"2026-03-12 01:42:25","2026-07-23 15:19:02"
815,bougu_110_5_foot,ワンダラーズブーツ,"Wanderers Boots",set_fd305fc5fb,ワンダラーズセット,tailoring_set,21,再生布,"[""さいだいHP+11"", ""きようさ+65"", ""開戦時100%で早詠みの杖"", ""行動時5.0%で早詠みの杖"", ""必殺チャージ率+1%""]",,,,22,31,99,,,,inherit,65,110,ワンダラー放浪記,砂の都ファラザードのレシピ屋,,足,裁縫足,2,"[{""count"": 10, ""item_id"": 832}, {""count"": 1, ""item_id"": 711}, {""count"": 1, ""item_id"": 833}, {""count"": 5, ""item_id"": 643}, {""count"": 5, ""item_id"": 547}]","[[""260"", ""260""], [""190"", ""190""]]",https://draquex.com/bougu/0-zenbu.php,https://draquex.com/bougu/e-110-4.php,,9,"2026-03-12 01:42:25","2026-07-23 15:19:02"
816,bougu_108_1_head,ひかりサークレット,"Shimmering Circlet",set_94fd9d6f47,ひかりのローブセット,tailoring_set,19,虹布,"[""おしゃれさ+50"", ""さいだいHP+10"", ""こうげき魔力とかいふく魔力+10"", ""行動時10%でマホターン"", ""光の攻撃ダメージ+5%""]",,,,59,15,,,83,83,inherit,65,108,聖なる光の加護,王都キィンベルのレシピ屋,,頭,裁縫頭,3,"[{""count"": 10, ""item_id"": 832}, {""count"": 2, ""item_id"": 708}, {""count"": 30, ""item_id"": 609}, {""count"": 5, ""item_id"": 547}]","[[null, ""130"", null], [""270"", ""300"", ""270""]]",https://draquex.com/bougu/0-zenbu.php,https://draquex.com/bougu/a-108-2.php,,9,"2026-03-12 01:42:27","2026-07-23 15:19:02"
817,bougu_108_1_body_top,ひかりのローブ,"Shimmering Dress",set_94fd9d6f47,ひかりのローブセット,tailoring_set,19,虹布,"[""おしゃれさ+50"", ""さいだいHP+10"", ""こうげき魔力とかいふく魔力+10"", ""行動時10%でマホターン"", ""光の攻撃ダメージ+5%""]",,,,83,16,,,104,104,inherit,65,108,聖なる光の加護,王都キィンベルのレシピ屋,,体上,裁縫上,3,"[{""count"": 10, ""item_id"": 832}, {""count"": 2, ""item_id"": 711}, {""count"": 3, ""item_id"": 752}, {""count"": 10, ""item_id"": 591}, {""count"": 5, ""item_id"": 547}]","[[""120"", ""105"", ""90""], [""100"", ""150"", ""100""], [""90"", ""105"", ""120""]]",https://draquex.com/bougu/0-zenbu.php,https://draquex.com/bougu/b-108-2.php,,12,"2026-03-12 01:42:27","2026-07-23 15:19:02"
818,bougu_108_1_arm,ひかりのグローブ,"Shimmering Gloves",set_94fd9d6f47,ひかりのローブセット,tailoring_set,19,虹布,"[""おしゃれさ+50"", ""さいだいHP+10"", ""こうげき魔力とかいふく魔力+10"", ""行動時10%でマホターン"", ""光の攻撃ダメージ+5%""]",,,,25,7,,90,,,inherit,65,108,聖なる光の加護,王都キィンベルのレシピ屋,,腕,裁縫腕,3,"[{""count"": 10, ""item_id"": 832}, {""count"": 2, ""item_id"": 564}, {""count"": 5, ""item_id"": 648}, {""count"": 20, ""item_id"": 678}, {""count"": 5, ""item_id"": 547}]","[[""130"", ""220"", ""130""], [""130"", ""220"", ""130""]]",https://draquex.com/bougu/0-zenbu.php,https://draquex.com/bougu/d-108-2.php,,5,"2026-03-12 01:42:27","2026-07-23 15:19:02"
819,bougu_108_1_foot,ひかりのブーツ,"Shimmering Boots",set_94fd9d6f47,ひかりのローブセット,tailoring_set,19,虹布,"[""おしゃれさ+50"", ""さいだいHP+10"", ""こうげき魔力とかいふく魔力+10"", ""行動時10%でマホターン"", ""光の攻撃ダメージ+5%""]",,,,25,7,90,,,,inherit,65,108,聖なる光の加護,王都キィンベルのレシピ屋,,足,裁縫足,2,"[{""count"": 10, ""item_id"": 832}, {""count"": 3, ""item_id"": 644}, {""count"": 5, ""item_id"": 753}, {""count"": 10, ""item_id"": 784}, {""count"": 5, ""item_id"": 547}]","[[""285"", ""200""], [""200"", ""285""]]",https://draquex.com/bougu/0-zenbu.php,https://draquex.com/bougu/e-108-2.php,,5,"2026-03-12 01:42:27","2026-07-23 15:19:02"
820,bougu_108_2_head,ミラーヘルム,"Mirror Helm",set_61dafe12e0,ミラーアーマーセット,armor_set,18,,"[""おしゃれさ+40"", ""おもさ+20"", ""さいだいHP+16"", ""行動時10%でマホターン"", ""受けるダメージを10軽減する""]",,,,92,24,,,20,20,inherit,65,108,鏡のみがき方,王都キィンベルのレシピ屋,,頭,鎧頭,2,"[{""count"": 5, ""item_id"": 741}, {""count"": 1, ""item_id"": 765}, {""count"": 1, ""item_id"": 543}, {""count"": 5, ""item_id"": 531}, {""count"": 5, ""item_id"": 865}]","[[""300-310"", ""160-167""], [""160-167"", ""300-310""]]",https://draquex.com/bougu/0-zenbu.php,https://draquex.com/bougu/a-108-1.php,,35,"2026-03-12 01:42:29","2026-07-23 15:19:02"
821,bougu_108_3_body_top,ミラーアーマー上,"Mirror Armor Top",set_61dafe12e0,ミラーアーマーセット,armor_set,18,,"[""おしゃれさ+40"", ""おもさ+20"", ""さいだいHP+16"", ""行動時10%でマホターン"", ""受けるダメージを10軽減する""]",,,,120,34,,,20,20,inherit,65,108,鏡のみがき方,王都キィンベルのレシピ屋,,からだ上,からだ上,,"[{""count"": 5, ""item_id"": 741}, {""count"": 2, ""item_id"": 787}, {""count"": 2, ""item_id"": 629}, {""count"": 10, ""item_id"": 608}, {""count"": 5, ""item_id"": 865}]",,https://draquex.com/bougu/0-zenbu.php,https://draquex.com/bougu/b-108-1.php,,62,"2026-03-12 01:42:29","2026-07-23 15:19:02"
822,bougu_108_2_body_bottom,ミラーアーマー下,"Mirror Armor Bottom",set_61dafe12e0,ミラーアーマーセット,armor_set,18,,"[""おしゃれさ+40"", ""おもさ+20"", ""さいだいHP+16"", ""行動時10%でマホターン"", ""受けるダメージを10軽減する""]",,,,66,14,,,,,inherit,65,108,鏡のみがき方,王都キィンベルのレシピ屋,,体下,鎧下,2,"[{""count"": 5, ""item_id"": 741}, {""count"": 1, ""item_id"": 862}, {""count"": 5, ""item_id"": 838}, {""count"": 10, ""item_id"": 845}, {""count"": 5, ""item_id"": 865}]","[[""100-108"", ""140-148""], [""100-108"", ""140-148""], [""140-148"", ""100-108""], [""140-148"", ""100-108""]]",https://draquex.com/bougu/0-zenbu.php,https://draquex.com/bougu/c-108-1.php,,37,"2026-03-12 01:42:30","2026-07-23 15:19:02"
823,bougu_108_2_arm,ミラーガントレット,"Mirror Gauntlets",set_61dafe12e0,ミラーアーマーセット,armor_set,18,,"[""おしゃれさ+40"", ""おもさ+20"", ""さいだいHP+16"", ""行動時10%でマホターン"", ""受けるダメージを10軽減する""]",,,,48,8,,58,,,inherit,65,108,鏡のみがき方,王都キィンベルのレシピ屋,,腕,鎧腕,1,"[{""count"": 5, ""item_id"": 741}, {""count"": 1, ""item_id"": 644}, {""count"": 3, ""item_id"": 856}, {""count"": 10, ""item_id"": 810}, {""count"": 5, ""item_id"": 865}]","[[""300-309""], [""300-309""], [""250-258""]]",https://draquex.com/bougu/0-zenbu.php,https://draquex.com/bougu/d-108-1.php,,25,"2026-03-12 01:42:30","2026-07-23 15:19:02"
824,bougu_108_2_foot,ミラーグリーブ,"Mirror Greaves",set_61dafe12e0,ミラーアーマーセット,armor_set,18,,"[""おしゃれさ+40"", ""おもさ+20"", ""さいだいHP+16"", ""行動時10%でマホターン"", ""受けるダメージを10軽減する""]",,,,48,8,58,,,,inherit,65,108,鏡のみがき方,王都キィンベルのレシピ屋,,足,鎧足,2,"[{""count"": 5, ""item_id"": 741}, {""count"": 1, ""item_id"": 687}, {""count"": 1, ""item_id"": 703}, {""count"": 5, ""item_id"": 613}, {""count"": 5, ""item_id"": 865}]","[[""250-260"", null], [""250-260"", null], [""190-197"", ""190-197""]]",https://draquex.com/bougu/0-zenbu.php,https://draquex.com/bougu/e-108-1.php,,28,"2026-03-12 01:42:30","2026-07-23 15:19:02"
825,bougu_108_4_head,かぜのぼうし,"Wind Hat",set_9d1e39db9d,かぜのマントセット,tailoring_set,22,再生布,"[""おしゃれさ+70"", ""さいだいHP+10"", ""すばやさ+60"", ""風ダメージ20％減"", ""呪文と特技の回復+30%""]",,,,68,43,,,46,46,inherit,65,108,風に乗るマント,王都キィンベルのレシピ屋,,頭,裁縫頭,3,"[{""count"": 10, ""item_id"": 832}, {""count"": 1, ""item_id"": 765}, {""count"": 5, ""item_id"": 629}, {""count"": 20, ""item_id"": 784}, {""count"": 5, ""item_id"": 547}]","[[null, ""300"", null], [""220"", ""150"", ""220""]]",https://draquex.com/bougu/0-zenbu.php,https://draquex.com/bougu/a-108-5.php,,14,"2026-03-12 01:42:32","2026-07-23 15:19:02"
826,bougu_108_4_body_top,かぜのマント,"Windbraker Cloak",set_9d1e39db9d,かぜのマントセット,tailoring_set,22,再生布,"[""おしゃれさ+70"", ""さいだいHP+10"", ""すばやさ+60"", ""風ダメージ20％減"", ""呪文と特技の回復+30%""]",,,,96,59,,,100,100,inherit,65,108,風に乗るマント,王都キィンベルのレシピ屋,,体上,裁縫上,3,"[{""count"": 10, ""item_id"": 832}, {""count"": 1, ""item_id"": 747}, {""count"": 2, ""item_id"": 611}, {""count"": 5, ""item_id"": 735}, {""count"": 5, ""item_id"": 547}]","[[""70"", ""90"", ""70""], [""100"", ""120"", ""100""], [""130"", ""150"", ""130""]]",https://draquex.com/bougu/0-zenbu.php,https://draquex.com/bougu/b-108-5.php,,18,"2026-03-12 01:42:32","2026-07-23 15:19:02"
827,bougu_108_4_arm,かぜのグローブ,"Windbraker Gloves",set_9d1e39db9d,かぜのマントセット,tailoring_set,22,再生布,"[""おしゃれさ+70"", ""さいだいHP+10"", ""すばやさ+60"", ""風ダメージ20％減"", ""呪文と特技の回復+30%""]",,,,17,27,,92,,,inherit,65,108,風に乗るマント,王都キィンベルのレシピ屋,,腕,裁縫腕,3,"[{""count"": 10, ""item_id"": 832}, {""count"": 2, ""item_id"": 752}, {""count"": 5, ""item_id"": 554}, {""count"": 20, ""item_id"": 609}, {""count"": 5, ""item_id"": 547}]","[[""90"", ""140"", ""200""], [""90"", ""140"", ""200""]]",https://draquex.com/bougu/0-zenbu.php,https://draquex.com/bougu/d-108-5.php,,8,"2026-03-12 01:42:32","2026-07-23 15:19:02"
828,bougu_108_4_foot,かぜのブーツ,"Windbraker Boots",set_9d1e39db9d,かぜのマントセット,tailoring_set,22,再生布,"[""おしゃれさ+70"", ""さいだいHP+10"", ""すばやさ+60"", ""風ダメージ20％減"", ""呪文と特技の回復+30%""]",,,,18,28,104,,,,inherit,65,108,風に乗るマント,王都キィンベルのレシピ屋,,足,裁縫足,2,"[{""count"": 10, ""item_id"": 832}, {""count"": 2, ""item_id"": 711}, {""count"": 3, ""item_id"": 738}, {""count"": 10, ""item_id"": 669}, {""count"": 5, ""item_id"": 547}]","[[""270"", ""270""], [""165"", ""165""]]",https://draquex.com/bougu/0-zenbu.php,https://draquex.com/bougu/e-108-5.php,,9,"2026-03-12 01:42:32","2026-07-23 15:19:02"
829,bougu_108_5_head,開祖のぼうし,"Founder's Hat",set_99aad7ea0a,開祖の道着セット,tailoring_set,25,ピンク布,"[""おしゃれさ+45"", ""さいだいHP+13"", ""こうげき力+6"", ""会心率と呪文暴走率+1.5%"", ""会心と暴走ダメージ+100(試合無効)""]",,,,70,14,,,,,inherit,65,108,開祖の秘伝書,王都キィンベルのレシピ屋,,頭,,3,"[{""count"": 10, ""item_id"": 832}, {""count"": 1, ""item_id"": 607}, {""count"": 5, ""item_id"": 753}, {""count"": 30, ""item_id"": 718}, {""count"": 5, ""item_id"": 547}]","[[null, ""260"", null], [""260"", ""260"", ""260""]]",https://draquex.com/bougu/0-zenbu.php,https://draquex.com/bougu/a-108-3.php,,13,"2026-03-12 01:42:34","2026-07-23 15:19:02"
830,bougu_108_5_body_top,開祖の道着上,"Founder's Dogi Top",set_99aad7ea0a,開祖の道着セット,tailoring_set,25,ピンク布,"[""おしゃれさ+45"", ""さいだいHP+13"", ""こうげき力+6"", ""会心率と呪文暴走率+1.5%"", ""会心と暴走ダメージ+100(試合無効)""]",,,,90,18,,,,,inherit,65,108,開祖の秘伝書,王都キィンベルのレシピ屋,,体上,,3,"[{""count"": 10, ""item_id"": 832}, {""count"": 1, ""item_id"": 757}, {""count"": 5, ""item_id"": 649}, {""count"": 20, ""item_id"": 548}, {""count"": 5, ""item_id"": 547}]","[[""140"", ""90"", ""140""], [""90"", ""140"", ""90""], [""110"", ""110"", ""110""]]",https://draquex.com/bougu/0-zenbu.php,https://draquex.com/bougu/b-108-3.php,,19,"2026-03-12 01:42:34","2026-07-23 15:19:02"
831,bougu_108_5_body_bottom,開祖の道着下,"Founder's Dogi Bottom",set_99aad7ea0a,開祖の道着セット,tailoring_set,25,ピンク布,"[""おしゃれさ+45"", ""さいだいHP+13"", ""こうげき力+6"", ""会心率と呪文暴走率+1.5%"", ""会心と暴走ダメージ+100(試合無効)""]",,,,52,10,,,,,inherit,65,108,開祖の秘伝書,王都キィンベルのレシピ屋,,体下,,2,"[{""count"": 10, ""item_id"": 832}, {""count"": 2, ""item_id"": 708}, {""count"": 3, ""item_id"": 752}, {""count"": 20, ""item_id"": 801}, {""count"": 5, ""item_id"": 547}]","[[""200"", ""300""], [""135"", ""135""], [""135"", ""135""]]",https://draquex.com/bougu/0-zenbu.php,https://draquex.com/bougu/c-108-3.php,,10,"2026-03-12 01:42:34","2026-07-23 15:19:02"
832,bougu_108_5_arm,開祖のてぶくろ,"Founder's Gloves",set_99aad7ea0a,開祖の道着セット,tailoring_set,25,ピンク布,"[""おしゃれさ+45"", ""さいだいHP+13"", ""こうげき力+6"", ""会心率と呪文暴走率+1.5%"", ""会心と暴走ダメージ+100(試合無効)""]",,,,19,8,,86,,,inherit,65,108,開祖の秘伝書,王都キィンベルのレシピ屋,,腕,,3,"[{""count"": 10, ""item_id"": 832}, {""count"": 2, ""item_id"": 782}, {""count"": 2, ""item_id"": 611}, {""count"": 20, ""item_id"": 805}, {""count"": 5, ""item_id"": 547}]","[[""80"", ""200"", ""240""], [""80"", ""240"", ""200""]]",https://draquex.com/bougu/0-zenbu.php,https://draquex.com/bougu/d-108-3.php,,9,"2026-03-12 01:42:34","2026-07-23 15:19:02"
833,bougu_108_5_foot,開祖のブーツ,"Founder's Boots",set_99aad7ea0a,開祖の道着セット,tailoring_set,25,ピンク布,"[""おしゃれさ+45"", ""さいだいHP+13"", ""こうげき力+6"", ""会心率と呪文暴走率+1.5%"", ""会心と暴走ダメージ+100(試合無効)""]",,,,19,8,,,86,,inherit,65,108,開祖の秘伝書,王都キィンベルのレシピ屋,,足,,2,"[{""count"": 10, ""item_id"": 832}, {""count"": 2, ""item_id"": 787}, {""count"": 10, ""item_id"": 594}, {""count"": 10, ""item_id"": 818}, {""count"": 5, ""item_id"": 547}]","[[""260"", ""260""], [""260"", ""260""]]",https://draquex.com/bougu/0-zenbu.php,https://draquex.com/bougu/e-108-3.php,,9,"2026-03-12 01:42:34","2026-07-23 15:19:02"
834,bougu_108_6_head,ドラゴンバンド,"Dragonscale Headband",set_13242979cb,ドラゴンセット,armor_set,21,,"[""おしゃれさ+60"", ""さいだいHP+11"", ""きようさ+60"", ""炎ダメージ20％減"", ""土ダメージ20％減""]",,,,75,31,,,50,50,inherit,65,108,ドラゴンのうろこ加工法,王都キィンベルのレシピ屋,,頭,鎧頭,2,"[{""count"": 5, ""item_id"": 741}, {""count"": 1, ""item_id"": 833}, {""count"": 2, ""item_id"": 649}, {""count"": 5, ""item_id"": 657}, {""count"": 5, ""item_id"": 865}]","[[""190-200"", ""190-200""], [""300-308"", ""300-308""]]",https://draquex.com/bougu/0-zenbu.php,https://draquex.com/bougu/a-108-4.php,,17,"2026-03-12 01:42:36","2026-07-23 15:19:02"
835,bougu_108_6_body_top,ドラゴンベスト上,"Dragonscale Vest",set_13242979cb,ドラゴンセット,armor_set,21,,"[""おしゃれさ+60"", ""さいだいHP+11"", ""きようさ+60"", ""炎ダメージ20％減"", ""土ダメージ20％減""]",,,,99,48,,,65,65,inherit,65,108,ドラゴンのうろこ加工法,王都キィンベルのレシピ屋,,体上,鎧上,2,"[{""count"": 5, ""item_id"": 741}, {""count"": 1, ""item_id"": 711}, {""count"": 5, ""item_id"": 648}, {""count"": 10, ""item_id"": 844}, {""count"": 5, ""item_id"": 865}]","[[""200-210"", ""160-168""], [""160-168"", ""200-210""], [""130-138"", ""130-138""]]",https://draquex.com/bougu/0-zenbu.php,https://draquex.com/bougu/b-108-4.php,,20,"2026-03-12 01:42:36","2026-07-23 15:19:02"
836,bougu_108_6_body_bottom,ドラゴンベスト下,"Dragonscale Pants",set_13242979cb,ドラゴンセット,armor_set,21,,"[""おしゃれさ+60"", ""さいだいHP+11"", ""きようさ+60"", ""炎ダメージ20％減"", ""土ダメージ20％減""]",,,,57,25,,,,,inherit,65,108,ドラゴンのうろこ加工法,王都キィンベルのレシピ屋,,体下,鎧下,2,"[{""count"": 5, ""item_id"": 741}, {""count"": 1, ""item_id"": 649}, {""count"": 2, ""item_id"": 647}, {""count"": 10, ""item_id"": 674}, {""count"": 5, ""item_id"": 865}]","[[""150-160"", ""150-160""], [""130-138"", ""130-138""], [""100-108"", ""100-108""], [""100-108"", ""100-108""]]",https://draquex.com/bougu/0-zenbu.php,https://draquex.com/bougu/c-108-4.php,,12,"2026-03-12 01:42:36","2026-07-23 15:19:02"
837,bougu_108_6_arm,ドラゴングローブ,"Dragonscale Gloves",set_13242979cb,ドラゴンセット,armor_set,21,,"[""おしゃれさ+60"", ""さいだいHP+11"", ""きようさ+60"", ""炎ダメージ20％減"", ""土ダメージ20％減""]",,,,21,16,,94,,,inherit,65,108,ドラゴンのうろこ加工法,王都キィンベルのレシピ屋,,腕,鎧腕,1,"[{""count"": 5, ""item_id"": 741}, {""count"": 1, ""item_id"": 738}, {""count"": 1, ""item_id"": 611}, {""count"": 10, ""item_id"": 751}, {""count"": 5, ""item_id"": 865}]","[[""305-314""], [""305-314""], [""305-314""]]",https://draquex.com/bougu/0-zenbu.php,https://draquex.com/bougu/d-108-4.php,,9,"2026-03-12 01:42:36","2026-07-23 15:19:02"
838,bougu_108_6_foot,ドラゴンブーツ,"Dragonscale Boots",set_13242979cb,ドラゴンセット,armor_set,21,,"[""おしゃれさ+60"", ""さいだいHP+11"", ""きようさ+60"", ""炎ダメージ20％減"", ""土ダメージ20％減""]",,,,21,16,94,,,,inherit,65,108,ドラゴンのうろこ加工法,王都キィンベルのレシピ屋,,足,鎧足,2,"[{""count"": 5, ""item_id"": 741}, {""count"": 1, ""item_id"": 787}, {""count"": 2, ""item_id"": 648}, {""count"": 10, ""item_id"": 844}, {""count"": 5, ""item_id"": 865}]","[["""", ""300-310""], ["""", ""250-260""], [""200-208"", ""200-208""]]",https://draquex.com/bougu/0-zenbu.php,https://draquex.com/bougu/e-108-4.php,,9,"2026-03-12 01:42:36","2026-07-23 15:19:02"
839,bougu_105_1_head,アビスハット,"Abyss Hat",set_364bcc099f,アビスセーラーセット,tailoring_set,19,ピンク布,"[""おしゃれさ+50"", ""さいだいHP+10"", ""さいだいMP+10"", ""雷ダメージ20%減"", ""闇ダメージ20%減""]",,,,57,14,,,76,76,inherit,60,105,深淵をのぞくもの,王都キィンベルのレシピ屋,,頭,裁縫頭,3,"[{""count"": 10, ""item_id"": 832}, {""count"": 1, ""item_id"": 757}, {""count"": 10, ""item_id"": 703}, {""count"": 20, ""item_id"": 821}, {""count"": 5, ""item_id"": 547}]","[[null, ""320"", null], [""220"", ""220"", ""220""]]",https://draquex.com/bougu/0-zenbu.php,https://draquex.com/bougu/a-105-5.php,,9,"2026-03-12 01:42:38","2026-07-23 15:19:02"
840,bougu_105_1_body_top,アビスセーラー上,"Abyss Shirt",set_364bcc099f,アビスセーラーセット,tailoring_set,19,ピンク布,"[""おしゃれさ+50"", ""さいだいHP+10"", ""さいだいMP+10"", ""雷ダメージ20%減"", ""闇ダメージ20%減""]",,,,51,15,,,97,97,inherit,60,105,深淵をのぞくもの,王都キィンベルのレシピ屋,,体上,裁縫上,,"[{""count"": 10, ""item_id"": 832}, {""count"": 1, ""item_id"": 708}, {""count"": 10, ""item_id"": 862}, {""count"": 20, ""item_id"": 657}, {""count"": 5, ""item_id"": 547}]","[[""80"", ""125"", ""80""], [""145"", ""150"", ""145""], [""80"", ""90"", ""80""]]",https://draquex.com/bougu/0-zenbu.php,https://draquex.com/bougu/b-105-5.php,,12,"2026-03-12 01:42:38","2026-07-23 15:19:02"
841,bougu_105_1_body_bottom,アビスセーラー下,"Abyss Bottoms",set_364bcc099f,アビスセーラーセット,tailoring_set,19,ピンク布,"[""おしゃれさ+50"", ""さいだいHP+10"", ""さいだいMP+10"", ""雷ダメージ20%減"", ""闇ダメージ20%減""]",,,,46,14,,,,,inherit,60,105,深淵をのぞくもの,王都キィンベルのレシピ屋,,体下,裁縫下,2,"[{""count"": 10, ""item_id"": 832}, {""count"": 1, ""item_id"": 757}, {""count"": 10, ""item_id"": 648}, {""count"": 20, ""item_id"": 801}, {""count"": 5, ""item_id"": 547}]","[[""170"", ""150""], [""150"", ""200""], [""100"", ""200""]]",https://draquex.com/bougu/0-zenbu.php,https://draquex.com/bougu/c-105-5.php,,7,"2026-03-12 01:42:38","2026-07-23 15:19:02"
842,bougu_105_1_foot,アビスブーツ,"Abyss Boots",set_364bcc099f,アビスセーラーセット,tailoring_set,19,ピンク布,"[""おしゃれさ+50"", ""さいだいHP+10"", ""さいだいMP+10"", ""雷ダメージ20%減"", ""闇ダメージ20%減""]",,,,24,6,86,,,,inherit,60,105,深淵をのぞくもの,王都キィンベルのレシピ屋,,足,裁縫足,2,"[{""count"": 10, ""item_id"": 832}, {""count"": 1, ""item_id"": 647}, {""count"": 10, ""item_id"": 833}, {""count"": 20, ""item_id"": 549}, {""count"": 5, ""item_id"": 547}]","[[""275"", ""275""], [""212"", ""212""]]",https://draquex.com/bougu/0-zenbu.php,https://draquex.com/bougu/e-105-5.php,,5,"2026-03-12 01:42:38","2026-07-23 15:19:02"
843,bougu_105_2_head,ネヴァンヘルム,"Nemain Helm",set_5c95ea5d78,ネヴァンセット,armor_set,18,,"[""おしゃれさ40"", ""おもさ+20"", ""さいだいHP+14"", ""敵を倒すと5%でバイシオン"", ""復活時ヘヴィチャージ+25%""]",,,,86,23,,,,,inherit,60,105,勝利をもたらす神黒鳥,王都キィンベルのレシピ屋,,頭,鎧頭,2,"[{""count"": 5, ""item_id"": 741}, {""count"": 2, ""item_id"": 708}, {""count"": 10, ""item_id"": 745}, {""count"": 20, ""item_id"": 807}, {""count"": 5, ""item_id"": 865}]","[[""280-290"", ""280-290""], [""215-223"", ""215-223""]]",https://draquex.com/bougu/0-zenbu.php,https://draquex.com/bougu/a-105-1.php,,34,"2026-03-12 01:42:40","2026-07-23 15:19:02"
844,bougu_105_2_body_top,ネヴァンメイル上,"Nemain Mail Top",set_5c95ea5d78,ネヴァンセット,armor_set,18,,"[""おしゃれさ40"", ""おもさ+20"", ""さいだいHP+14"", ""敵を倒すと5%でバイシオン"", ""復活時ヘヴィチャージ+25%""]",,,,114,33,,,,,inherit,60,105,勝利をもたらす神黒鳥,王都キィンベルのレシピ屋,,体上,鎧上,2,"[{""count"": 5, ""item_id"": 741}, {""count"": 1, ""item_id"": 711}, {""count"": 10, ""item_id"": 649}, {""count"": 10, ""item_id"": 627}, {""count"": 5, ""item_id"": 865}]","[[""156-165"", ""156-165""], [""195-202"", ""195-202""], [""135-144"", ""135-144""]]",https://draquex.com/bougu/0-zenbu.php,https://draquex.com/bougu/b-105-1.php,,60,"2026-03-12 01:42:40","2026-07-23 15:19:02"
845,bougu_105_2_body_bottom,ネヴァンメイル下,"Nemain Mail Bottom",set_5c95ea5d78,ネヴァンセット,armor_set,18,,"[""おしゃれさ40"", ""おもさ+20"", ""さいだいHP+14"", ""敵を倒すと5%でバイシオン"", ""復活時ヘヴィチャージ+25%""]",,,,61,13,,,,,inherit,60,105,勝利をもたらす神黒鳥,王都キィンベルのレシピ屋,,体下,鎧下,2,"[{""count"": 5, ""item_id"": 741}, {""count"": 2, ""item_id"": 883}, {""count"": 5, ""item_id"": 711}, {""count"": 20, ""item_id"": 671}, {""count"": 5, ""item_id"": 865}]","[[""125-133"", ""95-103""], [""95-103"", ""125-133""], [""115-125"", ""115-125""], [""125-133"", ""125-133""]]",https://draquex.com/bougu/0-zenbu.php,https://draquex.com/bougu/c-105-1.php,,35,"2026-03-12 01:42:40","2026-07-23 15:19:02"
846,bougu_105_2_arm,ネヴァングラブ,"Nemain Gloves",set_5c95ea5d78,ネヴァンセット,armor_set,18,,"[""おしゃれさ40"", ""おもさ+20"", ""さいだいHP+14"", ""敵を倒すと5%でバイシオン"", ""復活時ヘヴィチャージ+25%""]",,,,45,7,,56,,,inherit,60,105,勝利をもたらす神黒鳥,王都キィンベルのレシピ屋,,腕,鎧腕,1,"[{""count"": 5, ""item_id"": 741}, {""count"": 2, ""item_id"": 711}, {""count"": 5, ""item_id"": 862}, {""count"": 10, ""item_id"": 549}, {""count"": 5, ""item_id"": 865}]","[[""350-357""], [""295-305""], [""265-271""]]",https://draquex.com/bougu/0-zenbu.php,https://draquex.com/bougu/d-105-1.php,,24,"2026-03-12 01:42:40","2026-07-23 15:19:02"
847,bougu_105_2_foot,ネヴァングリーブ,"Nemain Greaves",set_5c95ea5d78,ネヴァンセット,armor_set,18,,"[""おしゃれさ40"", ""おもさ+20"", ""さいだいHP+14"", ""敵を倒すと5%でバイシオン"", ""復活時ヘヴィチャージ+25%""]",,,,45,7,56,,,,inherit,60,105,勝利をもたらす神黒鳥,王都キィンベルのレシピ屋,,足,鎧足,2,"[{""count"": 5, ""item_id"": 741}, {""count"": 2, ""item_id"": 883}, {""count"": 5, ""item_id"": 711}, {""count"": 20, ""item_id"": 731}, {""count"": 5, ""item_id"": 865}]","[[null, ""220-230""], [null, ""220-230""], [""250-258"", ""260-270""]]",https://draquex.com/bougu/0-zenbu.php,https://draquex.com/bougu/e-105-1.php,,27,"2026-03-12 01:42:40","2026-07-23 15:19:02"
848,bougu_105_3_head,ヴィーラのバンダナ,"Vila's Bandana",set_81e279584a,ヴィーラセット,tailoring_set,22,再生布,"[""おしゃれさ+70"", ""さいだいHP+10"", ""さいだいMP+8"", ""テンションリンク+3％"", ""呪文発動速度+2%""]",,,,64,42,,,43,43,inherit,60,105,精霊に捧げる舞,王都キィンベルのレシピ屋,,頭,裁縫頭,3,"[{""count"": 10, ""item_id"": 832}, {""count"": 2, ""item_id"": 747}, {""count"": 10, ""item_id"": 762}, {""count"": 10, ""item_id"": 846}, {""count"": 5, ""item_id"": 547}]","[[null, ""200"", null], [""200"", ""220"", ""270""]]",https://draquex.com/bougu/0-zenbu.php,https://draquex.com/bougu/a-105-4.php,,13,"2026-03-12 01:42:43","2026-07-23 15:19:02"
849,bougu_105_3_body_top,ヴィーラのころも上,"Vila's Garment Top",set_81e279584a,ヴィーラセット,tailoring_set,22,再生布,"[""おしゃれさ+70"", ""さいだいHP+10"", ""さいだいMP+8"", ""テンションリンク+3％"", ""呪文発動速度+2%""]",,,,92,58,,,95,95,inherit,60,105,精霊に捧げる舞,王都キィンベルのレシピ屋,,体上,裁縫上,3,"[{""count"": 10, ""item_id"": 832}, {""count"": 2, ""item_id"": 765}, {""count"": 5, ""item_id"": 738}, {""count"": 20, ""item_id"": 841}, {""count"": 5, ""item_id"": 547}]","[[""80"", ""80"", ""80""], [""140"", ""130"", ""120""], [""120"", ""110"", ""100""]]",https://draquex.com/bougu/0-zenbu.php,https://draquex.com/bougu/b-105-4.php,,17,"2026-03-12 01:42:43","2026-07-23 15:19:02"
850,bougu_105_3_body_bottom,ヴィーラのころも下,"Vila's Garment Bottom",set_81e279584a,ヴィーラセット,tailoring_set,22,再生布,"[""おしゃれさ+70"", ""さいだいHP+10"", ""さいだいMP+8"", ""テンションリンク+3％"", ""呪文発動速度+2%""]",,,,55,35,,,,,inherit,60,105,精霊に捧げる舞,王都キィンベルのレシピ屋,,体下,裁縫下,2,"[{""count"": 10, ""item_id"": 832}, {""count"": 2, ""item_id"": 747}, {""count"": 5, ""item_id"": 555}, {""count"": 20, ""item_id"": 801}, {""count"": 5, ""item_id"": 547}]","[[""150"", ""135""], [""160"", ""140""], [""170"", ""100""]]",https://draquex.com/bougu/0-zenbu.php,https://draquex.com/bougu/c-105-4.php,,9,"2026-03-12 01:42:43","2026-07-23 15:19:02"
851,bougu_105_3_arm,ヴィーラのグローブ,"Vila's Gloves",set_81e279584a,ヴィーラセット,tailoring_set,22,再生布,"[""おしゃれさ+70"", ""さいだいHP+10"", ""さいだいMP+8"", ""テンションリンク+3％"", ""呪文発動速度+2%""]",,,,16,26,,87,,,inherit,60,105,精霊に捧げる舞,王都キィンベルのレシピ屋,,腕,裁縫腕,3,"[{""count"": 10, ""item_id"": 832}, {""count"": 2, ""item_id"": 695}, {""count"": 10, ""item_id"": 703}, {""count"": 10, ""item_id"": 667}, {""count"": 5, ""item_id"": 547}]","[[""100"", ""228"", ""100""], [""100"", ""228"", ""100""]]",https://draquex.com/bougu/0-zenbu.php,https://draquex.com/bougu/d-105-4.php,,7,"2026-03-12 01:42:43","2026-07-23 15:19:02"
852,bougu_105_3_foot,ヴィーラのサンダル,"Vila's Sandals",set_81e279584a,ヴィーラセット,tailoring_set,22,再生布,"[""おしゃれさ+70"", ""さいだいHP+10"", ""さいだいMP+8"", ""テンションリンク+3％"", ""呪文発動速度+2%""]",,,,17,27,99,,,,inherit,60,105,精霊に捧げる舞,王都キィンベルのレシピ屋,,足,裁縫足,2,"[{""count"": 10, ""item_id"": 832}, {""count"": 1, ""item_id"": 708}, {""count"": 10, ""item_id"": 611}, {""count"": 20, ""item_id"": 657}, {""count"": 5, ""item_id"": 547}]","[[""260"", ""173""], [""173"", ""260""]]",https://draquex.com/bougu/0-zenbu.php,https://draquex.com/bougu/e-105-4.php,,8,"2026-03-12 01:42:43","2026-07-23 15:19:02"
853,bougu_105_4_head,ガナドールバンド,"Victor Headband",set_5a84e1078b,ガナドールセット,armor_set,23,,"[""おしゃれさ+45"", ""さいだいHP+12"", ""こうげき力+5"", ""コマンド間隔-0.5秒"", ""攻撃時5.0％でチャージ時間-10秒""]",,,,65,13,,,,,inherit,60,105,情熱のガナドール,王都キィンベルのレシピ屋,,頭,鎧頭,2,"[{""count"": 5, ""item_id"": 741}, {""count"": 2, ""item_id"": 711}, {""count"": 5, ""item_id"": 861}, {""count"": 20, ""item_id"": 696}, {""count"": 5, ""item_id"": 865}]","[[""190-200"", ""280-288""], [""190-200"", ""340-346""]]",https://draquex.com/bougu/0-zenbu.php,https://draquex.com/bougu/a-105-3.php,,13,"2026-03-12 01:42:45","2026-07-23 15:19:02"
854,bougu_105_4_body_top,ガナドールスーツ上,"Victor Shirt",set_5a84e1078b,ガナドールセット,armor_set,23,,"[""おしゃれさ+45"", ""さいだいHP+12"", ""こうげき力+5"", ""コマンド間隔-0.5秒"", ""攻撃時5.0％でチャージ時間-10秒""]",,,,85,17,,,,,inherit,60,105,情熱のガナドール,王都キィンベルのレシピ屋,,体上,鎧上,2,"[{""count"": 5, ""item_id"": 741}, {""count"": 1, ""item_id"": 862}, {""count"": 10, ""item_id"": 833}, {""count"": 10, ""item_id"": 801}, {""count"": 5, ""item_id"": 865}]","[[""150-160"", ""230-240""], [""150-160"", ""230-240""], [""125-133"", ""125-133""]]",https://draquex.com/bougu/0-zenbu.php,https://draquex.com/bougu/b-105-3.php,,19,"2026-03-12 01:42:45","2026-07-23 15:19:02"
855,bougu_105_4_body_bottom,ガナドールスーツ下,"Victor Pants",set_5a84e1078b,ガナドールセット,armor_set,23,,"[""おしゃれさ+45"", ""さいだいHP+12"", ""こうげき力+5"", ""コマンド間隔-0.5秒"", ""攻撃時5.0％でチャージ時間-10秒""]",,,,48,9,,,,,inherit,60,105,情熱のガナドール,王都キィンベルのレシピ屋,,体下,鎧下,2,"[{""count"": 5, ""item_id"": 741}, {""count"": 1, ""item_id"": 550}, {""count"": 10, ""item_id"": 711}, {""count"": 10, ""item_id"": 720}, {""count"": 5, ""item_id"": 865}]","[[""150-160"", ""150-160""], [""120-128"", ""160-170""], [""105-115"", ""105-115""], [""90-100"", ""90-100""]]",https://draquex.com/bougu/0-zenbu.php,https://draquex.com/bougu/c-105-3.php,,10,"2026-03-12 01:42:45","2026-07-23 15:19:02"
856,bougu_105_4_arm,ガナドールグローブ,"Victor Bracers",set_5a84e1078b,ガナドールセット,armor_set,23,,"[""おしゃれさ+45"", ""さいだいHP+12"", ""こうげき力+5"", ""コマンド間隔-0.5秒"", ""攻撃時5.0％でチャージ時間-10秒""]",,,,18,7,,82,,,inherit,60,105,情熱のガナドール,王都キィンベルのレシピ屋,,腕,鎧腕,1,"[{""count"": 5, ""item_id"": 741}, {""count"": 1, ""item_id"": 708}, {""count"": 10, ""item_id"": 649}, {""count"": 10, ""item_id"": 651}, {""count"": 5, ""item_id"": 865}]","[[""338-345""], [""280-288""], [""360-370""]]",https://draquex.com/bougu/0-zenbu.php,https://draquex.com/bougu/d-105-3.php,,9,"2026-03-12 01:42:45","2026-07-23 15:19:02"
857,bougu_105_4_foot,ガナドールブーツ,"Victor Boots",set_5a84e1078b,ガナドールセット,armor_set,23,,"[""おしゃれさ+45"", ""さいだいHP+12"", ""こうげき力+5"", ""コマンド間隔-0.5秒"", ""攻撃時5.0％でチャージ時間-10秒""]",,,,18,7,82,,,,inherit,60,105,情熱のガナドール,王都キィンベルのレシピ屋,,足,鎧足,2,"[{""count"": 5, ""item_id"": 741}, {""count"": 2, ""item_id"": 550}, {""count"": 5, ""item_id"": 702}, {""count"": 10, ""item_id"": 549}, {""count"": 5, ""item_id"": 865}]","[[""310-318"", """"], [""240-250"", """"], [""190-200"", ""240-250""]]",https://draquex.com/bougu/0-zenbu.php,https://draquex.com/bougu/e-105-3.php,,9,"2026-03-12 01:42:45","2026-07-23 15:19:02"
858,bougu_105_5_head,神技のフード,"Divine Skill Hood",set_12d5305fb5,神技セット,tailoring_set,21,虹布,"[""おしゃれさ+60"", ""さいだいHP+10"", ""きようさ+55"", ""特技のダメージ+10(試合無効)"", ""敵を倒すと3%でためる(試合無効)""]",,,,71,30,,,45,45,inherit,60,105,練達者の神技,王都キィンベルのレシピ屋,,頭,裁縫頭,3,"[{""count"": 10, ""item_id"": 832}, {""count"": 2, ""item_id"": 695}, {""count"": 5, ""item_id"": 738}, {""count"": 20, ""item_id"": 643}, {""count"": 5, ""item_id"": 547}]","[[null, ""255"", null], [""255"", ""200"", ""255""]]",https://draquex.com/bougu/0-zenbu.php,https://draquex.com/bougu/a-105-2.php,,16,"2026-03-12 01:42:48","2026-07-23 15:19:02"
859,bougu_105_5_body_top,神技のベスト,"Divine Skill Vest",set_12d5305fb5,神技セット,tailoring_set,21,虹布,"[""おしゃれさ+60"", ""さいだいHP+10"", ""きようさ+55"", ""特技のダメージ+10(試合無効)"", ""敵を倒すと3%でためる(試合無効)""]",,,,95,47,,,60,60,inherit,60,105,練達者の神技,王都キィンベルのレシピ屋,,体上,裁縫上,3,"[{""count"": 10, ""item_id"": 832}, {""count"": 2, ""item_id"": 550}, {""count"": 5, ""item_id"": 867}, {""count"": 20, ""item_id"": 536}, {""count"": 5, ""item_id"": 547}]","[[""120"", ""140"", ""120""], [""100"", ""110"", ""100""], [""95"", ""95"", ""95""]]",https://draquex.com/bougu/0-zenbu.php,https://draquex.com/bougu/b-105-2.php,,19,"2026-03-12 01:42:48","2026-07-23 15:19:02"
860,bougu_105_5_body_bottom,神技のボトム,"Divine Skill Pants",set_12d5305fb5,神技セット,tailoring_set,21,虹布,"[""おしゃれさ+60"", ""さいだいHP+10"", ""きようさ+55"", ""特技のダメージ+10(試合無効)"", ""敵を倒すと3%でためる(試合無効)""]",,,,53,24,,,,,inherit,60,105,練達者の神技,王都キィンベルのレシピ屋,,体下,裁縫下,2,"[{""count"": 10, ""item_id"": 832}, {""count"": 1, ""item_id"": 862}, {""count"": 10, ""item_id"": 611}, {""count"": 20, ""item_id"": 388}, {""count"": 5, ""item_id"": 547}]","[[""178"", ""200""], [""200"", ""178""], [""80"", ""80""]]",https://draquex.com/bougu/0-zenbu.php,https://draquex.com/bougu/c-105-2.php,,10,"2026-03-12 01:42:48","2026-07-23 15:19:02"
861,bougu_105_5_arm,神技のグローブ,"Divine Skill Gloves",set_12d5305fb5,神技セット,tailoring_set,21,虹布,"[""おしゃれさ+60"", ""さいだいHP+10"", ""きようさ+55"", ""特技のダメージ+10(試合無効)"", ""敵を倒すと3%でためる(試合無効)""]",,,,19,15,,89,,,inherit,60,105,練達者の神技,王都キィンベルのレシピ屋,,腕,裁縫腕,3,"[{""count"": 10, ""item_id"": 832}, {""count"": 2, ""item_id"": 708}, {""count"": 10, ""item_id"": 833}, {""count"": 20, ""item_id"": 868}, {""count"": 5, ""item_id"": 547}]","[[""150"", ""138"", ""190""], [""190"", ""138"", ""150""]]",https://draquex.com/bougu/0-zenbu.php,https://draquex.com/bougu/d-105-2.php,,7,"2026-03-12 01:42:48","2026-07-23 15:19:02"
862,bougu_105_5_foot,神技のブーツ,"Divine Skill Boots",set_12d5305fb5,神技セット,tailoring_set,21,虹布,"[""おしゃれさ+60"", ""さいだいHP+10"", ""きようさ+55"", ""特技のダメージ+10(試合無効)"", ""敵を倒すと3%でためる(試合無効)""]",,,,19,15,89,,,,inherit,60,105,練達者の神技,王都キィンベルのレシピ屋,,足,裁縫足,2,"[{""count"": 10, ""item_id"": 832}, {""count"": 1, ""item_id"": 557}, {""count"": 10, ""item_id"": 711}, {""count"": 20, ""item_id"": 447}, {""count"": 5, ""item_id"": 547}]","[[""242"", ""242""], [""242"", ""242""]]",https://draquex.com/bougu/0-zenbu.php,https://draquex.com/bougu/e-105-2.php,,7,"2026-03-12 01:42:48","2026-07-23 15:19:02"
863,bougu_100_1_head,ソポスの額冠,"Sophos Diadem",set_bddf7b2f7e,ソポスセット,tailoring_set,19,ピンク布,"[""おしゃれさ45"", ""さいだいHP+10"", ""さいだいMP+8"", ""炎・闇の攻撃ダメージ+5％"", ""呪文発動速度+2%""]",,,,53,14,,,71,71,inherit,45,100,ソポスの定理,王都キィンベルのレシピ屋,,頭,裁縫頭,3,"[{""count"": 5, ""item_id"": 557}, {""count"": 1, ""item_id"": 765}, {""count"": 1, ""item_id"": 571}, {""count"": 20, ""item_id"": 823}, {""count"": 5, ""item_id"": 547}]","[[null, ""175"", null], [""220"", ""220"", ""340""]]",https://draquex.com/bougu/0-zenbu.php,https://draquex.com/bougu/a-100-5.php,,9,"2026-03-12 01:42:50","2026-07-23 15:19:02"
864,bougu_100_1_body_top,ソポスのころも上,"Sophos Robe Top",set_bddf7b2f7e,ソポスセット,tailoring_set,19,ピンク布,"[""おしゃれさ45"", ""さいだいHP+10"", ""さいだいMP+8"", ""炎・闇の攻撃ダメージ+5％"", ""呪文発動速度+2%""]",,,,76,15,,,92,92,inherit,45,100,ソポスの定理,王都キィンベルのレシピ屋,,体上,裁縫上,3,"[{""count"": 5, ""item_id"": 557}, {""count"": 1, ""item_id"": 747}, {""count"": 20, ""item_id"": 536}, {""count"": 30, ""item_id"": 548}, {""count"": 5, ""item_id"": 547}]","[[""70"", ""90"", ""130""], [""70"", ""130"", ""145""], [""115"", ""90"", ""115""]]",https://draquex.com/bougu/0-zenbu.php,https://draquex.com/bougu/b-100-5.php,,12,"2026-03-12 01:42:50","2026-07-23 15:19:02"
865,bougu_100_1_body_bottom,ソポスのころも下,"Sophos Robe Bottom",set_bddf7b2f7e,ソポスセット,tailoring_set,19,ピンク布,"[""おしゃれさ45"", ""さいだいHP+10"", ""さいだいMP+8"", ""炎・闇の攻撃ダメージ+5％"", ""呪文発動速度+2%""]",,,,42,14,,,,,inherit,45,100,ソポスの定理,王都キィンベルのレシピ屋,,体下,裁縫下,2,"[{""count"": 5, ""item_id"": 557}, {""count"": 1, ""item_id"": 862}, {""count"": 20, ""item_id"": 867}, {""count"": 30, ""item_id"": 670}, {""count"": 5, ""item_id"": 547}]","[[""133"", ""195""], [""133"", ""195""], [""150"", ""150""]]",https://draquex.com/bougu/0-zenbu.php,https://draquex.com/bougu/c-100-5.php,,7,"2026-03-12 01:42:50","2026-07-23 15:19:02"
866,bougu_100_1_arm,ソポスのうでわ,"Sophos Bangles",set_bddf7b2f7e,ソポスセット,tailoring_set,19,ピンク布,"[""おしゃれさ45"", ""さいだいHP+10"", ""さいだいMP+8"", ""炎・闇の攻撃ダメージ+5％"", ""呪文発動速度+2%""]",,,,22,6,,82,,,inherit,45,100,ソポスの定理,王都キィンベルのレシピ屋,,腕,裁縫腕,3,"[{""count"": 5, ""item_id"": 557}, {""count"": 1, ""item_id"": 644}, {""count"": 15, ""item_id"": 597}, {""count"": 20, ""item_id"": 567}, {""count"": 5, ""item_id"": 547}]","[[""90"", ""194"", ""194""], [""90"", ""194"", ""194""]]",https://draquex.com/bougu/0-zenbu.php,https://draquex.com/bougu/d-100-5.php,,5,"2026-03-12 01:42:50","2026-07-23 15:19:02"
867,bougu_100_1_foot,ソポスのサンダル,"Sophos Sandals",set_bddf7b2f7e,ソポスセット,tailoring_set,19,ピンク布,"[""おしゃれさ45"", ""さいだいHP+10"", ""さいだいMP+8"", ""炎・闇の攻撃ダメージ+5％"", ""呪文発動速度+2%""]",,,,22,6,82,,,,inherit,45,100,ソポスの定理,王都キィンベルのレシピ屋,,足,裁縫足,2,"[{""count"": 5, ""item_id"": 557}, {""count"": 1, ""item_id"": 687}, {""count"": 10, ""item_id"": 626}, {""count"": 10, ""item_id"": 673}, {""count"": 5, ""item_id"": 547}]","[[""270"", ""207""], [""207"", ""270""]]",https://draquex.com/bougu/0-zenbu.php,https://draquex.com/bougu/e-100-5.php,,5,"2026-03-12 01:42:50","2026-07-23 15:19:02"
868,bougu_100_2_head,ヴァルハラヘルム,"Valhalla Helm",set_bdff72ea23,ヴァルハラセット,armor_set,18,,"[""おしゃれさ+35"", ""おもさ+19"", ""さいだいHP+12"", ""味方死亡時50％でためる(試合無効)"", ""会心完全ガード+5%""]",,,,83,22,,,,,inherit,45,100,"ヴァルハラの館へ ※防具鍛冶",王都キィンベルのレシピ屋,,頭,鎧頭,2,"[{""count"": 10, ""item_id"": 543}, {""count"": 1, ""item_id"": 753}, {""count"": 10, ""item_id"": 754}, {""count"": 15, ""item_id"": 633}, {""count"": 5, ""item_id"": 865}]","[[""240-250"", ""240-250""], [""220-230"", ""220-230""]]",https://draquex.com/bougu/0-zenbu.php,https://draquex.com/bougu/a-100-1.php,,33,"2026-03-12 01:42:53","2026-07-23 15:19:02"
869,bougu_100_2_body_top,ヴァルハラメイル上,"Valhalla Mail Top",set_bdff72ea23,ヴァルハラセット,armor_set,18,,"[""おしゃれさ+35"", ""おもさ+19"", ""さいだいHP+12"", ""味方死亡時50％でためる(試合無効)"", ""会心完全ガード+5%""]",,,,112,32,,,,,inherit,45,100,"ヴァルハラの館へ ※防具鍛冶",王都キィンベルのレシピ屋,,体上,鎧上,2,"[{""count"": 10, ""item_id"": 543}, {""count"": 1, ""item_id"": 564}, {""count"": 1, ""item_id"": 584}, {""count"": 30, ""item_id"": 633}, {""count"": 5, ""item_id"": 865}]","[[""180-190"", ""180-190""], [""140-150"", ""140-150""], [""140-150"", ""140-150""]]",https://draquex.com/bougu/0-zenbu.php,https://draquex.com/bougu/b-100-1.php,,58,"2026-03-12 01:42:53","2026-07-23 15:19:02"
870,bougu_100_2_body_bottom,ヴァルハラメイル下,"Valhalla Mail Bottom",set_bdff72ea23,ヴァルハラセット,armor_set,18,,"[""おしゃれさ+35"", ""おもさ+19"", ""さいだいHP+12"", ""味方死亡時50％でためる(試合無効)"", ""会心完全ガード+5%""]",,,,59,13,,,,,inherit,45,100,"ヴァルハラの館へ ※防具鍛冶",王都キィンベルのレシピ屋,,体下,鎧下,2,"[{""count"": 10, ""item_id"": 543}, {""count"": 1, ""item_id"": 747}, {""count"": 10, ""item_id"": 597}, {""count"": 10, ""item_id"": 595}, {""count"": 5, ""item_id"": 865}]","[[""140-150"", ""140-150""], [""115-125"", ""115-125""], [""110-120"", ""110-120""], [""100-110"", ""100-110""]]",https://draquex.com/bougu/0-zenbu.php,https://draquex.com/bougu/c-100-1.php,,33,"2026-03-12 01:42:53","2026-07-23 15:19:02"
871,bougu_100_2_arm,ヴァルハラグローブ,"Valhalla Gloves",set_bdff72ea23,ヴァルハラセット,armor_set,18,,"[""おしゃれさ+35"", ""おもさ+19"", ""さいだいHP+12"", ""味方死亡時50％でためる(試合無効)"", ""会心完全ガード+5%""]",,,,43,7,,53,,,inherit,45,100,"ヴァルハラの館へ ※防具鍛冶",王都キィンベルのレシピ屋,,腕,鎧腕,1,"[{""count"": 10, ""item_id"": 543}, {""count"": 1, ""item_id"": 554}, {""count"": 5, ""item_id"": 819}, {""count"": 30, ""item_id"": 591}, {""count"": 5, ""item_id"": 865}]","[[""320-330""], [""255-265""], [""275-285""]]",https://draquex.com/bougu/0-zenbu.php,https://draquex.com/bougu/d-100-1.php,,23,"2026-03-12 01:42:53","2026-07-23 15:19:02"
872,bougu_100_2_foot,ヴァルハラグリーブ,"Valhalla Greaves",set_bdff72ea23,ヴァルハラセット,armor_set,18,,"[""おしゃれさ+35"", ""おもさ+19"", ""さいだいHP+12"", ""味方死亡時50％でためる(試合無効)"", ""会心完全ガード+5%""]",,,,43,7,53,,,,inherit,45,100,"ヴァルハラの館へ ※防具鍛冶",王都キィンベルのレシピ屋,,足,鎧足,2,"[{""count"": 10, ""item_id"": 543}, {""count"": 1, ""item_id"": 687}, {""count"": 10, ""item_id"": 835}, {""count"": 30, ""item_id"": 633}, {""count"": 5, ""item_id"": 865}]","[[""240-250"", null], [""240-250"", null], [""190-200"", ""200-210""]]",https://draquex.com/bougu/0-zenbu.php,https://draquex.com/bougu/e-100-1.php,,26,"2026-03-12 01:42:53","2026-07-23 15:19:02"
873,bougu_100_3_head,タンブラーバンダナ,"Tumbler Bandana",set_f4d3981415,タンブラーセット,tailoring_set,22,再生布,"[""おしゃれさ+65"", ""さいだいHP+10"", ""さいだいMP+8"", ""身かわし率+3.0%"", ""特技のダメージ+10(試合無効)""]",,,,60,41,,,41,41,inherit,45,100,軽業師のぶらり巡業の旅,王都キィンベルのレシピ屋,,頭,裁縫頭,3,"[{""count"": 5, ""item_id"": 557}, {""count"": 1, ""item_id"": 687}, {""count"": 30, ""item_id"": 868}, {""count"": 30, ""item_id"": 879}, {""count"": 5, ""item_id"": 547}]","[[null, ""200"", null], [""223"", ""223"", ""223""]]",https://draquex.com/bougu/0-zenbu.php,https://draquex.com/bougu/a-100-4.php,,13,"2026-03-12 01:42:55","2026-07-23 15:19:02"
874,bougu_100_3_body_top,タンブラーシャツ,"Tumbler Shirt",set_f4d3981415,タンブラーセット,tailoring_set,22,再生布,"[""おしゃれさ+65"", ""さいだいHP+10"", ""さいだいMP+8"", ""身かわし率+3.0%"", ""特技のダメージ+10(試合無効)""]",,,,87,57,,,88,88,inherit,45,100,軽業師のぶらり巡業の旅,王都キィンベルのレシピ屋,,体上,裁縫上,3,"[{""count"": 5, ""item_id"": 557}, {""count"": 1, ""item_id"": 711}, {""count"": 5, ""item_id"": 861}, {""count"": 10, ""item_id"": 738}, {""count"": 5, ""item_id"": 547}]","[[""100"", ""80"", ""100""], [""135"", ""120"", ""135""], [""95"", ""95"", ""95""]]",https://draquex.com/bougu/0-zenbu.php,https://draquex.com/bougu/b-100-4.php,,16,"2026-03-12 01:42:55","2026-07-23 15:19:02"
875,bougu_100_3_body_bottom,タンブラーボトム,"Tumbler Pants",set_f4d3981415,タンブラーセット,tailoring_set,22,再生布,"[""おしゃれさ+65"", ""さいだいHP+10"", ""さいだいMP+8"", ""身かわし率+3.0%"", ""特技のダメージ+10(試合無効)""]",,,,50,34,,,,,inherit,45,100,軽業師のぶらり巡業の旅,王都キィンベルのレシピ屋,,体下,裁縫下,2,"[{""count"": 5, ""item_id"": 557}, {""count"": 1, ""item_id"": 747}, {""count"": 5, ""item_id"": 861}, {""count"": 15, ""item_id"": 868}, {""count"": 5, ""item_id"": 547}]","[[""145"", ""145""], [""160"", ""160""], [""120"", ""120""]]",https://draquex.com/bougu/0-zenbu.php,https://draquex.com/bougu/c-100-4.php,,9,"2026-03-12 01:42:55","2026-07-23 15:19:02"
876,bougu_100_3_arm,タンブラーリスト,"Tumbler Bangles",set_f4d3981415,タンブラーセット,tailoring_set,22,,"[""おしゃれさ+65"", ""さいだいHP+10"", ""さいだいMP+8"", ""身かわし率+3.0%"", ""特技のダメージ+10(試合無効)""]",,,,15,25,,82,,,inherit,45,100,軽業師のぶらり巡業の旅,王都キィンベルのレシピ屋,,腕,裁縫腕,3,"[{""count"": 5, ""item_id"": 557}, {""count"": 1, ""item_id"": 611}, {""count"": 20, ""item_id"": 608}, {""count"": 30, ""item_id"": 567}, {""count"": 5, ""item_id"": 547}]","[[""115"", ""160"", ""150""], [""115"", ""160"", ""150""]]",https://draquex.com/bougu/0-zenbu.php,https://draquex.com/bougu/d-100-4.php,,7,"2026-03-12 01:42:55","2026-07-23 15:19:02"
877,bougu_100_3_foot,タンブラークロッグ,"Tumbler Shoes",set_f4d3981415,タンブラーセット,tailoring_set,22,再生布,"[""おしゃれさ+65"", ""さいだいHP+10"", ""さいだいMP+8"", ""身かわし率+3.0%"", ""特技のダメージ+10(試合無効)""]",,,,15,25,94,,,,inherit,45,100,軽業師のぶらり巡業の旅,王都キィンベルのレシピ屋,,足,裁縫足,2,"[{""count"": 5, ""item_id"": 557}, {""count"": 1, ""item_id"": 644}, {""count"": 10, ""item_id"": 626}, {""count"": 30, ""item_id"": 844}, {""count"": 5, ""item_id"": 547}]","[[""150"", ""150""], [""275"", ""275""]]",https://draquex.com/bougu/0-zenbu.php,https://draquex.com/bougu/e-100-4.php,,7,"2026-03-12 01:42:55","2026-07-23 15:19:02"
878,bougu_100_4_head,レギオンヘルム,"Legion Helm",set_b6332f2463,レギオンセット,armor_set,23,,"[""おしゃれさ+40"", ""さいだいHP+8"", ""こうげき力+5"", ""行動時3%でテンションアップ"", ""テンション時魔物にダメージ+100""]",,,,60,12,,,,,inherit,45,100,"レギオン軍事学 ※防具鍛冶",王都キィンベルのレシピ屋,,頭,鎧頭,2,"[{""count"": 10, ""item_id"": 543}, {""count"": 1, ""item_id"": 564}, {""count"": 20, ""item_id"": 800}, {""count"": 20, ""item_id"": 661}, {""count"": 5, ""item_id"": 865}]","[[""280-290"", ""280-290""], [""200-210"", ""200-210""]]",https://draquex.com/bougu/0-zenbu.php,https://draquex.com/bougu/a-100-3.php,,13,"2026-03-12 01:42:57","2026-07-23 15:19:02"
879,bougu_100_4_body_top,レギオンメイル上,"Legion Mail Top",set_b6332f2463,レギオンセット,armor_set,23,,"[""おしゃれさ+40"", ""さいだいHP+8"", ""こうげき力+5"", ""行動時3%でテンションアップ"", ""テンション時魔物にダメージ+100""]",,,,82,16,,,,,inherit,45,100,"レギオン軍事学 ※防具鍛冶",王都キィンベルのレシピ屋,,体上,鎧上,2,"[{""count"": 10, ""item_id"": 543}, {""count"": 1, ""item_id"": 747}, {""count"": 20, ""item_id"": 535}, {""count"": 20, ""item_id"": 661}, {""count"": 5, ""item_id"": 865}]","[[""160-170"", ""160-170""], [""220-230"", ""160-170""], [""130-140"", ""130-140""]]",https://draquex.com/bougu/0-zenbu.php,https://draquex.com/bougu/b-100-3.php,,19,"2026-03-12 01:42:57","2026-07-23 15:19:02"
880,bougu_100_4_body_bottom,レギオンメイル下,"Legion Mail Bottom",set_b6332f2463,レギオンセット,armor_set,23,,"[""おしゃれさ+40"", ""さいだいHP+8"", ""こうげき力+5"", ""行動時3%でテンションアップ"", ""テンション時魔物にダメージ+100""]",,,,44,8,,,,,inherit,45,100,"レギオン軍事学 ※防具鍛冶",王都キィンベルのレシピ屋,,体下,鎧下,2,"[{""count"": 10, ""item_id"": 543}, {""count"": 1, ""item_id"": 644}, {""count"": 3, ""item_id"": 647}, {""count"": 30, ""item_id"": 567}, {""count"": 5, ""item_id"": 865}]","[[""120-130"", ""140-150""], [""120-130"", ""150-160""], [""110-120"", ""130-140""], [""90-100"", ""100-110""]]",https://draquex.com/bougu/0-zenbu.php,https://draquex.com/bougu/c-100-3.php,,10,"2026-03-12 01:42:57","2026-07-23 15:19:02"
881,bougu_100_4_arm,レギオングローブ,"Legion Gloves",set_b6332f2463,レギオンセット,armor_set,23,,"[""おしゃれさ+40"", ""さいだいHP+8"", ""こうげき力+5"", ""行動時3%でテンションアップ"", ""テンション時魔物にダメージ+100""]",,,,17,7,,78,,,inherit,45,100,"レギオン軍事学 ※防具鍛冶",王都キィンベルのレシピ屋,,腕,鎧腕,1,"[{""count"": 10, ""item_id"": 543}, {""count"": 1, ""item_id"": 862}, {""count"": 1, ""item_id"": 573}, {""count"": 15, ""item_id"": 867}, {""count"": 5, ""item_id"": 865}]","[[""330-340""], [""360-370""], [""250-260""]]",https://draquex.com/bougu/0-zenbu.php,https://draquex.com/bougu/d-100-3.php,,9,"2026-03-12 01:42:57","2026-07-23 15:19:02"
882,bougu_100_4_foot,レギオングリーブ,"Legion Greaves",set_b6332f2463,レギオンセット,armor_set,23,,"[""おしゃれさ+40"", ""さいだいHP+8"", ""こうげき力+5"", ""行動時3%でテンションアップ"", ""テンション時魔物にダメージ+100""]",,,,17,7,78,,,,inherit,45,100,"レギオン軍事学 ※防具鍛冶",王都キィンベルのレシピ屋,,足,鎧足,2,"[{""count"": 10, ""item_id"": 543}, {""count"": 1, ""item_id"": 754}, {""count"": 1, ""item_id"": 572}, {""count"": 5, ""item_id"": 833}, {""count"": 5, ""item_id"": 865}]","[[""190-200"", """"], [""280-290"", """"], [""200-210"", ""280-290""]]",https://draquex.com/bougu/0-zenbu.php,https://draquex.com/bougu/e-100-3.php,,9,"2026-03-12 01:42:57","2026-07-23 15:19:02"
883,bougu_100_5_head,大怪傑のはちまき,"Wondrous Headband",set_2b25176b1d,大怪傑セット,tailoring_set,21,虹布,"[""おしゃれさ+55"", ""さいだいHP+10"", ""きようさ+50"", ""必殺チャージ率+1%"", ""状態異常系の成功率+10%""]",,,,66,29,,,40,40,inherit,45,100,大怪傑の解決バイブル,王都キィンベルのレシピ屋,,頭,裁縫頭,3,"[{""count"": 5, ""item_id"": 557}, {""count"": 1, ""item_id"": 711}, {""count"": 5, ""item_id"": 833}, {""count"": 20, ""item_id"": 868}, {""count"": 5, ""item_id"": 547}]","[[null, ""190"", null], [""255"", ""255"", ""255""]]",https://draquex.com/bougu/0-zenbu.php,https://draquex.com/bougu/a-100-2.php,,15,"2026-03-12 01:43:00","2026-07-23 15:19:02"
884,bougu_100_5_body_top,大怪傑の装束上,"Wondrous Shirt",set_2b25176b1d,大怪傑セット,tailoring_set,21,虹布,"[""おしゃれさ+55"", ""さいだいHP+10"", ""きようさ+50"", ""必殺チャージ率+1%"", ""状態異常系の成功率+10%""]",,,,90,45,,,55,55,inherit,45,100,大怪傑の解決バイブル,王都キィンベルのレシピ屋,,体上,裁縫上,3,"[{""count"": 5, ""item_id"": 557}, {""count"": 1, ""item_id"": 862}, {""count"": 30, ""item_id"": 447}, {""count"": 30, ""item_id"": 549}, {""count"": 5, ""item_id"": 547}]","[[""115"", ""70"", ""115""], [""90"", ""130"", ""90""], [""115"", ""115"", ""115""]]",https://draquex.com/bougu/0-zenbu.php,https://draquex.com/bougu/b-100-2.php,,18,"2026-03-12 01:43:00","2026-07-23 15:19:02"
885,bougu_100_5_body_bottom,大怪傑の装束下,"Wondrous Pants",set_2b25176b1d,大怪傑セット,tailoring_set,21,虹布,"[""おしゃれさ+55"", ""さいだいHP+10"", ""きようさ+50"", ""必殺チャージ率+1%"", ""状態異常系の成功率+10%""]",,,,49,23,,,,,inherit,45,100,大怪傑の解決バイブル,王都キィンベルのレシピ屋,,体下,裁縫下,2,"[{""count"": 5, ""item_id"": 557}, {""count"": 1, ""item_id"": 757}, {""count"": 5, ""item_id"": 861}, {""count"": 20, ""item_id"": 868}, {""count"": 5, ""item_id"": 547}]","[[""180"", ""145""], [""180"", ""150""], [""125"", ""125""]]",https://draquex.com/bougu/0-zenbu.php,https://draquex.com/bougu/c-100-2.php,,9,"2026-03-12 01:43:00","2026-07-23 15:19:02"
886,bougu_100_5_arm,大怪傑のグローブ,"Wondrous Gloves",set_2b25176b1d,大怪傑セット,tailoring_set,21,虹布,"[""おしゃれさ+55"", ""さいだいHP+10"", ""きようさ+50"", ""必殺チャージ率+1%"", ""状態異常系の成功率+10%""]",,,,18,14,,84,,,inherit,45,100,大怪傑の解決バイブル,王都キィンベルのレシピ屋,,腕,裁縫腕,3,"[{""count"": 5, ""item_id"": 557}, {""count"": 5, ""item_id"": 648}, {""count"": 20, ""item_id"": 800}, {""count"": 20, ""item_id"": 549}, {""count"": 5, ""item_id"": 547}]","[[""144"", ""144"", ""185""], [""144"", ""144"", ""185""]]",https://draquex.com/bougu/0-zenbu.php,https://draquex.com/bougu/d-100-2.php,,6,"2026-03-12 01:43:00","2026-07-23 15:19:02"
887,bougu_100_5_foot,大怪傑のブーツ,"Wondrous Boots",set_2b25176b1d,大怪傑セット,tailoring_set,21,虹布,"[""おしゃれさ+55"", ""さいだいHP+10"", ""きようさ+50"", ""必殺チャージ率+1%"", ""状態異常系の成功率+10%""]",,,,18,14,84,,,,inherit,45,100,大怪傑の解決バイブル,王都キィンベルのレシピ屋,,足,裁縫足,2,"[{""count"": 5, ""item_id"": 557}, {""count"": 5, ""item_id"": 833}, {""count"": 20, ""item_id"": 548}, {""count"": 30, ""item_id"": 609}, {""count"": 5, ""item_id"": 547}]","[[""260"", ""260""], [""218"", ""218""]]",https://draquex.com/bougu/0-zenbu.php,https://draquex.com/bougu/e-100-2.php,,6,"2026-03-12 01:43:00","2026-07-23 15:19:02"
888,bougu_99_1_head,カテドラルミトル,"Cathedral Mitre",set_a639afc213,カテドラルセット,tailoring_set,19,再生布,"[""おしゃれさ+45"", ""さいだいHP+10"", ""さいだいMP+8"", ""ブレス系ダメージ10%減"", ""攻撃呪文ダメージ7%減""]",,,,49,14,,,66,66,inherit,44,99,カテドラル式加工法,王都キィンベルのレシピ屋,,頭,裁縫頭,,"[{""count"": 5, ""item_id"": 557}, {""count"": 1, ""item_id"": 644}, {""count"": 30, ""item_id"": 548}, {""count"": 30, ""item_id"": 683}, {""count"": 5, ""item_id"": 547}]","[[null, ""215"", null], [""215"", ""215"", ""215""]]",https://draquex.com/bougu/0-zenbu.php,https://draquex.com/bougu/a-99-5.php,,9,"2026-03-12 01:43:02","2026-07-23 15:19:02"
889,bougu_99_1_body_top,カテドラルローブ,"Cathedral Robe",set_a639afc213,カテドラルセット,tailoring_set,19,再生布,"[""おしゃれさ+45"", ""さいだいHP+10"", ""さいだいMP+8"", ""ブレス系ダメージ10%減"", ""攻撃呪文ダメージ7%減""]",,,,71,15,,,87,87,inherit,44,99,カテドラル式加工法,王都キィンベルのレシピ屋,,体上,裁縫上,3,"[{""count"": 5, ""item_id"": 557}, {""count"": 3, ""item_id"": 639}, {""count"": 30, ""item_id"": 671}, {""count"": 20, ""item_id"": 845}, {""count"": 5, ""item_id"": 547}]","[[""100"", ""98"", ""100""], [""100"", ""150"", ""100""], [""100"", ""98"", ""100""]]",https://draquex.com/bougu/0-zenbu.php,https://draquex.com/bougu/b-99-5.php,,12,"2026-03-12 01:43:02","2026-07-23 15:19:02"
890,bougu_99_1_arm,カテドラルグローブ,"Cathedral Gloves",set_a639afc213,カテドラルセット,tailoring_set,19,再生布,"[""おしゃれさ+45"", ""さいだいHP+10"", ""さいだいMP+8"", ""ブレス系ダメージ10%減"", ""攻撃呪文ダメージ7%減""]",,,,20,6,,78,,,inherit,44,99,カテドラル式加工法,王都キィンベルのレシピ屋,,腕,裁縫腕,3,"[{""count"": 5, ""item_id"": 557}, {""count"": 1, ""item_id"": 757}, {""count"": 30, ""item_id"": 840}, {""count"": 30, ""item_id"": 609}, {""count"": 5, ""item_id"": 547}]","[[""105"", ""195"", ""130""], [""105"", ""195"", ""130""]]",https://draquex.com/bougu/0-zenbu.php,https://draquex.com/bougu/d-99-4.php,,5,"2026-03-12 01:43:02","2026-07-23 15:19:02"
891,bougu_99_1_foot,カテドラルシューズ,"Cathedral Shoes",set_a639afc213,カテドラルセット,tailoring_set,19,再生布,"[""おしゃれさ+45"", ""さいだいHP+10"", ""さいだいMP+8"", ""ブレス系ダメージ10%減"", ""攻撃呪文ダメージ7%減""]",,,,20,6,78,,,,inherit,44,99,カテドラル式加工法,王都キィンベルのレシピ屋,,足,裁縫足,2,"[{""count"": 5, ""item_id"": 557}, {""count"": 2, ""item_id"": 738}, {""count"": 20, ""item_id"": 670}, {""count"": 20, ""item_id"": 844}, {""count"": 5, ""item_id"": 547}]","[[""215"", ""215""], [""215"", ""215""]]",https://draquex.com/bougu/0-zenbu.php,https://draquex.com/bougu/e-99-5.php,,5,"2026-03-12 01:43:02","2026-07-23 15:19:02"
892,bougu_99_2_head,シュバリエハット,"Chevalier Hat",set_03ec338733,シュバリエセット,armor_set,18,,"[""おしゃれさ+35"", ""おもさ+19"", ""さいだいHP+12"", ""特技のダメージ+10(試合無効)"", ""開戦時50%で聖騎士の堅陣""]",,,,80,21,,,,,replace,44,99,栄光の騎士道指南書,王都キィンベルのレシピ屋,,頭,鎧頭,2,"[{""count"": 5, ""item_id"": 543}, {""count"": 30, ""item_id"": 535}, {""count"": 2, ""item_id"": 611}, {""count"": 30, ""item_id"": 800}, {""count"": 5, ""item_id"": 865}]","[[""208～218"", ""208～218""], [""265～273"", ""265～273""]]",https://draquex.com/bougu/0-zenbu.php,https://draquex.com/bougu/a-99-1.php,,32,"2026-03-12 01:43:04","2026-07-23 15:19:02"
893,bougu_99_2_body_top,シュバリエメイル上,"Chevalier Mail Top",set_03ec338733,シュバリエセット,armor_set,18,,"[""おしゃれさ+35"", ""おもさ+19"", ""さいだいHP+12"", ""特技のダメージ+10(試合無効)"", ""開戦時50%で聖騎士の堅陣""]",,,,110,31,,,,,replace,44,99,栄光の騎士道指南書,王都キィンベルのレシピ屋,,体上,鎧上,2,"[{""count"": 5, ""item_id"": 543}, {""count"": 1, ""item_id"": 687}, {""count"": 15, ""item_id"": 819}, {""count"": 20, ""item_id"": 633}, {""count"": 5, ""item_id"": 865}]","[[""145-153"", ""145-153""], [""168-178"", ""168-178""], [""160-168"", ""160-168""]]",https://draquex.com/bougu/0-zenbu.php,https://draquex.com/bougu/b-99-1.php,,56,"2026-03-12 01:43:04","2026-07-23 15:19:02"
894,bougu_99_2_body_bottom,シュバリエメイル下,"Chevalier Mail Bottom",set_03ec338733,シュバリエセット,armor_set,18,,"[""おしゃれさ+35"", ""おもさ+19"", ""さいだいHP+12"", ""特技のダメージ+10(試合無効)"", ""開戦時50%で聖騎士の堅陣""]",,,,57,13,,,,,replace,44,99,栄光の騎士道指南書,王都キィンベルのレシピ屋,,体下,鎧下,2,"[{""count"": 5, ""item_id"": 543}, {""count"": 1, ""item_id"": 564}, {""count"": 20, ""item_id"": 816}, {""count"": 20, ""item_id"": 823}, {""count"": 5, ""item_id"": 865}]","[[""90～100"", ""90～100""], [""130～140"", ""130～140""], [""100～110"", ""100～110""], [""153～163"", ""153～163""]]",https://draquex.com/bougu/0-zenbu.php,https://draquex.com/bougu/c-99-1.php,,31,"2026-03-12 01:43:04","2026-07-23 15:19:02"
895,bougu_99_2_arm,シュバリエグローブ,"Chevalier Gloves",set_03ec338733,シュバリエセット,armor_set,18,,"[""おしゃれさ+35"", ""おもさ+19"", ""さいだいHP+12"", ""特技のダメージ+10(試合無効)"", ""開戦時50%で聖騎士の堅陣""]",,,,41,7,,50,,,replace,44,99,栄光の騎士道指南書,王都キィンベルのレシピ屋,,腕,鎧腕,1,"[{""count"": 5, ""item_id"": 543}, {""count"": 1, ""item_id"": 649}, {""count"": 10, ""item_id"": 754}, {""count"": 30, ""item_id"": 816}, {""count"": 5, ""item_id"": 865}]","[[""280～290""], [""371～379""], [""295～305""]]",https://draquex.com/bougu/0-zenbu.php,https://draquex.com/bougu/d-99-1.php,,23,"2026-03-12 01:43:04","2026-07-23 15:19:02"
896,bougu_99_2_foot,シュバリエグリーブ,"Chevalier Greaves",set_03ec338733,シュバリエセット,armor_set,18,,"[""おしゃれさ+35"", ""おもさ+19"", ""さいだいHP+12"", ""特技のダメージ+10(試合無効)"", ""開戦時50%で聖騎士の堅陣""]",,,,41,7,50,,,,replace,44,99,栄光の騎士道指南書,王都キィンベルのレシピ屋,,足,鎧足,2,"[{""count"": 5, ""item_id"": 543}, {""count"": 1, ""item_id"": 687}, {""count"": 15, ""item_id"": 819}, {""count"": 20, ""item_id"": 633}, {""count"": 5, ""item_id"": 865}]","[[null, ""246～254""], [null, ""270～280""], [""220～230"", ""210～220""]]",https://draquex.com/bougu/0-zenbu.php,https://draquex.com/bougu/e-99-1.php,,26,"2026-03-12 01:43:04","2026-07-23 15:19:02"
897,bougu_99_3_head,ポールスターハット,"North Star Hat",set_adbfa5cdcc,ポールスターセット,tailoring_set,22,ピンク布,"[""おしゃれさ+65"", ""さいだいHP+10"", ""さいだいMP+8"", ""2.0%で行動ターンを消費しない"", ""呪文と特技の回復1.3倍""]",,,,56,40,,,39,39,inherit,44,99,"月刊 極星",王都キィンベルのレシピ屋,,頭,裁縫頭,3,"[{""count"": 5, ""item_id"": 557}, {""count"": 20, ""item_id"": 609}, {""count"": 20, ""item_id"": 868}, {""count"": 20, ""item_id"": 810}, {""count"": 5, ""item_id"": 547}]","[[null, ""206"", null], [""197"", ""260"", ""197""]]",https://draquex.com/bougu/0-zenbu.php,https://draquex.com/bougu/a-99-4.php,,13,"2026-03-12 01:43:08","2026-07-23 15:19:02"
898,bougu_99_3_body_top,ポールスタートップ,"North Star Shirt",set_adbfa5cdcc,ポールスターセット,tailoring_set,22,ピンク布,"[""おしゃれさ+65"", ""さいだいHP+10"", ""さいだいMP+8"", ""2.0%で行動ターンを消費しない"", ""呪文と特技の回復1.3倍""]",,,,82,56,,,81,81,inherit,44,99,"月刊 極星",王都キィンベルのレシピ屋,,体上,裁縫上,3,"[{""count"": 5, ""item_id"": 557}, {""count"": 1, ""item_id"": 687}, {""count"": 30, ""item_id"": 628}, {""count"": 30, ""item_id"": 825}, {""count"": 5, ""item_id"": 547}]","[[""136"", ""90"", ""112""], [""70"", ""130"", ""70""], [""112"", ""90"", ""136""]]",https://draquex.com/bougu/0-zenbu.php,https://draquex.com/bougu/b-99-4.php,,15,"2026-03-12 01:43:08","2026-07-23 15:19:02"
899,bougu_99_3_body_bottom,ポールスターボトム,"North Star Pants",set_adbfa5cdcc,ポールスターセット,tailoring_set,22,ピンク布,"[""おしゃれさ+65"", ""さいだいHP+10"", ""さいだいMP+8"", ""2.0%で行動ターンを消費しない"", ""呪文と特技の回復1.3倍""]",,,,45,33,,,,,inherit,44,99,"月刊 極星",王都キィンベルのレシピ屋,,体下,裁縫下,2,"[{""count"": 5, ""item_id"": 557}, {""count"": 1, ""item_id"": 687}, {""count"": 30, ""item_id"": 628}, {""count"": 30, ""item_id"": 825}, {""count"": 5, ""item_id"": 547}]","[[""136"", ""136""], [""183"", ""183""], [""154"", ""154""]]",https://draquex.com/bougu/0-zenbu.php,https://draquex.com/bougu/c-99-4.php,,9,"2026-03-12 01:43:08","2026-07-23 15:19:02"
900,bougu_99_3_foot,ポールスターのくつ,"North Star Shoes",set_adbfa5cdcc,ポールスターセット,tailoring_set,22,ピンク布,"[""おしゃれさ+65"", ""さいだいHP+10"", ""さいだいMP+8"", ""2.0%で行動ターンを消費しない"", ""呪文と特技の回復1.3倍""]",,,,16,25,89,,,,inherit,44,99,"月刊 極星",王都キィンベルのレシピ屋,,足,裁縫足,2,"[{""count"": 5, ""item_id"": 557}, {""count"": 20, ""item_id"": 821}, {""count"": 30, ""item_id"": 643}, {""count"": 30, ""item_id"": 531}, {""count"": 5, ""item_id"": 547}]","[[""209"", ""264""], [""264"", ""209""]]",https://draquex.com/bougu/0-zenbu.php,https://draquex.com/bougu/e-99-4.php,,7,"2026-03-12 01:43:08","2026-07-23 15:19:02"
901,bougu_99_4_head,族長のバンダナ,"Chieftain Bandana",set_0a69d821e6,族長セット,tailoring_set,25,虹布,"[""おしゃれさ+40"", ""さいだいHP+8"", ""こうげき力+5"", ""必殺チャージ率+1%"", ""行動時5.0%でバイシオンとピオラ""]",,,,55,11,,,,,inherit,44,99,ゼロから始める族長入門,王都キィンベルのレシピ屋,,頭,,3,"[{""count"": 5, ""item_id"": 557}, {""count"": 1, ""item_id"": 611}, {""count"": 30, ""item_id"": 651}, {""count"": 30, ""item_id"": 628}, {""count"": 5, ""item_id"": 547}]","[[null, ""235"", null], [""228"", ""255"", ""228""]]",https://draquex.com/bougu/0-zenbu.php,https://draquex.com/bougu/a-99-2.php,,13,"2026-03-12 01:43:11","2026-07-23 15:19:02"
902,bougu_99_4_body_top,族長のケープ上,"Chieftain Shirt",set_0a69d821e6,族長セット,tailoring_set,25,虹布,"[""おしゃれさ+40"", ""さいだいHP+8"", ""こうげき力+5"", ""必殺チャージ率+1%"", ""行動時5.0%でバイシオンとピオラ""]",,,,79,15,,,,,inherit,44,99,ゼロから始める族長入門,王都キィンベルのレシピ屋,,体上,,3,"[{""count"": 5, ""item_id"": 557}, {""count"": 1, ""item_id"": 687}, {""count"": 30, ""item_id"": 609}, {""count"": 30, ""item_id"": 669}, {""count"": 5, ""item_id"": 547}]","[[""108"", ""89"", ""105""], [""87"", ""168"", ""87""], [""105"", ""89"", ""108""]]",https://draquex.com/bougu/0-zenbu.php,https://draquex.com/bougu/b-99-2.php,,19,"2026-03-12 01:43:11","2026-07-23 15:19:02"
903,bougu_99_4_body_bottom,族長のケープ下,"Chieftain Pants",set_0a69d821e6,族長セット,tailoring_set,25,虹布,"[""おしゃれさ+40"", ""さいだいHP+8"", ""こうげき力+5"", ""必殺チャージ率+1%"", ""行動時5.0%でバイシオンとピオラ""]",,,,40,7,,,,,inherit,44,99,ゼロから始める族長入門,王都キィンベルのレシピ屋,,体下,,2,"[{""count"": 5, ""item_id"": 557}, {""count"": 1, ""item_id"": 644}, {""count"": 10, ""item_id"": 866}, {""count"": 30, ""item_id"": 674}, {""count"": 5, ""item_id"": 547}]","[[""168"", ""140""], [""168"", ""190""], [""135"", ""145""]]",https://draquex.com/bougu/0-zenbu.php,https://draquex.com/bougu/c-99-2.php,,10,"2026-03-12 01:43:11","2026-07-23 15:19:02"
904,bougu_99_4_arm,族長のアーム,"Chieftain Armguards",set_0a69d821e6,族長セット,tailoring_set,25,虹布,"[""おしゃれさ+40"", ""さいだいHP+8"", ""こうげき力+5"", ""必殺チャージ率+1%"", ""行動時5.0%でバイシオンとピオラ""]",,,,16,6,,74,,,inherit,44,99,ゼロから始める族長入門,王都キィンベルのレシピ屋,,腕,,3,"[{""count"": 5, ""item_id"": 557}, {""count"": 2, ""item_id"": 711}, {""count"": 5, ""item_id"": 835}, {""count"": 30, ""item_id"": 683}, {""count"": 5, ""item_id"": 547}]","[[""178"", ""152"", ""143""], [""143"", ""178"", ""152""]]",https://draquex.com/bougu/0-zenbu.php,https://draquex.com/bougu/d-99-2.php,,9,"2026-03-12 01:43:11","2026-07-23 15:19:02"
905,bougu_99_4_foot,族長のブーツ,"Chieftain Boots",set_0a69d821e6,族長セット,tailoring_set,25,虹布,"[""おしゃれさ+40"", ""さいだいHP+8"", ""こうげき力+5"", ""必殺チャージ率+1%"", ""行動時5.0%でバイシオンとピオラ""]",,,,16,6,74,,,,inherit,44,99,ゼロから始める族長入門,王都キィンベルのレシピ屋,,足,,2,"[{""count"": 5, ""item_id"": 557}, {""count"": 2, ""item_id"": 703}, {""count"": 30, ""item_id"": 628}, {""count"": 20, ""item_id"": 825}, {""count"": 5, ""item_id"": 547}]","[[""255"", ""255""], [""218"", ""218""]]",https://draquex.com/bougu/0-zenbu.php,https://draquex.com/bougu/e-99-2.php,,9,"2026-03-12 01:43:11","2026-07-23 15:19:02"
906,bougu_99_5_head,機工博士のぼうし,"Engineer's Hat",set_dbc2a4dead,機工博士セット,armor_set,21,,"[""おしゃれさ+55"", ""さいだいHP+10"", ""きようさ+50"", ""コマンド間隔-0.5秒"", ""行動時5.0%で早詠みの杖""]",,,,61,28,,,35,35,inherit,44,99,機工博士の方程式,王都キィンベルのレシピ屋,,頭,鎧頭,2,"[{""count"": 5, ""item_id"": 543}, {""count"": 1, ""item_id"": 883}, {""count"": 20, ""item_id"": 608}, {""count"": 20, ""item_id"": 683}, {""count"": 5, ""item_id"": 865}]","[[""260～268"", ""213～223""], [""213～223"", ""260～268""]]",https://draquex.com/bougu/0-zenbu.php,https://draquex.com/bougu/a-99-3.php,,14,"2026-03-12 01:43:13","2026-07-23 15:19:02"
907,bougu_99_5_body_top,機工博士のコート上,"Engineer's Upper Coat",set_dbc2a4dead,機工博士セット,armor_set,21,,"[""おしゃれさ+55"", ""さいだいHP+10"", ""きようさ+50"", ""コマンド間隔-0.5秒"", ""行動時5.0%で早詠みの杖""]",,,,85,43,,,50,50,inherit,44,99,機工博士の方程式,王都キィンベルのレシピ屋,,体上,鎧上,2,"[{""count"": 5, ""item_id"": 543}, {""count"": 1, ""item_id"": 648}, {""count"": 10, ""item_id"": 661}, {""count"": 30, ""item_id"": 857}, {""count"": 5, ""item_id"": 865}]","[[""126～136"", ""205～213""], [""205～213"", ""142～152""], [""142～152"", ""126～136""]]",https://draquex.com/bougu/0-zenbu.php,https://draquex.com/bougu/b-99-3.php,,17,"2026-03-12 01:43:13","2026-07-23 15:19:02"
908,bougu_99_5_body_bottom,機工博士のコート下,"Engineer's Lower Coat",set_dbc2a4dead,機工博士セット,armor_set,21,,"[""おしゃれさ+55"", ""さいだいHP+10"", ""きようさ+50"", ""コマンド間隔-0.5秒"", ""行動時5.0%で早詠みの杖""]",,,,45,22,,,,,inherit,44,99,機工博士の方程式,王都キィンベルのレシピ屋,,体下,鎧下,2,"[{""count"": 5, ""item_id"": 543}, {""count"": 1, ""item_id"": 791}, {""count"": 15, ""item_id"": 868}, {""count"": 30, ""item_id"": 628}, {""count"": 5, ""item_id"": 865}]","[[""100～108"", ""115～123""], [""100～108"", ""158～168""], [""158～168"", ""100～108""], [""115～123"", ""100～108""]]",https://draquex.com/bougu/0-zenbu.php,https://draquex.com/bougu/c-99-3.php,,8,"2026-03-12 01:43:13","2026-07-23 15:19:02"
909,bougu_99_5_arm,機工博士のグローブ,"Engineer's Gloves",set_dbc2a4dead,機工博士セット,armor_set,21,,"[""おしゃれさ+55"", ""さいだいHP+10"", ""きようさ+50"", ""コマンド間隔-0.5秒"", ""行動時5.0%で早詠みの杖""]",,,,17,13,,79,,,inherit,44,99,機工博士の方程式,王都キィンベルのレシピ屋,,腕,鎧腕,1,"[{""count"": 5, ""item_id"": 543}, {""count"": 1, ""item_id"": 755}, {""count"": 20, ""item_id"": 661}, {""count"": 20, ""item_id"": 683}, {""count"": 5, ""item_id"": 865}]","[[""174～282""], [""316～326""], [""356～366""]]",https://draquex.com/bougu/0-zenbu.php,https://draquex.com/bougu/d-99-3.php,,5,"2026-03-12 01:43:13","2026-07-23 15:19:02"
910,bougu_99_5_foot,機工博士のくつ,"Engineer's Shoes",set_dbc2a4dead,機工博士セット,armor_set,21,,"[""おしゃれさ+55"", ""さいだいHP+10"", ""きようさ+50"", ""コマンド間隔-0.5秒"", ""行動時5.0%で早詠みの杖""]",,,,17,13,79,,,,inherit,44,99,機工博士の方程式,王都キィンベルのレシピ屋,,足,鎧足,2,"[{""count"": 5, ""item_id"": 543}, {""count"": 1, ""item_id"": 644}, {""count"": 25, ""item_id"": 613}, {""count"": 20, ""item_id"": 850}, {""count"": 5, ""item_id"": 865}]","[["""", ""200～210""], ["""", ""238～248""], [""243～251"", ""265～275""]]",https://draquex.com/bougu/0-zenbu.php,https://draquex.com/bougu/e-99-3.php,,5,"2026-03-12 01:43:13","2026-07-23 15:19:02"
911,bougu_96_1_head,クルーガーハット,"Kluger Hat",set_2b7d711ec8,クルーガーセット,tailoring_set,19,ピンク布,"[""おしゃれさ+40"", ""さいだいHP+10"", ""さいだいMP+8"", ""全ての属性ダメージ+3.0%"", ""2.0%で行動ターンを消費しない""]",,,,43,14,,,61,61,inherit,43,96,ためしてクルーガー,聖都エジャルナのレシピ屋,,頭,裁縫頭,3,"[{""count"": 5, ""item_id"": 557}, {""count"": 1, ""item_id"": 564}, {""count"": 30, ""item_id"": 548}, {""count"": 30, ""item_id"": 542}, {""count"": 5, ""item_id"": 547}]","[[null, ""194"", null], [""207"", ""296"", ""207""]]",https://draquex.com/bougu/0-zenbu.php,https://draquex.com/bougu/a-96-5.php,,8,"2026-03-12 01:43:15","2026-07-23 15:19:02"
912,bougu_96_1_body_top,クルーガースーツ上,"Kluger Shirt",set_2b7d711ec8,クルーガーセット,tailoring_set,19,ピンク布,"[""おしゃれさ+40"", ""さいだいHP+10"", ""さいだいMP+8"", ""全ての属性ダメージ+3.0%"", ""2.0%で行動ターンを消費しない""]",,,,67,15,,,82,82,inherit,43,96,ためしてクルーガー,聖都エジャルナのレシピ屋,,体上,裁縫上,3,"[{""count"": 5, ""item_id"": 557}, {""count"": 10, ""item_id"": 554}, {""count"": 30, ""item_id"": 840}, {""count"": 30, ""item_id"": 657}, {""count"": 5, ""item_id"": 547}]","[[""105"", ""75"", ""105""], [""87"", ""150"", ""87""], [""110"", ""75"", ""110""]]",https://draquex.com/bougu/0-zenbu.php,https://draquex.com/bougu/b-96-5.php,,11,"2026-03-12 01:43:15","2026-07-23 15:19:02"
913,bougu_96_1_body_bottom,クルーガースーツ下,"Kluger Pants",set_2b7d711ec8,クルーガーセット,tailoring_set,19,ピンク布,"[""おしゃれさ+40"", ""さいだいHP+10"", ""さいだいMP+8"", ""全ての属性ダメージ+3.0%"", ""2.0%で行動ターンを消費しない""]",,,,38,14,,,,,inherit,43,96,ためしてクルーガー,聖都エジャルナのレシピ屋,,体下,裁縫下,2,"[{""count"": 5, ""item_id"": 557}, {""count"": 30, ""item_id"": 652}, {""count"": 30, ""item_id"": 643}, {""count"": 30, ""item_id"": 609}, {""count"": 5, ""item_id"": 547}]","[[""120"", ""120""], [""182"", ""182""], [""150"", ""150""]]",https://draquex.com/bougu/0-zenbu.php,https://draquex.com/bougu/c-96-5.php,,7,"2026-03-12 01:43:15","2026-07-23 15:19:02"
914,bougu_96_1_arm,クルーガーグローブ,"Kluger Gloves",set_2b7d711ec8,クルーガーセット,tailoring_set,19,ピンク布,"[""おしゃれさ+40"", ""さいだいHP+10"", ""さいだいMP+8"", ""全ての属性ダメージ+3.0%"", ""2.0%で行動ターンを消費しない""]",,,,17,5,,74,,,inherit,43,96,ためしてクルーガー,聖都エジャルナのレシピ屋,,腕,裁縫腕,3,"[{""count"": 5, ""item_id"": 557}, {""count"": 30, ""item_id"": 784}, {""count"": 30, ""item_id"": 800}, {""count"": 30, ""item_id"": 683}, {""count"": 5, ""item_id"": 547}]","[[""175"", ""152"", ""125""], [""125"", ""175"", ""152""]]",https://draquex.com/bougu/0-zenbu.php,https://draquex.com/bougu/d-96-5.php,,3,"2026-03-12 01:43:15","2026-07-23 15:19:02"
915,bougu_96_1_foot,クルーガーブーツ,"Kluger Boots",set_2b7d711ec8,クルーガーセット,tailoring_set,19,ピンク布,"[""おしゃれさ+40"", ""さいだいHP+10"", ""さいだいMP+8"", ""全ての属性ダメージ+3.0%"", ""2.0%で行動ターンを消費しない""]",,,,17,5,74,,,,inherit,43,96,ためしてクルーガー,聖都エジャルナのレシピ屋,,足,裁縫足,2,"[{""count"": 5, ""item_id"": 557}, {""count"": 1, ""item_id"": 649}, {""count"": 30, ""item_id"": 801}, {""count"": 30, ""item_id"": 609}, {""count"": 5, ""item_id"": 547}]","[[""200"", ""200""], [""252"", ""252""]]",https://draquex.com/bougu/0-zenbu.php,https://draquex.com/bougu/e-96-5.php,,4,"2026-03-12 01:43:15","2026-07-23 15:19:02"
916,bougu_96_2_head,鉄壁のかぶと,"Ironclad Helmet",set_029fc0f4cd,鉄壁のよろいセット,armor_set,18,,"[""おしゃれさ+35"", ""おもさ+19"", ""さいだいHP+12"", ""受けるダメージを10軽減する""]",,,,77,20,,,,,inherit,43,96,鉄壁の誓い,聖都エジャルナのレシピ屋,,頭,鎧頭,2,"[{""count"": 5, ""item_id"": 543}, {""count"": 1, ""item_id"": 564}, {""count"": 5, ""item_id"": 661}, {""count"": 30, ""item_id"": 732}, {""count"": 5, ""item_id"": 865}]","[[""175～181"", ""245～257""], [""245～257"", ""175～181""]]",https://draquex.com/bougu/0-zenbu.php,https://draquex.com/bougu/a-96-1.php,,30,"2026-03-12 01:43:17","2026-07-23 15:19:02"
917,bougu_96_2_body_top,鉄壁のよろい上,"Ironclad Armor Top",set_029fc0f4cd,鉄壁のよろいセット,armor_set,18,,"[""おしゃれさ+35"", ""おもさ+19"", ""さいだいHP+12"", ""受けるダメージを10軽減する""]",,,,108,29,,,,,inherit,43,96,鉄壁の誓い,聖都エジャルナのレシピ屋,,体上,鎧上,2,"[{""count"": 5, ""item_id"": 543}, {""count"": 10, ""item_id"": 819}, {""count"": 30, ""item_id"": 633}, {""count"": 30, ""item_id"": 749}, {""count"": 5, ""item_id"": 865}]","[[""115～123"", ""115～123""], [""170～181"", ""135～141""], [""135～141"", ""170～181""]]",https://draquex.com/bougu/0-zenbu.php,https://draquex.com/bougu/b-96-1.php,,54,"2026-03-12 01:43:17","2026-07-23 15:19:02"
918,bougu_96_2_body_bottom,鉄壁のよろい下,"Ironclad Armor Bottom",set_029fc0f4cd,鉄壁のよろいセット,armor_set,18,,"[""おしゃれさ+35"", ""おもさ+19"", ""さいだいHP+12"", ""受けるダメージを10軽減する""]",,,,55,12,,,,,inherit,43,96,鉄壁の誓い,聖都エジャルナのレシピ屋,,体下,鎧下,2,"[{""count"": 5, ""item_id"": 543}, {""count"": 30, ""item_id"": 613}, {""count"": 1, ""item_id"": 856}, {""count"": 30, ""item_id"": 816}, {""count"": 5, ""item_id"": 865}]","[[""70～76"", ""70～76""], [""120～126"", ""120～126""], [""90～100"", ""90～100""], [""140～150"", ""140～150""]]",https://draquex.com/bougu/0-zenbu.php,https://draquex.com/bougu/c-96-1.php,,29,"2026-03-12 01:43:17","2026-07-23 15:19:02"
919,bougu_96_2_arm,鉄壁のグローブ,"Ironclad Gloves",set_029fc0f4cd,鉄壁のよろいセット,armor_set,18,,"[""おしゃれさ+35"", ""おもさ+19"", ""さいだいHP+12"", ""受けるダメージを10軽減する""]",,,,39,6,,47,,,inherit,43,96,鉄壁の誓い,聖都エジャルナのレシピ屋,,腕,鎧腕,1,"[{""count"": 5, ""item_id"": 543}, {""count"": 30, ""item_id"": 845}, {""count"": 30, ""item_id"": 678}, {""count"": 30, ""item_id"": 749}, {""count"": 5, ""item_id"": 865}]","[[""210～222""], [""355～364""], [""275～281""]]",https://draquex.com/bougu/0-zenbu.php,https://draquex.com/bougu/d-96-1.php,,22,"2026-03-12 01:43:17","2026-07-23 15:19:02"
920,bougu_96_2_foot,鉄壁のすねあて,"Ironclad Greaves",set_029fc0f4cd,鉄壁のよろいセット,armor_set,18,,"[""おしゃれさ+35"", ""おもさ+19"", ""さいだいHP+12"", ""受けるダメージを10軽減する""]",,,,39,6,47,,,,inherit,43,96,鉄壁の誓い,聖都エジャルナのレシピ屋,,足,鎧足,2,"[{""count"": 5, ""item_id"": 543}, {""count"": 30, ""item_id"": 731}, {""count"": 10, ""item_id"": 819}, {""count"": 30, ""item_id"": 633}, {""count"": 5, ""item_id"": 865}]","[[null, ""170～176""], [null, ""270～280""], [""210～220"", ""190～200""]]",https://draquex.com/bougu/0-zenbu.php,https://draquex.com/bougu/e-96-1.php,,25,"2026-03-12 01:43:17","2026-07-23 15:19:02"
921,bougu_96_3_head,エトワールハット,"Etoile Hat",set_8703c4d3d9,エトワールセット,tailoring_set,22,虹布,"[""おしゃれさ+60"", ""さいだいHP+10"", ""さいだいMP+8"", ""必殺チャージ率+1%"", ""闇ダメージ20％減""]",,,,52,39,,,37,37,inherit,43,96,エトワールの伝説,聖都エジャルナのレシピ屋,,頭,裁縫頭,3,"[{""count"": 5, ""item_id"": 557}, {""count"": 30, ""item_id"": 821}, {""count"": 30, ""item_id"": 559}, {""count"": 30, ""item_id"": 683}, {""count"": 5, ""item_id"": 547}]","[[null, ""210"", null], [""225"", ""264"", ""225""]]",https://draquex.com/bougu/0-zenbu.php,https://draquex.com/bougu/a-96-4.php,,12,"2026-03-12 01:43:21","2026-07-23 15:19:02"
922,bougu_96_3_body_top,エトワールコート上,"Etoile Coat Top",set_8703c4d3d9,エトワールセット,tailoring_set,22,虹布,"[""おしゃれさ+60"", ""さいだいHP+10"", ""さいだいMP+8"", ""必殺チャージ率+1%"", ""闇ダメージ20％減""]",,,,77,55,,,73,73,inherit,43,96,エトワールの伝説,聖都エジャルナのレシピ屋,,体上,裁縫上,3,"[{""count"": 5, ""item_id"": 557}, {""count"": 1, ""item_id"": 711}, {""count"": 30, ""item_id"": 800}, {""count"": 30, ""item_id"": 609}, {""count"": 5, ""item_id"": 547}]","[[""130"", ""90"", ""112""], [""65"", ""130"", ""65""], [""112"", ""90"", ""130""]]",https://draquex.com/bougu/0-zenbu.php,https://draquex.com/bougu/b-96-4.php,,14,"2026-03-12 01:43:21","2026-07-23 15:19:02"
923,bougu_96_3_body_bottom,エトワールコート下,"Etoile Coat Bottom",set_8703c4d3d9,エトワールセット,tailoring_set,22,虹布,"[""おしゃれさ+60"", ""さいだいHP+10"", ""さいだいMP+8"", ""必殺チャージ率+1%"", ""闇ダメージ20％減""]",,,,40,32,,,,,inherit,43,96,エトワールの伝説,聖都エジャルナのレシピ屋,,体下,裁縫下,2,"[{""count"": 5, ""item_id"": 557}, {""count"": 1, ""item_id"": 647}, {""count"": 30, ""item_id"": 567}, {""count"": 30, ""item_id"": 657}, {""count"": 5, ""item_id"": 547}]","[[""105"", ""156""], [""156"", ""201""], [""201"", ""105""]]",https://draquex.com/bougu/0-zenbu.php,https://draquex.com/bougu/c-96-4.php,,7,"2026-03-12 01:43:21","2026-07-23 15:19:02"
924,bougu_96_3_arm,エトワールグローブ,"Etoile Gloves",set_8703c4d3d9,エトワールセット,tailoring_set,22,虹布,"[""おしゃれさ+60"", ""さいだいHP+10"", ""さいだいMP+8"", ""必殺チャージ率+1%"", ""闇ダメージ20％減""]",,,,14,24,,77,,,inherit,43,96,エトワールの伝説,聖都エジャルナのレシピ屋,,腕,裁縫腕,3,"[{""count"": 5, ""item_id"": 557}, {""count"": 30, ""item_id"": 666}, {""count"": 20, ""item_id"": 868}, {""count"": 30, ""item_id"": 542}, {""count"": 5, ""item_id"": 547}]","[[""130"", ""107"", ""225""], [""130"", ""107"", ""225""]]",https://draquex.com/bougu/0-zenbu.php,https://draquex.com/bougu/d-96-4.php,,6,"2026-03-12 01:43:21","2026-07-23 15:19:02"
925,bougu_96_3_foot,エトワールブーツ,"Etoile Boots",set_8703c4d3d9,エトワールセット,tailoring_set,22,虹布,"[""おしゃれさ+60"", ""さいだいHP+10"", ""さいだいMP+8"", ""必殺チャージ率+1%"", ""闇ダメージ20％減""]",,,,14,25,84,,,,inherit,43,96,エトワールの伝説,聖都エジャルナのレシピ屋,,足,裁縫足,2,"[{""count"": 5, ""item_id"": 557}, {""count"": 30, ""item_id"": 840}, {""count"": 30, ""item_id"": 549}, {""count"": 30, ""item_id"": 657}, {""count"": 5, ""item_id"": 547}]","[[""203"", ""203""], [""259"", ""259""]]",https://draquex.com/bougu/0-zenbu.php,https://draquex.com/bougu/e-96-4.php,,6,"2026-03-12 01:43:21","2026-07-23 15:19:02"
926,bougu_96_4_head,トライバルヘッド,"Tribal Hat",set_2bbd2e7933,トライバルセット,tailoring_set,25,再生布,"[""おしゃれさ+35+"", ""さいだいHP+8"", ""こうげき力+5"", ""コマンド間隔-0.5秒"", ""攻撃時5%でチャージ時間-10秒""]",,,,50,11,,,,,inherit,43,96,リバイバルトライバル,聖都エジャルナのレシピ屋,,頭,,3,"[{""count"": 5, ""item_id"": 557}, {""count"": 1, ""item_id"": 648}, {""count"": 1, ""item_id"": 834}, {""count"": 30, ""item_id"": 698}, {""count"": 5, ""item_id"": 547}]","[[null, ""210"", null], [""210"", ""210"", ""210""]]",https://draquex.com/bougu/0-zenbu.php,https://draquex.com/bougu/a-96-2.php,,12,"2026-03-12 01:43:23","2026-07-23 15:19:02"
927,bougu_96_4_body_top,トライバルトップ,"Tribal Top",set_2bbd2e7933,トライバルセット,tailoring_set,25,再生布,"[""おしゃれさ+35+"", ""さいだいHP+8"", ""こうげき力+5"", ""コマンド間隔-0.5秒"", ""攻撃時5%でチャージ時間-10秒""]",,,,74,14,,,,,inherit,43,96,リバイバルトライバル,聖都エジャルナのレシピ屋,,体上,,3,"[{""count"": 5, ""item_id"": 557}, {""count"": 30, ""item_id"": 800}, {""count"": 1, ""item_id"": 833}, {""count"": 10, ""item_id"": 866}, {""count"": 5, ""item_id"": 547}]","[[""100"", ""70"", ""100""], [""85"", ""130"", ""85""], [""100"", ""70"", ""100""]]",https://draquex.com/bougu/0-zenbu.php,https://draquex.com/bougu/b-96-2.php,,18,"2026-03-12 01:43:23","2026-07-23 15:19:02"
928,bougu_96_4_body_bottom,トライバルボトム,"Tribal Bottom",set_2bbd2e7933,トライバルセット,tailoring_set,25,再生布,"[""おしゃれさ+35+"", ""さいだいHP+8"", ""こうげき力+5"", ""コマンド間隔-0.5秒"", ""攻撃時5%でチャージ時間-10秒""]",,,,36,7,,,,,inherit,43,96,リバイバルトライバル,聖都エジャルナのレシピ屋,,体下,,2,"[{""count"": 5, ""item_id"": 557}, {""count"": 1, ""item_id"": 564}, {""count"": 30, ""item_id"": 800}, {""count"": 30, ""item_id"": 643}, {""count"": 5, ""item_id"": 547}]","[[""135"", ""135""], [""120"", ""120""], [""165"", ""165""]]",https://draquex.com/bougu/0-zenbu.php,https://draquex.com/bougu/c-96-2.php,,9,"2026-03-12 01:43:23","2026-07-23 15:19:02"
929,bougu_96_4_arm,トライバルグローブ,"Tribal Gloves",set_2bbd2e7933,トライバルセット,tailoring_set,25,再生布,"[""おしゃれさ+35+"", ""さいだいHP+8"", ""こうげき力+5"", ""コマンド間隔-0.5秒"", ""攻撃時5%でチャージ時間-10秒""]",,,,15,5,,70,,,inherit,43,96,リバイバルトライバル,聖都エジャルナのレシピ屋,,腕,,3,"[{""count"": 5, ""item_id"": 557}, {""count"": 20, ""item_id"": 674}, {""count"": 20, ""item_id"": 678}, {""count"": 20, ""item_id"": 609}, {""count"": 5, ""item_id"": 547}]","[[""140"", ""110"", ""170""], [""110"", ""140"", ""170""]]",https://draquex.com/bougu/0-zenbu.php,https://draquex.com/bougu/d-96-2.php,,8,"2026-03-12 01:43:23","2026-07-23 15:19:02"
930,bougu_96_4_foot,トライバルブーツ,"Tribal Boots",set_2bbd2e7933,トライバルセット,tailoring_set,25,再生布,"[""おしゃれさ+35+"", ""さいだいHP+8"", ""こうげき力+5"", ""コマンド間隔-0.5秒"", ""攻撃時5%でチャージ時間-10秒""]",,,,15,5,70,,,,inherit,43,96,リバイバルトライバル,聖都エジャルナのレシピ屋,,足,,2,"[{""count"": 5, ""item_id"": 557}, {""count"": 30, ""item_id"": 643}, {""count"": 5, ""item_id"": 835}, {""count"": 30, ""item_id"": 683}, {""count"": 5, ""item_id"": 547}]","[[""210"", ""210""], [""210"", ""210""]]",https://draquex.com/bougu/0-zenbu.php,https://draquex.com/bougu/e-96-2.php,,8,"2026-03-12 01:43:23","2026-07-23 15:19:02"
931,bougu_96_5_head,砂海のターバン,"Sand Sea Turban",set_a0825d3237,砂海セット,armor_set,21,,"[""おしゃれさ+50"", ""さいだいHP+10"", ""きようさ+45"", ""風ダメージ20％減"", ""光ダメージ20％減""]",,,,56,27,,,30,30,inherit,43,96,砂海探検ガイド,聖都エジャルナのレシピ屋,,頭,鎧頭,2,"[{""count"": 5, ""item_id"": 543}, {""count"": 1, ""item_id"": 711}, {""count"": 20, ""item_id"": 531}, {""count"": 30, ""item_id"": 657}, {""count"": 5, ""item_id"": 865}]","[[""201～211"", ""201～211""], [""240～246"", ""240～250""]]",https://draquex.com/bougu/0-zenbu.php,https://draquex.com/bougu/a-96-3.php,,13,"2026-03-12 01:43:27","2026-07-23 15:19:02"
932,bougu_96_5_body_top,砂海のころも上,"Sand Sea Garb Top",set_a0825d3237,砂海セット,armor_set,21,,"[""おしゃれさ+50"", ""さいだいHP+10"", ""きようさ+45"", ""風ダメージ20％減"", ""光ダメージ20％減""]",,,,80,41,,,45,45,inherit,43,96,砂海探検ガイド,聖都エジャルナのレシピ屋,,体上,鎧上,2,"[{""count"": 5, ""item_id"": 543}, {""count"": 30, ""item_id"": 857}, {""count"": 30, ""item_id"": 845}, {""count"": 30, ""item_id"": 683}, {""count"": 5, ""item_id"": 865}]","[[""116～126"", ""116～126""], [""195～201"", ""195～201""], [""130～139"", ""130～139""]]",https://draquex.com/bougu/0-zenbu.php,https://draquex.com/bougu/b-96-3.php,,16,"2026-03-12 01:43:27","2026-07-23 15:19:02"
933,bougu_96_5_body_bottom,砂海のころも下,"Sand Sea Garb Bottom",set_a0825d3237,砂海セット,armor_set,21,,"[""おしゃれさ+50"", ""さいだいHP+10"", ""きようさ+45"", ""風ダメージ20％減"", ""光ダメージ20％減""]",,,,41,21,,,,,inherit,43,96,砂海探検ガイド,聖都エジャルナのレシピ屋,,体下,鎧下,2,"[{""count"": 5, ""item_id"": 543}, {""count"": 10, ""item_id"": 673}, {""count"": 30, ""item_id"": 767}, {""count"": 20, ""item_id"": 609}, {""count"": 5, ""item_id"": 865}]","[[""98～108"", ""115～123""], [""80～88"", ""148～154""], [""148～154"", ""80～88""], [""115～123"", ""98～108""]]",https://draquex.com/bougu/0-zenbu.php,https://draquex.com/bougu/c-96-3.php,,7,"2026-03-12 01:43:27","2026-07-23 15:19:02"
934,bougu_96_5_arm,砂海のグローブ,"Sand Sea Gloves",set_a0825d3237,砂海セット,armor_set,21,,"[""おしゃれさ+50"", ""さいだいHP+10"", ""きようさ+45"", ""風ダメージ20％減"", ""光ダメージ20％減""]",,,,16,13,,74,,,inherit,43,96,砂海探検ガイド,聖都エジャルナのレシピ屋,,腕,鎧腕,1,"[{""count"": 5, ""item_id"": 543}, {""count"": 30, ""item_id"": 767}, {""count"": 20, ""item_id"": 868}, {""count"": 30, ""item_id"": 542}, {""count"": 5, ""item_id"": 865}]","[[""250～256""], [""296～306""], [""336～347""]]",https://draquex.com/bougu/0-zenbu.php,https://draquex.com/bougu/d-96-3.php,,4,"2026-03-12 01:43:27","2026-07-23 15:19:02"
935,bougu_96_5_foot,砂海のくつ,"Sand Sea Shoes",set_a0825d3237,砂海セット,armor_set,21,,"[""おしゃれさ+50"", ""さいだいHP+10"", ""きようさ+45"", ""風ダメージ20％減"", ""光ダメージ20％減""]",,,,16,13,74,,,,inherit,43,96,砂海探検ガイド,聖都エジャルナのレシピ屋,,足,鎧足,2,"[{""count"": 5, ""item_id"": 543}, {""count"": 30, ""item_id"": 671}, {""count"": 30, ""item_id"": 845}, {""count"": 30, ""item_id"": 609}, {""count"": 5, ""item_id"": 865}]","[["""", ""180～192""], ["""", ""220～230""], [""222～228"", ""260～270""]]",https://draquex.com/bougu/0-zenbu.php,https://draquex.com/bougu/e-96-3.php,,4,"2026-03-12 01:43:27","2026-07-23 15:19:02"
936,bougu_93_1_head,賢哲のターバン,"Wise Man Turban",set_6f41db5a10,賢哲セット,tailoring_set,19,虹布,"[""おしゃれさ+35"", ""さいだいHP+8"", ""さいだいMP+6"", ""炎ダメージ20%減"", ""雷ダメージ20%減""]",,,,38,13,,,56,56,inherit,42,93,賢哲セット,聖都エジャルナのレシピ屋,,頭,裁縫頭,3,"[{""count"": 5, ""item_id"": 738}, {""count"": 1, ""item_id"": 765}, {""count"": 10, ""item_id"": 879}, {""count"": 30, ""item_id"": 669}, {""count"": 5, ""item_id"": 547}]","[[null, ""231"", null], [""231"", ""231"", ""231""]]",https://draquex.com/bougu/0-zenbu.php,https://draquex.com/bougu/a-93-4.php,,7,"2026-03-12 01:43:29","2026-07-23 15:19:02"
937,bougu_93_1_body_top,賢哲のころも上,"Wise Man Robe Top",set_6f41db5a10,賢哲セット,tailoring_set,19,虹布,"[""おしゃれさ+35"", ""さいだいHP+8"", ""さいだいMP+6"", ""炎ダメージ20%減"", ""雷ダメージ20%減""]",,,,60,14,,,77,77,inherit,42,93,賢哲の教え,聖都エジャルナのレシピ屋,,体上,裁縫上,3,"[{""count"": 5, ""item_id"": 738}, {""count"": 1, ""item_id"": 647}, {""count"": 20, ""item_id"": 868}, {""count"": 20, ""item_id"": 801}, {""count"": 5, ""item_id"": 547}]","[[""140"", ""96"", ""96""], [""60"", ""140"", ""60""], [""96"", ""96"", ""140""]]",https://draquex.com/bougu/0-zenbu.php,https://draquex.com/bougu/b-93-5.php,,10,"2026-03-12 01:43:29","2026-07-23 15:19:02"
938,bougu_93_1_body_bottom,賢哲のころも下,"Wise Man Robe Bottom",set_6f41db5a10,賢哲セット,tailoring_set,19,虹布,"[""おしゃれさ+35"", ""さいだいHP+8"", ""さいだいMP+6"", ""炎ダメージ20%減"", ""雷ダメージ20%減""]",,,,34,13,,,,,inherit,42,93,賢哲セット,聖都エジャルナのレシピ屋,,体下,裁縫下,2,"[{""count"": 5, ""item_id"": 738}, {""count"": 5, ""item_id"": 762}, {""count"": 30, ""item_id"": 609}, {""count"": 30, ""item_id"": 542}, {""count"": 5, ""item_id"": 547}]","[[""110"", ""192""], [""192"", ""160""], [""160"", ""110""]]",https://draquex.com/bougu/0-zenbu.php,https://draquex.com/bougu/c-93-3.php,,6,"2026-03-12 01:43:29","2026-07-23 15:19:02"
939,bougu_93_1_arm,賢哲のうでわ,"Wise Man Bangles",set_6f41db5a10,賢哲セット,tailoring_set,19,虹布,"[""おしゃれさ+35"", ""さいだいHP+8"", ""さいだいMP+6"", ""炎ダメージ20%減"", ""雷ダメージ20%減""]",,,,15,5,,67,,,inherit,42,93,賢哲セット,聖都エジャルナのレシピ屋,,腕,裁縫腕,3,"[{""count"": 5, ""item_id"": 738}, {""count"": 1, ""item_id"": 703}, {""count"": 10, ""item_id"": 638}, {""count"": 1, ""item_id"": 573}, {""count"": 5, ""item_id"": 547}]","[[""152"", ""110"", ""200""], [""152"", ""110"", ""200""]]",https://draquex.com/bougu/0-zenbu.php,https://draquex.com/bougu/d-93-5.php,,2,"2026-03-12 01:43:29","2026-07-23 15:19:02"
940,bougu_93_1_foot,賢哲のくつ,"Wise Man Shoes",set_6f41db5a10,賢哲セット,tailoring_set,19,虹布,"[""おしゃれさ+35"", ""さいだいHP+8"", ""さいだいMP+6"", ""炎ダメージ20%減"", ""雷ダメージ20%減""]",,,,15,5,67,,,,inherit,42,93,賢哲セット,聖都エジャルナのレシピ屋,,足,裁縫足,2,"[{""count"": 5, ""item_id"": 738}, {""count"": 10, ""item_id"": 673}, {""count"": 1, ""item_id"": 833}, {""count"": 30, ""item_id"": 674}, {""count"": 5, ""item_id"": 547}]","[[""231"", ""231""], [""231"", ""231""]]",https://draquex.com/bougu/0-zenbu.php,https://draquex.com/bougu/e-93-5.php,,3,"2026-03-12 01:43:29","2026-07-23 15:19:02"
941,bougu_93_2_head,降魔のサークレット,"Demonfel Circlet",set_c7d1922ef6,降魔セット,armor_set,18,,"[""おしゃれさ+30"", ""おもさ+18"", ""さいだいHP+10"", ""呪文攻撃ダメージ7％減"", ""受けた属性ダメージの10％HP回復(フォース無効)""]",,,,,,,,,,inherit,42,93,降魔セット,聖都エジャルナのレシピ屋,,頭,鎧頭,2,"[{""count"": 5, ""item_id"": 759}, {""count"": 20, ""item_id"": 697}, {""count"": 20, ""item_id"": 608}, {""count"": 20, ""item_id"": 567}, {""count"": 5, ""item_id"": 865}]","[[""189～202"", ""229～236""], [""189～202"", ""229～236""]]",https://draquex.com/bougu/0-zenbu.php,https://draquex.com/bougu/a-93-1.php,,,"2026-03-12 01:43:31","2026-07-23 15:19:02"
942,bougu_93_2_body_top,降魔のよろい上,"Demonfel Armor",set_c7d1922ef6,降魔セット,armor_set,18,,"[""おしゃれさ+30"", ""おもさ+18"", ""さいだいHP+10"", ""呪文攻撃ダメージ7％減"", ""受けた属性ダメージの10％HP回復(フォース無効)""]",,,,100,27,,,,,inherit,42,93,降魔セット,聖都エジャルナのレシピ屋,,体上,鎧上,2,"[{""count"": 5, ""item_id"": 759}, {""count"": 1, ""item_id"": 757}, {""count"": 20, ""item_id"": 848}, {""count"": 20, ""item_id"": 816}, {""count"": 5, ""item_id"": 865}]","[[""134～143"", ""134～143""], [""186～200"", ""186～200""], [""99～105"", ""99～105""]]",https://draquex.com/bougu/0-zenbu.php,https://draquex.com/bougu/b-93-1.php,,52,"2026-03-12 01:43:31","2026-07-23 15:19:02"
943,bougu_93_2_body_bottom,降魔のよろい下,"Demonfel Chausses",set_c7d1922ef6,降魔セット,armor_set,18,,"[""おしゃれさ+30"", ""おもさ+18"", ""さいだいHP+10"", ""呪文攻撃ダメージ7％減"", ""受けた属性ダメージの10％HP回復(フォース無効)""]",,,,51,12,,,,,inherit,42,93,降魔セット,聖都エジャルナのレシピ屋,,体下,鎧下,2,"[{""count"": 5, ""item_id"": 759}, {""count"": 1, ""item_id"": 648}, {""count"": 20, ""item_id"": 850}, {""count"": 20, ""item_id"": 732}, {""count"": 5, ""item_id"": 865}]","[[""60～69"", ""91～100""], [""80～91"", ""60～69""], [""120～126"", ""158～168""], [""158～168"", ""120～126""]]",https://draquex.com/bougu/0-zenbu.php,https://draquex.com/bougu/c-93-1.php,,27,"2026-03-12 01:43:31","2026-07-23 15:19:02"
944,bougu_93_2_arm,降魔のこて,"Demonfel Gauntlets",set_c7d1922ef6,降魔セット,armor_set,18,,"[""おしゃれさ+30"", ""おもさ+18"", ""さいだいHP+10"", ""呪文攻撃ダメージ7％減"", ""受けた属性ダメージの10％HP回復(フォース無効)""]",,,,37,6,,43,,,inherit,42,93,降魔セット,聖都エジャルナのレシピ屋,,腕,鎧腕,1,"[{""count"": 5, ""item_id"": 759}, {""count"": 10, ""item_id"": 868}, {""count"": 10, ""item_id"": 638}, {""count"": 10, ""item_id"": 661}, {""count"": 5, ""item_id"": 865}]","[[""279～285""], [""329～341""], [""229～242""]]",https://draquex.com/bougu/0-zenbu.php,https://draquex.com/bougu/d-93-1.php,,21,"2026-03-12 01:43:31","2026-07-23 15:19:02"
945,bougu_93_2_foot,降魔のグリーブ,"Demonfel Greaves",set_c7d1922ef6,降魔セット,armor_set,18,,"[""おしゃれさ+30"", ""おもさ+18"", ""さいだいHP+10"", ""呪文攻撃ダメージ7％減"", ""受けた属性ダメージの10％HP回復(フォース無効)""]",,,,37,6,43,,,,inherit,42,93,降魔セット,聖都エジャルナのレシピ屋,,足,鎧足,2,"[{""count"": 5, ""item_id"": 759}, {""count"": 20, ""item_id"": 760}, {""count"": 20, ""item_id"": 678}, {""count"": 20, ""item_id"": 633}, {""count"": 5, ""item_id"": 865}]","[[null, ""168～181""], [null, ""231～240""], [""168～181"", ""266～279""]]",https://draquex.com/bougu/0-zenbu.php,https://draquex.com/bougu/e-93-1.php,,24,"2026-03-12 01:43:31","2026-07-23 15:19:02"
946,bougu_93_3_head,スターダムハット,"Stardom Hat",set_f0d77cebe5,スターダムセット,armor_set,22,,"[""おしゃれさ+55"", ""さいだいHP+8"", ""コマンド間隔-0.5秒"", ""状態異常系の成功率+10%""]",,,,,,,,,,inherit,42,93,スターダムセット,聖都エジャルナのレシピ屋,,頭,鎧頭,2,"[{""count"": 5, ""item_id"": 759}, {""count"": 30, ""item_id"": 821}, {""count"": 1, ""item_id"": 833}, {""count"": 30, ""item_id"": 683}, {""count"": 5, ""item_id"": 865}]","[[""195～203"", ""195～203""], [""264～277"", ""264～277""]]",https://draquex.com/bougu/0-zenbu.php,https://draquex.com/bougu/a-93-3.php,,,"2026-03-12 01:43:34","2026-07-23 15:19:02"
947,bougu_93_3_body_top,スターダムスーツ,"Stardom Suit",set_f0d77cebe5,スターダムセット,armor_set,22,,"[""おしゃれさ+55"", ""さいだいHP+8"", ""コマンド間隔-0.5秒"", ""状態異常系の成功率+10%""]",,,,69,54,,,65,65,inherit,42,93,スターダムセット,聖都エジャルナのレシピ屋,,体上,鎧上,2,"[{""count"": 5, ""item_id"": 759}, {""count"": 1, ""item_id"": 883}, {""count"": 1, ""item_id"": 752}, {""count"": 30, ""item_id"": 542}, {""count"": 5, ""item_id"": 865}]","[[""108～121"", ""210～218""], [""210～218"", ""140～148""], [""140～148"", ""108～121""]]",https://draquex.com/bougu/0-zenbu.php,https://draquex.com/bougu/b-93-3.php,,13,"2026-03-12 01:43:34","2026-07-23 15:19:02"
948,bougu_93_3_arm,スターダムブレス,"Stardom Bracelets",set_f0d77cebe5,スターダムセット,armor_set,22,,"[""おしゃれさ+55"", ""さいだいHP+8"", ""コマンド間隔-0.5秒"", ""状態異常系の成功率+10%""]",,,,12,24,,69,,,inherit,42,93,スターダムセット,聖都エジャルナのレシピ屋,,腕,鎧腕,,"[{""count"": 5, ""item_id"": 759}, {""count"": 20, ""item_id"": 608}, {""count"": 10, ""item_id"": 661}, {""count"": 30, ""item_id"": 749}, {""count"": 5, ""item_id"": 865}]","[[""308-318""], [""350-361""], [""266-272""]]",https://draquex.com/bougu/0-zenbu.php,https://draquex.com/bougu/d-93-3.php,,5,"2026-03-12 01:43:34","2026-07-23 15:19:02"
949,bougu_93_3_foot,スターダムシューズ,"Stardom Shoes",set_f0d77cebe5,スターダムセット,armor_set,22,,"[""おしゃれさ+55"", ""さいだいHP+8"", ""コマンド間隔-0.5秒"", ""状態異常系の成功率+10%""]",,,,12,25,75,,,,inherit,42,93,スターダムセット,聖都エジャルナのレシピ屋,,足,鎧足,2,"[{""count"": 5, ""item_id"": 759}, {""count"": 30, ""item_id"": 609}, {""count"": 1, ""item_id"": 647}, {""count"": 1, ""item_id"": 833}, {""count"": 5, ""item_id"": 865}]","[["""", ""164～171""], ["""", ""232～245""], [""260～273"", ""260～273""]]",https://draquex.com/bougu/0-zenbu.php,https://draquex.com/bougu/e-93-3.php,,5,"2026-03-12 01:43:34","2026-07-23 15:19:02"
950,bougu_93_4_body_top,武神の道着上,"War God Dogi Top",set_e82e5dc475,武神セット,tailoring_set,25,再生布,"[""おしゃれさ+30"", ""さいだいHP+6"", ""2.0%で行動ターンを消費しない"", ""特技のダメージ+15(試合無効)""]",,,,66,13,,,,,inherit,42,93,武神セット,聖都エジャルナのレシピ屋,,体上,,3,"[{""count"": 5, ""item_id"": 738}, {""count"": 1, ""item_id"": 883}, {""count"": 10, ""item_id"": 868}, {""count"": 10, ""item_id"": 683}, {""count"": 5, ""item_id"": 547}]","[[""100"", ""75"", ""100""], [""75"", ""140"", ""75""], [""100"", ""75"", ""100""]]",https://draquex.com/bougu/0-zenbu.php,https://draquex.com/bougu/b-93-4.php,,17,"2026-03-12 01:43:36","2026-07-23 15:19:02"
951,bougu_93_4_body_bottom,武神の道着下,"War God Dogi Bottom",set_e82e5dc475,武神セット,tailoring_set,25,再生布,"[""おしゃれさ+30"", ""さいだいHP+6"", ""2.0%で行動ターンを消費しない"", ""特技のダメージ+15(試合無効)""]",,,,33,6,,,,,inherit,42,93,武神セット,聖都エジャルナのレシピ屋,,体下,,2,"[{""count"": 5, ""item_id"": 738}, {""count"": 1, ""item_id"": 647}, {""count"": 10, ""item_id"": 673}, {""count"": 20, ""item_id"": 609}, {""count"": 5, ""item_id"": 547}]","[[""160"", ""160""], [""140"", ""140""], [""120"", ""120""]]",https://draquex.com/bougu/0-zenbu.php,https://draquex.com/bougu/c-93-2.php,,8,"2026-03-12 01:43:36","2026-07-23 15:19:02"
952,bougu_93_4_arm,武神の腕帯,"War God Armbands",set_e82e5dc475,武神セット,tailoring_set,25,再生布,"[""おしゃれさ+30"", ""さいだいHP+6"", ""2.0%で行動ターンを消費しない"", ""特技のダメージ+15(試合無効)""]",,,,14,5,,64,,,inherit,42,93,武神セット,聖都エジャルナのレシピ屋,,腕,,3,"[{""count"": 5, ""item_id"": 738}, {""count"": 10, ""item_id"": 805}, {""count"": 20, ""item_id"": 646}, {""count"": 20, ""item_id"": 678}, {""count"": 5, ""item_id"": 547}]","[[""140"", ""110"", ""170""], [""110"", ""140"", ""170""]]",https://draquex.com/bougu/0-zenbu.php,https://draquex.com/bougu/d-93-4.php,,7,"2026-03-12 01:43:36","2026-07-23 15:19:02"
953,bougu_93_4_foot,武神の脚帯,"War God Sandals",set_e82e5dc475,武神セット,tailoring_set,25,再生布,"[""おしゃれさ+30"", ""さいだいHP+6"", ""2.0%で行動ターンを消費しない"", ""特技のダメージ+15(試合無効)""]",,,,14,5,64,,,,inherit,42,93,武神セット,聖都エジャルナのレシピ屋,,足,,2,"[{""count"": 5, ""item_id"": 738}, {""count"": 30, ""item_id"": 820}, {""count"": 1, ""item_id"": 833}, {""count"": 5, ""item_id"": 835}, {""count"": 5, ""item_id"": 547}]","[[""185"", ""185""], [""235"", ""235""]]",https://draquex.com/bougu/0-zenbu.php,https://draquex.com/bougu/e-93-4.php,,7,"2026-03-12 01:43:36","2026-07-23 15:19:02"
954,bougu_93_5_head,ヴァンガードハット,"Vanguard Hat",set_0904b1f52a,ヴァンガードセット,tailoring_set,21,ピンク布,"[""おしゃれさ+45"", ""さいだいHP+8"", ""きようさ+40"", ""必殺チャージ率+1%"", ""チャンス特技発生率+1%""]",,,,49,26,,,25,25,inherit,42,93,ヴァンガードセット,聖都エジャルナのレシピ屋,,頭,裁縫頭,,"[{""count"": 5, ""item_id"": 738}, {""count"": 30, ""item_id"": 674}, {""count"": 1, ""item_id"": 611}, {""count"": 30, ""item_id"": 683}, {""count"": 5, ""item_id"": 547}]","[[null, ""194"", null], [""230"", ""270"", ""230""]]",https://draquex.com/bougu/0-zenbu.php,https://draquex.com/bougu/a-93-2.php,,12,"2026-03-12 01:43:39","2026-07-23 15:19:02"
955,bougu_93_5_body_top,ヴァンガードコート,"Vanguard Coat",set_0904b1f52a,ヴァンガードセット,tailoring_set,21,ピンク布,"[""おしゃれさ+45"", ""さいだいHP+8"", ""きようさ+40"", ""必殺チャージ率+1%"", ""チャンス特技発生率+1%""]",,,,72,39,,,40,40,inherit,42,93,ヴァンガードセット,聖都エジャルナのレシピ屋,,体上,裁縫上,,"[{""count"": 5, ""item_id"": 738}, {""count"": 1, ""item_id"": 765}, {""count"": 10, ""item_id"": 868}, {""count"": 10, ""item_id"": 567}, {""count"": 5, ""item_id"": 547}]","[[""120"", ""68"", ""150""], [""90"", ""68"", ""90""], [""150"", ""68"", ""120""]]",https://draquex.com/bougu/0-zenbu.php,https://draquex.com/bougu/b-93-2.php,,15,"2026-03-12 01:43:39","2026-07-23 15:19:02"
956,bougu_93_5_arm,ヴァンガードグラブ,"Vanguard Gloves",set_0904b1f52a,ヴァンガードセット,tailoring_set,21,ピンク布,"[""おしゃれさ+45"", ""さいだいHP+8"", ""きようさ+40"", ""必殺チャージ率+1%"", ""チャンス特技発生率+1%""]",,,,15,14,,67,,,inherit,42,93,ヴァンガードセット,聖都エジャルナのレシピ屋,,腕,裁縫腕,3,"[{""count"": 5, ""item_id"": 738}, {""count"": 10, ""item_id"": 554}, {""count"": 30, ""item_id"": 657}, {""count"": 30, ""item_id"": 801}, {""count"": 5, ""item_id"": 547}]","[[""185"", ""125"", ""152""], [""125"", ""152"", ""185""]]",https://draquex.com/bougu/0-zenbu.php,https://draquex.com/bougu/d-93-2.php,,3,"2026-03-12 01:43:39","2026-07-23 15:19:02"
957,bougu_93_5_foot,ヴァンガードブーツ,"Vanguard Boots",set_0904b1f52a,ヴァンガードセット,tailoring_set,21,ピンク布,"[""おしゃれさ+45"", ""さいだいHP+8"", ""きようさ+40"", ""必殺チャージ率+1%"", ""チャンス特技発生率+1%""]",,,,15,13,67,,,,inherit,42,93,ヴァンガードセット,聖都エジャルナのレシピ屋,,足,裁縫足,2,"[{""count"": 5, ""item_id"": 738}, {""count"": 1, ""item_id"": 648}, {""count"": 1, ""item_id"": 647}, {""count"": 20, ""item_id"": 678}, {""count"": 5, ""item_id"": 547}]","[[""261"", ""201""], [""201"", ""261""]]",https://draquex.com/bougu/0-zenbu.php,https://draquex.com/bougu/e-93-2.php,,3,"2026-03-12 01:43:39","2026-07-23 15:19:02"
958,bougu_90_1_body_top,フォーチュンローブ,"Fortune Robe",set_72ed3ddaa2,フォーチュンローブセット,tailoring_set,19,虹布,"[""おしゃれさ+35"", ""さいだいHP+8"", ""さいだいＭＰ+6"", ""炎の攻撃ダメージ+5%"", ""闇の攻撃ダメージ+5%""]",,,,57,14,,,73,73,inherit,41,90,"フォーチュンセット ※裁縫職人",聖都エジャルナのレシピ屋,,体上,裁縫上,3,"[{""count"": 5, ""item_id"": 738}, {""count"": 1, ""item_id"": 765}, {""count"": 1, ""item_id"": 745}, {""count"": 5, ""item_id"": 547}]","[[""150"", ""60"", ""125""], [""75"", ""60"", ""75""], [""125"", ""60"", ""150""]]",https://draquex.com/bougu/0-zenbu.php,https://draquex.com/bougu/b-90-5.php,,10,"2026-03-12 01:43:42","2026-07-23 15:19:02"
959,bougu_90_1_body_bottom,フォーチュンボトム,"Fortune Bottoms",set_72ed3ddaa2,フォーチュンローブセット,tailoring_set,19,虹布,"[""おしゃれさ+35"", ""さいだいHP+8"", ""さいだいＭＰ+6"", ""炎の攻撃ダメージ+5%"", ""闇の攻撃ダメージ+5%""]",,,,34,13,,,,,inherit,41,90,"フォーチュンセット ※裁縫職人",聖都エジャルナのレシピ屋,,体下,裁縫下,2,"[{""count"": 5, ""item_id"": 738}, {""count"": 30, ""item_id"": 821}, {""count"": 30, ""item_id"": 801}, {""count"": 5, ""item_id"": 547}]","[[""170"", ""170""], [""145"", ""145""], [""125"", ""125""]]",https://draquex.com/bougu/0-zenbu.php,https://draquex.com/bougu/c-90-4.php,,6,"2026-03-12 01:43:42","2026-07-23 15:19:02"
960,bougu_90_1_arm,フォーチュングラブ,"Fortune Gloves",set_72ed3ddaa2,フォーチュンローブセット,tailoring_set,19,虹布,"[""おしゃれさ+35"", ""さいだいHP+8"", ""さいだいＭＰ+6"", ""炎の攻撃ダメージ+5%"", ""闇の攻撃ダメージ+5%""]",,,,13,5,,65,,,inherit,41,90,"フォーチュンセット ※裁縫職人",聖都エジャルナのレシピ屋,,腕,裁縫腕,3,"[{""count"": 5, ""item_id"": 738}, {""count"": 30, ""item_id"": 548}, {""count"": 30, ""item_id"": 643}, {""count"": 5, ""item_id"": 547}]","[[""170"", ""125"", ""145""], [""125"", ""145"", ""170""]]",https://draquex.com/bougu/0-zenbu.php,https://draquex.com/bougu/d-90-4.php,,2,"2026-03-12 01:43:42","2026-07-23 15:19:02"
961,bougu_90_1_foot,フォーチュンブーツ,"Fortune Boots",set_72ed3ddaa2,フォーチュンローブセット,tailoring_set,19,虹布,"[""おしゃれさ+35"", ""さいだいHP+8"", ""さいだいＭＰ+6"", ""炎の攻撃ダメージ+5%"", ""闇の攻撃ダメージ+5%""]",,,,13,5,65,,,,inherit,41,90,"フォーチュンセット ※裁縫職人",聖都エジャルナのレシピ屋,,足,裁縫足,2,"[{""count"": 5, ""item_id"": 738}, {""count"": 1, ""item_id"": 752}, {""count"": 20, ""item_id"": 802}, {""count"": 5, ""item_id"": 547}]","[[""250"", ""190""], [""190"", ""250""]]",https://draquex.com/bougu/0-zenbu.php,https://draquex.com/bougu/e-90-4.php,,3,"2026-03-12 01:43:42","2026-07-23 15:19:02"
962,bougu_90_2_head,大戦鬼のかぶと,"War Demon's Helmet",set_6496626cfa,大戦鬼セット,armor_set,18,,"[""おしゃれさ+30"", ""おもさ+18"", ""さいだいHP+10"", ""開戦時50%でこうげき力+60"", ""仲間死亡時50%でためる""]",,,,69,18,,,,,inherit,41,90,大戦鬼セット,聖都エジャルナのレシピ屋,,頭,鎧頭,2,"[{""count"": 5, ""item_id"": 759}, {""count"": 1, ""item_id"": 834}, {""count"": 20, ""item_id"": 535}, {""count"": 5, ""item_id"": 865}]","[[""190～202"", ""250～256""], [""250～256"", ""190～202""]]",https://draquex.com/bougu/0-zenbu.php,https://draquex.com/bougu/a-90-1.php,,27,"2026-03-12 01:43:44","2026-07-23 15:19:02"
963,bougu_90_2_body_top,大戦鬼のよろい,"War Demon's Armor",set_6496626cfa,大戦鬼セット,armor_set,18,,"[""おしゃれさ+30"", ""おもさ+18"", ""さいだいHP+10"", ""開戦時50%でこうげき力+60"", ""仲間死亡時50%でためる""]",,,,96,25,,,,,inherit,41,90,大戦鬼セット,聖都エジャルナのレシピ屋,,体上,鎧上,2,"[{""count"": 5, ""item_id"": 759}, {""count"": 10, ""item_id"": 838}, {""count"": 10, ""item_id"": 868}, {""count"": 5, ""item_id"": 865}]","[[""145～156"", ""170～178""], [""170～178"", ""145～156""], [""125～131"", ""125～131""]]",https://draquex.com/bougu/0-zenbu.php,https://draquex.com/bougu/b-90-1.php,,50,"2026-03-12 01:43:44","2026-07-23 15:19:02"
964,bougu_90_2_arm,大戦鬼のこて,"War Demon's Gauntlets",set_6496626cfa,大戦鬼セット,armor_set,18,,"[""おしゃれさ+30"", ""おもさ+18"", ""さいだいHP+10"", ""開戦時50%でこうげき力+60"", ""仲間死亡時50%でためる""]",,,,35,6,,41,,,inherit,41,90,大戦鬼セット,聖都エジャルナのレシピ屋,,腕,鎧腕,1,"[{""count"": 5, ""item_id"": 759}, {""count"": 1, ""item_id"": 765}, {""count"": 20, ""item_id"": 879}, {""count"": 5, ""item_id"": 865}]","[[""240～246""], [""350～361""], [""290～300""]]",https://draquex.com/bougu/0-zenbu.php,https://draquex.com/bougu/d-90-1.php,,20,"2026-03-12 01:43:44","2026-07-23 15:19:02"
965,bougu_90_2_foot,大戦鬼のグリーブ,"War Demon's Greaves",set_6496626cfa,大戦鬼セット,armor_set,18,,"[""おしゃれさ+30"", ""おもさ+18"", ""さいだいHP+10"", ""開戦時50%でこうげき力+60"", ""仲間死亡時50%でためる""]",,,,35,6,41,,,,inherit,41,90,大戦鬼セット,聖都エジャルナのレシピ屋,,足,鎧足,2,"[{""count"": 5, ""item_id"": 759}, {""count"": 1, ""item_id"": 648}, {""count"": 20, ""item_id"": 536}, {""count"": 5, ""item_id"": 865}]","[[null, ""185～196""], [null, ""230～236""], [""185～196"", ""280～290""]]",https://draquex.com/bougu/0-zenbu.php,https://draquex.com/bougu/e-90-6.php,,23,"2026-03-12 01:43:44","2026-07-23 15:19:02"
966,bougu_90_3_head,巨商のターバン,"Rich Merchant Turban",set_6df598aa60,巨商セット,tailoring_set,22,ピンク布,"[""おしやれさ+55"", ""さいだいHP+8"", ""呪文発動速度+2%"", ""呪文と特技の回復1.3倍""]",,,,46,36,,,33,33,inherit,41,90,巨商セット,聖都エジャルナのレシピ屋,,頭,裁縫頭,3,"[{""count"": 5, ""item_id"": 738}, {""count"": 1, ""item_id"": 765}, {""count"": 30, ""item_id"": 669}, {""count"": 5, ""item_id"": 547}]","[[null, ""240"", null], [""170"", ""300"", ""170""]]",https://draquex.com/bougu/0-zenbu.php,https://draquex.com/bougu/a-90-4.php,,10,"2026-03-12 01:43:46","2026-07-23 15:19:02"
967,bougu_90_3_body_top,巨商のころも,"Rich Merchant Top",set_6df598aa60,巨商セット,tailoring_set,22,ピンク布,"[""おしやれさ+55"", ""さいだいHP+8"", ""呪文発動速度+2%"", ""呪文と特技の回復1.3倍""]",,,,66,52,,,57,57,inherit,41,90,巨商セット,聖都エジャルナのレシピ屋,,体上,裁縫上,3,"[{""count"": 5, ""item_id"": 738}, {""count"": 30, ""item_id"": 617}, {""count"": 30, ""item_id"": 674}, {""count"": 5, ""item_id"": 547}]","[[""110"", ""75"", ""110""], [""75"", ""140"", ""75""], [""110"", ""75"", ""110""]]",https://draquex.com/bougu/0-zenbu.php,https://draquex.com/bougu/b-90-4.php,,12,"2026-03-12 01:43:46","2026-07-23 15:19:02"
968,bougu_90_3_body_bottom,巨商の前かけ,"Rich Merchant Apron",set_6df598aa60,巨商セット,tailoring_set,22,ピンク布,"[""おしやれさ+55"", ""さいだいHP+8"", ""呪文発動速度+2%"", ""呪文と特技の回復1.3倍""]",,,,35,31,,,,,inherit,41,90,巨商セット,聖都エジャルナのレシピ屋,,体下,裁縫下,2,"[{""count"": 5, ""item_id"": 738}, {""count"": 1, ""item_id"": 647}, {""count"": 15, ""item_id"": 810}, {""count"": 5, ""item_id"": 547}]","[[""150"", ""185""], [""185"", ""150""], [""105"", ""105""]]",https://draquex.com/bougu/0-zenbu.php,https://draquex.com/bougu/c-90-3.php,,6,"2026-03-12 01:43:46","2026-07-23 15:19:02"
969,bougu_90_3_foot,巨商のサンダル,"Rich Merchant Sandals",set_6df598aa60,巨商セット,tailoring_set,22,ピンク布,"[""おしやれさ+55"", ""さいだいHP+8"", ""呪文発動速度+2%"", ""呪文と特技の回復1.3倍""]",,,,11,24,70,,,,inherit,41,90,巨商セット,聖都エジャルナのレシピ屋,,足,裁縫足,2,"[{""count"": 5, ""item_id"": 738}, {""count"": 5, ""item_id"": 861}, {""count"": 20, ""item_id"": 670}, {""count"": 5, ""item_id"": 547}]","[[""185"", ""185""], [""255"", ""255""]]",https://draquex.com/bougu/0-zenbu.php,https://draquex.com/bougu/e-90-3.php,,4,"2026-03-12 01:43:46","2026-07-23 15:19:02"
970,bougu_90_4_head,トーテムクラウン,"Totem Crown",set_ced87836f1,トーテムクラウンセット,tailoring_set,25,再生布,"[""おしやれさ+30"", ""さいだいHP+6"", ""かいしん率+1.0%"", ""魔物への会心と呪文暴走ダメージ+100""]",,,,,,,,,,inherit,41,90,トーテムセット,聖都エジャルナのレシピ屋,,頭,,3,"[{""count"": 5, ""item_id"": 738}, {""count"": 1, ""item_id"": 753}, {""count"": 1, ""item_id"": 611}, {""count"": 5, ""item_id"": 547}, {""count"": 10, ""item_id"": 866}]","[[null, ""200"", null], [""200"", ""200"", ""200""]]",https://draquex.com/bougu/0-zenbu.php,https://draquex.com/bougu/a-90-2.php,,,"2026-03-12 01:43:51","2026-07-23 15:19:02"
971,bougu_90_4_body_top,トーテムケープ上,"Totem Cape",set_ced87836f1,トーテムクラウンセット,tailoring_set,25,再生布,"[""おしやれさ+30"", ""さいだいHP+6"", ""かいしん率+1.0%"", ""魔物への会心と呪文暴走ダメージ+100""]",,,,63,13,,,,,inherit,41,90,トーテムセット,聖都エジャルナのレシピ屋,,体上,,3,"[{""count"": 5, ""item_id"": 738}, {""count"": 1, ""item_id"": 757}, {""count"": 30, ""item_id"": 800}, {""count"": 5, ""item_id"": 547}, {""count"": 30, ""item_id"": 633}]","[[""90"", ""75"", ""90""], [""75"", ""140"", ""75""], [""90"", ""75"", ""90""]]",https://draquex.com/bougu/0-zenbu.php,https://draquex.com/bougu/b-90-2.php,,16,"2026-03-12 01:43:51","2026-07-23 15:19:02"
972,bougu_90_4_body_bottom,トーテムケープ下,"Totem Leggings",set_ced87836f1,トーテムクラウンセット,tailoring_set,25,再生布,"[""おしやれさ+30"", ""さいだいHP+6"", ""かいしん率+1.0%"", ""魔物への会心と呪文暴走ダメージ+100""]",,,,30,6,,,,,inherit,41,90,トーテムセット,聖都エジャルナのレシピ屋,,体下,,2,"[{""count"": 5, ""item_id"": 738}, {""count"": 30, ""item_id"": 802}, {""count"": 1, ""item_id"": 833}, {""count"": 5, ""item_id"": 547}, {""count"": 30, ""item_id"": 609}]","[[""100"", ""130""], [""130"", ""170""], [""170"", ""100""]]",https://draquex.com/bougu/0-zenbu.php,https://draquex.com/bougu/c-90-1.php,,7,"2026-03-12 01:43:51","2026-07-23 15:19:02"
973,bougu_90_4_arm,トーテムブレス,"Totem Bracelets",set_ced87836f1,トーテムクラウンセット,tailoring_set,25,再生布,"[""おしやれさ+30"", ""さいだいHP+6"", ""かいしん率+1.0%"", ""魔物への会心と呪文暴走ダメージ+100""]",,,,13,5,,61,,,inherit,41,90,トーテムセット,聖都エジャルナのレシピ屋,,腕,,3,"[{""count"": 5, ""item_id"": 738}, {""count"": 1, ""item_id"": 648}, {""count"": 30, ""item_id"": 643}, {""count"": 5, ""item_id"": 547}, {""count"": 5, ""item_id"": 835}]","[[""135"", ""100"", ""165""], [""135"", ""100"", ""165""]]",https://draquex.com/bougu/0-zenbu.php,https://draquex.com/bougu/d-90-2.php,,6,"2026-03-12 01:43:51","2026-07-23 15:19:02"
974,bougu_90_4_foot,トーテムサンダル,"Totem Sandals",set_ced87836f1,トーテムクラウンセット,tailoring_set,25,再生布,"[""おしやれさ+30"", ""さいだいHP+6"", ""かいしん率+1.0%"", ""魔物への会心と呪文暴走ダメージ+100""]",,,,13,6,61,,,,inherit,41,90,トーテムセット,聖都エジャルナのレシピ屋,,足,,2,"[{""count"": 5, ""item_id"": 738}, {""count"": 1, ""item_id"": 833}, {""count"": 30, ""item_id"": 844}, {""count"": 5, ""item_id"": 547}, {""count"": 30, ""item_id"": 683}]","[[""200"", ""200""], [""200"", ""200""]]",https://draquex.com/bougu/0-zenbu.php,https://draquex.com/bougu/e-90-1.php,,6,"2026-03-12 01:43:51","2026-07-23 15:19:02"
975,bougu_90_5_head,クイックハット,"Quick Hat",set_0f6178ce11,クイックセット,armor_set,21,,"[""おしやれさ+45"", ""さいだいHP+8"", ""きようさ+40"", ""コマンド間隔-0.5秒"", ""開戦時100%で早詠みの杖""]",,,,45,25,,,20,20,inherit,41,90,"クイックセット ※防具鍛冶",聖都エジャルナのレシピ屋,,頭,鎧頭,2,"[{""count"": 5, ""item_id"": 759}, {""count"": 10, ""item_id"": 554}, {""count"": 20, ""item_id"": 800}, {""count"": 5, ""item_id"": 865}]","[[""180～186"", ""240～252""], [""180～186"", ""240～252""]]",https://draquex.com/bougu/0-zenbu.php,https://draquex.com/bougu/a-90-3.php,,10,"2026-03-12 01:43:54","2026-07-23 15:19:02"
976,bougu_90_5_body_top,クイックジャケット,"Quick Jacket",set_0f6178ce11,クイックセット,armor_set,21,,"[""おしやれさ+45"", ""さいだいHP+8"", ""きようさ+40"", ""コマンド間隔-0.5秒"", ""開戦時100%で早詠みの杖""]",,,,68,36,,,35,35,inherit,41,90,"クイックセット ※防具鍛冶",聖都エジャルナのレシピ屋,,体上,鎧上,2,"[{""count"": 5, ""item_id"": 759}, {""count"": 1, ""item_id"": 765}, {""name"": ""けものの毛皮"", ""count"": 20, ""item_id"": null}, {""count"": 5, ""item_id"": 865}]","[[""120～125"", ""140～148""], [""140～148"", ""160～168""], [""160～168"", ""120～125""]]",https://draquex.com/bougu/0-zenbu.php,https://draquex.com/bougu/b-90-3.php,,12,"2026-03-12 01:43:54","2026-07-23 15:19:02"
977,bougu_90_5_body_bottom,クイックパンツ,"Quick Pants",set_0f6178ce11,クイックセット,armor_set,21,,"[""おしやれさ+45"", ""さいだいHP+8"", ""きようさ+40"", ""コマンド間隔-0.5秒"", ""開戦時100%で早詠みの杖""]",,,,36,20,,,,,inherit,41,90,"クイックセット ※防具鍛冶",聖都エジャルナのレシピ屋,,体下,鎧下,2,"[{""count"": 5, ""item_id"": 759}, {""count"": 10, ""item_id"": 868}, {""count"": 1, ""item_id"": 752}, {""count"": 5, ""item_id"": 865}]","[[""91～100"", ""91～100""], [""145～153"", ""145～153""], [""110～116"", ""110～116""], [""75～83"", ""75～83""]]",https://draquex.com/bougu/0-zenbu.php,https://draquex.com/bougu/c-90-2.php,,6,"2026-03-12 01:43:54","2026-07-23 15:19:02"
978,bougu_90_5_arm,クイックグラブ,"Quick Gloves",set_0f6178ce11,クイックセット,armor_set,21,,"[""おしやれさ+45"", ""さいだいHP+8"", ""きようさ+40"", ""コマンド間隔-0.5秒"", ""開戦時100%で早詠みの杖""]",,,,14,13,,65,,,inherit,41,90,"クイックセット ※防具鍛冶",聖都エジャルナのレシピ屋,,腕,鎧腕,,"[{""count"": 5, ""item_id"": 759}, {""count"": 30, ""item_id"": 728}, {""count"": 30, ""item_id"": 669}, {""count"": 5, ""item_id"": 865}]",,https://draquex.com/bougu/0-zenbu.php,https://draquex.com/bougu/d-90-3.php,,3,"2026-03-12 01:43:54","2026-07-23 15:19:02"
979,bougu_90_5_foot,クイックブーツ,"Quick Boots",set_0f6178ce11,クイックセット,armor_set,21,,"[""おしやれさ+45"", ""さいだいHP+8"", ""きようさ+40"", ""コマンド間隔-0.5秒"", ""開戦時100%で早詠みの杖""]",,,,14,13,65,,,,inherit,41,90,"クイックセット ※防具鍛冶",聖都エジャルナのレシピ屋,,足,鎧足,2,"[{""count"": 5, ""item_id"": 759}, {""count"": 1, ""item_id"": 611}, {""count"": 20, ""item_id"": 678}, {""count"": 5, ""item_id"": 865}]","[["""", ""164～170""], ["""", ""260～269""], [""190～200"", ""225～235""]]",https://draquex.com/bougu/0-zenbu.php,https://draquex.com/bougu/e-90-2.php,,3,"2026-03-12 01:43:54","2026-07-23 15:19:02"
980,bougu_85_1_head,神託のぼうし,"Oracle Hat",set_d6b284269f,神託セット,tailoring_set,19,虹布,"[""おしゃれさ+35"", ""さいだいHP+8"", ""さいだいＭＰ+6"", ""攻撃呪文ダメージ7%減"", ""瀕死時10%で身かわし率+30%""]",,,,33,13,,,52,52,inherit,40,85,"神託のローブ ※さいほう",真グランゼドーラ王国のレシピ屋,,頭,裁縫頭,3,"[{""count"": 3, ""item_id"": 738}, {""count"": 1, ""item_id"": 647}, {""count"": 20, ""item_id"": 567}, {""count"": 1, ""item_id"": 761}, {""count"": 5, ""item_id"": 547}]","[[null, ""239"", null], [""190"", ""239"", ""190""]]",https://draquex.com/bougu/0-zenbu.php,https://draquex.com/bougu/a-85-5.php,,7,"2026-03-12 01:43:57","2026-07-23 15:19:02"
981,bougu_85_1_body_top,神託のローブ上,"Oracle Robe Top",set_d6b284269f,神託セット,tailoring_set,19,虹布,"[""おしゃれさ+35"", ""さいだいHP+8"", ""さいだいＭＰ+6"", ""攻撃呪文ダメージ7%減"", ""瀕死時10%で身かわし率+30%""]",,,,52,14,,,66,66,inherit,40,85,"神託のローブ ※さいほう",真グランゼドーラ王国のレシピ屋,,体上,裁縫上,3,"[{""count"": 3, ""item_id"": 738}, {""count"": 5, ""item_id"": 702}, {""count"": 30, ""item_id"": 657}, {""count"": 1, ""item_id"": 761}, {""count"": 5, ""item_id"": 547}]","[[""105"", ""75"", ""105""], [""75"", ""140"", ""75""], [""105"", ""75"", ""105""]]",https://draquex.com/bougu/0-zenbu.php,https://draquex.com/bougu/b-85-5.php,,10,"2026-03-12 01:43:57","2026-07-23 15:19:02"
982,bougu_85_1_body_bottom,神託のローブ下,"Oracle Robe Bottom",set_d6b284269f,神託セット,tailoring_set,19,虹布,"[""おしゃれさ+35"", ""さいだいHP+8"", ""さいだいＭＰ+6"", ""攻撃呪文ダメージ7%減"", ""瀕死時10%で身かわし率+30%""]",,,,29,13,,,,,inherit,40,85,"神託のローブ ※さいほう",真グランゼドーラ王国のレシピ屋,,体下,裁縫下,2,"[{""count"": 3, ""item_id"": 738}, {""count"": 20, ""item_id"": 760}, {""count"": 20, ""item_id"": 683}, {""count"": 1, ""item_id"": 761}, {""count"": 5, ""item_id"": 547}]","[[""145"", ""185""], [""185"", ""145""], [""100"", ""100""]]",https://draquex.com/bougu/0-zenbu.php,https://draquex.com/bougu/c-85-4.php,,6,"2026-03-12 01:43:57","2026-07-23 15:19:02"
983,bougu_85_1_arm,神託のブレス,"Oracle Bracelets",set_d6b284269f,神託セット,tailoring_set,19,虹布,"[""おしゃれさ+35"", ""さいだいHP+8"", ""さいだいＭＰ+6"", ""攻撃呪文ダメージ7%減"", ""瀕死時10%で身かわし率+30%""]",,,,12,5,,63,,,inherit,40,85,"神託のローブ ※さいほう",真グランゼドーラ王国のレシピ屋,,腕,裁縫腕,3,"[{""count"": 3, ""item_id"": 738}, {""count"": 4, ""item_id"": 735}, {""count"": 5, ""item_id"": 661}, {""count"": 1, ""item_id"": 761}, {""count"": 5, ""item_id"": 547}]","[[""135"", ""105"", ""189""], [""135"", ""105"", ""189""]]",https://draquex.com/bougu/0-zenbu.php,https://draquex.com/bougu/d-85-5.php,,2,"2026-03-12 01:43:57","2026-07-23 15:19:02"
984,bougu_85_1_foot,神託のサンダル,"Oracle Sandals",set_d6b284269f,神託セット,tailoring_set,19,虹布,"[""おしゃれさ+35"", ""さいだいHP+8"", ""さいだいＭＰ+6"", ""攻撃呪文ダメージ7%減"", ""瀕死時10%で身かわし率+30%""]",,,,12,5,63,,,,inherit,40,85,"神託のローブ ※さいほう",真グランゼドーラ王国のレシピ屋,,足,裁縫足,2,"[{""count"": 3, ""item_id"": 738}, {""count"": 30, ""item_id"": 825}, {""count"": 30, ""item_id"": 627}, {""count"": 1, ""item_id"": 761}, {""count"": 5, ""item_id"": 547}]","[[""185"", ""185""], [""244"", ""244""]]",https://draquex.com/bougu/0-zenbu.php,https://draquex.com/bougu/e-85-5.php,,3,"2026-03-12 01:43:57","2026-07-23 15:19:02"
985,bougu_85_2_head,天宮騎士のかぶと,"Sky Knight Helmet",set_06a6382139,天宮騎士セット,armor_set,18,,"[""おしゃれさ+30"", ""おもさ+18"", ""さいだいHP+10"", ""攻撃呪文ダメージ5%減"", ""2%で行動ターンを消費しない""]",,,,64,16,,,,,replace,40,85,"天宮騎士のよろい ※防具鍛冶",真グランゼドーラ王国のレシピ屋,,頭,鎧頭,2,"[{""count"": 3, ""item_id"": 759}, {""count"": 1, ""item_id"": 611}, {""count"": 3, ""item_id"": 735}, {""count"": 1, ""item_id"": 761}, {""count"": 5, ""item_id"": 865}]","[[""190～202"", ""239～245""], [""190～202"", ""239～245""]]",https://draquex.com/bougu/0-zenbu.php,https://draquex.com/bougu/a-85-1.php,,25,"2026-03-12 01:44:00","2026-07-23 15:19:02"
986,bougu_85_2_body_top,天宮騎士のよろい上,"Sky Knight Armor",set_06a6382139,天宮騎士セット,armor_set,18,,"[""おしゃれさ+30"", ""おもさ+18"", ""さいだいHP+10"", ""攻撃呪文ダメージ5%減"", ""2%で行動ターンを消費しない""]",,,,88,23,,,,,replace,40,85,"天宮騎士のよろい ※防具鍛冶",真グランゼドーラ王国のレシピ屋,,体上,鎧上,2,"[{""count"": 3, ""item_id"": 759}, {""count"": 1, ""item_id"": 648}, {""count"": 20, ""item_id"": 633}, {""count"": 1, ""item_id"": 761}, {""count"": 5, ""item_id"": 865}]","[[""141～149"", ""141～149""], [""166～177"", ""166～177""], [""122～128"", ""122～128""]]",https://draquex.com/bougu/0-zenbu.php,https://draquex.com/bougu/b-85-1.php,,47,"2026-03-12 01:44:00","2026-07-23 15:19:02"
987,bougu_85_2_body_bottom,天宮騎士のよろい下,"Sky Knight Bottom",set_06a6382139,天宮騎士セット,armor_set,18,,"[""おしゃれさ+30"", ""おもさ+18"", ""さいだいHP+10"", ""攻撃呪文ダメージ5%減"", ""2%で行動ターンを消費しない""]",,,,49,11,,,,,replace,40,85,"天宮騎士のよろい ※防具鍛冶",真グランゼドーラ王国のレシピ屋,,体下,鎧下,2,"[{""count"": 3, ""item_id"": 759}, {""count"": 5, ""item_id"": 591}, {""count"": 30, ""item_id"": 683}, {""count"": 1, ""item_id"": 761}, {""count"": 5, ""item_id"": 865}]","[[""111～117"", ""152～160""], [""152～160"", ""111～117""], [""90～98"", ""90～98""], [""75～85"", ""75～85""]]",https://draquex.com/bougu/0-zenbu.php,https://draquex.com/bougu/c-85-1.php,,25,"2026-03-12 01:44:00","2026-07-23 15:19:02"
988,bougu_85_2_arm,天宮騎士のこて,"Sky Knight Gauntlets",set_06a6382139,天宮騎士セット,armor_set,18,,"[""おしゃれさ+30"", ""おもさ+18"", ""さいだいHP+10"", ""攻撃呪文ダメージ5%減"", ""2%で行動ターンを消費しない""]",,,,32,6,,39,,,replace,40,85,"天宮騎士のよろい ※防具鍛冶",真グランゼドーラ王国のレシピ屋,,腕,鎧腕,1,"[{""count"": 3, ""item_id"": 759}, {""count"": 20, ""item_id"": 697}, {""count"": 30, ""item_id"": 643}, {""count"": 1, ""item_id"": 761}, {""count"": 5, ""item_id"": 865}]","[[""280～291""], [""245～255""], [""333～339""]]",https://draquex.com/bougu/0-zenbu.php,https://draquex.com/bougu/d-85-1.php,,17,"2026-03-12 01:44:00","2026-07-23 15:19:02"
989,bougu_85_2_foot,天宮騎士のグリーブ,"Sky Knight Greaves",set_06a6382139,天宮騎士セット,armor_set,18,,"[""おしゃれさ+30"", ""おもさ+18"", ""さいだいHP+10"", ""攻撃呪文ダメージ5%減"", ""2%で行動ターンを消費しない""]",,,,32,6,39,,,,replace,40,85,"天宮騎士のよろい ※防具鍛冶",真グランゼドーラ王国のレシピ屋,,足,鎧足,2,"[{""count"": 3, ""item_id"": 759}, {""count"": 5, ""item_id"": 819}, {""count"": 10, ""item_id"": 608}, {""count"": 1, ""item_id"": 761}, {""count"": 5, ""item_id"": 865}]","[[null, ""190～201""], [null, ""220～230""], [""190～201"", ""258～264""]]",https://draquex.com/bougu/0-zenbu.php,https://draquex.com/bougu/e-85-1.php,,21,"2026-03-12 01:44:00","2026-07-23 15:19:02"
990,bougu_85_3_head,クロッシュメット,"Bell Hat",set_22c2117c5d,クロッシュセット,armor_set,22,,"[""おしゃれさ+50"", ""さいだいHP+8"", ""こうげき魔力+20"", ""かいふく魔力+20"", ""必殺チャージ率+1%""]",,,,44,33,,,23,23,inherit,40,85,"クロッシュウェア ※防具鍛冶",真グランゼドーラ王国のレシピ屋,,頭,鎧頭,2,"[{""count"": 3, ""item_id"": 759}, {""count"": 10, ""item_id"": 805}, {""count"": 10, ""item_id"": 673}, {""count"": 1, ""item_id"": 761}, {""count"": 5, ""item_id"": 865}]","[[""175～187"", ""175～187""], [""215～221"", ""215～221""]]",https://draquex.com/bougu/0-zenbu.php,https://draquex.com/bougu/a-85-4.php,,10,"2026-03-12 01:44:02","2026-07-23 15:19:02"
991,bougu_85_3_body_top,クロッシュウェア上,"Bell Shirt",set_22c2117c5d,クロッシュセット,armor_set,22,,"[""おしゃれさ+50"", ""さいだいHP+8"", ""こうげき魔力+20"", ""かいふく魔力+20"", ""必殺チャージ率+1%""]",,,,62,48,,,47,47,inherit,40,85,"クロッシュウェア ※防具鍛冶",真グランゼドーラ王国のレシピ屋,,体上,鎧上,2,"[{""count"": 3, ""item_id"": 759}, {""count"": 1, ""item_id"": 648}, {""count"": 30, ""item_id"": 643}, {""count"": 1, ""item_id"": 761}, {""count"": 5, ""item_id"": 865}]","[[""112～118"", ""112～118""], [""128～139"", ""128～139""], [""150～158"", ""150～158""]]",https://draquex.com/bougu/0-zenbu.php,https://draquex.com/bougu/b-85-4.php,,12,"2026-03-12 01:44:02","2026-07-23 15:19:02"
992,bougu_85_3_body_bottom,クロッシュウェア下,"Bell Leggings",set_22c2117c5d,クロッシュセット,armor_set,22,,"[""おしゃれさ+50"", ""さいだいHP+8"", ""こうげき魔力+20"", ""かいふく魔力+20"", ""必殺チャージ率+1%""]",,,,33,27,,,,,inherit,40,85,"クロッシュウェア ※防具鍛冶",真グランゼドーラ王国のレシピ屋,,体下,鎧下,2,"[{""count"": 3, ""item_id"": 759}, {""count"": 30, ""item_id"": 717}, {""count"": 10, ""item_id"": 868}, {""count"": 1, ""item_id"": 761}, {""count"": 5, ""item_id"": 865}]","[[""75～85"", ""75～85""], [""110～116"", ""110～116""], [""145～153"", ""145～153""], [""60～68"", ""60～68""]]",https://draquex.com/bougu/0-zenbu.php,https://draquex.com/bougu/c-85-3.php,,6,"2026-03-12 01:44:02","2026-07-23 15:19:02"
993,bougu_85_3_arm,クロッシュグローブ,"Bell Gloves",set_22c2117c5d,クロッシュセット,armor_set,22,,"[""おしゃれさ+50"", ""さいだいHP+8"", ""こうげき魔力+20"", ""かいふく魔力+20"", ""必殺チャージ率+1%""]",,,,11,22,,65,,,inherit,40,85,"クロッシュウェア ※防具鍛冶",真グランゼドーラ王国のレシピ屋,,腕,鎧腕,1,"[{""count"": 3, ""item_id"": 759}, {""count"": 30, ""item_id"": 820}, {""count"": 1, ""item_id"": 833}, {""count"": 1, ""item_id"": 761}, {""count"": 5, ""item_id"": 865}]","[[""308～318""], [""250～256""], [""222～233""]]",https://draquex.com/bougu/0-zenbu.php,https://draquex.com/bougu/d-85-4.php,,4,"2026-03-12 01:44:02","2026-07-23 15:19:02"
994,bougu_85_3_foot,クロッシュシューズ,"Bell Shoes",set_22c2117c5d,クロッシュセット,armor_set,22,,"[""おしゃれさ+50"", ""さいだいHP+8"", ""こうげき魔力+20"", ""かいふく魔力+20"", ""必殺チャージ率+1%""]",,,,10,22,68,,,,inherit,40,85,"クロッシュウェア ※防具鍛冶",真グランゼドーラ王国のレシピ屋,,足,鎧足,2,"[{""count"": 3, ""item_id"": 759}, {""count"": 20, ""item_id"": 549}, {""count"": 30, ""item_id"": 800}, {""count"": 1, ""item_id"": 761}, {""count"": 5, ""item_id"": 865}]","[["""", ""165～171""], ["""", ""235～245""], [""190～201"", ""190～201""]]",https://draquex.com/bougu/0-zenbu.php,https://draquex.com/bougu/e-85-4.php,,4,"2026-03-12 01:44:02","2026-07-23 15:19:02"
995,bougu_85_4_head,風虎のはちがね,"Wind Tiger Headband",set_0e0f5f0c9f,風虎セット,tailoring_set,25,再生布,"[""おしやれさ+30"", ""さいだいHP+6"", ""こうげき力+5"", ""コマンド間隔-0.5秒""]",,,,41,9,,,,,inherit,40,85,"風虎の道着 ※さいほう",真グランゼドーラ王国のレシピ屋,,頭,,3,"[{""count"": 3, ""item_id"": 738}, {""count"": 1, ""item_id"": 745}, {""count"": 10, ""item_id"": 608}, {""count"": 1, ""item_id"": 761}, {""count"": 5, ""item_id"": 547}]","[[null, ""180"", null], [""180"", ""240"", ""180""]]",https://draquex.com/bougu/0-zenbu.php,https://draquex.com/bougu/a-85-2.php,,10,"2026-03-12 01:44:04","2026-07-23 15:19:02"
996,bougu_85_4_body_top,風虎の道着,"Wind Tiger Dogi",set_0e0f5f0c9f,風虎セット,tailoring_set,25,再生布,"[""おしやれさ+30"", ""さいだいHP+6"", ""こうげき力+5"", ""コマンド間隔-0.5秒""]",,,,61,12,,,,,inherit,40,85,"風虎の道着 ※さいほう",真グランゼドーラ王国のレシピ屋,,体上,,3,"[{""count"": 3, ""item_id"": 738}, {""count"": 1, ""item_id"": 647}, {""count"": 2, ""item_id"": 629}, {""count"": 1, ""item_id"": 761}, {""count"": 5, ""item_id"": 547}]","[[""100"", ""90"", ""90""], [""60"", ""100"", ""60""], [""90"", ""90"", ""100""]]",https://draquex.com/bougu/0-zenbu.php,https://draquex.com/bougu/b-85-2.php,,15,"2026-03-12 01:44:04","2026-07-23 15:19:02"
997,bougu_85_4_arm,風虎のうでわ,"Wind Tiger Bangles",set_0e0f5f0c9f,風虎セット,tailoring_set,25,再生布,"[""おしやれさ+30"", ""さいだいHP+6"", ""こうげき力+5"", ""コマンド間隔-0.5秒""]",,,,12,4,,58,,,inherit,40,85,"風虎の道着 ※さいほう",真グランゼドーラ王国のレシピ屋,,腕,,3,"[{""count"": 3, ""item_id"": 738}, {""count"": 20, ""item_id"": 767}, {""count"": 20, ""item_id"": 609}, {""count"": 1, ""item_id"": 761}, {""count"": 5, ""item_id"": 547}]","[[""150"", ""110"", ""130""], [""130"", ""110"", ""150""]]",https://draquex.com/bougu/0-zenbu.php,https://draquex.com/bougu/d-85-2.php,,5,"2026-03-12 01:44:04","2026-07-23 15:19:02"
998,bougu_85_4_foot,風虎のくつ,"Wind Tiger Boots",set_0e0f5f0c9f,風虎セット,tailoring_set,25,再生布,"[""おしやれさ+30"", ""さいだいHP+6"", ""こうげき力+5"", ""コマンド間隔-0.5秒""]",,,,12,4,58,,,,inherit,40,85,"風虎の道着 ※さいほう",真グランゼドーラ王国のレシピ屋,,足,,2,"[{""count"": 3, ""item_id"": 738}, {""count"": 1, ""item_id"": 753}, {""count"": 1, ""item_id"": 833}, {""count"": 1, ""item_id"": 761}, {""count"": 5, ""item_id"": 547}]","[[""220"", ""170""], [""170"", ""220""]]",https://draquex.com/bougu/0-zenbu.php,https://draquex.com/bougu/e-85-2.php,,5,"2026-03-12 01:44:04","2026-07-23 15:19:02"
999,bougu_85_5_head,究明者のフード,"Research Hood",set_33816d8c87,究明者セット,tailoring_set,21,ピンク布,"[""おしやれさ+30"", ""さいだいHP+8"", ""こうげき魔力+20"", ""きようさ+35"", ""必殺チャージ率+1%""]",,,,43,31,,,15,,inherit,40,85,"究明者のコート ※さいほう",真グランゼドーラ王国のレシピ屋,,頭,裁縫頭,3,"[{""count"": 3, ""item_id"": 738}, {""count"": 5, ""item_id"": 554}, {""count"": 1, ""item_id"": 745}, {""count"": 1, ""item_id"": 761}, {""count"": 5, ""item_id"": 547}]","[[null, ""175"", null], [""215"", ""253"", ""215""]]",https://draquex.com/bougu/0-zenbu.php,https://draquex.com/bougu/a-85-3.php,,10,"2026-03-12 01:44:07","2026-07-23 15:19:02"
1000,bougu_85_5_body_top,究明者のコート上,"Research Coat Top",set_33816d8c87,究明者セット,tailoring_set,21,ピンク布,"[""おしやれさ+30"", ""さいだいHP+8"", ""こうげき魔力+20"", ""きようさ+35"", ""必殺チャージ率+1%""]",,,,65,30,,,20,,inherit,40,85,"究明者のコート ※さいほう",真グランゼドーラ王国のレシピ屋,,体上,裁縫上,3,"[{""count"": 3, ""item_id"": 738}, {""count"": 1, ""item_id"": 648}, {""count"": 30, ""item_id"": 643}, {""count"": 1, ""item_id"": 761}, {""count"": 5, ""item_id"": 547}]","[[""150"", ""60"", ""115""], [""75"", ""60"", ""75""], [""115"", ""60"", ""150""]]",https://draquex.com/bougu/0-zenbu.php,https://draquex.com/bougu/b-85-3.php,,12,"2026-03-12 01:44:07","2026-07-23 15:19:02"
1001,bougu_85_5_body_bottom,究明者のコート下,"Research Coat Bottom",set_33816d8c87,究明者セット,tailoring_set,21,ピンク布,"[""おしやれさ+30"", ""さいだいHP+8"", ""こうげき魔力+20"", ""きようさ+35"", ""必殺チャージ率+1%""]",,,,33,19,,,,,inherit,40,85,"究明者のコート ※さいほう",真グランゼドーラ王国のレシピ屋,,体下,裁縫下,2,"[{""count"": 3, ""item_id"": 738}, {""count"": 5, ""item_id"": 861}, {""count"": 10, ""item_id"": 800}, {""count"": 1, ""item_id"": 761}, {""count"": 5, ""item_id"": 547}]","[[""170"", ""170""], [""140"", ""140""], [""120"", ""120""]]",https://draquex.com/bougu/0-zenbu.php,https://draquex.com/bougu/c-85-2.php,,6,"2026-03-12 01:44:07","2026-07-23 15:19:02"
1002,bougu_85_5_arm,究明者のグローブ,"Research Gloves",set_33816d8c87,究明者セット,tailoring_set,21,ピンク布,"[""おしやれさ+30"", ""さいだいHP+8"", ""こうげき魔力+20"", ""きようさ+35"", ""必殺チャージ率+1%""]",,,,13,11,,65,,,inherit,40,85,"究明者のコート ※さいほう",真グランゼドーラ王国のレシピ屋,,腕,裁縫腕,3,"[{""count"": 3, ""item_id"": 738}, {""count"": 20, ""item_id"": 613}, {""count"": 20, ""item_id"": 609}, {""count"": 1, ""item_id"": 761}, {""count"": 5, ""item_id"": 547}]","[[""174"", ""115"", ""140""], [""115"", ""140"", ""174""]]",https://draquex.com/bougu/0-zenbu.php,https://draquex.com/bougu/d-85-3.php,,3,"2026-03-12 01:44:07","2026-07-23 15:19:02"
1003,bougu_85_5_foot,究明者のシューズ,"Research Shoes",set_33816d8c87,究明者セット,tailoring_set,21,ピンク布,"[""おしやれさ+30"", ""さいだいHP+8"", ""こうげき魔力+20"", ""きようさ+35"", ""必殺チャージ率+1%""]",,,,13,11,61,,,,inherit,40,85,"究明者のコート ※さいほう",真グランゼドーラ王国のレシピ屋,,足,裁縫足,2,"[{""count"": 3, ""item_id"": 738}, {""count"": 20, ""item_id"": 548}, {""count"": 20, ""item_id"": 844}, {""count"": 1, ""item_id"": 761}, {""count"": 5, ""item_id"": 547}]","[[""215"", ""215""], [""215"", ""215""]]",https://draquex.com/bougu/0-zenbu.php,https://draquex.com/bougu/e-85-3.php,,3,"2026-03-12 01:44:07","2026-07-23 15:19:02"
1004,bougu_80_1_head,聖賢者のミトラ,"Holy Sage Mitre",set_fea069a7d8,聖賢者セット,tailoring_set,19,虹布,"[""おしゃれさ+35"", ""さいだいHP+6"", ""さいだいMP+6"", ""光ダメージ20％減"", ""呪文ぼうそう率+2.0%""]",,,,31,13,,,48,48,inherit,38,80,聖賢者の予言書,真グランゼドーラ王国のレシピ屋,,頭,裁縫頭,3,"[{""count"": 15, ""item_id"": 866}, {""count"": 1, ""item_id"": 647}, {""count"": 5, ""item_id"": 536}, {""count"": 1, ""item_id"": 761}, {""count"": 10, ""item_id"": 547}]","[[null, ""160"", null], [""226"", ""180"", ""226""]]",https://draquex.com/bougu/0-zenbu.php,https://draquex.com/bougu/a-80-5.php,,5,"2026-03-12 01:44:09","2026-07-23 15:19:02"
1005,bougu_80_1_body_top,聖賢者のローブ上,"Holy Sage Robe Top",set_fea069a7d8,聖賢者セット,tailoring_set,19,虹布,"[""おしゃれさ+35"", ""さいだいHP+6"", ""さいだいMP+6"", ""光ダメージ20％減"", ""呪文ぼうそう率+2.0%""]",,,,45,14,,,57,57,inherit,38,80,聖賢者の予言書,真グランゼドーラ王国のレシピ屋,,体上,裁縫上,3,"[{""count"": 15, ""item_id"": 866}, {""count"": 5, ""item_id"": 702}, {""count"": 20, ""item_id"": 567}, {""count"": 1, ""item_id"": 761}, {""count"": 10, ""item_id"": 547}]","[[""131"", ""75"", ""131""], [""60"", ""60"", ""60""], [""100"", ""75"", ""100""]]",https://draquex.com/bougu/0-zenbu.php,https://draquex.com/bougu/b-80-5.php,,8,"2026-03-12 01:44:09","2026-07-23 15:19:02"
1006,bougu_80_1_body_bottom,聖賢者のローブ下,"Holy Sage Robe Bottom",set_fea069a7d8,聖賢者セット,tailoring_set,19,虹布,"[""おしゃれさ+35"", ""さいだいHP+6"", ""さいだいMP+6"", ""光ダメージ20％減"", ""呪文ぼうそう率+2.0%""]",,,,24,13,,,,,inherit,38,80,聖賢者の予言書,真グランゼドーラ王国のレシピ屋,,体下,裁縫下,2,"[{""count"": 15, ""item_id"": 866}, {""count"": 20, ""item_id"": 697}, {""count"": 30, ""item_id"": 683}, {""count"": 1, ""item_id"": 761}, {""count"": 10, ""item_id"": 547}]","[[""100"", ""100""], [""130"", ""130""], [""166"", ""166""]]",https://draquex.com/bougu/0-zenbu.php,https://draquex.com/bougu/c-80-3.php,,4,"2026-03-12 01:44:09","2026-07-23 15:19:02"
1007,bougu_80_1_arm,聖賢者のバングル,"Holy Sage Bangles",set_fea069a7d8,聖賢者セット,tailoring_set,19,虹布,"[""おしゃれさ+35"", ""さいだいHP+6"", ""さいだいMP+6"", ""光ダメージ20％減"", ""呪文ぼうそう率+2.0%""]",,,,10,5,,59,,,inherit,38,80,聖賢者の予言書,真グランゼドーラ王国のレシピ屋,,腕,裁縫腕,3,"[{""count"": 15, ""item_id"": 866}, {""count"": 20, ""item_id"": 784}, {""count"": 5, ""item_id"": 661}, {""count"": 1, ""item_id"": 761}, {""count"": 10, ""item_id"": 547}]","[[""143"", ""110"", ""143""], [""143"", ""110"", ""143""]]",https://draquex.com/bougu/0-zenbu.php,https://draquex.com/bougu/d-80-5.php,,1,"2026-03-12 01:44:09","2026-07-23 15:19:02"
1008,bougu_80_1_foot,聖賢者のくつ,"Holy Sage Shoes",set_fea069a7d8,聖賢者セット,tailoring_set,19,虹布,"[""おしゃれさ+35"", ""さいだいHP+6"", ""さいだいMP+6"", ""光ダメージ20％減"", ""呪文ぼうそう率+2.0%""]",,,,10,5,59,,,,inherit,38,80,聖賢者の予言書,真グランゼドーラ王国のレシピ屋,,足,裁縫足,2,"[{""count"": 15, ""item_id"": 866}, {""count"": 30, ""item_id"": 841}, {""count"": 50, ""item_id"": 657}, {""count"": 1, ""item_id"": 761}, {""count"": 10, ""item_id"": 547}]","[[""150"", ""150""], [""246"", ""246""]]",https://draquex.com/bougu/0-zenbu.php,https://draquex.com/bougu/e-80-5.php,,2,"2026-03-12 01:44:09","2026-07-23 15:19:02"
1009,bougu_80_2_body_top,精霊王のクローク上,"Faerie King Cloak",set_48e047b7ea,精霊王セット,tailoring_set,19,虹布,"[""おしゃれさ+35"", ""さいだいHP+8"", ""さいだいMP+6"", ""炎ダメージ20%減"", ""雷ダメージ20%減""]",,,,48,14,,,62,62,inherit,38,80,精霊王の叙事詩,真グランゼドーラ王国のレシピ屋,,体上,裁縫上,3,"[{""count"": 15, ""item_id"": 866}, {""count"": 30, ""item_id"": 609}, {""count"": 10, ""item_id"": 848}, {""count"": 1, ""item_id"": 761}, {""count"": 10, ""item_id"": 547}]","[[""120"", ""60"", ""120""], [""75"", ""90"", ""75""], [""120"", ""60"", ""120""]]",https://draquex.com/bougu/0-zenbu.php,https://draquex.com/bougu/b-80-10.php,,8,"2026-03-12 01:44:13","2026-07-23 15:19:02"
1010,bougu_80_2_body_bottom,精霊王のクローク下,"Faerie King Skirt",set_48e047b7ea,精霊王セット,tailoring_set,19,虹布,"[""おしゃれさ+35"", ""さいだいHP+8"", ""さいだいMP+6"", ""炎ダメージ20%減"", ""雷ダメージ20%減""]",,,,27,13,,,,,inherit,38,80,精霊王の叙事詩,真グランゼドーラ王国のレシピ屋,,体下,裁縫下,2,"[{""count"": 15, ""item_id"": 866}, {""count"": 5, ""item_id"": 762}, {""count"": 20, ""item_id"": 683}, {""count"": 1, ""item_id"": 761}, {""count"": 10, ""item_id"": 547}]","[[""171"", ""171""], [""136"", ""136""], [""111"", ""111""]]",https://draquex.com/bougu/0-zenbu.php,https://draquex.com/bougu/c-80-7.php,,4,"2026-03-12 01:44:13","2026-07-23 15:19:02"
1011,bougu_80_2_arm,精霊王のグローブ,"Faerie King Gloves",set_48e047b7ea,精霊王セット,tailoring_set,19,虹布,"[""おしゃれさ+35"", ""さいだいHP+8"", ""さいだいMP+6"", ""炎ダメージ20%減"", ""雷ダメージ20%減""]",,,,11,5,,60,,,inherit,38,80,精霊王の叙事詩,真グランゼドーラ王国のレシピ屋,,腕,裁縫腕,3,"[{""count"": 15, ""item_id"": 866}, {""count"": 1, ""item_id"": 703}, {""count"": 10, ""item_id"": 674}, {""count"": 1, ""item_id"": 761}, {""count"": 10, ""item_id"": 547}]","[[""183"", ""135"", ""100""], [""100"", ""135"", ""183""]]",https://draquex.com/bougu/0-zenbu.php,https://draquex.com/bougu/d-80-10.php,,1,"2026-03-12 01:44:13","2026-07-23 15:19:02"
1012,bougu_80_2_foot,精霊王の脚帯,"Faerie King Shoes",set_48e047b7ea,精霊王セット,tailoring_set,19,虹布,"[""おしゃれさ+35"", ""さいだいHP+8"", ""さいだいMP+6"", ""炎ダメージ20%減"", ""雷ダメージ20%減""]",,,,11,5,60,,,,inherit,38,80,精霊王の叙事詩,真グランゼドーラ王国のレシピ屋,,足,裁縫足,2,"[{""count"": 15, ""item_id"": 866}, {""count"": 1, ""item_id"": 752}, {""count"": 5, ""item_id"": 844}, {""count"": 1, ""item_id"": 761}, {""count"": 10, ""item_id"": 547}]","[[""209"", ""209""], [""209"", ""209""]]",https://draquex.com/bougu/0-zenbu.php,https://draquex.com/bougu/e-80-10.php,,2,"2026-03-12 01:44:13","2026-07-23 15:19:02"
1013,bougu_80_3_head,凱歌のヘルム,"Valkyrie Helm",set_c87729b730,凱歌セット,armor_set,18,,"[""おしゃれさ+30"", ""さいだいHP+10"", ""おもさ+15"", ""戦闘開始時10%でバイキルト"", ""おびえガード+10%""]",,,,55,15,,,,,replace,38,80,凱歌のスコア,真グランゼドーラ王国のレシピ屋,,頭,鎧頭,2,"[{""count"": 15, ""item_id"": 838}, {""count"": 1, ""item_id"": 834}, {""count"": 30, ""item_id"": 749}, {""count"": 1, ""item_id"": 761}, {""count"": 10, ""item_id"": 865}]","[[""176～182"", ""240～252""], [""220～232"", ""156～162""]]",https://draquex.com/bougu/0-zenbu.php,https://draquex.com/bougu/a-80-1.php,,22,"2026-03-12 01:44:15","2026-07-23 15:19:02"
1014,bougu_80_3_body_top,凱歌のよろい上,"Valkyrie Armor Top",set_c87729b730,凱歌セット,armor_set,18,,"[""おしゃれさ+30"", ""さいだいHP+10"", ""おもさ+15"", ""戦闘開始時10%でバイキルト"", ""おびえガード+10%""]",,,,76,22,,,,,replace,38,80,凱歌のスコア,真グランゼドーラ王国のレシピ屋,,体上,鎧上,2,"[{""count"": 15, ""item_id"": 838}, {""count"": 1, ""item_id"": 648}, {""count"": 20, ""item_id"": 608}, {""count"": 1, ""item_id"": 761}, {""count"": 10, ""item_id"": 865}]","[[""160～168"", ""160～168""], [""136～142"", ""136～142""], [""100～111"", ""100～111""]]",https://draquex.com/bougu/0-zenbu.php,https://draquex.com/bougu/b-80-1.php,,43,"2026-03-12 01:44:15","2026-07-23 15:19:02"
1015,bougu_80_3_body_bottom,凱歌のよろい下,"Valkyrie Armor Bottom",set_c87729b730,凱歌セット,armor_set,18,,"[""おしゃれさ+30"", ""さいだいHP+10"", ""おもさ+15"", ""戦闘開始時10%でバイキルト"", ""おびえガード+10%""]",,,,44,11,,,,,replace,38,80,凱歌のスコア,真グランゼドーラ王国のレシピ屋,,体下,鎧下,2,"[{""count"": 15, ""item_id"": 838}, {""count"": 20, ""item_id"": 678}, {""count"": 30, ""item_id"": 732}, {""count"": 1, ""item_id"": 761}, {""count"": 10, ""item_id"": 865}]","[[""60～68"", ""72～82""], [""72～82"", ""60～68""], [""119～125"", ""145～153""], [""145～153"", ""119～125""]]",https://draquex.com/bougu/0-zenbu.php,https://draquex.com/bougu/c-80-1.php,,23,"2026-03-12 01:44:15","2026-07-23 15:19:02"
1016,bougu_80_3_arm,凱歌のガントレット,"Valkyrie Gauntlets",set_c87729b730,凱歌セット,armor_set,18,,"[""おしゃれさ+30"", ""さいだいHP+10"", ""おもさ+15"", ""戦闘開始時10%でバイキルト"", ""おびえガード+10%""]",,,,25,5,,35,,,replace,38,80,凱歌のスコア,真グランゼドーラ王国のレシピ屋,,腕,鎧腕,1,"[{""count"": 15, ""item_id"": 838}, {""count"": 30, ""item_id"": 845}, {""count"": 20, ""item_id"": 816}, {""count"": 1, ""item_id"": 761}, {""count"": 10, ""item_id"": 865}]","[[""340～350""], [""256～267""], [""196～202""]]",https://draquex.com/bougu/0-zenbu.php,https://draquex.com/bougu/d-80-1.php,,14,"2026-03-12 01:44:15","2026-07-23 15:19:02"
1017,bougu_80_3_foot,凱歌のグリーブ,"Valkyrie Greaves",set_c87729b730,凱歌セット,armor_set,18,,"[""おしゃれさ+30"", ""さいだいHP+10"", ""おもさ+15"", ""戦闘開始時10%でバイキルト"", ""おびえガード+10%""]",,,,25,5,35,,,,replace,38,80,凱歌のスコア,真グランゼドーラ王国のレシピ屋,,足,鎧足,2,"[{""count"": 15, ""item_id"": 838}, {""count"": 30, ""item_id"": 698}, {""count"": 10, ""item_id"": 819}, {""count"": 1, ""item_id"": 761}, {""count"": 10, ""item_id"": 865}]","[[null, ""272～282""], [null, ""160～166""], [""180～191"", ""180～191""]]",https://draquex.com/bougu/0-zenbu.php,https://draquex.com/bougu/e-80-1.php,,18,"2026-03-12 01:44:15","2026-07-23 15:19:02"
1018,bougu_80_4_head,騎神のかぶと,"Knight God Helm",set_472cfae552,騎神セット,armor_set,18,,"[""おしゃれさ+30"", ""おもさ+18"", ""さいだいHP+10"", ""攻撃呪文ダメージ5%減"", ""開戦時10%でヘヴィチャージ""]",,,,60,16,,,,,replace,38,80,騎神の誓い,真グランゼドーラ王国のレシピ屋,,頭,鎧頭,2,"[{""count"": 15, ""item_id"": 838}, {""count"": 30, ""item_id"": 535}, {""count"": 30, ""item_id"": 800}, {""count"": 1, ""item_id"": 761}, {""count"": 10, ""item_id"": 865}]","[[""183～189"", ""164～176""], [""230～242"", ""183～189""]]",https://draquex.com/bougu/0-zenbu.php,https://draquex.com/bougu/a-80-6.php,,23,"2026-03-12 01:44:18","2026-07-23 15:19:02"
1019,bougu_80_4_body_top,騎神のよろい,"Knight God Armor",set_472cfae552,騎神セット,armor_set,18,,"[""おしゃれさ+30"", ""おもさ+18"", ""さいだいHP+10"", ""攻撃呪文ダメージ5%減"", ""開戦時10%でヘヴィチャージ""]",,,,82,23,,,,,replace,38,80,騎神の誓い,真グランゼドーラ王国のレシピ屋,,体上,鎧上,2,"[{""count"": 15, ""item_id"": 838}, {""count"": 1, ""item_id"": 648}, {""count"": 10, ""item_id"": 594}, {""count"": 1, ""item_id"": 761}, {""count"": 10, ""item_id"": 865}]","[[""107～118"", ""151～159""], [""151～159"", ""122～128""], [""122～128"", ""107～118""]]",https://draquex.com/bougu/0-zenbu.php,https://draquex.com/bougu/b-80-6.php,,45,"2026-03-12 01:44:18","2026-07-23 15:19:02"
1020,bougu_80_4_arm,騎神のガントレット,"Knight God Gauntlets",set_472cfae552,騎神セット,armor_set,18,,"[""おしゃれさ+30"", ""おもさ+18"", ""さいだいHP+10"", ""攻撃呪文ダメージ5%減"", ""開戦時10%でヘヴィチャージ""]",,,,29,6,,36,,,replace,38,80,騎神の誓い,真グランゼドーラ王国のレシピ屋,,腕,鎧腕,1,"[{""count"": 15, ""item_id"": 838}, {""count"": 5, ""item_id"": 819}, {""count"": 30, ""item_id"": 732}, {""count"": 1, ""item_id"": 761}, {""count"": 10, ""item_id"": 865}]","[[""285～296""], [""252～262""], [""223～229""]]",https://draquex.com/bougu/0-zenbu.php,https://draquex.com/bougu/d-80-6.php,,15,"2026-03-12 01:44:18","2026-07-23 15:19:02"
1021,bougu_80_4_foot,騎神のグリーブ,"Knight God Greaves",set_472cfae552,騎神セット,armor_set,18,,"[""おしゃれさ+30"", ""おもさ+18"", ""さいだいHP+10"", ""攻撃呪文ダメージ5%減"", ""開戦時10%でヘヴィチャージ""]",,,,29,6,36,,,,replace,38,80,騎神の誓い,真グランゼドーラ王国のレシピ屋,,足,鎧足,2,"[{""count"": 15, ""item_id"": 838}, {""count"": 10, ""item_id"": 591}, {""count"": 30, ""item_id"": 749}, {""count"": 1, ""item_id"": 761}, {""count"": 10, ""item_id"": 865}]","[["""", ""220～230""], ["""", ""185～196""], [""185～196"", ""170～176""]]",https://draquex.com/bougu/0-zenbu.php,https://draquex.com/bougu/e-80-6.php,,19,"2026-03-12 01:44:18","2026-07-23 15:19:02"
1022,bougu_80_5_head,古代王族のターバン,"Ancient Royal Turban",set_bace53348b,古代王族セット,tailoring_set,22,虹布,"[""おしゃれさ+55"", ""さいだいHP+8"", ""さいだいMP+8"", ""呪文と特技の回復1.1倍"", ""呪文発動速度+2%""]",,,,39,24,,,20,20,inherit,38,80,砂漠の民の物語,真グランゼドーラ王国のレシピ屋,,頭,裁縫頭,3,"[{""count"": 15, ""item_id"": 866}, {""count"": 1, ""item_id"": 611}, {""count"": 10, ""item_id"": 531}, {""count"": 1, ""item_id"": 761}, {""count"": 10, ""item_id"": 547}]","[[null, ""160"", null], [""190"", ""252"", ""190""]]",https://draquex.com/bougu/0-zenbu.php,https://draquex.com/bougu/a-80-4.php,,8,"2026-03-12 01:44:20","2026-07-23 15:19:02"
1023,bougu_80_5_body_top,古代王族のベスト,"Ancient Royal Vest",set_bace53348b,古代王族セット,tailoring_set,22,虹布,"[""おしゃれさ+55"", ""さいだいHP+8"", ""さいだいMP+8"", ""呪文と特技の回復1.1倍"", ""呪文発動速度+2%""]",,,,54,42,,,35,35,inherit,38,80,砂漠の民の物語,真グランゼドーラ王国のレシピ屋,,体上,裁縫上,3,"[{""count"": 15, ""item_id"": 866}, {""count"": 30, ""item_id"": 548}, {""count"": 30, ""item_id"": 881}, {""count"": 1, ""item_id"": 761}, {""count"": 10, ""item_id"": 547}]","[[""126"", ""45"", ""126""], [""90"", ""60"", ""90""], [""105"", ""45"", ""105""]]",https://draquex.com/bougu/0-zenbu.php,https://draquex.com/bougu/b-80-4.php,,10,"2026-03-12 01:44:20","2026-07-23 15:19:02"
1024,bougu_80_5_body_bottom,古代王族のボトムス,"Ancient Royal Bottoms",set_bace53348b,古代王族セット,tailoring_set,22,虹布,"[""おしゃれさ+55"", ""さいだいHP+8"", ""さいだいMP+8"", ""呪文と特技の回復1.1倍"", ""呪文発動速度+2%""]",,,,29,21,,,,,inherit,38,80,砂漠の民の物語,真グランゼドーラ王国のレシピ屋,,体下,裁縫下,2,"[{""count"": 15, ""item_id"": 866}, {""count"": 10, ""item_id"": 608}, {""count"": 20, ""item_id"": 567}, {""count"": 1, ""item_id"": 761}, {""count"": 10, ""item_id"": 547}]","[[""130"", ""130""], [""170"", ""170""], [""96"", ""96""]]",https://draquex.com/bougu/0-zenbu.php,https://draquex.com/bougu/c-80-2.php,,6,"2026-03-12 01:44:20","2026-07-23 15:19:02"
1025,bougu_80_5_arm,古代王族のバングル,"Ancient Royal Bangles",set_bace53348b,古代王族セット,tailoring_set,22,虹布,"[""おしゃれさ+55"", ""さいだいHP+8"", ""さいだいMP+8"", ""呪文と特技の回復1.1倍"", ""呪文発動速度+2%""]",,,,10,18,,59,,,inherit,38,80,砂漠の民の物語,真グランゼドーラ王国のレシピ屋,,腕,裁縫腕,3,"[{""count"": 15, ""item_id"": 866}, {""count"": 10, ""item_id"": 839}, {""count"": 5, ""item_id"": 867}, {""count"": 1, ""item_id"": 761}, {""count"": 10, ""item_id"": 547}]","[[""135"", ""90"", ""171""], [""135"", ""90"", ""171""]]",https://draquex.com/bougu/0-zenbu.php,https://draquex.com/bougu/d-80-4.php,,5,"2026-03-12 01:44:20","2026-07-23 15:19:02"
1026,bougu_80_5_foot,古代王族のくつ,"Ancient Royal Shoes",set_bace53348b,古代王族セット,tailoring_set,22,虹布,"[""おしゃれさ+55"", ""さいだいHP+8"", ""さいだいMP+8"", ""呪文と特技の回復1.1倍"", ""呪文発動速度+2%""]",,,,9,18,65,,,,inherit,38,80,砂漠の民の物語,真グランゼドーラ王国のレシピ屋,,足,裁縫足,2,"[{""count"": 15, ""item_id"": 866}, {""count"": 30, ""item_id"": 613}, {""count"": 20, ""item_id"": 670}, {""count"": 1, ""item_id"": 761}, {""count"": 10, ""item_id"": 547}]","[[""198"", ""198""], [""198"", ""198""]]",https://draquex.com/bougu/0-zenbu.php,https://draquex.com/bougu/e-80-4.php,,3,"2026-03-12 01:44:20","2026-07-23 15:19:02"
1027,bougu_80_6_head,舞い手のヘアバンド,"Performer's Hairband",set_94cf3862e5,舞い手セット,tailoring_set,22,虹布,"[""おしゃれさ+45"", ""さいだいHP+8"", ""こうげき魔力+20"", ""かいふく魔力+20"", ""2％で行動ターンを消費しない""]",,,,42,45,,,18,18,inherit,38,80,舞い手の教本,真グランゼドーラ王国のレシピ屋,,頭,裁縫頭,3,"[{""count"": 15, ""item_id"": 866}, {""count"": 30, ""item_id"": 664}, {""count"": 30, ""item_id"": 683}, {""count"": 1, ""item_id"": 761}, {""count"": 10, ""item_id"": 547}]","[[null, ""216"", null], [""180"", ""260"", ""180""]]",https://draquex.com/bougu/0-zenbu.php,https://draquex.com/bougu/a-80-9.php,,10,"2026-03-12 01:44:22","2026-07-23 15:19:02"
1028,bougu_80_6_body_top,舞い手の服,"Performer's Shirt",set_94cf3862e5,舞い手セット,tailoring_set,22,虹布,"[""おしゃれさ+45"", ""さいだいHP+8"", ""こうげき魔力+20"", ""かいふく魔力+20"", ""2％で行動ターンを消費しない""]",,,,58,30,,,43,43,inherit,38,80,舞い手の教本,真グランゼドーラ王国のレシピ屋,,体上,裁縫上,3,"[{""count"": 15, ""item_id"": 866}, {""count"": 30, ""item_id"": 559}, {""count"": 30, ""item_id"": 666}, {""count"": 1, ""item_id"": 761}, {""count"": 10, ""item_id"": 547}]","[[""105"", ""60"", ""150""], [""75"", ""60"", ""75""], [""150"", ""60"", ""105""]]",https://draquex.com/bougu/0-zenbu.php,https://draquex.com/bougu/b-80-9.php,,12,"2026-03-12 01:44:22","2026-07-23 15:19:02"
1029,bougu_80_6_body_bottom,舞い手のズボン,"Performer's Pants",set_94cf3862e5,舞い手セット,tailoring_set,22,虹布,"[""おしゃれさ+45"", ""さいだいHP+8"", ""こうげき魔力+20"", ""かいふく魔力+20"", ""2％で行動ターンを消費しない""]",,,,31,24,,,,,inherit,38,80,舞い手の教本,真グランゼドーラ王国のレシピ屋,,体下,裁縫下,2,"[{""count"": 15, ""item_id"": 866}, {""count"": 10, ""item_id"": 696}, {""count"": 30, ""item_id"": 881}, {""count"": 1, ""item_id"": 761}, {""count"": 10, ""item_id"": 547}]","[[""118"", ""170""], [""170"", ""130""], [""130"", ""118""]]",https://draquex.com/bougu/0-zenbu.php,https://draquex.com/bougu/c-80-6.php,,6,"2026-03-12 01:44:22","2026-07-23 15:19:02"
1030,bougu_80_6_arm,舞い手のリスト,"Performer's Bangles",set_94cf3862e5,舞い手セット,tailoring_set,22,虹布,"[""おしゃれさ+45"", ""さいだいHP+8"", ""こうげき魔力+20"", ""かいふく魔力+20"", ""2％で行動ターンを消費しない""]",,,,10,20,,61,,,inherit,38,80,舞い手の教本,真グランゼドーラ王国のレシピ屋,,腕,裁縫腕,3,"[{""count"": 15, ""item_id"": 866}, {""count"": 30, ""item_id"": 666}, {""count"": 10, ""item_id"": 536}, {""count"": 1, ""item_id"": 761}, {""count"": 10, ""item_id"": 547}]","[[""140"", ""112"", ""166""], [""112"", ""140"", ""166""]]",https://draquex.com/bougu/0-zenbu.php,https://draquex.com/bougu/d-80-9.php,,3,"2026-03-12 01:44:22","2026-07-23 15:19:02"
1031,bougu_80_6_foot,舞い手のくつ,"Performer's Shoes",set_94cf3862e5,舞い手セット,tailoring_set,22,虹布,"[""おしゃれさ+45"", ""さいだいHP+8"", ""こうげき魔力+20"", ""かいふく魔力+20"", ""2％で行動ターンを消費しない""]",,,,9,20,67,,,,inherit,38,80,舞い手の教本,真グランゼドーラ王国のレシピ屋,,足,裁縫足,2,"[{""count"": 15, ""item_id"": 866}, {""count"": 30, ""item_id"": 728}, {""count"": 30, ""item_id"": 773}, {""count"": 1, ""item_id"": 761}, {""count"": 10, ""item_id"": 547}]","[[""178"", ""240""], [""240"", ""178""]]",https://draquex.com/bougu/0-zenbu.php,https://draquex.com/bougu/e-80-9.php,,3,"2026-03-12 01:44:22","2026-07-23 15:19:02"
1032,bougu_80_7_head,黄竜のはちまき,"Yellow Dragon Band",set_9fad3f134e,黄竜セット,tailoring_set,25,再生布,"[""おしゃれさ+30"", ""さいだいHP+5"", ""さいだいMP+5"", ""魅了ガード+20%"", ""開戦時10%で会心率上昇""]",,,,36,8,,,,,inherit,38,80,黄竜伝,真グランゼドーラ王国のレシピ屋,,頭,,3,"[{""count"": 15, ""item_id"": 866}, {""count"": 10, ""item_id"": 805}, {""count"": 20, ""item_id"": 551}, {""count"": 1, ""item_id"": 761}, {""count"": 10, ""item_id"": 547}]","[[null, ""210"", null], [""150"", ""210"", ""150""]]",https://draquex.com/bougu/0-zenbu.php,https://draquex.com/bougu/a-80-2.php,,8,"2026-03-12 01:44:25","2026-07-23 15:19:02"
1033,bougu_80_7_body_top,黄竜の道着,"Yellow Dragon Dogi",set_9fad3f134e,黄竜セット,tailoring_set,25,再生布,"[""おしゃれさ+30"", ""さいだいHP+5"", ""さいだいMP+5"", ""魅了ガード+20%"", ""開戦時10%で会心率上昇""]",,,,56,11,,,,,inherit,38,80,黄竜伝,真グランゼドーラ王国のレシピ屋,,体上,,3,"[{""count"": 15, ""item_id"": 866}, {""count"": 5, ""item_id"": 754}, {""count"": 1, ""item_id"": 629}, {""count"": 1, ""item_id"": 761}, {""count"": 10, ""item_id"": 547}]","[[""90"", ""60"", ""105""], [""75"", ""60"", ""75""], [""105"", ""60"", ""90""]]",https://draquex.com/bougu/0-zenbu.php,https://draquex.com/bougu/b-80-2.php,,12,"2026-03-12 01:44:25","2026-07-23 15:19:02"
1034,bougu_80_7_arm,黄竜のうでわ,"Yellow Dragon Bangles",set_9fad3f134e,黄竜セット,tailoring_set,25,再生布,"[""おしゃれさ+30"", ""さいだいHP+5"", ""さいだいMP+5"", ""魅了ガード+20%"", ""開戦時10%で会心率上昇""]",,,,10,3,,53,,,inherit,38,80,黄竜伝,真グランゼドーラ王国のレシピ屋,,腕,,3,"[{""count"": 15, ""item_id"": 866}, {""count"": 20, ""item_id"": 821}, {""count"": 10, ""item_id"": 531}, {""count"": 1, ""item_id"": 761}, {""count"": 10, ""item_id"": 547}]","[[""125"", ""90"", ""145""], [""125"", ""90"", ""145""]]",https://draquex.com/bougu/0-zenbu.php,https://draquex.com/bougu/d-80-2.php,,3,"2026-03-12 01:44:25","2026-07-23 15:19:02"
1035,bougu_80_7_foot,黄竜のくつ,"Yellow Dragon Shoes",set_9fad3f134e,黄竜セット,tailoring_set,25,再生布,"[""おしゃれさ+30"", ""さいだいHP+5"", ""さいだいMP+5"", ""魅了ガード+20%"", ""開戦時10%で会心率上昇""]",,,,10,3,53,,,,inherit,38,80,黄竜伝,真グランゼドーラ王国のレシピ屋,,足,,2,"[{""count"": 15, ""item_id"": 866}, {""count"": 20, ""item_id"": 669}, {""count"": 20, ""item_id"": 844}, {""count"": 1, ""item_id"": 761}, {""count"": 10, ""item_id"": 547}]","[[""155"", ""205""], [""205"", ""155""]]",https://draquex.com/bougu/0-zenbu.php,https://draquex.com/bougu/e-80-2.php,,3,"2026-03-12 01:44:25","2026-07-23 15:19:02"
1036,bougu_80_8_head,獄獣のぼうし,"Hell Beast Hat",set_27c3d60420,獄獣セット,tailoring_set,25,再生布,"[""おしゃれさ+30"", ""さいだいHP+6"", ""こうげき力+5"", ""開戦時10%でバイキルト""]",,,,38,8,,,,,inherit,38,80,獄獣の掟,真グランゼドーラ王国のレシピ屋,,頭,,3,"[{""count"": 15, ""item_id"": 866}, {""count"": 1, ""item_id"": 834}, {""count"": 10, ""item_id"": 657}, {""count"": 1, ""item_id"": 761}, {""count"": 10, ""item_id"": 547}]","[[null, ""174"", null], [""174"", ""238"", ""174""]]",https://draquex.com/bougu/0-zenbu.php,https://draquex.com/bougu/a-80-8.php,,9,"2026-03-12 01:44:27","2026-07-23 15:19:02"
1037,bougu_80_8_body_top,獄獣のケープ,"Hell Beast Cape",set_27c3d60420,獄獣セット,tailoring_set,25,再生布,"[""おしゃれさ+30"", ""さいだいHP+6"", ""こうげき力+5"", ""開戦時10%でバイキルト""]",,,,58,11,,,,,inherit,38,80,獄獣の掟,真グランゼドーラ王国のレシピ屋,,体上,,3,"[{""count"": 15, ""item_id"": 866}, {""count"": 20, ""item_id"": 823}, {""count"": 30, ""item_id"": 800}, {""count"": 1, ""item_id"": 761}, {""count"": 10, ""item_id"": 547}]","[[""100"", ""75"", ""100""], [""60"", ""90"", ""60""], [""100"", ""75"", ""100""]]",https://draquex.com/bougu/0-zenbu.php,https://draquex.com/bougu/b-80-8.php,,14,"2026-03-12 01:44:27","2026-07-23 15:19:02"
1038,bougu_80_8_body_bottom,獄獣のズボン,"Hell Beast Pants",set_27c3d60420,獄獣セット,tailoring_set,25,再生布,"[""おしゃれさ+30"", ""さいだいHP+6"", ""こうげき力+5"", ""開戦時10%でバイキルト""]",,,,28,5,,,,,inherit,38,80,獄獣の掟,真グランゼドーラ王国のレシピ屋,,体下,,2,"[{""count"": 15, ""item_id"": 866}, {""count"": 1, ""item_id"": 833}, {""count"": 30, ""item_id"": 643}, {""count"": 1, ""item_id"": 761}, {""count"": 10, ""item_id"": 547}]","[[""125"", ""150""], [""150"", ""125""], [""105"", ""105""]]",https://draquex.com/bougu/0-zenbu.php,https://draquex.com/bougu/c-80-5.php,,6,"2026-03-12 01:44:27","2026-07-23 15:19:02"
1039,bougu_80_8_arm,獄獣のうであて,"Hell Beast Armguards",set_27c3d60420,獄獣セット,tailoring_set,25,再生布,"[""おしゃれさ+30"", ""さいだいHP+6"", ""こうげき力+5"", ""開戦時10%でバイキルト""]",,,,11,3,,55,,,inherit,38,80,獄獣の掟,真グランゼドーラ王国のレシピ屋,,腕,,3,"[{""count"": 15, ""item_id"": 866}, {""count"": 30, ""item_id"": 863}, {""count"": 5, ""item_id"": 867}, {""count"": 1, ""item_id"": 761}, {""count"": 10, ""item_id"": 547}]","[[""145"", ""110"", ""125""], [""145"", ""110"", ""125""]]",https://draquex.com/bougu/0-zenbu.php,https://draquex.com/bougu/d-80-8.php,,4,"2026-03-12 01:44:27","2026-07-23 15:19:02"
1040,bougu_80_8_foot,獄獣のくつ,"Hell Beast Shoes",set_27c3d60420,獄獣セット,tailoring_set,25,再生布,"[""おしゃれさ+30"", ""さいだいHP+6"", ""こうげき力+5"", ""開戦時10%でバイキルト""]",,,,11,3,55,,,,inherit,38,80,獄獣の掟,真グランゼドーラ王国のレシピ屋,,足,,2,"[{""count"": 15, ""item_id"": 866}, {""count"": 5, ""item_id"": 835}, {""count"": 30, ""item_id"": 542}, {""count"": 1, ""item_id"": 761}, {""count"": 10, ""item_id"": 547}]","[[""165"", ""165""], [""215"", ""215""]]",https://draquex.com/bougu/0-zenbu.php,https://draquex.com/bougu/e-80-8.php,,4,"2026-03-12 01:44:27","2026-07-23 15:19:02"
1041,bougu_80_9_head,ヴァイパーハット,"Viper Hat",set_5d91bb0193,ヴァイパーセット,armor_set,21,,"[""おしゃれさ+50"", ""さいだいHP+8"", ""さいだいMP+8"", ""開戦時20%でメイクアップ"", ""攻撃時6%でどく""]",,,,39,21,,,,,inherit,38,80,ヴァイパーのささやき,真グランゼドーラ王国のレシピ屋,,頭,鎧頭,2,"[{""count"": 15, ""item_id"": 838}, {""count"": 5, ""item_id"": 818}, {""count"": 10, ""item_id"": 879}, {""count"": 1, ""item_id"": 761}, {""count"": 10, ""item_id"": 865}]","[[""166～172"", ""166～172""], [""212～224"", ""212～224""]]",https://draquex.com/bougu/0-zenbu.php,https://draquex.com/bougu/a-80-3.php,,10,"2026-03-12 01:44:29","2026-07-23 15:19:02"
1042,bougu_80_9_body_top,ヴァイパーコート,"Viper Coat",set_5d91bb0193,ヴァイパーセット,armor_set,21,,"[""おしゃれさ+50"", ""さいだいHP+8"", ""さいだいMP+8"", ""開戦時20%でメイクアップ"", ""攻撃時6%でどく""]",,,,58,30,,,,,inherit,38,80,ヴァイパーのささやき,真グランゼドーラ王国のレシピ屋,,体上,鎧上,2,"[{""count"": 15, ""item_id"": 838}, {""count"": 1, ""item_id"": 752}, {""count"": 1, ""item_id"": 629}, {""count"": 1, ""item_id"": 761}, {""count"": 10, ""item_id"": 865}]","[[""100～111"", ""126～132""], [""126～132"", ""152～160""], [""152～160"", ""100～111""]]",https://draquex.com/bougu/0-zenbu.php,https://draquex.com/bougu/b-80-3.php,,12,"2026-03-12 01:44:29","2026-07-23 15:19:02"
1043,bougu_80_9_arm,ヴァイパーグローブ,"Viper Gloves",set_5d91bb0193,ヴァイパーセット,armor_set,21,,"[""おしゃれさ+50"", ""さいだいHP+8"", ""さいだいMP+8"", ""開戦時20%でメイクアップ"", ""攻撃時6%でどく""]",,,,11,11,,60,,,inherit,38,80,ヴァイパーのささやき,真グランゼドーラ王国のレシピ屋,,腕,鎧腕,1,"[{""count"": 15, ""item_id"": 838}, {""count"": 10, ""item_id"": 868}, {""count"": 30, ""item_id"": 643}, {""count"": 1, ""item_id"": 761}, {""count"": 10, ""item_id"": 865}]","[[""246～252""], [""294～304""], [""216～227""]]",https://draquex.com/bougu/0-zenbu.php,https://draquex.com/bougu/d-80-3.php,,3,"2026-03-12 01:44:29","2026-07-23 15:19:02"
1044,bougu_80_9_foot,ヴァイパーブーツ,"Viper Boots",set_5d91bb0193,ヴァイパーセット,armor_set,21,,"[""おしゃれさ+50"", ""さいだいHP+8"", ""さいだいMP+8"", ""開戦時20%でメイクアップ"", ""攻撃時6%でどく""]",,,,11,11,60,,,,inherit,38,80,ヴァイパーのささやき,真グランゼドーラ王国のレシピ屋,,足,鎧足,2,"[{""count"": 15, ""item_id"": 838}, {""count"": 1, ""item_id"": 833}, {""count"": 10, ""item_id"": 567}, {""count"": 1, ""item_id"": 761}, {""count"": 10, ""item_id"": 865}]","[["""", ""160～166""], ["""", ""203～214""], [""203～214"", ""190～200""]]",https://draquex.com/bougu/0-zenbu.php,https://draquex.com/bougu/e-80-3.php,,3,"2026-03-12 01:44:30","2026-07-23 15:19:02"
1045,bougu_80_10_head,魔技師メット,"Technomancer Helm",set_b56f0c240b,魔技師セット,armor_set,21,,"[""おしゃれさ+30"", ""さいだいHP+8"", ""さいだいMP+20"", ""きようさ+30"", ""開戦時6%で必殺チャージ""]",,,,41,21,,,,,inherit,38,80,魔技大全,真グランゼドーラ王国のレシピ屋,,頭,鎧頭,2,"[{""count"": 15, ""item_id"": 838}, {""count"": 1, ""item_id"": 649}, {""count"": 2, ""item_id"": 745}, {""count"": 1, ""item_id"": 761}, {""count"": 10, ""item_id"": 865}]","[[""170-176"", ""229-241""], [""229-241"", ""170-176""]]",https://draquex.com/bougu/0-zenbu.php,https://draquex.com/bougu/a-80-7.php,,10,"2026-03-12 01:44:32","2026-07-23 15:19:02"
1046,bougu_80_10_body_top,魔技師ベスト,"Technomancer Vest",set_b56f0c240b,魔技師セット,armor_set,21,,"[""おしゃれさ+30"", ""さいだいHP+8"", ""さいだいMP+20"", ""きようさ+30"", ""開戦時6%で必殺チャージ""]",,,,61,30,,,,,inherit,38,80,魔技大全,真グランゼドーラ王国のレシピ屋,,体上,鎧上,2,"[{""count"": 15, ""item_id"": 838}, {""count"": 10, ""item_id"": 868}, {""count"": 30, ""item_id"": 881}, {""count"": 1, ""item_id"": 761}, {""count"": 10, ""item_id"": 865}]","[[""104～115"", ""167～175""], [""167～175"", ""128～134""], [""128～134"", ""104～115""]]",https://draquex.com/bougu/0-zenbu.php,https://draquex.com/bougu/b-80-7.php,,12,"2026-03-12 01:44:32","2026-07-23 15:19:02"
1047,bougu_80_10_body_bottom,魔技師ズボン,"Technomancer Pants",set_b56f0c240b,魔技師セット,armor_set,21,,"[""おしゃれさ+30"", ""さいだいHP+8"", ""さいだいMP+20"", ""きようさ+30"", ""開戦時6%で必殺チャージ""]",,,,29,19,,,,,inherit,38,80,魔技大全,真グランゼドーラ王国のレシピ屋,,体下,鎧下,2,"[{""count"": 15, ""item_id"": 838}, {""count"": 1, ""item_id"": 647}, {""count"": 10, ""item_id"": 673}, {""count"": 1, ""item_id"": 761}, {""count"": 10, ""item_id"": 865}]","[[""75～85"", ""60～68""], [""60～68"", ""110～116""], [""110～116"", ""154～162""], [""154～162"", ""75～85""]]",https://draquex.com/bougu/0-zenbu.php,https://draquex.com/bougu/c-80-4.php,,6,"2026-03-12 01:44:32","2026-07-23 15:19:02"
1048,bougu_80_10_arm,魔技師グローブ,"Technomancer Gloves",set_b56f0c240b,魔技師セット,armor_set,21,,"[""おしゃれさ+30"", ""さいだいHP+8"", ""さいだいMP+20"", ""きようさ+30"", ""開戦時6%で必殺チャージ""]",,,,12,11,,61,,,inherit,38,80,魔技大全,真グランゼドーラ王国のレシピ屋,,腕,鎧腕,1,"[{""count"": 15, ""item_id"": 838}, {""count"": 30, ""item_id"": 548}, {""count"": 30, ""item_id"": 643}, {""count"": 1, ""item_id"": 761}, {""count"": 10, ""item_id"": 865}]","[[""258～264""], [""314～324""], [""226～237""]]",https://draquex.com/bougu/0-zenbu.php,https://draquex.com/bougu/d-80-7.php,,3,"2026-03-12 01:44:32","2026-07-23 15:19:02"
1049,bougu_80_10_foot,魔技師ブーツ,"Technomancer Boots",set_b56f0c240b,魔技師セット,armor_set,21,,"[""おしゃれさ+30"", ""さいだいHP+8"", ""さいだいMP+20"", ""きようさ+30"", ""開戦時6%で必殺チャージ""]",,,,12,11,61,,,,inherit,38,80,魔技大全,真グランゼドーラ王国のレシピ屋,,足,鎧足,2,"[{""count"": 15, ""item_id"": 838}, {""count"": 30, ""item_id"": 840}, {""count"": 30, ""item_id"": 535}, {""count"": 1, ""item_id"": 761}, {""count"": 10, ""item_id"": 865}]","[["""", ""170～176""], ["""", ""198～209""], [""198～209"", ""232～242""]]",https://draquex.com/bougu/0-zenbu.php,https://draquex.com/bougu/e-80-7.php,,3,"2026-03-12 01:44:32","2026-07-23 15:19:02"
1050,bougu_75_1_head,退魔のぼうし,"Exorcism Hat",set_6a30a2abe3,退魔セット,tailoring_set,19,虹布,"[""さいだいHP+6"", ""さいだいMP+6"", ""おしゃれさ+35"", ""攻撃呪文ダメージ5％減"", ""封印ガード+30%""]",,,,29,13,,,45,45,inherit,37,75,退魔の装束の作り方,真グランゼドーラ王国のレシピ屋,,頭,裁縫頭,3,"[{""count"": 10, ""item_id"": 866}, {""count"": 5, ""item_id"": 696}, {""count"": 10, ""item_id"": 821}, {""count"": 1, ""item_id"": 761}, {""count"": 10, ""item_id"": 547}]","[[null, ""160"", null], [""180"", ""250"", ""180""]]",https://draquex.com/bougu/0-zenbu.php,https://draquex.com/bougu/a-75-5.php,,5,"2026-03-12 01:44:34","2026-07-23 15:19:02"
1051,bougu_75_1_body_top,退魔の装束上,"Exorcism Shirt",set_6a30a2abe3,退魔セット,tailoring_set,19,虹布,"[""さいだいHP+6"", ""さいだいMP+6"", ""おしゃれさ+35"", ""攻撃呪文ダメージ5％減"", ""封印ガード+30%""]",,,,43,14,,,55,55,inherit,37,75,退魔の装束の作り方,真グランゼドーラ王国のレシピ屋,,体上,裁縫上,3,"[{""count"": 10, ""item_id"": 866}, {""count"": 20, ""item_id"": 844}, {""count"": 1, ""item_id"": 702}, {""count"": 1, ""item_id"": 761}, {""count"": 10, ""item_id"": 547}]","[[""115"", ""45"", ""105""], [""90"", ""60"", ""90""], [""105"", ""45"", ""115""]]",https://draquex.com/bougu/0-zenbu.php,https://draquex.com/bougu/b-75-5.php,,8,"2026-03-12 01:44:34","2026-07-23 15:19:02"
1052,bougu_75_1_body_bottom,退魔の装束下,"Exorcism Bottom",set_6a30a2abe3,退魔セット,tailoring_set,19,虹布,"[""さいだいHP+6"", ""さいだいMP+6"", ""おしゃれさ+35"", ""攻撃呪文ダメージ5％減"", ""封印ガード+30%""]",,,,22,13,,,,,inherit,37,75,退魔の装束の作り方,真グランゼドーラ王国のレシピ屋,,体下,裁縫下,2,"[{""count"": 10, ""item_id"": 866}, {""count"": 5, ""item_id"": 762}, {""count"": 30, ""item_id"": 627}, {""count"": 1, ""item_id"": 761}, {""count"": 10, ""item_id"": 547}]","[[""105"", ""150""], [""150"", ""130""], [""130"", ""105""]]",https://draquex.com/bougu/0-zenbu.php,https://draquex.com/bougu/c-75-3.php,,4,"2026-03-12 01:44:34","2026-07-23 15:19:02"
1053,bougu_75_1_arm,退魔のうでわ,"Exorcism Bangles",set_6a30a2abe3,退魔セット,tailoring_set,19,虹布,"[""さいだいHP+6"", ""さいだいMP+6"", ""おしゃれさ+35"", ""攻撃呪文ダメージ5％減"", ""封印ガード+30%""]",,,,9,5,,57,,,inherit,37,75,退魔の装束の作り方,真グランゼドーラ王国のレシピ屋,,腕,裁縫腕,3,"[{""count"": 10, ""item_id"": 866}, {""count"": 1, ""item_id"": 648}, {""count"": 10, ""item_id"": 669}, {""count"": 1, ""item_id"": 761}, {""count"": 10, ""item_id"": 547}]","[[""130"", ""130"", ""165""], [""90"", ""165"", ""90""]]",https://draquex.com/bougu/0-zenbu.php,https://draquex.com/bougu/d-75-5.php,,1,"2026-03-12 01:44:34","2026-07-23 15:19:02"
1054,bougu_75_1_foot,退魔のくつ,"Exorcism Shoes",set_6a30a2abe3,退魔セット,tailoring_set,19,虹布,"[""さいだいHP+6"", ""さいだいMP+6"", ""おしゃれさ+35"", ""攻撃呪文ダメージ5％減"", ""封印ガード+30%""]",,,,9,5,57,,,,inherit,37,75,退魔の装束の作り方,真グランゼドーラ王国のレシピ屋,,足,裁縫足,2,"[{""count"": 10, ""item_id"": 866}, {""count"": 3, ""item_id"": 835}, {""count"": 10, ""item_id"": 683}, {""count"": 1, ""item_id"": 761}, {""count"": 10, ""item_id"": 547}]","[[""170"", ""170""], [""215"", ""215""]]",https://draquex.com/bougu/0-zenbu.php,https://draquex.com/bougu/e-75-5.php,,2,"2026-03-12 01:44:34","2026-07-23 15:19:02"
1055,bougu_75_2_head,王軍師のかぶと,"Royal Soldier Helmet",set_97833a42dc,王軍師セット,armor_set,18,,"[""さいだいHP+6"", ""おもさ+15"", ""おしゃれさ+30"", ""戦闘開始時6%で必殺チャージ""]",,,,42,14,,,,,replace,37,75,王軍師のよろいの本,真グランゼドーラ王国のレシピ屋,,頭,鎧頭,2,"[{""count"": 10, ""item_id"": 838}, {""count"": 1, ""item_id"": 856}, {""count"": 20, ""item_id"": 800}, {""count"": 1, ""item_id"": 761}, {""count"": 10, ""item_id"": 865}]","[[""150～156"", ""200～212""], [""200～212"", ""150～156""]]",https://draquex.com/bougu/0-zenbu.php,https://draquex.com/bougu/a-75-2.php,,20,"2026-03-12 01:44:36","2026-07-23 15:19:02"
1056,bougu_75_2_body_top,王軍師のよろい,"Royal Soldier Armor",set_97833a42dc,王軍師セット,armor_set,18,,"[""さいだいHP+6"", ""おもさ+15"", ""おしゃれさ+30"", ""戦闘開始時6%で必殺チャージ""]",,,,62,21,,,,,replace,37,75,王軍師のよろいの本,真グランゼドーラ王国のレシピ屋,,体上,鎧上,2,"[{""count"": 10, ""item_id"": 838}, {""count"": 10, ""item_id"": 608}, {""count"": 30, ""item_id"": 643}, {""count"": 1, ""item_id"": 761}, {""count"": 10, ""item_id"": 865}]","[[""80～89"", ""120～126""], [""120～126"", ""150～160""], [""150～160"", ""80～89""]]",https://draquex.com/bougu/0-zenbu.php,https://draquex.com/bougu/b-75-2.php,,39,"2026-03-12 01:44:36","2026-07-23 15:19:02"
1057,bougu_75_2_arm,王軍師のグローブ,"Royal Soldier Gloves",set_97833a42dc,王軍師セット,armor_set,18,,"[""さいだいHP+6"", ""おもさ+15"", ""おしゃれさ+30"", ""戦闘開始時6%で必殺チャージ""]",,,,13,5,,32,,,replace,37,75,王軍師のよろいの本,真グランゼドーラ王国のレシピ屋,,腕,鎧腕,1,"[{""count"": 10, ""item_id"": 838}, {""count"": 3, ""item_id"": 835}, {""count"": 10, ""item_id"": 816}, {""count"": 1, ""item_id"": 761}, {""count"": 10, ""item_id"": 865}]","[[""240～249""], [""200～206""], [""260～272""]]",https://draquex.com/bougu/0-zenbu.php,https://draquex.com/bougu/d-75-2.php,,13,"2026-03-12 01:44:36","2026-07-23 15:19:02"
1058,bougu_75_2_foot,王軍師のグリーブ,"Royal Soldier Greaves",set_97833a42dc,王軍師セット,armor_set,18,,"[""さいだいHP+6"", ""おもさ+15"", ""おしゃれさ+30"", ""戦闘開始時6%で必殺チャージ""]",,,,13,5,32,,,,replace,37,75,王軍師のよろいの本,真グランゼドーラ王国のレシピ屋,,足,鎧足,2,"[{""count"": 10, ""item_id"": 838}, {""count"": 1, ""item_id"": 856}, {""count"": 3, ""item_id"": 819}, {""count"": 1, ""item_id"": 761}, {""count"": 10, ""item_id"": 865}]","[["""", ""150～156""], ["""", ""190～200""], [""240～250"", ""120～132""]]",https://draquex.com/bougu/0-zenbu.php,https://draquex.com/bougu/e-75-2.php,,17,"2026-03-12 01:44:36","2026-07-23 15:19:02"
1059,bougu_75_3_head,レイブンヘッド,"Raven Hood",set_bbad9f1ad3,レイブンヘッドセット,tailoring_set,22,再生布,"[""さいだいHP+6"", ""さいだいMP+6"", ""おしゃれさ+55"", ""闇ダメージ20%減"", ""身かわし率+3.0%""]",,,,35,30,,,15,15,replace,37,75,レイブンスーツのレシピ,真グランゼドーラ王国のレシピ屋,,頭,裁縫頭,3,"[{""count"": 10, ""item_id"": 866}, {""count"": 20, ""item_id"": 651}, {""count"": 10, ""item_id"": 549}, {""count"": 1, ""item_id"": 761}, {""count"": 10, ""item_id"": 547}]","[[null, ""130"", null], [""170"", ""230"", ""170""]]",https://draquex.com/bougu/0-zenbu.php,https://draquex.com/bougu/a-75-4.php,,7,"2026-03-12 01:44:39","2026-07-23 15:19:02"
1060,bougu_75_3_body_top,レイブンスーツ,"Raven Suit",set_bbad9f1ad3,レイブンヘッドセット,tailoring_set,22,再生布,"[""さいだいHP+6"", ""さいだいMP+6"", ""おしゃれさ+55"", ""闇ダメージ20%減"", ""身かわし率+3.0%""]",,,,51,41,,,30,30,replace,37,75,レイブンスーツのレシピ,真グランゼドーラ王国のレシピ屋,,体上,裁縫上,3,"[{""count"": 10, ""item_id"": 866}, {""count"": 5, ""item_id"": 867}, {""count"": 5, ""item_id"": 868}, {""count"": 1, ""item_id"": 761}, {""count"": 10, ""item_id"": 547}]","[[""100"", ""60"", ""100""], [""60"", ""60"", ""60""], [""100"", ""60"", ""100""]]",https://draquex.com/bougu/0-zenbu.php,https://draquex.com/bougu/b-75-4.php,,10,"2026-03-12 01:44:39","2026-07-23 15:19:02"
1061,bougu_75_3_arm,レイブングローブ,"Raven Gloves",set_bbad9f1ad3,レイブンヘッドセット,tailoring_set,22,再生布,"[""さいだいHP+6"", ""さいだいMP+6"", ""おしゃれさ+55"", ""闇ダメージ20%減"", ""身かわし率+3.0%""]",,,,10,17,,57,,,replace,37,75,レイブンスーツのレシピ,真グランゼドーラ王国のレシピ屋,,腕,裁縫腕,3,"[{""count"": 10, ""item_id"": 866}, {""count"": 1, ""item_id"": 611}, {""count"": 10, ""item_id"": 548}, {""count"": 1, ""item_id"": 761}, {""count"": 10, ""item_id"": 547}]","[[""120"", ""80"", ""150""], [""120"", ""80"", ""150""]]",https://draquex.com/bougu/0-zenbu.php,https://draquex.com/bougu/d-75-4.php,,5,"2026-03-12 01:44:39","2026-07-23 15:19:02"
1062,bougu_75_3_foot,レイブンブーツ,"Raven Boots",set_bbad9f1ad3,レイブンヘッドセット,tailoring_set,22,再生布,"[""さいだいHP+6"", ""さいだいMP+6"", ""おしゃれさ+55"", ""闇ダメージ20%減"", ""身かわし率+3.0%""]",,,,10,17,57,,,,replace,37,75,レイブンスーツのレシピ,真グランゼドーラ王国のレシピ屋,,足,裁縫足,2,"[{""count"": 10, ""item_id"": 866}, {""count"": 1, ""item_id"": 818}, {""count"": 10, ""item_id"": 678}, {""count"": 1, ""item_id"": 761}, {""count"": 10, ""item_id"": 547}]","[[""160"", ""160""], [""160"", ""220""]]",https://draquex.com/bougu/0-zenbu.php,https://draquex.com/bougu/e-75-4.php,,2,"2026-03-12 01:44:39","2026-07-23 15:19:02"
1063,bougu_75_4_head,クリムゾンヘルム,"Crimson Helm",set_8596d57ad2,クリムゾンセット,armor_set,23,,"[""おしゃれさ+20"", ""炎ダメージ20%減"", ""戦闘開始時10%でためる""]",,,,32,8,,,,,inherit,37,75,クリムゾンメイルの書,真グランゼドーラ王国のレシピ屋,,頭,鎧頭,2,"[{""count"": 10, ""item_id"": 838}, {""count"": 20, ""item_id"": 535}, {""count"": 10, ""item_id"": 879}, {""count"": 1, ""item_id"": 761}, {""count"": 10, ""item_id"": 865}]","[[""160～172"", ""200～206""], [""160～172"", ""250～256""]]",https://draquex.com/bougu/0-zenbu.php,https://draquex.com/bougu/a-75-1.php,,9,"2026-03-12 01:44:41","2026-07-23 15:19:02"
1064,bougu_75_4_body_top,クリムゾンメイル上,"Crimson Mail Top",set_8596d57ad2,クリムゾンセット,armor_set,23,,"[""おしゃれさ+20"", ""炎ダメージ20%減"", ""戦闘開始時10%でためる""]",,,,49,11,,,,,inherit,37,75,クリムゾンメイルの書,真グランゼドーラ王国のレシピ屋,,体上,鎧上,2,"[{""count"": 10, ""item_id"": 838}, {""count"": 1, ""item_id"": 752}, {""count"": 1, ""item_id"": 536}, {""count"": 1, ""item_id"": 761}, {""count"": 10, ""item_id"": 865}]","[[""90～98"", ""90～98""], [""125～136"", ""125～136""], [""170～176"", ""170～176""]]",https://draquex.com/bougu/0-zenbu.php,https://draquex.com/bougu/b-75-1.php,,14,"2026-03-12 01:44:41","2026-07-23 15:19:02"
1065,bougu_75_4_body_bottom,クリムゾンメイル下,"Crimson Mail Bottom",set_8596d57ad2,クリムゾンセット,armor_set,23,,"[""おしゃれさ+20"", ""炎ダメージ20%減"", ""戦闘開始時10%でためる""]",,,,26,5,,,,,inherit,37,75,クリムゾンメイルの書,真グランゼドーラ王国のレシピ屋,,体下,鎧下,2,"[{""count"": 10, ""item_id"": 838}, {""count"": 1, ""item_id"": 833}, {""count"": 10, ""item_id"": 881}, {""count"": 1, ""item_id"": 761}, {""count"": 10, ""item_id"": 865}]","[[""110～116"", ""110～116""], [""135～143"", ""135～143""], [""80～90"", ""80～90""], [""60～68"", ""60～68""]]",https://draquex.com/bougu/0-zenbu.php,https://draquex.com/bougu/c-75-1.php,,6,"2026-03-12 01:44:41","2026-07-23 15:19:02"
1066,bougu_75_4_arm,クリムゾングローブ,"Crimson Gloves",set_8596d57ad2,クリムゾンセット,armor_set,23,,"[""おしゃれさ+20"", ""炎ダメージ20%減"", ""戦闘開始時10%でためる""]",,,,9,3,,50,,,inherit,37,75,クリムゾンメイルの書,真グランゼドーラ王国のレシピ屋,,腕,鎧腕,1,"[{""count"": 10, ""item_id"": 838}, {""count"": 20, ""item_id"": 548}, {""count"": 10, ""item_id"": 823}, {""count"": 1, ""item_id"": 761}, {""count"": 10, ""item_id"": 865}]","[[""180～186""], [""260～269""], [""330～342""]]",https://draquex.com/bougu/0-zenbu.php,https://draquex.com/bougu/d-75-1.php,,4,"2026-03-12 01:44:41","2026-07-23 15:19:02"
1067,bougu_75_4_foot,クリムゾングリーブ,"Crimson Greaves",set_8596d57ad2,クリムゾンセット,armor_set,23,,"[""おしゃれさ+20"", ""炎ダメージ20%減"", ""戦闘開始時10%でためる""]",,,,9,3,50,,,,inherit,37,75,クリムゾンメイルの書,真グランゼドーラ王国のレシピ屋,,足,鎧足,2,"[{""count"": 10, ""item_id"": 838}, {""count"": 3, ""item_id"": 835}, {""count"": 10, ""item_id"": 535}, {""count"": 1, ""item_id"": 761}, {""count"": 10, ""item_id"": 865}]","[["""", ""140～152""], ["""", ""220～230""], [""220～230"", ""190～196""]]",https://draquex.com/bougu/0-zenbu.php,https://draquex.com/bougu/e-75-1.php,,4,"2026-03-12 01:44:41","2026-07-23 15:19:02"
1068,bougu_75_5_head,メカニックフード,"Mechanic Hood",set_5a7cdbe80f,メカニックセット,armor_set,21,,"[""さいだいHP+8"", ""さいだいMP+8"", ""おしゃれさ+10"", ""戦闘開始時30%でピオラ"", ""魅了ガード+20%""]",,,,37,12,,,,,replace,37,75,メカニックスーツの謎,真グランゼドーラ王国のレシピ屋,,頭,鎧頭,2,"[{""count"": 10, ""item_id"": 838}, {""count"": 1, ""item_id"": 818}, {""count"": 20, ""item_id"": 609}, {""count"": 1, ""item_id"": 761}, {""count"": 10, ""item_id"": 865}]","[[""150～162"", ""150～162""], [""218～224"", ""218～224""]]",https://draquex.com/bougu/0-zenbu.php,https://draquex.com/bougu/a-75-3.php,,10,"2026-03-12 01:44:45","2026-07-23 15:19:02"
1069,bougu_75_5_body_top,メカニックスーツ上,"Mechanic Suit Top",set_5a7cdbe80f,メカニックセット,armor_set,21,,"[""さいだいHP+8"", ""さいだいMP+8"", ""おしゃれさ+10"", ""戦闘開始時30%でピオラ"", ""魅了ガード+20%""]",,,,53,18,,,,,replace,37,75,メカニックスーツの謎,真グランゼドーラ王国のレシピ屋,,体上,鎧上,2,"[{""count"": 10, ""item_id"": 838}, {""count"": 1, ""item_id"": 647}, {""count"": 10, ""item_id"": 760}, {""count"": 1, ""item_id"": 761}, {""count"": 10, ""item_id"": 865}]","[[""105～115"", ""130～140""], [""160～166"", ""160～166""], [""90～99"", ""90～99""]]",https://draquex.com/bougu/0-zenbu.php,https://draquex.com/bougu/b-75-3.php,,12,"2026-03-12 01:44:45","2026-07-23 15:19:02"
1070,bougu_75_5_body_bottom,メカニックスーツ下,"Mechanic Suit Bottom",set_5a7cdbe80f,メカニックセット,armor_set,21,,"[""さいだいHP+8"", ""さいだいMP+8"", ""おしゃれさ+10"", ""戦闘開始時30%でピオラ"", ""魅了ガード+20%""]",,,,27,7,,,,,replace,37,75,メカニックスーツの謎,真グランゼドーラ王国のレシピ屋,,体下,鎧下,2,"[{""count"": 10, ""item_id"": 838}, {""count"": 1, ""item_id"": 833}, {""count"": 1, ""item_id"": 861}, {""count"": 1, ""item_id"": 761}, {""count"": 10, ""item_id"": 865}]","[[""60～68"", ""100～106""], [""100～106"", ""128～136""], [""128～136"", ""80～90""], [""80～90"", ""60～68""]]",https://draquex.com/bougu/0-zenbu.php,https://draquex.com/bougu/c-75-2.php,,7,"2026-03-12 01:44:45","2026-07-23 15:19:02"
1071,bougu_75_5_arm,メカニックハンド,"Mechanic Gloves",set_5a7cdbe80f,メカニックセット,armor_set,21,,"[""さいだいHP+8"", ""さいだいMP+8"", ""おしゃれさ+10"", ""戦闘開始時30%でピオラ"", ""魅了ガード+20%""]",,,,9,4,,50,,,replace,37,75,メカニックスーツの謎,真グランゼドーラ王国のレシピ屋,,腕,鎧腕,1,"[{""count"": 10, ""item_id"": 838}, {""count"": 30, ""item_id"": 800}, {""count"": 30, ""item_id"": 643}, {""count"": 1, ""item_id"": 761}, {""count"": 10, ""item_id"": 865}]","[[""300-306""], [""180-192""], [""255-264""]]",https://draquex.com/bougu/0-zenbu.php,https://draquex.com/bougu/d-75-3.php,,3,"2026-03-12 01:44:45","2026-07-23 15:19:02"
1072,bougu_75_5_foot,メカニックブーツ,"Mechanic Boots",set_5a7cdbe80f,メカニックセット,armor_set,21,,"[""さいだいHP+8"", ""さいだいMP+8"", ""おしゃれさ+10"", ""戦闘開始時30%でピオラ"", ""魅了ガード+20%""]",,,,9,4,50,,,,replace,37,75,メカニックスーツの謎,真グランゼドーラ王国のレシピ屋,,足,鎧足,2,"[{""count"": 10, ""item_id"": 838}, {""count"": 1, ""item_id"": 752}, {""count"": 10, ""item_id"": 801}, {""count"": 1, ""item_id"": 761}, {""count"": 10, ""item_id"": 865}]","[["""", ""160～166""], ["""", ""240～250""], [""195～205"", ""140～152""]]",https://draquex.com/bougu/0-zenbu.php,https://draquex.com/bougu/e-75-3.php,,3,"2026-03-12 01:44:45","2026-07-23 15:19:02"
1073,bougu_70_1_head,さとりのかんむり,"Crown of Clarity",set_e865b6e77e,さとりセット,tailoring_set,19,虹布,"[""さいだいHP+4"", ""さいだいMP+12"", ""こうげき魔力+10"", ""かいふく魔力+5"", ""おしゃれさ+30""]",,,,28,10,,,29,32,inherit,36,70,さとりのころもの書,偽グランゼドーラ王国のレシピ屋,,頭,裁縫頭,3,"[{""count"": 5, ""item_id"": 866}, {""count"": 1, ""item_id"": 571}, {""count"": 5, ""item_id"": 536}, {""count"": 1, ""item_id"": 761}, {""count"": 5, ""item_id"": 547}]","[[null, ""140"", null], [""200"", ""230"", ""200""]]",https://draquex.com/bougu/0-zenbu.php,https://draquex.com/bougu/a-70-8.php,,3,"2026-03-12 01:44:48","2026-07-23 15:19:02"
1074,bougu_70_1_body_top,さとりのころも,"Robe of Clarity",set_e865b6e77e,さとりセット,tailoring_set,19,虹布,"[""さいだいHP+4"", ""さいだいMP+12"", ""こうげき魔力+10"", ""かいふく魔力+5"", ""おしゃれさ+30""]",,,,41,12,,,40,43,inherit,36,70,さとりのころもの書,偽グランゼドーラ王国のレシピ屋,,体上,裁縫上,3,"[{""count"": 1, ""item_id"": 647}, {""count"": 1, ""item_id"": 584}, {""count"": 10, ""item_id"": 669}, {""count"": 1, ""item_id"": 761}, {""count"": 5, ""item_id"": 547}]","[[""100"", ""60"", ""100""], [""75"", ""60"", ""75""], [""120"", ""60"", ""120""]]",https://draquex.com/bougu/0-zenbu.php,https://draquex.com/bougu/b-70-8.php,,2,"2026-03-12 01:44:48","2026-07-23 15:19:02"
1075,bougu_70_1_arm,さとりのグローブ,"Gloves of Clarity",set_e865b6e77e,さとりセット,tailoring_set,19,虹布,"[""さいだいHP+4"", ""さいだいMP+12"", ""こうげき魔力+10"", ""かいふく魔力+5"", ""おしゃれさ+30""]",,,,8,4,,34,,,inherit,36,70,さとりのころもの書,偽グランゼドーラ王国のレシピ屋,,腕,裁縫腕,3,"[{""count"": 1, ""item_id"": 647}, {""count"": 1, ""item_id"": 573}, {""count"": 5, ""item_id"": 673}, {""count"": 1, ""item_id"": 761}, {""count"": 5, ""item_id"": 547}]","[[""100"", ""125"", ""160""], [""100"", ""125"", ""160""]]",https://draquex.com/bougu/0-zenbu.php,https://draquex.com/bougu/d-70-8.php,,1,"2026-03-12 01:44:48","2026-07-23 15:19:02"
1076,bougu_70_1_foot,さとりのブーツ,"Boots of Clarity",set_e865b6e77e,さとりセット,tailoring_set,19,虹布,"[""さいだいHP+4"", ""さいだいMP+12"", ""こうげき魔力+10"", ""かいふく魔力+5"", ""おしゃれさ+30""]",,,,8,4,34,,,,inherit,36,70,さとりのころもの書,偽グランゼドーラ王国のレシピ屋,,足,裁縫足,2,"[{""count"": 5, ""item_id"": 866}, {""count"": 1, ""item_id"": 572}, {""count"": 10, ""item_id"": 801}, {""count"": 1, ""item_id"": 761}, {""count"": 5, ""item_id"": 547}]","[[""240"", ""240""], [""145"", ""145""]]",https://draquex.com/bougu/0-zenbu.php,https://draquex.com/bougu/e-70-8.php,,2,"2026-03-12 01:44:48","2026-07-23 15:19:02"
1077,bougu_70_2_head,神兵のヘルム,"Divine Soldier Helmet",set_731e9aedae,神兵セット,armor_set,18,,"[""さいだいHP+5"", ""おもさ+15"", ""おしゃれさ+30"", ""闇ダメージ5%減"", ""光ダメージ5%減""]",,,,37,13,,,0,10,replace,36,70,神兵のよろいの書,偽グランゼドーラ王国のレシピ屋,,頭,鎧頭,2,"[{""count"": 5, ""item_id"": 838}, {""count"": 1, ""item_id"": 571}, {""count"": 1, ""item_id"": 611}, {""count"": 1, ""item_id"": 761}, {""count"": 5, ""item_id"": 865}]","[[""162～168"", ""162～168""], [""184～194"", ""227～241""]]",https://draquex.com/bougu/0-zenbu.php,https://draquex.com/bougu/a-70-2.php,,18,"2026-03-12 01:44:51","2026-07-23 15:19:02"
1078,bougu_70_2_body_top,神兵のよろい上,"Divine Soldier Chest",set_731e9aedae,神兵セット,armor_set,18,,"[""さいだいHP+5"", ""おもさ+15"", ""おしゃれさ+30"", ""闇ダメージ5%減"", ""光ダメージ5%減""]",,,,53,20,,,0,20,replace,36,70,神兵のよろいの書,偽グランゼドーラ王国のレシピ屋,,体上,鎧上,2,"[{""count"": 5, ""item_id"": 838}, {""count"": 1, ""item_id"": 584}, {""count"": 1, ""item_id"": 735}, {""count"": 1, ""item_id"": 761}, {""count"": 5, ""item_id"": 865}]","[[""85～94"", ""85～94""], [""140～146"", ""175～181""], [""125～135"", ""125～135""]]",https://draquex.com/bougu/0-zenbu.php,https://draquex.com/bougu/b-70-2.php,,35,"2026-03-12 01:44:51","2026-07-23 15:19:02"
1079,bougu_70_2_body_bottom,神兵のよろい下,"Divine Soldier Faulds",set_731e9aedae,神兵セット,armor_set,18,,"[""さいだいHP+5"", ""おもさ+15"", ""おしゃれさ+30"", ""闇ダメージ5%減"", ""光ダメージ5%減""]",,,,30,10,,,,,replace,36,70,神兵のよろいの書,偽グランゼドーラ王国のレシピ屋,,体下,鎧下,2,"[{""count"": 5, ""item_id"": 838}, {""count"": 1, ""item_id"": 585}, {""count"": 20, ""item_id"": 643}, {""count"": 1, ""item_id"": 761}, {""count"": 5, ""item_id"": 865}]","[[""130～136"", ""130～136""], [""72～82"", ""72～82""], [""60～68"", ""111～119""], [""80～88"", ""80～88""]]",https://draquex.com/bougu/0-zenbu.php,https://draquex.com/bougu/c-70-1.php,,21,"2026-03-12 01:44:51","2026-07-23 15:19:02"
1080,bougu_70_2_arm,神兵のガントレット,"Divine Soldier Gloves",set_731e9aedae,神兵セット,armor_set,18,,"[""さいだいHP+5"", ""おもさ+15"", ""おしゃれさ+30"", ""闇ダメージ5%減"", ""光ダメージ5%減""]",,,,11,4,,28,,,replace,36,70,神兵のよろいの書,偽グランゼドーラ王国のレシピ屋,,腕,鎧腕,1,"[{""count"": 1, ""item_id"": 856}, {""count"": 1, ""item_id"": 573}, {""count"": 1, ""item_id"": 703}, {""count"": 1, ""item_id"": 761}, {""count"": 5, ""item_id"": 865}]","[[""233～243""], [""306～317""], [""196～202""]]",https://draquex.com/bougu/0-zenbu.php,https://draquex.com/bougu/d-70-2.php,,11,"2026-03-12 01:44:51","2026-07-23 15:19:02"
1081,bougu_70_2_foot,神兵のグリーブ,"Divine Soldier Boots",set_731e9aedae,神兵セット,armor_set,18,,"[""さいだいHP+5"", ""おもさ+15"", ""おしゃれさ+30"", ""闇ダメージ5%減"", ""光ダメージ5%減""]",,,,11,4,28,,,,replace,36,70,神兵のよろいの書,偽グランゼドーラ王国のレシピ屋,,足,鎧足,2,"[{""count"": 1, ""item_id"": 856}, {""count"": 1, ""item_id"": 572}, {""count"": 20, ""item_id"": 627}, {""count"": 1, ""item_id"": 761}, {""count"": 5, ""item_id"": 865}]","[["""", ""200～210""], ["""", ""120～132""], [""240～250"", ""175～181""]]",https://draquex.com/bougu/0-zenbu.php,https://draquex.com/bougu/e-70-2.php,,15,"2026-03-12 01:44:51","2026-07-23 15:19:02"
1082,bougu_70_3_head,さすらいのぼうし,"Errant Hat",set_15ca13ef06,さすらいセット,armor_set,22,,"[""さいだいHP+4"", ""さいだいMP+12"", ""こうげき魔力+10"", ""おしゃれさ+40"", ""戦闘勝利時にMPが1回復""]",,,,33,21,,,13,13,replace,36,70,さすらいのコートの本,偽グランゼドーラ王国のレシピ屋,,頭,鎧頭,2,"[{""count"": 1, ""item_id"": 647}, {""count"": 1, ""item_id"": 571}, {""count"": 3, ""item_id"": 867}, {""count"": 1, ""item_id"": 761}, {""count"": 5, ""item_id"": 865}]","[[""170-176"", ""170-176""], [""215-227"", ""215-227""]]",https://draquex.com/bougu/0-zenbu.php,https://draquex.com/bougu/a-70-3.php,,7,"2026-03-12 01:44:54","2026-07-23 15:19:02"
1083,bougu_70_3_body_top,さすらいのコート上,"Errant Coat Top",set_15ca13ef06,さすらいセット,armor_set,22,,"[""さいだいHP+4"", ""さいだいMP+12"", ""こうげき魔力+10"", ""おしゃれさ+40"", ""戦闘勝利時にMPが1回復""]",,,,45,30,,,27,27,replace,36,70,さすらいのコートの本,偽グランゼドーラ王国のレシピ屋,,体上,鎧上,2,"[{""count"": 1, ""item_id"": 647}, {""count"": 1, ""item_id"": 584}, {""count"": 10, ""item_id"": 674}, {""count"": 1, ""item_id"": 761}, {""count"": 5, ""item_id"": 865}]","[[""135～145"", ""135～145""], [""90～99"", ""90～99""], [""160～166"", ""160～166""]]",https://draquex.com/bougu/0-zenbu.php,https://draquex.com/bougu/b-70-3.php,,10,"2026-03-12 01:44:54","2026-07-23 15:19:02"
1084,bougu_70_3_body_bottom,さすらいのコート下,"Errant Coat Bottom",set_15ca13ef06,さすらいセット,armor_set,22,,"[""さいだいHP+4"", ""さいだいMP+12"", ""こうげき魔力+10"", ""おしゃれさ+40"", ""戦闘勝利時にMPが1回復""]",,,,24,17,,,,,replace,36,70,さすらいのコートの本,偽グランゼドーラ王国のレシピ屋,,体下,鎧下,2,"[{""count"": 1, ""item_id"": 647}, {""count"": 1, ""item_id"": 585}, {""count"": 10, ""item_id"": 751}, {""count"": 1, ""item_id"": 761}, {""count"": 5, ""item_id"": 865}]","[[""98～106"", ""155～161""], [""155～161"", ""72～82""], [""60～68"", ""98～106""], [""72～82"", ""60～68""]]",https://draquex.com/bougu/0-zenbu.php,https://draquex.com/bougu/c-70-2.php,,5,"2026-03-12 01:44:54","2026-07-23 15:19:02"
1085,bougu_70_3_arm,さすらいのこて,"Errant Bracers",set_15ca13ef06,さすらいセット,armor_set,22,,"[""さいだいHP+4"", ""さいだいMP+12"", ""こうげき魔力+10"", ""おしゃれさ+40"", ""戦闘勝利時にMPが1回復""]",,,,9,11,,37,,,replace,36,70,さすらいのコートの本,偽グランゼドーラ王国のレシピ屋,,腕,鎧腕,1,"[{""count"": 5, ""item_id"": 838}, {""count"": 1, ""item_id"": 573}, {""count"": 1, ""item_id"": 818}, {""count"": 1, ""item_id"": 761}, {""count"": 5, ""item_id"": 865}]","[[""258～268""], [""196～202""], [""316～327""]]",https://draquex.com/bougu/0-zenbu.php,https://draquex.com/bougu/d-70-3.php,,2,"2026-03-12 01:44:54","2026-07-23 15:19:02"
1086,bougu_70_3_foot,さすらいのくつ,"Errant Shoes",set_15ca13ef06,さすらいセット,armor_set,22,,"[""さいだいHP+4"", ""さいだいMP+12"", ""こうげき魔力+10"", ""おしゃれさ+40"", ""戦闘勝利時にMPが1回復""]",,,,9,11,37,,,,replace,36,70,さすらいのコートの本,偽グランゼドーラ王国のレシピ屋,,足,鎧足,2,"[{""count"": 5, ""item_id"": 838}, {""count"": 1, ""item_id"": 572}, {""count"": 10, ""item_id"": 844}, {""count"": 1, ""item_id"": 761}, {""count"": 5, ""item_id"": 865}]","[["""", ""230～236""], ["""", ""160～172""], [""190～200"", ""190～200""]]",https://draquex.com/bougu/0-zenbu.php,https://draquex.com/bougu/e-70-3.php,,2,"2026-03-12 01:44:54","2026-07-23 15:19:02"
1087,bougu_70_4_head,ひつじのずきん,"Sheep Hood",set_87416865f8,ひつじセット,tailoring_set,22,再生布,"[""さいだいHP+5"", ""さいだいMP+5"", ""おしゃれさ+20"", ""攻撃時3%で眠り"", ""戦闘開始時10%で心頭滅却""]",,,,33,5,,,0,7,replace,36,70,ひつじのころもの絵本,偽グランゼドーラ王国のレシピ屋,,頭,裁縫頭,3,"[{""count"": 5, ""item_id"": 866}, {""count"": 1, ""item_id"": 571}, {""count"": 1, ""item_id"": 861}, {""count"": 1, ""item_id"": 761}, {""count"": 5, ""item_id"": 547}]","[[null, ""100"", null], [""210"", ""180"", ""210""]]",https://draquex.com/bougu/0-zenbu.php,https://draquex.com/bougu/a-70-4.php,,7,"2026-03-12 01:44:56","2026-07-23 15:19:02"
1088,bougu_70_4_body_top,ひつじのころも上,"Sheep Shirt",set_87416865f8,ひつじセット,tailoring_set,22,再生布,"[""さいだいHP+5"", ""さいだいMP+5"", ""おしゃれさ+20"", ""攻撃時3%で眠り"", ""戦闘開始時10%で心頭滅却""]",,,,46,8,,,,13,replace,36,70,ひつじのころもの絵本,偽グランゼドーラ王国のレシピ屋,,体上,裁縫上,3,"[{""count"": 1, ""item_id"": 647}, {""count"": 1, ""item_id"": 584}, {""count"": 20, ""item_id"": 841}, {""count"": 1, ""item_id"": 761}, {""count"": 5, ""item_id"": 547}]","[[""90"", ""45"", ""90""], [""70"", ""60"", ""70""], [""115"", ""45"", ""115""]]",https://draquex.com/bougu/0-zenbu.php,https://draquex.com/bougu/b-70-4.php,,10,"2026-03-12 01:44:56","2026-07-23 15:19:02"
1089,bougu_70_4_body_bottom,ひつじのころも下,"Sheep Skirt",set_87416865f8,ひつじセット,tailoring_set,22,再生布,"[""さいだいHP+5"", ""さいだいMP+5"", ""おしゃれさ+20"", ""攻撃時3%で眠り"", ""戦闘開始時10%で心頭滅却""]",,,,25,3,,,,,replace,36,70,ひつじのころもの絵本,偽グランゼドーラ王国のレシピ屋,,体下,裁縫下,2,"[{""count"": 1, ""item_id"": 647}, {""count"": 1, ""item_id"": 585}, {""count"": 20, ""item_id"": 800}, {""count"": 1, ""item_id"": 761}, {""count"": 5, ""item_id"": 547}]","[[""110"", ""110""], [""120"", ""120""], [""120"", ""120""]]",https://draquex.com/bougu/0-zenbu.php,https://draquex.com/bougu/c-70-3.php,,5,"2026-03-12 01:44:56","2026-07-23 15:19:02"
1090,bougu_70_4_arm,ひつじのてぶくろ,"Sheep Mitts",set_87416865f8,ひつじセット,tailoring_set,22,再生布,"[""さいだいHP+5"", ""さいだいMP+5"", ""おしゃれさ+20"", ""攻撃時3%で眠り"", ""戦闘開始時10%で心頭滅却""]",,,,8,2,,45,,,replace,36,70,ひつじのころもの絵本,偽グランゼドーラ王国のレシピ屋,,腕,裁縫腕,3,"[{""count"": 5, ""item_id"": 866}, {""count"": 1, ""item_id"": 573}, {""count"": 10, ""item_id"": 683}, {""count"": 1, ""item_id"": 761}, {""count"": 5, ""item_id"": 547}]","[[""100"", ""110"", ""140""], [""100"", ""110"", ""140""]]",https://draquex.com/bougu/0-zenbu.php,https://draquex.com/bougu/d-70-4.php,,4,"2026-03-12 01:44:56","2026-07-23 15:19:02"
1091,bougu_70_4_foot,ひつじのくつ,"Sheep Shoes",set_87416865f8,ひつじセット,tailoring_set,22,再生布,"[""さいだいHP+5"", ""さいだいMP+5"", ""おしゃれさ+20"", ""攻撃時3%で眠り"", ""戦闘開始時10%で心頭滅却""]",,,,8,2,45,,,,replace,36,70,ひつじのころもの絵本,偽グランゼドーラ王国のレシピ屋,,足,裁縫足,2,"[{""count"": 5, ""item_id"": 866}, {""count"": 1, ""item_id"": 572}, {""count"": 20, ""item_id"": 657}, {""count"": 1, ""item_id"": 761}, {""count"": 5, ""item_id"": 547}]","[[""160"", ""190""], [""190"", ""160""]]",https://draquex.com/bougu/0-zenbu.php,https://draquex.com/bougu/e-70-4.php,,4,"2026-03-12 01:44:56","2026-07-23 15:19:02"
1092,bougu_70_5_head,グレートヘルム,"Great Helm",set_72d49c3ef7,グレートセット,armor_set,21,,"[""さいだいHP+4"", ""さいだいMP+4"", ""おもさ+10"", ""おしゃれさ+10"", ""戦闘開始時5%でバイキルト""]",,,,30,6,,,,,replace,36,70,グレートマントのレシピ,偽グランゼドーラ王国のレシピ屋,,頭,鎧頭,2,"[{""count"": 5, ""item_id"": 838}, {""count"": 1, ""item_id"": 571}, {""count"": 20, ""item_id"": 800}, {""count"": 1, ""item_id"": 761}, {""count"": 5, ""item_id"": 865}]","[[""150～162"", ""200～206""], [""200～206"", ""150～162""]]",https://draquex.com/bougu/0-zenbu.php,https://draquex.com/bougu/a-70-1.php,,10,"2026-03-12 01:44:59","2026-07-23 15:19:02"
1093,bougu_70_5_body_top,グレートマント,"Great Cloak",set_72d49c3ef7,グレートセット,armor_set,21,,"[""さいだいHP+4"", ""さいだいMP+4"", ""おもさ+10"", ""おしゃれさ+10"", ""戦闘開始時5%でバイキルト""]",,,,47,13,,,,,replace,36,70,グレートマントのレシピ,偽グランゼドーラ王国のレシピ屋,,体上,鎧上,2,"[{""count"": 1, ""item_id"": 647}, {""count"": 1, ""item_id"": 584}, {""count"": 20, ""item_id"": 881}, {""count"": 1, ""item_id"": 761}, {""count"": 5, ""item_id"": 865}]","[[""120～130"", ""80～89""], [""150～156"", ""150～156""], [""120～130"", ""80～89""]]",https://draquex.com/bougu/0-zenbu.php,https://draquex.com/bougu/b-70-1.php,,7,"2026-03-12 01:44:59","2026-07-23 15:19:02"
1094,bougu_70_5_arm,グレートグラブ,"Great Bracers",set_72d49c3ef7,グレートセット,armor_set,21,,"[""さいだいHP+4"", ""さいだいMP+4"", ""おもさ+10"", ""おしゃれさ+10"", ""戦闘開始時5%でバイキルト""]",,,,9,3,,39,,,replace,36,70,グレートマントのレシピ,偽グランゼドーラ王国のレシピ屋,,腕,鎧腕,1,"[{""count"": 1, ""item_id"": 647}, {""count"": 1, ""item_id"": 573}, {""count"": 10, ""item_id"": 719}, {""count"": 1, ""item_id"": 761}, {""count"": 5, ""item_id"": 865}]","[[""228-238""], [""266-272""], [""206-217""]]",https://draquex.com/bougu/0-zenbu.php,https://draquex.com/bougu/d-70-1.php,,3,"2026-03-12 01:44:59","2026-07-23 15:19:02"
1095,bougu_70_5_foot,グレートグリーブ,"Great Greaves",set_72d49c3ef7,グレートセット,armor_set,21,,"[""さいだいHP+4"", ""さいだいMP+4"", ""おもさ+10"", ""おしゃれさ+10"", ""戦闘開始時5%でバイキルト""]",,,,9,3,55,,,,replace,36,70,グレートマントのレシピ,偽グランゼドーラ王国のレシピ屋,,足,鎧足,2,"[{""count"": 5, ""item_id"": 838}, {""count"": 1, ""item_id"": 572}, {""count"": 10, ""item_id"": 716}, {""count"": 1, ""item_id"": 761}, {""count"": 5, ""item_id"": 865}]","[["""", ""160～166""], ["""", ""210～220""], [""210～220"", ""120～132""]]",https://draquex.com/bougu/0-zenbu.php,https://draquex.com/bougu/e-70-1.php,,3,"2026-03-12 01:44:59","2026-07-23 15:19:02"
1096,bougu_70_6_head,タイフーンゴーグル,"Typhoon Goggles",set_be6b07c65a,タイフーンセット,tailoring_set,21,虹布,"[""さいだいHP+6"", ""さいだいMP+6"", ""すばやさ+10"", ""おしゃれさ+25"", ""戦闘開始時10%でピオラ""]",,,,34,17,,,,,replace,36,70,タイフーンレザーの本,偽グランゼドーラ王国のレシピ屋,,頭,裁縫頭,3,"[{""count"": 5, ""item_id"": 866}, {""count"": 1, ""item_id"": 571}, {""count"": 3, ""item_id"": 745}, {""count"": 1, ""item_id"": 761}, {""count"": 5, ""item_id"": 547}]","[[null, ""130"", null], [""220"", ""200"", ""220""]]",https://draquex.com/bougu/0-zenbu.php,https://draquex.com/bougu/a-70-5.php,,8,"2026-03-12 01:45:03","2026-07-23 15:19:02"
1097,bougu_70_6_body_top,タイフーンレザー上,"Typhoon Leather Shirt",set_be6b07c65a,タイフーンセット,tailoring_set,21,虹布,"[""さいだいHP+6"", ""さいだいMP+6"", ""すばやさ+10"", ""おしゃれさ+25"", ""戦闘開始時10%でピオラ""]",,,,48,25,,,,,replace,36,70,タイフーンレザーの本,偽グランゼドーラ王国のレシピ屋,,体上,裁縫上,3,"[{""count"": 1, ""item_id"": 647}, {""count"": 1, ""item_id"": 584}, {""count"": 20, ""item_id"": 800}, {""count"": 1, ""item_id"": 761}, {""count"": 5, ""item_id"": 547}]","[[""120"", ""75"", ""100""], [""60"", ""60"", ""60""], [""100"", ""75"", ""120""]]",https://draquex.com/bougu/0-zenbu.php,https://draquex.com/bougu/b-70-5.php,,12,"2026-03-12 01:45:03","2026-07-23 15:19:02"
1098,bougu_70_6_body_bottom,タイフーンレザー下,"Typhoon Leather Pants",set_be6b07c65a,タイフーンセット,tailoring_set,21,虹布,"[""さいだいHP+6"", ""さいだいMP+6"", ""すばやさ+10"", ""おしゃれさ+25"", ""戦闘開始時10%でピオラ""]",,,,25,13,,,,,replace,36,70,タイフーンレザーの本,偽グランゼドーラ王国のレシピ屋,,体下,裁縫下,2,"[{""count"": 1, ""item_id"": 647}, {""count"": 1, ""item_id"": 585}, {""count"": 20, ""item_id"": 643}, {""count"": 1, ""item_id"": 761}, {""count"": 5, ""item_id"": 547}]","[[""160"", ""160""], [""125"", ""125""], [""100"", ""100""]]",https://draquex.com/bougu/0-zenbu.php,https://draquex.com/bougu/c-70-4.php,,6,"2026-03-12 01:45:03","2026-07-23 15:19:02"
1099,bougu_70_6_arm,タイフーングローブ,"Typhoon Gloves",set_be6b07c65a,タイフーンセット,tailoring_set,21,虹布,"[""さいだいHP+6"", ""さいだいMP+6"", ""すばやさ+10"", ""おしゃれさ+25"", ""戦闘開始時10%でピオラ""]",,,,8,5,,45,,,replace,36,70,タイフーンレザーの本,偽グランゼドーラ王国のレシピ屋,,腕,裁縫腕,3,"[{""count"": 5, ""item_id"": 866}, {""count"": 1, ""item_id"": 573}, {""count"": 3, ""item_id"": 867}, {""count"": 1, ""item_id"": 761}, {""count"": 5, ""item_id"": 547}]","[[""125"", ""95"", ""165""], [""125"", ""95"", ""165""]]",https://draquex.com/bougu/0-zenbu.php,https://draquex.com/bougu/d-70-5.php,,2,"2026-03-12 01:45:03","2026-07-23 15:19:02"
1100,bougu_70_6_foot,タイフーンブーツ,"Typhoon Boots",set_be6b07c65a,タイフーンセット,tailoring_set,21,虹布,"[""さいだいHP+6"", ""さいだいMP+6"", ""すばやさ+10"", ""おしゃれさ+25"", ""戦闘開始時10%でピオラ""]",,,,8,5,55,,,,replace,36,70,タイフーンレザーの本,偽グランゼドーラ王国のレシピ屋,,足,裁縫足,2,"[{""count"": 5, ""item_id"": 866}, {""count"": 1, ""item_id"": 572}, {""count"": 1, ""item_id"": 818}, {""count"": 1, ""item_id"": 761}, {""count"": 5, ""item_id"": 547}]","[[""140"", ""140""], [""280"", ""210""]]",https://draquex.com/bougu/0-zenbu.php,https://draquex.com/bougu/e-70-5.php,,2,"2026-03-12 01:45:03","2026-07-23 15:19:02"
1101,bougu_70_7_head,ステージバンド,"Stage Headband",ステージジャンパーセット,ステージジャンパーセット,tailoring_set,22,再生布,"[""さいだいHP+2"", ""さいだいMP+2"", ""こうげき魔力+10"", ""おしゃれさ+50"", ""攻撃時3%で魅了""]",,,,27,28,,,35,,replace,36,70,ステージ衣装大全,偽グランゼドーラ王国のレシピ屋,,頭,裁縫頭,3,"[{""count"": 5, ""item_id"": 866}, {""count"": 1, ""item_id"": 571}, {""count"": 3, ""item_id"": 762}, {""count"": 1, ""item_id"": 761}, {""count"": 5, ""item_id"": 547}]","[[null, ""175"", null], [""175"", ""175"", ""175""]]",https://draquex.com/bougu/0-zenbu.php,https://draquex.com/bougu/a-70-6.php,,7,"2026-03-12 01:45:06","2026-07-23 15:19:02"
1102,bougu_70_7_body_top,ステージジャンパー,"Stage Jumper",ステージジャンパーセット,ステージジャンパーセット,tailoring_set,22,再生布,"[""さいだいHP+2"", ""さいだいMP+2"", ""こうげき魔力+10"", ""おしゃれさ+50"", ""攻撃時3%で魅了""]",,,,41,38,,,45,,replace,36,70,ステージ衣装大全,偽グランゼドーラ王国のレシピ屋,,体上,裁縫上,3,"[{""count"": 1, ""item_id"": 647}, {""count"": 1, ""item_id"": 584}, {""count"": 20, ""item_id"": 881}, {""count"": 1, ""item_id"": 761}, {""count"": 5, ""item_id"": 547}]","[[""80"", ""45"", ""75""], [""120"", ""60"", ""120""], [""75"", ""45"", ""80""]]",https://draquex.com/bougu/0-zenbu.php,https://draquex.com/bougu/b-70-6.php,,10,"2026-03-12 01:45:06","2026-07-23 15:19:02"
1103,bougu_70_7_body_bottom,ステージパンツ,"Stage Shorts",ステージジャンパーセット,ステージジャンパーセット,tailoring_set,22,再生布,"[""さいだいHP+2"", ""さいだいMP+2"", ""こうげき魔力+10"", ""おしゃれさ+50"", ""攻撃時3%で魅了""]",1,1,,21,19,,,,,replace,36,70,ステージ衣装大全,偽グランゼドーラ王国のレシピ屋,,体下,裁縫下,,"[{""count"": 1, ""item_id"": 647}, {""count"": 1, ""item_id"": 585}, {""count"": 10, ""item_id"": 760}, {""count"": 1, ""item_id"": 761}, {""count"": 5, ""item_id"": 547}]","[[""150"", ""150""], [""120"", ""120""], [""80"", ""80""]]",https://draquex.com/bougu/0-zenbu.php,https://draquex.com/bougu/c-70-5.php,,5,"2026-03-12 01:45:06","2026-07-23 15:19:02"
1104,bougu_70_7_arm,ステージリスト,"Stage Wristbands",ステージジャンパーセット,ステージジャンパーセット,tailoring_set,22,再生布,"[""さいだいHP+2"", ""さいだいMP+2"", ""こうげき魔力+10"", ""おしゃれさ+50"", ""攻撃時3%で魅了""]",,,,8,15,,55,,,replace,36,70,ステージ衣装大全,偽グランゼドーラ王国のレシピ屋,,腕,裁縫腕,,"[{""count"": 5, ""item_id"": 866}, {""count"": 1, ""item_id"": 573}, {""count"": 20, ""item_id"": 559}, {""count"": 1, ""item_id"": 761}, {""count"": 5, ""item_id"": 547}]","[[""105"", ""140"", ""105""], [""105"", ""140"", ""105""]]",https://draquex.com/bougu/0-zenbu.php,https://draquex.com/bougu/d-70-6.php,,2,"2026-03-12 01:45:06","2026-07-23 15:19:02"
1105,bougu_70_7_foot,ステージシューズ,"Stage Shoes",ステージジャンパーセット,ステージジャンパーセット,tailoring_set,22,再生布,"[""さいだいHP+2"", ""さいだいMP+2"", ""こうげき魔力+10"", ""おしゃれさ+50"", ""攻撃時3%で魅了""]",,,,8,15,52,,,,replace,36,70,ステージ衣装大全,偽グランゼドーラ王国のレシピ屋,,足,裁縫足,,"[{""count"": 5, ""item_id"": 866}, {""count"": 1, ""item_id"": 572}, {""count"": 10, ""item_id"": 844}, {""count"": 1, ""item_id"": 761}, {""count"": 5, ""item_id"": 547}]","[[""140"", ""140""], [""210"", ""210""]]",https://draquex.com/bougu/0-zenbu.php,https://draquex.com/bougu/e-70-6.php,,2,"2026-03-12 01:45:06","2026-07-23 15:19:02"
1106,bougu_70_8_head,ステージリボン,"Stage Ribbon",ステージチュチュセット,ステージチュチュセット,tailoring_set,22,再生布,"[""さいだいHP+2"", ""さいだいMP+2"", ""こうげき魔力+10"", ""おしゃれさ+50"", ""攻撃時3%で魅了""]",,,,27,28,,,35,,replace,36,70,ステージ衣装大全,偽グランゼドーラ王国のレシピ屋,,頭,裁縫頭,3,"[{""count"": 5, ""item_id"": 866}, {""count"": 1, ""item_id"": 571}, {""count"": 3, ""item_id"": 762}, {""count"": 1, ""item_id"": 761}, {""count"": 5, ""item_id"": 547}]","[[null, ""220"", null], [""160"", ""160"", ""160""]]",https://draquex.com/bougu/0-zenbu.php,https://draquex.com/bougu/a-70-7.php,,7,"2026-03-12 01:45:09","2026-07-23 15:19:02"
1107,bougu_70_8_body_top,ステージチュチュ上,"Stage Tutu Top",ステージチュチュセット,ステージチュチュセット,tailoring_set,22,再生布,"[""さいだいHP+2"", ""さいだいMP+2"", ""こうげき魔力+10"", ""おしゃれさ+50"", ""攻撃時3%で魅了""]",,,,41,38,,,45,,replace,36,70,ステージ衣装大全,偽グランゼドーラ王国のレシピ屋,,体上,裁縫上,3,"[{""count"": 1, ""item_id"": 647}, {""count"": 1, ""item_id"": 584}, {""count"": 20, ""item_id"": 881}, {""count"": 1, ""item_id"": 761}, {""count"": 5, ""item_id"": 547}]","[[""90"", ""45"", ""90""], [""95"", ""60"", ""95""], [""90"", ""45"", ""90""]]",https://draquex.com/bougu/0-zenbu.php,https://draquex.com/bougu/b-70-7.php,,10,"2026-03-12 01:45:09","2026-07-23 15:19:02"
1108,bougu_70_8_body_bottom,ステージチュチュ下,"Stage Tutu Bottom",ステージチュチュセット,ステージチュチュセット,tailoring_set,22,再生布,"[""さいだいHP+2"", ""さいだいMP+2"", ""こうげき魔力+10"", ""おしゃれさ+50"", ""攻撃時3%で魅了""]",1,1,,21,19,,,,,replace,36,70,ステージ衣装大全,偽グランゼドーラ王国のレシピ屋,,体下,裁縫下,2,"[{""count"": 1, ""item_id"": 647}, {""count"": 1, ""item_id"": 585}, {""count"": 10, ""item_id"": 760}, {""count"": 1, ""item_id"": 761}, {""count"": 5, ""item_id"": 547}]","[[""200"", ""80""], [""70"", ""120""], [""140"", ""90""]]",https://draquex.com/bougu/0-zenbu.php,https://draquex.com/bougu/c-70-6.php,,5,"2026-03-12 01:45:09","2026-07-23 15:19:02"
1109,bougu_70_8_arm,ステージアーム,"Stage Armguards",ステージチュチュセット,ステージチュチュセット,tailoring_set,22,再生布,"[""さいだいHP+2"", ""さいだいMP+2"", ""こうげき魔力+10"", ""おしゃれさ+50"", ""攻撃時3%で魅了""]",,,,8,15,,55,,,replace,36,70,ステージ衣装大全,偽グランゼドーラ王国のレシピ屋,,腕,裁縫腕,3,"[{""count"": 5, ""item_id"": 866}, {""count"": 1, ""item_id"": 573}, {""count"": 20, ""item_id"": 559}, {""count"": 1, ""item_id"": 761}, {""count"": 5, ""item_id"": 547}]","[[""80"", ""120"", ""150""], [""80"", ""120"", ""150""]]",https://draquex.com/bougu/0-zenbu.php,https://draquex.com/bougu/d-70-7.php,,2,"2026-03-12 01:45:09","2026-07-23 15:19:02"
1110,bougu_70_8_foot,ステージブーツ,"Stage Boots",ステージチュチュセット,ステージチュチュセット,tailoring_set,22,再生布,"[""さいだいHP+2"", ""さいだいMP+2"", ""こうげき魔力+10"", ""おしゃれさ+50"", ""攻撃時3%で魅了""]",,,,8,15,52,,,,replace,36,70,ステージ衣装大全,偽グランゼドーラ王国のレシピ屋,,足,裁縫足,2,"[{""count"": 5, ""item_id"": 866}, {""count"": 1, ""item_id"": 572}, {""count"": 10, ""item_id"": 844}, {""count"": 1, ""item_id"": 761}, {""count"": 5, ""item_id"": 547}]","[[""200"", ""200""], [""150"", ""150""]]",https://draquex.com/bougu/0-zenbu.php,https://draquex.com/bougu/e-70-7.php,,2,"2026-03-12 01:45:09","2026-07-23 15:19:02"
1111,armor_65_head,飛竜のかぶと,"Flying Dragon Helm",set_ad61e1b7d1,飛竜セット,armor_set,,,"[""さいだいHP+5"", ""すばやさ+10"", ""きようさ+10"", ""おしゃれさ+25"", ""戦闘開始時5%でバイシオン""]",,,,29,9,,,,,replace,35,65,飛竜のベストの書,ドルワーム王国・防具鍛冶ギルドの素材屋,,頭,鎧頭,2,"[{""count"": 20, ""item_id"": 595}, {""name"": ""メタルのかけら"", ""count"": 1, ""item_id"": null}, {""count"": 20, ""item_id"": 716}, {""count"": 1, ""item_id"": 880}, {""count"": 10, ""item_id"": 865}]","[[""150～156"", ""224～236""], [""224～236"", ""150～156""]]",https://draquex.com/bougu/0-zenbu.php,https://draquex.com/bougu/a-65-5.php,,7,"2026-03-12 01:45:11","2026-07-23 15:19:02"
1112,armor_65_bodyup,飛竜のベスト,"Flying Dragon Vest",set_ad61e1b7d1,飛竜セット,armor_set,,,"[""さいだいHP+5"", ""すばやさ+10"", ""きようさ+10"", ""おしゃれさ+25"", ""戦闘開始時5%でバイシオン""]",,,,44,14,,,,,replace,35,65,飛竜のベストの書,ドルワーム王国・防具鍛冶ギルドの素材屋,,体上,鎧上,2,"[{""count"": 20, ""item_id"": 595}, {""count"": 1, ""item_id"": 752}, {""count"": 10, ""item_id"": 718}, {""count"": 1, ""item_id"": 880}, {""count"": 10, ""item_id"": 865}]","[[""120～130"", ""90～99""], [""120～130"", ""179～185""], [""149～155"", ""90～99""]]",https://draquex.com/bougu/0-zenbu.php,https://draquex.com/bougu/b-65-5.php,,10,"2026-03-12 01:45:11","2026-07-23 15:19:02"
1113,armor_65_bodydown,飛竜のズボン,"Flying Dragon Pants",set_ad61e1b7d1,飛竜セット,armor_set,,,"[""さいだいHP+5"", ""すばやさ+10"", ""きようさ+10"", ""おしゃれさ+25"", ""戦闘開始時5%でバイシオン""]",,,,22,7,,,,,replace,35,65,飛竜のベストの書,ドルワーム王国・防具鍛冶ギルドの素材屋,,体下,鎧下,2,"[{""count"": 20, ""item_id"": 595}, {""count"": 3, ""item_id"": 591}, {""count"": 3, ""item_id"": 835}, {""count"": 1, ""item_id"": 880}, {""count"": 10, ""item_id"": 865}]","[[""138～146"", ""138～146""], [""100～106"", ""100～106""], [""64～74"", ""64～74""], [""72～80"", ""72～80""]]",https://draquex.com/bougu/0-zenbu.php,https://draquex.com/bougu/c-65-4.php,,5,"2026-03-12 01:45:11","2026-07-23 15:19:02"
1114,armor_65_arm,飛竜のグローブ,"Flying Dragon Gloves",set_ad61e1b7d1,飛竜セット,armor_set,,,"[""さいだいHP+5"", ""すばやさ+10"", ""きようさ+10"", ""おしゃれさ+25"", ""戦闘開始時5%でバイシオン""]",,,,8,2,,42,,,replace,35,65,飛竜のベストの書,ドルワーム王国・防具鍛冶ギルドの素材屋,,腕,鎧腕,1,"[{""count"": 20, ""item_id"": 595}, {""count"": 1, ""item_id"": 752}, {""count"": 1, ""item_id"": 754}, {""count"": 1, ""item_id"": 880}, {""count"": 10, ""item_id"": 865}]","[[""180～186""], [""228～238""], [""340～351""]]",https://draquex.com/bougu/0-zenbu.php,https://draquex.com/bougu/d-65-5.php,,2,"2026-03-12 01:45:11","2026-07-23 15:19:02"
1115,armor_65_foot,飛竜のブーツ,"Flying Dragon Boots",set_ad61e1b7d1,飛竜セット,armor_set,,,"[""さいだいHP+5"", ""すばやさ+10"", ""きようさ+10"", ""おしゃれさ+25"", ""戦闘開始時5%でバイシオン""]",,,,8,2,42,,,,replace,35,65,飛竜のベストの書,ドルワーム王国・防具鍛冶ギルドの素材屋,,足,鎧足,2,"[{""count"": 20, ""item_id"": 595}, {""name"": ""いかづちのたま"", ""count"": 2, ""item_id"": null}, {""count"": 3, ""item_id"": 753}, {""count"": 1, ""item_id"": 880}, {""count"": 10, ""item_id"": 865}]","[["""", ""130～141""], ["""", ""230～245""], [""194～200"", ""194～200""]]",https://draquex.com/bougu/0-zenbu.php,https://draquex.com/bougu/e-65-5.php,,2,"2026-03-12 01:45:11","2026-07-23 15:19:02"
1116,bougu_65_1_head,歌詠みのヘアバンド,"Poet's Hairband",set_9a605cc8ff,歌詠みセット,tailoring_set,19,再生布,"[""さいだいMP+8"", ""こうげき魔力+10"", ""かいふく魔力+10"", ""おしゃれさ+45"", ""呪文発動速度+3%""]",,,,28,19,,,15,15,replace,35,65,歌詠みのころも作成法,ジュレットの町・さいほうギルドの素材屋,,頭,裁縫頭,3,"[{""count"": 10, ""item_id"": 762}, {""count"": 1, ""item_id"": 611}, {""count"": 30, ""item_id"": 643}, {""count"": 1, ""item_id"": 782}, {""count"": 10, ""item_id"": 547}]","[["""", ""160"", """"], [""150"", ""200"", ""170""]]",https://draquex.com/bougu/0-zenbu.php,https://draquex.com/bougu/a-65-3.php,,7,"2026-03-12 01:45:13","2026-07-23 15:19:02"
1117,bougu_65_1_body_top,歌詠みのころも上,"Poet's Attire Top",set_9a605cc8ff,歌詠みセット,tailoring_set,19,再生布,"[""さいだいMP+8"", ""こうげき魔力+10"", ""かいふく魔力+10"", ""おしゃれさ+45"", ""呪文発動速度+3%""]",,,,43,28,,,20,20,replace,35,65,歌詠みのころも作成法,ジュレットの町・さいほうギルドの素材屋,,体上,裁縫上,3,"[{""count"": 10, ""item_id"": 762}, {""count"": 20, ""item_id"": 548}, {""count"": 20, ""item_id"": 801}, {""count"": 1, ""item_id"": 782}, {""count"": 10, ""item_id"": 547}]","[[""90"", ""45"", ""90""], [""70"", ""60"", ""70""], [""105"", ""45"", ""105""]]",https://draquex.com/bougu/0-zenbu.php,https://draquex.com/bougu/b-65-3.php,,10,"2026-03-12 01:45:13","2026-07-23 15:19:02"
1118,bougu_65_1_body_bottom,歌詠みのころも下,"Poet's Attire Bottom",set_9a605cc8ff,歌詠みセット,tailoring_set,19,再生布,"[""さいだいMP+8"", ""こうげき魔力+10"", ""かいふく魔力+10"", ""おしゃれさ+45"", ""呪文発動速度+3%""]",,,,22,15,,,,,replace,35,65,歌詠みのころも作成法,ジュレットの町・さいほうギルドの素材屋,,体下,裁縫下,2,"[{""count"": 10, ""item_id"": 762}, {""count"": 20, ""item_id"": 666}, {""count"": 20, ""item_id"": 760}, {""count"": 1, ""item_id"": 782}, {""count"": 10, ""item_id"": 547}]","[[""85"", ""85""], [""105"", ""105""], [""150"", ""150""]]",https://draquex.com/bougu/0-zenbu.php,https://draquex.com/bougu/c-65-2.php,,5,"2026-03-12 01:45:13","2026-07-23 15:19:02"
1119,bougu_65_1_arm,歌詠みのブレス,"Poet's Bracelets",set_9a605cc8ff,歌詠みセット,tailoring_set,19,再生布,"[""さいだいMP+8"", ""こうげき魔力+10"", ""かいふく魔力+10"", ""おしゃれさ+45"", ""呪文発動速度+3%""]",,,,8,9,,49,,,replace,35,65,歌詠みのころも作成法,ジュレットの町・さいほうギルドの素材屋,,腕,裁縫腕,3,"[{""count"": 10, ""item_id"": 762}, {""count"": 5, ""item_id"": 835}, {""count"": 10, ""item_id"": 638}, {""count"": 1, ""item_id"": 782}, {""count"": 10, ""item_id"": 547}]","[[""115"", ""70"", ""155""], [""115"", ""155"", ""70""]]",https://draquex.com/bougu/0-zenbu.php,https://draquex.com/bougu/d-65-3.php,,2,"2026-03-12 01:45:13","2026-07-23 15:19:02"
1120,bougu_65_1_foot,歌詠みの脚帯,"Poet's Boots",set_9a605cc8ff,歌詠みセット,tailoring_set,19,再生布,"[""さいだいMP+8"", ""こうげき魔力+10"", ""かいふく魔力+10"", ""おしゃれさ+45"", ""呪文発動速度+3%""]",,,,8,9,49,,,,replace,35,65,歌詠みのころも作成法,ジュレットの町・さいほうギルドの素材屋,,足,裁縫足,2,"[{""count"": 10, ""item_id"": 762}, {""count"": 10, ""item_id"": 767}, {""count"": 5, ""item_id"": 867}, {""count"": 1, ""item_id"": 782}, {""count"": 10, ""item_id"": 547}]","[[""185"", ""155""], [""155"", ""185""]]",https://draquex.com/bougu/0-zenbu.php,https://draquex.com/bougu/e-65-3.php,,2,"2026-03-12 01:45:13","2026-07-23 15:19:02"
1121,bougu_65_2_head,大賢者のミトラ,"Supreme Sage's Mitre",set_32a127152e,大賢者セット,tailoring_set,19,再生布,"[""さいだいHP+5"", ""さいだいMP+6"", ""こうげき魔力+10"", ""かいふく魔力+5"", ""おしゃれさ+30""]",,,,27,13,,,27,30,inherit,35,65,大賢者のほういの書,ジュレットの町・さいほうギルドの素材屋,,頭,裁縫頭,3,"[{""count"": 30, ""item_id"": 669}, {""count"": 40, ""item_id"": 800}, {""count"": 40, ""item_id"": 840}, {""count"": 1, ""item_id"": 811}, {""count"": 10, ""item_id"": 547}]","[[null, ""200"", null], [""160"", ""160"", ""160""]]",https://draquex.com/bougu/0-zenbu.php,https://draquex.com/bougu/a-65-9.php,,4,"2026-03-12 01:45:16","2026-07-23 15:19:02"
1122,bougu_65_2_body_top,大賢者のほうい,"Supreme Sage's Attire",set_32a127152e,大賢者セット,tailoring_set,19,再生布,"[""さいだいHP+5"", ""さいだいMP+6"", ""こうげき魔力+10"", ""かいふく魔力+5"", ""おしゃれさ+30""]",,,,39,24,,,37,40,inherit,35,65,大賢者のほういの書,ジュレットの町・さいほうギルドの素材屋,,体上,裁縫上,3,"[{""count"": 30, ""item_id"": 669}, {""count"": 20, ""item_id"": 697}, {""count"": 30, ""item_id"": 848}, {""count"": 1, ""item_id"": 811}, {""count"": 10, ""item_id"": 547}]","[[""70"", ""60"", ""70""], [""80"", ""60"", ""80""], [""100"", ""60"", ""100""]]",https://draquex.com/bougu/0-zenbu.php,https://draquex.com/bougu/b-65-9.php,,5,"2026-03-12 01:45:16","2026-07-23 15:19:02"
1123,bougu_65_2_arm,大賢者のグローブ,"Supreme Sage's Gloves",set_32a127152e,大賢者セット,tailoring_set,19,再生布,"[""さいだいHP+5"", ""さいだいMP+6"", ""こうげき魔力+10"", ""かいふく魔力+5"", ""おしゃれさ+30""]",,,,7,5,,33,,,inherit,35,65,大賢者のほういの書,ジュレットの町・さいほうギルドの素材屋,,腕,裁縫腕,3,"[{""count"": 30, ""item_id"": 669}, {""count"": 20, ""item_id"": 697}, {""count"": 20, ""item_id"": 674}, {""count"": 1, ""item_id"": 811}, {""count"": 10, ""item_id"": 547}]","[[""115"", ""80"", ""145""], [""115"", ""80"", ""145""]]",https://draquex.com/bougu/0-zenbu.php,https://draquex.com/bougu/d-65-9.php,,1,"2026-03-12 01:45:16","2026-07-23 15:19:02"
1124,bougu_65_2_foot,大賢者のくつ,"Supreme Sage's Shoes",set_32a127152e,大賢者セット,tailoring_set,19,再生布,"[""さいだいHP+5"", ""さいだいMP+6"", ""こうげき魔力+10"", ""かいふく魔力+5"", ""おしゃれさ+30""]",,,,9,5,33,,,,inherit,35,65,大賢者のほういの書,ジュレットの町・さいほうギルドの素材屋,,足,裁縫足,2,"[{""count"": 30, ""item_id"": 669}, {""count"": 30, ""item_id"": 643}, {""count"": 30, ""item_id"": 548}, {""count"": 1, ""item_id"": 811}, {""count"": 10, ""item_id"": 547}]","[[""100"", ""140""], [""250"", ""190""]]",https://draquex.com/bougu/0-zenbu.php,https://draquex.com/bougu/e-65-9.php,,1,"2026-03-12 01:45:16","2026-07-23 15:19:02"
1125,bougu_65_3_head,マスカレイドヘルム,"Masquerade Helm",set_6e241b39f7,マスカレイドセット,armor_set,18,,"[""さいだいMP+10"", ""おもさ+10"", ""おしゃれさ+55"", ""魅了ガード+20%""]",,,,31,20,,,,,inherit,35,65,マスカレイドスーツの本,ドルワーム王国・防具鍛冶ギルドの素材屋,,頭,鎧頭,2,"[{""count"": 20, ""item_id"": 784}, {""count"": 1, ""item_id"": 856}, {""count"": 5, ""item_id"": 661}, {""count"": 1, ""item_id"": 552}, {""count"": 10, ""item_id"": 865}]","[[""150～156"", ""234～246""], [""200～212"", ""130～136""]]",https://draquex.com/bougu/0-zenbu.php,https://draquex.com/bougu/a-65-1.php,,8,"2026-03-12 01:45:18","2026-07-23 15:19:02"
1126,bougu_65_3_body_top,マスカレイドスーツ,"Masquerade Suit",set_6e241b39f7,マスカレイドセット,armor_set,18,,"[""さいだいMP+10"", ""おもさ+10"", ""おしゃれさ+55"", ""魅了ガード+20%""]",,,,47,45,,,,,inherit,35,65,マスカレイドスーツの本,ドルワーム王国・防具鍛冶ギルドの素材屋,,体上,鎧上,2,"[{""count"": 20, ""item_id"": 784}, {""count"": 1, ""item_id"": 833}, {""count"": 1, ""item_id"": 629}, {""count"": 1, ""item_id"": 552}, {""count"": 10, ""item_id"": 865}]","[[""118～128"", ""161～167""], [""161～167"", ""78～87""], [""118～128"", ""78～87""]]",https://draquex.com/bougu/0-zenbu.php,https://draquex.com/bougu/b-65-1.php,,13,"2026-03-12 01:45:18","2026-07-23 15:19:02"
1127,bougu_65_3_arm,マスカレイドグラブ,"Masquerade Gloves",set_6e241b39f7,マスカレイドセット,armor_set,18,,"[""さいだいMP+10"", ""おもさ+10"", ""おしゃれさ+55"", ""魅了ガード+20%""]",,,,9,10,,37,,,inherit,35,65,マスカレイドスーツの本,ドルワーム王国・防具鍛冶ギルドの素材屋,,腕,鎧腕,1,"[{""count"": 20, ""item_id"": 784}, {""count"": 20, ""item_id"": 674}, {""count"": 20, ""item_id"": 683}, {""count"": 1, ""item_id"": 552}, {""count"": 10, ""item_id"": 865}]","[[""237-243""], [""277-290""], [""200-208""]]",https://draquex.com/bougu/0-zenbu.php,https://draquex.com/bougu/d-65-1.php,,2,"2026-03-12 01:45:18","2026-07-23 15:19:02"
1128,bougu_65_3_foot,マスカレイドブーツ,"Masquerade Boots",set_6e241b39f7,マスカレイドセット,armor_set,18,,"[""さいだいMP+10"", ""おもさ+10"", ""おしゃれさ+55"", ""魅了ガード+20%""]",,,,9,10,34,,,,inherit,35,65,マスカレイドスーツの本,ドルワーム王国・防具鍛冶ギルドの素材屋,,足,鎧足,2,"[{""count"": 20, ""item_id"": 784}, {""count"": 40, ""item_id"": 717}, {""count"": 40, ""item_id"": 800}, {""count"": 1, ""item_id"": 552}, {""count"": 10, ""item_id"": 865}]","[["""", ""130～141""], ["""", ""194～200""], [""160～166"", ""230～245""]]",https://draquex.com/bougu/0-zenbu.php,https://draquex.com/bougu/e-65-1.php,,2,"2026-03-12 01:45:18","2026-07-23 15:19:02"
1129,bougu_65_4_head,聖騎士のヘルム,"Holy Knight Helm",set_72dd457d1b,聖騎士セット,armor_set,18,,"[""さいだいHP+5"", ""おもさ+10"", ""おしゃれさ+25"", ""即死ガード+10%""]",,,,33,13,,,0,8,replace,35,65,聖騎士のよろいの書,ドルワーム王国・防具鍛冶ギルドの素材屋,,頭,鎧頭,2,"[{""count"": 30, ""item_id"": 784}, {""count"": 1, ""item_id"": 703}, {""count"": 20, ""item_id"": 816}, {""count"": 1, ""item_id"": 811}, {""count"": 10, ""item_id"": 865}]","[[""130～136"", ""210～222""], [""180～192"", ""160～166""]]",https://draquex.com/bougu/0-zenbu.php,https://draquex.com/bougu/a-65-2.php,,17,"2026-03-12 01:45:22","2026-07-23 15:19:02"
1130,bougu_65_4_body_top,聖騎士のよろい上,"Holy Knight Armor",set_72dd457d1b,聖騎士セット,armor_set,18,,"[""さいだいHP+5"", ""おもさ+10"", ""おしゃれさ+25"", ""即死ガード+10%""]",,,,49,20,,,,12,replace,35,65,聖騎士のよろいの書,ドルワーム王国・防具鍛冶ギルドの素材屋,,体上,鎧上,2,"[{""count"": 30, ""item_id"": 784}, {""count"": 20, ""item_id"": 627}, {""count"": 10, ""item_id"": 819}, {""count"": 1, ""item_id"": 811}, {""count"": 10, ""item_id"": 865}]","[[""80～89"", ""80～89""], [""140～146"", ""140～146""], [""120～130"", ""120～130""]]",https://draquex.com/bougu/0-zenbu.php,https://draquex.com/bougu/b-65-2.php,,34,"2026-03-12 01:45:22","2026-07-23 15:19:02"
1131,bougu_65_4_body_bottom,聖騎士のよろい下,"Holy Knight Bottoms",set_72dd457d1b,聖騎士セット,armor_set,18,,"[""さいだいHP+5"", ""おもさ+10"", ""おしゃれさ+25"", ""即死ガード+10%""]",,,,28,10,,,,,replace,35,65,聖騎士のよろいの書,ドルワーム王国・防具鍛冶ギルドの素材屋,,体下,鎧下,2,"[{""count"": 30, ""item_id"": 784}, {""count"": 1, ""item_id"": 702}, {""count"": 1, ""item_id"": 752}, {""count"": 1, ""item_id"": 811}, {""count"": 10, ""item_id"": 865}]","[[""72～80"", ""72～80""], [""132～138"", ""132～138""], [""64～74"", ""64～74""], [""72～80"", ""72～80""]]",https://draquex.com/bougu/0-zenbu.php,https://draquex.com/bougu/c-65-1.php,,20,"2026-03-12 01:45:22","2026-07-23 15:19:02"
1132,bougu_65_4_arm,聖騎士のこて,"Holy Knight Gauntlets",set_72dd457d1b,聖騎士セット,armor_set,18,,"[""さいだいHP+5"", ""おもさ+10"", ""おしゃれさ+25"", ""即死ガード+10%""]",,,,10,4,,28,,,replace,35,65,聖騎士のよろいの書,ドルワーム王国・防具鍛冶ギルドの素材屋,,腕,鎧腕,1,"[{""count"": 30, ""item_id"": 784}, {""count"": 2, ""item_id"": 735}, {""count"": 10, ""item_id"": 597}, {""count"": 1, ""item_id"": 811}, {""count"": 10, ""item_id"": 865}]","[[""300～315""], [""158～164""], [""222～228""]]",https://draquex.com/bougu/0-zenbu.php,https://draquex.com/bougu/d-65-2.php,,10,"2026-03-12 01:45:22","2026-07-23 15:19:02"
1133,bougu_65_4_foot,聖騎士のグリーブ,"Holy Knight Greaves",set_72dd457d1b,聖騎士セット,armor_set,18,,"[""さいだいHP+5"", ""おもさ+10"", ""おしゃれさ+25"", ""即死ガード+10%""]",,,,10,4,28,,,,replace,35,65,聖騎士のよろいの書,ドルワーム王国・防具鍛冶ギルドの素材屋,,足,鎧足,2,"[{""count"": 30, ""item_id"": 784}, {""count"": 2, ""item_id"": 703}, {""count"": 50, ""item_id"": 731}, {""count"": 1, ""item_id"": 811}, {""count"": 10, ""item_id"": 865}]","[[null, ""130～141""], [null, ""190～196""], [""210～225"", ""150～156""]]",https://draquex.com/bougu/0-zenbu.php,https://draquex.com/bougu/e-65-2.php,,14,"2026-03-12 01:45:22","2026-07-23 15:19:02"
1134,bougu_65_5_head,アイドルヘアバンド,"Idol Hairband",set_ec68deeb9f,アイドルヘアバンドセット,tailoring_set,22,虹布,"[""さいだいHP+2"", ""さいだいMP+2"", ""こうげき魔力+10"", ""かいふく魔力+10"", ""おしゃれさ+50""]",,,,26,27,,,8,8,replace,35,65,アイドルスーツのレシピ,ジュレットの町・さいほうギルドの素材屋,,頭,裁縫頭,3,"[{""count"": 30, ""item_id"": 800}, {""count"": 1, ""item_id"": 856}, {""count"": 30, ""item_id"": 629}, {""count"": 1, ""item_id"": 811}, {""count"": 10, ""item_id"": 547}]","[["""", ""190"", """"], [""170"", ""218"", ""170""]]",https://draquex.com/bougu/0-zenbu.php,https://draquex.com/bougu/a-65-7.php,,7,"2026-03-12 01:45:25","2026-07-23 15:19:02"
1135,bougu_65_5_body_top,アイドルスーツ上,"Idol Shirt",set_ec68deeb9f,アイドルヘアバンドセット,tailoring_set,22,虹布,"[""さいだいHP+2"", ""さいだいMP+2"", ""こうげき魔力+10"", ""かいふく魔力+10"", ""おしゃれさ+50""]",,,,40,37,,,12,12,replace,35,65,アイドルスーツのレシピ,ジュレットの町・さいほうギルドの素材屋,,体上,裁縫上,3,"[{""count"": 30, ""item_id"": 800}, {""count"": 30, ""item_id"": 717}, {""count"": 10, ""item_id"": 661}, {""count"": 1, ""item_id"": 811}, {""count"": 10, ""item_id"": 547}]","[[""90"", ""69"", ""115""], [""70"", ""60"", ""70""], [""115"", ""69"", ""90""]]",https://draquex.com/bougu/0-zenbu.php,https://draquex.com/bougu/b-65-7.php,,10,"2026-03-12 01:45:25","2026-07-23 15:19:02"
1136,bougu_65_5_body_bottom,アイドルスーツ下,"Idol Pants",set_ec68deeb9f,アイドルヘアバンドセット,tailoring_set,22,虹布,"[""さいだいHP+2"", ""さいだいMP+2"", ""こうげき魔力+10"", ""かいふく魔力+10"", ""おしゃれさ+50""]",,,,20,18,,,,,replace,35,65,アイドルスーツのレシピ,ジュレットの町・さいほうギルドの素材屋,,体下,裁縫下,2,"[{""count"": 30, ""item_id"": 800}, {""count"": 1, ""item_id"": 703}, {""count"": 50, ""item_id"": 669}, {""count"": 1, ""item_id"": 811}, {""count"": 10, ""item_id"": 547}]","[[""188"", ""100""], [""110"", ""90""], [""140"", ""120""]]",https://draquex.com/bougu/0-zenbu.php,https://draquex.com/bougu/c-65-6.php,,5,"2026-03-12 01:45:25","2026-07-23 15:19:02"
1137,bougu_65_5_arm,アイドルブレス,"Idol Bracelets",set_ec68deeb9f,アイドルヘアバンドセット,tailoring_set,22,虹布,"[""さいだいHP+2"", ""さいだいMP+2"", ""こうげき魔力+10"", ""かいふく魔力+10"", ""おしゃれさ+50""]",,,,7,14,,53,,,replace,35,65,アイドルスーツのレシピ,ジュレットの町・さいほうギルドの素材屋,,腕,裁縫腕,3,"[{""count"": 30, ""item_id"": 800}, {""count"": 40, ""item_id"": 841}, {""count"": 30, ""item_id"": 652}, {""count"": 1, ""item_id"": 811}, {""count"": 10, ""item_id"": 547}]","[[""120"", ""80"", ""174""], [""120"", ""80"", ""174""]]",https://draquex.com/bougu/0-zenbu.php,https://draquex.com/bougu/d-65-7.php,,2,"2026-03-12 01:45:25","2026-07-23 15:19:02"
1138,bougu_65_5_foot,アイドルブーツ,"Idol Boots",set_ec68deeb9f,アイドルヘアバンドセット,tailoring_set,22,虹布,"[""さいだいHP+2"", ""さいだいMP+2"", ""こうげき魔力+10"", ""かいふく魔力+10"", ""おしゃれさ+50""]",,,,7,14,50,,,,replace,35,65,アイドルスーツのレシピ,ジュレットの町・さいほうギルドの素材屋,,足,裁縫足,2,"[{""count"": 30, ""item_id"": 800}, {""count"": 15, ""item_id"": 597}, {""count"": 30, ""item_id"": 674}, {""count"": 1, ""item_id"": 811}, {""count"": 10, ""item_id"": 547}]","[[""140"", ""140""], [""234"", ""234""]]",https://draquex.com/bougu/0-zenbu.php,https://draquex.com/bougu/e-65-7.php,,2,"2026-03-12 01:45:25","2026-07-23 15:19:02"
1139,bougu_65_6_head,チェイサーバンド,"Chaser Headband",set_fb51da9c00,チェイサーバンドセット,tailoring_set,21,再生布,"[""さいだいMP+4"", ""きようさ+12"", ""おしゃれさ+25""]",,,,29,16,,,,,replace,35,65,チェイサーレザー作成術,ジュレットの町・さいほうギルドの素材屋,,頭,裁縫頭,3,"[{""count"": 30, ""item_id"": 643}, {""count"": 1, ""item_id"": 856}, {""count"": 20, ""item_id"": 447}, {""count"": 1, ""item_id"": 552}, {""count"": 10, ""item_id"": 547}]","[[null, ""150"", null], [""200"", ""130"", ""200""]]",https://draquex.com/bougu/0-zenbu.php,https://draquex.com/bougu/a-65-6.php,,7,"2026-03-12 01:45:27","2026-07-23 15:19:02"
1140,bougu_65_6_body_top,チェイサーレザー上,"Chaser Leather Shirt",set_fb51da9c00,チェイサーバンドセット,tailoring_set,21,再生布,"[""さいだいMP+4"", ""きようさ+12"", ""おしゃれさ+25""]",,,,44,24,,,,,replace,35,65,チェイサーレザー作成術,ジュレットの町・さいほうギルドの素材屋,,体上,裁縫上,3,"[{""count"": 30, ""item_id"": 643}, {""count"": 1, ""item_id"": 833}, {""count"": 20, ""item_id"": 651}, {""count"": 1, ""item_id"": 552}, {""count"": 10, ""item_id"": 547}]","[[""90"", ""60"", ""90""], [""70"", ""60"", ""70""], [""90"", ""60"", ""90""]]",https://draquex.com/bougu/0-zenbu.php,https://draquex.com/bougu/b-65-6.php,,10,"2026-03-12 01:45:27","2026-07-23 15:19:02"
1141,bougu_65_6_body_bottom,チェイサーレザー下,"Chaser Leather Pants",set_fb51da9c00,チェイサーバンドセット,tailoring_set,21,再生布,"[""さいだいMP+4"", ""きようさ+12"", ""おしゃれさ+25""]",,,,22,12,,,,,replace,35,65,チェイサーレザー作成術,ジュレットの町・さいほうギルドの素材屋,,体下,裁縫下,2,"[{""count"": 30, ""item_id"": 643}, {""count"": 1, ""item_id"": 833}, {""count"": 5, ""item_id"": 868}, {""count"": 1, ""item_id"": 552}, {""count"": 10, ""item_id"": 547}]","[[""140"", ""140""], [""110"", ""110""], [""90"", ""90""]]",https://draquex.com/bougu/0-zenbu.php,https://draquex.com/bougu/c-65-5.php,,5,"2026-03-12 01:45:27","2026-07-23 15:19:02"
1142,bougu_65_6_arm,チェイサーアーム,"Chaser Armguards",set_fb51da9c00,チェイサーバンドセット,tailoring_set,21,再生布,"[""さいだいMP+4"", ""きようさ+12"", ""おしゃれさ+25""]",,,,8,4,,40,,,replace,35,65,チェイサーレザー作成術,ジュレットの町・さいほうギルドの素材屋,,腕,裁縫腕,3,"[{""count"": 30, ""item_id"": 643}, {""count"": 1, ""item_id"": 752}, {""count"": 30, ""item_id"": 666}, {""count"": 1, ""item_id"": 552}, {""count"": 10, ""item_id"": 547}]","[[""110"", ""70"", ""130""], [""90"", ""170"", ""110""]]",https://draquex.com/bougu/0-zenbu.php,https://draquex.com/bougu/d-65-6.php,,2,"2026-03-12 01:45:27","2026-07-23 15:19:02"
1143,bougu_65_6_foot,チェイサーブーツ,"Chaser Boots",set_fb51da9c00,チェイサーバンドセット,tailoring_set,21,再生布,"[""さいだいMP+4"", ""きようさ+12"", ""おしゃれさ+25""]",,,,8,4,53,,,,replace,35,65,チェイサーレザー作成術,ジュレットの町・さいほうギルドの素材屋,,足,裁縫足,2,"[{""count"": 30, ""item_id"": 643}, {""count"": 1, ""item_id"": 752}, {""count"": 10, ""item_id"": 548}, {""count"": 1, ""item_id"": 552}, {""count"": 10, ""item_id"": 547}]","[[""130"", ""210""], [""210"", ""130""]]",https://draquex.com/bougu/0-zenbu.php,https://draquex.com/bougu/e-65-6.php,,2,"2026-03-12 01:45:27","2026-07-23 15:19:02"
1144,bougu_65_7_head,求道者のはちまき,"Seeker's Headband",set_4138672ad6,求道者セット,tailoring_set,21,再生布,"[""さいだいHP+4"", ""さいだいMP+4"", ""すばやさ+10"", ""おしゃれさ+25""]",,,,29,9,,,,,replace,35,65,求道者の道着の作り方,ジュレットの町・さいほうギルドの素材屋,,頭,裁縫頭,3,"[{""count"": 30, ""item_id"": 674}, {""count"": 6, ""item_id"": 805}, {""count"": 5, ""item_id"": 867}, {""count"": 1, ""item_id"": 639}, {""count"": 10, ""item_id"": 547}]","[[null, ""170"", null], [""170"", ""170"", ""170""]]",https://draquex.com/bougu/0-zenbu.php,https://draquex.com/bougu/a-65-4.php,,7,"2026-03-12 01:45:30","2026-07-23 15:19:02"
1145,bougu_65_7_body_top,求道者の道着上,"Seeker's Dogi Top",set_4138672ad6,求道者セット,tailoring_set,21,再生布,"[""さいだいHP+4"", ""さいだいMP+4"", ""すばやさ+10"", ""おしゃれさ+25""]",,,,44,14,,,,,replace,35,65,求道者の道着の作り方,ジュレットの町・さいほうギルドの素材屋,,体上,裁縫上,3,"[{""count"": 30, ""item_id"": 674}, {""count"": 10, ""item_id"": 848}, {""count"": 1, ""item_id"": 752}, {""count"": 1, ""item_id"": 639}, {""count"": 10, ""item_id"": 547}]","[[""90"", ""45"", ""105""], [""70"", ""60"", ""70""], [""105"", ""45"", ""90""]]",https://draquex.com/bougu/0-zenbu.php,https://draquex.com/bougu/b-65-4.php,,10,"2026-03-12 01:45:30","2026-07-23 15:19:02"
1146,bougu_65_7_body_bottom,求道者の道着下,"Seeker's Dogi Bottom",set_4138672ad6,求道者セット,tailoring_set,21,再生布,"[""さいだいHP+4"", ""さいだいMP+4"", ""すばやさ+10"", ""おしゃれさ+25""]",,,,22,7,,,,,replace,35,65,求道者の道着の作り方,ジュレットの町・さいほうギルドの素材屋,,体下,裁縫下,2,"[{""count"": 30, ""item_id"": 674}, {""count"": 20, ""item_id"": 844}, {""count"": 20, ""item_id"": 669}, {""count"": 1, ""item_id"": 639}, {""count"": 10, ""item_id"": 547}]","[[""150"", ""150""], [""110"", ""110""], [""80"", ""80""]]",https://draquex.com/bougu/0-zenbu.php,https://draquex.com/bougu/c-65-3.php,,5,"2026-03-12 01:45:30","2026-07-23 15:19:02"
1147,bougu_65_7_arm,求道者のてぶくろ,"Seeker's Gloves",set_4138672ad6,求道者セット,tailoring_set,21,再生布,"[""さいだいHP+4"", ""さいだいMP+4"", ""すばやさ+10"", ""おしゃれさ+25""]",,,,8,2,,37,,,replace,35,65,求道者の道着の作り方,ジュレットの町・さいほうギルドの素材屋,,腕,裁縫腕,3,"[{""count"": 30, ""item_id"": 674}, {""count"": 5, ""item_id"": 867}, {""count"": 20, ""item_id"": 548}, {""count"": 1, ""item_id"": 639}, {""count"": 10, ""item_id"": 547}]","[[""120"", ""60"", ""160""], [""120"", ""60"", ""160""]]",https://draquex.com/bougu/0-zenbu.php,https://draquex.com/bougu/d-65-4.php,,2,"2026-03-12 01:45:30","2026-07-23 15:19:02"
1148,bougu_65_7_foot,求道者のブーツ,"Seeker's Boots",set_4138672ad6,求道者セット,tailoring_set,21,再生布,"[""さいだいHP+4"", ""さいだいMP+4"", ""すばやさ+10"", ""おしゃれさ+25""]",,,,8,2,52,,,,replace,35,65,求道者の道着の作り方,ジュレットの町・さいほうギルドの素材屋,,足,裁縫足,2,"[{""count"": 30, ""item_id"": 674}, {""count"": 1, ""item_id"": 752}, {""count"": 5, ""item_id"": 535}, {""count"": 1, ""item_id"": 639}, {""count"": 10, ""item_id"": 547}]","[[""140"", ""140""], [""200"", ""200""]]",https://draquex.com/bougu/0-zenbu.php,https://draquex.com/bougu/e-65-4.php,,2,"2026-03-12 01:45:30","2026-07-23 15:19:02"
1149,bougu_65_8_head,だいまどうのぼうし,"Great Mage Hat",set_b1f1197d75,だいまどうセット,tailoring_set,18,虹布,"[""さいだいMP+10"", ""こうげき魔力+10"", ""おしゃれさ+35""]",,,,25,11,,,32,,replace,35,65,だいまどうローブ大全,ジュレットの町・さいほうギルドの素材屋,,頭,裁縫頭,3,"[{""count"": 30, ""item_id"": 651}, {""count"": 10, ""item_id"": 868}, {""count"": 20, ""item_id"": 548}, {""count"": 1, ""item_id"": 811}, {""count"": 10, ""item_id"": 547}]","[[null, ""150"", null], [""170"", ""258"", ""170""]]",https://draquex.com/bougu/0-zenbu.php,https://draquex.com/bougu/a-65-8.php,,4,"2026-03-12 01:45:32","2026-07-23 15:19:02"
1150,bougu_65_8_body_top,だいまどうローブ上,"Great Mage Upper Robe",set_b1f1197d75,だいまどうセット,tailoring_set,18,虹布,"[""さいだいMP+10"", ""こうげき魔力+10"", ""おしゃれさ+35""]",,,,39,18,,,43,,replace,35,65,だいまどうローブ大全,ジュレットの町・さいほうギルドの素材屋,,体上,裁縫上,3,"[{""count"": 30, ""item_id"": 651}, {""count"": 5, ""item_id"": 762}, {""count"": 30, ""item_id"": 751}, {""count"": 1, ""item_id"": 811}, {""count"": 10, ""item_id"": 547}]","[[""75"", ""45"", ""134""], [""90"", ""60"", ""90""], [""134"", ""45"", ""75""]]",https://draquex.com/bougu/0-zenbu.php,https://draquex.com/bougu/b-65-8.php,,6,"2026-03-12 01:45:32","2026-07-23 15:19:02"
1151,bougu_65_8_body_bottom,だいまどうローブ下,"Great Mage Lower Robe",set_b1f1197d75,だいまどうセット,tailoring_set,18,虹布,"[""さいだいMP+10"", ""こうげき魔力+10"", ""おしゃれさ+35""]",,,,20,9,,,,,replace,35,65,だいまどうローブ大全,ジュレットの町・さいほうギルドの素材屋,,体下,裁縫下,2,"[{""count"": 30, ""item_id"": 651}, {""count"": 10, ""item_id"": 868}, {""count"": 30, ""item_id"": 802}, {""count"": 1, ""item_id"": 811}, {""count"": 10, ""item_id"": 547}]","[[""160"", ""94""], [""120"", ""120""], [""94"", ""160""]]",https://draquex.com/bougu/0-zenbu.php,https://draquex.com/bougu/c-65-7.php,,3,"2026-03-12 01:45:32","2026-07-23 15:19:02"
1152,bougu_65_8_arm,だいまどうのうでわ,"Great Mage Bracelets",set_b1f1197d75,だいまどうセット,tailoring_set,18,虹布,"[""さいだいMP+10"", ""こうげき魔力+10"", ""おしゃれさ+35""]",,,,7,3,,25,,,replace,35,65,だいまどうローブ大全,ジュレットの町・さいほうギルドの素材屋,,腕,裁縫腕,3,"[{""count"": 30, ""item_id"": 651}, {""count"": 40, ""item_id"": 548}, {""count"": 5, ""item_id"": 567}, {""count"": 1, ""item_id"": 811}, {""count"": 10, ""item_id"": 547}]","[[""120"", ""94"", ""160""], [""94"", ""120"", ""160""]]",https://draquex.com/bougu/0-zenbu.php,https://draquex.com/bougu/d-65-8.php,,1,"2026-03-12 01:45:32","2026-07-23 15:19:02"
1153,bougu_65_8_foot,だいまどうのくつ,"Great Mage Shoes",set_b1f1197d75,だいまどうセット,tailoring_set,18,虹布,"[""さいだいMP+10"", ""こうげき魔力+10"", ""おしゃれさ+35""]",,,,7,3,33,,,,replace,35,65,だいまどうローブ大全,ジュレットの町・さいほうギルドの素材屋,,足,裁縫足,2,"[{""count"": 30, ""item_id"": 651}, {""count"": 20, ""item_id"": 717}, {""count"": 10, ""item_id"": 867}, {""count"": 1, ""item_id"": 811}, {""count"": 10, ""item_id"": 547}]","[[""150"", ""165""], [""185"", ""248""]]",https://draquex.com/bougu/0-zenbu.php,https://draquex.com/bougu/e-65-8.php,,1,"2026-03-12 01:45:32","2026-07-23 15:19:02"
1154,bougu_60_1_head,ノーブルハット,"Noble Hat",set_f1188d1c76,ノーブルセット,armor_set,18,,"[""さいだいMP+10"", ""おしゃれさ+50"", ""攻撃呪文ダメージ5％減""]",,,,28,17,,,10,,replace,34,60,ノーブルコートのレシピ,ドルワーム王国・防具鍛冶ギルドの素材屋,,頭,鎧頭,2,"[{""count"": 6, ""item_id"": 879}, {""count"": 4, ""item_id"": 611}, {""count"": 1, ""item_id"": 880}, {""count"": 10, ""item_id"": 865}]","[[""200～208"", ""136～146""], [""200～208"", ""136～146""]]",https://draquex.com/bougu/0-zenbu.php,https://draquex.com/bougu/a-60-10.php,,4,"2026-03-12 01:45:34","2026-07-23 15:19:02"
1155,bougu_60_1_body_top,ノーブルコート上,"Noble Coat Top",set_f1188d1c76,ノーブルセット,armor_set,18,,"[""さいだいMP+10"", ""おしゃれさ+50"", ""攻撃呪文ダメージ5％減""]",,,,44,25,,,20,,replace,34,60,ノーブルコートのレシピ,ドルワーム王国・防具鍛冶ギルドの素材屋,,体上,鎧上,2,"[{""count"": 6, ""item_id"": 879}, {""count"": 5, ""item_id"": 762}, {""count"": 1, ""item_id"": 880}, {""count"": 10, ""item_id"": 865}]","[[""118～128"", ""78～87""], [""140～146"", ""140～146""], [""118～128"", ""78～87""]]",https://draquex.com/bougu/0-zenbu.php,https://draquex.com/bougu/b-60-10.php,,5,"2026-03-12 01:45:34","2026-07-23 15:19:02"
1156,bougu_60_1_body_bottom,ノーブルコート下,"Noble Coat Bottom",set_f1188d1c76,ノーブルセット,armor_set,18,,"[""さいだいMP+10"", ""おしゃれさ+50"", ""攻撃呪文ダメージ5％減""]",,,,22,13,,,,,replace,34,60,ノーブルコートのレシピ,ドルワーム王国・防具鍛冶ギルドの素材屋,,体下,鎧下,2,"[{""count"": 6, ""item_id"": 879}, {""count"": 35, ""item_id"": 667}, {""count"": 1, ""item_id"": 880}, {""count"": 10, ""item_id"": 865}]","[[""64～74"", ""72～80""], [""116～122"", ""84～92""], [""116～122"", ""84～92""], [""64～74"", ""72～80""]]",https://draquex.com/bougu/0-zenbu.php,https://draquex.com/bougu/c-60-11.php,,5,"2026-03-12 01:45:34","2026-07-23 15:19:02"
1157,bougu_60_1_arm,ノーブルグローブ,"Noble Gloves",set_f1188d1c76,ノーブルセット,armor_set,18,,"[""さいだいMP+10"", ""おしゃれさ+50"", ""攻撃呪文ダメージ5％減""]",,,,8,7,,35,,,replace,34,60,ノーブルコートのレシピ,ドルワーム王国・防具鍛冶ギルドの素材屋,,腕,鎧腕,1,"[{""count"": 6, ""item_id"": 879}, {""count"": 2, ""item_id"": 833}, {""count"": 1, ""item_id"": 880}, {""count"": 10, ""item_id"": 865}]","[[""217～223""], [""150～156""], [""305～320""]]",https://draquex.com/bougu/0-zenbu.php,https://draquex.com/bougu/d-60-10.php,,2,"2026-03-12 01:45:34","2026-07-23 15:19:02"
1158,bougu_60_1_foot,ノーブルブーツ,"Noble Boots",set_f1188d1c76,ノーブルセット,armor_set,18,,"[""さいだいMP+10"", ""おしゃれさ+50"", ""攻撃呪文ダメージ5％減""]",,,,8,7,32,,,,replace,34,60,ノーブルコートのレシピ,ドルワーム王国・防具鍛冶ギルドの素材屋,,足,鎧足,2,"[{""count"": 6, ""item_id"": 879}, {""count"": 30, ""item_id"": 643}, {""count"": 1, ""item_id"": 880}, {""count"": 10, ""item_id"": 865}]","[["""", ""168～180""], ["""", ""200～206""], [""168～180"", ""136～144""]]",https://draquex.com/bougu/0-zenbu.php,https://draquex.com/bougu/e-60-10.php,,2,"2026-03-12 01:45:34","2026-07-23 15:19:02"
1159,bougu_60_2_head,ゴシックミトラ,"Gothic Mitre",防具_ゴシックコート,ゴシックコートセット,armor_set,19,,"[""さいだいMP+6"", ""かいふく魔力+10"", ""おしゃれさ+40""]",,,,27,12,,,,21,replace,32,60,ゴシック防具カタログ,ドルワーム王国・防具鍛冶ギルドの素材屋,,頭,アタマ,,"[{""count"": 1, ""item_id"": 649}, {""count"": 10, ""item_id"": 867}, {""count"": 1, ""item_id"": 880}, {""count"": 10, ""item_id"": 865}]",,https://draquex.com/bougu/0-zenbu.php,https://draquex.com/bougu/a-60-13.php,,1,"2026-03-12 01:45:37","2026-07-23 15:19:02"
1160,bougu_60_2_body_top,ゴシックコート上,"Gothic Coat Top",防具_ゴシックコート,ゴシックコートセット,armor_set,19,,"[""さいだいMP+6"", ""かいふく魔力+10"", ""おしゃれさ+40""]",,,,40,20,,,,44,replace,33,60,ゴシック防具カタログ,ドルワーム王国・防具鍛冶ギルドの素材屋,,からだ上,からだ上,,"[{""count"": 1, ""item_id"": 649}, {""count"": 5, ""item_id"": 818}, {""count"": 1, ""item_id"": 880}, {""count"": 10, ""item_id"": 865}]",,https://draquex.com/bougu/0-zenbu.php,https://draquex.com/bougu/b-60-13.php,,3,"2026-03-12 01:45:37","2026-07-23 15:19:02"
1161,bougu_60_2_body_bottom,ゴシックコート下,"Gothic Coat Bottom",防具_ゴシックコート,ゴシックコートセット,armor_set,19,,"[""さいだいMP+6"", ""かいふく魔力+10"", ""おしゃれさ+40""]",,,,21,15,,,,,replace,33,60,ゴシック防具カタログ,ドルワーム王国・防具鍛冶ギルドの素材屋,,からだ下,からだ下,,"[{""count"": 1, ""item_id"": 649}, {""count"": 3, ""item_id"": 818}, {""count"": 1, ""item_id"": 880}, {""count"": 10, ""item_id"": 865}]",,https://draquex.com/bougu/0-zenbu.php,https://draquex.com/bougu/c-60-14.php,,3,"2026-03-12 01:45:37","2026-07-23 15:19:02"
1162,bougu_60_2_arm,ゴシックグローブ,"Gothic Gloves",防具_ゴシックコート,ゴシックコートセット,armor_set,19,,"[""さいだいMP+6"", ""かいふく魔力+10"", ""おしゃれさ+40""]",,,,8,8,,29,,,replace,32,60,ゴシック防具カタログ,ドルワーム王国・防具鍛冶ギルドの素材屋,,腕,ウデ,,"[{""count"": 1, ""item_id"": 649}, {""count"": 10, ""item_id"": 867}, {""count"": 1, ""item_id"": 880}, {""count"": 10, ""item_id"": 865}]",,https://draquex.com/bougu/0-zenbu.php,https://draquex.com/bougu/d-60-12.php,,1,"2026-03-12 01:45:37","2026-07-23 15:19:02"
1163,bougu_60_2_foot,ゴシックブーツ,"Gothic Boots",防具_ゴシックコート,ゴシックコートセット,armor_set,19,,"[""さいだいMP+6"", ""かいふく魔力+10"", ""おしゃれさ+40""]",,,,8,8,31,,,,replace,32,60,ゴシック防具カタログ,ドルワーム王国・防具鍛冶ギルドの素材屋,,足,足,,"[{""count"": 1, ""item_id"": 649}, {""count"": 25, ""item_id"": 549}, {""count"": 1, ""item_id"": 880}, {""count"": 10, ""item_id"": 865}]",,https://draquex.com/bougu/0-zenbu.php,https://draquex.com/bougu/e-60-13.php,,1,"2026-03-12 01:45:37","2026-07-23 15:19:02"
1164,bougu_60_3_head,ゴシックハット,"Gothic Hat",set_3284eeb849,ゴシックセット,armor_set,19,,"[""さいだいMP+6"", ""かいふく魔力+10"", ""おしゃれさ+40""]",,,,27,12,,,,21,replace,32,60,ゴシック防具カタログ,ドルワーム王国・防具鍛冶ギルドの素材屋,,頭,鎧頭,2,"[{""count"": 1, ""item_id"": 649}, {""count"": 10, ""item_id"": 867}, {""count"": 1, ""item_id"": 880}, {""count"": 10, ""item_id"": 865}]","[[""120-128"", ""120-128""], [""195-205"", ""195-205""]]",https://draquex.com/bougu/0-zenbu.php,https://draquex.com/bougu/a-60-14.php,,1,"2026-03-12 01:45:39","2026-07-23 15:19:02"
1165,bougu_60_3_body_top,ゴシックビスチェ,"Gothic Bustier",set_3284eeb849,ゴシックセット,armor_set,19,,"[""さいだいMP+6"", ""かいふく魔力+10"", ""おしゃれさ+40""]",,,,40,20,,,,44,replace,32,60,ゴシック防具カタログ,ドルワーム王国・防具鍛冶ギルドの素材屋,,体上,鎧上,2,"[{""count"": 1, ""item_id"": 649}, {""count"": 5, ""item_id"": 818}, {""count"": 1, ""item_id"": 880}, {""count"": 10, ""item_id"": 865}]","[[""129-137"", ""129-137""], [""106-112"", ""106-112""], [""80-91"", ""80-91""]]",https://draquex.com/bougu/0-zenbu.php,https://draquex.com/bougu/b-60-14.php,,3,"2026-03-12 01:45:39","2026-07-23 15:19:02"
1166,bougu_60_3_body_bottom,ゴシックフリル,"Gothic Skirt",set_3284eeb849,ゴシックセット,armor_set,18,,"[""さいだいMP+6"", ""かいふく魔力+10"", ""おしゃれさ+40""]",,,,21,15,,,,,replace,32,60,ゴシック防具カタログ,ドルワーム王国・防具鍛冶ギルドの素材屋,,体下,鎧下,2,"[{""count"": 1, ""item_id"": 649}, {""count"": 3, ""item_id"": 818}, {""count"": 1, ""item_id"": 880}, {""count"": 10, ""item_id"": 865}]","[[""56-62"", ""56-62""], [""72-80"", ""72-80""], [""80-92"", ""80-92""], [""107-115"", ""107-115""]]",https://draquex.com/bougu/0-zenbu.php,https://draquex.com/bougu/c-60-15.php,,3,"2026-03-12 01:45:39","2026-07-23 15:19:02"
1167,bougu_60_3_arm,ゴシックアーム,"Gothic Cuffs",set_3284eeb849,ゴシックビスチェセット,armor_set,18,,"[""さいだいMP+6"", ""かいふく魔力+10"", ""おしゃれさ+40""]",,,,8,8,,29,,,replace,32,60,ゴシック防具カタログ,ドルワーム王国・防具鍛冶ギルドの素材屋,,腕,鎧腕,1,"[{""count"": 1, ""item_id"": 649}, {""count"": 10, ""item_id"": 867}, {""count"": 1, ""item_id"": 880}, {""count"": 10, ""item_id"": 865}]","[[""180-191""], [""225-231""], [""225-235""]]",https://draquex.com/bougu/0-zenbu.php,https://draquex.com/bougu/d-60-13.php,,1,"2026-03-12 01:45:39","2026-07-23 15:19:02"
1168,bougu_60_3_foot,ゴシックニーソ,"Gothic Knee-Boots",set_3284eeb849,ゴシックビスチェセット,armor_set,18,,"[""さいだいMP+6"", ""かいふく魔力+10"", ""おしゃれさ+40""]",,,,8,8,31,,,,replace,32,60,ゴシック防具カタログ,ドルワーム王国・防具鍛冶ギルドの素材屋,,足,鎧足,2,"[{""count"": 1, ""item_id"": 649}, {""count"": 25, ""item_id"": 549}, {""count"": 1, ""item_id"": 880}, {""count"": 10, ""item_id"": 865}]","[[null, ""190-204""], [null, ""170-174""], [""160-176"", ""110-120""]]",https://draquex.com/bougu/0-zenbu.php,https://draquex.com/bougu/e-60-14.php,,1,"2026-03-12 01:45:39","2026-07-23 15:19:02"
1169,bougu_60_4_head,月のサークレット,"Moon Circlet",set_7f07c62583,月セット,tailoring_set,19,再生布,"[""こうげき魔力+10"", ""かいふく魔力+8"", ""おしゃれさ+35"", ""闇ダメージ10%減""]",,,,25,13,,,24,23,inherit,32,60,月のローブの秘密,ジュレットの町・さいほうギルドの素材屋,,頭,裁縫頭,3,"[{""count"": 6, ""item_id"": 762}, {""count"": 40, ""item_id"": 396}, {""count"": 1, ""item_id"": 782}, {""count"": 10, ""item_id"": 547}]","[[null, ""150"", null], [""150"", ""150"", ""150""]]",https://draquex.com/bougu/0-zenbu.php,https://draquex.com/bougu/a-60-12.php,,1,"2026-03-12 01:45:42","2026-07-23 15:19:02"
1170,bougu_60_4_body_top,月のローブ上,"Moon Robe Top",set_7f07c62583,月セット,tailoring_set,19,再生布,"[""こうげき魔力+10"", ""かいふく魔力+8"", ""おしゃれさ+35"", ""闇ダメージ10%減""]",,,,34,16,,,36,34,inherit,32,60,月のローブの秘密,ジュレットの町・さいほうギルドの素材屋,,体上,裁縫上,3,"[{""count"": 6, ""item_id"": 762}, {""count"": 5, ""item_id"": 667}, {""count"": 1, ""item_id"": 782}, {""count"": 10, ""item_id"": 547}]","[[""90"", ""45"", ""90""], [""70"", ""50"", ""70""], [""100"", ""45"", ""100""]]",https://draquex.com/bougu/0-zenbu.php,https://draquex.com/bougu/b-60-12.php,,2,"2026-03-12 01:45:42","2026-07-23 15:19:02"
1171,bougu_60_4_body_bottom,月のローブ下,"Moon Robe Bottom",set_7f07c62583,月セット,tailoring_set,19,再生布,"[""こうげき魔力+10"", ""かいふく魔力+8"", ""おしゃれさ+35"", ""闇ダメージ10%減""]",,,,21,9,,,,,inherit,32,60,月のローブの秘密,ジュレットの町・さいほうギルドの素材屋,,体下,裁縫下,2,"[{""count"": 6, ""item_id"": 762}, {""count"": 30, ""item_id"": 396}, {""count"": 1, ""item_id"": 782}, {""count"": 10, ""item_id"": 547}]","[[""160"", ""100""], [""90"", ""75""], [""100"", ""75""]]",https://draquex.com/bougu/0-zenbu.php,https://draquex.com/bougu/c-60-13.php,,2,"2026-03-12 01:45:42","2026-07-23 15:19:02"
1172,bougu_60_4_foot,月のくつ,"Moon Shoes",set_7f07c62583,月セット,tailoring_set,19,再生布,"[""こうげき魔力+10"", ""かいふく魔力+8"", ""おしゃれさ+35"", ""闇ダメージ10%減""]",,,,8,4,31,,,,inherit,32,60,月のローブの秘密,ジュレットの町・さいほうギルドの素材屋,,足,裁縫足,2,"[{""count"": 6, ""item_id"": 762}, {""count"": 10, ""item_id"": 821}, {""count"": 1, ""item_id"": 782}, {""count"": 10, ""item_id"": 547}]","[[""120"", ""120""], [""180"", ""180""]]",https://draquex.com/bougu/0-zenbu.php,https://draquex.com/bougu/e-60-12.php,,1,"2026-03-12 01:45:42","2026-07-23 15:19:02"
1173,bougu_60_5_head,古代魔術のぼうし,"Ancient Magic Hat",set_5e1d7faf04,古代魔術セット,tailoring_set,19,再生布,"[""こうげき魔力+8"", ""かいふく魔力+8"", ""おしゃれさ+30"", ""戦闘開始時5％で攻撃呪文威力上昇(1段階)"", ""戦闘開始時5％で回復呪文威力上昇(1段階)""]",,,,26,11,,,25,25,inherit,34,60,古代魔術のほうい作成法,ジュレットの町・さいほうギルドの素材屋,,頭,裁縫頭,3,"[{""count"": 12, ""item_id"": 800}, {""count"": 40, ""item_id"": 720}, {""count"": 1, ""item_id"": 552}, {""count"": 10, ""item_id"": 547}]","[[null, ""120"", null], [""180"", ""160"", ""180""]]",https://draquex.com/bougu/0-zenbu.php,https://draquex.com/bougu/a-60-16.php,,1,"2026-03-12 01:45:44","2026-07-23 15:19:02"
1174,bougu_60_5_body_top,古代魔術のほうい上,"Ancient Magic Shirt",set_5e1d7faf04,古代魔術セット,tailoring_set,19,再生布,"[""こうげき魔力+8"", ""かいふく魔力+8"", ""おしゃれさ+30"", ""戦闘開始時5％で攻撃呪文威力上昇(1段階)"", ""戦闘開始時5％で回復呪文威力上昇(1段階)""]",,,,35,12,,,37,35,inherit,34,60,古代魔術のほうい作成法,ジュレットの町・さいほうギルドの素材屋,,体上,裁縫上,3,"[{""count"": 12, ""item_id"": 800}, {""count"": 1, ""item_id"": 745}, {""count"": 1, ""item_id"": 552}, {""count"": 10, ""item_id"": 547}]","[[""80"", ""65"", ""90""], [""55"", ""60"", ""55""], [""90"", ""65"", ""80""]]",https://draquex.com/bougu/0-zenbu.php,https://draquex.com/bougu/b-60-16.php,,2,"2026-03-12 01:45:44","2026-07-23 15:19:02"
1175,bougu_60_5_body_bottom,古代魔術のほうい下,"Ancient Magic Bottom",set_5e1d7faf04,古代魔術セット,tailoring_set,19,再生布,"[""こうげき魔力+8"", ""かいふく魔力+8"", ""おしゃれさ+30"", ""戦闘開始時5％で攻撃呪文威力上昇(1段階)"", ""戦闘開始時5％で回復呪文威力上昇(1段階)""]",,,,21,9,,,,,inherit,34,60,古代魔術のほうい作成法,ジュレットの町・さいほうギルドの素材屋,,体下,裁縫下,2,"[{""count"": 12, ""item_id"": 800}, {""count"": 30, ""item_id"": 801}, {""count"": 1, ""item_id"": 552}, {""count"": 10, ""item_id"": 547}]","[[""120"", ""90""], [""90"", ""130""], [""120"", ""90""]]",https://draquex.com/bougu/0-zenbu.php,https://draquex.com/bougu/c-60-17.php,,2,"2026-03-12 01:45:44","2026-07-23 15:19:02"
1176,bougu_60_5_arm,古代魔術のうでわ,"Ancient Magic Bangles",set_5e1d7faf04,古代魔術セット,tailoring_set,19,再生布,"[""こうげき魔力+8"", ""かいふく魔力+8"", ""おしゃれさ+30"", ""戦闘開始時5％で攻撃呪文威力上昇(1段階)"", ""戦闘開始時5％で回復呪文威力上昇(1段階)""]",,,,6,4,,21,,,inherit,34,60,古代魔術のほうい作成法,ジュレットの町・さいほうギルドの素材屋,,腕,裁縫腕,3,"[{""count"": 12, ""item_id"": 800}, {""count"": 30, ""item_id"": 717}, {""count"": 1, ""item_id"": 552}, {""count"": 10, ""item_id"": 547}]","[[""70"", ""110"", ""140""], [""70"", ""110"", ""140""]]",https://draquex.com/bougu/0-zenbu.php,https://draquex.com/bougu/d-60-14.php,,1,"2026-03-12 01:45:44","2026-07-23 15:19:02"
1177,bougu_60_5_foot,古代魔術のながぐつ,"Ancient Magic Boots",set_5e1d7faf04,古代魔術セット,tailoring_set,19,再生布,"[""こうげき魔力+8"", ""かいふく魔力+8"", ""おしゃれさ+30"", ""戦闘開始時5％で攻撃呪文威力上昇(1段階)"", ""戦闘開始時5％で回復呪文威力上昇(1段階)""]",,,,8,4,31,,,,inherit,34,60,古代魔術のほうい作成法,ジュレットの町・さいほうギルドの素材屋,,足,裁縫足,2,"[{""count"": 12, ""item_id"": 800}, {""count"": 5, ""item_id"": 597}, {""count"": 1, ""item_id"": 552}, {""count"": 10, ""item_id"": 547}]","[[""130"", ""130""], [""170"", ""170""]]",https://draquex.com/bougu/0-zenbu.php,https://draquex.com/bougu/e-60-16.php,,1,"2026-03-12 01:45:44","2026-07-23 15:19:02"
1178,bougu_60_6_head,スパイクバイザー,"Spike Visor",set_011383c584,スパイクセット,armor_set,18,,"[""さいだいHP+5"", ""おもさ+10"", ""おしゃれさ+10"", ""受けたダメージの10%を10%の確率で反射""]",,,,28,5,,,,,replace,34,60,スパイクアーマーの書,ドルワーム王国・防具鍛冶ギルドの素材屋,,頭,鎧頭,2,"[{""count"": 12, ""item_id"": 821}, {""count"": 2, ""item_id"": 753}, {""count"": 1, ""item_id"": 811}, {""count"": 10, ""item_id"": 865}]","[[""180-186"", ""180-186""], [""140-152"", ""140-152""]]",https://draquex.com/bougu/0-zenbu.php,https://draquex.com/bougu/a-60-2.php,,8,"2026-03-12 01:45:46","2026-07-23 15:19:02"
1179,bougu_60_6_body_top,スパイクアーマー上,"Spike Armor Top",set_011383c584,スパイクセット,armor_set,18,,"[""さいだいHP+5"", ""おもさ+10"", ""おしゃれさ+10"", ""受けたダメージの10%を10%の確率で反射""]",,,,44,5,,,,,replace,34,60,スパイクアーマーの書,ドルワーム王国・防具鍛冶ギルドの素材屋,,体上,鎧上,2,"[{""count"": 12, ""item_id"": 821}, {""count"": 6, ""item_id"": 834}, {""count"": 1, ""item_id"": 811}, {""count"": 10, ""item_id"": 865}]","[[""102～112"", ""102～112""], [""140～146"", ""140～146""], [""78～87"", ""78～87""]]",https://draquex.com/bougu/0-zenbu.php,https://draquex.com/bougu/b-60-2.php,,12,"2026-03-12 01:45:46","2026-07-23 15:19:02"
1180,bougu_60_6_body_bottom,スパイクアーマー下,"Spike Armor Bottom",set_011383c584,スパイクセット,armor_set,18,,"[""さいだいHP+5"", ""おもさ+10"", ""おしゃれさ+10"", ""受けたダメージの10%を10%の確率で反射""]",,,,22,5,,,,,replace,34,60,スパイクアーマーの書,ドルワーム王国・防具鍛冶ギルドの素材屋,,体下,鎧下,2,"[{""count"": 12, ""item_id"": 821}, {""count"": 3, ""item_id"": 833}, {""count"": 1, ""item_id"": 811}, {""count"": 10, ""item_id"": 865}]","[[""72～80"", ""72～80""], [""100～106"", ""100～106""], [""64～74"", ""64～74""], [""84～92"", ""84～92""]]",https://draquex.com/bougu/0-zenbu.php,https://draquex.com/bougu/c-60-2.php,,11,"2026-03-12 01:45:46","2026-07-23 15:19:02"
1181,bougu_60_6_arm,スパイクグローブ,"Spike Gloves",set_011383c584,スパイクセット,armor_set,18,,"[""さいだいHP+5"", ""おもさ+10"", ""おしゃれさ+10"", ""受けたダメージの10%を10%の確率で反射""]",,,,8,3,,33,,,replace,34,60,スパイクアーマーの書,ドルワーム王国・防具鍛冶ギルドの素材屋,,腕,鎧腕,1,"[{""count"": 12, ""item_id"": 821}, {""count"": 30, ""item_id"": 698}, {""count"": 1, ""item_id"": 811}, {""count"": 10, ""item_id"": 865}]","[[""215～226""], [""150～156""], [""275～285""]]",https://draquex.com/bougu/0-zenbu.php,https://draquex.com/bougu/d-60-2.php,,7,"2026-03-12 01:45:46","2026-07-23 15:19:02"
1182,bougu_60_6_foot,スパイクブーツ,"Spike Boots",set_011383c584,スパイクセット,armor_set,18,,"[""さいだいHP+5"", ""おもさ+10"", ""おしゃれさ+10"", ""受けたダメージの10%を10%の確率で反射""]",,,,8,2,46,,,,replace,34,60,スパイクアーマーの書,ドルワーム王国・防具鍛冶ギルドの素材屋,,足,鎧足,2,"[{""count"": 12, ""item_id"": 821}, {""count"": 30, ""item_id"": 699}, {""count"": 1, ""item_id"": 811}, {""count"": 10, ""item_id"": 865}]","[["""", ""160～172""], ["""", ""200～206""], [""160～172"", ""120～128""]]",https://draquex.com/bougu/0-zenbu.php,https://draquex.com/bougu/e-60-2.php,,7,"2026-03-12 01:45:46","2026-07-23 15:19:02"
1183,bougu_60_7_head,師団長のかぶと,"Commander Helmet",set_ff1fdc9e2f,師団長セット,armor_set,18,,"[""さいだいMP+6"", ""おもさ+10"", ""おしゃれさ+35"", ""攻撃呪文ダメージ5％減""]",,,,31,13,,,,,replace,32,60,師団長の七つの教訓,ドルワーム王国・防具鍛冶ギルドの素材屋,,頭,鎧頭,2,"[{""count"": 3, ""item_id"": 703}, {""count"": 40, ""item_id"": 845}, {""count"": 1, ""item_id"": 811}, {""count"": 10, ""item_id"": 865}]","[[""130～136"", ""170～182""], [""170～182"", ""130～136""]]",https://draquex.com/bougu/0-zenbu.php,https://draquex.com/bougu/a-60-1.php,,15,"2026-03-12 01:45:48","2026-07-23 15:19:02"
1184,bougu_60_7_body_top,師団長のよろい上,"Commander Armor",set_ff1fdc9e2f,師団長セット,armor_set,18,,"[""さいだいMP+6"", ""おもさ+10"", ""おしゃれさ+35"", ""攻撃呪文ダメージ5％減""]",,,,45,20,,,,,replace,32,60,師団長の七つの教訓,ドルワーム王国・防具鍛冶ギルドの素材屋,,体上,鎧上,2,"[{""count"": 3, ""item_id"": 703}, {""count"": 10, ""item_id"": 594}, {""count"": 1, ""item_id"": 811}, {""count"": 10, ""item_id"": 865}]","[[""130～139"", ""130～139""], [""100～110"", ""100～110""], [""70～76"", ""70～76""]]",https://draquex.com/bougu/0-zenbu.php,https://draquex.com/bougu/b-60-1.php,,32,"2026-03-12 01:45:48","2026-07-23 15:19:02"
1185,bougu_60_7_body_bottom,師団長のよろい下,"Commander Leggings",set_ff1fdc9e2f,師団長セット,armor_set,18,,"[""さいだいMP+6"", ""おもさ+10"", ""おしゃれさ+35"", ""攻撃呪文ダメージ5％減""]",,,,25,10,,,,,replace,32,60,師団長の七つの教訓,ドルワーム王国・防具鍛冶ギルドの素材屋,,体下,鎧下,2,"[{""count"": 3, ""item_id"": 703}, {""count"": 30, ""item_id"": 627}, {""count"": 1, ""item_id"": 811}, {""count"": 10, ""item_id"": 865}]","[[""80～92"", ""80～92""], [""92～100"", ""92～100""], [""56～62"", ""56～62""], [""72～80"", ""72～80""]]",https://draquex.com/bougu/0-zenbu.php,https://draquex.com/bougu/c-60-1.php,,18,"2026-03-12 01:45:48","2026-07-23 15:19:02"
1186,bougu_60_7_arm,師団長のこて,"Commander Gauntlets",set_ff1fdc9e2f,師団長セット,armor_set,18,,"[""さいだいMP+6"", ""おもさ+10"", ""おしゃれさ+35"", ""攻撃呪文ダメージ5％減""]",,,,9,6,,17,,,replace,32,60,師団長の七つの教訓,ドルワーム王国・防具鍛冶ギルドの素材屋,,腕,鎧腕,1,"[{""count"": 3, ""item_id"": 703}, {""count"": 25, ""item_id"": 717}, {""count"": 1, ""item_id"": 811}, {""count"": 10, ""item_id"": 865}]","[[""220～230""], [""190～196""], [""190～201""]]",https://draquex.com/bougu/0-zenbu.php,https://draquex.com/bougu/d-60-1.php,,8,"2026-03-12 01:45:48","2026-07-23 15:19:02"
1187,bougu_60_7_foot,師団長のグリーブ,"Commander Greaves",set_ff1fdc9e2f,師団長セット,armor_set,18,,"[""さいだいMP+6"", ""おもさ+10"", ""おしゃれさ+35"", ""攻撃呪文ダメージ5％減""]",,,,9,6,17,,,,replace,32,60,師団長の七つの教訓,ドルワーム王国・防具鍛冶ギルドの素材屋,,足,鎧足,2,"[{""count"": 3, ""item_id"": 703}, {""count"": 25, ""item_id"": 845}, {""count"": 1, ""item_id"": 811}, {""count"": 10, ""item_id"": 865}]","[["""", ""160～170""], ["""", ""170～178""], [""160～170"", ""110～116""]]",https://draquex.com/bougu/0-zenbu.php,https://draquex.com/bougu/e-60-1.php,,12,"2026-03-12 01:45:48","2026-07-23 15:19:02"
1188,bougu_60_8_head,僧兵のサークレット,"Monk Warrior Circlet",set_d703196485,僧兵セット,armor_set,19,,"[""さいだいHP+5"", ""さいだいMP+10"", ""かいふく魔力+4"", ""おしゃれさ+25"", ""闇ダメージ10%減""]",,,,28,10,,,0,25,replace,34,60,僧兵のころもの作り方,ドルワーム王国・防具鍛冶ギルドの素材屋,,頭,鎧頭,2,"[{""count"": 3, ""item_id"": 703}, {""count"": 3, ""item_id"": 735}, {""count"": 1, ""item_id"": 811}, {""count"": 10, ""item_id"": 865}]","[[""120～130"", ""200～208""], [""200～208"", ""120～130""]]",https://draquex.com/bougu/0-zenbu.php,https://draquex.com/bougu/a-60-6.php,,3,"2026-03-12 01:45:50","2026-07-23 15:19:02"
1189,bougu_60_8_body_top,僧兵のころも上,"Monk Warrior Shirt",set_d703196485,僧兵セット,armor_set,19,,"[""さいだいHP+5"", ""さいだいMP+10"", ""かいふく魔力+4"", ""おしゃれさ+25"", ""闇ダメージ10%減""]",,,,41,12,,,0,35,replace,34,60,僧兵のころもの作り方,ドルワーム王国・防具鍛冶ギルドの素材屋,,体上,鎧上,2,"[{""count"": 3, ""item_id"": 703}, {""count"": 50, ""item_id"": 617}, {""count"": 1, ""item_id"": 811}, {""count"": 10, ""item_id"": 865}]","[[""102～112"", ""78～87""], [""78～87"", ""160～166""], [""120～126"", ""102～112""]]",https://draquex.com/bougu/0-zenbu.php,https://draquex.com/bougu/b-60-6.php,,3,"2026-03-12 01:45:50","2026-07-23 15:19:02"
1190,bougu_60_8_body_bottom,僧兵のころも下,"Monk Warrior Pants",set_d703196485,僧兵セット,armor_set,19,,"[""さいだいHP+5"", ""さいだいMP+10"", ""かいふく魔力+4"", ""おしゃれさ+25"", ""闇ダメージ10%減""]",,,,21,6,,,,,replace,34,60,僧兵のころもの作り方,ドルワーム王国・防具鍛冶ギルドの素材屋,,体下,鎧下,2,"[{""count"": 3, ""item_id"": 703}, {""count"": 35, ""item_id"": 627}, {""count"": 1, ""item_id"": 811}, {""count"": 10, ""item_id"": 865}]","[[""64～74"", ""72～80""], [""84～92"", ""100～106""], [""100～106"", ""84～92""], [""72～80"", ""64～74""]]",https://draquex.com/bougu/0-zenbu.php,https://draquex.com/bougu/c-60-7.php,,2,"2026-03-12 01:45:50","2026-07-23 15:19:02"
1191,bougu_60_8_arm,僧兵のグローブ,"Monk Warrior Gloves",set_d703196485,僧兵セット,armor_set,19,,"[""さいだいHP+5"", ""さいだいMP+10"", ""かいふく魔力+4"", ""おしゃれさ+25"", ""闇ダメージ10%減""]",,,,8,6,,30,,,replace,34,60,僧兵のころもの作り方,ドルワーム王国・防具鍛冶ギルドの素材屋,,腕,鎧腕,1,"[{""count"": 3, ""item_id"": 703}, {""count"": 3, ""item_id"": 702}, {""count"": 1, ""item_id"": 811}, {""count"": 10, ""item_id"": 865}]","[[""200～210""], [""290～301""], [""150～156""]]",https://draquex.com/bougu/0-zenbu.php,https://draquex.com/bougu/d-60-6.php,,2,"2026-03-12 01:45:50","2026-07-23 15:19:02"
1192,bougu_60_8_foot,僧兵のくつ,"Monk Warrior Shoes",set_d703196485,僧兵セット,armor_set,19,,"[""さいだいHP+5"", ""さいだいMP+10"", ""かいふく魔力+4"", ""おしゃれさ+25"", ""闇ダメージ10%減""]",,,,8,6,34,,,,replace,34,60,僧兵のころもの作り方,ドルワーム王国・防具鍛冶ギルドの素材屋,,足,鎧足,2,"[{""count"": 3, ""item_id"": 703}, {""count"": 16, ""item_id"": 697}, {""count"": 1, ""item_id"": 811}, {""count"": 10, ""item_id"": 865}]","[["""", ""140～152""], ["""", ""160～170""], [""180～186"", ""160～170""]]",https://draquex.com/bougu/0-zenbu.php,https://draquex.com/bougu/e-60-6.php,,2,"2026-03-12 01:45:50","2026-07-23 15:19:02"
1193,bougu_60_9_head,モダンバニーヘッド,"Modern Bunny Ears",set_ae152ff0dd,モダンバニーセット,tailoring_set,22,虹布,"[""すばやさ+8"", ""きようさ+8"", ""おしゃれさ+50""]",,,,26,23,,,,,replace,32,60,モダンバニーの秘密日記,ジュレットの町・さいほうギルドの素材屋,,頭,裁縫頭,3,"[{""count"": 12, ""item_id"": 548}, {""count"": 4, ""item_id"": 861}, {""count"": 1, ""item_id"": 639}, {""count"": 10, ""item_id"": 547}]","[["""", ""120"", """"], [""180"", ""180"", ""180""]]",https://draquex.com/bougu/0-zenbu.php,https://draquex.com/bougu/a-60-3.php,,3,"2026-03-12 01:45:53","2026-07-23 15:19:02"
1194,bougu_60_9_body_top,モダンバニースーツ,"Modern Bunny Suit",set_ae152ff0dd,モダンバニーセット,tailoring_set,22,虹布,"[""すばやさ+8"", ""きようさ+8"", ""おしゃれさ+50""]",,,,35,30,,,,,replace,32,60,モダンバニーの秘密日記,ジュレットの町・さいほうギルドの素材屋,,体上,裁縫上,3,"[{""count"": 12, ""item_id"": 548}, {""count"": 50, ""item_id"": 728}, {""count"": 1, ""item_id"": 639}, {""count"": 10, ""item_id"": 547}]","[[""90"", ""45"", ""90""], [""60"", ""60"", ""60""], [""105"", ""45"", ""105""]]",https://draquex.com/bougu/0-zenbu.php,https://draquex.com/bougu/b-60-3.php,,5,"2026-03-12 01:45:53","2026-07-23 15:19:02"
1195,bougu_60_10_body_bottom,モダンバニータイツ,"Modern Bunny Tights",set_ae152ff0dd,モダンバニーセット,tailoring_set,22,虹布,"[""すばやさ+8"", ""きようさ+8"", ""おしゃれさ+50""]",,,,21,15,,,,,replace,33,60,モダンバニーの秘密日記,ジュレットの町・さいほうギルドの素材屋,,からだ下,裁縫下,2,"[{""count"": 12, ""item_id"": 548}, {""count"": 30, ""item_id"": 666}, {""count"": 1, ""item_id"": 639}, {""count"": 10, ""item_id"": 547}]","[[""160"", ""110""], [""70"", ""80""], [""90"", ""150""]]",https://draquex.com/bougu/0-zenbu.php,https://draquex.com/bougu/c-60-3.php,,3,"2026-03-12 01:45:53","2026-07-23 15:19:02"
1196,bougu_60_10_body_bottom_2,モダンバニーフレア,"Modern Bunny Skirt",set_ae152ff0dd,モダンバニーセット,tailoring_set,22,虹布,"[""すばやさ+8"", ""きようさ+8"", ""おしゃれさ+50""]",,,,21,15,,,,,replace,33,60,モダンバニーの秘密日記,ジュレットの町・さいほうギルドの素材屋,,からだ下,裁縫下,2,"[{""count"": 12, ""item_id"": 548}, {""count"": 30, ""item_id"": 666}, {""count"": 1, ""item_id"": 639}, {""count"": 10, ""item_id"": 547}]","[[""110"", ""110""], [""110"", ""110""], [""110"", ""110""]]",https://draquex.com/bougu/0-zenbu.php,https://draquex.com/bougu/c-60-4.php,,3,"2026-03-12 01:45:53","2026-07-23 15:19:02"
1197,bougu_60_9_arm,モダンバニーブレス,"Modern Bunny Bracelet",set_ae152ff0dd,モダンバニーセット,tailoring_set,22,虹布,"[""すばやさ+8"", ""きようさ+8"", ""おしゃれさ+50""]",,,,7,9,,42,,,replace,32,60,モダンバニーの秘密日記,ジュレットの町・さいほうギルドの素材屋,,腕,裁縫腕,3,"[{""count"": 12, ""item_id"": 548}, {""count"": 5, ""item_id"": 818}, {""count"": 1, ""item_id"": 639}, {""count"": 10, ""item_id"": 547}]","[[""105"", ""70"", ""155""], [""105"", ""70"", ""155""]]",https://draquex.com/bougu/0-zenbu.php,https://draquex.com/bougu/d-60-3.php,,1,"2026-03-12 01:45:53","2026-07-23 15:19:02"
1198,bougu_60_9_foot,モダンバニーのくつ,"Modern Bunny Shoes",set_ae152ff0dd,モダンバニーセット,tailoring_set,22,虹布,"[""すばやさ+8"", ""きようさ+8"", ""おしゃれさ+50""]",,,,7,9,42,,,,replace,32,60,モダンバニーの秘密日記,ジュレットの町・さいほうギルドの素材屋,,足,裁縫足,2,"[{""count"": 12, ""item_id"": 548}, {""count"": 25, ""item_id"": 767}, {""count"": 1, ""item_id"": 639}, {""count"": 10, ""item_id"": 547}]","[[""135"", ""180""], [""210"", ""135""]]",https://draquex.com/bougu/0-zenbu.php,https://draquex.com/bougu/e-60-3.php,,2,"2026-03-12 01:45:53","2026-07-23 15:19:02"
1199,bougu_60_11_head,ミラクルハット,"Miracle Hat",set_674f4c1db5,ミラクルハットセット,tailoring_set,22,虹布,"[""すばやさ+10"", ""きようさ+10"", ""おしゃれさ+50"", ""戦闘開始時10%でタップダンス""]",,,,27,22,,,10,10,inherit,34,60,ミラクルコートカタログ,ジュレットの町・さいほうギルドの素材屋,,頭,裁縫頭,3,"[{""count"": 6, ""item_id"": 762}, {""count"": 40, ""item_id"": 800}, {""count"": 1, ""item_id"": 811}, {""count"": 10, ""item_id"": 547}]","[[null, ""150"", null], [""200"", ""254"", ""100""]]",https://draquex.com/bougu/0-zenbu.php,https://draquex.com/bougu/a-60-8.php,,3,"2026-03-12 01:45:56","2026-07-23 15:19:02"
1200,bougu_60_11_body_top,ミラクルコート上,"Miracle Coat Top",set_674f4c1db5,ミラクルハットセット,tailoring_set,22,虹布,"[""すばやさ+10"", ""きようさ+10"", ""おしゃれさ+50"", ""戦闘開始時10%でタップダンス""]",,,,38,33,,,20,20,inherit,34,60,ミラクルコートカタログ,ジュレットの町・さいほうギルドの素材屋,,体上,裁縫上,3,"[{""count"": 6, ""item_id"": 762}, {""count"": 20, ""item_id"": 643}, {""count"": 1, ""item_id"": 811}, {""count"": 10, ""item_id"": 547}]","[[""85"", ""45"", ""85""], [""70"", ""64"", ""70""], [""120"", ""45"", ""120""]]",https://draquex.com/bougu/0-zenbu.php,https://draquex.com/bougu/b-60-8.php,,5,"2026-03-12 01:45:56","2026-07-23 15:19:02"
1201,bougu_60_11_body_bottom,ミラクルコート下,"Miracle Coat Bottom",set_674f4c1db5,ミラクルハットセット,tailoring_set,22,虹布,"[""すばやさ+10"", ""きようさ+10"", ""おしゃれさ+50"", ""戦闘開始時10%でタップダンス""]",,,,22,15,,,,,inherit,34,60,ミラクルコートカタログ,ジュレットの町・さいほうギルドの素材屋,,体下,裁縫下,2,"[{""count"": 6, ""item_id"": 762}, {""count"": 24, ""item_id"": 881}, {""count"": 1, ""item_id"": 811}, {""count"": 10, ""item_id"": 547}]","[[""200"", ""80""], [""74"", ""120""], [""140"", ""90""]]",https://draquex.com/bougu/0-zenbu.php,https://draquex.com/bougu/c-60-9.php,,4,"2026-03-12 01:45:56","2026-07-23 15:19:02"
1202,bougu_60_11_arm,ミラクルグローブ,"Miracle Gloves",set_674f4c1db5,ミラクルハットセット,tailoring_set,22,虹布,"[""すばやさ+10"", ""きようさ+10"", ""おしゃれさ+50"", ""戦闘開始時10%でタップダンス""]",,,,7,10,,48,,,inherit,34,60,ミラクルコートカタログ,ジュレットの町・さいほうギルドの素材屋,,腕,裁縫腕,3,"[{""count"": 6, ""item_id"": 762}, {""count"": 2, ""item_id"": 861}, {""count"": 1, ""item_id"": 811}, {""count"": 10, ""item_id"": 547}]","[[""110"", ""84"", ""140""], [""90"", ""160"", ""120""]]",https://draquex.com/bougu/0-zenbu.php,https://draquex.com/bougu/d-60-8.php,,2,"2026-03-12 01:45:56","2026-07-23 15:19:02"
1203,bougu_60_11_foot,ミラクルブーツ,"Miracle Boots",set_674f4c1db5,ミラクルハットセット,tailoring_set,22,虹布,"[""すばやさ+10"", ""きようさ+10"", ""おしゃれさ+50"", ""戦闘開始時10%でタップダンス""]",,,,7,10,48,,,,inherit,34,60,ミラクルコートカタログ,ジュレットの町・さいほうギルドの素材屋,,足,裁縫足,2,"[{""count"": 6, ""item_id"": 762}, {""count"": 3, ""item_id"": 597}, {""count"": 1, ""item_id"": 811}, {""count"": 10, ""item_id"": 547}]","[[""104"", ""130""], [""300"", ""170""]]",https://draquex.com/bougu/0-zenbu.php,https://draquex.com/bougu/e-60-8.php,,2,"2026-03-12 01:45:56","2026-07-23 15:19:03"
1204,bougu_60_12_head,拳聖のターバン,"Fist Saint Turban",set_ec241e13fe,拳聖セット,tailoring_set,25,再生布,"[""さいだいMP+6"", ""すばやさ+15"", ""おしゃれさ+25"", ""戦闘開始時6％でかいしん率上昇""]",,,,29,7,,,,,inherit,32,60,拳聖の道着作成法,ジュレットの町・さいほうギルドの素材屋,,頭,,3,"[{""count"": 12, ""item_id"": 844}, {""count"": 10, ""item_id"": 867}, {""count"": 1, ""item_id"": 552}, {""count"": 10, ""item_id"": 547}]","[[null, ""150"", null], [""130"", ""190"", ""130""]]",https://draquex.com/bougu/0-zenbu.php,https://draquex.com/bougu/a-60-5.php,,4,"2026-03-12 01:45:59","2026-07-23 15:19:03"
1205,bougu_60_12_body_top,拳聖の道着上,"Fist Saint Dogi",set_ec241e13fe,拳聖セット,tailoring_set,25,再生布,"[""さいだいMP+6"", ""すばやさ+15"", ""おしゃれさ+25"", ""戦闘開始時6％でかいしん率上昇""]",,,,39,10,,,,,inherit,32,60,拳聖の道着作成法,ジュレットの町・さいほうギルドの素材屋,,体上,,3,"[{""count"": 12, ""item_id"": 844}, {""count"": 1, ""item_id"": 735}, {""count"": 1, ""item_id"": 552}, {""count"": 10, ""item_id"": 547}]","[[""80"", ""40"", ""80""], [""65"", ""50"", ""65""], [""90"", ""40"", ""90""]]",https://draquex.com/bougu/0-zenbu.php,https://draquex.com/bougu/b-60-5.php,,5,"2026-03-12 01:45:59","2026-07-23 15:19:03"
1206,bougu_60_12_body_bottom,拳聖の道着下,"Fist Saint Pants",set_ec241e13fe,拳聖セット,tailoring_set,25,再生布,"[""さいだいMP+6"", ""すばやさ+15"", ""おしゃれさ+25"", ""戦闘開始時6％でかいしん率上昇""]",,,,20,5,,,,,inherit,32,60,拳聖の道着作成法,ジュレットの町・さいほうギルドの素材屋,,体下,,2,"[{""count"": 12, ""item_id"": 844}, {""count"": 30, ""item_id"": 643}, {""count"": 1, ""item_id"": 552}, {""count"": 10, ""item_id"": 547}]","[[""170"", ""90""], [""70"", ""70""], [""80"", ""120""]]",https://draquex.com/bougu/0-zenbu.php,https://draquex.com/bougu/c-60-6.php,,4,"2026-03-12 01:45:59","2026-07-23 15:19:03"
1207,bougu_60_12_arm,拳聖のうでわ,"Fist Saint Bangles",set_ec241e13fe,拳聖セット,tailoring_set,25,再生布,"[""さいだいMP+6"", ""すばやさ+15"", ""おしゃれさ+25"", ""戦闘開始時6％でかいしん率上昇""]",,,,7,5,,31,,,inherit,32,60,拳聖の道着作成法,ジュレットの町・さいほうギルドの素材屋,,腕,,3,"[{""count"": 12, ""item_id"": 844}, {""count"": 4, ""item_id"": 805}, {""count"": 1, ""item_id"": 552}, {""count"": 10, ""item_id"": 547}]","[[""85"", ""130"", ""85""], [""85"", ""130"", ""85""]]",https://draquex.com/bougu/0-zenbu.php,https://draquex.com/bougu/d-60-5.php,,1,"2026-03-12 01:45:59","2026-07-23 15:19:03"
1208,bougu_60_12_foot,拳聖のくつ,"Fist Saint Shoes",set_ec241e13fe,拳聖セット,tailoring_set,25,再生布,"[""さいだいMP+6"", ""すばやさ+15"", ""おしゃれさ+25"", ""戦闘開始時6％でかいしん率上昇""]",,,,7,5,43,,,,inherit,32,60,拳聖の道着作成法,ジュレットの町・さいほうギルドの素材屋,,足,,2,"[{""count"": 12, ""item_id"": 844}, {""count"": 25, ""item_id"": 728}, {""count"": 1, ""item_id"": 552}, {""count"": 10, ""item_id"": 547}]","[[""135"", ""135""], [""165"", ""165""]]",https://draquex.com/bougu/0-zenbu.php,https://draquex.com/bougu/e-60-5.php,,3,"2026-03-12 01:45:59","2026-07-23 15:19:03"
1209,bougu_60_13_head,古武道のずきん,"Kobudo Hood",set_44235b54e5,古武道セット,tailoring_set,21,再生布,"[""おしゃれさ+25"", ""土ダメージ10%減"", ""戦闘開始時10%でためる""]",,,,30,9,,,,,replace,34,60,古武道の道着の作り方,ジュレットの町・さいほうギルドの素材屋,,頭,裁縫頭,3,"[{""count"": 12, ""item_id"": 867}, {""count"": 40, ""item_id"": 643}, {""count"": 1, ""item_id"": 880}, {""count"": 10, ""item_id"": 547}]","[[null, ""140"", null], [""200"", ""100"", ""200""]]",https://draquex.com/bougu/0-zenbu.php,https://draquex.com/bougu/a-60-7.php,,4,"2026-03-12 01:46:02","2026-07-23 15:19:03"
1210,bougu_60_13_body_top,古武道着上,"Kobudo Shirt",set_44235b54e5,古武道セット,tailoring_set,21,再生布,"[""おしゃれさ+25"", ""土ダメージ10%減"", ""戦闘開始時10%でためる""]",,,,40,10,,,,,replace,34,60,古武道の道着の作り方,ジュレットの町・さいほうギルドの素材屋,,体上,裁縫上,3,"[{""count"": 12, ""item_id"": 867}, {""count"": 4, ""item_id"": 805}, {""count"": 1, ""item_id"": 880}, {""count"": 10, ""item_id"": 547}]","[[""80"", ""45"", ""80""], [""60"", ""60"", ""60""], [""105"", ""45"", ""105""]]",https://draquex.com/bougu/0-zenbu.php,https://draquex.com/bougu/b-60-7.php,,8,"2026-03-12 01:46:02","2026-07-23 15:19:03"
1211,bougu_60_13_body_bottom,古武道着下,"Kobudo Pants",set_44235b54e5,古武道セット,tailoring_set,21,再生布,"[""おしゃれさ+25"", ""土ダメージ10%減"", ""戦闘開始時10%でためる""]",,,,21,8,,,,,replace,34,60,古武道の道着の作り方,ジュレットの町・さいほうギルドの素材屋,,体下,裁縫下,2,"[{""count"": 12, ""item_id"": 867}, {""count"": 35, ""item_id"": 800}, {""count"": 1, ""item_id"": 880}, {""count"": 10, ""item_id"": 547}]","[[""135"", ""80""], [""105"", ""105""], [""80"", ""135""]]",https://draquex.com/bougu/0-zenbu.php,https://draquex.com/bougu/c-60-8.php,,5,"2026-03-12 01:46:02","2026-07-23 15:19:03"
1212,bougu_60_13_arm,古武道のうでわ,"Kobudo Bangles",set_44235b54e5,古武道セット,tailoring_set,21,再生布,"[""おしゃれさ+25"", ""土ダメージ10%減"", ""戦闘開始時10%でためる""]",,,,7,4,,35,,,replace,34,60,古武道の道着の作り方,ジュレットの町・さいほうギルドの素材屋,,腕,裁縫腕,3,"[{""count"": 12, ""item_id"": 867}, {""count"": 2, ""item_id"": 805}, {""count"": 1, ""item_id"": 880}, {""count"": 10, ""item_id"": 547}]","[[""105"", ""105"", ""110""], [""105"", ""105"", ""110""]]",https://draquex.com/bougu/0-zenbu.php,https://draquex.com/bougu/d-60-7.php,,2,"2026-03-12 01:46:02","2026-07-23 15:19:03"
1213,bougu_60_13_foot,古武道のブーツ,"Kobudo Boots",set_44235b54e5,古武道セット,tailoring_set,21,再生布,"[""おしゃれさ+25"", ""土ダメージ10%減"", ""戦闘開始時10%でためる""]",,,,7,4,48,,,,replace,34,60,古武道の道着の作り方,ジュレットの町・さいほうギルドの素材屋,,足,裁縫足,2,"[{""count"": 12, ""item_id"": 867}, {""count"": 3, ""item_id"": 597}, {""count"": 1, ""item_id"": 880}, {""count"": 10, ""item_id"": 547}]","[[""100"", ""150""], [""180"", ""210""]]",https://draquex.com/bougu/0-zenbu.php,https://draquex.com/bougu/e-60-7.php,,3,"2026-03-12 01:46:02","2026-07-23 15:19:03"
1214,bougu_60_14_head,原始獣のシャプカ,"Primal Beast Shapka",set_b9b66d40c2,原始獣セット,tailoring_set,21,再生布,"[""さいだいHP+5"", ""きようさ+15"", ""おしゃれさ+25"", ""土ダメージ10％減"", ""戦闘開始時10%でピオラ""]",,,,29,8,,,,,replace,32,60,原始獣のコート作成法,ジュレットの町・さいほうギルドの素材屋,,頭,裁縫頭,3,"[{""count"": 12, ""item_id"": 800}, {""count"": 1, ""item_id"": 752}, {""count"": 1, ""item_id"": 639}, {""count"": 10, ""item_id"": 547}]","[["""", ""180"", """"], [""120"", ""180"", ""120""]]",https://draquex.com/bougu/0-zenbu.php,https://draquex.com/bougu/a-60-4.php,,3,"2026-03-12 01:46:05","2026-07-23 15:19:03"
1215,bougu_60_14_body_top,原始獣のコート上,"Primal Beast Coat",set_b9b66d40c2,原始獣セット,tailoring_set,21,再生布,"[""さいだいHP+5"", ""きようさ+15"", ""おしゃれさ+25"", ""土ダメージ10％減"", ""戦闘開始時10%でピオラ""]",,,,40,10,,,,,replace,32,60,原始獣のコート作成法,ジュレットの町・さいほうギルドの素材屋,,体上,裁縫上,3,"[{""count"": 12, ""item_id"": 800}, {""count"": 5, ""item_id"": 591}, {""count"": 1, ""item_id"": 639}, {""count"": 10, ""item_id"": 547}]","[[""95"", ""40"", ""95""], [""60"", ""60"", ""60""], [""75"", ""40"", ""75""]]",https://draquex.com/bougu/0-zenbu.php,https://draquex.com/bougu/b-60-4.php,,6,"2026-03-12 01:46:05","2026-07-23 15:19:03"
1216,bougu_60_14_body_bottom,原始獣のコート下,"Primal Beast Leggings",set_b9b66d40c2,原始獣セット,tailoring_set,21,再生布,"[""さいだいHP+5"", ""きようさ+15"", ""おしゃれさ+25"", ""土ダメージ10％減"", ""戦闘開始時10%でピオラ""]",,,,21,5,,,,,replace,32,60,原始獣のコート作成法,ジュレットの町・さいほうギルドの素材屋,,体下,裁縫下,2,"[{""count"": 12, ""item_id"": 800}, {""count"": 30, ""item_id"": 716}, {""count"": 1, ""item_id"": 639}, {""count"": 10, ""item_id"": 547}]","[[""70"", ""70""], [""90"", ""90""], [""140"", ""140""]]",https://draquex.com/bougu/0-zenbu.php,https://draquex.com/bougu/c-60-5.php,,4,"2026-03-12 01:46:05","2026-07-23 15:19:03"
1217,bougu_60_14_arm,原始獣のグローブ,"Primal Beast Gloves",set_b9b66d40c2,原始獣セット,tailoring_set,21,再生布,"[""さいだいHP+5"", ""きようさ+15"", ""おしゃれさ+25"", ""土ダメージ10％減"", ""戦闘開始時10%でピオラ""]",,,,7,4,,37,,,replace,32,60,原始獣のコート作成法,ジュレットの町・さいほうギルドの素材屋,,腕,裁縫腕,3,"[{""count"": 12, ""item_id"": 800}, {""count"": 5, ""item_id"": 597}, {""count"": 1, ""item_id"": 639}, {""count"": 10, ""item_id"": 547}]","[[""100"", ""50"", ""150""], [""100"", ""50"", ""150""]]",https://draquex.com/bougu/0-zenbu.php,https://draquex.com/bougu/d-60-4.php,,2,"2026-03-12 01:46:05","2026-07-23 15:19:03"
1218,bougu_60_14_foot,原始獣のブーツ,"Primal Beast Boots",set_b9b66d40c2,原始獣セット,tailoring_set,21,再生布,"[""さいだいHP+5"", ""きようさ+15"", ""おしゃれさ+25"", ""土ダメージ10％減"", ""戦闘開始時10%でピオラ""]",,,,7,4,37,,,,replace,32,60,原始獣のコート作成法,ジュレットの町・さいほうギルドの素材屋,,足,裁縫足,2,"[{""count"": 12, ""item_id"": 800}, {""count"": 25, ""item_id"": 720}, {""count"": 1, ""item_id"": 639}, {""count"": 10, ""item_id"": 547}]","[[""170"", ""170""], [""130"", ""130""]]",https://draquex.com/bougu/0-zenbu.php,https://draquex.com/bougu/e-60-4.php,,3,"2026-03-12 01:46:05","2026-07-23 15:19:03"
1219,bougu_60_15_head,ワイルドベレー,"Wild Beret",set_014649890f,ワイルドセット,armor_set,21,,"[""すばやさ+10"", ""きようさ+10"", ""おしゃれさ+25"", ""土ダメージ10%減"", ""戦いで魔物に狙われにくくなる""]",,,,30,9,,,,,replace,34,60,ワイルドジャケットの本,ドルワーム王国・防具鍛冶ギルドの素材屋,,頭,鎧頭,2,"[{""count"": 6, ""item_id"": 638}, {""count"": 40, ""item_id"": 848}, {""count"": 1, ""item_id"": 639}, {""count"": 10, ""item_id"": 865}]","[[""140-152"", ""212-218""], [""212-218"", ""140-152""]]",https://draquex.com/bougu/0-zenbu.php,https://draquex.com/bougu/a-60-9.php,,2,"2026-03-12 01:46:07","2026-07-23 15:19:03"
1220,bougu_60_15_body_top,ワイルドジャケット,"Wild Jacket",set_014649890f,ワイルドセット,armor_set,21,,"[""すばやさ+10"", ""きようさ+10"", ""おしゃれさ+25"", ""土ダメージ10%減"", ""戦いで魔物に狙われにくくなる""]",,,,40,10,,,,,replace,34,60,ワイルドジャケットの本,ドルワーム王国・防具鍛冶ギルドの素材屋,,体上,鎧上,2,"[{""count"": 6, ""item_id"": 638}, {""count"": 50, ""item_id"": 643}, {""count"": 1, ""item_id"": 639}, {""count"": 10, ""item_id"": 865}]","[[""112～122"", ""160～166""], [""160～166"", ""112～122""], [""80～89"", ""80～89""]]",https://draquex.com/bougu/0-zenbu.php,https://draquex.com/bougu/b-60-9.php,,2,"2026-03-12 01:46:07","2026-07-23 15:19:03"
1221,bougu_60_15_body_bottom,ワイルドボトム,"Wild Pants",set_014649890f,ワイルドセット,armor_set,21,,"[""すばやさ+10"", ""きようさ+10"", ""おしゃれさ+25"", ""土ダメージ10%減"", ""戦いで魔物に狙われにくくなる""]",,,,21,8,,,,,replace,34,60,ワイルドジャケットの本,ドルワーム王国・防具鍛冶ギルドの素材屋,,体下,鎧下,2,"[{""count"": 6, ""item_id"": 638}, {""count"": 35, ""item_id"": 643}, {""count"": 1, ""item_id"": 639}, {""count"": 10, ""item_id"": 865}]","[[""72～80"", ""100～106""], [""100～106"", ""72～80""], [""64～74"", ""116～124""], [""116～124"", ""64～74""]]",https://draquex.com/bougu/0-zenbu.php,https://draquex.com/bougu/c-60-10.php,,2,"2026-03-12 01:46:07","2026-07-23 15:19:03"
1222,bougu_60_15_arm,ワイルドバングル,"Wild Bangles",set_014649890f,ワイルドセット,armor_set,21,,"[""すばやさ+10"", ""きようさ+10"", ""おしゃれさ+25"", ""土ダメージ10%減"", ""戦いで魔物に狙われにくくなる""]",,,,7,4,,40,,,replace,34,60,ワイルドジャケットの本,ドルワーム王国・防具鍛冶ギルドの素材屋,,腕,鎧腕,1,"[{""count"": 6, ""item_id"": 638}, {""count"": 30, ""item_id"": 716}, {""count"": 1, ""item_id"": 639}, {""count"": 10, ""item_id"": 865}]","[[""240～251""], [""159～165""], [""305～315""]]",https://draquex.com/bougu/0-zenbu.php,https://draquex.com/bougu/d-60-9.php,,2,"2026-03-12 01:46:07","2026-07-23 15:19:03"
1223,bougu_60_15_foot,ワイルドシューズ,"Wild Shoes",set_014649890f,ワイルドセット,armor_set,21,,"[""すばやさ+10"", ""きようさ+10"", ""おしゃれさ+25"", ""土ダメージ10%減"", ""戦いで魔物に狙われにくくなる""]",,,,7,4,40,,,,replace,34,60,ワイルドジャケットの本,ドルワーム王国・防具鍛冶ギルドの素材屋,,足,鎧足,2,"[{""count"": 6, ""item_id"": 638}, {""count"": 30, ""item_id"": 591}, {""count"": 1, ""item_id"": 639}, {""count"": 10, ""item_id"": 865}]","[["""", ""144～152""], ["""", ""170～182""], [""170～182"", ""220～226""]]",https://draquex.com/bougu/0-zenbu.php,https://draquex.com/bougu/e-60-9.php,,2,"2026-03-12 01:46:07","2026-07-23 15:19:03"
1224,bougu_60_16_head,クラウンハット,"Clown Hat",set_e9ad588719,クラウンハットセット,tailoring_set,21,再生布,"[""すばやさ+10"", ""きようさ+10"", ""おしゃれさ+50"", ""戦闘開始時10%でメイクアップ""]",,,,27,25,,,,,replace,34,60,クラウンベスト辞典,ジュレットの町・さいほうギルドの素材屋,,頭,裁縫頭,3,"[{""count"": 6, ""item_id"": 762}, {""count"": 16, ""item_id"": 784}, {""count"": 1, ""item_id"": 552}, {""count"": 10, ""item_id"": 547}]","[[null, ""200"", null], [""150"", ""140"", ""150""]]",https://draquex.com/bougu/0-zenbu.php,https://draquex.com/bougu/a-60-11.php,,2,"2026-03-12 01:46:10","2026-07-23 15:19:03"
1225,bougu_60_16_body_top,クラウンベスト,"Clown Vest",set_e9ad588719,クラウンハットセット,tailoring_set,21,再生布,"[""すばやさ+10"", ""きようさ+10"", ""おしゃれさ+50"", ""戦闘開始時10%でメイクアップ""]",,,,37,35,,,,,replace,34,60,クラウンベスト辞典,ジュレットの町・さいほうギルドの素材屋,,体上,裁縫上,3,"[{""count"": 6, ""item_id"": 762}, {""count"": 30, ""item_id"": 559}, {""count"": 1, ""item_id"": 552}, {""count"": 10, ""item_id"": 547}]","[[""80"", ""60"", ""80""], [""60"", ""60"", ""60""], [""90"", ""60"", ""90""]]",https://draquex.com/bougu/0-zenbu.php,https://draquex.com/bougu/b-60-11.php,,3,"2026-03-12 01:46:10","2026-07-23 15:19:03"
1226,bougu_60_16_body_bottom,クラウンズボン,"Clown Trousers",set_e9ad588719,クラウンハットセット,tailoring_set,21,再生布,"[""すばやさ+10"", ""きようさ+10"", ""おしゃれさ+50"", ""戦闘開始時10%でメイクアップ""]",,,,20,16,,,,,replace,34,60,クラウンベスト辞典,ジュレットの町・さいほうギルドの素材屋,,体下,裁縫下,2,"[{""count"": 6, ""item_id"": 762}, {""count"": 24, ""item_id"": 728}, {""count"": 1, ""item_id"": 552}, {""count"": 10, ""item_id"": 547}]","[[""140"", ""140""], [""105"", ""105""], [""75"", ""75""]]",https://draquex.com/bougu/0-zenbu.php,https://draquex.com/bougu/c-60-12.php,,2,"2026-03-12 01:46:10","2026-07-23 15:19:03"
1227,bougu_60_16_arm,クラウングローブ,"Clown Gloves",set_e9ad588719,クラウンハットセット,tailoring_set,21,再生布,"[""すばやさ+10"", ""きようさ+10"", ""おしゃれさ+50"", ""戦闘開始時10%でメイクアップ""]",,,,7,12,,46,,,replace,34,60,クラウンベスト辞典,ジュレットの町・さいほうギルドの素材屋,,腕,裁縫腕,3,"[{""count"": 6, ""item_id"": 762}, {""count"": 30, ""item_id"": 643}, {""count"": 1, ""item_id"": 552}, {""count"": 10, ""item_id"": 547}]","[[""85"", ""75"", ""130""], [""90"", ""140"", ""120""]]",https://draquex.com/bougu/0-zenbu.php,https://draquex.com/bougu/d-60-11.php,,1,"2026-03-12 01:46:10","2026-07-23 15:19:03"
1228,bougu_60_16_foot,クラウンシューズ,"Clown Shoes",set_e9ad588719,クラウンハットセット,tailoring_set,21,再生布,"[""すばやさ+10"", ""きようさ+10"", ""おしゃれさ+50"", ""戦闘開始時10%でメイクアップ""]",,,,7,12,46,,,,replace,34,60,クラウンベスト辞典,ジュレットの町・さいほうギルドの素材屋,,足,裁縫足,2,"[{""count"": 6, ""item_id"": 762}, {""count"": 12, ""item_id"": 535}, {""count"": 1, ""item_id"": 552}, {""count"": 10, ""item_id"": 547}]","[[""200"", ""200""], [""120"", ""120""]]",https://draquex.com/bougu/0-zenbu.php,https://draquex.com/bougu/e-60-11.php,,2,"2026-03-12 01:46:10","2026-07-23 15:19:03"
1229,bougu_60_17_head,王宮魔術師帽,"Royal Mage Hat",set_0808fb2af9,王宮魔術師セット,tailoring_set,18,虹布,"[""さいだいMP+10"", ""こうげき魔力+10"", ""おしゃれさ+35"", ""戦闘開始時8％で攻撃呪文威力上昇(1段階)""]",,,,26,13,,,27,,replace,34,60,王宮魔術の服カタログ,ジュレットの町・さいほうギルドの素材屋,,頭,裁縫頭,3,"[{""count"": 12, ""item_id"": 548}, {""count"": 3, ""item_id"": 868}, {""count"": 1, ""item_id"": 552}, {""count"": 10, ""item_id"": 547}]","[[null, ""176"", null], [""176"", ""176"", ""176""]]",https://draquex.com/bougu/0-zenbu.php,https://draquex.com/bougu/a-60-15.php,,1,"2026-03-12 01:46:12","2026-07-23 15:19:03"
1230,bougu_60_17_body_top,王宮魔術師ローブ上,"Royal Mage Upper Robe",set_0808fb2af9,王宮魔術師セット,tailoring_set,18,虹布,"[""さいだいMP+10"", ""こうげき魔力+10"", ""おしゃれさ+35"", ""戦闘開始時8％で攻撃呪文威力上昇(1段階)""]",,,,35,18,,,38,,replace,34,60,王宮魔術の服カタログ,ジュレットの町・さいほうギルドの素材屋,,体上,裁縫上,3,"[{""count"": 12, ""item_id"": 548}, {""count"": 50, ""item_id"": 801}, {""count"": 1, ""item_id"": 552}, {""count"": 10, ""item_id"": 547}]","[[""90"", ""45"", ""90""], [""72"", ""60"", ""72""], [""115"", ""45"", ""115""]]",https://draquex.com/bougu/0-zenbu.php,https://draquex.com/bougu/b-60-15.php,,2,"2026-03-12 01:46:12","2026-07-23 15:19:03"
1231,bougu_60_17_body_bottom,王宮魔術師ローブ下,"Royal Mage Lower Robe",set_0808fb2af9,王宮魔術師セット,tailoring_set,18,虹布,"[""さいだいMP+10"", ""こうげき魔力+10"", ""おしゃれさ+35"", ""戦闘開始時8％で攻撃呪文威力上昇(1段階)""]",,,,21,10,,,,,replace,34,60,王宮魔術の服カタログ,ジュレットの町・さいほうギルドの素材屋,,体下,裁縫下,2,"[{""count"": 12, ""item_id"": 548}, {""count"": 8, ""item_id"": 807}, {""count"": 1, ""item_id"": 552}, {""count"": 10, ""item_id"": 547}]","[[""152"", ""152""], [""120"", ""120""], [""80"", ""80""]]",https://draquex.com/bougu/0-zenbu.php,https://draquex.com/bougu/c-60-16.php,,2,"2026-03-12 01:46:12","2026-07-23 15:19:03"
1232,bougu_60_17_foot,王宮魔術師のくつ,"Royal Mage Shoes",set_0808fb2af9,王宮魔術師セット,tailoring_set,18,虹布,"[""さいだいMP+10"", ""こうげき魔力+10"", ""おしゃれさ+35"", ""戦闘開始時8％で攻撃呪文威力上昇(1段階)""]",,,,8,6,32,,,,replace,34,60,王宮魔術の服カタログ,ジュレットの町・さいほうギルドの素材屋,,足,裁縫足,2,"[{""count"": 12, ""item_id"": 548}, {""count"": 5, ""item_id"": 597}, {""count"": 1, ""item_id"": 552}, {""count"": 10, ""item_id"": 547}]","[[""200"", ""152""], [""152"", ""200""]]",https://draquex.com/bougu/0-zenbu.php,https://draquex.com/bougu/e-60-15.php,,1,"2026-03-12 01:46:12","2026-07-23 15:19:03"
1233,bougu_50_1_head,しんりのぼうし,"Faithful Hat",set_2519576b38,しんりセット,tailoring_set,19,虹布,"[""こうげき魔力+10"", ""かいふく魔力+10"", ""おしゃれさ+30""]",,,,23,10,,,19,19,inherit,30,50,しんりのローブの本,ジュレットの町・さいほうギルドの素材屋,,頭,裁縫頭,3,"[{""count"": 8, ""item_id"": 609}, {""count"": 2, ""item_id"": 833}, {""count"": 1, ""item_id"": 811}, {""count"": 6, ""item_id"": 547}]","[[null, ""110"", null], [""100"", ""150"", ""140""]]",https://draquex.com/bougu/0-zenbu.php,https://draquex.com/bougu/a-50-9.php,,1,"2026-03-12 01:46:15","2026-07-23 15:19:03"
1234,bougu_50_1_body_top,しんりのローブ上,"Faithful Robe Top",set_2519576b38,しんりセット,tailoring_set,19,虹布,"[""こうげき魔力+10"", ""かいふく魔力+10"", ""おしゃれさ+30""]",,,,31,15,,,29,29,inherit,30,50,しんりのローブの本,ジュレットの町・さいほうギルドの素材屋,,体上,裁縫上,3,"[{""count"": 8, ""item_id"": 609}, {""count"": 3, ""item_id"": 861}, {""count"": 1, ""item_id"": 811}, {""count"": 6, ""item_id"": 547}]","[[""65"", ""35"", ""65""], [""50"", ""40"", ""50""], [""80"", ""35"", ""80""]]",https://draquex.com/bougu/0-zenbu.php,https://draquex.com/bougu/b-50-9.php,,3,"2026-03-12 01:46:15","2026-07-23 15:19:03"
1235,bougu_50_1_body_bottom,しんりのローブ下,"Faithful Robe Bottom",set_2519576b38,しんりセット,tailoring_set,19,虹布,"[""こうげき魔力+10"", ""かいふく魔力+10"", ""おしゃれさ+30""]",,,,18,8,,,,,inherit,30,50,しんりのローブの本,ジュレットの町・さいほうギルドの素材屋,,体下,裁縫下,2,"[{""count"": 8, ""item_id"": 609}, {""count"": 20, ""item_id"": 800}, {""count"": 1, ""item_id"": 811}, {""count"": 6, ""item_id"": 547}]","[[""60"", ""60""], [""75"", ""75""], [""115"", ""115""]]",https://draquex.com/bougu/0-zenbu.php,https://draquex.com/bougu/c-50-8.php,,3,"2026-03-12 01:46:15","2026-07-23 15:19:03"
1236,bougu_50_1_foot,しんりのくつ,"Faithful Shoes",set_2519576b38,しんりセット,tailoring_set,19,虹布,"[""こうげき魔力+10"", ""かいふく魔力+10"", ""おしゃれさ+30""]",,,,7,4,28,,,,inherit,30,50,しんりのローブの本,ジュレットの町・さいほうギルドの素材屋,,足,裁縫足,2,"[{""count"": 8, ""item_id"": 609}, {""count"": 30, ""item_id"": 841}, {""count"": 1, ""item_id"": 811}, {""count"": 6, ""item_id"": 547}]","[[""110"", ""110""], [""140"", ""140""]]",https://draquex.com/bougu/0-zenbu.php,https://draquex.com/bougu/e-50-9.php,,1,"2026-03-12 01:46:15","2026-07-23 15:19:03"
1237,bougu_50_2_head,聖者のぼうし,"Saint's Hat",set_6867926edc,聖者セット,tailoring_set,19,再生布,"[""さいだいMP+10"", ""かいふく魔力+10"", ""おしゃれさ+35""]",,,,26,10,,,,20,inherit,30,50,聖者のほういの作り方,ジュレットの町・さいほうギルドの素材屋,,頭,裁縫頭,3,"[{""count"": 10, ""item_id"": 609}, {""count"": 24, ""item_id"": 784}, {""count"": 1, ""item_id"": 639}, {""count"": 8, ""item_id"": 547}]","[[null, ""130"", null], [""120"", ""160"", ""140""]]",https://draquex.com/bougu/0-zenbu.php,https://draquex.com/bougu/a-50-11.php,,1,"2026-03-12 01:46:17","2026-07-23 15:19:03"
1238,bougu_50_2_body_top,聖者のほうい,"Saint's Vestment",set_6867926edc,聖者セット,tailoring_set,19,再生布,"[""さいだいMP+10"", ""かいふく魔力+10"", ""おしゃれさ+35""]",,,,33,15,,,,43,inherit,30,50,聖者のほういの作り方,ジュレットの町・さいほうギルドの素材屋,,体上,裁縫上,3,"[{""count"": 10, ""item_id"": 609}, {""count"": 30, ""item_id"": 784}, {""count"": 1, ""item_id"": 639}, {""count"": 8, ""item_id"": 547}]","[[""75"", ""40"", ""75""], [""60"", ""50"", ""60""], [""75"", ""40"", ""75""]]",https://draquex.com/bougu/0-zenbu.php,https://draquex.com/bougu/b-50-11.php,,2,"2026-03-12 01:46:17","2026-07-23 15:19:03"
1239,bougu_50_2_arm,聖者のてぶくろ,"Saint's Gloves",set_6867926edc,聖者セット,tailoring_set,19,再生布,"[""さいだいMP+10"", ""かいふく魔力+10"", ""おしゃれさ+35""]",,,,8,8,,27,,,inherit,30,50,聖者のほういの作り方,ジュレットの町・さいほうギルドの素材屋,,腕,裁縫腕,3,"[{""count"": 10, ""item_id"": 609}, {""count"": 12, ""item_id"": 784}, {""count"": 1, ""item_id"": 639}, {""count"": 8, ""item_id"": 547}]","[[""90"", ""60"", ""125""], [""90"", ""60"", ""125""]]",https://draquex.com/bougu/0-zenbu.php,https://draquex.com/bougu/d-50-9.php,,1,"2026-03-12 01:46:17","2026-07-23 15:19:03"
1240,bougu_50_2_foot,聖者のブーツ,"Saint's Boots",set_6867926edc,聖者セット,tailoring_set,19,再生布,"[""さいだいMP+10"", ""かいふく魔力+10"", ""おしゃれさ+35""]",,,,8,4,29,,,,inherit,30,50,聖者のほういの作り方,ジュレットの町・さいほうギルドの素材屋,,足,裁縫足,2,"[{""count"": 10, ""item_id"": 609}, {""count"": 12, ""item_id"": 784}, {""count"": 1, ""item_id"": 639}, {""count"": 8, ""item_id"": 547}]","[[""100"", ""175""], [""175"", ""100""]]",https://draquex.com/bougu/0-zenbu.php,https://draquex.com/bougu/e-50-11.php,,1,"2026-03-12 01:46:17","2026-07-23 15:19:03"
1241,bougu_50_3_head,インテリハット,"Scholar's Cap",set_981a368d86,インテリハットセット,tailoring_set,19,虹布,"[""こうげき魔力+10"", ""かいふく魔力+10"", ""おしゃれさ+30""]",,,,24,8,,,22,21,inherit,30,50,インテリローブのレシピ,バザーのみ,,頭,裁縫頭,3,"[{""count"": 10, ""item_id"": 609}, {""count"": 24, ""item_id"": 760}, {""count"": 1, ""item_id"": 811}, {""count"": 8, ""item_id"": 547}]","[[null, ""125"", null], [""160"", ""160"", ""160""]]",https://draquex.com/bougu/0-zenbu.php,https://draquex.com/bougu/a-50-12.php,,1,"2026-03-12 01:46:20","2026-07-23 15:19:03"
1242,bougu_50_3_body_top,インテリローブ上,"Scholar's Robe Top",set_981a368d86,インテリハットセット,tailoring_set,19,虹布,"[""こうげき魔力+10"", ""かいふく魔力+10"", ""おしゃれさ+30""]",,,,32,10,,,34,32,inherit,30,50,インテリローブのレシピ,バザーのみ,,体上,裁縫上,3,"[{""count"": 10, ""item_id"": 609}, {""count"": 30, ""item_id"": 760}, {""count"": 1, ""item_id"": 811}, {""count"": 8, ""item_id"": 547}]","[[""70"", ""40"", ""70""], [""65"", ""55"", ""65""], [""100"", ""40"", ""100""]]",https://draquex.com/bougu/0-zenbu.php,https://draquex.com/bougu/b-50-12.php,,2,"2026-03-12 01:46:20","2026-07-23 15:19:03"
1243,bougu_50_3_body_bottom,インテリローブ下,"Scholar's Robe Bottom",set_981a368d86,インテリハットセット,tailoring_set,19,虹布,"[""こうげき魔力+10"", ""かいふく魔力+10"", ""おしゃれさ+30""]",,,,19,5,,,,,inherit,30,50,インテリローブのレシピ,バザーのみ,,体下,裁縫下,2,"[{""count"": 10, ""item_id"": 609}, {""count"": 18, ""item_id"": 760}, {""count"": 1, ""item_id"": 811}, {""count"": 10, ""item_id"": 547}]","[[""140"", ""140""], [""92"", ""93""], [""70"", ""70""]]",https://draquex.com/bougu/0-zenbu.php,https://draquex.com/bougu/c-50-10.php,,2,"2026-03-12 01:46:20","2026-07-23 15:19:03"
1244,bougu_50_3_foot,インテリサンダル,"Scholar's Sandals",set_981a368d86,インテリハットセット,tailoring_set,19,虹布,"[""こうげき魔力+10"", ""かいふく魔力+10"", ""おしゃれさ+30""]",,,,7,4,29,,,,inherit,30,50,インテリローブのレシピ,バザーのみ,,足,裁縫足,2,"[{""count"": 10, ""item_id"": 609}, {""count"": 12, ""item_id"": 760}, {""count"": 1, ""item_id"": 811}, {""count"": 8, ""item_id"": 547}]","[[""150"", ""150""], [""152"", ""153""]]",https://draquex.com/bougu/0-zenbu.php,https://draquex.com/bougu/e-50-12.php,,1,"2026-03-12 01:46:20","2026-07-23 15:19:03"
1245,bougu_50_4_head,やいばのはちがね,"Spiked Circlet",set_8316b52014,やいばセット,armor_set,18,,"[""おもさ+10"", ""おしゃれさ+25""]",,,,27,7,,,,,replace,30,50,やいばの鎧の仕組み,ドルワーム王国・防具鍛冶ギルドの素材屋,,頭,鎧頭,2,"[{""count"": 8, ""item_id"": 816}, {""name"": ""まじゅうツノ"", ""count"": 4, ""item_id"": null}, {""count"": 1, ""item_id"": 552}, {""count"": 6, ""item_id"": 865}]","[[""96～103"", ""116～121""], [""156～164"", ""132～140""]]",https://draquex.com/bougu/0-zenbu.php,https://draquex.com/bougu/a-50-1.php,,5,"2026-03-12 01:46:22","2026-07-23 15:19:03"
1246,bougu_50_4_body_top,やいばのよろい上,"Spiked Armor Top",set_8316b52014,やいばセット,armor_set,18,,"[""おもさ+10"", ""おしゃれさ+25""]",,,,38,10,,,,,replace,30,50,やいばの鎧の仕組み,ドルワーム王国・防具鍛冶ギルドの素材屋,,体上,鎧上,2,"[{""count"": 8, ""item_id"": 816}, {""name"": ""ドラゴンツノ"", ""count"": 1, ""item_id"": null}, {""count"": 1, ""item_id"": 552}, {""count"": 6, ""item_id"": 865}]","[[""81～86"", ""81～86""], [""111～120"", ""111～120""], [""57～63"", ""57～63""]]",https://draquex.com/bougu/0-zenbu.php,https://draquex.com/bougu/b-50-1.php,,27,"2026-03-12 01:46:22","2026-07-23 15:19:03"
1247,bougu_50_4_body_bottom,やいばのよろい下,"Spiked Armor Bottom",set_8316b52014,やいばセット,armor_set,18,,"[""おもさ+10"", ""おしゃれさ+25""]",,,,19,5,,,,,replace,30,50,やいばの鎧の仕組み,ドルワーム王国・防具鍛冶ギルドの素材屋,,体下,鎧下,2,"[{""count"": 8, ""item_id"": 816}, {""count"": 1, ""item_id"": 752}, {""count"": 1, ""item_id"": 552}, {""count"": 6, ""item_id"": 865}]","[[""51～57"", ""51～57""], [""81～92"", ""81～92""], [""77～84"", ""77～84""], [""41～53"", ""41～53""]]",https://draquex.com/bougu/0-zenbu.php,https://draquex.com/bougu/c-50-1.php,,15,"2026-03-12 01:46:22","2026-07-23 15:19:03"
1248,bougu_50_4_arm,やいばのこて,"Spiked Gauntlets",set_8316b52014,やいばセット,armor_set,18,,"[""おもさ+10"", ""おしゃれさ+25""]",,,,8,3,,15,,,replace,30,50,やいばの鎧の仕組み,ドルワーム王国・防具鍛冶ギルドの素材屋,,腕,鎧腕,1,"[{""count"": 8, ""item_id"": 816}, {""count"": 15, ""item_id"": 699}, {""count"": 1, ""item_id"": 552}, {""count"": 6, ""item_id"": 865}]","[[""121～127""], [""203～217""], [""181～188""]]",https://draquex.com/bougu/0-zenbu.php,https://draquex.com/bougu/d-50-1.php,,7,"2026-03-12 01:46:22","2026-07-23 15:19:03"
1249,bougu_50_4_foot,やいばのグリーブ,"Spiked Greaves",set_8316b52014,やいばセット,armor_set,18,,"[""おもさ+10"", ""おしゃれさ+25""]",,,,8,3,15,,,,replace,30,50,やいばの鎧の仕組み,ドルワーム王国・防具鍛冶ギルドの素材屋,,足,鎧足,2,"[{""count"": 8, ""item_id"": 816}, {""count"": 15, ""item_id"": 698}, {""count"": 1, ""item_id"": 552}, {""count"": 6, ""item_id"": 865}]","[["""", ""101～111""], ["""", ""96～104""], [""141～151"", ""162～168""]]",https://draquex.com/bougu/0-zenbu.php,https://draquex.com/bougu/e-50-1.php,,11,"2026-03-12 01:46:22","2026-07-23 15:19:03"
1250,bougu_50_5_head,古強者のかぶと,"Veteran's Helm",set_5ca2e82020,古強者セット,armor_set,18,,"[""さいだいHP+5"", ""おもさ+8"", ""おしゃれさ+35""]",,,,29,7,,,,,replace,30,50,古強者の伝記,ドルワーム王国・防具鍛冶ギルドの素材屋,,頭,鎧頭,2,"[{""count"": 10, ""item_id"": 816}, {""count"": 24, ""item_id"": 613}, {""count"": 1, ""item_id"": 880}, {""count"": 8, ""item_id"": 865}]","[[""116～123"", ""116～123""], [""164～171"", ""164～171""]]",https://draquex.com/bougu/0-zenbu.php,https://draquex.com/bougu/a-50-2.php,,6,"2026-03-12 01:46:24","2026-07-23 15:19:03"
1251,bougu_50_5_body_top,古強者のよろい上,"Veteran's Cuirass",set_5ca2e82020,古強者セット,armor_set,18,,"[""さいだいHP+5"", ""おもさ+8"", ""おしゃれさ+35""]",,,,40,10,,,,,replace,30,50,古強者の伝記,ドルワーム王国・防具鍛冶ギルドの素材屋,,体上,鎧上,2,"[{""count"": 10, ""item_id"": 816}, {""count"": 30, ""item_id"": 613}, {""count"": 1, ""item_id"": 880}, {""count"": 8, ""item_id"": 865}]","[[""71～80"", ""71～80""], [""120～125"", ""120～125""], [""92～103"", ""92～103""]]",https://draquex.com/bougu/0-zenbu.php,https://draquex.com/bougu/b-50-2.php,,27,"2026-03-12 01:46:24","2026-07-23 15:19:03"
1252,bougu_50_5_body_bottom,古強者のよろい下,"Veteran's Faulds",set_5ca2e82020,古強者セット,armor_set,18,,"[""さいだいHP+5"", ""おもさ+8"", ""おしゃれさ+35""]",,,,21,5,,,,,replace,30,50,古強者の伝記,ドルワーム王国・防具鍛冶ギルドの素材屋,,体下,鎧下,2,"[{""count"": 10, ""item_id"": 816}, {""count"": 18, ""item_id"": 613}, {""count"": 1, ""item_id"": 880}, {""count"": 8, ""item_id"": 865}]","[[""56～62"", ""120～132""], [""64～78"", ""90～98""], [""72～80"", ""62～70""], [""48～56"", ""48～56""]]",https://draquex.com/bougu/0-zenbu.php,https://draquex.com/bougu/c-50-2.php,,15,"2026-03-12 01:46:24","2026-07-23 15:19:03"
1253,bougu_50_5_arm,古強者のこて,"Veteran's Gauntlets",set_5ca2e82020,古強者セット,armor_set,18,,"[""さいだいHP+5"", ""おもさ+8"", ""おしゃれさ+35""]",,,,9,4,,16,,,replace,30,50,古強者の伝記,ドルワーム王国・防具鍛冶ギルドの素材屋,,腕,鎧腕,1,"[{""count"": 10, ""item_id"": 816}, {""count"": 12, ""item_id"": 613}, {""count"": 1, ""item_id"": 880}, {""count"": 8, ""item_id"": 865}]","[[""141～155""], [""182～190""], [""237～242""]]",https://draquex.com/bougu/0-zenbu.php,https://draquex.com/bougu/d-50-2.php,,8,"2026-03-12 01:46:24","2026-07-23 15:19:03"
1254,bougu_50_5_foot,古強者のグリーブ,"Veteran's Greaves",set_5ca2e82020,古強者セット,armor_set,18,,"[""さいだいHP+5"", ""おもさ+8"", ""おしゃれさ+35""]",,,,9,4,16,,,,replace,30,50,古強者の伝記,ドルワーム王国・防具鍛冶ギルドの素材屋,,足,鎧足,2,"[{""count"": 10, ""item_id"": 816}, {""count"": 12, ""item_id"": 613}, {""count"": 1, ""item_id"": 880}, {""count"": 8, ""item_id"": 865}]","[["""", ""146～153""], ["""", ""116～128""], [""160～168"", ""138～146""]]",https://draquex.com/bougu/0-zenbu.php,https://draquex.com/bougu/e-50-2.php,,11,"2026-03-12 01:46:24","2026-07-23 15:19:03"
1255,armor_50_head_3,ヘヴィーヘルム,"Heavy Helmet",set_8751f27b7f,ヘヴィーセット,armor_set,,,"[""おもさ+15"", ""おしゃれさ+15""]",,,,30,4,,,,,replace,30,50,ヘヴィーなよろいの物語,ドルワーム王国・防具鍛冶ギルドの素材屋,,頭,鎧頭,2,"[{""count"": 10, ""item_id"": 816}, {""count"": 36, ""item_id"": 845}, {""count"": 1, ""item_id"": 811}, {""count"": 8, ""item_id"": 865}]","[[""145～153"", ""125～130""], [""125～130"", ""165～175""]]",https://draquex.com/bougu/0-zenbu.php,https://draquex.com/bougu/a-50-3.php,,16,"2026-03-12 01:46:26","2026-07-23 15:19:03"
1256,armor_50_bodyup_3,ヘヴィーアーマー上,"Heavy Armor Top",set_8751f27b7f,ヘヴィーセット,armor_set,,,"[""おもさ+15"", ""おしゃれさ+15""]",,,,41,8,,,,,replace,30,50,ヘヴィーなよろいの物語,ドルワーム王国・防具鍛冶ギルドの素材屋,,体上,鎧上,2,"[{""count"": 10, ""item_id"": 816}, {""count"": 45, ""item_id"": 845}, {""count"": 1, ""item_id"": 811}, {""count"": 8, ""item_id"": 865}]","[[""120～131"", ""120～131""], [""90～98"", ""90～98""], [""70～76"", ""70～76""]]",https://draquex.com/bougu/0-zenbu.php,https://draquex.com/bougu/b-50-3.php,,29,"2026-03-12 01:46:26","2026-07-23 15:19:03"
1257,armor_50_bodydown_3,ヘヴィーアーマー下,"Heavy Armor Bottom",set_8751f27b7f,ヘヴィーセット,armor_set,,,"[""おもさ+15"", ""おしゃれさ+15""]",,,,24,4,,,,,replace,30,50,ヘヴィーなよろいの物語,ドルワーム王国・防具鍛冶ギルドの素材屋,,体下,鎧下,2,"[{""count"": 10, ""item_id"": 816}, {""count"": 27, ""item_id"": 845}, {""count"": 1, ""item_id"": 811}, {""count"": 8, ""item_id"": 865}]","[[""55～64"", ""55～64""], [""65～75"", ""65～75""], [""75～85"", ""75～85""], [""85～92"", ""85～92""]]",https://draquex.com/bougu/0-zenbu.php,https://draquex.com/bougu/c-50-3.php,,17,"2026-03-12 01:46:26","2026-07-23 15:19:03"
1258,armor_50_arm_3,ヘヴィーグローブ,"Heavy Gloves",set_8751f27b7f,ヘヴィーセット,armor_set,,,"[""おもさ+15"", ""おしゃれさ+15""]",,,,9,4,,16,,,replace,30,50,ヘヴィーなよろいの物語,ドルワーム王国・防具鍛冶ギルドの素材屋,,腕,鎧腕,1,"[{""count"": 10, ""item_id"": 816}, {""count"": 18, ""item_id"": 845}, {""count"": 1, ""item_id"": 811}, {""count"": 8, ""item_id"": 865}]","[[""210～216""], [""140～155""], [""210～216""]]",https://draquex.com/bougu/0-zenbu.php,https://draquex.com/bougu/d-50-3.php,,9,"2026-03-12 01:46:26","2026-07-23 15:19:03"
1259,armor_50_foot_3,ヘヴィーグリーブ,"Heavy Greaves",set_8751f27b7f,ヘヴィーセット,armor_set,,,"[""おもさ+15"", ""おしゃれさ+15""]",,,,9,4,16,,,,replace,30,50,ヘヴィーなよろいの物語,ドルワーム王国・防具鍛冶ギルドの素材屋,,足,鎧足,2,"[{""count"": 10, ""item_id"": 816}, {""count"": 18, ""item_id"": 845}, {""count"": 1, ""item_id"": 811}, {""count"": 8, ""item_id"": 865}]","[[""100-104"", """"], [""140-148"", """"], [""180-190"", ""140-152""]]",https://draquex.com/bougu/0-zenbu.php,https://draquex.com/bougu/e-50-3.php,,13,"2026-03-12 01:46:26","2026-07-23 15:19:03"
1260,bougu_50_6_head,ファントムカチーフ,"Phantom Kerchief",set_d924c275cd,ファントムセット,armor_set,22,,"[""おしゃれさ+40"", ""不意をつく確率+3%""]",,,,26,20,,,9,,replace,30,50,ファントムマントの秘密,ドルワーム王国・防具鍛冶ギルドの素材屋,,頭,鎧頭,2,"[{""count"": 10, ""item_id"": 816}, {""count"": 12, ""item_id"": 868}, {""count"": 1, ""item_id"": 782}, {""count"": 8, ""item_id"": 865}]","[[""120-124"", ""120-124""], [""160-170"", ""160-170""]]",https://draquex.com/bougu/0-zenbu.php,https://draquex.com/bougu/a-50-8.php,,3,"2026-03-12 01:46:30","2026-07-23 15:19:03"
1261,bougu_50_6_body_top,ファントムマント,"Phantom Cloak",set_d924c275cd,ファントムセット,armor_set,22,,"[""おしゃれさ+40"", ""不意をつく確率+3%""]",,,,39,43,,,15,,replace,30,50,ファントムマントの秘密,ドルワーム王国・防具鍛冶ギルドの素材屋,,体上,鎧上,2,"[{""count"": 10, ""item_id"": 816}, {""count"": 15, ""item_id"": 868}, {""count"": 1, ""item_id"": 782}, {""count"": 8, ""item_id"": 865}]","[[""92～100"", ""92～100""], [""110～115"", ""110～115""], [""78～85"", ""78～85""]]",https://draquex.com/bougu/0-zenbu.php,https://draquex.com/bougu/b-50-8.php,,10,"2026-03-12 01:46:30","2026-07-23 15:19:03"
1262,bougu_50_6_arm,ファントムアーム,"Phantom Armguards",set_d924c275cd,ファントムセット,armor_set,22,,"[""おしゃれさ+40"", ""不意をつく確率+3%""]",,,,8,9,,34,,,replace,30,50,ファントムマントの秘密,ドルワーム王国・防具鍛冶ギルドの素材屋,,腕,鎧腕,1,"[{""count"": 10, ""item_id"": 816}, {""count"": 6, ""item_id"": 868}, {""count"": 1, ""item_id"": 782}, {""count"": 8, ""item_id"": 865}]","[[""210～220""], [""160～168""], [""190～200""]]",https://draquex.com/bougu/0-zenbu.php,https://draquex.com/bougu/d-50-8.php,,3,"2026-03-12 01:46:30","2026-07-23 15:19:03"
1263,bougu_50_6_foot,ファントムブーツ,"Phantom Boots",set_d924c275cd,ファントムセット,armor_set,22,,"[""おしゃれさ+40"", ""不意をつく確率+3%""]",,,,8,9,34,,,,replace,30,50,ファントムマントの秘密,ドルワーム王国・防具鍛冶ギルドの素材屋,,足,鎧足,2,"[{""count"": 10, ""item_id"": 816}, {""count"": 6, ""item_id"": 868}, {""count"": 1, ""item_id"": 782}, {""count"": 8, ""item_id"": 865}]","[["""", ""110～118""], ["""", ""110～118""], [""160～166"", ""180～192""]]",https://draquex.com/bougu/0-zenbu.php,https://draquex.com/bougu/e-50-8.php,,3,"2026-03-12 01:46:30","2026-07-23 15:19:03"
1264,bougu_50_7_head,マスターハット,"Master Hat",set_f2383a2824,マスターハットセット,tailoring_set,22,虹布,"[""おしゃれさ+40""]",,,,24,17,,,5,5,replace,30,50,マスターベストのレシピ,ジュレットの町・さいほうギルドの素材屋,,頭,裁縫頭,3,"[{""count"": 8, ""item_id"": 609}, {""count"": 8, ""item_id"": 651}, {""count"": 1, ""item_id"": 782}, {""count"": 6, ""item_id"": 547}]","[[null, ""125"", null], [""125"", ""125"", ""125""]]",https://draquex.com/bougu/0-zenbu.php,https://draquex.com/bougu/a-50-4.php,,3,"2026-03-12 01:46:32","2026-07-23 15:19:03"
1265,bougu_50_7_body_top,マスターベスト,"Master Vest",set_f2383a2824,マスターハットセット,tailoring_set,22,虹布,"[""おしゃれさ+40""]",,,,34,25,,,,,replace,30,50,マスターベストのレシピ,ジュレットの町・さいほうギルドの素材屋,,体上,裁縫上,3,"[{""count"": 8, ""item_id"": 609}, {""count"": 3, ""item_id"": 868}, {""count"": 1, ""item_id"": 782}, {""count"": 6, ""item_id"": 547}]","[[""70"", ""35"", ""70""], [""55"", ""40"", ""55""], [""70"", ""35"", ""70""]]",https://draquex.com/bougu/0-zenbu.php,https://draquex.com/bougu/b-50-4.php,,5,"2026-03-12 01:46:32","2026-07-23 15:19:03"
1266,bougu_50_7_body_bottom,マスタースラックス,"Master Slacks",set_f2383a2824,マスターハットセット,tailoring_set,22,虹布,"[""おしゃれさ+40""]",,,,17,13,,,,,replace,30,50,マスターベストのレシピ,ジュレットの町・さいほうギルドの素材屋,,体下,裁縫下,2,"[{""count"": 8, ""item_id"": 609}, {""count"": 20, ""item_id"": 801}, {""count"": 1, ""item_id"": 782}, {""count"": 6, ""item_id"": 547}]","[[""83"", ""83""], [""83"", ""83""], [""83"", ""83""]]",https://draquex.com/bougu/0-zenbu.php,https://draquex.com/bougu/c-50-4.php,,3,"2026-03-12 01:46:32","2026-07-23 15:19:03"
1267,bougu_50_7_arm,マスターアーム,"Master Armguards",set_f2383a2824,マスターハットセット,tailoring_set,22,虹布,"[""おしゃれさ+40""]",,,,7,7,,30,,,replace,30,50,マスターベストのレシピ,ジュレットの町・さいほうギルドの素材屋,,腕,裁縫腕,3,"[{""count"": 8, ""item_id"": 609}, {""count"": 5, ""item_id"": 825}, {""count"": 1, ""item_id"": 782}, {""count"": 6, ""item_id"": 547}]","[[""85"", ""50"", ""115""], [""85"", ""50"", ""115""]]",https://draquex.com/bougu/0-zenbu.php,https://draquex.com/bougu/d-50-4.php,,2,"2026-03-12 01:46:32","2026-07-23 15:19:03"
1268,bougu_50_7_foot,マスターシューズ,"Master Shoes",set_f2383a2824,マスターハットセット,tailoring_set,22,虹布,"[""おしゃれさ+40""]",,,,7,7,33,,,,replace,30,50,マスターベストのレシピ,ジュレットの町・さいほうギルドの素材屋,,足,裁縫足,2,"[{""count"": 8, ""item_id"": 609}, {""count"": 1, ""item_id"": 752}, {""count"": 1, ""item_id"": 782}, {""count"": 6, ""item_id"": 547}]","[[""150"", ""100""], [""150"", ""100""]]",https://draquex.com/bougu/0-zenbu.php,https://draquex.com/bougu/e-50-4.php,,2,"2026-03-12 01:46:32","2026-07-23 15:19:03"
1269,bougu_50_8_head,バトルティアラ,"Battle Tiara",set_3e77d3c362,バトルセット,armor_set,23,,"[""さいだいHP+5"", ""さいだいMP+2"", ""おしゃれさ+35"", ""身かわし率+3.0%""]",,,,28,8,,,,,inherit,30,50,バトルドレスのレシピ,ドルワーム王国・防具鍛冶ギルドの素材屋,,頭,鎧頭,2,"[{""count"": 10, ""item_id"": 816}, {""count"": 24, ""item_id"": 844}, {""count"": 1, ""item_id"": 639}, {""count"": 8, ""item_id"": 865}]","[[""125～130"", ""125～130""], [""155～164"", ""155～164""]]",https://draquex.com/bougu/0-zenbu.php,https://draquex.com/bougu/a-50-7.php,,3,"2026-03-12 01:46:34","2026-07-23 15:19:03"
1270,bougu_50_8_body_top,バトルドレス上,"Battle Top",set_3e77d3c362,バトルセット,armor_set,23,,"[""さいだいHP+5"", ""さいだいMP+2"", ""おしゃれさ+35"", ""身かわし率+3.0%""]",,,,37,11,,,,,inherit,30,50,バトルドレスのレシピ,ドルワーム王国・防具鍛冶ギルドの素材屋,,体上,鎧上,2,"[{""count"": 10, ""item_id"": 816}, {""count"": 30, ""item_id"": 844}, {""count"": 1, ""item_id"": 639}, {""count"": 8, ""item_id"": 865}]","[[""108～116"", ""108～116""], [""96～100"", ""96～100""], [""76～84"", ""76～84""]]",https://draquex.com/bougu/0-zenbu.php,https://draquex.com/bougu/b-50-7.php,,4,"2026-03-12 01:46:34","2026-07-23 15:19:03"
1271,bougu_50_8_body_bottom,バトルドレス下,"Battle Pants",set_3e77d3c362,バトルセット,armor_set,23,,"[""さいだいHP+5"", ""さいだいMP+2"", ""おしゃれさ+35"", ""身かわし率+3.0%""]",,,,19,5,,,,,inherit,30,50,バトルドレスのレシピ,ドルワーム王国・防具鍛冶ギルドの素材屋,,体下,鎧下,2,"[{""count"": 10, ""item_id"": 816}, {""count"": 18, ""item_id"": 844}, {""count"": 1, ""item_id"": 639}, {""count"": 8, ""item_id"": 865}]","[[""72～76"", ""72～76""], [""90～98"", ""90～98""], [""56～68"", ""56～68""], [""62～74"", ""62～74""]]",https://draquex.com/bougu/0-zenbu.php,https://draquex.com/bougu/c-50-7.php,,3,"2026-03-12 01:46:34","2026-07-23 15:19:03"
1272,bougu_50_8_arm,バトルガントレット,"Battle Gauntlets",set_3e77d3c362,バトルセット,armor_set,23,,"[""さいだいHP+5"", ""さいだいMP+2"", ""おしゃれさ+35"", ""身かわし率+3.0%""]",,,,7,5,,28,,,inherit,30,50,バトルドレスのレシピ,ドルワーム王国・防具鍛冶ギルドの素材屋,,腕,鎧腕,1,"[{""count"": 10, ""item_id"": 816}, {""count"": 12, ""item_id"": 844}, {""count"": 1, ""item_id"": 639}, {""count"": 8, ""item_id"": 865}]","[[""160～174""], [""220～228""], [""180～186""]]",https://draquex.com/bougu/0-zenbu.php,https://draquex.com/bougu/d-50-7.php,,1,"2026-03-12 01:46:34","2026-07-23 15:19:03"
1273,bougu_50_8_foot,バトルグリーブ,"Battle Greaves",set_3e77d3c362,バトルセット,armor_set,23,,"[""さいだいHP+5"", ""さいだいMP+2"", ""おしゃれさ+35"", ""身かわし率+3.0%""]",,,,7,5,33,,,,inherit,30,50,バトルドレスのレシピ,ドルワーム王国・防具鍛冶ギルドの素材屋,,足,鎧足,2,"[{""count"": 10, ""item_id"": 816}, {""count"": 12, ""item_id"": 844}, {""count"": 1, ""item_id"": 639}, {""count"": 8, ""item_id"": 865}]","[["""", ""115～120""], ["""", ""130～135""], [""165～180"", ""150～170""]]",https://draquex.com/bougu/0-zenbu.php,https://draquex.com/bougu/e-50-7.php,,2,"2026-03-12 01:46:34","2026-07-23 15:19:03"
1274,bougu_50_9_head,無法者のバンダナ,"Freebooter's Bandana",set_1a3e758d21,無法者セット,tailoring_set,21,再生布,"[""すばやさ+8"", ""おしゃれさ+10""]",,,,35,3,,,,,replace,30,50,無法者のベストライフ,ジュレットの町・さいほうギルドの素材屋,,頭,裁縫頭,3,"[{""count"": 8, ""item_id"": 609}, {""count"": 15, ""item_id"": 674}, {""count"": 1, ""item_id"": 552}, {""count"": 6, ""item_id"": 547}]","[[null, ""100"", null], [""125"", ""150"", ""125""]]",https://draquex.com/bougu/0-zenbu.php,https://draquex.com/bougu/a-50-5.php,,2,"2026-03-12 01:46:36","2026-07-23 15:19:03"
1275,bougu_50_9_body_top,無法者のベスト,"Freebooter's Bolero",set_1a3e758d21,無法者セット,tailoring_set,21,再生布,"[""すばやさ+8"", ""おしゃれさ+10""]",,,,36,5,,,,,replace,30,50,無法者のベストライフ,ジュレットの町・さいほうギルドの素材屋,,体上,裁縫上,3,"[{""count"": 8, ""item_id"": 609}, {""count"": 30, ""item_id"": 801}, {""count"": 1, ""item_id"": 552}, {""count"": 6, ""item_id"": 547}]","[[""80"", ""35"", ""70""], [""45"", ""50"", ""45""], [""60"", ""35"", ""80""]]",https://draquex.com/bougu/0-zenbu.php,https://draquex.com/bougu/b-50-5.php,,4,"2026-03-12 01:46:36","2026-07-23 15:19:03"
1276,bougu_50_9_body_bottom,無法者のズボン,"Freebooter's Trousers",set_1a3e758d21,無法者セット,tailoring_set,21,再生布,"[""すばやさ+8"", ""おしゃれさ+10""]",,,,18,3,,,,,replace,30,50,無法者のベストライフ,ジュレットの町・さいほうギルドの素材屋,,体下,裁縫下,2,"[{""count"": 8, ""item_id"": 609}, {""count"": 5, ""item_id"": 762}, {""count"": 1, ""item_id"": 552}, {""count"": 6, ""item_id"": 547}]","[[""110"", ""110""], [""80"", ""80""], [""60"", ""60""]]",https://draquex.com/bougu/0-zenbu.php,https://draquex.com/bougu/c-50-5.php,,3,"2026-03-12 01:46:36","2026-07-23 15:19:03"
1277,bougu_50_9_arm,無法者のうでわ,"Freebooter's Bracers",set_1a3e758d21,無法者セット,tailoring_set,21,再生布,"[""すばやさ+8"", ""おしゃれさ+10""]",,,,7,2,,26,,,replace,30,50,無法者のベストライフ,ジュレットの町・さいほうギルドの素材屋,,腕,裁縫腕,3,"[{""count"": 8, ""item_id"": 609}, {""count"": 18, ""item_id"": 535}, {""count"": 1, ""item_id"": 552}, {""count"": 6, ""item_id"": 547}]","[[""60"", ""120"", ""70""], [""60"", ""120"", ""70""]]",https://draquex.com/bougu/0-zenbu.php,https://draquex.com/bougu/d-50-5.php,,1,"2026-03-12 01:46:36","2026-07-23 15:19:03"
1278,bougu_50_9_foot,無法者のブーツ,"Freebooter's Boots",set_1a3e758d21,無法者セット,tailoring_set,21,再生布,"[""すばやさ+8"", ""おしゃれさ+10""]",,,,7,2,30,,,,replace,30,50,無法者のベストライフ,ジュレットの町・さいほうギルドの素材屋,,足,裁縫足,2,"[{""count"": 8, ""item_id"": 609}, {""count"": 30, ""item_id"": 857}, {""count"": 1, ""item_id"": 552}, {""count"": 6, ""item_id"": 547}]","[[""100"", ""100""], [""150"", ""150""]]",https://draquex.com/bougu/0-zenbu.php,https://draquex.com/bougu/e-50-5.php,,2,"2026-03-12 01:46:36","2026-07-23 15:19:03"
1279,bougu_50_10_head,トレジャーキャップ,"Treasure Cap",set_6a4d10bf90,トレジャーキャップセット,tailoring_set,21,再生布,"[""さいだいHP+5"", ""きようさ+8"", ""おしゃれさ+25""]",,,,28,8,,,,,replace,30,50,トレジャーなコート図鑑,ジュレットの町・さいほうギルドの素材屋,,頭,裁縫頭,3,"[{""count"": 10, ""item_id"": 609}, {""count"": 24, ""item_id"": 651}, {""count"": 1, ""item_id"": 880}, {""count"": 8, ""item_id"": 547}]","[[null, ""175"", null], [""100"", ""175"", ""100""]]",https://draquex.com/bougu/0-zenbu.php,https://draquex.com/bougu/a-50-6.php,,3,"2026-03-12 01:46:38","2026-07-23 15:19:03"
1280,bougu_50_10_body_top,トレジャーコート上,"Treasure Coat Top",set_6a4d10bf90,トレジャーキャップセット,tailoring_set,21,再生布,"[""さいだいHP+5"", ""きようさ+8"", ""おしゃれさ+25""]",,,,38,10,,,,,replace,30,50,トレジャーなコート図鑑,ジュレットの町・さいほうギルドの素材屋,,体上,裁縫上,3,"[{""count"": 10, ""item_id"": 609}, {""count"": 30, ""item_id"": 651}, {""count"": 1, ""item_id"": 880}, {""count"": 8, ""item_id"": 547}]","[[""100"", ""40"", ""50""], [""60"", ""50"", ""60""], [""50"", ""40"", ""100""]]",https://draquex.com/bougu/0-zenbu.php,https://draquex.com/bougu/b-50-6.php,,5,"2026-03-12 01:46:38","2026-07-23 15:19:03"
1281,bougu_50_10_body_bottom,トレジャーコート下,"Treasure Coat Bottom",set_6a4d10bf90,トレジャーキャップセット,tailoring_set,21,再生布,"[""さいだいHP+5"", ""きようさ+8"", ""おしゃれさ+25""]",,,,20,5,,,,,replace,30,50,トレジャーなコート図鑑,ジュレットの町・さいほうギルドの素材屋,,体下,裁縫下,2,"[{""count"": 10, ""item_id"": 609}, {""count"": 18, ""item_id"": 651}, {""count"": 1, ""item_id"": 880}, {""count"": 8, ""item_id"": 547}]","[[""105"", ""105""], [""90"", ""90""], [""80"", ""80""]]",https://draquex.com/bougu/0-zenbu.php,https://draquex.com/bougu/c-50-6.php,,3,"2026-03-12 01:46:38","2026-07-23 15:19:03"
1282,bougu_50_10_arm,トレジャーグローブ,"Treasure Gloves",set_6a4d10bf90,トレジャーキャップセット,tailoring_set,21,再生布,"[""さいだいHP+5"", ""きようさ+8"", ""おしゃれさ+25""]",,,,7,4,,31,,,replace,30,50,トレジャーなコート図鑑,ジュレットの町・さいほうギルドの素材屋,,腕,裁縫腕,3,"[{""count"": 10, ""item_id"": 609}, {""count"": 12, ""item_id"": 651}, {""count"": 1, ""item_id"": 880}, {""count"": 8, ""item_id"": 547}]","[[""85"", ""70"", ""120""], [""120"", ""70"", ""85""]]",https://draquex.com/bougu/0-zenbu.php,https://draquex.com/bougu/d-50-6.php,,2,"2026-03-12 01:46:38","2026-07-23 15:19:03"
1283,bougu_50_10_foot,トレジャーブーツ,"Treasure Boots",set_6a4d10bf90,トレジャーキャップセット,tailoring_set,21,再生布,"[""さいだいHP+5"", ""きようさ+8"", ""おしゃれさ+25""]",,,,7,4,35,,,,replace,30,50,トレジャーなコート図鑑,ジュレットの町・さいほうギルドの素材屋,,足,裁縫足,2,"[{""count"": 10, ""item_id"": 609}, {""count"": 12, ""item_id"": 651}, {""count"": 1, ""item_id"": 880}, {""count"": 8, ""item_id"": 547}]","[[""110"", ""110""], [""165"", ""165""]]",https://draquex.com/bougu/0-zenbu.php,https://draquex.com/bougu/e-50-6.php,,2,"2026-03-12 01:46:38","2026-07-23 15:19:03"
1284,bougu_50_11_head,占星術師のターバン,"Astrologer Turban",set_24c5307471,占星術師セット,tailoring_set,22,虹布,"[""こうげき魔力+10"", ""おしゃれさ+35""]",,,,25,13,,,21,,replace,30,50,占星術師のローブの本,ジュレットの町・さいほうギルドの素材屋,,頭,裁縫頭,3,"[{""count"": 10, ""item_id"": 609}, {""count"": 24, ""item_id"": 821}, {""count"": 1, ""item_id"": 782}, {""count"": 8, ""item_id"": 547}]","[[null, ""125"", null], [""125"", ""175"", ""125""]]",https://draquex.com/bougu/0-zenbu.php,https://draquex.com/bougu/a-50-10.php,,1,"2026-03-12 01:46:41","2026-07-23 15:19:03"
1285,bougu_50_11_body_top,占星術師のローブ上,"Astrologer Upper Robe",set_24c5307471,占星術師セット,tailoring_set,22,虹布,"[""こうげき魔力+10"", ""おしゃれさ+35""]",,,,33,16,,,32,,replace,30,50,占星術師のローブの本,ジュレットの町・さいほうギルドの素材屋,,体上,裁縫上,3,"[{""count"": 10, ""item_id"": 609}, {""count"": 30, ""item_id"": 821}, {""count"": 1, ""item_id"": 782}, {""count"": 8, ""item_id"": 547}]","[[""65"", ""40"", ""65""], [""55"", ""50"", ""55""], [""90"", ""40"", ""90""]]",https://draquex.com/bougu/0-zenbu.php,https://draquex.com/bougu/b-50-10.php,,3,"2026-03-12 01:46:41","2026-07-23 15:19:03"
1286,bougu_50_11_body_bottom,占星術師のローブ下,"Astrologer Lower Robe",set_24c5307471,占星術師セット,tailoring_set,22,虹布,"[""こうげき魔力+10"", ""おしゃれさ+35""]",,,,20,9,,,,,replace,30,50,占星術師のローブの本,ジュレットの町・さいほうギルドの素材屋,,体下,裁縫下,2,"[{""count"": 10, ""item_id"": 609}, {""count"": 18, ""item_id"": 821}, {""count"": 1, ""item_id"": 782}, {""count"": 8, ""item_id"": 547}]","[[""120"", ""120""], [""90"", ""90""], [""65"", ""65""]]",https://draquex.com/bougu/0-zenbu.php,https://draquex.com/bougu/c-50-9.php,,3,"2026-03-12 01:46:41","2026-07-23 15:19:03"
1287,bougu_50_11_foot,占星術師のブーツ,"Astrologer Boots",set_24c5307471,占星術師セット,tailoring_set,22,虹布,"[""こうげき魔力+10"", ""おしゃれさ+35""]",,,,8,4,29,,,,replace,30,50,占星術師のローブの本,ジュレットの町・さいほうギルドの素材屋,,足,裁縫足,2,"[{""count"": 10, ""item_id"": 609}, {""count"": 12, ""item_id"": 821}, {""count"": 1, ""item_id"": 782}, {""count"": 8, ""item_id"": 547}]","[[""175"", ""125""], [""125"", ""125""]]",https://draquex.com/bougu/0-zenbu.php,https://draquex.com/bougu/e-50-10.php,,1,"2026-03-12 01:46:41","2026-07-23 15:19:03"
1288,bougu_42_1_head,司祭のぼうし,"Pastor's Hat",set_6139cad91a,司祭セット,tailoring_set,19,再生布,"[""さいだいMP+4"", ""かいふく魔力+10"", ""おしゃれさ+30""]",,,,20,8,,,0,17,replace,25,42,司祭のほういの作り方,メギストリスの都のレシピ屋,,頭,裁縫頭,3,"[{""count"": 6, ""item_id"": 609}, {""count"": 1, ""item_id"": 850}, {""count"": 2, ""item_id"": 801}, {""count"": 3, ""item_id"": 547}]","[[null, ""112"", null], [""112"", ""112"", ""112""]]",https://draquex.com/bougu/0-zenbu.php,https://draquex.com/bougu/a-42-7.php,,1,"2026-03-12 01:46:43","2026-07-23 15:19:03"
1289,bougu_42_1_body_top,司祭のほうい,"Pastor's Vestment",set_6139cad91a,司祭セット,tailoring_set,19,再生布,"[""さいだいMP+4"", ""かいふく魔力+10"", ""おしゃれさ+30""]",,,,24,12,,,0,28,replace,25,42,司祭のほういの作り方,メギストリスの都のレシピ屋,,体上,裁縫上,3,"[{""count"": 6, ""item_id"": 609}, {""count"": 2, ""item_id"": 551}, {""count"": 1, ""item_id"": 703}, {""count"": 4, ""item_id"": 547}]","[[""60"", ""35"", ""60""], [""40"", ""50"", ""40""], [""60"", ""35"", ""70""]]",https://draquex.com/bougu/0-zenbu.php,https://draquex.com/bougu/b-42-7.php,,2,"2026-03-12 01:46:43","2026-07-23 15:19:03"
1290,bougu_42_1_arm,司祭のてぶくろ,"Pastor's Gloves",set_6139cad91a,司祭セット,tailoring_set,19,再生布,"[""さいだいMP+4"", ""かいふく魔力+10"", ""おしゃれさ+30""]",,,,5,3,,25,,,replace,25,42,司祭のほういの作り方,メギストリスの都のレシピ屋,,腕,裁縫腕,3,"[{""count"": 5, ""item_id"": 609}, {""count"": 2, ""item_id"": 669}, {""count"": 3, ""item_id"": 841}, {""count"": 2, ""item_id"": 547}]","[[""75"", ""45"", ""105""], [""105"", ""45"", ""75""]]",https://draquex.com/bougu/0-zenbu.php,https://draquex.com/bougu/d-42-6.php,,1,"2026-03-12 01:46:43","2026-07-23 15:19:03"
1291,bougu_42_1_foot,司祭のブーツ,"Pastor's Boots",set_6139cad91a,司祭セット,tailoring_set,19,再生布,"[""さいだいMP+4"", ""かいふく魔力+10"", ""おしゃれさ+30""]",,,,5,3,25,,,,replace,25,42,司祭のほういの作り方,メギストリスの都のレシピ屋,,足,裁縫足,2,"[{""count"": 4, ""item_id"": 609}, {""count"": 1, ""item_id"": 784}, {""count"": 3, ""item_id"": 841}, {""count"": 2, ""item_id"": 547}]","[[""120"", ""140""], [""100"", ""90""]]",https://draquex.com/bougu/0-zenbu.php,https://draquex.com/bougu/e-42-7.php,,1,"2026-03-12 01:46:43","2026-07-23 15:19:03"
1292,bougu_42_2_head,水のサークレット,"Flowing Circlet",set_5b7ca944c5,水のはごろもセット,tailoring_set,19,虹布,"[""おしゃれさ+30"", ""炎ダメージ20%減""]",,,,22,8,,,16,16,replace,25,42,水のはごろも物語,バザーのみ,,頭,裁縫頭,3,"[{""count"": 6, ""item_id"": 609}, {""count"": 1, ""item_id"": 810}, {""count"": 1, ""item_id"": 856}, {""count"": 3, ""item_id"": 547}]","[[null, ""60"", null], [""120"", ""150"", ""120""]]",https://draquex.com/bougu/0-zenbu.php,https://draquex.com/bougu/a-42-8.php,,1,"2026-03-12 01:46:46","2026-07-23 15:19:03"
1293,bougu_42_2_body_top,水のはごろも上,"Flowing Dress Top",set_5b7ca944c5,水のはごろもセット,tailoring_set,19,虹布,"[""おしゃれさ+30"", ""炎ダメージ20%減""]",,,,29,12,,,24,24,replace,25,42,水のはごろも物語,バザーのみ,,体上,裁縫上,3,"[{""count"": 6, ""item_id"": 609}, {""count"": 1, ""item_id"": 745}, {""count"": 1, ""item_id"": 735}, {""count"": 4, ""item_id"": 547}]","[[""70"", ""35"", ""70""], [""45"", ""40"", ""45""], [""55"", ""35"", ""55""]]",https://draquex.com/bougu/0-zenbu.php,https://draquex.com/bougu/b-42-8.php,,1,"2026-03-12 01:46:46","2026-07-23 15:19:03"
1294,bougu_42_2_body_bottom,水のはごろも下,"Flowing Dress Bottom",set_5b7ca944c5,水のはごろもセット,tailoring_set,19,虹布,"[""おしゃれさ+30"", ""炎ダメージ20%減""]",,,,17,6,,,,,replace,25,42,水のはごろも物語,バザーのみ,,体下,裁縫下,2,"[{""count"": 5, ""item_id"": 609}, {""count"": 3, ""item_id"": 703}, {""count"": 3, ""item_id"": 667}, {""count"": 2, ""item_id"": 547}]","[[""60"", ""60""], [""75"", ""75""], [""90"", ""90""]]",https://draquex.com/bougu/0-zenbu.php,https://draquex.com/bougu/c-42-6.php,,2,"2026-03-12 01:46:46","2026-07-23 15:19:03"
1295,bougu_42_2_foot,水の脚帯,"Flowing Boots",set_5b7ca944c5,水のはごろもセット,tailoring_set,19,虹布,"[""おしゃれさ+30"", ""炎ダメージ20%減""]",,,,6,3,26,,,,replace,25,42,水のはごろも物語,バザーのみ,,足,裁縫足,2,"[{""count"": 4, ""item_id"": 609}, {""count"": 4, ""item_id"": 535}, {""count"": 2, ""item_id"": 846}, {""count"": 2, ""item_id"": 547}]","[[""95"", ""95""], [""130"", ""130""]]",https://draquex.com/bougu/0-zenbu.php,https://draquex.com/bougu/e-42-8.php,,1,"2026-03-12 01:46:46","2026-07-23 15:19:03"
1296,bougu_42_3_head,ホーリーカロット,"Holy Headwear",set_b03ca8217c,ホーリーローブセット,tailoring_set,19,再生布,"[""おしゃれさ+30""]",,,,20,8,,,16,16,replace,25,42,ホーリーローブのレシピ,メギストリスの都のレシピ屋,,頭,裁縫頭,3,"[{""count"": 6, ""item_id"": 609}, {""count"": 3, ""item_id"": 881}, {""count"": 1, ""item_id"": 861}, {""count"": 3, ""item_id"": 547}]","[[null, ""125"", null], [""75"", ""175"", ""75""]]",https://draquex.com/bougu/0-zenbu.php,https://draquex.com/bougu/a-42-6.php,,1,"2026-03-12 01:46:48","2026-07-23 15:19:03"
1297,bougu_42_3_body_top,ホーリーローブ上,"Holy Robe Top",set_b03ca8217c,ホーリーローブセット,tailoring_set,19,再生布,"[""おしゃれさ+30""]",,,,28,12,,,26,26,replace,25,42,ホーリーローブのレシピ,メギストリスの都のレシピ屋,,体上,裁縫上,3,"[{""count"": 6, ""item_id"": 609}, {""count"": 2, ""item_id"": 551}, {""count"": 1, ""item_id"": 861}, {""count"": 4, ""item_id"": 547}]","[[""55"", ""35"", ""55""], [""50"", ""40"", ""50""], [""65"", ""35"", ""65""]]",https://draquex.com/bougu/0-zenbu.php,https://draquex.com/bougu/b-42-6.php,,2,"2026-03-12 01:46:48","2026-07-23 15:19:03"
1298,bougu_42_3_body_bottom,ホーリーローブ下,"Holy Robe Bottom",set_b03ca8217c,ホーリーローブセット,tailoring_set,19,再生布,"[""おしゃれさ+30""]",,,,16,6,,,,,replace,25,42,ホーリーローブのレシピ,メギストリスの都のレシピ屋,,体下,裁縫下,2,"[{""count"": 5, ""item_id"": 609}, {""count"": 1, ""item_id"": 703}, {""count"": 3, ""item_id"": 627}, {""count"": 2, ""item_id"": 547}]","[[""130"", ""90""], [""65"", ""65""], [""50"", ""50""]]",https://draquex.com/bougu/0-zenbu.php,https://draquex.com/bougu/c-42-5.php,,3,"2026-03-12 01:46:48","2026-07-23 15:19:03"
1299,bougu_42_3_foot,ホーリーブーツ,"Holy Boots",set_b03ca8217c,ホーリーローブセット,tailoring_set,19,再生布,"[""おしゃれさ+30""]",,,,5,3,24,,,,replace,25,42,ホーリーローブのレシピ,メギストリスの都のレシピ屋,,足,裁縫足,2,"[{""count"": 4, ""item_id"": 609}, {""count"": 2, ""item_id"": 535}, {""count"": 1, ""item_id"": 861}, {""count"": 2, ""item_id"": 547}]","[[""115"", ""115""], [""115"", ""115""]]",https://draquex.com/bougu/0-zenbu.php,https://draquex.com/bougu/e-42-6.php,,1,"2026-03-12 01:46:48","2026-07-23 15:19:03"
1300,bougu_42_4_head,きじゅつしのぼうし,"Illusionist's Hat",set_675ef500e9,きじゅつしセット,tailoring_set,19,虹布,"[""すばやさ+4"", ""きようさ+4"", ""おしゃれさ+30""]",,,,19,8,,,13,13,replace,25,42,きじゅつしのネタ帳,メギストリスの都のレシピ屋,,頭,裁縫頭,3,"[{""count"": 6, ""item_id"": 609}, {""count"": 2, ""item_id"": 671}, {""count"": 1, ""item_id"": 673}, {""count"": 3, ""item_id"": 547}]","[[null, ""90"", null], [""105"", ""135"", ""120""]]",https://draquex.com/bougu/0-zenbu.php,https://draquex.com/bougu/a-42-3.php,,3,"2026-03-12 01:46:50","2026-07-23 15:19:03"
1301,bougu_42_4_body_top,きじゅつしの服,"Illusionist's Shirt",set_675ef500e9,きじゅつしセット,tailoring_set,19,虹布,"[""すばやさ+4"", ""きようさ+4"", ""おしゃれさ+30""]",,,,26,12,,,21,21,replace,25,42,きじゅつしのネタ帳,メギストリスの都のレシピ屋,,体上,裁縫上,3,"[{""count"": 6, ""item_id"": 609}, {""count"": 2, ""item_id"": 879}, {""count"": 1, ""item_id"": 673}, {""count"": 4, ""item_id"": 547}]","[[""60"", ""35"", ""50""], [""45"", ""40"", ""45""], [""70"", ""35"", ""70""]]",https://draquex.com/bougu/0-zenbu.php,https://draquex.com/bougu/b-42-3.php,,6,"2026-03-12 01:46:50","2026-07-23 15:19:03"
1302,bougu_42_4_body_bottom,きじゅつしのズボン,"Illusionist's Pants",set_675ef500e9,きじゅつしセット,tailoring_set,19,虹布,"[""すばやさ+4"", ""きようさ+4"", ""おしゃれさ+30""]",,,,14,6,,,,,replace,25,42,きじゅつしのネタ帳,メギストリスの都のレシピ屋,,体下,裁縫下,2,"[{""count"": 5, ""item_id"": 609}, {""count"": 2, ""item_id"": 833}, {""count"": 1, ""item_id"": 673}, {""count"": 2, ""item_id"": 547}]","[[""100"", ""50""], [""75"", ""100""], [""50"", ""75""]]",https://draquex.com/bougu/0-zenbu.php,https://draquex.com/bougu/c-42-3.php,,4,"2026-03-12 01:46:50","2026-07-23 15:19:03"
1303,bougu_42_4_arm,きじゅつしグローブ,"Illusionist's Gloves",set_675ef500e9,きじゅつしセット,tailoring_set,19,虹布,"[""すばやさ+4"", ""きようさ+4"", ""おしゃれさ+30""]",,,,6,3,,19,,,replace,25,42,きじゅつしのネタ帳,メギストリスの都のレシピ屋,,腕,裁縫腕,3,"[{""count"": 4, ""item_id"": 609}, {""count"": 1, ""item_id"": 844}, {""count"": 1, ""item_id"": 673}, {""count"": 2, ""item_id"": 547}]","[[""70"", ""45"", ""110""], [""70"", ""45"", ""110""]]",https://draquex.com/bougu/0-zenbu.php,https://draquex.com/bougu/d-42-3.php,,2,"2026-03-12 01:46:50","2026-07-23 15:19:03"
1304,bougu_42_4_foot,きじゅつしのブーツ,"Illusionist's Boots",set_675ef500e9,きじゅつしセット,tailoring_set,19,虹布,"[""すばやさ+4"", ""きようさ+4"", ""おしゃれさ+30""]",,,,6,3,23,,,,replace,25,42,きじゅつしのネタ帳,メギストリスの都のレシピ屋,,足,裁縫足,2,"[{""count"": 4, ""item_id"": 609}, {""count"": 2, ""item_id"": 718}, {""count"": 1, ""item_id"": 673}, {""count"": 2, ""item_id"": 547}]","[[""95"", ""130""], [""130"", ""95""]]",https://draquex.com/bougu/0-zenbu.php,https://draquex.com/bougu/e-42-3.php,,3,"2026-03-12 01:46:50","2026-07-23 15:19:03"
1305,bougu_42_5_head,くろがねのはちがね,"Darksteel Headband",set_89e2d31938,くろがねセット,armor_set,18,,"[""すばやさ+4"", ""おしゃれさ+15""]",,,,21,5,,,,,replace,25,42,くろがねのよろいの本,メギストリスの都のレシピ屋,,頭,鎧頭,2,"[{""count"": 6, ""item_id"": 816}, {""count"": 10, ""item_id"": 643}, {""count"": 5, ""item_id"": 608}, {""count"": 3, ""item_id"": 865}]","[[""100～110"", ""80～95""], [""100～110"", ""110～115""]]",https://draquex.com/bougu/0-zenbu.php,https://draquex.com/bougu/a-42-1.php,,9,"2026-03-12 01:46:53","2026-07-23 15:19:03"
1306,bougu_42_5_body_top,くろがねのよろい上,"Darksteel Cuirass",set_89e2d31938,くろがねセット,armor_set,18,,"[""すばやさ+4"", ""おしゃれさ+15""]",,,,30,8,,,,,replace,25,42,くろがねのよろいの本,メギストリスの都のレシピ屋,,体上,鎧上,2,"[{""count"": 6, ""item_id"": 816}, {""count"": 2, ""item_id"": 781}, {""count"": 1, ""item_id"": 819}, {""count"": 4, ""item_id"": 865}]","[[""60～72"", ""60～72""], [""85～94"", ""85～94""], [""50～60"", ""50～60""]]",https://draquex.com/bougu/0-zenbu.php,https://draquex.com/bougu/b-42-1.php,,19,"2026-03-12 01:46:53","2026-07-23 15:19:03"
1307,bougu_42_5_body_bottom,くろがねのよろい下,"Darksteel Faulds",set_89e2d31938,くろがねセット,armor_set,18,,"[""すばやさ+4"", ""おしゃれさ+15""]",,,,15,4,,,,,replace,25,42,くろがねのよろいの本,メギストリスの都のレシピ屋,,体下,鎧下,2,"[{""count"": 5, ""item_id"": 816}, {""count"": 6, ""item_id"": 731}, {""count"": 1, ""item_id"": 819}, {""count"": 2, ""item_id"": 865}]","[[""40～55"", ""40～55""], [""60～68"", ""60～68""], [""60～68"", ""60～68""], [""35～45"", ""35～45""]]",https://draquex.com/bougu/0-zenbu.php,https://draquex.com/bougu/c-42-1.php,,11,"2026-03-12 01:46:53","2026-07-23 15:19:03"
1308,bougu_42_5_arm,くろがねのこて,"Darksteel Gauntlets",set_89e2d31938,くろがねセット,armor_set,18,,"[""すばやさ+4"", ""おしゃれさ+15""]",,,,7,2,,15,,,replace,25,42,くろがねのよろいの本,メギストリスの都のレシピ屋,,腕,鎧腕,1,"[{""count"": 4, ""item_id"": 816}, {""count"": 6, ""item_id"": 643}, {""count"": 2, ""item_id"": 594}, {""count"": 2, ""item_id"": 865}]","[[""140～150""], [""140～145""], [""110～120""]]",https://draquex.com/bougu/0-zenbu.php,https://draquex.com/bougu/d-42-1.php,,5,"2026-03-12 01:46:53","2026-07-23 15:19:03"
1309,bougu_42_5_foot,くろがねのブーツ,"Darksteel Boots",set_89e2d31938,くろがねセット,armor_set,18,,"[""すばやさ+4"", ""おしゃれさ+15""]",,,,6,2,15,,,,replace,25,42,くろがねのよろいの本,メギストリスの都のレシピ屋,,足,鎧足,2,"[{""count"": 4, ""item_id"": 816}, {""count"": 4, ""item_id"": 863}, {""count"": 4, ""item_id"": 802}, {""count"": 2, ""item_id"": 865}]","[["""", ""80～88""], ["""", ""90～102""], [""120～128"", ""100～106""]]",https://draquex.com/bougu/0-zenbu.php,https://draquex.com/bougu/e-42-1.php,,7,"2026-03-12 01:46:53","2026-07-23 15:19:03"
1310,bougu_42_6_head,プラチナヘルム,"Platinum Helm",set_9859a494b0,プラチナセット,armor_set,18,,"[""おもさ+12"", ""おしゃれさ+30""]",,,,23,10,,,,,replace,25,42,ザ・プラチナメイルズ,メギストリスの都のレシピ屋,,頭,鎧頭,2,"[{""count"": 6, ""item_id"": 816}, {""count"": 10, ""item_id"": 699}, {""count"": 1, ""item_id"": 555}, {""count"": 3, ""item_id"": 865}]","[[""86～100"", ""86～100""], [""110～116"", ""110～116""]]",https://draquex.com/bougu/0-zenbu.php,https://draquex.com/bougu/a-42-2.php,,13,"2026-03-12 01:46:55","2026-07-23 15:19:03"
1311,bougu_42_6_body_top,プラチナメイル上,"Platinum Mail Top",set_9859a494b0,プラチナセット,armor_set,18,,"[""おもさ+12"", ""おしゃれさ+30""]",,,,33,15,,,,,replace,25,42,ザ・プラチナメイルズ,メギストリスの都のレシピ屋,,体上,鎧上,2,"[{""count"": 6, ""item_id"": 816}, {""count"": 2, ""item_id"": 551}, {""count"": 1, ""item_id"": 555}, {""count"": 4, ""item_id"": 865}]","[[""85～92"", ""85～92""], [""50～64"", ""50～64""], [""60～68"", ""60～68""]]",https://draquex.com/bougu/0-zenbu.php,https://draquex.com/bougu/b-42-2.php,,26,"2026-03-12 01:46:55","2026-07-23 15:19:03"
1312,bougu_42_6_body_bottom,プラチナメイル下,"Platinum Mail Bottom",set_9859a494b0,プラチナセット,armor_set,18,,"[""おもさ+12"", ""おしゃれさ+30""]",,,,15,8,,,,,replace,25,42,ザ・プラチナメイルズ,メギストリスの都のレシピ屋,,体下,鎧下,2,"[{""count"": 5, ""item_id"": 816}, {""count"": 1, ""item_id"": 703}, {""count"": 1, ""item_id"": 555}, {""count"": 2, ""item_id"": 865}]","[[""35～48"", ""35～48""], [""65～72"", ""65～72""], [""55～64"", ""55～64""], [""40～48"", ""40～48""]]",https://draquex.com/bougu/0-zenbu.php,https://draquex.com/bougu/c-42-2.php,,14,"2026-03-12 01:46:55","2026-07-23 15:19:03"
1313,bougu_42_6_arm,プラチナのこて,"Platinum Gauntlets",set_9859a494b0,プラチナセット,armor_set,18,,"[""おもさ+12"", ""おしゃれさ+30""]",,,,7,4,,14,,,replace,25,42,ザ・プラチナメイルズ,メギストリスの都のレシピ屋,,腕,鎧腕,1,"[{""count"": 4, ""item_id"": 816}, {""count"": 1, ""item_id"": 555}, {""count"": 2, ""item_id"": 865}]","[[""120～130""], [""150～158""], [""120～130""]]",https://draquex.com/bougu/0-zenbu.php,https://draquex.com/bougu/d-42-2.php,,7,"2026-03-12 01:46:55","2026-07-23 15:19:03"
1314,bougu_42_6_foot,プラチナグリーブ,"Platinum Greaves",set_9859a494b0,プラチナセット,armor_set,18,,"[""おもさ+12"", ""おしゃれさ+30""]",,,,7,4,14,,,,replace,25,42,ザ・プラチナメイルズ,メギストリスの都のレシピ屋,,足,鎧足,2,"[{""count"": 4, ""item_id"": 816}, {""count"": 1, ""item_id"": 819}, {""count"": 1, ""item_id"": 555}, {""count"": 2, ""item_id"": 865}]","[["""", ""130～142""], ["""", ""90～98""], [""90～98"", ""80～86""]]",https://draquex.com/bougu/0-zenbu.php,https://draquex.com/bougu/e-42-2.php,,10,"2026-03-12 01:46:55","2026-07-23 15:19:03"
1315,bougu_42_7_head,げんぶのかぶと,"Black Turtle Helmet",set_4e8902fcae,げんぶセット,armor_set,21,,"[""すばやさ+4"", ""おしゃれさ+30""]",,,,20,8,,,,,replace,28,42,げんぶの巻き物,メギストリスの都のレシピ屋,,頭,鎧頭,2,"[{""count"": 6, ""item_id"": 816}, {""count"": 1, ""item_id"": 805}, {""count"": 3, ""item_id"": 666}, {""count"": 3, ""item_id"": 865}]","[[""128～134"", ""128～134""], [""98～110"", ""98～110""]]",https://draquex.com/bougu/0-zenbu.php,https://draquex.com/bougu/a-42-4.php,,4,"2026-03-12 01:46:57","2026-07-23 15:19:03"
1316,bougu_42_7_body_top,げんぶの道着上,"Black Turtle Dogi",set_4e8902fcae,げんぶセット,armor_set,21,,"[""すばやさ+4"", ""おしゃれさ+30""]",,,,28,12,,,,,replace,28,42,げんぶの巻き物,メギストリスの都のレシピ屋,,体上,鎧上,2,"[{""count"": 6, ""item_id"": 816}, {""count"": 2, ""item_id"": 879}, {""count"": 3, ""item_id"": 666}, {""count"": 4, ""item_id"": 865}]","[[""50～60"", ""50～60""], [""86～92"", ""86～92""], [""90～102"", ""90～102""]]",https://draquex.com/bougu/0-zenbu.php,https://draquex.com/bougu/b-42-4.php,,7,"2026-03-12 01:46:57","2026-07-23 15:19:03"
1317,bougu_42_7_body_bottom,げんぶの道着下,"Black Turtle Pants",set_4e8902fcae,げんぶセット,armor_set,21,,"[""すばやさ+4"", ""おしゃれさ+30""]",,,,15,6,,,,,replace,28,42,げんぶの巻き物,メギストリスの都のレシピ屋,,体下,鎧下,2,"[{""count"": 5, ""item_id"": 816}, {""count"": 3, ""item_id"": 667}, {""count"": 3, ""item_id"": 666}, {""count"": 2, ""item_id"": 865}]","[[""92～102"", ""92～102""], [""36～44"", ""36～44""], [""48～56"", ""48～56""], [""50～62"", ""50～62""]]",https://draquex.com/bougu/0-zenbu.php,https://draquex.com/bougu/c-42-4.php,,4,"2026-03-12 01:46:57","2026-07-23 15:19:03"
1318,bougu_42_7_arm,げんぶの腕帯,"Black Turtle Armbands",set_4e8902fcae,げんぶセット,armor_set,21,,"[""すばやさ+4"", ""おしゃれさ+30""]",,,,6,3,,21,,,replace,28,42,げんぶの巻き物,メギストリスの都のレシピ屋,,腕,鎧腕,1,"[{""count"": 4, ""item_id"": 816}, {""count"": 2, ""item_id"": 818}, {""count"": 3, ""item_id"": 666}, {""count"": 2, ""item_id"": 865}]","[[""165-174""], [""120-132""], [""165-174""]]",https://draquex.com/bougu/0-zenbu.php,https://draquex.com/bougu/d-42-4.php,,2,"2026-03-12 01:46:57","2026-07-23 15:19:03"
1319,bougu_42_7_foot,げんぶのくつ,"Black Turtle Shoes",set_4e8902fcae,げんぶセット,armor_set,21,,"[""すばやさ+4"", ""おしゃれさ+30""]",,,,6,3,26,,,,replace,28,42,げんぶの巻き物,メギストリスの都のレシピ屋,,足,鎧足,2,"[{""count"": 4, ""item_id"": 816}, {""count"": 1, ""item_id"": 754}, {""count"": 3, ""item_id"": 666}, {""count"": 2, ""item_id"": 865}]","[["""", ""106～120""], ["""", ""82～90""], [""144～152"", ""120～130""]]",https://draquex.com/bougu/0-zenbu.php,https://draquex.com/bougu/e-42-4.php,,3,"2026-03-12 01:46:57","2026-07-23 15:19:03"
1320,bougu_42_8_head,フェンサーハット,"Fencing Hat",set_f6dfaa67ef,フェンサーセット,tailoring_set,21,再生布,"[""おしゃれさ+35""]",,,,19,13,,,,,replace,25,42,フェンサーマントの本,メギストリスの都のレシピ屋,,頭,裁縫頭,3,"[{""count"": 6, ""item_id"": 609}, {""count"": 3, ""item_id"": 674}, {""count"": 3, ""item_id"": 848}, {""count"": 3, ""item_id"": 547}]","[[null, ""120"", null], [""105"", ""120"", ""105""]]",https://draquex.com/bougu/0-zenbu.php,https://draquex.com/bougu/a-42-5.php,,4,"2026-03-12 01:46:59","2026-07-23 15:19:03"
1321,bougu_42_8_body_top,フェンサーマント,"Fencing Cloak",set_f6dfaa67ef,フェンサーハットセット,tailoring_set,21,再生布,"[""おしゃれさ+35""]",,,,29,19,,,,,replace,25,42,フェンサーマントの本,メギストリスの都のレシピ屋,,体上,裁縫上,3,"[{""count"": 6, ""item_id"": 609}, {""count"": 2, ""item_id"": 638}, {""count"": 3, ""item_id"": 815}, {""count"": 4, ""item_id"": 547}]","[[""55"", ""35"", ""70""], [""45"", ""40"", ""45""], [""70"", ""35"", ""55""]]",https://draquex.com/bougu/0-zenbu.php,https://draquex.com/bougu/b-42-5.php,,7,"2026-03-12 01:46:59","2026-07-23 15:19:03"
1322,bougu_42_8_arm,フェンサーミサンガ,"Fencing Bracelets",set_f6dfaa67ef,フェンサーハットセット,tailoring_set,21,再生布,"[""おしゃれさ+35""]",,,,6,5,,23,,,replace,25,42,フェンサーマントの本,メギストリスの都のレシピ屋,,腕,裁縫腕,3,"[{""count"": 4, ""item_id"": 609}, {""count"": 25, ""item_id"": 669}, {""count"": 3, ""item_id"": 848}, {""count"": 2, ""item_id"": 547}]","[[""60"", ""60"", ""105""], [""60"", ""60"", ""105""]]",https://draquex.com/bougu/0-zenbu.php,https://draquex.com/bougu/d-42-5.php,,2,"2026-03-12 01:46:59","2026-07-23 15:19:03"
1323,bougu_42_8_foot,フェンサーブーツ,"Fencing Boots",set_f6dfaa67ef,フェンサーハットセット,tailoring_set,21,再生布,"[""おしゃれさ+35""]",,,,6,5,28,,,,replace,25,42,フェンサーマントの本,メギストリスの都のレシピ屋,,足,裁縫足,2,"[{""count"": 4, ""item_id"": 609}, {""count"": 1, ""item_id"": 835}, {""count"": 3, ""item_id"": 848}, {""count"": 2, ""item_id"": 547}]","[[""85"", ""85""], [""140"", ""140""]]",https://draquex.com/bougu/0-zenbu.php,https://draquex.com/bougu/e-42-5.php,,3,"2026-03-12 01:46:59","2026-07-23 15:19:03"
1324,bougu_35_1_head,神官のぼうし,"Minister Mitre",set_8a0f866fe6,神官セット,tailoring_set,19,再生布,"[""かいふく魔力+8"", ""おしゃれさ+25""]",,,,18,6,,,,13,replace,18,35,神官のほういの作り方,バザーのみ,,頭,裁縫頭,3,"[{""count"": 1, ""item_id"": 683}, {""count"": 1, ""item_id"": 627}, {""count"": 1, ""item_id"": 826}]","[[null, ""90"", null], [""75"", ""90"", ""75""]]",https://draquex.com/bougu/0-zenbu.php,https://draquex.com/bougu/a-35-5.php,,1,"2026-03-12 01:47:02","2026-07-23 15:19:03"
1325,bougu_35_1_body_top,神官のほうい上,"Minister Robe Top",set_8a0f866fe6,神官セット,tailoring_set,19,再生布,"[""かいふく魔力+8"", ""おしゃれさ+25""]",,,,27,8,,,,21,replace,18,35,神官のほういの作り方,バザーのみ,,体上,裁縫上,3,"[{""count"": 1, ""item_id"": 683}, {""count"": 1, ""item_id"": 627}, {""count"": 1, ""item_id"": 784}]","[[""40"", ""32"", ""40""], [""32"", ""32"", ""32""], [""40"", ""32"", ""50""]]",https://draquex.com/bougu/0-zenbu.php,https://draquex.com/bougu/b-35-6.php,,2,"2026-03-12 01:47:02","2026-07-23 15:19:03"
1326,bougu_35_1_body_bottom,神官のほうい下,"Minister Robe Bottom",set_8a0f866fe6,神官セット,tailoring_set,19,再生布,"[""かいふく魔力+8"", ""おしゃれさ+25""]",,,,15,4,,,,,replace,18,35,神官のほういの作り方,バザーのみ,,体下,裁縫下,2,"[{""count"": 1, ""item_id"": 683}, {""count"": 1, ""item_id"": 627}, {""count"": 1, ""item_id"": 848}]","[[""45"", ""45""], [""55"", ""55""], [""65"", ""65""]]",https://draquex.com/bougu/0-zenbu.php,https://draquex.com/bougu/c-35-6.php,,2,"2026-03-12 01:47:02","2026-07-23 15:19:03"
1327,bougu_35_1_arm,神官のてぶくろ,"Minister Gloves",set_8a0f866fe6,神官セット,tailoring_set,19,再生布,"[""かいふく魔力+8"", ""おしゃれさ+25""]",,,,4,3,,18,,,replace,18,35,神官のほういの作り方,バザーのみ,,腕,裁縫腕,3,"[{""count"": 1, ""item_id"": 683}, {""count"": 1, ""item_id"": 627}, {""count"": 1, ""item_id"": 807}]","[[""50"", ""40"", ""75""], [""50"", ""40"", ""75""]]",https://draquex.com/bougu/0-zenbu.php,https://draquex.com/bougu/d-35-6.php,,1,"2026-03-12 01:47:02","2026-07-23 15:19:03"
1328,bougu_35_1_foot,神官のくつ,"Minister Shoes",set_8a0f866fe6,神官セット,tailoring_set,19,再生布,"[""かいふく魔力+8"", ""おしゃれさ+25""]",,,,4,3,18,,,,replace,18,35,神官のほういの作り方,バザーのみ,,足,裁縫足,2,"[{""count"": 1, ""item_id"": 683}, {""count"": 1, ""item_id"": 627}, {""count"": 1, ""item_id"": 542}]","[[""75"", ""90""], [""90"", ""75""]]",https://draquex.com/bougu/0-zenbu.php,https://draquex.com/bougu/e-35-6.php,,1,"2026-03-12 01:47:02","2026-07-23 15:19:03"
1329,bougu_35_2_head,かたりべのぼうし,"Storyteller's Hat",set_2d647df72f,かたりべセット,tailoring_set,19,虹布,"[""おしゃれさ+25""]",,,,19,7,,,10,10,replace,18,35,かたりべの服のレシピ,バザーのみ,,頭,裁縫頭,3,"[{""count"": 1, ""item_id"": 683}, {""count"": 1, ""item_id"": 773}, {""count"": 1, ""item_id"": 664}]","[[null, ""60"", null], [""90"", ""105"", ""75""]]",https://draquex.com/bougu/0-zenbu.php,https://draquex.com/bougu/a-35-3.php,,2,"2026-03-12 01:47:06","2026-07-23 15:19:03"
1330,bougu_35_2_body_top,かたりべの服上,"Storyteller's Shirt",set_2d647df72f,かたりべセット,tailoring_set,19,虹布,"[""おしゃれさ+25""]",,,,26,11,,,17,17,replace,18,35,かたりべの服のレシピ,バザーのみ,,体上,裁縫上,3,"[{""count"": 1, ""item_id"": 683}, {""count"": 1, ""item_id"": 669}, {""count"": 1, ""item_id"": 664}]","[[""32"", ""32"", ""40""], [""40"", ""32"", ""32""], [""45"", ""32"", ""45""]]",https://draquex.com/bougu/0-zenbu.php,https://draquex.com/bougu/b-35-3.php,,4,"2026-03-12 01:47:06","2026-07-23 15:19:03"
1331,bougu_35_2_body_bottom,かたりべの服下,"Storyteller's Kilt",set_2d647df72f,かたりべセット,tailoring_set,19,虹布,"[""おしゃれさ+25""]",,,,15,6,,,,,replace,18,35,かたりべの服のレシピ,バザーのみ,,体下,裁縫下,2,"[{""count"": 1, ""item_id"": 683}, {""count"": 1, ""item_id"": 542}, {""count"": 1, ""item_id"": 664}]","[[""70"", ""75""], [""60"", ""55""], [""35"", ""35""]]",https://draquex.com/bougu/0-zenbu.php,https://draquex.com/bougu/c-35-3.php,,3,"2026-03-12 01:47:06","2026-07-23 15:19:03"
1332,bougu_35_2_arm,かたりべのてぶくろ,"Storyteller's Gloves",set_2d647df72f,かたりべセット,tailoring_set,19,虹布,"[""おしゃれさ+25""]",,,,4,3,,19,,,replace,18,35,かたりべの服のレシピ,バザーのみ,,腕,裁縫腕,3,"[{""count"": 1, ""item_id"": 683}, {""count"": 1, ""item_id"": 800}, {""count"": 1, ""item_id"": 664}]","[[""45"", ""45"", ""75""], [""45"", ""45"", ""75""]]",https://draquex.com/bougu/0-zenbu.php,https://draquex.com/bougu/d-35-3.php,,1,"2026-03-12 01:47:06","2026-07-23 15:19:03"
1333,bougu_35_2_foot,かたりべのブーツ,"Storyteller's Boots",set_2d647df72f,かたりべセット,tailoring_set,19,虹布,"[""おしゃれさ+25""]",,,,4,3,15,,,,replace,18,35,かたりべの服のレシピ,バザーのみ,,足,裁縫足,2,"[{""count"": 1, ""item_id"": 683}, {""count"": 1, ""item_id"": 716}, {""count"": 1, ""item_id"": 664}]","[[""75"", ""75""], [""90"", ""90""]]",https://draquex.com/bougu/0-zenbu.php,https://draquex.com/bougu/e-35-3.php,,2,"2026-03-12 01:47:06","2026-07-23 15:19:03"
1334,bougu_35_3_head,まほうサークレット,"Magic Circlet",set_3a0542e491,まほうセット,armor_set,19,,"[""こうげき魔力+4"", ""かいふく魔力+4"", ""おしゃれさ+25""]",,,,18,9,,,7,7,replace,17,35,まほうよろいの秘密,バザーのみ,,頭,鎧頭,2,"[{""count"": 1, ""item_id"": 633}, {""count"": 1, ""item_id"": 720}, {""count"": 1, ""item_id"": 638}]","[[""40～52"", ""70～78""], [""110～120"", ""90～100""]]",https://draquex.com/bougu/0-zenbu.php,https://draquex.com/bougu/a-35-2.php,,4,"2026-03-12 01:47:08","2026-07-23 15:19:03"
1335,bougu_35_3_body_top,まほうのよろい上,"Magic Armor Top",set_3a0542e491,まほうセット,armor_set,19,,"[""こうげき魔力+4"", ""かいふく魔力+4"", ""おしゃれさ+25""]",,,,27,14,,,12,12,replace,17,35,まほうよろいの秘密,バザーのみ,,体上,鎧上,2,"[{""count"": 1, ""item_id"": 633}, {""count"": 1, ""item_id"": 840}, {""count"": 1, ""item_id"": 718}]","[[""40～46"", ""40～46""], [""60～72"", ""60～72""], [""50～58"", ""50～58""]]",https://draquex.com/bougu/0-zenbu.php,https://draquex.com/bougu/b-35-2.php,,25,"2026-03-12 01:47:08","2026-07-23 15:19:03"
1336,bougu_35_3_body_bottom,まほうのよろい下,"Magic Armor Bottom",set_3a0542e491,まほうセット,armor_set,19,,"[""こうげき魔力+4"", ""かいふく魔力+4"", ""おしゃれさ+25""]",,,,14,7,,,,,replace,17,35,まほうよろいの秘密,バザーのみ,,体下,鎧下,2,"[{""count"": 1, ""item_id"": 633}, {""count"": 1, ""item_id"": 643}, {""count"": 1, ""item_id"": 881}]","[[""60～65"", ""30～38""], [""30～40"", ""60～65""], [""20～36"", ""40～52""], [""40～52"", ""20～36""]]",https://draquex.com/bougu/0-zenbu.php,https://draquex.com/bougu/c-35-2.php,,14,"2026-03-12 01:47:08","2026-07-23 15:19:03"
1337,bougu_35_3_arm,まほうのこて,"Magic Gauntlets",set_3a0542e491,まほうセット,armor_set,19,,"[""こうげき魔力+4"", ""かいふく魔力+4"", ""おしゃれさ+25""]",,,,5,4,,11,,,replace,17,35,まほうよろいの秘密,バザーのみ,,腕,鎧腕,1,"[{""count"": 1, ""item_id"": 633}, {""count"": 1, ""item_id"": 840}, {""count"": 1, ""item_id"": 801}]","[[""100～108""], [""80～85""], [""120～132""]]",https://draquex.com/bougu/0-zenbu.php,https://draquex.com/bougu/d-35-2.php,,6,"2026-03-12 01:47:08","2026-07-23 15:19:03"
1338,bougu_35_3_foot,まほうのグリーブ,"Magic Greaves",set_3a0542e491,まほうセット,armor_set,19,,"[""こうげき魔力+4"", ""かいふく魔力+4"", ""おしゃれさ+25""]",,,,5,4,11,,,,replace,17,35,まほうよろいの秘密,バザーのみ,,足,鎧足,2,"[{""count"": 1, ""item_id"": 633}, {""count"": 1, ""item_id"": 718}, {""count"": 1, ""item_id"": 848}]","[["""", ""54～64""], ["""", ""54～68""], [""116～124"", ""80～88""]]",https://draquex.com/bougu/0-zenbu.php,https://draquex.com/bougu/e-35-2.php,,10,"2026-03-12 01:47:08","2026-07-23 15:19:03"
1339,bougu_35_4_head,バンデッドバンド,"Brigand's Band",set_e5576d1b3c,バンデッドセット,armor_set,21,,"[""おしゃれさ+25""]",,,,16,6,,,,,replace,21,35,バンデッドアーマーの本,バザーのみ,,頭,鎧頭,2,"[{""count"": 1, ""item_id"": 633}, {""count"": 1, ""item_id"": 719}, {""count"": 1, ""item_id"": 720}]","[[""96～108"", ""72～80""], [""72～80"", ""96～108""]]",https://draquex.com/bougu/0-zenbu.php,https://draquex.com/bougu/a-35-1.php,,6,"2026-03-12 01:47:10","2026-07-23 15:19:03"
1340,bougu_35_4_body_top,バンデッドチェイン,Brigandine,set_e5576d1b3c,バンデッドセット,armor_set,21,,"[""おしゃれさ+25""]",,,,23,8,,,,,replace,21,35,バンデッドアーマーの本,バザーのみ,,体上,鎧上,2,"[{""count"": 1, ""item_id"": 633}, {""count"": 1, ""item_id"": 643}, {""count"": 1, ""item_id"": 881}]","[[""72～76"", ""32～48""], [""45～57"", ""50～60""], [""60～68"", ""70～78""]]",https://draquex.com/bougu/0-zenbu.php,https://draquex.com/bougu/b-35-1.php,,12,"2026-03-12 01:47:10","2026-07-23 15:19:03"
1341,bougu_35_4_body_bottom,バンデッドボトム,"Brigand's Bottom",set_e5576d1b3c,バンデッドセット,armor_set,21,,"[""おしゃれさ+25""]",,,,13,4,,,,,replace,21,35,バンデッドアーマーの本,バザーのみ,,体下,鎧下,2,"[{""count"": 1, ""item_id"": 633}, {""count"": 1, ""item_id"": 800}, {""count"": 1, ""item_id"": 671}]","[[""40～48"", ""64～70""], [""64～70"", ""40～48""], [""36～46"", ""36～52""], [""36～52"", ""36～46""]]",https://draquex.com/bougu/0-zenbu.php,https://draquex.com/bougu/c-35-1.php,,5,"2026-03-12 01:47:10","2026-07-23 15:19:03"
1342,bougu_35_4_arm,バンデッドグローブ,"Brigand's Mitts",set_e5576d1b3c,バンデッドセット,armor_set,21,,"[""おしゃれさ+25""]",,,,4,3,,7,,,replace,21,35,バンデッドアーマーの本,バザーのみ,,腕,鎧腕,1,"[{""count"": 1, ""item_id"": 633}, {""count"": 1, ""item_id"": 643}, {""count"": 1, ""item_id"": 720}]","[[""64～74""], [""162～170""], [""120～128""]]",https://draquex.com/bougu/0-zenbu.php,https://draquex.com/bougu/d-35-1.php,,4,"2026-03-12 01:47:10","2026-07-23 15:19:03"
1343,bougu_35_4_foot,バンデッドブーツ,"Brigand's Boots",set_e5576d1b3c,バンデッドセット,armor_set,21,,"[""おしゃれさ+25""]",,,,4,3,7,,,,replace,21,35,バンデッドアーマーの本,バザーのみ,,足,鎧足,2,"[{""count"": 1, ""item_id"": 633}, {""count"": 1, ""item_id"": 699}, {""count"": 1, ""item_id"": 671}]","[["""", ""80～90""], ["""", ""50～62""], [""120～128"", ""90～100""]]",https://draquex.com/bougu/0-zenbu.php,https://draquex.com/bougu/e-35-1.php,,5,"2026-03-12 01:47:10","2026-07-23 15:19:03"
1344,bougu_35_5_head,森人のぼうし,"Woodland Hat",set_6250763dd9,森人セット,tailoring_set,22,再生布,"[""さいだいHP+8"", ""さいだいMP+2"", ""きようさ+8"", ""おしゃれさ+15""]",,,,17,3,,,,,replace,18,35,森人の防具図鑑,ジュレットの町・さいほうギルドの素材屋,,頭,裁縫頭,3,"[{""count"": 1, ""item_id"": 683}, {""count"": 1, ""item_id"": 800}, {""count"": 1, ""item_id"": 720}]","[[null, ""60"", null], [""75"", ""105"", ""90""]]",https://draquex.com/bougu/0-zenbu.php,https://draquex.com/bougu/a-35-4.php,,2,"2026-03-12 01:47:13","2026-07-23 15:19:03"
1345,bougu_35_5_body_top,森人のチョッキ,"Woodland Waistcoat",set_6250763dd9,森人セット,tailoring_set,22,再生布,"[""さいだいHP+8"", ""さいだいMP+2"", ""きようさ+8"", ""おしゃれさ+15""]",,,,24,4,,,,,replace,18,35,森人の防具図鑑,ジュレットの町・さいほうギルドの素材屋,,体上,裁縫上,3,"[{""count"": 1, ""item_id"": 683}, {""count"": 1, ""item_id"": 613}, {""count"": 1, ""item_id"": 720}]","[[""45"", ""32"", ""45""], [""32"", ""32"", ""32""], [""40"", ""32"", ""40""]]",https://draquex.com/bougu/0-zenbu.php,https://draquex.com/bougu/b-35-5.php,,3,"2026-03-12 01:47:13","2026-07-23 15:19:03"
1346,bougu_35_5_body_bottom,森人の前かけ,"Woodland Apron",set_6250763dd9,森人セット,tailoring_set,22,再生布,"[""さいだいHP+8"", ""さいだいMP+2"", ""きようさ+8"", ""おしゃれさ+15""]",,,,14,2,,,,,replace,18,35,森人の防具図鑑,ジュレットの町・さいほうギルドの素材屋,,体下,裁縫下,2,"[{""count"": 1, ""item_id"": 683}, {""count"": 1, ""item_id"": 800}, {""count"": 1, ""item_id"": 720}]","[[""70"", ""70""], [""55"", ""55""], [""40"", ""40""]]",https://draquex.com/bougu/0-zenbu.php,https://draquex.com/bougu/c-35-5.php,,2,"2026-03-12 01:47:13","2026-07-23 15:19:03"
1347,bougu_35_5_arm,森人のてぶくろ,"Woodland Gloves",set_6250763dd9,森人セット,tailoring_set,22,再生布,"[""さいだいHP+8"", ""さいだいMP+2"", ""きようさ+8"", ""おしゃれさ+15""]",,,,4,1,,13,,,replace,18,35,森人の防具図鑑,ジュレットの町・さいほうギルドの素材屋,,腕,裁縫腕,3,"[{""count"": 1, ""item_id"": 683}, {""count"": 1, ""item_id"": 559}, {""count"": 1, ""item_id"": 720}]","[[""50"", ""35"", ""80""], [""50"", ""35"", ""80""]]",https://draquex.com/bougu/0-zenbu.php,https://draquex.com/bougu/d-35-5.php,,1,"2026-03-12 01:47:13","2026-07-23 15:19:03"
1348,bougu_35_5_foot,森人のながぐつ,"Woodland Boots",set_6250763dd9,森人セット,tailoring_set,22,再生布,"[""さいだいHP+8"", ""さいだいMP+2"", ""きようさ+8"", ""おしゃれさ+15""]",,,,4,1,11,,,,replace,18,35,森人の防具図鑑,ジュレットの町・さいほうギルドの素材屋,,足,裁縫足,2,"[{""count"": 1, ""item_id"": 683}, {""count"": 1, ""item_id"": 825}, {""count"": 1, ""item_id"": 720}]","[[""90"", ""90""], [""75"", ""75""]]",https://draquex.com/bougu/0-zenbu.php,https://draquex.com/bougu/e-35-5.php,,2,"2026-03-12 01:47:13","2026-07-23 15:19:03"
1349,bougu_35_6_body_top,けんぽうぎ上,"Tussler's Top",set_c3be663a8f,けんぽうセット,tailoring_set,23,再生布,"[""すばやさ+15"", ""おしゃれさ+25""]",,,,24,8,,,,,inherit,17,35,けんぽうぎの作り方,バザーのみ,,体上,裁縫上,3,"[{""count"": 1, ""item_id"": 683}, {""count"": 1, ""item_id"": 646}, {""count"": 1, ""item_id"": 674}]","[[""40"", ""32"", ""40""], [""32"", ""32"", ""32""], [""45"", ""32"", ""45""]]",https://draquex.com/bougu/0-zenbu.php,https://draquex.com/bougu/b-35-4.php,,5,"2026-03-12 01:47:15","2026-07-23 15:19:03"
1350,bougu_35_6_body_bottom,けんぽうぎ下,"Tussler's Trousers",set_c3be663a8f,けんぽうセット,tailoring_set,23,再生布,"[""すばやさ+15"", ""おしゃれさ+25""]",,,,13,4,,,,,inherit,17,35,けんぽうぎの作り方,バザーのみ,,体下,裁縫下,2,"[{""count"": 1, ""item_id"": 683}, {""count"": 1, ""item_id"": 844}, {""count"": 1, ""item_id"": 674}]","[[""65"", ""65""], [""55"", ""55""], [""45"", ""45""]]",https://draquex.com/bougu/0-zenbu.php,https://draquex.com/bougu/c-35-4.php,,3,"2026-03-12 01:47:15","2026-07-23 15:19:03"
1351,bougu_35_6_arm,けんぽうの腕帯,"Tussler's Armbands",set_c3be663a8f,けんぽうセット,tailoring_set,23,再生布,"[""すばやさ+15"", ""おしゃれさ+25""]",,,,4,3,,13,,,inherit,17,35,けんぽうぎの作り方,バザーのみ,,腕,裁縫腕,3,"[{""count"": 1, ""item_id"": 683}, {""count"": 1, ""item_id"": 542}, {""count"": 1, ""item_id"": 646}]","[[""55"", ""35"", ""75""], [""55"", ""35"", ""75""]]",https://draquex.com/bougu/0-zenbu.php,https://draquex.com/bougu/d-35-4.php,,2,"2026-03-12 01:47:15","2026-07-23 15:19:03"
1352,bougu_35_6_foot,けんぽうの脚帯,"Tussler's Boots",set_c3be663a8f,けんぽうセット,tailoring_set,23,再生布,"[""すばやさ+15"", ""おしゃれさ+25""]",,,,4,3,15,,,,inherit,17,35,けんぽうぎの作り方,バザーのみ,,足,裁縫足,2,"[{""count"": 1, ""item_id"": 683}, {""count"": 1, ""item_id"": 844}, {""count"": 1, ""item_id"": 542}]","[[""60"", ""60""], [""105"", ""105""]]",https://draquex.com/bougu/0-zenbu.php,https://draquex.com/bougu/e-35-4.php,,2,"2026-03-12 01:47:15","2026-07-23 15:19:03"
1353,tailor_35_head_4,まどうしのぼうし,"Wizard's Hat",set_6f1d332799,まどうしセット,tailoring_set,,虹布,"[""こうげき魔力+8"", ""おしゃれさ+25""]",,,,17,7,,,14,,replace,18,35,まどうしのころも作成術,バザーのみ,,頭,裁縫頭,3,"[{""count"": 1, ""item_id"": 683}, {""count"": 1, ""item_id"": 559}, {""count"": 1, ""item_id"": 728}]","[[null, ""105"", null], [""60"", ""105"", ""60""]]",https://draquex.com/bougu/0-zenbu.php,https://draquex.com/bougu/a-35-6.php,,1,"2026-03-12 01:47:17","2026-07-23 15:19:03"
1354,tailor_35_bodyup_5,まどうしのころも上,"Wizard's Robe Top",set_6f1d332799,まどうしセット,tailoring_set,,虹布,"[""こうげき魔力+8"", ""おしゃれさ+25""]",,,,25,11,,,21,,replace,18,35,まどうしのころも作成術,バザーのみ,,体上,裁縫上,3,"[{""count"": 1, ""item_id"": 683}, {""count"": 1, ""item_id"": 559}, {""count"": 1, ""item_id"": 651}]","[[""32"", ""32"", ""32""], [""32"", ""32"", ""32""], [""53"", ""32"", ""53""]]",https://draquex.com/bougu/0-zenbu.php,https://draquex.com/bougu/b-35-7.php,,2,"2026-03-12 01:47:17","2026-07-23 15:19:03"
1355,tailor_35_bodydown_5,まどうしのころも下,"Wizard's Robe Bottom",set_6f1d332799,まどうしセット,tailoring_set,,虹布,"[""こうげき魔力+8"", ""おしゃれさ+25""]",,,,14,6,,,,,replace,18,35,まどうしのころも作成術,バザーのみ,,体下,裁縫下,2,"[{""count"": 1, ""item_id"": 683}, {""count"": 1, ""item_id"": 559}, {""count"": 1, ""item_id"": 643}]","[[""70"", ""70""], [""50"", ""60""], [""45"", ""35""]]",https://draquex.com/bougu/0-zenbu.php,https://draquex.com/bougu/c-35-7.php,,2,"2026-03-12 01:47:17","2026-07-23 15:19:03"
1356,tailor_35_foot_5,まどうしのくつ,"Wizard's Shoes",set_6f1d332799,まどうしセット,tailoring_set,,虹布,"[""こうげき魔力+8"", ""おしゃれさ+25""]",,,,3,3,17,,,,replace,18,35,まどうしのころも作成術,バザーのみ,,足,裁縫足,2,"[{""count"": 1, ""item_id"": 683}, {""count"": 1, ""item_id"": 559}, {""count"": 1, ""item_id"": 760}]","[[""105"", ""90""], [""75"", ""60""]]",https://draquex.com/bougu/0-zenbu.php,https://draquex.com/bougu/e-35-7.php,,1,"2026-03-12 01:47:17","2026-07-23 15:19:03"
1357,まもの使いずきん,まもの使いずきん,"Monster Master Hood",防具_まもの使いの服,まもの使いの服,armor_set,,,"[""さいだいHP+10"", ""おしゃれさ+25""]",,,,15,4,,,,,replace,,30,-,-,,頭,アタマ,,[],,https://draquex.com/bougu/0-zenbu.php,https://draquex.com/bougu/a-30-11.php,,8,"2026-03-12 01:47:19","2026-07-23 15:19:03"
1358,まもの使いの服,まもの使いの服,"Monster Master Suit",防具_まもの使いの服,まもの使いの服,armor_set,,,"[""さいだいHP+10"", ""おしゃれさ+25""]",,,,26,6,,,,,replace,,30,-,-,,からだ上,からだ上,,[],,https://draquex.com/bougu/0-zenbu.php,https://draquex.com/bougu/b-30-13.php,,7,"2026-03-12 01:47:19","2026-07-23 15:19:03"
1359,まもの使いのブレス,まもの使いのブレス,"Monster Master Bangles",防具_まもの使いの服,まもの使いの服,armor_set,,,"[""さいだいHP+10"", ""おしゃれさ+25""]",,,,5,2,,12,,,replace,,30,-,-,,腕,ウデ,,[],,https://draquex.com/bougu/0-zenbu.php,https://draquex.com/bougu/d-30-6.php,,4,"2026-03-12 01:47:19","2026-07-23 15:19:03"
1360,まもの使いのくつ,まもの使いのくつ,"Monster Master Shoes",防具_まもの使いの服,まもの使いの服,armor_set,,,"[""さいだいHP+10"", ""おしゃれさ+25""]",,,,5,2,12,,,,replace,,30,-,-,,足,足,,[],,https://draquex.com/bougu/0-zenbu.php,https://draquex.com/bougu/e-30-13.php,,6,"2026-03-12 01:47:19","2026-07-23 15:19:03"
1361,スターシルクハット,スターシルクハット,"Superstar Top Hat",防具_スターコート,スターコート,armor_set,,,"[""おしゃれさ+40""]",,,,16,9,,,,,replace,,30,-,-,,頭,アタマ,,[],,https://draquex.com/bougu/0-zenbu.php,https://draquex.com/bougu/a-30-10.php,,1,"2026-03-12 01:47:22","2026-07-23 15:19:03"
1362,スターコート,スターコート,"Superstar Coat",防具_スターコート,スターコート,armor_set,,,"[""おしゃれさ+40""]",,,,21,14,,,,,replace,,30,-,-,,からだ上,からだ上,,[],,https://draquex.com/bougu/0-zenbu.php,https://draquex.com/bougu/b-30-12.php,,4,"2026-03-12 01:47:22","2026-07-23 15:19:03"
1363,スターシューズ,スターシューズ,"Superstar Shoes",防具_スターコート,スターコート,armor_set,,,"[""おしゃれさ+40""]",,,,5,4,17,,,,replace,,30,-,-,,足,足,,[],,https://draquex.com/bougu/0-zenbu.php,https://draquex.com/bougu/e-30-12.php,,2,"2026-03-12 01:47:22","2026-07-23 15:19:03"
1364,armor_30_head_2,デスマスずきん,"Death Master Hood",防具_デスマス,デスマス,armor_set,,,"[""おしゃれさ+25"", ""かいふく魔力+10"", ""こうげき魔力+10""]",,,,23,10,,,15,15,replace,,30,-,-,,頭,アタマ,,,,https://draquex.com/bougu/0-zenbu.php,https://draquex.com/bougu/a-30-18.php,,1,"2026-03-12 01:47:24","2026-07-23 15:19:03"
1365,tailor_30_bodyup_3,デスマスの礼服上,"Death Master Shirt",防具_デスマス,デスマス,armor_set,,,"[""おしゃれさ+25"", ""かいふく魔力+10"", ""こうげき魔力+10""]",,,,30,15,,,23,23,replace,,30,-,-,,からだ上,からだ上,,,,https://draquex.com/bougu/0-zenbu.php,https://draquex.com/bougu/b-30-20.php,,3,"2026-03-12 01:47:24","2026-07-23 15:19:03"
1366,tailor_30_bodydown,デスマスの礼服下,"Death Master Bottom",防具_デスマス,デスマス,armor_set,,,"[""おしゃれさ+25"", ""かいふく魔力+10"", ""こうげき魔力+10""]",,,,16,9,,,,,replace,,30,-,-,,からだ下,からだ下,,,,https://draquex.com/bougu/0-zenbu.php,https://draquex.com/bougu/c-30-14.php,,3,"2026-03-12 01:47:24","2026-07-23 15:19:03"
1367,tailor_30_arm,デスマスグローブ,"Death Master Gloves",防具_デスマス,デスマス,armor_set,,,"[""おしゃれさ+25"", ""かいふく魔力+10"", ""こうげき魔力+10""]",,,,8,3,,12,,,replace,,30,-,-,,腕,ウデ,,,,https://draquex.com/bougu/0-zenbu.php,https://draquex.com/bougu/d-30-10.php,,1,"2026-03-12 01:47:24","2026-07-23 15:19:03"
1368,tailor_30_foot_3,デスマスブーツ,"Death Master Boots",防具_デスマス,デスマス,armor_set,,,"[""おしゃれさ+25"", ""かいふく魔力+10"", ""こうげき魔力+10""]",,,,8,9,22,,,,replace,,30,-,-,,足,足,,,,https://draquex.com/bougu/0-zenbu.php,https://draquex.com/bougu/e-30-20.php,,1,"2026-03-12 01:47:24","2026-07-23 15:19:03"
1369,armor_30_head_3,バトマスヘッド,"Battlemaster Headband",防具_バトマスアーマー,バトマスアーマー,armor_set,,,"[""さいだいHP+10"", ""おしゃれさ+25""]",,,,15,4,,,,,replace,,30,-,-,,頭,アタマ,,,,https://draquex.com/bougu/0-zenbu.php,https://draquex.com/bougu/a-30-6.php,,8,"2026-03-12 01:47:27","2026-07-23 15:19:03"
1370,armor_30_bodyup,バトマスアーマー上,"Battlemaster Chest",防具_バトマスアーマー,バトマスアーマー,armor_set,,,"[""さいだいHP+10"", ""おしゃれさ+25""]",,,,25,6,,,,,replace,,30,-,-,,からだ上,からだ上,,,,https://draquex.com/bougu/0-zenbu.php,https://draquex.com/bougu/b-30-7.php,,16,"2026-03-12 01:47:27","2026-07-23 15:19:03"
1371,armor_30_bodydown,バトマスアーマー下,"Battlemaster Leggings",防具_バトマスアーマー,バトマスアーマー,armor_set,,,"[""さいだいHP+10"", ""おしゃれさ+25""]",,,,12,3,,,,,replace,,30,-,-,,からだ下,からだ下,,,,https://draquex.com/bougu/0-zenbu.php,https://draquex.com/bougu/c-30-5.php,,9,"2026-03-12 01:47:27","2026-07-23 15:19:03"
1372,tailor_30_arm_2,バトマスグローブ,"Battlemaster Gloves",防具_バトマスアーマー,バトマスアーマー,armor_set,,,"[""さいだいHP+10"", ""おしゃれさ+25""]",,,,5,2,,12,,,replace,,30,-,-,,腕,ウデ,,,,https://draquex.com/bougu/0-zenbu.php,https://draquex.com/bougu/d-30-3.php,,4,"2026-03-12 01:47:27","2026-07-23 15:19:03"
1373,armor_30_foot,バトマスグリーブ,"Battlemaster Greaves",防具_バトマスアーマー,バトマスアーマー,armor_set,,,"[""さいだいHP+10"", ""おしゃれさ+25""]",,,,5,2,12,,,,replace,,30,-,-,,足,足,,,,https://draquex.com/bougu/0-zenbu.php,https://draquex.com/bougu/e-30-7.php,,6,"2026-03-12 01:47:27","2026-07-23 15:19:03"
1374,armor_30_bodyup_2,パラディンチェイン,"Paladin Chain Mail",防具_パラディンチェイン,パラディンチェイン,armor_set,,,"[""さいだいHP+10"", ""おしゃれさ+25""]",,,,29,8,,,,,replace,,30,-,-,,からだ上,からだ上,,,,https://draquex.com/bougu/0-zenbu.php,https://draquex.com/bougu/b-30-8.php,,7,"2026-03-12 01:47:29","2026-07-23 15:19:03"
1375,armor_30_bodydown_2,パラディンタイツ,"Paladin Tights",防具_パラディンチェイン,パラディンチェイン,armor_set,,,"[""さいだいHP+10"", ""おしゃれさ+25""]",,,,14,4,,,,,replace,,30,-,-,,からだ下,からだ下,,,,https://draquex.com/bougu/0-zenbu.php,https://draquex.com/bougu/c-30-6.php,,10,"2026-03-12 01:47:29","2026-07-23 15:19:03"
1376,tailor_30_foot_4,パラディンのくつ,"Paladin Shoes",防具_パラディンチェイン,パラディンチェイン,armor_set,,,"[""さいだいHP+10"", ""おしゃれさ+25""]",,,,9,3,13,,,,replace,,30,-,-,,足,足,,,,https://draquex.com/bougu/0-zenbu.php,https://draquex.com/bougu/e-30-8.php,,7,"2026-03-12 01:47:29","2026-07-23 15:19:03"
1377,bougu_30_1_head,魔法戦士団ハット,"Armamentalist Hat",防具_魔法戦士団制服,魔法戦士団制服,armor_set,18,,"[""さいだいMP+6"", ""おしゃれさ+35""]",,,,17,9,,,,,replace,,30,-,-,,頭,アタマ,,,,https://draquex.com/bougu/0-zenbu.php,https://draquex.com/bougu/a-30-7.php,,3,"2026-03-12 01:47:31","2026-07-23 15:19:03"
1378,bougu_30_1_body_top,魔法戦士団制服,"Armamentalist Uniform",防具_魔法戦士団制服,魔法戦士団制服,armor_set,18,,"[""さいだいMP+6"", ""おしゃれさ+35""]",,,,26,14,,,10,,replace,,30,-,-,,からだ上,からだ上,,,,https://draquex.com/bougu/0-zenbu.php,https://draquex.com/bougu/b-30-9.php,,6,"2026-03-12 01:47:31","2026-07-23 15:19:03"
1379,bougu_30_1_arm,魔法戦士団グローブ,"Armamentalist Gloves",防具_魔法戦士団制服,魔法戦士団制服,armor_set,18,,"[""さいだいMP+6"", ""おしゃれさ+35""]",,,,5,4,,17,,,replace,,30,-,-,,腕,ウデ,,,,https://draquex.com/bougu/0-zenbu.php,https://draquex.com/bougu/d-30-4.php,,2,"2026-03-12 01:47:31","2026-07-23 15:19:03"
1380,bougu_30_1_foot,魔法戦士団ブーツ,"Armamentalist Boots",防具_魔法戦士団制服,魔法戦士団制服,armor_set,18,,"[""さいだいMP+6"", ""おしゃれさ+35""]",,,,5,4,21,,,,replace,,30,-,-,,足,足,,,,https://draquex.com/bougu/0-zenbu.php,https://draquex.com/bougu/e-30-9.php,,3,"2026-03-12 01:47:31","2026-07-23 15:19:03"
1381,armor_30_head_4,レンジャーシャプカ,"Ranger Shapka",防具_レンジャコート,レンジャコート,armor_set,,,"[""きようさ+10"", ""おしゃれさ+25""]",,,,17,6,,,,,replace,,30,-,-,,頭,アタマ,,,,https://draquex.com/bougu/0-zenbu.php,https://draquex.com/bougu/a-30-8.php,,2,"2026-03-12 01:47:33","2026-07-23 15:19:03"
1382,tailor_30_bodyup_5,レンジャーコート上,"Ranger Coat Top",防具_レンジャコート,レンジャコート,armor_set,,,"[""きようさ+10"", ""おしゃれさ+25""]",,,,24,8,,,,,replace,,30,-,-,,からだ上,からだ上,,,,https://draquex.com/bougu/0-zenbu.php,https://draquex.com/bougu/b-30-10.php,,4,"2026-03-12 01:47:33","2026-07-23 15:19:03"
1383,tailor_30_bodydown_2,レンジャーコート下,"Ranger Coat Bottom",防具_レンジャコート,レンジャコート,armor_set,,,"[""きようさ+10"", ""おしゃれさ+25""]",,,,13,4,,,,4,replace,,30,-,-,,からだ下,からだ下,,,,https://draquex.com/bougu/0-zenbu.php,https://draquex.com/bougu/c-30-7.php,,3,"2026-03-12 01:47:33","2026-07-23 15:19:03"
1384,tailor_30_foot_6,レンジャーブーツ,"Ranger Boots",防具_レンジャコート,レンジャコート,armor_set,,,"[""きようさ+10"", ""おしゃれさ+25""]",,,,5,3,19,,,,replace,,30,-,-,,足,足,,,,https://draquex.com/bougu/0-zenbu.php,https://draquex.com/bougu/e-30-10.php,,2,"2026-03-12 01:47:33","2026-07-23 15:19:03"
1385,bougu_30_2_head,僧侶のカロット,"Priest Calotte",防具_僧侶のほうい,僧侶のほうい,armor_set,19,,"[""かいふく魔力+15"", ""おしゃれさ+25""]",,,,16,6,,,0,15,replace,,30,-,-,,頭,アタマ,,,,https://draquex.com/bougu/0-zenbu.php,https://draquex.com/bougu/a-30-2.php,,1,"2026-03-12 01:47:35","2026-07-23 15:19:03"
1386,bougu_30_2_body_top,僧侶のほうい,"Priest Vestment",防具_僧侶のほうい,僧侶のほうい,armor_set,19,,"[""かいふく魔力+15"", ""おしゃれさ+25""]",,,,23,8,,,24,,replace,,30,-,-,,からだ上,からだ上,,,,https://draquex.com/bougu/0-zenbu.php,https://draquex.com/bougu/b-30-2.php,,2,"2026-03-12 01:47:35","2026-07-23 15:19:03"
1387,bougu_30_2_foot,僧侶のブーツ,"Priest Boots",防具_僧侶のほうい,僧侶のほうい,armor_set,19,,"[""かいふく魔力+15"", ""おしゃれさ+25""]",,,,5,3,22,,,,replace,,30,-,-,,足,足,,,,https://draquex.com/bougu/0-zenbu.php,https://draquex.com/bougu/e-30-2.php,,1,"2026-03-12 01:47:35","2026-07-23 15:19:03"
1388,armor_30_head_6,王者のかぶと,"Sovereign's Helmet",防具_王者のマント,王者のマント,armor_set,,,"[""おしゃれさ+40""]",,,,16,8,,,,,replace,,30,-,-,,頭,アタマ,,,,https://draquex.com/bougu/0-zenbu.php,https://draquex.com/bougu/a-30-16.php,,4,"2026-03-12 01:47:38","2026-07-23 15:19:03"
1389,armor_30_bodyup_4,王者のマント,"Sovereign's Cloak",防具_王者のマント,王者のマント,armor_set,,,"[""おしゃれさ+40""]",,,,25,10,,,,,replace,,30,-,-,,からだ上,からだ上,,,,https://draquex.com/bougu/0-zenbu.php,https://draquex.com/bougu/b-30-18.php,,6,"2026-03-12 01:47:38","2026-07-23 15:19:03"
1390,tailor_30_arm_4,王者のこて,"Sovereign's Gauntlets",防具_王者のマント,王者のマント,armor_set,,,"[""おしゃれさ+40""]",,,,4,4,,14,,,replace,,30,-,-,,腕,ウデ,,,,https://draquex.com/bougu/0-zenbu.php,https://draquex.com/bougu/d-30-9.php,,2,"2026-03-12 01:47:38","2026-07-23 15:19:03"
1391,armor_30_foot_2,王者の脚甲,"Sovereign's Greaves",防具_王者のマント,王者のマント,armor_set,,,"[""おしゃれさ+40""]",,,,4,4,14,,,,replace,,30,-,-,,足,足,,,,https://draquex.com/bougu/0-zenbu.php,https://draquex.com/bougu/e-30-18.php,,2,"2026-03-12 01:47:38","2026-07-23 15:19:03"
1392,armor_30_bodyup_5,魔剣士のよろい,"Demon Swordsman Armor",防具_魔剣士のよろい,魔剣士のよろい,armor_set,,,"[""おしゃれさ+25"", ""さいだいHP+10""]",,,,22,10,,,9,,replace,,30,-,-,,からだ上,からだ上,,,,https://draquex.com/bougu/0-zenbu.php,https://draquex.com/bougu/b-30-21.php,,11,"2026-03-12 01:47:40","2026-07-23 15:19:03"
1393,armor_30_bodydown_3,魔剣士のズボン,"Demon Swordsman Pants",防具_魔剣士のよろい,魔剣士のよろい,armor_set,,,"[""おしゃれさ+25"", ""さいだいHP+10""]",,,,12,5,,,,,replace,,30,-,-,,からだ下,からだ下,,,,https://draquex.com/bougu/0-zenbu.php,https://draquex.com/bougu/c-30-15.php,,7,"2026-03-12 01:47:40","2026-07-23 15:19:03"
1394,tailor_30_arm_5,魔剣士のグローブ,"Demon Swordsman Grips",防具_魔剣士のよろい,魔剣士のよろい,armor_set,,,"[""おしゃれさ+25"", ""さいだいHP+10""]",,,,5,3,,10,,,replace,,30,-,-,,腕,ウデ,,,,https://draquex.com/bougu/0-zenbu.php,https://draquex.com/bougu/d-30-11.php,,1,"2026-03-12 01:47:40","2026-07-23 15:19:03"
1395,tailor_30_foot_8,魔剣士のブーツ,"Demon Swordsman Boots",防具_魔剣士のよろい,魔剣士のよろい,armor_set,,,"[""おしゃれさ+25"", ""さいだいHP+10""]",,,,5,3,21,,,,replace,,30,-,-,,足,足,,,,https://draquex.com/bougu/0-zenbu.php,https://draquex.com/bougu/e-30-21.php,,1,"2026-03-12 01:47:40","2026-07-23 15:19:03"
1396,armor_30_head_7,占い師のずきん,"Fortune Teller Hood",防具_占い師の服,占い師の服,armor_set,,,"[""おしゃれさ+25"", ""さいだいHP+2"", ""かいふく魔力+4"", ""こうげき魔力+4""]",,,,16,6,,,14,14,replace,,30,-,-,,頭,アタマ,,,,https://draquex.com/bougu/0-zenbu.php,https://draquex.com/bougu/a-30-15.php,,1,"2026-03-12 01:47:42","2026-07-23 15:19:03"
1397,tailor_30_bodyup_6,占い師の服上,"Fortune Teller Shirt",防具_占い師の服,占い師の服,armor_set,,,"[""おしゃれさ+25"", ""さいだいHP+2"", ""かいふく魔力+4"", ""こうげき魔力+4""]",,,,23,8,,,18,18,replace,,30,-,-,,からだ上,からだ上,,,,https://draquex.com/bougu/0-zenbu.php,https://draquex.com/bougu/b-30-17.php,,1,"2026-03-12 01:47:42","2026-07-23 15:19:03"
1398,tailor_30_bodydown_3,占い師の服下,"Fortune Teller Bottom",防具_占い師の服,占い師の服,armor_set,,,"[""おしゃれさ+25"", ""さいだいHP+2"", ""かいふく魔力+4"", ""こうげき魔力+4""]",,,,12,4,,,,,replace,,30,-,-,,からだ下,からだ下,,,,https://draquex.com/bougu/0-zenbu.php,https://draquex.com/bougu/c-30-12.php,,2,"2026-03-12 01:47:42","2026-07-23 15:19:03"
1399,armor_30_arm_2,占い師のうでわ,"Fortune Teller Bangles",防具_占い師の服,占い師の服,armor_set,,,"[""おしゃれさ+25"", ""さいだいHP+2"", ""かいふく魔力+4"", ""こうげき魔力+4""]",,,,5,2,,11,,,replace,,30,-,-,,腕,ウデ,,,,https://draquex.com/bougu/0-zenbu.php,https://draquex.com/bougu/d-30-7.php,,1,"2026-03-12 01:47:42","2026-07-23 15:19:03"
1400,tailor_30_foot_9,占い師のサンダル,"Fortune Teller Sandals",防具_占い師の服,占い師の服,armor_set,,,"[""おしゃれさ+25"", ""さいだいHP+2"", ""かいふく魔力+4"", ""こうげき魔力+4""]",,,,5,3,20,,,,replace,,30,-,-,,足,足,,,,https://draquex.com/bougu/0-zenbu.php,https://draquex.com/bougu/e-30-17.php,,1,"2026-03-12 01:47:42","2026-07-23 15:19:03"
1401,armor_30_head_8,天地雷鳴士の冠,"Druid Cap",防具_天地雷鳴士,天地雷鳴士,armor_set,,,"[""おしゃれさ+25"", ""こうげき魔力+15""]",,,,23,10,,,21,,replace,,30,-,-,,頭,アタマ,,,,https://draquex.com/bougu/0-zenbu.php,https://draquex.com/bougu/a-30-17.php,,1,"2026-03-12 01:47:45","2026-07-23 15:19:03"
1402,armor_30_bodyup_6,天地雷鳴士の装束上,"Druid Attire Top",防具_天地雷鳴士,天地雷鳴士,armor_set,,,"[""おしゃれさ+25"", ""こうげき魔力+15""]",,,,32,15,,,30,,replace,,30,-,-,,からだ上,からだ上,,,,https://draquex.com/bougu/0-zenbu.php,https://draquex.com/bougu/b-30-19.php,,3,"2026-03-12 01:47:45","2026-07-23 15:19:03"
1403,armor_30_bodydown_4,天地雷鳴士の装束下,"Druid Attire Bottom",防具_天地雷鳴士,天地雷鳴士,armor_set,,,"[""おしゃれさ+25"", ""こうげき魔力+15""]",,,,18,9,,,,,replace,,30,-,-,,からだ下,からだ下,,,,https://draquex.com/bougu/0-zenbu.php,https://draquex.com/bougu/c-30-13.php,,3,"2026-03-12 01:47:45","2026-07-23 15:19:03"
1404,tailor_30_foot_10,天地雷鳴士のくつ,"Druid Shoes",防具_天地雷鳴士,天地雷鳴士,armor_set,,,"[""おしゃれさ+25"", ""こうげき魔力+15""]",,,,8,4,28,,,,replace,,30,-,-,,足,足,,,,https://draquex.com/bougu/0-zenbu.php,https://draquex.com/bougu/e-30-19.php,,1,"2026-03-12 01:47:45","2026-07-23 15:19:03"
1405,bougu_30_3_head,戦士のかぶと,"Warrior Helm",防具_戦士のよろい,戦士のよろい,armor_set,18,,"[""さいだいHP+10"", ""おしゃれさ+25""]",,,,16,6,,,,,replace,,30,-,-,,頭,アタマ,,,,https://draquex.com/bougu/0-zenbu.php,https://draquex.com/bougu/a-30-1.php,,8,"2026-03-12 01:47:47","2026-07-23 15:19:03"
1406,bougu_30_3_body_top,戦士のよろい,"Warrior Armor",防具_戦士のよろい,戦士のよろい,armor_set,18,,"[""さいだいHP+10"", ""おしゃれさ+25""]",,,,25,8,,,,,replace,,30,-,-,,からだ上,からだ上,,,,https://draquex.com/bougu/0-zenbu.php,https://draquex.com/bougu/b-30-1.php,,17,"2026-03-12 01:47:47","2026-07-23 15:19:03"
1407,bougu_30_3_body_bottom,戦士のレガース,"Warrior Shin Guards",防具_戦士のよろい,戦士のよろい,armor_set,18,,"[""さいだいHP+10"", ""おしゃれさ+25""]",,,,13,4,,,,,replace,,30,-,-,,からだ下,からだ下,,,,https://draquex.com/bougu/0-zenbu.php,https://draquex.com/bougu/c-30-1.php,,10,"2026-03-12 01:47:47","2026-07-23 15:19:03"
1408,bougu_30_3_arm,戦士のグローブ,"Warrior Gloves",防具_戦士のよろい,戦士のよろい,armor_set,18,,"[""さいだいHP+10"", ""おしゃれさ+25""]",,,,5,3,,13,,,replace,,30,-,-,,腕,ウデ,,,,https://draquex.com/bougu/0-zenbu.php,https://draquex.com/bougu/d-30-1.php,,4,"2026-03-12 01:47:47","2026-07-23 15:19:03"
1409,bougu_30_3_foot,戦士のブーツ,"Warrior Boots",防具_戦士のよろい,戦士のよろい,armor_set,18,,"[""さいだいHP+10"", ""おしゃれさ+25""]",,,,5,3,13,,,,replace,,30,-,-,,足,足,,,,https://draquex.com/bougu/0-zenbu.php,https://draquex.com/bougu/e-30-1.php,,7,"2026-03-12 01:47:47","2026-07-23 15:19:03"
1410,bougu_30_4_head,旅芸人のヘアバンド,"Minstrel Headband",防具_旅芸人の衣装,旅芸人の衣装,armor_set,22,,"[""すばやさ+6"", ""きようさ+6"", ""おしゃれさ+25""]",,,,16,7,,,,,replace,,30,-,-,,頭,アタマ,,,,https://draquex.com/bougu/0-zenbu.php,https://draquex.com/bougu/a-30-5.php,,2,"2026-03-12 01:47:49","2026-07-23 15:19:03"
1411,bougu_30_4_body_top,旅芸人の衣装上,"Minstrel Shirt",防具_旅芸人の衣装,旅芸人の衣装,armor_set,22,,"[""すばやさ+6"", ""きようさ+6"", ""おしゃれさ+25""]",,,,22,11,,,,,replace,,30,-,-,,からだ上,からだ上,,,,https://draquex.com/bougu/0-zenbu.php,https://draquex.com/bougu/b-30-6.php,,4,"2026-03-12 01:47:49","2026-07-23 15:19:03"
1412,bougu_30_4_body_bottom,旅芸人の衣装下,"Minstrel Pants",防具_旅芸人の衣装,旅芸人の衣装,armor_set,22,,"[""すばやさ+6"", ""きようさ+6"", ""おしゃれさ+25""]",,,,12,6,,,,,replace,,30,-,-,,からだ下,からだ下,,,,https://draquex.com/bougu/0-zenbu.php,https://draquex.com/bougu/c-30-4.php,,3,"2026-03-12 01:47:49","2026-07-23 15:19:03"
1413,bougu_30_4_foot,旅芸人のブーツ,"Minstrel Boots",防具_旅芸人の衣装,旅芸人の衣装,armor_set,22,,"[""すばやさ+6"", ""きようさ+6"", ""おしゃれさ+25""]",,,,5,3,19,,,,replace,,30,-,-,,足,足,,,,https://draquex.com/bougu/0-zenbu.php,https://draquex.com/bougu/e-30-6.php,,2,"2026-03-12 01:47:49","2026-07-23 15:19:03"
1414,bougu_30_5_body_top,ぶとうぎ,Strongsam,防具_ぶどうぎ,ぶどうぎ,armor_set,23,,"[""すばやさ+20"", ""おしゃれさ+25""]",,,,21,8,,,,,replace,,30,-,-,,からだ上,からだ上,,,,https://draquex.com/bougu/0-zenbu.php,https://draquex.com/bougu/b-30-4.php,,5,"2026-03-12 01:47:51","2026-07-23 15:19:03"
1415,bougu_30_5_foot,武闘家のくつ,"Martial Artist Shoes",防具_ぶどうぎ,ぶどうぎ,armor_set,23,,"[""すばやさ+20"", ""おしゃれさ+25""]",,,,,,,,,,replace,,30,-,-,,足,足,,,,https://draquex.com/bougu/0-zenbu.php,https://draquex.com/bougu/e-30-4.php,,,"2026-03-12 01:47:51","2026-07-23 15:19:03"
1416,tailor_30_head_4,海賊のぼうし,"Pirate Hat",防具_海賊の戦闘服,海賊の戦闘服,armor_set,,,"[""おしゃれさ+25"", ""きようさ+15""]",,,,22,10,,,,,replace,,30,-,-,,頭,アタマ,,,,https://draquex.com/bougu/0-zenbu.php,https://draquex.com/bougu/a-30-19.php,,1,"2026-03-12 01:47:53","2026-07-23 15:19:03"
1417,tailor_30_bodyup_7,海賊の戦闘服上,"Pirate Shirt",防具_海賊の戦闘服,海賊の戦闘服,armor_set,,,"[""おしゃれさ+25"", ""きようさ+15""]",,,,23,10,,,,,replace,,30,-,-,,からだ上,からだ上,,,,https://draquex.com/bougu/0-zenbu.php,https://draquex.com/bougu/b-30-22.php,,11,"2026-03-12 01:47:53","2026-07-23 15:19:03"
1418,tailor_30_bodydown_4,海賊の戦闘服下,"Pirate Pants",防具_海賊の戦闘服,海賊の戦闘服,armor_set,,,"[""おしゃれさ+25"", ""きようさ+15""]",,,,13,5,,,,,replace,,30,-,-,,からだ下,からだ下,,,,https://draquex.com/bougu/0-zenbu.php,https://draquex.com/bougu/c-30-16.php,,7,"2026-03-12 01:47:53","2026-07-23 15:19:03"
1419,armor_30_arm_3,海賊の腕帯,"Pirate Armbands",防具_海賊の戦闘服,海賊の戦闘服,armor_set,,,"[""おしゃれさ+25"", ""きようさ+15""]",,,,6,3,,15,,,replace,,30,-,-,,腕,ウデ,,,,https://draquex.com/bougu/0-zenbu.php,https://draquex.com/bougu/d-30-12.php,,1,"2026-03-12 01:47:53","2026-07-23 15:19:03"
1420,tailor_30_foot_14,海賊のブーツ,"Pirate Boots",防具_海賊の戦闘服,海賊の戦闘服,armor_set,,,"[""おしゃれさ+25"", ""きようさ+15""]",,,,6,3,23,,,,replace,,30,-,-,,足,足,,,,https://draquex.com/bougu/0-zenbu.php,https://draquex.com/bougu/e-30-22.php,,1,"2026-03-12 01:47:53","2026-07-23 15:19:03"
1421,bougu_30_6_head,盗賊のターバン,"Thief Turban",防具_盗賊のチュニック,盗賊のチュニック,armor_set,21,,"[""きようさ+15"", ""おしゃれさ+25""]",,,,17,6,,,,,replace,,30,-,-,,頭,アタマ,,,,https://draquex.com/bougu/0-zenbu.php,https://draquex.com/bougu/a-30-4.php,,3,"2026-03-12 01:47:57","2026-07-23 15:19:03"
1422,bougu_30_6_body_top,盗賊のチュニック上,"Thief Tunic",防具_盗賊のチュニック,盗賊のチュニック,armor_set,21,,"[""きようさ+15"", ""おしゃれさ+25""]",,,,22,8,,,,,replace,,30,-,-,,からだ上,からだ上,,,,https://draquex.com/bougu/0-zenbu.php,https://draquex.com/bougu/b-30-5.php,,6,"2026-03-12 01:47:57","2026-07-23 15:19:03"
1423,bougu_30_6_body_bottom,盗賊のチュニック下,"Thief Pants",防具_盗賊のチュニック,盗賊のチュニック,armor_set,21,,"[""きようさ+15"", ""おしゃれさ+25""]",,,,14,4,,,,,replace,,30,-,-,,からだ下,からだ下,,,,https://draquex.com/bougu/0-zenbu.php,https://draquex.com/bougu/c-30-3.php,,4,"2026-03-12 01:47:57","2026-07-23 15:19:03"
1424,bougu_30_6_arm,盗賊のグローブ,"Thief Gloves",防具_盗賊のチュニック,盗賊のチュニック,armor_set,21,,"[""きようさ+15"", ""おしゃれさ+25""]",,,,5,3,,20,,,replace,,30,-,-,,腕,ウデ,,,,https://draquex.com/bougu/0-zenbu.php,https://draquex.com/bougu/d-30-2.php,,2,"2026-03-12 01:47:57","2026-07-23 15:19:03"
1425,bougu_30_6_foot,盗賊のブーツ,"Thief Boots",防具_盗賊のチュニック,盗賊のチュニック,armor_set,21,,"[""きようさ+15"", ""おしゃれさ+25""]",,,,5,3,19,,,,replace,,30,-,-,,足,足,,,,https://draquex.com/bougu/0-zenbu.php,https://draquex.com/bougu/e-30-5.php,,3,"2026-03-12 01:47:57","2026-07-23 15:19:03"
1426,tailor_30_head_6,竜術士の帽子,"Dragomancer Hat",防具_竜術士の服,竜術士の服,armor_set,,,"[""おしゃれさ+25"", ""こうげき魔力+15""]",,,,22,9,,,15,15,replace,,30,-,-,,頭,アタマ,,,,https://draquex.com/bougu/0-zenbu.php,https://draquex.com/bougu/a-30-21.php,,1,"2026-03-12 01:48:01","2026-07-23 15:19:03"
1427,tailor_30_bodyup_8,竜術士の服上,"Dragomancer Shirt",防具_竜術士の服,竜術士の服,armor_set,,,"[""おしゃれさ+25"", ""こうげき魔力+15""]",,,,29,14,,,23,23,replace,,30,-,-,,からだ上,からだ上,,,,https://draquex.com/bougu/0-zenbu.php,https://draquex.com/bougu/b-30-24.php,,3,"2026-03-12 01:48:01","2026-07-23 15:19:03"
1428,tailor_30_bodydown_5,竜術士の服下,"Dragomancer Bottoms",防具_竜術士の服,竜術士の服,armor_set,,,"[""おしゃれさ+25"", ""こうげき魔力+15""]",,,,17,9,,,,,replace,,30,-,-,,からだ下,からだ下,,,,https://draquex.com/bougu/0-zenbu.php,https://draquex.com/bougu/c-30-17.php,,3,"2026-03-12 01:48:01","2026-07-23 15:19:03"
1429,tailor_30_arm_8,竜術士のグローブ,"Dragomancer Gloves",防具_竜術士の服,竜術士の服,armor_set,,,"[""おしゃれさ+25"", ""こうげき魔力+15""]",,,,6,3,,10,,,replace,,30,-,-,,腕,ウデ,,,,https://draquex.com/bougu/0-zenbu.php,https://draquex.com/bougu/d-30-14.php,,1,"2026-03-12 01:48:01","2026-07-23 15:19:03"
1430,tailor_30_foot_16,竜術士のブーツ,"Dragomancer Boots",防具_竜術士の服,竜術士の服,armor_set,,,"[""おしゃれさ+25"", ""こうげき魔力+15""]",,,,8,8,20,,,,replace,,30,-,-,,足,足,,,,https://draquex.com/bougu/0-zenbu.php,https://draquex.com/bougu/e-30-24.php,,1,"2026-03-12 01:48:01","2026-07-23 15:19:03"
1431,tailor_30_head_7,賢者のぼうし,"Sage Hat",防具_賢者のころも,賢者のころも,armor_set,,,"[""さいだいMP+4"", ""こうげき魔力+4"", ""かいふく魔力+4"", ""おしゃれさ+25""]",,,,16,6,,,,,replace,,30,-,-,,頭,アタマ,,,,https://draquex.com/bougu/0-zenbu.php,https://draquex.com/bougu/a-30-9.php,,1,"2026-03-12 01:48:03","2026-07-23 15:19:03"
1432,tailor_30_bodyup_9,賢者のころも上,"Sage Robe Top",防具_賢者のころも,賢者のころも,armor_set,,,"[""さいだいMP+4"", ""こうげき魔力+4"", ""かいふく魔力+4"", ""おしゃれさ+25""]",,,,23,8,,,,,replace,,30,-,-,,からだ上,からだ上,,,,https://draquex.com/bougu/0-zenbu.php,https://draquex.com/bougu/b-30-11.php,,1,"2026-03-12 01:48:03","2026-07-23 15:19:03"
1433,tailor_30_bodydown_6,賢者のころも下,"Sage Robe Bottom",防具_賢者のころも,賢者のころも,armor_set,,,"[""さいだいMP+4"", ""こうげき魔力+4"", ""かいふく魔力+4"", ""おしゃれさ+25""]",,,,12,4,,,,,replace,,30,-,-,,からだ下,からだ下,,,,https://draquex.com/bougu/0-zenbu.php,https://draquex.com/bougu/c-30-8.php,,2,"2026-03-12 01:48:03","2026-07-23 15:19:03"
1434,armor_30_arm_4,賢者のアーム,"Sage Armbands",防具_賢者のころも,賢者のころも,armor_set,,,"[""さいだいMP+4"", ""こうげき魔力+4"", ""かいふく魔力+4"", ""おしゃれさ+25""]",,,,5,2,,11,,,replace,,30,-,-,,腕,ウデ,,,,https://draquex.com/bougu/0-zenbu.php,https://draquex.com/bougu/d-30-5.php,,1,"2026-03-12 01:48:03","2026-07-23 15:19:03"
1435,tailor_30_foot_17,賢者のくつ,"Sage Shoes",防具_賢者のころも,賢者のころも,armor_set,,,"[""さいだいMP+4"", ""こうげき魔力+4"", ""かいふく魔力+4"", ""おしゃれさ+25""]",,,,5,3,20,,,,replace,,30,-,-,,足,足,,,,https://draquex.com/bougu/0-zenbu.php,https://draquex.com/bougu/e-30-11.php,,1,"2026-03-12 01:48:03","2026-07-23 15:19:03"
1436,armor_30_head_10,踊り子の額冠,"Dancer Diadem",防具_踊り子のベスト,踊り子のベスト,armor_set,,,"[""おしゃれさ+35"", ""さいだいMP+10""]",,,,16,8,,,,,replace,,30,-,-,,頭,アタマ,,,,https://draquex.com/bougu/0-zenbu.php,https://draquex.com/bougu/a-30-13.php,,2,"2026-03-12 01:48:06","2026-07-23 15:19:03"
1437,armor_30_bodyup_11,踊り子のベスト,"Dancer Vest",防具_踊り子のベスト,踊り子のベスト,armor_set,,,"[""おしゃれさ+35"", ""さいだいMP+10""]",,,,22,12,,,,,replace,,30,-,-,,からだ上,からだ上,,,,https://draquex.com/bougu/0-zenbu.php,https://draquex.com/bougu/b-30-15.php,,3,"2026-03-12 01:48:06","2026-07-23 15:19:03"
1438,armor_30_bodydown_8,踊り子のズボン,"Dancer Trousers",防具_踊り子のベスト,踊り子のベスト,armor_set,,,"[""おしゃれさ+35"", ""さいだいMP+10""]",,,,12,7,,,,,replace,,30,-,-,,からだ下,からだ下,,,,https://draquex.com/bougu/0-zenbu.php,https://draquex.com/bougu/c-30-10.php,,2,"2026-03-12 01:48:06","2026-07-23 15:19:03"
1439,tailor_30_foot_18,踊り子のくつ,"Dancer Shoes",防具_踊り子のベスト,踊り子のベスト,armor_set,,,"[""おしゃれさ+35"", ""さいだいMP+10""]",,,,5,4,19,,,,replace,,30,-,-,,足,足,,,,https://draquex.com/bougu/0-zenbu.php,https://draquex.com/bougu/e-30-15.php,,2,"2026-03-12 01:48:06","2026-07-23 15:19:03"
1440,armor_30_head_11,踊り子のティアラ,"Dancer Tiara",防具_踊り子のドレス,踊り子のドレス,armor_set,,,"[""おしゃれさ+35"", ""さいだいMP+10""]",,,,16,8,,,,,replace,,30,-,-,,頭,アタマ,,,,https://draquex.com/bougu/0-zenbu.php,https://draquex.com/bougu/a-30-14.php,,2,"2026-03-12 01:48:08","2026-07-23 15:19:03"
1441,tailor_30_bodyup_10,踊り子のドレス,"Dancer Dress",防具_踊り子のドレス,踊り子のドレス,armor_set,,,"[""おしゃれさ+35"", ""さいだいMP+10""]",,,,22,12,,,,,replace,,30,-,-,,からだ上,からだ上,,,,https://draquex.com/bougu/0-zenbu.php,https://draquex.com/bougu/b-30-16.php,,3,"2026-03-12 01:48:08","2026-07-23 15:19:03"
1442,armor_30_bodydown_9,踊り子のスカート,"Dancer Skirt",防具_踊り子のドレス,踊り子のドレス,armor_set,,,"[""おしゃれさ+35"", ""さいだいMP+10""]",,,,12,7,,,,,replace,,30,-,-,,からだ下,からだ下,,,,https://draquex.com/bougu/0-zenbu.php,https://draquex.com/bougu/c-30-11.php,,2,"2026-03-12 01:48:08","2026-07-23 15:19:03"
1443,tailor_30_foot_19,踊り子のサンダル,"Dancer Sandals",防具_踊り子のドレス,踊り子のドレス,armor_set,,,"[""おしゃれさ+35"", ""さいだいMP+10""]",,,,5,4,19,,,,replace,,30,-,-,,足,足,,,,https://draquex.com/bougu/0-zenbu.php,https://draquex.com/bougu/e-30-16.php,,2,"2026-03-12 01:48:08","2026-07-23 15:19:03"
1444,tailor_30_head_8,遊び人のぼうし,"Gadabout Hat",防具_遊び人の服,遊び人の服,armor_set,,,"[""おしゃれさ+30"", ""みとれる+1%""]",,,,16,20,,,,,replace,,30,-,-,,頭,アタマ,,,,https://draquex.com/bougu/0-zenbu.php,https://draquex.com/bougu/a-50-13.php,,1,"2026-03-12 01:48:10","2026-07-23 15:19:03"
1445,tailor_30_bodyup_11,遊び人の服,"Gadabout Clothes",防具_遊び人の服,遊び人の服,armor_set,,,"[""おしゃれさ+30"", ""みとれる+1%""]",,,,25,20,,,,,replace,,30,-,-,,からだ上,からだ上,,,,https://draquex.com/bougu/0-zenbu.php,https://draquex.com/bougu/b-50-13.php,,3,"2026-03-12 01:48:10","2026-07-23 15:19:03"
1446,armor_30_arm_5,遊び人のてぶくろ,"Gadabout Gloves",防具_遊び人の服,遊び人の服,armor_set,,,"[""おしゃれさ+30"", ""みとれる+1%""]",,,,5,3,,15,,,replace,,30,-,-,,腕,ウデ,,,,https://draquex.com/bougu/0-zenbu.php,https://draquex.com/bougu/d-50-10.php,,1,"2026-03-12 01:48:10","2026-07-23 15:19:03"
1447,tailor_30_foot_20,遊び人のくつ,"Gadabout Shoes",防具_遊び人の服,遊び人の服,armor_set,,,"[""おしゃれさ+30"", ""みとれる+1%""]",,,,5,5,20,,,,replace,,30,-,-,,足,足,,,,https://draquex.com/bougu/0-zenbu.php,https://draquex.com/bougu/e-50-13.php,,1,"2026-03-12 01:48:10","2026-07-23 15:19:03"
1448,tailor_30_head_9,どうぐ使いのぼうし,"Item Master Hat",防具_どうぐ使いの服,どうぐ使いの服,armor_set,,,"[""さいだいHP+10"", ""おしゃれさ+25""]",,,,15,4,,,,,replace,,30,-,-,,頭,アタマ,,,,https://draquex.com/bougu/0-zenbu.php,https://draquex.com/bougu/a-30-12.php,,8,"2026-03-12 01:48:13","2026-07-23 15:19:03"
1449,tailor_30_bodyup_12,どうぐ使いの服,"Item Master Shirt",防具_どうぐ使いの服,どうぐ使いの服,armor_set,,,"[""さいだいHP+10"", ""おしゃれさ+25""]",,,,,,,,,,replace,,30,-,-,,からだ上,からだ上,,,,https://draquex.com/bougu/0-zenbu.php,https://draquex.com/bougu/b-30-14.php,,,"2026-03-12 01:48:13","2026-07-23 15:19:03"
1450,armor_30_bodydown_10,どうぐ使いのズボン,"Item Master Pants",防具_どうぐ使いの服,どうぐ使いの服,armor_set,,,"[""さいだいHP+10"", ""おしゃれさ+25""]",,,,12,4,,,,,replace,,30,-,-,,からだ下,からだ下,,,,https://draquex.com/bougu/0-zenbu.php,https://draquex.com/bougu/c-30-9.php,,3,"2026-03-12 01:48:13","2026-07-23 15:19:03"
1451,tailor_30_arm_9,どうぐ使いグローブ,"Item Master Gloves",防具_どうぐ使いの服,どうぐ使いの服,armor_set,,,"[""さいだいHP+10"", ""おしゃれさ+25""]",,,,5,2,,12,,,replace,,30,-,-,,腕,ウデ,,,,https://draquex.com/bougu/0-zenbu.php,https://draquex.com/bougu/d-30-8.php,,4,"2026-03-12 01:48:13","2026-07-23 15:19:03"
1452,tailor_30_foot_21,どうぐ使いのブーツ,"Item Master Boots",防具_どうぐ使いの服,どうぐ使いの服,armor_set,,,"[""さいだいHP+10"", ""おしゃれさ+25""]",,,,5,2,12,,,,replace,,30,-,-,,足,足,,,,https://draquex.com/bougu/0-zenbu.php,https://draquex.com/bougu/e-30-14.php,,6,"2026-03-12 01:48:13","2026-07-23 15:19:03"
1453,armor_30_head_12,隠者のサークレット,"Hermit's Circlet",防具_隠者の服,隠者の服,armor_set,,,"[""おしゃれさ+25"", ""こうげき魔力+15""]",,,,22,9,,,13,13,replace,,30,-,-,,頭,アタマ,,,,https://draquex.com/bougu/0-zenbu.php,https://draquex.com/bougu/a-30-22.php,,1,"2026-03-12 01:48:16","2026-07-23 15:19:03"
1454,tailor_30_bodyup_13,隠者のころも上,"Hermit's Shirt",防具_隠者の服,隠者の服,armor_set,,,"[""おしゃれさ+25"", ""こうげき魔力+15""]",,,,30,14,,,24,24,replace,,30,-,-,,からだ上,からだ上,,,,https://draquex.com/bougu/0-zenbu.php,https://draquex.com/bougu/b-30-25.php,,3,"2026-03-12 01:48:16","2026-07-23 15:19:03"
1455,tailor_30_bodydown_7,隠者のころも下,"Hermit's Robe",防具_隠者の服,隠者の服,armor_set,,,"[""おしゃれさ+25"", ""こうげき魔力+15""]",,,,18,9,,,,,replace,,30,-,-,,からだ下,からだ下,,,,https://draquex.com/bougu/0-zenbu.php,https://draquex.com/bougu/c-30-18.php,,3,"2026-03-12 01:48:16","2026-07-23 15:19:03"
1456,armor_30_arm_6,隠者の腕帯,"Hermit's Armbands",防具_隠者の服,隠者の服,armor_set,,,"[""おしゃれさ+25"", ""こうげき魔力+15""]",,,,6,3,,12,,,replace,,30,-,-,,腕,ウデ,,,,https://draquex.com/bougu/0-zenbu.php,https://draquex.com/bougu/d-30-15.php,,1,"2026-03-12 01:48:16","2026-07-23 15:19:03"
1457,tailor_30_foot_22,隠者のブーツ,"Hermit's Boots",防具_隠者の服,隠者の服,armor_set,,,"[""おしゃれさ+25"", ""こうげき魔力+15""]",,,,8,8,12,,,,replace,,30,-,-,,足,足,,,,https://draquex.com/bougu/0-zenbu.php,https://draquex.com/bougu/e-30-25.php,,1,"2026-03-12 01:48:16","2026-07-23 15:19:03"
1458,tailor_30_head_10,魔法使いのぼうし,"Mage Hat",防具_魔法使いの服,魔法使いの服,armor_set,,,"[""こうげき魔力+15"", ""おしゃれさ+25""]",,,,15,6,,,15,,replace,,30,-,-,,頭,アタマ,,,,https://draquex.com/bougu/0-zenbu.php,https://draquex.com/bougu/a-30-3.php,,1,"2026-03-12 01:48:18","2026-07-23 15:19:03"
1459,tailor_30_bodyup_14,魔法使いの服,"Mage Shirt",防具_魔法使いの服,魔法使いの服,armor_set,,,"[""こうげき魔力+15"", ""おしゃれさ+25""]",,,,23,8,,,24,,replace,,30,-,-,,からだ上,からだ上,,,,https://draquex.com/bougu/0-zenbu.php,https://draquex.com/bougu/b-30-3.php,,1,"2026-03-12 01:48:18","2026-07-23 15:19:03"
1460,armor_30_bodydown_11,魔法使いのズボン,"Mage Pants",防具_魔法使いの服,魔法使いの服,armor_set,,,"[""こうげき魔力+15"", ""おしゃれさ+25""]",,,,12,4,,,,,replace,,30,-,-,,からだ下,からだ下,,,,https://draquex.com/bougu/0-zenbu.php,https://draquex.com/bougu/c-30-2.php,,1,"2026-03-12 01:48:18","2026-07-23 15:19:03"
1461,tailor_30_foot_23,魔法使いのブーツ,"Mage Boots",防具_魔法使いの服,魔法使いの服,armor_set,,,"[""こうげき魔力+15"", ""おしゃれさ+25""]",,,,4,3,21,,,,replace,,30,-,-,,足,足,,,,https://draquex.com/bougu/0-zenbu.php,https://draquex.com/bougu/e-30-3.php,,1,"2026-03-12 01:48:18","2026-07-23 15:19:03"
1462,tailor_28_head,木の葉のぼうし,"Foliage Hat",set_9aa7e02e6a,木の葉セット,tailoring_set,,再生布,"[""さいだいHP+6"", ""さいだいMP+2"", ""きようさ+6"", ""おしゃれさ+10""]",,,,14,3,,,,,replace,14,28,木の葉よろい全集,ジュレットの町・さいほうギルドの素材屋,,頭,裁縫頭,3,"[{""count"": 1, ""item_id"": 683}, {""count"": 1, ""item_id"": 670}, {""count"": 1, ""item_id"": 434}]","[[""45"", null, null], [""60"", ""75"", ""75""]]",https://draquex.com/bougu/0-zenbu.php,https://draquex.com/bougu/a-28-1.php,,5,"2026-03-12 01:48:21","2026-07-23 15:19:03"
1463,tailor_28_bodyup,木の葉のよろい上,"Foliage Armor Top",set_9aa7e02e6a,木の葉セット,tailoring_set,,再生布,"[""さいだいHP+6"", ""さいだいMP+2"", ""きようさ+6"", ""おしゃれさ+10""]",,,,18,5,,,,,replace,14,28,木の葉よろい全集,ジュレットの町・さいほうギルドの素材屋,,体上,裁縫上,3,"[{""count"": 1, ""item_id"": 683}, {""count"": 1, ""item_id"": 434}, {""count"": 1, ""item_id"": 638}]","[[""30"", ""23"", ""50""], [""23"", ""23"", ""23""], [""30"", ""23"", ""30""]]",https://draquex.com/bougu/0-zenbu.php,https://draquex.com/bougu/b-28-1.php,,10,"2026-03-12 01:48:21","2026-07-23 15:19:03"
1464,tailor_28_bodydown,木の葉のよろい下,"Foliage Armor Bottom",set_9aa7e02e6a,木の葉セット,tailoring_set,,再生布,"[""さいだいHP+6"", ""さいだいMP+2"", ""きようさ+6"", ""おしゃれさ+10""]",,,,10,3,,,,,replace,14,28,木の葉よろい全集,ジュレットの町・さいほうギルドの素材屋,,体下,裁縫下,2,"[{""count"": 1, ""item_id"": 683}, {""count"": 1, ""item_id"": 844}, {""count"": 1, ""item_id"": 664}]","[[""45"", ""60""], [""45"", ""45""], [""30"", ""30""]]",https://draquex.com/bougu/0-zenbu.php,https://draquex.com/bougu/c-28-1.php,,6,"2026-03-12 01:48:21","2026-07-23 15:19:03"
1465,tailor_28_arm,木の葉のうでわ,"Foliage Bangles",set_9aa7e02e6a,木の葉セット,tailoring_set,,再生布,"[""さいだいHP+6"", ""さいだいMP+2"", ""きようさ+6"", ""おしゃれさ+10""]",,,,4,2,,9,,,replace,14,28,木の葉よろい全集,ジュレットの町・さいほうギルドの素材屋,,腕,裁縫腕,3,"[{""count"": 1, ""item_id"": 683}, {""count"": 1, ""item_id"": 848}, {""count"": 1, ""item_id"": 670}]","[[""45"", ""30"", ""55""], [""40"", ""30"", ""55""]]",https://draquex.com/bougu/0-zenbu.php,https://draquex.com/bougu/d-28-1.php,,3,"2026-03-12 01:48:21","2026-07-23 15:19:03"
1466,tailor_28_foot,木の葉のブーツ,"Foliage Boots",set_9aa7e02e6a,木の葉セット,tailoring_set,,再生布,"[""さいだいHP+6"", ""さいだいMP+2"", ""きようさ+6"", ""おしゃれさ+10""]",,,,4,2,9,,,,replace,14,28,木の葉よろい全集,ジュレットの町・さいほうギルドの素材屋,,足,裁縫足,2,"[{""count"": 1, ""item_id"": 683}, {""count"": 1, ""item_id"": 643}, {""count"": 1, ""item_id"": 670}]","[[""60"", ""45""], [""75"", ""75""]]",https://draquex.com/bougu/0-zenbu.php,https://draquex.com/bougu/e-28-1.php,,4,"2026-03-12 01:48:21","2026-07-23 15:19:03"
1467,bougu_28_1_head,まもりのぼうし,"Safety Cap",set_9df3054953,まもりセット,tailoring_set,19,再生布,"[""かいふく魔力+6"", ""おしゃれさ+20""]",,,,12,5,,,10,10,replace,14,28,まもりのローブの作り方,さいほうギルド2階の本棚,,頭,裁縫頭,3,"[{""count"": 1, ""item_id"": 683}, {""count"": 1, ""item_id"": 613}, {""count"": 1, ""item_id"": 773}]","[[null, ""75"", null], [""45"", ""75"", ""60""]]",https://draquex.com/bougu/0-zenbu.php,https://draquex.com/bougu/a-28-6.php,,1,"2026-03-12 01:48:23","2026-07-23 15:19:03"
1468,bougu_28_1_body_top,まもりのローブ,"Safety Robe",set_9df3054953,まもりセット,tailoring_set,19,再生布,"[""かいふく魔力+6"", ""おしゃれさ+20""]",,,,11,7,,,13,13,replace,14,28,まもりのローブの作り方,さいほうギルド2階の本棚,,体上,裁縫上,3,"[{""count"": 1, ""item_id"": 683}, {""count"": 1, ""item_id"": 613}, {""count"": 1, ""item_id"": 627}]","[[""30"", ""23"", ""30""], [""23"", ""23"", ""23""], [""30"", ""23"", ""50""]]",https://draquex.com/bougu/0-zenbu.php,https://draquex.com/bougu/b-28-6.php,,3,"2026-03-12 01:48:23","2026-07-23 15:19:03"
1469,bougu_28_1_foot,まもりのくつ,"Safety Shoes",set_9df3054953,まもりセット,tailoring_set,19,再生布,"[""かいふく魔力+6"", ""おしゃれさ+20""]",,,,3,2,14,,,,replace,14,28,まもりのローブの作り方,さいほうギルド2階の本棚,,足,裁縫足,2,"[{""count"": 1, ""item_id"": 683}, {""count"": 1, ""item_id"": 613}, {""count"": 1, ""item_id"": 670}]","[[""75"", ""75""], [""45"", ""60""]]",https://draquex.com/bougu/0-zenbu.php,https://draquex.com/bougu/e-28-6.php,,1,"2026-03-12 01:48:23","2026-07-23 15:19:03"
1470,bougu_28_2_head,まじないしターバン,"Fizzle-Proof Turban",set_cdc56fbcfc,まじないしセット,tailoring_set,19,再生布,"[""こうげき魔力+6"", ""おしゃれさ+20""]",,,,13,6,,,13,14,replace,14,28,まじないしの服の作り方,プクランド大陸・リンクル地方D-2アルウェ王妃の別荘跡2階の本棚,,頭,裁縫頭,3,"[{""count"": 1, ""item_id"": 683}, {""count"": 1, ""item_id"": 657}, {""count"": 1, ""item_id"": 669}]","[[""60"", """", """"], [""60"", ""90"", ""45""]]",https://draquex.com/bougu/0-zenbu.php,https://draquex.com/bougu/a-28-7.php,,1,"2026-03-12 01:48:25","2026-07-23 15:19:03"
1471,bougu_28_2_body_top,まじないしローブ上,"Fizzle-Proof Shirt",set_cdc56fbcfc,まじないしセット,tailoring_set,19,再生布,"[""こうげき魔力+6"", ""おしゃれさ+20""]",,,,15,9,,,17,17,replace,14,28,まじないしの服の作り方,プクランド大陸・リンクル地方D-2アルウェ王妃の別荘跡2階の本棚,,体上,裁縫上,3,"[{""count"": 1, ""item_id"": 683}, {""count"": 1, ""item_id"": 671}, {""count"": 1, ""item_id"": 844}]","[[""40"", ""23"", ""23""], [""23"", ""23"", ""30""], [""30"", ""23"", ""40""]]",https://draquex.com/bougu/0-zenbu.php,https://draquex.com/bougu/b-28-7.php,,2,"2026-03-12 01:48:25","2026-07-23 15:19:03"
1472,bougu_28_2_body_bottom,まじないしローブ下,"Fizzle-Proof Bottom",set_cdc56fbcfc,まじないしセット,tailoring_set,19,再生布,"[""こうげき魔力+6"", ""おしゃれさ+20""]",,,,10,5,,,,,replace,14,28,まじないしの服の作り方,プクランド大陸・リンクル地方D-2アルウェ王妃の別荘跡2階の本棚,,体下,裁縫下,2,"[{""count"": 1, ""item_id"": 683}, {""count"": 1, ""item_id"": 559}, {""count"": 1, ""item_id"": 669}]","[[""60"", ""30""], [""38"", ""37""], [""30"", ""60""]]",https://draquex.com/bougu/0-zenbu.php,https://draquex.com/bougu/c-28-6.php,,2,"2026-03-12 01:48:25","2026-07-23 15:19:03"
1473,bougu_28_2_foot,まじないしのくつ,"Fizzle-Proof Shoes",set_cdc56fbcfc,まじないしセット,tailoring_set,19,再生布,"[""こうげき魔力+6"", ""おしゃれさ+20""]",,,,3,3,8,,,,replace,14,28,まじないしの服の作り方,プクランド大陸・リンクル地方D-2アルウェ王妃の別荘跡2階の本棚,,足,裁縫足,2,"[{""count"": 1, ""item_id"": 683}, {""count"": 1, ""item_id"": 840}, {""count"": 1, ""item_id"": 728}]","[[""75"", ""45""], [""60"", ""75""]]",https://draquex.com/bougu/0-zenbu.php,https://draquex.com/bougu/e-28-7.php,,1,"2026-03-12 01:48:25","2026-07-23 15:19:03"
1474,bougu_28_3_head,ウェスタンハット,"Western Hat",set_01127c8d01,ウェスタンハットセット,tailoring_set,18,再生布,"[""さいだいMP+6"", ""おしゃれさ+25""]",,,,14,8,,,,,replace,14,28,ウェスタンな服のレシピ,ジュレットの町・さいほうギルドの素材屋,,頭,裁縫頭,3,"[{""count"": 1, ""item_id"": 683}, {""count"": 1, ""item_id"": 800}, {""count"": 1, ""item_id"": 643}]","[[null, ""60"", null], [""60"", ""75"", ""60""]]",https://draquex.com/bougu/0-zenbu.php,https://draquex.com/bougu/a-28-5.php,,3,"2026-03-12 01:48:28","2026-07-23 15:19:03"
1475,bougu_28_3_body_top,ウェスタンブラウス,"Western Blouse",set_01127c8d01,ウェスタンハットセット,tailoring_set,18,再生布,"[""さいだいMP+6"", ""おしゃれさ+25""]",,,,18,12,,,,,replace,14,28,ウェスタンな服のレシピ,ジュレットの町・さいほうギルドの素材屋,,体上,裁縫上,3,"[{""count"": 1, ""item_id"": 683}, {""count"": 1, ""item_id"": 638}, {""count"": 1, ""item_id"": 848}]","[[""30"", ""23"", ""30""], [""23"", ""23"", ""23""], [""50"", ""23"", ""30""]]",https://draquex.com/bougu/0-zenbu.php,https://draquex.com/bougu/b-28-5.php,,5,"2026-03-12 01:48:28","2026-07-23 15:19:03"
1476,bougu_28_3_body_bottom,ウェスタンスパッツ,"Western Spats",set_01127c8d01,ウェスタンハットセット,tailoring_set,18,再生布,"[""さいだいMP+6"", ""おしゃれさ+25""]",,,,10,7,,,,,replace,14,28,ウェスタンな服のレシピ,ジュレットの町・さいほうギルドの素材屋,,体下,裁縫下,2,"[{""count"": 1, ""item_id"": 683}, {""count"": 1, ""item_id"": 844}, {""count"": 1, ""item_id"": 542}]","[[""55"", ""50""], [""45"", ""45""], [""30"", ""30""]]",https://draquex.com/bougu/0-zenbu.php,https://draquex.com/bougu/c-28-5.php,,3,"2026-03-12 01:48:28","2026-07-23 15:19:03"
1477,bougu_28_3_arm,ウェスタングローブ,"Western Gloves",set_01127c8d01,ウェスタンハットセット,tailoring_set,18,再生布,"[""さいだいMP+6"", ""おしゃれさ+25""]",,,,4,4,,11,,,replace,14,28,ウェスタンな服のレシピ,ジュレットの町・さいほうギルドの素材屋,,腕,裁縫腕,3,"[{""count"": 1, ""item_id"": 683}, {""count"": 1, ""item_id"": 669}, {""count"": 1, ""item_id"": 643}]","[[""40"", ""30"", ""55""], [""45"", ""30"", ""55""]]",https://draquex.com/bougu/0-zenbu.php,https://draquex.com/bougu/d-28-5.php,,2,"2026-03-12 01:48:28","2026-07-23 15:19:03"
1478,bougu_28_3_foot,ウェスタンブーツ,"Western Boots",set_01127c8d01,ウェスタンハットセット,tailoring_set,18,再生布,"[""さいだいMP+6"", ""おしゃれさ+25""]",,,,4,3,13,,,,replace,14,28,ウェスタンな服のレシピ,ジュレットの町・さいほうギルドの素材屋,,足,裁縫足,2,"[{""count"": 1, ""item_id"": 683}, {""count"": 1, ""item_id"": 551}]","[[""50"", ""55""], [""75"", ""75""]]",https://draquex.com/bougu/0-zenbu.php,https://draquex.com/bougu/e-28-5.php,,2,"2026-03-12 01:48:28","2026-07-23 15:19:03"
1479,bougu_28_4_head,はがねのかぶと,"Steel Helmet",set_ee34a0dcc5,はがねセット,armor_set,21,,"[""おもさ+5"", ""おしゃれさ+20""]",,,,14,6,,,,,replace,14,28,はがねの防具図鑑,ヴェリナード城2階D-5知識の間の本棚,,頭,鎧頭,2,"[{""count"": 1, ""item_id"": 633}, {""count"": 1, ""item_id"": 749}, {""count"": 1, ""item_id"": 845}]","[[""40～52"", ""40～52""], [""80～88"", ""80～88""]]",https://draquex.com/bougu/0-zenbu.php,https://draquex.com/bougu/a-28-2.php,,11,"2026-03-12 01:48:31","2026-07-23 15:19:03"
1480,bougu_28_4_body_top,はがねのよろい上,"Steel Armor Top",set_ee34a0dcc5,はがねセット,armor_set,21,,"[""おもさ+5"", ""おしゃれさ+20""]",,,,19,9,,,,,replace,14,28,はがねの防具図鑑,ヴェリナード城2階D-5知識の間の本棚,,体上,鎧上,2,"[{""count"": 1, ""item_id"": 633}, {""count"": 1, ""item_id"": 749}, {""count"": 1, ""item_id"": 732}]","[[""30～40"", ""30～40""], [""50～58"", ""50～58""], [""40～52"", ""40～52""]]",https://draquex.com/bougu/0-zenbu.php,https://draquex.com/bougu/b-28-2.php,,23,"2026-03-12 01:48:31","2026-07-23 15:19:03"
1481,bougu_28_4_body_bottom,はがねのよろい下,"Steel Armor Bottom",set_ee34a0dcc5,はがねセット,armor_set,21,,"[""おもさ+5"", ""おしゃれさ+20""]",,,,10,5,,,,,replace,14,28,はがねの防具図鑑,ヴェリナード城2階D-5知識の間の本棚,,体下,鎧下,2,"[{""count"": 1, ""item_id"": 633}, {""count"": 1, ""item_id"": 749}, {""count"": 1, ""item_id"": 719}]","[[""24～32"", ""24～32""], [""48～58"", ""48～58""], [""28～40"", ""28～40""], [""20～36"", ""20～36""]]",https://draquex.com/bougu/0-zenbu.php,https://draquex.com/bougu/c-28-2.php,,13,"2026-03-12 01:48:31","2026-07-23 15:19:03"
1482,bougu_28_4_arm,はがねのこて,"Steel Gauntlets",set_ee34a0dcc5,はがねセット,armor_set,21,,"[""おもさ+5"", ""おしゃれさ+20""]",,,,4,3,,5,,,replace,14,28,はがねの防具図鑑,ヴェリナード城2階D-5知識の間の本棚,,腕,鎧腕,1,"[{""count"": 1, ""item_id"": 633}, {""count"": 1, ""item_id"": 749}, {""count"": 1, ""item_id"": 800}]","[[""80～96""], [""60～66""], [""100～108""]]",https://draquex.com/bougu/0-zenbu.php,https://draquex.com/bougu/d-28-2.php,,6,"2026-03-12 01:48:31","2026-07-23 15:19:03"
1483,bougu_28_4_foot,はがねのグリーブ,"Steel Greaves",set_ee34a0dcc5,はがねセット,armor_set,21,,"[""おもさ+5"", ""おしゃれさ+20""]",,,,4,3,5,,,,replace,14,28,はがねの防具図鑑,ヴェリナード城2階D-5知識の間の本棚,,足,鎧足,2,"[{""count"": 1, ""item_id"": 633}, {""count"": 1, ""item_id"": 749}, {""count"": 1, ""item_id"": 720}]","[["""", ""80～86""], ["""", ""40～59""], [""60～70"", ""60～65""]]",https://draquex.com/bougu/0-zenbu.php,https://draquex.com/bougu/e-28-2.php,,9,"2026-03-12 01:48:31","2026-07-23 15:19:03"
1484,bougu_28_5_head,カンフーキャップ,"Kung Fu Cap",set_95f36db445,カンフーキャップセット,tailoring_set,23,再生布,"[""すばやさ+12"", ""おしゃれさ+20""]",,,,13,5,,,,,inherit,14,28,カンフージャケットの本,ガートラント城下町下層F-3宿屋の小部屋の本棚,,頭,裁縫頭,3,"[{""count"": 1, ""item_id"": 683}, {""count"": 1, ""item_id"": 643}, {""count"": 1, ""item_id"": 881}]","[[null, ""45"", null], [""60"", ""90"", ""60""]]",https://draquex.com/bougu/0-zenbu.php,https://draquex.com/bougu/a-28-3.php,,3,"2026-03-12 01:48:34","2026-07-23 15:19:03"
1485,bougu_28_5_body_top,カンフージャケット,"Kung Fu Jacket",set_95f36db445,カンフーキャップセット,tailoring_set,23,再生布,"[""すばやさ+12"", ""おしゃれさ+20""]",,,,17,7,,,,,inherit,14,28,カンフージャケットの本,ガートラント城下町下層F-3宿屋の小部屋の本棚,,体上,裁縫上,3,"[{""count"": 1, ""item_id"": 683}, {""count"": 1, ""item_id"": 646}, {""count"": 1, ""item_id"": 848}]","[[""30"", ""23"", ""30""], [""23"", ""23"", ""23""], [""40"", ""23"", ""40""]]",https://draquex.com/bougu/0-zenbu.php,https://draquex.com/bougu/b-28-3.php,,5,"2026-03-12 01:48:34","2026-07-23 15:19:03"
1486,bougu_28_5_body_bottom,カンフーズボン,"Kung Fu Trousers",set_95f36db445,カンフーキャップセット,tailoring_set,23,再生布,"[""すばやさ+12"", ""おしゃれさ+20""]",,,,11,4,,,,,inherit,14,28,カンフージャケットの本,ガートラント城下町下層F-3宿屋の小部屋の本棚,,体下,裁縫下,2,"[{""count"": 1, ""item_id"": 683}, {""count"": 1, ""item_id"": 671}, {""count"": 1, ""item_id"": 844}]","[[""75"", ""30""], [""45"", ""45""], [""30"", ""30""]]",https://draquex.com/bougu/0-zenbu.php,https://draquex.com/bougu/c-28-3.php,,3,"2026-03-12 01:48:34","2026-07-23 15:19:03"
1487,bougu_28_5_arm,カンフーリスト,"Kung Fu Wristbands",set_95f36db445,カンフーキャップセット,tailoring_set,23,再生布,"[""すばやさ+12"", ""おしゃれさ+20""]",,,,3,2,,10,,,inherit,14,28,カンフージャケットの本,ガートラント城下町下層F-3宿屋の小部屋の本棚,,腕,裁縫腕,3,"[{""count"": 1, ""item_id"": 683}, {""count"": 1, ""item_id"": 542}, {""count"": 1, ""item_id"": 801}]","[[""38"", ""30"", ""60""], [""37"", ""30"", ""60""]]",https://draquex.com/bougu/0-zenbu.php,https://draquex.com/bougu/d-28-3.php,,2,"2026-03-12 01:48:34","2026-07-23 15:19:03"
1488,bougu_28_5_foot,カンフーシューズ,"Kung Fu Shoes",set_95f36db445,カンフーキャップセット,tailoring_set,23,再生布,"[""すばやさ+12"", ""おしゃれさ+20""]",,,,3,2,15,,,,inherit,14,28,カンフージャケットの本,ガートラント城下町下層F-3宿屋の小部屋の本棚,,足,裁縫足,2,"[{""count"": 1, ""item_id"": 683}, {""count"": 1, ""item_id"": 670}, {""count"": 1, ""item_id"": 844}]","[[""45"", ""45""], [""75"", ""90""]]",https://draquex.com/bougu/0-zenbu.php,https://draquex.com/bougu/e-28-3.php,,2,"2026-03-12 01:48:34","2026-07-23 15:19:03"
1489,bougu_28_6_head,マタドールバンド,"Matador Headband",set_2ea01d7a27,マタドールバンドセット,tailoring_set,21,再生布,"[""おしゃれさ+25""]",,,,15,7,,,,,replace,14,28,マタドールの服のレシピ,さいほうギルド2階の本棚,,頭,裁縫頭,3,"[{""count"": 1, ""item_id"": 683}, {""count"": 1, ""item_id"": 671}, {""count"": 1, ""item_id"": 720}]","[[null, ""60"", null], [""45"", ""90"", ""60""]]",https://draquex.com/bougu/0-zenbu.php,https://draquex.com/bougu/a-28-4.php,,2,"2026-03-12 01:48:36","2026-07-23 15:19:03"
1490,bougu_28_6_body_top,マタドールスーツ上,"Matador Suit Top",set_2ea01d7a27,マタドールバンドセット,tailoring_set,21,再生布,"[""おしゃれさ+25""]",,,,17,11,,,,,replace,14,28,マタドールの服のレシピ,さいほうギルド2階の本棚,,体上,裁縫上,3,"[{""count"": 1, ""item_id"": 683}, {""count"": 1, ""item_id"": 542}, {""count"": 1, ""item_id"": 879}]","[[""35"", ""23"", ""35""], [""23"", ""23"", ""23""], [""35"", ""23"", ""35""]]",https://draquex.com/bougu/0-zenbu.php,https://draquex.com/bougu/b-28-4.php,,3,"2026-03-12 01:48:36","2026-07-23 15:19:03"
1491,bougu_28_6_body_bottom,マタドールスーツ下,"Matador Suit Bottom",set_2ea01d7a27,マタドールバンドセット,tailoring_set,21,再生布,"[""おしゃれさ+25""]",,,,10,6,,,,,replace,14,28,マタドールの服のレシピ,さいほうギルド2階の本棚,,体下,裁縫下,2,"[{""count"": 1, ""item_id"": 683}, {""count"": 1, ""item_id"": 844}, {""count"": 1, ""item_id"": 542}]","[[""38"", ""37""], [""60"", ""60""], [""30"", ""30""]]",https://draquex.com/bougu/0-zenbu.php,https://draquex.com/bougu/c-28-4.php,,2,"2026-03-12 01:48:36","2026-07-23 15:19:03"
1492,bougu_28_6_arm,マタドールグローブ,"Matador Gloves",set_2ea01d7a27,マタドールバンドセット,tailoring_set,21,再生布,"[""おしゃれさ+25""]",,,,4,3,,15,,,replace,14,28,マタドールの服のレシピ,さいほうギルド2階の本棚,,腕,裁縫腕,3,"[{""count"": 1, ""item_id"": 683}, {""count"": 1, ""item_id"": 717}, {""count"": 1, ""item_id"": 643}]","[[""30"", ""30"", ""60""], [""45"", ""30"", ""60""]]",https://draquex.com/bougu/0-zenbu.php,https://draquex.com/bougu/d-28-4.php,,1,"2026-03-12 01:48:36","2026-07-23 15:19:03"
1493,bougu_28_6_foot,マタドールシューズ,"Matador Shoes",set_2ea01d7a27,マタドールバンドセット,tailoring_set,21,再生布,"[""おしゃれさ+25""]",,,,4,3,14,,,,replace,14,28,マタドールの服のレシピ,さいほうギルド2階の本棚,,足,裁縫足,2,"[{""count"": 1, ""item_id"": 683}, {""count"": 1, ""item_id"": 825}, {""count"": 1, ""item_id"": 717}]","[[""45"", ""30""], [""90"", ""90""]]",https://draquex.com/bougu/0-zenbu.php,https://draquex.com/bougu/e-28-4.php,,3,"2026-03-12 01:48:36","2026-07-23 15:19:03"
1494,bougu_21_1_head,新兵支給かぶと,"Recruit Helmet",set_cb469e633c,新兵支給セット,armor_set,18,,"[""さいだいHP+5"", ""さいだいMP+2"", ""おしゃれさ+15""]",,,,11,7,,,,,replace,12,21,新兵支給防具の手引き,ドルワーム王国・防具鍛冶ギルドの素材屋,,頭,鎧頭,2,"[{""count"": 1, ""item_id"": 633}, {""count"": 1, ""item_id"": 857}]","[[""45～55"", ""45～55""], [""60～70"", ""60～70""]]",https://draquex.com/bougu/0-zenbu.php,https://draquex.com/bougu/a-21-3.php,,6,"2026-03-12 01:48:38","2026-07-23 15:19:03"
1495,bougu_21_1_body_top,新兵支給むねあて,"Recruit Breastplate",set_cb469e633c,新兵支給セット,armor_set,18,,"[""さいだいHP+5"", ""さいだいMP+2"", ""おしゃれさ+15""]",,,,16,9,,,,,replace,12,21,新兵支給防具の手引き,ドルワーム王国・防具鍛冶ギルドの素材屋,,体上,鎧上,2,"[{""count"": 1, ""item_id"": 633}, {""count"": 1, ""item_id"": 845}]","[[""38～46"", ""38～46""], [""32～45"", ""32～45""], [""36～46"", ""36～46""]]",https://draquex.com/bougu/0-zenbu.php,https://draquex.com/bougu/b-21-3.php,,11,"2026-03-12 01:48:38","2026-07-23 15:19:03"
1496,bougu_21_1_body_bottom,新兵支給こしだれ,"Recruit Armor Bottom",set_cb469e633c,新兵支給セット,armor_set,18,,"[""さいだいHP+5"", ""さいだいMP+2"", ""おしゃれさ+15""]",,,,7,5,,,,,replace,12,21,新兵支給防具の手引き,ドルワーム王国・防具鍛冶ギルドの素材屋,,体下,鎧下,2,"[{""count"": 1, ""item_id"": 633}, {""count"": 1, ""item_id"": 848}]","[[""30～40"", ""30～40""], [""30～40"", ""30～40""], [""25～38"", ""25～38""], [""25～38"", ""25～38""]]",https://draquex.com/bougu/0-zenbu.php,https://draquex.com/bougu/c-21-3.php,,6,"2026-03-12 01:48:38","2026-07-23 15:19:03"
1497,bougu_21_1_arm,新兵支給てぶくろ,"Recruit Gloves",set_cb469e633c,新兵支給セット,armor_set,18,,"[""さいだいHP+5"", ""さいだいMP+2"", ""おしゃれさ+15""]",,,,3,2,,5,,,replace,12,21,新兵支給防具の手引き,ドルワーム王国・防具鍛冶ギルドの素材屋,,腕,鎧腕,1,"[{""count"": 1, ""item_id"": 633}, {""count"": 1, ""item_id"": 643}]","[[""90～95""], [""58～70""], [""62～75""]]",https://draquex.com/bougu/0-zenbu.php,https://draquex.com/bougu/d-21-3.php,,3,"2026-03-12 01:48:38","2026-07-23 15:19:03"
1498,bougu_21_1_foot,新兵支給ブーツ,"Recruit Boots",set_cb469e633c,新兵支給セット,armor_set,18,,"[""さいだいHP+5"", ""さいだいMP+2"", ""おしゃれさ+15""]",,,,3,2,5,,,,replace,12,21,新兵支給防具の手引き,ドルワーム王国・防具鍛冶ギルドの素材屋,,足,鎧足,2,"[{""count"": 1, ""item_id"": 633}, {""count"": 1, ""item_id"": 800}]","[["""", ""50～60""], ["""", ""45～58""], [""50～62"", ""60～66""]]",https://draquex.com/bougu/0-zenbu.php,https://draquex.com/bougu/e-21-2.php,,5,"2026-03-12 01:48:38","2026-07-23 15:19:03"
1499,bougu_21_2_head,手品師のヘアバンド,"Conjurer's Hairband",set_bf266bb291,手品師セット,tailoring_set,19,通常布,"[""きようさ+5"", ""おしゃれさ+15""]",,,,9,5,,,7,7,replace,10,21,手品師の服の作り方,ジュレットの町・さいほうギルドの素材屋,,頭,裁縫頭,3,"[{""count"": 1, ""item_id"": 657}, {""count"": 1, ""item_id"": 720}]","[[null, ""30"", null], [""45"", ""75"", ""45""]]",https://draquex.com/bougu/0-zenbu.php,https://draquex.com/bougu/a-21-6.php,,1,"2026-03-12 01:48:42","2026-07-23 15:19:03"
1500,bougu_21_2_body_top,手品師の服,"Conjurer's Garb",set_bf266bb291,手品師セット,tailoring_set,19,通常布,"[""きようさ+5"", ""おしゃれさ+15""]",,,,11,7,,,12,12,replace,10,21,手品師の服の作り方,ジュレットの町・さいほうギルドの素材屋,,体上,裁縫上,3,"[{""count"": 1, ""item_id"": 657}, {""count"": 1, ""item_id"": 643}]","[[""23"", ""23"", ""23""], [""23"", ""23"", ""23""], [""23"", ""23"", ""23""]]",https://draquex.com/bougu/0-zenbu.php,https://draquex.com/bougu/b-21-6.php,,1,"2026-03-12 01:48:42","2026-07-23 15:19:03"
1501,bougu_21_2_body_bottom,手品師のタイツ,"Conjurer's Tights",set_bf266bb291,手品師セット,tailoring_set,19,通常布,"[""きようさ+5"", ""おしゃれさ+15""]",,,,8,4,,,,,replace,10,21,手品師の服の作り方,ジュレットの町・さいほうギルドの素材屋,,体下,裁縫下,2,"[{""count"": 1, ""item_id"": 657}, {""count"": 1, ""item_id"": 844}]","[[""23"", ""23""], [""35"", ""35""], [""40"", ""40""]]",https://draquex.com/bougu/0-zenbu.php,https://draquex.com/bougu/c-21-6.php,,1,"2026-03-12 01:48:42","2026-07-23 15:19:03"
1502,bougu_21_2_arm,手品師のグローブ,"Conjurer's Gloves",set_bf266bb291,手品師セット,tailoring_set,19,通常布,"[""きようさ+5"", ""おしゃれさ+15""]",,,,2,2,,13,,,replace,10,21,手品師の服の作り方,ジュレットの町・さいほうギルドの素材屋,,腕,裁縫腕,3,"[{""count"": 1, ""item_id"": 657}, {""count"": 1, ""item_id"": 800}]","[[""45"", ""23"", ""30""], [""30"", ""23"", ""45""]]",https://draquex.com/bougu/0-zenbu.php,https://draquex.com/bougu/d-21-5.php,,1,"2026-03-12 01:48:42","2026-07-23 15:19:03"
1503,bougu_21_2_foot,手品師のブーツ,"Conjurer's Boots",set_bf266bb291,手品師セット,tailoring_set,19,通常布,"[""きようさ+5"", ""おしゃれさ+15""]",,,,2,2,10,,,,replace,10,21,手品師の服の作り方,ジュレットの町・さいほうギルドの素材屋,,足,裁縫足,2,"[{""count"": 1, ""item_id"": 657}, {""count"": 1, ""item_id"": 669}]","[[""23"", ""23""], [""75"", ""75""]]",https://draquex.com/bougu/0-zenbu.php,https://draquex.com/bougu/e-21-5.php,,1,"2026-03-12 01:48:42","2026-07-23 15:19:03"
1504,bougu_21_3_head,みかわしのぼうし,"Evasion Cap",set_19509cdf7b,みかわしセット,tailoring_set,19,通常布,"[""おしゃれさ+15"", ""身かわし率+3.0%""]",,,,10,4,,,3,3,replace,10,21,みかわしの服のレシピ,ジュレットの町・さいほうギルドの素材屋,,頭,裁縫頭,3,"[{""count"": 1, ""item_id"": 657}, {""count"": 1, ""item_id"": 773}]","[[null, ""45"", null], [""45"", ""60"", ""45""]]",https://draquex.com/bougu/0-zenbu.php,https://draquex.com/bougu/a-21-5.php,,1,"2026-03-12 01:48:45","2026-07-23 15:19:03"
1505,bougu_21_3_body_top,みかわしの服上,"Evasion Cloak Top",set_19509cdf7b,みかわしセット,tailoring_set,19,通常布,"[""おしゃれさ+15"", ""身かわし率+3.0%""]",,,,13,5,,,6,6,replace,10,21,みかわしの服のレシピ,ジュレットの町・さいほうギルドの素材屋,,体上,裁縫上,3,"[{""count"": 1, ""item_id"": 657}, {""count"": 1, ""item_id"": 844}]","[[""23"", ""23"", ""23""], [""23"", ""23"", ""23""], [""23"", ""23"", ""23""]]",https://draquex.com/bougu/0-zenbu.php,https://draquex.com/bougu/b-21-5.php,,1,"2026-03-12 01:48:45","2026-07-23 15:19:03"
1506,bougu_21_3_body_bottom,みかわしの服下,"Evasion Cloak Bottom",set_19509cdf7b,みかわしセット,tailoring_set,19,通常布,"[""おしゃれさ+15"", ""身かわし率+3.0%""]",,,,6,3,,,,,replace,10,21,みかわしの服のレシピ,ジュレットの町・さいほうギルドの素材屋,,体下,裁縫下,2,"[{""count"": 1, ""item_id"": 657}, {""count"": 1, ""item_id"": 773}]","[[""40"", ""40""], [""35"", ""35""], [""23"", ""23""]]",https://draquex.com/bougu/0-zenbu.php,https://draquex.com/bougu/c-21-5.php,,1,"2026-03-12 01:48:45","2026-07-23 15:19:03"
1507,bougu_21_3_foot,みかわしのくつ,"Evasion Boots",set_19509cdf7b,みかわしセット,tailoring_set,19,通常布,"[""おしゃれさ+15"", ""身かわし率+3.0%""]",,,,2,2,13,,,,replace,10,21,みかわしの服のレシピ,ジュレットの町・さいほうギルドの素材屋,,足,裁縫足,2,"[{""count"": 1, ""item_id"": 657}, {""count"": 1, ""item_id"": 669}]","[[""45"", ""30""], [""60"", ""60""]]",https://draquex.com/bougu/0-zenbu.php,https://draquex.com/bougu/e-21-4.php,,1,"2026-03-12 01:48:45","2026-07-23 15:19:03"
1508,bougu_21_4_head,ぎんのはちがね,"Silver Headband",set_08aef13c3d,ぎんセット,armor_set,19,,"[""おしゃれさ+15""]",,,,11,3,,,,,replace,12,21,銀の防具全集,ドルワーム王国・防具鍛冶ギルドの素材屋,,頭,鎧頭,2,"[{""count"": 1, ""item_id"": 633}, {""count"": 1, ""item_id"": 720}]","[[""40～51"", ""64～73""], [""64～73"", ""40～51""]]",https://draquex.com/bougu/0-zenbu.php,https://draquex.com/bougu/a-21-2.php,,7,"2026-03-12 01:48:49","2026-07-23 15:19:03"
1509,bougu_21_4_body_top,ぎんのむねあて,"Silver Cuirass",set_08aef13c3d,ぎんセット,armor_set,19,,"[""おしゃれさ+15""]",,,,16,4,,,,,replace,12,21,銀の防具全集,ドルワーム王国・防具鍛冶ギルドの素材屋,,体上,鎧上,2,"[{""count"": 1, ""item_id"": 633}, {""count"": 1, ""item_id"": 845}]","[[""50～60"", ""50～60""], [""30～37"", ""30～37""], [""24～38"", ""24～38""]]",https://draquex.com/bougu/0-zenbu.php,https://draquex.com/bougu/b-21-2.php,,13,"2026-03-12 01:48:49","2026-07-23 15:19:03"
1510,bougu_21_4_body_bottom,ぎんのこしだれ,"Silver Faulds",set_08aef13c3d,ぎんセット,armor_set,19,,"[""おしゃれさ+15""]",,,,8,2,,,,,replace,12,21,銀の防具全集,ドルワーム王国・防具鍛冶ギルドの素材屋,,体下,鎧下,2,"[{""count"": 1, ""item_id"": 633}, {""count"": 1, ""item_id"": 643}]","[[""28～38"", ""28～38""], [""40～55"", ""40～55""], [""22～32"", ""22～32""], [""15～30"", ""15～30""]]",https://draquex.com/bougu/0-zenbu.php,https://draquex.com/bougu/c-21-2.php,,7,"2026-03-12 01:48:49","2026-07-23 15:19:03"
1511,bougu_21_4_arm,ぎんのこて,"Silver Gauntlets",set_08aef13c3d,ぎんセット,armor_set,19,,"[""おしゃれさ+15""]",,,,3,1,,5,,,replace,12,21,銀の防具全集,ドルワーム王国・防具鍛冶ギルドの素材屋,,腕,鎧腕,1,"[{""count"": 1, ""item_id"": 633}, {""count"": 1, ""item_id"": 719}]","[[""60～70""], [""100～112""], [""50～56""]]",https://draquex.com/bougu/0-zenbu.php,https://draquex.com/bougu/d-21-2.php,,4,"2026-03-12 01:48:49","2026-07-23 15:19:03"
1512,bougu_21_4_foot,ぎんのブーツ,"Silver Boots",set_08aef13c3d,ぎんセット,armor_set,19,,"[""おしゃれさ+15""]",,,,3,1,5,,,,replace,12,21,銀の防具全集,ドルワーム王国・防具鍛冶ギルドの素材屋,,足,鎧足,2,"[{""count"": 1, ""item_id"": 633}, {""count"": 1, ""item_id"": 800}]","[["""", ""70～78""], ["""", ""30～46""], [""60～68"", ""50～58""]]",https://draquex.com/bougu/0-zenbu.php,https://draquex.com/bougu/e-21-0.php,,5,"2026-03-12 01:48:49","2026-07-23 15:19:03"
1513,bougu_21_5_head,てつかぶと,"Iron Helmet",set_8cf6712b73,てつセット,armor_set,21,,"[""おもさ+5"", ""おしゃれさ+15""]",,,,10,5,,,,,replace,6,21,作ろう！てつよろい,ドルワーム王国・防具鍛冶ギルドの素材屋,,頭,鎧頭,2,"[{""count"": 1, ""item_id"": 732}, {""count"": 1, ""item_id"": 845}]","[[""40～53"", ""40～53""], [""50～57"", ""50～57""]]",https://draquex.com/bougu/0-zenbu.php,https://draquex.com/bougu/a-21-1.php,,11,"2026-03-12 01:48:52","2026-07-23 15:19:03"
1514,bougu_21_5_body_top,てつのよろい上,"Iron Armor Top",set_8cf6712b73,てつセット,armor_set,21,,"[""おもさ+5"", ""おしゃれさ+15""]",,,,14,7,,,,,replace,6,21,作ろう！てつよろい,ドルワーム王国・防具鍛冶ギルドの素材屋,,体上,鎧上,2,"[{""count"": 1, ""item_id"": 732}, {""count"": 1, ""item_id"": 643}]","[[""20～32"", ""20～32""], [""25～35"", ""25～35""], [""45～55"", ""45～55""]]",https://draquex.com/bougu/0-zenbu.php,https://draquex.com/bougu/b-21-1.php,,22,"2026-03-12 01:48:52","2026-07-23 15:19:03"
1515,bougu_21_5_body_bottom,てつのよろい下,"Iron Armor Bottom",set_8cf6712b73,てつセット,armor_set,21,,"[""おもさ+5"", ""おしゃれさ+15""]",,,,7,4,,,,,replace,6,21,作ろう！てつよろい,ドルワーム王国・防具鍛冶ギルドの素材屋,,体下,鎧下,2,"[{""count"": 1, ""item_id"": 732}, {""count"": 1, ""item_id"": 542}]","[[""24～44"", ""24～44""], [""16～30"", ""16～30""], [""20～34"", ""20～34""], [""30～40"", ""30～40""]]",https://draquex.com/bougu/0-zenbu.php,https://draquex.com/bougu/c-21-1.php,,12,"2026-03-12 01:48:52","2026-07-23 15:19:03"
1516,bougu_21_5_arm,てつのこて,"Iron Gauntlets",set_8cf6712b73,てつセット,armor_set,21,,"[""おもさ+5"", ""おしゃれさ+15""]",,,,3,2,,6,,,replace,6,21,作ろう！てつよろい,ドルワーム王国・防具鍛冶ギルドの素材屋,,腕,鎧腕,1,"[{""count"": 1, ""item_id"": 732}, {""count"": 1, ""item_id"": 613}]","[[""75～83""], [""45～56""], [""60～72""]]",https://draquex.com/bougu/0-zenbu.php,https://draquex.com/bougu/d-21-1.php,,6,"2026-03-12 01:48:52","2026-07-23 15:19:03"
1517,bougu_21_5_foot,てつのブーツ,"Iron Boots",set_8cf6712b73,てつセット,armor_set,21,,"[""おもさ+5"", ""おしゃれさ+15""]",,,,3,2,6,,,,replace,6,21,作ろう！てつよろい,ドルワーム王国・防具鍛冶ギルドの素材屋,,足,鎧足,2,"[{""count"": 1, ""item_id"": 732}, {""count"": 1, ""item_id"": 657}]","[["""", ""50～62""], ["""", ""30～40""], [""70～78"", ""30～40""]]",https://draquex.com/bougu/0-zenbu.php,https://draquex.com/bougu/e-21-1.php,,9,"2026-03-12 01:48:52","2026-07-23 15:19:03"
1518,bougu_21_6_head,はやてのバンダナ,"Agility Bandana",set_fd96a9c0cb,はやてセット,tailoring_set,21,通常布,"[""すばやさ+5"", ""おしゃれさ+15""]",,,,9,4,,,,,replace,10,21,はやてのベスト作成術,ジュレットの町・さいほうギルドの素材屋,,頭,裁縫頭,3,"[{""count"": 1, ""item_id"": 657}, {""count"": 1, ""item_id"": 674}]","[[null, ""45"", null], [""30"", ""75"", ""45""]]",https://draquex.com/bougu/0-zenbu.php,https://draquex.com/bougu/a-21-4.php,,2,"2026-03-12 01:48:54","2026-07-23 15:19:03"
1519,bougu_21_6_body_top,はやてのベスト,"Agility Gilet",set_fd96a9c0cb,はやてセット,tailoring_set,21,,"[""すばやさ+5"", ""おしゃれさ+15""]",,,,13,5,,,,,replace,10,21,はやてのベスト作成術,ジュレットの町・さいほうギルドの素材屋,,体上,裁縫上,3,"[{""count"": 1, ""item_id"": 657}, {""count"": 1, ""item_id"": 801}]","[[""23"", ""23"", ""23""], [""23"", ""23"", ""23""], [""23"", ""23"", ""23""]]",https://draquex.com/bougu/0-zenbu.php,https://draquex.com/bougu/b-21-4.php,,3,"2026-03-12 01:48:54","2026-07-23 15:19:03"
1520,bougu_21_6_body_bottom,はやてのキュロット,"Agility Culottes",set_fd96a9c0cb,はやてセット,tailoring_set,21,通常布,"[""すばやさ+5"", ""おしゃれさ+15""]",,,,8,3,,,,,replace,10,21,はやてのベスト作成術,ジュレットの町・さいほうギルドの素材屋,,体下,裁縫下,2,"[{""count"": 1, ""item_id"": 657}, {""count"": 1, ""item_id"": 674}]","[[""35"", ""35""], [""40"", ""40""], [""23"", ""23""]]",https://draquex.com/bougu/0-zenbu.php,https://draquex.com/bougu/c-21-4.php,,3,"2026-03-12 01:48:54","2026-07-23 15:19:03"
1521,bougu_21_6_arm,はやてのグローブ,"Agility Gloves",set_fd96a9c0cb,はやてセット,tailoring_set,21,通常布,"[""すばやさ+5"", ""おしゃれさ+15""]",,,,2,2,,7,,,replace,10,21,はやてのベスト作成術,ジュレットの町・さいほうギルドの素材屋,,腕,裁縫腕,3,"[{""count"": 1, ""item_id"": 657}, {""count"": 1, ""item_id"": 643}]","[[""30"", ""23"", ""45""], [""30"", ""23"", ""45""]]",https://draquex.com/bougu/0-zenbu.php,https://draquex.com/bougu/d-21-4.php,,1,"2026-03-12 01:48:54","2026-07-23 15:19:03"
1522,bougu_21_6_foot,はやてのブーツ,"Agility Boots",set_fd96a9c0cb,はやてセット,tailoring_set,21,通常布,"[""すばやさ+5"", ""おしゃれさ+15""]",,,,2,2,10,,,,replace,10,21,はやてのベスト作成術,ジュレットの町・さいほうギルドの素材屋,,足,裁縫足,2,"[{""count"": 1, ""item_id"": 657}, {""count"": 1, ""item_id"": 670}]","[[""45"", ""45""], [""45"", ""60""]]",https://draquex.com/bougu/0-zenbu.php,https://draquex.com/bougu/e-21-3.php,,2,"2026-03-12 01:48:54","2026-07-23 15:19:03"
1523,tailor_21_head_4,学者のぼうし,"Academic Hat",set_fa354cbbf7,学者セット,tailoring_set,,通常布,"[""こうげき魔力+4"", ""かいふく魔力+4"", ""おしゃれさ+10""]",,,,9,3,,,8,8,replace,10,21,学者のころもの作り方,ジュレットの町・さいほうギルドの素材屋,,頭,裁縫頭,3,"[{""count"": 1, ""item_id"": 657}, {""count"": 1, ""item_id"": 669}]","[[null, ""45"", null], [""45"", ""75"", ""30""]]",https://draquex.com/bougu/0-zenbu.php,https://draquex.com/bougu/a-21-7.php,,1,"2026-03-12 01:48:57","2026-07-23 15:19:03"
1524,tailor_21_bodyup_4,学者のころも上,"Academic Robe Top",set_fa354cbbf7,学者セット,tailoring_set,,通常布,"[""こうげき魔力+4"", ""かいふく魔力+4"", ""おしゃれさ+10""]",,,,12,4,,,14,14,replace,10,21,学者のころもの作り方,ジュレットの町・さいほうギルドの素材屋,,体上,裁縫上,3,"[{""count"": 1, ""item_id"": 657}, {""count"": 1, ""item_id"": 559}]","[[""23"", ""23"", ""23""], [""23"", ""23"", ""23""], [""23"", ""23"", ""23""]]",https://draquex.com/bougu/0-zenbu.php,https://draquex.com/bougu/b-21-7.php,,1,"2026-03-12 01:48:57","2026-07-23 15:19:03"
1525,tailor_21_bodydown_4,学者のころも下,"Academic Robe Bottom",set_fa354cbbf7,学者セット,tailoring_set,,通常布,"[""こうげき魔力+4"", ""かいふく魔力+4"", ""おしゃれさ+10""]",,,,7,2,,,,,replace,10,21,学者のころもの作り方,ジュレットの町・さいほうギルドの素材屋,,体下,裁縫下,2,"[{""count"": 1, ""item_id"": 657}, {""count"": 1, ""item_id"": 800}]","[[""35"", ""40""], [""40"", ""35""], [""23"", ""23""]]",https://draquex.com/bougu/0-zenbu.php,https://draquex.com/bougu/c-21-7.php,,1,"2026-03-12 01:48:57","2026-07-23 15:19:03"
1526,tailor_21_foot_4,学者の脚帯,"Academic Boots",set_fa354cbbf7,学者セット,tailoring_set,,通常布,"[""こうげき魔力+4"", ""かいふく魔力+4"", ""おしゃれさ+10""]",,,,2,1,5,,,,replace,10,21,学者のころもの作り方,ジュレットの町・さいほうギルドの素材屋,,足,裁縫足,2,"[{""count"": 1, ""item_id"": 657}, {""count"": 1, ""item_id"": 840}]","[[""45"", ""45""], [""60"", ""45""]]",https://draquex.com/bougu/0-zenbu.php,https://draquex.com/bougu/e-21-6.php,,1,"2026-03-12 01:48:57","2026-07-23 15:19:03"
1527,bougu_14_1_head,初級魔法戦士ベレー,"Novice ARM Beret",set_e2dcb117d5,初級魔法戦士セット,tailoring_set,18,通常布,"[""さいだいMP+4"", ""おしゃれさ+15""]",,,,7,4,,,,,replace,7,14,初級魔法戦士服のレシピ,ジュレットの町・さいほうギルドの素材屋,,頭,裁縫頭,3,"[{""count"": 1, ""item_id"": 657}, {""count"": 1, ""item_id"": 643}]","[[null, ""30"", null], [""23"", ""45"", ""45""]]",https://draquex.com/bougu/0-zenbu.php,https://draquex.com/bougu/a-14-4.php,,2,"2026-03-12 01:48:59","2026-07-23 15:19:03"
1528,bougu_14_1_body_top,初級魔法戦士服,"Novice ARM Coat",set_e2dcb117d5,初級魔法戦士セット,tailoring_set,18,通常布,"[""さいだいMP+4"", ""おしゃれさ+15""]",,,,10,6,,,,,replace,7,14,初級魔法戦士服のレシピ,ジュレットの町・さいほうギルドの素材屋,,体上,裁縫上,3,"[{""count"": 1, ""item_id"": 657}, {""count"": 1, ""item_id"": 548}]","[[""30"", ""15"", ""15""], [""15"", ""15"", ""15""], [""15"", ""15"", ""23""]]",https://draquex.com/bougu/0-zenbu.php,https://draquex.com/bougu/b-14-4.php,,4,"2026-03-12 01:48:59","2026-07-23 15:19:03"
1529,bougu_14_1_body_bottom,初級魔法戦士タイツ,"Novice ARM Tights",set_e2dcb117d5,初級魔法戦士セット,tailoring_set,18,通常布,"[""さいだいMP+4"", ""おしゃれさ+15""]",,,,7,4,,,,,replace,7,14,初級魔法戦士服のレシピ,ジュレットの町・さいほうギルドの素材屋,,体下,裁縫下,2,"[{""count"": 1, ""item_id"": 657}, {""count"": 1, ""item_id"": 848}]","[[""23"", ""30""], [""23"", ""23""], [""23"", ""23""]]",https://draquex.com/bougu/0-zenbu.php,https://draquex.com/bougu/c-14-4.php,,3,"2026-03-12 01:48:59","2026-07-23 15:19:03"
1530,bougu_14_1_arm,初級魔法戦士グラブ,"Novice ARM Gloves",set_e2dcb117d5,初級魔法戦士セット,tailoring_set,18,通常布,"[""さいだいMP+4"", ""おしゃれさ+15""]",,,,2,3,,6,,,replace,7,14,初級魔法戦士服のレシピ,ジュレットの町・さいほうギルドの素材屋,,腕,裁縫腕,3,"[{""count"": 1, ""item_id"": 657}, {""count"": 1, ""item_id"": 717}]","[[""23"", ""23"", ""23""], [""23"", ""23"", ""30""]]",https://draquex.com/bougu/0-zenbu.php,https://draquex.com/bougu/d-14-4.php,,1,"2026-03-12 01:48:59","2026-07-23 15:19:03"
1531,bougu_14_1_foot,初級魔法戦士のくつ,"Novice ARM Shoes",set_e2dcb117d5,初級魔法戦士セット,tailoring_set,18,通常布,"[""さいだいMP+4"", ""おしゃれさ+15""]",,,,2,3,6,,,,replace,7,14,初級魔法戦士服のレシピ,ジュレットの町・さいほうギルドの素材屋,,足,裁縫足,2,"[{""count"": 1, ""item_id"": 657}, {""count"": 1, ""item_id"": 643}]","[[""30"", ""23""], [""45"", ""45""]]",https://draquex.com/bougu/0-zenbu.php,https://draquex.com/bougu/e-14-4.php,,2,"2026-03-12 01:48:59","2026-07-23 15:19:03"
1532,bougu_14_2_head,くすしのぼうし,"Apothecary Hat",set_5e0c5cfd3a,くすしセット,tailoring_set,19,通常布,"[""かいふく魔力+4"", ""おしゃれさ+10""]",,,,6,3,,,4,4,replace,7,14,くすしのローブの作り方,ジュレットの町・さいほうギルドの素材屋,,頭,裁縫頭,3,"[{""count"": 1, ""item_id"": 657}, {""count"": 1, ""item_id"": 542}]","[[null, ""30"", null], [""45"", ""45"", ""23""]]",https://draquex.com/bougu/0-zenbu.php,https://draquex.com/bougu/a-14-6.php,,1,"2026-03-12 01:49:01","2026-07-23 15:19:03"
1533,bougu_14_2_body_top,くすしのローブ上,"Apothecary Upper Robe",set_5e0c5cfd3a,くすしセット,tailoring_set,19,通常布,"[""かいふく魔力+4"", ""おしゃれさ+10""]",,,,8,4,,,7,7,replace,7,14,くすしのローブの作り方,ジュレットの町・さいほうギルドの素材屋,,体上,裁縫上,3,"[{""count"": 1, ""item_id"": 657}, {""count"": 1, ""item_id"": 542}]","[[""15"", ""15"", ""15""], [""15"", ""15"", ""15""], [""30"", ""15"", ""23""]]",https://draquex.com/bougu/0-zenbu.php,https://draquex.com/bougu/b-14-6.php,,1,"2026-03-12 01:49:01","2026-07-23 15:19:03"
1534,bougu_14_2_body_bottom,くすしのローブ下,"Apothecary Lower Robe",set_5e0c5cfd3a,くすしセット,tailoring_set,19,通常布,"[""かいふく魔力+4"", ""おしゃれさ+10""]",,,,4,2,,,,,replace,7,14,くすしのローブの作り方,ジュレットの町・さいほうギルドの素材屋,,体下,裁縫下,2,"[{""count"": 1, ""item_id"": 657}, {""count"": 1, ""item_id"": 542}]","[[""23"", ""23""], [""23"", ""23""], [""23"", ""30""]]",https://draquex.com/bougu/0-zenbu.php,https://draquex.com/bougu/c-14-6.php,,1,"2026-03-12 01:49:01","2026-07-23 15:19:03"
1535,bougu_14_2_foot,くすしのくつ,"Apothecary Shoes",set_5e0c5cfd3a,くすしセット,tailoring_set,19,通常布,"[""かいふく魔力+4"", ""おしゃれさ+10""]",,,,1,1,5,,,,replace,7,14,くすしのローブの作り方,ジュレットの町・さいほうギルドの素材屋,,足,裁縫足,2,"[{""count"": 1, ""item_id"": 657}, {""count"": 1, ""item_id"": 848}]","[[""40"", ""23""], [""50"", ""30""]]",https://draquex.com/bougu/0-zenbu.php,https://draquex.com/bougu/e-14-6.php,,1,"2026-03-12 01:49:01","2026-07-23 15:19:03"
1536,bougu_14_3_head,サフランハット,"Saffron Hat",set_215839d678,サフランハットセット,tailoring_set,19,通常布,"[""こうげき魔力+4"", ""おしゃれさ+10""]",,,,7,3,,,5,5,inherit,7,14,サフランローブの作り方,ジュレットの町・さいほうギルドの素材屋,,頭,裁縫頭,3,"[{""count"": 1, ""item_id"": 657}, {""count"": 1, ""item_id"": 773}]","[[null, ""45"", null], [""23"", ""45"", ""30""]]",https://draquex.com/bougu/0-zenbu.php,https://draquex.com/bougu/a-14-7.php,,1,"2026-03-12 01:49:04","2026-07-23 15:19:03"
1537,bougu_14_3_body_top,サフランローブ上,"Saffron Robe Top",set_215839d678,サフランハットセット,tailoring_set,19,通常布,"[""こうげき魔力+4"", ""おしゃれさ+10""]",,,,9,5,,,9,9,inherit,7,14,サフランローブの作り方,ジュレットの町・さいほうギルドの素材屋,,体上,裁縫上,3,"[{""count"": 1, ""item_id"": 657}, {""count"": 1, ""item_id"": 671}]","[[""15"", ""15"", ""23""], [""15"", ""15"", ""15""], [""23"", ""15"", ""23""]]",https://draquex.com/bougu/0-zenbu.php,https://draquex.com/bougu/b-14-7.php,,1,"2026-03-12 01:49:04","2026-07-23 15:19:03"
1538,bougu_14_3_body_bottom,サフランローブ下,"Saffron Robe Bottom",set_215839d678,サフランハットセット,tailoring_set,19,通常布,"[""こうげき魔力+4"", ""おしゃれさ+10""]",,,,5,3,,,,,inherit,7,14,サフランローブの作り方,ジュレットの町・さいほうギルドの素材屋,,体下,裁縫下,2,"[{""count"": 1, ""item_id"": 657}, {""count"": 1, ""item_id"": 671}]","[[""23"", ""23""], [""30"", ""23""], [""23"", ""23""]]",https://draquex.com/bougu/0-zenbu.php,https://draquex.com/bougu/c-14-7.php,,1,"2026-03-12 01:49:04","2026-07-23 15:19:03"
1539,bougu_14_3_arm,サフラングローブ,"Saffron Gloves",set_215839d678,サフランハットセット,tailoring_set,19,通常布,"[""こうげき魔力+4"", ""おしゃれさ+10""]",,,,2,2,,5,,,inherit,7,14,サフランローブの作り方,ジュレットの町・さいほうギルドの素材屋,,腕,裁縫腕,3,"[{""count"": 1, ""item_id"": 657}, {""count"": 1, ""item_id"": 643}]","[[""23"", ""23"", ""23""], [""30"", ""23"", ""23""]]",https://draquex.com/bougu/0-zenbu.php,https://draquex.com/bougu/d-14-6.php,,1,"2026-03-12 01:49:04","2026-07-23 15:19:03"
1540,bougu_14_3_foot,サフランブーツ,"Saffron Boots",set_215839d678,サフランハットセット,tailoring_set,19,通常布,"[""こうげき魔力+4"", ""おしゃれさ+10""]",,,,2,2,6,,,,inherit,7,14,サフランローブの作り方,ジュレットの町・さいほうギルドの素材屋,,足,裁縫足,2,"[{""count"": 1, ""item_id"": 657}, {""count"": 1, ""item_id"": 643}]","[[""30"", ""45""], [""45"", ""23""]]",https://draquex.com/bougu/0-zenbu.php,https://draquex.com/bougu/e-14-7.php,,1,"2026-03-12 01:49:04","2026-07-23 15:19:03"
1541,bougu_14_4_head,くさりのはちがね,"Chain Headgear",set_f7a1f49767,くさりセット,armor_set,19,,"[""おしゃれさ+10""]",,,,7,3,,,,,replace,8,14,くさりかたびら作成術,ドルワーム王国・防具鍛冶ギルドの素材屋,,頭,鎧頭,2,"[{""count"": 1, ""item_id"": 732}, {""count"": 1, ""item_id"": 845}]","[[""35～48"", ""45～52""], [""45～52"", ""35～48""]]",https://draquex.com/bougu/0-zenbu.php,https://draquex.com/bougu/a-14-1.php,,5,"2026-03-12 01:49:08","2026-07-23 15:19:03"
1542,bougu_14_4_body_top,くさりかたびら上,"Chain Mail Top",set_f7a1f49767,くさりセット,armor_set,19,,"[""おしゃれさ+10""]",,,,9,4,,,,,replace,8,14,くさりかたびら作成術,ドルワーム王国・防具鍛冶ギルドの素材屋,,体上,鎧上,2,"[{""count"": 1, ""item_id"": 732}, {""count"": 1, ""item_id"": 608}]","[[""40～46"", ""20～30""], [""20～30"", ""40～46""], [""20～36"", ""20～36""]]",https://draquex.com/bougu/0-zenbu.php,https://draquex.com/bougu/b-14-1.php,,10,"2026-03-12 01:49:08","2026-07-23 15:19:03"
1543,bougu_14_4_body_bottom,くさりかたびら下,"Chain Mail Bottom",set_f7a1f49767,くさりセット,armor_set,19,,"[""おしゃれさ+10""]",,,,6,2,,,,,replace,8,14,くさりかたびら作成術,ドルワーム王国・防具鍛冶ギルドの素材屋,,体下,鎧下,2,"[{""count"": 1, ""item_id"": 732}, {""count"": 1, ""item_id"": 698}]","[[""16～32"", ""32～38""], [""32～38"", ""16～32""], [""12～30"", ""24～34""], [""24～34"", ""12～30""]]",https://draquex.com/bougu/0-zenbu.php,https://draquex.com/bougu/c-14-1.php,,6,"2026-03-12 01:49:08","2026-07-23 15:19:03"
1544,bougu_14_4_arm,くさりのあみごて,"Chain Bracers",set_f7a1f49767,くさりセット,armor_set,19,,"[""おしゃれさ+10""]",,,,2,1,,4,,,replace,8,14,くさりかたびら作成術,ドルワーム王国・防具鍛冶ギルドの素材屋,,腕,鎧腕,1,"[{""count"": 1, ""item_id"": 732}, {""count"": 1, ""item_id"": 825}]","[[""32～45""], [""56～66""], [""72～78""]]",https://draquex.com/bougu/0-zenbu.php,https://draquex.com/bougu/d-14-1.php,,3,"2026-03-12 01:49:08","2026-07-23 15:19:03"
1545,bougu_14_4_foot,くさりのあみぐつ,"Chain Boots",set_f7a1f49767,くさりセット,armor_set,19,,"[""おしゃれさ+10""]",,,,2,1,4,,,,replace,8,14,くさりかたびら作成術,ドルワーム王国・防具鍛冶ギルドの素材屋,,足,鎧足,2,"[{""count"": 1, ""item_id"": 732}, {""count"": 1, ""item_id"": 699}]","[["""", ""40～50""], ["""", ""60～68""], [""24～36"", ""36～46""]]",https://draquex.com/bougu/0-zenbu.php,https://draquex.com/bougu/e-14-1.php,,4,"2026-03-12 01:49:08","2026-07-23 15:19:03"
1546,bougu_14_5_head,てつのはちがね,"Iron Headband",set_8cf6712b73,てつセット,armor_set,19,,"[""おしゃれさ+10""]",,,,8,2,,,,,replace,6,14,作ろう！てつよろい,ドルワーム王国・防具鍛冶ギルドの素材屋,,頭,鎧頭,2,"[{""count"": 1, ""item_id"": 732}, {""count"": 1, ""item_id"": 720}]","[[""40～48"", ""40～48""], [""30～45"", ""30～45""]]",https://draquex.com/bougu/0-zenbu.php,https://draquex.com/bougu/a-14-2.php,,6,"2026-03-12 01:49:12","2026-07-23 15:19:03"
1547,bougu_14_5_body_top,てつのむねあて,"Iron Cuirass",set_8cf6712b73,てつセット,armor_set,19,,"[""おしゃれさ+10""]",,,,11,3,,,,,replace,6,14,作ろう！てつよろい,ドルワーム王国・防具鍛冶ギルドの素材屋,,体上,鎧上,2,"[{""count"": 1, ""item_id"": 732}, {""count"": 1, ""item_id"": 643}]","[[""30～46"", ""30～46""], [""24～38"", ""24～38""], [""16～30"", ""16～30""]]",https://draquex.com/bougu/0-zenbu.php,https://draquex.com/bougu/b-14-2.php,,12,"2026-03-12 01:49:12","2026-07-23 15:19:03"
1548,bougu_14_5_body_bottom,てつのこしだれ,"Iron Faulds",set_8cf6712b73,てつセット,armor_set,19,,"[""おしゃれさ+10""]",,,,7,2,,,,,replace,6,14,作ろう！てつよろい,ドルワーム王国・防具鍛冶ギルドの素材屋,,体下,鎧下,2,"[{""count"": 1, ""item_id"": 732}, {""count"": 1, ""item_id"": 825}]","[[""12～32"", ""12～32""], [""16～30"", ""16～30""], [""30～38"", ""30～38""], [""12～32"", ""12～32""]]",https://draquex.com/bougu/0-zenbu.php,https://draquex.com/bougu/c-14-2.php,,7,"2026-03-12 01:49:12","2026-07-23 15:19:03"
1549,bougu_14_5_arm,てつのうであて,"Iron Armguards",set_8cf6712b73,てつセット,armor_set,19,,"[""おしゃれさ+10""]",,,,2,1,,4,,,replace,6,14,作ろう！てつよろい,ドルワーム王国・防具鍛冶ギルドの素材屋,,腕,鎧腕,1,"[{""count"": 1, ""item_id"": 732}, {""count"": 1, ""item_id"": 542}]","[[""45～55""], [""65～72""], [""30～45""]]",https://draquex.com/bougu/0-zenbu.php,https://draquex.com/bougu/d-14-2.php,,3,"2026-03-12 01:49:12","2026-07-23 15:19:03"
1550,bougu_14_5_foot,てつのすねあて,"Iron Shin Guards",set_8cf6712b73,てつセット,armor_set,19,,"[""おしゃれさ+10""]",,,,2,1,4,,,,replace,6,14,作ろう！てつよろい,ドルワーム王国・防具鍛冶ギルドの素材屋,,足,鎧足,2,"[{""count"": 1, ""item_id"": 732}, {""count"": 1, ""item_id"": 716}]","[["""", ""36～48""], ["""", ""24～36""], [""30～40"", ""50～56""]]",https://draquex.com/bougu/0-zenbu.php,https://draquex.com/bougu/e-14-2.php,,5,"2026-03-12 01:49:12","2026-07-23 15:19:03"
1551,bougu_14_6_head,ダンサーヘアバンド,"Dance Hairband",set_2ff8946552,ダンサーヘアバンドセット,tailoring_set,22,通常布,"[""おしゃれさ+15"", ""身かわし率+3.0%""]",,,,7,5,,,,,replace,7,14,ダンサーインザシャツ,ジュレットの町・さいほうギルドの素材屋,,頭,裁縫頭,3,"[{""count"": 1, ""item_id"": 657}, {""count"": 1, ""item_id"": 760}]","[[null, ""23"", null], [""45"", ""45"", ""30""]]",https://draquex.com/bougu/0-zenbu.php,https://draquex.com/bougu/a-14-5.php,,1,"2026-03-12 01:49:14","2026-07-23 15:19:03"
1552,bougu_14_6_body_top,ダンサーシャツ,"Dance Shirt",set_2ff8946552,ダンサーヘアバンドセット,tailoring_set,22,通常布,"[""おしゃれさ+15"", ""身かわし率+3.0%""]",,,,8,8,,,,,replace,7,14,ダンサーインザシャツ,ジュレットの町・さいほうギルドの素材屋,,体上,裁縫上,3,"[{""count"": 1, ""item_id"": 657}, {""count"": 1, ""item_id"": 881}]","[[""15"", ""15"", ""30""], [""15"", ""15"", ""15""], [""15"", ""15"", ""23""]]",https://draquex.com/bougu/0-zenbu.php,https://draquex.com/bougu/b-14-5.php,,2,"2026-03-12 01:49:14","2026-07-23 15:19:03"
1553,bougu_14_6_body_bottom,ダンサーパンツ,"Dance Pants",set_2ff8946552,ダンサーヘアバンドセット,tailoring_set,22,通常布,"[""おしゃれさ+15"", ""身かわし率+3.0%""]",,,,4,4,,,,,replace,7,14,ダンサーインザシャツ,ジュレットの町・さいほうギルドの素材屋,,体下,裁縫下,2,"[{""count"": 1, ""item_id"": 657}, {""count"": 1, ""item_id"": 801}]","[[""23"", ""23""], [""23"", ""30""], [""23"", ""23""]]",https://draquex.com/bougu/0-zenbu.php,https://draquex.com/bougu/c-14-5.php,,2,"2026-03-12 01:49:14","2026-07-23 15:19:03"
1554,bougu_14_6_arm,ダンサーリスト,"Dance Wristbands",set_2ff8946552,ダンサーヘアバンドセット,tailoring_set,22,通常布,"[""おしゃれさ+15"", ""身かわし率+3.0%""]",,,,2,3,,7,,,replace,7,14,ダンサーインザシャツ,ジュレットの町・さいほうギルドの素材屋,,腕,裁縫腕,3,"[{""count"": 1, ""item_id"": 657}, {""count"": 1, ""item_id"": 559}]","[[""30"", ""23"", ""23""], [""23"", ""23"", ""23""]]",https://draquex.com/bougu/0-zenbu.php,https://draquex.com/bougu/d-14-5.php,,1,"2026-03-12 01:49:14","2026-07-23 15:19:03"
1555,bougu_14_6_foot,ダンサーシューズ,"Dance Shoes",set_2ff8946552,ダンサーヘアバンドセット,tailoring_set,22,通常布,"[""おしゃれさ+15"", ""身かわし率+3.0%""]",,,,2,3,7,,,,replace,7,14,ダンサーインザシャツ,ジュレットの町・さいほうギルドの素材屋,,足,裁縫足,2,"[{""count"": 1, ""item_id"": 657}, {""count"": 1, ""item_id"": 717}]","[[""40"", ""23""], [""30"", ""50""]]",https://draquex.com/bougu/0-zenbu.php,https://draquex.com/bougu/e-14-5.php,,1,"2026-03-12 01:49:14","2026-07-23 15:19:03"
1556,bougu_14_7_head,しゅうれん用バンド,"Training Hairband",set_a8a803a987,しゅうれん用バンドセット,tailoring_set,23,通常布,"[""すばやさ+8"", ""おしゃれさ+10""]",,,,5,3,,,,,inherit,7,14,れんしゅうぎのレシピ,ジュレットの町・さいほうギルドの素材屋,,頭,裁縫頭,3,"[{""count"": 1, ""item_id"": 657}, {""count"": 1, ""item_id"": 542}]","[[null, ""23"", null], [""30"", ""45"", ""45""]]",https://draquex.com/bougu/0-zenbu.php,https://draquex.com/bougu/a-14-3.php,,2,"2026-03-12 01:49:16","2026-07-23 15:19:03"
1557,bougu_14_7_body_top,しゅうれんぎ上,"Training Tank Top",set_a8a803a987,しゅうれん用バンドセット,tailoring_set,23,通常布,"[""すばやさ+8"", ""おしゃれさ+10""]",,,,8,4,,,,,inherit,7,14,れんしゅうぎのレシピ,ジュレットの町・さいほうギルドの素材屋,,体上,裁縫上,3,"[{""count"": 1, ""item_id"": 657}, {""count"": 1, ""item_id"": 627}]","[[""23"", ""15"", ""15""], [""15"", ""15"", ""15""], [""23"", ""15"", ""23""]]",https://draquex.com/bougu/0-zenbu.php,https://draquex.com/bougu/b-14-3.php,,3,"2026-03-12 01:49:16","2026-07-23 15:19:03"
1558,bougu_14_7_body_bottom,しゅうれんぎ下,"Training Pants",set_a8a803a987,しゅうれん用バンドセット,tailoring_set,23,通常布,"[""すばやさ+8"", ""おしゃれさ+10""]",,,,4,2,,,,,inherit,7,14,れんしゅうぎのレシピ,ジュレットの町・さいほうギルドの素材屋,,体下,裁縫下,2,"[{""count"": 1, ""item_id"": 657}, {""count"": 1, ""item_id"": 683}]","[[""30"", ""23""], [""23"", ""23""], [""23"", ""23""]]",https://draquex.com/bougu/0-zenbu.php,https://draquex.com/bougu/c-14-3.php,,3,"2026-03-12 01:49:16","2026-07-23 15:19:03"
1559,bougu_14_7_arm,しゅうれん用リスト,"Training Wristbands",set_a8a803a987,しゅうれん用バンドセット,tailoring_set,23,通常布,"[""すばやさ+8"", ""おしゃれさ+10""]",,,,2,1,,3,,,inherit,7,14,れんしゅうぎのレシピ,ジュレットの町・さいほうギルドの素材屋,,腕,裁縫腕,3,"[{""count"": 1, ""item_id"": 657}, {""count"": 1, ""item_id"": 801}]","[[""23"", ""23"", ""30""], [""23"", ""23"", ""23""]]",https://draquex.com/bougu/0-zenbu.php,https://draquex.com/bougu/d-14-3.php,,1,"2026-03-12 01:49:16","2026-07-23 15:19:03"
1560,bougu_14_7_foot,しゅうれん用ブーツ,"Training Boots",set_a8a803a987,しゅうれん用バンドセット,tailoring_set,23,通常布,"[""すばやさ+8"", ""おしゃれさ+10""]",,,,2,1,8,,,,inherit,7,14,れんしゅうぎのレシピ,ジュレットの町・さいほうギルドの素材屋,,足,裁縫足,2,"[{""count"": 1, ""item_id"": 657}, {""count"": 1, ""item_id"": 643}]","[[""23"", ""30""], [""45"", ""45""]]",https://draquex.com/bougu/0-zenbu.php,https://draquex.com/bougu/e-14-3.php,,2,"2026-03-12 01:49:16","2026-07-23 15:19:03"
1561,bougu_7_1_head,射手のぼうし,"Archer Hat",set_facfbddd73,射手セット,tailoring_set,18,通常布,"[""さいだいMP+2"", ""きようさ+4"", ""おしゃれさ+10""]",,,,6,2,,,,,replace,3,7,射手の服のレシピ,ジュレットの町・さいほうギルドの素材屋,,頭,裁縫頭,3,"[{""count"": 1, ""item_id"": 657}, {""count"": 1, ""item_id"": 848}]","[[null, ""23"", null], [""23"", ""30"", ""23""]]",https://draquex.com/bougu/0-zenbu.php,https://draquex.com/bougu/a-7-5.php,,1,"2026-03-12 01:49:18","2026-07-23 15:19:03"
1562,bougu_7_1_body_top,射手の服,"Archer Shirt",set_facfbddd73,射手セット,tailoring_set,18,通常布,"[""さいだいMP+2"", ""きようさ+4"", ""おしゃれさ+10""]",,,,8,3,,,,,replace,3,7,射手の服のレシピ,ジュレットの町・さいほうギルドの素材屋,,体上,裁縫上,3,"[{""count"": 1, ""item_id"": 657}, {""count"": 1, ""item_id"": 559}]","[[""15"", ""15"", ""15""], [""23"", ""15"", ""15""], [""15"", ""15"", ""15""]]",https://draquex.com/bougu/0-zenbu.php,https://draquex.com/bougu/b-7-5.php,,2,"2026-03-12 01:49:18","2026-07-23 15:19:03"
1563,bougu_7_1_body_bottom,射手のタイツ,"Archer Tights",set_facfbddd73,射手セット,tailoring_set,18,通常布,"[""さいだいMP+2"", ""きようさ+4"", ""おしゃれさ+10""]",,,,3,2,,,,,replace,3,7,射手の服のレシピ,ジュレットの町・さいほうギルドの素材屋,,体下,裁縫下,2,"[{""count"": 1, ""item_id"": 657}, {""count"": 1, ""item_id"": 671}]","[[""15"", ""23""], [""15"", ""15""], [""23"", ""15""]]",https://draquex.com/bougu/0-zenbu.php,https://draquex.com/bougu/c-7-5.php,,2,"2026-03-12 01:49:18","2026-07-23 15:19:03"
1564,bougu_7_1_arm,射手のてぶくろ,"Archer Gloves",set_facfbddd73,射手セット,tailoring_set,18,通常布,"[""さいだいMP+2"", ""きようさ+4"", ""おしゃれさ+10""]",,,,2,1,,10,,,replace,3,7,射手の服のレシピ,ジュレットの町・さいほうギルドの素材屋,,腕,裁縫腕,3,"[{""count"": 1, ""item_id"": 657}, {""count"": 1, ""item_id"": 800}]","[[""15"", ""23"", ""15""], [""15"", ""23"", ""15""]]",https://draquex.com/bougu/0-zenbu.php,https://draquex.com/bougu/d-7-5.php,,1,"2026-03-12 01:49:18","2026-07-23 15:19:03"
1565,bougu_7_1_foot,射手のくつ,"Archer Shoes",set_facfbddd73,射手セット,tailoring_set,18,通常布,"[""さいだいMP+2"", ""きようさ+4"", ""おしゃれさ+10""]",,,,1,1,7,,,,replace,3,7,射手の服のレシピ,ジュレットの町・さいほうギルドの素材屋,,足,裁縫足,2,"[{""count"": 1, ""item_id"": 657}, {""count"": 1, ""item_id"": 643}]","[[""23"", ""23""], [""30"", ""23""]]",https://draquex.com/bougu/0-zenbu.php,https://draquex.com/bougu/e-7-5.php,,1,"2026-03-12 01:49:18","2026-07-23 15:19:03"
1566,bougu_7_2_head,きぬのぼうし,"Silk Hat",set_7a03a58b0f,きぬセット,tailoring_set,19,通常布,"[""こうげき魔力+2"", ""おしゃれさ+5""]",,,,3,2,,,1,1,replace,3,7,きぬのローブの作り方,ジュレットの町・さいほうギルドの素材屋,,頭,裁縫頭,3,"[{""count"": 1, ""item_id"": 683}, {""count"": 1, ""item_id"": 657}]","[[null, ""30"", null], [""23"", ""23"", ""23""]]",https://draquex.com/bougu/0-zenbu.php,https://draquex.com/bougu/a-7-6.php,,1,"2026-03-12 01:49:21","2026-07-23 15:19:03"
1567,bougu_7_2_body_top,きぬのローブ上,"Silk Robe Top",set_7a03a58b0f,きぬセット,tailoring_set,19,通常布,"[""こうげき魔力+2"", ""おしゃれさ+5""]",,,,5,3,,,2,2,replace,3,7,きぬのローブの作り方,ジュレットの町・さいほうギルドの素材屋,,体上,裁縫上,3,"[{""count"": 1, ""item_id"": 683}, {""count"": 1, ""item_id"": 674}]","[[""15"", ""15"", ""15""], [""15"", ""15"", ""15""], [""23"", ""15"", ""15""]]",https://draquex.com/bougu/0-zenbu.php,https://draquex.com/bougu/b-7-6.php,,1,"2026-03-12 01:49:21","2026-07-23 15:19:03"
1568,bougu_7_2_body_bottom,きぬのローブ下,"Silk Robe Bottom",set_7a03a58b0f,きぬセット,tailoring_set,19,通常布,"[""こうげき魔力+2"", ""おしゃれさ+5""]",,,,2,2,,,,,replace,3,7,きぬのローブの作り方,ジュレットの町・さいほうギルドの素材屋,,体下,裁縫下,2,"[{""count"": 1, ""item_id"": 683}, {""count"": 1, ""item_id"": 674}]","[[""15"", ""15""], [""23"", ""23""], [""15"", ""15""]]",https://draquex.com/bougu/0-zenbu.php,https://draquex.com/bougu/c-7-6.php,,1,"2026-03-12 01:49:21","2026-07-23 15:19:03"
1569,bougu_7_2_foot,きぬのサンダル,"Silk Sandals",set_7a03a58b0f,きぬセット,tailoring_set,19,通常布,"[""こうげき魔力+2"", ""おしゃれさ+5""]",,,,1,1,3,,,,replace,3,7,きぬのローブの作り方,ジュレットの町・さいほうギルドの素材屋,,足,裁縫足,2,"[{""count"": 1, ""item_id"": 683}, {""count"": 1, ""item_id"": 542}]","[[""23"", ""30""], [""23"", ""23""]]",https://draquex.com/bougu/0-zenbu.php,https://draquex.com/bougu/e-7-6.php,,1,"2026-03-12 01:49:21","2026-07-23 15:19:03"
1570,bougu_7_3_head,いやしのぼうし,"Healing Hat",set_481db7a63f,いやしセット,tailoring_set,19,通常布,"[""かいふく魔力+2"", ""おしゃれさ+5""]",,,,4,2,,,0,3,inherit,3,7,いやしの服のレシピ,ジュレットの町・さいほうギルドの素材屋,,頭,裁縫頭,3,"[{""count"": 1, ""item_id"": 542}, {""count"": 1, ""item_id"": 773}]","[[null, ""23"", null], [""23"", ""23"", ""30""]]",https://draquex.com/bougu/0-zenbu.php,https://draquex.com/bougu/a-7-7.php,,1,"2026-03-12 01:49:23","2026-07-23 15:19:03"
1571,bougu_7_3_body_top,いやしの服,"Healing Shirt",set_481db7a63f,いやしセット,tailoring_set,19,通常布,"[""かいふく魔力+2"", ""おしゃれさ+5""]",,,,6,2,,,0,5,inherit,3,7,いやしの服のレシピ,ジュレットの町・さいほうギルドの素材屋,,体上,裁縫上,3,"[{""count"": 1, ""item_id"": 542}, {""count"": 1, ""item_id"": 627}]","[[""23"", ""15"", ""15""], [""15"", ""15"", ""15""], [""15"", ""15"", ""15""]]",https://draquex.com/bougu/0-zenbu.php,https://draquex.com/bougu/b-7-7.php,,1,"2026-03-12 01:49:23","2026-07-23 15:19:03"
1572,bougu_7_3_body_bottom,いやしのズボン,"Healing Pants",set_481db7a63f,いやしセット,tailoring_set,19,通常布,"[""かいふく魔力+2"", ""おしゃれさ+5""]",,,,3,1,,,,,inherit,3,7,いやしの服のレシピ,ジュレットの町・さいほうギルドの素材屋,,体下,裁縫下,2,"[{""count"": 1, ""item_id"": 542}, {""count"": 1, ""item_id"": 627}]","[[""23"", ""15""], [""15"", ""15""], [""15"", ""23""]]",https://draquex.com/bougu/0-zenbu.php,https://draquex.com/bougu/c-7-7.php,,1,"2026-03-12 01:49:23","2026-07-23 15:19:03"
1573,bougu_7_3_foot,いやしのブーツ,"Healing Boots",set_481db7a63f,いやしセット,tailoring_set,19,通常布,"[""かいふく魔力+2"", ""おしゃれさ+5""]",,,,1,1,4,,,,inherit,3,7,いやしの服のレシピ,ジュレットの町・さいほうギルドの素材屋,,足,裁縫足,2,"[{""count"": 1, ""item_id"": 542}, {""count"": 1, ""item_id"": 825}]","[[""30"", ""23""], [""23"", ""23""]]",https://draquex.com/bougu/0-zenbu.php,https://draquex.com/bougu/e-7-7.php,,1,"2026-03-12 01:49:23","2026-07-23 15:19:03"
1574,bougu_7_4_head,せいどうのかぶと,"Bronze Helm",set_e5f54dc39c,せいどうセット,armor_set,19,,"[""おしゃれさ+5""]",,,,6,2,,,,,replace,1,7,はじめての防具鍛冶,ドルワーム王国・防具鍛冶ギルドの素材屋,,頭,鎧頭,2,"[{""count"": 1, ""item_id"": 749}, {""count"": 1, ""item_id"": 732}]","[[""12～24"", ""12～24""], [""25～40"", ""25～40""]]",https://draquex.com/bougu/0-zenbu.php,https://draquex.com/bougu/a-7-2.php,,9,"2026-03-12 01:49:26","2026-07-23 15:19:03"
1575,bougu_7_4_body_top,せいどうのよろい上,"Bronze Armor Top",set_e5f54dc39c,せいどうセット,armor_set,19,,"[""おしゃれさ+5""]",,,,8,2,,,,,replace,1,7,はじめての防具鍛冶,ドルワーム王国・防具鍛冶ギルドの素材屋,,体上,鎧上,2,"[{""count"": 1, ""item_id"": 749}, {""count"": 1, ""item_id"": 542}]","[[""16～36"", ""16～36""], [""12～28"", ""12～28""], [""12～28"", ""12～28""]]",https://draquex.com/bougu/0-zenbu.php,https://draquex.com/bougu/b-7-2.php,,19,"2026-03-12 01:49:26","2026-07-23 15:19:03"
1576,bougu_7_4_body_bottom,せいどうのよろい下,"Bronze Armor Bottom",set_e5f54dc39c,せいどうセット,armor_set,19,,"[""おしゃれさ+5""]",,,,4,1,,,,,replace,1,7,はじめての防具鍛冶,ドルワーム王国・防具鍛冶ギルドの素材屋,,体下,鎧下,2,"[{""count"": 1, ""item_id"": 749}, {""count"": 1, ""item_id"": 542}]","[[""12～28"", ""12～28""], [""12～28"", ""12～28""], [""9～24"", ""9～24""], [""9～24"", ""9～24""]]",https://draquex.com/bougu/0-zenbu.php,https://draquex.com/bougu/c-7-2.php,,11,"2026-03-12 01:49:26","2026-07-23 15:19:03"
1577,bougu_7_4_arm,せいどうのこて,"Bronze Gauntlets",set_e5f54dc39c,せいどうセット,armor_set,19,,"[""おしゃれさ+5""]",,,,2,1,,3,,,replace,1,7,はじめての防具鍛冶,ドルワーム王国・防具鍛冶ギルドの素材屋,,腕,鎧腕,1,"[{""count"": 1, ""item_id"": 749}, {""count"": 1, ""item_id"": 657}]","[[""40～54""], [""16～36""], [""24～36""]]",https://draquex.com/bougu/0-zenbu.php,https://draquex.com/bougu/d-7-2.php,,5,"2026-03-12 01:49:26","2026-07-23 15:19:03"
1578,bougu_7_4_foot,せいどうのブーツ,"Bronze Boots",set_e5f54dc39c,せいどうセット,armor_set,19,,"[""おしゃれさ+5""]",,,,2,1,3,,,,replace,1,7,はじめての防具鍛冶,ドルワーム王国・防具鍛冶ギルドの素材屋,,足,鎧足,2,"[{""count"": 1, ""item_id"": 749}, {""count"": 1, ""item_id"": 732}]","[["""", ""20～38""], ["""", ""16～36""], [""16～36"", ""28～40""]]",https://draquex.com/bougu/0-zenbu.php,https://draquex.com/bougu/e-7-2.php,,7,"2026-03-12 01:49:26","2026-07-23 15:19:03"
1579,bougu_7_5_head,うろこのかぶと,"Scale Helm",set_93c479be9f,うろこセット,armor_set,19,,"[""おしゃれさ+5""]",,,,5,2,,,,,replace,4,7,うろこのよろいの作り方,ドルワーム王国・防具鍛冶ギルドの素材屋,,頭,鎧頭,2,"[{""count"": 1, ""item_id"": 732}, {""count"": 1, ""item_id"": 716}]","[[""18～36"", ""18～36""], [""32～48"", ""32～48""]]",https://draquex.com/bougu/0-zenbu.php,https://draquex.com/bougu/a-7-1.php,,5,"2026-03-12 01:49:29","2026-07-23 15:19:03"
1580,bougu_7_5_body_top,うろこのよろい上,"Scale Armor",set_93c479be9f,うろこセット,armor_set,19,,"[""おしゃれさ+5""]",,,,7,2,,,,,replace,4,7,うろこのよろいの作り方,ドルワーム王国・防具鍛冶ギルドの素材屋,,体上,鎧上,2,"[{""count"": 1, ""item_id"": 732}, {""count"": 1, ""item_id"": 716}]","[[""22～38"", ""22～38""], [""16～32"", ""16～32""], [""12～24"", ""12～24""]]",https://draquex.com/bougu/0-zenbu.php,https://draquex.com/bougu/b-7-1.php,,9,"2026-03-12 01:49:29","2026-07-23 15:19:03"
1581,bougu_7_5_body_bottom,うろこのよろい下,"Scale Leggings",set_93c479be9f,うろこセット,armor_set,19,,"[""おしゃれさ+5""]",,,,4,1,,,,,replace,4,7,うろこのよろいの作り方,ドルワーム王国・防具鍛冶ギルドの素材屋,,体下,鎧下,2,"[{""count"": 1, ""item_id"": 749}, {""count"": 1, ""item_id"": 716}]","[[""18～38"", ""18～38""], [""14～30"", ""14～30""], [""9～24"", ""9～24""], [""9～24"", ""9～24""]]",https://draquex.com/bougu/0-zenbu.php,https://draquex.com/bougu/c-7-1.php,,5,"2026-03-12 01:49:29","2026-07-23 15:19:03"
1582,bougu_7_5_arm,うろこのこて,"Scale Gloves",set_93c479be9f,うろこセット,armor_set,19,,"[""おしゃれさ+5""]",,,,1,1,,4,,,replace,4,7,うろこのよろいの作り方,ドルワーム王国・防具鍛冶ギルドの素材屋,,腕,鎧腕,1,"[{""count"": 1, ""item_id"": 749}, {""count"": 1, ""item_id"": 716}]","[[""40～54""], [""28～40""], [""32～46""]]",https://draquex.com/bougu/0-zenbu.php,https://draquex.com/bougu/d-7-1.php,,2,"2026-03-12 01:49:29","2026-07-23 15:19:03"
1583,bougu_7_5_foot,うろこのブーツ,"Scale Boots",set_93c479be9f,うろこセット,armor_set,19,,"[""おしゃれさ+5""]",,,,1,1,4,,,,replace,4,7,うろこのよろいの作り方,ドルワーム王国・防具鍛冶ギルドの素材屋,,足,鎧足,2,"[{""count"": 1, ""item_id"": 749}, {""count"": 1, ""item_id"": 716}]","[["""", ""26～40""], ["""", ""18～32""], [""26～42"", ""30～48""]]",https://draquex.com/bougu/0-zenbu.php,https://draquex.com/bougu/e-7-1.php,,4,"2026-03-12 01:49:29","2026-07-23 15:19:03"
1584,bougu_7_6_head,ぬすっとずきん,"Robber's Hood",set_e618447ef2,ぬすっとセット,tailoring_set,21,通常布,"[""きようさ+2"", ""おしゃれさ+5""]",,,,5,1,,,,,replace,3,7,ぬすっと服のレシピ,ジュレットの町・さいほうギルドの素材屋,,頭,裁縫頭,3,"[{""count"": 1, ""item_id"": 542}, {""count"": 1, ""item_id"": 683}]","[[null, ""23"", null], [""30"", ""23"", ""23""]]",https://draquex.com/bougu/0-zenbu.php,https://draquex.com/bougu/a-7-4.php,,1,"2026-03-12 01:49:31","2026-07-23 15:19:03"
1585,bougu_7_6_body_top,ぬすっとの服,"Robber's Tunic",set_e618447ef2,ぬすっとセット,tailoring_set,21,通常布,"[""きようさ+2"", ""おしゃれさ+5""]",,,,7,2,,,,,replace,3,7,ぬすっと服のレシピ,ジュレットの町・さいほうギルドの素材屋,,体上,裁縫上,3,"[{""count"": 1, ""item_id"": 542}, {""count"": 1, ""item_id"": 683}]","[[""15"", ""15"", ""15""], [""15"", ""15"", ""15""], [""15"", ""15"", ""23""]]",https://draquex.com/bougu/0-zenbu.php,https://draquex.com/bougu/b-7-4.php,,2,"2026-03-12 01:49:31","2026-07-23 15:19:03"
1586,bougu_7_6_body_bottom,ぬすっとタイツ,"Robber's Tights",set_e618447ef2,ぬすっとセット,tailoring_set,21,通常布,"[""きようさ+2"", ""おしゃれさ+5""]",,,,3,1,,,,,replace,3,7,ぬすっと服のレシピ,ジュレットの町・さいほうギルドの素材屋,,体下,裁縫下,2,"[{""count"": 1, ""item_id"": 542}, {""count"": 1, ""item_id"": 683}]","[[""15"", ""15""], [""15"", ""15""], [""23"", ""23""]]",https://draquex.com/bougu/0-zenbu.php,https://draquex.com/bougu/c-7-4.php,,2,"2026-03-12 01:49:31","2026-07-23 15:19:03"
1587,bougu_7_6_arm,ぬすっとのうでわ,"Robber's Bangles",set_e618447ef2,ぬすっとセット,tailoring_set,21,通常布,"[""きようさ+2"", ""おしゃれさ+5""]",,,,1,1,,6,,,replace,3,7,ぬすっと服のレシピ,ジュレットの町・さいほうギルドの素材屋,,腕,裁縫腕,3,"[{""count"": 1, ""item_id"": 542}, {""count"": 1, ""item_id"": 657}]","[[""23"", ""15"", ""15""], [""23"", ""15"", ""15""]]",https://draquex.com/bougu/0-zenbu.php,https://draquex.com/bougu/d-7-4.php,,1,"2026-03-12 01:49:31","2026-07-23 15:19:03"
1588,bougu_7_6_foot,ぬすっとのくつ,"Robber's Shoes",set_e618447ef2,ぬすっとセット,tailoring_set,21,通常布,"[""きようさ+2"", ""おしゃれさ+5""]",,,,1,1,6,,,,replace,3,7,ぬすっと服のレシピ,ジュレットの町・さいほうギルドの素材屋,,足,裁縫足,2,"[{""count"": 1, ""item_id"": 542}, {""count"": 1, ""item_id"": 657}]","[[""23"", ""23""], [""30"", ""23""]]",https://draquex.com/bougu/0-zenbu.php,https://draquex.com/bougu/e-7-4.php,,1,"2026-03-12 01:49:31","2026-07-23 15:19:03"
1589,bougu_1_1_head,若手芸人のバンダナ,"Young Talent Bandana",若手芸人セット,若手芸人セット,tailoring_set,21,通常布,"[""すばやさ+2"", ""おしゃれさ+5""]",,,,5,2,,,,,replace,1,1,芸人の服の作り方,ジュレットの町・さいほうギルドの素材屋,,頭,裁縫頭,3,"[{""count"": 1, ""item_id"": 542}, {""count"": 1, ""item_id"": 657}]","[[null, ""23"", null], [""23"", ""30"", ""23""]]",https://draquex.com/bougu/0-zenbu.php,https://draquex.com/bougu/a-7-3.php,,1,"2026-03-12 01:49:33","2026-07-23 15:19:03"
1590,bougu_1_1_body_top,若手芸人の服,"Young Talent Vest",若手芸人セット,若手芸人セット,tailoring_set,21,通常布,"[""すばやさ+2"", ""おしゃれさ+5""]",,,,6,2,,,,,replace,1,1,芸人の服の作り方,ジュレットの町・さいほうギルドの素材屋,,体上,裁縫上,3,"[{""count"": 1, ""item_id"": 542}, {""count"": 1, ""item_id"": 881}]","[[""15"", ""15"", ""23""], [""15"", ""15"", ""15""], [""15"", ""15"", ""15""]]",https://draquex.com/bougu/0-zenbu.php,https://draquex.com/bougu/b-7-3.php,,2,"2026-03-12 01:49:33","2026-07-23 15:19:03"
1591,bougu_1_1_body_bottom,若手芸人のズボン,"Young Talent Pants",若手芸人セット,若手芸人セット,tailoring_set,21,通常布,"[""すばやさ+2"", ""おしゃれさ+5""]",,,,2,1,,,,,replace,1,1,芸人の服の作り方,ジュレットの町・さいほうギルドの素材屋,,体下,裁縫下,2,"[{""count"": 1, ""item_id"": 542}, {""count"": 1, ""item_id"": 657}]","[[""23"", ""23""], [""15"", ""15""], [""15"", ""15""]]",https://draquex.com/bougu/0-zenbu.php,https://draquex.com/bougu/c-7-3.php,,2,"2026-03-12 01:49:33","2026-07-23 15:19:03"
1592,bougu_1_1_arm,若手芸人のてぶくろ,"Young Talent Gloves",若手芸人セット,若手芸人セット,tailoring_set,21,通常布,"[""すばやさ+2"", ""おしゃれさ+5""]",,,,1,1,,5,,,replace,1,1,芸人の服の作り方,ジュレットの町・さいほうギルドの素材屋,,腕,裁縫腕,3,"[{""count"": 1, ""item_id"": 542}, {""count"": 1, ""item_id"": 657}]","[[""15"", ""15"", ""23""], [""15"", ""15"", ""23""]]",https://draquex.com/bougu/0-zenbu.php,https://draquex.com/bougu/d-7-3.php,,1,"2026-03-12 01:49:33","2026-07-23 15:19:03"
1593,bougu_1_1_foot,若手芸人のながぐつ,"Young Talent Boots",若手芸人セット,若手芸人セット,tailoring_set,21,通常布,"[""すばやさ+2"", ""おしゃれさ+5""]",,,,1,1,5,,,,replace,1,1,芸人の服の作り方,ジュレットの町・さいほうギルドの素材屋,,足,裁縫足,2,"[{""count"": 1, ""item_id"": 542}, {""count"": 1, ""item_id"": 881}]","[[""23"", ""23""], [""23"", ""30""]]",https://draquex.com/bougu/0-zenbu.php,https://draquex.com/bougu/e-7-3.php,,1,"2026-03-12 01:49:33","2026-07-23 15:19:03"
1594,bougu_1_2_head,麻のぼうし,"Linen Hat",麻セット_2,麻セット,tailoring_set,19,通常布,"[""なし""]",,,,2,1,,,,,replace,1,1,はじめてのさいほう,ジュレットの町・さいほうギルドの素材屋,,頭,裁縫頭,3,"[{""count"": 1, ""item_id"": 542}]","[[null, ""15"", null], [""15"", ""15"", ""15""]]",https://draquex.com/bougu/0-zenbu.php,https://draquex.com/bougu/a-1-3.php,,1,"2026-03-12 01:49:36","2026-07-23 15:19:03"
1595,bougu_1_2_body_top,麻の服,"Linen Attire",麻セット_2,麻セット,tailoring_set,19,通常布,"[""なし""]",,,,3,1,,,,,replace,1,1,はじめてのさいほう,ジュレットの町・さいほうギルドの素材屋,,体上,裁縫上,3,"[{""count"": 1, ""item_id"": 542}]","[[""15"", ""15"", ""15""], [""15"", ""15"", ""15""], [""15"", ""15"", ""15""]]",https://draquex.com/bougu/0-zenbu.php,https://draquex.com/bougu/b-1-3.php,,1,"2026-03-12 01:49:36","2026-07-23 15:19:03"
1596,bougu_1_2_body_bottom,麻の短パン,"Linen Shorts",麻セット_2,麻セット,tailoring_set,19,通常布,"[""なし""]",,,,1,1,,,,,replace,1,1,はじめてのさいほう,ジュレットの町・さいほうギルドの素材屋,,体下,裁縫下,2,"[{""count"": 1, ""item_id"": 542}]","[[""15"", ""15""], [""15"", ""15""], [""15"", ""15""]]",https://draquex.com/bougu/0-zenbu.php,https://draquex.com/bougu/c-1-3.php,,1,"2026-03-12 01:49:36","2026-07-23 15:19:03"
1597,bougu_1_2_arm,麻のてぶくろ,"Linen Gloves",麻セット_2,麻セット,tailoring_set,19,通常布,"[""なし""]",,,,1,1,,2,,,replace,1,1,はじめてのさいほう,ジュレットの町・さいほうギルドの素材屋,,腕,裁縫腕,3,"[{""count"": 1, ""item_id"": 542}]","[[""15"", ""15"", ""15""], [""15"", ""15"", ""15""]]",https://draquex.com/bougu/0-zenbu.php,https://draquex.com/bougu/d-1-3.php,,1,"2026-03-12 01:49:36","2026-07-23 15:19:03"
1598,bougu_1_2_foot,麻のくつ,"Linen Boots",麻セット_2,麻セット,tailoring_set,19,通常布,"[""なし""]",,,,1,1,2,,,,replace,1,1,はじめてのさいほう,ジュレットの町・さいほうギルドの素材屋,,足,裁縫足,2,"[{""count"": 1, ""item_id"": 542}]","[[""15"", ""15""], [""15"", ""15""]]",https://draquex.com/bougu/0-zenbu.php,https://draquex.com/bougu/e-1-3.php,,1,"2026-03-12 01:49:36","2026-07-23 15:19:03"
1599,bougu_1_2_head_2,皮のぼうし,"Leather Hat",set_3452a59f79,皮セット,tailoring_set,19,通常布,"[""なし""]",,,,3,1,,,,,replace,1,1,はじめてのさいほう,ジュレットの町・さいほうギルドの素材屋,,頭,裁縫頭,3,"[{""count"": 1, ""item_id"": 643}, {""count"": 1, ""item_id"": 542}]","[[null, ""15"", null], [""15"", ""15"", ""15""]]",https://draquex.com/bougu/0-zenbu.php,https://draquex.com/bougu/a-1-1.php,,4,"2026-03-12 01:49:50","2026-07-23 15:19:03"
1600,bougu_1_2_body_top_2,皮のよろい,"Leather Armor",set_3452a59f79,皮セット,tailoring_set,19,通常布,"[""なし""]",,,,4,1,,,,,replace,1,1,はじめてのさいほう,ジュレットの町・さいほうギルドの素材屋,,体上,裁縫上,3,"[{""count"": 1, ""item_id"": 643}, {""count"": 1, ""item_id"": 542}]","[[""15"", ""15"", ""15""], [""15"", ""15"", ""15""], [""15"", ""15"", ""15""]]",https://draquex.com/bougu/0-zenbu.php,https://draquex.com/bougu/b-1-1.php,,8,"2026-03-12 01:49:50","2026-07-23 15:19:03"
1601,bougu_1_2_body_bottom_2,皮のズボン,"Leather Pants",set_3452a59f79,皮セット,tailoring_set,19,通常布,"[""なし""]",,,,2,1,,,,,replace,1,1,はじめてのさいほう,ジュレットの町・さいほうギルドの素材屋,,体下,裁縫下,2,"[{""count"": 1, ""item_id"": 643}]","[[""15"", ""15""], [""15"", ""15""], [""15"", ""15""]]",https://draquex.com/bougu/0-zenbu.php,https://draquex.com/bougu/c-1-1.php,,5,"2026-03-12 01:49:50","2026-07-23 15:19:03"
1602,bougu_1_2_arm_2,皮のてぶくろ,"Leather Gloves",set_3452a59f79,皮セット,tailoring_set,19,通常布,"[""なし""]",,,,1,1,,3,,,replace,1,1,はじめてのさいほう,ジュレットの町・さいほうギルドの素材屋,,腕,裁縫腕,3,"[{""count"": 1, ""item_id"": 643}]","[[""15"", ""15"", ""15""], [""15"", ""15"", ""15""]]",https://draquex.com/bougu/0-zenbu.php,https://draquex.com/bougu/d-1-1.php,,2,"2026-03-12 01:49:50","2026-07-23 15:19:03"
1603,bougu_1_2_foot_2,皮のくつ,"Leather Shoes",set_3452a59f79,皮セット,tailoring_set,19,通常布,"[""なし""]",,,,1,1,3,,,,replace,1,1,はじめてのさいほう,ジュレットの町・さいほうギルドの素材屋,,足,裁縫足,2,"[{""count"": 1, ""item_id"": 643}]","[[""15"", ""15""], [""15"", ""15""]]",https://draquex.com/bougu/0-zenbu.php,https://draquex.com/bougu/e-1-1.php,,2,"2026-03-12 01:49:50","2026-07-23 15:19:03"
1604,bougu_1_1_head_2,前座芸人のバンダナ,"Show Opener's Bandana",set_846a7cba0e,前座芸人セット,tailoring_set,21,通常布,"[""なし""]",,,,3,1,,,,,replace,1,1,芸人の服の作り方,ジュレットの町・さいほうギルドの素材屋,,頭,裁縫頭,3,"[{""count"": 1, ""item_id"": 542}]","[[null, ""15"", null], [""15"", ""15"", ""15""]]",https://draquex.com/bougu/0-zenbu.php,https://draquex.com/bougu/a-1-2.php,,1,"2026-03-12 01:49:56","2026-07-23 15:19:03"
1605,bougu_1_1_body_top_2,前座芸人の服,"Show Opener's Vest",set_846a7cba0e,前座芸人セット,tailoring_set,21,通常布,"[""なし""]",,,,4,1,,,,,replace,1,1,芸人の服の作り方,ジュレットの町・さいほうギルドの素材屋,,体上,裁縫上,3,"[{""count"": 1, ""item_id"": 643}]","[[""15"", ""15"", ""15""], [""15"", ""15"", ""15""], [""15"", ""15"", ""15""]]",https://draquex.com/bougu/0-zenbu.php,https://draquex.com/bougu/b-1-2.php,,1,"2026-03-12 01:49:56","2026-07-23 15:19:03"
1606,bougu_1_1_body_bottom_2,前座芸人のズボン,"Show Opener's Pants",set_846a7cba0e,前座芸人セット,tailoring_set,21,通常布,"[""なし""]",,,,2,1,,,,,replace,1,1,芸人の服の作り方,ジュレットの町・さいほうギルドの素材屋,,体下,裁縫下,2,"[{""count"": 1, ""item_id"": 643}]","[[""15"", ""15""], [""15"", ""15""], [""15"", ""15""]]",https://draquex.com/bougu/0-zenbu.php,https://draquex.com/bougu/c-1-2.php,,1,"2026-03-12 01:49:56","2026-07-23 15:19:03"
1607,bougu_1_1_arm_2,前座芸人のうでわ,"Show Opener's Bracers",set_846a7cba0e,前座芸人セット,tailoring_set,21,通常布,"[""なし""]",,,,1,1,,4,,,replace,1,1,芸人の服の作り方,ジュレットの町・さいほうギルドの素材屋,,腕,裁縫腕,3,"[{""count"": 1, ""item_id"": 542}]","[[""15"", ""15"", ""15""], [""15"", ""15"", ""15""]]",https://draquex.com/bougu/0-zenbu.php,https://draquex.com/bougu/d-1-2.php,,1,"2026-03-12 01:49:56","2026-07-23 15:19:03"
1608,bougu_1_1_foot_2,前座芸人のながぐつ,"Show Opener's Boots",set_846a7cba0e,前座芸人セット,tailoring_set,21,通常布,"[""なし""]",,,,1,1,3,,,,replace,1,1,芸人の服の作り方,ジュレットの町・さいほうギルドの素材屋,,足,裁縫足,2,"[{""count"": 1, ""item_id"": 542}]","[[""15"", ""15""], [""15"", ""15""]]",https://draquex.com/bougu/0-zenbu.php,https://draquex.com/bougu/e-1-2.php,,1,"2026-03-12 01:49:56","2026-07-23 15:19:03"
1609,24_銅のさいほう針,銅のさいほう針,"Copper Needle",銅の職人道具,銅の職人道具,craft_tool_set,24,,[],,,,,,,,,,inherit,1,,,,,その他,,1,"[{""count"": 2, ""item_id"": 749}]","[[""50～64""], [""30～42""]]",,,200,,"2026-03-17 02:04:39","2026-07-23 15:19:03"
1610,24_銅の木工刀,銅の木工刀,"Copper Slick",銅の職人道具,銅の職人道具,craft_tool_set,24,,[],,,,,,,,,,inherit,1,,,,,その他,,1,"[{""count"": 2, ""item_id"": 749}]","[[""30～43""], [""20～33""], [""30～43""]]",,,200,,"2026-03-17 02:04:39","2026-07-23 15:19:03"
1611,24_銅の錬金ランプ,銅の錬金ランプ,"Copper Lamp",銅の職人道具,銅の職人道具,craft_tool_set,24,,[],,,,,,,,,,inherit,1,,,,,その他,,2,"[{""count"": 2, ""item_id"": 749}]","[[""24～36"", ""32～48""], [""20～35"", ""24～40""]]",,,200,,"2026-03-17 02:04:39","2026-07-23 15:19:03"
1612,24_銅の錬金ツボ,銅の錬金ツボ,"Copper Jar",銅の職人道具,銅の職人道具,craft_tool_set,24,,[],,,,,,,,,,inherit,1,,,,,その他,,2,"[{""count"": 2, ""item_id"": 749}]","[[""18～36"", ""18～36""], [""22～38"", ""22～38""], [""25～40"", ""25～40""]]",,,200,,"2026-03-17 02:04:39","2026-07-23 15:19:03"
1613,24_銅のフライパン,銅のフライパン,"Copper Frypan",銅の職人道具,銅の職人道具,craft_tool_set,24,,[],,,,,,,,,,inherit,1,,,,,その他,,2,"[{""count"": 2, ""item_id"": 749}]","[[""16～28"", ""16～28""], [""16～28"", ""16～28""], [""20～36"", ""16～28""], [""20～36"", ""-""]]",,,200,,"2026-03-17 02:04:39","2026-07-23 15:19:03"
1614,24_銅の鍛冶ハンマー,銅の鍛冶ハンマー,"Copper Hammer",銅の職人道具,銅の職人道具,craft_tool_set,24,,[],,,,,,,,,,inherit,1,,,,,その他,,2,"[{""count"": 2, ""item_id"": 749}]","[[""20～36"", ""20～36""], [""28～45"", ""28～45""], [""24～36"", ""-""]]",,,200,,"2026-03-17 02:04:39","2026-07-23 15:19:03"
1615,24_鉄のさいほう針,鉄のさいほう針,"Iron Needle",鉄の職人どうぐ,鉄の職人どうぐ,craft_tool_set,24,,[],,,,,,,,,,inherit,17,,,,,その他,,1,"[{""count"": 3, ""item_id"": 732}, {""count"": 2, ""item_id"": 698}]","[[""70～78""], [""90～102""]]",,,800,,"2026-03-17 04:33:54","2026-07-23 15:19:03"
1616,24_鉄の木工刀,鉄の木工刀,"Iron Slick",鉄の職人どうぐ,鉄の職人どうぐ,craft_tool_set,24,,[],,,,,,,,,,inherit,17,,,,,その他,,1,"[{""count"": 3, ""item_id"": 732}, {""count"": 2, ""item_id"": 699}]","[[""70～78""], [""60～70""], [""50～62""]]",,,800,,"2026-03-17 04:33:54","2026-07-23 15:19:03"
1617,24_鉄の錬金ランプ,鉄の錬金ランプ,"Iron Lamp",鉄の職人どうぐ,鉄の職人どうぐ,craft_tool_set,24,,[],,,,,,,,,,inherit,17,,,,,その他,,2,"[{""count"": 3, ""item_id"": 732}, {""count"": 2, ""item_id"": 718}]","[[""42～56"", ""59～76""], [""34～42"", ""45～56""]]",,,800,,"2026-03-17 04:33:54","2026-07-23 15:19:03"
1618,24_鉄の錬金ツボ,鉄の錬金ツボ,"Iron Jar",鉄の職人どうぐ,鉄の職人どうぐ,craft_tool_set,24,,[],,,,,,,,,,inherit,17,,,,,その他,,2,"[{""count"": 3, ""item_id"": 732}, {""count"": 1, ""item_id"": 760}]","[[""32～44"", ""32～44""], [""50～66"", ""50～66""], [""38～50"", ""38～50""]]",,,800,,"2026-03-17 04:33:54","2026-07-23 15:19:03"
1619,24_鉄のフライパン,鉄のフライパン,"Iron Frypan",鉄の職人どうぐ,鉄の職人どうぐ,craft_tool_set,24,,[],,,,,,,,,,inherit,17,,,,,その他,,2,"[{""count"": 3, ""item_id"": 732}, {""count"": 2, ""item_id"": 698}]","[[""20～30"", ""20～30""], [""40～50"", ""30～38""], [""30～38"", ""40～50""], [""30～38"", ""-""]]",,,800,,"2026-03-17 04:33:54","2026-07-23 15:19:03"
1620,24_鉄の鍛冶ハンマー,鉄の鍛冶ハンマー,"Iron Hammer",鉄の職人どうぐ,鉄の職人どうぐ,craft_tool_set,24,,[],,,,,,,,,,inherit,17,,,,,その他,,2,"[{""count"": 3, ""item_id"": 732}, {""count"": 2, ""item_id"": 698}]","[[""42～60"", ""58～70""], [""38～50"", ""42～50""], [""30～45"", ""-""]]",,,800,,"2026-03-17 04:33:54","2026-07-23 15:19:03"
1621,24_銀のさいほう針,銀のさいほう針,"Silver Needle",銀の職人どうぐ,銀の職人どうぐ,craft_tool_set,24,,[],,,,,,,,,,inherit,23,,,,,その他,,1,"[{""count"": 4, ""item_id"": 633}, {""count"": 2, ""item_id"": 857}, {""count"": 1, ""item_id"": 865}]","[[""180～187""], [""120～128""]]",,,25000,,"2026-03-17 04:54:44","2026-07-23 15:19:03"
1622,24_銀の木工刀,銀の木工刀,"Silver Slick",銀の職人どうぐ,銀の職人どうぐ,craft_tool_set,24,,[],,,,,,,,,,inherit,23,,,,,その他,,1,"[{""count"": 4, ""item_id"": 633}, {""count"": 2, ""item_id"": 694}, {""count"": 1, ""item_id"": 865}]","[[""120～127""], [""85～95""], [""95～103""]]",,,25000,,"2026-03-17 04:54:44","2026-07-23 15:19:03"
1623,24_銀の錬金ランプ,銀の錬金ランプ,"Silver Lamp",銀の職人どうぐ,銀の職人どうぐ,craft_tool_set,24,,[],,,,,,,,,,inherit,23,,,,,その他,,2,"[{""count"": 4, ""item_id"": 633}, {""count"": 2, ""item_id"": 845}, {""count"": 1, ""item_id"": 865}]","[[""85～92"", ""92～100""], [""68～85"", ""85～92""]]",,,25000,,"2026-03-17 04:54:44","2026-07-23 15:19:03"
1624,24_銀の錬金ツボ,銀の錬金ツボ,"Silver Jar",銀の職人どうぐ,銀の職人どうぐ,craft_tool_set,24,,[],,,,,,,,,,inherit,23,,,,,その他,,2,"[{""count"": 4, ""item_id"": 633}, {""count"": 2, ""item_id"": 820}, {""count"": 1, ""item_id"": 865}]","[[""75～83"", ""45～59""], [""60～70"", ""60～70""], [""45～59"", ""75～83""]]",,,25000,,"2026-03-17 04:54:44","2026-07-23 15:19:03"
1625,24_銀のフライパン,銀のフライパン,"Silver Frypan",銀の職人どうぐ,銀の職人どうぐ,craft_tool_set,24,,[],,,,,,,,,,inherit,23,,,,,その他,,2,"[{""count"": 4, ""item_id"": 633}, {""count"": 2, ""item_id"": 670}, {""count"": 1, ""item_id"": 865}]","[[""40～50"", ""40～50""], [""40～50"", ""57～65""], [""57～65"", ""57～65""], [""40～50"", ""-""]]",,,25000,,"2026-03-17 04:54:44","2026-07-23 15:19:03"
1626,24_銀の鍛冶ハンマー,銀の鍛冶ハンマー,"Silver Hammer",銀の職人どうぐ,銀の職人どうぐ,craft_tool_set,24,,[],,,,,,,,,,inherit,23,,,,,その他,,2,"[{""count"": 4, ""item_id"": 633}, {""count"": 2, ""item_id"": 646}, {""count"": 1, ""item_id"": 865}]","[[""80～85"", ""65～80""], [""65～70"", ""80～90""], [""40～55"", ""-""]]",,,25000,,"2026-03-17 04:54:44","2026-07-23 15:19:03"
1627,24_プラチナの鍛冶ハンマー,プラチナの鍛冶ハンマー,"Platinum Hammer",プラチナの職人どうぐ,プラチナの職人どうぐ,craft_tool_set,24,,[],,,,,,,,,,inherit,28,,1139,メギストリスレシピ屋,,その他,,2,"[{""count"": 5, ""item_id"": 816}, {""count"": 4, ""item_id"": 599}, {""count"": 1, ""item_id"": 879}, {""count"": 4, ""item_id"": 865}]","[[""95～103"", ""120～126""], [""75～85"", ""90～98""], [""60～73"", ""-""]]",,,100000,,"2026-03-17 05:20:10","2026-07-23 15:19:03"
1628,24_プラチナの木工刀,プラチナの木工刀,"Platinum Slick",プラチナの職人どうぐ,プラチナの職人どうぐ,craft_tool_set,24,,[],,,,,,,,,,inherit,26,,1140,メギストリスレシピ屋,,その他,,1,"[{""count"": 5, ""item_id"": 816}, {""count"": 4, ""item_id"": 561}, {""count"": 1, ""item_id"": 638}, {""count"": 4, ""item_id"": 865}]","[[""170～175""], [""135～143""], [""115～122""]]",,,100000,,"2026-03-17 05:20:10","2026-07-23 15:19:03"
1629,24_プラチナのさいほう針,プラチナのさいほう針,"Platinum Needle",プラチナの職人どうぐ,プラチナの職人どうぐ,craft_tool_set,24,,[],,,,,,,,,,inherit,25,,1141,メギストリスレシピ屋,,その他,,1,"[{""count"": 5, ""item_id"": 816}, {""count"": 4, ""item_id"": 555}, {""count"": 1, ""item_id"": 810}, {""count"": 4, ""item_id"": 865}]","[[""180～186""], [""240～244""]]",,,100000,,"2026-03-17 05:20:10","2026-07-23 15:19:03"
1630,24_プラチナのフライパン,プラチナのフライパン,"Platinum Frypan",プラチナの職人どうぐ,プラチナの職人どうぐ,craft_tool_set,24,,[],,,,,,,,,,inherit,28,,1144,メギストリスレシピ屋,,その他,,2,"[{""count"": 5, ""item_id"": 816}, {""count"": 4, ""item_id"": 884}, {""count"": 1, ""item_id"": 697}, {""count"": 4, ""item_id"": 865}]","[[""55～66"", ""42～50""], [""55～66"", ""78～87""], [""90～98"", ""78～87""], [""42～50"", ""-""]]",,,100000,,"2026-03-17 05:20:10","2026-07-23 15:19:03"
1631,24_プラチナの錬金ランプ,プラチナの錬金ランプ,"Platinum Alchemy Lamp",プラチナの職人どうぐ,プラチナの職人どうぐ,craft_tool_set,24,,[],,,,,,,,,,inherit,27,,1142,メギストリスレシピ屋,,その他,,2,"[{""count"": 5, ""item_id"": 816}, {""count"": 4, ""item_id"": 815}, {""count"": 1, ""item_id"": 781}, {""count"": 4, ""item_id"": 865}]","[[""115～123"", ""100～107""], [""145～155"", ""80～90""]]",,,100000,,"2026-03-17 05:20:10","2026-07-23 15:19:03"
1632,24_プラチナの錬金ツボ,プラチナの錬金ツボ,"Platinum Jar",プラチナの職人どうぐ,プラチナの職人どうぐ,craft_tool_set,24,,[],,,,,,,,,,inherit,30,,1143,メギストリスレシピ屋,,その他,,2,"[{""count"": 5, ""item_id"": 816}, {""count"": 4, ""item_id"": 755}, {""count"": 1, ""item_id"": 551}, {""count"": 4, ""item_id"": 865}]","[[""60～70"", ""90～100""], [""70～77"", ""70～77""], [""90～100"", ""60～70""]]",,,100000,,"2026-03-17 05:20:10","2026-07-23 15:19:03"
1633,24_超鍛冶ハンマー,超鍛冶ハンマー,"Super Hammer",超の職人どうぐ,超の職人どうぐ,craft_tool_set,24,,[],,,,,,,,,,inherit,32,,1145,ギルド素材屋,,その他,,2,"[{""count"": 16, ""item_id"": 816}, {""count"": 40, ""item_id"": 754}, {""count"": 8, ""item_id"": 545}, {""count"": 8, ""item_id"": 865}]","[[""130～140"", ""105～111""], [""105～113"", ""130～140""], [""90～96"", ""-""]]",,,140000,,"2026-03-17 05:20:10","2026-07-23 15:19:03"
1634,24_超木工刀,超木工刀,"Super Slick",超の職人どうぐ,超の職人どうぐ,craft_tool_set,24,,[],,,,,,,,,,inherit,31,,1146,ギルド素材屋,,その他,,1,"[{""count"": 16, ""item_id"": 816}, {""count"": 40, ""item_id"": 760}, {""count"": 8, ""item_id"": 545}, {""count"": 8, ""item_id"": 865}]","[[""180～186""], [""140～144""], [""240～256""]]",,,100000,,"2026-03-17 05:20:10","2026-07-23 15:19:03"
1635,24_超さいほう針,超さいほう針,"Super Needle",超の職人どうぐ,超の職人どうぐ,craft_tool_set,24,,[],,,,,,,,,,inherit,30,,1147,ギルド素材屋,,その他,,1,"[{""count"": 16, ""item_id"": 816}, {""count"": 40, ""item_id"": 535}, {""count"": 8, ""item_id"": 545}, {""count"": 8, ""item_id"": 865}]","[[""310～316""], [""250～254""]]",,,140000,,"2026-03-17 05:20:10","2026-07-23 15:19:03"
1636,24_超フライパン,超フライパン,"Super Frypan",超の職人どうぐ,超の職人どうぐ,craft_tool_set,24,,[],,,,,,,,,,inherit,32,,1150,ギルド素材屋,,その他,,2,"[{""count"": 16, ""item_id"": 816}, {""count"": 40, ""item_id"": 728}, {""count"": 8, ""item_id"": 545}, {""count"": 8, ""item_id"": 865}]","[[""65～76"", ""65～76""], [""65～76"", ""80～88""], [""109～115"", ""96～105""], [""80～88"", ""-""]]",,,100000,,"2026-03-17 05:20:10","2026-07-23 15:19:03"
1637,24_超錬金ランプ,超錬金ランプ,"Super Lamp",超の職人どうぐ,超の職人どうぐ,craft_tool_set,24,,[],,,,,,,,,,inherit,32,,1148,ギルド素材屋,,その他,,2,"[{""count"": 16, ""item_id"": 816}, {""count"": 40, ""item_id"": 818}, {""count"": 8, ""item_id"": 545}, {""count"": 8, ""item_id"": 865}]","[[""100～106"", ""165～175""], [""165～173"", ""130～140""]]",,,200000,,"2026-03-17 05:20:10","2026-07-23 15:19:03"
1638,24_超錬金ツボ,超錬金ツボ,"Super Jar",超の職人どうぐ,超の職人どうぐ,craft_tool_set,24,,[],,,,,,,,,,inherit,33,,1149,ギルド素材屋,,その他,,2,"[{""count"": 16, ""item_id"": 816}, {""count"": 40, ""item_id"": 867}, {""count"": 8, ""item_id"": 545}, {""count"": 8, ""item_id"": 865}]","[[""90～98"", ""90～98""], [""114～124"", ""114～124""], [""76～82"", ""76～82""]]",,,200000,,"2026-03-17 05:20:10","2026-07-23 15:19:03"
1639,24_奇跡の鍛冶ハンマー,奇跡の鍛冶ハンマー,"Miracle Hammer",奇跡の職人どうぐ,奇跡の職人どうぐ,craft_tool_set,24,,[],,,,,,,,,,inherit,34,,1151,ギルド素材屋,,その他,,2,"[{""count"": 24, ""item_id"": 816}, {""count"": 64, ""item_id"": 596}, {""count"": 30, ""item_id"": 545}, {""count"": 12, ""item_id"": 865}]","[[""150～156"", ""160～170""], [""80～86"", ""130～139""], [""120～129"", ""-""]]",,,400000,,"2026-03-17 05:20:10","2026-07-23 15:19:03"
1640,24_奇跡の木工刀,奇跡の木工刀,"Miracle Slick",奇跡の職人どうぐ,奇跡の職人どうぐ,craft_tool_set,24,,[],,,,,,,,,,inherit,34,,1152,ギルド素材屋,,その他,,1,"[{""count"": 24, ""item_id"": 816}, {""count"": 64, ""item_id"": 597}, {""count"": 30, ""item_id"": 545}, {""count"": 12, ""item_id"": 865}]","[[""230～238""], [""200～206""], [""274～286""]]",,,420000,,"2026-03-17 05:20:10","2026-07-23 15:19:03"
1641,24_奇跡のさいほう針,奇跡のさいほう針,"Miracle Needle",奇跡の職人どうぐ,奇跡の職人どうぐ,craft_tool_set,24,,[],,,,,,,,,,inherit,34,,1153,ギルド素材屋,,その他,,1,"[{""count"": 24, ""item_id"": 816}, {""count"": 64, ""item_id"": 653}, {""count"": 30, ""item_id"": 545}, {""count"": 12, ""item_id"": 865}]","[[""314～320""], [""390～404""]]",,,260000,,"2026-03-17 05:20:10","2026-07-23 15:19:03"
1642,24_奇跡のフライパン,奇跡のフライパン,"Miracle Frypan",奇跡の職人どうぐ,奇跡の職人どうぐ,craft_tool_set,24,,[],,,,,,,,,,inherit,34,,1156,ギルド素材屋,,その他,,2,"[{""count"": 24, ""item_id"": 816}, {""count"": 64, ""item_id"": 845}, {""count"": 30, ""item_id"": 545}, {""count"": 12, ""item_id"": 865}]","[[""72～82"", ""110～120""], [""134～146"", ""90～96""], [""90～96"", ""72～82""], [""72～82"", ""-""]]",,,420000,,"2026-03-17 05:20:10","2026-07-23 15:19:03"
1643,24_奇跡の錬金ランプ,奇跡の錬金ランプ,"Miracle Lamp",奇跡の職人どうぐ,奇跡の職人どうぐ,craft_tool_set,24,,[],,,,,,,,,,inherit,34,,1154,ギルド素材屋,,その他,,2,"[{""count"": 24, ""item_id"": 816}, {""count"": 64, ""item_id"": 617}, {""count"": 30, ""item_id"": 545}, {""count"": 12, ""item_id"": 865}]","[[""120～132"", ""190～198""], [""190～198"", ""140～146""]]",,,250000,,"2026-03-17 05:20:10","2026-07-23 15:19:03"
1644,24_奇跡の錬金ツボ,奇跡の錬金ツボ,"Miracle Jar",奇跡の職人どうぐ,奇跡の職人どうぐ,craft_tool_set,24,,[],,,,,,,,,,inherit,34,,1155,ギルド素材屋,,その他,,2,"[{""count"": 24, ""item_id"": 816}, {""count"": 64, ""item_id"": 845}, {""count"": 30, ""item_id"": 545}, {""count"": 12, ""item_id"": 865}]","[[""70～80"", ""150～158""], [""150～158"", ""100～106""], [""100～106"", ""70～80""]]",,,250000,,"2026-03-17 05:20:10","2026-07-23 15:19:03"
1645,24_光の鍛冶ハンマー,光の鍛冶ハンマー,"Light Hammer",光の職人どうぐ,光の職人どうぐ,craft_tool_set,24,,[],,,,,,,,,,inherit,40,,,真グランゼドーラレシピ屋,,その他,,2,"[{""count"": 12, ""item_id"": 838}, {""count"": 80, ""item_id"": 596}, {""count"": 30, ""item_id"": 545}, {""count"": 20, ""item_id"": 865}]","[[""120～126"", ""180～186""], [""236～245"", ""140～149""], [""160～170"", ""-""]]",,,400000,,"2026-03-17 05:20:10","2026-07-23 15:19:03"
1646,24_光の木工刀,光の木工刀,"Light Slick",光の職人どうぐ,光の職人どうぐ,craft_tool_set,24,,[],,,,,,,,,,inherit,40,,,真グランゼドーラレシピ屋,,その他,,1,"[{""count"": 12, ""item_id"": 838}, {""count"": 80, ""item_id"": 597}, {""count"": 30, ""item_id"": 545}, {""count"": 20, ""item_id"": 865}]","[[""249～261""], [""287～293""], [""224～232""]]",,,420000,,"2026-03-17 05:20:10","2026-07-23 15:19:03"
1647,24_光のさいほう針,光のさいほう針,"Light Needle",光の職人どうぐ,光の職人どうぐ,craft_tool_set,24,,[],,,,,,,,,,inherit,40,,,真グランゼドーラレシピ屋,,その他,,1,"[{""count"": 12, ""item_id"": 838}, {""count"": 80, ""item_id"": 653}, {""count"": 30, ""item_id"": 545}, {""count"": 20, ""item_id"": 865}]","[[""460～474""], [""376～382""]]",,,250000,,"2026-03-17 05:20:10","2026-07-23 15:19:03"
1648,24_光のフライパン,光のフライパン,"Light Frypan",光の職人どうぐ,光の職人どうぐ,craft_tool_set,24,,[],,,,,,,,,,inherit,40,,,真グランゼドーラレシピ屋,,その他,,2,"[{""count"": 12, ""item_id"": 838}, {""count"": 80, ""item_id"": 594}, {""count"": 30, ""item_id"": 545}, {""count"": 20, ""item_id"": 865}]","[[""92～102"", ""110～120""], [""134～146"", ""158～164""], [""158～164"", ""92～102""], [""92～102"", ""-""]]",,,400000,,"2026-03-17 05:20:10","2026-07-23 15:19:03"
1649,24_光の錬金ランプ,光の錬金ランプ,"Light Lamp",光の職人どうぐ,光の職人どうぐ,craft_tool_set,24,,[],,,,,,,,,,inherit,40,,,真グランゼドーラレシピ屋,,その他,,2,"[{""count"": 12, ""item_id"": 838}, {""count"": 80, ""item_id"": 617}, {""count"": 30, ""item_id"": 545}, {""count"": 20, ""item_id"": 865}]","[[""205～213"", ""306～318""], [""205～213"", ""120～126""]]",,,320000,,"2026-03-17 05:20:10","2026-07-23 15:19:03"
1650,24_光の錬金ツボ,光の錬金ツボ,"Light Jar",光の職人どうぐ,光の職人どうぐ,craft_tool_set,24,,[],,,,,,,,,,inherit,40,,,真グランゼドーラレシピ屋,,その他,,2,"[{""count"": 12, ""item_id"": 838}, {""count"": 80, ""item_id"": 845}, {""count"": 30, ""item_id"": 545}, {""count"": 20, ""item_id"": 865}]","[[""100～110"", ""140～146""], [""140～146"", ""196～204""], [""160～168"", ""100～110""]]",,,320000,,"2026-03-17 05:20:10","2026-07-23 15:19:03"
1651,24_まおうの錬金ランプ,まおうの錬金ランプ,"Demon King Lamp",まおうの職人どうぐ,まおうの職人どうぐ,craft_tool_set,24,,[],,,,,,,,,,inherit,65,,錬金魔王の言い伝え,砂の都ファラザードレシピ屋,,その他,,2,"[{""count"": 10, ""item_id"": 741}, {""count"": 1, ""item_id"": 550}, {""count"": 1, ""item_id"": 708}, {""count"": 1, ""item_id"": 757}, {""count"": 3, ""item_id"": 729}]","[[""200～208"", ""250～256""], [""250～256"", ""200～208""]]",,,700000,,"2026-03-17 05:41:47","2026-07-23 15:19:03"
1652,24_あくまの錬金ツボ,あくまの錬金ツボ,"Demon Jar",まおうの職人どうぐ,まおうの職人どうぐ,craft_tool_set,24,,[],,,,,,,,,,inherit,65,,,,,その他,,2,"[{""count"": 10, ""item_id"": 741}, {""count"": 1, ""item_id"": 607}, {""count"": 1, ""item_id"": 787}, {""count"": 1, ""item_id"": 668}, {""count"": 3, ""item_id"": 729}]","[[""190～200"", ""130～136""], [""130～136"", ""190～200""], [""130～138"", ""130～138""]]",,,700000,,"2026-03-17 05:41:47","2026-07-23 15:19:03"
1653,24_虹色のオーブ,虹色のオーブ,,,,,24,,[],,,,,,,,,,inherit,35,,,,,,,2,"[{""count"": 3, ""item_id"": 880}, {""count"": 3, ""item_id"": 552}, {""count"": 3, ""item_id"": 811}, {""count"": 3, ""item_id"": 782}, {""count"": 3, ""item_id"": 639}]","[[""85-95"", ""140-148""], [""115-121"", ""140-148""], [""115-121"", ""85-95""]]",,,,,"2026-04-19 00:44:21","2026-07-23 15:19:03"
1654,24_超ようせいのひだね,超ようせいのひだね,,,,,24,,[],,,,,,,,,,inherit,60,,,,,,,2,"[{""count"": 99, ""item_id"": 545}, {""count"": 30, ""item_id"": 761}, {""count"": 50, ""item_id"": 865}]","[[""180-190"", ""250-258""], [""210-216"", ""250-258""], [""210-216"", ""145-155""]]",,,,,"2026-04-19 00:47:47","2026-07-23 15:19:03"
1655,24_超かがやきの樹液,超かがやきの樹液,,,,,24,,[],,,,,,,,,,inherit,60,,,,,,,2,"[{""count"": 99, ""item_id"": 545}, {""count"": 30, ""item_id"": 761}, {""count"": 50, ""item_id"": 610}]","[[""155-161"", ""220-230""], [""155-161"", ""220-230""], [""140-150"", ""140-150""]]",,,,,"2026-04-19 00:49:27","2026-07-23 15:19:03"
1656,24_超あまつゆのいと,超あまつゆのいと,,,,,24,,[],,,,,,,,,,inherit,65,,,,,,,2,"[{""count"": 99, ""item_id"": 545}, {""count"": 30, ""item_id"": 761}, {""count"": 50, ""item_id"": 547}]","[[""180-190"", ""245-251""], [""150-156"", ""180-190""], [""180-190"", ""245-251""]]",,,,,"2026-04-19 00:50:48","2026-07-23 15:19:03"
3313,sword_1h_135,幽紋刀,,,,,1,,"[""超はやぶさ斬りのダメージ＋１５０"", ""風属性のダメージ＋５％""]",,,293,,26,,,26,,inherit,,135,,,,武器,片手剣,1,"[{""count"": 5, ""item_id"": 759}, {""count"": 5, ""item_id"": 862}, {""count"": 30, ""item_id"": 819}, {""count"": 10, ""item_id"": 729}, {""count"": 30, ""item_id"": 1569}]","[[""500-508""], [""300-308""], [""405-413""]]",,,,16,"2026-06-24 23:34:23","2026-07-23 15:19:03"
3314,sword_2h_135,メタリオンブレード,,,,,2,,"[""全身全霊斬り系のダメージ＋５００"", ""全身全霊斬り系のチャージ時間ー１０秒""]",,,414,,24,,,,,inherit,,135,,,,武器,両手剣,2,"[{""count"": 30, ""item_id"": 1569}, {""count"": 10, ""item_id"": 693}, {""count"": 20, ""item_id"": 838}, {""count"": 2, ""item_id"": 586}, {""count"": 10, ""item_id"": 729}]",,,,,51,"2026-06-24 23:34:35","2026-07-23 15:19:03"
3315,dagger_135,スパイラルダガー,,,,,3,,"[""タナトスハント系のダメージ＋１００"", ""オナロスハントのダメージ＋５００""]",,,256,,52,55,,140,,inherit,,135,,,,武器,短剣,1,"[{""count"": 30, ""item_id"": 1569}, {""count"": 5, ""item_id"": 786}, {""count"": 5, ""item_id"": 876}, {""count"": 5, ""item_id"": 883}, {""count"": 10, ""item_id"": 729}]","[[""725-733""], [""460-468""]]",,,,12,"2026-06-24 23:37:57","2026-07-23 15:19:03"
3316,stick_135,メタリオンタクト,,,,,10,,"[""バーハ系使用時バーハ２段階"", ""ラピッドステッキのチャージ時間ー１０秒""]",7,,87,,20,,,165,238,inherit,,135,,,,武器,スティック,1,"[{""count"": 30, ""item_id"": 1571}, {""count"": 12, ""item_id"": 834}, {""count"": 14, ""item_id"": 649}, {""count"": 2, ""item_id"": 575}, {""count"": 10, ""item_id"": 726}]","[[""720""], [""280""]]",,,,8,"2026-06-24 23:40:46","2026-07-23 15:19:03"
3317,staff_2h_135,幽紋の杖,,,,,11,,"[""会心と暴走のダメージ＋１００"", ""超暴走魔法陣系の効果時間＋３０秒""]",,,89,,16,,,286,175,inherit,,135,,,,武器,両手杖,1,"[{""count"": 30, ""item_id"": 1571}, {""count"": 5, ""item_id"": 1568}, {""count"": 8, ""item_id"": 668}, {""count"": 10, ""item_id"": 833}, {""count"": 10, ""item_id"": 726}]","[[""460""], [""230""], [""370""]]",,,,,"2026-06-24 23:41:56","2026-07-23 15:19:03"
3318,spear_135,メタリオンスピア,,,,,4,,"[""一閃突き系追加ダメージ＋１００"", ""行動時１０％でバイシオン""]",,,370,,16,,,,,inherit,,135,,,,武器,ヤリ,1,"[{""count"": 30, ""item_id"": 1569}, {""count"": 10, ""item_id"": 799}, {""count"": 20, ""item_id"": 838}, {""count"": 30, ""item_id"": 595}, {""count"": 10, ""item_id"": 729}]",,,,,74,"2026-06-24 23:42:54","2026-07-23 15:19:03"
3319,axe_135,閃帝のオノ,,,,,5,,"[""大地裂断系のダメージ＋５００"", ""大地裂断系使用時ためる""]",14,,433,,16,,50,,,inherit,,135,,,,武器,オノ,2,"[{""count"": 30, ""item_id"": 1569}, {""count"": 4, ""item_id"": 1568}, {""count"": 3, ""item_id"": 550}, {""count"": 3, ""item_id"": 883}, {""count"": 10, ""item_id"": 729}]","[[""240-249"", ""100-108""], [""150-158"", ""280-289""], [""85-92"", null], [""160-168"", null]]",,,,66,"2026-06-24 23:44:00","2026-07-23 15:19:03"
3320,kon_135,メタリオンロッド,,,,,12,,"[""棍閃殺のダメージ＋５００"", ""水流のかまえ系使用時聖女の守り""]",,,369,,14,,,115,105,inherit,,135,,,,武器,棍,2,"[{""count"": 30, ""item_id"": 1571}, {""count"": 5, ""item_id"": 644}, {""count"": 6, ""item_id"": 656}, {""count"": 20, ""item_id"": 595}, {""count"": 10, ""item_id"": 726}]","[[""250"", ""150""], [""75"", ""120""], [""170"", ""220""]]",,,,18,"2026-06-24 23:45:22","2026-07-23 15:19:03"
3321,claw_135,鋼神のツメ,,,,,7,,"[""ゴッドスマッシュのダメージ＋５００"", ""ゴッドスマッシュ使用時バイシオン""]",,,186,,15,36,36,,,inherit,,135,,,,武器,ツメ,2,"[{""count"": 30, ""item_id"": 1569}, {""count"": 5, ""item_id"": 695}, {""count"": 8, ""item_id"": 703}, {""count"": 4, ""item_id"": 658}, {""count"": 10, ""item_id"": 729}]","[[""165-173"", ""420-428""], [""360-368"", ""220-228""]]",,,,12,"2026-06-24 23:46:16","2026-07-23 15:19:03"
3322,whip_135,メタリオンウィップ,,,,,8,,"[""悶絶全方打ちのダメージ＋５００"", ""悶絶全方打ちの使用時スカラ２段階""]",,,313,,15,,,105,,inherit,,135,,,,武器,ムチ,2,"[{""count"": 30, ""item_id"": 1569}, {""count"": 6, ""item_id"": 1568}, {""count"": 8, ""item_id"": 834}, {""count"": 2, ""item_id"": 581}, {""count"": 10, ""item_id"": 729}]",,,,,12,"2026-06-24 23:47:20","2026-07-23 15:19:03"
3323,fan_135,メタリオンファン,,,,,13,,"[""百花繚乱のダメージ＋５００"", ""風斬りの舞系使用時ピオラ""]",,,268,,42,,,140,95,inherit,,135,,,,武器,扇,2,"[{""count"": 30, ""item_id"": 1571}, {""count"": 10, ""item_id"": 656}, {""count"": 8, ""item_id"": 798}, {""count"": 5, ""item_id"": 668}, {""count"": 10, ""item_id"": 726}]","[[""320"", ""210""], [""180"", ""350""]]",,,,3,"2026-06-24 23:48:24","2026-07-23 15:19:03"
3324,hammer_135,コンプレシオン,,,,,6,,"[""プレートインパクトのダメージ＋５００"", ""プレートインパクトのチャージ時間ー１０秒""]",,,304,,12,,,,,inherit,,135,,,,武器,ハンマー,2,"[{""count"": 30, ""item_id"": 1569}, {""count"": 4, ""item_id"": 1568}, {""count"": 4, ""item_id"": 658}, {""count"": 10, ""item_id"": 819}, {""count"": 10, ""item_id"": 729}]",,,,,45,"2026-06-24 23:49:31","2026-07-23 15:19:03"
3325,boomerang_135,レーザーエッジ,,,,,9,,"[""レボルスライサーのダメージ＋５００"", ""レボルスライサーの成功率＋３％""]",,,282,,26,,,125,125,inherit,,135,,,,武器,ブーメラン,2,"[{""count"": 30, ""item_id"": 1569}, {""count"": 6, ""item_id"": 693}, {""count"": 8, ""item_id"": 703}, {""count"": 5, ""item_id"": 695}, {""count"": 10, ""item_id"": 729}]",,,,,9,"2026-06-24 23:50:22","2026-07-23 15:19:03"
3326,bow_135,グリームシューター,,,,,14,,"[""サンライトアローのダメージ＋１００"", ""サンライトアローのチャージ時間ー１０秒""]",,,331,,11,,,115,115,inherit,,135,,,,武器,弓,2,"[{""count"": 30, ""item_id"": 1571}, {""count"": 10, ""item_id"": 745}, {""count"": 8, ""item_id"": 656}, {""count"": 6, ""item_id"": 883}, {""count"": 10, ""item_id"": 726}]","[[""125"", ""195""], [""195"", null], [""125"", ""195""]]",,,,15,"2026-06-24 23:51:20","2026-07-23 15:19:03"
3327,scythe_135,メタリオンサイズ,,,,,15,,"[""根絶やしの重撃のダメージ＋５００"", ""根絶やしの重撃のチャージ時間ー１０秒""]",,,321,,13,,,140,115,inherit,,135,,,,武器,鎌,2,"[{""count"": 30, ""item_id"": 1569}, {""count"": 16, ""item_id"": 834}, {""count"": 12, ""item_id"": 649}, {""count"": 30, ""item_id"": 838}, {""count"": 10, ""item_id"": 729}]",,,,,47,"2026-06-24 23:52:11","2026-07-23 15:19:03"
3328,shield_large_135,メタリオンシールド,,,,,17,,"[""ちからの盾系使用時天光の護り"", ""ちからの盾の時間が１５秒増加""]",26,,,97,11,,,,,inherit,,135,,,,盾,盾,2,"[{""count"": 30, ""item_id"": 1569}, {""count"": 8, ""item_id"": 693}, {""count"": 20, ""item_id"": 838}, {""count"": 8, ""item_id"": 649}, {""count"": 10, ""item_id"": 729}]",,,,,50,"2026-06-24 23:53:10","2026-07-23 15:19:03"
3329,shield_small_135,メタリオンガード,,,,,16,,"[""アイギスの盾系系使用時魔結界２段階"", ""ファランクス系使用時スカラ２段階""]",7,,,30,13,,,,,inherit,,135,,,,盾,盾,2,"[{""count"": 30, ""item_id"": 1569}, {""count"": 13, ""item_id"": 834}, {""count"": 20, ""item_id"": 838}, {""count"": 12, ""item_id"": 703}, {""count"": 10, ""item_id"": 729}]",,,,,21,"2026-06-24 23:54:22","2026-07-23 15:19:03"
3330,24_ごうかなラグ小・緑,ごうかなラグ小・緑,,ラグ,ラグ,craft_tool_set,26,再生布,[],,,,,,,,,,inherit,30,,,,,,裁縫腕,3,"[{""count"": 10, ""item_id"": 844}, {""count"": 10, ""item_id"": 559}, {""count"": 1, ""item_id"": 547}]","[[""45"", ""30"", ""60""], [""45"", ""30"", ""60""]]",,,,,"2026-07-26 09:22:22","2026-07-26 09:35:06"
3331,24_ごうかなラグ中・緑,ごうかなラグ中・緑,,ラグ,ラグ,craft_tool_set,26,再生布,[],,,,,,,,,,inherit,18,,,,,,裁縫腕,3,"[{""count"": 15, ""item_id"": 844}, {""count"": 15, ""item_id"": 559}, {""count"": 1, ""item_id"": 547}]","[[""60"", ""30"", ""60""], [""60"", ""30"", ""60""]]",,,,,"2026-07-26 09:22:59","2026-07-26 09:35:39"
3332,26_ごうかなラグ大・緑,ごうかなラグ大・緑,,ラグ,ラグ,craft_tool_set,26,再生布,[],,,,,,,,,,inherit,20,,,,,,裁縫腕,3,"[{""count"": 20, ""item_id"": 559}, {""count"": 20, ""item_id"": 844}, {""count"": 1, ""item_id"": 547}]","[[""65"", ""35"", ""65""], [""65"", ""35"", ""65""]]",,,,,"2026-07-26 09:30:20","2026-07-26 09:36:13"
3333,26_チェスボードラグ・黒,チェスボードラグ・黒,,ラグ,ラグ,craft_tool_set,26,再生布,[],,,,,,,,,,inherit,16,,,,,,裁縫腕,3,"[{""count"": 3, ""item_id"": 547}, {""count"": 4, ""item_id"": 861}, {""count"": 4, ""item_id"": 868}, {""count"": 10, ""item_id"": 545}]","[[""100"", ""75"", ""100""], [""100"", ""75"", ""100""]]",,,,,"2026-07-26 09:31:21","2026-07-26 09:40:32"
3334,26_音符のラグ・黒,音符のラグ・黒,,ラグ,ラグ,craft_tool_set,26,再生布,[],,,,,,,,,,inherit,21,,,,,,裁縫腕,3,"[{""count"": 15, ""item_id"": 762}, {""count"": 10, ""item_id"": 664}, {""count"": 5, ""item_id"": 547}]","[[""60"", ""45"", ""60""], [""60"", ""45"", ""60""]]",,,,,"2026-07-26 09:40:50","2026-07-26 09:42:07"
3335,26_サクランボのラグ,サクランボのラグ,,ラグ,ラグ,craft_tool_set,26,虹布,[],,,,,,,,,,inherit,25,,,,,,裁縫腕,3,"[{""count"": 16, ""item_id"": 609}, {""count"": 5, ""item_id"": 884}, {""count"": 5, ""item_id"": 547}]","[[""95"", ""60"", ""95""], [""95"", ""60"", ""95""]]",,,,,"2026-07-26 09:43:06","2026-07-26 09:44:10"
3336,26_エンドウマメのラグ,エンドウマメのラグ,,ラグ,ラグ,craft_tool_set,26,再生布,[],,,,,,,,,,inherit,25,,,,,,裁縫腕,3,"[{""count"": 16, ""item_id"": 609}, {""count"": 5, ""item_id"": 884}, {""count"": 5, ""item_id"": 547}]","[[""75"", ""55"", ""75""], [""95"", ""55"", ""95""]]",,,,,"2026-07-26 09:44:22","2026-07-26 09:45:11"
3337,26_星空のラグ・紫,星空のラグ・紫,,ラグ,ラグ,craft_tool_set,26,,[],,,,,,,,,,inherit,25,,,,,,裁縫腕,3,"[{""count"": 2, ""item_id"": 868}, {""count"": 10, ""item_id"": 821}, {""count"": 5, ""item_id"": 547}]","[[""80"", ""70"", ""100""], [""80"", ""70"", ""100""]]",,,,,"2026-07-26 09:45:32","2026-07-26 09:46:19"
3338,26_黒曜のカーペット,黒曜のカーペット,,ラグ,ラグ,craft_tool_set,26,再生布,[],,,,,,,,,,inherit,30,,,,,,裁縫腕,3,"[{""count"": 16, ""item_id"": 867}, {""count"": 1, ""item_id"": 868}, {""count"": 3, ""item_id"": 547}, {""count"": 10, ""item_id"": 545}]","[[""80"", ""115"", ""80""], [""80"", ""115"", ""80""]]",,,,,"2026-07-26 09:46:36","2026-07-26 09:47:28"
3339,26_ドラキーラグ,ドラキーラグ,,ラグ,ラグ,craft_tool_set,26,虹布,[],,,,,,,,,,inherit,31,,,,,,裁縫腕,3,"[{""count"": 30, ""item_id"": 651}, {""count"": 2, ""item_id"": 868}, {""count"": 4, ""item_id"": 547}, {""count"": 20, ""item_id"": 545}]","[[""80"", ""70"", ""80""], [""125"", ""70"", ""125""]]",,,,,"2026-07-26 09:47:45","2026-07-26 09:48:43"
3340,26_モーモンラグ,モーモンラグ,,ラグ,ラグ,craft_tool_set,26,再生布,[],,,,,,,,,,inherit,32,,,,,,裁縫腕,3,"[{""count"": 30, ""item_id"": 800}, {""count"": 10, ""item_id"": 867}, {""count"": 4, ""item_id"": 547}, {""count"": 20, ""item_id"": 545}]","[[""120"", ""70"", ""120""], [""85"", ""70"", ""85""]]",,,,,"2026-07-26 09:48:59","2026-07-26 09:49:53"
3341,26_ピンクモーモンラグ,ピンクモーモンラグ,,ラグ,ラグ,craft_tool_set,26,虹布,[],,,,,,,,,,inherit,32,,,,,,裁縫腕,3,"[{""count"": 30, ""item_id"": 800}, {""count"": 10, ""item_id"": 666}, {""count"": 5, ""item_id"": 547}, {""count"": 20, ""item_id"": 545}]","[[""125"", ""60"", ""125""], [""90"", ""60"", ""90""]]",,,,,"2026-07-26 09:50:08","2026-07-26 09:51:01"
3342,26_スライムのカーペット,スライムのカーペット,,ラグ,ラグ,craft_tool_set,26,再生布,[],,,,,,,,,,inherit,33,,,,,,裁縫腕,3,"[{""count"": 30, ""item_id"": 697}, {""count"": 10, ""item_id"": 696}, {""count"": 5, ""item_id"": 547}, {""count"": 20, ""item_id"": 545}]","[[""50"", ""80"", ""50""], [""120"", ""130"", ""120""]]",,,,,"2026-07-26 09:51:17","2026-07-26 09:52:11"
3343,26_パッチ柄ラグ・桃,パッチ柄ラグ・桃,,ラグ,ラグ,craft_tool_set,26,,[],,,,,,,,,,inherit,33,,,,,,裁縫腕,3,"[{""count"": 30, ""item_id"": 800}, {""count"": 30, ""item_id"": 762}, {""count"": 6, ""item_id"": 547}, {""count"": 25, ""item_id"": 545}]","[[""110"", ""80"", ""110""], [""110"", ""80"", ""110""]]",,,,,"2026-07-26 09:52:33","2026-07-26 09:53:37"
3344,26_水晶のカーペット,水晶のカーペット,,ラグ,ラグ,craft_tool_set,26,虹布,[],,,,,,,,,,inherit,35,,,,,,裁縫腕,3,"[{""count"": 16, ""item_id"": 609}, {""count"": 16, ""item_id"": 773}, {""count"": 5, ""item_id"": 547}]","[[""124"", ""90"", ""160""], [""124"", ""90"", ""160""]]",,,,,"2026-07-26 09:53:53","2026-07-26 09:54:57"
3345,26_色飾りタイル柄のラグ,色飾りタイル柄のラグ,,ラグ,ラグ,craft_tool_set,26,再生布,[],,,,,,,,,,inherit,35,,,,,,裁縫腕,3,"[{""count"": 20, ""item_id"": 609}, {""count"": 20, ""item_id"": 762}, {""count"": 5, ""item_id"": 547}, {""count"": 20, ""item_id"": 545}]","[[""120"", ""90"", ""120""], [""130"", ""90"", ""130""]]",,,,,"2026-07-26 09:55:18","2026-07-26 09:56:33"
3346,26_チェックのラグ・赤,チェックのラグ・赤,,ラグ,ラグ,craft_tool_set,26,,[],,,,,,,,,,inherit,35,,,,,,裁縫腕,3,"[{""count"": 20, ""item_id"": 609}, {""count"": 10, ""item_id"": 807}, {""count"": 5, ""item_id"": 547}, {""count"": 20, ""item_id"": 545}]","[[""115"", ""95"", ""130""], [""130"", ""95"", ""115""]]",,,,,"2026-07-26 09:56:57","2026-07-26 09:58:00"
3347,26_ふわふわ雲のラグ,ふわふわ雲のラグ,,ラグ,ラグ,craft_tool_set,26,虹布,[],,,,,,,,,,inherit,25,,,,,,裁縫腕,3,"[{""count"": 2, ""item_id"": 861}, {""count"": 10, ""item_id"": 627}, {""count"": 5, ""item_id"": 547}]","[[""90"", ""70"", ""90""], [""90"", ""70"", ""90""]]",,,,,"2026-07-26 09:58:15","2026-07-26 09:59:07"
3348,"26_オーガの 人形・男","オーガの 人形・男",,ぬいぐるみ,ぬいぐるみ,crafttool_set,26,再生布,[],,,,,,,,,,inherit,30,,,,,,裁縫上,3,"[{""count"": 30, ""item_id"": 683}, {""count"": 10, ""item_id"": 599}, {""count"": 4, ""item_id"": 547}, {""count"": 30, ""item_id"": 545}]","[[""-"", ""100"", ""-""], [""75"", ""50"", ""75""], [""75"", ""100"", ""75""]]",,,,,"2026-07-26 10:00:34","2026-07-26 10:56:36"
3349,26_オーガ人形・女,オーガ人形・女,,ぬいぐるみ,ぬいぐるみ,crafttool_set,26,再生布,[],,,,,,,,,,inherit,30,,,,,,裁縫上,3,"[{""count"": 30, ""item_id"": 683}, {""count"": 10, ""item_id"": 599}, {""count"": 4, ""item_id"": 547}, {""count"": 30, ""item_id"": 545}]","[[""-"", ""110"", ""-""], [""70"", ""50"", ""70""], [""70"", ""110"", ""70""]]",,,,,"2026-07-26 10:03:50","2026-07-26 10:56:37"
3350,26_ウェディ人形・男,ウェディ人形・男,,ぬいぐるみ,ぬいぐるみ,crafttool_set,26,虹布,[],,,,,,,,,,inherit,30,,,,,,,3,"[{""count"": 30, ""item_id"": 683}, {""count"": 10, ""item_id"": 555}, {""count"": 4, ""item_id"": 547}, {""count"": 30, ""item_id"": 545}]","[[""-"", ""100"", ""-""], [""90"", ""50"", ""90""], [""70"", ""80"", ""70""]]",,,,,"2026-07-26 10:05:16","2026-07-26 11:02:02"
3351,26_ウェディ人形・女,ウェディ人形・女,,ぬいぐるみ,ぬいぐるみ,craft_tool_set,26,虹布,[],,,,,,,,,,inherit,30,,,,,,裁縫上,3,"[{""count"": 30, ""item_id"": 683}, {""count"": 10, ""item_id"": 555}, {""count"": 4, ""item_id"": 547}, {""count"": 30, ""item_id"": 545}]","[[""-"", ""110"", ""-""], [""85"", ""50"", ""85""], [""70"", ""80"", ""70""]]",,,,,"2026-07-26 10:06:26","2026-07-26 11:03:14"
3352,26_エルフ人形・男,エルフ人形・男,,ぬいぐるみ,ぬいぐるみ,crafttool_set,26,虹布,[],,,,,,,,,,inherit,30,,,,,,裁縫上,3,"[{""count"": 30, ""item_id"": 683}, {""count"": 10, ""item_id"": 561}, {""count"": 4, ""item_id"": 547}, {""count"": 30, ""item_id"": 545}]","[[""-"", ""100"", ""-""], [""70"", ""80"", ""70""], [""70"", ""90"", ""70""]]",,,,,"2026-07-26 10:07:46","2026-07-26 10:56:35"
3353,26_エルフ人形・女,エルフ人形・女,,ぬいぐるみ,ぬいぐるみ,crafttool_set,26,虹布,[],,,,,,,,,,inherit,30,,,,,,裁縫上,3,"[{""count"": 30, ""item_id"": 683}, {""count"": 10, ""item_id"": 561}, {""count"": 4, ""item_id"": 547}, {""count"": 30, ""item_id"": 545}]","[[""-"", ""120"", ""-""], [""65"", ""90"", ""65""], [""65"", ""80"", ""65""]]",,,,,"2026-07-26 10:33:05","2026-07-26 10:56:34"
3354,26_プクリポの人形・男,プクリポの人形・男,,ぬいぐるみ,ぬいぐるみ,crafttool_set,26,虹布,[],,,,,,,,,,inherit,30,,,,,,裁縫上,3,"[{""count"": 30, ""item_id"": 683}, {""count"": 10, ""item_id"": 815}, {""count"": 4, ""item_id"": 547}, {""count"": 30, ""item_id"": 545}]","[[""-"", ""140"", ""-""], [""70"", ""50"", ""70""], [""70"", ""80"", ""70""]]",,,,,"2026-07-26 10:34:05","2026-07-26 10:56:41"
3355,26_プクリポの人形・女,プクリポの人形・女,,ぬいぐるみ,ぬいぐるみ,crafttool_set,26,虹布,[],,,,,,,,,,inherit,30,,,,,,裁縫上,3,"[{""count"": 30, ""item_id"": 683}, {""count"": 10, ""item_id"": 815}, {""count"": 4, ""item_id"": 547}, {""count"": 30, ""item_id"": 545}]","[[""-"", ""140"", ""-""], [""75"", ""50"", ""75""], [""75"", ""60"", ""75""]]",,,,,"2026-07-26 10:35:33","2026-07-26 10:56:40"
3356,26_ドワーフの人形・男,ドワーフの人形・男,,ぬいぐるみ,ぬいぐるみ,crafttool_set,26,再生布,[],,,,,,,,,,inherit,30,,,,,,裁縫上,3,"[{""count"": 30, ""item_id"": 683}, {""count"": 10, ""item_id"": 755}, {""count"": 4, ""item_id"": 547}, {""count"": 30, ""item_id"": 545}]","[[""-"", ""160"", ""-""], [""65"", ""65"", ""65""], [""65"", ""65"", ""65""]]",,,,,"2026-07-26 10:42:58","2026-07-26 10:56:39"
3357,26_ドワーフの人形・女,ドワーフの人形・女,,ぬいぐるみ,ぬいぐるみ,crafttool_set,26,再生布,[],,,,,,,,,,inherit,30,,,,,,裁縫上,3,"[{""count"": 30, ""item_id"": 683}, {""count"": 10, ""item_id"": 755}, {""count"": 4, ""item_id"": 547}, {""count"": 30, ""item_id"": 545}]","[[""-"", ""160"", ""-""], [""70"", ""55"", ""70""], [""70"", ""55"", ""70""]]",,,,,"2026-07-26 10:44:19","2026-07-26 10:56:38"
3358,26_竜族の人形・男,竜族の人形・男,,ぬいぐるみ,ぬいぐるみ,crafttool_set,26,再生布,[],,,,,,,,,,inherit,30,,,,,,裁縫上,3,"[{""count"": 10, ""item_id"": 754}, {""count"": 30, ""item_id"": 683}, {""count"": 4, ""item_id"": 547}]","[[""-"", ""130"", ""-""], [""90"", ""60"", ""90""], [""60"", ""60"", ""60""]]",,,,,"2026-07-26 10:47:36","2026-07-26 10:56:43"
3359,26_竜族の人形・女,竜族の人形・女,,ぬいぐるみ,ぬいぐるみ,crafttool_set,26,再生布,[],,,,,,,,,,inherit,30,,,,,,裁縫上,3,"[{""count"": 10, ""item_id"": 754}, {""count"": 30, ""item_id"": 683}, {""count"": 4, ""item_id"": 547}]","[[""-"", ""100"", ""-""], [""75"", ""75"", ""75""], [""75"", ""75"", ""75""]]",,,,,"2026-07-26 10:49:55","2026-07-26 10:56:42"
3360,24_ぎんのルアー,ぎんのルアー,,ルアー,ルアー,craft_tool_set,24,,[],,,,,,,,,,inherit,21,,,,,,裁縫足,2,"[{""count"": 3, ""item_id"": 633}, {""count"": 3, ""item_id"": 800}, {""count"": 5, ""item_id"": 864}]","[[""130～138"", ""103～113""], [""130～138"", ""-""]]",,,,,"2026-07-26 11:40:50","2026-07-26 11:43:27"
3361,24_プラチナルアー,プラチナルアー,,ルアー,ルアー,craft_tool_set,24,,[],,,,,,,,,,inherit,28,,,,,,裁縫足,2,"[{""count"": 5, ""item_id"": 816}, {""count"": 5, ""item_id"": 651}, {""count"": 1, ""item_id"": 545}, {""count"": 1, ""item_id"": 865}]","[[""160～170"", ""160～170""], [""120～126"", ""-""]]",,,,,"2026-07-26 11:43:40","2026-07-26 11:47:23"
3362,26_マデュライトルアー,マデュライトルアー,,ルアー,ルアー,craft_tool_set,26,,[],,,,,,,,,,inherit,30,,,,,,裁縫足,2,"[{""count"": 7, ""item_id"": 838}, {""count"": 7, ""item_id"": 762}, {""count"": 2, ""item_id"": 545}, {""count"": 2, ""item_id"": 865}]","[[""148～154"", ""220～230""], [""220～230"", ""-""]]",,,,,"2026-07-26 11:44:34","2026-07-26 11:47:39"
3363,24_トゲトゲルアー,トゲトゲルアー,,ルアー,ルアー,craft_tool_set,24,,[],,,,,,,,,,inherit,32,,,,,,裁縫足,2,"[{""count"": 1, ""item_id"": 856}, {""count"": 24, ""item_id"": 746}, {""count"": 4, ""item_id"": 678}, {""count"": 4, ""item_id"": 545}, {""count"": 4, ""item_id"": 865}]","[[""180～190"", ""180～190""], [""256～262"", ""-""]]",,,,,"2026-07-26 11:45:59","2026-07-26 11:46:51"
3364,24_天使のルアー,天使のルアー,,ルアー,ルアー,craft_tool_set,24,,[],,,,,,,,,,inherit,32,,,,,,裁縫足,2,"[{""count"": 1, ""item_id"": 856}, {""count"": 24, ""item_id"": 697}, {""count"": 4, ""item_id"": 678}, {""count"": 4, ""item_id"": 545}, {""count"": 4, ""item_id"": 865}]","[[""160～166"", ""180～188""], [""220～232"", ""-""]]",,,,,"2026-07-26 11:48:02","2026-07-26 11:48:56"
3365,27_じょうぶな釣りざお,じょうぶな釣りざお,,釣りざお,釣りざお,craft_tool_set,27,,[],,,,,,,,,,inherit,21,,,,,,棍,2,"[{""count"": 4, ""item_id"": 694}, {""count"": 4, ""item_id"": 818}, {""count"": 5, ""item_id"": 864}]","[[""-"", ""75""], [""60"", ""75""], [""60"", ""75""]]",,,,,"2026-07-26 11:52:26","2026-07-26 11:54:15"
3366,27_きれいな釣りざお,きれいな釣りざお,,釣りざお,釣りざお,craft_tool_set,27,,[],,,,,,,,,,inherit,28,,,,,,棍,2,"[{""count"": 6, ""item_id"": 628}, {""count"": 6, ""item_id"": 728}, {""count"": 1, ""item_id"": 545}, {""count"": 1, ""item_id"": 610}]","[[""-"", ""90""], [""101"", ""90""], [""60"", ""90""]]",,,,,"2026-07-26 11:54:28","2026-07-26 11:57:32"
3367,tsurizao_10,炎の釣りざお,,釣りざお,釣りざお,craft_tool_set,27,,[],,,,,,,,,,inherit,30,10,,,,,棍,2,"[{""count"": 8, ""item_id"": 823}, {""count"": 8, ""item_id"": 863}, {""count"": 1, ""item_id"": 678}, {""count"": 2, ""item_id"": 545}, {""count"": 2, ""item_id"": 610}]","[[""-"", ""125""], [""100"", ""125""], [""100"", ""100""]]",,,,,"2026-07-26 11:55:51","2026-07-26 11:56:48"
3368,27_氷の釣りざお,氷の釣りざお,,釣りざお,釣りざお,craft_tool_set,27,,[],,,,,,,,,,inherit,30,,,,,,棍,2,"[{""count"": 8, ""item_id"": 653}, {""count"": 8, ""item_id"": 652}, {""count"": 1, ""item_id"": 678}, {""count"": 2, ""item_id"": 545}, {""count"": 2, ""item_id"": 610}]","[[""-"", ""60""], [""100"", ""120""], [""120"", ""100""]]",,,,,"2026-07-26 11:57:47","2026-07-26 11:58:42"
3369,tsurizao_10_2,闇の釣りざお,,釣りざお,釣りざお,craft_tool_set,27,,[],,,,,,,,,,inherit,30,10,,,,,棍,2,"[{""count"": 8, ""item_id"": 549}, {""count"": 8, ""item_id"": 867}, {""count"": 1, ""item_id"": 678}, {""count"": 2, ""item_id"": 545}, {""count"": 2, ""item_id"": 610}]","[[""-"", ""90""], [""110"", ""110""], [""90"", ""90""]]",,,,,"2026-07-26 11:59:36","2026-07-26 12:00:22"
3370,tsurizao_15,炎の釣りざお改,,釣りざお,釣りざお,craft_tool_set,27,,[],,,,,,,,,,inherit,32,15,,,,,棍,2,"[{""count"": 24, ""item_id"": 823}, {""count"": 1, ""item_id"": 761}, {""count"": 4, ""item_id"": 678}, {""count"": 4, ""item_id"": 545}, {""count"": 4, ""item_id"": 610}]","[[""-"", ""157""], [""90"", ""90""], [""157"", ""90""]]",,,,,"2026-07-26 12:00:47","2026-07-26 12:01:50"
3371,tsurizao_15_2,氷の釣りざお改,,釣りざお,釣りざお,craft_tool_set,27,,[],,,,,,,,,,inherit,32,15,,,,,棍,2,"[{""count"": 24, ""item_id"": 653}, {""count"": 1, ""item_id"": 761}, {""count"": 4, ""item_id"": 678}, {""count"": 4, ""item_id"": 545}, {""count"": 4, ""item_id"": 610}]","[[""-"", ""90""], [""110"", ""90""], [""150"", ""90""]]",,,,,"2026-07-26 12:02:07","2026-07-26 12:05:15"
3372,tsurizao_15_3,闇の釣りざお改,,釣りざお,釣りざお,craft_tool_set,27,,[],,,,,,,,,,inherit,32,15,,,,,棍,2,"[{""count"": 24, ""item_id"": 549}, {""count"": 1, ""item_id"": 761}, {""count"": 4, ""item_id"": 678}, {""count"": 4, ""item_id"": 545}, {""count"": 4, ""item_id"": 610}]","[[""-"", ""105""], [""105"", ""105""], [""105"", ""99""]]",,,,,"2026-07-26 12:02:55","2026-07-26 12:03:35"
3373,tsurizao_15_4,きせきの釣りざお,,釣りざお,釣りざお,craft_tool_set,27,,[],,,,,,,,,,inherit,32,15,,,,,棍,2,"[{""count"": 1, ""item_id"": 656}, {""count"": 1, ""item_id"": 761}, {""count"": 4, ""item_id"": 678}, {""count"": 4, ""item_id"": 545}, {""count"": 4, ""item_id"": 610}]","[[""-"", ""105""], [""100"", ""115""], [""115"", ""105""]]",,,,,"2026-07-26 12:03:50","2026-07-26 12:04:37"
