id,name,name_kana,name_en,buy_price,sell_price,category,created_at,updated_at
1,アイスバー,あいすばー,"Ice Pop",,,consumable,"2026-03-12 12:52:25","2026-07-26 16:57:28"
2,愛のチョコレート,あいのちょこれーと,"Affection Chocolate",,,consumable,"2026-03-12 12:52:25","2026-07-26 16:57:28"
3,愛のマカロン,あいのまかろん,"Love Macaron",,,consumable,"2026-03-12 12:52:25","2026-07-26 16:57:28"
4,悪霊の神々カード,あくりょうのかみがみかーど,"Evil Trinity Card",,,consumable,"2026-03-12 12:52:25","2026-07-26 16:57:28"
5,悪霊の神々強カード,あくりょうのかみがみきょうかーど,"Apex Evil Trinity Card",,,consumable,"2026-03-12 12:52:25","2026-07-26 16:57:28"
6,悪霊の神々強メダル,あくりょうのかみがみきょうめだる,"Apex Evil Trinity Medal",,,consumable,"2026-03-12 12:52:25","2026-07-26 16:57:28"
7,悪霊の神々コイン,あくりょうのかみがみこいん,"Evil Trinity Coin",,,consumable,"2026-03-12 12:52:25","2026-07-26 16:57:28"
8,悪霊の神々練習札,あくりょうのかみがみれんしゅうふだ,"Evil Trinity Tag",,,consumable,"2026-03-12 12:52:25","2026-07-26 16:57:28"
9,アクロバットケーキ,あくろばっとけーき,"Acrobatic Cake",,,consumable,"2026-03-12 12:52:25","2026-07-26 16:57:28"
10,アスフェルド光章,あすふぇるどこうしょう,"Asfeld Medal",,,consumable,"2026-03-12 12:52:25","2026-07-26 16:57:28"
11,アスフェルド大光章,あすふぇるどだいこうしょう,"Large Asfeld Medal",,,consumable,"2026-03-12 12:52:25","2026-07-26 16:57:28"
12,アトラスカード,あとらすかーど,"Atlas Card",,,consumable,"2026-03-12 12:52:25","2026-07-26 16:57:28"
13,アトラス強カード,あとらすきょうかーど,"Apex Atlas Card",,,consumable,"2026-03-12 12:52:25","2026-07-26 16:57:28"
14,アトラス強メダル,あとらすきょうめだる,"Apex Atlas Medal",,,consumable,"2026-03-12 12:52:25","2026-07-26 16:57:28"
15,アトラスコイン,あとらすこいん,"Atlas Coin",,,consumable,"2026-03-12 12:52:25","2026-07-26 16:57:28"
16,アトラス練習札,あとらすれんしゅうふだ,"Atlas Tag",,,consumable,"2026-03-12 12:52:25","2026-07-26 16:57:28"
17,アナザーハートの箱,あなざーはーとのはこ,"Another Heart Box",,,consumable,"2026-03-12 12:52:25","2026-07-26 16:57:28"
18,甘味のモト,あまみのもと,"Sweet Powder",,,consumable,"2026-03-12 12:52:25","2026-07-26 16:57:28"
19,アマリリスの笑顔,あまりりすのえがお,"Amaryllis' Smile",,,consumable,"2026-03-12 12:52:25","2026-07-26 16:57:28"
20,アモールの水,あもーるのみず,"Amor Seco Essence",,,consumable,"2026-03-12 12:52:25","2026-07-26 16:57:28"
21,暗黒の魔人カード,あんこくのまじんかーど,"Ruin Card",,,consumable,"2026-03-12 12:52:25","2026-07-26 16:57:28"
22,暗黒の魔人コイン,あんこくのまじんこいん,"Ruin Coin",,,consumable,"2026-03-12 12:52:25","2026-07-26 16:57:28"
23,暗黒の魔人強カード,あんこくのまじんきょうかーど,"Apex Ruin Card",,,consumable,"2026-03-12 12:52:25","2026-07-26 16:57:28"
24,暗黒の魔人強メダル,あんこくのまじんきょうめだる,"Apex Ruin Medal",,,consumable,"2026-03-12 12:52:25","2026-07-26 16:57:28"
25,暗黒の魔人練習札,あんこくのまじんれんしゅうふだ,"Ruin Tag",,,consumable,"2026-03-12 12:52:25","2026-07-26 16:57:28"
26,アンチイエローバー,あんちいえろーばー,"Anti-Yellow Bar",,,consumable,"2026-03-12 12:52:25","2026-07-26 16:57:28"
27,アンドレアルカード,あんどれあるかーど,"Rashaverak Card",,,consumable,"2026-03-12 12:52:25","2026-07-26 16:57:28"
28,アンドレアルコイン,あんどれあるこいん,"Rashaverak Coin",,,consumable,"2026-03-12 12:52:25","2026-07-26 16:57:28"
29,アンドレアル練習札,あんどれあるれんしゅうふだ,"Rashaverak Tag",,,consumable,"2026-03-12 12:52:25","2026-07-26 16:57:28"
30,アーマービスケ,あーまーびすけ,"Armor Biscuit",,,consumable,"2026-03-12 12:52:25","2026-07-26 16:57:28"
31,いちばん星の贈り物,いちばんぼしのおくりもの,"First Star's Gift",,,consumable,"2026-03-12 12:52:25","2026-07-26 16:57:28"
32,いのちのきのみ,いのちのきのみ,"Seed of Life",,,consumable,"2026-03-12 12:52:25","2026-07-26 16:57:28"
33,いやしそう,いやしそう,"Superior Medicine",,,consumable,"2026-03-12 12:52:25","2026-07-26 16:57:28"
35,色見本,いろみほん,"Color Sample",,,consumable,"2026-03-12 12:52:25","2026-07-26 16:57:28"
36,ウォールビスケ,うぉーるびすけ,"Wall Biscuit",,,consumable,"2026-03-12 12:52:25","2026-07-26 16:57:28"
37,うつくしそう,うつくしそう,"Pretty Betsy",,,consumable,"2026-03-12 12:52:25","2026-07-26 16:57:28"
38,うつしよの極箱,うつしよのきょくばこ,"Very Worldly Box",,,consumable,"2026-03-12 12:52:25","2026-07-26 16:57:28"
39,うつしよの金箱,うつしよのきんばこ,"Worldly Gold Box",,,consumable,"2026-03-12 12:52:25","2026-07-26 16:57:28"
40,うつしよの銀箱,うつしよのぎんばこ,"Worldly Silver Box",,,consumable,"2026-03-12 12:52:25","2026-07-26 16:57:28"
41,うつしよの天箱,うつしよのてんばこ,"Worldly Sky Box",,,consumable,"2026-03-12 12:52:25","2026-07-26 16:57:28"
42,うつしよの銅箱,うつしよのどうばこ,"Worldly Bronze Box",,,consumable,"2026-03-12 12:52:25","2026-07-26 16:57:28"
43,うつしよの竜箱,うつしよのりゅうばこ,"Worldly Dragon Box",,,consumable,"2026-03-12 12:52:25","2026-07-26 16:57:28"
44,うつしよの闇箱,うつしよのやみばこ,"Worldly Dark Box",,,consumable,"2026-03-12 12:52:25","2026-07-26 16:57:28"
45,裏ショコラチケット,うらしょこらちけっと,"Chocolate Ticket Back",,,consumable,"2026-03-12 12:52:25","2026-07-26 16:57:28"
46,ウルベア金貨,うるべあきんか,"Urbea Gold Coin",,,consumable,"2026-03-12 12:52:25","2026-07-26 16:57:28"
47,ウルベア銀貨,うるべあぎんか,"Urbea Silver Coin",,,consumable,"2026-03-12 12:52:25","2026-07-26 16:57:28"
48,ウルベア銅貨,うるべあどうか,"Urbea Copper Coin",,,consumable,"2026-03-12 12:52:25","2026-07-26 16:57:28"
49,運動会・赤組衣装券,うんどうかい・あかぐみいしょうけん,"Red Team Voucher",,,consumable,"2026-03-12 12:52:25","2026-07-26 16:57:28"
50,運動会・白組衣装券,うんどうかい・しろぐみいしょうけん,"White Team Voucher",,,consumable,"2026-03-12 12:52:25","2026-07-26 16:57:28"
51,エテーネルスープ,えてーねるすーぷ,"Ethenel Soup",,,consumable,"2026-03-12 12:52:25","2026-07-26 16:57:28"
52,絵葉書用便せん,えはがきようびんせん,"Postcard Paper",,,consumable,"2026-03-12 12:52:25","2026-07-26 16:57:28"
53,エビルプリーストカード,えびるぷりーすとかーど,"Aamon Card",,,consumable,"2026-03-12 12:52:25","2026-07-26 16:57:28"
54,エビルプリーストコイン,えびるぷりーすとこいん,"Aamon Coin",,,consumable,"2026-03-12 12:52:25","2026-07-26 16:57:28"
55,エビルプリーストメダル,えびるぷりーすとめだる,"Aamon Medal",,,consumable,"2026-03-12 12:52:25","2026-07-26 16:57:28"
56,エビルプリースト練習札,えびるぷりーすとれんしゅうふだ,"Aamon Tag",,,consumable,"2026-03-12 12:52:25","2026-07-26 16:57:28"
57,エレガントココア,えれがんとここあ,"Elegant Cocoa",,,consumable,"2026-03-12 12:52:25","2026-07-26 16:57:28"
58,エルフの飲み薬,えるふののみやく,"Elfin Elixir",,,consumable,"2026-03-12 12:52:25","2026-07-26 16:57:28"
59,お祝いクラッカー,おいわいくらっかー,"Celebration Popper",,,consumable,"2026-03-12 12:52:25","2026-07-26 16:57:28"
60,黄金のアンクの箱,おうごんのあんくのはこ,"Golden Ankh Box",,,consumable,"2026-03-12 12:52:25","2026-07-26 16:57:28"
61,黄金の花びら,おうごんのはなびら,"Golden Petal",,,consumable,"2026-03-12 12:52:25","2026-07-26 16:57:28"
62,黄金のブローチの箱,おうごんのぶろーちのはこ,"Golden Brooch Box",,,consumable,"2026-03-12 12:52:25","2026-07-26 16:57:28"
63,王都の桜もち,おうとのさくらもち,"Royal Cherry Mochi",,,consumable,"2026-03-12 12:52:25","2026-07-26 16:57:28"
64,お正月の絵馬,おしょうがつのえま,"New Year Ema",,,consumable,"2026-03-12 12:52:25","2026-07-26 16:57:28"
65,おたからさがしのすず,おたからさがしのすず,"Treasure Eye Land Bell",,,consumable,"2026-03-12 12:52:25","2026-07-26 16:57:28"
66,おたから花,おたからはな,Treasurebloom,,,consumable,"2026-03-12 12:52:25","2026-07-26 16:57:28"
67,おたのしみギュッと箱,おたのしみぎゅっとはこ,"Pleasure Arm Doll Box",,,consumable,"2026-03-12 12:52:25","2026-07-26 16:57:28"
68,お花の福袋,おはなのふくぶくろ,"Flower Grab Bag",,,consumable,"2026-03-12 12:52:25","2026-07-26 16:57:28"
69,お招きのつばさ,おまねきのつばさ,"Invitation Wing",,,consumable,"2026-03-12 12:52:25","2026-07-26 16:57:28"
70,おみくじボックス,おみくじぼっくす,"Fortune Box",,,consumable,"2026-03-12 12:52:25","2026-07-26 16:57:28"
71,おみくじボックスII,おみくじぼっくすII,"Omikuji Box II",,,consumable,"2026-03-12 12:52:25","2026-07-26 16:57:28"
72,おみくじボックスIII,おみくじぼっくすIII,"Omikuji Box III",,,consumable,"2026-03-12 12:52:25","2026-07-26 16:57:28"
73,おめかしカラー券,おめかしからーけん,"Recolor Ticket",,,consumable,"2026-03-12 12:52:25","2026-07-26 16:57:28"
74,おめかしレアカラー券,おめかしれあからーけん,"Rare Recolor Ticket",,,consumable,"2026-03-12 12:52:25","2026-07-26 16:57:28"
75,おもいでのすず,おもいでのすず,Evac-u-Bell,,,consumable,"2026-03-12 12:52:25","2026-07-26 16:57:28"
76,おもさのたね,おもさのたね,"Seed of Weight",,,consumable,"2026-03-12 12:52:25","2026-07-26 16:57:28"
77,オーガニックサラダ,おーがにっくさらだ,"Ogre-nic Salad",,,consumable,"2026-03-12 12:52:25","2026-07-26 16:57:28"
78,オーブな香水,おーぶなこうすい,"Orb Perfume",,,consumable,"2026-03-12 12:52:25","2026-07-26 16:57:28"
79,オーブなプチ香水,おーぶなぷちこうすい,"Orb Perfume S",,,consumable,"2026-03-12 12:52:25","2026-07-26 16:57:28"
80,オーブなプチプチ香水,おーぶなぷちぷちこうすい,"Orb Perfume XS",,,consumable,"2026-03-12 12:52:25","2026-07-26 16:57:28"
81,牙王ゴースネル召喚符,がおうごーすねるしょうかんふ,"Gosnell Summon",,,consumable,"2026-03-12 12:52:25","2026-07-26 16:57:28"
82,覚醒の鬼石,かくせいのきせき,"Super Demon Stone",,,consumable,"2026-03-12 12:52:25","2026-07-26 16:57:28"
83,カジノな香水,かじのなこうすい,"Casino Perfume",,,consumable,"2026-03-12 12:52:25","2026-07-26 16:57:28"
84,カジノなプチ香水,かじのなぷちこうすい,"Casino Perfume S",,,consumable,"2026-03-12 12:52:25","2026-07-26 16:57:28"
85,カジノなプチプチ香水,かじのなぷちぷちこうすい,"Casino Petit Perfume",,,consumable,"2026-03-12 12:52:25","2026-07-26 16:57:28"
86,カジノプレイチケット,かじのぷれいちけっと,"Casino Play Ticket",,,consumable,"2026-03-12 12:52:25","2026-07-26 16:57:28"
87,仮装メイクおためし道具,かそうめいくおためしどうぐ,"Makeup Trial Kit",,,consumable,"2026-03-12 12:52:25","2026-07-26 16:57:28"
88,仮装メイク道具,かそうめいくどうぐ,"Makeup Kit",,,consumable,"2026-03-12 12:52:25","2026-07-26 16:57:28"
89,ガタラのブタまん,がたらのぶたまん,"Gatara Pig Buns",,,consumable,"2026-03-12 12:52:25","2026-07-26 16:57:28"
90,カムシカせんべえ,かむしかせんべえ,"Azlantelope Wafer",,,consumable,"2026-03-12 12:52:25","2026-07-26 16:57:28"
91,辛党衣装券,からとういしょうけん,"Spicy Costume Voucher",,,consumable,"2026-03-12 12:52:25","2026-07-26 16:57:28"
92,辛味のモト,からみのもと,"Spicy Powder",,,consumable,"2026-03-12 12:52:25","2026-07-26 16:57:28"
93,カリスマココア,かりすまここあ,"Charisma Cocoa",,,consumable,"2026-03-12 12:52:25","2026-07-26 16:57:28"
94,きせきの香水,きせきのこうすい,"Miracle Perfume",,,consumable,"2026-03-12 12:52:25","2026-07-26 16:57:28"
95,きせきのプチ香水,きせきのぷちこうすい,"Miracle Perfume S",,,consumable,"2026-03-12 12:52:25","2026-07-26 16:57:28"
96,きせきのプチプチ香水,きせきのぷちぷちこうすい,"Miracle Perfume XS",,,consumable,"2026-03-12 12:52:25","2026-07-26 16:57:28"
97,輝石の天箱,きせきのてんばこ,"Augite Sky Box",,,consumable,"2026-03-12 12:52:25","2026-07-26 16:57:28"
98,輝石の竜箱,きせきのりゅうばこ,"Augite Dragon Box",,,consumable,"2026-03-12 12:52:25","2026-07-26 16:57:28"
99,きつけそう,きつけそう,Softwort,,,consumable,"2026-03-12 12:52:25","2026-07-26 16:57:28"
100,究極邪教司祭カード,きゅうきょくじゃきょうしさいかーど,"Ultimate Aamon Card",,,consumable,"2026-03-12 12:52:25","2026-07-26 16:57:28"
101,究極邪教司祭コイン,きゅうきょくじゃきょうしさいこいん,"Ultimate Aamon Coin",,,consumable,"2026-03-12 12:52:25","2026-07-26 16:57:28"
102,究極邪教司祭メダル,きゅうきょくじゃきょうしさいめだる,"Ultimate Aamon Medal",,,consumable,"2026-03-12 12:52:25","2026-07-26 16:57:28"
103,究極邪教司祭練習札,きゅうきょくじゃきょうしさいれんしゅうふだ,"Ultimate Aamon Tag",,,consumable,"2026-03-12 12:52:25","2026-07-26 16:57:28"
104,キューティココア,きゅーてぃここあ,"Cutie Cocoa",,,consumable,"2026-03-12 12:52:25","2026-07-26 16:57:28"
105,ギュメイ将軍カード,ぎゅめいしょうぐんかーど,"Goresby-Purrvis Card",,,consumable,"2026-03-12 12:52:25","2026-07-26 16:57:28"
106,ギュメイ将軍コイン,ぎゅめいしょうぐんこいん,"Goresby-Purrvis Coin",,,consumable,"2026-03-12 12:52:25","2026-07-26 16:57:28"
107,ギュメイ将軍練習札,ぎゅめいしょうぐんれんしゅうふだ,"Goresby-Purrvis Tag",,,consumable,"2026-03-12 12:52:25","2026-07-26 16:57:28"
108,きようさのたね,きようさのたね,"Seed of Deftness",,,consumable,"2026-03-12 12:52:25","2026-07-26 16:57:28"
109,兄弟姉妹コーデ券,きょうだいしまいこーでけん,"Sibling Glamour Ticket",,,consumable,"2026-03-12 12:52:25","2026-07-26 16:57:28"
110,強・キャッツメダル,きょう・きゃっつめだる,"Apex Cats Medal",,,consumable,"2026-03-12 12:52:25","2026-07-26 16:57:28"
111,強・サボテンダーコイン,きょう・さぼてんだーこいん,"Apex Cactuar Coin",,,consumable,"2026-03-12 12:52:25","2026-07-26 16:57:28"
112,強・タロットメダル,きょう・たろっとめだる,"Apex Tarot Medal",,,consumable,"2026-03-12 12:52:25","2026-07-26 16:57:28"
113,強・ボーンズメダル,きょう・ぼーんずめだる,"Apex Bones Medal",,,consumable,"2026-03-12 12:52:25","2026-07-26 16:57:28"
114,強・魔軍メダル,きょう・まぐんめだる,"Apex Demon Army Medal",,,consumable,"2026-03-12 12:52:25","2026-07-26 16:57:28"
115,強・マンドラゴラコイン,きょう・まんどらごらこいん,"Apex Mandragora Coin",,,consumable,"2026-03-12 12:52:25","2026-07-26 16:57:28"
116,キラーマジンガカード,きらーまじんがかーど,"Uberkilling Card",,,consumable,"2026-03-12 12:52:25","2026-07-26 16:57:28"
117,キラーマジンガ強カード,きらーまじんがきょうかーど,"Apex Uberkilling Card",,,consumable,"2026-03-12 12:52:25","2026-07-26 16:57:28"
118,キラーマジンガ強メダル,きらーまじんがきょうめだる,"Apex Uberkilling Medal",,,consumable,"2026-03-12 12:52:25","2026-07-26 16:57:28"
119,キラーマジンガコイン,きらーまじんがこいん,"Uberkilling Coin",,,consumable,"2026-03-12 12:52:25","2026-07-26 16:57:28"
120,キラーマジンガ練習札,きらーまじんがれんしゅうふだ,"Uberkilling Machine Tag",,,consumable,"2026-03-12 12:52:25","2026-07-26 16:57:28"
121,○○の緊急依頼書,○○のきんきゅういらいしょ,"Emergency Request: ○○",,,consumable,"2026-03-12 12:52:25","2026-07-26 16:57:28"
122,キングヒドラカード,きんぐひどらかーど,"King Hydra Card",,,consumable,"2026-03-12 12:52:25","2026-07-26 16:57:28"
123,キングヒドラ強カード,きんぐひどらきょうかーど,"Apex King Hydra Card",,,consumable,"2026-03-12 12:52:25","2026-07-26 16:57:28"
124,キングヒドラ強メダル,きんぐひどらきょうめだる,"Apex King Hydra Medal",,,consumable,"2026-03-12 12:52:25","2026-07-26 16:57:28"
125,キングヒドラコイン,きんぐひどらこいん,"King Hydra Coin",,,consumable,"2026-03-12 12:52:25","2026-07-26 16:57:28"
126,キングヒドラ練習札,きんぐひどられんしゅうふだ,"King Hydra Tag",,,consumable,"2026-03-12 12:52:25","2026-07-26 16:57:28"
127,金のおたから花,きんのおたからはな,"Gold Treasurebloom",,,consumable,"2026-03-12 12:52:25","2026-07-26 16:57:28"
128,金の玉手箱,きんのたまてばこ,"Gold Jewelry Box",,,consumable,"2026-03-12 12:52:25","2026-07-26 16:57:28"
129,銀のおたから花,ぎんのおたからはな,"Silver Treasurebloom",,,consumable,"2026-03-12 12:52:25","2026-07-26 16:57:28"
130,グラコスカード,ぐらこすかーど,"Gracos Card",,,consumable,"2026-03-12 12:52:25","2026-07-26 16:57:28"
131,グラコス強カード,ぐらこすきょうかーど,"Apex Gracos Card",,,consumable,"2026-03-12 12:52:25","2026-07-26 16:57:28"
132,グラコス強メダル,ぐらこすきょうめだる,"Apex Gracos Medal",,,consumable,"2026-03-12 12:52:25","2026-07-26 16:57:28"
133,グラコスコイン,ぐらこすこいん,"Gracos Coin",,,consumable,"2026-03-12 12:52:25","2026-07-26 16:57:28"
134,グラコス練習札,ぐらこすれんしゅうふだ,"Gracos Tag",,,consumable,"2026-03-12 12:52:25","2026-07-26 16:57:28"
135,グランドタイタス丼,ぐらんどたいたすどん,"Grand Titus Bowl",,,consumable,"2026-03-12 12:52:25","2026-07-26 16:57:28"
136,クレバーココア,くればーここあ,"Clever Cocoa",,,consumable,"2026-03-12 12:52:25","2026-07-26 16:57:28"
137,グローリーココア,ぐろーりーここあ,"Glory Cocoa",,,consumable,"2026-03-12 12:52:25","2026-07-26 16:57:28"
138,経験値の古文書・小,けいけんちのこもんじょ・しょう,"Experience Scroll S",,,consumable,"2026-03-12 12:52:25","2026-07-26 16:57:28"
139,経験値の古文書・職業,けいけんちのこもんじょ・しょくぎょう,"Ancient Tome of Job Experience",,,consumable,"2026-03-12 12:52:25","2026-07-26 16:57:28"
140,経験値の古文書・大,けいけんちのこもんじょ・だい,"Experience Scroll L",,,consumable,"2026-03-12 12:52:25","2026-07-26 16:57:28"
141,経験値の古文書・中,けいけんちのこもんじょ・ちゅう,"Experience Scroll M",,,consumable,"2026-03-12 12:52:25","2026-07-26 16:57:28"
142,経験値の聖典,けいけんちのせいてん,"EXP Scripture",,,consumable,"2026-03-12 12:52:25","2026-07-26 16:57:28"
143,経験値の秘薬・小,けいけんちのひやく・しょう,"Experience Elixir S",,,consumable,"2026-03-12 12:52:25","2026-07-26 16:57:28"
144,結界の守護者カード,けっかいのしゅごしゃかーど,"Barrier Guardians Card",,,consumable,"2026-03-12 12:52:25","2026-07-26 16:57:28"
145,結界の守護者コイン,けっかいのしゅごしゃこいん,"Barrier Guardians Coin",,,consumable,"2026-03-12 12:52:25","2026-07-26 16:57:28"
146,結界の守護者メダル,けっかいのしゅごしゃめだる,"Barrier Guardians Medal",,,consumable,"2026-03-12 12:52:25","2026-07-26 16:57:28"
147,結界の守護者練習札,けっかいのしゅごしゃれんしゅうふだ,"Barrier Guardians Tag",,,consumable,"2026-03-12 12:52:25","2026-07-26 16:57:28"
148,ゲルニック将軍カード,げるにっくしょうぐんかーど,"Hootingham-Gore Card",,,consumable,"2026-03-12 12:52:25","2026-07-26 16:57:28"
149,ゲルニック将軍コイン,げるにっくしょうぐんこいん,"Hootingham-Gore Coin",,,consumable,"2026-03-12 12:52:25","2026-07-26 16:57:28"
150,ゲルニック将軍メダル,げるにっくしょうぐんめだる,"Hootingham-Gore Medal",,,consumable,"2026-03-12 12:52:25","2026-07-26 16:57:28"
151,幻界の四諸侯カード,げんかいのよんしょこうかーど,"Dread Fiends Card",,,consumable,"2026-03-12 12:52:25","2026-07-26 16:57:28"
152,幻界の四諸侯強カード,げんかいのよんしょこうきょうかーど,"Apex Dread Fiends Card",,,consumable,"2026-03-12 12:52:25","2026-07-26 16:57:28"
153,幻界の四諸侯強メダル,げんかいのよんしょこうきょうめだる,"Apex Dread Fiends Medal",,,consumable,"2026-03-12 12:52:25","2026-07-26 16:57:28"
154,幻界の四諸侯コイン,げんかいのよんしょこうこいん,"Dread Fiends Coin",,,consumable,"2026-03-12 12:52:25","2026-07-26 16:57:28"
155,幻界の四諸侯練習札,げんかいのよんしょこうれんしゅうふだ,"Dread Fiends Tag",,,consumable,"2026-03-12 12:52:25","2026-07-26 16:57:28"
156,元気玉,げんきだま,"Bonus Orb",,,consumable,"2026-03-12 12:52:25","2026-07-26 16:57:28"
157,げんこつアメ,げんこつあめ,Fisticandy,,,consumable,"2026-03-12 12:52:25","2026-07-26 16:57:28"
158,けんじゃのいし,けんじゃのいし,"Sage's Stone",,,consumable,"2026-03-12 12:52:25","2026-07-26 16:57:28"
159,けんじゃのせいすい,けんじゃのせいすい,"Sage's Elixir",,,consumable,"2026-03-12 12:52:25","2026-07-26 16:57:28"
160,紅葉レンズ,こうようれんず,"Autumn Leaf Lens",,,consumable,"2026-03-12 12:52:25","2026-07-26 16:57:28"
161,ゴージャスココア,ごーじゃすここあ,"Gorgeous Cocoa",,,consumable,"2026-03-12 12:52:25","2026-07-26 16:57:28"
162,ゴールドエッグ,ごーるどえっぐ,"Golden Egg",,,consumable,"2026-03-12 12:52:25","2026-07-26 16:57:28"
163,ゴールドマン衣装券,ごーるどまんいしょうけん,"Gold Golem Voucher",,,consumable,"2026-03-12 12:52:25","2026-07-26 16:57:28"
164,ご近所なかよしボックス,ごきんじょなかよしぼっくす,"Neighborhood Friend Box",,,consumable,"2026-03-12 12:52:25","2026-07-26 16:57:28"
165,ゴルスラメダル,ごるすらめだる,"Gem Slime Medal",,,consumable,"2026-03-12 12:52:25","2026-07-26 16:57:28"
166,ゴレオン将軍カード,ごれおんしょうぐんかーど,"Goreham-Hogg Card",,,consumable,"2026-03-12 12:52:25","2026-07-26 16:57:28"
167,ゴレオン将軍コイン,ごれおんしょうぐんこいん,"Goreham-Hogg Coin",,,consumable,"2026-03-12 12:52:25","2026-07-26 16:57:28"
168,ゴレオン将軍メダル,ごれおんしょうぐんめだる,"Goreham-Hogg Medal",,,consumable,"2026-03-12 12:52:25","2026-07-26 16:57:28"
169,ゴレオン将軍練習札,ごれおんしょうぐんれんしゅうふだ,"Goreham-Hogg Tag",,,consumable,"2026-03-12 12:52:25","2026-07-26 16:57:28"
170,コロシアムバーガー,ころしあむばーがー,"Coliseum Burger",,,consumable,"2026-03-12 12:52:25","2026-07-26 16:57:28"
171,サイキョーVロンコイン,さいきょーVろんこいん,"Ultimate V-Lon Coin",,,consumable,"2026-03-12 12:52:25","2026-07-26 16:57:28"
172,ザ・キャッツメダル,ざ・きゃっつめだる,"The Cats Medal",,,consumable,"2026-03-12 12:52:25","2026-07-26 16:57:28"
173,サボテンダーコイン,さぼてんだーこいん,"Cactuar Coin",,,consumable,"2026-03-12 12:52:25","2026-07-26 16:57:28"
174,ザ・ボーンズメダル,ざ・ぼーんずめだる,"The Bones Medal",,,consumable,"2026-03-12 12:52:25","2026-07-26 16:57:28"
175,サマーウルフ衣装券,さまーうるふいしょうけん,"Summer Wolf Voucher",,,consumable,"2026-03-12 12:52:25","2026-07-26 16:57:28"
176,しあわせの玉手箱,しあわせのたまてばこ,"Happiness Jewelry Box",,,consumable,"2026-03-12 12:52:25","2026-07-26 16:57:28"
177,詩人の玉手箱,しじんのたまてばこ,"Poet's Jewelry Box",,,consumable,"2026-03-12 12:52:25","2026-07-26 16:57:28"
178,しっかりせんべい,しっかりせんべい,"Firm Rice Cracker",,,consumable,"2026-03-12 12:52:25","2026-07-26 16:57:28"
179,小元気玉,しょうげんきだま,"Bonus Orb S",,,consumable,"2026-03-12 12:52:25","2026-07-26 16:57:28"
180,上どくけしそう,じょうどくけしそう,"Strong Antidote",,,consumable,"2026-03-12 12:52:25","2026-07-26 16:57:28"
181,上やくそう,じょうやくそう,"Strong Medicine",,,consumable,"2026-03-12 12:52:25","2026-07-26 16:57:28"
182,女王様サブレ,じょおうさまさぶれ,"Queen Biscuit",,,consumable,"2026-03-12 12:52:25","2026-07-26 16:57:28"
183,ショコラチケット,しょこらちけっと,"Chocolate Ticket",,,consumable,"2026-03-12 12:52:25","2026-07-26 16:57:28"
184,真・幻界諸侯カード,しん・げんかいしょこうかーど,"True Dread Fiends Card",,,consumable,"2026-03-12 12:52:25","2026-07-26 16:57:28"
185,真・幻界諸侯コイン,しん・げんかいしょこうこいん,"True Dread Fiends Coin",,,consumable,"2026-03-12 12:52:25","2026-07-26 16:57:28"
186,真・幻界諸侯メダル,しん・げんかいしょこうめだる,"True Dread Fiends Medal",,,consumable,"2026-03-12 12:52:25","2026-07-26 16:57:28"
187,真・幻界諸侯練習札,しん・げんかいしょこうれんしゅうふだ,"True Dread Fiends Tag",,,consumable,"2026-03-12 12:52:25","2026-07-26 16:57:28"
188,しんこうのたね,しんこうのたね,"Seed of Therapeusis",,,consumable,"2026-03-12 12:52:25","2026-07-26 16:57:28"
189,水中レンズ,すいちゅうれんず,"Underwater Lens",,,consumable,"2026-03-12 12:52:25","2026-07-26 16:57:28"
190,スイートココア,すいーとここあ,"Sweet Cocoa",,,consumable,"2026-03-12 12:52:25","2026-07-26 16:57:28"
191,スキルブック,すきるぶっく,"Skill Book",,,consumable,"2026-03-12 12:52:25","2026-07-26 16:57:28"
192,スペシャル家具庭具券,すぺしゃるかぐにわぐけん,"Special Decor Ticket",,,consumable,"2026-03-12 12:52:25","2026-07-26 16:57:28"
193,スペシャルそうび券,すぺしゃるそうびけん,"Special Glamour Ticket",,,consumable,"2026-03-12 12:52:25","2026-07-26 16:57:28"
194,スペシャルふくびき券,すぺしゃるふくびきけん,"SP Tombola Ticket",,,consumable,"2026-03-12 12:52:25","2026-07-26 16:57:28"
195,スライダークカード,すらいだーくかーど,"Nemeslime Card",,,consumable,"2026-03-12 12:52:25","2026-07-26 16:57:28"
196,スライダークコイン,すらいだーくこいん,"Nemeslime Coin",,,consumable,"2026-03-12 12:52:25","2026-07-26 16:57:28"
197,スライダーク練習札,すらいだーくれんしゅうふだ,"Nemeslime Tag",,,consumable,"2026-03-12 12:52:25","2026-07-26 16:57:28"
198,Sジェネラルカード,Sじぇねらるかーど,"S General Card",,,consumable,"2026-03-12 12:52:25","2026-07-26 16:57:28"
199,Sジェネラルコイン,Sじぇねらるこいん,"S General Coin",,,consumable,"2026-03-12 12:52:25","2026-07-26 16:57:28"
200,Sジェネラル練習札,Sじぇねらるれんしゅうふだ,"S General Practice Card",,,consumable,"2026-03-12 12:52:25","2026-07-26 16:57:28"
201,Sキラーマシンカード,Sきらーましんかーど,"S Killing Machine Card",,,consumable,"2026-03-12 12:52:25","2026-07-26 16:57:28"
202,Sキラーマシンコイン,Sきらーましんこいん,"S Killing Machine Coin",,,consumable,"2026-03-12 12:52:25","2026-07-26 16:57:28"
203,Sキラーマシン練習札,Sきらーましんれんしゅうふだ,"S Killing Machine Practice Card",,,consumable,"2026-03-12 12:52:25","2026-07-26 16:57:28"
204,すばやさのたね,すばやさのたね,"Seed of Agility",,,consumable,"2026-03-12 12:52:25","2026-07-26 16:57:28"
205,せいれいの霊薬,せいれいのれいやく,"Spirit Elixir",,,consumable,"2026-03-12 12:52:25","2026-07-26 16:57:28"
206,せかいじゅのしずく,せかいじゅのしずく,"Yggdrasil Dew",,,consumable,"2026-03-12 12:52:25","2026-07-26 16:57:28"
207,せかいじゅの葉,せかいじゅのは,"Yggdrasil Leaf",,,consumable,"2026-03-12 12:52:25","2026-07-26 16:57:28"
208,セクシーココア,せくしーここあ,"Sexy Cocoa",,,consumable,"2026-03-12 12:52:25","2026-07-26 16:57:28"
209,ゼルメアの聖紋,ぜるめあのせいもん,"Zelmea Crest",,,consumable,"2026-03-12 12:52:25","2026-07-26 16:57:28"
210,戦神の箱,せんしんのはこ,"War God Box",,,consumable,"2026-03-12 12:52:25","2026-07-26 16:57:28"
211,戦神の箱2,せんしんのはこ2,"War God Box II",,,consumable,"2026-03-12 12:52:25","2026-07-26 16:57:28"
212,戦神の箱改,せんしんのはこかい,"War God Box Kai",,,consumable,"2026-03-12 12:52:26","2026-07-26 16:57:28"
213,全やりなおしの宝珠,ぜんやりなおしのほうしゅ,"Resettall Stone",,,consumable,"2026-03-12 12:52:26","2026-07-26 16:57:28"
214,タイムマスターカード,たいむますたーかーど,"The Time Being Card",,,consumable,"2026-03-12 12:52:26","2026-07-26 16:57:28"
215,タイムマスターコイン,たいむますたーこいん,"The Time Being Coin",,,consumable,"2026-03-12 12:52:26","2026-07-26 16:57:28"
216,タイムマスターメダル,たいむますたーめだる,"The Time Being Medal",,,consumable,"2026-03-12 12:52:26","2026-07-26 16:57:28"
217,タイムマスター練習札,たいむますたーれんしゅうふだ,"The Time Being Tag",,,consumable,"2026-03-12 12:52:26","2026-07-26 16:57:28"
218,達人の玉手箱,たつじんのたまてばこ,"Master's Jewelry Box",,,consumable,"2026-03-12 12:52:26","2026-07-26 16:57:28"
219,七夕の短冊,たなばたのたんざく,"Tanabata Strip",,,consumable,"2026-03-12 12:52:26","2026-07-26 16:57:28"
220,タロットメダル,たろっとめだる,"Tarot Medal",,,consumable,"2026-03-12 12:52:26","2026-07-26 16:57:28"
221,タロットメダルの破片,たろっとめだるのかけら,"Tarot Medal Fragment",,,consumable,"2026-03-12 12:52:26","2026-07-26 16:57:28"
222,小さなイレモン,ちいさないれもん,"Little Lemon",,,consumable,"2026-03-12 12:52:26","2026-07-26 16:57:28"
223,ちいさな星の贈り物,ちいさなほしのおくりもの,"Little Star's Gift",,,consumable,"2026-03-12 12:52:26","2026-07-26 16:57:28"
224,ちからのたね,ちからのたね,"Seed of Strength",,,consumable,"2026-03-12 12:52:26","2026-07-26 16:57:28"
225,超おたから花サファイア,ちょうおたからはなさふぁいあ,"Sapphire Treasurebloom",,,consumable,"2026-03-12 12:52:26","2026-07-26 16:57:28"
226,超おたから花ダイヤ,ちょうおたからはなだいや,"Diamond Treasurebloom",,,consumable,"2026-03-12 12:52:26","2026-07-26 16:57:28"
227,超おたから花ルビー,ちょうおたからはなるびー,"Ruby Treasurebloom",,,consumable,"2026-03-12 12:52:26","2026-07-26 16:57:28"
228,超元気玉,ちょうげんきだま,"Bonus Orb L",,,consumable,"2026-03-12 12:52:26","2026-07-26 16:57:28"
229,超やくそう,ちょうやくそう,"Ultra Medicine",,,consumable,"2026-03-12 12:52:26","2026-07-26 16:57:28"
230,つきのめぐみ,つきのめぐみ,Lunaria,750,,consumable,"2026-03-12 12:52:26","2026-07-26 16:57:28"
231,帝国三将軍カード,ていこくさんしょうぐんかーど,"Triumgorate Card",,,consumable,"2026-03-12 12:52:26","2026-07-26 16:57:28"
232,帝国三将軍コイン,ていこくさんしょうぐんこいん,"Triumgorate Coin",,,consumable,"2026-03-12 12:52:26","2026-07-26 16:57:28"
233,帝国三将軍メダル,ていこくさんしょうぐんめだる,"Triumgorate Medal",,,consumable,"2026-03-12 12:52:26","2026-07-26 16:57:28"
234,帝国三将軍練習札,ていこくさんしょうぐんれんしゅうふだ,"Triumgorate Tag",,,consumable,"2026-03-12 12:52:26","2026-07-26 16:57:28"
235,デスマシーンカード,ですましーんかーど,"Slaughtomaton Card",,,consumable,"2026-03-12 12:52:26","2026-07-26 16:57:28"
236,デスマシーンコイン,ですましーんこいん,"Slaughtomaton Coin",75000,,consumable,"2026-03-12 12:52:26","2026-07-26 16:57:28"
237,デスマシーンメダル,ですましーんめだる,"Slaughtomaton Medal",,,consumable,"2026-03-12 12:52:26","2026-07-26 16:57:28"
238,デスマシーン練習札,ですましーんれんしゅうふだ,"Slaughtomaton Tag",,,consumable,"2026-03-12 12:52:26","2026-07-26 16:57:28"
239,天光のしずく,てんこうのしずく,"Refreshing Dew",,,consumable,"2026-03-12 12:52:26","2026-07-26 16:57:28"
240,天光の葉,てんこうのは,"Leaf of Revival",,,consumable,"2026-03-12 12:52:26","2026-07-26 16:57:28"
241,天使のすず,てんしのすず,"Angel Bell",1200,,consumable,"2026-03-12 12:52:26","2026-07-26 16:57:28"
242,天使のスズラン,てんしのすずらん,"Angel Lily",,,consumable,"2026-03-12 12:52:26","2026-07-26 16:57:28"
243,伝説の三悪魔カード,でんせつのさんあくまかーど,"Legendary Evils Card",,,consumable,"2026-03-12 12:52:26","2026-07-26 16:57:28"
244,伝説の三悪魔コイン,でんせつのさんあくまこいん,"Legendary Evils Coin",,,consumable,"2026-03-12 12:52:26","2026-07-26 16:57:28"
245,伝説の三悪魔闘カード,でんせつのさんあくまとうかーど,"Epic Legendary Evils Card",,,consumable,"2026-03-12 12:52:26","2026-07-26 16:57:28"
246,伝説の三悪魔練習札,でんせつのさんあくまれんしゅうふだ,"Legendary Evils Tag",,,consumable,"2026-03-12 12:52:26","2026-07-26 16:57:28"
247,時の化身の像・庭交換券,ときのけしんのぞう・にわこうかんけん,"Tockle Statue(G) Ticket",,,consumable,"2026-03-12 12:52:26","2026-07-26 16:57:28"
248,どくがのこな,どくがのこな,Coagulant,,,consumable,"2026-03-12 12:52:26","2026-07-26 16:57:28"
249,どくけしそう,どくけしそう,"Antidotal Herb",,,consumable,"2026-03-12 12:52:26","2026-07-26 16:57:28"
250,特どくけしそう,とくどくけしそう,"Special Antidote",,,consumable,"2026-03-12 12:52:26","2026-07-26 16:57:28"
251,特やくそう,とくやくそう,"Special Medicine",,,consumable,"2026-03-12 12:52:26","2026-07-26 16:57:28"
252,とこなつココナッツ,とこなつここなっつ,"Summer Coconut",,,consumable,"2026-03-12 12:52:26","2026-07-26 16:57:28"
253,特急メタル招待券,とっきゅうめたるしょうたいけん,"Express Metal Ticket",,,consumable,"2026-03-12 12:52:26","2026-07-26 16:57:28"
254,特訓元気玉,とっくんげんきだま,"Training Orb",,,consumable,"2026-03-12 12:52:26","2026-07-26 16:57:28"
255,ドラゴンカード,どらごんかーど,"Green Dragon Card",,,consumable,"2026-03-12 12:52:26","2026-07-26 16:57:28"
256,ドラゴンガイアカード,どらごんがいあかーど,"Gaia Dragon Card",,,consumable,"2026-03-12 12:52:26","2026-07-26 16:57:28"
257,ドラゴンガイア強カード,どらごんがいあきょうかーど,"Apex Gaia Dragon Card",,,consumable,"2026-03-12 12:52:26","2026-07-26 16:57:28"
258,ドラゴンガイア強メダル,どらごんがいあきょうめだる,"Apex Gaia Dragon Medal",,,consumable,"2026-03-12 12:52:26","2026-07-26 16:57:28"
259,ドラゴンガイアコイン,どらごんがいあこいん,"Gaia Dragon Coin",,,consumable,"2026-03-12 12:52:26","2026-07-26 16:57:28"
260,ドラゴンガイア練習札,どらごんがいあれんしゅうふだ,"Gaia Dragon Tag",,,consumable,"2026-03-12 12:52:26","2026-07-26 16:57:28"
261,ドラゴンコイン,どらごんこいん,"Green Dragon Coin",,,consumable,"2026-03-12 12:52:26","2026-07-26 16:57:28"
262,ドラゴンメダル,どらごんめだる,"Green Dragon Medal",,,consumable,"2026-03-12 12:52:26","2026-07-26 16:57:28"
263,ドラゴン練習札,どらごんれんしゅうふだ,"Green Dragon Tag",,,consumable,"2026-03-12 12:52:26","2026-07-26 16:57:28"
264,トラマナミスト,とらまなみすと,"Safe Passage Spray",,,consumable,"2026-03-12 12:52:26","2026-07-26 16:57:28"
265,とりなお草,とりなおくさ,"Indigo Grass",,,consumable,"2026-03-12 12:52:26","2026-07-26 16:57:28"
266,ドルセリン,どるせりん,Dolsoline,,,consumable,"2026-03-12 12:52:26","2026-07-26 16:57:28"
267,ドルワーム研究服券,どるわーむけんきゅうふくけん,"Dolworm Outfit Ticket",,,consumable,"2026-03-12 12:52:26","2026-07-26 16:57:28"
268,トレジャーココア,とれじゃーここあ,"Treasure Cocoa",,,consumable,"2026-03-12 12:52:26","2026-07-26 16:57:28"
269,ドレスアップ無料券,どれすあっぷむりょうけん,"Free Dress-Up Ticket",,,consumable,"2026-03-12 12:52:26","2026-07-26 16:57:28"
270,ドレスアップ優待券,どれすあっぷゆうたいけん,"Free Dress-Up Coupon",,,consumable,"2026-03-12 12:52:26","2026-07-26 16:57:28"
271,ドン・モグーラカード,どん・もぐーらかーど,"Don Mole Card",,,consumable,"2026-03-12 12:52:26","2026-07-26 16:57:28"
272,ドン・モグーラコイン,どん・もぐーらこいん,"Don Mole Coin",,,consumable,"2026-03-12 12:52:26","2026-07-26 16:57:28"
273,ドン・モグーラ練習札,どん・もぐーられんしゅうふだ,"Don Mole Tag",,,consumable,"2026-03-12 12:52:26","2026-07-26 16:57:28"
274,ながれ星の贈り物,ながれぼしのおくりもの,"Shooting Star's Gift",,,consumable,"2026-03-12 12:52:26","2026-07-26 16:57:28"
275,ナスビナーラ衣装券,なすびなーらいしょうけん,"Woebergine Voucher",,,consumable,"2026-03-12 12:52:26","2026-07-26 16:57:28"
276,虹のしずく,にじのしずく,"Rainbow Drop",,,consumable,"2026-03-12 12:52:26","2026-07-26 16:57:28"
277,年賀はがき,ねんがはがき,"New Year's Card",,,consumable,"2026-03-12 12:52:26","2026-07-26 16:57:28"
278,年賀はがき・午,ねんがはがき・うま,"New Year's Card (Cow)",,,consumable,"2026-03-12 12:52:26","2026-07-26 16:57:28"
279,年賀はがき・巳,ねんがはがき・み,"New Year's Card (Snake)",,,consumable,"2026-03-12 12:52:26","2026-07-26 16:57:28"
280,育みの香水,はぐくみのこうすい,"Nurture Perfume",,,consumable,"2026-03-12 12:52:26","2026-07-26 16:57:28"
281,育みの上香水,はぐくみのじょうこうすい,"Nurture Perfume L",,,consumable,"2026-03-12 12:52:26","2026-07-26 16:57:28"
282,白紙のカード,はくしのかーど,"Blank Card",,,consumable,"2026-03-12 12:52:26","2026-07-26 16:57:28"
283,白紙のカードの切れはし,はくしのかーどのきれはし,"Blank Card Piece",,,consumable,"2026-03-12 12:52:26","2026-07-26 16:57:28"
284,はぐメタコイン,はぐめたこいん,"Liquid Metal Coin",,,consumable,"2026-03-12 12:52:26","2026-07-26 16:57:28"
285,はぐメタチケット,はぐめたちけっと,"Liquid Metal Ticket",,,consumable,"2026-03-12 12:52:26","2026-07-26 16:57:28"
286,バズズカード,ばずずかーど,"Pazuzu Card",,,consumable,"2026-03-12 12:52:26","2026-07-26 16:57:28"
287,バズズ強カード,ばずずきょうかーど,"Apex Pazuzu Card",,,consumable,"2026-03-12 12:52:26","2026-07-26 16:57:28"
288,バズズ強メダル,ばずずきょうめだる,"Apex Pazuzu Medal",,,consumable,"2026-03-12 12:52:26","2026-07-26 16:57:28"
289,バズズコイン,ばずずこいん,"Pazuzu Coin",,,consumable,"2026-03-12 12:52:26","2026-07-26 16:57:28"
290,バズズ練習札,ばずずれんしゅうふだ,"Pazuzu Tag",,,consumable,"2026-03-12 12:52:26","2026-07-26 16:57:28"
291,バッジ交換券,ばっじこうかんけん,"Bronze Badge Ticket",,,consumable,"2026-03-12 12:52:26","2026-07-26 16:57:28"
292,バッジパック金,ばっじぱっくきん,"Gold Badge Pack",,,consumable,"2026-03-12 12:52:26","2026-07-26 16:57:28"
293,バッジパック銀,ばっじぱっくぎん,"Silver Badge Pack",,,consumable,"2026-03-12 12:52:26","2026-07-26 16:57:28"
294,バッジパック銅,ばっじぱっくどう,"Bronze Badge Pack",,,consumable,"2026-03-12 12:52:26","2026-07-26 16:57:28"
295,バッジパック虹,ばっじぱっくにじ,"Rainbow Badge Pack",,,consumable,"2026-03-12 12:52:26","2026-07-26 16:57:28"
296,ハツラツ豆,はつらつまめ,"Pep Beans",,,consumable,"2026-03-12 12:52:26","2026-07-26 16:57:28"
297,バトルロードチケット,ばとるろーどちけっと,"Battle Road Ticket",,,consumable,"2026-03-12 12:52:26","2026-07-26 16:57:28"
298,バトルロードボックス,ばとるろーどぼっくす,"Battle Road Box",,,consumable,"2026-03-12 12:52:26","2026-07-26 16:57:28"
299,花狩人の衣装券・赤,はなかりゅうどのいしょうけん・あか,"Red Flowerer Voucher",,,consumable,"2026-03-12 12:52:26","2026-07-26 16:57:28"
300,花狩人の衣装券・青,はなかりゅうどのいしょうけん・あお,"Blue Flowerer Voucher",,,consumable,"2026-03-12 12:52:26","2026-07-26 16:57:28"
301,花狩人の衣装券・黄,はなかりゅうどのいしょうけん・き,"Yellow Flowerer Voucher",,,consumable,"2026-03-12 12:52:26","2026-07-26 16:57:28"
302,花狩人の衣装券・緑,はなかりゅうどのいしょうけん・みどり,"Green Flowerer Voucher",,,consumable,"2026-03-12 12:52:26","2026-07-26 16:57:28"
303,花狩人の衣装券・紫,はなかりゅうどのいしょうけん・むらさき,"Purple Flowerer Voucher",,,consumable,"2026-03-12 12:52:26","2026-07-26 16:57:28"
304,パニックココア,ぱにっくここあ,"Panic Cocoa",,,consumable,"2026-03-12 12:52:26","2026-07-26 16:57:28"
305,バラモスカード,ばらもすかーど,"Baramos Card",,,consumable,"2026-03-12 12:52:26","2026-07-26 16:57:28"
306,バラモス強カード,ばらもすきょうかーど,"Apex Baramos Card",,,consumable,"2026-03-12 12:52:26","2026-07-26 16:57:28"
307,バラモス強メダル,ばらもすきょうめだる,"Apex Baramos Medal",,,consumable,"2026-03-12 12:52:26","2026-07-26 16:57:28"
308,バラモスコイン,ばらもすこいん,"Baramos Coin",,,consumable,"2026-03-12 12:52:26","2026-07-26 16:57:28"
309,バラモス練習札,ばらもすれんしゅうふだ,"Baramos Tag",,,consumable,"2026-03-12 12:52:26","2026-07-26 16:57:28"
310,ビクトリーボックス,びくとりーぼっくす,"Victory Box",,,consumable,"2026-03-12 12:52:26","2026-07-26 16:57:28"
311,ヒスイのカギ,ひすいのかぎ,"Jade Key",,,consumable,"2026-03-12 12:52:26","2026-07-26 16:57:28"
312,美容院無料券,びよういんむりょうけん,"Free Salon Ticket",,,consumable,"2026-03-12 12:52:26","2026-07-26 16:57:28"
313,美容院優待券,びよういんゆうたいけん,"Free Salon Coupon",,,consumable,"2026-03-12 12:52:26","2026-07-26 16:57:28"
314,人食い火竜カード,ひとくいかりゅうかーど,"Tatsunaga Card",,,consumable,"2026-03-12 12:52:26","2026-07-26 16:57:28"
315,人食い火竜コイン,ひとくいかりゅうこいん,"Tatsunaga Coin",,,consumable,"2026-03-12 12:52:26","2026-07-26 16:57:28"
316,人食い火竜メダル,ひとくいかりゅうめだる,"Tatsunaga Medal",,,consumable,"2026-03-12 12:52:26","2026-07-26 16:57:28"
317,人食い火竜練習札,ひとくいかりゅうれんしゅうふだ,"Tatsunaga Tag",,,consumable,"2026-03-12 12:52:26","2026-07-26 16:57:28"
318,ビンゴ券,びんごけん,"Bingo Ticket",,,consumable,"2026-03-12 12:52:26","2026-07-26 16:57:28"
319,フィギュアチケット,ふぃぎゅあちけっと,"Figure Ticket",,,consumable,"2026-03-12 12:52:26","2026-07-26 16:57:28"
320,福の神カード,ふくのかみかーど,"God of Fortune Card",,,consumable,"2026-03-12 12:52:26","2026-07-26 16:57:28"
321,福の神メダル,ふくのかみめだる,"God of Fortune Medal",,,consumable,"2026-03-12 12:52:26","2026-07-26 16:57:28"
322,ふくびきインク,ふくびきいんく,"Lottery Ink",,,consumable,"2026-03-12 12:52:26","2026-07-26 16:57:28"
323,ふくびきウェア衣装券,ふくびきうぇあいしょうけん,"Lottery Wear Voucher",,,consumable,"2026-03-12 12:52:26","2026-07-26 16:57:28"
324,ふくびき券,ふくびきけん,"Tombola Ticket",,,consumable,"2026-03-12 12:52:26","2026-07-26 16:57:28"
325,ふくびき券の束,ふくびきけんのたば,"Lottery Ticket Bundle",,,consumable,"2026-03-12 12:52:26","2026-07-26 16:57:28"
326,ふくびき補助券,ふくびきほじょけん,"Tombola Coupon",,,consumable,"2026-03-12 12:52:26","2026-07-26 16:57:28"
327,ふしぎなイレモン,ふしぎないれもん,"Mysterious Lemon",,,consumable,"2026-03-12 12:52:26","2026-07-26 16:57:28"
328,ふしぎなきのみ,ふしぎなきのみ,"Seed of Magic",,,consumable,"2026-03-12 12:52:26","2026-07-26 16:57:28"
329,プスゴンきぐるみ券,ぷすごんきぐるみけん,"Pusgon Costume Ticket",,,consumable,"2026-03-12 12:52:26","2026-07-26 16:57:28"
330,プチ悪霊の神々カード,ぷちあくりょうのかみがみかーど,"Frail Evil Trinity Card",,,consumable,"2026-03-12 12:52:26","2026-07-26 16:57:28"
331,プチアトラスカード,ぷちあとらすかーど,"Frail Atlas Card",,,consumable,"2026-03-12 12:52:26","2026-07-26 16:57:28"
332,プチ暗黒の魔人カード,ぷちあんこくのまじんかーど,"Frail Ruin Card",,,consumable,"2026-03-12 12:52:26","2026-07-26 16:57:28"
333,プチガイアカード,ぷちがいあかーど,"Frail Gaia Card",,,consumable,"2026-03-12 12:52:26","2026-07-26 16:57:28"
334,プチギュメイカード,ぷちぎゅめいかーど,"Frail Goresby Card",,,consumable,"2026-03-12 12:52:26","2026-07-26 16:57:28"
335,プチグラコスカード,ぷちぐらこすかーど,"Frail Gracos Card",,,consumable,"2026-03-12 12:52:26","2026-07-26 16:57:28"
336,プチゲルニックカード,ぷちげるにっくかーど,"Frail Hootingham Card",,,consumable,"2026-03-12 12:52:26","2026-07-26 16:57:28"
337,プチ幻界の四諸侯カード,ぷちげんかいのよんしょこうかーど,"Frail Dread Fiends Card",,,consumable,"2026-03-12 12:52:26","2026-07-26 16:57:28"
338,プチゴレオンカード,ぷちごれおんかーど,"Frail Goreham Card",,,consumable,"2026-03-12 12:52:26","2026-07-26 16:57:28"
339,プチゴースネル召喚符,ぷちごーすねるしょうかんふ,"Frail Gosnell Summon",,,consumable,"2026-03-12 12:52:26","2026-07-26 16:57:28"
340,プチ真・幻界諸侯カード,ぷちしん・げんかいしょこうかーど,"Frail T. Dread Fiends Card",,,consumable,"2026-03-12 12:52:26","2026-07-26 16:57:28"
341,プチスライダークカード,ぷちすらいだーくかーど,"Frail Nemeslime Card",,,consumable,"2026-03-12 12:52:26","2026-07-26 16:57:28"
342,プチSジェネラルカード,ぷちSじぇねらるかーど,"Petit S General Card",,,consumable,"2026-03-12 12:52:26","2026-07-26 16:57:28"
343,プチSキラマシンカード,ぷちSきらましんかーど,"Petit S Killing Machine Card",,,consumable,"2026-03-12 12:52:26","2026-07-26 16:57:28"
344,プチ帝国三将軍カード,ぷちていこくさんしょうぐんかーど,"Frail Triumgorate Card",,,consumable,"2026-03-12 12:52:26","2026-07-26 16:57:28"
345,プチ伝説の三悪魔カード,ぷちでんせつのさんあくまかーど,"Frail Legendary Evils Card",,,consumable,"2026-03-12 12:52:26","2026-07-26 16:57:28"
346,プチドラゴンカード,ぷちどらごんかーど,"Frail Green Dragon Card",,,consumable,"2026-03-12 12:52:26","2026-07-26 16:57:28"
347,プチバズズカード,ぷちばずずかーど,"Frail Pazuzu Card",,,consumable,"2026-03-12 12:52:26","2026-07-26 16:57:28"
348,プチバラモスカード,ぷちばらもすかーど,"Frail Baramos Card",,,consumable,"2026-03-12 12:52:26","2026-07-26 16:57:28"
349,プチヒドラカード,ぷちひどらかーど,"Frail Hydra Card",,,consumable,"2026-03-12 12:52:26","2026-07-26 16:57:28"
350,プチベリアルカード,ぷちべりあるかーど,"Frail Belial Card",,,consumable,"2026-03-12 12:52:26","2026-07-26 16:57:28"
351,プチマジンガカード,ぷちまじんがかーど,"Frail Uberkilling Card",,,consumable,"2026-03-12 12:52:26","2026-07-26 16:57:28"
352,プチムドーカード,ぷちむどーかーど,"Frail Murdaw Card",,,consumable,"2026-03-12 12:52:26","2026-07-26 16:57:28"
353,プチ・モグーラカード,ぷち・もぐーらかーど,"Frail Mole Card",,,consumable,"2026-03-12 12:52:26","2026-07-26 16:57:28"
354,プチレオパルドカード,ぷちれおぱるどかーど,"Frail Leopold Card",,,consumable,"2026-03-12 12:52:26","2026-07-26 16:57:28"
355,フラワーギフト券,ふらわーぎふとけん,"Flower Gift Voucher",,,consumable,"2026-03-12 12:52:26","2026-07-26 16:57:28"
356,フラワーギフト券II,ふらわーぎふとけんII,"Flower Gift Ticket II",,,consumable,"2026-03-12 12:52:26","2026-07-26 16:57:28"
357,フラワー交換券,ふらわーこうかんけん,"Flower Ticket",,,consumable,"2026-03-12 12:52:26","2026-07-26 16:57:28"
358,古びた金庫,ふるびたきんこ,"Old Safe",,,consumable,"2026-03-12 12:52:26","2026-07-26 16:57:28"
359,プレゼントチケット,ぷれぜんとちけっと,"Present Ticket",,,consumable,"2026-03-12 12:52:26","2026-07-26 16:57:28"
360,フワフワわたアメ,ふわふわわたあめ,"Fluffy Cotton Candy",,,consumable,"2026-03-12 12:52:26","2026-07-26 16:57:28"
361,ベホイミソフト,べほいみそふと,"Midheal Soft Serve",,,consumable,"2026-03-12 12:52:26","2026-07-26 16:57:28"
362,ベラのギフト引換券,べらのぎふとひきかえけん,"Honey's Gift Voucher",,,consumable,"2026-03-12 12:52:26","2026-07-26 16:57:28"
363,ベリアルカード,べりあるかーど,"Belial Card",,,consumable,"2026-03-12 12:52:26","2026-07-26 16:57:28"
364,ベリアル強カード,べりあるきょうかーど,"Apex Belial Card",,,consumable,"2026-03-12 12:52:26","2026-07-26 16:57:28"
365,ベリアル強メダル,べりあるきょうめだる,"Apex Belial Medal",,,consumable,"2026-03-12 12:52:26","2026-07-26 16:57:28"
366,ベリアルコイン,べりあるこいん,"Belial Coin",,,consumable,"2026-03-12 12:52:26","2026-07-26 16:57:28"
367,ベリアル練習札,べりあるれんしゅうふだ,"Belial Tag",,,consumable,"2026-03-12 12:52:26","2026-07-26 16:57:28"
368,ヘルシーワッフル,へるしーわっふる,"Healthy Waffles",,,consumable,"2026-03-12 12:52:26","2026-07-26 16:57:28"
369,ほうき星の贈り物,ほうきぼしのおくりもの,"Comet's Gift",,,consumable,"2026-03-12 12:52:26","2026-07-26 16:57:28"
370,宝珠の香水,ほうしゅのこうすい,"Jewel Perfume",,,consumable,"2026-03-12 12:52:26","2026-07-26 16:57:28"
371,宝珠のプチ香水,ほうしゅのぷちこうすい,"Jewel Perfume S",,,consumable,"2026-03-12 12:52:26","2026-07-26 16:57:28"
372,宝珠のプチプチ香水,ほうしゅのぷちぷちこうすい,"Jewel Perfume XS",,,consumable,"2026-03-12 12:52:26","2026-07-26 16:57:28"
373,ボスコイン無料券,ぼすこいんむりょうけん,"Free Boss Coin Ticket",,,consumable,"2026-03-12 12:52:26","2026-07-26 16:57:28"
374,ボスコイン優待券,ぼすこいんゆうたいけん,"Free Boss Coin Coupon",,,consumable,"2026-03-12 12:52:26","2026-07-26 16:57:28"
375,マーブルシュガー,まーぶるしゅがー,"Marble Sugar",,,consumable,"2026-03-12 12:52:26","2026-07-26 16:57:28"
376,マーブルバニラ,まーぶるばにら,"Marble Vanilla",,,consumable,"2026-03-12 12:52:26","2026-07-26 16:57:28"
377,マイタウン権利証・封書,まいたうんけんりしょう・ふうしょ,"Sealed My Town Deed",,,consumable,"2026-03-12 12:52:26","2026-07-26 16:57:28"
378,マイタウン施設コーデ券,まいたうんしせつこーでけん,"My Town Glamour Ticket",,,consumable,"2026-03-12 12:52:26","2026-07-26 16:57:28"
379,マイタウン施設美容院券,まいたうんしせつびよういんけん,"My Town Salon Ticket",,,consumable,"2026-03-12 12:52:26","2026-07-26 16:57:28"
380,マイタウンメダル,まいたうんめだる,"My Town Medal",,,consumable,"2026-03-12 12:52:26","2026-07-26 16:57:28"
381,魔軍メダル,まぐんめだる,"Demon Army Medal",,,consumable,"2026-03-12 12:52:26","2026-07-26 16:57:28"
382,魔犬レオパルドカード,まけんれおぱるどかーど,"Evil Sir Leopold Card",,,consumable,"2026-03-12 12:52:26","2026-07-26 16:57:28"
383,魔犬レオパルドコイン,まけんれおぱるどこいん,"Evil Sir Leopold Coin",,,consumable,"2026-03-12 12:52:26","2026-07-26 16:57:28"
384,魔犬レオパルドメダル,まけんれおぱるどめだる,"Evil Sir Leopold Medal",,,consumable,"2026-03-12 12:52:26","2026-07-26 16:57:28"
385,魔犬レオパルド練習札,まけんれおぱるどれんしゅうふだ,"Evil Sir Leopold Tag",,,consumable,"2026-03-12 12:52:26","2026-07-26 16:57:28"
386,まごころの薬箱,まごころのくすりばこ,"Sincerity Medicine Box",,,consumable,"2026-03-12 12:52:26","2026-07-26 16:57:28"
387,マジックムース,まじっくむーす,"Magic Mousse",,,consumable,"2026-03-12 12:52:26","2026-07-26 16:57:28"
388,まだらくも糸,まだらくもいと,Tangleweb,,,consumable,"2026-03-12 12:52:26","2026-07-26 16:57:28"
389,魔天の星,まてんのほし,"Demonic Star",,,consumable,"2026-03-12 12:52:26","2026-07-26 16:57:28"
390,魔伝のかけら,までんのかけら,"Fragment of Magic",,,material,"2026-03-12 12:52:26","2026-07-26 16:57:28"
391,マヒャドかき氷,まひゃどかきごおり,"Kacrack Shaved Ice",,,consumable,"2026-03-12 12:52:26","2026-07-26 16:57:28"
392,まほうの小ビン,まほうのこびん,"Single Phial",,,consumable,"2026-03-12 12:52:26","2026-07-26 16:57:28"
393,まほうのせいすい,まほうのせいすい,"Magic Water",,,consumable,"2026-03-12 12:52:26","2026-07-26 16:57:28"
394,まもりのたね,まもりのたね,"Seed of Resilience",,,consumable,"2026-03-12 12:52:26","2026-07-26 16:57:28"
395,まりょくのたね,まりょくのたね,"Seed of Sorcery",,,consumable,"2026-03-12 12:52:26","2026-07-26 16:57:28"
396,まんげつそう,まんげつそう,"Moonwort Bulb",,,consumable,"2026-03-12 12:52:26","2026-07-26 16:57:28"
397,マンドラゴラコイン,まんどらごらこいん,"Mandragora Coin",,,consumable,"2026-03-12 12:52:26","2026-07-26 16:57:28"
398,身代わりのコイン,みがわりのこいん,"Substitution Coin",,,consumable,"2026-03-12 12:52:26","2026-07-26 16:57:28"
399,ミステリーココア,みすてりーここあ,"Mystery Cocoa",,,consumable,"2026-03-12 12:52:26","2026-07-26 16:57:28"
400,みちくさコイン,みちくさこいん,"Detour Coin",,,consumable,"2026-03-12 12:52:26","2026-07-26 16:57:28"
401,みちびきの香水,みちびきのこうすい,"Guidance Perfume",,,consumable,"2026-03-12 12:52:26","2026-07-26 16:57:28"
402,みちびきのプチ香水,みちびきのぷちこうすい,"Guidance Perfume S",,,consumable,"2026-03-12 12:52:26","2026-07-26 16:57:28"
403,みちびきのプチプチ香水,みちびきのぷちぷちこうすい,"Guidance Perfume XS",,,consumable,"2026-03-12 12:52:26","2026-07-26 16:57:28"
404,ムドーカード,むどーかーど,"Murdaw Card",,,consumable,"2026-03-12 12:52:26","2026-07-26 16:57:28"
405,ムドーコイン,むどーこいん,"Murdaw Coin",,,consumable,"2026-03-12 12:52:26","2026-07-26 16:57:28"
406,ムドーメダル,むどーめだる,"Murdaw Medal",,,consumable,"2026-03-12 12:52:26","2026-07-26 16:57:28"
407,ムドー練習札,むどーれんしゅうふだ,"Murdaw Tag",,,consumable,"2026-03-12 12:52:26","2026-07-26 16:57:28"
408,"銘菓 砂漠の月","めいか さばくのつき","Desert Moon Confection",,,consumable,"2026-03-12 12:52:26","2026-07-26 16:57:28"
409,女神のガーベラ,めがみのがーべら,"Goddess Gerbera",,,consumable,"2026-03-12 12:52:26","2026-07-26 16:57:28"
410,メギス鶏のからあげ,めぎすにわとりのからあげ,"Megis Fried Chicken",,,consumable,"2026-03-12 12:52:26","2026-07-26 16:57:28"
411,めざめの鬼石,めざめのきせき,"Demon Stone",,,consumable,"2026-03-12 12:52:26","2026-07-26 16:57:28"
412,めざめの花,めざめのはな,Wakerobin,,,consumable,"2026-03-12 12:52:26","2026-07-26 16:57:28"
413,めざめの秘石,めざめのひせき,"Secret Stone",,,consumable,"2026-03-12 12:52:26","2026-07-26 16:57:28"
414,メタキンボスメダル,めたきんぼすめだる,"Metal King Boss Medal",,,consumable,"2026-03-12 12:52:26","2026-07-26 16:57:28"
415,メタキンメダル,めたきんめだる,"Metal King Medal",,,consumable,"2026-03-12 12:52:26","2026-07-26 16:57:28"
416,メタキンチケット,めたきんちけっと,"Metal King Ticket",,,consumable,"2026-03-12 12:52:26","2026-07-26 16:57:28"
417,メタスラコイン,めたすらこいん,"Metal Slime Coin",,,consumable,"2026-03-12 12:52:26","2026-07-26 16:57:28"
418,メタスラボスメダル,めたすらぼすめだる,"Metal Slime Boss Medal",,,consumable,"2026-03-12 12:52:26","2026-07-26 16:57:28"
419,メタブラチケット,めたぶらちけっと,"Metal Medley Ticket",,,consumable,"2026-03-12 12:52:26","2026-07-26 16:57:28"
420,メダルフラワー,めだるふらわー,"Medal Flower",,,consumable,"2026-03-12 12:52:26","2026-07-26 16:57:28"
421,メタルチケット,めたるちけっと,"Metal Ticket",,,consumable,"2026-03-12 12:52:26","2026-07-26 16:57:28"
422,メダル10枚チケット,めだる10まいちけっと,"10-Medal Ticket",,,consumable,"2026-03-12 12:52:26","2026-07-26 16:57:28"
423,メダル20枚チケット,めだる20まいちけっと,"20-Medal Ticket",,,consumable,"2026-03-12 12:52:26","2026-07-26 16:57:28"
424,メダル30枚チケット,めだる30まいちけっと,"30-Medal Ticket",,,consumable,"2026-03-12 12:52:26","2026-07-26 16:57:28"
425,メダル100枚チケット,めだる100まいちけっと,"100-Medal Ticket",,,consumable,"2026-03-12 12:52:26","2026-07-26 16:57:28"
426,メダル王コイン,めだるおうこいん,"Medal King Coin",,,consumable,"2026-03-12 12:52:26","2026-07-26 16:57:28"
427,メダルがまぐち,めだるがまぐち,"Medal Case",,,consumable,"2026-03-12 12:52:26","2026-07-26 16:57:28"
428,メタルな香水,めたるなこうすい,"Metal Perfume",,,consumable,"2026-03-12 12:52:26","2026-07-26 16:57:28"
429,メタルなプチ香水,めたるなぷちこうすい,"Metal Perfume S",,,consumable,"2026-03-12 12:52:26","2026-07-26 16:57:28"
430,メタルなプチプチ香水,めたるなぷちぷちこうすい,"Metal Perfume XS",,,consumable,"2026-03-12 12:52:26","2026-07-26 16:57:28"
431,メタル迷宮招待券,めたるめいきゅうしょうたいけん,"Metal Maze Ticket",,,consumable,"2026-03-12 12:52:26","2026-07-26 16:57:28"
432,メタル迷宮ペア招待券,めたるめいきゅうぺあしょうたいけん,"Metal Maze Pair Ticket",,,consumable,"2026-03-12 12:52:26","2026-07-26 16:57:28"
433,メラゾーマやきそば,めらぞーまやきそば,"Kafrizz Fried Noodles",,,consumable,"2026-03-12 12:52:26","2026-07-26 16:57:28"
434,やくそう,やくそう,"Medicinal Herb",,,consumable,"2026-03-12 12:52:26","2026-07-26 16:57:28"
435,やりなおしの宝珠,やりなおしのほうしゅ,"Regretta Stone",,,consumable,"2026-03-12 12:52:26","2026-07-26 16:57:28"
436,やりなお草,やりなおくさ,"Azure Grass",,,consumable,"2026-03-12 12:52:26","2026-07-26 16:57:28"
437,ヤングガイアコイン,やんぐがいあこいん,"Young Gaia Coin",,,consumable,"2026-03-12 12:52:26","2026-07-26 16:57:28"
438,夢のアクセサリー箱,ゆめのあくせさりーばこ,"Dream Accessory Box",,,consumable,"2026-03-12 12:52:26","2026-07-26 16:57:28"
439,夢のアクセサリー箱2,ゆめのあくせさりーばこ2,"Dream Accessory Box II",,,consumable,"2026-03-12 12:52:26","2026-07-26 16:57:28"
440,夢のアクセサリー箱3,ゆめのあくせさりーばこ3,"Dream Accessory Box III",,,consumable,"2026-03-12 12:52:26","2026-07-26 16:57:28"
441,夢のアクセサリー箱4,ゆめのあくせさりーばこ4,"Dream Accessory Box IV",,,consumable,"2026-03-12 12:52:26","2026-07-26 16:57:28"
442,ゆめみの極箱,ゆめみのきょくばこ,"Very Dreamy Box",,,consumable,"2026-03-12 12:52:26","2026-07-26 16:57:28"
443,ゆめみの金箱,ゆめみのきんばこ,"Dreamy Gold Box",,,consumable,"2026-03-12 12:52:26","2026-07-26 16:57:28"
444,ゆめみの銀箱,ゆめみのぎんばこ,"Dreamy Silver Box",,,consumable,"2026-03-12 12:52:26","2026-07-26 16:57:28"
445,ゆめみの天箱,ゆめみのてんばこ,"Dreamy Sky Box",,,consumable,"2026-03-12 12:52:26","2026-07-26 16:57:28"
446,ゆめみの銅箱,ゆめみのどうばこ,"Dreamy Bronze Box",,,consumable,"2026-03-12 12:52:26","2026-07-26 16:57:28"
447,ゆめみの花,ゆめみのはな,"Sleeping Hibiscus",,,consumable,"2026-03-12 12:52:26","2026-07-26 16:57:28"
448,ゆめみの竜箱,ゆめみのりゅうばこ,"Dreamy Dragon Box",,,consumable,"2026-03-12 12:52:26","2026-07-26 16:57:28"
449,ゆめみの闇箱,ゆめみのやみばこ,"Dreamy Dark Box",,,consumable,"2026-03-12 12:52:26","2026-07-26 16:57:28"
450,妖精のスイートピー,ようせいのすいーとぴー,"Faerie Sweet Pea",,,consumable,"2026-03-12 12:52:26","2026-07-26 16:57:28"
451,妖精の実,ようせいのみ,"Fairy Fruit",,,consumable,"2026-03-12 12:52:26","2026-07-26 16:57:28"
452,ようせいの霊薬,ようせいのれいやく,"Faerie Elixir",,,consumable,"2026-03-12 12:52:26","2026-07-26 16:57:28"
453,よろこびの玉手箱,よろこびのたまてばこ,"Joyful Jewelry Box",,,consumable,"2026-03-12 12:52:26","2026-07-26 16:57:28"
454,ラブチョコ,らぶちょこ,"Love Chocolate",,,consumable,"2026-03-12 12:52:26","2026-07-26 16:57:28"
455,リカバーパフェ,りかばーぱふぇ,"Recover Parfait",,,consumable,"2026-03-12 12:52:26","2026-07-26 16:57:28"
456,竜王のうろこ,りゅうおうのうろこ,"Dragonlord Scale",,,consumable,"2026-03-12 12:52:26","2026-07-26 16:57:28"
457,竜の書・白,りゅうのしょ・しろ,"White Dragon Tome",,,consumable,"2026-03-12 12:52:26","2026-07-26 16:57:28"
458,竜の書・黒,りゅうのしょ・くろ,"Black Dragon Tome",,,consumable,"2026-03-12 12:52:26","2026-07-26 16:57:28"
459,レアボスメダル,れあぼすめだる,"Rare Boss Medal",,,consumable,"2026-03-12 12:52:26","2026-07-26 16:57:28"
460,レスキュマフィン,れすきゅまふぃん,"Rescue Muffin",,,consumable,"2026-03-12 12:52:26","2026-07-26 16:57:28"
461,レッドブレイクグミ,れっどぶれいくぐみ,"Red Break Gummy",,,consumable,"2026-03-12 12:52:26","2026-07-26 16:57:28"
462,レンタル衣装無料券,れんたるいしょうむりょうけん,"Outfit Rental Ticket",,,consumable,"2026-03-12 12:52:26","2026-07-26 16:57:28"
463,ロイヤルメダルフラワー,ろいやるめだるふらわー,"Royal Medal Flower",,,consumable,"2026-03-12 12:52:26","2026-07-26 16:57:28"
464,ロトゼタシアの便せん,ろとぜたしあのびんせん,"Erdrea Paper",,,consumable,"2026-03-12 12:52:26","2026-07-26 16:57:28"
465,和傘の福袋,わがさのふくぶくろ,"Umbrella Grab Bag",,,consumable,"2026-03-12 12:52:26","2026-07-26 16:57:28"
467,10周年レンズ,10しゅうねんれんず,"10th Anniversary Lens",,,consumable,"2026-03-12 12:52:26","2026-07-26 16:57:28"
468,DQVIII主人公券,DQVIIIしゅじんこうけん,"DQVIII Hero Ticket",,,consumable,"2026-03-12 12:52:26","2026-07-26 16:57:28"
469,DQXI主人公の心,DQXIしゅじんこうのこころ,"Heart of the DQXI Hero",,,consumable,"2026-03-12 12:52:26","2026-07-26 16:57:28"
470,Vロンコイン,Vろんこいん,"V-Lon Coin",,,consumable,"2026-03-12 12:52:26","2026-07-26 16:57:28"
471,Vロン強コイン,Vろんきょうこいん,"Strong V-Lon Coin",,,consumable,"2026-03-12 12:52:26","2026-07-26 16:57:28"
472,うつしよの箱,うつしよのはこ,"Worldly Box",,,consumable,"2026-03-12 12:52:26","2026-07-26 16:57:28"
473,運命のカード,うんめいのかーど,"Card of Fate",,,consumable,"2026-03-12 12:52:26","2026-07-26 16:57:28"
474,おめかしグッズ交換券,おめかしぐっずこうかんけん,"Dress-Up Goods Exchange Ticket",,,consumable,"2026-03-12 12:52:26","2026-07-26 16:57:28"
475,ギュっと○○の箱,ぎゅっと○○のはこ,"Gyutto ○○ Box",,,consumable,"2026-03-12 12:52:26","2026-07-26 16:57:28"
476,香水,こうすい,Perfume,,,consumable,"2026-03-12 12:52:26","2026-07-26 16:57:28"
477,召喚符,しょうかんふ,"Summoning Talisman",,,consumable,"2026-03-12 12:52:26","2026-07-26 16:57:28"
478,特産品,とくさんひん,"Local Specialty",,,consumable,"2026-03-12 12:52:26","2026-07-26 16:57:28"
479,ドルボードプリズム,どるぼーどぷりずむ,"Dolboard Prism",,,consumable,"2026-03-12 12:52:26","2026-07-26 16:57:28"
480,便せん,びんせん,"Writing Paper",,,consumable,"2026-03-12 12:52:26","2026-07-26 16:57:28"
481,プレゼント,ぷれぜんと,Present,,,consumable,"2026-03-12 12:52:26","2026-07-26 16:57:28"
482,ボスコイン,ぼすこいん,"Boss Coin",,,consumable,"2026-03-12 12:52:26","2026-07-26 16:57:28"
483,ボスメダル,ぼすめだる,"Boss Medal",,,consumable,"2026-03-12 12:52:26","2026-07-26 16:57:28"
484,魔法の種,まほうのたね,"Magic Seed",,,consumable,"2026-03-12 12:52:26","2026-07-26 16:57:28"
485,ゆめみの箱,ゆめみのはこ,"Dream Box",,,consumable,"2026-03-12 12:52:26","2026-07-26 16:57:28"
486,練習札,れんしゅうふだ,"Practice Card",,,consumable,"2026-03-12 12:52:26","2026-07-26 16:57:28"
487,○○レンズ,○○れんず,"○○ Lens",,,consumable,"2026-03-12 12:52:26","2026-07-26 16:57:28"
488,記憶の消しゴム,きおくのけしごむ,"Memory Eraser",,,consumable,"2026-03-12 12:52:26","2026-07-26 16:57:28"
489,教練チケット,きょうれんちけっと,"Training Ticket",,,consumable,"2026-03-12 12:52:26","2026-07-26 16:57:28"
490,金色のフランベリー,きんいろのふらんべりー,"Golden Flanberry",,,consumable,"2026-03-12 12:52:26","2026-07-26 16:57:28"
491,金のフェルマーク,きんのふぇるまーく,"Gold Fel Mark",,,consumable,"2026-03-12 12:52:26","2026-07-26 16:57:28"
492,銀のフェルマーク,ぎんのふぇるまーく,"Silver Fel Mark",,,consumable,"2026-03-12 12:52:26","2026-07-26 16:57:28"
493,紅蓮のフランベリー,ぐれんのふらんべりー,"Bright Red Flanberry",,,consumable,"2026-03-12 12:52:26","2026-07-26 16:57:28"
494,光章チケット,こうしょうちけっと,"Shiny Ticket",,,consumable,"2026-03-12 12:52:26","2026-07-26 16:57:28"
495,スライムあんぱん,すらいむあんぱん,"Slime Anpan",,,consumable,"2026-03-12 12:52:26","2026-07-26 16:57:28"
496,せかいじゅのリーフパイ,せかいじゅのりーふぱい,"Yggdrasil Leaf Pie",,,consumable,"2026-03-12 12:52:26","2026-07-26 16:57:28"
497,蒼黒のフランベリー,そうこくのふらんべりー,"Blue-Black Flanberry",,,consumable,"2026-03-12 12:52:26","2026-07-26 16:57:28"
498,大光章チケット,だいこうしょうちけっと,"Shiny Ticket L",,,consumable,"2026-03-12 12:52:26","2026-07-26 16:57:28"
499,白銀のフランベリー,はくぎんのふらんべりー,"Silver Flanberry",,,consumable,"2026-03-12 12:52:26","2026-07-26 16:57:28"
500,フェルマーク,ふぇるまーく,"Fel Mark",,,consumable,"2026-03-12 12:52:26","2026-07-26 16:57:28"
501,フランベリー,ふらんべりー,Flanberry,,,consumable,"2026-03-12 12:52:26","2026-07-26 16:57:28"
502,ベスのカレーパン,べすのかれーぱん,"She-Slime Curry Bread",,,consumable,"2026-03-12 12:52:26","2026-07-26 16:57:28"
503,ホイミンやきそばパン,ほいみんやきそばぱん,"Healie Yakisoba",,,consumable,"2026-03-12 12:52:26","2026-07-26 16:57:28"
504,モシャストーン,もしゃすとーん,"Morph Stone",,,consumable,"2026-03-12 12:52:26","2026-07-26 16:57:28"
505,桃果のフランベリー,とうかのふらんべりー,"Pink Flanberry",,,consumable,"2026-03-12 12:52:26","2026-07-26 16:57:28"
506,緑花のフランベリー,りょくかのふらんべりー,"Green Flanberry",,,consumable,"2026-03-12 12:52:26","2026-07-26 16:57:28"
507,回復ドリンク,かいふくどりんく,"Recovery Drink",,,consumable,"2026-03-12 12:52:26","2026-07-26 16:57:28"
508,魔力ドリンク,まりょくどりんく,"Magical Drink",,,consumable,"2026-03-12 12:52:26","2026-07-26 16:57:28"
509,復活ドリンク,ふっかつどりんく,"Resurrection Drink",,,consumable,"2026-03-12 12:52:26","2026-07-26 16:57:28"
510,猛攻の書,もうこうのしょ,"Oomph Book",,,consumable,"2026-03-12 12:52:26","2026-07-26 16:57:28"
511,堅守の書,けんしゅのしょ,"Buff Book",,,consumable,"2026-03-12 12:52:26","2026-07-26 16:57:28"
512,神速の書,しんそくのしょ,"Accel Book",,,consumable,"2026-03-12 12:52:26","2026-07-26 16:57:28"
513,加重の書,かじゅうのしょ,"Thunk Book",,,consumable,"2026-03-12 12:52:26","2026-07-26 16:57:28"
514,金縛りの札,かなしばりのふだ,"Bill of Binding",,,consumable,"2026-03-12 12:52:26","2026-07-26 16:57:28"
515,オトリ召喚の札,おとりしょうかんのふだ,"Bill of Baiting",,,consumable,"2026-03-12 12:52:26","2026-07-26 16:57:28"
516,大砲の弾,たいほうのたま,Cannonball,,,consumable,"2026-03-12 12:52:26","2026-07-26 16:57:28"
517,強化砲弾,きょうかほうだん,"Super Shell",,,consumable,"2026-03-12 12:52:26","2026-07-26 16:57:28"
518,しびれ砲弾,しびれほうだん,"Stunning Shell",,,consumable,"2026-03-12 12:52:26","2026-07-26 16:57:28"
519,リトライストーン,りとらいすとーん,"Retry Stone",,,consumable,"2026-03-12 12:52:26","2026-07-26 16:57:28"
520,修練の心得,しゅうれんのこころえ,"Tips on Training",,,consumable,"2026-03-12 12:52:26","2026-07-26 16:57:28"
521,クローバーのカギ,くろーばーのかぎ,"Clover Key",,,consumable,"2026-03-12 12:52:26","2026-07-26 16:57:28"
522,ねがいのかがみ,ねがいのかがみ,"Mirror of Wishes",,,consumable,"2026-03-12 12:52:26","2026-07-26 16:57:28"
523,ツヤめきペイント,つやめきぺいんと,"Glossy Paint",,,consumable,"2026-03-12 12:52:26","2026-07-26 16:57:28"
524,ツヤめきリンス,つやめきりんす,"Glossy Rinse",,,consumable,"2026-03-12 12:52:26","2026-07-26 16:57:28"
525,カラフルブーケ,からふるぶーけ,"Colorful Bouquet",,,consumable,"2026-03-12 12:52:26","2026-07-26 16:57:28"
526,覚醒の鬼神石,かくせいのきじんせき,"Uber Demon Stone",,,consumable,"2026-03-12 12:52:26","2026-07-26 16:57:28"
527,爆伸丸,ばくしんがん,"Powerburst Pill",,,consumable,"2026-03-12 12:52:26","2026-07-26 16:57:28"
528,覚醒の神秘石,かくせいのしんぴせき,"Uber Secret Stone",,,consumable,"2026-03-12 12:52:26","2026-07-26 16:57:28"
529,キラキラ,きらきら,Sparkling,,,material,"2026-03-12 12:52:28","2026-07-26 16:57:28"
530,アイスブルーダリア,あいすぶるーだりあ,"Ice Blue Dahlia",0,,material,"2026-03-12 12:52:28","2026-07-26 16:57:28"
531,青い宝石,あおいほうせき,"Savvy Sapphire",1200,,material,"2026-03-12 12:52:28","2026-07-26 16:57:28"
532,青の上錬金石,あおのじょうれんきんせき,"Sapphire Gem",,,material,"2026-03-12 12:52:28","2026-07-26 16:57:28"
533,青のラクリマ,あおのらくりま,"Blue Lacrima",,,material,"2026-03-12 12:52:28","2026-07-26 16:57:28"
534,青の錬金石,あおのれんきんいし,"Blue Gem",,,material,"2026-03-12 12:52:28","2026-07-26 16:57:28"
535,赤いサンゴ,あかいさんご,"Crimson Coral",250,,material,"2026-03-12 12:52:28","2026-07-26 16:57:28"
536,赤い宝石,あかいほうせき,"Royal Ruby",1200,,material,"2026-03-12 12:52:28","2026-07-26 16:57:28"
537,赤の上錬金石,あかのじょうれんきんせき,"Ruby Gem",,,material,"2026-03-12 12:52:28","2026-07-26 16:57:28"
538,赤のラクリマ,あかのらくりま,"Red Lacrima",,,material,"2026-03-12 12:52:28","2026-07-26 16:57:28"
539,赤の錬金石,あかのれんきんいし,"Red Gem",,,material,"2026-03-12 12:52:28","2026-07-26 16:57:29"
540,アクセルギアの破片,あくせるぎあのかけら,"Mechanical Monocle Shard",,,material,"2026-03-12 12:52:28","2026-07-26 16:57:29"
541,悪霊の仮面の破片,あくりょうのかめんのかけら,"Evil Spirit Mask Shard",,,material,"2026-03-12 12:52:28","2026-07-26 16:57:29"
542,麻の糸,あさのいと,"Flaxen Thread",60,,material,"2026-03-12 12:52:28","2026-07-26 16:57:29"
543,アステライト鉱石,あすてらいとこうせき,Astolyte,1200,,material,"2026-03-12 12:52:28","2026-07-26 16:57:29"
544,あずきガーベラのタネ,あずきがーべらのたね,"Red Bean Gerbera Seed",,,material,"2026-03-12 12:52:28","2026-07-26 16:57:29"
545,汗と涙の結晶,あせとなみだのけっしょう,"Sweat & Tears Gem",4900,,material,"2026-03-12 12:52:28","2026-07-26 16:57:29"
546,アナザーハート,あなざーはーと,"Another Heart",,,material,"2026-03-12 12:52:28","2026-07-26 16:57:29"
547,あまつゆのいと,あまつゆのいと,"Celestial Skein",1000,,material,"2026-03-12 12:52:28","2026-07-26 16:57:29"
548,あやかしそう,あやかしそう,Narspicious,290,,material,"2026-03-12 12:52:28","2026-07-26 16:57:29"
549,暗黒の樹木,あんこくのじゅもく,Fatalistick,390,,material,"2026-03-12 12:52:28","2026-07-26 16:57:29"
550,暗夜の魔石,あんやのませき,"Midnight Stone",25000,,material,"2026-03-12 12:52:28","2026-07-26 16:57:29"
551,イエローアイ,いえろーあい,"Yellow Eye",350,,material,"2026-03-12 12:52:28","2026-07-26 16:57:29"
552,イエローオーブ,いえろーおーぶ,"Yellow Orb",3000,,material,"2026-03-12 12:52:28","2026-07-26 16:57:29"
553,イエローリップのタネ,いえろーりっぷのたね,"Yellow Tulip Seed",,,material,"2026-03-12 12:52:28","2026-07-26 16:57:29"
554,いかずちのたま,いかずちのたま,Thunderball,1350,,material,"2026-03-12 12:52:28","2026-07-26 16:57:29"
555,ウェナールシェル,うぇなーるしぇる,"Wenal Shell",4800,,material,"2026-03-12 12:52:28","2026-07-26 16:57:29"
556,うしのふん,うしのふん,Cowpat,150,,material,"2026-03-12 12:52:28","2026-07-26 16:57:29"
557,うつろい草,うつろいそう,Kaleidograss,6000,,material,"2026-03-12 12:52:28","2026-07-26 19:08:32"
558,うまのふん,うまのふん,"Horse Manure",150,,material,"2026-03-12 12:52:28","2026-07-26 16:57:29"
559,うるわしキノコ,うるわしきのこ,"Belle Cap",160,,material,"2026-03-12 12:52:28","2026-07-26 16:57:29"
560,エメラルドリリィ,えめらるどりりぃ,"Emerald Lily",0,,material,"2026-03-12 12:52:28","2026-07-26 16:57:29"
561,エルトナスイセン,えるとなすいせん,"Eltona Daffodil",3600,,material,"2026-03-12 12:52:28","2026-07-26 16:57:29"
562,炎光の勾玉の破片,えんこうのまがたまのかけら,"Firelight Jewel Shard",,,material,"2026-03-12 12:52:29","2026-07-26 16:57:29"
563,エンゼルハーツ,えんぜるはーつ,"Angel Heart",,,material,"2026-03-12 12:52:29","2026-07-26 16:57:29"
564,炎魔の焼け石,えんまのやけいし,"Burning Stone",1700,,material,"2026-03-12 12:52:29","2026-07-26 16:57:29"
565,おいしいミルク,おいしいみるく,"Fresh Milk",240,,material,"2026-03-12 12:52:29","2026-07-26 16:57:29"
566,黄金のアンク？,おうごんのあんく?,"Golden Ankh?",,,material,"2026-03-12 12:52:29","2026-07-26 16:57:29"
567,おうごんのかけら,おうごんのかけら,"Gold Nuglet",450,,material,"2026-03-12 12:52:29","2026-07-26 16:57:29"
568,黄金の飾り扇,おうごんのかざりおうぎ,"Ornamental Fan",15000,,material,"2026-03-12 12:52:29","2026-07-26 16:57:29"
569,黄金の飾りオノ,おうごんのかざりおの,"Ornamental Axe",15000,,material,"2026-03-12 12:52:29","2026-07-26 16:57:29"
570,黄金の飾り片手剣,おうごんのかざりかたてけん,"Ornamental Sword",20000,,material,"2026-03-12 12:52:29","2026-07-26 16:57:29"
571,黄金の飾りかぶと,おうごんのかざりかぶと,"Ornamental Helmet",20000,,material,"2026-03-12 12:52:29","2026-07-26 16:57:29"
572,黄金の飾りくつ,おうごんのかざりくつ,"Ornamental Boots",20000,,material,"2026-03-12 12:52:29","2026-07-26 16:57:29"
573,黄金の飾りこて,おうごんのかざりこて,"Ornamental Gloves",20000,,material,"2026-03-12 12:52:29","2026-07-26 16:57:29"
574,黄金の飾り棍,おうごんのかざりこん,"Ornamental Rod",20000,,material,"2026-03-12 12:52:29","2026-07-26 16:57:29"
575,黄金の飾りスティック,おうごんのかざりすてぃっく,"Ornamental Wand",10000,,material,"2026-03-12 12:52:29","2026-07-26 16:57:29"
576,黄金の飾り盾,おうごんのかざりたて,"Ornamental Shield",25000,,material,"2026-03-12 12:52:29","2026-07-26 16:57:29"
577,黄金の飾り短剣,おうごんのかざりたんけん,"Ornamental Knife",25000,,material,"2026-03-12 12:52:29","2026-07-26 16:57:29"
578,黄金の飾りツメ,おうごんのかざりつめ,"Ornamental Claws",25000,,material,"2026-03-12 12:52:29","2026-07-26 16:57:29"
579,黄金の飾りハンマー,おうごんのかざりはんまー,"Ornamental Hammer",30000,,material,"2026-03-12 12:52:29","2026-07-26 16:57:29"
580,黄金の飾りブーメラン,おうごんのかざりぶーめらん,"Ornamental Boomerang",15000,,material,"2026-03-12 12:52:29","2026-07-26 16:57:29"
581,黄金の飾りムチ,おうごんのかざりむち,"Ornamental Whip",15000,,material,"2026-03-12 12:52:29","2026-07-26 16:57:29"
582,黄金の飾りヤリ,おうごんのかざりやり,"Ornamental Spear",35000,,material,"2026-03-12 12:52:29","2026-07-26 16:57:29"
583,黄金の飾り弓,おうごんのかざりゆみ,"Ornamental Bow",25000,,material,"2026-03-12 12:52:29","2026-07-26 16:57:29"
584,黄金の飾りよろい上,おうごんのかざりよろいじょう,"Ornamental Cuirass",20000,,material,"2026-03-12 12:52:29","2026-07-26 16:57:29"
585,黄金の飾りよろい下,おうごんのかざりよろいか,"Ornamental Faulds",20000,,material,"2026-03-12 12:52:29","2026-07-26 16:57:29"
586,黄金の飾り両手剣,おうごんのかざりりょうてけん,"Ornamental Greatsword",15000,,material,"2026-03-12 12:52:29","2026-07-26 16:57:29"
587,黄金の飾り両手杖,おうごんのかざりりょうてつえ,"Ornamental Staff",20000,,material,"2026-03-12 12:52:29","2026-07-26 16:57:29"
588,黄金の秘宝？,おうごんのひほう?,"Golden Treasure?",,,material,"2026-03-12 12:52:29","2026-07-26 16:57:29"
589,黄金のブローチの破片,おうごんのぶろーちのかけら,"Golden Brooch Shard",,,material,"2026-03-12 12:52:29","2026-07-26 16:57:29"
590,黄金のブローチ？,おうごんのぶろーち?,"Golden Brooch?",,,material,"2026-03-12 12:52:29","2026-07-26 16:57:29"
591,大きなうろこ,おおきなうろこ,"Large Scale",170,,material,"2026-03-12 12:52:29","2026-07-26 16:57:29"
592,大きな黄金の秘宝？,おおきなおうごんのひほう?,"Large Golden Treasure?",,,material,"2026-03-12 12:52:29","2026-07-26 16:57:29"
593,大きなおたからの花びら,おおきなおたからのはなびら,"Large Iridescent Petal",,,material,"2026-03-12 12:52:29","2026-07-26 16:57:29"
594,大きな貝がら,おおきなかいがら,"Sizeable Seashell",1600,,material,"2026-03-12 12:52:29","2026-07-26 16:57:29"
595,大きな化石,おおきなかせき,"Colossal Fossil",130,,material,"2026-03-12 12:52:29","2026-07-26 16:57:29"
596,大きなこうら,おおきなこうら,"Giant Tortoise Shell",2500,,material,"2026-03-12 12:52:29","2026-07-26 16:57:29"
597,大きなホネ,おおきなほね,"Big Bone",2000,,material,"2026-03-12 12:52:29","2026-07-26 16:57:29"
598,おおとろの切り身,おおとろのきりみ,"Tuna Belly",600,,material,"2026-03-12 12:52:29","2026-07-26 16:57:29"
599,オグリドホーン,おぐりどほーん,"Ogreed Horn",11000,,material,"2026-03-12 12:52:29","2026-07-26 16:57:29"
600,おたからのタネ,おたからのたね,"Treasure Seed",,,material,"2026-03-12 12:52:29","2026-07-26 16:57:29"
601,おたからの花びら,おたからのはなびら,"Iridescent Petal",,,material,"2026-03-12 12:52:29","2026-07-26 16:57:29"
602,オニキスダリア,おにきすだりあ,"Onyx Dahlia",0,,material,"2026-03-12 12:52:29","2026-07-26 16:57:29"
603,おぼろ水晶,おぼろすいしょう,Nebulousphere,830,,material,"2026-03-12 12:52:29","2026-07-26 16:57:29"
604,オリーブマリーのタネ,おりーぶまりーのたね,"Olive Marie Seed",,,material,"2026-03-12 12:52:29","2026-07-26 16:57:29"
605,オレンジスズランのタネ,おれんじすずらんのたね,"Orange Lily Seed",,,material,"2026-03-12 12:52:29","2026-07-26 16:57:29"
606,海魔の眼甲の破片,かいまのがんこうのかけら,"Nacreous Necromonocle Shard",,,material,"2026-03-12 12:52:29","2026-07-26 16:57:29"
607,カオスベリー,かおすべりー,"Chaos Berry",3500,,material,"2026-03-12 12:52:29","2026-07-26 16:57:29"
608,かがみ石,かがみせき,Mirrorstone,300,,material,"2026-03-12 12:52:29","2026-07-26 16:57:29"
609,かがやきそう,かがやきそう,Glimmergrass,360,,material,"2026-03-12 12:52:29","2026-07-26 16:57:29"
610,かがやきの樹液,かがやきのじゅえき,"Sparkly Sap",1000,,material,"2026-03-12 12:52:29","2026-07-26 16:57:29"
611,かぜきりのはね,かぜきりのはね,"Flurry Feather",3500,,material,"2026-03-12 12:52:29","2026-07-26 16:57:29"
612,風の宝珠,かぜのほうしゅ,"Wind Jewel",,,material,"2026-03-12 12:52:29","2026-07-26 16:57:29"
613,カチコチくるみ,かちこちくるみ,"Tough Nut",220,,material,"2026-03-12 12:52:29","2026-07-26 16:57:29"
614,カフェスズランのタネ,かふぇすずらんのたね,"Latte Lily Seed",,,material,"2026-03-12 12:52:29","2026-07-26 16:57:29"
615,神々のゆびわの破片,かみがみのゆびわのかけら,"Ring of the Risen Shard",,,material,"2026-03-12 12:52:29","2026-07-26 16:57:29"
616,火竜のキバ,かりゅうのきば,"Fiery Fang",14000,,material,"2026-03-12 12:52:29","2026-07-26 16:57:29"
617,ガマのあぶら,がまのあぶら,"Toad Oil",280,,material,"2026-03-12 12:52:29","2026-07-26 16:57:29"
618,ガーデスの枝,がーですのえだ,"Guardess Branch",18000,,material,"2026-03-12 12:52:29","2026-07-26 16:57:29"
619,黄色の宝石,きいろのほうせき,"Sunny Citrine",1200,,material,"2026-03-12 12:52:29","2026-07-26 16:57:29"
620,輝晶核,きしょうかく,"Coruscating Core",2100000,,material,"2026-03-12 12:52:29","2026-07-26 16:57:29"
621,輝晶の砕片,きしょうのさいへん,"Coruscating Clast",,,material,"2026-03-12 12:52:29","2026-07-26 16:57:29"
622,機神の眼甲の破片,きしんのがんこうのかけら,"Mechanical Eye Shard",,,material,"2026-03-12 12:52:29","2026-07-26 16:57:29"
623,黄の上錬金石,きのじょうれんきんせき,"Topaz Gem",,,material,"2026-03-12 12:52:29","2026-07-26 16:57:29"
624,黄のラクリマ,きのらくりま,"Yellow Lacrima",,,material,"2026-03-12 12:52:29","2026-07-26 16:57:29"
625,黄の錬金石,きのれんきんいし,"Yellow Gem",,,material,"2026-03-12 12:52:29","2026-07-26 16:57:29"
626,巨竜樹の枝,きょりゅうじゅのえだ,Wyrmwood,4700,,material,"2026-03-12 12:52:29","2026-07-26 16:57:29"
627,きよめの水,きよめのみず,"Fresh Water",100,,material,"2026-03-12 12:52:29","2026-07-26 16:57:29"
628,きれいな枝,きれいなえだ,"Pink Pine",360,,material,"2026-03-12 12:52:29","2026-07-26 16:57:29"
629,きんかい,きんかい,"Gold Bar",3200,,material,"2026-03-12 12:52:29","2026-07-26 16:57:29"
630,金のフェザーチップ,きんのふぇざーちっぷ,"Gold Feather Chip",,,material,"2026-03-12 12:52:29","2026-07-26 16:57:29"
631,金の錬金石,きんのれんきんいし,"Gold Gem",,,material,"2026-03-12 12:52:29","2026-07-26 16:57:29"
632,金のロザリオの破片,きんのろざりおのかけら,"Gold Rosary Shard",,,material,"2026-03-12 12:52:29","2026-07-26 16:57:29"
633,ぎんのこうせき,ぎんのこうせき,"Silver Ore",240,,material,"2026-03-12 12:52:29","2026-07-26 16:57:29"
634,銀のフェザーチップ,ぎんのふぇざーちっぷ,"Silver Feather Chip",,,material,"2026-03-12 12:52:29","2026-07-26 16:57:29"
635,銀の錬金石,ぎんのれんきんいし,"Silver Gem",,,material,"2026-03-12 12:52:29","2026-07-26 16:57:29"
636,銀のロザリオの破片,ぎんのろざりおのかけら,"Silver Rosary Shard",,,material,"2026-03-12 12:52:29","2026-07-26 16:57:29"
637,黒の錬金石,くろのれんきんいし,"Black Gem",,,material,"2026-03-12 12:52:29","2026-07-26 16:57:29"
638,グリーンアイ,ぐりーんあい,"Green Eye",300,,material,"2026-03-12 12:52:29","2026-07-26 16:57:29"
639,グリーンオーブ,ぐりーんおーぶ,"Green Orb",4500,,material,"2026-03-12 12:52:29","2026-07-26 16:57:29"
640,グレーリリィ,ぐれーりりぃ,"Dark Gray Lily",0,,material,"2026-03-12 12:52:29","2026-07-26 16:57:29"
641,グレーリリィのタネ,ぐれーりりぃのたね,"Dark Gray Lily Seed",0,,material,"2026-03-12 12:52:29","2026-07-26 16:57:29"
642,黒の封石,くろのふうせき,"Black Sealing Stone",,,material,"2026-03-12 12:52:29","2026-07-26 16:57:29"
643,けものの皮,けもののかわ,"Hardy Hide",120,,material,"2026-03-12 12:52:29","2026-07-26 16:57:29"
644,激震のキバ,げきしんのきば,"Vicious Claw",11000,,material,"2026-03-12 12:52:29","2026-07-26 16:57:29"
645,幻界のゆびわの破片,げんかいのゆびわのかけら,"Phantom Ring Shard",,,material,"2026-03-12 12:52:29","2026-07-26 16:57:29"
646,げんこつダケ,げんこつだけ,Fisticup,260,,material,"2026-03-12 12:52:29","2026-07-26 16:57:29"
647,幻獣の皮,げんじゅうのかわ,Kaleidoskin,7100,,material,"2026-03-12 12:52:29","2026-07-26 16:57:29"
648,幻獣のホネ,げんじゅうのほね,"Mythic Beast Bone",9300,,material,"2026-03-12 12:52:29","2026-07-26 16:57:29"
649,げんませき,げんませき,"Ethereal Stone",4500,,material,"2026-03-12 12:52:29","2026-07-26 16:57:29"
650,光彩の布,こうさいのぬの,Candelacloth,20000,,material,"2026-03-12 12:52:29","2026-07-26 16:57:29"
651,こうもりのはね,こうもりのはね,"Wing of Bat",240,,material,"2026-03-12 12:52:29","2026-07-26 16:57:29"
652,氷のけっしょう,こおりのけっしょう,"Ice Crystal",240,,material,"2026-03-12 12:52:29","2026-07-26 16:57:29"
653,氷の樹木,こおりのじゅもく,Avabranche,340,,material,"2026-03-12 12:52:29","2026-07-26 16:57:29"
654,こくうまソース,こくうまそーす,"Barbecue Sauce",400,,material,"2026-03-12 12:52:29","2026-07-26 16:57:29"
655,ごくじょうソルト,ごくじょうそると,"Salt of the Earth",500,,material,"2026-03-12 12:52:29","2026-07-26 16:57:29"
656,古代樹の化石,こだいじゅのかせき,"Tree Fossil",4800,,material,"2026-03-12 12:52:29","2026-07-26 16:57:29"
657,コットン草,こっとんくさ,Cottontop,120,,material,"2026-03-12 12:52:29","2026-07-26 16:57:29"
658,こんじきの雲,こんじきのくも,"Golden Nimbus",3500,,material,"2026-03-12 12:52:29","2026-07-26 16:57:29"
659,昏冥晶,こんめいしょう,"Dark Quartz",,,material,"2026-03-12 12:52:29","2026-07-26 16:57:29"
660,ゴールドジュエル,ごーるどじゅえる,"Gold Jewel",,,material,"2026-03-12 12:52:29","2026-07-26 16:57:29"
661,ゴールドストーン,ごーるどすとーん,"Gold Nugget",1200,,material,"2026-03-12 12:52:29","2026-07-26 16:57:29"
662,ゴールドリリィ,ごーるどりりぃ,"Gold Lily",0,,material,"2026-03-12 12:52:29","2026-07-26 16:57:29"
663,細胞回収器,さいぼうかいしゅうき,"Cell Collector",,,material,"2026-03-12 12:52:29","2026-07-26 16:57:29"
664,さえずりのみつ,さえずりのみつ,"Birdsong Nectar",210,,material,"2026-03-12 12:52:29","2026-07-26 16:57:29"
665,魚の切り身,さかなのきりみ,"Fish Filet",320,,material,"2026-03-12 12:52:29","2026-07-26 16:57:29"
666,さくらの花びら,さくらのはなびら,"Cherry Blossom Petal",160,,material,"2026-03-12 12:52:29","2026-07-26 16:57:29"
667,さざなみのしずく,さざなみのしずく,Rippledrops,300,,material,"2026-03-12 12:52:29","2026-07-26 16:57:29"
668,ささやく枯れ葉,ささやくかれは,Witherleaves,3500,,material,"2026-03-12 12:52:29","2026-07-26 16:57:29"
669,さとりそう,さとりそう,Thinkincense,270,,material,"2026-03-12 12:52:29","2026-07-26 16:57:29"
670,サバンナウッド,さばんなうっど,Witherwood,280,,material,"2026-03-12 12:52:29","2026-07-26 16:57:29"
671,サバンナの水,さばんなのみず,"Oasis Water",140,,material,"2026-03-12 12:52:29","2026-07-26 16:57:29"
672,サンゴールドスズラン,さんごーるどすずらん,"Sungold Lily",,,material,"2026-03-12 12:52:29","2026-07-26 16:57:29"
673,サンドフルーツ,さんどふるーつ,Duneberry,1000,,material,"2026-03-12 12:52:29","2026-07-26 16:57:29"
674,しおかぜ草,しおかぜそう,Waveweed,230,,material,"2026-03-12 12:52:29","2026-07-26 19:09:15"
675,しなやかな枝,しなやかなえだ,"Bendy Branch",240,,material,"2026-03-12 12:52:29","2026-07-26 16:57:29"
676,死神のピアスの破片,しにがみのぴあすのかけら,"Reaper's Earrings Shard",,,material,"2026-03-12 12:52:29","2026-07-26 16:57:29"
677,しもふりミート,しもふりみーと,"Supreme Steak",9700,,material,"2026-03-12 12:52:29","2026-07-26 16:57:29"
678,シャークスキン,しゃーくすきん,Sharkskin,800,,material,"2026-03-12 12:52:29","2026-07-26 16:57:29"
679,しゃっきりレタス,しゃっきりれたす,"Luscious Lettuce",640,,material,"2026-03-12 12:52:29","2026-07-26 16:57:29"
680,しゃっきりレタスのタネ,しゃっきりれたすのたね,"Luscious Lettuce Seed",,,material,"2026-03-12 12:52:29","2026-07-26 16:57:29"
681,将軍のゆびわの破片,しょうぐんのゆびわのかけら,"General Ring Shard",,,material,"2026-03-12 12:52:29","2026-07-26 16:57:29"
682,しらあいダリア,しらあいだりあ,"Pale Cyan Dahlia",0,,material,"2026-03-12 12:52:29","2026-07-26 16:57:29"
683,シルク草,しるくくさ,Silkblossom,240,,material,"2026-03-12 12:52:29","2026-07-26 16:57:29"
684,シルバーダリア,しるばーだりあ,"Silver Dahlia",0,,material,"2026-03-12 12:52:29","2026-07-26 16:57:29"
685,白の封石,しろのふうせき,"White Sealing Stone",,,material,"2026-03-12 12:52:29","2026-07-26 16:57:29"
686,しんせんたまご,しんせんたまご,"Free-Range Eggs",180,,material,"2026-03-12 12:52:29","2026-07-26 16:57:29"
687,神秘の鋼線,しんぴのこうせん,"Steel Wire",3000,,material,"2026-03-12 12:52:29","2026-07-26 16:57:29"
688,邪竜王チケット,じゃりゅうおうちけっと,"Evil Dragonlord Ticket",,,material,"2026-03-12 12:52:29","2026-07-26 16:57:29"
689,ジャングルリップのタネ,じゃんぐるりっぷのたね,"Jungle Tulip Seed",,,material,"2026-03-12 12:52:29","2026-07-26 16:57:29"
690,ジャンボ玉ネギ,じゃんぼだまねぎ,"Overgrown Onion",640,,material,"2026-03-12 12:52:29","2026-07-26 16:57:29"
691,ジャンボ玉ネギのタネ,じゃんぼだまねぎのたね,"Overgrown Onion Seed",,,material,"2026-03-12 12:52:29","2026-07-26 16:57:29"
692,呪力のモト,じゅりょくのもと,Hexite,5600,,material,"2026-03-12 12:52:29","2026-07-26 16:57:29"
693,純白の結晶,じゅんぱくのけっしょう,"Clear Crystal",19000,,material,"2026-03-12 12:52:29","2026-07-26 16:57:29"
694,じょうぶな枝,じょうぶなえだ,"Sturdy Stick",120,,material,"2026-03-12 12:52:29","2026-07-26 16:57:29"
695,水竜のうろこ,すいりゅうのうろこ,"Saturated Scale",7500,,material,"2026-03-12 12:52:29","2026-07-26 16:57:29"
696,スライムおしゃれ花,すらいむおしゃれはな,"Stylish Slime Flower",3000,,material,"2026-03-12 12:52:29","2026-07-26 16:57:29"
697,スライムゼリー,すらいむぜりー,Slimedrop,350,,material,"2026-03-12 12:52:29","2026-07-26 16:57:29"
698,するどいキバ,するどいきば,"Cruel Claw",110,,material,"2026-03-12 12:52:29","2026-07-26 16:57:29"
699,するどい爪,するどいつめ,"Twisted Talons",120,,material,"2026-03-12 12:52:29","2026-07-26 16:57:29"
700,スーパーホネホネ,すーぱーほねほね,"Bone Chimer",2700,,material,"2026-03-12 12:52:29","2026-07-26 16:57:29"
701,星光の糸,せいこうのいと,"Starlight Thread",13000,,material,"2026-03-12 12:52:29","2026-07-26 16:57:29"
702,せいじゃのはい,せいじゃのはい,"Saint's Ashes",1300,,material,"2026-03-12 12:52:29","2026-07-26 16:57:29"
703,せいれいせき,せいれいせき,"Enchanted Stone",12000,,material,"2026-03-12 12:52:29","2026-07-26 16:57:29"
704,赤竜の首かざりの破片,あかりゅうのくびかざりのかけら,"Spitzfire Strand Shard",,,material,"2026-03-12 12:52:29","2026-07-26 16:57:29"
705,ゼーラズマ鉱石,ぜーらずまこうせき,"Zelazma Ore",24000,,material,"2026-03-12 12:52:29","2026-07-26 16:57:29"
706,創生珠,そうせいじゅ,Geneseed,,,material,"2026-03-12 12:52:29","2026-07-26 16:57:29"
707,ソーサリーリングの破片,そーさりーりんぐのかけら,"Sorcerer's Ring Shard",,,material,"2026-03-12 12:52:29","2026-07-26 16:57:29"
708,たそがれゴケ,たそがれごけ,,3200,,material,"2026-03-12 12:52:29","2026-07-26 16:57:29"
709,だいだいカメリアのタネ,だいだいかめりあのたね,"Sour Orng Camellia Seed",,,material,"2026-03-12 12:52:29","2026-07-26 16:57:29"
710,橙のラクリマ,だいだいのらくりま,"Orange Lacrima",,,material,"2026-03-12 12:52:29","2026-07-26 16:57:29"
711,大地の羽毛,だいちのうもう,"Earth Feather",5100,,material,"2026-03-12 12:52:29","2026-07-26 16:57:29"
712,大地の大竜玉の破片,だいちのだいりゅうぎょくのかけら,"Earthwyrm's Jewel Shard",,,material,"2026-03-12 12:52:29","2026-07-26 16:57:29"
713,大地の竜玉の破片,だいちのりゅうぎょくのかけら,"Earthwyrm's Eye Shard",,,material,"2026-03-12 12:52:29","2026-07-26 16:57:29"
714,大魔王チケット,だいまおうちけっと,"Grandmaster Ticket",,,material,"2026-03-12 12:52:29","2026-07-26 16:57:29"
715,ダークゼリー,だーくぜりー,"Dark Slimedrop",0,,material,"2026-03-12 12:52:29","2026-07-26 16:57:29"
716,小さなうろこ,ちいさなうろこ,"Small Scale",230,,material,"2026-03-12 12:52:29","2026-07-26 16:57:29"
717,小さな貝がら,ちいさなかいがら,"Small Seashell",130,,material,"2026-03-12 12:52:29","2026-07-26 16:57:29"
718,小さな化石,ちいさなかせき,"Not-Colossal Fossil",150,,material,"2026-03-12 12:52:29","2026-07-26 16:57:29"
719,小さなこうら,ちいさなこうら,"Tiny Tortoise Shell",250,,material,"2026-03-12 12:52:29","2026-07-26 16:57:29"
720,小さなホネ,ちいさなほね,"Itty-Bitty Bone",130,,material,"2026-03-12 12:52:29","2026-07-26 16:57:29"
721,智謀の首かざりの破片,ちぼうのくびかざりのかけら,"Wisdom Necklace Shard",,,material,"2026-03-12 12:52:29","2026-07-26 16:57:29"
722,忠義の勲章の破片,ちゅうぎのくんしょうのかけら,"Loyalty Medal Shard",,,material,"2026-03-12 12:52:29","2026-07-26 16:57:29"
723,忠誠のチョーカーの破片,ちゅうせいのちょーかーのかけら,"Champion's Choker Shard",,,material,"2026-03-12 12:52:29","2026-07-26 16:57:29"
724,超あまつゆのいと,ちょうあまつゆのいと,"Super Celestial Skein",120000,,material,"2026-03-12 12:52:29","2026-07-26 16:57:29"
725,超おたからのタネ,ちょうおたからのたね,"Super Treasure Seed",,,material,"2026-03-12 12:52:29","2026-07-26 16:57:29"
726,超かがやきの樹液,ちょうかがやきのじゅえき,"Super Sparkly Sap",120000,,material,"2026-03-12 12:52:29","2026-07-26 16:57:29"
727,超トマトのタネ,ちょうとまとのたね,"Super Tomato Seed",,,material,"2026-03-12 12:52:29","2026-07-26 16:57:29"
728,ちょうのはね,ちょうのはね,"Butterfly Wing",200,,material,"2026-03-12 12:52:29","2026-07-26 16:57:29"
729,超ようせいのひだね,ちょうようせいのひだね,"Super Lamplight",110000,,material,"2026-03-12 12:52:29","2026-07-26 16:57:29"
730,地竜のツメ,ちりゅうのつめ,"Craggy Claw",6000,,material,"2026-03-12 12:52:29","2026-07-26 16:57:29"
731,つけもの石,つけものせき,Flintstone,110,,material,"2026-03-12 12:52:29","2026-07-26 16:57:29"
732,てっこうせき,てっこうせき,"Iron Ore",120,,material,"2026-03-12 12:52:29","2026-07-26 16:57:29"
733,てつのクギ,てつのくぎ,"Iron Nails",100,,material,"2026-03-12 12:52:29","2026-07-26 16:57:29"
734,天使のスズランのタネ,てんしのすずらんのたね,"Angel Lily Seed",,,material,"2026-03-12 12:52:29","2026-07-26 16:57:29"
735,天使のソーマ,てんしのそーま,"Sainted Soma",1000,,material,"2026-03-12 12:52:29","2026-07-26 16:57:29"
736,転生の輝石,てんせいのきせき,Reincarnite,,,material,"2026-03-12 12:52:29","2026-07-26 16:57:29"
737,天の香木,てんのこうぼく,Firmawood,2500,,material,"2026-03-12 12:52:29","2026-07-26 16:57:29"
738,天竜草,てんりゅうそう,Nadragrass,5300,,material,"2026-03-12 12:52:29","2026-07-26 17:12:28"
739,デーモンジュエル,でーもんじゅえる,"Demon Jewel",,,material,"2026-03-12 12:52:29","2026-07-26 16:57:29"
740,デスマスクの破片,ですますくのかけら,"Slaughtomask Shard",,,material,"2026-03-12 12:52:29","2026-07-26 16:57:29"
741,デモニウム鉱石,でもにうむこうせき,Demonium,16000,,material,"2026-03-12 12:52:29","2026-07-26 16:57:29"
742,デリシャスオイル,でりしゃすおいる,"Delicious Oil",300,,material,"2026-03-12 12:52:29","2026-07-26 16:57:29"
743,とうこんエキス,とうこんえきす,Aggressence,0,,material,"2026-03-12 12:52:29","2026-07-26 16:57:29"
744,トガリアのしずく,とがりあのしずく,Gratite,4500,,material,"2026-03-12 12:52:29","2026-07-26 16:57:29"
745,ときのすいしょう,ときのすいしょう,Chronocrystal,6000,,material,"2026-03-12 12:52:29","2026-07-26 16:57:29"
746,とげウニ,とげうに,"Ouchy Urchin",360,,material,"2026-03-12 12:52:29","2026-07-26 16:57:29"
747,とこしえの虹,とこしえのにじ,"Eternal Rainbow",20000,,material,"2026-03-12 12:52:29","2026-07-26 16:57:29"
748,常闇の砂,とこやみのすな,"Everdark Sand",,,material,"2026-03-12 12:52:29","2026-07-26 16:57:29"
749,どうのこうせき,どうのこうせき,"Copper Ore",60,,material,"2026-03-12 12:52:29","2026-07-26 16:57:29"
750,銅のフェザーチップ,どうのふぇざーちっぷ,"Bronze Feather Chip",,,material,"2026-03-12 12:52:29","2026-07-26 16:57:29"
751,どくどくヘドロ,どくどくへどろ,"Manky Mud",240,,material,"2026-03-12 12:52:29","2026-07-26 16:57:29"
752,ドラゴンの皮,どらごんのかわ,"Dragon Hide",5300,,material,"2026-03-12 12:52:29","2026-07-26 16:57:29"
753,ドラゴンのツノ,どらごんのつの,"Dragon Horn",5200,,material,"2026-03-12 12:52:29","2026-07-26 16:57:29"
754,ドラゴンのホネ,どらごんのほね,"Dragon Bone",300,,material,"2026-03-12 12:52:29","2026-07-26 16:57:29"
755,ドワチャカオイル,どわちゃかおいる,"Dwachakka Oil",300,,material,"2026-03-12 12:52:29","2026-07-26 16:57:29"
756,ナイトマリーのタネ,ないとまりーのたね,"Night Marie Seed",,,material,"2026-03-12 12:52:29","2026-07-26 16:57:29"
757,ナイトメアリーフ,ないとめありーふ,"Lethal Leaf",3700,,material,"2026-03-12 12:52:29","2026-07-26 16:57:29"
758,謎の石版？,なぞのせきばん?,"Mysterious Stone Tablet?",,,material,"2026-03-12 12:52:29","2026-07-26 16:57:29"
759,ナドラダイト鉱石,などらだいとこうせき,Nadradite,21000,,material,"2026-03-12 12:52:29","2026-07-26 16:57:29"
760,なないろのまゆ,なないろのまゆ,"Colorful Cocoon",320,,material,"2026-03-12 12:52:29","2026-07-26 16:57:29"
761,虹色のオーブ,にじいろのおーぶ,"Iridescent Orb",17000,,material,"2026-03-12 12:52:29","2026-07-26 16:57:29"
762,にじいろの布きれ,にじいろのぬのきれ,"Technicolor Dreamcloth",2200,,material,"2026-03-12 12:52:29","2026-07-26 16:57:29"
763,虹のフェザーチップ,にじのふぇざーちっぷ,"Rainbow Feather Chip",,,material,"2026-03-12 12:52:29","2026-07-26 16:57:29"
764,虹の錬金石,にじのれんきんいし,"Rainbow Gem",,,material,"2026-03-12 12:52:29","2026-07-26 16:57:29"
765,人魚の涙,にんぎょのなみだ,"Mermaid Tear",26000,,material,"2026-03-12 12:52:29","2026-07-26 16:57:29"
766,ネイビーダリア,ねいびーだりあ,"Navy Dahlia",0,,material,"2026-03-12 12:52:29","2026-07-26 16:57:29"
767,ネコずな,ねこずな,"Kitty Litter",210,,material,"2026-03-12 12:52:29","2026-07-26 16:57:29"
768,ハイドラベルトの破片,はいどらべるとのかけら,"Loin-Girder Shard",,,material,"2026-03-12 12:52:29","2026-07-26 16:57:29"
769,破壊神の眼甲の破片,はかいしんのがんこうのかけら,"Wrecking Wear Shard",,,material,"2026-03-12 12:52:29","2026-07-26 16:57:29"
770,灰の封石,はいのふうせき,"Ash Sealing Stone",,,material,"2026-03-12 12:52:29","2026-07-26 16:57:29"
771,はがねの尾羽,はがねのおは,"Tinny Tail Feathers",680,,material,"2026-03-12 12:52:29","2026-07-26 16:57:29"
772,ハッピーハート,はっぴーはーと,"Happy Heart",,,material,"2026-03-12 12:52:29","2026-07-26 16:57:29"
773,花のみつ,はなのみつ,Nectar,180,,material,"2026-03-12 12:52:29","2026-07-26 16:57:29"
774,破魔石,はませき,"Demonbreaker Stone",1100,,material,"2026-03-12 12:52:29","2026-07-26 16:57:29"
775,晴れ呼びの笹,はれよびのささ,"Bamboo Grass",,,material,"2026-03-12 12:52:29","2026-07-26 16:57:29"
776,バトルチョーカーの破片,ばとるちょーかーのかけら,"Dogged Collar Shard",,,material,"2026-03-12 12:52:29","2026-07-26 16:57:29"
777,バニラリリィ,ばにらりりぃ,"Vanilla Lily",0,,material,"2026-03-12 12:52:29","2026-07-26 16:57:29"
778,バニラリリィのタネ,ばにらりりぃのたね,"Vanilla Lily Seed",0,,material,"2026-03-12 12:52:29","2026-07-26 16:57:29"
779,万魔の大紋章の破片,ばんまのだいもんしょうのかけら,"Banma Sigil Shard",,,material,"2026-03-12 12:52:29","2026-07-26 16:57:29"
780,万魔の紋章の破片,ばんまのもんしょうのかけら,"Banma Crest Shard",,,material,"2026-03-12 12:52:29","2026-07-26 16:57:29"
781,パープルアイ,ぱーぷるあい,"Purple Eye",300,,material,"2026-03-12 12:52:29","2026-07-26 16:57:29"
782,パープルオーブ,ぱーぷるおーぶ,"Purple Orb",3000,,material,"2026-03-12 12:52:29","2026-07-26 16:57:29"
783,パールスズラン,ぱーるすずらん,"Pearl Lily",,,material,"2026-03-12 12:52:29","2026-07-26 16:57:29"
784,ひかりの石,ひかりのいし,"Brighten Rock",310,,material,"2026-03-12 12:52:29","2026-07-26 16:57:29"
785,光の宝珠,ひかりのほうしゅ,"Light Jewel",,,material,"2026-03-12 12:52:29","2026-07-26 16:57:29"
786,悲願の血涙,ひがんのけつるい,"Bloody Tear",3700,,material,"2026-03-12 12:52:29","2026-07-26 16:57:29"
787,彼岸の砂,ひがんのすな,"Crimson Sand",17000,,material,"2026-03-12 12:52:29","2026-07-26 16:57:29"
788,氷闇の月飾りの破片,ひょうあんのつきかざりのかけら,"Icy Dark Moon Shard",,,material,"2026-03-12 12:52:29","2026-07-26 16:57:29"
789,びっくりトマト,びっくりとまと,"Killer Tomato",5000,,material,"2026-03-12 12:52:29","2026-07-26 16:57:29"
790,びっくりトマトのタネ,びっくりとまとのたね,"Killer Tomato Seed",,,material,"2026-03-12 12:52:29","2026-07-26 16:57:29"
791,ビッグサボテン,びっぐさぼてん,"Colossal Cactus",5700,,material,"2026-03-12 12:52:29","2026-07-26 16:57:29"
792,ビリジアカメリアのタネ,びりじあかめりあのたね,"Viridian Camellia Seed",,,material,"2026-03-12 12:52:29","2026-07-26 16:57:29"
793,ピュアスノーリリィ,ぴゅあすのーりりぃ,"Pure Snow Lily",0,,material,"2026-03-12 12:52:29","2026-07-26 16:57:29"
794,ピリからペッパー,ぴりからぺっぱー,"Hot Stuff",300,,material,"2026-03-12 12:52:29","2026-07-26 16:57:29"
795,ピンクパール,ぴんくぱーる,"Pink Pearl",250,,material,"2026-03-12 12:52:29","2026-07-26 16:57:29"
796,ピンクローズのタネ,ぴんくろーずのたね,"Pink Rose Seed",0,,material,"2026-03-12 12:52:29","2026-07-26 16:57:29"
797,風雷のいんろうの破片,ふうらいのいんろうのかけら,"Thunderstorm Inro Shard",,,material,"2026-03-12 12:52:29","2026-07-26 16:57:29"
798,風竜の羽毛,ふうりゅうのうもう,"Dragon Down",3800,,material,"2026-03-12 12:52:29","2026-07-26 16:57:29"
799,フォレース鉱石,ふぉれーすこうせき,"Forace Ore",20000,,material,"2026-03-12 12:52:29","2026-07-26 16:57:29"
800,ふさふさの毛皮,ふさふさのけがわ,"Fine Fur",160,,material,"2026-03-12 12:52:29","2026-07-26 16:57:29"
801,ふしぎな海草,ふしぎなかいそう,"Water Sedge",160,,material,"2026-03-12 12:52:29","2026-07-26 16:57:29"
802,ふしぎなドロドロ,ふしぎなどろどろ,"Odd Clod",160,,material,"2026-03-12 12:52:29","2026-07-26 16:57:29"
803,ふわふわ小麦,ふわふわこむぎ,"Wondrous Wheat",640,,material,"2026-03-12 12:52:29","2026-07-26 16:57:29"
804,ふわふわ小麦のタネ,ふわふわこむぎのたね,"Wondrous Wheat Seed",,,material,"2026-03-12 12:52:29","2026-07-26 16:57:29"
805,ぶどうエキス,ぶどうえきす,Finessence,680,,material,"2026-03-12 12:52:29","2026-07-26 16:57:29"
806,ブラウンマリーのタネ,ぶらうんまりーのたね,"Brown Marie Seed",,,material,"2026-03-12 12:52:29","2026-07-26 16:57:29"
807,ブラックパール,ぶらっくぱーる,"Pitch Pearl",200,,material,"2026-03-12 12:52:29","2026-07-26 16:57:29"
808,ブラックリリィ,ぶらっくりりぃ,"Black Lily",0,,material,"2026-03-12 12:52:29","2026-07-26 16:57:29"
809,ブラッドカメリア,ぶらっどかめりあ,"Blood Camellia",,,material,"2026-03-12 12:52:29","2026-07-26 16:57:29"
810,ブルーアイ,ぶるーあい,"Blue Eye",300,,material,"2026-03-12 12:52:29","2026-07-26 16:57:29"
811,ブルーオーブ,ぶるーおーぶ,"Blue Orb",2400,,material,"2026-03-12 12:52:29","2026-07-26 16:57:29"
812,ブルーリリィ,ぶるーりりぃ,"Blue Lily",0,,material,"2026-03-12 12:52:29","2026-07-26 16:57:29"
813,ブルーリリィのタネ,ぶるーりりぃのたね,"Blue Lily Seed",0,,material,"2026-03-12 12:52:29","2026-07-26 16:57:29"
814,ブーストピアスの破片,ぶーすとぴあすのかけら,"Enhancing Earring Shard",,,material,"2026-03-12 12:52:29","2026-07-26 16:57:29"
815,プクランサフラン,ぷくらんさふらん,"Pukuland Saffron",13000,,material,"2026-03-12 12:52:29","2026-07-26 16:57:29"
816,プラチナこうせき,ぷらちなこうせき,"Platinum Ore",360,,material,"2026-03-12 12:52:29","2026-07-26 16:57:29"
817,プラムガーベラのタネ,ぷらむがーべらのたね,"Dark Plum Gerbera Seed",,,material,"2026-03-12 12:52:29","2026-07-26 16:57:29"
818,へびのぬけがら,へびのぬけがら,Snakeskin,2400,,material,"2026-03-12 12:52:29","2026-07-26 16:57:29"
819,ヘビーメタル,へびーめたる,Densinium,21000,,material,"2026-03-12 12:52:29","2026-07-26 16:57:29"
820,ホカホカストーン,ほかほかすとーん,Warmaline,220,,material,"2026-03-12 12:52:29","2026-07-26 16:57:29"
821,ほしのカケラ,ほしのかけら,"Lucida Shard",270,,material,"2026-03-12 12:52:29","2026-07-26 16:57:29"
822,星々のナミダ,ほしぼしのなみだ,"Celestial Tear",120,,material,"2026-03-12 12:52:29","2026-07-26 16:57:29"
823,炎の樹木,ほのおのじゅもく,"Fire Wood",320,,material,"2026-03-12 12:52:29","2026-07-26 16:57:29"
824,炎の宝珠,ほのおのほうしゅ,"Flame Jewel",,,material,"2026-03-12 12:52:29","2026-07-26 16:57:29"
825,ホワイトウッド,ほわいとうっど,Whitewood,310,,material,"2026-03-12 12:52:29","2026-07-26 16:57:29"
826,ホワイトパール,ほわいとぱーる,"Pale Pearl",320,,material,"2026-03-12 12:52:29","2026-07-26 16:57:29"
827,ポイズンカメリアのタネ,ぽいずんかめりあのたね,"Poison Camellia Seed",,,material,"2026-03-12 12:52:29","2026-07-26 16:57:29"
828,魔因細胞,まいんさいぼう,"Demon Cell",,,material,"2026-03-12 12:52:29","2026-07-26 16:57:29"
829,魔因細胞のかけら,まいんさいぼうのかけら,"Demon Cell Fragment",,,material,"2026-03-12 12:52:29","2026-07-26 16:57:29"
830,魔王のネックレスの破片,まおうのねっくれすのかけら,"Sock-It Locket Shard",,,material,"2026-03-12 12:52:29","2026-07-26 16:57:29"
831,魔紅樹の板,まこうじゅのいた,"Demonic Deadwood",420,,material,"2026-03-12 12:52:29","2026-07-26 16:57:29"
832,マゴニア草,まごにあそう,"Gloaming Grass",9300,,material,"2026-03-12 12:52:29","2026-07-26 19:09:05"
833,まじゅうの皮,まじゅうのかわ,"Magic Beast Hide",2700,,material,"2026-03-12 12:52:29","2026-07-26 16:57:29"
834,まじゅうのツノ,まじゅうのつの,"Magic Beast Horn",4800,,material,"2026-03-12 12:52:29","2026-07-26 16:57:29"
835,まじゅうのホネ,まじゅうのほね,"Magic Beast Bone",2200,,material,"2026-03-12 12:52:29","2026-07-26 16:57:29"
836,魔人の勲章の破片,まじんのくんしょうのかけら,"Ruin's Medal Shard",,,material,"2026-03-12 12:52:29","2026-07-26 16:57:29"
837,まっちゃガーベラのタネ,まっちゃがーべらのたね,"Matcha Gerbera Seed",,,material,"2026-03-12 12:52:29","2026-07-26 16:57:29"
838,マデュライト,までゅらいと,,1200,,material,"2026-03-12 12:52:29","2026-07-26 16:57:29"
839,まほうの樹木,まほうのじゅもく,"Spellbound Bough",1800,,material,"2026-03-12 12:52:29","2026-07-26 16:57:29"
840,まりょくの土,まりょくのど,"Royal Soil",160,,material,"2026-03-12 12:52:29","2026-07-26 16:57:29"
841,まんねん雪,まんねんゆき,Permasnow,170,,material,"2026-03-12 12:52:29","2026-07-26 16:57:29"
842,まんまるポテト,まんまるぽてと,"Budding Spud",640,,material,"2026-03-12 12:52:29","2026-07-26 16:57:29"
843,まんまるポテトのタネ,まんまるぽてとのたね,"Budding Spud Seed",,,material,"2026-03-12 12:52:29","2026-07-26 16:57:29"
844,みかわしそう,みかわしそう,Slipweed,310,,material,"2026-03-12 12:52:29","2026-07-26 16:57:29"
845,みがきずな,みがきずな,"Glass Frit",180,,material,"2026-03-12 12:52:29","2026-07-26 16:57:29"
846,水の樹木,みずのじゅもく,"Water Wood",370,,material,"2026-03-12 12:52:29","2026-07-26 16:57:29"
847,水の宝珠,みずのほうしゅ,"Water Jewel",,,material,"2026-03-12 12:52:29","2026-07-26 16:57:29"
848,緑のコケ,みどりのこけ,"Emerald Moss",140,,material,"2026-03-12 12:52:29","2026-07-26 16:57:29"
849,緑の上錬金石,みどりのじょうれんきんせき,"Emerald Gem",,,material,"2026-03-12 12:52:29","2026-07-26 16:57:29"
850,緑の宝石,みどりのほうせき,"Equable Emerald",1200,,material,"2026-03-12 12:52:29","2026-07-26 16:57:29"
851,緑のラクリマ,みどりのらくりま,"Green Lacrima",,,material,"2026-03-12 12:52:29","2026-07-26 16:57:29"
852,緑の錬金石,みどりのれんきんいし,"Green Gem",,,material,"2026-03-12 12:52:29","2026-07-26 16:57:29"
853,ミモザダリア,みもざだりあ,"Mimosa Dahlia",0,,material,"2026-03-12 12:52:29","2026-07-26 16:57:29"
854,紫の上錬金石,むらさきのじょうれんきんせき,"Amethyst Gem",,,material,"2026-03-12 12:52:29","2026-07-26 16:57:29"
855,紫の錬金石,むらさきのれんきんいし,"Purple Gem",,,material,"2026-03-12 12:52:29","2026-07-26 16:57:29"
856,メタルのカケラ,めたるのかけら,"Molten Globules",9300,,material,"2026-03-12 12:52:29","2026-07-26 16:57:29"
857,ヤシの実,やしのみ,Coconut,270,,material,"2026-03-12 12:52:29","2026-07-26 16:57:29"
858,闇の宝珠,やみのほうしゅ,"Dark Jewel",,,material,"2026-03-12 12:52:29","2026-07-26 16:57:29"
859,やわらかい枝,やわらかいえだ,"Soft Branch",60,,material,"2026-03-12 12:52:29","2026-07-26 16:57:29"
860,やわらかい肉,やわらかいにく,"Succulent Steak",320,,material,"2026-03-12 12:52:29","2026-07-26 16:57:29"
861,やわらかウール,やわらかうーる,Lambswool,2000,,material,"2026-03-12 12:52:29","2026-07-26 16:57:29"
862,宵闇のジェル,よいやみのじぇる,,21000,,material,"2026-03-12 12:52:29","2026-07-26 16:57:29"
863,ようがんのカケラ,ようがんのかけら,"Lava Lump",200,,material,"2026-03-12 12:52:29","2026-07-26 16:57:29"
864,ようせいの粉,ようせいのこな,"Pixie Dust",100,,material,"2026-03-12 12:52:29","2026-07-26 16:57:29"
865,ようせいのひだね,ようせいのひだね,Lamplight,1000,,material,"2026-03-12 12:52:29","2026-07-26 16:57:29"
866,妖精の綿花,ようせいのめんか,"Faerie Fluff",1200,,material,"2026-03-12 12:52:29","2026-07-26 16:57:29"
867,よごれたほうたい,よごれたほうたい,"Grubby Bandage",200,,material,"2026-03-12 12:52:29","2026-07-26 16:57:29"
868,よるのとばり,よるのとばり,Evencloth,720,,material,"2026-03-12 12:52:29","2026-07-26 16:57:29"
869,ライオンジュエル,らいおんじゅえる,"Lion Jewel",,,material,"2026-03-12 12:52:29","2026-07-26 16:57:29"
870,ライスフラワー,らいすふらわー,"Rice Blossom",640,,material,"2026-03-12 12:52:29","2026-07-26 16:57:29"
871,ライスフラワーのタネ,らいすふらわーのたね,"Rice Blossom Seed",,,material,"2026-03-12 12:52:29","2026-07-26 16:57:29"
872,ラベンダスズランのタネ,らべんだすずらんのたね,"Lavender Lily Seed",,,material,"2026-03-12 12:52:29","2026-07-26 16:57:29"
873,竜牙石,りゅうがせき,Dragonite,0,,material,"2026-03-12 12:52:29","2026-07-26 16:57:29"
874,竜牙石の破片,りゅうがせきのかけら,"Dragonite Shard",,,material,"2026-03-12 12:52:29","2026-07-26 16:57:29"
875,竜のうろこの破片,りゅうのうろこのかけら,"Dragon Scale Shard",,,material,"2026-03-12 12:52:29","2026-07-26 16:57:29"
876,竜の涙,りゅうのなみだ,"Dragon Drops",3800,,material,"2026-03-12 12:52:29","2026-07-26 16:57:29"
877,レグナライト,れぐならいと,Regnalite,0,,material,"2026-03-12 12:52:29","2026-07-26 16:57:29"
878,レタスカメリアのタネ,れたすかめりあのたね,"Lettuce Camellia Seed",,,material,"2026-03-12 12:52:29","2026-07-26 16:57:29"
879,レッドアイ,れっどあい,"Red Eye",300,,material,"2026-03-12 12:52:29","2026-07-26 16:57:29"
880,レッドオーブ,れっどおーぶ,"Red Orb",2000,,material,"2026-03-12 12:52:29","2026-07-26 16:57:29"
881,レッドベリー,れっどべりー,Buzzberries,120,,material,"2026-03-12 12:52:29","2026-07-26 16:57:29"
882,レッドローズのタネ,れっどろーずのたね,"Red Rose Seed",0,,material,"2026-03-12 12:52:29","2026-07-26 16:57:29"
883,烈風石,れっぷうせき,"Blustery Ball",16000,,material,"2026-03-12 12:52:29","2026-07-26 16:57:29"
884,レンダーシード,れんだーしーど,"Lendersia Seed",2000,,material,"2026-03-12 12:52:29","2026-07-26 16:57:29"
885,ローズダリア,ろーずだりあ,"Rose Dahlia",0,,material,"2026-03-12 12:52:29","2026-07-26 16:57:29"
886,わだつみのしずく,わだつみのしずく,"Abyss Droplets",,,material,"2026-03-12 12:52:29","2026-07-26 16:57:29"
887,○水晶の羽根,○すいしょうのはね,"○ Crystal Feather",,,material,"2026-03-12 12:52:29","2026-07-26 16:57:29"
888,アクセサリーの破片,あくせさりーのかけら,"Accessory Fragment",,,material,"2026-03-12 12:52:29","2026-07-26 16:57:29"
889,オーブ,おーぶ,Orb,,,material,"2026-03-12 12:52:29","2026-07-26 16:57:29"
890,タネ,たね,Seed,,,material,"2026-03-12 12:52:29","2026-07-26 16:57:29"
891,ビクトリーチップ,びくとりーちっぷ,"Victory Chip",,,material,"2026-03-12 12:52:29","2026-07-26 16:57:29"
892,ちいさなメダル,ちいさなめだる,"Mini Medal",,,recipe,"2026-03-12 12:52:32","2026-07-26 16:57:29"
893,素材屋,そざいや,"Material Shop",,,recipe,"2026-03-12 12:52:32","2026-07-26 16:57:29"
894,はじめての武器鍛冶,はじめてのぶきかじ,"Welcome Weaponsmithing",,,recipe,"2026-03-12 12:52:32","2026-07-26 16:57:29"
895,作ろう！片手剣,つくろう!かたてけん,"Let's Make a One-Handed Sword!",,,recipe,"2026-03-12 12:52:32","2026-07-26 16:57:29"
896,バスタードソードの本,ばすたーどそーどのほん,"Bastard Sword Book",,,recipe,"2026-03-12 12:52:32","2026-07-26 16:57:29"
897,ウェスタンレイピア伝記,うぇすたんれいぴあでんき,"Western Rapier History",,,recipe,"2026-03-12 12:52:32","2026-07-26 16:57:29"
898,戦士の剣の物語,せんしのけんのものがたり,"Warrior's Sword Tale",,,recipe,"2026-03-12 12:52:32","2026-07-26 16:57:29"
899,はじゃのつるぎの書,はじゃのつるぎのしょ,"Cautery Sword Book",,,recipe,"2026-03-12 12:52:32","2026-07-26 16:57:29"
900,はやぶさの剣の書,はやぶさのけんのしょ,"Falcon Blade Book",,,recipe,"2026-03-12 12:52:32","2026-07-26 16:57:29"
901,プラチナソードの本,ぷらちなそーどのほん,"Platinum Sword Book",,,recipe,"2026-03-12 12:52:32","2026-07-26 16:57:29"
902,実録！魔剣の作り方,じつろく!まけんのつくりかた,"How to Make a Magic Sword!",,,recipe,"2026-03-12 12:52:32","2026-07-26 16:57:29"
903,ゾンビキラーの本,ぞんびきらーのほん,"Zombiesbane Book",,,recipe,"2026-03-12 12:52:32","2026-07-26 16:57:29"
904,ドラゴンキラーの本,どらごんきらーのほん,"Dragonsbane Book",,,recipe,"2026-03-12 12:52:32","2026-07-26 16:57:29"
905,ほのおのつるぎの書,ほのおのつるぎのしょ,"Fire Blade Book",,,recipe,"2026-03-12 12:52:32","2026-07-26 16:57:29"
906,ミラクル武器の軌跡,みらくるぶきのきせき,"Miracle Sword Book",,,recipe,"2026-03-12 12:52:32","2026-07-26 16:57:29"
907,メタスラの剣のレシピ,めたすらのけんのれしぴ,"Metal Slime Sword Book",,,recipe,"2026-03-12 12:52:32","2026-07-26 16:57:29"
908,オニキスの魔剣の本,おにきすのまけんのほん,"Hooked on Onyx",,,recipe,"2026-03-12 12:52:32","2026-07-26 16:57:29"
909,ほしくずのつるぎの本,ほしくずのつるぎのほん,"Stardust Sword Book",,,recipe,"2026-03-12 12:52:32","2026-07-26 16:57:29"
910,聖王のつるぎの壁画,せいおうのつるぎのへきが,"Dryspell Sword Book",,,recipe,"2026-03-12 12:52:32","2026-07-26 16:57:29"
911,ライトニングソードの書,らいとにんぐそーどのしょ,"Thunderstorm Sword Book",,,recipe,"2026-03-12 12:52:32","2026-07-26 16:57:29"
912,斬鉄丸の書,ざんてつまるのしょ,"Thousand-Fold Book",,,recipe,"2026-03-12 12:52:32","2026-07-26 16:57:29"
913,天命賢書,てんめいけんしょ,"Judgment Book",,,recipe,"2026-03-12 12:52:32","2026-07-26 16:57:29"
914,はやぶさの剣改の書,はやぶさのけんかいのしょ,"Uber Falcon Blade Book",,,recipe,"2026-03-12 12:52:32","2026-07-26 16:57:29"
915,体験！大剣作り,たいけん!だいけんづくり,"Try Making a Greatsword!",,,recipe,"2026-03-12 12:52:32","2026-07-26 16:57:29"
916,おおばさみ作りのヒント,おおばさみづくりのひんと,"Sizable Scissors Making",,,recipe,"2026-03-12 12:52:32","2026-07-26 16:57:29"
917,退魔の太刀の書,たいまのたちのしょ,"Banishing Blade Book",,,recipe,"2026-03-12 12:52:32","2026-07-26 16:57:29"
918,ブラッドエッジの歴史,ぶらっどえっじのれきし,"Bloodletter Sword Tale",,,recipe,"2026-03-12 12:52:32","2026-07-26 16:57:29"
919,クレセントエッジの本,くれせんとえっじのほん,"Razer-Wing Book",,,recipe,"2026-03-12 12:52:32","2026-07-26 16:57:29"
920,斬夜の太刀の書,ざんやのたちのしょ,"Nightcleaver Book",,,recipe,"2026-03-12 12:52:32","2026-07-26 16:57:29"
921,プラチナブレードの本,ぷらちなぶれーどのほん,"Platinum Powersword Bk",,,recipe,"2026-03-12 12:52:32","2026-07-26 16:57:29"
922,デーモンバスターの本,でーもんばすたーのほん,"Demonsbane Book",,,recipe,"2026-03-12 12:52:32","2026-07-26 16:57:29"
923,ドラゴンバスターの本,どらごんばすたーのほん,"Wyrmfang Book",,,recipe,"2026-03-12 12:52:32","2026-07-26 16:57:29"
924,キングブレードのレシピ,きんぐぶれーどのれしぴ,"Lord's Sword Recipe",,,recipe,"2026-03-12 12:52:32","2026-07-26 16:57:29"
925,大獄剣の真実,だいごくけんのしんじつ,"Brimstone Blade's Truth",,,recipe,"2026-03-12 12:52:32","2026-07-26 16:57:29"
926,メタスラの大剣の本,めたすらのだいけんのほん,"Metal Gooreatsword Book",,,recipe,"2026-03-12 12:52:32","2026-07-26 16:57:29"
927,天馬武具辞典,てんまぶぐじてん,"Skysteed Sword Book",,,recipe,"2026-03-12 12:52:32","2026-07-26 16:57:29"
928,フォースブレードの秘法,ふぉーすぶれーどのひほう,"Force Blade Recipe",,,recipe,"2026-03-12 12:52:32","2026-07-26 16:57:29"
929,聖王の大剣の壁画,せいおうのだいけんのへきが,"Dryspell Blade Book",,,recipe,"2026-03-12 12:52:32","2026-07-26 16:57:29"
930,エンパイアブレードの書,えんぱいあぶれーどのしょ,"Legate's Blade Book",,,recipe,"2026-03-12 12:52:32","2026-07-26 16:57:29"
931,ケイオスの儀式書,けいおすのぎしきしょ,"Berserker's Ritual Book",,,recipe,"2026-03-12 12:52:32","2026-07-26 16:57:29"
932,妖精王とヒスイの魔法,ようせいおうとひすいのまほう,"The Magic of Jade",,,recipe,"2026-03-12 12:52:32","2026-07-26 16:57:29"
933,星座の導き・しし座,せいざのみちびき・ししざ,"Constellations: Leo",,,recipe,"2026-03-12 12:52:32","2026-07-26 16:57:29"
934,オノ作り入門,おのづくりにゅうもん,"Access to Axe Making",,,recipe,"2026-03-12 12:52:32","2026-07-26 16:57:29"
935,バトルアックス作成術,ばとるあっくすさくせいじゅつ,"Building Battle Axes",,,recipe,"2026-03-12 12:52:32","2026-07-26 16:57:29"
936,カルサドラアックスの書,かるさどらあっくすのしょ,"Calsadora Axe Book",,,recipe,"2026-03-12 12:52:32","2026-07-26 16:57:29"
937,ムーンアックスの謎,むーんあっくすのなぞ,"Moon Axe Mystery",,,recipe,"2026-03-12 12:52:32","2026-07-26 16:57:29"
938,たつじんのオノの本,たつじんのおののほん,"Pro's Axe Book",,,recipe,"2026-03-12 12:52:32","2026-07-26 16:57:29"
939,キングアックスの書,きんぐあっくすのしょ,"King Axe Book",,,recipe,"2026-03-12 12:52:32","2026-07-26 16:57:29"
940,エクリプスアックスの本,えくりぷすあっくすのほん,"Eclipse Axe Book",,,recipe,"2026-03-12 12:52:32","2026-07-26 16:57:29"
941,シャーマンアックスの書,しゃーまんあっくすのしょ,"Heedoovoodoo Axe Book",,,recipe,"2026-03-12 12:52:32","2026-07-26 16:57:29"
942,ふぶきのオノの作り方,ふぶきのおののつくりかた,"How to Make an Ice Axe",,,recipe,"2026-03-12 12:52:32","2026-07-26 16:57:29"
943,カイザーアックスの本,かいざーあっくすのほん,"Kaiser Axe Book",,,recipe,"2026-03-12 12:52:32","2026-07-26 16:57:29"
944,破壊のオノの作り方,はかいのおののつくりかた,"Obliteratoriser Book",,,recipe,"2026-03-12 12:52:32","2026-07-26 16:57:29"
945,はしゃのオノの書,はしゃのおののしょ,"Conqueror's Axe Book",,,recipe,"2026-03-12 12:52:32","2026-07-26 16:57:29"
946,グレートアックスの本,ぐれーとあっくすのほん,"Bad Axe Book",,,recipe,"2026-03-12 12:52:32","2026-07-26 16:57:29"
947,ふんさいのおおなたの書,ふんさいのおおなたのしょ,"Heavy Hatchet Book",,,recipe,"2026-03-12 12:52:32","2026-07-26 16:57:29"
948,聖王のオノの壁画,せいおうのおののへきが,"Dryspell Axe Book",,,recipe,"2026-03-12 12:52:32","2026-07-26 16:57:29"
949,太陽の斧を求めて,たいようのおのをもとめて,"Seeking Apollo's Axe",,,recipe,"2026-03-12 12:52:32","2026-07-26 16:57:29"
950,デュークアックス戦記,でゅーくあっくすせんき,"Aristocrat's Axe Book",,,recipe,"2026-03-12 12:52:32","2026-07-26 16:57:29"
951,峡谷のヴァランガ,きょうこくのゔぁらんが,"Valanga Canyon",,,recipe,"2026-03-12 12:52:32","2026-07-26 16:57:29"
952,ナイス！ナイフ！,ないす!ないふ!,"Nice! Knife!",,,recipe,"2026-03-12 12:52:32","2026-07-26 16:57:29"
953,暗殺武器の歴史,あんさつぶきのれきし,"Assassin Weapons",,,recipe,"2026-03-12 12:52:32","2026-07-26 16:57:29"
954,イーグルダガー作成術,いーぐるだがーさくせいじゅつ,"Eagle Dagger Creation",,,recipe,"2026-03-12 12:52:32","2026-07-26 16:57:29"
955,よるのパピヨンの秘密,よるのぱぴよんのひみつ,"Dread Dagger's Secret",,,recipe,"2026-03-12 12:52:32","2026-07-26 16:57:29"
956,ソードブレイカーの本,そーどぶれいかーのほん,"Sword Breaker Book",,,recipe,"2026-03-12 12:52:32","2026-07-26 16:57:29"
957,続・暗殺武器の歴史,ぞく・あんさつぶきのれきし,"Assassin Weapons Part 2",,,recipe,"2026-03-12 12:52:32","2026-07-26 16:57:29"
958,こおりのやいばの書,こおりのやいばのしょ,"Icicle Dirk Book",,,recipe,"2026-03-12 12:52:32","2026-07-26 16:57:29"
959,グラディウスのレシピ,ぐらでぃうすのれしぴ,"Gladius Recipe",,,recipe,"2026-03-12 12:52:32","2026-07-26 16:57:29"
960,真・暗殺武器の歴史,しん・あんさつぶきのれきし,"True Assassin Weapons",,,recipe,"2026-03-12 12:52:32","2026-07-26 16:57:29"
961,王家のナイフ全集,おうけのないふぜんしゅう,"Nobleman's Knife Set",,,recipe,"2026-03-12 12:52:32","2026-07-26 16:57:29"
962,サラマンダーのレシピ,さらまんだーのれしぴ,"Flame Tang Recipe",,,recipe,"2026-03-12 12:52:32","2026-07-26 16:57:29"
963,ファルコンダガーの本,ふぁるこんだがーのほん,"Gryphon's Wing Book",,,recipe,"2026-03-12 12:52:32","2026-07-26 16:57:29"
964,こがらしのダガーの本,こがらしのだがーのほん,"Pruning Knife Book",,,recipe,"2026-03-12 12:52:32","2026-07-26 16:57:29"
965,サウザンドダガーの製法,さうざんどだがーのせいほう,"Deft Dagger Creation",,,recipe,"2026-03-12 12:52:32","2026-07-26 16:57:29"
966,聖王のナイフの壁画,せいおうのないふのへきが,"Dryspell Knife Book",,,recipe,"2026-03-12 12:52:32","2026-07-26 16:57:29"
967,ライトニングダガーの書,らいとにんぐだがーのしょ,"Thunderstorm Skean Book",,,recipe,"2026-03-12 12:52:32","2026-07-26 16:57:29"
968,毒竜討伐隊の記録,どくりゅうとうばつたいのきろく,"Serpentscale Skean Book",,,recipe,"2026-03-12 12:52:32","2026-07-26 16:57:29"
969,水晶剣とうつろな魔女,すいしょうけんとうつろなまじょ,"Crystal Edge Book",,,recipe,"2026-03-12 12:52:32","2026-07-26 16:57:29"
970,雷神の食卓,らいじんのしょくたく,"Thor's Table",,,recipe,"2026-03-12 12:52:32","2026-07-26 16:57:29"
971,星座の導き・ふたご座,せいざのみちびき・ふたござ,"Horoscope: Gemini",,,recipe,"2026-03-12 12:52:32","2026-07-26 16:57:29"
972,クローしないツメ生産,くろーしないつめせいさん,"Claw Production Guide",,,recipe,"2026-03-12 12:52:32","2026-07-26 16:57:29"
973,こあくまのネイル術,こあくまのねいるじゅつ,"Infernails Technique",,,recipe,"2026-03-12 12:52:32","2026-07-26 16:57:29"
974,黒ヒョウのツメの秘密,くろひょうのつめのひみつ,"Panther Claws Secret",,,recipe,"2026-03-12 12:52:32","2026-07-26 16:57:29"
975,はやぶさのツメの書,はやぶさのつめのしょ,"Crow's Claws Book",,,recipe,"2026-03-12 12:52:32","2026-07-26 16:57:29"
976,ほのおのツメの作り方,ほのおのつめのつくりかた,"How to Make Fire Claws",,,recipe,"2026-03-12 12:52:32","2026-07-26 16:57:29"
977,こおりのツメの秘密,こおりのつめのひみつ,"Ice Claws Secret",,,recipe,"2026-03-12 12:52:32","2026-07-26 16:57:29"
978,プラチナクローの本,ぷらちなくろーのほん,"Platinum Claws Book",,,recipe,"2026-03-12 12:52:32","2026-07-26 16:57:29"
979,あくまのツメの秘密,あくまのつめのひみつ,"Cobra Claws Secret",,,recipe,"2026-03-12 12:52:32","2026-07-26 16:57:29"
980,ドラゴンクローの書,どらごんくろーのしょ,"Dragon Claws Book",,,recipe,"2026-03-12 12:52:32","2026-07-26 16:57:29"
981,古武道のススメ,こぶどうのすすめ,"Crimson Advice",,,recipe,"2026-03-12 12:52:32","2026-07-26 16:57:29"
982,まじゅうのツメの作り方,まじゅうのつめのつくりかた,"How to Make Beast Claws",,,recipe,"2026-03-12 12:52:32","2026-07-26 16:57:29"
983,ファルコンクローの本,ふぁるこんくろーのほん,"Gryphon Talon Book",,,recipe,"2026-03-12 12:52:32","2026-07-26 16:57:29"
984,冥獣のツメの秘術,めいじゅうのつめのひじゅつ,"Monster Slashers Secret",,,recipe,"2026-03-12 12:52:32","2026-07-26 16:57:29"
985,竜王のツメの伝説,りゅうおうのつめのでんせつ,"Claws of Legend",,,recipe,"2026-03-12 12:52:32","2026-07-26 16:57:29"
986,聖王のツメの壁画,せいおうのつめのへきが,"Dryspell Claw Book",,,recipe,"2026-03-12 12:52:32","2026-07-26 16:57:29"
987,クリスタルクローの本,くりすたるくろーのほん,"Crystal Claws Book",,,recipe,"2026-03-12 12:52:32","2026-07-26 16:57:29"
988,ある船長の航海日誌,あるせんちょうのこうかいにっし,"Captain's Logbook",,,recipe,"2026-03-12 12:52:32","2026-07-26 16:57:29"
989,蒼炎伝,そうえんでん,"Frostfire Legend",,,recipe,"2026-03-12 12:52:32","2026-07-26 16:57:29"
990,星座の導き・かに座,せいざのみちびき・かにざ,"A Crabby Constellation",,,recipe,"2026-03-12 12:52:32","2026-07-26 16:57:29"
991,かんたん！ムチレシピ,かんたん!むちれしぴ,"Easy Whip Recipe!",,,recipe,"2026-03-12 12:52:32","2026-07-26 16:57:29"
992,モーニングスターの本,もーにんぐすたーのほん,"Morning Star Book",,,recipe,"2026-03-12 12:52:32","2026-07-26 16:57:29"
993,パイソンウィップの書,ぱいそんうぃっぷのしょ,"Python Whip Book",,,recipe,"2026-03-12 12:52:32","2026-07-26 16:57:29"
994,みわくのリボンの作り方,みわくのりぼんのつくりかた,"How to Make a Hypnowhip",,,recipe,"2026-03-12 12:52:32","2026-07-26 16:57:29"
995,ビーストウィップの秘密,びーすとうぃっぷのひみつ,"Beastly Bullwhip Secret",,,recipe,"2026-03-12 12:52:32","2026-07-26 16:57:29"
996,サイドワインダーの書,さいどわいんだーのしょ,"Sidewinder Book",,,recipe,"2026-03-12 12:52:32","2026-07-26 16:57:29"
997,スコーピオンテイルの本,すこーぴおんているのほん,"Scorpion Tail Book",,,recipe,"2026-03-12 12:52:32","2026-07-26 16:57:29"
998,バスターウィップの本,ばすたーうぃっぷのほん,"Scourge Whip Book",,,recipe,"2026-03-12 12:52:32","2026-07-26 16:57:29"
999,ドラゴンテイルの書,どらごんているのしょ,"Dragontail Whip Book",,,recipe,"2026-03-12 12:52:32","2026-07-26 16:57:29"
1000,あくまのムチの秘密,あくまのむちのひみつ,"Demon's Whip Secret",,,recipe,"2026-03-12 12:52:32","2026-07-26 16:57:29"
1001,カルベローナの記録,かるべろーなのきろく,"Sorceria's Records",,,recipe,"2026-03-12 12:52:32","2026-07-26 16:57:29"
1002,サーペントウィップの本,さーぺんとうぃっぷのほん,"Serpent Whip Book",,,recipe,"2026-03-12 12:52:32","2026-07-26 16:57:29"
1003,ムチムチ女王様の日記,むちむちじょおうさまのにっき,"Whipped Queen's Diary",,,recipe,"2026-03-12 12:52:32","2026-07-26 16:57:29"
1004,魔神のムチのレシピ,まじんのむちのれしぴ,"Beelzebarb Recipe",,,recipe,"2026-03-12 12:52:32","2026-07-26 16:57:29"
1005,聖王のムチの壁画,せいおうのむちのへきが,"Dryspell Whip Book",,,recipe,"2026-03-12 12:52:32","2026-07-26 16:57:29"
1006,トライデントテイルの書,とらいでんとているのしょ,"Triple-Tine Whip Book",,,recipe,"2026-03-12 12:52:32","2026-07-26 16:57:29"
1007,シャル・ウィ・フリーズ,しゃる・うぃ・ふりーず,"Shall We Freeze",,,recipe,"2026-03-12 12:52:32","2026-07-26 16:57:29"
1008,ある船乗りの手記,あるふなのりのしゅき,"Sailor's Memoir",,,recipe,"2026-03-12 12:52:32","2026-07-26 16:57:29"
1009,ヤリがいのある槍作り,やりがいのあるやりづくり,"Make Worthwhile Spears",,,recipe,"2026-03-12 12:52:32","2026-07-26 16:57:29"
1010,バトルフォークの本,ばとるふぉーくのほん,"Battle Fork Book",,,recipe,"2026-03-12 12:52:32","2026-07-26 16:57:29"
1011,いなずまのやりのレシピ,いなずまのやりのれしぴ,"Lightning Lance Recipe",,,recipe,"2026-03-12 12:52:32","2026-07-26 16:57:29"
1012,パルチザンとわたし,ぱるちざんとわたし,"Partisan Secrecy",,,recipe,"2026-03-12 12:52:32","2026-07-26 16:57:29"
1013,さじんのやりのレシピ,さじんのやりのれしぴ,"Sandstorm Spear Recipe",,,recipe,"2026-03-12 12:52:32","2026-07-26 16:57:29"
1014,グラコスの日記,ぐらこすのにっき,"Gracos' Diary",,,recipe,"2026-03-12 12:52:32","2026-07-26 16:57:29"
1015,プラチナのやりの本,ぷらちなのやりのほん,"Platinum Lance Book",,,recipe,"2026-03-12 12:52:32","2026-07-26 16:57:29"
1016,雷神のやりの作り方,らいじんのやりのつくりかた,"Making Storm Spears",,,recipe,"2026-03-12 12:52:32","2026-07-26 16:57:29"
1017,デーモンスピアの作り方,でーもんすぴあのつくりかた,"Making Demon Spears",,,recipe,"2026-03-12 12:52:32","2026-07-26 16:57:29"
1018,オセアノスの祈り,おせあのすのいのり,"Full Fathom Prayer",,,recipe,"2026-03-12 12:52:32","2026-07-26 16:57:29"
1019,えいゆうのやりの物語,えいゆうのやりのものがたり,"Hero Spear Tale",,,recipe,"2026-03-12 12:52:32","2026-07-26 16:57:29"
1020,メタスラのやりのレシピ,めたすらのやりのれしぴ,"Metal Slime Spear Book",,,recipe,"2026-03-12 12:52:32","2026-07-26 16:57:29"
1021,聖騎士のやりの書,せいきしのやりのしょ,"Paladin's Lance Book",,,recipe,"2026-03-12 12:52:32","2026-07-26 16:57:29"
1022,きしんのまそうの本,きしんのまそうのほん,"Poker Book",,,recipe,"2026-03-12 12:52:32","2026-07-26 16:57:29"
1023,聖王のやりの壁画,せいおうのやりのへきが,"Dryspell Spear Book",,,recipe,"2026-03-12 12:52:32","2026-07-26 16:57:29"
1024,セラフィムの歌,せらふぃむのうた,"Seraph's Song",,,recipe,"2026-03-12 12:52:32","2026-07-26 16:57:29"
1025,ブラッドヒストリー,ぶらっどひすとりー,"Barbarous History",,,recipe,"2026-03-12 12:52:32","2026-07-26 16:57:29"
1026,アテナの系譜,あてなのけいふ,"Sacred Genealogy",,,recipe,"2026-03-12 12:52:32","2026-07-26 16:57:29"
1027,星座の導き・やぎ座,せいざのみちびき・やぎざ,"Star Guide・Capricorn",,,recipe,"2026-03-12 12:52:32","2026-07-26 16:57:29"
1028,ハンマー作り入門,はんまーづくりにゅうもん,"Hopeful Hammer Making",,,recipe,"2026-03-12 12:52:32","2026-07-26 16:57:29"
1029,ウォーハンマーのレシピ,うぉーはんまーのれしぴ,"War Hammer Recipe",,,recipe,"2026-03-12 12:52:32","2026-07-26 16:57:29"
1030,バトルスタンパーの本,ばとるすたんぱーのほん,"Battle Basher Book",,,recipe,"2026-03-12 12:52:32","2026-07-26 16:57:29"
1031,おにのかなぼう物語,おにのかなぼうものがたり,"Marauder's Maul Story",,,recipe,"2026-03-12 12:52:32","2026-07-26 16:57:29"
1032,ボーンクラッシャーの書,ぼーんくらっしゃーのしょ,"Bonecrusher Book",,,recipe,"2026-03-12 12:52:32","2026-07-26 16:57:29"
1033,マジックトンカチの本,まじっくとんかちのほん,"Magic Hammer Book",,,recipe,"2026-03-12 12:52:32","2026-07-26 16:57:29"
1034,プラチナハンマー作成法,ぷらちなはんまーさくせいほう,"Make a Platinum Hammer",,,recipe,"2026-03-12 12:52:32","2026-07-26 16:57:29"
1035,ツンドラハンマーの本,つんどらはんまーのほん,"Tundra Hammer Book",,,recipe,"2026-03-12 12:52:32","2026-07-26 16:57:29"
1036,ボルカノハンマーの書,ぼるかのはんまーのしょ,"Volcano Hammer Book",,,recipe,"2026-03-12 12:52:32","2026-07-26 16:57:29"
1037,グレートハンマー作成法,ぐれーとはんまーさくせいほう,"Making a Great Hammer",,,recipe,"2026-03-12 12:52:32","2026-07-26 16:57:29"
1038,きょじんのハンマーの本,きょじんのはんまーのほん,"Giant's Hammer Book",,,recipe,"2026-03-12 12:52:32","2026-07-26 16:57:29"
1039,ゴードンヘッドの叫び,ごーどんへっどのさけび,"Screams of a Mega Moai",,,recipe,"2026-03-12 12:52:32","2026-07-26 16:57:29"
1040,メガトンハンマー作成書,めがとんはんまーさくせいしょ,"Megaton Hammer Creation",,,recipe,"2026-03-12 12:52:32","2026-07-26 16:57:29"
1041,まじんのかなづちの本,まじんのかなづちのほん,"Hela's Hammer Book",,,recipe,"2026-03-12 12:52:32","2026-07-26 16:57:29"
1042,聖王のハンマーの壁画,せいおうのはんまーのへきが,"Dryspell Hammer Book",,,recipe,"2026-03-12 12:52:32","2026-07-26 16:57:29"
1043,大地くだき列伝,だいちくだきれつでん,"Groundbreaker Biography",,,recipe,"2026-03-12 12:52:32","2026-07-26 16:57:29"
1044,バレットハンマー作成術,ばれっとはんまーさくせいじゅつ,"Bullet Hammer Creation",,,recipe,"2026-03-12 12:52:32","2026-07-26 16:57:29"
1045,やさしい鉄槌のくだし方,やさしいてっついのくだしかた,"Using a Gentle Hammer",,,recipe,"2026-03-12 12:52:32","2026-07-26 16:57:29"
1046,星座の導き・おうし座,せいざのみちびき・おうしざ,"Star Guide・Taurus",,,recipe,"2026-03-12 12:52:32","2026-07-26 16:57:29"
1047,ランラン！ブーメラン！,らんらん!ぶーめらん!,"Boomerang Fun!",,,recipe,"2026-03-12 12:52:32","2026-07-26 16:57:29"
1048,ウイングエッジの本,ういんぐえっじのほん,"Razor-Wing Book",,,recipe,"2026-03-12 12:52:32","2026-07-26 16:57:29"
1049,かぜのブーメランの本,かぜのぶーめらんのほん,"Gusterang Book",,,recipe,"2026-03-12 12:52:32","2026-07-26 16:57:29"
1050,ニンジャカッター製造法,にんじゃかったーせいぞうほう,"Making a Ninja Cutter",,,recipe,"2026-03-12 12:52:32","2026-07-26 16:57:29"
1051,マジックチャクラムの本,まじっくちゃくらむのほん,"Magic Circle Book",,,recipe,"2026-03-12 12:52:32","2026-07-26 16:57:29"
1052,ツインスワローの秘密,ついんすわろーのひみつ,"Swallowtail Secret",,,recipe,"2026-03-12 12:52:32","2026-07-26 16:57:29"
1053,プラチナウィング物語,ぷらちなうぃんぐものがたり,"Platinum Plumes Story",,,recipe,"2026-03-12 12:52:32","2026-07-26 16:57:29"
1054,こおりのブーメランの書,こおりのぶーめらんのしょ,"Winter's Wing Book",,,recipe,"2026-03-12 12:52:32","2026-07-26 16:57:29"
1055,ほのおのブーメランの書,ほのおのぶーめらんのしょ,"Flametang Book",,,recipe,"2026-03-12 12:52:32","2026-07-26 16:57:29"
1056,ブラックコンドルの神秘,ぶらっくこんどるのしんぴ,"Black Buzzard Mystery",,,recipe,"2026-03-12 12:52:32","2026-07-26 16:57:29"
1057,サザンクロスのかがやき,さざんくろすのかがやき,"Star Cross' Brightness",,,recipe,"2026-03-12 12:52:32","2026-07-26 16:57:29"
1058,メタルウィング作成法,めたるうぃんぐさくせいほう,"Metal Wing Creation",,,recipe,"2026-03-12 12:52:32","2026-07-26 16:57:29"
1059,ペンタグラムのレシピ,ぺんたぐらむのれしぴ,"Pentarang Recipe",,,recipe,"2026-03-12 12:52:32","2026-07-26 16:57:29"
1060,メテオエッジの設計図,めておえっじのせっけいず,"Meteorang Blueprint",,,recipe,"2026-03-12 12:52:32","2026-07-26 16:57:29"
1061,聖王のブーメランの壁画,せいおうのぶーめらんのへきが,"Dryspell Boomerang Book",,,recipe,"2026-03-12 12:52:32","2026-07-26 16:57:29"
1062,ブルーファルコンの伝説,ぶるーふぁるこんのでんせつ,"Blue Falcon Legend",,,recipe,"2026-03-12 12:52:32","2026-07-26 16:57:29"
1063,チャクラム式魔術教本,ちゃくらむしきまじゅつきょうほん,"Chakram Teaching Book",,,recipe,"2026-03-12 12:52:32","2026-07-26 16:57:29"
1064,暗黒星雲の秘密,あんこくせいうんのひみつ,"Dark Nebula Secrets",,,recipe,"2026-03-12 12:52:32","2026-07-26 16:57:29"
1065,星座の導き・うお座,せいざのみちびき・うおざ,"A Piece on Pisces",,,recipe,"2026-03-12 12:52:32","2026-07-26 16:57:29"
1066,星座の導き・さそり座,せいざのみちびき・さそりざ,"Horoscope: Scorpio",,,recipe,"2026-03-12 12:52:32","2026-07-26 16:57:29"
1067,短冊・星空を見上げて,たんざく・ほしぞらをみあげて,"Look Up at the Stars",,,recipe,"2026-03-12 12:52:32","2026-07-26 16:57:29"
1068,短冊・宇宙の旅へ！,たんざく・うちゅうのたびへ!,"Tanzaku: To a Journey Through Space!",,,recipe,"2026-03-12 12:52:32","2026-07-26 16:57:29"
1069,天の川をつかまえて,あまのがわをつかまえて,"Capture the Milky Way",,,recipe,"2026-03-12 12:52:32","2026-07-26 16:57:29"
1070,扇風機のレシピ,せんぷうきのれしぴ,"Electric Fan Recipe",,,recipe,"2026-03-12 12:52:32","2026-07-26 16:57:29"
1071,はじめての防具鍛冶,はじめてのぼうぐかじ,"Amateur Armorsmithing",,,recipe,"2026-03-12 12:52:32","2026-07-26 16:57:29"
1072,うろこのよろいの作り方,うろこのよろいのつくりかた,"Tipping the Scales",,,recipe,"2026-03-12 12:52:32","2026-07-26 16:57:29"
1073,スライムトレイ物語,すらいむとれいものがたり,"Slime Shield Story",,,recipe,"2026-03-12 12:52:32","2026-07-26 16:57:29"
1074,くさりかたびら作成術,くさりかたびらさくせいじゅつ,"Chain Mail Creation",,,recipe,"2026-03-12 12:52:32","2026-07-26 16:57:29"
1075,作ろう！てつよろい,つくろう!てつよろい,"Let's Make Iron Armor!",,,recipe,"2026-03-12 12:52:32","2026-07-26 16:57:29"
1076,新兵支給防具の手引き,しんぺいしきゅうぼうぐのてびき,"New Recruit Armor Guide",,,recipe,"2026-03-12 12:52:32","2026-07-26 16:57:29"
1077,銀の防具全集,ぎんのぼうぐぜんしゅう,"Silver Armor Book",,,recipe,"2026-03-12 12:52:32","2026-07-26 16:57:29"
1078,はがねの防具図鑑,はがねのぼうぐずかん,"Steel Armor Book",,,recipe,"2026-03-12 12:52:32","2026-07-26 16:57:29"
1079,初心者のための盾レシピ,しょしんしゃのためのたてれしぴ,"Starter Shield Recipes",,,recipe,"2026-03-12 12:52:32","2026-07-26 16:57:29"
1080,シールドこぞうの日記,しーるどこぞうのにっき,"Leery Lout's Diary",,,recipe,"2026-03-12 12:52:32","2026-07-26 16:57:29"
1081,スライムトレイ物語2,すらいむとれいものがたり2,"Slime Tray Story II",,,recipe,"2026-03-12 12:52:32","2026-07-26 16:57:29"
1082,まほうよろいの秘密,まほうよろいのひみつ,"Magic Armor Secret",,,recipe,"2026-03-12 12:52:32","2026-07-26 16:57:29"
1083,バンデッドアーマーの本,ばんでっどあーまーのほん,"Brigand's Armor Book",,,recipe,"2026-03-12 12:52:32","2026-07-26 16:57:29"
1084,まほうの盾の秘密,まほうのたてのひみつ,"Magic Shield Secret",,,recipe,"2026-03-12 12:52:32","2026-07-26 16:57:29"
1085,カイトバックラーの本,かいとばっくらーのほん,"Kite Buckler Book",,,recipe,"2026-03-12 12:52:32","2026-07-26 16:57:29"
1086,ふうまの盾の作り方,ふうまのたてのつくりかた,"Make a Dampening Shield",,,recipe,"2026-03-12 12:52:32","2026-07-26 16:57:29"
1087,戦士の大盾の本,せんしのおおたてのほん,"Warrior's Grtshd Book",,,recipe,"2026-03-12 12:52:32","2026-07-26 16:57:29"
1088,ザ・プラチナメイルズ,ざ・ぷらちなめいるず,"The Platinum Mails",,,recipe,"2026-03-12 12:52:32","2026-07-26 16:57:29"
1089,げんぶの巻き物,げんぶのまきもの,"Black Turtle Scroll",,,recipe,"2026-03-12 12:52:32","2026-07-26 16:57:29"
1090,くろがねのよろいの本,くろがねのよろいのほん,"Darksteel Armor Book",,,recipe,"2026-03-12 12:52:32","2026-07-26 16:57:29"
1091,プラチナトレイの本,ぷらちなとれいのほん,"Platinum Platter Book",,,recipe,"2026-03-12 12:52:32","2026-07-26 16:57:29"
1092,オニグモの盾の本,おにぐものたてのほん,"Spider Shield Book",,,recipe,"2026-03-12 12:52:32","2026-07-26 16:57:29"
1093,ルフの盾の作り方,るふのたてのつくりかた,"Making Luf's Shield",,,recipe,"2026-03-12 12:52:32","2026-07-26 16:57:29"
1094,プラチナシールドの本,ぷらちなしーるどのほん,"Platinum Shield Book",,,recipe,"2026-03-12 12:52:32","2026-07-26 16:57:29"
1095,ドラゴンシールドの本,どらごんしーるどのほん,"Dragon Shield Book",,,recipe,"2026-03-12 12:52:32","2026-07-26 16:57:29"
1096,やいばのよろいの仕組み,やいばのよろいのしくみ,"Making Spiked Armor",,,recipe,"2026-03-12 12:52:32","2026-07-26 16:57:29"
1097,ファントムマントの秘密,ふぁんとむまんとのひみつ,"Phantom Outfit Secret",,,recipe,"2026-03-12 12:52:32","2026-07-26 16:57:29"
1098,バトルドレスのレシピ,ばとるどれすのれしぴ,"Battle Outfit Recipe",,,recipe,"2026-03-12 12:52:32","2026-07-26 16:57:29"
1099,古強者の伝記,こきょうしゃのでんき,"Veteran's Biography",,,recipe,"2026-03-12 12:52:32","2026-07-26 16:57:29"
1100,ヘヴィーなよろいの物語,へゔぃーなよろいのものがたり,"Story of Heavy Armor",,,recipe,"2026-03-12 12:52:32","2026-07-26 16:57:29"
1101,みかがみの盾の本,みかがみのたてのほん,"Silver Shield Book",,,recipe,"2026-03-12 12:52:32","2026-07-26 16:57:29"
1102,ルーンバックラーの本,るーんばっくらーのほん,"Rune Buckler Book",,,recipe,"2026-03-12 12:52:32","2026-07-26 16:57:29"
1103,おやぶんのにがお絵,おやぶんのにがおえ,"Boss' Portrait",,,recipe,"2026-03-12 12:52:32","2026-07-26 16:57:29"
1104,師団長の七つの教訓,しだんちょうのななつのきょうくん,"Commander's Lessons",,,recipe,"2026-03-12 12:52:32","2026-07-26 16:57:29"
1105,ゴシック防具カタログ,ごしっくぼうぐかたろぐ,"Gothic Armor Catalog",,,recipe,"2026-03-12 12:52:32","2026-07-26 16:57:29"
1106,スパイクアーマーの書,すぱいくあーまーのしょ,"Spike Armor Book",,,recipe,"2026-03-12 12:52:32","2026-07-26 16:57:29"
1107,ワイルドジャケットの本,わいるどじゃけっとのほん,"Wild Outfit Book",,,recipe,"2026-03-12 12:52:32","2026-07-26 16:57:29"
1108,僧兵のころもの作り方,そうへいのころものつくりかた,"Monk Warrior Book",,,recipe,"2026-03-12 12:52:32","2026-07-26 16:57:29"
1109,ノーブルコートのレシピ,のーぶるこーとのれしぴ,"Noble Outfit Recipe",,,recipe,"2026-03-12 12:52:32","2026-07-26 16:57:29"
1110,メタスラの盾のレシピ,めたすらのたてのれしぴ,"Metal Slime Shield Book",,,recipe,"2026-03-12 12:52:32","2026-07-26 16:57:29"
1111,聖騎士の大盾のレシピ,せいきしのおおたてのれしぴ,"Paladin's Grtshd Recipe",,,recipe,"2026-03-12 12:52:32","2026-07-26 16:57:29"
1112,オーガシールドのレシピ,おーがしーるどのれしぴ,"Ogre Shield Recipe",,,recipe,"2026-03-12 12:52:32","2026-07-26 16:57:29"
1113,マスカレイドスーツの本,ますかれいどすーつのほん,"Masquerade Outfit Book",,,recipe,"2026-03-12 12:52:32","2026-07-26 16:57:29"
1114,聖騎士のよろいの書,せいきしのよろいのしょ,"Holy Knight Armor Book",,,recipe,"2026-03-12 12:52:32","2026-07-26 16:57:29"
1115,飛竜のベストの書,ひりゅうのべすとのしょ,"Flying Dragon Book",,,recipe,"2026-03-12 12:52:32","2026-07-26 16:57:29"
1116,邪眼の盾の作成術,じゃがんのたてのさくせいじゅつ,"Make an Evil-Eye Shield",,,recipe,"2026-03-12 12:52:32","2026-07-26 16:57:29"
1117,神兵のよろいの書,しんぺいのよろいのしょ,"Divine Soldier Book",,,recipe,"2026-03-12 12:52:32","2026-07-26 16:57:29"
1118,グレートマントのレシピ,ぐれーとまんとのれしぴ,"Great Armor Recipe",,,recipe,"2026-03-12 12:52:32","2026-07-26 16:57:29"
1119,さすらいのコートの本,さすらいのこーとのほん,"Errant Outfit Book",,,recipe,"2026-03-12 12:52:32","2026-07-26 16:57:29"
1120,聖王の盾の壁画,せいおうのたてのへきが,"Dryspell Shield Book",,,recipe,"2026-03-12 12:52:32","2026-07-26 16:57:29"
1121,聖王の大盾の壁画,せいおうのおおたてのへきが,"Dryspell Grtshd Book",,,recipe,"2026-03-12 12:52:32","2026-07-26 16:57:29"
1122,クリムゾンメイルの書,くりむぞんめいるのしょ,"Crimson Mail Book",,,recipe,"2026-03-12 12:52:32","2026-07-26 16:57:29"
1123,王軍師のよろいの本,おうぐんしのよろいのほん,"Royal Soldier Gear Book",,,recipe,"2026-03-12 12:52:32","2026-07-26 16:57:29"
1124,メカニックスーツの謎,めかにっくすーつのなぞ,"Mechanic Suit Mystery",,,recipe,"2026-03-12 12:52:32","2026-07-26 16:57:29"
1125,凱歌のスコア,がいかのすこあ,"Valkyrie's Score",,,recipe,"2026-03-12 12:52:32","2026-07-26 16:57:29"
1126,ヴァイパーのささやき,ゔぁいぱーのささやき,"Viper's Whisper",,,recipe,"2026-03-12 12:52:32","2026-07-26 16:57:29"
1127,聖女の戒律,せいじょのかいりつ,"Saint's Commandments",,,recipe,"2026-03-12 12:52:32","2026-07-26 16:57:29"
1128,ウルベアの大盾組立術,うるべあのおおたてくみたてじゅつ,"Urbea Greatshield Book",,,recipe,"2026-03-12 12:52:32","2026-07-26 16:57:29"
1129,ベストゼレスタイト,べすとぜれすたいと,"Best Celestite",,,recipe,"2026-03-12 12:52:32","2026-07-26 16:57:29"
1130,星座の導き・みずがめ座,せいざのみちびき・みずがめざ,"Horoscope: Aquarius",,,recipe,"2026-03-12 12:52:32","2026-07-26 16:57:29"
1131,はじめての道具鍛冶,はじめてのどうぐかじ,"Trainee Toolsmithing",,,recipe,"2026-03-12 12:52:32","2026-07-26 16:57:29"
1132,鉄の道具作成術,てつのどうぐさくせいじゅつ,"All About Iron Tools",,,recipe,"2026-03-12 12:52:32","2026-07-26 16:57:29"
1133,ザ・フライパンメーカー,ざ・ふらいぱんめーかー,"The Frypan Firsts",,,recipe,"2026-03-12 12:52:32","2026-07-26 16:57:29"
1134,銀の鍛冶ハンマーの本,ぎんのかじはんまーのほん,"Silver Hammer Book",,,recipe,"2026-03-12 12:52:32","2026-07-26 16:57:29"
1135,銀の木工刀の本,ぎんのもっこうがたなのほん,"Silver Slick Book",,,recipe,"2026-03-12 12:52:32","2026-07-26 16:57:29"
1136,銀のさいほう針の本,ぎんのさいほうはりのほん,"Silver Needle Book",,,recipe,"2026-03-12 12:52:32","2026-07-26 16:57:29"
1137,銀の錬金ランプの本,ぎんのれんきんらんぷのほん,"Silver Lamp Book",,,recipe,"2026-03-12 12:52:32","2026-07-26 16:57:29"
1138,銀の錬金ツボの本,ぎんのれんきんつぼのほん,"Silver Jar Book",,,recipe,"2026-03-12 12:52:32","2026-07-26 16:57:29"
1139,プラチナ鍛冶ハンマの本,ぷらちなかじはんまのほん,"Platinum Hammer Book",,,recipe,"2026-03-12 12:52:32","2026-07-26 16:57:29"
1140,プラチナ木工刀の本,ぷらちなもっこうがたなのほん,"Platinum Slick Book",,,recipe,"2026-03-12 12:52:32","2026-07-26 16:57:29"
1141,プラチナさいほう針の本,ぷらちなさいほうはりのほん,"Platinum Needle Book",,,recipe,"2026-03-12 12:52:32","2026-07-26 16:57:29"
1142,プラチナ錬金ランプの本,ぷらちなれんきんらんぷのほん,"Platinum Lamp Book",,,recipe,"2026-03-12 12:52:32","2026-07-26 16:57:29"
1143,プラチナ錬金ツボの本,ぷらちなれんきんつぼのほん,"Platinum Jar Book",,,recipe,"2026-03-12 12:52:32","2026-07-26 16:57:29"
1144,プラチナフライパンの本,ぷらちなふらいぱんのほん,"Platinum Frypan Book",,,recipe,"2026-03-12 12:52:32","2026-07-26 16:57:29"
1145,超鍛冶ハンマーの本,ちょうかじはんまーのほん,"Super Hammer Book",,,recipe,"2026-03-12 12:52:32","2026-07-26 16:57:29"
1146,超木工刀の本,ちょうもっこうがたなのほん,"Super Slick Book",,,recipe,"2026-03-12 12:52:32","2026-07-26 16:57:29"
1147,超さいほう針の本,ちょうさいほうはりのほん,"Super Needle Book",,,recipe,"2026-03-12 12:52:32","2026-07-26 16:57:29"
1148,超錬金ランプの本,ちょうれんきんらんぷのほん,"Super Lamp Book",,,recipe,"2026-03-12 12:52:32","2026-07-26 16:57:29"
1149,超錬金ツボの本,ちょうれんきんつぼのほん,"Super Jar Book",,,recipe,"2026-03-12 12:52:32","2026-07-26 16:57:29"
1150,超フライパン作成術,ちょうふらいぱんさくせいじゅつ,"Super Frypan Book",,,recipe,"2026-03-12 12:52:32","2026-07-26 16:57:29"
1151,奇跡の鍛冶ハンマーの本,きせきのかじはんまーのほん,"Miracle Hammer Book",,,recipe,"2026-03-12 12:52:32","2026-07-26 16:57:29"
1152,奇跡の木工刀の本,きせきのもっこうがたなのほん,"Miracle Slick Book",,,recipe,"2026-03-12 12:52:32","2026-07-26 16:57:29"
1153,奇跡のさいほう針の本,きせきのさいほうはりのほん,"Miracle Needle Book",,,recipe,"2026-03-12 12:52:32","2026-07-26 16:57:29"
1154,奇跡の錬金ランプの本,きせきのれんきんらんぷのほん,"Miracle Lamp Book",,,recipe,"2026-03-12 12:52:32","2026-07-26 16:57:29"
1155,奇跡の錬金ツボの本,きせきのれんきんつぼのほん,"Miracle Jar Book",,,recipe,"2026-03-12 12:52:32","2026-07-26 16:57:29"
1156,奇跡のフライパン物語,きせきのふらいぱんものがたり,"Miracle Frypan Book",,,recipe,"2026-03-12 12:52:32","2026-07-26 16:57:29"
1157,銀の鍛冶ハンマー小の本,ぎんのかじはんまーしょうのほん,"Silver Hammer S Book",,,recipe,"2026-03-12 12:52:32","2026-07-26 16:57:29"
1158,銀の木工刀小の本,ぎんのもっこうがたなしょうのほん,"Silver Slick S Book",,,recipe,"2026-03-12 12:52:32","2026-07-26 16:57:29"
1159,銀のさいほう針小の本,ぎんのさいほうはりしょうのほん,"Silver Needle S Book",,,recipe,"2026-03-12 12:52:32","2026-07-26 16:57:29"
1160,銀の錬金ランプ小の本,ぎんのれんきんらんぷしょうのほん,"Silver Lamp S Book",,,recipe,"2026-03-12 12:52:32","2026-07-26 16:57:29"
1161,銀の錬金ツボ小の本,ぎんのれんきんつぼしょうのほん,"Silver Jar S Book",,,recipe,"2026-03-12 12:52:32","2026-07-26 16:57:29"
1162,銀のフライパン小の本,ぎんのふらいぱんしょうのほん,"Silver Frypan S Book",,,recipe,"2026-03-12 12:52:32","2026-07-26 16:57:29"
1163,プラチナ鍛冶ハン小の本,ぷらちなかじはんしょうのほん,"Platinum Hammer S Book",,,recipe,"2026-03-12 12:52:32","2026-07-26 16:57:29"
1164,プラチナ木工刀小の本,ぷらちなもっこうがたなしょうのほん,"Platinum Slick S Book",,,recipe,"2026-03-12 12:52:32","2026-07-26 16:57:29"
1165,プラチナさいほ針小の本,ぷらちなさいほはりしょうのほん,"Platinum Needle S Book",,,recipe,"2026-03-12 12:52:32","2026-07-26 16:57:29"
1166,プラチナのランプ小の本,ぷらちなのらんぷしょうのほん,"Platinum Lamp S Book",,,recipe,"2026-03-12 12:52:32","2026-07-26 16:57:29"
1167,プラチナ錬金ツボ小の本,ぷらちなれんきんつぼしょうのほん,"Platinum Jar S Book",,,recipe,"2026-03-12 12:52:32","2026-07-26 16:57:29"
1168,プラチナフライパ小の本,ぷらちなふらいぱしょうのほん,"Platinum Fry Pan S Book",,,recipe,"2026-03-12 12:52:32","2026-07-26 16:57:29"
1169,超鍛冶ハンマー小の本,ちょうかじはんまーしょうのほん,"Super Hammer S Book",,,recipe,"2026-03-12 12:52:32","2026-07-26 16:57:29"
1170,超木工刀小の本,ちょうもっこうがたなしょうのほん,"Super Slick S Book",,,recipe,"2026-03-12 12:52:32","2026-07-26 16:57:29"
1171,超さいほう針小の本,ちょうさいほうはりしょうのほん,"Super Needle S Book",,,recipe,"2026-03-12 12:52:32","2026-07-26 16:57:29"
1172,超錬金ランプ小の本,ちょうれんきんらんぷしょうのほん,"Super Lamp S Book",,,recipe,"2026-03-12 12:52:32","2026-07-26 16:57:29"
1173,超錬金ツボ小の本,ちょうれんきんつぼしょうのほん,"Super Jar S Book",,,recipe,"2026-03-12 12:52:32","2026-07-26 16:57:29"
1174,超フライパン小の本,ちょうふらいぱんしょうのほん,"Super Frypan S Book",,,recipe,"2026-03-12 12:52:32","2026-07-26 16:57:29"
1175,奇跡の鍛冶ハンマ小の本,きせきのかじはんましょうのほん,"Miracle Hammer S Book",,,recipe,"2026-03-12 12:52:32","2026-07-26 16:57:29"
1176,奇跡の木工刀小の本,きせきのもっこうがたなしょうのほん,"Miracle Slick S Book",,,recipe,"2026-03-12 12:52:32","2026-07-26 16:57:29"
1177,奇跡のさいほう針小の本,きせきのさいほうはりしょうのほん,"Miracle Needle S Book",,,recipe,"2026-03-12 12:52:32","2026-07-26 16:57:29"
1178,奇跡の錬金ランプ小の本,きせきのれんきんらんぷしょうのほん,"Miracle Lamp S Book",,,recipe,"2026-03-12 12:52:32","2026-07-26 16:57:29"
1179,奇跡の錬金ツボ小の本,きせきのれんきんつぼしょうのほん,"Miracle Jar S Book",,,recipe,"2026-03-12 12:52:32","2026-07-26 16:57:29"
1180,奇跡のフライパン小の本,きせきのふらいぱんしょうのほん,"Miracle Frypan S Book",,,recipe,"2026-03-12 12:52:32","2026-07-26 16:57:29"
1181,ごうかな小物の作り方,ごうかなこもののつくりかた,"Make Fancy Small Decor",,,recipe,"2026-03-12 12:52:32","2026-07-26 16:57:29"
1182,おもちゃセット大図鑑,おもちゃせっとだいずかん,"Toy Encyclopedia Set",,,recipe,"2026-03-12 12:52:32","2026-07-26 16:57:29"
1183,おもちゃセット大図鑑2,おもちゃせっとだいずかん2,"Toy Set Compendium II",,,recipe,"2026-03-12 12:52:32","2026-07-26 16:57:29"
1184,おもちゃセット大図鑑3,おもちゃせっとだいずかん3,"Toy Set Compendium III",,,recipe,"2026-03-12 12:52:32","2026-07-26 16:57:29"
1185,ハスのランプの作り方,はすのらんぷのつくりかた,"How to Make Lotus Lamps",,,recipe,"2026-03-12 12:52:32","2026-07-26 16:57:29"
1186,カラフル風船キットの本,からふるふうせんきっとのほん,"Color Balloon Kit Book",,,recipe,"2026-03-12 12:52:32","2026-07-26 16:57:29"
1187,月球儀にあこがれて,げっきゅうぎにあこがれて,"Globe Admiration",,,recipe,"2026-03-12 12:52:32","2026-07-26 16:57:29"
1188,ゆらゆらどうぶつの絵本,ゆらゆらどうぶつのえほん,"Rocking Animal Book",,,recipe,"2026-03-12 12:52:32","2026-07-26 16:57:29"
1189,真珠貝のささやき,しんじゅがいのささやき,"Pearl Oyster Whispers",,,recipe,"2026-03-12 12:52:32","2026-07-26 16:57:29"
1190,スライムコタツの作り方,すらいむこたつのつくりかた,"Making a Slime Kotatsu",,,recipe,"2026-03-12 12:52:32","2026-07-26 16:57:29"
1191,赤い金魚鉢の作り方,あかいきんぎょばちのつくりかた,"Making Goldfish Bowls",,,recipe,"2026-03-12 12:52:32","2026-07-26 16:57:29"
1192,キラキラモビールの秘密,きらきらもびーるのひみつ,"Star Mobile Secrets",,,recipe,"2026-03-12 12:52:32","2026-07-26 16:57:29"
1193,水晶の小物の作り方,すいしょうのこもののつくりかた,"Making Crystal Decor",,,recipe,"2026-03-12 12:52:32","2026-07-26 16:57:29"
1194,シャンデリアストーリー,しゃんでりあすとーりー,"Chandelier Story",,,recipe,"2026-03-12 12:52:32","2026-07-26 16:57:29"
1195,ふわふわスライム物語,ふわふわすらいむものがたり,"Story of a Floaty Slime",,,recipe,"2026-03-12 12:52:32","2026-07-26 16:57:29"
1196,貯金ぶた・成功の秘訣,ちょきんぶた・せいこうのひけつ,"The Secret of Success",,,recipe,"2026-03-12 12:52:32","2026-07-26 16:57:29"
1197,セクシーライトの本,せくしーらいとのほん,"Sexy Light Book",,,recipe,"2026-03-12 12:52:32","2026-07-26 16:57:29"
1198,飾りタイルのランプの本,かざりたいるのらんぷのほん,"Tile Lamp Book",,,recipe,"2026-03-12 12:52:32","2026-07-26 16:57:29"
1199,チェックのランプの本,ちぇっくのらんぷのほん,"Checkered Lamp Book",,,recipe,"2026-03-12 12:52:32","2026-07-26 16:57:29"
1200,ふわふわ雲のライト図鑑,ふわふわくものらいとずかん,"Fluffy Cloud Light Book",,,recipe,"2026-03-12 12:52:32","2026-07-26 16:57:29"
1201,短冊・ムシよけ祈願！,たんざく・むしよけきがん!,"Tanzaku: Bug-Repelling Prayer!",,,recipe,"2026-03-12 12:52:32","2026-07-26 16:57:29"
1202,星くずの灯ろうの作り方,ほしくずのとうろうのつくりかた,"Make Stardust Lanterns",,,recipe,"2026-03-12 12:52:32","2026-07-26 16:57:29"
1203,銀の噴水の作り方,ぎんのふんすいのつくりかた,"Making Flower Fountains",,,recipe,"2026-03-12 12:52:32","2026-07-26 16:57:29"
1204,お花の外灯の作り方,おはなのがいとうのつくりかた,"Making Flower Lights",,,recipe,"2026-03-12 12:52:32","2026-07-26 16:57:29"
1205,シャンデリアリターンズ,しゃんでりありたーんず,"Chandelier Returns",,,recipe,"2026-03-12 12:52:32","2026-07-26 16:57:29"
1206,輝く虹を追いかけて,かがやくにじをおいかけて,"Chasing a Rainbow",,,recipe,"2026-03-12 12:52:32","2026-07-26 16:57:29"
1207,短冊・スイカ食べたい！,たんざく・すいかたべたい!,"Tanzaku: I Want to Eat Watermelon!",,,recipe,"2026-03-12 12:52:32","2026-07-26 16:57:29"
1208,スライム提灯の作り方,すらいむちょうちんのつくりかた,"Making Slime Lanterns",,,recipe,"2026-03-12 12:52:32","2026-07-26 16:57:29"
1209,虹色のオーブのレシピ,にじいろのおーぶのれしぴ,"Iridescent Orb Recipe",,,recipe,"2026-03-12 12:52:32","2026-07-26 16:57:29"
1210,ぎんのルアーの本,ぎんのるあーのほん,"Silver Lure Book",,,recipe,"2026-03-12 12:52:32","2026-07-26 16:57:29"
1211,プラチナルアーの本,ぷらちなるあーのほん,"Platinum Lure Book",,,recipe,"2026-03-12 12:52:32","2026-07-26 16:57:29"
1212,マデュライトルアーの本,までゅらいとるあーのほん,"Darkonium Lure Book",,,recipe,"2026-03-12 12:52:32","2026-07-26 16:57:29"
1213,天使のルアーの黙示録,てんしのるあーのもくしろく,"Angel Lure Book",,,recipe,"2026-03-12 12:52:32","2026-07-26 16:57:29"
1214,爆釣！トゲトゲルアー,ばくちょう!とげとげるあー,"Big Catch! Spiky Lure!",,,recipe,"2026-03-12 12:52:32","2026-07-26 16:57:29"
1215,はじめての木工術,はじめてのもっこうじゅつ,"Would-Be Woodworking",,,recipe,"2026-03-12 12:52:32","2026-07-26 16:57:29"
1216,ステキなスティック作り,すてきなすてぃっくづくり,"Wonderful Wand Making",,,recipe,"2026-03-12 12:52:32","2026-07-26 16:57:29"
1217,フェザースティックの本,ふぇざーすてぃっくのほん,"Winged Wand Book",,,recipe,"2026-03-12 12:52:32","2026-07-26 16:57:29"
1218,スラタワーのつぶやき,すらたわーのつぶやき,"Murmur of a Slime Stack",,,recipe,"2026-03-12 12:52:32","2026-07-26 16:57:29"
1219,まてきのスティック物語,まてきのすてぃっくものがたり,"Brouhaha Boomstick Tale",,,recipe,"2026-03-12 12:52:32","2026-07-26 16:57:29"
1220,マジカルスティックの本,まじかるすてぃっくのほん,"Pixie Stick Book",,,recipe,"2026-03-12 12:52:32","2026-07-26 16:57:29"
1221,マポレーナのらくがき,まぽれーなのらくがき,"Genie Sanguini Scrawls",,,recipe,"2026-03-12 12:52:32","2026-07-26 16:57:29"
1222,ペロリンステッキレシピ,ぺろりんすてっきれしぴ,"Lolly Stick Recipe",,,recipe,"2026-03-12 12:52:32","2026-07-26 16:57:29"
1223,パラソルスティックの本,ぱらそるすてぃっくのほん,"Jolly Brolly Book",,,recipe,"2026-03-12 12:52:32","2026-07-26 16:57:29"
1224,ドラゴンスティックの書,どらごんすてぃっくのしょ,"Wyvern Wand Book",,,recipe,"2026-03-12 12:52:32","2026-07-26 16:57:29"
1225,ユグドラシルの本,ゆぐどらしるのほん,"Spryggdrasil Book",,,recipe,"2026-03-12 12:52:32","2026-07-26 16:57:29"
1226,天使のタクトのレシピ,てんしのたくとのれしぴ,"Seraphic Sceptre Recipe",,,recipe,"2026-03-12 12:52:32","2026-07-26 16:57:29"
1227,あくまのタクトの秘密,あくまのたくとのひみつ,"Devil's Baton Secret",,,recipe,"2026-03-12 12:52:32","2026-07-26 16:57:29"
1228,ゴシックパラソルレシピ,ごしっくぱらそるれしぴ,"Glumbrella Recipe",,,recipe,"2026-03-12 12:52:32","2026-07-26 16:57:29"
1229,タイタニアステッキの書,たいたにあすてっきのしょ,"Butterfly Baton Book",,,recipe,"2026-03-12 12:52:32","2026-07-26 16:57:29"
1230,聖王のスティックの壁画,せいおうのすてぃっくのへきが,"Dryspell Wand Book",,,recipe,"2026-03-12 12:52:32","2026-07-26 16:57:29"
1231,ひかりのタクトの本,ひかりのたくとのほん,"Glow Stick Book",,,recipe,"2026-03-12 12:52:32","2026-07-26 16:57:29"
1232,夢のスティック物語,ゆめのすてぃっくものがたり,"Fantastick Story",,,recipe,"2026-03-12 12:52:32","2026-07-26 16:57:29"
1233,涙のタクトストーリー,なみだのたくとすとーりー,"Tearful Wand Story",,,recipe,"2026-03-12 12:52:32","2026-07-26 16:57:29"
1234,はじめよう！杖作り,はじめよう!つえづくり,"Let's Start Making Staves!",,,recipe,"2026-03-12 12:52:32","2026-07-26 16:57:29"
1235,ようせいの杖の作り方,ようせいのつえのつくりかた,"Making a Faerie Staff",,,recipe,"2026-03-12 12:52:32","2026-07-26 16:57:29"
1236,ピオラの杖の作り方,ぴおらのつえのつくりかた,"Rod of Rapidity Book",,,recipe,"2026-03-12 12:52:32","2026-07-26 16:57:29"
1237,ルーンスタッフの本,るーんすたっふのほん,"Rune Staff Book",,,recipe,"2026-03-12 12:52:32","2026-07-26 16:57:29"
1238,マグマの杖のレシピ,まぐまのつえのれしぴ,"Magma Staff Recipe",,,recipe,"2026-03-12 12:52:32","2026-07-26 16:57:29"
1239,せいれいの杖の書,せいれいのつえのしょ,"Spirit Staff Book",,,recipe,"2026-03-12 12:52:32","2026-07-26 16:57:29"
1240,まがんの杖の作り方,まがんのつえのつくりかた,"Making a Hocus Locus",,,recipe,"2026-03-12 12:52:32","2026-07-26 16:57:29"
1241,こおりの杖のレシピ,こおりのつえのれしぴ,"Shiverstick Recipe",,,recipe,"2026-03-12 12:52:32","2026-07-26 16:57:29"
1242,セイレーンの歌,せいれーんのうた,"Siren's Song",,,recipe,"2026-03-12 12:52:32","2026-07-26 16:57:29"
1243,アークワンドの本,あーくわんどのほん,"Celestial Sceptre Book",,,recipe,"2026-03-12 12:52:32","2026-07-26 16:57:29"
1244,福音の杖の書,ふくいんのつえのしょ,"Staff of Salvation Book",,,recipe,"2026-03-12 12:52:32","2026-07-26 16:57:29"
1245,賢者の杖の作り方,けんじゃのつえのつくりかた,"Making a Sage's Staff",,,recipe,"2026-03-12 12:52:32","2026-07-26 16:57:29"
1246,女神の杖の物語,めがみのつえのものがたり,"Sacrosanct Staff Story",,,recipe,"2026-03-12 12:52:32","2026-07-26 16:57:29"
1247,ドラゴンの杖の作り方,どらごんのつえのつくりかた,"How to Make a Wyrmwand",,,recipe,"2026-03-12 12:52:32","2026-07-26 16:57:29"
1248,聖王の杖の壁画,せいおうのつえのへきが,"Dryspell Staff Book",,,recipe,"2026-03-12 12:52:32","2026-07-26 16:57:29"
1249,ひかりの杖の本,ひかりのつえのほん,"Bright Staff Book",,,recipe,"2026-03-12 12:52:32","2026-07-26 16:57:29"
1250,イーリスの手記,いーりすのしゅき,"Paradise Memorandum",,,recipe,"2026-03-12 12:52:32","2026-07-26 16:57:29"
1251,不死者の夜明け,ふししゃのよあけ,"Dawn of the Undead",,,recipe,"2026-03-12 12:52:32","2026-07-26 16:57:29"
1252,星座の導き・おひつじ座,せいざのみちびき・おひつじざ,"Star Guide・Aries",,,recipe,"2026-03-12 12:52:32","2026-07-26 16:57:29"
1253,根性の棍作り,こんじょうのこんづくり,"Resolute Rod Making",,,recipe,"2026-03-12 12:52:32","2026-07-26 16:57:29"
1254,セレモニーロッドの本,せれもにーろっどのほん,"Ceremony Rod Book",,,recipe,"2026-03-12 12:52:32","2026-07-26 16:57:29"
1255,まどろみのこんの書,まどろみのこんのしょ,"Sleepy Stick Book",,,recipe,"2026-03-12 12:52:32","2026-07-26 16:57:29"
1256,クラッシュロッドの本,くらっしゅろっどのほん,"Crusher Rod Book",,,recipe,"2026-03-12 12:52:32","2026-07-26 16:57:29"
1257,レイニーロッドのレシピ,れいにーろっどのれしぴ,"Mistick Recipe",,,recipe,"2026-03-12 12:52:32","2026-07-26 16:57:29"
1258,らせつのこんの作り方,らせつのこんのつくりかた,"Making a Taming Rod",,,recipe,"2026-03-12 12:52:32","2026-07-26 16:57:29"
1259,ろうがぼうの作り方,ろうがぼうのつくりかた,"How to Make a Sadistick",,,recipe,"2026-03-12 12:52:32","2026-07-26 16:57:29"
1260,やしゃのこんの作り方,やしゃのこんのつくりかた,"Making a Slaying Rod",,,recipe,"2026-03-12 12:52:32","2026-07-26 16:57:29"
1261,ドラゴンロッドのレシピ,どらごんろっどのれしぴ,"Dragon Rod Recipe",,,recipe,"2026-03-12 12:52:32","2026-07-26 16:57:29"
1262,にちりんの書,にちりんのしょ,"Book of The Sun",,,recipe,"2026-03-12 12:52:32","2026-07-26 16:57:29"
1263,白蛇のこんの作り方,しろへびのこんのつくりかた,"Make a White Snake Rod",,,recipe,"2026-03-12 12:52:32","2026-07-26 16:57:29"
1264,なげきのこんの作り方,なげきのこんのつくりかた,"Make a Rod of Mourning",,,recipe,"2026-03-12 12:52:32","2026-07-26 16:57:29"
1265,しゅらのこんのレシピ,しゅらのこんのれしぴ,"Knockout Rod Recipe",,,recipe,"2026-03-12 12:52:32","2026-07-26 16:57:29"
1266,シェンロンロッドの本,しぇんろんろっどのほん,"Xenlon Rod Book",,,recipe,"2026-03-12 12:52:32","2026-07-26 16:57:29"
1267,聖王の棍の壁画,せいおうのこんのへきが,"Dryspell Rod Book",,,recipe,"2026-03-12 12:52:32","2026-07-26 16:57:29"
1268,陰陽道の本,いんようどうのほん,"Book of Yin and Yang",,,recipe,"2026-03-12 12:52:32","2026-07-26 16:57:29"
1269,おしえてデーモン,おしえてでーもん,"Tell Me",,,recipe,"2026-03-12 12:52:32","2026-07-26 16:57:29"
1270,光と闇の黙示録,ひかりとやみのもくしろく,"Light & Dark Secrets",,,recipe,"2026-03-12 12:52:32","2026-07-26 16:57:29"
1271,お菓子な武器大全,おかしなぶきたいぜん,"Candy Weapon Compendium",,,recipe,"2026-03-12 12:52:32","2026-07-26 16:57:29"
1272,星座の導き・てんびん座,せいざのみちびき・てんびんざ,"Tipping the Scales",,,recipe,"2026-03-12 12:52:32","2026-07-26 16:57:29"
1273,楽しい扇の作り方,たのしいおうぎのつくりかた,"Fun Fan Making",,,recipe,"2026-03-12 12:52:32","2026-07-26 16:57:29"
1274,ナナホシのおうぎの書,ななほしのおうぎのしょ,"Seven Star Fan Book",,,recipe,"2026-03-12 12:52:32","2026-07-26 16:57:29"
1275,くじゃくの巻き物,くじゃくのまきもの,"Peacock Scroll",,,recipe,"2026-03-12 12:52:32","2026-07-26 16:57:29"
1276,へびのおうぎの本,へびのおうぎのほん,"Cobra Fan Book",,,recipe,"2026-03-12 12:52:32","2026-07-26 16:57:29"
1277,星のおうぎのレシピ,ほしのおうぎのれしぴ,"Stellar Fan Recipe",,,recipe,"2026-03-12 12:52:32","2026-07-26 16:57:29"
1278,マジックファンの本,まじっくふぁんのほん,"Magic Fan Book",,,recipe,"2026-03-12 12:52:32","2026-07-26 16:57:29"
1279,ましょうのおうぎの本,ましょうのおうぎのほん,"Devilish Fan Book",,,recipe,"2026-03-12 12:52:32","2026-07-26 16:57:29"
1280,月のおうぎのレシピ,つきのおうぎのれしぴ,"Lunar Fan Recipe",,,recipe,"2026-03-12 12:52:32","2026-07-26 16:57:29"
1281,レインボーファンの本,れいんぼーふぁんのほん,"Rainbow Fan Book",,,recipe,"2026-03-12 12:52:32","2026-07-26 16:57:29"
1282,太陽のおうぎのレシピ,たいようのおうぎのれしぴ,"Solar Fan Recipe",,,recipe,"2026-03-12 12:52:32","2026-07-26 16:57:29"
1283,ばしょうせんの本,ばしょうせんのほん,"Frond Fan Book",,,recipe,"2026-03-12 12:52:32","2026-07-26 16:57:29"
1284,天下泰平の書,てんかたいへいのしょ,"Fan of Peace Book",,,recipe,"2026-03-12 12:52:32","2026-07-26 16:57:29"
1285,ひっさつのおうぎの本,ひっさつのおうぎのほん,"Critical Fan Book",,,recipe,"2026-03-12 12:52:32","2026-07-26 16:57:29"
1286,風林火山の書,ふうりんかざんのしょ,"Attribeauty Book",,,recipe,"2026-03-12 12:52:32","2026-07-26 16:57:29"
1287,聖王のおうぎの壁画,せいおうのおうぎのへきが,"Dryspell Fan Book",,,recipe,"2026-03-12 12:52:32","2026-07-26 16:57:29"
1288,カレイドスコープレシピ,かれいどすこーぷれしぴ,"Kaleidoscope Recipe",,,recipe,"2026-03-12 12:52:32","2026-07-26 16:57:29"
1289,青嵐のおうぎ絵巻,せいらんのおうぎえまき,"Tempest Fan Book",,,recipe,"2026-03-12 12:52:32","2026-07-26 16:57:29"
1290,詩集・追想の愛,ししゅう・ついそうのあい,"Recollection of Love",,,recipe,"2026-03-12 12:52:32","2026-07-26 16:57:29"
1291,星座の導き・おとめ座,せいざのみちびき・おとめざ,"Horoscope: Virgo",,,recipe,"2026-03-12 12:52:32","2026-07-26 16:57:29"
1292,あなたと私の弓作り,あなたとわたしのゆみづくり,"You and I Making a Bow",,,recipe,"2026-03-12 12:52:32","2026-07-26 16:57:29"
1293,こあくまの弓の本,こあくまのゆみのほん,"Imp Bow Book",,,recipe,"2026-03-12 12:52:32","2026-07-26 16:57:29"
1294,かぜきりの弓の書,かぜきりのゆみのしょ,"Blowy Bow Book",,,recipe,"2026-03-12 12:52:32","2026-07-26 16:57:29"
1295,童話ゆうわくの弓,どうわゆうわくのゆみ,"Fuddling Fairy Tales",,,recipe,"2026-03-12 12:52:32","2026-07-26 16:57:29"
1296,白鳥の弓の作り方,はくちょうのゆみのつくりかた,"How to Make a Swan Bow",,,recipe,"2026-03-12 12:52:32","2026-07-26 16:57:29"
1297,月光の弓の書,げっこうのゆみのしょ,"Moonlight Bow Book",,,recipe,"2026-03-12 12:52:32","2026-07-26 16:57:29"
1298,むげんの弓の物語,むげんのゆみのものがたり,"Purblind Bow Story",,,recipe,"2026-03-12 12:52:32","2026-07-26 16:57:29"
1299,ナイトスナイパーの書,ないとすないぱーのしょ,"Night Sniper Book",,,recipe,"2026-03-12 12:52:32","2026-07-26 16:57:29"
1300,すざくの弓の秘伝書,すざくのゆみのひでんしょ,"Vermilion Bird Bow Book",,,recipe,"2026-03-12 12:52:32","2026-07-26 16:57:29"
1301,ケイロンの教え,けいろんのおしえ,"Cheiron's Teachings",,,recipe,"2026-03-12 12:52:32","2026-07-26 16:57:29"
1302,アルテミスの恵み,あるてみすのめぐみ,"Artemis' Blessing",,,recipe,"2026-03-12 12:52:32","2026-07-26 16:57:29"
1303,バジリスクの石版,ばじりすくのせきばん,"Basilisk Tablet",,,recipe,"2026-03-12 12:52:32","2026-07-26 16:57:29"
1304,じごくの弓の黙示録,じごくのゆみのもくしろく,Oh-No,,,recipe,"2026-03-12 12:52:32","2026-07-26 16:57:29"
1305,天使の弓のレシピ,てんしのゆみのれしぴ,"Angel's Bow Recipe",,,recipe,"2026-03-12 12:52:32","2026-07-26 16:57:29"
1306,聖王の弓の壁画,せいおうのゆみのへきが,"Dryspell Bow Book",,,recipe,"2026-03-12 12:52:32","2026-07-26 16:57:29"
1307,オーディーンボウの書,おーでぃーんぼうのしょ,"Odin's Bow Book",,,recipe,"2026-03-12 12:52:32","2026-07-26 16:57:29"
1308,バエナの教典,ばえなのきょうてん,"Baena's Scriptures",,,recipe,"2026-03-12 12:52:32","2026-07-26 16:57:29"
1309,琴座の五線譜,ことざのごせんふ,"Lyre's Score",,,recipe,"2026-03-12 12:52:32","2026-07-26 16:57:29"
1310,星座の導き・いて座,せいざのみちびき・いてざ,"Star Guide・Sagittarius",,,recipe,"2026-03-12 12:52:32","2026-07-26 16:57:29"
1311,釣りざお作成入門,つりざおさくせいにゅうもん,"Fishing Rod Creation",,,recipe,"2026-03-12 12:52:32","2026-07-26 16:57:29"
1312,炎の釣り伝説・第1巻,ほのおのつりでんせつ・だい1かん,"Flame Fishing Legend Vol. 1",,,recipe,"2026-03-12 12:52:32","2026-07-26 16:57:29"
1313,氷と釣りのワルツ,こおりとつりのわるつ,"Of Ice and Fishing",,,recipe,"2026-03-12 12:52:32","2026-07-26 16:57:29"
1314,闇の釣り人放浪記・序章,やみのつりじんほうろうき・じょしょう,"Dark Fisherman Vol 1",,,recipe,"2026-03-12 12:52:32","2026-07-26 16:57:29"
1315,炎の釣り伝説・第2巻,ほのおのつりでんせつ・だい2かん,"Flame Fishing Legend Vol. 2",,,recipe,"2026-03-12 12:52:32","2026-07-26 16:57:29"
1316,続・氷と釣りのワルツ,ぞく・こおりとつりのわるつ,"Of Ice and Fishing II",,,recipe,"2026-03-12 12:52:32","2026-07-26 16:57:29"
1317,闇の釣り人放浪記・終章,やみのつりじんほうろうき・しゅうしょう,"Dark Fisherman Vol 2",,,recipe,"2026-03-12 12:52:32","2026-07-26 16:57:29"
1318,つみきでハッピー！,つみきではっぴー!,"Happy with Building Blocks!",,,recipe,"2026-03-12 12:52:32","2026-07-26 16:57:29"
1319,ごうかなイスと机の本,ごうかないすとつくえのほん,"Fancy Furniture Book",,,recipe,"2026-03-12 12:52:32","2026-07-26 16:57:29"
1320,ごうかなインテリアの本,ごうかないんてりあのほん,"Fancy Interior Book",,,recipe,"2026-03-12 12:52:32","2026-07-26 16:57:29"
1321,お菓子なイスと机の本,おかしないすとつくえのほん,"Sweet Furniture Book",,,recipe,"2026-03-12 12:52:32","2026-07-26 16:57:29"
1322,お菓子なインテリアの本,おかしないんてりあのほん,"Sweet Interior Book",,,recipe,"2026-03-12 12:52:32","2026-07-26 16:57:29"
1323,スライムのイスと机の本,すらいむのいすとつくえのほん,"Slime Furniture Book",,,recipe,"2026-03-12 12:52:32","2026-07-26 16:57:29"
1324,スライムインテリアの本,すらいむいんてりあのほん,"Slime Interior Book",,,recipe,"2026-03-12 12:52:32","2026-07-26 16:57:29"
1325,ゴシックなイスと机の本,ごしっくないすとつくえのほん,"Gothic Furniture Book",,,recipe,"2026-03-12 12:52:32","2026-07-26 16:57:29"
1326,ゴシックインテリアの本,ごしっくいんてりあのほん,"Gothic Interior Book",,,recipe,"2026-03-12 12:52:32","2026-07-26 16:57:29"
1327,王宮のイスと机の本,おうきゅうのいすとつくえのほん,"Royal Furniture Book",,,recipe,"2026-03-12 12:52:32","2026-07-26 16:57:29"
1328,王宮のインテリアの本,おうきゅうのいんてりあのほん,"Royal Interior Book",,,recipe,"2026-03-12 12:52:32","2026-07-26 16:57:29"
1329,ハートのイスと机の本,はーとのいすとつくえのほん,"Heart Furniture Book",,,recipe,"2026-03-12 12:52:32","2026-07-26 16:57:29"
1330,ハートのインテリアの本,はーとのいんてりあのほん,"Heart Interior Book",,,recipe,"2026-03-12 12:52:32","2026-07-26 16:57:29"
1331,黒曜のイスと机の本,こくようのいすとつくえのほん,"Obsidian Furniture Book",,,recipe,"2026-03-12 12:52:32","2026-07-26 16:57:29"
1332,黒曜のインテリアの本,こくようのいんてりあのほん,"Obsidian Interior Book",,,recipe,"2026-03-12 12:52:32","2026-07-26 16:57:29"
1333,お姫様のイスと机の本,おひめさまのいすとつくえのほん,"Princess Furniture Book",,,recipe,"2026-03-12 12:52:32","2026-07-26 16:57:29"
1334,お姫様のインテリアの本,おひめさまのいんてりあのほん,"Princess Interior Book",,,recipe,"2026-03-12 12:52:32","2026-07-26 16:57:29"
1335,スチームのイスと机の本,すちーむのいすとつくえのほん,"Steam Furniture Book",,,recipe,"2026-03-12 12:52:32","2026-07-26 16:57:29"
1336,スチームのインテリアの本,すちーむのいんてりあのほん,"Steam Interior Book",,,recipe,"2026-03-12 12:52:32","2026-07-26 16:57:29"
1337,水晶のイスと机の本,すいしょうのいすとつくえのほん,"Crystal Furniture Book",,,recipe,"2026-03-12 12:52:32","2026-07-26 16:57:29"
1338,水晶のインテリアの本,すいしょうのいんてりあのほん,"Crystal Interior Book",,,recipe,"2026-03-12 12:52:32","2026-07-26 16:57:29"
1339,スターのイスの作り方,すたーのいすのつくりかた,"How to Make Star Chairs",,,recipe,"2026-03-12 12:52:32","2026-07-26 16:57:29"
1340,赤キノコ栽培日記,あかきのこさいばいにっき,"Mushroom Diary",,,recipe,"2026-03-12 12:52:32","2026-07-26 16:57:29"
1341,セクシーインテリアの本,せくしーいんてりあのほん,"Sexy Interior Book",,,recipe,"2026-03-12 12:52:32","2026-07-26 16:57:29"
1342,飾りタイルの家具の本,かざりたいるのかぐのほん,"Tile Furniture Book",,,recipe,"2026-03-12 12:52:32","2026-07-26 16:57:29"
1343,フルーツ家具カタログ,ふるーつかぐかたろぐ,"Fruit Furniture Catalog",,,recipe,"2026-03-12 12:52:32","2026-07-26 16:57:29"
1344,ベジタブル家具の本,べじたぶるかぐのほん,"Veggie Furniture Book",,,recipe,"2026-03-12 12:52:32","2026-07-26 16:57:29"
1345,星空家具の絵本,ほしぞらかぐのえほん,"Starry Furniture Book",,,recipe,"2026-03-12 12:52:32","2026-07-26 16:57:29"
1346,音符の家具のセレナーデ,おんぷのかぐのせれなーで,"Music Decor Serenade",,,recipe,"2026-03-12 12:52:32","2026-07-26 16:57:29"
1347,ふわふわ雲の観測日記,ふわふわくものかんそくにっき,"Diary of Fluffy Clouds",,,recipe,"2026-03-12 12:52:32","2026-07-26 16:57:29"
1348,パッチワーク家具の本,ぱっちわーくかぐのほん,"Patch Furniture Book",,,recipe,"2026-03-12 12:52:32","2026-07-26 16:57:29"
1349,チェック家具カタログ,ちぇっくかぐかたろぐ,"Checkered Catalogue",,,recipe,"2026-03-12 12:52:32","2026-07-26 16:57:29"
1350,蚊帳つきフトンのレシピ,かやつきふとんのれしぴ,"Futon Recipe",,,recipe,"2026-03-12 12:52:32","2026-07-26 16:57:29"
1351,短冊・笹の葉さらさら,たんざく・ささのはさらさら,"Bamboo Grass Rustling",,,recipe,"2026-03-12 12:52:32","2026-07-26 16:57:29"
1352,短冊・風の吹くままに,たんざく・かぜのふくままに,"As the Wind Blows",,,recipe,"2026-03-12 12:52:32","2026-07-26 16:57:29"
1353,ヘチマ図鑑,へちまずかん,"Loofah Picture Book",,,recipe,"2026-03-12 12:52:32","2026-07-26 16:57:29"
1354,お花とネコの物語,おはなとねこのものがたり,"Flowers and Cats Story",,,recipe,"2026-03-12 12:52:32","2026-07-26 16:57:29"
1355,はじめてのさいほう,はじめてのさいほう,"Starter Sewing",,,recipe,"2026-03-12 12:52:32","2026-07-26 16:57:29"
1356,芸人の服の作り方,げいにんのふくのつくりかた,"Making a Talent Outfit",,,recipe,"2026-03-12 12:52:32","2026-07-26 16:57:29"
1357,ぬすっと服のレシピ,ぬすっとふくのれしぴ,"Thief Clothes Recipe",,,recipe,"2026-03-12 12:52:32","2026-07-26 16:57:29"
1358,いやしの服のレシピ,いやしのふくのれしぴ,"Healing Outfit Recipe",,,recipe,"2026-03-12 12:52:32","2026-07-26 16:57:29"
1359,きぬのローブの作り方,きぬのろーぶのつくりかた,"Making a Silk Outfit",,,recipe,"2026-03-12 12:52:32","2026-07-26 16:57:29"
1360,射手の服のレシピ,しゃしゅのふくのれしぴ,"Archer Outfit Recipe",,,recipe,"2026-03-12 12:52:32","2026-07-26 16:57:29"
1361,れんしゅうぎのレシピ,れんしゅうぎのれしぴ,"Training Wear Recipe",,,recipe,"2026-03-12 12:52:32","2026-07-26 16:57:29"
1362,サフランローブの作り方,さふらんろーぶのつくりかた,"Making a Saffron Outfit",,,recipe,"2026-03-12 12:52:32","2026-07-26 16:57:29"
1363,くすしのローブの作り方,くすしのろーぶのつくりかた,"Make Apothecary Clothes",,,recipe,"2026-03-12 12:52:32","2026-07-26 16:57:29"
1364,初級魔法戦士服のレシピ,しょきゅうまほうせんしふくのれしぴ,"Novice ARM Outfit Book",,,recipe,"2026-03-12 12:52:32","2026-07-26 16:57:29"
1365,ダンサーインザシャツ,だんさーいんざしゃつ,"Dance Outfit Recipe",,,recipe,"2026-03-12 12:52:32","2026-07-26 16:57:29"
1366,はやてのベスト作成術,はやてのべすとさくせいじゅつ,"Agility Outfit Creation",,,recipe,"2026-03-12 12:52:32","2026-07-26 16:57:29"
1367,みかわしの服のレシピ,みかわしのふくのれしぴ,"Evasion Outfit Recipe",,,recipe,"2026-03-12 12:52:32","2026-07-26 16:57:29"
1368,手品師の服の作り方,てじなしのふくのつくりかた,"Making Conjurer Clothes",,,recipe,"2026-03-12 12:52:32","2026-07-26 16:57:29"
1369,学者のころもの作り方,がくしゃのころものつくりかた,"Academic Outfit Recipe",,,recipe,"2026-03-12 12:52:32","2026-07-26 16:57:29"
1370,カンフージャケットの本,かんふーじゃけっとのほん,"Kung Fu Jacket Book",,,recipe,"2026-03-12 12:52:32","2026-07-26 16:57:29"
1371,マタドールの服のレシピ,またどーるのふくのれしぴ,"Matador Clothes Recipe",,,recipe,"2026-03-12 12:52:32","2026-07-26 16:57:29"
1372,まじないしの服の作り方,まじないしのふくのつくりかた,"Fizzle-Proof Book",,,recipe,"2026-03-12 12:52:32","2026-07-26 16:57:29"
1373,まもりのローブの作り方,まもりのろーぶのつくりかた,"Safety Outift Book",,,recipe,"2026-03-12 12:52:32","2026-07-26 16:57:29"
1374,木の葉よろい全集,このはよろいぜんしゅう,"Foliage Armor Book",,,recipe,"2026-03-12 12:52:32","2026-07-26 16:57:29"
1375,ウェスタンな服のレシピ,うぇすたんなふくのれしぴ,"Western Clothes Recipe",,,recipe,"2026-03-12 12:52:32","2026-07-26 16:57:29"
1376,かたりべの服のレシピ,かたりべのふくのれしぴ,"Storyteller's Recipe",,,recipe,"2026-03-12 12:52:32","2026-07-26 16:57:29"
1377,神官のほういの作り方,しんかんのほういのつくりかた,"Make a Minister Outfit",,,recipe,"2026-03-12 12:52:32","2026-07-26 16:57:29"
1378,まどうしのころも作成術,まどうしのころもさくせいじゅつ,"Making a Wizard Outfit",,,recipe,"2026-03-12 12:52:32","2026-07-26 16:57:29"
1379,けんぽうぎの作り方,けんぽうぎのつくりかた,"Tussler's Teachings",,,recipe,"2026-03-12 12:52:32","2026-07-26 16:57:29"
1380,森人の防具図鑑,もりびとのぼうぐずかん,"Woodland Armor Book",,,recipe,"2026-03-12 12:52:32","2026-07-26 16:57:29"
1381,フェンサーマントの本,ふぇんさーまんとのほん,"Book of Fencing",,,recipe,"2026-03-12 12:52:32","2026-07-26 16:57:29"
1382,水のはごろも物語,みずのはごろもものがたり,"Flowing Dress Story",,,recipe,"2026-03-12 12:52:32","2026-07-26 16:57:29"
1383,きじゅつしのネタ帳,きじゅつしのねたちょう,"Illusionist's Notebook",,,recipe,"2026-03-12 12:52:32","2026-07-26 16:57:29"
1384,司祭のほういの作り方,しさいのほういのつくりかた,"Making Pastor's Clothes",,,recipe,"2026-03-12 12:52:32","2026-07-26 16:57:29"
1385,ホーリーローブのレシピ,ほーりーろーぶのれしぴ,"Holy Outfit Recipe",,,recipe,"2026-03-12 12:52:32","2026-07-26 16:57:29"
1386,しんりのローブの本,しんりのろーぶのほん,"Faithful Outfit Recipe",,,recipe,"2026-03-12 12:52:32","2026-07-26 16:57:29"
1387,無法者のベストライフ,むほうしゃのべすとらいふ,"Life of a Freebooter",,,recipe,"2026-03-12 12:52:32","2026-07-26 16:57:29"
1388,マスターベストのレシピ,ますたーべすとのれしぴ,"Master Outfit Recipe",,,recipe,"2026-03-12 12:52:32","2026-07-26 16:57:29"
1389,占星術師のローブの本,せんせいじゅつしのろーぶのほん,"Astrologer Outfit Book",,,recipe,"2026-03-12 12:52:33","2026-07-26 16:57:29"
1390,聖者のほういの作り方,せいじゃのほういのつくりかた,"Making a Saint's Outfit",,,recipe,"2026-03-12 12:52:33","2026-07-26 16:57:29"
1391,トレジャーなコート図鑑,とれじゃーなこーとずかん,"Treasure Outfit Book",,,recipe,"2026-03-12 12:52:33","2026-07-26 16:57:29"
1392,インテリローブのレシピ,いんてりろーぶのれしぴ,"Scholar's Outfit Recipe",,,recipe,"2026-03-12 12:52:33","2026-07-26 16:57:29"
1393,月のローブの秘密,つきのろーぶのひみつ,"Moon Robe's Secret",,,recipe,"2026-03-12 12:52:33","2026-07-26 16:57:29"
1394,モダンバニーの秘密日記,もだんばにーのひみつにっき,"Modern Bunny Diary",,,recipe,"2026-03-12 12:52:33","2026-07-26 16:57:29"
1395,原始獣のコート作成法,げんしじゅうのこーとさくせいほう,"Primal Beast Book",,,recipe,"2026-03-12 12:52:33","2026-07-26 16:57:29"
1396,拳聖の道着作成法,けんせいのどうぎさくせいほう,"Fist Saint Uniform Book",,,recipe,"2026-03-12 12:52:33","2026-07-26 16:57:29"
1397,古武道の道着の作り方,こぶどうのどうぎのつくりかた,"Making a Kobudo Uniform",,,recipe,"2026-03-12 12:52:33","2026-07-26 16:57:29"
1398,王宮魔術の服カタログ,おうきゅうまじゅつのふくかたろぐ,"Royal Mage Catalog",,,recipe,"2026-03-12 12:52:33","2026-07-26 16:57:29"
1399,クラウンベスト辞典,くらうんべすとじてん,"Clown Dictionary",,,recipe,"2026-03-12 12:52:33","2026-07-26 16:57:29"
1400,ミラクルコートカタログ,みらくるこーとかたろぐ,"Miracle Outfit Catalog",,,recipe,"2026-03-12 12:52:33","2026-07-26 16:57:29"
1401,古代魔術のほうい作成法,こだいまじゅつのほういさくせいほう,"Book of Ancient Magic",,,recipe,"2026-03-12 12:52:33","2026-07-26 16:57:29"
1402,歌詠みのころも作成法,うたよみのころもさくせいほう,"How To Write A Poem",,,recipe,"2026-03-12 12:52:33","2026-07-26 16:57:29"
1403,求道者の道着の作り方,きゅうどうしゃのどうぎのつくりかた,"Seeker's Outfit Recipe",,,recipe,"2026-03-12 12:52:33","2026-07-26 16:57:29"
1404,チェイサーレザー作成術,ちぇいさーれざーさくせいじゅつ,"Chaser Leather Making",,,recipe,"2026-03-12 12:52:33","2026-07-26 16:57:29"
1405,アイドルスーツのレシピ,あいどるすーつのれしぴ,"Idol Outfit Recipe",,,recipe,"2026-03-12 12:52:33","2026-07-26 16:57:29"
1406,だいまどうローブ大全,だいまどうろーぶたいぜん,"Great Mage Outfit Book",,,recipe,"2026-03-12 12:52:33","2026-07-26 16:57:29"
1407,大賢者のほういの書,だいけんじゃのほういのしょ,"Supreme Sage's Book",,,recipe,"2026-03-12 12:52:33","2026-07-26 16:57:29"
1408,ひつじのころもの絵本,ひつじのころものえほん,"Sheep Outfit Recipe",,,recipe,"2026-03-12 12:52:33","2026-07-26 16:57:29"
1409,さとりのころもの書,さとりのころものしょ,"Clarity Outfit Book",,,recipe,"2026-03-12 12:52:33","2026-07-26 16:57:29"
1410,ステージ衣装大全,すてーじいしょうたいぜん,"Complete Stage Outfit",,,recipe,"2026-03-12 12:52:33","2026-07-26 16:57:29"
1411,タイフーンレザーの本,たいふーんれざーのほん,"Typhoon Leather Book",,,recipe,"2026-03-12 12:52:33","2026-07-26 16:57:29"
1412,レイブンスーツのレシピ,れいぶんすーつのれしぴ,"Raven Suit Recipe",,,recipe,"2026-03-12 12:52:33","2026-07-26 16:57:29"
1413,退魔の装束の作り方,たいまのしょうぞくのつくりかた,"Make an Exorcism Outfit",,,recipe,"2026-03-12 12:52:33","2026-07-26 16:57:29"
1414,黄竜伝,こうりゅうでん,"Yellow Dragon Legend",,,recipe,"2026-03-12 12:52:33","2026-07-26 16:57:29"
1415,聖賢者の予言書,せいけんしゃのよげんしょ,"Holy Sage's Prophecy",,,recipe,"2026-03-12 12:52:33","2026-07-26 16:57:29"
1416,砂漠の民の物語,さばくのみんのものがたり,"Desert People's Story",,,recipe,"2026-03-12 12:52:33","2026-07-26 16:57:29"
1417,獄獣の掟,ごくじゅうのおきて,"Hell Beast's Law",,,recipe,"2026-03-12 12:52:33","2026-07-26 16:57:29"
1418,舞い手の教本,まいてのきょうほん,"Performer's Manual",,,recipe,"2026-03-12 12:52:33","2026-07-26 16:57:29"
1419,精霊王の叙事詩,せいれいおうのじょじし,"Faerie King's Poetry",,,recipe,"2026-03-12 12:52:33","2026-07-26 16:57:29"
1420,ごうかなラグの作り方,ごうかならぐのつくりかた,"How to Make Fancy Rugs",,,recipe,"2026-03-12 12:52:33","2026-07-26 16:57:29"
1421,オーガ人形の作り方,おーがにんぎょうのつくりかた,"Making Ogre Dolls",,,recipe,"2026-03-12 12:52:33","2026-07-26 16:57:29"
1422,ウェディ人形の作り方,うぇでぃにんぎょうのつくりかた,"Making Weddie Dolls",,,recipe,"2026-03-12 12:52:33","2026-07-26 16:57:29"
1423,エルフ人形の作り方,えるふにんぎょうのつくりかた,"Making Elf Dolls",,,recipe,"2026-03-12 12:52:33","2026-07-26 16:57:29"
1424,プクリポ人形の作り方,ぷくりぽにんぎょうのつくりかた,"Making Pukulipo Dolls",,,recipe,"2026-03-12 12:52:33","2026-07-26 16:57:29"
1425,ドワーフ人形の作り方,どわーふにんぎょうのつくりかた,"Making Dwarf Dolls",,,recipe,"2026-03-12 12:52:33","2026-07-26 16:57:29"
1426,モーモンラグのレシピ,もーもんらぐのれしぴ,"Sanguini Rug Recipe",,,recipe,"2026-03-12 12:52:33","2026-07-26 16:57:29"
1427,ドラキーラグのレシピ,どらきーらぐのれしぴ,"Dracky Rug Recipe",,,recipe,"2026-03-12 12:52:33","2026-07-26 16:57:29"
1428,スライムカーペットの本,すらいむかーぺっとのほん,"Slime Carpet Book",,,recipe,"2026-03-12 12:52:33","2026-07-26 16:57:29"
1429,黒曜のカーペットの本,こくようのかーぺっとのほん,"Obsidian Carpet Book",,,recipe,"2026-03-12 12:52:33","2026-07-26 16:57:29"
1430,パッチワークラグのメモ,ぱっちわーくらぐのめも,"Patchwork Rug Memo",,,recipe,"2026-03-12 12:52:33","2026-07-26 16:57:29"
1431,水晶のカーペットの本,すいしょうのかーぺっとのほん,"Crystal Carpet Book",,,recipe,"2026-03-12 12:52:33","2026-07-26 16:57:29"
1432,飾りタイルのラグの本,かざりたいるのらぐのほん,"Tile Rug Book",,,recipe,"2026-03-12 12:52:33","2026-07-26 16:57:29"
1433,エンドウマメのラグの本,えんどうまめのらぐのほん,"Pea Rug Book",,,recipe,"2026-03-12 12:52:33","2026-07-26 16:57:29"
1434,サクランボのラグの本,さくらんぼのらぐのほん,"Cherry Rug Book",,,recipe,"2026-03-12 12:52:33","2026-07-26 16:57:29"
1435,チェックのラグの作り方,ちぇっくのらぐのつくりかた,"Making Checkered Rugs",,,recipe,"2026-03-12 12:52:33","2026-07-26 16:57:29"
1436,音符のラグのララバイ,おんぷのらぐのららばい,"Music Rug Lullaby",,,recipe,"2026-03-12 12:52:33","2026-07-26 16:57:29"
1437,星空のラグの絵本,ほしぞらのらぐのえほん,"Starry Rug Book",,,recipe,"2026-03-12 12:52:33","2026-07-26 16:57:29"
1438,ふわふわ雲のラグ図鑑,ふわふわくものらぐずかん,"Fluffy Cloud Rug Book",,,recipe,"2026-03-12 12:52:33","2026-07-26 16:57:29"
1439,手軽にクイックケーキ,てがるにくいっくけーき,"Quick Cake Recipe",,,recipe,"2026-03-12 12:52:33","2026-07-26 16:57:29"
1440,ゴージャスクッキーの本,ごーじゃすくっきーのほん,"Gorgeous Cookies Recipe",,,recipe,"2026-03-12 12:52:33","2026-07-26 16:57:29"
1441,スタミナライスの作り方,すたみならいすのつくりかた,"Stamina Rice Recipe",,,recipe,"2026-03-12 12:52:33","2026-07-26 16:57:29"
1442,かんたん！マナパスタ,かんたん!まなぱすた,"Easy Mana Pasta!",,,recipe,"2026-03-12 12:52:33","2026-07-26 16:57:29"
1443,きようさにくまんの秘密,きようさにくまんのひみつ,"Deft Meat Buns Recipe",,,recipe,"2026-03-12 12:52:33","2026-07-26 16:57:29"
1444,絶品！いやしのスープ,ぜっぴん!いやしのすーぷ,"Exquisite Healing Soup!",,,recipe,"2026-03-12 12:52:33","2026-07-26 16:57:29"
1445,ガーディアンサラダの本,がーでぃあんさらだのほん,"Guardian Salad Recipe",,,recipe,"2026-03-12 12:52:33","2026-07-26 16:57:29"
1446,パワフルステーキレシピ,ぱわふるすてーきれしぴ,"Powerful Steak Recipe",,,recipe,"2026-03-12 12:52:33","2026-07-26 16:57:29"
1447,マジカルサンドのレシピ,まじかるさんどのれしぴ,"Magical Sandwich Recipe",,,recipe,"2026-03-12 12:52:33","2026-07-26 16:57:29"
1448,かいしんバーガーの本,かいしんばーがーのほん,"Critical Burger Recipe",,,recipe,"2026-03-12 12:52:33","2026-07-26 16:57:29"
1449,みかわしオムレツ調理法,みかわしおむれつちょうりほう,"Evasion Omelet Recipe",,,recipe,"2026-03-12 12:52:33","2026-07-26 16:57:29"
1450,男ならメガもり丼,おとこならめがもりどん,"Mega Rice Bowl Recipe",,,recipe,"2026-03-12 12:52:33","2026-07-26 16:57:29"
1451,タルトと安らかな午後,たるととやすらかなごご,"A Tart Afternoon",,,recipe,"2026-03-12 12:52:33","2026-07-26 16:57:29"
1452,スタースイーツの絵本,すたーすいーつのえほん,"Star Sweets Recipe",,,recipe,"2026-03-12 12:52:33","2026-07-26 16:57:29"
1453,アクロバーガーの作り方,あくろばーがーのつくりかた,"Acro-Burger Recipe",,,recipe,"2026-03-12 12:52:33","2026-07-26 16:57:29"
1454,完全なるバランスパスタ,かんぜんなるばらんすぱすた,"Balance Pasta Recipe",,,recipe,"2026-03-12 12:52:33","2026-07-26 16:57:29"
1455,いやしのムニエルを得る,いやしのむにえるをえる,"Mending Meuniere Recipe",,,recipe,"2026-03-12 12:52:33","2026-07-26 16:57:29"
1456,あいじょうオムレツの本,あいじょうおむれつのほん,"Affection Omelet Recipe",,,recipe,"2026-03-12 12:52:33","2026-07-26 16:57:29"
1457,ミラクルサンドの作り方,みらくるさんどのつくりかた,"Miracle Sandwich Recipe",,,recipe,"2026-03-12 12:52:33","2026-07-26 16:57:29"
1458,マジックスープの神秘,まじっくすーぷのしんぴ,"Magic Soup Recipe",,,recipe,"2026-03-12 12:52:33","2026-07-26 16:57:29"
1459,究極！スパイスカレー,きゅうきょく!すぱいすかれー,"Ultimate! Spiced Curry",,,recipe,"2026-03-12 12:52:33","2026-07-26 16:57:29"
1460,バトルステーキのレシピ,ばとるすてーきのれしぴ,"Battle Steak Recipe",,,recipe,"2026-03-12 12:52:33","2026-07-26 16:57:29"
1461,スマッシュポテトな物語,すまっしゅぽてとなものがたり,"Mashed Potato Recipe",,,recipe,"2026-03-12 12:52:33","2026-07-26 16:57:29"
1462,グレイトグラタンの王様,ぐれいとぐらたんのおうさま,"Great Gratin Recipe",,,recipe,"2026-03-12 12:52:33","2026-07-26 16:57:29"
1463,ズッシリゾットのレシピ,ずっしりぞっとのれしぴ,"Sushi Risotto Recipe",,,recipe,"2026-03-12 12:52:33","2026-07-26 16:57:29"
1464,匠なチャーハンの世界,たくみなちゃーはんのせかい,"Fried Rice Recipe",,,recipe,"2026-03-12 12:52:33","2026-07-26 16:57:29"
1465,鋭く尖ったキッシュ辞典,するどくとがったきっしゅじてん,"Sharply Pointed Quiche Dictionary",,,recipe,"2026-03-12 12:52:33","2026-07-26 16:57:29"
1466,突撃！タンクハンバーグ,とつげき!たんくはんばーぐ,"Charge! Tank Hamburg Steak",,,recipe,"2026-03-12 12:52:33","2026-07-26 16:57:29"
1467,闘争とパッツァの歴史,とうそうとぱっつぁのれきし,"Battle Pazza Recipe",,,recipe,"2026-03-12 12:52:33","2026-07-26 16:57:29"
1468,家庭料理の定番,かていりょうりのていばん,"Meat & Potatoes Recipe",,,recipe,"2026-03-12 12:52:33","2026-07-26 16:57:29"
1469,カルボナーラを作るなら,かるぼなーらをつくるなら,"Heal Carbonara Recipe",,,recipe,"2026-03-12 12:52:33","2026-07-26 16:57:29"
1470,ミニ料理集・魚料理編,みにりょうりしゅう・さかなりょうりへん,"Mini Fish Dish Cookbook",,,recipe,"2026-03-12 12:52:33","2026-07-26 16:57:29"
1471,ミニ料理集・スイーツ編,みにりょうりしゅう・すいーつへん,"Mini Sweets Cookbook",,,recipe,"2026-03-12 12:52:33","2026-07-26 16:57:29"
1472,ミニ料理集・肉料理編,みにりょうりしゅう・にくりょうりへん,"Mini Meat Dish Cookbook",,,recipe,"2026-03-12 12:52:33","2026-07-26 16:57:29"
1473,ミニ料理集・パスタ＆米,みにりょうりしゅう・ぱすたあんどこめ,"Mini Cookbook: Pasta & Rice",,,recipe,"2026-03-12 12:52:33","2026-07-26 16:57:29"
1474,初級・魔力錬金の本,しょきゅう・まりょくれんきんのほん,"Beginner Magic Power",,,recipe,"2026-03-12 12:52:33","2026-07-26 16:57:29"
1475,初級・MP錬金の本,しょきゅう・MPれんきんのほん,"Beginner MP Alchemy Book",,,recipe,"2026-03-12 12:52:33","2026-07-26 16:57:29"
1476,初級・呪文錬金の本,しょきゅう・じゅもんれんきんのほん,"Beginner Spell",,,recipe,"2026-03-12 12:52:33","2026-07-26 16:57:29"
1477,初級・状態攻撃錬金の本,しょきゅう・じょうたいこうげきれんきんのほん,"Beginner Status Attack",,,recipe,"2026-03-12 12:52:33","2026-07-26 16:57:29"
1478,ふしぎなトゲつきしっぽ,ふしぎなとげつきしっぽ,"Mysterious Spiked Tail",,,recipe,"2026-03-12 12:52:33","2026-07-26 16:57:29"
1479,初級・おしゃれ錬金の本,しょきゅう・おしゃれれんきんのほん,"Beginner Style",,,recipe,"2026-03-12 12:52:33","2026-07-26 16:57:29"
1480,初級・心ガード錬金の本,しょきゅう・こころがーどれんきんのほん,"Beginner Critical Guard",,,recipe,"2026-03-12 12:52:33","2026-07-26 16:57:29"
1481,初級・状態ガード錬金術,しょきゅう・じょうたいがーどれんきんじゅつ,"Beginner Status Guard",,,recipe,"2026-03-12 12:52:33","2026-07-26 16:57:29"
1482,中級・魔力錬金の本,ちゅうきゅう・まりょくれんきんのほん,"Intermediate Mag. Power",,,recipe,"2026-03-12 12:52:33","2026-07-26 16:57:29"
1483,中級・MP錬金の本,ちゅうきゅう・MPれんきんのほん,"Intermediate MP Alchemy Book",,,recipe,"2026-03-12 12:52:33","2026-07-26 16:57:29"
1484,中級・呪文錬金の本,ちゅうきゅう・じゅもんれんきんのほん,"Intermediate Spell",,,recipe,"2026-03-12 12:52:33","2026-07-26 16:57:29"
1485,中級・状態攻撃錬金の本,ちゅうきゅう・じょうたいこうげきれんきんのほん,"Intermediate Status Atk",,,recipe,"2026-03-12 12:52:33","2026-07-26 16:57:29"
1486,中級・おしゃれ錬金の本,ちゅうきゅう・おしゃれれんきんのほん,"Intermediate Style",,,recipe,"2026-03-12 12:52:33","2026-07-26 16:57:29"
1487,中級・心ガード錬金の本,ちゅうきゅう・こころがーどれんきんのほん,"Intermediate Crit Guard",,,recipe,"2026-03-12 12:52:33","2026-07-26 16:57:29"
1488,中級・状態ガード錬金術,ちゅうきゅう・じょうたいがーどれんきんじゅつ,"Intermediate Status Grd",,,recipe,"2026-03-12 12:52:33","2026-07-26 16:57:29"
1489,上級・魔力錬金の本,じょうきゅう・まりょくれんきんのほん,"Advanced Magic Power",,,recipe,"2026-03-12 12:52:33","2026-07-26 16:57:29"
1490,上級・MP錬金の本,じょうきゅう・MPれんきんのほん,"Advanced MP Alchemy Book",,,recipe,"2026-03-12 12:52:33","2026-07-26 16:57:29"
1491,上級・呪文錬金の本,じょうきゅう・じゅもんれんきんのほん,"Advanced Spell",,,recipe,"2026-03-12 12:52:33","2026-07-26 16:57:29"
1492,上級・状態攻撃錬金の本,じょうきゅう・じょうたいこうげきれんきんのほん,"Advanced Status Attack",,,recipe,"2026-03-12 12:52:33","2026-07-26 16:57:29"
1493,上級・おしゃれ錬金の本,じょうきゅう・おしゃれれんきんのほん,"Advanced Style",,,recipe,"2026-03-12 12:52:33","2026-07-26 16:57:29"
1494,上級・心ガード錬金の本,じょうきゅう・こころがーどれんきんのほん,"Advanced Critical Guard",,,recipe,"2026-03-12 12:52:33","2026-07-26 16:57:29"
1495,上級・状態ガード錬金術,じょうきゅう・じょうたいがーどれんきんじゅつ,"Advanced Status Guard",,,recipe,"2026-03-12 12:52:33","2026-07-26 16:57:29"
1496,初級・攻撃アップ錬金術,しょきゅう・こうげきあっぷれんきんじゅつ,"Beginner Attack Up",,,recipe,"2026-03-12 12:52:33","2026-07-26 16:57:29"
1497,初級・守備アップ錬金術,しょきゅう・しゅびあっぷれんきんじゅつ,"Beginner Defense Up",,,recipe,"2026-03-12 12:52:33","2026-07-26 16:57:29"
1498,初級・きようさ錬金の本,しょきゅう・きようされんきんのほん,"Beginner Deftness",,,recipe,"2026-03-12 12:52:33","2026-07-26 16:57:29"
1499,初級・すばやさ錬金の本,しょきゅう・すばやされんきんのほん,"Beginner Agility",,,recipe,"2026-03-12 12:52:33","2026-07-26 16:57:29"
1500,初級・おもさ錬金の本,しょきゅう・おもされんきんのほん,"Beginner Weight",,,recipe,"2026-03-12 12:52:33","2026-07-26 16:57:29"
1501,初級・耐性アップ錬金術,しょきゅう・たいせいあっぷれんきんじゅつ,"Beginner Resist Up",,,recipe,"2026-03-12 12:52:33","2026-07-26 16:57:29"
1502,中級・攻撃アップ錬金術,ちゅうきゅう・こうげきあっぷれんきんじゅつ,"Intermediate Attack Up",,,recipe,"2026-03-12 12:52:33","2026-07-26 16:57:29"
1503,中級・守備アップ錬金術,ちゅうきゅう・しゅびあっぷれんきんじゅつ,"Intermediate Defense Up",,,recipe,"2026-03-12 12:52:33","2026-07-26 16:57:29"
1504,中級・きようさ錬金の本,ちゅうきゅう・きようされんきんのほん,"Intermediate Deftness",,,recipe,"2026-03-12 12:52:33","2026-07-26 16:57:29"
1505,中級・すばやさ錬金の本,ちゅうきゅう・すばやされんきんのほん,"Intermediate Agility",,,recipe,"2026-03-12 12:52:33","2026-07-26 16:57:29"
1506,中級・おもさ錬金の本,ちゅうきゅう・おもされんきんのほん,"Intermediate Weight",,,recipe,"2026-03-12 12:52:33","2026-07-26 16:57:29"
1507,中級・耐性アップ錬金術,ちゅうきゅう・たいせいあっぷれんきんじゅつ,"Intermediate Resist Up",,,recipe,"2026-03-12 12:52:33","2026-07-26 16:57:29"
1508,上級・攻撃アップ錬金術,じょうきゅう・こうげきあっぷれんきんじゅつ,"Advanced Attack Up",,,recipe,"2026-03-12 12:52:33","2026-07-26 16:57:29"
1509,上級・守備アップ錬金術,じょうきゅう・しゅびあっぷれんきんじゅつ,"Advanced Defense Up",,,recipe,"2026-03-12 12:52:33","2026-07-26 16:57:29"
1510,上級・きようさ錬金の本,じょうきゅう・きようされんきんのほん,"Advanced Deftness",,,recipe,"2026-03-12 12:52:33","2026-07-26 16:57:29"
1511,上級・すばやさ錬金の本,じょうきゅう・すばやされんきんのほん,"Advanced Agility",,,recipe,"2026-03-12 12:52:33","2026-07-26 16:57:29"
1512,上級・おもさ錬金の本,じょうきゅう・おもされんきんのほん,"Advanced Weight",,,recipe,"2026-03-12 12:52:33","2026-07-26 16:57:29"
1513,上級・耐性アップ錬金術,じょうきゅう・たいせいあっぷれんきんじゅつ,"Advanced Resist Up",,,recipe,"2026-03-12 12:52:33","2026-07-26 16:57:29"
1514,初級錬金学入門,しょきゅうれんきんがくにゅうもん,"Introduction to Beginner Alchemy",,,recipe,"2026-03-12 12:52:33","2026-07-26 16:57:29"
1515,メラゾ熱のクスリの本,めらぞねつのくすりのほん,"Kafrizz Fever Medicine Book",,,recipe,"2026-03-12 12:52:33","2026-07-26 16:57:29"
1516,初級武器防具の書,しょきゅうぶきぼうぐのしょ,"Beginner Weapons and Armor Book",,,recipe,"2026-03-12 12:52:33","2026-07-26 16:57:29"
1517,ほこらのカギの本,ほこらのかぎのほん,"Shrine Key Book",,,recipe,"2026-03-12 12:52:33","2026-07-26 16:57:29"
1518,上級錬金学事典,じょうきゅうれんきんがくじてん,"Advanced Alchemy Encyclopedia",,,recipe,"2026-03-12 12:52:33","2026-07-26 16:57:29"
1519,銀の武具図鑑,ぎんのぶぐずかん,"Silver Arms Catalog",,,recipe,"2026-03-12 12:52:33","2026-07-26 16:57:29"
1520,上級武器防具の書,じょうきゅうぶきぼうぐのしょ,"Advanced Weapons and Armor Book",,,recipe,"2026-03-12 12:52:33","2026-07-26 16:57:29"
1521,あぶないレシピの本,あぶないれしぴのほん,"Dangerous Recipe Book",,,recipe,"2026-03-12 12:52:33","2026-07-26 16:57:29"
1522,魔法の武具図鑑,まほうのぶぐずかん,"Magic Arms Catalog",,,recipe,"2026-03-12 12:52:33","2026-07-26 16:57:29"
1523,ふしぎな豆の本,ふしぎなまめのほん,"Mysterious Beans Book",,,recipe,"2026-03-12 12:52:33","2026-07-26 16:57:29"
1524,モンスター酒場,もんすたーさかば,"Monster Tavern",,,scout,"2026-03-12 12:52:33","2026-07-26 16:57:29"
1525,カジノ,かじの,Casino,,,scout,"2026-03-12 12:52:33","2026-07-26 16:57:29"
1526,モンスターバトルロード,もんすたーばとるろーど,"Monster Battle Road",,,scout,"2026-03-12 12:52:33","2026-07-26 16:57:29"
1527,依頼書クエスト,いらいしょくえすと,"Request Quest",,,scout,"2026-03-12 12:52:33","2026-07-26 16:57:29"
1528,ふくびき,ふくびき,Lottery,,,scout,"2026-03-12 12:52:33","2026-07-26 16:57:29"
1529,いたずらもぐらの書,いたずらもぐらのしょ,"Mischievous Mole Book",,,scout,"2026-03-12 12:52:33","2026-07-26 16:57:29"
1530,キメラの書,きめらのしょ,"Chimaera Book",,,scout,"2026-03-12 12:52:33","2026-07-26 16:57:29"
1531,キラーパンサーの書,きらーぱんさーのしょ,"Great Sabrecat Book",,,scout,"2026-03-12 12:52:34","2026-07-26 16:57:29"
1532,スライムの書,すらいむのしょ,"Slime Book",,,scout,"2026-03-12 12:52:34","2026-07-26 16:57:29"
1533,スライムナイトの書,すらいむないとのしょ,"Slime Knight Book",,,scout,"2026-03-12 12:52:34","2026-07-26 16:57:29"
1534,ドラキーの書,どらきーのしょ,"Dracky Book",,,scout,"2026-03-12 12:52:34","2026-07-26 16:57:29"
1535,ドラゴンキッズの書,どらごんきっずのしょ,"Small Fry Book",,,scout,"2026-03-12 12:52:34","2026-07-26 16:57:29"
1536,ねこまどうの書,ねこまどうのしょ,"Meowgician Book",,,scout,"2026-03-12 12:52:34","2026-07-26 16:57:29"
1537,バトルレックスの書,ばとるれっくすのしょ,"Hacksaurus Book",,,scout,"2026-03-12 12:52:34","2026-07-26 16:57:29"
1538,ブラウニーの書,ぶらうにーのしょ,"Brownie Book",,,scout,"2026-03-12 12:52:34","2026-07-26 16:57:29"
1539,プリズニャンの書,ぷりずにゃんのしょ,"Jailcat Book",,,scout,"2026-03-12 12:52:34","2026-07-26 16:57:29"
1540,ベビーサタンの書,べびーさたんのしょ,"Imp Book",,,scout,"2026-03-12 12:52:34","2026-07-26 16:57:29"
1541,ホイミスライムの書,ほいみすらいむのしょ,"Healslime Book",,,scout,"2026-03-12 12:52:34","2026-07-26 16:57:29"
1542,モーモンの書,もーもんのしょ,"Teeny Sanguini Book",,,scout,"2026-03-12 12:52:34","2026-07-26 16:57:29"
1543,リザードマンの書,りざーどまんのしょ,"Mandrake Major Book",,,scout,"2026-03-12 12:52:34","2026-07-26 16:57:29"
1544,エンタシスマンの書,えんたしすまんのしょ,"Prancing Pillar Book",,,scout,"2026-03-12 12:52:34","2026-07-26 16:57:29"
1545,おどるほうせきの書,おどるほうせきのしょ,"Goodybag Book",,,scout,"2026-03-12 12:52:34","2026-07-26 16:57:29"
1546,キラーマシンの書,きらーましんのしょ,"Killing Machine Book",,,scout,"2026-03-12 12:52:34","2026-07-26 16:57:29"
1547,さまようよろいの書,さまようよろいのしょ,"Restless Armour Book",,,scout,"2026-03-12 12:52:34","2026-07-26 16:57:29"
1548,ゴーレムの書,ごーれむのしょ,"Golem Book",,,scout,"2026-03-12 12:52:34","2026-07-26 16:57:29"
1549,たけやりへいの書,たけやりへいのしょ,"Bambooligan Book",,,scout,"2026-03-12 12:52:34","2026-07-26 16:57:29"
1550,たんすミミックの書,たんすみみっくのしょ,"Wardrobe Mimic Book",,,scout,"2026-03-12 12:52:34","2026-07-26 16:57:29"
1551,デビルアーマーの書,でびるあーまーのしょ,"Harmour Book",,,scout,"2026-03-12 12:52:34","2026-07-26 16:57:29"
1552,ニードルマンの書,にーどるまんのしょ,"Needleman Book",,,scout,"2026-03-12 12:52:34","2026-07-26 16:57:29"
1553,パペットマンの書,ぱぺっとまんのしょ,"Magic Marionette Book",,,scout,"2026-03-12 12:52:34","2026-07-26 16:57:29"
1554,フォンデュの書,ふぉんでゅのしょ,"Fromage Fray Book",,,scout,"2026-03-12 12:52:34","2026-07-26 16:57:29"
1555,マジカルハットの書,まじかるはっとのしょ,"Hat Hamwitch Book",,,scout,"2026-03-12 12:52:34","2026-07-26 16:57:29"
1556,ミステリドールの書,みすてりどーるのしょ,"Pocus Poppet Book",,,scout,"2026-03-12 12:52:34","2026-07-26 16:57:29"
1557,メタッピーの書,めたっぴーのしょ,"Mecha-Mynah Book",,,scout,"2026-03-12 12:52:34","2026-07-26 16:57:29"
1558,やみしばりの書,やみしばりのしょ,"Hellbound Horror Book",,,scout,"2026-03-12 12:52:34","2026-07-26 16:57:29"
1568,プルルンジェム,ぷるるんじぇむ,,4800,100,material,"2026-06-26 18:34:04","2026-07-26 16:57:29"
1569,流星石,りゅうせいせき,,18000,,material,"2026-07-15 05:33:42","2026-07-26 16:57:29"
1571,カラマドウッド,からまどうっど,,6000,,material,"2026-07-15 05:34:20","2026-07-26 16:57:29"
1573,風の霊糸,かぜのれいし,,,,material,"2026-07-15 07:31:31","2026-07-26 17:23:24"
