id,map_id,layer_name,floor_no,image_path,source_url,display_order,created_at,updated_at
1,307,地上,1,storage/images/maps/ogreed_continent/map_id_307/1.webp,https://dq10.i-k-e.net/map/ランガーオ村,1,"2026-03-14 13:50:42","2026-03-14 15:32:07"
2,25,地上,1,/storage/images/maps/ogreed_continent/map_id_25/1.webp,https://dq10.i-k-e.net/map/ランガーオ山地,1,"2026-03-14 13:50:46","2026-03-16 19:44:46"
3,26,地上,1,/storage/images/maps/ogreed_continent/map_id_26/1.webp,https://dq10.i-k-e.net/map/ラギ雪原,1,"2026-03-14 13:50:50","2026-03-16 19:45:02"
4,308,地上,1,storage/images/maps/nadragand/map_id_308/1.webp,https://dq10.i-k-e.net/map/獅子門,1,"2026-03-14 13:50:53","2026-03-16 21:35:32"
5,309,全体図,1,storage/images/maps/ogreed_continent/map_id_309/zentai.webp,https://dq10.i-k-e.net/map/グレン城下町,1,"2026-03-14 13:50:56","2026-03-14 15:32:26"
6,309,駅,1,storage/images/maps/ogreed_continent/map_id_309/eki.webp,https://dq10.i-k-e.net/map/グレン城下町,2,"2026-03-14 13:50:56","2026-03-14 15:32:28"
7,310,1階,1,storage/images/maps/ogreed_continent/map_id_310/1.webp,https://dq10.i-k-e.net/map/グレン城,1,"2026-03-14 13:50:58","2026-03-14 15:32:33"
8,310,2階,2,storage/images/maps/ogreed_continent/map_id_310/2.webp,https://dq10.i-k-e.net/map/グレン城,2,"2026-03-14 13:50:58","2026-03-14 15:32:36"
9,310,3階,3,storage/images/maps/ogreed_continent/map_id_310/3.webp,https://dq10.i-k-e.net/map/グレン城,3,"2026-03-14 13:50:58","2026-03-14 15:32:38"
10,310,地下1階,-1,storage/images/maps/ogreed_continent/map_id_310/-1.webp,https://dq10.i-k-e.net/map/グレン城,4,"2026-03-14 13:50:58","2026-03-14 15:32:41"
11,30,地上,1,/storage/images/maps/ogreed_continent/map_id_30/1.webp,https://dq10.i-k-e.net/map/グレン領東,1,"2026-03-14 13:51:02","2026-03-16 20:02:23"
12,30,洞窟,1,/storage/images/maps/ogreed_continent/map_id_30/dokutsu.webp,https://dq10.i-k-e.net/map/グレン領東,2,"2026-03-14 13:51:02","2026-03-16 20:02:23"
13,31,地上,1,/storage/images/maps/ogreed_continent/map_id_31/1.webp,https://dq10.i-k-e.net/map/グレン領西,1,"2026-03-14 13:51:06","2026-03-16 19:52:07"
14,37,地上,1,/storage/images/maps/ogreed_continent/map_id_37/1.webp,https://dq10.i-k-e.net/map/ベコン渓谷,1,"2026-03-14 13:51:10","2026-03-16 19:54:34"
15,32,地上,1,/storage/images/maps/ogreed_continent/map_id_32/1.webp,https://dq10.i-k-e.net/map/ゲルト海峡,1,"2026-03-14 13:51:16","2026-03-16 19:53:38"
16,33,地上,1,/storage/images/maps/ogreed_continent/map_id_33/1.webp,https://dq10.i-k-e.net/map/ランドンフット,1,"2026-03-14 13:51:22","2026-03-16 19:53:48"
17,35,地上,1,/storage/images/maps/ogreed_continent/map_id_35/1.webp,https://dq10.i-k-e.net/map/ランドン山脈,1,"2026-03-14 13:51:25","2026-03-16 19:54:13"
18,36,地上,1,/storage/images/maps/ogreed_continent/map_id_36/1.webp,https://dq10.i-k-e.net/map/ランドン山脈山頂付近,1,"2026-03-14 13:51:28","2026-03-16 19:54:25"
19,34,地上,1,/storage/images/maps/ogreed_continent/map_id_34/1.webp,https://dq10.i-k-e.net/map/ゴズ渓谷,1,"2026-03-14 13:51:31","2026-03-16 19:54:01"
20,311,上層,2,storage/images/maps/ogreed_continent/map_id_311/jousou.webp,https://dq10.i-k-e.net/map/ガートラント城下町,1,"2026-03-14 13:51:34","2026-03-14 15:33:30"
21,311,下層,-1,storage/images/maps/ogreed_continent/map_id_311/kasou.webp,https://dq10.i-k-e.net/map/ガートラント城下町,2,"2026-03-14 13:51:34","2026-03-14 15:33:33"
22,311,地下1階,-1,storage/images/maps/ogreed_continent/map_id_311/-1.webp,https://dq10.i-k-e.net/map/ガートラント城下町,3,"2026-03-14 13:51:34","2026-03-14 15:33:35"
23,312,1階,1,storage/images/maps/ogreed_continent/map_id_312/1.webp,https://dq10.i-k-e.net/map/ガートラント城,1,"2026-03-14 13:51:37","2026-03-14 15:33:40"
24,312,2階,2,storage/images/maps/ogreed_continent/map_id_312/2.webp,https://dq10.i-k-e.net/map/ガートラント城,3,"2026-03-14 13:51:37","2026-03-15 00:19:14"
25,312,3階,3,storage/images/maps/ogreed_continent/map_id_312/3.webp,https://dq10.i-k-e.net/map/ガートラント城,4,"2026-03-14 13:51:37","2026-03-14 15:33:46"
26,312,4階,4,storage/images/maps/ogreed_continent/map_id_312/4.webp,https://dq10.i-k-e.net/map/ガートラント城,5,"2026-03-14 13:51:37","2026-03-14 15:33:48"
27,312,地下1階,-1,storage/images/maps/ogreed_continent/map_id_312/-1.webp,https://dq10.i-k-e.net/map/ガートラント城,6,"2026-03-14 13:51:37","2026-03-14 15:33:51"
28,40,地上,1,/storage/images/maps/ogreed_continent/map_id_40/1.webp,https://dq10.i-k-e.net/map/ガートラント領,1,"2026-03-14 13:51:41","2026-03-16 19:58:39"
29,38,地上,1,/storage/images/maps/ogreed_continent/map_id_38/1.webp,https://dq10.i-k-e.net/map/ザマ峠,1,"2026-03-14 13:51:44","2026-03-16 19:54:45"
30,39,上層,1,/storage/images/maps/ogreed_continent/map_id_39/zyoso.webp,https://dq10.i-k-e.net/map/バカン山道,1,"2026-03-14 13:51:46","2026-03-16 20:00:10"
31,39,下層,1,/storage/images/maps/ogreed_continent/map_id_39/kasou.webp,https://dq10.i-k-e.net/map/バカン山道,2,"2026-03-14 13:51:46","2026-03-16 20:00:10"
32,41,地上,1,/storage/images/maps/ogreed_continent/map_id_41/1.webp,https://dq10.i-k-e.net/map/バドリー岩石地帯,1,"2026-03-14 13:51:49","2026-03-16 20:03:12"
34,45,地上,1,/storage/images/maps/ogreed_continent/map_id_45/1.webp,https://dq10.i-k-e.net/map/オルセコ高地,1,"2026-03-14 13:51:55","2026-03-16 20:08:05"
38,43,地上,1,/storage/images/maps/ogreed_continent/map_id_43/1.webp,https://dq10.i-k-e.net/map/ギルザッド地方,1,"2026-03-14 13:52:02","2026-03-16 20:03:50"
39,44,地下1階,-1,/storage/images/maps/ogreed_continent/map_id_44/-1.webp,https://dq10.i-k-e.net/map/海賊のアジト跡・地下,1,"2026-03-14 13:52:04","2026-03-16 20:04:11"
40,313,地上,1,storage/images/maps/eltona_continent/map_id_313/1.webp,https://dq10.i-k-e.net/map/ツスクルの村,1,"2026-03-14 13:52:06","2026-03-14 15:34:50"
41,72,地上,1,/storage/images/maps/eltona_continent/map_id_72/1.webp,https://dq10.i-k-e.net/map/ツスクル平野,1,"2026-03-14 13:52:09","2026-03-16 20:17:23"
42,73,地上,1,/storage/images/maps/eltona_continent/map_id_73/1.webp,https://dq10.i-k-e.net/map/久遠の森,1,"2026-03-14 13:52:12","2026-03-16 20:17:36"
43,314,地上,1,storage/images/maps/eltona_continent/map_id_314/1.webp,https://dq10.i-k-e.net/map/風の町アズラン,1,"2026-03-14 13:52:14","2026-03-14 15:35:04"
44,76,地上,1,/storage/images/maps/eltona_continent/map_id_76/1.webp,https://dq10.i-k-e.net/map/アズラン地方,1,"2026-03-14 13:52:17","2026-03-16 20:18:08"
45,75,地上,1,/storage/images/maps/eltona_continent/map_id_75/1.webp,https://dq10.i-k-e.net/map/キリカ草原,1,"2026-03-14 13:52:20","2026-03-16 20:18:01"
46,79,地上,1,/storage/images/maps/eltona_continent/map_id_79/1.webp,https://dq10.i-k-e.net/map/モリナラ大森林,1,"2026-03-14 13:52:23","2026-03-16 20:18:30"
47,77,地上,1,/storage/images/maps/eltona_continent/map_id_77/1.webp,https://dq10.i-k-e.net/map/イナミノ街道,1,"2026-03-14 13:52:26","2026-03-16 20:18:19"
48,78,地上,1,/storage/images/maps/eltona_continent/map_id_78/1.webp,https://dq10.i-k-e.net/map/スイゼン湿原,1,"2026-03-14 13:52:29","2026-03-16 20:18:24"
49,81,1階,1,/storage/images/maps/eltona_continent/map_id_81/1.webp,https://dq10.i-k-e.net/map/スイの塔,1,"2026-03-14 13:52:33","2026-03-16 20:20:39"
50,81,2階,2,/storage/images/maps/eltona_continent/map_id_81/2.webp,https://dq10.i-k-e.net/map/スイの塔,2,"2026-03-14 13:52:33","2026-03-16 20:20:39"
51,81,3階,3,/storage/images/maps/eltona_continent/map_id_81/3.webp,https://dq10.i-k-e.net/map/スイの塔,3,"2026-03-14 13:52:33","2026-03-16 20:20:39"
52,81,4階,4,/storage/images/maps/eltona_continent/map_id_81/4.webp,https://dq10.i-k-e.net/map/スイの塔,4,"2026-03-14 13:52:33","2026-03-16 20:20:39"
53,81,5階,5,/storage/images/maps/eltona_continent/map_id_81/5.webp,https://dq10.i-k-e.net/map/スイの塔,5,"2026-03-14 13:52:33","2026-03-16 20:20:39"
54,81,6階,6,/storage/images/maps/eltona_continent/map_id_81/6.webp,https://dq10.i-k-e.net/map/スイの塔,6,"2026-03-14 13:52:33","2026-03-16 20:20:39"
55,81,地下1階,-1,/storage/images/maps/eltona_continent/map_id_81/-1.webp,https://dq10.i-k-e.net/map/スイの塔,7,"2026-03-14 13:52:33","2026-03-16 20:20:39"
56,315,第1層,1,storage/images/maps/eltona_continent/map_id_315/1.webp,https://dq10.i-k-e.net/map/王都カミハルムイ,1,"2026-03-14 13:52:35","2026-03-15 00:20:15"
57,315,第2層,2,storage/images/maps/eltona_continent/map_id_315/2.webp,https://dq10.i-k-e.net/map/王都カミハルムイ,2,"2026-03-14 13:52:35","2026-03-15 00:20:19"
58,316,地上,1,storage/images/maps/eltona_continent/map_id_316/1.webp,https://dq10.i-k-e.net/map/カミハルムイ城,1,"2026-03-14 13:52:37","2026-03-14 15:36:05"
59,83,地上,1,/storage/images/maps/eltona_continent/map_id_83/1.webp,https://dq10.i-k-e.net/map/カミハルムイ領南,1,"2026-03-14 13:52:40","2026-03-16 20:21:21"
60,84,地上,1,/storage/images/maps/eltona_continent/map_id_84/1.webp,https://dq10.i-k-e.net/map/カミハルムイ領北,1,"2026-03-14 13:52:43","2026-03-16 20:21:28"
61,85,地上,1,/storage/images/maps/eltona_continent/map_id_85/1.webp,https://dq10.i-k-e.net/map/夢幻の森,1,"2026-03-14 13:52:47","2026-03-16 20:21:38"
62,88,地上,1,/storage/images/maps/eltona_continent/map_id_88/1.webp,https://dq10.i-k-e.net/map/捨てられた城,1,"2026-03-14 13:52:51","2026-03-16 20:22:12"
63,86,地上,1,/storage/images/maps/eltona_continent/map_id_86/1.webp,https://dq10.i-k-e.net/map/落陽の草原,1,"2026-03-14 13:52:58","2026-03-16 20:21:53"
64,87,地上,1,/storage/images/maps/eltona_continent/map_id_87/1.webp,https://dq10.i-k-e.net/map/呪われた大地,1,"2026-03-14 13:53:01","2026-03-16 20:21:58"
65,317,上層,2,storage/images/maps/dwachakka_continent/map_id_317/jousou.webp,https://dq10.i-k-e.net/map/アグラニの町,1,"2026-03-14 13:53:02","2026-03-14 15:36:43"
66,317,下層,-1,storage/images/maps/dwachakka_continent/map_id_317/kasou.webp,https://dq10.i-k-e.net/map/アグラニの町,2,"2026-03-14 13:53:02","2026-03-14 15:36:45"
67,91,地上,1,storage/images/maps/dwachakka_continent/map_id_91/1.webp,https://dq10.i-k-e.net/map/アクロニア鉱山,1,"2026-03-14 13:53:05","2026-03-14 15:36:51"
68,89,地上,1,storage/images/maps/dwachakka_continent/map_id_89/1.webp,https://dq10.i-k-e.net/map/ラニアッカ断層帯,1,"2026-03-14 13:53:08","2026-03-14 15:36:56"
69,90,地上,1,storage/images/maps/dwachakka_continent/map_id_90/1.webp,https://dq10.i-k-e.net/map/ザグバン丘陵,1,"2026-03-14 13:53:11","2026-03-14 15:37:01"
70,93,地上,1,/storage/images/maps/dwachakka_continent/map_id_93/1.webp,https://dq10.i-k-e.net/map/モガリム街道,1,"2026-03-14 13:53:15","2026-03-16 17:02:44"
71,93,地下1階,-1,storage/images/maps/dwachakka_continent/map_id_93/2.webp,https://dq10.i-k-e.net/map/モガリム街道,2,"2026-03-14 13:53:15","2026-03-16 17:02:44"
72,97,地上,1,storage/images/maps/dwachakka_continent/map_id_97/1.webp,https://dq10.i-k-e.net/map/サーマリ高原,1,"2026-03-14 13:53:18","2026-03-14 15:37:16"
73,94,地上,1,storage/images/maps/dwachakka_continent/map_id_94/1.webp,https://dq10.i-k-e.net/map/ガタラ原野,1,"2026-03-14 13:53:21","2026-03-14 15:37:21"
74,318,第1層,1,storage/images/maps/dwachakka_continent/map_id_318/1.webp,https://dq10.i-k-e.net/map/岳都ガタラ,1,"2026-03-14 13:53:24","2026-03-15 00:22:45"
75,318,第2層,2,storage/images/maps/dwachakka_continent/map_id_318/2.webp,https://dq10.i-k-e.net/map/岳都ガタラ,2,"2026-03-14 13:53:24","2026-03-15 00:22:57"
76,318,第3層,3,storage/images/maps/dwachakka_continent/map_id_318/3.webp,https://dq10.i-k-e.net/map/岳都ガタラ,3,"2026-03-14 13:53:24","2026-03-15 00:23:06"
77,101,地下1階,-1,storage/images/maps/dwachakka_continent/map_id_101/-1.webp,https://dq10.i-k-e.net/map/ウルベア地下遺跡,1,"2026-03-14 13:53:29","2026-03-14 15:37:36"
78,101,地下2階,-2,storage/images/maps/dwachakka_continent/map_id_101/-2.webp,https://dq10.i-k-e.net/map/ウルベア地下遺跡,2,"2026-03-14 13:53:29","2026-03-14 15:37:39"
79,101,地下3階,-3,storage/images/maps/dwachakka_continent/map_id_101/-3.webp,https://dq10.i-k-e.net/map/ウルベア地下遺跡,3,"2026-03-14 13:53:29","2026-03-14 15:37:42"
80,95,地上,1,storage/images/maps/dwachakka_continent/map_id_95/1.webp,https://dq10.i-k-e.net/map/カルデア山道,1,"2026-03-14 13:53:32","2026-03-14 15:37:48"
81,98,地上,1,storage/images/maps/dwachakka_continent/map_id_98/1.webp,https://dq10.i-k-e.net/map/エゼソル峡谷,1,"2026-03-14 13:53:36","2026-03-14 15:37:58"
82,99,地上,1,storage/images/maps/dwachakka_continent/map_id_99/1.webp,https://dq10.i-k-e.net/map/ダラズ採掘場,1,"2026-03-14 13:53:40","2026-03-14 15:38:03"
83,100,2階,2,storage/images/maps/dwachakka_continent/map_id_100/2.webp,https://dq10.i-k-e.net/map/ダラリア砂岩遺跡,1,"2026-03-14 13:53:43","2026-03-18 12:34:58"
84,100,1階,1,storage/images/maps/dwachakka_continent/map_id_100/1.webp,https://dq10.i-k-e.net/map/ダラリア砂岩遺跡,2,"2026-03-14 13:53:43","2026-03-18 12:34:58"
85,100,地下1階,-1,/storage/images/maps/dwachakka_continent/map_id_100/-1.webp,https://dq10.i-k-e.net/map/ダラリア砂岩遺跡,3,"2026-03-14 13:53:43","2026-03-18 12:34:58"
86,319,地上,1,storage/images/maps/dwachakka_continent/map_id_319/1.webp,https://dq10.i-k-e.net/map/ドルワーム王国,1,"2026-03-14 13:53:46","2026-03-14 15:49:44"
87,320,1階,1,storage/images/maps/dwachakka_continent/map_id_320/1.webp,https://dq10.i-k-e.net/map/ドルワーム水晶宮,1,"2026-03-14 13:53:52","2026-03-14 15:49:48"
88,320,2階,2,storage/images/maps/dwachakka_continent/map_id_320/2.webp,https://dq10.i-k-e.net/map/ドルワーム水晶宮,2,"2026-03-14 13:53:52","2026-03-14 15:49:51"
89,320,3階,3,storage/images/maps/dwachakka_continent/map_id_320/3.webp,https://dq10.i-k-e.net/map/ドルワーム水晶宮,3,"2026-03-14 13:53:52","2026-03-14 15:49:53"
90,320,4階,4,storage/images/maps/dwachakka_continent/map_id_320/4.webp,https://dq10.i-k-e.net/map/ドルワーム水晶宮,4,"2026-03-14 13:53:52","2026-03-14 15:49:56"
91,320,上層,2,storage/images/maps/dwachakka_continent/map_id_320/jousou.webp,https://dq10.i-k-e.net/map/ドルワーム水晶宮,7,"2026-03-14 13:53:52","2026-03-15 00:23:38"
92,105,地上,1,storage/images/maps/dwachakka_continent/map_id_105/1.webp,https://dq10.i-k-e.net/map/ゴブル砂漠東,1,"2026-03-14 13:53:57","2026-03-18 12:36:25"
93,105,トロッコ洞くつ,-1,/storage/images/maps/dwachakka_continent/map_id_105/-1.webp,https://dq10.i-k-e.net/map/ゴブル砂漠東,2,"2026-03-14 13:53:57","2026-03-18 12:36:25"
94,109,第1層,1,/storage/images/maps/dwachakka_continent/map_id_109/1.webp,https://dq10.i-k-e.net/map/カルサドラ火山,1,"2026-03-14 13:54:04","2026-03-16 17:22:24"
95,109,第2層,2,/storage/images/maps/dwachakka_continent/map_id_109/2.webp,https://dq10.i-k-e.net/map/カルサドラ火山,2,"2026-03-14 13:54:04","2026-03-16 17:22:24"
96,109,第3層,3,/storage/images/maps/dwachakka_continent/map_id_109/3.webp,https://dq10.i-k-e.net/map/カルサドラ火山,3,"2026-03-14 13:54:04","2026-03-16 17:22:24"
97,108,地上,1,storage/images/maps/dwachakka_continent/map_id_108/1.webp,https://dq10.i-k-e.net/map/デマトード高地,1,"2026-03-14 13:54:08","2026-03-14 15:50:20"
98,106,地上,1,storage/images/maps/dwachakka_continent/map_id_106/1.webp,https://dq10.i-k-e.net/map/ゴブル砂漠西,1,"2026-03-14 13:54:10","2026-03-14 15:50:25"
99,107,地上,1,storage/images/maps/dwachakka_continent/map_id_107/1.webp,https://dq10.i-k-e.net/map/ボロヌス溶岩流,1,"2026-03-14 13:54:12","2026-03-14 15:50:30"
100,321,地上,1,storage/images/maps/pukland_continent/map_id_321/1.webp,https://dq10.i-k-e.net/map/プクレットの村,1,"2026-03-14 13:54:15","2026-03-14 15:50:35"
101,51,地上,1,/storage/images/maps/pukland_continent/map_id_51/1.webp,https://dq10.i-k-e.net/map/プクレット地方,1,"2026-03-14 13:54:21","2026-03-16 20:10:40"
102,53,地上,1,/storage/images/maps/pukland_continent/map_id_53/1.webp,https://dq10.i-k-e.net/map/けがれの谷,1,"2026-03-14 13:54:24","2026-03-16 20:11:05"
103,52,地上,1,/storage/images/maps/pukland_continent/map_id_52/1.webp,https://dq10.i-k-e.net/map/ポーポラ地方,1,"2026-03-14 13:54:28","2026-03-16 20:10:55"
104,54,地上,1,/storage/images/maps/pukland_continent/map_id_54/1.webp,https://dq10.i-k-e.net/map/賢者の隠れ家,1,"2026-03-14 13:54:31","2026-03-16 20:11:25"
105,331,全体図,1,storage/images/maps/pukland_continent/map_id_331/zentai.webp,https://dq10.i-k-e.net/map/オルフェアの町,1,"2026-03-14 13:54:35","2026-03-17 12:54:43"
106,331,下層,1,storage/images/maps/pukland_continent/map_id_331/uradori.webp,https://dq10.i-k-e.net/map/オルフェアの町,2,"2026-03-14 13:54:35","2026-03-17 12:54:43"
107,57,地上,1,/storage/images/maps/pukland_continent/map_id_57/1.webp,https://dq10.i-k-e.net/map/オルフェア地方東,1,"2026-03-14 13:54:39","2026-03-16 20:11:58"
108,60,地上,1,/storage/images/maps/pukland_continent/map_id_60/1.webp,https://dq10.i-k-e.net/map/ポポリアきのこ山,1,"2026-03-14 13:54:43","2026-03-16 20:13:27"
109,58,地上,1,/storage/images/maps/pukland_continent/map_id_58/1.webp,https://dq10.i-k-e.net/map/オルフェア地方西,1,"2026-03-14 13:54:48","2026-03-17 01:39:53"
110,58,地下1階,-1,/storage/images/maps/pukland_continent/map_id_58/-1.webp,https://dq10.i-k-e.net/map/オルフェア地方西,2,"2026-03-14 13:54:48","2026-03-17 01:39:53"
111,61,地上,1,/storage/images/maps/pukland_continent/map_id_61/1.webp,https://dq10.i-k-e.net/map/ミュルエルの森,1,"2026-03-14 13:54:51","2026-03-16 20:13:34"
112,59,地上,1,/storage/images/maps/pukland_continent/map_id_59/1.webp,https://dq10.i-k-e.net/map/リンクル地方,1,"2026-03-14 13:54:56","2026-03-16 20:13:19"
113,71,地上,1,/storage/images/maps/pukland_continent/map_id_71/1.webp,https://dq10.i-k-e.net/map/銀の森,1,"2026-03-14 13:54:59","2026-03-16 20:16:44"
114,333,地上,1,storage/images/maps/makai/map_id_333/1.webp,https://dq10.i-k-e.net/map/光の郷フィネトカ,1,"2026-03-14 13:55:01","2026-03-14 15:51:36"
115,334,地上,1,storage/images/maps/pukland_continent/map_id_334/1.webp,https://dq10.i-k-e.net/map/メギストリスの都,1,"2026-03-14 13:55:04","2026-03-14 15:51:40"
116,335,1階,1,storage/images/maps/pukland_continent/map_id_335/1.webp,https://dq10.i-k-e.net/map/メギストリス城,1,"2026-03-14 13:55:08","2026-03-14 15:51:45"
117,335,2階,2,storage/images/maps/pukland_continent/map_id_335/2.webp,https://dq10.i-k-e.net/map/メギストリス城,2,"2026-03-14 13:55:08","2026-03-14 15:51:48"
118,335,3階,3,storage/images/maps/pukland_continent/map_id_335/3.webp,https://dq10.i-k-e.net/map/メギストリス城,3,"2026-03-14 13:55:08","2026-03-14 15:51:50"
119,335,4階,4,storage/images/maps/pukland_continent/map_id_335/4.webp,https://dq10.i-k-e.net/map/メギストリス城,4,"2026-03-14 13:55:08","2026-03-14 15:51:55"
120,65,地上,1,/storage/images/maps/pukland_continent/map_id_65/1.webp,https://dq10.i-k-e.net/map/メギストリス領,1,"2026-03-14 13:55:10","2026-03-16 20:14:12"
121,64,地上,1,/storage/images/maps/pukland_continent/map_id_64/1.webp,https://dq10.i-k-e.net/map/風車の丘,1,"2026-03-14 13:55:14","2026-03-16 20:14:01"
122,336,1階,1,/storage/images/maps/pukland_continent/map_id_336/1.webp,https://dq10.i-k-e.net/map/キラキラ大風車塔,1,"2026-03-14 13:55:18","2026-03-17 01:48:40"
123,336,2階,2,/storage/images/maps/pukland_continent/map_id_336/2.webp,https://dq10.i-k-e.net/map/キラキラ大風車塔,2,"2026-03-14 13:55:18","2026-03-17 01:48:40"
125,66,地上,1,/storage/images/maps/pukland_continent/map_id_66/1.webp,https://dq10.i-k-e.net/map/エピステーサ丘陵,1,"2026-03-14 13:55:21","2026-03-16 20:14:25"
126,67,地下1階,-1,/storage/images/maps/pukland_continent/map_id_67/-1.webp,https://dq10.i-k-e.net/map/魔瘴調査区画,1,"2026-03-14 13:55:24","2026-03-16 20:52:00"
127,67,地下2階,-2,/storage/images/maps/pukland_continent/map_id_67/-2.webp,https://dq10.i-k-e.net/map/魔瘴調査区画,2,"2026-03-14 13:55:24","2026-03-16 20:52:00"
128,67,地下3階,-3,/storage/images/maps/pukland_continent/map_id_67/-3.webp,https://dq10.i-k-e.net/map/魔瘴調査区画,3,"2026-03-14 13:55:24","2026-03-16 20:52:00"
129,67,地下4階,-4,/storage/images/maps/pukland_continent/map_id_67/-4.webp,https://dq10.i-k-e.net/map/魔瘴調査区画,4,"2026-03-14 13:55:24","2026-03-16 20:52:00"
130,68,地上,1,/storage/images/maps/pukland_continent/map_id_68/1.webp,https://dq10.i-k-e.net/map/チョッピ荒野,1,"2026-03-14 13:55:27","2026-03-16 20:15:47"
133,338,地上,1,storage/images/maps/wena_islands/map_id_338/1.webp,https://dq10.i-k-e.net/map/レーンの村,1,"2026-03-14 13:55:33","2026-03-14 15:53:14"
134,1,地上,1,/storage/images/maps/wena_islands/map_id_1/1.webp,https://dq10.i-k-e.net/map/コルット地方,1,"2026-03-14 13:55:37","2026-03-20 18:32:05"
135,2,地上,1,/storage/images/maps/wena_islands/map_id_2/1.webp,https://dq10.i-k-e.net/map/レーナム緑野,1,"2026-03-14 13:55:41","2026-03-16 19:03:52"
136,3,地上,1,/storage/images/maps/wena_islands/map_id_3/1.webp,https://dq10.i-k-e.net/map/シエラ巡礼地,1,"2026-03-14 13:55:44","2026-03-16 19:04:03"
137,340,地上,1,storage/images/maps/wena_islands/map_id_340/1.webp,https://dq10.i-k-e.net/map/ジュレットの町,1,"2026-03-14 13:55:46","2026-03-14 15:53:52"
138,8,地上,1,/storage/images/maps/wena_islands/map_id_8/1.webp,https://dq10.i-k-e.net/map/ミューズ海岸,1,"2026-03-14 13:55:50","2026-03-16 19:14:09"
139,339,地上,1,storage/images/maps/wena_islands/map_id_339/1.webp,https://dq10.i-k-e.net/map/ジュレー島下層_大空洞,1,"2026-03-14 13:56:00","2026-03-14 15:54:22"
140,9,地上,1,/storage/images/maps/wena_islands/map_id_9/1.webp,https://dq10.i-k-e.net/map/ラーディス王島,1,"2026-03-14 13:56:06","2026-03-16 19:15:14"
141,12,地上,1,/storage/images/maps/wena_islands/map_id_12/1.webp,https://dq10.i-k-e.net/map/猫島,1,"2026-03-14 13:56:09","2026-03-20 19:27:46"
142,7,地上,1,/storage/images/maps/wena_islands/map_id_7/1.webp,https://dq10.i-k-e.net/map/ジュレー島上層,1,"2026-03-14 13:56:13","2026-03-16 19:13:08"
143,11,地上,1,/storage/images/maps/wena_islands/map_id_11/1.webp,https://dq10.i-k-e.net/map/キュララナ海岸,1,"2026-03-14 13:56:16","2026-03-16 19:17:40"
144,342,地上,1,storage/images/maps/wena_islands/map_id_342/1.webp,https://dq10.i-k-e.net/map/ヴェリナード城下町,1,"2026-03-14 13:56:18","2026-03-14 15:54:53"
145,344,1階,1,storage/images/maps/wena_islands/map_id_344/1.webp,https://dq10.i-k-e.net/map/ヴェリナード城,1,"2026-03-14 13:56:21","2026-03-14 15:54:58"
146,344,2階,2,storage/images/maps/wena_islands/map_id_344/2.webp,https://dq10.i-k-e.net/map/ヴェリナード城,2,"2026-03-14 13:56:21","2026-03-14 15:55:00"
147,344,3階,3,storage/images/maps/wena_islands/map_id_344/3.webp,https://dq10.i-k-e.net/map/ヴェリナード城,3,"2026-03-14 13:56:21","2026-03-14 15:55:03"
148,16,地上,1,/storage/images/maps/wena_islands/map_id_16/1.webp,https://dq10.i-k-e.net/map/ヴェリナード領南,1,"2026-03-14 13:56:30","2026-03-16 19:38:13"
149,17,地上,1,/storage/images/maps/wena_islands/map_id_17/1.webp,https://dq10.i-k-e.net/map/ヴェリナード領北,1,"2026-03-14 13:56:38","2026-03-16 19:38:23"
150,21,地上,1,/storage/images/maps/wena_islands/map_id_21/1.webp,https://dq10.i-k-e.net/map/ヴェリナード領西,1,"2026-03-14 13:56:41","2026-03-16 19:39:52"
151,22,地上,1,/storage/images/maps/wena_islands/map_id_22/1.webp,https://dq10.i-k-e.net/map/クエド丘陵,1,"2026-03-14 13:56:44","2026-03-16 19:41:47"
152,18,地上,1,/storage/images/maps/wena_islands/map_id_18/1.webp,https://dq10.i-k-e.net/map/ヴァース大山林,1,"2026-03-14 13:56:48","2026-03-16 19:38:47"
153,19,地上,1,/storage/images/maps/wena_islands/map_id_19/1.webp,https://dq10.i-k-e.net/map/ブーナー熱帯雨林,1,"2026-03-14 13:56:51","2026-03-16 19:38:56"
154,20,地上,1,storage/images/maps/wena_islands/map_id_20/1.webp,https://dq10.i-k-e.net/map/ケラコーナ原生林,1,"2026-03-14 13:56:56","2026-03-14 15:55:45"
156,346,地上,1,storage/images/maps/false_lendercia/map_id_346/1.webp,https://dq10.i-k-e.net/map/ココラタの浜辺,1,"2026-03-14 13:57:03","2026-03-14 15:55:57"
157,347,地上,1,storage/images/maps/false_lendercia/map_id_347/1.webp,https://dq10.i-k-e.net/map/三門の関所,1,"2026-03-14 13:57:06","2026-03-14 15:56:04"
158,149,地上,1,/storage/images/maps/false_lendersia/map_id_149/1.webp,https://dq10.i-k-e.net/map/未完のモンセロ温泉峡,1,"2026-03-14 13:57:09","2026-03-16 20:59:44"
161,355,地上,1,storage/images/maps/false_lendercia/map_id_355/1.webp,https://dq10.i-k-e.net/map/メルサンディ村,1,"2026-03-14 13:57:17","2026-03-14 15:56:27"
162,127,第1層,1,/storage/images/maps/false_lendersia/map_id_127/1.webp,https://dq10.i-k-e.net/map/謎の地下水路,1,"2026-03-14 13:57:20","2026-03-16 20:23:31"
163,127,第2層,1,/storage/images/maps/false_lendersia/map_id_127/2.webp,https://dq10.i-k-e.net/map/謎の地下水路,2,"2026-03-14 13:57:20","2026-03-16 20:23:31"
164,127,第3層,1,/storage/images/maps/false_lendersia/map_id_127/3.webp,https://dq10.i-k-e.net/map/謎の地下水路,3,"2026-03-14 13:57:20","2026-03-16 20:23:31"
168,362,全体図,1,storage/images/maps/false_lendercia/map_id_362/zentai.webp,https://dq10.i-k-e.net/map/セレドの町,1,"2026-03-14 13:57:33","2026-03-14 15:57:03"
169,362,2階,2,storage/images/maps/false_lendercia/map_id_362/2.webp,https://dq10.i-k-e.net/map/セレドの町,2,"2026-03-14 13:57:33","2026-03-14 15:57:06"
170,362,屋上,3,storage/images/maps/false_lendercia/map_id_362/okujou.webp,https://dq10.i-k-e.net/map/セレドの町,3,"2026-03-14 13:57:33","2026-03-14 15:57:09"
171,362,下層,-1,storage/images/maps/false_lendercia/map_id_362/kasou.webp,https://dq10.i-k-e.net/map/セレドの町,4,"2026-03-14 13:57:33","2026-03-14 15:57:12"
172,364,1階,1,storage/images/maps/false_lendercia/map_id_364/1.webp,https://dq10.i-k-e.net/map/ダーマ神殿,1,"2026-03-14 13:57:43","2026-03-14 15:57:17"
173,364,2階,2,storage/images/maps/false_lendercia/map_id_364/2.webp,https://dq10.i-k-e.net/map/ダーマ神殿,2,"2026-03-14 13:57:43","2026-03-14 15:57:19"
174,364,3階,3,storage/images/maps/false_lendercia/map_id_364/3.webp,https://dq10.i-k-e.net/map/ダーマ神殿,3,"2026-03-14 13:57:43","2026-03-14 15:57:22"
175,364,地下1階,-1,storage/images/maps/false_lendercia/map_id_364/-1.webp,https://dq10.i-k-e.net/map/ダーマ神殿,4,"2026-03-14 13:57:43","2026-03-14 15:57:25"
185,151,地上,1,/storage/images/maps/false_lendersia/map_id_151/1.webp,https://dq10.i-k-e.net/map/未完のラゼアの風穴,1,"2026-03-14 13:57:59","2026-03-16 21:01:33"
188,379,1階,1,storage/images/maps/false_lendercia/map_id_379/1.webp,https://dq10.i-k-e.net/map/アラハギーロ王国,1,"2026-03-14 13:58:05","2026-03-14 15:58:28"
189,379,2階,2,storage/images/maps/false_lendercia/map_id_379/2.webp,https://dq10.i-k-e.net/map/アラハギーロ王国,2,"2026-03-14 13:58:05","2026-03-14 15:58:30"
190,379,3階,3,storage/images/maps/false_lendercia/map_id_379/3.webp,https://dq10.i-k-e.net/map/アラハギーロ王国,3,"2026-03-14 13:58:05","2026-03-14 15:58:37"
191,381,1階,1,storage/images/maps/false_lendercia/map_id_381/1.webp,https://dq10.i-k-e.net/map/モンスター格闘場,1,"2026-03-14 13:58:08","2026-03-14 15:58:43"
192,381,2階,2,storage/images/maps/false_lendercia/map_id_381/2.webp,https://dq10.i-k-e.net/map/モンスター格闘場,2,"2026-03-14 13:58:08","2026-03-14 15:58:48"
193,381,地下1階,-1,storage/images/maps/false_lendercia/map_id_381/-1.webp,https://dq10.i-k-e.net/map/モンスター格闘場,3,"2026-03-14 13:58:08","2026-03-14 15:59:00"
203,391,地上,1,storage/images/maps/false_lendercia/map_id_391/1.webp,https://dq10.i-k-e.net/map/グランゼドーラ王国,1,"2026-03-14 13:58:37","2026-03-15 00:31:00"
204,392,外観,1,storage/images/maps/false_lendercia/map_id_392/gaikan.webp,https://dq10.i-k-e.net/map/グランゼドーラ城,1,"2026-03-14 13:58:40","2026-03-14 16:01:27"
205,392,1階,1,storage/images/maps/false_lendercia/map_id_392/1.webp,https://dq10.i-k-e.net/map/グランゼドーラ城,2,"2026-03-14 13:58:40","2026-03-14 16:01:51"
206,392,2階,2,storage/images/maps/false_lendercia/map_id_392/2.webp,https://dq10.i-k-e.net/map/グランゼドーラ城,3,"2026-03-14 13:58:40","2026-03-14 16:01:55"
207,392,3階,3,storage/images/maps/false_lendercia/map_id_392/3.webp,https://dq10.i-k-e.net/map/グランゼドーラ城,4,"2026-03-14 13:58:40","2026-03-14 16:02:04"
208,392,地下1階,-1,storage/images/maps/false_lendercia/map_id_392/-1.webp,https://dq10.i-k-e.net/map/グランゼドーラ城,5,"2026-03-14 13:58:40","2026-03-14 16:02:07"
209,392,地下2階,-2,storage/images/maps/false_lendercia/map_id_392/-2.webp,https://dq10.i-k-e.net/map/グランゼドーラ城,6,"2026-03-14 13:58:40","2026-03-14 16:02:19"
212,150,第1層,1,/storage/images/maps/false_lendersia/map_id_150/1.webp,https://dq10.i-k-e.net/map/未完のドラクロン山地,1,"2026-03-14 13:58:51","2026-03-17 13:38:47"
213,366,地上,1,storage/images/maps/false_lendercia/map_id_366/1.webp,https://dq10.i-k-e.net/map/エテーネの村,1,"2026-03-14 13:58:55","2026-03-14 16:02:44"
216,148,悪しき水の洞窟,1,/storage/images/maps/false_lendersia/map_id_148/1.webp,https://dq10.i-k-e.net/map/創生の邪洞,1,"2026-03-14 13:59:03","2026-03-17 22:25:36"
217,148,産の産道,1,/storage/images/maps/false_lendersia/map_id_148/2.webp,https://dq10.i-k-e.net/map/創生の邪洞,2,"2026-03-14 13:59:03","2026-03-17 22:25:36"
218,148,魔の断壁,1,/storage/images/maps/false_lendersia/map_id_148/3.webp,https://dq10.i-k-e.net/map/創生の邪洞,3,"2026-03-14 13:59:03","2026-03-17 22:25:36"
219,153,地上,1,/storage/images/maps/true_lendersia/map_id_153/1.webp,https://dq10.i-k-e.net/map/真のコニウェア平原,1,"2026-03-14 13:59:07","2026-03-16 21:02:12"
220,403,地上,1,storage/images/maps/true_lendercia/map_id_403/1.webp,https://dq10.i-k-e.net/map/真のココラタの浜辺,1,"2026-03-14 13:59:13","2026-03-14 16:03:24"
221,154,地上,1,/storage/images/maps/true_lendersia/map_id_154/1.webp,https://dq10.i-k-e.net/map/モンセロ温泉峡,1,"2026-03-14 13:59:16","2026-03-16 21:02:47"
222,405,地上,1,storage/images/maps/true_lendercia/map_id_405/1.webp,https://dq10.i-k-e.net/map/竜族の隠れ里,1,"2026-03-14 13:59:18","2026-03-14 16:03:36"
223,406,地上,1,storage/images/maps/true_lendercia/map_id_406/1.webp,https://dq10.i-k-e.net/map/神代の島,1,"2026-03-14 13:59:20","2026-03-14 16:03:42"
224,155,地上,1,/storage/images/maps/true_lendersia/map_id_155/1.webp,https://dq10.i-k-e.net/map/真のワルド水源,1,"2026-03-14 13:59:23","2026-03-16 21:02:53"
225,157,地上,1,/storage/images/maps/true_lendersia/map_id_157/1.webp,https://dq10.i-k-e.net/map/真メルサンディ穀倉帯,1,"2026-03-14 13:59:26","2026-03-16 21:03:10"
226,408,地上,1,storage/images/maps/true_lendercia/map_id_408/1.webp,https://dq10.i-k-e.net/map/真のメルサンディ村,1,"2026-03-14 13:59:29","2026-03-14 16:04:10"
227,156,地上,1,/storage/images/maps/true_lendersia/map_id_156/1.webp,https://dq10.i-k-e.net/map/真のローヌ樹林帯,1,"2026-03-14 13:59:32","2026-03-16 21:03:03"
228,159,地上,1,/storage/images/maps/true_lendersia/map_id_159/1.webp,https://dq10.i-k-e.net/map/真の魔女の森,1,"2026-03-14 13:59:36","2026-03-16 21:03:26"
229,411,地上,1,storage/images/maps/true_lendercia/map_id_411/1.webp,https://dq10.i-k-e.net/map/謎の島,1,"2026-03-14 13:59:38","2026-03-14 16:04:40"
230,160,地上,1,/storage/images/maps/true_lendersia/map_id_160/1.webp,https://dq10.i-k-e.net/map/真のセレドット山道,1,"2026-03-14 13:59:41","2026-03-16 21:03:33"
231,412,全体図,1,storage/images/maps/true_lendercia/map_id_412/zentai.webp,https://dq10.i-k-e.net/map/真のセレドの町,1,"2026-03-14 13:59:44","2026-03-14 16:05:03"
232,412,2階,2,storage/images/maps/true_lendercia/map_id_412/2.webp,https://dq10.i-k-e.net/map/真のセレドの町,2,"2026-03-14 13:59:44","2026-03-14 16:05:06"
233,412,下層,-1,storage/images/maps/true_lendercia/map_id_412/kasou.webp,https://dq10.i-k-e.net/map/真のセレドの町,3,"2026-03-14 13:59:44","2026-03-14 16:05:09"
234,413,1階,1,storage/images/maps/true_lendercia/map_id_413/1.webp,https://dq10.i-k-e.net/map/真のダーマ神殿,1,"2026-03-14 13:59:47","2026-03-14 16:05:18"
235,413,2階,2,storage/images/maps/true_lendercia/map_id_413/2.webp,https://dq10.i-k-e.net/map/真のダーマ神殿,2,"2026-03-14 13:59:47","2026-03-14 16:05:23"
236,413,3階,3,storage/images/maps/true_lendercia/map_id_413/3.webp,https://dq10.i-k-e.net/map/真のダーマ神殿,3,"2026-03-14 13:59:47","2026-03-14 16:05:26"
237,413,地下1階,-1,storage/images/maps/true_lendercia/map_id_413/-1.webp,https://dq10.i-k-e.net/map/真のダーマ神殿,4,"2026-03-14 13:59:47","2026-03-14 16:05:29"
238,161,地上,1,/storage/images/maps/true_lendersia/map_id_161/1.webp,https://dq10.i-k-e.net/map/真のリンジャハル海岸,1,"2026-03-14 13:59:51","2026-03-16 21:03:40"
239,162,1階,1,/storage/images/maps/true_lendersia/map_id_162/1.webp,https://dq10.i-k-e.net/map/真のリンジャの塔,1,"2026-03-14 13:59:54","2026-03-16 21:04:15"
240,162,2階,2,/storage/images/maps/true_lendersia/map_id_162/2.webp,https://dq10.i-k-e.net/map/真のリンジャの塔,2,"2026-03-14 13:59:54","2026-03-16 21:04:15"
241,162,3階,3,/storage/images/maps/true_lendersia/map_id_162/3.webp,https://dq10.i-k-e.net/map/真のリンジャの塔,3,"2026-03-14 13:59:54","2026-03-16 21:04:15"
242,162,4階,4,/storage/images/maps/true_lendersia/map_id_162/4.webp,https://dq10.i-k-e.net/map/真のリンジャの塔,4,"2026-03-14 13:59:54","2026-03-16 21:04:15"
243,162,5階,5,/storage/images/maps/true_lendersia/map_id_162/5.webp,https://dq10.i-k-e.net/map/真のリンジャの塔,5,"2026-03-14 13:59:54","2026-03-16 21:04:15"
244,162,6階,6,/storage/images/maps/true_lendersia/map_id_162/6.webp,https://dq10.i-k-e.net/map/真のリンジャの塔,6,"2026-03-14 13:59:54","2026-03-16 21:04:16"
245,163,地上,1,/storage/images/maps/true_lendersia/map_id_163/1.webp,https://dq10.i-k-e.net/map/真のリャナ荒涼地帯,1,"2026-03-14 13:59:57","2026-03-16 21:05:04"
246,164,第一の魔峡,1,/storage/images/maps/true_lendersia/map_id_164/1.webp,https://dq10.i-k-e.net/map/ねじれたる異形の大地,1,"2026-03-14 14:00:01","2026-03-17 14:05:58"
247,164,第ニの魔峡,1,/storage/images/maps/true_lendersia/map_id_164/2.webp,https://dq10.i-k-e.net/map/ねじれたる異形の大地,2,"2026-03-14 14:00:01","2026-03-17 14:05:58"
248,164,第三の魔峡,1,/storage/images/maps/true_lendersia/map_id_164/3.webp,https://dq10.i-k-e.net/map/ねじれたる異形の大地,3,"2026-03-14 14:00:01","2026-03-17 14:05:58"
249,164,第四の魔峡,1,/storage/images/maps/true_lendersia/map_id_164/4.webp,https://dq10.i-k-e.net/map/ねじれたる異形の大地,4,"2026-03-14 14:00:01","2026-03-17 14:05:58"
250,183,地上,1,/storage/images/maps/true_lendersia/map_id_183/1.webp,https://dq10.i-k-e.net/map/ラゼアの風穴,1,"2026-03-14 14:00:04","2026-03-16 21:13:32"
251,165,地上,1,/storage/images/maps/true_lendersia/map_id_165/1.webp,https://dq10.i-k-e.net/map/真のアラハギーロ地方,1,"2026-03-14 14:00:07","2026-03-16 21:06:59"
252,165,地下洞,1,/storage/images/maps/true_lendersia/map_id_165/kasou.webp,https://dq10.i-k-e.net/map/真のアラハギーロ地方,2,"2026-03-14 14:00:07","2026-03-16 21:06:59"
253,421,1階,1,storage/images/maps/true_lendercia/map_id_421/1.webp,https://dq10.i-k-e.net/map/真のアラハギーロ王国,1,"2026-03-14 14:00:10","2026-03-14 16:06:54"
254,421,2階,2,storage/images/maps/true_lendercia/map_id_421/2.webp,https://dq10.i-k-e.net/map/真のアラハギーロ王国,2,"2026-03-14 14:00:10","2026-03-14 16:06:59"
255,421,3階,3,storage/images/maps/true_lendercia/map_id_421/3.webp,https://dq10.i-k-e.net/map/真のアラハギーロ王国,3,"2026-03-14 14:00:10","2026-03-14 16:07:02"
256,422,1階,1,storage/images/maps/true_lendercia/map_id_422/1.webp,https://dq10.i-k-e.net/map/真のモンスター格闘場,1,"2026-03-14 14:00:14","2026-03-14 16:07:09"
257,422,2階,2,storage/images/maps/true_lendercia/map_id_422/2.webp,https://dq10.i-k-e.net/map/真のモンスター格闘場,2,"2026-03-14 14:00:14","2026-03-14 16:07:15"
258,422,地下1階,-1,storage/images/maps/true_lendercia/map_id_422/-1.webp,https://dq10.i-k-e.net/map/真のモンスター格闘場,3,"2026-03-14 14:00:14","2026-03-14 16:07:25"
259,169,地上,1,/storage/images/maps/true_lendersia/map_id_169/1.webp,https://dq10.i-k-e.net/map/真のナシームの洞くつ,1,"2026-03-14 14:00:16","2026-03-16 21:08:42"
260,166,地上,1,/storage/images/maps/true_lendersia/map_id_166/1.webp,https://dq10.i-k-e.net/map/真のデフェル荒野,1,"2026-03-14 14:00:19","2026-03-16 21:07:10"
261,168,1階,1,/storage/images/maps/true_lendersia/map_id_168/1.webp,https://dq10.i-k-e.net/map/真のピラミッド,1,"2026-03-14 14:00:31","2026-03-23 17:10:39"
263,168,最上階,2,/storage/images/maps/true_lendersia/map_id_168/saizyokai.webp,https://dq10.i-k-e.net/map/真のピラミッド,2,"2026-03-14 14:00:47","2026-03-23 17:10:39"
264,167,地上,1,/storage/images/maps/true_lendersia/map_id_167/1.webp,https://dq10.i-k-e.net/map/真のジャイラ密林,1,"2026-03-14 14:00:54","2026-03-16 21:07:18"
265,170,地上,1,/storage/images/maps/true_lendersia/map_id_170/1.webp,https://dq10.i-k-e.net/map/真のレビュール街道南,1,"2026-03-14 14:01:00","2026-03-16 21:08:59"
266,171,地上,1,/storage/images/maps/true_lendersia/map_id_171/1.webp,https://dq10.i-k-e.net/map/真のレビュール街道北,1,"2026-03-14 14:01:07","2026-03-17 01:41:15"
267,175,地上,1,/storage/images/maps/true_lendersia/map_id_175/1.webp,https://dq10.i-k-e.net/map/真の海風の洞くつ,1,"2026-03-14 14:01:15","2026-03-16 21:10:31"
268,172,地上,1,/storage/images/maps/true_lendersia/map_id_172/1.webp,https://dq10.i-k-e.net/map/真のグランゼドーラ領,1,"2026-03-14 14:01:21","2026-03-16 21:10:08"
269,424,地上,1,storage/images/maps/true_lendercia/map_id_424/1.webp,https://dq10.i-k-e.net/map/真グランゼドーラ王国,1,"2026-03-14 14:01:27","2026-03-14 16:08:33"
270,425,外観,1,storage/images/maps/true_lendercia/map_id_425/gaikan.webp,https://dq10.i-k-e.net/map/真のグランゼドーラ城,1,"2026-03-14 14:01:35","2026-03-15 00:35:55"
271,425,1階,1,storage/images/maps/true_lendercia/map_id_425/1.webp,https://dq10.i-k-e.net/map/真のグランゼドーラ城,2,"2026-03-14 14:01:35","2026-03-15 00:36:01"
272,425,2階,2,storage/images/maps/true_lendercia/map_id_425/2.webp,https://dq10.i-k-e.net/map/真のグランゼドーラ城,3,"2026-03-14 14:01:39","2026-03-15 00:36:04"
273,425,3階,3,storage/images/maps/true_lendercia/map_id_425/3.webp,https://dq10.i-k-e.net/map/真のグランゼドーラ城,4,"2026-03-14 14:01:45","2026-03-15 00:36:08"
274,425,地下1階,-1,storage/images/maps/true_lendercia/map_id_425/-1.webp,https://dq10.i-k-e.net/map/真のグランゼドーラ城,5,"2026-03-14 14:01:47","2026-03-15 00:36:20"
275,425,地下2階,-2,storage/images/maps/true_lendercia/map_id_425/-2.webp,https://dq10.i-k-e.net/map/真のグランゼドーラ城,6,"2026-03-14 14:01:51","2026-03-15 00:36:25"
276,173,地上,1,/storage/images/maps/true_lendersia/map_id_173/1.webp,https://dq10.i-k-e.net/map/真のロヴォス高地,1,"2026-03-14 14:01:58","2026-03-16 21:10:15"
277,174,地上,1,/storage/images/maps/true_lendersia/map_id_174/1.webp,https://dq10.i-k-e.net/map/真のゼドラ洞,1,"2026-03-14 14:02:06","2026-03-16 21:10:22"
278,176,第1層,1,/storage/images/maps/true_lendersia/map_id_176/1.webp,https://dq10.i-k-e.net/map/ドラクロン山地,1,"2026-03-14 14:02:16","2026-03-16 21:11:48"
280,178,地上,1,/storage/images/maps/true_lendersia/map_id_178/1.webp,https://dq10.i-k-e.net/map/真の育みの大地,1,"2026-03-14 14:02:39","2026-03-16 21:12:38"
281,177,地上,1,/storage/images/maps/true_lendersia/map_id_177/1.webp,https://dq10.i-k-e.net/map/真の名もなき草原,1,"2026-03-14 14:02:56","2026-03-16 21:12:30"
282,179,地上,1,/storage/images/maps/true_lendersia/map_id_179/1.webp,https://dq10.i-k-e.net/map/清き水の洞くつ,1,"2026-03-14 14:03:12","2026-03-16 21:12:48"
283,429,地上,1,storage/images/maps/true_lendercia/map_id_429/1.webp,https://dq10.i-k-e.net/map/谷間の広場,1,"2026-03-14 14:03:24","2026-03-14 16:12:22"
284,180,地上,1,/storage/images/maps/true_lendersia/map_id_180/1.webp,https://dq10.i-k-e.net/map/サザミレ草原,1,"2026-03-14 14:03:36","2026-03-16 21:13:01"
285,181,地上,1,/storage/images/maps/true_lendersia/map_id_181/1.webp,https://dq10.i-k-e.net/map/ポルネア山,1,"2026-03-14 14:03:54","2026-03-16 21:13:11"
286,430,地上,1,storage/images/maps/true_lendercia/map_id_430/1.webp,https://dq10.i-k-e.net/map/ナルビアの町,1,"2026-03-14 14:04:05","2026-03-14 16:12:38"
287,182,地上,1,/storage/images/maps/true_lendersia/map_id_182/1.webp,https://dq10.i-k-e.net/map/スレア海岸,1,"2026-03-14 14:04:13","2026-03-16 21:13:21"
288,431,下層,-1,storage/images/maps/true_lendercia/map_id_431/kasou.webp,https://dq10.i-k-e.net/map/光の神殿,1,"2026-03-14 14:04:20","2026-03-14 16:12:51"
289,432,地上,1,storage/images/maps/true_lendercia/map_id_432/1.webp,https://dq10.i-k-e.net/map/マデ島,1,"2026-03-14 14:04:36","2026-03-14 16:12:55"
290,434,地上,1,storage/images/maps/true_lendercia/map_id_434/1.webp,https://dq10.i-k-e.net/map/新エテーネの村,1,"2026-03-14 14:04:48","2026-03-14 16:13:01"
292,437,地上,1,storage/images/maps/nadragand/map_id_437/1.webp,https://dq10.i-k-e.net/map/アペカの村,1,"2026-03-14 14:05:04","2026-03-14 16:13:11"
293,192,地上,1,/storage/images/maps/nadragand/map_id_192/1.webp,https://dq10.i-k-e.net/map/赤熱の荒野,1,"2026-03-14 14:05:12","2026-03-16 21:19:56"
294,194,上層,2,/storage/images/maps/nadragand/map_id_194/zyoso.webp,https://dq10.i-k-e.net/map/煉獄の谷,1,"2026-03-14 14:05:19","2026-03-18 12:04:26"
295,194,中層,1,/storage/images/maps/nadragand/map_id_194/cyuso.webp,https://dq10.i-k-e.net/map/煉獄の谷,2,"2026-03-14 14:05:19","2026-03-18 12:04:26"
296,194,下層,-1,/storage/images/maps/nadragand/map_id_194/kasou.webp,https://dq10.i-k-e.net/map/煉獄の谷,3,"2026-03-14 14:05:24","2026-03-18 12:04:26"
297,436,第1層,1,storage/images/maps/nadragand/map_id_436/1.webp,https://dq10.i-k-e.net/map/聖都エジャルナ,1,"2026-03-14 14:05:31","2026-03-15 00:37:56"
298,436,第2層,2,storage/images/maps/nadragand/map_id_436/2.webp,https://dq10.i-k-e.net/map/聖都エジャルナ,2,"2026-03-14 14:05:31","2026-03-15 00:38:02"
299,193,地上,1,/storage/images/maps/nadragand/map_id_193/1.webp,https://dq10.i-k-e.net/map/烈火の渓谷,1,"2026-03-14 14:05:38","2026-03-16 21:20:26"
300,195,第1層,1,/storage/images/maps/nadragand/map_id_195/1.webp,https://dq10.i-k-e.net/map/フェザリアス山,1,"2026-03-14 14:05:50","2026-03-16 21:21:34"
301,195,第2層,1,/storage/images/maps/nadragand/map_id_195/2.webp,https://dq10.i-k-e.net/map/フェザリアス山,2,"2026-03-14 14:05:50","2026-03-16 21:21:34"
302,195,第3層,1,/storage/images/maps/nadragand/map_id_195/3.webp,https://dq10.i-k-e.net/map/フェザリアス山,3,"2026-03-14 14:05:50","2026-03-16 21:21:34"
303,195,第4層,1,/storage/images/maps/nadragand/map_id_195/4.webp,https://dq10.i-k-e.net/map/フェザリアス山,4,"2026-03-14 14:05:50","2026-03-16 21:21:34"
304,196,1階,1,/storage/images/maps/nadragand/map_id_196/1.webp,https://dq10.i-k-e.net/map/業炎の聖塔,1,"2026-03-14 14:05:56","2026-03-16 21:22:15"
305,196,2階,2,/storage/images/maps/nadragand/map_id_196/2.webp,https://dq10.i-k-e.net/map/業炎の聖塔,2,"2026-03-14 14:06:01","2026-03-16 21:22:15"
306,196,3階,3,/storage/images/maps/nadragand/map_id_196/3.webp,https://dq10.i-k-e.net/map/業炎の聖塔,3,"2026-03-14 14:06:06","2026-03-16 21:22:15"
307,196,4階,4,/storage/images/maps/nadragand/map_id_196/4.webp,https://dq10.i-k-e.net/map/業炎の聖塔,4,"2026-03-14 14:06:10","2026-03-16 21:22:15"
308,196,5階,5,/storage/images/maps/nadragand/map_id_196/5.webp,https://dq10.i-k-e.net/map/業炎の聖塔,5,"2026-03-14 14:06:14","2026-03-16 21:22:15"
309,196,6階,6,/storage/images/maps/nadragand/map_id_196/6.webp,https://dq10.i-k-e.net/map/業炎の聖塔,6,"2026-03-14 14:06:19","2026-03-16 21:22:15"
310,196,7階,7,/storage/images/maps/nadragand/map_id_196/7.webp,https://dq10.i-k-e.net/map/業炎の聖塔,7,"2026-03-14 14:06:24","2026-03-16 21:22:15"
312,198,地上,1,/storage/images/maps/nadragand/map_id_198/1.webp,https://dq10.i-k-e.net/map/とこしえの氷原,1,"2026-03-14 14:06:41","2026-03-17 13:45:27"
313,198,上層,2,/storage/images/maps/nadragand/map_id_198/zyoso.webp,https://dq10.i-k-e.net/map/とこしえの氷原,2,"2026-03-14 14:06:45","2026-03-17 13:45:27"
314,441,全体図,1,storage/images/maps/nadragand/map_id_441/zentai.webp,https://dq10.i-k-e.net/map/イーサの村,1,"2026-03-14 14:06:52","2026-03-14 16:14:38"
315,201,1階,1,/storage/images/maps/nadragand/map_id_201/1.webp,https://dq10.i-k-e.net/map/カーレルの氷雪洞,1,"2026-03-14 14:07:00","2026-03-17 01:42:49"
316,201,2階,2,/storage/images/maps/nadragand/map_id_201/2.webp,https://dq10.i-k-e.net/map/カーレルの氷雪洞,2,"2026-03-14 14:07:04","2026-03-17 01:42:49"
317,199,地上,1,/storage/images/maps/nadragand/map_id_199/1.webp,https://dq10.i-k-e.net/map/白霜の流氷野,1,"2026-03-14 14:07:13","2026-03-17 01:42:16"
320,203,地上,1,/storage/images/maps/nadragand/map_id_203/1.webp,https://dq10.i-k-e.net/map/闇の辺獄,1,"2026-03-14 14:07:33","2026-03-16 21:27:36"
321,444,上層,2,storage/images/maps/nadragand/map_id_444/jousou.webp,https://dq10.i-k-e.net/map/カーラモーラ村,1,"2026-03-14 14:07:39","2026-03-14 16:15:17"
322,444,下層,-1,storage/images/maps/nadragand/map_id_444/kasou.webp,https://dq10.i-k-e.net/map/カーラモーラ村,2,"2026-03-14 14:07:42","2026-03-14 16:15:19"
323,204,上層,2,/storage/images/maps/nadragand/map_id_204/zyoso.webp,https://dq10.i-k-e.net/map/影の谷,1,"2026-03-14 14:07:51","2026-03-16 21:28:00"
324,204,下層,-1,/storage/images/maps/nadragand/map_id_204/kasou.webp,https://dq10.i-k-e.net/map/影の谷,2,"2026-03-14 14:07:58","2026-03-16 21:28:00"
325,205,地上,1,/storage/images/maps/nadragand/map_id_205/1.webp,https://dq10.i-k-e.net/map/楽園,1,"2026-03-14 14:08:08","2026-03-16 21:28:10"
326,206,7階,7,/storage/images/maps/nadragand/map_id_206/7.webp,https://dq10.i-k-e.net/map/冥闇の聖塔,1,"2026-03-14 14:08:14","2026-03-16 21:28:56"
327,206,6階,6,/storage/images/maps/nadragand/map_id_206/6.webp,https://dq10.i-k-e.net/map/冥闇の聖塔,2,"2026-03-14 14:08:18","2026-03-16 21:28:56"
328,206,5階,5,/storage/images/maps/nadragand/map_id_206/5.webp,https://dq10.i-k-e.net/map/冥闇の聖塔,3,"2026-03-14 14:08:21","2026-03-16 21:28:56"
329,206,4階,4,/storage/images/maps/nadragand/map_id_206/4.webp,https://dq10.i-k-e.net/map/冥闇の聖塔,4,"2026-03-14 14:08:25","2026-03-16 21:28:56"
330,206,3階,3,/storage/images/maps/nadragand/map_id_206/3.webp,https://dq10.i-k-e.net/map/冥闇の聖塔,5,"2026-03-14 14:08:28","2026-03-16 21:28:56"
331,206,2階,2,/storage/images/maps/nadragand/map_id_206/2.webp,https://dq10.i-k-e.net/map/冥闇の聖塔,6,"2026-03-14 14:08:32","2026-03-16 21:28:56"
332,206,1階,1,/storage/images/maps/nadragand/map_id_206/1.webp,https://dq10.i-k-e.net/map/冥闇の聖塔,7,"2026-03-14 14:08:36","2026-03-16 21:28:56"
334,208,地上,1,/storage/images/maps/nadragand/map_id_208/1.webp,https://dq10.i-k-e.net/map/オーフィーヌの海,1,"2026-03-14 14:08:52","2026-03-16 21:29:38"
335,209,地上,1,/storage/images/maps/nadragand/map_id_209/1.webp,https://dq10.i-k-e.net/map/オーフィーヌ海底,1,"2026-03-14 14:09:04","2026-03-16 21:29:54"
336,447,全体図,1,storage/images/maps/nadragand/map_id_447/zentai.webp,https://dq10.i-k-e.net/map/海底都市ルシュカ,1,"2026-03-14 14:09:13","2026-03-14 16:16:26"
337,447,下層,-1,storage/images/maps/nadragand/map_id_447/kasou.webp,https://dq10.i-k-e.net/map/海底都市ルシュカ,2,"2026-03-14 14:09:13","2026-03-14 16:16:29"
338,210,地上,1,/storage/images/maps/nadragand/map_id_210/1.webp,https://dq10.i-k-e.net/map/ガイオス古海,1,"2026-03-14 14:09:24","2026-03-23 15:39:50"
339,211,1階,1,/storage/images/maps/nadragand/map_id_211/1.webp,https://dq10.i-k-e.net/map/天水の聖塔,1,"2026-03-14 14:09:38","2026-03-16 21:31:13"
340,211,2階,2,/storage/images/maps/nadragand/map_id_211/2.webp,https://dq10.i-k-e.net/map/天水の聖塔,2,"2026-03-14 14:09:46","2026-03-16 21:31:13"
341,211,3階,3,/storage/images/maps/nadragand/map_id_211/3.webp,https://dq10.i-k-e.net/map/天水の聖塔,3,"2026-03-14 14:10:01","2026-03-16 21:31:13"
342,211,4階,4,/storage/images/maps/nadragand/map_id_211/4.webp,https://dq10.i-k-e.net/map/天水の聖塔,4,"2026-03-14 14:10:10","2026-03-16 21:31:13"
343,211,5階,5,/storage/images/maps/nadragand/map_id_211/5.webp,https://dq10.i-k-e.net/map/天水の聖塔,5,"2026-03-14 14:10:14","2026-03-16 21:31:13"
345,212,地上,1,/storage/images/maps/nadragand/map_id_212/1.webp,https://dq10.i-k-e.net/map/迅雷の丘,1,"2026-03-14 14:10:39","2026-03-16 21:31:37"
346,213,地上,1,/storage/images/maps/nadragand/map_id_213/1.webp,https://dq10.i-k-e.net/map/ムストの町,1,"2026-03-14 14:10:44","2026-03-16 21:31:44"
347,214,下層,-1,/storage/images/maps/nadragand/map_id_214/kasou.webp,https://dq10.i-k-e.net/map/天ツ風の原,2,"2026-03-14 14:10:53","2026-03-16 21:32:14"
348,215,下層,-1,/storage/images/maps/nadragand/map_id_215/kasou.webp,https://dq10.i-k-e.net/map/神獣の森,1,"2026-03-14 14:11:02","2026-03-16 21:32:40"
349,215,中層,1,/storage/images/maps/nadragand/map_id_215/cyuso.webp,https://dq10.i-k-e.net/map/神獣の森,2,"2026-03-14 14:11:05","2026-03-16 21:32:40"
350,215,上層,2,/storage/images/maps/nadragand/map_id_215/zyoso.webp,https://dq10.i-k-e.net/map/神獣の森,3,"2026-03-14 14:11:05","2026-03-16 21:32:40"
351,216,1階,1,/storage/images/maps/nadragand/map_id_216/1.webp,https://dq10.i-k-e.net/map/翠嵐の聖塔,1,"2026-03-14 14:11:16","2026-03-18 12:52:30"
352,216,2階・東,1,/storage/images/maps/nadragand/map_id_216/2.webp,https://dq10.i-k-e.net/map/翠嵐の聖塔,2,"2026-03-14 14:11:22","2026-03-18 12:52:30"
353,216,3階・広間,3,/storage/images/maps/nadragand/map_id_216/3.webp,https://dq10.i-k-e.net/map/翠嵐の聖塔,3,"2026-03-14 14:11:25","2026-03-18 12:52:30"
354,216,3階・通路,3,/storage/images/maps/nadragand/map_id_216/3_2.webp,https://dq10.i-k-e.net/map/翠嵐の聖塔,4,"2026-03-14 14:11:29","2026-03-18 12:52:30"
355,216,4階,4,/storage/images/maps/nadragand/map_id_216/4.webp,https://dq10.i-k-e.net/map/翠嵐の聖塔,7,"2026-03-14 14:11:32","2026-03-18 12:52:30"
356,216,5階,5,/storage/images/maps/nadragand/map_id_216/5.webp,https://dq10.i-k-e.net/map/翠嵐の聖塔,8,"2026-03-14 14:11:36","2026-03-18 12:52:30"
367,463,地上,1,storage/images/maps/nadragand/map_id_463/1.webp,https://dq10.i-k-e.net/map/古グランゼドーラ王国,1,"2026-03-14 14:12:59","2026-03-14 16:24:26"
373,466,1階,1,storage/images/maps/unknown/map_id_466/1.webp,https://dq10.i-k-e.net/map/オルセコ闘技城,1,"2026-03-14 14:13:36","2026-03-21 14:20:02"
374,466,地下1階,-1,storage/images/maps/unknown/map_id_466/-1.webp,https://dq10.i-k-e.net/map/オルセコ闘技城,2,"2026-03-14 14:13:38","2026-03-21 14:20:02"
375,466,地下2階,-2,storage/images/maps/unknown/map_id_466/-2.webp,https://dq10.i-k-e.net/map/オルセコ闘技城,3,"2026-03-14 14:13:41","2026-03-21 14:20:02"
382,468,地上,1,storage/images/maps/nadragand/map_id_468/1.webp,https://dq10.i-k-e.net/map/獅子門・難民キャンプ,1,"2026-03-14 14:14:20","2026-03-14 16:25:32"
387,470,中層,1,storage/images/maps/nadragand/map_id_470/chusou.webp,https://dq10.i-k-e.net/map/ウルベア地下帝国,1,"2026-03-14 14:14:55","2026-03-14 16:25:59"
388,470,上層,2,storage/images/maps/nadragand/map_id_470/jousou.webp,https://dq10.i-k-e.net/map/ウルベア地下帝国,2,"2026-03-14 14:14:55","2026-03-14 16:26:01"
389,470,下層,-1,storage/images/maps/nadragand/map_id_470/kasou.webp,https://dq10.i-k-e.net/map/ウルベア地下帝国,3,"2026-03-14 14:14:58","2026-03-14 16:26:03"
390,472,1階,1,storage/images/maps/nadragand/map_id_472/1.webp,https://dq10.i-k-e.net/map/ウルベア帝国城,1,"2026-03-14 14:15:04","2026-03-14 16:26:08"
391,473,1階,1,storage/images/maps/nadragand/map_id_473/1.webp,https://dq10.i-k-e.net/map/帝国技術庁・第一庁舎,1,"2026-03-14 14:15:09","2026-03-14 16:26:13"
392,473,2階,2,storage/images/maps/nadragand/map_id_473/2.webp,https://dq10.i-k-e.net/map/帝国技術庁・第一庁舎,2,"2026-03-14 14:15:11","2026-03-14 16:26:15"
393,473,3階,3,storage/images/maps/nadragand/map_id_473/3.webp,https://dq10.i-k-e.net/map/帝国技術庁・第一庁舎,3,"2026-03-14 14:15:14","2026-03-14 16:26:18"
394,473,4階,4,storage/images/maps/nadragand/map_id_473/4.webp,https://dq10.i-k-e.net/map/帝国技術庁・第一庁舎,4,"2026-03-14 14:15:17","2026-03-14 16:26:20"
396,477,地上,1,storage/images/maps/nadragand/map_id_477/1.webp,https://dq10.i-k-e.net/map/アルウェーンの町,1,"2026-03-14 14:15:29","2026-03-14 16:26:35"
397,476,地上,1,storage/images/maps/nadragand/map_id_476/1.webp,https://dq10.i-k-e.net/map/アルウェーン管理棟,1,"2026-03-14 14:15:35","2026-03-14 16:26:39"
400,478,地上,1,storage/images/maps/nadragand/map_id_478/1.webp,https://dq10.i-k-e.net/map/アストルティア博物館,1,"2026-03-14 14:15:47","2026-03-14 16:26:51"
406,187,地上,1,/storage/images/maps/etene_islands/map_id_187/1.webp,https://dq10.i-k-e.net/map/現・バントリユ地方,1,"2026-03-14 14:16:16","2026-03-16 21:17:28"
407,481,全体図,1,storage/images/maps/nadragand/map_id_481/zentai.webp,https://dq10.i-k-e.net/map/現・辺境警備隊詰所,1,"2026-03-14 14:16:22","2026-03-14 16:27:18"
408,481,2階,2,storage/images/maps/nadragand/map_id_481/2.webp,https://dq10.i-k-e.net/map/現・辺境警備隊詰所,2,"2026-03-14 14:16:24","2026-03-14 16:27:20"
409,188,地上,1,/storage/images/maps/etene_islands/map_id_188/1.webp,https://dq10.i-k-e.net/map/現・エテーネ王国領,1,"2026-03-14 14:16:31","2026-03-16 21:18:05"
410,480,全体図,1,storage/images/maps/nadragand/map_id_480/zentai.webp,https://dq10.i-k-e.net/map/現・王都キィンベル,1,"2026-03-14 14:16:38","2026-03-14 16:27:32"
411,189,地上,1,/storage/images/maps/etene_islands/map_id_189/1.webp,https://dq10.i-k-e.net/map/現・ティプローネ高地,1,"2026-03-14 14:16:45","2026-03-16 21:18:34"
412,482,地上,1,storage/images/maps/nadragand/map_id_482/1.webp,https://dq10.i-k-e.net/map/現・自由人の集落,1,"2026-03-14 14:16:50","2026-03-14 16:27:43"
413,252,地上,1,/storage/images/maps/makai/map_id_252/1.webp,https://dq10.i-k-e.net/map/ゲルヘナ幻野,1,"2026-03-14 14:16:57","2026-03-16 21:39:02"
414,257,地上,1,/storage/images/maps/makai/map_id_257/1.webp,https://dq10.i-k-e.net/map/ベルヴァインの森西,1,"2026-03-14 14:17:04","2026-03-16 21:40:39"
415,486,地上,1,storage/images/maps/makai/map_id_486/1.webp,https://dq10.i-k-e.net/map/ゼクレス魔導国,1,"2026-03-14 14:17:11","2026-03-14 16:27:58"
416,262,地上,1,/storage/images/maps/makai/map_id_262/1.webp,https://dq10.i-k-e.net/map/バルディア山岳地帯,1,"2026-03-14 14:17:18","2026-03-16 21:41:23"
417,488,地上,1,storage/images/maps/makai/map_id_488/1.webp,https://dq10.i-k-e.net/map/バルディスタ要塞,1,"2026-03-14 14:17:24","2026-03-14 16:28:07"
418,266,地上,1,/storage/images/maps/makai/map_id_266/1.webp,https://dq10.i-k-e.net/map/ジャリムバハ砂漠,1,"2026-03-14 14:17:30","2026-03-16 21:45:12"
419,490,地上,1,storage/images/maps/makai/map_id_490/uradori.webp,https://dq10.i-k-e.net/map/砂の都ファラザード,2,"2026-03-14 14:17:37","2026-03-17 12:54:23"
420,269,地上,1,/storage/images/maps/makai/map_id_269/1.webp,https://dq10.i-k-e.net/map/魔幻都市ゴーラ跡,1,"2026-03-14 14:17:44","2026-03-16 21:48:38"
421,492,1階,1,storage/images/maps/makai/map_id_492/1.webp,https://dq10.i-k-e.net/map/真・魔幻宮殿,1,"2026-03-14 14:17:49","2026-03-14 16:28:27"
422,492,2階,2,storage/images/maps/makai/map_id_492/2.webp,https://dq10.i-k-e.net/map/真・魔幻宮殿,2,"2026-03-14 14:17:52","2026-03-14 16:28:30"
423,270,アトリエ地下1階,-1,/storage/images/maps/makai/map_id_270/-1.webp,https://dq10.i-k-e.net/map/魔幻園マデッサンス,1,"2026-03-14 14:17:58","2026-03-18 12:59:23"
424,270,アトリエ前,1,/storage/images/maps/makai/map_id_270/1.webp,https://dq10.i-k-e.net/map/魔幻園マデッサンス,2,"2026-03-14 14:18:00","2026-03-18 12:59:23"
425,253,地上,1,/storage/images/maps/makai/map_id_253/1.webp,https://dq10.i-k-e.net/map/旧ネクロデア領,1,"2026-03-14 14:18:06","2026-03-16 21:39:20"
426,494,第1層,1,storage/images/maps/makai/map_id_494/1.webp,https://dq10.i-k-e.net/map/王都ネクロデア跡,1,"2026-03-14 14:18:11","2026-03-15 00:43:57"
427,494,第2層,2,storage/images/maps/makai/map_id_494/2.webp,https://dq10.i-k-e.net/map/王都ネクロデア跡,2,"2026-03-14 14:18:11","2026-03-15 00:43:59"
428,254,地上,1,/storage/images/maps/makai/map_id_254/1.webp,https://dq10.i-k-e.net/map/血潮の浜辺,1,"2026-03-14 14:18:17","2026-03-16 21:39:32"
429,259,地上,1,/storage/images/maps/makai/map_id_259/1.webp,https://dq10.i-k-e.net/map/ガウシア樹海,1,"2026-03-14 14:18:24","2026-03-16 21:40:55"
430,495,地上,1,storage/images/maps/makai/map_id_495/1.webp,https://dq10.i-k-e.net/map/トポルの村,1,"2026-03-14 14:18:30","2026-03-14 16:29:05"
431,249,地上,1,/storage/images/maps/makai/map_id_249/1.webp,https://dq10.i-k-e.net/map/デスディオ暗黒荒原,1,"2026-03-14 14:18:36","2026-03-16 21:36:46"
432,255,地上,1,/storage/images/maps/makai/map_id_255/1.webp,https://dq10.i-k-e.net/map/グラデル台地,1,"2026-03-14 14:18:43","2026-03-16 21:39:43"
433,265,地上,1,/storage/images/maps/makai/map_id_265/1.webp,https://dq10.i-k-e.net/map/ザハディガル岩峰,1,"2026-03-14 14:18:49","2026-03-16 21:44:07"
434,265,洞窟,1,/storage/images/maps/makai/map_id_265/dokutsu.webp,https://dq10.i-k-e.net/map/ザハディガル岩峰,2,"2026-03-14 14:18:49","2026-03-16 21:44:07"
444,256,1階,1,/storage/images/maps/makai/map_id_256/1.webp,https://dq10.i-k-e.net/map/閉ざされた水路,1,"2026-03-14 14:19:29","2026-03-16 21:40:29"
445,256,2階,2,/storage/images/maps/makai/map_id_256/2.webp,https://dq10.i-k-e.net/map/閉ざされた水路,2,"2026-03-14 14:19:31","2026-03-16 21:40:29"
446,256,3階,3,/storage/images/maps/makai/map_id_256/3.webp,https://dq10.i-k-e.net/map/閉ざされた水路,3,"2026-03-14 14:19:34","2026-03-16 21:40:29"
447,256,4階,4,/storage/images/maps/makai/map_id_256/4.webp,https://dq10.i-k-e.net/map/閉ざされた水路,4,"2026-03-14 14:19:37","2026-03-16 21:40:29"
448,500,下層,-1,storage/images/maps/tensei/map_id_500/kasou.webp,https://dq10.i-k-e.net/map/神都フォーリオン,1,"2026-03-14 14:19:41","2026-03-14 16:30:06"
449,500,中層,1,storage/images/maps/tensei/map_id_500/chusou.webp,https://dq10.i-k-e.net/map/神都フォーリオン,2,"2026-03-14 14:19:45","2026-03-14 16:30:09"
450,500,上層,2,storage/images/maps/tensei/map_id_500/jousou.webp,https://dq10.i-k-e.net/map/神都フォーリオン,3,"2026-03-14 14:19:45","2026-03-14 16:30:11"
451,502,地上,1,storage/images/maps/tensei/map_id_502/1.webp,https://dq10.i-k-e.net/map/フォーリオン聖天区画,1,"2026-03-14 14:19:51","2026-03-14 16:30:15"
452,503,1階,1,storage/images/maps/tensei/map_id_503/1.webp,https://dq10.i-k-e.net/map/聖天舎,1,"2026-03-14 14:19:58","2026-03-14 16:30:19"
453,503,2階,2,storage/images/maps/tensei/map_id_503/2.webp,https://dq10.i-k-e.net/map/聖天舎,2,"2026-03-14 14:20:01","2026-03-14 16:30:22"
454,501,地上,1,storage/images/maps/tensei/map_id_501/1.webp,https://dq10.i-k-e.net/map/フォーリオン外郭,1,"2026-03-14 14:20:07","2026-03-14 16:30:26"
455,279,地上,1,/storage/images/maps/tensei/map_id_279/1.webp,https://dq10.i-k-e.net/map/神代の遺構,1,"2026-03-14 14:20:14","2026-03-16 21:59:11"
456,283,地上,1,/storage/images/maps/tensei/map_id_283/1.webp,https://dq10.i-k-e.net/map/フォーリオン造成地,1,"2026-03-14 14:20:21","2026-03-16 22:01:49"
457,283,洞窟,1,/storage/images/maps/tensei/map_id_283/dokutsu.webp,https://dq10.i-k-e.net/map/フォーリオン造成地,2,"2026-03-14 14:20:21","2026-03-16 22:01:49"
458,287,地上,1,/storage/images/maps/tensei/map_id_287/1.webp,https://dq10.i-k-e.net/map/神具解放の審問宮１,1,"2026-03-14 14:20:27","2026-03-18 13:10:17"
459,287,水門,1,/storage/images/maps/tensei/map_id_287/naibu.webp,https://dq10.i-k-e.net/map/神具解放の審問宮１,2,"2026-03-14 14:20:27","2026-03-18 13:10:17"
460,288,地上,1,/storage/images/maps/tensei/map_id_288/1.webp,https://dq10.i-k-e.net/map/神具解放の審問宮２,1,"2026-03-14 14:20:33","2026-03-18 13:10:40"
461,288,洞窟,1,/storage/images/maps/tensei/map_id_288/dokutsu.webp,https://dq10.i-k-e.net/map/神具解放の審問宮２,2,"2026-03-14 14:20:33","2026-03-18 13:10:40"
462,288,神殿,1,/storage/images/maps/tensei/map_id_288/chuo.webp,https://dq10.i-k-e.net/map/神具解放の審問宮２,3,"2026-03-14 14:20:33","2026-03-18 13:10:40"
463,289,地上,1,/storage/images/maps/tensei/map_id_289/1.webp,https://dq10.i-k-e.net/map/神具解放の審問宮３,1,"2026-03-14 14:20:40","2026-03-18 13:10:52"
464,289,洞窟,1,/storage/images/maps/tensei/map_id_289/dokutsu.webp,https://dq10.i-k-e.net/map/神具解放の審問宮３,2,"2026-03-14 14:20:40","2026-03-18 13:10:52"
465,289,屋内,1,/storage/images/maps/tensei/map_id_289/naibu.webp,https://dq10.i-k-e.net/map/神具解放の審問宮３,3,"2026-03-14 14:20:40","2026-03-18 13:10:52"
466,505,地上,1,storage/images/maps/tensei/map_id_505/1.webp,https://dq10.i-k-e.net/map/そなえの場,1,"2026-03-14 14:20:46","2026-03-14 16:31:16"
467,272,地上,1,/storage/images/maps/tensei/map_id_272/1.webp,https://dq10.i-k-e.net/map/試みの荒野,1,"2026-03-14 14:20:53","2026-03-16 21:54:34"
468,272,通路,1,/storage/images/maps/tensei/map_id_272/aisle.webp,https://dq10.i-k-e.net/map/試みの荒野,2,"2026-03-14 14:20:53","2026-03-16 21:54:34"
469,277,1階,1,/storage/images/maps/tensei/map_id_277/1.webp,https://dq10.i-k-e.net/map/儀礼場への洞くつ,1,"2026-03-14 14:20:58","2026-03-16 21:57:50"
470,277,地下1階,-1,/storage/images/maps/tensei/map_id_277/-1.webp,https://dq10.i-k-e.net/map/儀礼場への洞くつ,2,"2026-03-14 14:21:01","2026-03-16 21:57:50"
471,277,地下2階,-2,/storage/images/maps/tensei/map_id_277/-2.webp,https://dq10.i-k-e.net/map/儀礼場への洞くつ,3,"2026-03-14 14:21:03","2026-03-16 21:57:50"
472,277,地下3階,-3,/storage/images/maps/tensei/map_id_277/-3.webp,https://dq10.i-k-e.net/map/儀礼場への洞くつ,4,"2026-03-14 14:21:06","2026-03-16 21:57:50"
473,273,地上,1,/storage/images/maps/tensei/map_id_273/1.webp,https://dq10.i-k-e.net/map/輝きの草原,1,"2026-03-14 14:21:13","2026-03-16 21:54:50"
474,274,地上,1,/storage/images/maps/tensei/map_id_274/1.webp,https://dq10.i-k-e.net/map/ファボル鉱山,1,"2026-03-14 14:21:21","2026-03-16 21:55:03"
475,275,地上,1,/storage/images/maps/tensei/map_id_275/1.webp,https://dq10.i-k-e.net/map/豊穣の密林,1,"2026-03-14 14:21:30","2026-03-18 14:08:29"
476,278,1階,1,/storage/images/maps/tensei/map_id_278/1.webp,https://dq10.i-k-e.net/map/命脈の神殿,1,"2026-03-14 14:21:35","2026-03-18 13:08:30"
477,278,地下1階,-1,/storage/images/maps/tensei/map_id_278/-1.webp,https://dq10.i-k-e.net/map/命脈の神殿,2,"2026-03-14 14:21:38","2026-03-18 13:08:30"
478,278,地下2階,-2,/storage/images/maps/tensei/map_id_278/-2.webp,https://dq10.i-k-e.net/map/命脈の神殿,3,"2026-03-14 14:21:41","2026-03-18 13:08:30"
479,276,洞窟,1,/storage/images/maps/tensei/map_id_276/dokutsu.webp,https://dq10.i-k-e.net/map/天涙の大水源,1,"2026-03-14 14:21:49","2026-03-18 13:07:46"
480,276,地上,1,/storage/images/maps/tensei/map_id_276/1.webp,https://dq10.i-k-e.net/map/天涙の大水源,2,"2026-03-14 14:21:49","2026-03-18 13:07:46"
481,276,崖・下層,1,/storage/images/maps/tensei/map_id_276/kasou.webp,https://dq10.i-k-e.net/map/天涙の大水源,3,"2026-03-14 14:21:51","2026-03-18 13:07:46"
482,508,第1層,1,storage/images/maps/tensei/map_id_508/1.webp,https://dq10.i-k-e.net/map/滅亡の砂漠,1,"2026-03-14 14:22:06","2026-03-15 00:46:14"
483,508,第2層,2,storage/images/maps/tensei/map_id_508/2.webp,https://dq10.i-k-e.net/map/滅亡の砂漠,2,"2026-03-14 14:22:06","2026-03-15 00:46:17"
484,510,地上,1,storage/images/maps/tensei/map_id_510/1.webp,https://dq10.i-k-e.net/map/落日の原野,1,"2026-03-14 14:22:12","2026-03-14 16:32:32"
487,513,地上,1,storage/images/maps/tensei/map_id_513/1.webp,https://dq10.i-k-e.net/map/薄明の小路,1,"2026-03-14 14:22:28","2026-03-14 16:32:49"
488,514,地上,1,storage/images/maps/tensei/map_id_514/1.webp,https://dq10.i-k-e.net/map/悔恨の牢獄,1,"2026-03-14 14:22:34","2026-03-14 16:32:55"
489,515,1階,1,storage/images/maps/tensei/map_id_515/1.webp,https://dq10.i-k-e.net/map/追想の王国,1,"2026-03-14 14:22:42","2026-03-14 16:32:59"
490,515,2階,2,storage/images/maps/tensei/map_id_515/2.webp,https://dq10.i-k-e.net/map/追想の王国,2,"2026-03-14 14:22:45","2026-03-14 16:33:01"
491,515,3階,3,storage/images/maps/tensei/map_id_515/3.webp,https://dq10.i-k-e.net/map/追想の王国,3,"2026-03-14 14:22:48","2026-03-14 16:33:03"
492,516,1階,1,storage/images/maps/tensei/map_id_516/1.webp,https://dq10.i-k-e.net/map/王国の悪夢,1,"2026-03-14 14:22:53","2026-03-14 16:33:07"
493,516,2階,2,storage/images/maps/tensei/map_id_516/2.webp,https://dq10.i-k-e.net/map/王国の悪夢,2,"2026-03-14 14:22:56","2026-03-14 16:33:10"
494,516,3階,3,storage/images/maps/tensei/map_id_516/3.webp,https://dq10.i-k-e.net/map/王国の悪夢,3,"2026-03-14 14:22:59","2026-03-14 16:33:12"
495,284,第1層,1,/storage/images/maps/tensei/map_id_284/1.webp,https://dq10.i-k-e.net/map/勇者の曙光,1,"2026-03-14 14:23:04","2026-03-16 22:03:30"
496,284,第2層,1,/storage/images/maps/tensei/map_id_284/2.webp,https://dq10.i-k-e.net/map/勇者の曙光,2,"2026-03-14 14:23:04","2026-03-16 22:03:30"
497,284,第3層,1,/storage/images/maps/tensei/map_id_284/3.webp,https://dq10.i-k-e.net/map/勇者の曙光,3,"2026-03-14 14:23:04","2026-03-16 22:03:30"
498,284,第4層,1,/storage/images/maps/tensei/map_id_284/4.webp,https://dq10.i-k-e.net/map/勇者の曙光,4,"2026-03-14 14:23:04","2026-03-16 22:03:30"
499,284,第5層,1,/storage/images/maps/tensei/map_id_284/5.webp,https://dq10.i-k-e.net/map/勇者の曙光,5,"2026-03-14 14:23:04","2026-03-16 22:03:30"
500,284,第6層,1,/storage/images/maps/tensei/map_id_284/6.webp,https://dq10.i-k-e.net/map/勇者の曙光,6,"2026-03-14 14:23:04","2026-03-16 22:03:30"
501,284,第7層,1,/storage/images/maps/tensei/map_id_284/7.webp,https://dq10.i-k-e.net/map/勇者の曙光,7,"2026-03-14 14:23:04","2026-03-16 22:03:30"
502,285,第1層,1,/storage/images/maps/tensei/map_id_285/1.webp,https://dq10.i-k-e.net/map/ゼドラ王の黄昏,1,"2026-03-14 14:23:10","2026-03-16 22:04:20"
503,285,第2層,1,/storage/images/maps/tensei/map_id_285/2.webp,https://dq10.i-k-e.net/map/ゼドラ王の黄昏,2,"2026-03-14 14:23:10","2026-03-16 22:04:20"
504,285,第3層,1,/storage/images/maps/tensei/map_id_285/3.webp,https://dq10.i-k-e.net/map/ゼドラ王の黄昏,3,"2026-03-14 14:23:10","2026-03-16 22:04:20"
505,285,第4層,1,/storage/images/maps/tensei/map_id_285/4.webp,https://dq10.i-k-e.net/map/ゼドラ王の黄昏,4,"2026-03-14 14:23:10","2026-03-16 22:04:20"
506,285,第5層,1,/storage/images/maps/tensei/map_id_285/5.webp,https://dq10.i-k-e.net/map/ゼドラ王の黄昏,5,"2026-03-14 14:23:10","2026-03-16 22:04:20"
507,286,復活の門,1,/storage/images/maps/tensei/map_id_286/1.webp,https://dq10.i-k-e.net/map/盟友の虚無,1,"2026-03-14 14:23:17","2026-03-17 22:41:59"
508,286,新生の階梯,4,/storage/images/maps/tensei/map_id_286/2.webp,https://dq10.i-k-e.net/map/盟友の虚無,2,"2026-03-14 14:23:17","2026-03-17 22:41:59"
509,517,地上,1,storage/images/maps/tensei/map_id_517/1.webp,https://dq10.i-k-e.net/map/天使の墓所,1,"2026-03-14 14:23:22","2026-03-14 16:34:04"
510,518,地上,1,storage/images/maps/tensei/map_id_518/1.webp,https://dq10.i-k-e.net/map/古フォーリオン,1,"2026-03-14 14:23:28","2026-03-14 16:34:10"
511,520,地上,1,storage/images/maps/tensei/map_id_520/1.webp,https://dq10.i-k-e.net/map/星羅の天宮,1,"2026-03-14 14:23:33","2026-03-14 16:34:14"
524,27,1階,1,/storage/images/maps/ogreed_continent/map_id_27/1.webp,https://dq10.i-k-e.net/map/ロンダの氷穴,1,"2026-03-14 14:25:01","2026-03-16 19:45:35"
525,27,地下1階,-1,/storage/images/maps/ogreed_continent/map_id_27/-1.webp,https://dq10.i-k-e.net/map/ロンダの氷穴,2,"2026-03-14 14:25:05","2026-03-16 19:45:35"
526,27,地下2階,-2,/storage/images/maps/ogreed_continent/map_id_27/-2.webp,https://dq10.i-k-e.net/map/ロンダの氷穴,3,"2026-03-14 14:25:09","2026-03-16 19:45:35"
527,27,地下3階,-3,/storage/images/maps/ogreed_continent/map_id_27/-3.webp,https://dq10.i-k-e.net/map/ロンダの氷穴,4,"2026-03-14 14:25:12","2026-03-16 19:45:35"
528,28,地上,1,/storage/images/maps/ogreed_continent/map_id_28/1.webp,https://dq10.i-k-e.net/map/ナグアの洞くつ,1,"2026-03-14 14:25:20","2026-03-16 19:45:53"
529,29,地上,1,/storage/images/maps/ogreed_continent/map_id_29/1.webp,https://dq10.i-k-e.net/map/ダズの岩穴,1,"2026-03-14 14:25:27","2026-03-16 19:46:05"
530,322,地上,1,storage/images/maps/ogreed_continent/map_id_322/1.webp,https://dq10.i-k-e.net/map/雪原の廃墟,1,"2026-03-14 14:25:34","2026-03-14 18:40:47"
531,323,地上,1,storage/images/maps/ogreed_continent/map_id_323/1.webp,https://dq10.i-k-e.net/map/妖剣士の塚,1,"2026-03-14 14:25:40","2026-03-14 18:40:47"
533,325,地上,1,/storage/images/maps/ogreed_continent/map_id_325/1.webp,https://dq10.i-k-e.net/map/カミルゴの盾島,1,"2026-03-14 14:25:51","2026-03-18 13:58:21"
534,326,地上,1,storage/images/maps/ogreed_continent/map_id_326/1.webp,https://dq10.i-k-e.net/map/忘れられた書庫,1,"2026-03-14 14:25:57","2026-03-14 18:40:47"
535,119,一の島,-1,/storage/images/maps/ogreed_continent/map_id_119/1.webp,https://dq10.i-k-e.net/map/冥王の心臓,3,"2026-03-14 14:26:05","2026-03-23 15:42:35"
536,119,三の島　下層,2,/storage/images/maps/ogreed_continent/map_id_119/3_kaso.webp,https://dq10.i-k-e.net/map/冥王の心臓,5,"2026-03-14 14:26:10","2026-03-23 15:42:35"
537,119,ニの島　下層,1,/storage/images/maps/ogreed_continent/map_id_119/2_kaso.webp,https://dq10.i-k-e.net/map/冥王の心臓,4,"2026-03-14 14:26:10","2026-03-23 15:42:35"
538,327,地上,1,storage/images/maps/ogreed_continent/map_id_327/1.webp,https://dq10.i-k-e.net/map/荒野の枯れ井戸,1,"2026-03-14 14:26:16","2026-03-14 18:40:47"
539,47,地上,1,/storage/images/maps/ogreed_continent/map_id_47/1.webp,https://dq10.i-k-e.net/map/トガス岩道,1,"2026-03-14 14:26:23","2026-03-16 20:08:43"
540,48,地上,1,/storage/images/maps/ogreed_continent/map_id_48/1.webp,https://dq10.i-k-e.net/map/狩人のほら穴,1,"2026-03-14 14:26:29","2026-03-16 20:08:54"
541,74,地上,1,/storage/images/maps/eltona_continent/map_id_74/1.webp,https://dq10.i-k-e.net/map/謎の地下迷宮,1,"2026-03-14 14:26:36","2026-03-17 01:37:10"
542,328,地上,1,storage/images/maps/eltona_continent/map_id_328/1.webp,https://dq10.i-k-e.net/map/ツスクルの村_井戸の中,1,"2026-03-14 14:26:43","2026-03-14 18:40:47"
543,329,地上,1,storage/images/maps/eltona_continent/map_id_329/1.webp,https://dq10.i-k-e.net/map/風の町アズラン_領主の屋敷,1,"2026-03-14 14:26:45","2026-03-14 18:40:47"
544,82,地上,1,/storage/images/maps/eltona_continent/map_id_82/1.webp,https://dq10.i-k-e.net/map/モリナラ地下洞,1,"2026-03-14 14:26:48","2026-03-16 20:21:10"
545,80,参道,1,/storage/images/maps/eltona_continent/map_id_80/1.webp,https://dq10.i-k-e.net/map/スイのやしろ,1,"2026-03-14 14:26:51","2026-03-17 14:32:28"
546,330,地上,1,storage/images/maps/eltona_continent/map_id_330/1.webp,https://dq10.i-k-e.net/map/王都カミハルムイ南,1,"2026-03-14 14:26:58","2026-03-14 18:40:47"
547,92,地上,1,storage/images/maps/dwachakka_continent/map_id_92/1.webp,https://dq10.i-k-e.net/map/ラニ大洞穴,1,"2026-03-14 14:27:05","2026-03-14 18:40:47"
548,103,地上,1,/storage/images/maps/dwachakka_continent/map_id_103/1.webp,https://dq10.i-k-e.net/map/モガレの洞くつ,1,"2026-03-14 14:27:12","2026-03-17 01:27:05"
549,104,地上,1,storage/images/maps/dwachakka_continent/map_id_104/1.webp,https://dq10.i-k-e.net/map/グルグ地下道,1,"2026-03-14 14:27:19","2026-03-14 18:40:47"
550,102,地上,1,/storage/images/maps/dwachakka_continent/map_id_102/1.webp,https://dq10.i-k-e.net/map/カルデア洞穴,1,"2026-03-14 14:27:26","2026-03-17 01:25:13"
551,96,地上,1,storage/images/maps/dwachakka_continent/map_id_96/1.webp,https://dq10.i-k-e.net/map/カルデア山道の横穴,1,"2026-03-14 14:27:31","2026-03-14 18:40:47"
552,111,地上,1,storage/images/maps/dwachakka_continent/map_id_111/1.webp,https://dq10.i-k-e.net/map/砂岩の洞くつ,1,"2026-03-14 14:27:38","2026-03-14 18:40:47"
553,110,地上,1,storage/images/maps/dwachakka_continent/map_id_110/1.webp,https://dq10.i-k-e.net/map/ボロヌスの穴,1,"2026-03-14 14:27:45","2026-03-14 18:40:47"
554,112,地上,1,storage/images/maps/dwachakka_continent/map_id_112/1.webp,https://dq10.i-k-e.net/map/最果ての地下遺跡,1,"2026-03-14 14:27:52","2026-03-14 18:40:47"
555,55,地上,1,/storage/images/maps/pukland_continent/map_id_55/1.webp,https://dq10.i-k-e.net/map/ポポラパの洞くつ,1,"2026-03-14 14:27:58","2026-03-16 20:11:34"
556,56,地上,1,/storage/images/maps/pukland_continent/map_id_56/1.webp,https://dq10.i-k-e.net/map/ペシュヤ地下空洞,1,"2026-03-14 14:28:05","2026-03-16 20:11:46"
557,62,地上,1,/storage/images/maps/pukland_continent/map_id_62/1.webp,https://dq10.i-k-e.net/map/オルッパ地下洞くつ,1,"2026-03-14 14:28:11","2026-03-16 20:13:44"
558,332,地上,1,storage/images/maps/pukland_continent/map_id_332/1.webp,https://dq10.i-k-e.net/map/オルファの丘,1,"2026-03-14 14:28:16","2026-03-14 18:40:47"
559,63,地上,1,/storage/images/maps/pukland_continent/map_id_63/1.webp,https://dq10.i-k-e.net/map/フェルアバの洞くつ,1,"2026-03-14 14:28:22","2026-03-16 20:13:51"
560,70,地上,1,/storage/images/maps/pukland_continent/map_id_70/1.webp,https://dq10.i-k-e.net/map/プペラトンネル,1,"2026-03-14 14:28:28","2026-03-16 20:16:37"
561,69,地上,1,/storage/images/maps/pukland_continent/map_id_69/1.webp,https://dq10.i-k-e.net/map/メギラザの洞くつ,1,"2026-03-14 14:28:41","2026-03-16 20:16:25"
562,4,地上,1,/storage/images/maps/wena_islands/map_id_4/1.webp,https://dq10.i-k-e.net/map/地底湖の洞くつ,1,"2026-03-14 14:28:47","2026-03-16 19:04:15"
563,5,地上,1,/storage/images/maps/wena_islands/map_id_5/1.webp,https://dq10.i-k-e.net/map/浜辺の洞くつ,1,"2026-03-14 14:28:55","2026-03-16 19:04:44"
564,341,地上,1,storage/images/maps/wena_islands/map_id_341/1.webp,https://dq10.i-k-e.net/map/ジュレー島下層_遺跡,1,"2026-03-14 14:29:01","2026-03-14 18:40:47"
565,211,6階,6,/storage/images/maps/nadragand/map_id_211/6.webp,https://dq10.i-k-e.net/map/天水の聖塔,6,"2026-03-14 16:17:09","2026-03-16 21:31:13"
566,211,7階,7,/storage/images/maps/nadragand/map_id_211/7.webp,https://dq10.i-k-e.net/map/天水の聖塔,7,"2026-03-14 16:18:43","2026-03-16 21:31:13"
567,211,8階,8,/storage/images/maps/nadragand/map_id_211/8.webp,https://dq10.i-k-e.net/map/天水の聖塔,8,"2026-03-14 16:20:17","2026-03-16 21:31:13"
570,10,地上,1,/storage/images/maps/wena_islands/map_id_10/1.webp,https://dq10.i-k-e.net/map/ジュレリア地下廃坑,1,"2026-03-14 18:59:05","2026-03-16 19:17:13"
571,13,地上,1,/storage/images/maps/wena_islands/map_id_13/1.webp,https://dq10.i-k-e.net/map/知恵の眠る遺跡,1,"2026-03-14 18:59:11","2026-03-16 19:20:43"
572,13,地下1階,-1,/storage/images/maps/wena_islands/map_id_13/-1.webp,https://dq10.i-k-e.net/map/知恵の眠る遺跡,2,"2026-03-14 18:59:14","2026-03-16 19:20:43"
573,14,地上,1,/storage/images/maps/wena_islands/map_id_14/1.webp,https://dq10.i-k-e.net/map/海のとける洞くつ,1,"2026-03-14 18:59:20","2026-03-16 19:25:00"
574,15,第1層,1,/storage/images/maps/wena_islands/map_id_15/1.webp,https://dq10.i-k-e.net/map/ジュレイダ連塔遺跡,1,"2026-03-14 18:59:26","2026-03-16 19:28:04"
575,23,1階,1,/storage/images/maps/wena_islands/map_id_23/1.webp,https://dq10.i-k-e.net/map/永遠の地下迷宮,1,"2026-03-14 18:59:34","2026-03-17 01:36:03"
576,23,地下1階,-1,/storage/images/maps/wena_islands/map_id_23/-1.webp,https://dq10.i-k-e.net/map/永遠の地下迷宮,2,"2026-03-14 18:59:37","2026-03-17 01:36:03"
577,23,地下2階,-2,/storage/images/maps/wena_islands/map_id_23/-2.webp,https://dq10.i-k-e.net/map/永遠の地下迷宮,3,"2026-03-14 18:59:40","2026-03-17 01:36:03"
578,24,地上,1,/storage/images/maps/wena_islands/map_id_24/1.webp,https://dq10.i-k-e.net/map/詩歌の遺跡,1,"2026-03-14 18:59:46","2026-03-16 19:44:18"
579,134,遺跡中央部,1,/storage/images/maps/false_lendersia/map_id_134/chuo.webp,https://dq10.i-k-e.net/map/古き神の遺跡,1,"2026-03-14 18:59:51","2026-03-17 13:59:53"
580,134,遺跡内部,1,/storage/images/maps/false_lendersia/map_id_134/naibu.webp,https://dq10.i-k-e.net/map/古き神の遺跡,2,"2026-03-14 18:59:54","2026-03-17 13:59:53"
581,158,地上,1,/storage/images/maps/true_lendersia/map_id_158/1.webp,https://dq10.i-k-e.net/map/真のこもれびの広場,1,"2026-03-14 19:00:01","2026-03-23 15:45:59"
582,184,下層,-1,/storage/images/maps/true_lendersia/map_id_184/kasou.webp,https://dq10.i-k-e.net/map/魔幻宮殿,1,"2026-03-14 19:00:06","2026-03-17 01:41:50"
583,184,中層,1,/storage/images/maps/true_lendersia/map_id_184/cyuso.webp,https://dq10.i-k-e.net/map/魔幻宮殿,2,"2026-03-14 19:00:09","2026-03-17 01:41:50"
584,184,上層,2,/storage/images/maps/true_lendersia/map_id_184/zyoso.webp,https://dq10.i-k-e.net/map/魔幻宮殿,4,"2026-03-14 19:00:12","2026-03-17 01:41:50"
586,190,地下1階,-1,/storage/images/maps/etene_islands/map_id_190/-1.webp,https://dq10.i-k-e.net/map/現・ドミネウス邸,1,"2026-03-14 19:00:20","2026-03-18 13:52:57"
587,190,1階,1,/storage/images/maps/etene_islands/map_id_190/1.webp,https://dq10.i-k-e.net/map/現・ドミネウス邸,2,"2026-03-14 19:00:23","2026-03-18 13:52:57"
588,190,2階,1,/storage/images/maps/etene_islands/map_id_190/2.webp,https://dq10.i-k-e.net/map/現・ドミネウス邸,3,"2026-03-14 19:00:25","2026-03-18 13:52:57"
589,191,下層,-1,/storage/images/maps/etene_islands/map_id_191/kasou.webp,https://dq10.i-k-e.net/map/現・残響の海蝕洞,1,"2026-03-14 19:00:31","2026-03-16 21:18:56"
590,191,上層,2,/storage/images/maps/etene_islands/map_id_191/zyoso.webp,https://dq10.i-k-e.net/map/現・残響の海蝕洞,2,"2026-03-14 19:00:33","2026-03-16 21:18:56"
591,200,地上,1,/storage/images/maps/nadragand/map_id_200/1.webp,https://dq10.i-k-e.net/map/アヴィーロ遺跡,1,"2026-03-14 19:00:39","2026-03-16 21:23:23"
600,251,1階,1,/storage/images/maps/makai/map_id_251/1.webp,https://dq10.i-k-e.net/map/ザード遺跡,1,"2026-03-14 19:01:26","2026-03-18 13:56:36"
601,258,地上,1,/storage/images/maps/makai/map_id_258/1.webp,https://dq10.i-k-e.net/map/ベルヴァインの森東,1,"2026-03-14 19:01:33","2026-03-16 21:40:47"
602,263,地上,1,/storage/images/maps/makai/map_id_263/1.webp,https://dq10.i-k-e.net/map/ブラニック採石場,1,"2026-03-14 19:01:42","2026-03-16 21:41:32"
603,264,地上,1,/storage/images/maps/makai/map_id_264/1.webp,https://dq10.i-k-e.net/map/ターボル峡谷,1,"2026-03-14 19:01:48","2026-03-16 21:41:40"
607,343,地上,1,storage/images/maps/wena_islands/map_id_343/1.webp,https://dq10.i-k-e.net/map/ヴェリナード城駅,1,"2026-03-14 19:02:08","2026-03-14 19:02:08"
608,348,1階,1,storage/images/maps/false_lendercia/map_id_348/1.webp,https://dq10.i-k-e.net/map/グランドタイタス号,1,"2026-03-14 19:02:13","2026-03-14 19:02:13"
609,348,2階,2,storage/images/maps/false_lendercia/map_id_348/2.webp,https://dq10.i-k-e.net/map/グランドタイタス号,2,"2026-03-14 19:02:23","2026-03-14 19:02:23"
614,365,1階,1,storage/images/maps/false_lendercia/map_id_365/1.webp,https://dq10.i-k-e.net/map/高台の教会,1,"2026-03-14 19:02:50","2026-03-14 19:02:50"
615,365,2階,2,storage/images/maps/false_lendercia/map_id_365/2.webp,https://dq10.i-k-e.net/map/高台の教会,2,"2026-03-14 19:02:52","2026-03-14 19:02:52"
626,383,地上,1,storage/images/maps/false_lendercia/map_id_383/1.webp,https://dq10.i-k-e.net/map/アラハギーロ王国_2階,1,"2026-03-14 19:03:53","2026-03-14 19:03:53"
635,404,地上,1,storage/images/maps/true_lendercia/map_id_404/1.webp,https://dq10.i-k-e.net/map/真の三門の関所,1,"2026-03-14 19:04:37","2026-03-14 19:04:37"
636,407,地上,1,storage/images/maps/true_lendercia/map_id_407/1.webp,https://dq10.i-k-e.net/map/真のメルン水車郷,1,"2026-03-14 19:04:44","2026-03-14 19:04:44"
637,409,地上,1,storage/images/maps/true_lendercia/map_id_409/1.webp,https://dq10.i-k-e.net/map/真のさびれたほこら,1,"2026-03-14 19:04:49","2026-03-14 19:04:49"
638,410,地上,1,storage/images/maps/true_lendercia/map_id_410/1.webp,https://dq10.i-k-e.net/map/真の夜宴館,1,"2026-03-14 19:04:53","2026-03-14 19:04:53"
647,426,地下1階,-1,storage/images/maps/true_lendercia/map_id_426/-1.webp,https://dq10.i-k-e.net/map/真のグランゼドーラ城_西の塔,1,"2026-03-14 19:05:32","2026-03-14 19:05:32"
648,426,1階,1,storage/images/maps/true_lendercia/map_id_426/1.webp,https://dq10.i-k-e.net/map/真のグランゼドーラ城_西の塔,2,"2026-03-14 19:05:35","2026-03-14 19:05:35"
649,426,2階,2,storage/images/maps/true_lendercia/map_id_426/2.webp,https://dq10.i-k-e.net/map/真のグランゼドーラ城_西の塔,3,"2026-03-14 19:05:37","2026-03-14 19:05:37"
650,426,3階,3,storage/images/maps/true_lendercia/map_id_426/3.webp,https://dq10.i-k-e.net/map/真のグランゼドーラ城_西の塔,4,"2026-03-14 19:05:39","2026-03-14 19:05:39"
652,433,地上,1,storage/images/maps/true_lendercia/map_id_433/1.webp,https://dq10.i-k-e.net/map/孤島の修道院,1,"2026-03-14 19:05:51","2026-03-14 19:05:51"
653,438,地上,1,storage/images/maps/nadragand/map_id_438/1.webp,https://dq10.i-k-e.net/map/炎樹の丘,1,"2026-03-14 19:05:59","2026-03-14 19:05:59"
654,440,1階,1,storage/images/maps/nadragand/map_id_440/1.webp,https://dq10.i-k-e.net/map/ナドラガ教団大神殿,1,"2026-03-14 19:06:07","2026-03-14 19:06:07"
655,440,2階,2,storage/images/maps/nadragand/map_id_440/2.webp,https://dq10.i-k-e.net/map/ナドラガ教団大神殿,2,"2026-03-14 19:06:10","2026-03-14 19:06:10"
656,442,地上,1,storage/images/maps/nadragand/map_id_442/1.webp,https://dq10.i-k-e.net/map/恵みの木,1,"2026-03-14 19:06:17","2026-03-14 19:06:17"
657,445,地上,1,storage/images/maps/nadragand/map_id_445/1.webp,https://dq10.i-k-e.net/map/ナドラガ神のほこら・闇,1,"2026-03-14 19:06:27","2026-03-14 19:06:27"
658,294,地上,1,/storage/images/maps/hate/map_id_294/1.webp,https://dq10.i-k-e.net/map/%E3%83%8F%E3%83%87%E3%82%A3%E3%83%B3%E5%9C%B0%E4%B8%8B%E6%B4%9E%E3%81%8F%E3%81%A4,1,"2026-03-14 19:07:37","2026-03-16 22:06:07"
659,449,全体図,1,storage/images/maps/nadragand/map_id_449/zentai.webp,https://dq10.i-k-e.net/map/カシャル海底神殿,1,"2026-03-14 19:07:42","2026-03-14 19:07:42"
660,449,上層,2,storage/images/maps/nadragand/map_id_449/jousou.webp,https://dq10.i-k-e.net/map/カシャル海底神殿,2,"2026-03-14 19:07:45","2026-03-14 19:07:45"
661,451,上層,2,storage/images/maps/nadragand/map_id_451/jousou.webp,https://dq10.i-k-e.net/map/ムストの町・地下,1,"2026-03-14 19:07:50","2026-03-14 19:07:50"
662,451,中層,1,storage/images/maps/nadragand/map_id_451/chusou.webp,https://dq10.i-k-e.net/map/ムストの町・地下,2,"2026-03-14 19:07:52","2026-03-14 19:07:52"
663,451,下層,-1,storage/images/maps/nadragand/map_id_451/kasou.webp,https://dq10.i-k-e.net/map/ムストの町・地下,3,"2026-03-14 19:07:54","2026-03-14 19:07:54"
669,464,1階,1,storage/images/maps/nadragand/map_id_464/1.webp,https://dq10.i-k-e.net/map/古グランゼドーラ城,2,"2026-03-14 19:08:15","2026-03-15 00:52:17"
670,464,2階,2,storage/images/maps/nadragand/map_id_464/2.webp,https://dq10.i-k-e.net/map/古グランゼドーラ城,3,"2026-03-14 19:08:20","2026-03-14 19:08:20"
671,464,3階,3,storage/images/maps/nadragand/map_id_464/3.webp,https://dq10.i-k-e.net/map/古グランゼドーラ城,4,"2026-03-14 19:08:26","2026-03-14 19:08:26"
672,464,地下1階,-1,storage/images/maps/nadragand/map_id_464/-1.webp,https://dq10.i-k-e.net/map/古グランゼドーラ城,5,"2026-03-14 19:08:29","2026-03-14 19:08:29"
673,464,地下2階,-2,storage/images/maps/nadragand/map_id_464/-2.webp,https://dq10.i-k-e.net/map/古グランゼドーラ城,6,"2026-03-14 19:08:33","2026-03-14 19:08:33"
674,467,地上,1,storage/images/maps/nadragand/map_id_467/1.webp,https://dq10.i-k-e.net/map/オルの船着き場,1,"2026-03-14 19:08:38","2026-03-17 01:14:59"
675,471,1階,1,storage/images/maps/nadragand/map_id_471/1.webp,https://dq10.i-k-e.net/map/帝国技術庁・第一庁舎,1,"2026-03-14 19:08:42","2026-03-14 19:08:42"
676,471,2階,2,storage/images/maps/nadragand/map_id_471/2.webp,https://dq10.i-k-e.net/map/帝国技術庁・第一庁舎,2,"2026-03-14 19:08:44","2026-03-14 19:08:44"
677,471,3階,3,storage/images/maps/nadragand/map_id_471/3.webp,https://dq10.i-k-e.net/map/帝国技術庁・第一庁舎,3,"2026-03-14 19:08:46","2026-03-14 19:08:46"
678,471,4階,4,storage/images/maps/nadragand/map_id_471/4.webp,https://dq10.i-k-e.net/map/帝国技術庁・第一庁舎,4,"2026-03-14 19:08:48","2026-03-14 19:08:48"
679,474,4階,4,storage/images/maps/nadragand/map_id_474/4.webp,https://dq10.i-k-e.net/map/帝国技術庁・第ニ庁舎,1,"2026-03-14 19:08:54","2026-03-14 19:08:54"
680,474,3階,3,storage/images/maps/nadragand/map_id_474/3.webp,https://dq10.i-k-e.net/map/帝国技術庁・第ニ庁舎,2,"2026-03-14 19:08:56","2026-03-14 19:08:56"
681,474,2階,2,storage/images/maps/nadragand/map_id_474/2.webp,https://dq10.i-k-e.net/map/帝国技術庁・第ニ庁舎,3,"2026-03-14 19:09:00","2026-03-14 19:09:00"
682,474,1階,1,storage/images/maps/nadragand/map_id_474/1.webp,https://dq10.i-k-e.net/map/帝国技術庁・第ニ庁舎,4,"2026-03-14 19:09:02","2026-03-14 19:09:02"
683,483,1階,1,storage/images/maps/nadragand/map_id_483/1.webp,https://dq10.i-k-e.net/map/現・王国軍司令部,1,"2026-03-14 19:09:07","2026-03-14 19:09:07"
684,483,2階,2,storage/images/maps/nadragand/map_id_483/2.webp,https://dq10.i-k-e.net/map/現・王国軍司令部,2,"2026-03-14 19:09:09","2026-03-14 19:09:09"
685,483,地下1階,-1,storage/images/maps/nadragand/map_id_483/-1.webp,https://dq10.i-k-e.net/map/現・王国軍司令部,3,"2026-03-14 19:09:12","2026-03-14 19:09:12"
686,484,1階,1,storage/images/maps/nadragand/map_id_484/1.webp,https://dq10.i-k-e.net/map/現・パドレア邸,1,"2026-03-14 19:09:17","2026-03-14 19:09:17"
687,484,2階,2,storage/images/maps/nadragand/map_id_484/2.webp,https://dq10.i-k-e.net/map/現・パドレア邸,2,"2026-03-14 19:09:19","2026-03-14 19:09:19"
688,484,地下1階,-1,storage/images/maps/nadragand/map_id_484/-1.webp,https://dq10.i-k-e.net/map/現・パドレア邸,3,"2026-03-14 19:09:21","2026-03-14 19:09:21"
689,485,地上,1,storage/images/maps/makai/map_id_485/1.webp,https://dq10.i-k-e.net/map/大審門,1,"2026-03-14 19:09:25","2026-03-14 19:09:25"
690,487,1階,1,storage/images/maps/makai/map_id_487/1.webp,https://dq10.i-k-e.net/map/ゼクレス城,1,"2026-03-14 19:09:30","2026-03-14 19:09:30"
691,487,2階,2,storage/images/maps/makai/map_id_487/2.webp,https://dq10.i-k-e.net/map/ゼクレス城,2,"2026-03-14 19:09:32","2026-03-14 19:09:32"
692,487,3階,3,storage/images/maps/makai/map_id_487/3.webp,https://dq10.i-k-e.net/map/ゼクレス城,3,"2026-03-14 19:09:35","2026-03-14 19:09:35"
693,487,4階,4,storage/images/maps/makai/map_id_487/4.webp,https://dq10.i-k-e.net/map/ゼクレス城,4,"2026-03-14 19:09:37","2026-03-14 19:09:37"
694,489,1階,1,storage/images/maps/makai/map_id_489/1.webp,https://dq10.i-k-e.net/map/バルディスタ城,1,"2026-03-14 19:09:41","2026-03-14 19:09:41"
695,491,1階,1,storage/images/maps/makai/map_id_491/1.webp,https://dq10.i-k-e.net/map/ファラザード城,1,"2026-03-14 19:09:46","2026-03-14 19:09:46"
696,491,2階,2,storage/images/maps/makai/map_id_491/2.webp,https://dq10.i-k-e.net/map/ファラザード城,2,"2026-03-14 19:09:49","2026-03-14 19:09:49"
697,491,3階,3,storage/images/maps/makai/map_id_491/3.webp,https://dq10.i-k-e.net/map/ファラザード城,3,"2026-03-14 19:09:51","2026-03-14 19:09:51"
698,493,地下1階,-1,storage/images/maps/makai/map_id_493/-1.webp,https://dq10.i-k-e.net/map/朽ちた霊廟,1,"2026-03-14 19:09:55","2026-03-14 19:09:55"
699,493,地下2階,-2,storage/images/maps/makai/map_id_493/-2.webp,https://dq10.i-k-e.net/map/朽ちた霊廟,2,"2026-03-14 19:09:58","2026-03-14 19:09:58"
700,493,地下3階,-3,storage/images/maps/makai/map_id_493/-3.webp,https://dq10.i-k-e.net/map/朽ちた霊廟,3,"2026-03-14 19:10:00","2026-03-14 19:10:00"
701,493,地下4階,-4,storage/images/maps/makai/map_id_493/-4.webp,https://dq10.i-k-e.net/map/朽ちた霊廟,4,"2026-03-14 19:10:03","2026-03-14 19:10:03"
702,496,1階,1,storage/images/maps/makai/map_id_496/1.webp,https://dq10.i-k-e.net/map/大魔王城,1,"2026-03-14 19:10:07","2026-03-14 19:10:07"
703,496,2階,2,storage/images/maps/makai/map_id_496/2.webp,https://dq10.i-k-e.net/map/大魔王城,2,"2026-03-14 19:10:10","2026-03-14 19:10:10"
704,499,地上,1,storage/images/maps/makai/map_id_499/1.webp,https://dq10.i-k-e.net/map/ザードの祭壇,1,"2026-03-14 19:10:15","2026-03-14 19:10:15"
705,42,地上,1,/storage/images/maps/ogreed_continent/map_id_42/1.webp,,1,"2026-03-14 19:10:21","2026-03-16 20:03:21"
706,504,地上,1,storage/images/maps/tensei/map_id_504/1.webp,https://dq10.i-k-e.net/map/フォーリオン聖天区画_全体,1,"2026-03-14 19:10:21","2026-03-14 19:10:21"
707,506,第1層,1,storage/images/maps/tensei/map_id_506/1.webp,https://dq10.i-k-e.net/map/秘伝の間,1,"2026-03-14 19:10:27","2026-03-15 00:53:48"
708,507,上層,2,storage/images/maps/tensei/map_id_507/jousou.webp,https://dq10.i-k-e.net/map/神授の秘密殿,1,"2026-03-14 19:10:37","2026-03-14 19:10:37"
709,507,下層,-1,storage/images/maps/tensei/map_id_507/kasou.webp,https://dq10.i-k-e.net/map/神授の秘密殿,2,"2026-03-14 19:10:39","2026-03-14 19:10:39"
710,509,地上,1,storage/images/maps/tensei/map_id_509/1.webp,https://dq10.i-k-e.net/map/惨禍の迷路,1,"2026-03-14 19:10:44","2026-03-14 19:10:44"
711,511,地上,1,storage/images/maps/tensei/map_id_511/1.webp,https://dq10.i-k-e.net/map/逆夢の水晶宮,1,"2026-03-14 19:10:48","2026-03-14 19:10:48"
712,519,地上,1,storage/images/maps/tensei/map_id_519/1.webp,https://dq10.i-k-e.net/map/古とこしえの神殿,1,"2026-03-14 19:10:52","2026-03-14 19:10:52"
726,123,地上,1,/storage/images/maps/false_lendersia/map_id_123/1.webp,https://draquex.com/map/../assets/img-map/map-nise-1-1.jpg,1,"2026-03-14 22:27:50","2026-03-16 20:22:37"
727,124,地上,1,/storage/images/maps/false_lendersia/map_id_124/1.webp,https://draquex.com/map/../assets/img-map/map-nise-2-1.jpg,1,"2026-03-14 22:27:52","2026-03-16 20:22:43"
728,125,地上,1,/storage/images/maps/false_lendersia/map_id_125/1.webp,https://draquex.com/map/../assets/img-map/map-nise-3-1.jpg,1,"2026-03-14 22:27:54","2026-03-16 20:22:50"
729,126,地上,1,/storage/images/maps/false_lendersia/map_id_126/1.webp,https://draquex.com/map/../assets/img-map/map-nise-4-1.jpg,1,"2026-03-14 22:27:56","2026-03-16 20:22:57"
730,128,地上,1,/storage/images/maps/false_lendersia/map_id_128/1.webp,https://draquex.com/map/../assets/img-map/map-nise-6-1.jpg,1,"2026-03-14 22:28:00","2026-03-16 20:23:43"
731,129,地上,1,/storage/images/maps/false_lendersia/map_id_129/1.webp,https://draquex.com/map/../assets/img-map/map-nise-7-1.jpg,1,"2026-03-14 22:28:02","2026-03-16 20:23:53"
732,130,地上,1,/storage/images/maps/false_lendersia/map_id_130/1.webp,https://draquex.com/map/../assets/img-map/map-nise-8-1.jpg,1,"2026-03-14 22:28:04","2026-03-16 20:24:09"
733,131,1階,1,/storage/images/maps/false_lendersia/map_id_131/1.webp,https://draquex.com/map/../assets/img-map/map-nise-9-1.jpg,1,"2026-03-14 22:28:06","2026-03-16 20:25:00"
734,131,2階,2,/storage/images/maps/false_lendersia/map_id_131/2.webp,https://draquex.com/map/../assets/img-map/map-nise-9-2.jpg,2,"2026-03-14 22:28:06","2026-03-16 20:25:00"
735,131,3階,3,/storage/images/maps/false_lendersia/map_id_131/3.webp,https://draquex.com/map/../assets/img-map/map-nise-9-3.jpg,3,"2026-03-14 22:28:06","2026-03-16 20:25:00"
736,131,4階,4,/storage/images/maps/false_lendersia/map_id_131/4.webp,https://draquex.com/map/../assets/img-map/map-nise-9-4.jpg,4,"2026-03-14 22:28:06","2026-03-16 20:25:00"
737,131,5階,5,/storage/images/maps/false_lendersia/map_id_131/5.webp,https://draquex.com/map/../assets/img-map/map-nise-9-5.jpg,5,"2026-03-14 22:28:06","2026-03-16 20:25:00"
738,131,6階,6,/storage/images/maps/false_lendersia/map_id_131/6.webp,https://draquex.com/map/../assets/img-map/map-nise-9-6.jpg,6,"2026-03-14 22:28:06","2026-03-16 20:25:00"
739,132,地上,1,/storage/images/maps/false_lendersia/map_id_132/1.webp,https://draquex.com/map/../assets/img-map/map-nise-10-1.jpg,1,"2026-03-14 22:28:11","2026-03-17 01:40:17"
740,132,下層,-1,/storage/images/maps/false_lendersia/map_id_132/-1.webp,https://draquex.com/map/../assets/img-map/map-nise-10-2.jpg,2,"2026-03-14 22:28:14","2026-03-17 01:40:17"
741,133,地上,1,/storage/images/maps/false_lendersia/map_id_133/1.webp,https://draquex.com/map/../assets/img-map/map-nise-11-1.jpg,1,"2026-03-14 22:28:18","2026-03-16 20:26:05"
742,134,遺跡下層部,1,/storage/images/maps/false_lendersia/map_id_134/kasou.webp,https://draquex.com/map/../assets/img-map/map-nise-12-3.jpg,3,"2026-03-14 22:33:43","2026-03-17 13:59:53"
743,135,地上,1,/storage/images/maps/false_lendersia/map_id_135/1.webp,https://draquex.com/map/../assets/img-map/map-nise-13-1.jpg,1,"2026-03-14 22:33:49","2026-03-16 20:31:41"
744,135,地下洞,-1,/storage/images/maps/false_lendersia/map_id_135/-1.webp,https://draquex.com/map/../assets/img-map/map-nise-13-2.jpg,2,"2026-03-14 22:33:52","2026-03-16 20:31:41"
745,136,地上,1,/storage/images/maps/false_lendersia/map_id_136/1.webp,https://draquex.com/map/../assets/img-map/map-nise-14-1.jpg,1,"2026-03-14 22:33:57","2026-03-16 20:54:47"
746,137,地上,1,/storage/images/maps/false_lendersia/map_id_137/1.webp,https://draquex.com/map/../assets/img-map/map-nise-15-1.jpg,1,"2026-03-14 22:34:02","2026-03-16 20:55:08"
747,138,地下1階,-1,/storage/images/maps/false_lendersia/map_id_138/-1.webp,https://draquex.com/map/../assets/img-map/map-nise-16-1.jpg,1,"2026-03-14 22:34:06","2026-03-16 20:55:35"
748,138,地下2階,-2,/storage/images/maps/false_lendersia/map_id_138/-2.webp,https://draquex.com/map/../assets/img-map/map-nise-16-2.jpg,2,"2026-03-14 22:34:09","2026-03-16 20:55:35"
749,139,地上,1,/storage/images/maps/false_lendersia/map_id_139/1.webp,https://draquex.com/map/../assets/img-map/map-nise-17-1.jpg,1,"2026-03-14 22:34:15","2026-03-16 20:55:53"
750,140,地上,1,/storage/images/maps/false_lendersia/map_id_140/1.webp,https://draquex.com/map/../assets/img-map/map-nise-18-1.jpg,1,"2026-03-14 22:34:20","2026-03-16 20:56:00"
751,141,地上,1,/storage/images/maps/false_lendersia/map_id_141/1.webp,https://draquex.com/map/../assets/img-map/map-nise-19-1.jpg,1,"2026-03-14 22:34:23","2026-03-16 20:56:59"
752,141,下層,-1,/storage/images/maps/false_lendersia/map_id_141/kasou.webp,https://draquex.com/map/../assets/img-map/map-nise-19-2.jpg,2,"2026-03-14 22:34:25","2026-03-16 20:56:59"
753,142,地上,1,/storage/images/maps/false_lendersia/map_id_142/1.webp,https://draquex.com/map/../assets/img-map/map-nise-20-1.jpg,1,"2026-03-14 22:34:30","2026-03-16 20:57:13"
754,143,地上,1,/storage/images/maps/false_lendersia/map_id_143/1.webp,https://draquex.com/map/../assets/img-map/map-nise-21-1.jpg,1,"2026-03-14 22:34:36","2026-03-16 20:57:23"
755,144,地上,1,/storage/images/maps/false_lendersia/map_id_144/1.webp,https://draquex.com/map/../assets/img-map/map-nise-22-1.jpg,1,"2026-03-14 22:34:41","2026-03-16 20:57:38"
756,145,地上,1,/storage/images/maps/false_lendersia/map_id_145/1.webp,https://draquex.com/map/../assets/img-map/map-nise-23-1.jpg,1,"2026-03-14 22:34:47","2026-03-16 20:57:45"
757,146,地上,1,/storage/images/maps/false_lendersia/map_id_146/1.webp,https://draquex.com/map/../assets/img-map/map-nise-24-1.jpg,1,"2026-03-14 22:34:53","2026-03-16 20:57:52"
758,147,地上,1,/storage/images/maps/false_lendersia/map_id_147/1.webp,https://draquex.com/map/../assets/img-map/map-nise-25-1.jpg,1,"2026-03-14 22:34:58","2026-03-16 20:58:05"
759,150,第2層,1,/storage/images/maps/false_lendersia/map_id_150/2.webp,https://draquex.com/map/../assets/img-map/map-nise-29-2.jpg,2,"2026-03-14 22:35:17","2026-03-17 13:38:47"
760,150,第3層,1,/storage/images/maps/false_lendersia/map_id_150/3.webp,https://draquex.com/map/../assets/img-map/map-nise-29-3.jpg,3,"2026-03-14 22:35:19","2026-03-17 13:38:48"
761,150,中層,1,/storage/images/maps/false_lendersia/map_id_150/cyuso.webp,https://draquex.com/map/../assets/img-map/map-nise-29-4.jpg,4,"2026-03-14 22:35:21","2026-03-17 13:38:48"
762,150,第4層,1,/storage/images/maps/false_lendersia/map_id_150/4.webp,https://draquex.com/map/../assets/img-map/map-nise-29-5.jpg,5,"2026-03-14 22:35:23","2026-03-17 13:38:48"
793,560,地上,1,/storage/images/maps/kyururu/map_id_560/1.webp,https://draquex.com/map/../assets/img-map/map-kyu-1-1.jpg,1,"2026-03-14 22:41:42","2026-03-17 01:05:36"
794,561,地上,1,/storage/images/maps/kyururu/map_id_561/1.webp,https://draquex.com/map/../assets/img-map/map-kyu-2-1.jpg,1,"2026-03-14 22:41:43","2026-03-17 01:05:57"
795,562,地上,1,/storage/images/maps/kyururu/map_id_562/1.webp,https://draquex.com/map/../assets/img-map/map-kyu-3-1.jpg,1,"2026-03-14 22:41:46","2026-03-17 01:06:12"
796,563,3階,3,/storage/images/maps/kyururu/map_id_563/3.webp,https://dq10.i-k-e.net/map/廃墟のドミネウス邸,3,"2026-03-14 22:41:48","2026-03-17 01:06:37"
797,563,2階,2,/storage/images/maps/kyururu/map_id_563/2.webp,https://dq10.i-k-e.net/map/廃墟のドミネウス邸,2,"2026-03-14 22:41:48","2026-03-17 01:06:37"
798,564,上層,1,/storage/images/maps/kyururu/map_id_564/zyoso.webp,https://draquex.com/map/../assets/img-map/map-kyu-5-1.jpg,1,"2026-03-14 22:41:53","2026-03-17 01:07:44"
799,564,下層,1,/storage/images/maps/kyururu/map_id_564/kasou.webp,https://draquex.com/map/../assets/img-map/map-kyu-5-2.jpg,2,"2026-03-14 22:41:55","2026-03-17 01:07:44"
800,565,地上,1,/storage/images/maps/kyururu/map_id_565/1.webp,https://draquex.com/map/../assets/img-map/map-kyu-6-1.jpg,1,"2026-03-14 22:42:00","2026-03-17 01:07:59"
802,566,4階,4,/storage/images/maps/kyururu/map_id_566/4.webp,https://draquex.com/map/../assets/img-map/map-kyu-7-1.jpg,1,"2026-03-14 22:42:07","2026-03-17 01:09:33"
803,566,3階,3,/storage/images/maps/kyururu/map_id_566/3.webp,https://draquex.com/map/../assets/img-map/map-kyu-7-2.jpg,2,"2026-03-14 22:42:10","2026-03-17 01:09:33"
804,566,2階,2,/storage/images/maps/kyururu/map_id_566/2.webp,https://draquex.com/map/../assets/img-map/map-kyu-7-3.jpg,3,"2026-03-14 22:42:12","2026-03-17 01:09:33"
805,566,第2層,1,/storage/images/maps/kyururu/map_id_566/2_2.webp,https://draquex.com/map/../assets/img-map/map-kyu-7-4.jpg,4,"2026-03-14 22:42:15","2026-03-17 01:09:33"
806,566,1階,1,/storage/images/maps/kyururu/map_id_566/1.webp,https://draquex.com/map/../assets/img-map/map-kyu-7-5.jpg,5,"2026-03-14 22:42:17","2026-03-17 01:09:33"
807,566,地下1階,-1,/storage/images/maps/kyururu/map_id_566/-1.webp,https://draquex.com/map/../assets/img-map/map-kyu-7-6.jpg,6,"2026-03-14 22:42:19","2026-03-17 01:09:33"
808,566,地下2階,-2,/storage/images/maps/kyururu/map_id_566/-2.webp,https://draquex.com/map/../assets/img-map/map-kyu-7-7.jpg,7,"2026-03-14 22:42:21","2026-03-17 01:09:33"
811,567,地上,1,/storage/images/maps/kyururu/map_id_567/1.webp,https://dq10.i-k-e.net/map/マデ神殿,1,"2026-03-14 22:42:31","2026-03-17 01:09:55"
814,568,地上,1,/storage/images/maps/kyururu/map_id_568/1.webp,https://dq10.i-k-e.net/map/古レビュール街道南,1,"2026-03-14 22:42:41","2026-03-17 01:12:43"
815,569,地上,1,/storage/images/maps/kyururu/map_id_569/1.webp,https://dq10.i-k-e.net/map/古レビュール街道北,1,"2026-03-14 22:42:46","2026-03-17 01:13:12"
816,569,下層,1,/storage/images/maps/kyururu/map_id_569/kasou.webp,https://draquex.com/map/../assets/img-map/map-kyu-9-2.jpg,2,"2026-03-14 22:42:48","2026-03-17 01:13:12"
817,570,地上,1,/storage/images/maps/kyururu/map_id_570/1.webp,https://dq10.i-k-e.net/map/古グランゼドーラ領,1,"2026-03-14 22:42:53","2026-03-17 01:13:26"
818,571,地上,1,/storage/images/maps/kyururu/map_id_571/1.webp,https://dq10.i-k-e.net/map/古ロヴォス高地,1,"2026-03-14 22:42:58","2026-03-17 01:13:37"
819,572,地上,1,/storage/images/maps/kyururu/map_id_572/1.webp,https://draquex.com/map/../assets/img-map/map-kyu-12-1.jpg,1,"2026-03-14 22:43:03","2026-03-17 01:14:15"
820,572,地下1階,-1,/storage/images/maps/kyururu/map_id_572/-1.webp,https://draquex.com/map/../assets/img-map/map-kyu-12-2.jpg,2,"2026-03-14 22:43:05","2026-03-17 01:14:15"
821,572,地下2階,-2,/storage/images/maps/kyururu/map_id_572/-2.webp,https://draquex.com/map/../assets/img-map/map-kyu-12-3.jpg,3,"2026-03-14 22:43:07","2026-03-17 01:14:15"
822,572,地下3階,-3,/storage/images/maps/kyururu/map_id_572/-3.webp,https://draquex.com/map/../assets/img-map/map-kyu-12-4.jpg,4,"2026-03-14 22:43:09","2026-03-17 01:14:15"
823,573,地上,1,/storage/images/maps/kyururu/map_id_573/1.webp,https://dq10.i-k-e.net/map/オルセコ王国領,1,"2026-03-14 22:43:14","2026-03-17 01:15:11"
824,574,地上,1,/storage/images/maps/kyururu/map_id_574/1.webp,https://dq10.i-k-e.net/map/ドランド平原,1,"2026-03-14 22:43:20","2026-03-17 01:15:40"
825,575,地上,1,/storage/images/maps/kyururu/map_id_575/1.webp,https://draquex.com/map/../assets/img-map/map-kyu-15-1.jpg,1,"2026-03-14 22:43:24","2026-03-17 01:15:47"
826,576,地上,1,/storage/images/maps/kyururu/map_id_576/1.webp,https://dq10.i-k-e.net/map/辺境の雪山,1,"2026-03-14 22:43:31","2026-03-17 01:15:56"
827,577,上層,1,/storage/images/maps/kyururu/map_id_577/zyoso.webp,https://draquex.com/map/../assets/img-map/map-kyu-17-1.jpg,1,"2026-03-14 22:43:35","2026-03-17 01:16:23"
828,577,下層,1,/storage/images/maps/kyururu/map_id_577/kasou.webp,https://dq10.i-k-e.net/map/鬼岩城,2,"2026-03-14 22:43:38","2026-03-17 01:16:23"
829,578,地上,1,/storage/images/maps/kyururu/map_id_578/1.webp,https://dq10.i-k-e.net/map/ダズの船着き場,1,"2026-03-14 22:43:42","2026-03-17 01:16:32"
830,579,地上,1,/storage/images/maps/kyururu/map_id_579/1.webp,https://dq10.i-k-e.net/map/太古の氷穴,1,"2026-03-14 22:43:46","2026-03-17 01:16:39"
831,580,地上,1,/storage/images/maps/kyururu/map_id_580/1.webp,https://draquex.com/map/../assets/img-map/map-kyu-20-1.jpg,1,"2026-03-14 22:43:51","2026-03-17 01:16:49"
832,581,地上,1,/storage/images/maps/kyururu/map_id_581/1.webp,https://dq10.i-k-e.net/map/ダラズ大鉱脈,1,"2026-03-14 22:43:55","2026-03-17 01:18:39"
833,582,地上,1,/storage/images/maps/kyururu/map_id_582/1.webp,https://dq10.i-k-e.net/map/カルデア溶岩帯,1,"2026-03-14 22:44:03","2026-03-17 01:18:46"
834,583,地上,1,/storage/images/maps/kyururu/map_id_583/1.webp,https://dq10.i-k-e.net/map/ガタラ大山林,1,"2026-03-14 22:44:08","2026-03-17 01:19:00"
835,584,地上,1,/storage/images/maps/kyururu/map_id_584/1.webp,https://draquex.com/map/../assets/img-map/map-kyu-24-1.jpg,1,"2026-03-14 22:44:12","2026-03-17 01:19:08"
836,585,地上,1,/storage/images/maps/kyururu/map_id_585/1.webp,https://draquex.com/map/../assets/img-map/map-kyu-25-1.jpg,1,"2026-03-14 22:44:18","2026-03-17 01:19:16"
837,586,地下1階,-1,/storage/images/maps/kyururu/map_id_586/-1.webp,https://dq10.i-k-e.net/map/自然遺産保護区,2,"2026-03-14 22:44:25","2026-03-17 01:20:09"
838,586,地上,1,/storage/images/maps/kyururu/map_id_586/1.webp,https://dq10.i-k-e.net/map/自然遺産保護区,1,"2026-03-14 22:44:34","2026-03-17 01:20:09"
839,587,1階,1,/storage/images/maps/kyururu/map_id_587/1.webp,https://dq10.i-k-e.net/map/宇宙船・立入禁止区画,1,"2026-03-14 22:44:39","2026-03-17 01:20:53"
840,587,2階,2,/storage/images/maps/kyururu/map_id_587/2.webp,https://dq10.i-k-e.net/map/宇宙船・立入禁止区画,2,"2026-03-14 22:44:42","2026-03-17 01:20:53"
841,587,3階,3,/storage/images/maps/kyururu/map_id_587/3.webp,https://dq10.i-k-e.net/map/宇宙船・立入禁止区画,3,"2026-03-14 22:44:57","2026-03-17 01:20:53"
842,587,4階,4,/storage/images/maps/kyururu/map_id_587/4.webp,https://dq10.i-k-e.net/map/宇宙船・立入禁止区画,4,"2026-03-14 22:44:58","2026-03-17 01:20:53"
843,588,地上,1,/storage/images/maps/kyururu/map_id_588/1.webp,https://dq10.i-k-e.net/map/エルトナの混沌,1,"2026-03-14 22:45:03","2026-03-17 01:22:27"
844,589,地上,1,/storage/images/maps/kyururu/map_id_589/1.webp,https://draquex.com/map/../assets/img-map/map-kyu-30-1.jpg,1,"2026-03-14 22:45:11","2026-03-17 01:22:44"
864,250,地上,1,/storage/images/maps/makai/map_id_250/1.webp,https://draquex.com/map/../assets/img-map/map-makai-24.jpg,1,"2026-03-14 23:08:43","2026-03-16 21:37:04"
865,253,洞窟,1,/storage/images/maps/makai/map_id_253/dokutsu.webp,https://draquex.com/map/../assets/img-map/map-makai-3-2.jpg,2,"2026-03-14 23:08:52","2026-03-16 21:39:20"
868,260,地上,1,/storage/images/maps/makai/map_id_260/1.webp,https://draquex.com/map/../assets/img-map/map-makai-7-1.jpg,1,"2026-03-14 23:11:32","2026-03-16 21:41:02"
869,261,地上,1,/storage/images/maps/makai/map_id_261/1.webp,https://dq10.i-k-e.net/map/ゼクレス城・地下,1,"2026-03-14 23:11:41","2026-03-16 21:41:10"
870,267,1階,1,/storage/images/maps/makai/map_id_267/1.webp,https://draquex.com/map/../assets/img-map/map-makai-19-1.jpg,1,"2026-03-14 23:12:03","2026-03-17 01:44:29"
871,267,2階,2,/storage/images/maps/makai/map_id_267/2.webp,https://draquex.com/map/../assets/img-map/map-makai-19-2.jpg,2,"2026-03-14 23:12:06","2026-03-17 01:44:29"
872,267,地下1階,-1,/storage/images/maps/makai/map_id_267/-1.webp,https://draquex.com/map/../assets/img-map/map-makai-19-3.jpg,3,"2026-03-14 23:12:08","2026-03-17 01:44:29"
873,267,地下2階,-2,/storage/images/maps/makai/map_id_267/-2.webp,https://draquex.com/map/../assets/img-map/map-makai-19-4.jpg,4,"2026-03-14 23:12:13","2026-03-17 01:44:29"
874,267,地下3階,-3,/storage/images/maps/makai/map_id_267/-3.webp,https://draquex.com/map/../assets/img-map/map-makai-19-5.jpg,5,"2026-03-14 23:12:15","2026-03-17 01:44:29"
875,267,地下4階,-4,/storage/images/maps/makai/map_id_267/-4.webp,https://draquex.com/map/../assets/img-map/map-makai-19-6.jpg,6,"2026-03-14 23:12:18","2026-03-17 01:44:29"
876,267,地下5階,-5,/storage/images/maps/makai/map_id_267/-5.webp,https://draquex.com/map/../assets/img-map/map-makai-19-7.jpg,7,"2026-03-14 23:12:20","2026-03-17 01:44:29"
877,267,地下6階,-6,/storage/images/maps/makai/map_id_267/-6.webp,https://draquex.com/map/../assets/img-map/map-makai-19-8.jpg,8,"2026-03-14 23:12:22","2026-03-17 01:44:29"
878,267,地下7階,-7,/storage/images/maps/makai/map_id_267/-7.webp,https://draquex.com/map/../assets/img-map/map-makai-19-9.jpg,9,"2026-03-14 23:12:25","2026-03-17 01:44:29"
879,268,地上,1,/storage/images/maps/makai/map_id_268/1.webp,https://draquex.com/map/../assets/img-map/map-makai-20-1.jpg,1,"2026-03-14 23:12:30","2026-03-16 21:48:05"
880,268,地下1階,-1,/storage/images/maps/makai/map_id_268/-1.webp,https://draquex.com/map/../assets/img-map/map-makai-20-2.jpg,2,"2026-03-14 23:12:33","2026-03-16 21:48:05"
881,268,地下2階,-2,/storage/images/maps/makai/map_id_268/-2.webp,https://draquex.com/map/../assets/img-map/map-makai-20-3.jpg,3,"2026-03-14 23:12:37","2026-03-16 21:48:05"
882,268,地下3階,-3,/storage/images/maps/makai/map_id_268/-3.webp,https://draquex.com/map/../assets/img-map/map-makai-20-4.jpg,4,"2026-03-14 23:12:39","2026-03-16 21:48:05"
884,270,美術館,5,/storage/images/maps/makai/map_id_270/bijyutu.webp,https://draquex.com/map/../assets/img-map/map-makai-14-4.jpg,3,"2026-03-14 23:12:50","2026-03-18 12:59:23"
885,270,ゴンドラ乗り場,1,/storage/images/maps/makai/map_id_270/gondora.webp,https://draquex.com/map/../assets/img-map/map-makai-14-5.jpg,4,"2026-03-14 23:12:53","2026-03-18 12:59:23"
886,270,回転木馬の広場,1,/storage/images/maps/makai/map_id_270/3.webp,https://draquex.com/map/../assets/img-map/map-makai-14-6.jpg,5,"2026-03-14 23:12:55","2026-03-18 12:59:23"
887,270,天へのぼる棺桶乗り場,7,/storage/images/maps/makai/map_id_270/kanoke.webp,https://draquex.com/map/../assets/img-map/map-makai-14-7.jpg,6,"2026-03-14 23:12:58","2026-03-18 12:59:23"
888,609,地下1階,-1,/storage/images/maps/makai/map_id_609/-1.webp,https://draquex.com/map/../assets/img-map/map-makai-21-1.jpg,1,"2026-03-14 23:13:02","2026-03-18 14:03:40"
889,609,地下2階,-2,/storage/images/maps/makai/map_id_609/-2.webp,https://draquex.com/map/../assets/img-map/map-makai-21-2.jpg,2,"2026-03-14 23:13:07","2026-03-18 14:03:40"
890,609,地下3階,-3,/storage/images/maps/makai/map_id_609/-3.webp,https://draquex.com/map/../assets/img-map/map-makai-21-3.jpg,3,"2026-03-14 23:13:09","2026-03-18 14:03:40"
891,609,地下4階,-4,/storage/images/maps/makai/map_id_609/-4.webp,https://draquex.com/map/../assets/img-map/map-makai-21-4.jpg,4,"2026-03-14 23:13:12","2026-03-18 14:03:40"
892,609,地下5階,-5,/storage/images/maps/makai/map_id_609/-5.webp,https://draquex.com/map/../assets/img-map/map-makai-21-5.jpg,5,"2026-03-14 23:13:14","2026-03-18 14:03:40"
893,271,終末の怪,1,/storage/images/maps/makai/map_id_271/1.webp,https://draquex.com/map/../assets/img-map/map-makai-23-1.jpg,1,"2026-03-14 23:13:20","2026-03-17 14:14:37"
894,271,災異の途,1,/storage/images/maps/makai/map_id_271/2.webp,https://draquex.com/map/../assets/img-map/map-makai-23-2.jpg,2,"2026-03-14 23:13:22","2026-03-17 14:14:37"
895,271,喪亡の路,3,/storage/images/maps/makai/map_id_271/3.webp,https://draquex.com/map/../assets/img-map/map-makai-23-4.jpg,3,"2026-03-14 23:13:25","2026-03-17 14:14:37"
896,271,寂滅の道,1,/storage/images/maps/makai/map_id_271/4.webp,https://draquex.com/map/../assets/img-map/map-makai-23-3.jpg,4,"2026-03-14 23:13:27","2026-03-17 14:14:37"
898,272,下層,1,/storage/images/maps/tensei/map_id_272/kasou.webp,https://draquex.com/map/../assets/img-map/map-tensei-1-3.jpg,3,"2026-03-14 23:15:12","2026-03-16 21:54:34"
899,275,洞窟,1,/storage/images/maps/tensei/map_id_275/dokutsu.webp,https://draquex.com/map/../assets/img-map/map-tensei-4-2.jpg,2,"2026-03-14 23:15:29","2026-03-18 14:08:29"
900,278,命脈の中枢,1,/storage/images/maps/tensei/map_id_278/chusu.webp,https://draquex.com/map/../assets/img-map/map-tensei-7-4.jpg,4,"2026-03-14 23:16:09","2026-03-18 13:08:30"
903,280,落日の原野,-2,/storage/images/maps/tensei/map_id_280/rakuzitu.webp,https://draquex.com/map/../assets/img-map/map-tensei-9-1.jpg,1,"2026-03-14 23:19:57","2026-03-23 17:49:30"
904,280,天魔の玉座,1,/storage/images/maps/tensei/map_id_280/tenma.webp,https://draquex.com/map/../assets/img-map/map-tensei-9-2.jpg,2,"2026-03-14 23:19:59","2026-03-23 17:49:30"
905,280,逆夢の水晶宮,1,/storage/images/maps/tensei/map_id_280/3.webp,https://draquex.com/map/../assets/img-map/map-tensei-9-3.jpg,3,"2026-03-14 23:20:01","2026-03-23 17:49:30"
906,280,惨禍の迷路,1,/storage/images/maps/tensei/map_id_280/meiro.webp,https://draquex.com/map/../assets/img-map/map-tensei-9-4.jpg,4,"2026-03-14 23:20:03","2026-03-23 17:49:30"
909,281,地上,1,/storage/images/maps/tensei/map_id_281/1.webp,https://draquex.com/map/../assets/img-map/map-tensei-10-1.jpg,1,"2026-03-14 23:20:12","2026-03-16 22:00:57"
910,282,追想の王国,1,/storage/images/maps/tensei/map_id_282/1.webp,https://draquex.com/map/../assets/img-map/map-tensei-11-1.jpg,1,"2026-03-14 23:20:16","2026-03-23 22:41:06"
911,282,追想の王城・2階,2,/storage/images/maps/tensei/map_id_282/2.webp,https://draquex.com/map/../assets/img-map/map-tensei-11-2.jpg,2,"2026-03-14 23:20:18","2026-03-23 22:41:06"
912,282,追想の王城・3階,3,/storage/images/maps/tensei/map_id_282/3.webp,https://draquex.com/map/../assets/img-map/map-tensei-11-3.jpg,3,"2026-03-14 23:20:20","2026-03-23 22:41:06"
913,611,地上,1,/storage/images/maps/hate/map_id_611/1.webp,https://dq10.i-k-e.net/map/レストリア平野,1,"2026-03-14 23:23:03","2026-03-16 22:09:53"
914,612,地上,1,/storage/images/maps/hate/map_id_612/1.webp,https://dq10.i-k-e.net/map/シュタール鉱野,1,"2026-03-14 23:23:07","2026-03-16 22:10:00"
915,613,地上,1,/storage/images/maps/hate/map_id_613/1.webp,https://dq10.i-k-e.net/map/タービア草原,1,"2026-03-14 23:23:16","2026-03-16 22:10:06"
916,614,地上,1,/storage/images/maps/hate/map_id_614/1.webp,https://dq10.i-k-e.net/map/ハディン採石場,1,"2026-03-14 23:23:20","2026-03-16 22:10:15"
918,616,地上,1,/storage/images/maps/hate/map_id_616/1.webp,https://dq10.i-k-e.net/map/ラランブラ山道,1,"2026-03-14 23:26:25","2026-03-16 22:10:23"
919,617,地上,1,/storage/images/maps/hate/map_id_617/1.webp,https://dq10.i-k-e.net/map/宵の神殿,1,"2026-03-14 23:26:33","2026-03-18 14:09:38"
920,618,地上,1,/storage/images/maps/hate/map_id_618/1.webp,https://dq10.i-k-e.net/map/ムニエカ地方,1,"2026-03-14 23:26:41","2026-03-16 22:10:42"
921,619,地上,1,/storage/images/maps/hate/map_id_619/1.webp,https://dq10.i-k-e.net/map/結晶の森,1,"2026-03-14 23:26:46","2026-03-16 22:10:52"
922,620,地上,1,/storage/images/maps/hate/map_id_620/1.webp,https://dq10.i-k-e.net/map/ウォルド地方,1,"2026-03-14 23:26:52","2026-03-16 22:11:04"
923,300,地下1階,-1,/storage/images/maps/hate/map_id_300/-1.webp,https://draquex.com/map/../assets/img-map/map-hate-11-1.jpg,1,"2026-03-14 23:26:59","2026-03-16 22:06:48"
924,300,地下2階,-2,/storage/images/maps/hate/map_id_300/-2.webp,https://draquex.com/map/../assets/img-map/map-hate-11-2.jpg,2,"2026-03-14 23:27:02","2026-03-16 22:06:48"
925,301,地上,1,/storage/images/maps/hate/map_id_301/1.webp,https://draquex.com/map/../assets/img-map/map-hate-12-1.jpg,1,"2026-03-14 23:27:08","2026-03-16 22:07:10"
926,302,地上,1,/storage/images/maps/hate/map_id_302/1.webp,https://draquex.com/map/../assets/img-map/map-hate-13-1.jpg,1,"2026-03-14 23:27:15","2026-03-16 22:07:18"
927,303,地上,1,/storage/images/maps/hate/map_id_303/1.webp,https://draquex.com/map/../assets/img-map/map-hate-14-1.jpg,1,"2026-03-14 23:27:20","2026-03-16 22:08:08"
928,621,地上,1,/storage/images/maps/hate/map_id_621/1.webp,https://draquex.com/map/../assets/img-map/map-hate-15-1.jpg,1,"2026-03-14 23:27:30","2026-03-18 14:10:26"
929,305,地上,1,/storage/images/maps/hate/map_id_305/1.webp,https://draquex.com/map/../assets/img-map/map-hate-16-1.jpg,1,"2026-03-14 23:27:38","2026-03-16 22:08:21"
930,306,1階,1,/storage/images/maps/hate/map_id_306/1.webp,https://draquex.com/map/../assets/img-map/map-hate-17-1.jpg,1,"2026-03-14 23:27:47","2026-03-17 01:48:08"
931,306,2階,2,/storage/images/maps/hate/map_id_306/2.webp,https://draquex.com/map/../assets/img-map/map-hate-17-2.jpg,2,"2026-03-14 23:27:50","2026-03-17 01:48:08"
933,563,1階,1,/storage/images/maps/kyururu/map_id_563/1.webp,https://dq10.i-k-e.net/map/廃墟のドミネウス邸,1,"2026-03-15 00:51:53","2026-03-17 01:06:37"
934,563,地下1階,-1,storage/images/maps/unknown/map_id_563/-1.webp,https://dq10.i-k-e.net/map/廃墟のドミネウス邸,4,"2026-03-15 00:52:01","2026-03-17 01:06:37"
935,506,第2層,2,storage/images/maps/tensei/map_id_506/2.webp,https://dq10.i-k-e.net/map/秘伝の間,2,"2026-03-15 00:53:51","2026-03-15 00:53:51"
936,506,第3層,3,storage/images/maps/tensei/map_id_506/3.webp,https://dq10.i-k-e.net/map/秘伝の間,3,"2026-03-15 00:53:55","2026-03-15 00:53:55"
937,15,第2層,1,/storage/images/maps/wena_islands/map_id_15/2.webp,https://dq10.i-k-e.net/map/ジュレイダ連塔遺跡,2,"2026-03-15 00:54:51","2026-03-16 19:28:04"
938,100,中庭,1,/storage/images/maps/dwachakka_continent/map_id_100/nakaniwa.webp,,4,"2026-03-16 17:09:09","2026-03-18 12:34:58"
940,6,ジュレー島下層遺跡,1,/storage/images/maps/wena_islands/map_id_6/1.webp,,1,"2026-03-16 19:05:02","2026-03-17 14:03:33"
941,80,本殿,1,/storage/images/maps/eltona_continent/map_id_80/2.webp,,2,"2026-03-16 20:19:20","2026-03-17 14:32:28"
942,152,地上,1,/storage/images/maps/true_lendersia/map_id_152/1.webp,,1,"2026-03-16 21:02:03","2026-03-16 21:02:03"
943,163,下層,-1,/storage/images/maps/true_lendersia/map_id_163/kasou.webp,,2,"2026-03-16 21:05:04","2026-03-16 21:05:04"
944,168,地下1階,-1,/storage/images/maps/true_lendersia/map_id_168/-1.webp,,3,"2026-03-16 21:08:20","2026-03-23 17:10:39"
945,176,第2層,1,/storage/images/maps/true_lendersia/map_id_176/2.webp,,2,"2026-03-16 21:11:48","2026-03-16 21:11:48"
946,176,中層,1,/storage/images/maps/true_lendersia/map_id_176/cyuso.webp,,3,"2026-03-16 21:11:48","2026-03-16 21:11:48"
947,176,第3層,1,/storage/images/maps/true_lendersia/map_id_176/3.webp,,4,"2026-03-16 21:11:48","2026-03-16 21:11:48"
948,176,第4層,1,/storage/images/maps/true_lendersia/map_id_176/4.webp,,5,"2026-03-16 21:11:48","2026-03-16 21:11:48"
949,192,洞窟,1,/storage/images/maps/nadragand/map_id_192/dokutsu.webp,,2,"2026-03-16 21:19:56","2026-03-16 21:19:56"
954,207,地上,1,/storage/images/maps/nadragand/map_id_207/1.webp,,1,"2026-03-16 21:29:30","2026-03-16 21:29:30"
955,214,地上,1,/storage/images/maps/nadragand/map_id_214/1.webp,,2,"2026-03-16 21:32:14","2026-03-16 21:32:14"
956,216,6階,6,/storage/images/maps/nadragand/map_id_216/6.webp,,6,"2026-03-16 21:34:44","2026-03-18 12:52:30"
957,251,5階,5,/storage/images/maps/makai/map_id_251/5.webp,,2,"2026-03-16 21:38:52","2026-03-18 13:56:36"
959,251,4階,4,/storage/images/maps/makai/map_id_251/4.webp,,4,"2026-03-16 21:38:52","2026-03-18 13:56:36"
960,251,3階,3,/storage/images/maps/makai/map_id_251/3.webp,,5,"2026-03-16 21:38:52","2026-03-18 13:56:36"
961,251,2階,2,/storage/images/maps/makai/map_id_251/2.webp,,6,"2026-03-16 21:38:52","2026-03-18 13:56:36"
962,251,6階,1,/storage/images/maps/makai/map_id_251/1.webp,,7,"2026-03-16 21:38:52","2026-03-18 13:56:36"
963,266,洞窟,1,/storage/images/maps/makai/map_id_266/dokutsu.webp,,2,"2026-03-16 21:45:12","2026-03-16 21:45:12"
965,276,崖・上層,1,/storage/images/maps/tensei/map_id_276/zyoso.webp,,4,"2026-03-16 21:56:24","2026-03-18 13:07:46"
966,300,地下3階,-3,/storage/images/maps/hate/map_id_300/-3.webp,,3,"2026-03-16 22:06:48","2026-03-16 22:06:48"
967,301,洞窟,1,/storage/images/maps/hate/map_id_301/dokutsu.webp,,2,"2026-03-16 22:07:10","2026-03-16 22:07:10"
968,306,3階,3,/storage/images/maps/hate/map_id_306/3.webp,,3,"2026-03-16 22:09:21","2026-03-17 01:48:08"
969,306,4階,4,/storage/images/maps/hate/map_id_306/4.webp,,4,"2026-03-16 22:09:21","2026-03-17 01:48:08"
970,50,地下3階,-3,/storage/images/maps/ogreed_continent/map_id_50/-3.webp,,3,"2026-03-17 01:24:34","2026-03-17 01:29:28"
972,50,地下2階,-2,/storage/images/maps/ogreed_continent/map_id_50/-2.webp,,2,"2026-03-17 01:24:34","2026-03-17 01:29:28"
973,50,地下4階,-4,/storage/images/maps/ogreed_continent/map_id_50/-4.webp,,4,"2026-03-17 01:24:34","2026-03-17 01:29:28"
974,50,地下1階,-1,/storage/images/maps/ogreed_continent/map_id_50/-1.webp,,1,"2026-03-17 01:24:34","2026-03-17 01:29:28"
976,185,地上,1,/storage/images/maps/true_lendersia/map_id_185/1.webp,,1,"2026-03-17 01:30:28","2026-03-17 01:30:28"
977,217,地上,1,/storage/images/maps/nadragand/map_id_217/1.webp,,1,"2026-03-17 01:31:10","2026-03-17 01:31:10"
978,218,第1層,1,/storage/images/maps/nadragand/map_id_218/1.webp,,1,"2026-03-17 01:31:43","2026-03-17 01:32:33"
979,218,第2層,1,/storage/images/maps/nadragand/map_id_218/2.webp,,2,"2026-03-17 01:32:33","2026-03-17 01:32:33"
980,218,第3層,1,/storage/images/maps/nadragand/map_id_218/3.webp,,3,"2026-03-17 01:32:33","2026-03-17 01:32:33"
981,218,第4層,1,/storage/images/maps/nadragand/map_id_218/4.webp,,4,"2026-03-17 01:32:33","2026-03-17 01:32:33"
983,186,地上,1,/storage/images/maps/true_lendersia/map_id_186/1.webp,,1,"2026-03-17 01:37:29","2026-03-17 01:37:29"
984,171,下層,1,/storage/images/maps/true_lendersia/map_id_171/kasou.webp,,2,"2026-03-17 01:41:15","2026-03-17 01:41:15"
985,6,ジュレー島大空洞,1,/storage/images/maps/wena_islands/map_id_6/2.webp,,2,"2026-03-17 01:49:15","2026-03-17 14:03:33"
986,197,地下1階,-1,/storage/images/maps/nadragand/map_id_197/-1.webp,,1,"2026-03-17 01:53:40","2026-03-18 13:53:49"
987,197,地下2階,-2,/storage/images/maps/nadragand/map_id_197/-2.webp,,2,"2026-03-17 01:53:40","2026-03-18 13:53:49"
988,120,地下4階,-4,/storage/images/maps/eltona_continent/map_id_120/-4.webp,,1,"2026-03-17 02:05:19","2026-03-17 02:05:19"
989,120,地下5階,-5,/storage/images/maps/eltona_continent/map_id_120/-5.webp,,2,"2026-03-17 02:05:19","2026-03-17 02:05:19"
992,122,1階,1,/storage/images/maps/true_lendersia/map_id_122/1.webp,,1,"2026-03-17 11:54:35","2026-03-17 12:08:04"
993,122,2階,2,/storage/images/maps/true_lendersia/map_id_122/2.webp,,2,"2026-03-17 11:57:55","2026-03-17 12:08:04"
994,122,3階,3,/storage/images/maps/true_lendersia/map_id_122/3.webp,,3,"2026-03-17 11:59:25","2026-03-17 12:08:04"
995,122,4階,4,/storage/images/maps/true_lendersia/map_id_122/4.webp,,4,"2026-03-17 12:03:46","2026-03-17 12:08:04"
996,122,5階,5,/storage/images/maps/true_lendersia/map_id_122/5.webp,,5,"2026-03-17 12:03:46","2026-03-17 12:08:04"
997,122,6階,2,/storage/images/maps/true_lendersia/map_id_122/6.webp,,6,"2026-03-17 12:03:46","2026-03-17 12:08:04"
998,122,7階,7,/storage/images/maps/true_lendersia/map_id_122/7.webp,,7,"2026-03-17 12:03:46","2026-03-17 12:08:04"
999,122,8階,8,/storage/images/maps/true_lendersia/map_id_122/8.webp,,8,"2026-03-17 12:03:46","2026-03-17 12:08:04"
1000,122,9階,9,/storage/images/maps/true_lendersia/map_id_122/9.webp,,9,"2026-03-17 12:03:47","2026-03-17 12:08:04"
1001,113,地上,1,/storage/images/maps/500_years_ago/map_id_113/1.webp,,1,"2026-03-17 12:10:03","2026-03-17 12:10:47"
1002,114,地上,1,/storage/images/maps/500_years_ago/map_id_114/1.webp,,1,"2026-03-17 12:11:14","2026-03-17 12:11:14"
1003,115,地上,1,/storage/images/maps/500_years_ago/map_id_115/1.webp,,1,"2026-03-17 12:11:36","2026-03-17 12:11:36"
1004,116,地上,1,/storage/images/maps/500_years_ago/map_id_116/1.webp,,1,"2026-03-17 12:11:49","2026-03-17 12:11:49"
1005,117,地上,1,/storage/images/maps/500_years_ago/map_id_117/1.webp,,1,"2026-03-17 12:12:01","2026-03-17 12:12:01"
1006,121,地上,1,/storage/images/maps/others/map_id_121/1.webp,,1,"2026-03-17 12:12:26","2026-03-17 12:12:25"
1007,118,下層,1,/storage/images/maps/500_years_ago/map_id_118/kasou.webp,,1,"2026-03-17 12:17:56","2026-03-18 12:38:30"
1008,118,上層,1,/storage/images/maps/500_years_ago/map_id_118/zyoso.webp,,2,"2026-03-17 12:19:05","2026-03-18 12:38:30"
1009,118,最上層,1,/storage/images/maps/500_years_ago/map_id_118/top.webp,,3,"2026-03-17 12:19:05","2026-03-18 12:38:30"
1013,280,滅亡の砂漠,1,/storage/images/maps/tensei/map_id_280/metsubou.webp,,5,"2026-03-17 21:35:35","2026-03-23 17:49:30"
1014,280,滅亡の砂漠_地下,1,/storage/images/maps/tensei/map_id_280/metsubo_underground.webp,,6,"2026-03-17 21:35:35","2026-03-23 17:49:30"
1015,624,地上,1,/storage/images/maps/ogreed_continent/map_id_624/1.webp,,1,"2026-03-18 13:39:31","2026-03-18 14:11:14"
1016,119,三の島　中層,1,/storage/images/maps/ogreed_continent/map_id_119/3_cyuso.webp,,4,"2026-03-18 13:47:28","2026-03-23 15:42:35"
1017,119,三の島　上層,1,/storage/images/maps/ogreed_continent/map_id_119/3_zyoso.webp,,5,"2026-03-18 13:47:28","2026-03-23 15:42:35"
1018,119,四の島,1,/storage/images/maps/ogreed_continent/map_id_119/6.webp,,6,"2026-03-18 13:47:28","2026-03-23 15:42:35"
1019,119,冥王の玉座　入口,1,/storage/images/maps/ogreed_continent/map_id_119/7.webp,,7,"2026-03-18 13:47:28","2026-03-23 15:42:35"
1020,119,冥王の玉座,1,/storage/images/maps/ogreed_continent/map_id_119/8.webp,,8,"2026-03-18 13:47:29","2026-03-23 15:42:35"
1021,190,3階,1,/storage/images/maps/etene_islands/map_id_190/3.webp,,4,"2026-03-18 13:52:57","2026-03-18 13:52:57"
1022,617,宵の霊堂,1,/storage/images/maps/hate/map_id_617/2.webp,,2,"2026-03-18 14:09:38","2026-03-18 14:09:38"
1023,621,地上,1,,,2,"2026-03-18 14:10:26","2026-03-18 14:10:26"
1024,625,1階,1,/storage/images/maps/makai/map_id_625/1.webp,,1,"2026-03-18 14:12:06","2026-03-18 14:13:13"
1025,625,2階,1,/storage/images/maps/makai/map_id_625/2.webp,,2,"2026-03-18 14:13:13","2026-03-18 14:13:13"
1026,625,3階,1,/storage/images/maps/makai/map_id_625/3.webp,,3,"2026-03-18 14:13:13","2026-03-18 14:13:13"
1030,629,地上,1,,,1,"2026-03-21 14:21:24","2026-03-21 14:21:24"
1031,629,地下1階,-1,,,2,"2026-03-21 14:21:24","2026-03-21 14:21:24"
1032,629,地下2階,-2,,,3,"2026-03-21 14:21:24","2026-03-21 14:21:24"
1033,202,苗木の層4F,6,/storage/images/maps/nadragand/map_id_202/naegi4f.webp,,1,"2026-03-23 15:22:48","2026-03-23 15:38:50"
1034,202,若木の層6F,8,/storage/images/maps/nadragand/map_id_202/wakagi6f.webp,,2,"2026-03-23 15:25:54","2026-03-23 15:38:50"
1035,202,若木の層7F,9,/storage/images/maps/nadragand/map_id_202/wakagi7f.webp,,3,"2026-03-23 15:25:54","2026-03-23 15:38:50"
1036,202,成木の層8F,8,/storage/images/maps/nadragand/map_id_202/seigi8f.webp,,4,"2026-03-23 15:27:04","2026-03-23 15:38:50"
1037,202,開花の層10F,10,/storage/images/maps/nadragand/map_id_202/kaika10f.webp,,5,"2026-03-23 15:35:49","2026-03-23 15:38:50"
1038,202,開花の層11F,14,/storage/images/maps/nadragand/map_id_202/kaika11f.webp,,6,"2026-03-23 15:35:49","2026-03-23 15:38:50"
1039,202,結実の層12F,12,/storage/images/maps/nadragand/map_id_202/ketsuzitsu12f.webp,,7,"2026-03-23 15:38:50","2026-03-23 15:38:50"
1040,210,沈没船,-1,/storage/images/maps/nadragand/map_id_210/tinbotsu.webp,,2,"2026-03-23 15:39:50","2026-03-23 15:39:50"
1041,119,ニの島上層,1,/storage/images/maps/ogreed_continent/map_id_119/ninoshima_zyoso.webp,,9,"2026-03-23 15:42:35","2026-03-23 15:42:35"
1042,158,ラバニの穴,1,/storage/images/maps/true_lendersia/map_id_158/rabani.webp,,2,"2026-03-23 15:45:59","2026-03-23 15:45:59"
1043,280,終焉の皇国1階,1,/storage/images/maps/tensei/map_id_280/syuen1f.webp,,7,"2026-03-23 17:49:30","2026-03-23 17:49:30"
1044,280,終焉の皇国2階,1,/storage/images/maps/tensei/map_id_280/syuen2f.webp,,8,"2026-03-23 17:49:30","2026-03-23 17:49:30"
1045,282,王国の悪夢,1,/storage/images/maps/tensei/map_id_282/okokunoakumu.webp,,4,"2026-03-23 22:38:49","2026-03-23 22:41:06"
1046,282,王国の悪夢・洞窟,1,/storage/images/maps/tensei/map_id_282/oukokunoakumudokutu.webp,,5,"2026-03-23 22:38:49","2026-03-23 22:41:06"
1047,282,王城へと続く道,1,/storage/images/maps/tensei/map_id_282/ouzyouhetotusudumichi.webp,,6,"2026-03-23 22:39:45","2026-03-23 22:41:06"
1048,282,白亜の王城1階,1,/storage/images/maps/tensei/map_id_282/hakua1f.webp,,7,"2026-03-23 22:41:07","2026-03-23 22:41:06"
1049,282,白亜の王城2階,1,/storage/images/maps/tensei/map_id_282/hakua2f.webp,,8,"2026-03-23 22:41:07","2026-03-23 22:41:07"
1050,282,白亜の王城3階,1,/storage/images/maps/tensei/map_id_282/hakua3f.webp,,9,"2026-03-23 22:41:07","2026-03-23 22:41:07"
1052,631,地上,1,/storage/images/maps/yumagram/map_id_631/1.webp,,1,"2026-06-26 17:48:46","2026-06-27 07:58:45"
1053,632,1階,1,/storage/images/maps/BokokunoIko/map_id_632/1.webp,,1,"2026-06-26 17:50:54","2026-06-26 17:50:54"
1054,632,2階,1,/storage/images/maps/BokokunoIko/map_id_632/2.webp,,2,"2026-06-26 17:50:54","2026-06-26 17:50:54"
1055,632,3階,1,/storage/images/maps/BokokunoIko/map_id_632/3.webp,,3,"2026-06-26 17:50:54","2026-06-26 17:50:54"
1056,633,地上,1,/storage/images/maps/solberum/map_id_633/1.webp,,1,"2026-06-26 17:58:10","2026-07-14 14:26:04"
1057,634,キャンプ方面,1,/storage/images/maps/yumagram/map_id_634/1.webp,,1,"2026-06-26 17:59:35","2026-06-27 07:57:12"
1058,634,深部,1,/storage/images/maps/yumagram/map_id_634/2.webp,,2,"2026-06-26 17:59:35","2026-06-27 07:57:12"
1059,635,地上,1,/storage/images/maps/yumagram/map_id_635/1.webp,,1,"2026-06-26 18:00:39","2026-06-27 08:06:22"
1060,635,地下,-1,/storage/images/maps/yumagram/map_id_635/underground.webp,,2,"2026-06-26 18:00:39","2026-06-27 08:06:22"
1061,636,1階,1,/storage/images/maps/yumagram/map_id_636/1.webp,,1,"2026-06-26 18:02:21","2026-06-27 08:20:55"
1062,636,2階,1,/storage/images/maps/yumagram/map_id_636/2.webp,,2,"2026-06-26 18:02:21","2026-06-27 08:20:55"
1063,636,搭乗デッキ,1,/storage/images/maps/yumagram/map_id_636/3.webp,,3,"2026-06-26 18:02:21","2026-06-27 08:20:55"
1064,637,地上,1,/storage/images/maps/yumagram/map_id_637/1.webp,,1,"2026-06-26 18:02:57","2026-06-27 09:24:31"
1065,638,地上,1,/storage/images/maps/yumagram/map_id_638/1.webp,,1,"2026-06-26 18:03:39","2026-06-27 09:37:41"
1066,639,地上,1,/storage/images/maps/yumagram/map_id_639/1.webp,,1,"2026-06-27 16:28:58","2026-06-27 16:29:50"
1067,640,地上,1,/storage/images/maps/yumagram/map_id_640/1.webp,,1,"2026-08-03 13:01:19","2026-08-03 13:01:19"
