id,display_order,name,name_kana,name_en,system_type,system_type_en,is_reincarnated,reincarnation_parent_id,source_url,image_path,trivia_1,trivia_2,created_at,updated_at
1,1,スライム,スライム,Slime,スライム系,Slime,0,,https://www.d-quest-10.com/detail/a00151.html,/storage/images/monsters/1.webp,プルプルとした水色の身体とまんまるのひとみがかわいらしいモンスター。皆さんおなじみのアイツ。,ひんやりプルプルの身体は暑くなるとしんどいようだ。真夏にはスライムたちが岩陰で寝ていたりする。,2026-03-12 13:29:31,2026-07-27 12:50:16
2,2,スライムベス,スライムベス,She-Slime,スライム系,Slime,0,,https://www.d-quest-10.com/detail/a00155.html,/storage/images/monsters/2.webp,あざやかな身体が自慢の色違いのスライム。スライムより ちょっぴり強くさわると 少しあたたかい。,じつは スライムのメスというウワサもあるようだが学会のえらい人でも真相は わからないらしい。,2026-03-12 13:29:34,2026-07-27 13:42:05
3,3,いたずらもぐら,イタズラモグラ,Mischievous Mole,獣系,Beast,0,,https://www.d-quest-10.com/detail/a00021.html,/storage/images/monsters/3.webp,スコップを持ったいたずら好きのモンスター。チカラをためてきたら気をつけよう！,かつては落とし穴を掘って旅人をはめようとしていたが仲間同士で穴に落ちまくりそれ以来自重している。,2026-03-12 13:29:37,2026-07-27 13:42:08
4,4,ビッグハット,ビッグハット,Sham Hatwitch,獣系,Beast,0,,https://www.d-quest-10.com/detail/a00237.html,/storage/images/monsters/4.webp,大きな帽子を深くかぶったイノシシ魔物のルーキー。戦いになるとおびえてしまい帽子にくるまって身を守る。,魔物たちについ最近までペットとして飼われていたが戦力になると見込まれ魔物の一員として戦っている。,2026-03-12 13:29:43,2026-07-27 13:42:11
5,5,ナスビナーラ,ナスビナーラ,Woebergine,植物系,Plant,0,,https://www.d-quest-10.com/detail/a00213.html,/storage/images/monsters/5.webp,旅人に自慢の踊りを見せるために現れるナスの形のモンスター。愛らしい動きに注目。,特徴的な踊りの動きは誰にも知られずがんばって身につけた努力のたまもの。目指すはナスビ界のプリマ！,2026-03-12 13:29:46,2026-07-27 12:50:16
6,6,おむつっこり,オムツッコリ,Bushy Baby,植物系,Plant,0,,https://www.d-quest-10.com/detail/a00047.html,/storage/images/monsters/6.webp,春芽吹いたばかりの樹木から生まれた精霊。かわいらしい姿で現れて旅人たちを和ませる。,おむつ卒業の時期が来ても大人になんかなりたくない！と言っておむつを脱がないじんめんじゅの赤ちゃん。,2026-03-12 13:29:49,2026-07-27 13:42:15
7,7,モーモン,モーモン,Teeny Sanguini,悪魔系,Demon,0,,https://www.d-quest-10.com/detail/a00336.html,/storage/images/monsters/7.webp,人間を見ると 遊んでほしくてフワフワとついてくる,かわいらしいモンスター。牛のような模様が 特徴。,2026-03-12 13:29:53,2026-07-27 13:42:20
8,8,いっかくウサギ,イッカクウサギ,Bunicorn,獣系,Beast,0,,https://www.d-quest-10.com/detail/a00022.html,/storage/images/monsters/8.webp,悪の心と鋭いツノを持ったウサギのモンスター。チカラをためその額のツノで攻撃してくる。,アグレッシブな性格だがさみしい夜は仲間同士身を寄せ合って寝ている意外とかわいらしい一面も。,2026-03-12 13:29:58,2026-07-27 13:42:26
9,9,ファーラット,ファーラット,Feralball,獣系,Beast,0,,https://www.d-quest-10.com/detail/a00247.html,/storage/images/monsters/9.webp,全身緑色の毛が生えた小型のモンスター。丸い身体を回転させながら攻撃をしかけてくる。,おくびょうな性格の持ち主でいつも草木にまぎれている。道行く旅人に気づかれずうっかり踏まれることも。,2026-03-12 13:30:01,2026-07-27 13:42:29
10,10,さそりばち,サソリバチ,Waspion,虫系,Insect,0,,https://www.d-quest-10.com/detail/a00112.html,/storage/images/monsters/10.webp,獲物を求めて飛びまわる巨大なハチのモンスター。さそりを思わせるしっぽの針で襲いかかる。,さそりと名前に入っているが別に毒は持っていない。さそりばち本人はそれがコンプレックスのようだ。,2026-03-12 13:30:04,2026-07-27 13:42:33
11,11,ドラキー,ドラキー,Dracky,鳥系,Bird,0,,https://www.d-quest-10.com/detail/a00200.html,/storage/images/monsters/11.webp,コウモリによく似ている空飛ぶモンスター。攻撃するとひらひらと身をかわされることも。,キャラのかぶっているライバルモーモンの登場で守り続けたナンバー２の座が危ぶまれ気が気でない。,2026-03-12 13:30:07,2026-07-27 13:42:36
12,12,メラゴースト,メラゴースト,Firespirit,エレメント系,Elemental,0,,https://www.d-quest-10.com/detail/a00333.html,/storage/images/monsters/12.webp,炎の呪文メラから生まれたたよりない下級霊。ゆらりゆらりとゆらめいて攻撃をかわしてくる。,半人前の魔法使いが唱えた失敗作のメラが燃えつきる時あまりのむなしさに魔物となってしまった……。,2026-03-12 13:30:10,2026-07-27 13:42:40
13,13,しましまキャット,シマシマキャット,Candy Cat,獣系,Beast,0,,https://www.d-quest-10.com/detail/a00133.html,/storage/images/monsters/13.webp,のんびり屋の猫魔族。シマ模様と長いベロは一部に人気があるらしい。毛はフカフカであたたかい。,コイツが顔を洗うと明日は雨が降るというが本当はヒマなので毛づくろいをしているだけ。,2026-03-12 13:30:13,2026-07-27 13:42:43
14,14,クックルー,クックルー,Grudgerigar,鳥系,Bird,0,,https://www.d-quest-10.com/detail/a00083.html,/storage/images/monsters/14.webp,ルカニで守備力を下げてから鋭いクチバシで襲ってくる。相手が強いと逃げてしまうおくびょうな鳥魔物。,冬が近づくと自慢の羽毛をふわふわにふくらませてからその中に顔をうずめて寒さをしのぐという。,2026-03-12 13:30:16,2026-07-27 13:42:46
15,15,おおきづち,オオキヅチ,Hammerhood,怪人系,Humanoid,0,,https://www.d-quest-10.com/detail/a00036.html,/storage/images/monsters/15.webp,身体と同じくらいの大きな木づちに振り回されミスばかりのモンスター。だが油断していると……？,まるで持っている木づちが本体かのように呼ばれるのでオレの存在ってなんなんだ？と自問自答の日々。,2026-03-12 13:30:19,2026-07-27 13:42:50
16,16,プチアーノン,プチアーノン,Khalamari Kid,水系,Aquatic,0,,https://www.d-quest-10.com/detail/a00252.html,/storage/images/monsters/16.webp,浜辺でぼんやりしたりらくがきしたりと無邪気に遊ぶイカベビー。あたたかい目で見守ろう。,プチアーノンのらくがきは前衛的なアートと賞賛されコレクターたちの間で高値で取り引きされるとか。,2026-03-12 13:30:24,2026-07-27 13:42:53
17,17,ねこまどう,ネコマドウ,Meowgician,獣系,Beast,0,,https://www.d-quest-10.com/detail/a00218.html,/storage/images/monsters/17.webp,黄色のローブに身を包みメラを唱える化けネコ。相手が強いとしっぽを巻いて逃げだしてしまうことも。,いついかなるときでも顔を洗って自慢のヒゲを整えるのに余念がない。身だしなみは大切なのニャ！,2026-03-12 13:30:26,2026-07-27 13:42:56
18,18,オニオーン,オニオーン,Ornery Onion,植物系,Plant,0,,https://www.d-quest-10.com/detail/a00041.html,/storage/images/monsters/18.webp,大きなタマネギに手足が生えたモンスター。見た目によらずかしこくやくそうでキズを治す。,オニオーンのことをうっかりタマネギと呼ぶと生焼けタマネギを食べる呪いにかけられるらしい。,2026-03-12 13:30:30,2026-07-27 13:42:59
19,19,ゴースト,ゴースト,Ghost,ゾンビ系,Undead,0,,https://www.d-quest-10.com/detail/a00099.html,/storage/images/monsters/19.webp,いきなり現れて旅人をおどろかせるが戦闘に入ると逃げだすおくびょうな幽霊。,陽気でキレ者のゴーストはわらいぶくろの代わりにギャグを考案してやるゴーストライターらしい。,2026-03-12 13:30:33,2026-07-27 13:43:03
20,20,スライムつむり,スライムツムリ,Shell Slime,スライム系,Slime,0,,https://www.d-quest-10.com/detail/a00153.html,/storage/images/monsters/20.webp,かたいカラをかぶってぷるぷるボディを守りぬくはずかしがり屋のスライム。カラの下からヒャドをはなつ。,スライムつむりがのたのたと通った後には緑色のネバネバが線を引いて残っている……。,2026-03-12 13:30:36,2026-07-27 13:43:06
21,21,キラースコップ,キラースコップ,Mad Mole,獣系,Beast,0,,https://www.d-quest-10.com/detail/a00071.html,/storage/images/monsters/21.webp,チカラをためて襲いかかるパワフルなモンスター。愛用のスコップは毎晩みがきあげている。,旅人を襲うかたわらで洞くつを掘る工事現場によく駆りだされている。仕事のあとの一杯は格別。,2026-03-12 13:30:39,2026-07-27 13:43:09
22,22,みならいあくま,ミナライアクマ,Winkster,悪魔系,Demon,0,,https://www.d-quest-10.com/detail/a00320.html,/storage/images/monsters/22.webp,呪文を覚えはじめたばかりのまだまだ青いビギナー悪魔。呪文を使えるのがうれしくてメラをうちまくってくる。,毎日寝る間をおしんで呪文の勉強をしている。彼のひそかな努力を知る者はめったにいないだろう。,2026-03-12 13:30:42,2026-07-27 13:43:12
23,23,バブルスライム,バブルスライム,Bubble Slime,スライム系,Slime,0,,https://www.d-quest-10.com/detail/a00226.html,/storage/images/monsters/23.webp,ドロドロに溶けた身体は触れた者を毒に冒す。キアリーや どくけしそうの準備を忘れないように。,眠るときは 毒の沼地にゆっくり身体をひたらせて心ゆくまで休むという。疲れると 泡が減ってしまう。,2026-03-12 13:30:44,2026-07-27 13:43:16
24,24,メラリザード,メラリザード,Frizzard,ドラゴン系,Dragon,0,,https://www.d-quest-10.com/detail/a00334.html,/storage/images/monsters/24.webp,メラをたくさんはいて原っぱをコゲだらけにするいたずら好きのトカゲ。小さな羽がトレードマーク。,コイツの起こすボヤ騒ぎが地元消防団の悩みのタネ。彼らがかかげる標語は火の用心トカゲ１匹火事の元。,2026-03-12 13:30:47,2026-07-27 13:43:19
25,25,タホドラキー,タホドラキー,Drackmage,鳥系,Bird,0,,https://www.d-quest-10.com/detail/a00173.html,/storage/images/monsters/25.webp,森の中で暮らすうちに緑の身体になったドラキー。ひらりひらりと攻撃をかわしルカナンをかけてくる。,タホってどういう意味？そう聞いても教えてくれない。どうやらただならぬ秘密が隠されているらしい……。,2026-03-12 13:30:51,2026-07-27 13:43:22
26,26,おばけキャンドル,オバケキャンドル,Wax Murderer,物質系,Material,0,,https://www.d-quest-10.com/detail/a00044.html,/storage/images/monsters/26.webp,ずっと使われなかったろうそくが魔物と化した。メラを使ってくるのでヤケドしないように倒そう。,芯がもったいないので眠るときは火を消している。魔物の世界でもエコの精神が浸透しているようだ。,2026-03-12 13:30:54,2026-07-27 13:43:26
27,27,ホイップゴースト,ホイップゴースト,Whipped Scream,エレメント系,Elemental,0,,https://www.d-quest-10.com/detail/a00290.html,/storage/images/monsters/27.webp,モコモコした泡の身体がかわいいゴースト。おとなしそうに見えて意外に攻撃力が高い。,お菓子好きの魔女の作品。砂糖と塩を間違えてホイップされてしまったのでちょっと不満顔なのだ。,2026-03-12 13:31:00,2026-07-27 13:43:29
28,28,メーダ,メーダ,Lunatick,虫系,Insect,0,,https://www.d-quest-10.com/detail/a00324.html,/storage/images/monsters/28.webp,暗闇の中で進化した大きなひとつ目を持つ魔物。ぼうぎょ中に手を出すとビリッとやられるぞ。,大きく進化したその目は闇の中でも獲物を逃がさない。ちなみにメーダとは目玉という意味である。,2026-03-12 13:31:03,2026-07-27 13:43:32
29,29,メタッピー,メタッピー,Mecha-Mynah,マシン系,Machine,0,,https://www.d-quest-10.com/detail/a00327.html,/storage/images/monsters/29.webp,人間の監視用に魔物が作った小型の鳥のマシン。ピオラですばやさを上げては先制攻撃をしかけてくるぞ。,人間の監視用に作られたがついつい戦いを挑んでしまい返り討ちにあってしまう。じつはバグの多い欠陥品。,2026-03-12 13:31:06,2026-07-27 13:43:35
30,30,ボーンバット,ボーンバット,Bone Bat,ゾンビ系,Undead,0,,https://www.d-quest-10.com/detail/a00296.html,/storage/images/monsters/30.webp,人間に倒された魔物の骨に魂が宿りよみがえったアンデッドのモンスター。呪い攻撃をしかけてくる。,なにを隠そう生きてる時はかわいいドラキーだった！骨になってしまうとごらんのありさまである。,2026-03-12 13:31:09,2026-07-27 13:43:38
31,31,ホイミスライム,ホイミスライム,Healslime,スライム系,Slime,0,,https://www.d-quest-10.com/detail/a00291.html,/storage/images/monsters/31.webp,仲間がピンチになるとすかさずホイミで助ける心優しい スライムの仲間。モンスター界の人気者。,同時に ２匹の魔物から助けを呼ばれてしまいどうしていいか困ることも。人気があるのもツライのだ。,2026-03-12 13:31:12,2026-07-27 13:43:41
32,32,どくイモムシ,ドクイモムシ,Illerpillar,虫系,Insect,0,,https://www.d-quest-10.com/detail/a00194.html,/storage/images/monsters/32.webp,深い緑の体色を持ち毒の息をはきだすイモムシ。動きはのろいが高いＨＰに苦労するだろう。,エサの毒草を食べることで毒の息をはくようになった。いつか美しいチョウになって羽ばたく日を夢見ている。,2026-03-12 13:31:17,2026-07-27 13:43:45
33,33,ブラウニー,ブラウニー,Brownie,怪人系,Humanoid,0,,https://www.d-quest-10.com/detail/a00257.html,/storage/images/monsters/33.webp,テンションを上げて戦う小型の魔物ファイター。小さな身体を使った回転技もくりだしてくる。,おにこんぼう先輩にあこがれポーズをマネしている。強くなったら先輩の棍棒をゆずってもらう約束だ。,2026-03-12 13:31:20,2026-07-27 13:43:48
34,34,おにこぞう,オニコゾウ,Pickayune,怪人系,Humanoid,0,,https://www.d-quest-10.com/detail/a00042.html,/storage/images/monsters/34.webp,マヌーサでこちらを惑わせ熱いブレスを吹いたり挑発してきたりする血の気が多い小さな鬼。,晩ご飯が嫌いなメニューだとツノまで真っ赤にしてかんしゃくを起こすワガママなゆとり魔物。,2026-03-12 13:31:23,2026-07-27 13:43:51
35,35,リリパット,リリパット,Bodkin Archer,怪人系,Humanoid,0,,https://www.d-quest-10.com/detail/a00351.html,/storage/images/monsters/35.webp,森林の植物を愛する弓を持った小柄な魔物。スカラを唱えて向かってくる用心深い性格の持ち主。,沿道に種をまいているが踏みつける旅人が多くちょっとご立腹。芽の出ないエコロジスト。,2026-03-12 13:31:27,2026-07-27 13:43:54
36,36,つちわらし,ツチワラシ,Lickspittle,怪人系,Humanoid,0,,https://www.d-quest-10.com/detail/a00177.html,/storage/images/monsters/36.webp,だらしなく伸びた舌が特徴。ホイミスライムや同族に助けを求めながら戦うずるがしこいモンスター。,土をなめるのが大好きで立ったまま味見できるよう舌がなが～く進化した。ドワチャッカの土が大好物。,2026-03-12 13:31:30,2026-07-27 13:43:58
37,37,ぬすっとウサギ,ヌスットウサギ,Robber Rabbit,獣系,Beast,0,,https://www.d-quest-10.com/detail/a00215.html,/storage/images/monsters/37.webp,農作物を盗んで生活している道を外れた野良ウサギ。修羅場をくぐって身につけたドロップキックが得意技。,見るからにこわい外見だがマスクの下はわりと童顔。そのつぶらな瞳でじっと見つめ返してくるという。,2026-03-12 13:31:39,2026-07-27 13:44:01
38,38,フェアリードラゴン,フェアリードラゴン,Damselfly,ドラゴン系,Dragon,0,,https://www.d-quest-10.com/detail/a00249.html,/storage/images/monsters/38.webp,チョウの羽を生やしたドラゴンの変種。ラリホーを唱えたり火の玉をはいたりしてくる。,恋のシーズンになるとオスは大きな羽を広げてメスへの愛をアピールする。美しさで勝負が決まるのだ。,2026-03-12 13:31:43,2026-07-27 13:44:04
39,39,キャタピラー,キャタピラー,Killerpillar,虫系,Insect,0,,https://www.d-quest-10.com/detail/a00066.html,/storage/images/monsters/39.webp,高い守備力に定評がある巨大なイモムシの魔物。ネバネバした糸をはきこちらの動きを封じてくる。,産卵間近のメスはものすごくキゲンが悪くよくオスをいじめるらしい。虫の世界も男はつらいよ。,2026-03-12 13:31:48,2026-07-27 13:44:07
40,40,もみじこぞう,モミジコゾウ,Leafy Larrikin,植物系,Plant,0,,https://www.d-quest-10.com/detail/a00339.html,/storage/images/monsters/40.webp,もみじの葉のような妖怪。仲間を集めて襲いかかり攻撃してもひらひら避けてなかなか当たらない。,５本の足それぞれに下駄を履くのは大変なので脱ぐときはいつもきっちりそろえることにしている。,2026-03-12 13:31:51,2026-07-27 13:44:10
41,41,どくろあらい,ドクロアライ,Haardvark,獣系,Beast,0,,https://www.d-quest-10.com/detail/a00197.html,/storage/images/monsters/41.webp,気に入った骨を持ち歩く邪悪なカンガルー。どくろに宿る魔力を使って呪い攻撃をしかけてくる。,マイどくろはマメに洗ってとても大事にしている。マクラにしたり食器にしたりとっても便利なのだ。,2026-03-12 13:31:54,2026-07-27 13:44:14
42,42,さまようたましい,サマヨウタマシイ,Lost Soul,エレメント系,Elemental,0,,https://www.d-quest-10.com/detail/a00116.html,/storage/images/monsters/42.webp,死してなお未練が消えずこの世をさまよいつづける悲しいたましい。悩みぬいた末自爆する。,まごまごしている時に耳を寄せてみると孫は元気かのう……とポツリ。お孫さんが心配みたい。,2026-03-12 13:31:57,2026-07-27 13:44:18
43,43,シールドこぞう,シールドコゾウ,Leery Lout,怪人系,Humanoid,0,,https://www.d-quest-10.com/detail/a00122.html,/storage/images/monsters/43.webp,顔がついた盾にかくれながら攻撃してくるモンスター。ひとたび怒るとその盾が火の息をはきちらす。,かわいい顔をしているので相手になめられないようこわい顔がついた盾を使ってハクをつけている。,2026-03-12 13:32:00,2026-07-27 13:44:21
44,44,メタルスライム,メタルスライム,Metal Slime,スライム系,Slime,0,,https://www.d-quest-10.com/detail/a00328.html,/storage/images/monsters/44.webp,とても経験値が高いのでよく旅人に狙われる。そのため 旅人の顔を見るとまたたく間に逃げてしまう。,メタルスライムの間では逃げる前に 何発 旅人にメラを当てられるかで勇敢さが決まるという。,2026-03-12 13:32:04,2026-07-27 13:44:24
45,45,ゴールデントーテム,ゴールデントーテム,Gem Jamboree,スライム系,Slime,0,,https://www.d-quest-10.com/detail/a00102.html,/storage/images/monsters/45.webp,セレブなスライムが結託し金ピカな記念タワーとなった。倒すと ちょっぴりリッチな気分に ひたれる。,黄金の ぷるぷるボディは社交界でも あこがれの存在。コイツらをペットにするのがお嬢様たちのステータス。,2026-03-12 13:32:07,2026-07-27 13:44:27
46,46,おおくちばし,オオクチバシ,Beakon,鳥系,Bird,0,,https://www.d-quest-10.com/detail/a00039.html,/storage/images/monsters/46.webp,巨大なクチバシを持った不気味な鳥の魔物。怒ると自慢の脚力を活かし飛びあがって攻撃してくる。,より速く走るために翼という重荷を捨てた。スピードの魔に魅入られて今日も一陣の風となる。,2026-03-12 13:32:10,2026-07-27 13:44:31
47,47,ギズモ,ギズモ,Cumaulus,エレメント系,Elemental,0,,https://www.d-quest-10.com/detail/a00062.html,/storage/images/monsters/47.webp,モコモコとした雲の魔物。手を出すとさぁっと広がりこちらの攻撃をかわす。雷も操るので要注意だ。,風の強い日は遠くに飛ばされ迷子になったギズモを見かけることができるかも。雲の身体も大変なのだ,2026-03-12 13:32:13,2026-07-27 13:44:34
48,48,アルミラージ,アルミラージ,Spiked Hare,獣系,Beast,0,,https://www.d-quest-10.com/detail/a00014.html,/storage/images/monsters/48.webp,チカラをためて攻撃してくるだけではなくラリホーも唱えて戦うずるがしこい魔獣。,誰かれかまわずツノを向けて突進してくる体当たりの攻撃が原因で全身が紫色にはれたという。,2026-03-12 13:32:16,2026-07-27 13:44:37
49,49,ピッキー,ピッキー,Bludgerigar,鳥系,Bird,0,,https://www.d-quest-10.com/detail/a00235.html,/storage/images/monsters/49.webp,あざやかな色の羽と凶暴な性格を持つ鳥魔物。ドルマやルカナンを使いこなすかしこいヤツ。,自分の羽根で巣を作るためピッキーの巣は超カラフル。卵を産む季節になると草原が彩りに満たされる。,2026-03-12 13:32:20,2026-07-27 13:44:40
50,50,どんぐりベビー,ドングリベビー,Mitey Oak,植物系,Plant,0,,https://www.d-quest-10.com/detail/a00208.html,/storage/images/monsters/50.webp,まるい身体がかわいらしい草原に暮らす木の精霊。頭に生えた赤い葉っぱをとても大切にしている。,誰が一番大きくなるかみんなで競争しているがそこはどんぐりの背比べ。たいした違いはない。,2026-03-12 13:32:23,2026-07-27 13:44:44
51,51,はぐれメタル,ハグレメタル,Liquid Metal Slime,スライム系,Slime,0,,https://www.d-quest-10.com/detail/a00361.html,/storage/images/monsters/51.webp,高い守備力と すばやさは魔物たちの中でもピカイチ。逃がさずに 見事倒せばスゴイ経験値をゲットだ！,そのメタルボディは形を自由に変えられるためメタルスライムのフリをしてこっそり遊んでいることも。,2026-03-12 13:32:27,2026-07-27 13:44:47
52,52,メイジドラキー,メイジドラキー,Drackolyte,鳥系,Bird,0,,https://www.d-quest-10.com/detail/a00323.html,/storage/images/monsters/52.webp,いろんな呪文を身につけひとまわり成長して魔界から舞い戻ってきたピンク色のドラキー。,長くつらい修行を終えて魔界から戻ってきたのに他のドラキーたちからはすっかり忘れ去られていた。,2026-03-12 13:32:30,2026-07-27 13:44:50
53,53,しびれだんびら,シビレダンビラ,Paralyslicer,物質系,Material,0,,https://www.d-quest-10.com/detail/a00132.html,/storage/images/monsters/53.webp,全身にマヒ毒がぬってあるおそろしい大太刀の悪魔。みがきをかけた身体で出くわした旅人に斬りつける。,しびれだんびらを使えば斬ると同時にマヒして痛みを感じないのでは？と一部の医者が注目している。,2026-03-12 13:32:35,2026-07-27 13:44:53
54,54,びっくりサタン,ビックリサタン,Dancing Devil,悪魔系,Demon,0,,https://www.d-quest-10.com/detail/a00240.html,/storage/images/monsters/54.webp,悪魔でありながらその性格はきわめて明るい。楽しそうな踊りにつられないように！,魔界のダンスコンテストに向け仲間と一緒に猛特訓中。奇妙な動きなら負けないぞ！ライバルはナスビナーラ。,2026-03-12 13:32:40,2026-07-27 13:44:57
55,55,ふくまねき,フクマネキ,Fortune Weaver,怪人系,Humanoid,0,,https://www.d-quest-10.com/detail/a00407.html,/storage/images/monsters/55.webp,魔法の迷宮に住んでいるふくびきの精霊。倒すことができれば報酬のふくびき券が増えるらしい。,魔法の迷宮のふくびき券はすべて彼が発行しているとか。旅のコンシェルジュとの癒着がウワサされている。,2026-03-12 13:32:42,2026-07-27 13:45:00
56,56,ふゆうじゅ,フユウジュ,Monolog,植物系,Plant,0,,https://www.d-quest-10.com/detail/a00254.html,/storage/images/monsters/56.webp,羽が生えた切り株の魔物。メダパニを唱えてこちらを混乱させてくるいやらしいヤツ。,羽が生えて自由を得たとふゆうじゅは思った。だが結局は魔物の命令に従うふじゆうな人生が待っていた。,2026-03-12 13:32:45,2026-07-27 13:45:03
57,57,チャームバット,チャームバット,Charm Bat,ゾンビ系,Undead,0,,https://www.d-quest-10.com/detail/a00175.html,/storage/images/monsters/57.webp,目の奥からはなたれる魅惑の視線にとりつかれると彼女の手足として操られる。ピンクの身体が自慢らしい。,そのあやしい目つきとピンクの身体から察するにお色気担当と思われるが骨だけに身のない話だ。,2026-03-12 13:32:48,2026-07-27 13:45:06
58,58,どくやずきん,ドクヤズキン,Bodkin Fletcher,怪人系,Humanoid,0,,https://www.d-quest-10.com/detail/a00196.html,/storage/images/monsters/58.webp,毒をぬった矢を撃って獲物を射止める狩人。仲間を呼ぶこともあるのですばやく倒そう。,毒矢を切らさないためにいつもバブルスライムをフトコロにしのばせて一緒に旅をしているという。,2026-03-12 13:32:51,2026-07-27 13:45:10
59,59,しびれくらげ,シビレクラゲ,Man o' War,水系,Aquatic,0,,https://www.d-quest-10.com/detail/a00131.html,/storage/images/monsters/59.webp,海をのんきにただようのんびりした性格のクラゲ。油断してるとマヒ攻撃を受け何もできなくなるぞ。,たまに大量のしびれくらげが網にかかり漁師を困らせる。中にはとてつもなく大きなしびれくらげもいるという。,2026-03-12 13:32:54,2026-07-27 13:45:13
60,60,メタルブラザーズ,メタルブラザーズ,Metal Medley,スライム系,Slime,0,,https://www.d-quest-10.com/detail/a00360.html,/storage/images/monsters/60.webp,俊足自慢のメタルスライムが積み重なって 速さも３倍！メラストームをはなって華麗に逃げ去っていく。,一番下は苦労人の長男。真ん中は道楽者の次男。一番上は世渡り上手の三男。魔物界でも末っ子は強い。,2026-03-12 13:32:58,2026-07-27 13:45:16
61,61,マドハンド,マドハンド,Muddy Hand,ゾンビ系,Undead,0,,https://www.d-quest-10.com/detail/a00316.html,/storage/images/monsters/61.webp,人の手の形をしたモンスター。手まねきをしてつぎつぎと仲間を呼んでは戦闘を長引かせてくる。,マッドフィンガーという魔物にちょくちょく呼びだされては浮き足立って駆けつける。マドハンドにも春到来か！？,2026-03-12 13:33:01,2026-07-27 13:45:19
62,62,ポイズントリル,ポイズントリル,Poison Trill,エレメント系,Elemental,0,,https://www.d-quest-10.com/detail/a00288.html,/storage/images/monsters/62.webp,紫色のボディにため込んだ毒気をはいて攻撃してくる。姿かたちは愛らしいが中身は毒々しい悪霊。,ドングリまなことおちょぼグチのトボけた顔で他の魔物がおどろくようなえげつない毒舌をふるう。,2026-03-12 13:33:04,2026-07-27 13:45:23
63,63,おばけヒトデ,オバケヒトデ,Scarfish,水系,Aquatic,0,,https://www.d-quest-10.com/detail/a00046.html,/storage/images/monsters/63.webp,ブーメランのように飛んで人を襲う巨大なヒトデ。覚えたてのふしぎなおどりでＭＰをうばっていくぞ。,鋭く頑丈な歯を持っておりサンゴや貝がらをバキバキと食べるという。とりわけウニが大好物。,2026-03-12 13:33:07,2026-07-27 13:45:26
64,64,メタルキング,メタルキング,Metal King Slime,スライム系,Slime,0,,https://www.d-quest-10.com/detail/a00377.html,/storage/images/monsters/64.webp,その巨体に秘められたとんでもない経験値に魅せられ幾多の冒険者が追い求めるみんな大好き メタルの王！,まぼろしの経験値のせいで最近 乱獲が続いているとか。,2026-03-12 13:33:11,2026-07-27 13:45:29
65,66,たけやりへい,タケヤリヘイ,Bambooligan,マシン系,Machine,0,,https://www.d-quest-10.com/detail/a00167.html,/storage/images/monsters/65.webp,竹やりをかまえた謎の兵士。仲間同士でおうえんしあい竹林を荒らそうとする者を必死でくい止めようとする。,竹林は自分の故郷であり魂の帰る場所っスから……。たけやりへいは竹林にありっタケの想いをササぐ。,2026-03-12 13:33:17,2026-07-27 13:45:36
66,67,しのどれい,シノドレイ,Dead Resident,ゾンビ系,Undead,0,,https://www.d-quest-10.com/detail/a00130.html,/storage/images/monsters/66.webp,奴隷のまま死んでしまいその怨念でゾンビと化した。足の鉄球で攻撃したり呪いをかけてきたりする。,死んで骨になった今でも足の鉄球がはずれない。呪われし運命に囚われた哀れな死の奴隷。,2026-03-12 13:33:19,2026-07-27 13:45:39
67,68,ゆめにゅうどう,ユメニュウドウ,Napir,怪人系,Humanoid,0,,https://www.d-quest-10.com/detail/a00341.html,/storage/images/monsters/67.webp,まくらを抱えて現れるいやらしい目つきの魔獣。旅人を眠らせその夢を食べるという。,相手を眠らせるのが得意なゆめにゅうどうだが昨今なにかと心配事が多く不眠症で悩んでいる。,2026-03-12 13:33:25,2026-07-27 13:45:42
68,69,くみひもこぞう,クミヒモコゾウ,String Fella,物質系,Material,0,,https://www.d-quest-10.com/detail/a00084.html,/storage/images/monsters/68.webp,かまってほしくて絡んでくるいたずらっこのモンスター。ハンマーで攻撃してきたりロープでしめあげてくる。,高名な職人が編んだくみひもに魂が宿った。こう見えてもともとはセレブ御用達の高級品。,2026-03-12 13:33:31,2026-07-27 13:45:45
69,70,グレムリン,グレムリン,Gremlin,悪魔系,Demon,0,,https://www.d-quest-10.com/detail/a00091.html,/storage/images/monsters/69.webp,一人前の魔族を目指し人間を襲う小悪魔。覚えたてのホイミは自分にしか使わない。,一人前になるまでは強い魔物に弟子入りしてその使い魔になるという。見た目によらず努力家だ。,2026-03-12 13:33:33,2026-07-27 13:45:48
70,71,ぐんたいガニ,グンタイガニ,Crabid,水系,Aquatic,0,,https://www.d-quest-10.com/detail/a00092.html,/storage/images/monsters/70.webp,じょうぶなハサミとこうらを持つカニの魔物。次から次へと仲間を呼び群れで襲いかかってくる。,ぐんたいガニというがそれほど上下関係はない。みんな仲良しなので一緒にいるのが好きなだけ。,2026-03-12 13:33:36,2026-07-27 13:45:51
71,72,あばれこまいぬ,アバレコマイヌ,Foo Dog,獣系,Beast,0,,https://www.d-quest-10.com/detail/a00011.html,/storage/images/monsters/71.webp,凶暴な犬の魔物。人の血に飢えていてテンションを上げては襲いかかってくる。,魔物界では番犬として有名。常に凶暴にしておくためお世話係のモンスターはあえてエサをやらないとか。,2026-03-12 13:33:39,2026-07-27 13:45:55
72,73,ハンターフライ,ハンターフライ,Rumble Bee,虫系,Insect,0,,https://www.d-quest-10.com/detail/a00230.html,/storage/images/monsters/72.webp,知能の高いハチ型の魔物。バギやピオリムを使いこなしマヒ攻撃もしかけてくるさそりばち界のエリート。,なかなか獲物になる人間が見つからないときはしぶしぶ花のミツを吸って空腹をしのいでいるという。,2026-03-12 13:33:42,2026-07-27 13:45:58
73,74,ポイズンリザード,ポイズンリザード,Killer Gila,水系,Aquatic,0,,https://www.d-quest-10.com/detail/a00289.html,/storage/images/monsters/73.webp,毒の沼地で生まれたトカゲのモンスター。毒の息をはきだしたりボディプレスをしかける。,行きつけの毒の沼地には友達のバブルスライムがいる。ときどき泳いで競争したり毒水をかけあったりする。,2026-03-12 13:33:49,2026-07-27 13:46:01
74,75,スカルガルー,スカルガルー,Guaardvark,獣系,Beast,0,,https://www.d-quest-10.com/detail/a00141.html,/storage/images/monsters/74.webp,ホイミやメダパニなどの呪文をくりだす意外にかしこい魔物。怪しい笑顔にご用心。,知能の高いどくろあらい。呪文の勉強にかまけるうちにいつしかどくろは洗わず使い捨てるようになった。,2026-03-12 13:33:52,2026-07-27 13:46:05
75,76,トンブレロ,トンブレロ,Ham Shamwitch,獣系,Beast,0,,https://www.d-quest-10.com/detail/a00209.html,/storage/images/monsters/75.webp,お気に入りの帽子をかぶり世界をさすらうブタの魔物。小さい身体に炎をため込みことあるごとにはきちらす。,旅しないブタはただのブタ。そう言って群れを離れた。旅のお供であるソンブレロは手に入れた自由の証なのだ。,2026-03-12 13:33:55,2026-07-27 13:46:08
76,77,ガチャコッコ,ガチャコッコ,Clockwork Cuckoo,マシン系,Machine,0,,https://www.d-quest-10.com/detail/a00051.html,/storage/images/monsters/76.webp,魔物たちが人間を襲うために作った白い殺人マシン。刃物のように鋭い羽で斬りかかってくる。,白い身体を誇りにしておりときどき水に映る自分に見とれたりしているナルシストな鳥のマシン。,2026-03-12 13:33:58,2026-07-27 13:46:11
77,79,デビルスノー,デビルスノー,Shivery Shrubbery,エレメント系,Elemental,0,,https://www.d-quest-10.com/detail/a00188.html,/storage/images/monsters/77.webp,たくさんの雪の結晶が集まり邪悪な魔物と化した。氷の呪文ヒャドを連発する雪国の暴れん坊。,氷上をあざやかに舞ってトリプルアクセルを決める下駄スケートの名手。銀盤の妖精という異名を持つ。,2026-03-12 13:34:02,2026-07-27 13:46:17
78,80,スノーモン,スノーモン,Snow Sanguini,悪魔系,Demon,0,,https://www.d-quest-10.com/detail/a00147.html,/storage/images/monsters/78.webp,雪のような純白の毛を持つ血統書付きのモーモン。空を優雅にただよいながら痛恨の一撃チャンスを待つ。,年に１回魔界で開催されるモーモン品評会で見事最優秀賞を受賞した輝かしいキャリアの持ち主。,2026-03-12 13:34:09,2026-07-27 13:46:20
79,81,カメレオンマン,カメレオンマン,Pesky Jester,怪人系,Humanoid,0,,https://www.d-quest-10.com/detail/a00055.html,/storage/images/monsters/79.webp,オレンジ色のマントをまとい刃物を持ち歩く怪人。軽やかな足取りで近づきすばやく２回斬りつける。,自分の似顔絵を描いた変質者注意！の立て札をあちこちに立てるのが好き。人智が及ばぬほどの変人。,2026-03-12 13:34:13,2026-07-27 13:46:24
80,82,ゴールデンスライム,ゴールデンスライム,Gem Slime,スライム系,Slime,0,,https://www.d-quest-10.com/detail/a00403.html,/storage/images/monsters/80.webp,幻の黄金郷で生まれたというプレミアムなスライム。もちろん落とすゴールドも超ロイヤル級なのだ！,この魔物を倒した者は一生お金に困らなくなるという言い伝えのせいで 冒険者に狙われ続ける 不幸な身の上。,2026-03-12 13:34:16,2026-07-27 13:46:27
81,83,モコモコじゅう,モコモコジュウ,Rotten Cotton,獣系,Beast,0,,https://www.d-quest-10.com/detail/a00338.html,/storage/images/monsters/81.webp,モコモコとしてかわいらしい真っ白なケモノ。仲間を呼んでおうえんするわりと他人まかせなヤツ。,モコモコのかわいい外見だがよくよく見ると目が３つありなでようと近づいた旅人をおどろかせる。,2026-03-12 13:34:20,2026-07-27 13:46:30
82,84,ジャガーメイジ,ジャガーメイジ,Clawcerer,獣系,Beast,0,,https://www.d-quest-10.com/detail/a00134.html,/storage/images/monsters/82.webp,厳しい修行を積んだジャガーの魔道士。得意げにマヌーサやイオを唱えてくる。,イオナズンを失敗してひとり落ち込んだときは自分の肉球をフニフニして明日への活力を養う。,2026-03-12 13:34:25,2026-07-27 13:46:33
83,85,ともしびこぞう,トモシビコゾウ,Wickerman,物質系,Material,0,,https://www.d-quest-10.com/detail/a00199.html,/storage/images/monsters/83.webp,怨念の炎を燃やし続けるろうそく形のモンスター。さまざまなフォースをまとい斬りかかってくる。,じつは魔物たちの心をいやす魔界のアロマキャンドル。ロウが溶けていくほどになんだかイヤなニオイがする。,2026-03-12 13:34:29,2026-07-27 13:46:37
84,86,スライムナイト,スライムナイト,Slime Knight,スライム系,Slime,0,,https://www.d-quest-10.com/detail/a00154.html,/storage/images/monsters/84.webp,弱き者には ホイミのいやしを仇なす者には かぶと割りを。大きなスライムに またがった心優しき小さな騎士。,かたい絆で結ばれたスライムと騎士は一心同体。一方が安らかに眠れば相方も自然と眠りにつく。,2026-03-12 13:34:32,2026-07-27 13:46:40
85,87,スライムタワー,スライムタワー,Slime Stack,スライム系,Slime,0,,https://www.d-quest-10.com/detail/a00152.html,/storage/images/monsters/85.webp,３匹の仲良しスライムがなんとなく積み重なった。チカラを合わせてスライムシャワーを降らせる。,相棒とケンカ別れしたスライムナイトの下が今度は上になってみたいとタワー化を持ちかけた。,2026-03-12 13:34:35,2026-07-27 13:46:43
86,88,キメラ,キメラ,Chimaera,鳥系,Bird,0,,https://www.d-quest-10.com/detail/a00065.html,/storage/images/monsters/86.webp,おなかに溜め込んだ火の息をはくモンスター。ノリにノっているときはかえんの息まではいてくる。,ハゲタカとヘビの合成獣。魔王よなぜこのふたつを組み合わせたのか？答えは闇の中だ……。,2026-03-12 13:34:40,2026-07-27 13:46:46
87,89,アイアンクック,アイアンクック,Robo-Robin,マシン系,Machine,0,,https://www.d-quest-10.com/detail/a00002.html,/storage/images/monsters/87.webp,くろがねのボディを持つ鳥型の暗殺マシン。ＨＰが低くなってくると自爆するというこわいヤツ。,戦闘中はプログラムに忠実な１体のマシンにすぎないがひとりでいると命ってなんだろうと考えたりする。,2026-03-12 13:34:43,2026-07-27 13:46:50
88,90,タップデビル,タップデビル,Tap Devil,悪魔系,Demon,0,,https://www.d-quest-10.com/detail/a00170.html,/storage/images/monsters/88.webp,陽気で軽やかに近づいてくるダンスが大好きな悪魔。レパートリー豊富な踊りでほんろうしてくる。,魔界の売れっ子振り付け師。モンスターたちが踊るいろんなダンスの振り付けはタップデビルが考案している。,2026-03-12 13:34:46,2026-07-27 13:46:53
89,91,ピンクモーモン,ピンクモーモン,Pink Sanguini,悪魔系,Demon,0,,https://www.d-quest-10.com/detail/a00246.html,/storage/images/monsters/89.webp,かわいい外見とは裏腹に人の血を好んで求めるピンク色のモーモン。フワフワと近づき牙をむく。,生えかわったピンクの毛は血を吸うとあざやかになる。この美しいピンク色をモーモンピンクと呼ぶ。,2026-03-12 13:34:49,2026-07-27 13:46:56
90,92,バブリン,バブリン,Zepling,エレメント系,Elemental,0,,https://www.d-quest-10.com/detail/a00225.html,/storage/images/monsters/90.webp,風船のようにフワフワと空中をただようモンスター。戦闘中に仲間を呼んだりバギを使ったりする。,たくさんの子バブリンをクチの中に入れ育てている。ときどき中で兄弟ゲンカが起こるのが悩みのタネ。,2026-03-12 13:34:52,2026-07-27 13:46:59
91,93,あおだけ童子,アオダケドウジ,Bamboo Bopper,怪人系,Humanoid,0,,https://www.d-quest-10.com/detail/a00006.html,/storage/images/monsters/91.webp,愛用のさすまたをぶん回すこしゃくな妖怪小僧。時折くりだしてくる回転キックに気をつけろ！,軽妙ですばしっこい動きは毎日欠かさずやっている青竹踏み健康法のたまもの。ただし顔色は悪いまま。,2026-03-12 13:34:55,2026-07-27 13:47:02
92,94,キャットバット,キャットバット,Catula,獣系,Beast,0,,https://www.d-quest-10.com/detail/a00067.html,/storage/images/monsters/92.webp,こちらのＭＰを下げてきたり呪文を封じてきたりとにかく呪文が大嫌いなネコっぽいコウモリ。,どっちつかずの名前のせいで猫魔族コウモリ魔族どちらにも入れてもらえないネコっぽいコウモリ。,2026-03-12 13:34:58,2026-07-27 13:47:06
93,95,メーダロード,メーダロード,Raving Lunatick,虫系,Insect,0,,https://www.d-quest-10.com/detail/a00325.html,/storage/images/monsters/93.webp,闇のチカラで攻撃するメーダ界の親玉。こちらを感電させて動きを封じてくる。,親分きどりでメーダたちをこきつかっているがコイツでも頭が上がらないすごいメーダがいるらしい…。,2026-03-12 13:35:01,2026-07-27 13:47:09
94,96,ランドンクイナ,ランドンクイナ,Apeckalypse,鳥系,Bird,0,,https://www.d-quest-10.com/detail/a00345.html,/storage/images/monsters/94.webp,クチバシに猛毒を持つ気性のあらい氷鳥。美しい羽毛に身体を包みおたけびでおどかしてくる。,ランドンクイナの主食は毒草なのだが見分けがつかずどくけしそうを食べておなかを下すことがある。,2026-03-12 13:35:04,2026-07-27 13:47:13
95,97,わらいぶくろ,ワライブクロ,Bag o' Laughs,物質系,Material,0,,https://www.d-quest-10.com/detail/a00358.html,/storage/images/monsters/95.webp,いつもニヤニヤ笑っている袋の形のモンスター。いやらしい呪文でこちらを弱らせてくる。,自分で言ったサムいギャグにいつも大ウケしている。周りの視線には気づかないずぶとい神経の持ち主。,2026-03-12 13:35:07,2026-07-27 13:47:16
96,98,アローインプ,アローインプ,Bodkin Bowyer,怪人系,Humanoid,0,,https://www.d-quest-10.com/detail/a00016.html,/storage/images/monsters/96.webp,弓矢を使う邪悪な妖精。狙った獲物を眠らせて仲間を呼んで取り囲む冷酷で優秀な狩人。,熟練した弓矢の技で女子のハートをも射止めるが毎度冷たくあしらっている。やはり冷酷で優秀な狩人。,2026-03-12 13:35:10,2026-07-27 13:47:19
97,99,だいおうキッズ,ダイオウキッズ,Squid Kid,水系,Aquatic,0,,https://www.d-quest-10.com/detail/a00165.html,/storage/images/monsters/97.webp,育ちざかりのイカキッズ。思わずつられるさそうおどりを踊って元気いっぱい遊びまわる。,だいおうキッズが大人になれる確率は３割イカといわれている。海の世界は厳しいのだ。,2026-03-12 13:35:14,2026-07-27 13:47:22
98,100,サイおとこ,サイオトコ,Rhinothrope,獣系,Beast,0,,https://www.d-quest-10.com/detail/a00108.html,/storage/images/monsters/98.webp,ヨロイで身をかためた二足歩行の獣人。手にした巨大なオノから強烈な一撃がくりだされる。,普段は木こりとして森でオノを振るっている。妻のサイおんなは家で夫の帰りを待っている。,2026-03-12 13:35:17,2026-07-27 13:47:25
99,101,ばくだん岩,バクダンイワ,Rockbomb,物質系,Material,0,,https://www.d-quest-10.com/detail/a00222.html,/storage/images/monsters/99.webp,ほとんどなにもせずしばらく攻撃を受けると突然メガンテを唱える。一気に倒してしまおう。,彼のすてばちな生き方こそまさにロックだとあがめられ多くのアーティストたちに影響を与えてきた。,2026-03-12 13:35:20,2026-07-27 13:47:29
100,102,マジカルハット,マジカルハット,Hat Hamwitch,物質系,Material,0,,https://www.d-quest-10.com/detail/a00309.html,/storage/images/monsters/100.webp,死んだ魔法使いの魂がお気に入りの帽子に宿り野良イノシシを操っている。得意のイオに要注意。,帽子に身体をのっとられたあわれなイノシシ…と思いきや魔法使い気分にひたれるのでまんざらでもないらしい。,2026-03-12 13:35:22,2026-07-27 13:47:32
101,103,さんぞくウルフ,サンゾクウルフ,Ruff Ruffian,獣系,Beast,0,,https://www.d-quest-10.com/detail/a00117.html,/storage/images/monsters/101.webp,さんぞくに身をやつしたおおかみ男のモンスター。大きなサーベルには毒が仕込まれているらしい。,満月の夜になると血が騒ぎ人間を丸かじりにしたくてたまらなくなるらしい。今夜も遠吠えがひびく。,2026-03-12 13:35:25,2026-07-27 13:47:35
102,104,シードッグ,シードッグ,Sea Dog,獣系,Beast,0,,https://www.d-quest-10.com/detail/a00120.html,/storage/images/monsters/102.webp,いくつもの海をまたにかけて暴れまわってきた狂犬。落とし穴を掘っては人を落としてせせら笑う。,海の上なら羅針盤がなくても今どの辺りにいるのかたちどころに分かるという。スゴイ方向感覚の持ち主だ。,2026-03-12 13:35:28,2026-07-27 13:47:38
103,105,プテラノドン,プテラノドン,Pteranodon,鳥系,Bird,0,,https://www.d-quest-10.com/detail/a00253.html,/storage/images/monsters/103.webp,いにしえより大空を羽ばたく恐竜のモンスター。空中からクチバシでつつきイオを唱えてくる。,適応力の高さのおかげで現代まで生き残った翼竜。神話の時代の書物にもときどき名前が出てくる。,2026-03-12 13:35:32,2026-07-27 13:47:41
104,106,マッドフィンガー,マッドフィンガー,Muddy Finger,ゾンビ系,Undead,0,,https://www.d-quest-10.com/detail/a00314.html,/storage/images/monsters/104.webp,地面からのそっと出てきて眠りや呪いの攻撃をする。紅玉の指輪をはめたその手は死んだ魔女のものらしい……。,戦闘中にマドハンドをちょくちょく呼びだしている。向こうはその気だがじつはパシリにしているだけ……。,2026-03-12 13:35:35,2026-07-27 13:47:45
105,107,メランザーナ,メランザーナ,Awebergine,植物系,Plant,0,,https://www.d-quest-10.com/detail/a00335.html,/storage/images/monsters/105.webp,投げキッスで魅力を振りまくナスビ界のダテ男。さそうおどりで相手を惑わし身も心ももてあそぶ。,若い頃からヤンチャで知られ一時期は１２股をかけていた。それが年を重ねシブみを増しチョイ悪ナスビに成長した。,2026-03-12 13:35:39,2026-07-27 13:47:48
106,108,ピクシー,ピクシー,Picksy,怪人系,Humanoid,0,,https://www.d-quest-10.com/detail/a00234.html,/storage/images/monsters/106.webp,ピオリムを唱えたり仲間を呼んだりするずるがしこい妖精。怒るとこおりの息をはく。,エルフの扱いに比べ自分たちの扱いが悪いと日々怒りを覚えている。身の程知らずの青二才。,2026-03-12 13:35:42,2026-07-27 13:47:51
107,109,バアラック,バアラック,Pickeerer,怪人系,Humanoid,0,,https://www.d-quest-10.com/detail/a00219.html,/storage/images/monsters/107.webp,緑色の羽を持っているおそろしい悪魔の子。かえんの息をはいて旅人に襲いかかる。,世の中の不条理に怒り狂う。そのたまった不満をかたく握ったこぶしに込めて今日も旅人に八つ当たり。,2026-03-12 13:35:46,2026-07-27 13:47:55
108,110,プリズニャン,プリズニャン,Jailcat,獣系,Beast,0,,https://www.d-quest-10.com/detail/a00262.html,/storage/images/monsters/108.webp,囚人服のようなシマ模様が特徴の猫魔族。かわいい外見に油断してると氷の呪文で攻撃されるぞ。,プリズニャンの毛を刈るとシマシマはどうなるのか？それを確かめようとした者はネコの呪いを受けるらしい。,2026-03-12 13:35:49,2026-07-27 13:48:03
109,111,ベビーマジシャン,ベビーマジシャン,Blinkster,悪魔系,Demon,0,,https://www.d-quest-10.com/detail/a00271.html,/storage/images/monsters/109.webp,子供と思って油断しているとＭＰを吸いとっては多彩な呪文をしかけてくる。モンスター界の神童。,手品のウデは今ひとつだが子供っぽいかわいさを武器に若者から老人の魔物までファンの心をつかんでいる。,2026-03-12 13:35:53,2026-07-27 13:48:07
110,112,デスマエストロ,デスマエストロ,Frightening Conductor,怪人系,Humanoid,0,,https://www.d-quest-10.com/detail/a00184.html,/storage/images/monsters/110.webp,世間から認められず死んだ不遇な音楽家が魔物と化した。あやしげなサウンドを奏でて聴く者を操ろうとする。,不遇な人生の反動で死後はデスメタルに転向。新曲『ドルマゲドン』を片手に目指すはメジャーデビュー！,2026-03-12 13:35:56,2026-07-27 13:48:10
111,113,イエローシックル,イエローシックル,Armour Mantis,虫系,Insect,0,,https://www.d-quest-10.com/detail/a00019.html,/storage/images/monsters/111.webp,魔物によって殺人マシンに改造された凶暴なカマキリ。いきなり閃光弾をはなち目をくらませてくる。,砂浜や砂漠などでもまぎれやすい保護色なのだが身体がガチャガチャ鳴る音で結局見つかってしまうのだ。,2026-03-12 13:35:59,2026-07-27 13:48:13
112,114,あくま神官,アクマシンカン,Wrecktor,悪魔系,Demon,0,,https://www.d-quest-10.com/detail/a00008.html,/storage/images/monsters/112.webp,悪魔のささやきに耳を貸したおろかな神官のなれの果て。ザオリクやイオラなど強力な呪文を使いこなす。,会心のイオラがたくさん出ますように……。たとえ信仰を失おうと神だのみは欠かさない。,2026-03-12 13:36:03,2026-07-27 13:48:18
113,115,フレイム,フレイム,Dancing Flame,エレメント系,Elemental,0,,https://www.d-quest-10.com/detail/a00266.html,/storage/images/monsters/113.webp,激しい怒りにより人間の魂が烈火のごとく燃えさかって生まれた魔物。炎の攻撃をしかけてくる。,大事にとっておいたプリンを弟に食べられてしまい猛りくるった姉の怒りがこの魔物を生んだという。,2026-03-12 13:36:06,2026-07-27 13:48:22
114,116,タップペンギー,タップペンギー,Pogoin' Penguin,水系,Aquatic,0,,https://www.d-quest-10.com/detail/a00171.html,/storage/images/monsters/114.webp,華麗なタップを踏むファンキーなペンギン。仲間のタップで大集合しメダパニで大混乱を起こす。,タップダンスこそ生きる道。いつかタップ界の皇帝になりあがる日を夢見てホップステップタップ！,2026-03-12 13:36:09,2026-07-27 13:48:26
115,117,ベホイミスライム,ベホイミスライム,Medislime,スライム系,Slime,0,,https://www.d-quest-10.com/detail/a00273.html,/storage/images/monsters/115.webp,ベホイミを覚えたかしこいホイミスライム。回復のタイミングが うまく長期戦になることも。,ホイミスライムには いばり格上のベホイムスライムにはこびへつらうというなんとも切ない中間管理職。,2026-03-12 13:36:12,2026-07-27 13:48:29
116,118,ベビーニュート,ベビーニュート,Sizzard,ドラゴン系,Dragon,0,,https://www.d-quest-10.com/detail/a00270.html,/storage/images/monsters/116.webp,まだ生まれたばかりの無垢な赤ちゃんドラゴン。本能に従いさまざまな息をはきだそうとしてくる。,別れた母が恋しいのか目をうるませながら夕日を眺めていたりする。孤独を覚え大人になるのだ。,2026-03-12 13:36:15,2026-07-27 13:48:32
117,119,プヨンターゲット,プヨンターゲット,Healium Balloon,エレメント系,Elemental,0,,https://www.d-quest-10.com/detail/a00255.html,/storage/images/monsters/117.webp,おなかのマトが印象的なぷよぷよしたモンスター。メガザルダンスを踊って戦況をひっくり返してくる。,リリパットが練習台にとおなかのマトを狙ってよく弓矢を撃ってくる。やめてほしいと思っている。,2026-03-12 13:36:18,2026-07-27 13:48:37
118,120,ベロベロ,ベロベロ,Frolicker,怪人系,Humanoid,0,,https://www.d-quest-10.com/detail/a00286.html,/storage/images/monsters/118.webp,鋭いツメで攻撃して敵をマヒさせたり幻惑させたりするうす気味悪いモンスター。,いつも活発なベロベロだが旅の医者に舌を見せるとかならず血行不良と診断されてしまうらしい。,2026-03-12 13:36:21,2026-07-27 13:48:40
119,121,ケダモン,ケダモン,Feralbeast,獣系,Beast,0,,https://www.d-quest-10.com/detail/a00094.html,/storage/images/monsters/119.webp,あざやかなオレンジ色のぬいぐるみのようなケモノ。怒らせると仲間を呼んで手がつけられないことも。,ある女僧侶のスカートの中をのぞいていたのがバレた時このケダモン！とののしられこんな名前がついたという。,2026-03-12 13:36:24,2026-07-27 13:48:43
120,122,ベンガルクーン,ベンガルクーン,Purrestidigitator,獣系,Beast,0,,https://www.d-quest-10.com/detail/a00287.html,/storage/images/monsters/120.webp,多彩な呪文を扱う猫魔族。ドルクマやメラミで攻撃しマホトーンでこちらの呪文を封じてくる手強い相手。,長年肩こり腰痛に悩まされていたがその原因はネコ背のせいだと気づいた。かしこさが１あがった！,2026-03-12 13:36:27,2026-07-27 13:48:46
121,123,マジックフライ,マジックフライ,Splutterfly,虫系,Insect,0,,https://www.d-quest-10.com/detail/a00311.html,/storage/images/monsters/121.webp,目のような模様の羽を持つちょっと変わったドラゴン。メダパニで混乱させてはイオラをうちまくってくる。,独特の色合いを持つ美しい羽はマニアに人気。つかまえようと無茶をして多くの者が命を落とした。,2026-03-12 13:36:30,2026-07-27 13:48:50
122,124,とうろうへい,トウロウヘイ,Bamboolinquent,マシン系,Machine,0,,https://www.d-quest-10.com/detail/a00193.html,/storage/images/monsters/122.webp,明かりを灯して戦場を照らすたけやりへいの足軽隊長。ガチャガチャと走り寄っていきなり自爆したりする。,苦労の末に足軽隊長になった努力家のたけやりへい。じつは今の地位に飽き足らず下克上を狙う野心家らしい。,2026-03-12 13:36:33,2026-07-27 13:48:53
123,125,キャットフライ,キャットフライ,Vampire Cat,獣系,Beast,0,,https://www.d-quest-10.com/detail/a00068.html,/storage/images/monsters/123.webp,空を飛ぶ猫魔族。さまざまな手段で呪文を無力化してくる魔法使いの天敵。,その昔ねこまどうのメスに告白したがフラれた。それ以来魔法使いを恨み呪文を憎んでいる。,2026-03-12 13:36:37,2026-07-27 13:48:58
124,126,イエティ,イエティ,Powie Yowie,獣系,Beast,0,,https://www.d-quest-10.com/detail/a00018.html,/storage/images/monsters/124.webp,全身が毛におおわれた寒い地方に棲む魔物。敵をなめまわしてゆさぶりをかけてくる。,ひゃくれつなめをくりだして獲物の味を確かめている。おいしい旅人に当たるとテンションが上がるらしい。,2026-03-12 13:36:40,2026-07-27 13:49:02
125,127,デザートランナー,デザートランナー,Parched Peckerel,鳥系,Bird,0,,https://www.d-quest-10.com/detail/a00180.html,/storage/images/monsters/125.webp,獲物を混乱させて襲いかかる砂漠に棲む鳥の魔物。相手が強いと自慢の俊足で逃げだしてしまう。,砂漠で行われるマラソン大会で毎年優勝している。他の出場者はみんな暑さでリタイアしてしまうのだ。,2026-03-12 13:36:43,2026-07-27 13:49:08
126,128,スマイルロック,スマイルロック,Grinade,物質系,Material,0,,https://www.d-quest-10.com/detail/a00149.html,/storage/images/monsters/126.webp,笑いながらようすをうかがっていると思いきや突然攻撃してくる不気味な岩石の魔物。,ほがらかに満面の笑みを浮かべているつもりなのに目が笑ってないと言われ怖がられるのが悩み。,2026-03-12 13:36:47,2026-07-27 13:49:12
127,129,メイジキメラ,メイジキメラ,Hocus Chimaera,鳥系,Bird,0,,https://www.d-quest-10.com/detail/a00322.html,/storage/images/monsters/127.webp,さまざまな呪文を習得して少し進化したキメラ。ラリホーやメダパニに注意して戦いに挑もう。,この身体で飛びまわるのは相当な筋力を必要とする。毎日のトレーニングで割れてきたおなかが自慢。,2026-03-12 13:36:52,2026-07-27 13:49:16
128,130,ウッディアイ,ウッディアイ,Direlog,植物系,Plant,0,,https://www.d-quest-10.com/detail/a00029.html,/storage/images/monsters/128.webp,大きな目玉が特徴的な切り株姿のモンスター。ラリホーマボミオスなどどろんとした呪文を使う。,アリの巣を見かけると根っこでほじくり返したり水を流し込んだりする見た目通りのネクラなヤツ。,2026-03-12 13:36:55,2026-07-27 13:49:20
129,131,おどるほうせき,オドルホウセキ,Goodybag,物質系,Material,0,,https://www.d-quest-10.com/detail/a00040.html,/storage/images/monsters/129.webp,さそうおどりを踊る宝石ジャラジャラのお金持ち。相手を弱らせる呪文をいろいろ知っている。,わらいぶくろが小金を稼いでおどるほうせきに出世した。お宝の数々を見せびらかして自慢するイヤミな成金。,2026-03-12 13:36:59,2026-07-27 13:49:23
130,132,くさった死体,クサッタシタイ,Walking Corpse,ゾンビ系,Undead,0,,https://www.d-quest-10.com/detail/a00082.html,/storage/images/monsters/130.webp,くさりかけの死体に魂が宿ったモンスター。あまりに不気味な攻撃でテンションが下がることも。,たまに自分が生きてるのか死んでるのか考えたりするがアタマまでくさっているので結局考えはまとまらない。,2026-03-12 13:37:01,2026-07-27 13:49:27
131,133,コトブキーノ,コトブキーノ,Kotobukino,怪人系,Humanoid,0,,https://www.d-quest-10.com/detail/a00106.html,/storage/images/monsters/131.webp,かつては祝い事をつかさどる神官だったが道を踏み外し妖怪となってしまった。回復呪文はお手の物。,魔物たちの祝い事があると呼んでもないのに現れて勝手に仕切りはじめる。ウザさに定評のある妖怪。,2026-03-12 13:37:04,2026-07-27 13:49:31
132,134,ベロニャーゴ,ベロニャーゴ,Terror Tabby,獣系,Beast,0,,https://www.d-quest-10.com/detail/a00285.html,/storage/images/monsters/132.webp,眠り攻撃やラリホーマをしかけてくる猫魔族。人を眠らせるのがなによりも幸せらしい。,もともとネズミよけに魔王の城で飼われていた。しかしそこはネコのサガ。自由を求め脱走したらしい。,2026-03-12 13:37:08,2026-07-27 13:49:34
133,135,ブルベリーノ,ブルベリーノ,Foebergine,植物系,Plant,0,,https://www.d-quest-10.com/detail/a00265.html,/storage/images/monsters/133.webp,さそうおどりで近づいてきてたまに仲間を呼び集めるうっとうしい果実の魔物。投げキッスにはご用心。,ブルーベリーを食べると目にいいといわれているがブルベリーノを食べるとどうやら涙目になるらしい。,2026-03-12 13:37:12,2026-07-27 13:49:38
134,136,アロエおに,アロエオニ,Aloehaha,植物系,Plant,0,,https://www.d-quest-10.com/detail/a00015.html,/storage/images/monsters/134.webp,アロエから生まれた子鬼。タップダンスで身を軽くし怒るとテンションを上げて襲いかかってくる。,美容健康によく効くというウワサが広まってモテモテだった時期もある。あの頃はよかったなぁ……。,2026-03-12 13:37:17,2026-07-27 13:49:41
135,137,ビッグフェイス,ビッグフェイス,Gum Shield,怪人系,Humanoid,0,,https://www.d-quest-10.com/detail/a00238.html,/storage/images/monsters/135.webp,大ぼうぎょをしたかと思えば２回攻撃をくりだしたりと攻防ともにすぐれたヤツ。顔を出したらチャンスだ。,シャイなビッグフェイスは人前で話すのが苦手。そんなときは腹話術を使って盾の顔にしゃべらせるのだ。,2026-03-12 13:37:20,2026-07-27 13:49:45
136,138,じんめんじゅ,ジンメンジュ,Treeface,植物系,Plant,0,,https://www.d-quest-10.com/detail/a00139.html,/storage/images/monsters/136.webp,木々の間にひそんでいて通りかかった旅人に襲いかかる樹木の化け物。ふしぎなおどりが得意。,もともとふつうの木だったが身体に名前を刻む旅人を恨むことで魔物と化した。くれぐれも木は大切に。,2026-03-12 13:37:23,2026-07-27 13:49:49
137,139,ケセランパセラン,ケセランパセラン,Tufty Tot,植物系,Plant,0,,https://www.d-quest-10.com/detail/a00093.html,/storage/images/monsters/137.webp,フワフワとかわいらしくさそうおどりをしてきたりザオラルを唱えてくる。会うと幸せになるらしい。,いやし系のケセランパセラン。その生態には謎が多く一説には世界樹に咲く花の綿毛だといわれている。,2026-03-12 13:37:28,2026-07-27 13:49:53
138,140,モコフル,モコフル,Fluff Puff,植物系,Plant,0,,https://www.d-quest-10.com/detail/a00337.html,/storage/images/monsters/138.webp,身体がモコモコした精霊。見た目によらず好戦的で爆発の呪文イオを唱えこちらを攻撃してくる。,名前からモコモコじゅうにゆかりある者かと思いきやじつはケダモンの毛玉から生まれた。性格は腹黒い。,2026-03-12 13:37:31,2026-07-27 13:49:56
139,141,リザードマン,リザードマン,Mandrake Major,ドラゴン系,Dragon,0,,https://www.d-quest-10.com/detail/a00346.html,/storage/images/monsters/139.webp,二足歩行のトカゲの魔物。みがきあげたしんくう斬りやいなずま斬りをくりだし襲ってくる剣術の達人。,魔法戦士にあこがれて転職させてもらおうとダーマ神官を訪ねたがなぜか逃げられてしまった。,2026-03-12 13:37:34,2026-07-27 13:49:59
140,142,ドラキーマ,ドラキーマ,Drackyma,鳥系,Bird,0,,https://www.d-quest-10.com/detail/a00201.html,/storage/images/monsters/140.webp,ラリホーで眠りへいざないイオラで攻撃をしかける。たよれる親分としてドラキーに慕われている。,手下のドラキーたちからすごく慕われているがじつは自分にしかベホイミをかけないというエゴイスト。,2026-03-12 13:37:37,2026-07-27 13:50:02
141,143,メトロゴースト,メトロゴースト,Fightgeist,ゾンビ系,Undead,0,,https://www.d-quest-10.com/detail/a00332.html,/storage/images/monsters/141.webp,瞬間移動で近づいて闇の呪文をはなつゴースト。失敗することもあるのでペロリと舌を出している。,ハイソなセンスを持っているおしゃれなゴースト。都会生まれを鼻にかけており地方出身の幽霊には冷たい。,2026-03-12 13:37:40,2026-07-27 13:50:06
142,144,ぼうれい剣士,ボウレイケンシ,Phantom Fencer,ゾンビ系,Undead,0,,https://www.d-quest-10.com/detail/a00378.html,/storage/images/monsters/142.webp,かなわぬ未練にとらわれ荒野をさまよう剣士の亡霊。ダークフォースをまとって呪いの剣を振りおろす。,愛する人を守れなくてなげきの果てに逝った剣士はたとえ身体が朽ちようとも眠ることを許されない……。,2026-03-12 13:37:46,2026-07-27 13:50:09
143,145,オーク,オーク,Orc,獣系,Beast,0,,https://www.d-quest-10.com/detail/a00037.html,/storage/images/monsters/143.webp,長いヤリをかまえたイノシシのモンスター。ときどきくりだしてくるさみだれ突きに要注意。,さみだれ突きの練習に一心不乱に打ち込んでいる。猪突猛進な性格はやはりイノシシゆえのサガだろう。,2026-03-12 13:37:49,2026-07-27 13:50:12
144,146,たまねぎマン,タマネギマン,Loathsome Leek,植物系,Plant,0,,https://www.d-quest-10.com/detail/a00174.html,/storage/images/monsters/144.webp,目にしみるマヌーサエキスやメダパニエキスをまきちらし混乱や幻惑をしかけてくるいやらしいタマネギ。,ご自慢のエキスで人をおどろかせるのが大好き。新しいエキスの開発に日々いそしんでいるという。,2026-03-12 13:37:53,2026-07-27 13:50:16
145,147,ほねコウモリ,ホネコウモリ,Bat Skeleton,ゾンビ系,Undead,0,,https://www.d-quest-10.com/detail/a00301.html,/storage/images/monsters/145.webp,冥界を飛びまわるといわれる邪悪なコウモリの魔物。呪い攻撃やボミオスでこちらを弱らせ襲いかかる。,以前は赤青黄桃と白のコイツで五人組だったがリーダーのレッドが引退してやむなく解散となった。,2026-03-12 13:37:57,2026-07-27 13:50:19
146,148,ひとつめピエロ,ヒトツメピエロ,Jinkster,悪魔系,Demon,0,,https://www.d-quest-10.com/detail/a00244.html,/storage/images/monsters/146.webp,魔法使いの修行をした邪悪な ひとつ目の道化師。,イオラやメラミなど強い呪文を浴びせてくる。,2026-03-12 13:38:02,2026-07-27 13:50:22
147,149,あらくれチャッピー,アラクレチャッピー,Ripped Rabbit,獣系,Beast,0,,https://www.d-quest-10.com/detail/a00013.html,/storage/images/monsters/147.webp,この世の酸いも甘いもかみ分けたウサギの魔物。敵を倒すためならば捨て身の攻撃もいとわない。,ここだけの話チャッピーとは数々の修羅場をくぐり抜けたウサギの中のウサギに贈られる称号なのだ。,2026-03-12 13:38:05,2026-07-27 13:50:26
148,150,ポムポムボム,ポムポムボム,Discombombulator,エレメント系,Elemental,0,,https://www.d-quest-10.com/detail/a00302.html,/storage/images/monsters/148.webp,フワフワ浮遊している爆弾型の魔物。ピンチになると自分の身を犠牲にして仲間を助ける。,よくポムポムポムやらボムボムボムボムボムポムと名前を間違えられる。やめてほしいと思っている。,2026-03-12 13:38:08,2026-07-27 13:50:29
149,151,セキバーン,セキバーン,Stone Crablet,水系,Aquatic,0,,https://www.d-quest-10.com/detail/a00577.html,/storage/images/monsters/149.webp,かつては石板を落としていたばカニできないモンスター。,殻の硬さは背負った石板とそん色ないレベルだ。,2026-03-12 13:38:12,2026-07-27 13:50:33
150,152,からくりだいみょう,カラクリダイミョウ,Bamboogieman,マシン系,Machine,0,,https://www.d-quest-10.com/detail/a00057.html,/storage/images/monsters/150.webp,たけやりへいの軍団を率いて竹林に割拠する大勢力の長。呼びだした大勢の仲間を壁にして自分の身を守る。,強き者がすべてを支配する戦国乱世が幕を開けた。みな竹林統一を目指し策略を張り巡らせている。,2026-03-12 13:38:17,2026-07-27 13:50:38
151,153,がいこつ,ガイコツ,Skeleton,ゾンビ系,Undead,0,,https://www.d-quest-10.com/detail/a00048.html,/storage/images/monsters/151.webp,呪われた戦士の亡きがら。頭に入ったヒビは死んだときに受けたキズ。仇の相手を探しさまよう。,しのどれいしりょうのきしも骨なのになんでオレだけそのまんまがいこつなんて名前なの？責任者出てこい！,2026-03-12 13:38:20,2026-07-27 13:50:42
152,154,マリンスライム,マリンスライム,Seaslime,水系,Aquatic,0,,https://www.d-quest-10.com/detail/a00318.html,/storage/images/monsters/152.webp,貝がらを棲みかにした海生まれのスライム。世間の荒波にもまれてカラに閉じこもりがちだ。,海の底にはマリンスライムがのんびり暮らす楽園がある。外の世界はどんな所？カラの中で今日も夢見る。,2026-03-12 13:38:24,2026-07-27 13:50:45
153,155,タコメット,タコメット,Octopot,水系,Aquatic,0,,https://www.d-quest-10.com/detail/a00168.html,/storage/images/monsters/153.webp,メットを装着したタコ兵士。我が身を犠牲にしてメガザルダンスを踊る厚い人情の持ち主。,メットの下にタコベビーをたくさん隠しているという。だからメットにさわられると真っ赤になって激怒するぞ。,2026-03-12 13:38:27,2026-07-27 13:50:48
154,156,じごくのハサミ,ジゴクノハサミ,Crabber Dabber Doo,水系,Aquatic,0,,https://www.d-quest-10.com/detail/a00126.html,/storage/images/monsters/154.webp,スクルト大ぼうぎょとガードのかたいカニの魔物。しかも痛恨の一撃をしてくるあなどれないヤツだ。,ヨダレはお腹が空いたとき。泡を吹くのは怒ってるとき。カニの感情表現はだいたいそのふたつしかない。,2026-03-12 13:38:31,2026-07-27 13:50:51
155,157,サマーウルフ,サマーウルフ,Summer Wolf,獣系,Beast,0,,https://www.d-quest-10.com/detail/a00115.html,/storage/images/monsters/155.webp,夏らしいあざやかな服に身を包んだおおかみ男。見た目通りの軽い性格でピンチになるとすぐ逃げる。,『真夏のサマーウルフ』ひと夏のアバンチュールで泣かせた女は数知れず……男はみんなオオカミなのさ♪,2026-03-12 13:38:34,2026-07-27 13:50:54
156,158,ホタテワラビー,ホタテワラビー,Scallop Wallaby,獣系,Beast,0,,https://www.d-quest-10.com/detail/a00300.html,/storage/images/monsters/156.webp,とてもかたい貝がらを巧みに使いこなすマリンブルーのモンスター。ホタテが大好物。,おいしいホタテを食べるほどパワーアップするという。だから強いヤツはかなりのグルメと考えられる。,2026-03-12 13:38:37,2026-07-27 13:50:58
157,159,おばけトマト,オバケトマト,Haunted Tomato,植物系,Plant,0,,https://www.d-quest-10.com/detail/a00045.html,/storage/images/monsters/157.webp,真っ赤なトマトに魔が宿って手足が生えたモンスター。こちらのＭＰを吸いとってはドルクマで攻撃してくる。,いつか魔界に行って大魔王の食卓に並びおいしく食べられるのがひそかな夢らしい。,2026-03-12 13:38:44,2026-07-27 13:51:01
158,160,どくどくゾンビ,ドクドクゾンビ,Toxic Zombie,ゾンビ系,Undead,0,,https://www.d-quest-10.com/detail/a00195.html,/storage/images/monsters/158.webp,毒の沼地で息絶えた旅人が怨念によってよみがえった。身体にためた猛毒をはいてキズつけた相手を毒に冒す。,コイツらが集まると井戸端の主婦も真っ青な文字通りの毒舌トークで盛り上がるという。,2026-03-12 13:38:47,2026-07-27 13:51:04
159,161,ソードファントム,ソードファントム,Phantom Swordsman,ゾンビ系,Undead,0,,https://www.d-quest-10.com/detail/a00159.html,/storage/images/monsters/159.webp,魔性の剣に憑かれたおろかな狂戦士の亡霊。巧みな剣さばきですばやく２回斬りつける。,いなずまが光った瞬間だけ浮かびあがる実体は目を真っ赤に血走らせ断末魔の形相を見せる……。,2026-03-12 13:38:50,2026-07-27 13:51:07
160,162,たてまじん,タテマジン,Peekabogre,怪人系,Humanoid,0,,https://www.d-quest-10.com/detail/a00172.html,/storage/images/monsters/160.webp,大きな盾を身がまえて鉄壁の守りを誇る魔人。シールドバッシュという技で突きとばしてくる。,これまで散々な魔人人生を送ってきたがでかい盾を得て再起を図ろうと決意した。今こそ立て魔人！,2026-03-12 13:38:53,2026-07-27 13:51:10
161,163,メーダクイン,メーダクイン,Lunatick Queen,虫系,Insect,0,,https://www.d-quest-10.com/detail/a00359.html,/storage/images/monsters/161.webp,雷のチカラを身にまとうメーダ界の女王。大きな目でにらみつけて目が合った者をマヒさせる。,たくさんの兵隊メーダを従え自分の巣を守る女王様。メーダロードには厳しくニラミをきかせているようだ。,2026-03-12 13:39:00,2026-07-27 13:51:14
162,164,グリーンシザー,グリーンシザー,Green Scissors,虫系,Insect,0,,https://www.d-quest-10.com/detail/a00086.html,/storage/images/monsters/162.webp,草木の中に身をひそめヨロイで身を固めた昆虫。隠し持ったキャノン砲で大ダメージを与えてくる。,キャノン砲を開発した博士はその後の魔界兵器産業に多大なる影響を与えたとされ何か賞をもらったらしい。,2026-03-12 13:39:03,2026-07-27 13:51:17
163,165,デッドペッカー,デッドペッカー,Weaken Beakon,鳥系,Bird,0,,https://www.d-quest-10.com/detail/a00186.html,/storage/images/monsters/163.webp,ルカナンやマヌーサを唱える意外にかしこい鳥の魔物。遠くからでも一瞬で飛びかかり攻撃してくる。,その大きなクチバシでとてつもなく巨大な木の幹に巣穴を掘って暮らしている。じんめんじゅの天敵。,2026-03-12 13:39:06,2026-07-27 13:51:20
164,166,まだらイチョウ,マダライチョウ,Bud Brother,植物系,Plant,0,,https://www.d-quest-10.com/detail/a00313.html,/storage/images/monsters/164.webp,枯れ果てたイチョウの木から生まれたまだら模様の妖怪。下駄の音で仲間を呼びチカラをためて攻撃する。,まだらに紅葉してしまったやりきれなさを胸に秘める。私生まれ変わったら今度こそキレイに染まるの。,2026-03-12 13:39:09,2026-07-27 13:51:23
165,167,マージスター,マージスター,Trickstar,水系,Aquatic,0,,https://www.d-quest-10.com/detail/a00304.html,/storage/images/monsters/165.webp,さまざまなダンスで混乱させたり回復したり。ダンスに命をかける星形のモンスター。,朝早くから夜遅くまで踊りの修行を積んでマジにスターを目指しているダンス界の期待の新星。,2026-03-12 13:39:12,2026-07-27 13:51:26
166,168,マザーウッド,マザーウッド,Motherwood,植物系,Plant,0,,https://www.d-quest-10.com/detail/a00308.html,/storage/images/monsters/166.webp,殺された母鳥の怨念が切り株に宿り魔物と化した。巣にいるヒナをかばってスクルトや回復呪文を使う。,こっそり観察していると鳴いてるヒナにエサをあげる母子のほほえましい姿が見られるという。,2026-03-12 13:39:15,2026-07-27 13:51:29
167,169,てまねきリング,テマネキリング,Beckonring,物質系,Material,0,,https://www.d-quest-10.com/detail/a00190.html,/storage/images/monsters/167.webp,ディバインスペルを使いつつ仲間を呼びだす悪魔の手。中指にはめられた指輪の魔力により召喚された。,妖しく光る指輪が泥の腕を器用に操っている。全身を作ろうとしたが魔力が足りず断念した。,2026-03-12 13:39:19,2026-07-27 13:51:33
168,170,マポレーナ,マポレーナ,Genie Sanguini,悪魔系,Demon,0,,https://www.d-quest-10.com/detail/a00317.html,/storage/images/monsters/168.webp,あざやかな緑色の身体が,トレードマークの妖精。,2026-03-12 13:39:22,2026-07-27 13:51:36
169,171,フロストギズモ,フロストギズモ,Freezing Fog,エレメント系,Elemental,0,,https://www.d-quest-10.com/detail/a00268.html,/storage/images/monsters/169.webp,こごえるふぶきやヒャダルコを操る雲の魔物。寒い地域に生息するので氷の攻撃には強い。,雪の多い山奥ではコイツに襲われた旅人が翌朝氷漬けになって発見されることがある。,2026-03-12 13:39:25,2026-07-27 13:51:39
170,172,インキュバス,インキュバス,Incubus,怪人系,Humanoid,0,,https://www.d-quest-10.com/detail/a00024.html,/storage/images/monsters/170.webp,まくらを投げつけ旅人を強制的に眠らせる。夢の世界からやってきたいかがわしい妖怪。,人の夢に入り込んではその夢の内容で夢占いをして結果を押しつけてくるおせっかいなヤツ。,2026-03-12 13:39:28,2026-07-27 13:51:42
171,173,きりさきピエロ,キリサキピエロ,Prickly Prankster,怪人系,Humanoid,0,,https://www.d-quest-10.com/detail/a00077.html,/storage/images/monsters/171.webp,肉を切り裂くのが大好きな得体の知れない殺人ピエロ。多彩な斬撃をくりだし獲物が弱る様を見て笑う。,地獄の庭園の手入れを頼まれ見事な才能を発揮した。庭師として第二の人生を歩むべきなのか考え中。,2026-03-12 13:39:31,2026-07-27 13:51:46
172,174,ベホイムスライム,ベホイムスライム,Sootheslime,スライム系,Slime,0,,https://www.d-quest-10.com/detail/a00274.html,/storage/images/monsters/172.webp,ベホイムを覚えた頼もしいホイミスライム。触手を回してアタックする意外に武闘派な一面も。,名前を聞き返されるのがあまりに めんどうくさくてベホイミスライムです とウソをつくこともある。,2026-03-12 13:39:35,2026-07-27 13:51:49
173,175,キングスライム,キングスライム,King Slime,スライム系,Slime,0,,https://www.d-quest-10.com/detail/a00078.html,/storage/images/monsters/173.webp,でっかい王冠が ご自慢のスライム界に君臨する王様。大きく ふくれあがってのしかかってくる。,夜中に女王め…と つぶやき歯ぎしりして うなされてた。高い支持率を誇る王様にも何か悩みがあるみたい……？,2026-03-12 13:39:38,2026-07-27 13:51:52
174,176,エビルホーク,エビルホーク,War Gryphon,鳥系,Bird,0,,https://www.d-quest-10.com/detail/a00033.html,/storage/images/monsters/174.webp,はるか上空から人間を狙う３つのタカの目を持った魔鳥。はげしいほのおをはいて獲物を丸焼きにする。,異常に発達した視覚は千里先をも見通すという。しかし夜は何も見えない悲しき猛禽類。,2026-03-12 13:39:42,2026-07-27 13:51:55
175,177,じごくのたまねぎ,ジゴクノタマネギ,Brimstone Bulb,植物系,Plant,0,,https://www.d-quest-10.com/detail/a00124.html,/storage/images/monsters/175.webp,魔物の手で育てられたまがまがしいタマネギ。あまいいきや暗黒のきりでこちらを弱らせてくる。,地獄にある農場でくさった死体のスミスさんに愛情をこめて育てられた。生産者の保証付きタマネギ。,2026-03-12 13:39:46,2026-07-27 13:51:58
176,178,ブラッドソード,ブラッドソード,Bloody Blade,物質系,Material,0,,https://www.d-quest-10.com/detail/a00259.html,/storage/images/monsters/176.webp,人の血を求めてさまようおぞましい呪われた魔剣。ブレードガードを駆使しこちらの攻撃をはじき返す。,長い間人を斬らずにいるとだんだん色がうすくなってひとくいサーベルと間違われてしまうことも。,2026-03-12 13:39:49,2026-07-27 13:52:02
177,179,ホースデビル,ホースデビル,Gamigin,悪魔系,Demon,0,,https://www.d-quest-10.com/detail/a00294.html,/storage/images/monsters/177.webp,大きな２本のツノを持つ馬ヅラの悪魔。,世界樹の葉を使ってくるので最初に倒してしまおう。,2026-03-12 13:39:52,2026-07-27 13:52:05
178,180,よろいのきし,ヨロイノキシ,Knight Errant,悪魔系,Demon,0,,https://www.d-quest-10.com/detail/a00342.html,/storage/images/monsters/178.webp,ブ厚いヨロイを着込んだ悪のパワーファイター。,鍛えぬかれた肉体でタックルをかましてくる。,2026-03-12 13:39:55,2026-07-27 13:52:08
179,181,キラーファング,キラーファング,Killer Fang,獣系,Beast,0,,https://www.d-quest-10.com/detail/a00075.html,/storage/images/monsters/179.webp,人食いとおそれられている血に飢えた野獣。捨て身のかまえをとって猛攻撃をしかけてくる。,キラーファングの鋭利な牙は年を経るほど大きくなる。最も立派な牙の持ち主が群れの中で王となるらしい。,2026-03-12 13:40:00,2026-07-27 13:52:11
180,182,ふくめんバニー,フクメンバニー,Rottontail,獣系,Beast,0,,https://www.d-quest-10.com/detail/a00251.html,/storage/images/monsters/180.webp,決め技はばくれつけん。……ということ以外すべてが謎のベールに包まれた正体不明のマスクマン。,見た目は凶悪なウサギだが陰で恵まれない子供のためにプレゼントをしているという心優しいマスクマン。,2026-03-12 13:40:07,2026-07-27 13:52:14
181,183,デスパロット,デスパロット,Paralakeet,鳥系,Bird,0,,https://www.d-quest-10.com/detail/a00182.html,/storage/images/monsters/181.webp,鋭いクチバシにマヒ毒を持ち突かれるとしびれることも。マホトーンやマヌーサなど呪文にも注意が必要だ。,魔道士のペットのオウムが毎日呪文を聞きつづけたため自分でも呪文が唱えられるようになった。,2026-03-12 13:40:10,2026-07-27 13:52:17
182,184,どれいへいし,ドレイヘイシ,Undentured Servant,ゾンビ系,Undead,0,,https://www.d-quest-10.com/detail/a00205.html,/storage/images/monsters/182.webp,死してなお服従の呪いが解けない兵士のゾンビ。やいばくだきをくりだして相手の出端をくじく。,生前に仕えていた王様はたいへんうたぐり深い性格で兵士に忠誠を誓わせるため絶対服従の呪いをかけた。,2026-03-12 13:40:13,2026-07-27 13:52:20
183,185,スモールグール,スモールグール,Drooling Ghoul,怪人系,Humanoid,0,,https://www.d-quest-10.com/detail/a00150.html,/storage/images/monsters/183.webp,自分の身体を分裂させて襲いかかってくる子鬼。倒すのに時間がかかるやっかいなヤツ。,魔界一不気味な魔物を目指しグールのもとで修行していた。このたび免許皆伝の証として師匠の名前を授かった。,2026-03-12 13:40:17,2026-07-27 13:52:24
184,186,バサラーナ,バサラーナ,Basarana,怪人系,Humanoid,0,,https://www.d-quest-10.com/detail/a00224.html,/storage/images/monsters/184.webp,派手なかっこうをして荒々しく立ち回る妖怪。ザオラルやベホマラーで仲間を助けながら戦う。,その身なりと奇抜な言動で業界の異端児として知られるがなぜか女子からはモテモテのしゃくに障るプレイボーイ。,2026-03-12 13:40:20,2026-07-27 13:52:27
185,187,スマイルリザード,スマイルリザード,Raptile,ドラゴン系,Dragon,0,,https://www.d-quest-10.com/detail/a00148.html,/storage/images/monsters/185.webp,愛くるしい笑顔を見せる愉快な個性派トカゲ。その笑顔に油断すると痛い目にあう。,いつも泉に顔を映して笑顔の練習をしている。魔物界のアイドルを目指し今日もカワイイ角度を探す。,2026-03-12 13:40:23,2026-07-27 13:52:30
186,188,エビルチクリン,エビルチクリン,Bamboozler,マシン系,Machine,0,,https://www.d-quest-10.com/detail/a00032.html,/storage/images/monsters/186.webp,ハイカラな旗印を背負ったたけやり族のトリックスター。さみだれ突きや自爆などとにかくド派手な技が好き。,いくさ場こそ漢の舞台。だからこそ目立つ格好で強烈に自己主張したい。俺の生き様とくと見よ！,2026-03-12 13:40:28,2026-07-27 13:52:33
187,189,ボーンナイト,ボーンナイト,Grim Rider,ゾンビ系,Undead,0,,https://www.d-quest-10.com/detail/a00295.html,/storage/images/monsters/187.webp,ひづめの音をひびかせて迫りくる地獄の騎士。自らにベホイミをかけ折れた骨を修復してゆく。,最近骨密度が下がっていてカルシウムをとるため牛乳をたくさん飲んでいる。意外にも健康志向なのね。,2026-03-12 13:40:31,2026-07-27 13:52:36
188,190,ドロヌーバ,ドロヌーバ,Mudraker,エレメント系,Elemental,0,,https://www.d-quest-10.com/detail/a00206.html,/storage/images/monsters/188.webp,泥に宿った死者の魂が旅人たちの足にすがりつく。戦闘中スクルトを唱えて泥の身体を強化することも。,ドロヌーバの天敵は日照り！強い日差しによってお肌がカサヌーバになってしまいアイデンティティが崩壊する。,2026-03-12 13:40:34,2026-07-27 13:52:40
189,191,ネイルビースト,ネイルビースト,Claw Breaker,水系,Aquatic,0,,https://www.d-quest-10.com/detail/a00216.html,/storage/images/monsters/189.webp,長いツメを振り回しマヒや毒の攻撃でこちらを弱らせてくるおそろしい海の魔人。,長いツメは殺人鬼の命。毎日お気に入りのネイルアーティストの所でお手入れを欠かさない。,2026-03-12 13:40:37,2026-07-27 13:52:43
190,192,イーブルフライ,イーブルフライ,Cutterfly,虫系,Insect,0,,https://www.d-quest-10.com/detail/a00017.html,/storage/images/monsters/190.webp,毒々しいチョウの羽を持つ呪文に長けたドラゴン。ルカナンで守備力を下げては炎の玉を飛ばしてくる。,毒イモムシがサナギとなりそのかたいカラを破るとイーブルフライとなって美しく飛びたっていく。,2026-03-12 13:40:41,2026-07-27 13:52:46
191,193,バイキングソウル,バイキングソウル,Viking Soul,ゾンビ系,Undead,0,,https://www.d-quest-10.com/detail/a00221.html,/storage/images/monsters/191.webp,略奪をくりかえしてきた凶暴な海賊の亡霊。仲間をバイキルトで強化しどとうの攻撃をしかける。,極悪非道な行いのせいで海の神に嫌われてしまった。死んだ後も海に立ち入れず陸地を暴れまわっている。,2026-03-12 13:40:44,2026-07-27 13:52:49
192,194,ジェリーマン,ジェリーマン,Admirer,エレメント系,Elemental,0,,https://www.d-quest-10.com/detail/a00123.html,/storage/images/monsters/192.webp,ゼリー状の身体を持つネトネトしたモンスター。ヘナトスで攻撃力を下げゆったり襲いかかってくる。,スライムって人気者らしい。そんなウワサを聞いてからいてもたってもいられない。オイラもぷるぷるだよぅ！,2026-03-12 13:40:47,2026-07-27 13:52:52
193,195,レッドプリン,レッドプリン,Red Pudding,エレメント系,Elemental,0,,https://www.d-quest-10.com/detail/a00354.html,/storage/images/monsters/193.webp,お菓子好きの魔女によって偶然生みだされた魔物。たまにかえんの息をはくが悪気はなく本能ゆえの行動。,甘いはずのプリンがなぜか激辛に仕上がった。お菓子好きの魔女は料理が下手だったらしい。,2026-03-12 13:40:50,2026-07-27 13:52:55
194,196,えんまのつかい,エンマノツカイ,Ashassin,怪人系,Humanoid,0,,https://www.d-quest-10.com/detail/a00034.html,/storage/images/monsters/194.webp,すべてを灰にするため地獄から送られた大妖怪。天地のかまえを使って相手の攻撃を待ちかまえる。,ウソつきはえんまのつかいに舌を抜かれて持ってかれる…などというウワサもあるがそんなぬるいヤツじゃない。,2026-03-12 13:40:53,2026-07-27 13:52:59
195,197,デザートゴースト,デザートゴースト,Sweaty Yeti,獣系,Beast,0,,https://www.d-quest-10.com/detail/a00179.html,/storage/images/monsters/195.webp,砂漠に出没するチカラ自慢。炎天下の中わざわざ熱い息を吹きかけてくるあつくるしいヤツ。,もともとイエティと同じくらい白かったのに砂漠で日焼けして微妙な色になってしまった。,2026-03-12 13:40:56,2026-07-27 13:53:02
196,198,りゅうき兵,リュウキヘイ,Mandrake Mercenary,ドラゴン系,Dragon,0,,https://www.d-quest-10.com/detail/a00350.html,/storage/images/monsters/196.webp,攻防一体の戦闘をするドラゴンの兵士。仲間を呼ぶこともあるので早めに倒してしまおう。,騎兵という割にじつは馬には乗ったことがない。りゅうほ兵という名前だけはカンベンだと思っている。,2026-03-12 13:41:00,2026-07-27 13:53:05
197,199,ダッシュラン,ダッシュラン,Drag Racer,ドラゴン系,Dragon,0,,https://www.d-quest-10.com/detail/a00169.html,/storage/images/monsters/197.webp,氷のブレスを使いこなす俊足の青いドラゴン。,ときどき敵を吹っ飛ばしてダメージを与える。,2026-03-12 13:41:03,2026-07-27 13:53:08
198,200,キラービー,キラービー,Scornet,虫系,Insect,0,,https://www.d-quest-10.com/detail/a00074.html,/storage/images/monsters/198.webp,野生のハチが魔物の手により殺人バチに進化した。大きな針にはマヒ毒が仕込んであるので要注意だ。,よく黒い服を着ているとハチに狙われるというがコイツは服の色とか関係なく襲いかかってくるぞ。,2026-03-12 13:41:07,2026-07-27 13:53:11
199,201,クリスタルハンド,クリスタルハンド,Crystal Hand,物質系,Material,0,,https://www.d-quest-10.com/detail/a00088.html,/storage/images/monsters/199.webp,水晶のように透きとおった妖しくも美しい腕の魔物。時折コープスフライを呼び戦況を一変させてくる。,おそろしき氷の女王の手。氷の世界に旅人を閉じ込めコレクションにして楽しんでいるらしい。,2026-03-12 13:41:10,2026-07-27 13:53:15
200,202,ウィッチネイル,ウィッチネイル,Witch's Nail,ゾンビ系,Undead,0,,https://www.d-quest-10.com/detail/a00025.html,/storage/images/monsters/200.webp,たまにしりょうのきしを呼びベホイミで回復させながら骨のずいまで利用する。高飛車な性格のモンスター。,おどるほうせきを捕まえては袋の中の宝石をかすめとる手クセの悪い魔女の手。老後のために必死のようだ。,2026-03-12 13:41:14,2026-07-27 13:53:18
201,203,ビッグスロース,ビッグスロース,Sasquash,獣系,Beast,0,,https://www.d-quest-10.com/detail/a00236.html,/storage/images/monsters/201.webp,チカラをためて攻撃する毛むくじゃらの怪物。スクルトで守りをかためる用心深い一面も。,巣穴に引きこもってずっとダラダラしているものぐさなナマケモノ。自宅警備はお手の物。,2026-03-12 13:41:17,2026-07-27 13:53:21
202,204,ドラゴンキッズ,ドラゴンキッズ,Small Fry,ドラゴン系,Dragon,0,,https://www.d-quest-10.com/detail/a00202.html,/storage/images/monsters/202.webp,やんちゃな子供ドラゴン。背伸びしたいお年頃なのかはりきってはげしいほのおをはこうとするが……？,じつはどのドラゴンの子供か判明していない。この姿が成体で本当はドラゴンアダルトなのかも？,2026-03-12 13:41:21,2026-07-27 13:53:24
204,206,パペットロープ,パペットロープ,Puppet Rope,物質系,Material,0,,https://www.d-quest-10.com/detail/a00227.html,/storage/images/monsters/204.webp,人形のように結ばれたロープのモンスター。細い身体でしめあげては回転パンチをしかけてくる。,もともとは劇の人形として人間に使われていたがしばられた人生がイヤで人間をしばる魔物になった。,2026-03-12 13:41:27,2026-07-27 13:53:32
205,207,ボーンプリズナー,ボーンプリズナー,Marrow Escapee,ゾンビ系,Undead,0,,https://www.d-quest-10.com/detail/a00298.html,/storage/images/monsters/205.webp,しかばねとなった今でも血のにおいに飢えている元死刑囚のなれの果て。なぜかマホトーンを使う。,スゴうでの殺し屋が捕まって死刑に処せられたものの被害者たちの恨みは消えず安らかな死は訪れなかった。,2026-03-12 13:41:30,2026-07-27 13:53:35
206,208,岩とびあくま,イワトビアクマ,Rockin' Rockhopper,水系,Aquatic,0,,https://www.d-quest-10.com/detail/a00023.html,/storage/images/monsters/206.webp,岩場を跳ねまわる凶悪な形相のペンギン。黒い群れがいっせいに飛びかかる姿はまさに悪魔。,芸の道は険しくときにタップペンギーたちもタップ道を踏み外す。そして岩とびあくまとなる。,2026-03-12 13:41:36,2026-07-27 13:53:38
207,209,メタルライダー,メタルライダー,Metal Slime Knight,スライム系,Slime,0,,https://www.d-quest-10.com/detail/a00330.html,/storage/images/monsters/207.webp,無口なメタルスライム乗り。華麗な宙返りを披露して痛恨の一撃をくりだすときに大胆な一面も。,相棒のメタルスライムはシルバーと呼ばれている。もちろん ハイヨー！ と声をかけて飛び乗るのだ。,2026-03-12 13:41:39,2026-07-27 13:53:42
208,210,げんじかぶと,ゲンジカブト,Genji Beetle,虫系,Insect,0,,https://www.d-quest-10.com/detail/a00097.html,/storage/images/monsters/208.webp,由緒ある名前を冠したかぶと虫型のモンスター。バリアで守りをかためて突っ込んでくる戦闘兵器。,どういうわけかやたらと旅人にぬすむをやられる。そんなにたいした物は持ってないはずなのに……。,2026-03-12 13:41:42,2026-07-27 13:53:45
209,211,サイレス,サイレス,Gryphon,鳥系,Bird,0,,https://www.d-quest-10.com/detail/a00110.html,/storage/images/monsters/209.webp,人間の死肉を食らうという残忍でおそろしい魔鳥。鋭いツメで２回切り裂いて確実に獲物をしとめる。,おそろしいほどの地獄耳で魔物界一の神経質だとか。魔法使いの詠唱が大キライで邪魔をするのが生きがい。,2026-03-12 13:41:45,2026-07-27 13:53:48
210,212,きりかぶこぞう,キリカブコゾウ,Bark Boy,植物系,Plant,0,,https://www.d-quest-10.com/detail/a00412.html,/storage/images/monsters/210.webp,ふしぎなおどりを踊ったり守備力を下げてきたりいやがらせが得意なこぞう。性格はかなり悪いようだ。,じつは切り株をアタマにかぶっているのではなく切り株から身体が生えて今の姿になったという。,2026-03-12 13:41:48,2026-07-27 13:53:51
211,213,キラートーチ,キラートーチ,Killer Torch,物質系,Material,0,,https://www.d-quest-10.com/detail/a00073.html,/storage/images/monsters/211.webp,多くの返り血を浴びてきて紅く染まった殺人ろうそく。秘められた魔力を解放して呪文を連発してくるぞ。,コイツが歩いた跡にはロウと人間の返り血でぽたぽたと赤い道が続き草１本生えなくなるという。,2026-03-12 13:41:50,2026-07-27 13:53:55
212,214,しりょうのきし,シリョウノキシ,Skeleton Soldier,ゾンビ系,Undead,0,,https://www.d-quest-10.com/detail/a00136.html,/storage/images/monsters/212.webp,無念の死を遂げた騎士が死霊となってよみがえった。斬りつけた相手を呪いにかけべホイミも使いこなす。,最近頭のヒビ割れが大きくなっている気がして毎日鏡とにらめっこ。ストレスのせいだろうか……。,2026-03-12 13:41:56,2026-07-27 13:53:58
213,215,コープスフライ,コープスフライ,Flying Corpse,ゾンビ系,Undead,0,,https://www.d-quest-10.com/detail/a00101.html,/storage/images/monsters/213.webp,邪悪な魔法使いが死んで空飛ぶ魔物と化した。メラミヘナトスなど呪文攻撃に気をつけろ。,カッコよくメラミを唱え人間を追い払う姿はコウモリのアンデッドの中で最もイケメンとの声が高い。,2026-03-12 13:41:59,2026-07-27 13:54:01
214,216,キラークラブ,キラークラブ,King Crab,水系,Aquatic,0,,https://www.d-quest-10.com/detail/a00069.html,/storage/images/monsters/214.webp,ラリホーを唱えてくるやっかいなカニの魔物。ブ厚いこうらでおおわれたかたい身体が一番の自慢。,かたいだけではダメだと努力してラリホーを覚えたがその代わりにスクルトを忘れてしまった……。,2026-03-12 13:42:02,2026-07-27 13:54:04
215,217,きせいじゅ,キセイジュ,Tree Sage,植物系,Plant,0,,https://www.d-quest-10.com/detail/a00063.html,/storage/images/monsters/215.webp,人食い草に寄生されて強力になったふゆうじゅ。かみついてくるだけでなく回復呪文を使いこなす。,はたしてきせいじゅの心は人食い草のモノなのかふゆうじゅのモノなのか。真相は謎に包まれている。,2026-03-12 13:42:05,2026-07-27 13:54:07
216,218,メタルハンター,メタルハンター,Hunter Mech,マシン系,Machine,0,,https://www.d-quest-10.com/detail/a00329.html,/storage/images/monsters/216.webp,光沢のあるメタルボディに剣と弓をそなえた機械兵。４本足で機敏に動いては激しく斬りつけてくる。,たくさん経験値を得ればあこがれのキラーマシンにバージョンアップできるかも。だから今日もメタル狩り。,2026-03-12 13:42:08,2026-07-27 13:54:11
217,219,グリゴンダンス,グリゴンダンス,Caped Caperer,悪魔系,Demon,0,,https://www.d-quest-10.com/detail/a00087.html,/storage/images/monsters/217.webp,冥界から現れたダンサー。,動きは こっけいだが,2026-03-12 13:42:12,2026-07-27 13:54:14
218,220,わかめ王子,ワカメオウジ,King Kelp,水系,Aquatic,0,,https://www.d-quest-10.com/detail/a00408.html,/storage/images/monsters/218.webp,王子のくせに仲間を集めてコミックソングを歌うのが好きで回復呪文も得意とする庶民派いやし系アイドル。,本当は王子と付けるのが流行っていると知り便乗したただのワカメの若者。今はブームも去って後悔してる。,2026-03-12 13:42:19,2026-07-27 13:54:17
219,221,サブナック,サブナック,Abracadabrador,獣系,Beast,0,,https://www.d-quest-10.com/detail/a00114.html,/storage/images/monsters/219.webp,はく息が竜巻になるというおそろしい地獄の魔犬。怒るとテンションを上げて情け容赦なく襲いかかる。,人間相手には凶暴だが飼い主のあくま神官の前ではお手やおすわりをこなしシッポを振る忠犬である。,2026-03-12 13:42:23,2026-07-27 13:54:20
220,222,アカイライ,アカイライ,Belisha Beakon,鳥系,Bird,0,,https://www.d-quest-10.com/detail/a00007.html,/storage/images/monsters/220.webp,バギ系呪文の使い手。攻撃力もそこそこあるので集団で現れるとやっかい。すばやく片付けよう。,何ひとつ真実のない真っ赤なウソをつきまくる。それを信じて破滅した魔物も数多くいるらしい……。,2026-03-12 13:42:29,2026-07-27 13:54:23
221,223,ひとくいサーベル,ヒトクイサーベル,Erazor Blade,物質系,Material,0,,https://www.d-quest-10.com/detail/a00242.html,/storage/images/monsters/221.webp,旅人に捨てられた剣に悪の心が宿ったモンスター。とぎすました痛恨の一撃でこちらを狙ってくるぞ！,刃こぼれを起こしたときはしっかり自分の身体をとぎピッカピカにみがいてから次の勝負にそなえている。,2026-03-12 13:42:33,2026-07-27 13:54:27
222,224,ゴールドオーク,ゴールドオーク,Orc Chieftain,獣系,Beast,0,,https://www.d-quest-10.com/detail/a00103.html,/storage/images/monsters/222.webp,見事な黄金の毛に包まれたイノシシのモンスター。さみだれ突きベホマラーと攻防両面にたけている。,オークは年を取るにつれ黄金の毛に生えかわる。全身金色になるとお祝いに紫色の服が贈られるのだ。,2026-03-12 13:42:38,2026-07-27 13:54:31
223,225,ライノソルジャー,ライノソルジャー,Rhinoceraxe,獣系,Beast,0,,https://www.d-quest-10.com/detail/a00344.html,/storage/images/monsters/223.webp,戦士として修行を積んだサイおとこのエリート。呪文は使ってこないが痛恨の一撃に用心だ。,魔物たちのウワサでカバ族の戦士が現れたと聞きぜひとも一戦交えてみたいと意気込んでいる。,2026-03-12 13:42:43,2026-07-27 13:54:35
224,226,アサシンエミュー,アサシンエミュー,Peckerel,鳥系,Bird,0,,https://www.d-quest-10.com/detail/a00009.html,/storage/images/monsters/224.webp,すばやい動きが特徴のスミをはきだす鳥モンスター。まれにくりだしてくるアサシンアタックに要注意。,かつて人間の手によって生みだされた暗殺用の魔物がオリを抜けだし野生化した。現在自由の身をマンキツ中。,2026-03-12 13:42:46,2026-07-27 13:54:38
225,227,メガザルロック,メガザルロック,Bomboulder,物質系,Material,0,,https://www.d-quest-10.com/detail/a00326.html,/storage/images/monsters/225.webp,ふだんはおとなしいがいざとなると自らを犠牲にして仲間をよみがえらせる岩石魔物のリーダー。,若い頃はもっと尖っていたがゴロゴロと転がりながら旅をするうちに丸くなった。オレも大人になったなぁ……。,2026-03-12 13:42:50,2026-07-27 13:54:41
226,228,フォンデュ,フォンデュ,Fromage Fray,物質系,Material,0,,https://www.d-quest-10.com/detail/a00409.html,/storage/images/monsters/226.webp,ひょうきんな見た目とはうらはらに爆発呪文を唱え自らを回復させる技も持つ油断できない切れ者。,スライムっぽくもありゴーストっぽくもある正体不明のニューフェイス。ぼうしの下に秘密があるとか。,2026-03-12 13:42:53,2026-07-27 13:54:44
227,229,ヒートギズモ,ヒートギズモ,Hell Nino,エレメント系,Elemental,0,,https://www.d-quest-10.com/detail/a00232.html,/storage/images/monsters/227.webp,熱くたぎった火山の煙に心が宿って魔物と化した。こちらが消しズミになるまで強烈な炎をはきかけてくる。,ある程度大きくなると身体がふたつに分裂する。元の意思は受け継がれるのである意味永遠の命といえる。,2026-03-12 13:42:56,2026-07-27 13:54:47
228,230,ブリザード,ブリザード,Frostburn,エレメント系,Elemental,0,,https://www.d-quest-10.com/detail/a00261.html,/storage/images/monsters/228.webp,深い悲しみにより人間の魂が吹雪のように冷たくなって生まれた魔物。ザラキで死へといざなう。,プリンを食べただけなのに姉にひどく怒られてしまいやりきれない弟の悲しみがこの魔物を生んだという。,2026-03-12 13:42:59,2026-07-27 13:54:50
229,231,ヘルコンダクター,ヘルコンダクター,Hell Conductor,怪人系,Humanoid,0,,https://www.d-quest-10.com/detail/a00279.html,/storage/images/monsters/229.webp,地獄の音楽を奏でたせいで魂が汚れてしまった指揮者。彼がくりだす呪文の数々は状態異常のハーモニーを生む。,彼が奏でた地獄の音楽とは耳にした者が３日以内に必ず命を落とすというおそろしい曲らしい……。,2026-03-12 13:43:04,2026-07-27 13:54:54
230,232,チャンプスター,チャンプスター,Champ Star,水系,Aquatic,0,,https://www.d-quest-10.com/detail/a00176.html,/storage/images/monsters/230.webp,華麗なハッスルダンスとブレイクダンスさながらの激しい回転攻撃をあわせ持つ魔界のダンスチャンプ。,その金色の身体はダンス界にまばゆく輝くスターの証。目が合ったらもう遅い。あなたのハートを離さない。,2026-03-12 13:43:09,2026-07-27 13:54:57
231,233,ホークマン,ホークマン,Hawk Man,鳥系,Bird,0,,https://www.d-quest-10.com/detail/a00410.html,/storage/images/monsters/231.webp,タカのような翼の生えた空を飛ぶ怪人。マホトーンを得意とし風を自在にあやつるという。,決して自分の主張を曲げないガンコ者の悪魔。意見を通すためなら暴力もいとわない典型的なタカ派。,2026-03-12 13:43:12,2026-07-27 13:55:00
232,234,ベビル,ベビル,Grimlin,悪魔系,Demon,0,,https://www.d-quest-10.com/detail/a00272.html,/storage/images/monsters/232.webp,魔界で生まれた 悪の申し子。,はげしいほのおを はきちらし,2026-03-12 13:43:15,2026-07-27 13:55:04
233,235,サンダーフロッグ,サンダーフロッグ,Zaptile,水系,Aquatic,0,,https://www.d-quest-10.com/detail/a00118.html,/storage/images/monsters/233.webp,体内に電気を宿したおっかないビリビリガエル。蓄えた電気を放電していなずまを発生させる。,サンダーフロッグが陽気に水浴びしていると感電した魚が浮いてくる。おかげでエサには困らない。,2026-03-12 13:43:18,2026-07-27 13:55:07
234,236,ベホマスライム,ベホマスライム,Cureslime,スライム系,Slime,0,,https://www.d-quest-10.com/detail/a00275.html,/storage/images/monsters/234.webp,ベホマを覚えたホイミスライムのエリート。いやしの雨も使いこなす回復のエキスパートだ。,ふよふよと漂う赤いボディはホイミ道を極めた証。呼びたくても 人気が高いのでだいたい予約１か月待ちだ。,2026-03-12 13:43:21,2026-07-27 13:55:10
235,237,サタンメイル,サタンメイル,Alarmour,物質系,Material,0,,https://www.d-quest-10.com/detail/a00113.html,/storage/images/monsters/235.webp,魔王の息吹が込められた邪悪な意志を持つ死のヨロイ。高い戦闘能力を誇り攻守ともにすきがない。,魔界の城の渡り廊下にはサタンメイルがずらりと１０００体以上並んでおりおそろしくも荘厳な眺めだ。,2026-03-12 13:43:24,2026-07-27 13:55:13
236,238,ブラッドハンド,ブラッドハンド,Bloody Hand,ゾンビ系,Undead,0,,https://www.d-quest-10.com/detail/a00260.html,/storage/images/monsters/236.webp,処刑場の血だまりから生まれたモンスター。おどろおどろしい動きでいろんな魔物を引きよせる。,手からたれるドロドロはなんと養分たっぷり。そのドロドロは地獄の農場で肥料として重宝されている。,2026-03-12 13:43:27,2026-07-27 13:55:16
237,239,つかいま,ツカイマ,Wimp,悪魔系,Demon,0,,https://www.d-quest-10.com/detail/a00444.html,/storage/images/monsters/237.webp,魔王の手下が偵察のために地上に放つというスパイ。おどりでＭＰを吸い取ったり地味な嫌がらせをしてくる。,スパイとして派遣されたがよく任務を忘れ遊んでしまい監視員のあくま神官にお尻をたたかれている。,2026-03-12 13:43:30,2026-07-27 13:55:20
238,240,ゲリュオン,ゲリュオン,Draguar,獣系,Beast,0,,https://www.d-quest-10.com/detail/a00096.html,/storage/images/monsters/238.webp,多くの英雄がその牙にかかり命を落としたとされる魔獣。翼を大きく広げてバギクロスを巻き起こす。,あまり知られていないが身体の斑点は実力の証。今まで倒した人間の数をひそかに刻んでいるらしい。,2026-03-12 13:43:34,2026-07-27 13:55:23
239,241,ベビーサラマンダ,ベビーサラマンダ,Salamander Fry,ドラゴン系,Dragon,0,,https://www.d-quest-10.com/detail/a00269.html,/storage/images/monsters/239.webp,火をつかさどるといわれる邪悪なドラゴンの子供。まるで息をするようにあちこち火炎をはきちらす。,かんしゃくを起こすと泣きながら火炎をはきちらし手がつけられなくなる迷惑な赤ちゃんドラゴン。,2026-03-12 13:43:38,2026-07-27 13:55:26
240,242,スターキメラ,スターキメラ,Cosmic Chimaera,鳥系,Bird,0,,https://www.d-quest-10.com/detail/a00145.html,/storage/images/monsters/240.webp,すさまじい炎の息をはきだすキメラ界のスター。ベホマラーを使えるので戦いが長引くかも。,スターキメラにあこがれ毛をピンクに染めるキメラが続出しているらしい。ニセ者に気をつけろ！,2026-03-12 13:43:42,2026-07-27 13:55:30
241,243,ニードルマン,ニードルマン,Needleman,物質系,Material,0,,https://www.d-quest-10.com/detail/a00418.html,/storage/images/monsters/241.webp,獲物を求めてさまよい歩くトゲトゲを生やした人形。その小さい姿に油断した者をくしざしにするという。,最初はトゲがなかったが生き残るために自分の身体にサボテンのトゲを植えつけ攻撃と防御に利用している。,2026-03-12 13:43:45,2026-07-27 13:55:33
242,244,ましょうぐも,マショウグモ,Demon Cloud,エレメント系,Elemental,0,,https://www.d-quest-10.com/detail/a00312.html,/storage/images/monsters/242.webp,やみのブレスのろいのきりを辺りにまきちらすおぞましい魔瘴のかたまり。怒ると死の呪文を使うぞ。,ちょっぴりさみしいときにため息をつくと辺りの草花がいっせいに枯れてしまいますますさみしい気持ちに。,2026-03-12 13:43:48,2026-07-27 13:55:36
243,245,スクラッチャー,スクラッチャー,Scratcher,水系,Aquatic,0,,https://www.d-quest-10.com/detail/a00143.html,/storage/images/monsters/243.webp,鍛えぬいた肉体と鋭いツメを持つ青き殺人鬼。すばやく２回切りかかっては炎をはく手強い相手。,立派なツメとヒレが誇り。青い肌はウェディにちょっと似ているが本人はそう言われるのがキライ。,2026-03-12 13:43:52,2026-07-27 13:55:39
244,246,つららスライム,ツララスライム,Slimecicle,スライム系,Slime,0,,https://www.d-quest-10.com/detail/a00178.html,/storage/images/monsters/244.webp,雪国でしか見られない巨大なつららを背負った真っ白なスライム。旅人を眠らせ襲いかかる。,雪山で遭難した旅人のもとに音もなく忍び寄ってくる。現地では 白い死神としておそれられているという……。,2026-03-12 13:43:55,2026-07-27 13:55:43
245,247,アカリリス,アカリリス,Red Squirrel,獣系,Beast,0,,https://www.d-quest-10.com/detail/a00415.html,/storage/images/monsters/245.webp,身体より大きいサイズのしっぽを持つリスの魔物。自慢のしっぽを振り回して痛恨の一撃を放ってくる。,本来しっぽは小さいのだが日々のお手入れによって毛に空気を含ませてフワフワにしているらしい。,2026-03-12 13:43:57,2026-07-27 13:55:46
246,248,どろにんぎょう,ドロニンギョウ,Mud Mannequin,物質系,Material,0,,https://www.d-quest-10.com/detail/a00413.html,/storage/images/monsters/246.webp,泥をこねて作られた人形が魔力を得て動きだしたもの。ふしぎなおどりを踊って敵のＭＰを下げるのが好き。,身体を作っている泥には保湿成分がふくまれておりおハダのカサカサを気にする魔物に引っぱりダコらしい。,2026-03-12 13:44:00,2026-07-27 13:55:49
247,249,ダークナイト,ダークナイト,Invisible Swordsman,ゾンビ系,Undead,0,,https://www.d-quest-10.com/detail/a00160.html,/storage/images/monsters/247.webp,闇夜をさまよい歩いて死をもたらすという魔剣士。激しいいなずまを呼びよせて夜の静寂を引き裂く。,美しい女性を見つけるとマントの中に引き入れて連れさってゆくという。わる～いナイト様なのだ。,2026-03-12 13:44:03,2026-07-27 13:55:52
248,250,リュウイーソー,リュウイーソー,Li'l Whizzer,エレメント系,Elemental,0,,https://www.d-quest-10.com/detail/a00349.html,/storage/images/monsters/248.webp,仲間を呼び集め爆弾を落とすおそろしいモンスター。緑一色のボディがなんだかオリエンタルな雰囲気。,博打好きの旅人の間ではコイツが１４匹そろったときとてつもないことが起こるとささやかれている。,2026-03-12 13:44:09,2026-07-27 13:55:56
249,251,うみぼうず,ウミボウズ,Shipwrecker,エレメント系,Elemental,0,,https://www.d-quest-10.com/detail/a00031.html,/storage/images/monsters/249.webp,沈没船からわきでてくる水死した人々の怨霊。突然目の前に現れるトリッキーな動きが得意。,真夏のリゾート地に現れては波とたわむれる恋人たちの足を引っ張るという。つらい過去があるらしい。,2026-03-12 13:44:12,2026-07-27 13:55:59
250,252,アサシンクロー,アサシンクロー,Nail Blighter,水系,Aquatic,0,,https://www.d-quest-10.com/detail/a00010.html,/storage/images/monsters/250.webp,人を襲うために生まれてきた凶悪な魔物界の暗殺者。鋭いツメでキズつけられるとまれに即死することも。,時々水辺に集まって水面から顔や足を出していっせいに踊っている。動きがズレるとダメらしい。,2026-03-12 13:44:16,2026-07-27 13:56:02
251,253,かえんムカデ,カエンムカデ,Grillerpillar,虫系,Insect,0,,https://www.d-quest-10.com/detail/a00049.html,/storage/images/monsters/251.webp,火山の中から生まれた真っ赤なムカデのモンスター。炎をはきちらす攻撃には文字通り手を焼くだろう。,あんまり炎をはきすぎると翌日ノドが痛くなる。そんなときは熱い溶岩をグイッとやると効くらしい。,2026-03-12 13:44:18,2026-07-27 13:56:05
252,254,ヘルゴースト,ヘルゴースト,Spitegeist,ゾンビ系,Undead,0,,https://www.d-quest-10.com/detail/a00278.html,/storage/images/monsters/252.webp,地獄で闇のチカラを蓄えて舞い戻ってきたゴースト。相手にラリホーマをかけ眠らせてから攻撃してくる。,ひさしぶりに戻ってきたら地獄帰りとおそれられ幽霊たちのカリスマとなった。ただいま自伝を執筆中。,2026-03-12 13:44:21,2026-07-27 13:56:08
253,255,ワイトキング,ワイトキング,Wight King,ゾンビ系,Undead,0,,https://www.d-quest-10.com/detail/a00357.html,/storage/images/monsters/253.webp,死霊たちを統率する身の毛もよだつ亡霊王。ディバインスペルやマホトーンで妨害してくる。,死して後死霊の王にまでのぼりつめた成功者。皮肉にも彼は今まさに人生を謳歌している。,2026-03-12 13:44:24,2026-07-27 13:56:11
254,256,あやしいかげ,アヤシイカゲ,Shade,エレメント系,Elemental,0,,https://www.d-quest-10.com/detail/a00423.html,/storage/images/monsters/254.webp,魔物たちの影から生まれると言われている。暗黒のきりで辺りを包み攻撃力や魔力を下げてくる。,本当の自分はいったい何者なのか……。いろんな影の形をマネしているうちに自分を見失いつつある。,2026-03-12 13:44:30,2026-07-27 13:56:14
255,257,ごろつき,ゴロツキ,Hood,怪人系,Humanoid,0,,https://www.d-quest-10.com/detail/a00411.html,/storage/images/monsters/255.webp,いつも皆に迷惑をかける札付きのワル。テンション高めに暴れまわり痛恨の一撃まで放つ。,外では強気にふるまっているが家に帰ると鬼ヨメにいびられ子供にはジャマにされ肩身のせまい思いをしている。,2026-03-12 13:44:33,2026-07-27 13:56:18
256,258,こうていタップ,コウテイタップ,Emperor Tapper,水系,Aquatic,0,,https://www.d-quest-10.com/detail/a00098.html,/storage/images/monsters/256.webp,ド派手な毛皮に身を包んだタップ界のエンペラー。ラリホーマやマホトーンで華麗に幻惑してくるぞ。,金色の体毛は皇帝の証。激しいタップの摩擦により毛並がいたみ色が抜け黄金に輝きはじめるのだ。,2026-03-12 13:44:37,2026-07-27 13:56:21
257,259,マッシュスライム,マッシュスライム,Slimeshroom,スライム系,Slime,0,,https://www.d-quest-10.com/detail/a00416.html,/storage/images/monsters/257.webp,身体にキノコを生やしたへんてこなスライム。マヌーサを唱えて,旅人を惑わせてくる。,2026-03-12 13:44:40,2026-07-27 13:56:24
258,260,ダーティラビッツ,ダーティラビッツ,Bad Hare,獣系,Beast,0,,https://www.d-quest-10.com/detail/a00164.html,/storage/images/monsters/258.webp,元はふくめんバニーだったが闇の修行を経て黒い身体に。強烈な格闘ワザをしかける容赦ない平原の暗殺者。,暗闇の中で四方から襲いくるアイアンクックを倒すという闇の修行をこなしてきた。自爆に巻き込まれ黒コゲに。,2026-03-12 13:44:44,2026-07-27 13:56:27
259,261,かっちゅうアリ,カッチュウアリ,Armoured Ant,虫系,Insect,0,,https://www.d-quest-10.com/detail/a00052.html,/storage/images/monsters/259.webp,敵の血を吸って戦いに挑む武装したモンスター。しっぽに爆弾を隠し持つ大胆不敵な兵隊アリ。,行列を作りながら仲間同士で歩いているときしっぽ爆弾を踏んでしまって大災害になることがある。,2026-03-12 13:44:48,2026-07-27 13:56:31
260,262,ヘルボックル,ヘルボックル,Tree Feller,植物系,Plant,0,,https://www.d-quest-10.com/detail/a00428.html,/storage/images/monsters/260.webp,氷呪文による攻撃と回復呪文を使い分ける地獄出身の邪悪な妖精。気まぐれな性格の持ち主。,アタマの切り株は寝るときは外してマクラに。長いカミの毛にくるまって野宿でもバッチリ安眠。,2026-03-12 13:44:50,2026-07-27 13:56:34
261,263,うごくせきぞう,ウゴクセキゾウ,Living Statue,物質系,Material,0,,https://www.d-quest-10.com/detail/a00028.html,/storage/images/monsters/261.webp,巨大な石像に怨念が宿り邪悪な意志の下動きだした。巨体をゆすり振り上げた足で敵を踏みつける。,経年劣化によってポロポロとかかとの角質がはがれ気味。そんなときはばくだん岩でかかとをみがくという。,2026-03-12 13:44:56,2026-07-27 13:56:37
262,264,かげのきし,カゲノキシ,Dark Skeleton,ゾンビ系,Undead,0,,https://www.d-quest-10.com/detail/a00050.html,/storage/images/monsters/262.webp,人の魂を刈り取るために地上をさまよう邪悪な亡霊。怒るとこちらの攻撃力を下げながら襲ってくる。,しりょうのきしの持つあまりに強い怨念が影に宿り持ち主の身体から離れて悪行をくりかえしている。,2026-03-12 13:44:59,2026-07-27 13:56:40
263,265,マッドルーパー,マッドルーパー,Axolotl,水系,Aquatic,0,,https://www.d-quest-10.com/detail/a00315.html,/storage/images/monsters/263.webp,吸い込んだ砂をはきちらし大きな腹でのしかかってくるピンクの両生類モンスター。混乱攻撃にも注意しよう。,コイツの主食はズバリ砂。砂を食べてはフンをするので砂漠の緑化に使えないかと学者が注目しているという。,2026-03-12 13:45:03,2026-07-27 13:56:43
264,266,バルバロッサ,バルバロッサ,Orobas,悪魔系,Demon,0,,https://www.d-quest-10.com/detail/a00228.html,/storage/images/monsters/264.webp,地獄よりつかわされた恐怖の象徴たる青き悪魔。,イオナズンを使い辺りに破壊をまきちらすという。,2026-03-12 13:45:06,2026-07-27 13:56:47
265,267,マグマロン,マグマロン,Live Lava,エレメント系,Elemental,0,,https://www.d-quest-10.com/detail/a00307.html,/storage/images/monsters/265.webp,煮えたぎる溶岩からドロリと現れる無形の魔物。メラゾーマをはなって旅人を黒コゲにする。,火山の噴火に巻き込まれドロドロに溶けた人の怨霊。熱い熱いともだえながら足にすがりついてくる。,2026-03-12 13:45:13,2026-07-27 13:56:50
266,268,シールドオーガ,シールドオーガ,Escudogre,怪人系,Humanoid,0,,https://www.d-quest-10.com/detail/a00121.html,/storage/images/monsters/266.webp,地獄の門がかたどられた大盾を手にしたモンスター。盾にほられた悪魔の顔がこごえるふぶきをはきだす。,このシールドオーガはあくまでモンスターであり実在するオーガ及び種族とは一切関係ありません。,2026-03-12 13:45:19,2026-07-27 13:56:53
267,269,ドッグラマッコイ,ドッグラマッコイ,Dogjamas,怪人系,Humanoid,0,,https://www.d-quest-10.com/detail/a00198.html,/storage/images/monsters/267.webp,夢の世界からやってきた闇を操る邪悪な夢魔。コイツが投げるまくらに当たると呪われてしまう。,派手な色の寝間着とまくらがたいそうお気に入りの様子。こんな趣味の悪いものいったいどこで買ったのか。,2026-03-12 13:45:22,2026-07-27 13:56:57
268,270,ダークペルシャ,ダークペルシャ,Whiskamancer,獣系,Beast,0,,https://www.d-quest-10.com/detail/a00162.html,/storage/images/monsters/268.webp,美しい毛並みを誇る気高きネコの魔道士。みがきあげた熟練の技でイオナズンさえも操る。,もともと魔界の貴族に飼われていたペットだったが一念発起して自立を決意。すごい魔法使いに出世した。,2026-03-12 13:45:25,2026-07-27 13:57:00
269,271,アームライオン,アームライオン,Hellion,獣系,Beast,0,,https://www.d-quest-10.com/detail/a00003.html,/storage/images/monsters/269.webp,４本の腕と４本の足を持つどうもうな魔界獅子。チカラをためて鋭いツメで激しく切り裂いてくる。,右上の手はおはしを持つ手左上の手はお茶碗を持つ手右下の手は腕ずもう用の手左下の手はおしりをふく手。,2026-03-12 13:45:28,2026-07-27 13:57:03
270,272,アイスボンバー,アイスボンバー,Frost Bomber,虫系,Insect,0,,https://www.d-quest-10.com/detail/a00005.html,/storage/images/monsters/270.webp,氷のかたまりを落としてくる虫型のモンスター。かみついた相手の魔力を吸いとるおそろしいヤツ。,クールなアイスボンバーは自分で氷を削って食べるほどかき氷が大好物らしい。ブルーハワイ味がお気に入り。,2026-03-12 13:45:30,2026-07-27 13:57:06
271,273,グール,グール,Ghoul,ゾンビ系,Undead,0,,https://www.d-quest-10.com/detail/a00081.html,/storage/images/monsters/271.webp,死んでも死にきれず世を恨み続けるアンデッド。あまい息や呪い攻撃などいやらしい攻撃が得意。,旅人を弱らせてジワジワと苦しむところを眺めるのが趣味らしい。性根までくさった連中だ。,2026-03-12 13:45:34,2026-07-27 13:57:09
272,274,ベビーサタン,ベビーサタン,Imp,悪魔系,Demon,0,,https://www.d-quest-10.com/detail/a00419.html,/storage/images/monsters/272.webp,魔界の将来をになうベビー。ちょっと背伸びしたい年頃でまだ使えない強力な呪文を唱えてみたりする。,生まれて間もない頃からメラを唱えてはヤケドしてピーピーと泣きじゃくりママを困らせていたという。,2026-03-12 13:45:37,2026-07-27 13:57:13
274,276,ナイトメーア,ナイトメーア,Nightmare,怪人系,Humanoid,0,,https://www.d-quest-10.com/detail/a00211.html,/storage/images/monsters/274.webp,真紅のまくらを手にしたおそろしい悪夢の化身。魅惑のおどりとラリホーマで混乱の渦を巻き起こす。,血染めの真っ赤なまくらに頭をあずけて寝てしまうと血の海で溺れる夢から一生目覚めないという……。,2026-03-12 13:45:43,2026-07-27 13:57:19
275,277,コスモグール,コスモグール,Cosmo Ghoul,怪人系,Humanoid,0,,https://www.d-quest-10.com/detail/a00502.html,/storage/images/monsters/275.webp,月世界の民を油断させるため人に近い姿に作られた人造宇宙生命体。鋭いツメには様々な毒が仕込まれている。,製造者に芸術的センスが足りなかったせいか人の姿に似せるのはこれで限界だったらしい,2026-03-12 13:45:46,2026-07-27 13:57:22
276,278,ナイトキャット,ナイトキャット,Night Cat,獣系,Beast,0,,https://www.d-quest-10.com/detail/a00210.html,/storage/images/monsters/276.webp,闇夜にまぎれて飛びまわり敵に奇襲をしかける羽を持ったネコの魔物。バギ系の呪文を得意とする。,いつも寝ぐせがひどく頭の先がとがるのを気にして寝るときはかならずナイトキャップをかぶる。,2026-03-12 13:45:48,2026-07-27 13:57:26
277,279,アイスコンドル,アイスコンドル,Chillanodon,鳥系,Bird,0,,https://www.d-quest-10.com/detail/a00004.html,/storage/images/monsters/277.webp,太古の氷壁からよみがえった邪悪な青い翼竜。姿を見た者はこおりの息で魂までこごえさせるという。,長い間同じ姿勢のまま氷の中で眠ってたため最初はリューマチ気味でうまく飛べなかったらしい。,2026-03-12 13:45:51,2026-07-27 13:57:29
278,280,ひくいどり,ヒクイドリ,Firebird,鳥系,Bird,0,,https://www.d-quest-10.com/detail/a00233.html,/storage/images/monsters/278.webp,溶岩を食べて生きている体内に高熱を秘めた魔鳥。はげしいほのおをはいてすべてを焼きつくす。,アイスボンバーお手製の大盛りかき氷を食べておなかを壊して以来冷たいものは食べなくなった。,2026-03-12 13:45:57,2026-07-27 13:57:32
279,281,さまようよろい,サマヨウヨロイ,Restless Armour,物質系,Material,0,,https://www.d-quest-10.com/detail/a00424.html,/storage/images/monsters/279.webp,古き時代の戦士のヨロイに魂が宿りさまよいだした。往年の剣技が染みついており痛恨の一撃を放ってくる。,ヨロイに宿る魔物としてはデビルアーマーの大先輩。でも後輩のモダンな装いにちょっぴり憧れている。,2026-03-12 13:46:00,2026-07-27 13:57:35
280,282,シルバーマント,シルバーマント,Silver Cape,ゾンビ系,Undead,0,,https://www.d-quest-10.com/detail/a00138.html,/storage/images/monsters/280.webp,かつて栄華を誇ったとある王族の呪われし姿。剣のウデは一流であり刀身であらゆる攻撃を防ぐ。,とある国の王族の者は皆このマントを身につけた。布地は光を受けると満天の星空のように輝く。,2026-03-12 13:46:03,2026-07-27 13:57:39
281,283,ガニラス,ガニラス,Handsome Crab,水系,Aquatic,0,,https://www.d-quest-10.com/detail/a00053.html,/storage/images/monsters/281.webp,青いこうらに身を包む凶悪なカニの魔物。トゲだらけの大きなハサミで痛恨の一撃をくりだす。,青い身体で海にまぎれ何隻もの漁船を沈めたというおそるべき海の悪魔。漁村は大ピンチだ。,2026-03-12 13:46:09,2026-07-27 13:57:42
282,284,フレイムドック,フレイムドック,Hot Dog,獣系,Beast,0,,https://www.d-quest-10.com/detail/a00267.html,/storage/images/monsters/282.webp,溶岩から生まれ火炎を食べて育ったといわれる紅の魔犬。辺りに炎をはきちらしては暴れまわるおそろしい猛獣。,コイツがカゼをひくとくしゃみやせきのたびに炎をまきちらすので誰もお見舞いに来てくれない。,2026-03-12 13:46:15,2026-07-27 13:57:45
283,285,オークキング,オークキング,Orc King,獣系,Beast,0,,https://www.d-quest-10.com/detail/a00038.html,/storage/images/monsters/283.webp,得意のヤリを振り回しベホイミザオラルなど回復呪文も使ってくる。まさにオーク界の王者。,手下のオークがケガをすると気をつけやがれと怒鳴りつつベホイミをかけてくれる。素直じゃない性格の持ち主。,2026-03-12 13:46:20,2026-07-27 13:57:48
284,286,ウドラー,ウドラー,Treevil,植物系,Plant,0,,https://www.d-quest-10.com/detail/a00030.html,/storage/images/monsters/284.webp,いかつい顔をしているが頭に生えた魔界樹の葉で死んだ仲間を復活させるじつは優しいモンスター。,人間たちがウドの大木を役立たずの代名詞にしたことに腹を立てて魔物と化したウドの大木である。,2026-03-12 13:46:29,2026-07-27 13:57:51
285,287,ガルバ,ガルバ,Sootbonce,悪魔系,Demon,0,,https://www.d-quest-10.com/detail/a00058.html,/storage/images/monsters/285.webp,４つの目玉がギラギラ光るみにくき魔界の怪物。,仲間を呼び集めて獲物を囲み襲いかかる。,2026-03-12 13:46:32,2026-07-27 13:57:54
286,288,ゴルバ,ゴルバ,Smogbonnet,悪魔系,Demon,0,,https://www.d-quest-10.com/detail/a00107.html,/storage/images/monsters/286.webp,３つの目玉をギョロつかせた気味の悪い魔界の怪物。,もうどくのきりや あまい息をよだれとともにたれながす。,2026-03-12 13:46:36,2026-07-27 13:57:57
287,289,あくまのきし,アクマノキシ,Knight Aberrant,悪魔系,Demon,0,,https://www.d-quest-10.com/detail/a00398.html,/storage/images/monsters/287.webp,悪魔に魂を売り闇のチカラを得た騎士。,ベホマスライムを呼ぶなどしたたかさもそなえている。,2026-03-12 13:46:40,2026-07-27 13:58:01
288,290,コスモスライム,コスモスライム,Cosmoslime,スライム系,Slime,0,,https://www.d-quest-10.com/detail/a00504.html,/storage/images/monsters/288.webp,宇宙のあちこちに生息するスライムに似た宇宙生命体。仲間とテレパシーで通信し互いに協力しあって戦う。,大きな頭部に見えるものはじつは 敵をだます飾り。無数の触手のひとつに脳や心臓が隠されている。,2026-03-12 13:46:43,2026-07-27 13:58:04
289,291,ライノスキング,ライノスキング,Rhinocerex,獣系,Beast,0,,https://www.d-quest-10.com/detail/a00343.html,/storage/images/monsters/289.webp,並みいる敵をなぎ倒しながら自慢のオノを振り回す。怒るとチカラをためて攻撃するサイおとこ界のチャンプ。,よくちょっと強いからって天狗になるなと言われますがこれ鼻じゃなくてツノです。信じてくだサイ！,2026-03-12 13:46:48,2026-07-27 13:58:07
290,292,ナウマンボーグ,ナウマンボーグ,Naumannborg,獣系,Beast,0,,https://www.d-quest-10.com/detail/a00432.html,/storage/images/monsters/290.webp,多くの災いをもたらすため６本のウデをそなえた魔物。めいそうで自らを回復するストイックな一面もある。,じつは料理が趣味の家庭的なイケメン象。普通の３倍のスピードで絶品料理を作りあげる。,2026-03-12 13:46:51,2026-07-27 13:58:10
291,293,フライングデス,フライングデス,Terrornodon,鳥系,Bird,0,,https://www.d-quest-10.com/detail/a00256.html,/storage/images/monsters/291.webp,死の世界からよみがえったおぞましい翼竜。悠然と空を舞い頭上からやみのブレスをはきかける。,上からの命令で冥界からこちらの世界に出向してきた。月に１回は妻子の待つ我が家に帰省するという。,2026-03-12 13:46:54,2026-07-27 13:58:13
292,294,ガーゴイル,ガーゴイル,Gargoyle,鳥系,Bird,0,,https://www.d-quest-10.com/detail/a00431.html,/storage/images/monsters/292.webp,ズル賢く剣術にも秀でた魔王軍の突撃兵。ラリホーやマホトーンをあやつるのもお手のもの。,ガーゴイルの声はとんでもないガラガラ声。本人も気にしているらしく時々雨水でうがいをしてる。,2026-03-12 13:46:56,2026-07-27 13:58:17
293,295,てっこうまじん,テッコウマジン,Bad Karmour,物質系,Material,0,,https://www.d-quest-10.com/detail/a00185.html,/storage/images/monsters/293.webp,全身を黒い甲冑で包み魔界をうろつく死の魔人。捨て身のもろば斬りをはなち生者たちを道連れにする。,重厚なヨロイのせいで横になると起き上がれない。そのため疲れた時は立ったまま眠るのだという。,2026-03-12 13:47:00,2026-07-27 13:58:20
294,296,からくりしょうぐん,カラクリショウグン,Bamboolict,マシン系,Machine,0,,https://www.d-quest-10.com/detail/a00056.html,/storage/images/monsters/294.webp,黄金に輝くヨロイはたけやりへいの将たる証。部下たちを鼓舞しては大合戦をくりひろげる。,竹林全土を支配する将軍だが地位を狙う者が後を絶たず反乱の鎮圧にいそがしい。安心して眠れる日は遠い。,2026-03-12 13:47:05,2026-07-27 13:58:23
295,297,ボーンファイター,ボーンファイター,Zombie Gladiator,ゾンビ系,Undead,0,,https://www.d-quest-10.com/detail/a00297.html,/storage/images/monsters/295.webp,破壊のよろこびに目覚めた邪悪な戦士が魔物と化した。多彩な斬撃でなにもかも壊してしまおうとする。,なにゆえに生まれたか？なんのために生きるのか？それは俺の名に聞いてくれ。アイアムボーンファイター！,2026-03-12 13:47:08,2026-07-27 13:58:26
296,298,タッピツ仙人,タッピツセンニン,Paintbrush Hermit,怪人系,Humanoid,0,,https://www.d-quest-10.com/detail/a00552.html,/storage/images/monsters/296.webp,唯一召喚符の素材を落とすという謎の魔物仙人。,強力な用心棒の陰に隠れており 本人はなかなか姿を見せない。,2026-03-12 13:47:10,2026-07-27 13:58:30
297,299,ブラックマンティス,ブラックマンティス,Black Mantis,虫系,Insect,0,,https://www.d-quest-10.com/detail/a00258.html,/storage/images/monsters/297.webp,攻撃力を下げたり毒に冒すイヤな液体をはなってくるカマキリの殺し屋。闇夜にまぎれ旅人を狙う。,修行の末きたえられた眼力は夜の真っ暗な地面に続くアリの行列も見逃さない。超高性能の暗視能力を誇る。,2026-03-12 13:47:14,2026-07-27 13:58:33
298,300,ろうごくのぬし,ロウゴクノヌシ,Prison Leader,ゾンビ系,Undead,0,,https://www.d-quest-10.com/detail/a00356.html,/storage/images/monsters/298.webp,囚人たちを束ねていたボスが魔物としてよみがえった。旅人たちを死に追いやり手下を増やそうとしている。,左手に持つ大きなホネは代々牢獄を束ねる主に受け継がれていく由緒正しきホネである。,2026-03-12 13:47:17,2026-07-27 13:58:36
299,301,キラージャック,キラージャック,Jugular Joker,怪人系,Humanoid,0,,https://www.d-quest-10.com/detail/a00070.html,/storage/images/monsters/299.webp,ニタニタ笑いを絶やさない奇怪な血みどろピエロ。つるぎのまいを踊った後は辺り一面血の海となる。,犯罪史にその名を刻んだおそろしい大量殺人鬼。彼の大道芸を目にした者は誰ひとり生きて帰らない。,2026-03-12 13:47:22,2026-07-27 13:58:39
300,302,プークプック,プークプック,Satyr,怪人系,Humanoid,0,,https://www.d-quest-10.com/detail/a00458.html,/storage/images/monsters/300.webp,羊を数えるようにのどかな笛の音色でこちらを眠らせるとてもやっかいな獣人。できるだけ早く倒そう。,伝説のモンスターバンド「ライトニング・デス」のメンバー募集に応募したが笛担当は求められてなかった。,2026-03-12 13:47:25,2026-07-27 13:58:42
301,303,デンタザウルス,デンタザウルス,Tortoceratops,獣系,Beast,0,,https://www.d-quest-10.com/detail/a00192.html,/storage/images/monsters/301.webp,鋭いトゲだらけの身体で守りを固めつつ激しく攻撃してくる攻防一体のいかつい怪獣。,身体を丸めて寝ているとたまに自分のトゲが刺さって飛び起きることがあるちょっとおマヌケな一面も。,2026-03-12 13:47:28,2026-07-27 13:58:45
302,304,キラーパンサー,キラーパンサー,Great Sabrecat,獣系,Beast,0,,https://www.d-quest-10.com/detail/a00417.html,/storage/images/monsters/302.webp,狙った獲物は逃さない魔物界の一流ハンター。するどいキバとスピードで獲物を確実に仕留める。,多くの冒険者がなぜかキラーパンサーを見かけると勝手な名前で呼んでくるのでその度に困惑している。,2026-03-12 13:47:32,2026-07-27 13:58:49
303,305,テラノライナー,テラノライナー,Dragstar,ドラゴン系,Dragon,0,,https://www.d-quest-10.com/detail/a00191.html,/storage/images/monsters/303.webp,クチから猛吹雪をはく二足歩行の恐竜。暴れまわって周囲の敵に大打撃を与える。,背にたくさんの魔物を乗せ遠くまで運ぶ乗り物的存在。ただ速いだけではなく乗り心地も抜群と評判高い。,2026-03-12 13:47:34,2026-07-27 13:58:52
304,306,ミスターガリック,ミスターガリック,Garish Garlic,植物系,Plant,0,,https://www.d-quest-10.com/detail/a00512.html,/storage/images/monsters/304.webp,たまねぎマンが健康のためにニンニクを食べまくっていたら突然変異した。尋常ではない体臭で冒険者に立ちはだかる。,一戦交えただけで一週間はにおいが取れなくなるという。デート前の戦闘はなるべく避けたほうがいいだろう。,2026-03-12 13:47:37,2026-07-27 13:58:55
305,307,パペットマン,パペットマン,Magic Marionette,物質系,Material,0,,https://www.d-quest-10.com/detail/a00434.html,/storage/images/monsters/305.webp,持ち主の人形使いに捨てられあてもなくさまよう人形。ふしぎなおどりの他にスクルトの呪文も使いこなす。,かつては多彩な芸を見せて子供たちを楽しませていた。その頃をなつかしんでしきりに踊りを見せつける。,2026-03-12 13:47:40,2026-07-27 13:45:32
306,308,エンタシスマン,エンタシスマン,Prancing Pillar,物質系,Material,0,,https://www.d-quest-10.com/detail/a00436.html,/storage/images/monsters/306.webp,魔物と化してクネクネと動きまわるようになった石柱。手にしたたいまつを使ってメラミの呪文を唱えてくる。,かつては神殿を支える柱の一本だったがあまりの重さに耐えかねて神殿を抜けだし自由を得ることに成功した。,2026-03-12 13:47:43,2026-07-27 13:58:58
307,309,ルバンカ,ルバンカ,Face Invader,マシン系,Machine,0,,https://www.d-quest-10.com/detail/a00352.html,/storage/images/monsters/307.webp,カラフルなツノをかかげた魔物のシャーマン。砂を巻き上げ炎を起こし儀式のように戦闘する。,人目につかない洞くつで夜な夜な儀式を行うらしい。邪悪な心を持つ精霊を召喚しているのだとか……。,2026-03-12 13:47:46,2026-07-27 13:59:01
308,310,ヘルビースト,ヘルビースト,Sculptrice,悪魔系,Demon,0,,https://www.d-quest-10.com/detail/a00282.html,/storage/images/monsters/308.webp,悪魔を模した石像に魂が宿り動きだした。マヒャドを唱えて敵の身体を粉砕する。,もとは魔除けのために作られた石像だったのだが邪悪な魂を吹き込まれ悪の先兵となってしまった。,2026-03-12 13:47:49,2026-07-27 13:59:05
309,311,コスモアイ,コスモアイ,Lunar Lunatick,虫系,Insect,0,,https://www.d-quest-10.com/detail/a00503.html,/storage/images/monsters/309.webp,自在に宇宙空間を遊泳する宇宙生命体。巨大な目玉から発せられる怪光線で獲物の息の根を止めるのだ。,他の宇宙生命体の身体にひそかに卵を産み付けその肉を養分として繁殖するおそろしい生態を持つ。,2026-03-12 13:47:52,2026-07-27 13:59:08
310,312,バトルレックス,バトルレックス,Hacksaurus,ドラゴン系,Dragon,0,,https://www.d-quest-10.com/detail/a00420.html,/storage/images/monsters/310.webp,戦うためだけに生まれてきた血気さかんなドラゴン。オノ攻撃に気を取られるとはき出す炎にやられるぞ。,子供の頃にオノを与えられ振り回す修行を続けてきた。最初は持ち上げられずに引きずってばかりだったとか。,2026-03-12 13:47:55,2026-07-27 13:59:11
311,313,ホークブリザード,ホークブリザード,Snowbird,鳥系,Bird,0,,https://www.d-quest-10.com/detail/a00293.html,/storage/images/monsters/311.webp,極寒の地で産声をあげた死の呪文を操る魔鳥。,こごえるふぶきをはいてすべてを氷づけにする。,2026-03-12 13:47:58,2026-07-27 13:59:14
312,314,やみしばり,ヤミシバリ,Hellbound Horror,物質系,Material,0,,https://www.d-quest-10.com/detail/a00433.html,/storage/images/monsters/312.webp,こちらの動きを遅くしたり眠りに誘ってきたり人の足を引っ張るのが得意なくら～いヤツ。,しばりプレイが大好きという奇特なモンスター。あえて自分自身をしばって生きることに挑戦している。,2026-03-12 13:48:01,2026-07-27 13:59:18
313,315,デビルアーマー,デビルアーマー,Harmour,物質系,Material,0,,https://www.d-quest-10.com/detail/a00187.html,/storage/images/monsters/313.webp,野ざらしの死者のヨロイに怨念が取り憑き動きだした。多様な剣技を使いこなし痛恨の一撃をもくりだす。,ヨロイの色が左右で違うのは半分だけ埋まった状態で長い間雨ざらしになって半分だけさびたためらしい。,2026-03-12 13:48:04,2026-07-27 13:59:21
314,316,キラーマシン,キラーマシン,Killing Machine,マシン系,Machine,0,,https://www.d-quest-10.com/detail/a00076.html,/storage/images/monsters/314.webp,獲物を求め永遠に動き続ける残虐な殺りくマシン。破壊に特化した設計によってすばやく２回攻撃する。,からくり仕掛けの体内に永久機関を内蔵しているが目玉の赤ランプは交換式。寿命が近いと光が弱くなる。,2026-03-12 13:48:07,2026-07-27 13:59:24
315,317,バアルゼブブ,バアルゼブブ,Baalzebub,悪魔系,Demon,0,,https://www.d-quest-10.com/detail/a00220.html,/storage/images/monsters/315.webp,人の魂を刈り 魔王に捧げる,おそろしい 魔界の天才児。,2026-03-12 13:48:11,2026-07-27 13:59:28
316,318,デザートガルバ,デザートガルバ,Sandbonce,悪魔系,Demon,0,,https://www.d-quest-10.com/detail/a00518.html,/storage/images/monsters/316.webp,砂漠のキャラバンを襲うことを生きがいとしている無法者。,大勢の仲間を呼んでエモノを包囲するのが 得意のやり口。,2026-03-12 13:48:14,2026-07-27 13:59:31
317,319,デザートゴルバ,デザートゴルバ,Dirtbonnet,悪魔系,Demon,0,,https://www.d-quest-10.com/detail/a00517.html,/storage/images/monsters/317.webp,砂漠のオアシスを発見してはやけつくいきで干上がらせる。,そうやって旅人を困らせるのが彼のライフワークなのだ。,2026-03-12 13:48:17,2026-07-27 13:59:34
318,320,亡者のひとだま,モウジャノヒトダマ,Dead Man's Soul,エレメント系,Elemental,0,,https://www.d-quest-10.com/detail/a00516.html,/storage/images/monsters/318.webp,死の呪文にこだわりのあるなんともタチの悪い亡霊。いわくザラキはさっぱり味。ザラキーマはこってり味。,ブリザードのやつにザラキを教えたのは自分だ！などと言っているがひとだまだけに人をダマすのも得意なようだ。,2026-03-12 13:48:19,2026-07-27 13:59:38
319,321,シュプリンガー,シュプリンガー,Mandrake Marshal,ドラゴン系,Dragon,0,,https://www.d-quest-10.com/detail/a00135.html,/storage/images/monsters/319.webp,ドラゴンの魔法戦士。５種類すべてのフォースをあざやかに使いこなし剣のさばきも超一流。,ダーマ神官をとっつかまえてむりやり転職させてもらった元リザードマンの栄光の姿。想い続ければ夢はかなう！,2026-03-12 13:48:22,2026-07-27 13:59:41
320,322,ひとくいばこ,ヒトクイバコ,Cannibox,物質系,Material,0,,https://www.d-quest-10.com/detail/a00243.html,/storage/images/monsters/320.webp,宝箱のフリをして旅人を待ち開けた者に奇襲をしかける。逃げることさえ許さずしつこく死へといざなう。,あまりに旅人が来ないとヒマすぎてうっかりベロンと舌を出したまま寝てしまうことがある。,2026-03-12 13:48:25,2026-07-27 13:59:45
321,323,プリーストナイト,プリーストナイト,Priest Knight,悪魔系,Demon,0,,https://www.d-quest-10.com/detail/a00426.html,/storage/images/monsters/321.webp,邪神に仕える闇の騎士が魔界より推参した。,邪神の加護を発揮して回復呪文を使いこなす。,2026-03-12 13:48:29,2026-07-27 13:59:48
322,324,シルバーデビル,シルバーデビル,Silvapithecus,悪魔系,Demon,0,,https://www.d-quest-10.com/detail/a00137.html,/storage/images/monsters/322.webp,銀色の体毛を持つ悪魔。ギガデインをはなちあまい息で眠りをもたらすずるがしこいヤツ。,美しい銀の毛皮は吸水性に 優れており最高級のバスローブの材料に使われることもあるらしい。,2026-03-12 13:48:32,2026-07-27 13:59:51
323,325,ぬかどこスライム,ヌカドコスライム,Mouldy Slime,スライム系,Slime,0,,https://www.d-quest-10.com/detail/a00443.html,/storage/images/monsters/323.webp,廃棄された ぬかどこに怨念が宿って 動きだした。メダパニーマを唱えて思考をぬか漬けにしてくる。,昔は おばあさんに作られた立派な ぬかどこだった。腐ってしまった今もおばあさんのことを思いだす。,2026-03-12 13:48:35,2026-07-27 13:59:54
324,326,ウイングタイガー,ウイングタイガー,Missing Lynx,獣系,Beast,0,,https://www.d-quest-10.com/detail/a00026.html,/storage/images/monsters/324.webp,悪魔のような翼の生えたトラに似た凶暴な魔獣。鋭い牙でかみつかれると身体がマヒしてしまう。,人間の子供を拾ってきて育てたという記録がある。その子供はトラの毛皮をかぶる男に成長したらしい。,2026-03-12 13:48:38,2026-07-27 13:59:57
325,327,太古のぬし,タイコノヌシ,Gnubie,獣系,Beast,0,,https://www.d-quest-10.com/detail/a00166.html,/storage/images/monsters/325.webp,人間が生まれる前から存在したいにしえの魔獣。不用意に近づいた相手を突きとばす習性を持つ。,はるか昔この世界は太古のぬしが席巻していた。今は環境に適応した者だけがかろうじて生き残っている。,2026-03-12 13:48:41,2026-07-27 14:00:01
326,328,ホラービースト,ホラービースト,Grrrgoyle,獣系,Beast,0,,https://www.d-quest-10.com/detail/a00303.html,/storage/images/monsters/326.webp,この悪魔ににらまれたら身体がマヒして動けなくなってしまう。人の心に潜む恐怖の化身。,空想上のおそろしい魔物が人々のウワサとして広まりとうとう具現化した。ほらーあなたの後ろにも…！,2026-03-12 13:48:44,2026-07-27 14:00:04
327,329,イーグルデビル,イーグルデビル,Eagle Devil,鳥系,Bird,0,,https://www.d-quest-10.com/detail/a00520.html,/storage/images/monsters/327.webp,ガーゴイルたちを従える黒き翼の高貴なる悪魔。バイキルトを駆使して強烈な剣技をくりだす。,高貴なる悪魔と名乗っているがじつは長生きしたホークマン。富と名声を手に入れた今いっそうワガママな性格に。,2026-03-12 13:48:48,2026-07-27 14:00:07
328,330,スパイクヘッド,スパイクヘッド,Spike Head,物質系,Material,0,,https://www.d-quest-10.com/detail/a00445.html,/storage/images/monsters/328.webp,バイキルトで攻撃力を高めた後アタマのトゲトゲをぶつけて大きなダメージを狙ってくるたいへん物騒な魔物。,手までトゲトゲなのでパッと見は不便そうだがじつはおハシのように使えるので意外と便利。,2026-03-12 13:48:51,2026-07-27 14:00:10
329,331,フラワーゾンビ,フラワーゾンビ,Wailin' Weed,ゾンビ系,Undead,0,,https://www.d-quest-10.com/detail/a00429.html,/storage/images/monsters/329.webp,病で死んでいった人々の苦しみをチカラに変え呪いのうたを歌い上げる恨み節シンガー。,ドライフラワーに悪霊が宿り魔物と化したらしい。ドライな身体にウェットな性格意外性に満ちた存在。,2026-03-12 13:48:54,2026-07-27 14:00:13
330,332,アンゴラモーア,アンゴラモーア,Angola Faun,怪人系,Humanoid,0,,https://www.d-quest-10.com/detail/a00511.html,/storage/images/monsters/330.webp,恐怖の大王の使いとして人々に恐れられる悪魔。メラゾーマのすさまじい威力はまさに恐怖そのものである。,予言者プクトラダムスによれば終末の日に角笛を吹き鳴らし皆に世界の終焉を告げるとか。本人はそんなこと知らない。,2026-03-12 13:48:57,2026-07-27 14:00:16
331,333,ヘルシーサー,ヘルシーサー,King Foo Dog,獣系,Beast,0,,https://www.d-quest-10.com/detail/a00280.html,/storage/images/monsters/331.webp,悪霊を追い払うはずの聖獣が闇にとらわれ魔獣に堕ちた。テンションを高めながら破壊をまきちらす。,聖獣としての格を失って人々に嫌われるようになったがそんなことは気にしない。なんくるないさー。,2026-03-12 13:49:01,2026-07-27 14:00:19
332,334,フォレストドラゴ,フォレストドラゴ,Lumbering Lizard,ドラゴン系,Dragon,0,,https://www.d-quest-10.com/detail/a00414.html,/storage/images/monsters/332.webp,背中に樹木を生やした太古から生きるドラゴン。戦いの最中にキズつくと葉を食べて回復する。,はるか昔背中のうろこの間に鳥が落とした木の実が芽吹きやがて立派な樹に育った。まさに大自然の神秘である！,2026-03-12 13:49:04,2026-07-27 14:00:23
333,335,ビッグモアイ,ビッグモアイ,Mad Moai,物質系,Material,0,,https://www.d-quest-10.com/detail/a00239.html,/storage/images/monsters/333.webp,魂を得て魔物となったしかめっ面の石像。ランドインパクトで大地を震わせる。,魔界で待ち合わせの目印に使われていた石像。約束の時間に来ないとコイツにつぶされる。,2026-03-12 13:49:09,2026-07-27 14:00:26
334,336,しにがみきぞく,シニガミキゾク,Bone Baron,ゾンビ系,Undead,0,,https://www.d-quest-10.com/detail/a00128.html,/storage/images/monsters/334.webp,血で血を洗いのしあがった呪われし貴族の亡霊。闇の呪文ドルクマを唱え旅人の魂を刈ってゆく。,新月の真っ暗な夜に死神の夜会を開くという。血染めのタキシードで着飾り死の舞踏を踊るのだ……。,2026-03-12 13:49:12,2026-07-27 14:00:29
335,337,タタリ御前,タタリゴゼン,Cursed Crooner,ゾンビ系,Undead,0,,https://www.d-quest-10.com/detail/a00515.html,/storage/images/monsters/335.webp,ただならぬ怨念を漂わせる正体不明のまがまがしき者。聞くもおぞましい呪いの歌を絶唱しながら襲いかかる。,いけにえに捧げられた者の怨念だとか自分を裏切った男を探しているとかその正体には諸説あるがどれも根拠不足。,2026-03-12 13:49:14,2026-07-27 14:00:32
336,338,アサシンブラッド,アサシンブラッド,Hellbound Hunter,物質系,Material,0,,https://www.d-quest-10.com/detail/a00421.html,/storage/images/monsters/336.webp,闇のチカラに魅入られし血塗られた暗殺者。眠らせた相手にさみだれうちでとどめを刺すのが得意。,なぜか高い所から飛び降りるのが大好きで休日には遠出してバンジージャンプを楽しむ。,2026-03-12 13:49:17,2026-07-27 14:00:35
337,339,リビングスタチュー,リビングスタチュー,Sculpture Vulture,物質系,Material,0,,https://www.d-quest-10.com/detail/a00347.html,/storage/images/monsters/337.webp,邪悪な呪術師たちによって生を受けた彫像。心まで凍りつかせるすさまじい息をはく。,魔界のとあるお城の居間に飾られていた不気味な像。悪趣味な城主のせいで紫色に塗りたくられた。,2026-03-12 13:49:21,2026-07-27 14:00:38
338,340,デュランダル,デュランダル,A3G15,マシン系,Machine,0,,https://www.d-quest-10.com/detail/a00522.html,/storage/images/monsters/338.webp,ある戦い好きの大魔族が自らの練習相手とするため作らせたという機械兵士。戦闘能力の高さは折紙つき。,彼を作らせた大魔族はその性能に満足して自分の名前をこの機械兵士に与えたと言われている。,2026-03-12 13:49:24,2026-07-27 14:00:41
339,341,ミイラ男,ミイラオトコ,Mummy Boy,ゾンビ系,Undead,0,,https://www.d-quest-10.com/detail/a00422.html,/storage/images/monsters/339.webp,全身ほうたいの魔物。怨念が込められた攻撃をその身にくらうと呪いにかかってしまう。,女性もミイラ男と名乗るのを強制されるのはおかしい！ミイラ界ではミイラ女性による改名運動が起きている。,2026-03-12 13:49:28,2026-07-27 14:00:45
340,342,サイクロプス,サイクロプス,Cyclops,悪魔系,Demon,0,,https://www.d-quest-10.com/detail/a00109.html,/storage/images/monsters/340.webp,鉄柱をへし折る怪力が自慢の凶悪なひとつ目巨人。丸太の棍棒をブン回し痛恨の一撃を狙ってくる。,凶悪な見た目とは裏腹に自然を愛するロハスな巨人。じんめんじゅの保護活動も地道におこなっているとか。,2026-03-12 13:49:30,2026-07-27 14:00:48
341,343,シャドー,シャドー,Shadow,エレメント系,Elemental,0,,https://www.d-quest-10.com/detail/a00442.html,/storage/images/monsters/341.webp,影よりも暗い闇の底からあふれ出るという魔物。こごえるふぶきやヒャダルコで旅人を氷づけにする。,明るい性格に生まれ変わろうと太陽の下に出てみたら身体が消滅しそうになった。もっと根暗な性格になった。,2026-03-12 13:49:33,2026-07-27 14:00:51
342,344,ブルーミンクス,ブルーミンクス,Blue Mink,獣系,Beast,0,,https://www.d-quest-10.com/detail/a00439.html,/storage/images/monsters/342.webp,青き毛皮をまとったしなやかな小動物の魔獣。ボミオスですばやさを下げて用心深く襲いかかる。,かつて大海原を渡りウェナ諸島の猫島に乗り込んである巨猫族のヒゲを引き抜き生還したという武勇伝を持つ。,2026-03-12 13:49:36,2026-07-27 14:00:54
343,345,スカルゴン,スカルゴン,Skelegon,ドラゴン系,Dragon,0,,https://www.d-quest-10.com/detail/a00142.html,/storage/images/monsters/343.webp,白骨になったドラゴンが魔瘴のチカラで復活した。あの世で食らった魂を吹雪に変えてはきちらす。,骨だけの身体のため痛みは感じないのだがなにぶん死んでいるので光の呪文は骨身にしみる。,2026-03-12 13:49:39,2026-07-27 14:00:57
344,346,マジックアーマー,マジックアーマー,Charmour,物質系,Material,0,,https://www.d-quest-10.com/detail/a00310.html,/storage/images/monsters/344.webp,禁じられた黒魔術によって命を与えられた魔のヨロイ。多彩なフォースを駆使してあざやかに敵を討つ。,名高いまほうのよろいは自分をモデルにして作られたとなぜか思い込んでいる。そっとしておいてあげよう。,2026-03-12 13:49:42,2026-07-27 14:01:00
345,347,ゴードンヘッド,ゴードンヘッド,Mega Moai,物質系,Material,0,,https://www.d-quest-10.com/detail/a00100.html,/storage/images/monsters/345.webp,火山の岩を削りだし呪術師たちが作りあげたいかめしい岩石の魔物。巨大なクチから炎をはく。,以前は全身像だったが頭の重さで首から折れた。首から下の身体の部分はその時くずれて粉々に……。,2026-03-12 13:49:45,2026-07-27 14:01:03
346,348,悪鬼丸,アッキマル,Bad Mummy,ゾンビ系,Undead,0,,https://www.d-quest-10.com/detail/a00514.html,/storage/images/monsters/346.webp,生前は非道の限りを尽くす悪鬼のような野武士だった。今もこりずに人を呪って悪逆非道にすごしている。,武士道とは死ぬことと見つけたりと言うがこいつは不死道とは死なぬことと見つけたりとうそぶいている。,2026-03-12 13:49:48,2026-07-27 14:01:07
347,349,くものきょじん,クモノキョジン,Cloud Surfer,悪魔系,Demon,0,,https://www.d-quest-10.com/detail/a00427.html,/storage/images/monsters/347.webp,雲の中から生まれたという自由気ままな人型の魔物。,かまいたちをあやつってうれしげに人を切りきざむ。,2026-03-12 13:49:51,2026-07-27 14:01:10
348,350,ミニデーモン,ミニデーモン,Minidemon,悪魔系,Demon,0,,https://www.d-quest-10.com/detail/a00486.html,/storage/images/monsters/348.webp,魔界のエリートの家に生まれ英才教育を受けた魔族の子供。無邪気な笑顔で楽しそうにかがやく息をはきちらす。,子供ながらにフォークを器用に使って食事する辺り育ちのよさを感じさせる。ただしハシは全然使えない。,2026-03-12 13:49:58,2026-07-27 14:01:13
349,351,みずたまドラゴン,ミズタマドラゴン,Polka Dot Dragon,ドラゴン系,Dragon,0,,https://www.d-quest-10.com/detail/a00319.html,/storage/images/monsters/349.webp,かみなり雲にすむという水玉模様のカエルドラゴン。ひかりのブレスをはいて旅人たちにその威光を示す。,みずたまドラゴンが耳飾りを３回鳴らしたら雨が降るんだよとおばあちゃんが言っていた。,2026-03-12 13:50:01,2026-07-27 14:01:16
350,352,れんごくちょう,レンゴクチョウ,Hybird,鳥系,Bird,0,,https://www.d-quest-10.com/detail/a00355.html,/storage/images/monsters/350.webp,煉獄を飛ぶといわれる極彩色の美しい魔鳥。しゃくねつやドルマドンを容赦なく乱れ打つ。,れんごくちょうの羽根を大切に持っていると好きな人と結ばれるという不思議なジンクスがある。,2026-03-12 13:50:04,2026-07-27 14:01:19
351,353,なげきムーン,ナゲキムーン,Mourning Moon,物質系,Material,0,,https://www.d-quest-10.com/detail/a00430.html,/storage/images/monsters/351.webp,月から落ちてきたとウワサされる不思議な魔物。ズッシードを唱えて星のごとく重力をあやつる。,たったひとりで夜空をさまよいつづける月の地上に落ちた涙のしずくがなげきムーンだといわれる。,2026-03-12 13:50:09,2026-07-27 14:01:23
352,354,じごくのつかい,ジゴクノツカイ,Whackolyte,悪魔系,Demon,0,,https://www.d-quest-10.com/detail/a00125.html,/storage/images/monsters/352.webp,地獄から つかわされたおそろしく強い魔界の参謀。,魔王の軍団 ベホマでいやしはむかう敵にメラゾーマ！,2026-03-12 13:50:16,2026-07-27 14:01:26
353,355,ブラックチャック,ブラックチャック,Dark Brownie,怪人系,Humanoid,0,,https://www.d-quest-10.com/detail/a00459.html,/storage/images/monsters/353.webp,巨大かつ凶悪なこんぼうをテンションを上げながらブンブン振り回す陽気でちから持ちな邪妖精。,つぶらなおめめがチャームポイントと自称するが黒いボディに紛れてしまい実際はよくわからない。,2026-03-12 13:50:19,2026-07-27 14:01:29
354,356,まいまいテイル,マイマイテイル,Snaily Tail,獣系,Beast,0,,https://www.d-quest-10.com/detail/a00464.html,/storage/images/monsters/354.webp,カタツムリのように巻かれた巨大なシッポを持つ魔獣。さそうおどりに釣られると痛恨の一撃でガブリだ！,びっくりするとしっぽの中に身を隠してしまう姿がカタツムリに似ているのでまいまいの名前が付けられた。,2026-03-12 13:50:22,2026-07-27 14:01:32
355,357,スノーエルダー,スノーエルダー,Snow Elder,ドラゴン系,Dragon,0,,https://www.d-quest-10.com/detail/a00510.html,/storage/images/monsters/355.webp,雪深い山奥に生息する古代竜。かがやく息マヒャデドスなど絶対零度の吹雪攻撃ですべてを凍てつかせる。,雪山でスキーを楽しもうと小高い丘に登ったらスノーエルダーの背中の上だったという事件があった。,2026-03-12 13:50:25,2026-07-27 14:01:35
356,358,ソードフライヤー,ソードフライヤー,Goregoyle,鳥系,Bird,0,,https://www.d-quest-10.com/detail/a00460.html,/storage/images/monsters/356.webp,空を自在に飛びまわり混乱をまき散らす悪魔。バギクロスを唱えて巨大な竜巻を起こす。,汚れたガーゴイルなのでは？という説があるがソードフライヤー本人はかたくなに否定している。,2026-03-12 13:50:28,2026-07-27 14:01:38
357,359,じごくのよろい,ジゴクノヨロイ,Infernal Armour,物質系,Material,0,,https://www.d-quest-10.com/detail/a00435.html,/storage/images/monsters/357.webp,地獄で大量生産されている邪悪な意思を持つよろい。いかずちを呼び寄せ辺り一帯を黒コゲにする。,じごくのよろいを装備した者は心と身体を乗っ取られ魔王の下僕として永遠に動きつづけるという。,2026-03-12 13:50:33,2026-07-27 14:01:42
358,360,キラーデーモン,キラーデーモン,Demon Steward,悪魔系,Demon,0,,https://www.d-quest-10.com/detail/a00072.html,/storage/images/monsters/358.webp,地獄から現世へと飛来し災厄をもたらす大悪魔。ラリホーマを唱えて永遠の眠りへといざなう。,魔物サッカー界では有名なゴールキーパーだという。シュートを止めたときに得意のドヤ顔を見せるのだ。,2026-03-12 13:50:36,2026-07-27 14:01:45
359,361,ウィングデビル,ウィングデビル,Aggrosculpture,悪魔系,Demon,0,,https://www.d-quest-10.com/detail/a00027.html,/storage/images/monsters/359.webp,大きな翼をひるがえし地上に降り立った悪魔。爆発の呪文を唱えて破滅をもたらすのが楽しみ。,魔物サッカー界では左右のウィングを担当。上空からありえない角度で的確にゴールを決める。,2026-03-12 13:50:39,2026-07-27 14:01:48
360,362,こんぶ大将,コンブタイショウ,Caterwaulin',水系,Aquatic,0,,https://www.d-quest-10.com/detail/a00441.html,/storage/images/monsters/360.webp,数千匹のこんぶ魔物を配下に置くこんぶ界の大物。威厳に満ちたバリトンで仲間のハートに火をつける。,海草士官学校を首席卒業。多くの戦いで手柄を重ねライバルとの出世競争に勝ちついに大将にまで昇進した。,2026-03-12 13:50:42,2026-07-27 14:01:51
361,363,ゲノミー,ゲノミー,Crankiid,水系,Aquatic,0,,https://www.d-quest-10.com/detail/a00625.html,/storage/images/monsters/361.webp,-,-,2026-03-12 13:50:46,2026-07-27 14:01:56
362,364,ケツァルコアトルス,ケツァルコアトルス,Quetzalcoatlus,鳥系,Bird,0,,https://www.d-quest-10.com/detail/a00095.html,/storage/images/monsters/362.webp,かつて神とあがめられた金色の身体を持つ翼竜の王。炎を激しくはきちらしイオナズンを使いこなす。,太陽から生まれたというある部族が残した伝承がありいつか太陽が滅びるとき共に滅びるといわれている。,2026-03-12 13:50:48,2026-07-27 14:01:59
363,365,ヒイラギどうじ,ヒイラギドウジ,Holly Oliver,植物系,Plant,0,,https://www.d-quest-10.com/detail/a00470.html,/storage/images/monsters/363.webp,強力な氷呪文を使う上にふしぎなおどりを踊ったりザオラルまでも唱えるマルチな才能を持つ妖精。,１００年を経たヒイラギに邪悪な霊魂が宿り生まれた。元がヒイラギなだけにひどくトゲトゲしい性格。,2026-03-12 13:50:52,2026-07-27 14:02:03
364,366,ミステリピラー,ミステリピラー,Cavorting Column,物質系,Material,0,,https://www.d-quest-10.com/detail/a00482.html,/storage/images/monsters/364.webp,意思を持って動きまわるあやしげな石柱の魔物。長いウデと身体を使った足ばらいには注意しよう。,邪教の神殿を支える柱が魂を宿らせ動きだした。邪神の教えを広めるため自ら布教活動に乗りだす。,2026-03-12 13:50:55,2026-07-27 14:02:06
365,367,メッサーラ,メッサーラ,Samigina,悪魔系,Demon,0,,https://www.d-quest-10.com/detail/a00331.html,/storage/images/monsters/365.webp,闇の中から悠然と現れた魔王の信頼厚い赤き悪魔。,すべてが消しズミになるまでメラゾーマを唱えてくる。,2026-03-12 13:50:59,2026-07-27 14:02:09
366,368,ドルマージュ,ドルマージュ,Zamtasm,エレメント系,Elemental,0,,https://www.d-quest-10.com/detail/a00452.html,/storage/images/monsters/366.webp,闇の呪文ドルマドンから生まれた邪悪な幽鬼体。最も得意とする呪文は当然ながらドルマドンだ。,失敗作のメラゴーストとは違い魔界選りすぐりの魔術師たちの最上位の闇呪文から生じたエリートな亡霊なのだ！,2026-03-12 13:51:04,2026-07-27 14:02:12
367,369,アモデウス,アモデウス,Amodeus,怪人系,Humanoid,0,,https://www.d-quest-10.com/detail/a00012.html,/storage/images/monsters/367.webp,血と音楽をこよなく愛する芸術家きどりの大悪魔。さまざまな技を自在に操り惨劇を美しくいろどる。,トロル軍団を鼓舞するために勇壮な『トロル行進曲』を一晩で作曲したらしい。天性の音楽センスを持つ。,2026-03-12 13:51:08,2026-07-27 14:02:15
368,370,ギガントヒルズ,ギガントヒルズ,Drakularge,ドラゴン系,Dragon,0,,https://www.d-quest-10.com/detail/a00061.html,/storage/images/monsters/368.webp,丘に見紛うほど大きく丸々と肥えたドラゴン。巨体で飛び跳ねてじひびきを発生させる。,ぽよぽよのおなかに金塊をたんまり隠していてある塔の上で同族たちとリッチに暮らしているとか。,2026-03-12 13:51:11,2026-07-27 14:02:19
369,371,せつげんりゅう,セツゲンリュウ,Tundragster,ドラゴン系,Dragon,0,,https://www.d-quest-10.com/detail/a00157.html,/storage/images/monsters/369.webp,獲物を探して雪原をひた走る純白のドラゴン。かがやく息をはいてすべてを凍りつかせる。,その姿を見た者がいないため雪山で災害が起こったときはせつげんりゅうが現れた！と騒がれおそれられる。,2026-03-12 13:51:14,2026-07-27 14:02:22
370,372,パンプキッズ,パンプキッズ,Pumpkid,植物系,Plant,0,,https://www.d-quest-10.com/detail/a00467.html,/storage/images/monsters/370.webp,ふしぎなおどりやメダパニダンスなどたくみなステップで相手をほんろうして戦う。,恥ずかしくて人前でダンスがおどれなかったパンプキッズ。ある日カボチャで顔を隠せばハジけられる自分に気付いた。,2026-03-12 13:51:16,2026-07-27 14:02:25
371,373,まおうのつかい,マオウノツカイ,Demon-at-arms,ゾンビ系,Undead,0,,https://www.d-quest-10.com/detail/a00305.html,/storage/images/monsters/371.webp,あらゆる武器を使いこなす魔王の忠実なるしもべ。しゃくねつとマヒャドで辺り一帯は地獄と化す。,はじめての任務は村ひとつ滅ぼしてくることだった。それを果たすとはじめて魔王の側近に任じられる。,2026-03-12 13:51:22,2026-07-27 14:02:29
372,374,モヒカント,モヒカント,Mohawker,獣系,Beast,0,,https://www.d-quest-10.com/detail/a00437.html,/storage/images/monsters/372.webp,真っ赤なモヒカンを逆立てたファンキーな獣人。ばくれつけんで威圧しつつ堂々とベホマラーを唱える。,自慢のモヒカンを失うと方向感覚が失われモヒカントは死んでしまう。モヒカンは命よりも重い。,2026-03-12 13:51:25,2026-07-27 14:02:32
373,375,バッファロン,バッファロン,Buffalogre,獣系,Beast,0,,https://www.d-quest-10.com/detail/a00438.html,/storage/images/monsters/373.webp,凶暴な獣人と見せかけてじつは自分のテンションを自在に操作するような計算高さを持っている。,バッファロンの生きがいは一気にハイテンションからかちあげを決めること。できた日はよく眠れるらしい。,2026-03-12 13:51:28,2026-07-27 14:02:35
374,376,ファンキードラゴ,ファンキードラゴ,Hiptile,ドラゴン系,Dragon,0,,https://www.d-quest-10.com/detail/a00248.html,/storage/images/monsters/374.webp,ファンキーな外見に似合わないすさまじい強さを誇る竜。毒マヒ眠りをもたらし生ある者を滅ぼし尽くす。,ファンキードラゴの耳飾りがまばたきしていたという怪しいウワサがあるらしい。あれって本当に耳飾りなの？,2026-03-12 13:51:31,2026-07-27 14:02:39
375,377,サンダーシャウト,サンダーシャウト,Hellbound Hair-Raiser,物質系,Material,0,,https://www.d-quest-10.com/detail/a00461.html,/storage/images/monsters/375.webp,全身を黄色にそめた目立ちたがり屋かと思いきやハデな大技と地味なからめ手を使い分けるワザ師なのだ。,伝説のモンスターバンド「ライトニング・デス」のボーカルを務める歌い手。オレの声にシビれな！！,2026-03-12 13:51:34,2026-07-27 14:02:42
376,378,グレイトライドン,グレイトライドン,Night Rider,ゾンビ系,Undead,0,,https://www.d-quest-10.com/detail/a00090.html,/storage/images/monsters/376.webp,地獄の馬にまたがり死を予言する亡霊騎兵。さみだれ突きや呪い攻撃で生者を黄泉へいざなう。,彼らの愛馬は生前一日に千里を走ったという。死してなお血を流しながら一陣の風のように疾走する。,2026-03-12 13:51:37,2026-07-27 14:02:45
377,379,ブルーイーター,ブルーイーター,Goobonce,悪魔系,Demon,0,,https://www.d-quest-10.com/detail/a00263.html,/storage/images/monsters/377.webp,数匹で群れをなしていっせいに獲物を襲い骨まで食らいつくすという。通称青いイナズマ。,ブルーイーターの血は青い。それゆえ皮膚の薄い頭部は血の色が浮かびあがって青っぽく見えるのだ。,2026-03-12 13:51:42,2026-07-27 14:02:48
378,380,スライムボーグ,スライムボーグ,Cyber Slime,スライム系,Slime,0,,https://www.d-quest-10.com/detail/a00519.html,/storage/images/monsters/378.webp,メタルスライムにあこがれ肉体改造を重ねたスライム。電子回路をショートさせて放たれる いなずまは強烈。,結局メタルスライムにはなれなかったが 現状そこそこ満足している。特に赤い左目は最強にクールだと自信満々。,2026-03-12 13:51:45,2026-07-27 14:02:51
379,381,ダークパンサー,ダークパンサー,Winged Sabrecat,獣系,Beast,0,,https://www.d-quest-10.com/detail/a00161.html,/storage/images/monsters/379.webp,闇にまぎれて襲いくる残忍なクロヒョウの魔物。獲物の不意をつき飛びかかり致命傷を負わせる。,美しいムラサキ斑点の毛皮は貴族たちの富の象徴となる。そのためとんでもない高値で闇市に流れているのだ……。,2026-03-12 13:51:48,2026-07-27 14:02:54
380,382,レッドイーター,レッドイーター,Bloodbonnet,悪魔系,Demon,0,,https://www.d-quest-10.com/detail/a00353.html,/storage/images/monsters/380.webp,猛毒攻撃や眠り攻撃をしかけ獲物がもがき苦しむのをニタニタと眺めるという。通称赤いタツマキ。,レッドイーターの血は青い。それゆえ皮膚の薄い身体は血の色が浮かびあがって青っぽく見えるのだ。,2026-03-12 13:51:51,2026-07-27 14:02:58
381,383,ギガンテス,ギガンテス,Gigantes,悪魔系,Demon,0,,https://www.d-quest-10.com/detail/a00059.html,/storage/images/monsters/381.webp,つぶされた旅人は数知れず。情けを持たぬ悪魔の巨人。むやみに近づく旅人はランドインパクトで一掃する。,一度愛用の棍棒を鉄製のものに変えてみたが冬場は冷たくて往生した。やっぱり木製がいちばん！,2026-03-12 13:51:54,2026-07-27 14:03:01
382,384,コサックシープ,コサックシープ,Pan Piper,怪人系,Humanoid,0,,https://www.d-quest-10.com/detail/a00471.html,/storage/images/monsters/382.webp,ひょうきんな見た目に反して笛の音色で呪いをかけて仲間を集めて襲ってくるうらみがましい性格の持ち主。,笛が吹けてコサックが踊れ以前はアイドルだったことも。全盛期はとうに過ぎたがダンスの切れに衰えはない。,2026-03-12 13:51:57,2026-07-27 14:03:04
383,385,じめじめバブル,ジメジメバブル,Dank Bubble Slime,スライム系,Slime,0,,https://www.d-quest-10.com/detail/a00448.html,/storage/images/monsters/383.webp,じめじめした所を好むネガティブなスライム。キノコ爆弾を設置し幸せそうな人を爆発させる。,じめじめバブルにも かつてイケイケだった時代があった。すっかり しなびてしまったが当時はキングと呼ばれていた。,2026-03-12 13:52:00,2026-07-27 14:03:08
384,386,プロメテモス,プロメテモス,Prometimos,虫系,Insect,0,,https://www.d-quest-10.com/detail/a00527.html,/storage/images/monsters/384.webp,マグマを食べて育つという邪悪な妖精の一種。火炎球を打ち出せるのもマグマパワーの産物だ。,炎に群がる性質がありたまに近づきすぎてヤケドを負うこともある。かくも本能には逆らいがたい。,2026-03-12 13:52:03,2026-07-27 14:03:11
385,387,くろカビこぞう,クロカビコゾウ,Fromage Gray,物質系,Material,0,,https://www.d-quest-10.com/detail/a00487.html,/storage/images/monsters/385.webp,フォンデュが黒カビのダークサイドに堕ちて誕生した暗黒の闘士。闇のチカラを使いこなす。,なぜ黒カビのダークサイドに堕ちたのか……そこには聞くも涙語るも涙のハッコウの物語があるという。,2026-03-12 13:52:06,2026-07-27 14:03:14
386,388,デスプリースト,デスプリースト,Wight Priest,ゾンビ系,Undead,0,,https://www.d-quest-10.com/detail/a00183.html,/storage/images/monsters/386.webp,欲望にまみれ信仰を失った高名な司祭の亡霊。的確にザオリクを唱えて死した魔物を復活させる。,悪しき神々を信仰させて人類に堕落の道を歩ませんと日々邪教の教えを広める。悪の伝道師に休息はない。,2026-03-12 13:52:08,2026-07-27 14:03:17
387,389,グリンバングル,グリンバングル,Snotbonce,悪魔系,Demon,0,,https://www.d-quest-10.com/detail/a00089.html,/storage/images/monsters/387.webp,幸運を呼ぶ聖獣に化けて旅人を待ちぶせるおぞましい赤眼の怪物。ツメにかかれば命はない,とある魔導書に描かれた幸運を呼ぶ聖獣の姿を見てコイツオレに似てなくね！？グリンバングルは気づいた。,2026-03-12 13:52:14,2026-07-27 14:03:21
388,390,じごくのもんばん,ジゴクノモンバン,Grim Keeper,悪魔系,Demon,0,,https://www.d-quest-10.com/detail/a00127.html,/storage/images/monsters/388.webp,地獄の門を守るという冷徹なおそろしい悪魔。もうどくのきりで敵を弱らせ手に持つ鎌で命を刈りとる。,職業病のせいかついオフの日でも道行く人を通せんぼしてしまう。ワーカーホリック一歩手前。,2026-03-12 13:52:18,2026-07-27 14:03:24
389,391,ヒョウモンダーク,ヒョウモンダーク,Dark Octopot,水系,Aquatic,0,,https://www.d-quest-10.com/detail/a00584.html,/storage/images/monsters/389.webp,武器を振るうことよりも おうえんしたり 踊ったりして仲間を援護することに生きがいを覚えているという。,その名前と外見から猛毒を持っていると思われがちだが 実際には無毒である。風評被害に悩めるタコ兵士。,2026-03-12 13:52:21,2026-07-27 14:03:27
390,392,スライム・強,スライム・キョウ,Vicious Slime,スライム系,Slime,0,,https://www.d-quest-10.com/detail/a00649.html,/storage/images/monsters/390.webp,ケタ違いの強さを持つ 邪悪な スライム。,赤く鋭い眼光には 激しい殺意が宿っている。,2026-03-12 13:52:24,2026-07-27 14:03:30
391,393,カバリアー,カバリアー,Hippo Guard,獣系,Beast,0,,https://www.d-quest-10.com/detail/a00054.html,/storage/images/monsters/391.webp,テンションバーンを使ってしきりにチカラをみなぎらせる豪快なカバ族の騎士。仲間からも一目置かれている。,カバ族が誇る騎士として一目置かれる存在ゆえに短足がコンプレックス。シークレットブーツを検討中。,2026-03-12 13:52:27,2026-07-27 14:03:33
392,394,いたずらもぐら・強,イタズラモグラ・キョウ,Vicious Mischievous Mole,獣系,Beast,0,,https://www.d-quest-10.com/detail/a00671.html,/storage/images/monsters/392.webp,ケタ違いの強さを持つ 邪悪な いたずらもぐら。,赤く鋭い眼光には 激しい殺意が宿っている。,2026-03-12 13:52:30,2026-07-27 14:03:37
393,395,アックスドラゴン,アックスドラゴン,Axesaurus,ドラゴン系,Dragon,0,,https://www.d-quest-10.com/detail/a00446.html,/storage/images/monsters/393.webp,燃えるような身体の色をしたバトルレックスの亜種。はげしいほのおを吹きつつ時々重い一撃を放ってくる。,いかにもオノのあつかいが上手そうな名前をしているが実際はむやみに振り回すだけの名前負けドラゴン。,2026-03-12 13:52:36,2026-07-27 14:03:40
394,396,イエロバングル,イエロバングル,Bilebonnet,悪魔系,Demon,0,,https://www.d-quest-10.com/detail/a00020.html,/storage/images/monsters/394.webp,幸運を呼ぶ聖獣に化けて旅人を付け狙うまがまがしい赤眼の怪物。毒マヒ混乱にご用心。,とある物語に描かれた幸運を呼ぶ聖獣の姿を見てコイツオレじゃん！？イエロバングルは悟った。,2026-03-12 13:52:41,2026-07-27 14:03:43
395,397,トロル,トロル,Troll,悪魔系,Demon,0,,https://www.d-quest-10.com/detail/a00207.html,/storage/images/monsters/395.webp,アタマは悪いがチカラは強いふとっちょで乱暴な巨人。攻撃を空振りしているすきに急いで倒してしまおう。,ダイエットブームの昨今メタボぞろいのトロル族ではベリーダンスが熱い！そろって腰を振っている。,2026-03-12 13:52:45,2026-07-27 14:03:46
396,398,エビルソーサラー,エビルソーサラー,Evil Sorcerer,悪魔系,Demon,0,,https://www.d-quest-10.com/detail/a00465.html,/storage/images/monsters/396.webp,呪術を極めた魔族のエリート。ドルモーアを暴走させザオリクで仲間を復活させる油断のならない強敵。,何事にも縁起をかつぐ性格で朝クツをはく足の順番やらお風呂でどこから洗うかやら無数の決め事に縛られている。,2026-03-12 13:52:50,2026-07-27 14:03:50
397,399,モーモン・強,モーモン・キョウ,Vicious Teeny Sanguini,悪魔系,Demon,0,,https://www.d-quest-10.com/detail/a00663.html,/storage/images/monsters/397.webp,ケタ違いの強さを持つ 邪悪な モーモン。,赤く鋭い眼光には 激しい殺意が宿っている。,2026-03-12 13:52:53,2026-07-27 14:03:53
398,400,ブランマトック,ブランマトック,Picky Mole,獣系,Beast,0,,https://www.d-quest-10.com/detail/a00472.html,/storage/images/monsters/398.webp,ためにためたテンションを一気に解放してスーパーハイテンション状態でおそいかかってくる。,伝説のつるはし使いとしてもぐら魔族の中で語り継がれるトンネル工事の達人。掘った洞くつは数知れず。,2026-03-12 13:52:55,2026-07-27 14:03:56
399,401,ヒポせんし,ヒポセンシ,Hippo Soldier,獣系,Beast,0,,https://www.d-quest-10.com/detail/a00245.html,/storage/images/monsters/399.webp,かぶと割りを得意とする勇ましいカバの戦士。怒るとテンションバーンを使ってくるやっかいなヤツ。,サイの戦士がオレたちに挑もうとしているらしヒポね。ヒッポッポ。格の違いってのを思い知らせてやるタマス！,2026-03-12 13:53:00,2026-07-27 14:03:59
400,402,いっかくウサギ・強,イッカクウサギ・キョウ,Vicious Bunicorn,獣系,Beast,0,,https://www.d-quest-10.com/detail/a00650.html,/storage/images/monsters/400.webp,ケタ違いの強さを持つ 邪悪な いっかくウサギ。,赤く鋭い眼光には 激しい殺意が宿っている。,2026-03-12 13:53:03,2026-07-27 14:04:02
401,403,ファーラット・強,ファーラット・キョウ,Vicious Feralball,獣系,Beast,0,,https://www.d-quest-10.com/detail/a00742.html,/storage/images/monsters/401.webp,ケタ違いの強さを持つ 邪悪な ファーラット。,赤く鋭い眼光には 激しい殺意が宿っている。,2026-03-12 13:53:05,2026-07-27 14:04:06
402,404,ヘルジュラシック,ヘルジュラシック,Dragster,ドラゴン系,Dragon,0,,https://www.d-quest-10.com/detail/a00281.html,/storage/images/monsters/402.webp,太古から地獄に生息していた恐竜のモンスター。はげしいほのおをはいて周囲を焼きつくす。,魔界１周レースにおいて前人未到の最速記録を持つ伝説のランナー。肩書きは地獄の超特急。,2026-03-12 13:53:09,2026-07-27 14:04:09
403,405,さそりばち・強,サソリバチ・キョウ,Vicious Waspion,虫系,Insect,0,,https://www.d-quest-10.com/detail/a00672.html,/storage/images/monsters/403.webp,ケタ違いの強さを持つ 邪悪な さそりばち。,赤く鋭い眼光には 激しい殺意が宿っている。,2026-03-12 13:53:12,2026-07-27 14:04:12
404,406,ドラキー・強,ドラキー・キョウ,Vicious Dracky,鳥系,Bird,0,,https://www.d-quest-10.com/detail/a00664.html,/storage/images/monsters/404.webp,ケタ違いの強さを持つ 邪悪な ドラキー。,赤く鋭い眼光には 激しい殺意が宿っている。,2026-03-12 13:53:14,2026-07-27 14:04:15
405,407,ぶっちズキーニャ,ブッチズキーニャ,Zumeanie,植物系,Plant,0,,https://www.d-quest-10.com/detail/a00532.html,/storage/images/monsters/405.webp,呪文で攻撃力を上げてヤリで突きまくってくる見かけによらずクレバーな野菜魔物界のヒットマン。,かつては みずみずしい緑の身体だったが暑い土地で暮らすうちに赤く焼けてすっかり乾燥に強くなった。,2026-03-12 13:53:17,2026-07-27 14:04:18
406,408,めいふのばんにん,メイフノバンニン,Hellbound Heretic,物質系,Material,0,,https://www.d-quest-10.com/detail/a00468.html,/storage/images/monsters/406.webp,闇と死に彩られた忌まわしき冥界の仕事人。強力な呪文に加えて魅了やおたけびを使いこなす。,かつては冥王に仕えていたが死生観のちがいから離反。今はフリーランスの番人として気ままな日々を送っている。,2026-03-12 13:53:20,2026-07-27 14:04:21
407,409,リビングデッド,リビングデッド,Corpse Corporal,ゾンビ系,Undead,0,,https://www.d-quest-10.com/detail/a00348.html,/storage/images/monsters/407.webp,ドロドロの液体をはきちらし呪いをもたらすゾンビ。やけつく息やもうどくの息を次々としかけてくる。,生きている人間がねたましく見ると襲わずにいられない。恨みこそが彼らを動かすエネルギーの根源といえる。,2026-03-12 13:53:24,2026-07-27 14:04:25
408,410,バブルスライム・強,バブルスライム・キョウ,Vicious Bubble Slime,スライム系,Slime,0,,https://www.d-quest-10.com/detail/a00651.html,/storage/images/monsters/408.webp,ケタ違いの強さを持つ 邪悪な バブルスライム。,赤く鋭い眼光には 激しい殺意が宿っている。,2026-03-12 13:53:32,2026-07-27 14:04:28
409,411,ねこまどう・強,ネコマドウ・キョウ,Vicious Meowgician,獣系,Beast,0,,https://www.d-quest-10.com/detail/a00652.html,/storage/images/monsters/409.webp,ケタ違いの強さを持つ 邪悪な ねこまどう。,赤く鋭い眼光には 激しい殺意が宿っている。,2026-03-12 13:53:34,2026-07-27 14:04:31
410,412,シーザーレインボー,シーザーレインボー,Rainbow Scissor,虫系,Insect,0,,https://www.d-quest-10.com/detail/a00119.html,/storage/images/monsters/410.webp,閃光弾やキャノン砲を装備した色あざやかな身体をした昆虫。怒りレーダーも搭載しており反応した敵をロックオン。,派手な色づかいの容姿と誇り高きその振る舞いから虹色の皇帝と呼ばれ恐れられているらしい。,2026-03-12 13:53:37,2026-07-27 14:04:34
411,413,とげジョボー,トゲジョボー,Disfigurine,物質系,Material,0,,https://www.d-quest-10.com/detail/a00474.html,/storage/images/monsters/411.webp,マホカンタの呪文とやいばのぼうぎょで守りを固め必殺のアサシンアタックを狙うあなどれない魔物。,持つと不幸になるとウワサされきらわれた人形がだったら本当に不幸をバラまいてやる！と世をスネて動きだした。,2026-03-12 13:53:40,2026-07-27 14:04:39
412,414,ランタンこぞう,ランタンコゾウ,Lampling,物質系,Material,0,,https://www.d-quest-10.com/detail/a00653.html,/storage/images/monsters/412.webp,うち捨てられたランタンに 住みついた火の悪魔。,ランタンに化けて油断した冒険者に火をあびせる。,2026-03-12 13:53:43,2026-07-27 14:04:42
413,415,ヘルカッチャ,ヘルカッチャ,Masqueraider,マシン系,Machine,0,,https://www.d-quest-10.com/detail/a00276.html,/storage/images/monsters/413.webp,こうらのようなヨロイを身につけた異形の兵士。特殊なガード技によって物理攻撃をある程度防ぐ。,手に持つ２本の巨大なツノは遠方の谷に棲む竜のもの。それを手に入れてくることが一族の通過儀礼なのだ。,2026-03-12 13:53:46,2026-07-27 14:04:46
414,416,ゴースト・強,ゴースト・キョウ,Vicious Ghost,ゾンビ系,Undead,0,,https://www.d-quest-10.com/detail/a00669.html,/storage/images/monsters/414.webp,ケタ違いの強さを持つ 邪悪な ゴースト。,赤く鋭い眼光には 激しい殺意が宿っている。,2026-03-12 13:53:49,2026-07-27 14:04:49
415,417,ベレス,ベレス,Beleth,悪魔系,Demon,0,,https://www.d-quest-10.com/detail/a00284.html,/storage/images/monsters/415.webp,邪悪な魔物たちを従える血も凍るような大悪魔。切れ味鋭い痛恨の一撃で相手を血祭りにあげる。,夜更かしをしているとベレスがやってくるわよと母は子に言い聞かせる。恐怖の代名詞たる闇の住人。,2026-03-12 13:53:54,2026-07-27 14:04:52
416,418,ウコバック,ウコバック,Lickity Spit,怪人系,Humanoid,0,,https://www.d-quest-10.com/detail/a00535.html,/storage/images/monsters/416.webp,いやがらせが大好きでそのための攻撃ばかり得意な根性曲りの下級悪魔。小さい身体でかなりの大食漢。,大食らいのウコバックだが意外にも 好き嫌いが激しい。揚げ物が大好物でトカゲのフライを何より好む。,2026-03-12 13:53:57,2026-07-27 14:04:56
417,419,エリミネーター,エリミネーター,Hoodlum,怪人系,Humanoid,0,,https://www.d-quest-10.com/detail/a00463.html,/storage/images/monsters/417.webp,夜の闇にまぎれて獲物を狙う悪の処刑人。オノを振るうときは異様にテンションが上がるらしい。,処刑人と言っても罪人を罰しているわけではなく気に入らない相手を自分勝手な理由で襲うだけの極悪人。,2026-03-12 13:54:07,2026-07-27 14:04:59
418,420,おおきづち・強,オオキヅチ・キョウ,Vicious Hammerhood,怪人系,Humanoid,0,,https://www.d-quest-10.com/detail/a00681.html,/storage/images/monsters/418.webp,ケタ違いの強さを持つ 邪悪な おおきづち。,赤く鋭い眼光には 激しい殺意が宿っている。,2026-03-12 13:54:10,2026-07-27 14:05:02
419,421,プチアーノン・強,プチアーノン・キョウ,Vicious Khalamari Kid,水系,Aquatic,0,,https://www.d-quest-10.com/detail/a00682.html,/storage/images/monsters/419.webp,ケタ違いの強さを持つ 邪悪な プチアーノン。,赤く鋭い眼光には 激しい殺意が宿っている。,2026-03-12 13:54:14,2026-07-27 14:05:05
420,422,ドルイド,ドルイド,Lump Wizard,怪人系,Humanoid,0,,https://www.d-quest-10.com/detail/a00573.html,/storage/images/monsters/420.webp,敵が呪文を使うのを許さずマホトーンやメダパニで戦いのペースを握ろうとするやっかいな老呪術師。,生まれた時は シワひとつないすべすべ ツルツルの身体だが成長するにつれ皮がたるみシワだらけになるらしい。,2026-03-12 13:54:17,2026-07-27 14:05:08
421,423,レジェンドホース,レジェンドホース,Godsteed,獣系,Beast,0,,https://www.d-quest-10.com/detail/a00513.html,/storage/images/monsters/421.webp,めったに人前に姿を現さない伝説的モンスター。光り輝くブレスは息を飲むほど美しいが、その威力はきわめて危険。,勝手にレジェンド扱いされてじつはちょっと困っている。神秘的なイメージを守るため今日も人目を避けて天駆ける。,2026-03-12 13:54:22,2026-07-27 14:05:11
422,424,エルダードラゴン,エルダードラゴン,Elder Dragon,ドラゴン系,Dragon,0,,https://www.d-quest-10.com/detail/a00440.html,/storage/images/monsters/422.webp,背中に生えたハーブを食べて生きているエコロジーな竜。テンション上げて吹雪をはいて自然の敵には容赦しない！,背中のハーブは美容に有効。毎日欠かさず食べていればアンチエイジング効果があり世の女性に狙われている。,2026-03-12 13:54:25,2026-07-27 14:05:14
423,425,フォレスドン,フォレスドン,Forest Peckerel,鳥系,Bird,0,,https://www.d-quest-10.com/detail/a00250.html,/storage/images/monsters/423.webp,森林の鳥魔物たちのドン。ベホイミやザオリクで仲間をいやすその姿から緑色の天使とも呼ばれる。,緑の羽毛は目に優しい。野鳥観察のプロたちはフォレスドンの羽毛を見て疲れた目を休めるという。,2026-03-12 13:54:30,2026-07-27 14:05:18
424,426,いしにんぎょう,イシニンギョウ,Dirty Dogu,物質系,Material,0,,https://www.d-quest-10.com/detail/a00533.html,/storage/images/monsters/424.webp,あやしいひとみを使う以外戦い方に特徴はないのだが逆にそこが不気味に感じる。得体の知れなさが最大の特徴,どろにんぎょうに対しライバル心を抱いているが想いは一歩通行でまったく相手にされていない。,2026-03-12 13:54:34,2026-07-27 14:05:21
425,427,ツイストーチ,ツイストーチ,Twisted Torch,物質系,Material,0,,https://www.d-quest-10.com/detail/a00473.html,/storage/images/monsters/425.webp,なまめかしいコシの動きで見る者を混乱させてしまう。そこにメラゾーマで追いうちをかけてくるイヤらしい魔物。,もともとは大魔王の居城の柱となるべく作られたが気を抜くとクネクネしてしまい天井を支えられなかったとか。,2026-03-12 13:54:37,2026-07-27 14:05:24
426,428,なげきの亡霊,ナゲキノボウレイ,Tortured Soul,ゾンビ系,Undead,0,,https://www.d-quest-10.com/detail/a00212.html,/storage/images/monsters/426.webp,なげきはついに憎しみとなり命ある者を呪い続ける。魔力を覚醒させてはなつドルマドンは大いなる脅威。,はじまりのなげきとは果たしてなんであったのか。今となっては思いだせずただ痛みだけが残っている。,2026-03-12 13:54:40,2026-07-27 14:05:27
427,429,ベルフェゴル,ベルフェゴル,Belfggor,悪魔系,Demon,0,,https://www.d-quest-10.com/detail/a00283.html,/storage/images/monsters/427.webp,恐怖の悪魔軍団を指揮する血も涙もない優秀な軍団長。しゃくねつメラガイアーで地表をこがしつくす。,サボってる魔物を見つけたら魔界３０周の罰を言いつける体育会系な軍団長さん。厳しいけど面倒見はいい。,2026-03-12 13:54:45,2026-07-27 14:05:30
428,430,ジェイドフレア,ジェイドフレア,Jade Flare,エレメント系,Elemental,0,,https://www.d-quest-10.com/detail/a00485.html,/storage/images/monsters/428.webp,マゴマゴしているだけと敵を油断させておいてじばくやイオグランデで大ダメージを与えてくる。,ゆらめくフレアのとがり具合にこだわりがありフレアのセットが乱れた時は機嫌が悪くなる。,2026-03-12 13:54:48,2026-07-27 14:05:34
429,431,ドラゴスライム,ドラゴスライム,Drake Slime,スライム系,Slime,0,,https://www.d-quest-10.com/detail/a00569.html,/storage/images/monsters/429.webp,ドラゴンのような角と羽根が特徴のスライム。炎を自在に操り 火球バズーカや 呪文で冒険者たちを 苦しめる。,魔物国勢調査の書類をドラゴン族として 提出したがあっさりスライム族に修正されたいそう がっかりした。,2026-03-12 13:54:52,2026-07-27 14:05:37
430,432,ぶちスライム,ブチスライム,Mottle Slime,スライム系,Slime,0,,https://www.d-quest-10.com/detail/a00592.html,/storage/images/monsters/430.webp,身体中に ぶちも模様のあるスライムの仲間。過酷な環境にさらされて見た目によらず強く育った。,昔は相当なワルだったがマブダチの説得でカタギになり家族の食いぶちを かせぐためぶちぶち言わず 働くように。,2026-03-12 13:54:58,2026-07-27 14:05:40
431,433,サウルスロード,サウルスロード,Terrorceratops,獣系,Beast,0,,https://www.d-quest-10.com/detail/a00111.html,/storage/images/monsters/431.webp,いかめしいこうらを背負った怪獣たちのドン。やけつく息をはきながら勇猛果敢に攻め立てる。,眠っているときの寝息でうっかりやけつく息をはき朝になるとしびれた動物がそばに倒れていることも。,2026-03-12 13:55:04,2026-07-27 14:05:43
432,434,スターレミング,スターレミング,Star Lemming,獣系,Beast,0,,https://www.d-quest-10.com/detail/a00476.html,/storage/images/monsters/432.webp,星色の体毛と夜色の体毛がしま模様を描く小さな魔獣。メダパニーマを唱えて大混乱を引き起こす。,数年に一度大群となって河を渡り大移動するという。黄色い群れが夜の河を泳ぐ様はまるで小さな銀河のようだ。,2026-03-12 13:55:07,2026-07-27 14:05:46
433,435,メーダ・強,メーダ・キョウ,Vicious Lunatick,虫系,Insect,0,,https://www.d-quest-10.com/detail/a00702.html,/storage/images/monsters/433.webp,ケタ違いの強さを持つ 邪悪な メーダ。,赤く鋭い眼光には 激しい殺意が宿っている。,2026-03-12 13:55:13,2026-07-27 14:05:50
434,436,エビルトレント,エビルトレント,Evil Tree-ent,植物系,Plant,0,,https://www.d-quest-10.com/detail/a00466.html,/storage/images/monsters/434.webp,魅惑のおどりで惑わせて闇の魔法や眠りの魔法で敵を苦しめる意外と器用な樹木の魔物。,年を経て紅葉することで進化をとげたじんめんじゅ。その老かいなフットワークは変幻自在との定評がある。,2026-03-12 13:55:16,2026-07-27 14:05:53
435,437,ゴールドマン,ゴールドマン,Gold Golem,物質系,Material,0,,https://www.d-quest-10.com/detail/a00104.html,/storage/images/monsters/435.webp,全身が黄金でできているゴージャスな魔人。チカラをためた攻撃は強いが見事倒せば大金になるぞ。,お金が足りない旅人によく狙われてしまうので自由なストーンマンがちょっとうらやましい。,2026-03-12 13:55:19,2026-07-27 14:05:56
436,438,ボーンバット・強,ボーンバット・キョウ,Vicious Bone Bat,ゾンビ系,Undead,0,,https://www.d-quest-10.com/detail/a00713.html,/storage/images/monsters/436.webp,ケタ違いの強さを持つ 邪悪な ボーンバット。,赤く鋭い眼光には 激しい殺意が宿っている。,2026-03-12 13:55:22,2026-07-27 14:05:59
437,439,ボストロール,ボストロール,Boss Troll,悪魔系,Demon,0,,https://www.d-quest-10.com/detail/a00299.html,/storage/images/monsters/437.webp,トロルたちを束ねる凶悪かつ乱暴な巨人の長。高い確率で痛恨の一撃をはなってくるので要注意。,週末の夜にはたき火の周りでちゃんこ鍋パーティを開く。メインの具材はもちろんおいしそうな人間だ。,2026-03-12 13:55:28,2026-07-27 14:06:02
438,440,デスケルト,デスケルト,Celtic Faun,怪人系,Humanoid,0,,https://www.d-quest-10.com/detail/a00499.html,/storage/images/monsters/438.webp,魔界からやってきたという凶暴な異形の獣人。その笛の音で気合を入れて悪夢のように攻めてくる。,かつて魔界の貴族に仕えるお抱え楽士だったがソロ活動にあこがれて地上に来た夢見がちな面も。,2026-03-12 13:55:31,2026-07-27 14:06:06
439,441,きめんどうし,キメンドウシ,Lump Shaman,怪人系,Humanoid,0,,https://www.d-quest-10.com/detail/a00528.html,/storage/images/monsters/439.webp,攻撃 回復 状態異常と多彩な呪文を使いこなす魔法の達人だがなぜか自分に自信が持てないらしい。,どう見ても鬼の顔じゃないと思ったら何事にも優柔不断でなかなか「決めん道士」ということらしい。,2026-03-12 13:55:34,2026-07-27 14:06:09
440,442,やつざきアニマル,ヤツザキアニマル,Bullion,獣系,Beast,0,,https://www.d-quest-10.com/detail/a00340.html,/storage/images/monsters/440.webp,獲物を八つ裂きにすることを至上のよろこびとする魔獣。四方にとどろくおたけびは強者の足をもすくませる。,やつざきアニマルなんて適当な名前を考えたヤツを八つ裂きにしてやりたい！アニマルはそう主張する。,2026-03-12 13:55:37,2026-07-27 14:06:12
441,443,アッシュリザード,アッシュリザード,Mandrake Militant,ドラゴン系,Dragon,0,,https://www.d-quest-10.com/detail/a00534.html,/storage/images/monsters/441.webp,バイキルトからジャンプ斬りのコンボに自信を持っているが仲間を呼ぶことも忘れない慎重な性格が何より手ごわい。,一見して地味と言うなかれ。くすんだ体色がシブいと評判でこれでもリザードマン界では大人気のイケメンなのだ。,2026-03-12 13:55:40,2026-07-27 14:06:15
442,444,とこよアゲハ,トコヨアゲハ,Agehafly,虫系,Insect,0,,https://www.d-quest-10.com/detail/a00602.html,/storage/images/monsters/442.webp,白いチョウの羽を生やした死を招く不吉な妖精。,仲間たちのすばやさを上げてイオナズンでたたみかける。,2026-03-12 13:55:43,2026-07-27 14:06:18
443,445,ミミック,ミミック,Mimic,物質系,Material,0,,https://www.d-quest-10.com/detail/a00321.html,/storage/images/monsters/443.webp,ふしぎなおどりでＭＰを吸い死の呪文を投げかけてくるおぞましい魔の宝箱。痛恨の一撃に気をつけよう。,中身を確かめようとする人がときどきいるようだが箱そのものが魔物であり中の人などいない！,2026-03-12 13:55:46,2026-07-27 14:06:22
444,446,メタッピー・強,メタッピー・キョウ,Vicious Mecha-Mynah,マシン系,Machine,0,,https://www.d-quest-10.com/detail/a00690.html,/storage/images/monsters/444.webp,ケタ違いの強さを持つ 邪悪な メタッピー。,赤く鋭い眼光には 激しい殺意が宿っている。,2026-03-12 13:55:49,2026-07-27 14:06:25
445,447,マミー,マミー,Mummy,ゾンビ系,Undead,0,,https://www.d-quest-10.com/detail/a00469.html,/storage/images/monsters/445.webp,死後の復活を信じていたが亡者としてよみがえった。生ある者を眠りに誘いそのまま死へと引きずり込む。,マミーのまとう包帯は古代王国期に作られたもの。通気性伸縮性ともにバツグン忘れられた技術の産物だ。,2026-03-12 13:55:52,2026-07-27 14:06:28
446,448,デビルプリンス,デビルプリンス,Prince of Darkness,悪魔系,Demon,0,,https://www.d-quest-10.com/detail/a00189.html,/storage/images/monsters/446.webp,地獄の深淵から生まれた冷酷無比な魔界の王子。闇の魔力によってザラキやドルマドンをはなつ。,世の女性の王子様像をブチ壊したいと思っている。最近のブームは毎日１頭白馬を丸飲みすること。,2026-03-12 13:55:59,2026-07-27 14:06:31
447,449,ほのおのせんし,ホノオノセンシ,Flamethrower,エレメント系,Elemental,0,,https://www.d-quest-10.com/detail/a00529.html,/storage/images/monsters/447.webp,炎を飛ばし灼熱の息をはくまさに炎の申し子。,短気そうに見えるがためるを使うがまん強さもある。,2026-03-12 13:56:04,2026-07-27 14:06:35
448,450,エルダーフレイム,エルダーフレイム,Old Flame,エレメント系,Elemental,0,,https://www.d-quest-10.com/detail/a00536.html,/storage/images/monsters/448.webp,儀式に使うトーチに炎のチカラを宿らせるほどこの魔物のまとう炎は美しい輝きを放つという。,1000年の間消えることなく燃え盛りつづけたフレイムがより強力により純粋に進化し原初の炎に近づいた存在。,2026-03-12 13:56:07,2026-07-27 14:06:38
449,451,笛吹き羊男,フエフキヒツジオトコ,Silenus,怪人系,Humanoid,0,,https://www.d-quest-10.com/detail/a00588.html,/storage/images/monsters/449.webp,仲間を集めては おたがいを応援しあう仲間思いの魔物。その反面 敵対する者には攻撃的で手がつけられない。,もともとはただの羊飼い。仕事中の事故でどとうのひつじにひき殺され怨念をつのらせ魔物になった。,2026-03-12 13:56:14,2026-07-27 14:06:41
450,452,ぬすっとウサギ・強,ヌスットウサギ・キョウ,Vicious Robber Rabbit,獣系,Beast,0,,https://www.d-quest-10.com/detail/a00673.html,/storage/images/monsters/450.webp,ケタ違いの強さを持つ 邪悪な ぬすっとウサギ。,赤く鋭い眼光には 激しい殺意が宿っている。,2026-03-12 13:56:17,2026-07-27 14:06:44
451,453,スカラベキング,スカラベキング,Scarab King,虫系,Insect,0,,https://www.d-quest-10.com/detail/a00140.html,/storage/images/monsters/451.webp,甲虫型モンスター界に君臨する帝王。巨大な岩石を落として攻撃する怪力の持ち主。,どこにいても目立ってしまうあざやかボディの彼は甲虫界のおしゃれキング。以前はモデルもやっていた。,2026-03-12 13:56:20,2026-07-27 14:06:47
452,454,キャタピラー・強,キャタピラー・キョウ,Vicious Killerpillar,虫系,Insect,0,,https://www.d-quest-10.com/detail/a00728.html,/storage/images/monsters/452.webp,ケタ違いの強さを持つ 邪悪な キャタピラー。,赤く鋭い眼光には 激しい殺意が宿っている。,2026-03-12 13:56:23,2026-07-27 14:06:51
453,455,もみじこぞう・強,モミジコゾウ・キョウ,Vicious Leafy Larrikin,植物系,Plant,0,,https://www.d-quest-10.com/detail/a00654.html,/storage/images/monsters/453.webp,ケタ違いの強さを持つ 邪悪な もみじこぞう。,赤く鋭い眼光には 激しい殺意が宿っている。,2026-03-12 13:56:26,2026-07-27 14:06:54
454,456,ずしおうまる,ズシオウマル,Sintaur,悪魔系,Demon,0,,https://www.d-quest-10.com/detail/a00144.html,/storage/images/monsters/454.webp,人間に強い恨みを抱く半獣半人の怪力王。巨大なオノを振り回し派手に暴れる。,ガニラス握りつむりの漬けメーダ軍艦アーノン巻き。あらゆる魔物をネタにする粋なにぎり寿司王。,2026-03-12 13:56:30,2026-07-27 14:06:57
455,457,サイコマスター,サイコマスター,Psycho Master,悪魔系,Demon,0,,https://www.d-quest-10.com/detail/a00475.html,/storage/images/monsters/455.webp,邪悪な魔法の扱いに長ける外道に堕ちた魔法戦士。,自らの魔力を暴走させて放つバギクロスは脅威。,2026-03-12 13:56:34,2026-07-27 14:07:00
456,458,おにこぞう・強,オニコゾウ・キョウ,Vicious Pickayune,怪人系,Humanoid,0,,https://www.d-quest-10.com/detail/a00674.html,/storage/images/monsters/456.webp,ケタ違いの強さを持つ 邪悪な おにこぞう。,赤く鋭い眼光には 激しい殺意が宿っている。,2026-03-12 13:56:38,2026-07-27 14:07:04
457,459,リリパット・強,リリパット・キョウ,Vicious Bodkin Archer,怪人系,Humanoid,0,,https://www.d-quest-10.com/detail/a00655.html,/storage/images/monsters/457.webp,ケタ違いの強さを持つ 邪悪な リリパット。,赤く鋭い眼光には 激しい殺意が宿っている。,2026-03-12 13:56:41,2026-07-27 14:07:08
458,461,スライムベホマズン,スライムベホマズン,King Cureslime,スライム系,Slime,0,,https://www.d-quest-10.com/detail/a00156.html,/storage/images/monsters/458.webp,世界を愛で包み込む魔物界のトップセラピスト。心のこもったベホマズンで仲間を全快にする。,ぷるぷるのボディに抱きつき保湿ゼリーを浸透させるベホマズンエステが魔物界で大流行している。,2026-03-12 13:56:45,2026-07-27 14:07:17
459,462,ももんじゃ,モモンジャ,Platypunk,獣系,Beast,0,,https://www.d-quest-10.com/detail/a00614.html,/storage/images/monsters/459.webp,とぼけたカオをしているがさそうおどりにつられて踊っていると 両手のツメで容赦なくひっかかれる。,ときどきオスたちが集まってイケメンコンテストを開く。セクシーなアヒルぐちが評価のポイントだとか。,2026-03-12 13:56:49,2026-07-27 14:07:20
460,463,どくろあらい・強,ドクロアライ・キョウ,Vicious Haardvark,獣系,Beast,0,,https://www.d-quest-10.com/detail/a00738.html,/storage/images/monsters/460.webp,ケタ違いの強さを持つ 邪悪な どくろあらい。,赤く鋭い眼光には 激しい殺意が宿っている。,2026-03-12 13:56:52,2026-07-27 14:07:24
461,464,ダーティードール,ダーティードール,Dirty Doll,物質系,Material,0,,https://www.d-quest-10.com/detail/a00494.html,/storage/images/monsters/461.webp,メダパニーマの呪文で敵を混乱させて同士討ちを狙ってくる。名前どおりのダーティーっぷりが持ち味。,海水浴に行くたびに見た目と色合いからウニとまちがわれてしまうのが悩みのタネだという。,2026-03-12 13:56:55,2026-07-27 14:07:27
462,465,メギドロイド,メギドロイド,Mechidroid,マシン系,Machine,0,,https://www.d-quest-10.com/detail/a00539.html,/storage/images/monsters/462.webp,ビーム攻撃を得意とする耐熱設計の施された高熱地帯用の戦闘マシン。マグマの熱にも耐えるという。,高度なプログラムによる人工知能を備えておりタイプＧの偽物と言われるとけっこうキズつくらしい。,2026-03-12 13:56:58,2026-07-27 14:07:30
463,466,グリゴリぼうず,グリゴリボウズ,Watcher Boy,怪人系,Humanoid,0,,https://www.d-quest-10.com/detail/a00624.html,/storage/images/monsters/463.webp,-,-,2026-03-12 13:57:01,2026-07-27 14:07:33
464,467,バザックス,バザックス,Tyrannoceratops,獣系,Beast,0,,https://www.d-quest-10.com/detail/a00223.html,/storage/images/monsters/464.webp,赤いトゲにおおわれた砂漠生まれのモンスター。どっしりかまえながら強烈な炎をはきちらす。,バザックスのメスが産む卵はとてもカラが厚いので全身トゲだらけのコイツが抱いてあたためても大丈夫。,2026-03-12 13:57:04,2026-07-27 14:07:36
465,468,ブルファング,ブルファング,Blue Fang,獣系,Beast,0,,https://www.d-quest-10.com/detail/a00449.html,/storage/images/monsters/465.webp,狂犬のような顔をしたするどいキバを持つ獣人。おたけびを上げて周囲をすくみあがらせる。,相方のレッドオーガと組んで魔界の演芸大会の頂点を目指す野心的な魔物。どちらかと言うとボケ担当。,2026-03-12 13:57:07,2026-07-27 14:07:39
466,469,レッドオーガ,レッドオーガ,Red Horn,獣系,Beast,0,,https://www.d-quest-10.com/detail/a00450.html,/storage/images/monsters/466.webp,返り血によって全身が真っ赤に染まった凶暴な獣。テンションを一気に上げて痛烈な攻撃技をくりだす。,相方のブルファングと組んで魔界の演芸大会の頂点を目指す野心的な魔物。切れのいいツッコミが持ち味。,2026-03-12 13:57:10,2026-07-27 14:07:43
467,470,ピッキー・強,ピッキー・キョウ,Vicious Bludgerigar,鳥系,Bird,0,,https://www.d-quest-10.com/detail/a00675.html,/storage/images/monsters/467.webp,ケタ違いの強さを持つ 邪悪な ピッキー。,赤く鋭い眼光には 激しい殺意が宿っている。,2026-03-12 13:57:13,2026-07-27 14:07:46
468,471,おおくちばし・強,オオクチバシ・キョウ,Vicious Beakon,鳥系,Bird,0,,https://www.d-quest-10.com/detail/a00676.html,/storage/images/monsters/468.webp,ケタ違いの強さを持つ 邪悪な おおくちばし。,赤く鋭い眼光には 激しい殺意が宿っている。,2026-03-12 13:57:16,2026-07-27 14:07:49
469,472,ケミカルゼリー,ケミカルゼリー,Fromage Fey,物質系,Material,0,,https://www.d-quest-10.com/detail/a00570.html,/storage/images/monsters/469.webp,魔法への耐性を下げ呪文を たたきこんでくる 戦術家。身体の表面はよく燃える油でぬるぬるしているらしい。,メラ系の呪文も 覚えているがうっかり身体に引火すると大変なので絶対に使わないと心に決めている。,2026-03-12 13:57:18,2026-07-27 14:07:52
470,473,しにがみのきし,シニガミノキシ,Knight Abhorrent,悪魔系,Demon,0,,https://www.d-quest-10.com/detail/a00129.html,/storage/images/monsters/470.webp,血に染まったヨロイをまとい死の香りを漂わせる騎士。ガードマスターを駆使して敵の攻撃を受け付けない。,浴びたばかりの新しい血と乾いた古い血が混ざり合い血染めのヨロイには色ムラができてしまった。,2026-03-12 13:57:22,2026-07-27 14:07:55
471,474,はめつの使者,ハメツノシシャ,Archbashop,悪魔系,Demon,0,,https://www.d-quest-10.com/detail/a00589.html,/storage/images/monsters/471.webp,この世を呪い 破滅を振りまく邪神をあがめる神官。,そのくせ回復呪文が得意なのはもともとの育ちのよさゆえか？,2026-03-12 13:57:25,2026-07-27 14:07:58
472,475,スライムブレス,スライムブレス,Dragon Slime,スライム系,Slime,0,,https://www.d-quest-10.com/detail/a00547.html,/storage/images/monsters/472.webp,翼をはやし空を飛びまわる突然変異したスライムの一種。こごえるふぶきやしゃくねつを使いこなす油断ならないヤツ。,しもやけを防ぐためハァーと息を吹きかけて温めていたらブレスが出せるようになった。フーと吹けば冷たいのが出る。,2026-03-12 13:57:28,2026-07-27 14:08:02
473,476,ヌーデビル,ヌーデビル,Gnucifer,獣系,Beast,0,,https://www.d-quest-10.com/detail/a00214.html,/storage/images/monsters/473.webp,洞くつの奥深くに潜むヌーのような巨大な魔獣。怒るとじひびきを起こし旅人たちに混沌をもたらす。,いかつい外見をしているが意外にも草食魔物で洞くつのコケを食べている。ツノで器用に剥ぎとるのだ。,2026-03-12 13:57:30,2026-07-27 14:08:05
474,477,ギガントドラゴン,ギガントドラゴン,Drakulard,ドラゴン系,Dragon,0,,https://www.d-quest-10.com/detail/a00060.html,/storage/images/monsters/474.webp,あまりの威圧感と凶暴さに 同じドラゴンすら逃げだす,おそるべき古代の巨竜。巻き起こす竜巻に注意せよ。,2026-03-12 13:57:34,2026-07-27 14:08:08
475,478,ベノムピード,ベノムピード,Venompede,虫系,Insect,0,,https://www.d-quest-10.com/detail/a00636.html,/storage/images/monsters/475.webp,動きを封じるネバネバした糸や 毒の息をはいてくるイモムシ。,丸めた身体を高速回転させて おそいかかってくる。,2026-03-12 13:57:38,2026-07-27 14:08:11
476,479,ぬくぬくどり,ヌクヌクドリ,Polar Polly,鳥系,Bird,0,,https://www.d-quest-10.com/detail/a00556.html,/storage/images/monsters/476.webp,フカフカした羽毛をはやし極寒の世界に適応した鳥魔物。 戦闘時はドルモーアを放つなど ぬくぬくしてない姿を見せる。,長い間 天敵がいなかったため ぬくぬくと暮らしていたが大魔獣イーギュアの出現によりびくびくどりになりつつある。,2026-03-12 13:57:41,2026-07-27 14:08:14
477,480,ダークシルフ,ダークシルフ,Stumped Sylph,植物系,Plant,0,,https://www.d-quest-10.com/detail/a00555.html,/storage/images/monsters/477.webp,闇と死の呪文を使いこなすおそるべき暗黒の妖精。その冷酷な戦いぶりは魔物界でも一目置かれている。,一見かわいらしい見た目でターゲットを油断させて強力な呪文でトドメを刺す すごウデの殺し屋なのだ。,2026-03-12 13:57:44,2026-07-27 14:08:17
478,481,ブラックベジター,ブラックベジター,Scourgette,植物系,Plant,0,,https://www.d-quest-10.com/detail/a00571.html,/storage/images/monsters/478.webp,身体の一部のごときヤリで敵を さみだれ突きにする。,何気に強力な呪文をあやつる油断できない暗黒野菜。,2026-03-12 13:57:47,2026-07-27 14:08:21
479,482,パンドラボックス,パンドラボックス,Pandora's Box,物質系,Material,0,,https://www.d-quest-10.com/detail/a00231.html,/storage/images/monsters/479.webp,すべての災いの元といわれるまがまがしい災厄の箱。何度もザラキーマを唱え旅人に絶望をもたらす。,欲望嫉妬差別戦争……とあらゆる災いが詰まっている。最後に残るのははたして希望かさらなる絶望か。,2026-03-12 13:57:50,2026-07-27 14:08:24
480,483,ダークプラネット,ダークプラネット,Dark Planet,物質系,Material,0,,https://www.d-quest-10.com/detail/a00451.html,/storage/images/monsters/480.webp,夜の闇にうごめく正体不明の暗黒の星。ドルマドンを唱えてさらなる深い闇を呼ぶ。,冒険者たちには恐れられるダークプラネットだがなぜか一部の勝負師たちにはゲン担ぎにあがめられる。,2026-03-12 13:57:53,2026-07-27 14:08:27
481,484,ダークキャンドル,ダークキャンドル,Dark Candle,物質系,Material,0,,https://www.d-quest-10.com/detail/a00572.html,/storage/images/monsters/481.webp,魔力の源である頭上の炎から強烈な呪文を 生み出す。闇と炎の魔力を兼ねそなえたハイブリッドなロウソク。,古代の呪術師が強大な精霊を召喚する儀式に用いた無数のキャンドルが時を経てこの魔物に変じたという。,2026-03-12 13:57:58,2026-07-27 14:08:30
482,485,しびれだんびら・強,シビレダンビラ・キョウ,Vicious Paralyslicer,物質系,Material,0,,https://www.d-quest-10.com/detail/a00691.html,/storage/images/monsters/482.webp,ケタ違いの強さを持つ 邪悪な しびれだんびら。,赤く鋭い眼光には 激しい殺意が宿っている。,2026-03-12 13:58:05,2026-07-27 14:08:33
483,486,バロンナイト,バロンナイト,Visor Kaiser,マシン系,Machine,0,,https://www.d-quest-10.com/detail/a00229.html,/storage/images/monsters/483.webp,闇に溶けるような迷彩を持ち音もなく襲いくる機械兵。暗黒のきりは深い闇を呼び旅人を幻惑して弱らせる。,悪の科学者たちによって魔の改造をほどこされた魔物。科学者たちに復讐を誓い今日も荒野をさまよう。,2026-03-12 13:58:09,2026-07-27 14:08:36
484,487,コンキスタグール,コンキスタグール,Conquistador Ghoul,ゾンビ系,Undead,0,,https://www.d-quest-10.com/detail/a00621.html,/storage/images/monsters/484.webp,遠き黄金郷の支配を目論み旅立った冒険家のなれの果て。死して骨だけの身体になっても征服すべき対象を求め続ける。,とにかく強欲で 生前は無類のギャンブル好きだったが命をかけた最後の大勝負には負けてしまったようだ。,2026-03-12 13:58:12,2026-07-27 14:08:40
485,488,セルゲイナス,セルゲイナス,Bilhaw,悪魔系,Demon,0,,https://www.d-quest-10.com/detail/a00158.html,/storage/images/monsters/485.webp,時空を超えて現れるおぞましい伝説の魔人。マヒャデドスを唱えすべてを凍てつかせんとする。,時空の渦にのまれたナスビナーラが覚醒しセルゲイナスへと進化する。そんな新説もあるとか。,2026-03-12 13:58:16,2026-07-27 14:08:43
486,489,グーシオン,グーシオン,Dark Pazuzu,悪魔系,Demon,0,,https://www.d-quest-10.com/detail/a00537.html,/storage/images/monsters/486.webp,ベギラゴンさえもあやつる強大な魔力を持つ悪魔。,死の呪文も会得しているのでとにかく油断ならない相手だ。,2026-03-12 13:58:19,2026-07-27 14:08:47
487,490,フラッペリン,フラッペリン,White Imp,悪魔系,Demon,0,,https://www.d-quest-10.com/detail/a00548.html,/storage/images/monsters/487.webp,雪の中から生まれたという小さな悪魔。なめてかかるとイオグランデや死のおどりで冷たい雪に埋もれることに。,じつは身体の白い部分はかき氷でできている。甘いミルクの味がするらしいが本人以外は食べたことはない。,2026-03-12 13:58:22,2026-07-27 14:08:51
488,492,ミステリドール,ミステリドール,Pocus Poppet,物質系,Material,0,,https://www.d-quest-10.com/detail/a00575.html,/storage/images/monsters/488.webp,マホトラおどりでＭＰを奪い呪文で敵を弱体化させて戦いを有利に進めようとする。謎めいた石の人形。,古代の呪術師が強大な精霊を召喚する儀式に用いた依代が儀式の失敗とともに姿を消し魔物として舞い戻ってきた。,2026-03-12 13:58:25,2026-07-27 14:08:58
489,493,ヘルクラッシャー,ヘルクラッシャー,Hell Gladiator,ゾンビ系,Undead,0,,https://www.d-quest-10.com/detail/a00277.html,/storage/images/monsters/489.webp,立ちふさがるものすべてを粉砕する地獄の破壊者。やけつく息で動きを止め激しい斬撃を浴びせる。,まがまがしい４つの凶器を手のひらで転がしながらいかに獲物を処刑するか常に思い描いている。,2026-03-12 13:58:28,2026-07-27 14:09:01
490,494,ランプのまじん,ランプノマジン,Low Djinks,悪魔系,Demon,0,,https://www.d-quest-10.com/detail/a00480.html,/storage/images/monsters/490.webp,いにしえの時代に封印されたランプの中から抜け出した悪しき心の魔法使い。風を自在にあやつるという。,自分を封じていたランプをなぜか大切に保管している。,2026-03-12 13:58:31,2026-07-27 14:09:04
492,496,ダースギズモ,ダースギズモ,Golden Gloom,エレメント系,Elemental,0,,https://www.d-quest-10.com/detail/a00550.html,/storage/images/monsters/492.webp,多彩なブレスと高度な呪文で旅人をおびやかす雲の魔物。気配を消して耳元に近づき死の言葉をささやくのだ。,ギズモ族きっての勉強家。特技や呪文を12個覚えれば名前負けしないはずと今日も修行にはげんでいる。,2026-03-12 13:58:38,2026-07-27 14:09:11
493,497,スピリットフレイム,スピリットフレイム,Spirit Flame,エレメント系,Elemental,0,,https://www.d-quest-10.com/detail/a00566.html,/storage/images/monsters/493.webp,ブレスで敵を痛めつけ死の呪文を使ってくる邪悪なる鬼火。大車輪にも気をつけろ。,森にひそみ 道に迷った旅人をたき火に化けておびきよせそのまま生命を奪って仲間にしてしまうという。,2026-03-12 13:58:41,2026-07-27 14:09:14
494,498,ポイズントリル・強,ポイズントリル・キョウ,Vicious Poison Trill,エレメント系,Elemental,0,,https://www.d-quest-10.com/detail/a00678.html,/storage/images/monsters/494.webp,ケタ違いの強さを持つ 邪悪な ポイズントリル。,赤く鋭い眼光には 激しい殺意が宿っている。,2026-03-12 13:58:44,2026-07-27 14:09:17
495,499,くびかりぞく,クビカリゾク,Head Hunter,怪人系,Humanoid,0,,https://www.d-quest-10.com/detail/a00567.html,/storage/images/monsters/495.webp,あざやかなオノさばきで獲物の首を狙う名ハンター。,戦うことのよろこびで常に笑顔を浮かべている。,2026-03-12 13:58:47,2026-07-27 14:09:21
496,500,おばけヒトデ・強,オバケヒトデ・キョウ,Vicious Scarfish,水系,Aquatic,0,,https://www.d-quest-10.com/detail/a00683.html,/storage/images/monsters/496.webp,ケタ違いの強さを持つ 邪悪な おばけヒトデ。,赤く鋭い眼光には 激しい殺意が宿っている。,2026-03-12 13:58:50,2026-07-27 14:09:24
497,501,ジラフマスター,ジラフマスター,Giruffian,獣系,Beast,0,,https://www.d-quest-10.com/detail/a00579.html,/storage/images/monsters/497.webp,長い首を たくみに動かして敵の姿をとらえ スキあらばばくれつ棍やギラグレイドをおみまいしてくる棍の名手。,修行中はジラフビギナー。一人前ならジラフシニア。そして 長い長い歳月を経てようやく ジラフマスターに。,2026-03-12 13:58:54,2026-07-27 14:09:27
498,502,ダークオルニス,ダークオルニス,Dark Buzzard,鳥系,Bird,0,,https://www.d-quest-10.com/detail/a00599.html,/storage/images/monsters/498.webp,はるか古代に生まれたという死をまき散らす漆黒の鳥。 暗黒のきりやドルマドンで あらゆる生に死を振りまく。,ひくいどりやホークブリザードその他多くの鳥モンスターの祖先だと言われているが真相はやはり闇の中である。,2026-03-12 13:58:59,2026-07-27 14:09:30
499,503,オーロラウンダー,オーロラウンダー,Aurorarounder,物質系,Material,0,,https://www.d-quest-10.com/detail/a00551.html,/storage/images/monsters/499.webp,凍てつく空にたゆたうオーロラの輝きを宿す岩魔物。うっかり見とれているとメガンテを放つので要注意。,オーロラの舞う空を見上げのんびり転がっているのがなによりの憩いのひと時。極光浴と呼んでいるらしい。,2026-03-12 13:59:03,2026-07-27 14:09:34
500,504,やみのしょくだい,ヤミノショクダイ,Sconstrosity,物質系,Material,0,,https://www.d-quest-10.com/detail/a00607.html,/storage/images/monsters/500.webp,長い間放置された燭台が魔瘴に触れて魔物と化した。放置された恨みから誰彼構わず死のおどりを見せつけてくる。,百物語を語るのが大好きでロウソク代わりに自分の灯火を吹き消すが２本しかないため50匹いないと開催できない。,2026-03-12 13:59:08,2026-07-27 14:09:37
501,505,ロードコープス,ロードコープス,Wight Emperor,ゾンビ系,Undead,0,,https://www.d-quest-10.com/detail/a00608.html,/storage/images/monsters/501.webp,いにしえの暴君が生前の栄光に執着しよみがえったなれの果ての姿。闇と混乱と死を振りまく迷惑な王様。,生前の暴君ぶりを魔物仲間に聞かせるのが至上の喜び。あの頃は俺もやんちゃしたよとつぶやく横顔はうっとうしい。,2026-03-12 13:59:12,2026-07-27 14:09:40
502,506,しのどれい・強,シノドレイ・キョウ,Vicious Dead Resident,ゾンビ系,Undead,0,,https://www.d-quest-10.com/detail/a00656.html,/storage/images/monsters/502.webp,ケタ違いの強さを持つ 邪悪な しのどれい。,赤く鋭い眼光には 激しい殺意が宿っている。,2026-03-12 13:59:17,2026-07-27 14:09:43
503,507,ブリザードマン,ブリザードマン,Blizzybody,エレメント系,Elemental,0,,https://www.d-quest-10.com/detail/a00558.html,/storage/images/monsters/503.webp,いてつく吹雪をあやつり 命の灯火を根こそぎ消し去る,氷雪の魔人。その姿を見た者は 眠るように死に至る。,2026-03-12 13:59:19,2026-07-27 14:09:46
504,508,シャイニング,シャイニング,Spitnik,エレメント系,Elemental,0,,https://www.d-quest-10.com/detail/a00623.html,/storage/images/monsters/504.webp,周囲を回る相棒とともに戦う太陽の姿をした陽気な魔物。,すべてを灰じんに帰さんと周囲をしゃくねつで焼き払う。,2026-03-12 13:59:22,2026-07-27 14:09:50
505,509,れんごくの番兵,レンゴクノバンペイ,Lingering Ogre,怪人系,Humanoid,0,,https://www.d-quest-10.com/detail/a00538.html,/storage/images/monsters/505.webp,攻防両面のバランスが優れた戦闘のプロフェッショナル。試練を与える存在として人々の前に立ちはだかる。,左右の盾には名前があって向かって左が憤怒のブラッカス右が強欲のオレンゼルという。どちらもかなり性格が悪い。,2026-03-12 13:59:28,2026-07-27 14:09:54
506,510,ディアブラダ,ディアブラダ,Diablada,悪魔系,Demon,0,,https://www.d-quest-10.com/detail/a00637.html,/storage/images/monsters/506.webp,悪魔ダンス界の奇跡として 語られる伝説の舞踏家。,その つるぎの舞の切れ味は 大岩をも両断するとのウワサ,2026-03-12 13:59:31,2026-07-27 14:09:57
507,511,デスストーカー,デスストーカー,Heavy Hood,怪人系,Humanoid,0,,https://www.d-quest-10.com/detail/a00568.html,/storage/images/monsters/507.webp,用心深く獲物を追い隙あらばおそいかかる死の追跡者。テンションを上げ回復もする意外と器用な一面もある。,なぜ獲物を追い回すのか。その理由はじまんのマッスルポーズを見せるため……なのかもしれない。,2026-03-12 13:59:34,2026-07-27 14:10:00
508,512,クイーンスライム,クイーンスライム,Queen Slime,スライム系,Slime,0,,https://www.d-quest-10.com/detail/a00080.html,/storage/images/monsters/508.webp,温かな微笑みを浮かべるスライム界の美しき女王様。実態は氷のように冷酷でマヒャドが大好き。,今までは表舞台に現れずキングスライムを尻にしいてスライム界を牛耳ってきた。このたび 満を持しての登場。,2026-03-12 13:59:37,2026-07-27 14:10:03
509,513,ヒッポキング,ヒッポキング,Hippo King,獣系,Beast,0,,https://www.d-quest-10.com/detail/a00241.html,/storage/images/monsters/509.webp,自慢のオノで敵をなぎたおしダメージをものともしない。ヒポせんしたちを統率するカバ族の総大将。,かつて１００頭の軍勢を率い数万ものサイおとこの大軍を退けた歴史的戦いがあった。これをヒポライ戦争と呼ぶ。,2026-03-12 13:59:41,2026-07-27 14:10:07
510,514,ガネーシャエビル,ガネーシャエビル,Evil Ganesh,獣系,Beast,0,,https://www.d-quest-10.com/detail/a00477.html,/storage/images/monsters/510.webp,大量の魔瘴を浴びてしまい魔神と化した象の神様。６本のウデに武器をかまえはげしく斬りつけてくる。,６本のウデに握る武器はそれぞれスキルを極めている。今後はブーメランやムチにも手を広げるつもりらしい。,2026-03-12 13:59:45,2026-07-27 14:10:10
511,515,ダックスビル,ダックスビル,Splatypunk,獣系,Beast,0,,https://www.d-quest-10.com/detail/a00629.html,/storage/images/monsters/511.webp,クチバシとモコモコな尻尾がキュートな万能ファイター。鋭いツメで敵を切り刻みイオナズンで焼き払う。,横文字が格好いいと思っている意識高い系ももんじゃ。自ら種族の名前を変えたが鳴き声は「もじゃ～」のまま。,2026-03-12 13:59:48,2026-07-27 14:10:13
512,516,ガメゴン,ガメゴン,Wyrtle,ドラゴン系,Dragon,0,,https://www.d-quest-10.com/detail/a00622.html,/storage/images/monsters/512.webp,回転攻撃に火炎放射ととにかく回転するのが得意だが残念なことにおつむの回転はそれほど速くないようだ。,古代のオーグリード大陸でガメゴンのこうらを背負って修行するのが 大流行し乱獲されたという説がある。,2026-03-12 13:59:51,2026-07-27 14:10:16
513,517,ゲルバトロス,ゲルバトロス,Gelbatross,鳥系,Bird,0,,https://www.d-quest-10.com/detail/a00496.html,/storage/images/monsters/513.webp,冥界より来たる凶悪な魔鳥。するどいツメも危険だがもっとも警戒すべきはその強力な闇魔法である。,冥界ゴルフの伝説的チャンプで規定打数より３打少なくカップインさせることをゲルバトロスと呼ぶそうな。,2026-03-12 13:59:58,2026-07-27 14:10:19
514,518,マーズフェイス,マーズフェイス,Face of Mars,物質系,Material,0,,https://www.d-quest-10.com/detail/a00478.html,/storage/images/monsters/514.webp,夜空からこぼれ落ちた燃える隕石に意思が宿った。表情をクルクルと変化させて攻撃力やテンションアップ！,強さも生きている場所もまったく異なっているのになぜかタコメットには愛着を感じているらしい。,2026-03-12 14:00:01,2026-07-27 14:10:22
515,519,バジリスケイル,バジリスケイル,Basiliscale,水系,Aquatic,0,,https://www.d-quest-10.com/detail/a00600.html,/storage/images/monsters/515.webp,長いウデからくりだすダブルクローやブレス攻撃での中距離戦を得意とする戦闘経験豊富なモンスター。,毒気のある空気が好物なのでつらいことがあると鋭いツメにしみこませた毒をなめて元気を出すのだ。,2026-03-12 14:00:04,2026-07-27 14:10:25
516,520,ぐんたいガニ・強,グンタイガニ・キョウ,Vicious Crabid,水系,Aquatic,0,,https://www.d-quest-10.com/detail/a00665.html,/storage/images/monsters/516.webp,ケタ違いの強さを持つ 邪悪な ぐんたいガニ。,赤く鋭い眼光には 激しい殺意が宿っている。,2026-03-12 14:00:07,2026-07-27 14:10:29
517,521,トリカトラプス,トリカトラプス,Trikaceratops,獣系,Beast,0,,https://www.d-quest-10.com/detail/a00204.html,/storage/images/monsters/517.webp,はるかいにしえの時代より地上にいた紅き魔獣。岩石のように身を重くして何者にも動じない。,寒いときは群れで身を寄せ合って眠っているが近すぎるとトゲが刺さって眠れないジレンマに苦しむ。,2026-03-12 14:00:15,2026-07-27 14:10:32
518,522,トンブレロ・強,トンブレロ・キョウ,Vicious Ham Shamwitch,獣系,Beast,0,,https://www.d-quest-10.com/detail/a00741.html,/storage/images/monsters/518.webp,ケタ違いの強さを持つ 邪悪な トンブレロ。,赤く鋭い眼光には 激しい殺意が宿っている。,2026-03-12 14:00:18,2026-07-27 14:10:35
519,523,ドラポヨロン,ドラポヨロン,Tubby Dracky,鳥系,Bird,0,,https://www.d-quest-10.com/detail/a00628.html,/storage/images/monsters/519.webp,ドラキーの突然変異体。 ボミオスを唱えて足止めし自慢の豊満ボディを活かしたプレスで一網打尽にする。,ぽっこりお腹に寄りかかると身体にジャストフィットして起き上がりたくなくなる。人をダメにするドラキー。,2026-03-12 14:00:21,2026-07-27 14:10:38
520,524,ストーンマン,ストーンマン,Stone Golem,物質系,Material,0,,https://www.d-quest-10.com/detail/a00146.html,/storage/images/monsters/520.webp,魔物たちが石を積みあげて作ったといわれる魔人。そのため炎の呪文に強く殴られてもビクともしない。,石の身体は地味だなあといつもため息ばかり。キラキラのゴールドマンがちょっとうらやましい。,2026-03-12 14:00:24,2026-07-27 14:10:41
521,525,ブルサベージ,ブルサベージ,Tormentaur,悪魔系,Demon,0,,https://www.d-quest-10.com/detail/a00264.html,/storage/images/monsters/521.webp,深い地底で生まれ育ったチカラがすべての剛力王。怒って暴れはじめたら誰も手がつけられない。,魔界のブルドーザーと呼ばれキラースコップの工事現場で大活躍を見せている。弁当は百人前たいらげる。,2026-03-12 14:00:28,2026-07-27 14:10:44
522,526,インフェルノ,インフェルノ,Inferno,エレメント系,Elemental,0,,https://www.d-quest-10.com/detail/a00609.html,/storage/images/monsters/522.webp,邪神をあがめる集団が儀式に 使っていた炎に命が宿った。のろいのきりを放ち生ける者 すべてを呪い殺す邪悪な存在。,その体温は意外と低く闇系の技ばかり得意なのがじつは密かなコンプレックス。 もっと熱く燃え盛りたいのに！,2026-03-12 14:00:30,2026-07-27 14:10:47
523,527,バーサーカー,バーサーカー,Berserker,怪人系,Humanoid,0,,https://www.d-quest-10.com/detail/a00612.html,/storage/images/monsters/523.webp,魔物界きっての暴れん坊。 時には敵味方かまわず襲いかかることもあり 魔物からも恐れられている。,モンスター反復横跳びの世界記録を持っており その本気のステップは残像が見えるほどだという。,2026-03-12 14:00:34,2026-07-27 14:10:51
524,528,原罪のやどりぎ,ゲンザイノヤドリギ,Sinistletoe,植物系,Plant,0,,https://www.d-quest-10.com/detail/a00785.html,/storage/images/monsters/524.webp,罪人を探し 飛び回る 翼のはえた木の魔物。,その巨大な目玉は いかなる罪も見逃さない。,2026-03-12 14:00:39,2026-07-27 14:10:54
525,529,サーバルスカイ,サーバルスカイ,Sky Cat,獣系,Beast,0,,https://www.d-quest-10.com/detail/a00792.html,/storage/images/monsters/525.webp,大空を華麗に舞う猫魔族。 マホトラで奪った魔力で,マホカンタをとなえる。 魔法が好きなのか嫌いなのか？,2026-03-12 14:00:43,2026-07-27 14:10:57
526,530,おおさそり,オオサソリ,Scorpion,虫系,Insect,0,,https://www.d-quest-10.com/detail/a00632.html,/storage/images/monsters/526.webp,突然変異で巨大化したサソリ。巨体をいかした回転アタックとしっぽの先の大きな毒針によるマヒ攻撃をしかけてくる。,自慢のしっぽはじつは重くて構えるだけでそこそこ大変。,2026-03-12 14:00:46,2026-07-27 14:11:00
527,531,テンツク,テンツク,Slugger,虫系,Insect,0,,https://www.d-quest-10.com/detail/a00638.html,/storage/images/monsters/527.webp,ひょうきんな踊りを見せつけて 旅人にまとわりつく魔物。,油断すると次々に仲間を呼び すっかり囲まれてしまう。,2026-03-12 14:00:54,2026-07-27 14:11:03
528,532,マッドファルコン,マッドファルコン,Terrorhawk,鳥系,Bird,0,,https://www.d-quest-10.com/detail/a00613.html,/storage/images/monsters/528.webp,火山の炎より生まれるという凶炎の魔鳥。メダパニで敵を混乱させ 体内に宿した炎を容赦なく吹きつけてくる。,にじくじゃくに対してはあこがれとジェラシーと ちょっぴりの友情……とにかく 複雑な感情を抱いている。,2026-03-12 14:01:06,2026-07-27 14:11:07
529,533,おおがらす,オオガラス,Stark Raven,鳥系,Bird,0,,https://www.d-quest-10.com/detail/a00684.html,/storage/images/monsters/529.webp,巨大化したカラスの魔物。止まり木代わりのがいこつは,お気に入りの逸品だが いざとなれば投げつけてくる。,2026-03-12 14:01:10,2026-07-27 14:11:10
530,534,メタルドラゴン,メタルドラゴン,Metal Dragon,マシン系,Machine,0,,https://www.d-quest-10.com/detail/a00561.html,/storage/images/monsters/530.webp,警報で仲間を呼び集めミサイルをブッ放し巨大な身体で踏みつける脅威のメタル製ドラゴン。,魔界のからくり技師集団がその技術の粋を集めて作った最終兵器。メタルを冠するが経験値が多かったりはしない。,2026-03-12 14:01:13,2026-07-27 14:11:13
531,535,シャドーサタン,シャドーサタン,Hypothermion,悪魔系,Demon,0,,https://www.d-quest-10.com/detail/a00593.html,/storage/images/monsters/531.webp,三つ目が特徴な影の悪魔。いかにも悪そうな見た目だがベホマラーで仲間をいやす心優しい一面もある。,魔界でもかなり高位の悪魔だがなぜか知名度は低い。,2026-03-12 14:01:20,2026-07-27 14:11:16
532,536,ダークファンタズマ,ダークファンタズマ,Shadeshifter,エレメント系,Elemental,0,,https://www.d-quest-10.com/detail/a00610.html,/storage/images/monsters/532.webp,はるか昔ほのおのせんしとたもとを分かった戦闘部族。 ドルマドンややみのブレスをあやつる まさに闇の申し子。,闇の領界で暮らしたかったが笑顔でオノを振りまわすくびかりぞくに恐れをなして住みかを移したらしい。,2026-03-12 14:01:23,2026-07-27 14:11:19
533,537,黒ごまキッズ,クロゴマキッズ,Silly Seedling,植物系,Plant,0,,https://www.d-quest-10.com/detail/a00782.html,/storage/images/monsters/533.webp,地面に落ちた黒ごまが集まり 月日を経て小山になった頃,意思を持って動き出した ごま濃度１００％の妖精。,2026-03-12 14:01:26,2026-07-27 14:11:22
534,538,スライムナイト・強,スライムナイト・キョウ,Vicious Slime Knight,スライム系,Slime,0,,https://www.d-quest-10.com/detail/a00724.html,/storage/images/monsters/534.webp,ケタ違いの強さを持つ 邪悪な スライムナイト。,赤く鋭い眼光には 激しい殺意が宿っている。,2026-03-12 14:01:31,2026-07-27 14:11:26
535,539,コキュードス,コキュードス,Icicle Dragon,ドラゴン系,Dragon,0,,https://www.d-quest-10.com/detail/a00549.html,/storage/images/monsters/535.webp,猛吹雪に襲われ凍え死んだ多種多様な獣たちの骨が集まり竜の姿をマネて動き出した。ブレスですべてを凍てつかす。,わてかて息くらいはしますえ。 あんたらといっしょや！こうして吸うてはいて…… そうどす。これは呼吸どす！,2026-03-12 14:01:34,2026-07-27 14:11:29
536,540,ドラゴンソルジャー,ドラゴンソルジャー,Tyrantosaurus,ドラゴン系,Dragon,0,,https://www.d-quest-10.com/detail/a00615.html,/storage/images/monsters/536.webp,ドラゴン族の誇り高き戦士。自らの身体以上に重いオノを軽々と持ち上げ 振り回し あらゆるものを粉砕する。,魔物界の傭兵リザードマンが メタル狩りの手伝いばかりを依頼され 無心でこなすうちにレベルアップした姿だとか。,2026-03-12 14:01:38,2026-07-27 14:11:32
537,541,おばけキノコ,オバケキノコ,Funghoul,植物系,Plant,0,,https://www.d-quest-10.com/detail/a00666.html,/storage/images/monsters/537.webp,じめじめした場所に群生する 巨大な人面キノコ。ひと吸いで,深い眠りに落とされてしまう あまいいきには注意しよう。,2026-03-12 14:01:41,2026-07-27 14:11:35
538,542,クラウンヘッド,クラウンヘッド,Moai Minstrel,物質系,Material,0,,https://www.d-quest-10.com/detail/a00085.html,/storage/images/monsters/538.webp,奇妙なメイクをほどこした巨大な顔の魔物。道化師のような多彩な技で敵をほんろうする。,最近お肌が荒れてるのはバッチリメイクのせいかしら？でももうスッピンでは出歩けなくなっちゃったのよ！,2026-03-12 14:01:44,2026-07-27 14:11:38
539,543,キラーアーマー,キラーアーマー,Lethal Armour,物質系,Material,0,,https://www.d-quest-10.com/detail/a00540.html,/storage/images/monsters/539.webp,返り血で染まったよろいがひとりでに動きはじめた。 キングダムソードをかかげ獲物の守備力を下げてくる。,しにがみのきしとは赤いヨロイ同士 競い合う仲。 ヨロイの大きさでは負けるが赤さでは勝っている！,2026-03-12 14:01:47,2026-07-27 14:11:42
540,544,はりつきあくま,ハリツキアクマ,Belly Stick,悪魔系,Demon,0,,https://www.d-quest-10.com/detail/a00640.html,/storage/images/monsters/540.webp,まぶしい光で視力をうばい やけつくいきを吹きかけて,獲物が苦しんでいる姿を ながめて楽しむ残忍な悪魔。,2026-03-12 14:01:49,2026-07-27 14:11:45
541,545,まおうのかげ,マオウノカゲ,Umbra,エレメント系,Elemental,0,,https://www.d-quest-10.com/detail/a00597.html,/storage/images/monsters/541.webp,はるか昔 偉大な魔王の影が強い魔力をおびて動きだした。,ザラキーマを唱えて冒険者を死の淵へと引きずり込む。,2026-03-12 14:01:52,2026-07-27 14:11:48
542,546,ヘブンバルーン,ヘブンバルーン,Heaven Balloon,エレメント系,Elemental,0,,https://www.d-quest-10.com/detail/a00781.html,/storage/images/monsters/542.webp,ふよふよと宙に浮く 真っ赤な風船型のモンスター。,まんまるな見た目とは裏腹に キレキレのダンスを披露する。,2026-03-12 14:01:54,2026-07-27 14:11:51
543,547,ばくだんサーカス,バクダンサーカス,Pantomine,怪人系,Humanoid,0,,https://www.d-quest-10.com/detail/a00619.html,/storage/images/monsters/543.webp,メガザルロックで玉乗りする身の安全を重視した道化師。 さまざまな妙技で敵をけちらし 悪夢のような舞台を演出する。,魔界サーカスで披露するメガザル芸は鉄板ネタらしい。 尊い自己犠牲が感動の涙を誘い 拍手喝采が鳴りやまないとか。,2026-03-12 14:01:57,2026-07-27 14:11:54
544,548,キマイラロード,キマイラロード,Alphyn,獣系,Beast,0,,https://www.d-quest-10.com/detail/a00064.html,/storage/images/monsters/544.webp,伝説の魔物たちを合成しおぞましい生物が誕生した。テンションバーンを使い強烈なイオナズンをはなつ。,べリアルの翼とバズズの胴体そしてキングレオの頭を組み合わせた究極の生命体。だが本家にはかなわない。,2026-03-12 14:02:00,2026-07-27 14:11:57
545,549,まかいじゅう,マカイジュウ,Gnumesis,獣系,Beast,0,,https://www.d-quest-10.com/detail/a00306.html,/storage/images/monsters/545.webp,魔界を根城としている超重量級の魔獣。その歩みを止めようとする者は彼のおたけびの餌食になる。,まかいじゅうは魔界獣なのか魔怪獣なのかどっちだろうと魔界中のモンスターの間で激論が交わされている。,2026-03-12 14:02:03,2026-07-27 14:12:00
546,550,オークィーン,オークィーン,Orc Queen,獣系,Beast,0,,https://www.d-quest-10.com/detail/a00557.html,/storage/images/monsters/546.webp,やさしき心を紅の毛皮に隠し多くのオークを統率する,華麗なるオークの女王。回復呪文で仲間を助けちゃう。,2026-03-12 14:02:07,2026-07-27 14:12:04
547,551,ドラゴンゾンビ,ドラゴンゾンビ,Dragon Zombie,ドラゴン系,Dragon,0,,https://www.d-quest-10.com/detail/a00203.html,/storage/images/monsters/547.webp,骨になっても怨念で動くドラゴンのしかばね。高い攻撃力とＨＰを誇りかがやく息をも操る。,地下深くで眠っていたいにしえのドラゴンの化石。かつて自分を倒した人間に復讐するため動きだした。,2026-03-12 14:02:11,2026-07-27 14:12:07
548,552,キメラ・強,キメラ・キョウ,Vicious Chimaera,鳥系,Bird,0,,https://www.d-quest-10.com/detail/a00685.html,/storage/images/monsters/548.webp,ケタ違いの強さを持つ 邪悪な キメラ。,赤く鋭い眼光には 激しい殺意が宿っている。,2026-03-12 14:02:14,2026-07-27 14:12:10
549,553,まじんブドゥ,マジンブドゥ,Djinn Genie,悪魔系,Demon,0,,https://www.d-quest-10.com/detail/a00601.html,/storage/images/monsters/549.webp,荒れ狂う嵐の中から生まれた 災いを呼ぶ魔神。 容赦なく 攻撃呪文を浴びせ 苦しむ人を見るのが 大好き。,じつはブドゥというのは 本名ではなく 一種の芸名。 プライバシー保護のため 本当の名前は明かしていない。,2026-03-12 14:02:17,2026-07-27 14:12:13
550,554,オーガキング,オーガキング,Testudogre,怪人系,Humanoid,0,,https://www.d-quest-10.com/detail/a00035.html,/storage/images/monsters/550.webp,旅人の前に立ちはだかるシールドオーガの王様。あやしいひとみで相手を深い眠りにさそう。,地獄のチカラを秘めた巨大な盾は王位とともに代々継承されているらしい。盾の顔は初代王のものだ。,2026-03-12 14:02:21,2026-07-27 14:12:16
551,555,くびなが大師,クビナガダイシ,Blue Giraffe,獣系,Beast,0,,https://www.d-quest-10.com/detail/a00546.html,/storage/images/monsters/551.webp,きびしい修行の果てに首がのび、崇められるに至った行者魔物。おどるように華麗な棍さばきでばくれつ棍をくりだしてくる。,出自が竜なのかキリンなのか学界でも意見が分かれておりもとは錬金術で生み出された合体魔物だとする説もある。,2026-03-12 14:02:25,2026-07-27 14:12:19
552,556,メガトンチャンプ,メガトンチャンプ,Megaton Champ,獣系,Beast,0,,https://www.d-quest-10.com/detail/a00594.html,/storage/images/monsters/552.webp,たたかいの舞で気分を盛り上げヒップインパクトで大暴れする魔物界の闘技場チャンピオン。階級はもちろん無差別級！,ヒップインパクトの強化のため体重の増加に余念がない。,2026-03-12 14:02:28,2026-07-27 14:12:22
553,557,サイおとこ・強,サイオトコ・キョウ,Vicious Rhinothrope,獣系,Beast,0,,https://www.d-quest-10.com/detail/a00686.html,/storage/images/monsters/553.webp,ケタ違いの強さを持つ 邪悪な サイおとこ。,赤く鋭い眼光には 激しい殺意が宿っている。,2026-03-12 14:02:30,2026-07-27 14:12:26
554,558,スーパーテンツク,スーパーテンツク,Sluggernaut,虫系,Insect,0,,https://www.d-quest-10.com/detail/a00641.html,/storage/images/monsters/554.webp,がむしゃらな修行時代を経て ただのテンツクを卒業し,メガザルダンスを会得した さらにうっとうしいテンツク。,2026-03-12 14:02:33,2026-07-27 14:12:29
555,559,カナリアーノ,カナリアーノ,Canaryano,鳥系,Bird,0,,https://www.d-quest-10.com/detail/a00645.html,/storage/images/monsters/555.webp,カゴと一体化した虹色の怪鳥。嵐を呼び しゃくねつを放って縄張りを侵す敵が息絶えるまでしつこく追いかけまわす。,鳥カゴにしか見えない部分は露出した骨格の一部らしい。,2026-03-12 14:02:37,2026-07-27 14:12:32
556,560,ソードマカブル,ソードマカブル,Deadly Blade,物質系,Material,0,,https://www.d-quest-10.com/detail/a00559.html,/storage/images/monsters/556.webp,しびれ薬を浴びた剣の魔物。 ぞっとするような金切り声で仲間を呼び集め四方八方から旅人を切り裂いてしまう。,魔界のダンスホールで剣舞を披露していたが他の客から生キズが絶えないと苦情が出て出入り禁止にされてしまった。,2026-03-12 14:02:41,2026-07-27 14:12:35
557,561,ばくだん岩・強,バクダンイワ・キョウ,Vicious Rockbomb,物質系,Material,0,,https://www.d-quest-10.com/detail/a00679.html,/storage/images/monsters/557.webp,ケタ違いの強さを持つ 邪悪な ばくだんいわ。,赤く鋭い眼光には 激しい殺意が宿っている。,2026-03-12 14:02:43,2026-07-27 14:12:38
558,563,カーディナルナイト,カーディナルナイト,Cardinal Knight,悪魔系,Demon,0,,https://www.d-quest-10.com/detail/a00560.html,/storage/images/monsters/558.webp,死のチカラをあやつる高貴な闇の聖騎士。,強力な呪文と剣技で立ちはだかる敵を滅殺する。,2026-03-12 14:02:46,2026-07-27 14:12:44
559,564,アバランチャー,アバランチャー,Hyperboarean,獣系,Beast,0,,https://www.d-quest-10.com/detail/a00553.html,/storage/images/monsters/559.webp,おおあばれしては雪崩を引きおこすメーワクな魔物。たたかいの舞で こうげき力が上がるとメーワク度も上がる。,手にした武器は自慢の業物だがそれ以上に自慢したいのが大きくて形のよいオシリ。でも見せるのは はずかしい。,2026-03-12 14:02:49,2026-07-27 14:12:48
560,565,さんぞくウルフ・強,サンゾクウルフ・キョウ,Vicious Ruff Ruffian,獣系,Beast,0,,https://www.d-quest-10.com/detail/a00737.html,/storage/images/monsters/560.webp,ケタ違いの強さを持つ 邪悪な さんぞくウルフ。,赤く鋭い眼光には 激しい殺意が宿っている。,2026-03-12 14:02:53,2026-07-27 14:12:51
561,566,ワニバーン,ワニバーン,Heligator,ドラゴン系,Dragon,0,,https://www.d-quest-10.com/detail/a00583.html,/storage/images/monsters/561.webp,シマを荒らす者は同族でも容赦しない 海のギャング。巨体を利用したボディプレスで何もかも 粉砕するぞ。,セキバーンという魔物に密かにライバル心を抱いている。同じバーンの名を持つ者なのになんでアイツばっかり……。,2026-03-12 14:02:56,2026-07-27 14:12:54
562,567,プテラノドン・強,プテラノドン・キョウ,Vicious Pteranodon,鳥系,Bird,0,,https://www.d-quest-10.com/detail/a00658.html,/storage/images/monsters/562.webp,ケタ違いの強さを持つ 邪悪な プテラノドン。,赤く鋭い眼光には 激しい殺意が宿っている。,2026-03-12 14:02:59,2026-07-27 14:12:57
563,568,たんすミミック,タンスミミック,Wardrobe Mimic,物質系,Material,0,,https://www.d-quest-10.com/detail/a00425.html,/storage/images/monsters/563.webp,油断してたんすを開いた者をアタマからパクッといく。さらにダイナミックな動きで痛恨の一撃をくりだすのだ。,宝箱に化けるつもりが何を間違えたかたんすに変身してしまったミミック。ここに新種の魔物が誕生した。,2026-03-12 14:03:02,2026-07-27 14:13:00
564,569,スライムマデュラ,スライムマデュラ,Darkonium Slime,スライム系,Slime,0,,https://www.d-quest-10.com/detail/a00562.html,/storage/images/monsters/564.webp,マデュライトと呼ばれる未知の鉱物でできたスライム。自らの中心に光を集めてマデュライトビームを放つ。,未知の鉱物マデュライトには人を魔物に変える作用がある。とぼけた顔をしているがおぞましいスライムなのだ。,2026-03-12 14:03:04,2026-07-27 14:13:03
565,570,ごうけつぐま,ゴウケツグマ,Ursa Minor,獣系,Beast,0,,https://www.d-quest-10.com/detail/a00627.html,/storage/images/monsters/565.webp,気性の荒すぎる巨大なクマ。 誰彼かまわずケンカをしかけくらえば致命的な一撃を放つきわめてタチの悪い相手だ。,幼少期のかわいい子ぐま時代にいじめられたトラウマからやられる前にやる性格に。今では立派な乱暴者になった。,2026-03-12 14:03:08,2026-07-27 14:13:07
566,571,プリズニャン・強,プリズニャン・キョウ,Vicious Jailcat,獣系,Beast,0,,https://www.d-quest-10.com/detail/a00677.html,/storage/images/monsters/566.webp,ケタ違いの強さを持つ 邪悪な プリズニャン。,赤く鋭い眼光には 激しい殺意が宿っている。,2026-03-12 14:03:11,2026-07-27 14:13:10
567,572,イエローファット,イエローファット,Grand Yellow Belly,ドラゴン系,Dragon,0,,https://www.d-quest-10.com/detail/a00603.html,/storage/images/monsters/567.webp,リザードファッツとは別の進化をとげた黄色の巨竜。,ひかりのブレスやリベホイムの呪文も使えるようになった。,2026-03-12 14:03:15,2026-07-27 14:13:13
568,573,にじくじゃく,ニジクジャク,Prism Peacock,鳥系,Bird,0,,https://www.d-quest-10.com/detail/a00616.html,/storage/images/monsters/568.webp,虹色に輝く巨大な羽根は鳥魔物界の王者の証。 メラガイアーや しゃくねつですべての敵を焼き尽くす。,その虹色の羽毛の美しさは 高温の炎であぶることでいっそう輝きを増すという。マッチポンプ美容術の使い手。,2026-03-12 14:03:18,2026-07-27 14:13:16
569,574,ズッキーニャ,ズッキーニャ,Cruelcumber,植物系,Plant,0,,https://www.d-quest-10.com/detail/a00659.html,/storage/images/monsters/569.webp,廃棄されたズッキーニに邪悪な魂が宿った魔物。,手にしたヤリで狙った獲物を メッタ突きにするのが好き。,2026-03-12 14:03:21,2026-07-27 14:13:19
570,575,デスマーキュリー,デスマーキュリー,Mortcury,物質系,Material,0,,https://www.d-quest-10.com/detail/a00563.html,/storage/images/monsters/570.webp,異界の空から降ってきた凍てつく隕石に意思が宿った。イオグランデの呪文ですべての敵をなぎ払う。,デスマーキュリーを見た者は遠からず死ぬというウワサだがそもそもこんな凶悪な魔物と出会ったらだいたい死ぬ。,2026-03-12 14:03:24,2026-07-27 14:13:22
571,576,キラーマシン2,キラーマシン2,Overkilling machine,マシン系,Machine,0,,https://www.d-quest-10.com/detail/a00604.html,/storage/images/monsters/571.webp,三種の武器をはげしく振り回し痛恨の一撃で獲物を仕留める。２の名を冠するにふさわしい無慈悲な殺りくマシンだ。,伝説の機械戦士に似すぎではとクレームが出たこともあるが開発者いわく パクリではなくオマージュだと主張している。,2026-03-12 14:03:27,2026-07-27 14:13:26
572,577,ジュラシックロイド,ジュラシックロイド,Jurassic Droid,マシン系,Machine,0,,https://www.d-quest-10.com/detail/a00634.html,/storage/images/monsters/572.webp,竜を模して造られた戦闘機械。鋼鉄のツメと伸縮するしっぽが主な武器だが内燃機関を利用し高熱の炎を吹きだすことも。,帝国の魔神兵とは明らかに異なる技術で造られており,2026-03-12 14:03:31,2026-07-27 14:13:29
573,578,エメラルドーン,エメラルドーン,Emeraldon,悪魔系,Demon,0,,https://www.d-quest-10.com/detail/a00481.html,/storage/images/monsters/573.webp,大オノを自在に振り回し烈風の呪文をたたきつけ近付く者を地獄送りにするエメラルド色した異形の魔神。,風かおる５月生まれの彼。美しい深緑のボディが何より自慢でヒマさえあれば自分みがきに余念がない。,2026-03-12 14:03:34,2026-07-27 14:13:32
574,579,スペースデーモン,スペースデーモン,Spacebonnet,悪魔系,Demon,0,,https://www.d-quest-10.com/detail/a00500.html,/storage/images/monsters/574.webp,隕石から生まれたという戦闘に特化した宇宙生命体。,呼吸器官から生成した毒素で獲物をじわじわ苦しめる。,2026-03-12 14:03:38,2026-07-27 14:13:35
575,580,デスロマニズム,デスロマニズム,Death Romanism,物質系,Material,0,,https://www.d-quest-10.com/detail/a00706.html,/storage/images/monsters/575.webp,マデッサンスに飾られた絵だが 美術館の警備も務める魔物。,この絵画の思想が昇華されてワイルドフォビズムとなった。,2026-03-12 14:03:41,2026-07-27 14:13:38
576,581,マジックデモニスム,マジックデモニスム,Magic Demonism,物質系,Material,0,,https://www.d-quest-10.com/detail/a00705.html,/storage/images/monsters/576.webp,マデッサンスに飾られた絵だが 美術館の警備も務める魔物。,この絵画の思想が昇華されてエビルキュビズムとなった。,2026-03-12 14:03:44,2026-07-27 14:13:41
577,582,スーパーダーキズム,スーパーダーキズム,Super Darkism,物質系,Material,0,,https://www.d-quest-10.com/detail/a00704.html,/storage/images/monsters/577.webp,魔幻園に飾られる絵だが 美術館の警備も兼ねている。,この絵画の思想が昇華されてダークレアリズムとなった。,2026-03-12 14:03:47,2026-07-27 14:13:44
578,583,ガニメデス,ガニメデス,Ganymede,悪魔系,Demon,0,,https://www.d-quest-10.com/detail/a00769.html,/storage/images/monsters/578.webp,高度な呪文をとなえる使い魔。ベホイムで形勢を立て直して,大火力呪文で攻め立てる。戦いの終盤は特に油断禁物だ。,2026-03-12 14:03:50,2026-07-27 14:13:48
579,591,マジックフライ・強,マジックフライ・キョウ,Vicious Splutterfly,虫系,Insect,0,,https://www.d-quest-10.com/detail/a00712.html,/storage/images/monsters/579.webp,ケタ違いの強さを持つ 邪悪な マジックフライ。,赤く鋭い眼光には 激しい殺意が宿っている。,2026-03-12 14:03:53,2026-07-27 14:13:57
580,588,だいまじん,ダイマジン,Stone Guardian,物質系,Material,0,,https://www.d-quest-10.com/detail/a00393.html,/storage/images/monsters/580.webp,民衆を救う巨大な神像が魔王に寝返り暴れはじめた。飛び跳ねてじひびきを起こしおそろしい災害を招く。,魔王に寝返る前は闇を払い世界の危機を救う破魔のだいまじんとしてあがめられていた。,2026-03-12 14:03:55,2026-07-27 14:14:01
581,587,あくま神官・強,アクマシンカン・キョウ,Vicious Wrecktor,悪魔系,Demon,0,,https://www.d-quest-10.com/detail/a00731.html,/storage/images/monsters/581.webp,ケタ違いの強さを持つ 邪悪な あくま神官。,赤く鋭い眼光には 激しい殺意が宿っている。,2026-03-12 14:03:59,2026-07-27 14:14:04
582,586,メイジももんじゃ,メイジモモンジャ,Crack-Billed Platypunk,獣系,Beast,0,,https://www.d-quest-10.com/detail/a00768.html,/storage/images/monsters/582.webp,魔法が得意な ももんじゃ。 大きなクチバシでとなえる,強烈な呪文の威力は あなどれぬもんじゃ。,2026-03-12 14:04:02,2026-07-27 14:14:08
583,589,ヒッポカンバー,ヒッポカンバー,Hippocamper,獣系,Beast,0,,https://www.d-quest-10.com/detail/a00585.html,/storage/images/monsters/583.webp,水流をものともせずに海底を自在に駆けまわる海馬。暗黒のきりで弱らせた相手に痛恨の一撃をおみまいする。,地上にいる馬という生物と一度駆けくらべしたいと願っているが悲しいかな生きている世界が遠すぎた。,2026-03-12 14:04:05,2026-07-27 14:14:11
584,590,グリングリン,グリングリン,Gringlin,獣系,Beast,0,,https://www.d-quest-10.com/detail/a00774.html,/storage/images/monsters/584.webp,大森林のごとき深緑の体毛を 持つ魔獣。ラリホーマで眠らせ,痛恨の一撃を放つ凶悪な戦法で 見た目の愛らしさを裏切る。,2026-03-12 14:04:08,2026-07-27 14:14:14
585,592,ジャンガラ,ジャンガラ,Jungleye,悪魔系,Demon,0,,https://www.d-quest-10.com/detail/a00784.html,/storage/images/monsters/585.webp,頭上から獲物に狙いを定め 呪いのきり まぶしいひかりで,自分のペースに巻き込む おそるべき空の刺客。,2026-03-12 14:04:10,2026-07-27 14:14:18
586,593,ピンキーマッシュ,ピンキーマッシュ,Pink Mushroom,スライム系,Slime,0,,https://www.d-quest-10.com/detail/a00791.html,/storage/images/monsters/586.webp,あやしい胞子で旅人を 幻惑させた上にマヒと毒で,さらなる苦しみを与える 見た目に寄らぬ非道スライム。,2026-03-12 14:04:13,2026-07-27 14:14:23
587,594,シルバーベア,シルバーベア,Silver Bear,獣系,Beast,0,,https://www.d-quest-10.com/detail/a00630.html,/storage/images/monsters/587.webp,ふさふさとした白銀の毛皮が自慢の巨大なシロクマ。 野性の本能で氷属性の攻撃をくり出してくる。,その名前と真っ白な体毛から年寄りぐまと勘違いされ妙に親切にされた経験があり非常にフンガイしている。,2026-03-12 14:04:16,2026-07-27 14:14:29
588,595,オベルジーヌ,オベルジーヌ,Ubergine,植物系,Plant,0,,https://www.d-quest-10.com/detail/a00780.html,/storage/images/monsters/588.webp,品種改良を続けるうち 突然変異し白くなったナス。,目立つのでよく鳥につつかれ 逃げるうち心身が鍛えられた。,2026-03-12 14:04:19,2026-07-27 14:14:34
589,596,おどるほうせき・強,オドルホウセキ・キョウ,Vicious Goodybag,物質系,Material,0,,https://www.d-quest-10.com/detail/a00692.html,/storage/images/monsters/589.webp,ケタ違いの強さを持つ 邪悪な おどるほうせき。,赤く鋭い眼光には 激しい殺意が宿っている。,2026-03-12 14:04:23,2026-07-27 14:14:39
590,597,おにびドングリ,オニビドングリ,Leafy Lampling,物質系,Material,0,,https://www.d-quest-10.com/detail/a00783.html,/storage/images/monsters/590.webp,"固いカラに秘められし　炎のチカラで相手の強さを
試すため襲いかかってくる。火の粉 ひばしらに要注意だ","あやつる炎は心に燃やした　勇気の証。仲間たちとの楽しい
ドングリライフを守るため　今日も戦い続けるのだ。",2026-03-12 14:04:26,2026-07-27 14:51:37
591,598,蒼炎の使徒,ソウエンノシト,Apostandle,物質系,Material,0,,https://www.d-quest-10.com/detail/a00767.html,/storage/images/monsters/591.webp,高熱の蒼い炎を灯す魔物。 クールに見えるが闘争心が強く,魔力を高めたメラゾーマで 灰になるまで敵を焼き尽くす。,2026-03-12 14:04:28,2026-07-27 14:14:44
592,599,あらなわ明神,アラナワミョウジン,Angerope,物質系,Material,0,,https://www.d-quest-10.com/detail/a00775.html,/storage/images/monsters/592.webp,しめなわとして使われていた なわに魂が宿り動きだした。,やわらかいウデを使った 豊富な手技は あなどれない。,2026-03-12 14:04:31,2026-07-27 14:14:48
593,600,メカバーン,メカバーン,Mechan-o'-Wyrm,マシン系,Machine,0,,https://www.d-quest-10.com/detail/a00493.html,/storage/images/monsters/593.webp,金色に輝くボディを持つマシン系モンスターの王者。ふみつけ攻撃ひとつにも王者の風格をただよわす。,その出自は謎に包まれているが異世界に君臨する魔王によって作られたと まことしやかに ウサワされている。,2026-03-12 14:04:34,2026-07-27 14:14:52
594,601,くさった死体・強,クサッタシタイ・キョウ,Vicious Walking Corpse,ゾンビ系,Undead,0,,https://www.d-quest-10.com/detail/a00694.html,/storage/images/monsters/594.webp,ケタ違いの強さを持つ 邪悪な くさった死体。,赤く鋭い眼光には 激しい殺意が宿っている。,2026-03-12 14:04:37,2026-07-27 14:14:56
595,602,クリムゾングレイブ,クリムゾングレイブ,Crimson Glaive,悪魔系,Demon,0,,https://www.d-quest-10.com/detail/a00483.html,/storage/images/monsters/595.webp,おたけびで敵をすくませ巨大なマサカリを振り回しておおあばれする。メラガイアーにも注意だ。,おぞましいほどの真紅の肌は返り血で染まったものとも怒りによって変色したものとも言われている。,2026-03-12 14:04:41,2026-07-27 14:15:00
596,603,フンガー,フンガー,Red Fang,獣系,Beast,0,,https://www.d-quest-10.com/detail/a00590.html,/storage/images/monsters/596.webp,怒りで常に血管が浮きでて身体が真っ赤に見える獣人。一気にハイテンションとなり猛烈に襲いかかってくる。,フンガーと鳴くのでそのまんま名付けられた。感情によって音の高低を使い分けるため多彩なフンガーがあるという。,2026-03-12 14:04:43,2026-07-27 14:15:04
597,604,ブルジャックル,ブルジャックル,Blue Horn,獣系,Beast,0,,https://www.d-quest-10.com/detail/a00591.html,/storage/images/monsters/597.webp,風をあやつる 牛型の魔獣。かちあげや痛恨の一撃でこちらを追いつめてからかまいたちで とどめを刺す。,赤と青の色合いのせいで格下のオーガとペアに見られることが多くひそかにキズついている。,2026-03-12 14:04:46,2026-07-27 14:15:07
598,605,ネクロバルサ,ネクロバルサ,Togre,怪人系,Humanoid,0,,https://www.d-quest-10.com/detail/a00217.html,/storage/images/monsters/598.webp,神の怒りを買い怪物にされた哀れな英雄の末路。痛恨の一撃やジゴデインで立ち向かう者を蹴散らす。,ある神学者は語る。ネクロバルサはかつて禁断の呪文ジゴデインを神から盗みだしたのだと。,2026-03-12 14:04:49,2026-07-27 14:15:10
599,606,コーラルディモス,コーラルディモス,Coral Dimos,獣系,Beast,0,,https://www.d-quest-10.com/detail/a00582.html,/storage/images/monsters/599.webp,闇の呪法により 海中での活動が可能になった合成獣。海の中だろうと流星を降らせしゃくねつの炎をまきちらす。,あざやかな体色を利用しサンゴに擬態してエモノを襲う優秀なハンター。長時間動かない忍耐強さも持つ。,2026-03-12 14:04:52,2026-07-27 14:15:13
600,607,リザードマン・強,リザードマン・キョウ,Vicious Mandrake Major,ドラゴン系,Dragon,0,,https://www.d-quest-10.com/detail/a00736.html,/storage/images/monsters/600.webp,ケタ違いの強さを持つ 邪悪な リザードマン。,赤く鋭い眼光には 激しい殺意が宿っている。,2026-03-12 14:04:57,2026-07-27 14:15:16
601,608,れんごくまちょう,レンゴクマチョウ,Bird of Terrordise,鳥系,Bird,0,,https://www.d-quest-10.com/detail/a00633.html,/storage/images/monsters/601.webp,煉獄の炎よりも紅き魔鳥はメダパニで敵をまどわせ れんごくかえん しゃくねつで生命をことごとく焼き尽くす。,ヒナの時は愛らしい姿だが 育つとムキムキのマッチョになってしまうため 飼いきれず捨てられることが多いようだ。,2026-03-12 14:05:01,2026-07-27 14:15:20
602,609,じんめんじゅ・強,ジンメンジュ・キョウ,Vicious Treeface,植物系,Plant,0,,https://www.d-quest-10.com/detail/a00667.html,/storage/images/monsters/602.webp,ケタ違いの強さを持つ 邪悪な じんめんじゅ。,赤く鋭い眼光には 激しい殺意が宿っている。,2026-03-12 14:05:06,2026-07-27 14:15:23
603,611,シルバリヌス,シルバリヌス,Silverine,悪魔系,Demon,0,,https://www.d-quest-10.com/detail/a00631.html,/storage/images/monsters/603.webp,白銀の身体と金の髪を持つ 美しき 戦いの魔人。 まばゆく輝く金色のオノで 歯向かう者を一刀両断にする。,自慢の白さを保つため 身体の手入れは かかさない。 だが 両翼の裏がみがきにくく すこし黒ずんでいるらしい。,2026-03-12 14:05:09,2026-07-27 14:15:29
604,612,岩のり童子,イワノリドウジ,Rockafeller,怪人系,Humanoid,0,,https://www.d-quest-10.com/detail/a00773.html,/storage/images/monsters/604.webp,小柄な見た目にそぐわず ばくれつ棍やイオナズンと,強烈な技をくり出してくる 油断のならぬ曲芸師。,2026-03-12 14:05:13,2026-07-27 14:15:32
605,613,オーク・強,オーク・キョウ,Vicious Orc,獣系,Beast,0,,https://www.d-quest-10.com/detail/a00660.html,/storage/images/monsters/605.webp,ケタ違いの強さを持つ 邪悪な オーク。,赤く鋭い眼光には 激しい殺意が宿っている。,2026-03-12 14:05:16,2026-07-27 14:15:35
606,614,じごくのおくり火,ジゴクノオクリヒ,Lava Lampling,物質系,Material,0,,https://www.d-quest-10.com/detail/a00752.html,/storage/images/monsters/606.webp,地獄の業火を身の内に抱え ナワバリに侵入した冒険者を,ことごとく消し炭にする。 炎属性のスペシャリスト。,2026-03-12 14:05:20,2026-07-27 14:15:39
607,615,ラストテンツク,ラストテンツク,Sluggerslaught,虫系,Insect,0,,https://www.d-quest-10.com/detail/a00796.html,/storage/images/monsters/607.webp,さそうおどりで攻撃を封じ 仲間よびで 魔物を集めて,ふくろだたきを もくろむ。すべてヤツの計画どおりだ！,2026-03-12 14:05:22,2026-07-27 14:15:42
608,616,がいこつ・強,ガイコツ・キョウ,Vicious Skeleton,ゾンビ系,Undead,0,,https://www.d-quest-10.com/detail/a00711.html,/storage/images/monsters/608.webp,ケタ違いの強さを持つ 邪悪な がいこつ。,赤く鋭い眼光には 激しい殺意が宿っている。,2026-03-12 14:05:25,2026-07-27 14:15:45
609,618,マリンスライム・強,マリンスライム・キョウ,Vicious Seaslime,水系,Aquatic,0,,https://www.d-quest-10.com/detail/a00717.html,/storage/images/monsters/609.webp,ケタ違いの強さを持つ 邪悪な マリンスライム。,赤く鋭い眼光には 激しい殺意が宿っている。,2026-03-12 14:05:28,2026-07-27 14:15:52
610,619,プラチナサウルス,プラチナサウルス,Platinasaurus,マシン系,Machine,0,,https://www.d-quest-10.com/detail/a00642.html,/storage/images/monsters/610.webp,内燃機関を冷やすための 高度な冷却装置を備えており,それを最大限活用して かがやくいきを放ってくる。,2026-03-12 14:05:34,2026-07-27 14:15:55
611,620,たてまじん・強,タテマジン・キョウ,Vicious Peekabogre,怪人系,Humanoid,0,,https://www.d-quest-10.com/detail/a00749.html,/storage/images/monsters/611.webp,ケタ違いの強さを持つ 邪悪な たてまじん。,赤く鋭い眼光には 激しい殺意が宿っている。,2026-03-12 14:05:43,2026-07-27 14:15:58
612,622,グリーンシザー・強,グリーンシザー・キョウ,Vicious Green Scissors,虫系,Insect,0,,https://www.d-quest-10.com/detail/a00701.html,/storage/images/monsters/612.webp,ケタ違いの強さを持つ 邪悪な グリーンシザー。,赤く鋭い眼光には 激しい殺意が宿っている。,2026-03-12 14:05:46,2026-07-27 14:16:04
613,623,ソルジャーブル,ソルジャーブル,Warhog,獣系,Beast,0,,https://www.d-quest-10.com/detail/a00578.html,/storage/images/monsters/613.webp,勇猛果敢な魔獣の戦士。はげしいおたけびを上げひるんだ相手に剣を振りかざし強烈な斬撃をあびせる。,かつてはレッド イエローとソルジャースリーなるチームを組んで暴れまわっていた。解散後はソロで活動している。,2026-03-12 14:05:54,2026-07-27 14:16:08
614,624,きりさきピエロ・強,キリサキピエロ・キョウ,Vicious Prickly Prankster,怪人系,Humanoid,0,,https://www.d-quest-10.com/detail/a00661.html,/storage/images/monsters/614.webp,ケタ違いの強さを持つ 邪悪な きりさきピエロ。,赤く鋭い眼光には 激しい殺意が宿っている。,2026-03-12 14:05:57,2026-07-27 14:16:11
615,626,デスゴーゴン,デスゴーゴン,Gnuriel,獣系,Beast,0,,https://www.d-quest-10.com/detail/a00181.html,/storage/images/monsters/615.webp,冥府から現れた大怪獣。おぞましいのろいのきりややみのブレスをはいて地獄にたたきおとす。,牛っぽいからとコイツの肉をクチにした者にはたちまち石化の呪いがかかるという。死してなお油断ならぬ魔物。,2026-03-12 14:06:00,2026-07-27 14:16:17
616,627,おにこんぼう,オニコンボウ,Night Clubber,ドラゴン系,Dragon,0,,https://www.d-quest-10.com/detail/a00043.html,/storage/images/monsters/616.webp,巨大な棍棒を振り回し相手を地面にたたきつけるどっしりした凶暴な鬼神。すさまじくチカラが強い。,肉体を極限まで鍛えあげかつてのスリムだった身体はいまやこんな大きくなった。背中の翼じゃもう飛べない。,2026-03-12 14:06:03,2026-07-27 14:16:20
617,628,キングリザード,キングリザード,Liege Lizard,ドラゴン系,Dragon,0,,https://www.d-quest-10.com/detail/a00079.html,/storage/images/monsters/617.webp,竜に匹敵するチカラを持つ堂々たるトカゲたちの王。王の名に恥じぬ豪快な炎がそのクチからはなたれる。,キングリザードの雄姿にトカゲたちは夢を重ねる。トカゲのトカゲによるトカゲのための世界を！,2026-03-12 14:06:07,2026-07-27 14:16:24
618,629,デスフラッター,デスフラッター,Raven Lunatic,鳥系,Bird,0,,https://www.d-quest-10.com/detail/a00710.html,/storage/images/monsters/618.webp,死を招く巨大カラス。足元のがいこつを投げる上に,しゃくねつの炎で敵を火葬にするのが得意戦法。,2026-03-12 14:06:10,2026-07-27 14:16:27
619,630,スペースデビル,スペースデビル,Rockbonnet,悪魔系,Demon,0,,https://www.d-quest-10.com/detail/a00501.html,/storage/images/monsters/619.webp,隕石から生まれたという戦闘に特化した宇宙生命体。,動くものすべてを敵とみなし襲いかかってくる。,2026-03-12 14:06:13,2026-07-27 14:16:30
620,631,パンドラチェスト,パンドラチェスト,Pandoradrobe,物質系,Material,0,,https://www.d-quest-10.com/detail/a00447.html,/storage/images/monsters/620.webp,魔力を宿した魔界のたんす。ザキや死のおどりを使い確実に獲物を仕留めてからパクリとひと飲みにする。,もともと人食いたんすというあんまりな名前だったがパンドラボックスに対抗してイケてる名前に改名した。,2026-03-12 14:06:16,2026-07-27 14:16:33
621,632,ホースデビル・強,ホースデビル・キョウ,Vicious Gamigin,悪魔系,Demon,0,,https://www.d-quest-10.com/detail/a00735.html,/storage/images/monsters/621.webp,ケタ違いの強さを持つ 邪悪な ホースデビル。,赤く鋭い眼光には 激しい殺意が宿っている。,2026-03-12 14:06:19,2026-07-27 14:16:36
622,633,カラポッポ,カラポッポ,Bird Cage,鳥系,Bird,0,,https://www.d-quest-10.com/detail/a00779.html,/storage/images/monsters/622.webp,見た目と名前のせいで軽く 見られがちだが鳥魔物の中でも,にじくじゃく種と並んで 高位とされる炎の魔鳥。,2026-03-12 14:06:22,2026-07-27 14:16:39
623,634,モスボーイ,モスボーイ,Mossy Ghoul,怪人系,Humanoid,0,,https://www.d-quest-10.com/detail/a00772.html,/storage/images/monsters/623.webp,毒草を食べて育った小鬼。 ツメの先に体液をしたたらせ,引っかいた敵をマヒや猛毒で 動けなくして捕食するという。,2026-03-12 14:06:25,2026-07-27 14:16:42
624,635,オルフェウス,オルフェウス,Orpheus,怪人系,Humanoid,0,,https://www.d-quest-10.com/detail/a00766.html,/storage/images/monsters/624.webp,美しき調べで人をあやつる おそろしき吟遊詩人。,翼が生えてはいるが 天使ではないらしい。,2026-03-12 14:06:28,2026-07-27 14:16:46
625,637,スライムエンペラー,スライムエンペラー,Emperor Slime,スライム系,Slime,0,,https://www.d-quest-10.com/detail/a00488.html,/storage/images/monsters/625.webp,スライム界の頂点を極めた唯一絶対なる皇帝。ザオラルで仲間を生き返らせる慈愛の心を持つ名君。,腹黒なクイーンスライムの尻にしかれたキングスライムがある種の悟りを開いた時エンペラーに進化するという。,2026-03-12 14:06:32,2026-07-27 14:16:52
626,638,ドロヌーバ・強,ドロヌーバ・キョウ,Vicious Mudraker,エレメント系,Elemental,0,,https://www.d-quest-10.com/detail/a00748.html,/storage/images/monsters/626.webp,ケタ違いの強さを持つ 邪悪な ドロヌーバ。,赤く鋭い眼光には 激しい殺意が宿っている。,2026-03-12 14:06:35,2026-07-27 14:16:55
627,639,マタンゴ,マタンゴ,Morphean Mushroom,植物系,Plant,0,,https://www.d-quest-10.com/detail/a00751.html,/storage/images/monsters/627.webp,エモノを眠らせることに 強烈な欲求を燃やしており,攻撃した相手が眠らないと 密かに不機嫌になるという。,2026-03-12 14:06:39,2026-07-27 14:16:58
628,640,疾風テング,シップウテング,Gale Goblin,怪人系,Humanoid,0,,https://www.d-quest-10.com/detail/a00765.html,/storage/images/monsters/628.webp,疾風のごとき速さを誇る 妖怪。疾風突撃や,バギクロスなど風にまつわる 強力な攻撃を得意とする。,2026-03-12 14:06:42,2026-07-27 14:17:01
629,642,ダッシュラン・強,ダッシュラン・キョウ,Vicious Drag Racer,ドラゴン系,Dragon,0,,https://www.d-quest-10.com/detail/a00740.html,/storage/images/monsters/629.webp,ケタ違いの強さを持つ 邪悪な ダッシュラン。,赤く鋭い眼光には 激しい殺意が宿っている。,2026-03-12 14:06:44,2026-07-27 14:17:08
630,643,ドラゴンキッズ・強,ドラゴンキッズ・キョウ,Vicious Small Fry,ドラゴン系,Dragon,0,,https://www.d-quest-10.com/detail/a00747.html,/storage/images/monsters/630.webp,ケタ違いの強さを持つ 邪悪な ドラゴンキッズ。,赤く鋭い眼光には 激しい殺意が宿っている。,2026-03-12 14:06:47,2026-07-27 14:17:11
631,646,サイレス・強,サイレス・キョウ,Vicious Gryphon,鳥系,Bird,0,,https://www.d-quest-10.com/detail/a00723.html,/storage/images/monsters/631.webp,ケタ違いの強さを持つ 邪悪な サイレス。,赤く鋭い眼光には 激しい殺意が宿っている。,2026-03-12 14:06:50,2026-07-27 14:17:20
632,647,ジャンボドラキー,ジャンボドラキー,Jumbo Dracky,鳥系,Bird,0,,https://www.d-quest-10.com/detail/a00790.html,/storage/images/monsters/632.webp,巨大な体躯を誇るドラキー。マホトーンで呪文を封じ,得意のポヨロンプレスで あらゆる敵を圧殺する。,2026-03-12 14:06:53,2026-07-27 14:17:23
633,648,グレイトマーマン,グレイトマーマン,Merderer,水系,Aquatic,0,,https://www.d-quest-10.com/detail/a00521.html,/storage/images/monsters/633.webp,巨大なヤリを軽々と振り回し海を支配する雄々しき人魚。魔法も得意とし強力な呪文で敵を海のもくずに変える。,休日は深海の底で水圧に耐えながら素振りをしている。そのストイックな姿勢は全水系モンスターの尊敬の的。,2026-03-12 14:06:56,2026-07-27 14:17:26
634,649,わかめ王子・強,ワカメオウジ・キョウ,Vicious King Kelp,水系,Aquatic,0,,https://www.d-quest-10.com/detail/a00716.html,/storage/images/monsters/634.webp,ケタ違いの強さを持つ 邪悪な わかめ王子。,赤く鋭い眼光には 激しい殺意が宿っている。,2026-03-12 14:06:59,2026-07-27 14:17:30
635,650,アンゴラー,アンゴラー,Angola Lizard,ドラゴン系,Dragon,0,,https://www.d-quest-10.com/detail/a00554.html,/storage/images/monsters/635.webp,雪と氷の中でも暮らせるのは光ブレスの熱のおかげだとか。バイキルトで攻撃力を高めしっぽを振り回す凶悪な奴。,アンゴラモーアという魔物がいると知って以来 ひそかに対抗心を燃やしている。いつかライバル対決なるか？,2026-03-12 14:07:04,2026-07-27 14:17:33
636,652,アンクルホーン,アンクルホーン,Moosifer,悪魔系,Demon,0,,https://www.d-quest-10.com/detail/a00508.html,/storage/images/monsters/636.webp,灼熱の炎と極寒の冷気を使う一騎当千の魔界の猛者。炎の鼻息を荒げながら目に入る全てを滅ぼしつくす。,紅蓮の肌は岩をも溶かす温度。溶かした岩に肩まで浸かり戦いの疲れをいやす魔界流の岩盤浴が毎夜の楽しみ。,2026-03-12 14:07:07,2026-07-27 14:17:39
637,654,フォンデュ・強,フォンデュ・キョウ,Vicious Fromage Fray,物質系,Material,0,,https://www.d-quest-10.com/detail/a00668.html,/storage/images/monsters/637.webp,ケタ違いの強さを持つ 邪悪な フォンデュ。,赤く鋭い眼光には 激しい殺意が宿っている。,2026-03-12 14:07:11,2026-07-27 14:17:45
638,656,ベヒードス,ベヒードス,Drakulurch,ドラゴン系,Dragon,0,,https://www.d-quest-10.com/detail/a00462.html,/storage/images/monsters/638.webp,おのれに敵対する者は何人たりとも見逃さずじひびきやれんごく火球で敵全体を攻撃してくる。,医者からはダイエットをすすめられているのだがじひびきの威力を保つため命がけで大食いしている。,2026-03-12 14:07:15,2026-07-27 14:17:52
639,657,ホークマン・強,ホークマン・キョウ,Vicious Hawk Man,鳥系,Bird,0,,https://www.d-quest-10.com/detail/a00746.html,/storage/images/monsters/639.webp,ケタ違いの強さを持つ 邪悪な ホークマン。,赤く鋭い眼光には 激しい殺意が宿っている。,2026-03-12 14:07:18,2026-07-27 14:17:55
640,658,ゴルゴンゾーラ,ゴルゴンゾーラ,Gorgonzola,物質系,Material,0,,https://www.d-quest-10.com/detail/a00778.html,/storage/images/monsters/640.webp,周囲に独特なニオイを まき散らすチーズの化身。,その匂いは姿は見えずとも どこにいるかわかるほど強烈。,2026-03-12 14:07:22,2026-07-27 14:17:58
641,659,ファラリスブル,ファラリスブル,Brazen Bull,怪人系,Humanoid,0,,https://www.d-quest-10.com/detail/a00595.html,/storage/images/monsters/641.webp,荒野の死刑執行人として恐れられる獣人。その剛腕から放たれる痛恨の一撃に加え雷の呪文まで使いこなす。,じつは鉄球の扱いが苦手。素手で殴ったほうが効率的だが鉄球男子としてのプライドが日課の素振りを続けさせる。,2026-03-12 14:07:25,2026-07-27 14:18:01
642,662,ニードルマン・強,ニードルマン・キョウ,Vicious Needleman,物質系,Material,0,,https://www.d-quest-10.com/detail/a00700.html,/storage/images/monsters/642.webp,ケタ違いの強さを持つ 邪悪な ニードルマン。,赤く鋭い眼光には 激しい殺意が宿っている。,2026-03-12 14:07:28,2026-07-27 14:18:11
643,663,トロルキング,トロルキング,Great Troll,悪魔系,Demon,0,,https://www.d-quest-10.com/detail/a00453.html,/storage/images/monsters/643.webp,太古より息づいてきたトロル王家の末裔。痛恨の一撃を食らったら死を覚悟しよう。,いにしえのトロル王国はオーガとの覇権争いに敗れ高度な文明をすべて失い魔物に落ちぶれたのだとか。,2026-03-12 14:07:31,2026-07-27 14:18:14
644,664,ヘルプラネット,ヘルプラネット,Solaris,エレメント系,Elemental,0,,https://www.d-quest-10.com/detail/a00639.html,/storage/images/monsters/644.webp,地獄の底で生まれながら 天体を思わせる奇妙な魔物。,闇の呪文を駆使し 生ける者を ことごとく死へといざなう。,2026-03-12 14:07:40,2026-07-27 14:18:17
645,665,大王イカ,ダイオウイカ,King Squid,水系,Aquatic,0,,https://www.d-quest-10.com/detail/a00581.html,/storage/images/monsters/645.webp,我こそは海の覇者たらんと海底の征服に乗り出した大王の中の大王。 すみをはいて視界をうばうぞ。,イカ界の頂点を目指し大王の地位まで上りつめたが大王以下と呼ばれているような気がして納得できない日々。,2026-03-12 14:07:43,2026-07-27 14:18:20
646,667,あやしいかげ・強,アヤシイカゲ・キョウ,Vicious Shade,エレメント系,Elemental,0,,https://www.d-quest-10.com/detail/a00688.html,/storage/images/monsters/646.webp,ケタ違いの強さを持つ 邪悪な あやしいかげ。,赤く鋭い眼光には 激しい殺意が宿っている。,2026-03-12 14:07:47,2026-07-27 14:18:26
647,671,リザードファッツ,リザードファッツ,Frou-Frou,ドラゴン系,Dragon,0,,https://www.d-quest-10.com/detail/a00484.html,/storage/images/monsters/647.webp,体色が青くなり凶暴さを増した重量級の大トカゲ。おたけびで敵をひるませ重たいしっぽの一撃を加える。,ファッツと呼ばれているがまだまだポッチャリ気味で通ると思っている。無論それは幻想である。,2026-03-12 14:07:52,2026-07-27 14:18:39
648,672,カイザードラゴン,カイザードラゴン,Royal Reptile,ドラゴン系,Dragon,0,,https://www.d-quest-10.com/detail/a00509.html,/storage/images/monsters/648.webp,その圧倒的なカリスマ性でドラゴン界に君臨する皇帝。吐き出す炎は宝石のごとく高貴に輝き他者を魅了する。,片目を見開くだけで攻撃を無効化する能力を持っていた初代皇帝。その瞳の輝きを再現した宝石が竜眼だという。,2026-03-12 14:07:56,2026-07-27 14:18:42
649,673,ガメゴンロード,ガメゴンロード,Wyrtoise,ドラゴン系,Dragon,0,,https://www.d-quest-10.com/detail/a00530.html,/storage/images/monsters/649.webp,マホカンタを得意とするガメゴンたちの王様。,ガメゴン界で呪文を使えるのは相当のステータスなのだ。,2026-03-12 14:07:59,2026-07-27 14:18:45
650,676,いしにんぎょう・強,イシニンギョウ・キョウ,Vicious Dirty Dogu,物質系,Material,0,,https://www.d-quest-10.com/detail/a00699.html,/storage/images/monsters/650.webp,ケタ違いの強さを持つ 邪悪な いしにんぎょう。,赤く鋭い眼光には 激しい殺意が宿っている。,2026-03-12 14:08:02,2026-07-27 14:18:55
651,677,メイデンドール,メイデンドール,Iron Maiden,物質系,Material,0,,https://www.d-quest-10.com/detail/a00703.html,/storage/images/monsters/651.webp,美しい姿で人間を魅了し 意のままにあやつる人形。,あやつるのに飽きると今度は こごえるふぶきを浴びせる。,2026-03-12 14:08:06,2026-07-27 14:18:58
652,678,デスカイザー,デスカイザー,Master Moosifer,悪魔系,Demon,0,,https://www.d-quest-10.com/detail/a00611.html,/storage/images/monsters/652.webp,爆炎と竜巻を自在に操りトドメのしゃくねつの炎で戦場を地獄と化す。魔界にその名をとどろかす豪傑。,カイザーと呼ばれているが 国も家臣も持った例はない。 立派なヒゲのせいでついた あだ名だなんて今更言えない！,2026-03-12 14:08:09,2026-07-27 14:19:01
653,680,マッドルーパー・強,マッドルーパー・キョウ,Vicious Axolotl,水系,Aquatic,0,,https://www.d-quest-10.com/detail/a00680.html,/storage/images/monsters/653.webp,ケタ違いの強さを持つ 邪悪な マッドルーパー。,赤く鋭い眼光には 激しい殺意が宿っている。,2026-03-12 14:08:12,2026-07-27 14:19:07
654,674,マージマタンゴ,マージマタンゴ,Mushroom Mage,植物系,Plant,0,,https://www.d-quest-10.com/detail/a00789.html,/storage/images/monsters/654.webp,不気味なカサを揺らして現れ どくどくキノコの時限爆弾と,マヒャドで敵を翻弄する キノコ界のファンタジスタ。,2026-03-12 14:08:16,2026-07-27 14:18:48
655,679,あかつきの神兵,アカツキノシンペイ,Daybreak Soldier,悪魔系,Demon,0,,https://www.d-quest-10.com/detail/a00788.html,/storage/images/monsters/655.webp,密命を帯びた仮面の騎士。夜明け前の闇に紛れ,コウモリを従えて現れる。痛恨の一撃には要注意。,2026-03-12 14:08:19,2026-07-27 14:19:04
656,684,アームライオン・強,アームライオン・キョウ,Vicious Hellion,獣系,Beast,0,,https://www.d-quest-10.com/detail/a00734.html,/storage/images/monsters/656.webp,ケタ違いの強さを持つ 邪悪な アームライオン。,赤く鋭い眼光には 激しい殺意が宿っている。,2026-03-12 14:08:23,2026-07-27 14:19:20
657,685,しにがみきぞく・強,シニガミキゾク・キョウ,Vicious Bone Baron,ゾンビ系,Undead,0,,https://www.d-quest-10.com/detail/a00709.html,/storage/images/monsters/657.webp,ケタ違いの強さを持つ 邪悪な しみがみきぞく。,赤く鋭い眼光には 激しい殺意が宿っている。,2026-03-12 14:08:26,2026-07-27 14:19:23
658,689,くらやみハーピー,クラヤミハーピー,Succubat,鳥系,Bird,0,,https://www.d-quest-10.com/detail/a00727.html,/storage/images/monsters/658.webp,大きな羽で闇夜を飛びまわる 美しく華麗なモンスター。,その魅力で相手を骨抜きにし 鋭いツメで切り裂く。,2026-03-12 14:08:31,2026-07-27 14:19:36
659,690,さまようよろい・強,サマヨウヨロイ・キョウ,Vicious Restless Armour,物質系,Material,0,,https://www.d-quest-10.com/detail/a00708.html,/storage/images/monsters/659.webp,ケタ違いの強さを持つ 邪悪な さまようよろい。,赤く鋭い眼光には 激しい殺意が宿っている。,2026-03-12 14:08:34,2026-07-27 14:19:39
660,691,エンタシスマン・強,エンタシスマン・キョウ,Vicious Prancing Pillar,物質系,Material,0,,https://www.d-quest-10.com/detail/a00733.html,/storage/images/monsters/660.webp,ケタ違いの強さを持つ 邪悪な エンタシスマン・強。,赤く鋭い眼光には 激しい殺意が宿っている。,2026-03-12 14:08:37,2026-07-27 14:19:42
661,695,デビルアーマー・強,デビルアーマー・キョウ,Vicious Harmour,物質系,Material,0,,https://www.d-quest-10.com/detail/a00722.html,/storage/images/monsters/661.webp,ケタ違いの強さを持つ 邪悪な デビルアーマー。,赤く鋭い眼光には 激しい殺意が宿っている。,2026-03-12 14:08:40,2026-07-27 14:19:55
662,696,ガルバ・強,ガルバ・キョウ,Vicious Sootbonce,悪魔系,Demon,0,,https://www.d-quest-10.com/detail/a00761.html,/storage/images/monsters/662.webp,ケタ違いの強さを持つ 邪悪な ガルバ。,赤く鋭い眼光には 激しい殺意が宿っている。,2026-03-12 14:08:43,2026-07-27 14:19:58
663,697,ゴルバ・強,ゴルバ・キョウ,Vicious Smogbonnet,悪魔系,Demon,0,,https://www.d-quest-10.com/detail/a00760.html,/storage/images/monsters/663.webp,ケタ違いの強さを持つ 邪悪な ゴルバ。,赤く鋭い眼光には 激しい殺意が宿っている。,2026-03-12 14:08:46,2026-07-27 14:20:02
664,701,パンプキッズ・強,パンプキッズ・キョウ,Vicious Pumpkid,植物系,Plant,0,,https://www.d-quest-10.com/detail/a00726.html,/storage/images/monsters/664.webp,ケタ違いの強さを持つ 邪悪な パンプキッズ。,赤く鋭い眼光には 激しい殺意が宿っている。,2026-03-12 14:08:49,2026-07-27 14:20:15
665,706,てつのさそり,テツノサソリ,Iron Scorpion,虫系,Insect,0,,https://www.d-quest-10.com/detail/a00715.html,/storage/images/monsters/665.webp,鉄の殻でおおわれたサソリ。ただでさえ硬い身体を,スクルトでさらに強化する カタくて一本気なヤツ。,2026-03-12 14:08:53,2026-07-27 14:20:31
666,707,デスクローゼット,デスクローゼット,Mimicloset,物質系,Material,0,,https://www.d-quest-10.com/detail/a00795.html,/storage/images/monsters/666.webp,決して開けてはならないと 言われる恐怖のたんす。,呪文で混乱させてから ゆっくりと獲物を飲み込む。,2026-03-12 14:08:56,2026-07-27 14:20:34
667,708,パペットマン・強,パペットマン・キョウ,Vicious Magic Marionette,物質系,Material,0,,https://www.d-quest-10.com/detail/a00698.html,/storage/images/monsters/667.webp,ケタ違いの強さを持つ 邪悪な パペットマン。,赤く鋭い眼光には 激しい殺意が宿っている。,2026-03-12 14:09:00,2026-07-27 14:20:37
668,709,ヘルビースト・強,ヘルビースト・キョウ,Vicious Sculptrice,悪魔系,Demon,0,,https://www.d-quest-10.com/detail/a00745.html,/storage/images/monsters/668.webp,-,-,2026-03-12 14:09:03,2026-07-27 14:20:41
669,712,ドラゴンライダー,ドラゴンライダー,Dragon Rider,ドラゴン系,Dragon,0,,https://www.d-quest-10.com/detail/a00732.html,/storage/images/monsters/669.webp,その名の通りドラゴンを駆り 大空を翔ける戦士。,剣による攻撃だけでなく 竜のブレスにも注意が必要だ。,2026-03-12 14:09:06,2026-07-27 14:20:50
670,715,ヘルカッチャ・強,ヘルカッチャ・キョウ,Vicious Masqueraider,マシン系,Machine,0,,https://www.d-quest-10.com/detail/a00759.html,/storage/images/monsters/670.webp,ケタ違いの強さを持つ 邪悪な ヘルカッチャ。,赤く鋭い眼光には 激しい殺意が宿っている。,2026-03-12 14:09:09,2026-07-27 14:21:00
671,716,ベレス・強,ベレス・キョウ,Vicious Beleth,悪魔系,Demon,0,,https://www.d-quest-10.com/detail/a00739.html,/storage/images/monsters/671.webp,ケタ違いの強さを持つ 邪悪な ベレス。,赤く鋭い眼光には 激しい殺意が宿っている。,2026-03-12 14:09:13,2026-07-27 14:21:03
672,717,テンタクルス,テンタクルス,Squidzilla,水系,Aquatic,0,,https://www.d-quest-10.com/detail/a00587.html,/storage/images/monsters/672.webp,多足を活かして連続こうげきや回転アタックを仕掛けてくるおそるべき海の悪魔。船を沈めるのが生きがい。,青白く発光するボディはテンタクルスにとって自慢。ついつい不要に光っては海の生物をおびえさせている。,2026-03-12 14:09:16,2026-07-27 14:21:06
673,724,ホワイトパンサー,ホワイトパンサー,Silver Sabrecat,獣系,Beast,0,,https://www.d-quest-10.com/detail/a00777.html,/storage/images/monsters/673.webp,純白の体毛が美しいが とてつもなく凶暴な獣。,痛恨の一撃をくり出し 葬った獲物は数知れず。,2026-03-12 14:09:19,2026-07-27 14:21:26
674,725,ブラックドラゴン,ブラックドラゴン,Black Dragon,ドラゴン系,Dragon,0,,https://www.d-quest-10.com/detail/a00574.html,/storage/images/monsters/674.webp,常闇の竜と呼ばれる存在の末裔たる凶悪なドラゴン。,やみのブレスや呪文に加え巨体を活かした強烈な攻撃も。,2026-03-12 14:09:22,2026-07-27 14:21:29
675,726,フェアリーバット,フェアリーバット,Fruity Succubat,鳥系,Bird,0,,https://www.d-quest-10.com/detail/a00754.html,/storage/images/monsters/675.webp,魔物らしからぬ魅惑的な姿で 冒険者を油断させ 愛きょうを,ふりまきメロメロにする。狡知に長けた魔物である。,2026-03-12 14:09:25,2026-07-27 14:21:33
676,728,メカジラフ,メカジラフ,Gearaffe,マシン系,Machine,0,,https://www.d-quest-10.com/detail/a00755.html,/storage/images/monsters/676.webp,修理いらずで数千年もの間 稼働できる驚異の耐久性。,魔界技術の粋をつめ込んだ 頑強無比の戦闘マシン。,2026-03-12 14:09:28,2026-07-27 14:21:39
677,729,グレイトドラゴン,グレイトドラゴン,Great Dragon,ドラゴン系,Dragon,0,,https://www.d-quest-10.com/detail/a00596.html,/storage/images/monsters/677.webp,いにしえの時代から息づく竜たちの英雄。黄金色の身体に月日をかけて霊光を貯め込み強烈なひかりのブレスを放つ。,ドラゴンキッズに聞いた将来なりたい竜ランキングで,2026-03-12 14:09:31,2026-07-27 14:21:42
678,730,ゴーレム・強,ゴーレム・キョウ,Vicious Golem,物質系,Material,0,,https://www.d-quest-10.com/detail/a00697.html,/storage/images/monsters/678.webp,ケタ違いの強さを持つ 邪悪な ゴーレム。,赤く鋭い眼光には 激しい殺意が宿っている。,2026-03-12 14:09:35,2026-07-27 14:21:46
679,737,ビッグファング,ビッグファング,Crocodog,ドラゴン系,Dragon,0,,https://www.d-quest-10.com/detail/a00714.html,/storage/images/monsters/679.webp,ニヒルな笑みを浮かべると 鋭くとがった牙がギラリ。,巨体から放つボディプレスや テールスイングも脅威。,2026-03-12 14:09:38,2026-07-27 14:22:09
680,738,ハーベストドラゴ,ハーベストドラゴ,Harvest Dragon,ドラゴン系,Dragon,0,,https://www.d-quest-10.com/detail/a00771.html,/storage/images/monsters/680.webp,黄金の大樹を 背に生やす竜。バイキルトで攻撃力を高めて,巨体で たたきつぶしてくる。やけつくいきにも要注意だ。,2026-03-12 14:09:41,2026-07-27 14:22:12
681,739,デスマドモアゼル,デスマドモアゼル,Golden Girl,物質系,Material,0,,https://www.d-quest-10.com/detail/a00794.html,/storage/images/monsters/681.webp,敵対する相手をも 魅了してしまう魔性の人形。,もてあそぶのに飽きると 死の呪文で命を奪う。,2026-03-12 14:09:44,2026-07-27 14:22:16
682,740,クラーゴン,クラーゴン,Tentacular,水系,Aquatic,0,,https://www.d-quest-10.com/detail/a00689.html,/storage/images/monsters/682.webp,イカに似た巨体の持ち主で おそるべき海の怪物として,伝承に語りつがれる。9本の触手が最大の武器。,2026-03-12 14:09:47,2026-07-27 14:22:19
683,745,バザックス・強,バザックス・キョウ,Vicious Tyrannoceratops,獣系,Beast,0,,https://www.d-quest-10.com/detail/a00721.html,/storage/images/monsters/683.webp,ケタ違いの強さを持つ 邪悪な バザックス。,赤く鋭い眼光には 激しい殺意が宿っている。,2026-03-12 14:09:50,2026-07-27 14:22:34
684,753,グレンデル,グレンデル,Thwarthog,獣系,Beast,0,,https://www.d-quest-10.com/detail/a00787.html,/storage/images/monsters/684.webp,-,-,2026-03-12 14:09:55,2026-07-27 14:23:00
685,755,死のさそり,シノサソリ,Death Scorpion,虫系,Insect,0,,https://www.d-quest-10.com/detail/a00764.html,/storage/images/monsters/685.webp,姿を見た者に死を招くと 言われる恐ろしいさそり。,するどい針のひと刺しで 息の根を止める殺し屋。,2026-03-12 14:09:59,2026-07-27 14:23:07
686,763,シャイニング・強,シャイニング・キョウ,Vicious Spitnik,エレメント系,Elemental,0,,https://www.d-quest-10.com/detail/a00758.html,/storage/images/monsters/686.webp,ケタ違いの強さを持つ 邪悪な シャイニング。,赤く鋭い眼光には 激しい殺意が宿っている。,2026-03-12 14:10:02,2026-07-27 14:23:32
687,714,ブラッドレディ,ブラッドレディ,Vampire Succubat,鳥系,Bird,0,,https://www.d-quest-10.com/detail/a00763.html,/storage/images/monsters/687.webp,滴りおちる血のように 赤い翼を持つ美しき妖魔。,桃色の嵐を巻き起こし 相手を骨抜きにする。,2026-03-12 14:10:05,2026-07-27 14:20:57
688,781,ジェイドマスク,ジェイドマスク,Jade Moai,物質系,Material,0,,https://www.d-quest-10.com/detail/a00770.html,/storage/images/monsters/688.webp,ヒスイで作られた 巨大な顔面の彫刻の魔物。,その輝きはすべてを 凍りつかせるほどの荘厳さ。,2026-03-12 14:10:08,2026-07-27 14:24:29
689,788,キングスライム・強,キングスライム・キョウ,Vicious King Slime,スライム系,Slime,0,,https://www.d-quest-10.com/detail/a00725.html,/storage/images/monsters/689.webp,ケタ違いの強さを持つ 邪悪な キングスライム。,赤く鋭い眼光には 激しい殺意が宿っている。,2026-03-12 14:10:11,2026-07-27 14:24:51
690,789,りゅうぐう王,リュウグウオウ,Nessicure,ドラゴン系,Dragon,0,,https://www.d-quest-10.com/detail/a00586.html,/storage/images/monsters/690.webp,深海の支配者と恐れられるどう猛な海竜の王。凍てついた氷の精神を持ち冷気を宿す攻撃を得意とする。,リュウグウノツカイという魚を自分の臣下だと思っているが実際にはなんの関係もない。じつは悲しい裸の王様だった。,2026-03-12 14:10:14,2026-07-27 14:24:54
691,797,キングリザード・強,キングリザード・キョウ,Vicious Liege Lizard,ドラゴン系,Dragon,0,,https://www.d-quest-10.com/detail/a00757.html,/storage/images/monsters/691.webp,ケタ違いの強さを持つ 邪悪な キングリザード。,赤く鋭い眼光には 激しい殺意が宿っている。,2026-03-12 14:10:18,2026-07-27 14:25:20
692,802,キラーマシン・強,キラーマシン・キョウ,Vicious Killing Machine,マシン系,Machine,0,,https://www.d-quest-10.com/detail/a00670.html,/storage/images/monsters/692.webp,ケタ違いの強さを持つ 邪悪な キラーマシン。,赤く鋭い眼光には 激しい殺意が宿っている。,2026-03-12 14:10:21,2026-07-27 14:25:35
693,805,ギガントモンキー,ギガントモンキー,Gigant Gorilla,獣系,Beast,0,,https://www.d-quest-10.com/detail/a00776.html,/storage/images/monsters/693.webp,巨大なサルのような姿だが ドラゴンだという説もある。,呪文も使うが腕力に 訴えるほうを好むようだ。,2026-03-12 14:10:24,2026-07-27 14:25:45
694,806,まおうのつかい・強,マオウノツカイ・キョウ,Vicious Demon-at-arms,ゾンビ系,Undead,0,,https://www.d-quest-10.com/detail/a00696.html,/storage/images/monsters/694.webp,ケタ違いの強さを持つ 邪悪な まおうのつかい。,赤く鋭い眼光には 激しい殺意が宿っている。,2026-03-12 14:10:28,2026-07-27 14:25:48
695,807,ライオネック,ライオネック,Hyperanemon,悪魔系,Demon,0,,https://www.d-quest-10.com/detail/a00720.html,/storage/images/monsters/695.webp,強烈なバギクロスで 敵を一気になぎ倒す,冷酷非情な 悪魔界の エリート・オブ・エリート。,2026-03-12 14:10:33,2026-07-27 14:25:51
696,809,ギガンテス・強,ギガンテス・キョウ,Vicious Gigantes,悪魔系,Demon,0,,https://www.d-quest-10.com/detail/a00662.html,/storage/images/monsters/696.webp,ケタ違いの強さを持つ 邪悪な ギガンテス。,赤く鋭い眼光には 激しい殺意が宿っている。,2026-03-12 14:10:36,2026-07-27 14:25:57
697,812,デュラハーン,デュラハーン,Dullahan,ゾンビ系,Undead,0,,https://www.d-quest-10.com/detail/a00707.html,/storage/images/monsters/697.webp,冥界の首なし騎士。バイキルトで強化してから,ふりまわされる鉄球は 多くの首級を挙げてきた。,2026-03-12 14:10:41,2026-07-27 14:26:07
698,818,ミミック・強,ミミック・キョウ,Vicious Mimic,物質系,Material,0,,https://www.d-quest-10.com/detail/a00695.html,/storage/images/monsters/698.webp,ケタ違いの強さを持つ 邪悪な ミミック。,赤く鋭い眼光には 激しい殺意が宿っている。,2026-03-12 14:10:45,2026-07-27 14:26:26
699,820,ダークトロル,ダークトロル,Terror Troll,悪魔系,Demon,0,,https://www.d-quest-10.com/detail/a00719.html,/storage/images/monsters/699.webp,幾多の罪なき命を奪い続け 悪に染まりきったトロル。,自らをバイキルトで強化し 痛恨の一撃で相手を粉砕する。,2026-03-12 14:10:48,2026-07-27 14:26:32
700,825,闇のキリンジ,ヤミノキリンジ,Dark Giraffe,獣系,Beast,0,,https://www.d-quest-10.com/detail/a00693.html,/storage/images/monsters/700.webp,幼い頃から将来を期待されたジラフ族の天才児だったが,長ずるにつれ闇に惹かれて 道を踏み外してしまった。,2026-03-12 14:10:51,2026-07-27 14:26:48
701,826,スケアフレイル,スケアフレイル,Dark Dullahan,ゾンビ系,Undead,0,,https://www.d-quest-10.com/detail/a00750.html,/storage/images/monsters/701.webp,首をハネられて絶命した騎士が 悪霊となってよみがえった。,ヘルサークルで相手を弱め 鉄球で粉砕する戦法を好む。,2026-03-12 14:10:54,2026-07-27 14:26:51
702,827,ドラゴンゾンビ・強,ドラゴンゾンビ・キョウ,Vicious Dragon Zombie,ドラゴン系,Dragon,0,,https://www.d-quest-10.com/detail/a00687.html,/storage/images/monsters/702.webp,ケタ違いの強さを持つ 邪悪な ドラゴンゾンビ。,赤く鋭い眼光には 激しい殺意が宿っている。,2026-03-12 14:10:57,2026-07-27 14:26:54
703,814,ギガントヒルズ・強,ギガントヒルズ・キョウ,Vicious Drakularge,ドラゴン系,Dragon,0,,https://www.d-quest-10.com/detail/a00744.html,/storage/images/monsters/703.webp,ケタ違いの強さを持つ 邪悪な ギガントヒルズ。,赤く鋭い眼光には 激しい殺意が宿っている。,2026-03-12 14:11:00,2026-07-27 14:26:13
704,821,ホワイトジャッジ,ホワイトジャッジ,White Clubber,ドラゴン系,Dragon,0,,https://www.d-quest-10.com/detail/a00762.html,/storage/images/monsters/704.webp,好敵手を求めて さまよい 出会いし者に戦いを挑む。,資格なき者とみなしたならば 死の裁きを下すのだ。,2026-03-12 14:11:03,2026-07-27 14:26:35
705,828,ダークパラディン,ダークパラディン,Paladead,ゾンビ系,Undead,0,,https://www.d-quest-10.com/detail/a00730.html,/storage/images/monsters/705.webp,闇の法と秩序を守ることに 誓いを立てた悪霊の騎士。,手にした盾を守りだけでなく 攻撃に使うことがある。,2026-03-12 14:11:06,2026-07-27 14:26:57
706,829,プラチナミミック,プラチナミミック,Platinum Mimic,物質系,Material,0,,https://www.d-quest-10.com/detail/a00798.html,/storage/images/monsters/706.webp,豪華な見た目の宝箱に 擬態する魔物。欲に駆られて,箱を開けようとする旅人を 致命的な攻撃で仕留める。,2026-03-12 14:11:09,2026-07-27 14:27:00
707,830,キースドラゴン,キースドラゴン,Blue Dragon,ドラゴン系,Dragon,0,,https://www.d-quest-10.com/detail/a00786.html,/storage/images/monsters/707.webp,いにしえより生き続けてきた 青いウロコを持つドラゴン。,炎と氷のブレスを使い分け 歯向かう者を粉々にかみ砕く。,2026-03-12 14:11:12,2026-07-27 14:27:04
708,833,ヘルガーディアン,ヘルガーディアン,Hell's Gatekeeper,ゾンビ系,Undead,0,,https://www.d-quest-10.com/detail/a00793.html,/storage/images/monsters/708.webp,地獄の首なし騎士。 バイキルトをとなえ,チカラをためて鉄球を振り回し 敵対する者を血祭りに上げる。,2026-03-12 14:11:15,2026-07-27 14:27:13
709,840,ダークネビュラス,ダークネビュラス,Dark Nebulus,マシン系,Machine,0,,https://www.d-quest-10.com/detail/a00495.html,/storage/images/monsters/709.webp,古代アラハギーロの魔の遺産。現代では再現不能な技術で造られた強力無比なミサイルは標的を跡形もなく蒸発させる。,古代王国を守護する最終兵器として作り出されたが今はピラミッドの地下をただ1機徘徊するのみである。,2026-03-12 14:11:18,2026-07-27 14:27:35
710,841,キラークリムゾン,キラークリムゾン,Crimson Killing Machine,マシン系,Machine,0,,https://www.d-quest-10.com/detail/a00541.html,/storage/images/monsters/710.webp,炎の領界を徘徊している唯一無二の超高性能マシン。,冷酷なるグランドインパクトで群がる敵を一網打尽にする。,2026-03-12 14:11:22,2026-07-27 14:27:38
711,842,大魔獣イーギュア,ダイマジュウイーギュア,Giga Rapscallion,獣系,Beast,0,,https://www.d-quest-10.com/detail/a00564.html,/storage/images/monsters/711.webp,魔獣イーギュアよりも巨大で残忍さと狡猾さを備えている。白霜の流氷野をうろついて獲物をはげしく斬り裂くのだ。,じつは家出息子を探している頑固一徹のイーギュア父。,2026-03-12 14:11:26,2026-07-27 14:27:42
712,953,アークデーモン,アークデーモン,Archdemon,悪魔系,Demon,0,,https://www.d-quest-10.com/detail/a00001.html,/storage/images/monsters/712.webp,姿を見た者は生きて帰れないそんな逸話を持つ大悪魔。イオナズンを唱えた後にはチリすら残らないという。,悪魔軍団の炊き出し番長。手にした巨大フォークで大量の具材を混ぜ合わせ暗黒汁をふるまってくれる。,2026-03-12 14:11:29,2026-07-27 14:32:23
713,1037,ギガデーモン,ギガデーモン,Pruslas,ドラゴン系,Dragon,0,,https://www.d-quest-10.com/detail/a00598.html,/storage/images/monsters/713.webp,巨大な身体をゆらしながら手にした棍棒ですべてをたたきつぶす凶悪な魔物。青き魔獣の異名を持つ。,ある儀式をすることで呼びだすことができるがそのときの彼はすこぶるきげんが悪い。注意しよう。,2026-03-12 14:11:32,2026-07-27 14:32:26
714,1534,プラチナキング,プラチナキング,Platinum King Jewel,スライム系,Slime,0,,https://www.d-quest-10.com/detail/a00605.html,,,,2026-03-12 14:11:36,2026-07-27 12:50:18
715,1047,異形獣,イギョウジュウ,Hexabeast,物質系,Material,0,,https://www.d-quest-10.com/detail/a00618.html,/storage/images/monsters/715.webp,,,2026-03-12 14:11:39,2026-07-27 12:50:18
716,850,ツンドラキー,ツンドラキー,Tundracky,鳥系,Bird,1,11,https://dragon-quest.jp/ten/monster/tensei.php,/storage/images/monsters/716.webp,-,-,2026-03-12 14:11:42,2026-07-27 14:27:48
717,851,大ナスビナーラ,ダイナスビナーラ,Big Woebergine,植物系,Plant,1,5,https://dragon-quest.jp/ten/monster/tensei.php,/storage/images/monsters/717.webp,品種改良を重ねられたジャンボナスビナーラ。,格段に大きくなったものの性格や戦い方は相変わらず。,2026-03-12 14:11:44,2026-07-27 14:27:51
718,852,つむりんママ,ツムリンママ,Mama Snail Slime,スライム系,Slime,1,20,https://dragon-quest.jp/ten/monster/tensei.php,/storage/images/monsters/718.webp,のんびり屋で おおらかなスライムつむりの お母さん。,ただし びっくりさせると雷を落としちゃうぞ！,2026-03-12 14:11:48,2026-07-27 14:27:54
719,853,ミケまどう,ミケマドウ,Caticonjurer,獣系,Beast,1,17,https://dragon-quest.jp/ten/monster/tensei.php,/storage/images/monsters/719.webp,にくきゅうの杖のチカラでねこまどうがミケ猫チェンジ！,愛と勇気のメラミで 並みいる敵を 一網打尽にするのだ。,2026-03-12 14:11:51,2026-07-27 14:27:58
720,854,キラーピッケル,キラーピッケル,Maniacal Mole,獣系,Beast,1,21,https://dragon-quest.jp/ten/monster/tensei.php,/storage/images/monsters/720.webp,血と汗がにじんだピッケルを握りしめ 地下を見守る魔獣。,工事のジャマをする旅人にはチカラをためて 鉄槌を下す。,2026-03-12 14:11:56,2026-07-27 14:28:01
721,855,マーブルン,マーブルン,Kaleidocat,獣系,Beast,1,13,https://dragon-quest.jp/ten/monster/tensei.php,/storage/images/monsters/721.webp,カラフルなシマ模様が自慢のすごく めずらしい猫魔族。,気まぐれにメラを唱えたりペロペロなめまわしたりする。,2026-03-12 14:11:59,2026-07-27 14:28:04
722,857,メタルホイミン,メタルホイミン,Metal Healie,スライム系,Slime,1,31,https://dragon-quest.jp/ten/monster/tensei.php,/storage/images/monsters/722.webp,全身がメタルボディに変化した奇跡のホイミスライム。,仲間たちを いやしながら華麗に逃げてゆく。,2026-03-12 14:12:02,2026-07-27 14:28:10
723,858,メタルトリュフ,メタルトリュフ,Metal Truffle Slime,スライム系,Slime,1,257,https://dragon-quest.jp/ten/monster/tensei.php,/storage/images/monsters/723.webp,あのメタルスライムのボディに謎のキノコが生えてきた！,胞子をバラまきながらさっそうと逃げていく。,2026-03-12 14:12:07,2026-07-27 14:28:13
724,859,キョンシーゴースト,キョンシーゴースト,Jiangshi Ghost,ゾンビ系,Undead,1,19,https://dragon-quest.jp/ten/monster/tensei.php,/storage/images/monsters/724.webp,何の取り柄もないゴーストが 奇妙な術をほどこされて,呪文を使うのが得意なイケてるゴーストに転生した。,2026-03-12 14:12:10,2026-07-27 14:28:16
725,860,さくらこぞう,サクラコゾウ,Scary Blossom,植物系,Plant,1,40,https://dragon-quest.jp/ten/monster/tensei.php,/storage/images/monsters/725.webp,舞い落ちた桜の花びらに美に魅せられた邪鬼が宿った。,魅惑のおどりで旅人を魅了しチカラをためて おそいかかる。,2026-03-12 14:12:13,2026-07-27 14:28:20
726,861,とげこんぼう,トゲコンボウ,Spiked Club,怪人系,Humanoid,1,33,https://dragon-quest.jp/ten/monster/tensei.php,/storage/images/monsters/726.webp,旅人を 地獄に突きおとすおそろしい処刑人。,特製の トゲつき棍棒で痛恨の一撃を お見舞いする。,2026-03-12 14:12:16,2026-07-27 14:28:23
727,863,レッドアーチャー,レッドアーチャー,Bodkin Bloodbow,怪人系,Humanoid,1,35,https://dragon-quest.jp/ten/monster/tensei.php,/storage/images/monsters/727.webp,血に染まった 赤いフードをまぶかにかぶる 邪悪な射手。,ただひたすら 一心不乱にさみだれうちを放ちまくる。,2026-03-12 14:12:19,2026-07-27 14:28:26
728,864,シールドあにき,シールドアニキ,Shield Superior,怪人系,Humanoid,1,43,https://dragon-quest.jp/ten/monster/tensei.php,/storage/images/monsters/728.webp,立派なちょんまげのはえたこぞうたちの頼れる あにき。,その堅い守りにかけては右に出る こぞうはいない！,2026-03-12 14:12:22,2026-07-27 14:28:29
729,865,サンバ・デ・ビーク,サンバ・デ・ビーク,Samba de Beak,鳥系,Bird,1,46,https://dragon-quest.jp/ten/monster/tensei.php,/storage/images/monsters/729.webp,華麗な羽根飾りを身にまとう 魔物界のファッションリーダー,……と思ってるのは本人だけで その派手さに周りは引き気味。,2026-03-12 14:12:25,2026-07-27 14:28:32
730,867,ゴールデンコーン,ゴールデンコーン,24-Carrot Bunicorn,獣系,Beast,1,48,https://dragon-quest.jp/ten/monster/tensei.php,/storage/images/monsters/730.webp,金色に輝く 毛並みとツノがひときわ目立つ ウサギの魔物。,かわいい見た目とは 裏腹に血眼になって 獲物を求める。,2026-03-12 14:12:28,2026-07-27 14:28:39
731,868,聖銀のどくろあらい,セイギンノドクロアライ,Silver Haardvark,獣系,Beast,1,41,https://dragon-quest.jp/ten/monster/tensei.php,/storage/images/monsters/731.webp,聖銀のメタルボディに変化したとても希少な どくろあらい。,珠玉の逃げ足と豪華な経験値が冒険者たちのウワサの的に。,2026-03-12 14:12:31,2026-07-27 14:28:42
732,869,ももいろ三姉妹,モモイロサンシマイ,Slime Sisters,スライム系,Slime,1,85,https://dragon-quest.jp/ten/monster/tensei.php,/storage/images/monsters/732.webp,桃色スライム３人娘が結成した魔物界のアイドルユニット。,十八番の ももいろシャワーはファン感涙のパフォーマンス！,2026-03-12 14:12:34,2026-07-27 14:28:45
733,870,アメジストクラブ,アメジストクラブ,Amethyst Crab,水系,Aquatic,1,70,https://dragon-quest.jp/ten/monster/tensei.php,/storage/images/monsters/733.webp,背中に紫水晶を背負った カニ魔物界のセレブリティ。,ゴージャスレインで盛大にバラまいても気にしない。,2026-03-12 14:12:38,2026-07-27 14:28:48
734,871,ファイアボール,ファイアボール,Fire Ball,マシン系,Machine,1,76,https://dragon-quest.jp/ten/monster/tensei.php,/storage/images/monsters/734.webp,火の玉のように空を翔ける赤き鳥型の殺人マシン。,翼からメラストームを放ち自爆ダンスで大爆発！,2026-03-12 14:12:41,2026-07-27 14:28:51
735,872,ハートナイト,ハートナイト,Snooty Slime Knight,スライム系,Slime,1,84,https://dragon-quest.jp/ten/monster/tensei.php,/storage/images/monsters/735.webp,ピンクのスライムに またがり華麗な剣技を披露して女子のハートを わしづかみ。小柄な身体のダテ男。,毎日 かぶとのタテガミにクシを入れるのを 欠かさない重度の ナルシスト。相棒のスライムは呆れている。,2026-03-12 14:12:44,2026-07-27 14:28:54
736,873,クイーンモーモン,クイーンモーモン,Queenie Sanguini,悪魔系,Demon,1,89,https://dragon-quest.jp/ten/monster/tensei.php,/storage/images/monsters/736.webp,伝説の楽園モーモン王国から迷い込んだ フワフワ女王様。,たたかいのうたを可憐に歌いモーモンたちを奮い立たせる。,2026-03-12 14:12:47,2026-07-27 14:28:58
737,874,スウィートバッグ,スウィートバッグ,Bag o' Sweets,物質系,Material,1,95,https://dragon-quest.jp/ten/monster/tensei.php,/storage/images/monsters/737.webp,お菓子好きの魔女が作りだした 袋の魔物。,ピンチに おちいるとハッスルダンスを踊る。,2026-03-12 14:12:50,2026-07-27 14:29:01
738,877,アルケミストン,アルケミストン,Sham Hamwitch,獣系,Beast,1,100,https://dragon-quest.jp/ten/monster/tensei.php,/storage/images/monsters/738.webp,禁忌の錬金術を身につけたいまわしい ブタの魔物。,やみのブレスや呪いのきりで世に災いをもたらす。,2026-03-12 14:12:53,2026-07-27 14:29:07
739,878,セクシーキャット,セクシーキャット,Sexy Cat,獣系,Beast,1,123,https://dragon-quest.jp/ten/monster/tensei.php,/storage/images/monsters/739.webp,魅惑のおどりで魅了して ねこだましで意外性を,演出することも忘れない 自称小悪魔系の猫魔族。,2026-03-12 14:12:56,2026-07-27 14:29:10
740,879,プリティフライ,プリティフライ,Pretty Cat,獣系,Beast,1,123,https://dragon-quest.jp/ten/monster/tensei.php,/storage/images/monsters/740.webp,ハッスルダンスで回復して つるぎの舞の攻撃力で,頼りになるところも見せつける 自称いやし系の猫魔族。,2026-03-12 14:12:59,2026-07-27 14:29:13
741,880,のろいの岩,ノロイノイワ,Dreadrock,物質系,Material,1,126,https://dragon-quest.jp/ten/monster/tensei.php,/storage/images/monsters/741.webp,普段はのろのろ転がるだけの怠惰な生活を送っているが一度獲物をロックオンすると我が身を削って打ち負かす。,のろいの岩と出会った者は一生その笑顔が脳裏に焼きついて離れないという呪いにかけられるらしい。,2026-03-12 14:13:02,2026-07-27 14:29:16
742,881,ピンクボンボン,ピンクボンボン,Pink Bonbon,獣系,Beast,1,119,https://dragon-quest.jp/ten/monster/tensei.php,/storage/images/monsters/742.webp,ハッスルダンスやおうえんで仲間をサポートするなかなかやっかいなモンスター界のアイドル。,足の裏に血マメができるまでひたむきにダンス練習を続けるど根性アイドルであることをファンたちはまだ知らない…。,2026-03-12 14:13:05,2026-07-27 14:29:20
743,882,マッドスミス,マッドスミス,Lumberin' Jack,ゾンビ系,Undead,1,130,https://dragon-quest.jp/ten/monster/tensei.php,/storage/images/monsters/743.webp,腐りただれた身体をひきずりガスをはきちらすゾンビ。毒マヒ呪いをもたらすおそろしい冥界の使者。,生き別れた恋人を探して長い間さまよっていた。そのうち自我を忘れ冥界に堕ちこんな姿に。,2026-03-12 14:13:09,2026-07-27 14:29:23
744,883,ユキフル,ユキフル,Snowball,植物系,Plant,1,138,https://dragon-quest.jp/ten/monster/tensei.php,/storage/images/monsters/744.webp,雪がふるとたまに現れる妖精。ピョンピョン跳ねて楽しげだが 炎の呪文を使う魔法使いが大の苦手で常に警戒している。,クリスマスにユキフルの長靴を家においておくと 翌朝必ずプレゼントが入っていると子供たちにもっぱらのウワサ。,2026-03-12 14:13:11,2026-07-27 14:29:26
745,884,ちょうろうじゅ,チョウロウジュ,Antiquitree,植物系,Plant,1,136,https://dragon-quest.jp/ten/monster/tensei.php,/storage/images/monsters/745.webp,何千年も生き邪悪な知識を身につけた魔界の霊木。,高度な呪文を使いこなし混沌と破滅をまきちらす。,2026-03-12 14:13:17,2026-07-27 14:29:29
746,885,ほねリーダー,ホネリーダー,Bone Idol,ゾンビ系,Undead,1,145,https://dragon-quest.jp/ten/monster/tensei.php,/storage/images/monsters/746.webp,ほねコウモリ戦隊を率いる赤きリーダーが帰還！魅惑のまなざしで魅了し必殺のバギマでとどめを刺す！,リーダーとしての資質に悩み骨休めしたこともあった。しかし燃える熱血魂が彼を現世に呼び戻した！,2026-03-12 14:13:20,2026-07-27 14:29:32
747,886,メーダプリンス,メーダプリンス,Lunatick Prince,虫系,Insect,1,161,https://dragon-quest.jp/ten/monster/tensei.php,/storage/images/monsters/747.webp,大きな王冠を頭に載せたメーダ界の王子さま。サラブレッドらしく多彩な技を身に着けている。,メーダロードとクインの間に生まれた由緒正しい血筋。気品ある涼し気なまなざしにシビれる女性も多いとか。,2026-03-12 14:13:23,2026-07-27 14:29:35
748,888,レッドバロン,レッドバロン,Red Baron,悪魔系,Demon,1,177,https://dragon-quest.jp/ten/monster/tensei.php,/storage/images/monsters/748.webp,魔王に絶対の忠誠を誓う高貴な血筋の大悪魔。ぶきみなひかりで敵を弱らせ凶悪な呪文をはなつ。,レッドバロンは何千年と続く由緒正しい悪魔の貴族。人間の断末魔を音楽にして混沌の美酒に酔いしれる。,2026-03-12 14:13:26,2026-07-27 14:29:42
749,890,チョコヌーバ,チョコヌーバ,Fudgeraker,エレメント系,Elemental,1,188,https://dragon-quest.jp/ten/monster/tensei.php,/storage/images/monsters/749.webp,ドロドロに溶けているチョコレートの魔物。ジバリカを唱えて罠をはりかかった旅人に猛烈アタック！,２月の特別なあの日にチョコをもらえなかった男子たちの怨念によりこの魔物は生まれたという…。,2026-03-12 14:13:29,2026-07-27 14:29:45
750,892,モテモテ,モテモテ,popular,獣系,Beast,1,195,https://dragon-quest.jp/ten/monster/tensei.php,/storage/images/monsters/750.webp,トロピカルな雰囲気ただようイケてるデザートゴースト。にぶそうに見せかけてフットワークも軽やか。,日に焼けてボサボサだった毛にドワチャカオイルをぬったら全身がコンガリ小麦色に！以来モテモテ人生が始まった。,2026-03-12 14:13:32,2026-07-27 14:29:51
751,894,リトルライバーン,リトルライバーン,Little Wyvern,ドラゴン系,Dragon,1,202,https://dragon-quest.jp/ten/monster/tensei.php,/storage/images/monsters/751.webp,ドラゴンキッズのタマゴにまぎれて生まれてきたいにしえの翼竜の子供。ちょっぴり迷子ぎみ。,兄弟のドラゴンキッズにいじめられたりしてひとり涙をこらえながら大空を飛ぶ日を夢にみる。,2026-03-12 14:13:36,2026-07-27 14:29:54
752,896,ローズプリンセス,ローズプリンセス,Rose Princess,植物系,Plant,1,210,https://dragon-quest.jp/ten/monster/tensei.php,/storage/images/monsters/752.webp,-,-,2026-03-12 14:13:39,2026-07-27 14:30:01
753,897,ワイヤーマン,ワイヤーマン,Wire Man,物質系,Material,1,204,https://dragon-quest.jp/ten/monster/tensei.php,/storage/images/monsters/753.webp,狭い隙間からスルッと現れるヒモ魔物のヒーロー。かたいロープを投げつけ身動きを取れなくしてくる。,かたく結ばれてるのはロープだけじゃない！絆の戦士ワイヤーマン！というセリフと共に現れる。,2026-03-12 14:13:42,2026-07-27 14:30:04
754,898,モッツァレーラ,モッツァレーラ,Fromage Flay,物質系,Material,1,226,https://dragon-quest.jp/ten/monster/tensei.php,/storage/images/monsters/754.webp,フォンデュが長生きした結果クセのない味に変化した。食の研究に余念がない生粋のなめまわシスト。,自身の美味しさには自信があり特にオリーブオイルをからめたバジルとトマトとの相性はバツグンだとか。,2026-03-12 14:13:44,2026-07-27 14:30:07
755,899,死のカラステング,シノカラステング,Death Crow,鳥系,Bird,1,231,https://dragon-quest.jp/ten/monster/tensei.php,/storage/images/monsters/755.webp,深い深い山奥で修行していたテングが人里に舞い降りた。自慢の扇をひと振りすれば死の旋風が巻き起こる。,いろいろと理由はつけているが結局のところ修行が嫌になって山を下りたようだ。妖術自慢でかなりテングになっている。,2026-03-12 14:13:47,2026-07-27 14:30:11
756,900,ムーンキメラ,ムーンキメラ,Lunar Chimaera,鳥系,Bird,1,240,https://dragon-quest.jp/ten/monster/tensei.php,/storage/images/monsters/756.webp,月が満ち欠けするように光と闇の魔力を増減させてブレス攻撃をしかけてくる凶悪な鳥モンスター。,新月の日は月に一度だけのムーンキメラの貴重な休日。常に羽ばたき続けているのでこの日ばかりは羽を伸ばす。,2026-03-12 14:13:50,2026-07-27 14:30:14
757,901,ニードルうさこ,ニードルウサコ,Needle Rabbit,物質系,Material,1,241,https://dragon-quest.jp/ten/monster/tensei.php,/storage/images/monsters/757.webp,おどろくとトゲが飛び出すやっかいな体質のうさぎ。不用意に近づくと刺されるが敵意があるとは限らない。,目が合うだけで逃げ出すほど気が小さい恥ずかしがり屋。すぐ物陰に隠れてしまうのでなかなか遭遇できないらしい。,2026-03-12 14:13:53,2026-07-27 14:30:17
758,903,アスラ王,アスラオウ,Asura King,ゾンビ系,Undead,1,295,https://dragon-quest.jp/ten/monster/tensei.php,/storage/images/monsters/758.webp,正義を愛した太古の王の像に邪悪な魂が乗りうつった。ゆがんだ正義はただ争いを求め殺りくの化身に成り果てた。,残虐非道な殺りくの数々を見たボーンファイターたちに戦いの神と崇められている。王は今日も修羅の道をゆく。,2026-03-12 14:13:56,2026-07-27 14:30:23
759,904,ベビンゴサタン,ベビンゴサタン,Lil' Tyke,悪魔系,Demon,1,272,https://dragon-quest.jp/ten/monster/tensei.php,/storage/images/monsters/759.webp,ビンゴ好きのベビーサタンが連戦連勝を重ねた末に変身！幸運を呼ぶ福式呼吸で放つハッピーブレスが得意ワザ。,突けば突くほどツキを呼ぶ左手のフォークは縁起物。ビンゴに勝てるとウワサが流れ突かれたがる冒険者続出中！,2026-03-12 14:14:00,2026-07-27 14:30:26
760,905,シュバルツシュルト,シュバルツシュルト,Schwarzchuld,物質系,Material,1,279,https://dragon-quest.jp/ten/monster/tensei.php,/storage/images/monsters/760.webp,正確無比な剣技に加えスクルトで防御もバッチリ。攻防ともに秀でた漆黒のエリート騎士。,いかずちを落とす修行を長きにわたり続けた結果ヨロイがコゲてしまった。この黒さは努力の証なのだ。,2026-03-12 14:14:03,2026-07-27 14:30:29
761,906,ゴールドマント,ゴールドマント,Gold Mantle,ゾンビ系,Undead,1,280,https://dragon-quest.jp/ten/monster/tensei.php,/storage/images/monsters/761.webp,とある滅びた王国の王が身につけていたマントに魂が乗りうつった。亡き王は静かに剣をかかげる。,王の証だった黄金のマントは妬みを生み呪術師の手でマントに魂が縛られるよう呪いをかけられてしまった。,2026-03-12 14:14:06,2026-07-27 14:30:33
762,907,マッドレインボー,マッドレインボー,Rainbow Mannequin,物質系,Material,1,246,https://dragon-quest.jp/ten/monster/tensei.php,/storage/images/monsters/762.webp,虹色のボディが自慢。ふしぎなおどりが得意だが強力な爆発呪文も好んで使う見た目通りのハデ好き。,長く生きたどろにんぎょうの泥が固まり風雨にみがかれこの輝きが得られるという。一説では百年かかるらしい。,2026-03-12 14:14:09,2026-07-27 14:30:36
763,908,ゼブラマンティス,ゼブラマンティス,Zebra Mantis,虫系,Insect,1,297,https://dragon-quest.jp/ten/monster/tensei.php,/storage/images/monsters/763.webp,ビビッドな白黒模様がまぶしいマシン化されたカマキリ。キャノン砲とそこから放つ閃光弾に気をつけよう。,白黒の塗装は集団での戦闘で幻惑効果を発揮するのだが塗り替えが手作業で大変なため量産化には至っていない。,2026-03-12 14:14:12,2026-07-27 14:30:39
764,909,オリエンタシス,オリエンタシス,Orientall,物質系,Material,1,306,https://dragon-quest.jp/ten/monster/tensei.php,/storage/images/monsters/764.webp,東方の香りがただよう神秘的で玄妙な動きで敵を死の世界へいざなう恐怖のダンスマスター。,もとはただのエンタシスマン。若い頃東方の国へ渡りその地の踊りに魅せられて修行の末マスターとなった。,2026-03-12 14:14:15,2026-07-27 14:30:42
765,910,パラディノス,パラディノス,Paladinsaurus,ドラゴン系,Dragon,1,310,https://dragon-quest.jp/ten/monster/tensei.php,/storage/images/monsters/765.webp,自前のうろこが硬質化して 独特な輝きを放つようになり まるで聖なるよろいを着ているかのように見える。,竜の聖騎士の異名を持ち 讃えられるパラディノスは 見た目だけでなく戦い方も気高く ほこり高い。,2026-03-12 14:14:18,2026-07-27 14:30:45
766,911,ゴーストベリー,ゴーストベリー,Hellbound Harvester,物質系,Material,1,312,https://dragon-quest.jp/ten/monster/tensei.php,/storage/images/monsters/766.webp,暗い性格を克服しすっかり明るくなったやみしばり。今日も歓喜のおたけびを上げ魅惑の踊りで朝までコース。,気になるあの子に好かれるため見た目をイメチェンしてみたら性格まで明るくなっちゃった。愛のチカラってすごい！！,2026-03-12 14:14:20,2026-07-27 14:30:48
767,912,エンゼルアーマー,エンゼルアーマー,Angelarmour,物質系,Material,1,313,https://dragon-quest.jp/ten/monster/tensei.php,/storage/images/monsters/767.webp,聖なる攻撃を受けるうちに 邪悪な怨念が打ち消され 代わりに聖なるチカラが宿った世にも珍しいデビルアーマー。,エンゼルだからと言って優しいなんてことは一切なく 平気で超協力な攻撃をブチかましてくるのでご用心。,2026-03-12 14:14:23,2026-07-27 14:30:51
768,913,アカツキショウグン,アカツキショウグン,Mandrake Murderer,ドラゴン系,Dragon,1,319,https://dragon-quest.jp/ten/monster/tensei.php,/storage/images/monsters/768.webp,まばゆいほどに純白の神秘的なシュプリンガー。縁起のいい魔物としてまつる地方もあるのだとか。,神聖視されることに反発していた時期もある。目のキズやタトゥーはグレてた頃の名残りらしい。,2026-03-12 14:14:26,2026-07-27 14:30:55
769,914,ドラゴメタル,ドラゴメタル,Metal Dragon Slime,スライム系,Slime,1,429,https://dragon-quest.jp/ten/monster/tensei.php,/storage/images/monsters/769.webp,強力な息攻撃に回復呪文まであわせもった優秀な戦士。,おまけに経験値も高いというスライム界のカリスマ的存在。,2026-03-12 14:14:30,2026-07-27 14:30:58
770,915,ブロンドボーイ,ブロンドボーイ,Blondie,獣系,Beast,1,324,https://dragon-quest.jp/ten/monster/tensei.php,/storage/images/monsters/770.webp,ワインレッドのボディに黄金のたてがみが生えニヒルな笑みから牙がのぞく魔獣界のオシャレ番長。,やたらと凶暴ぶって誰彼かまわずかみつくのはボーイと呼ばれるのが不満でイライラしているせいだとか。,2026-03-12 14:14:33,2026-07-27 14:31:01
771,916,ピンキーパンサー,ピンキーパンサー,Pink Sabrecat,獣系,Beast,1,302,https://dragon-quest.jp/ten/monster/tensei.php,/storage/images/monsters/771.webp,全身にハートの柄を散りばめた愛らしい見た目に反し どう猛さと高い身体能力はキラーパンサーの比ではない。,しあわせな恋をした分だけハートの柄がふえていくと言われているが なぜか本人は独り身であるらしい。,2026-03-12 14:14:36,2026-07-27 14:31:04
772,917,タイプG,タイプG,Type G0,マシン系,Machine,1,314,https://dragon-quest.jp/ten/monster/tensei.php,/storage/images/monsters/772.webp,キラーマシンに改良を重ね開発された最新型マシン。弓や剣の攻撃だけではなく残虐性までパワーアップ！,タイプＧの「Ｇ」の意味は公表されていないがじつは中におジーちゃんが入っているというウワサも…。,2026-03-12 14:14:39,2026-07-27 14:31:07
773,918,デビルロード,デビルロード,Batmandrill,悪魔系,Demon,1,322,https://dragon-quest.jp/ten/monster/tensei.php,/storage/images/monsters/773.webp,メラガイアーやしゃくねつで辺り一面を焼け野原にしさらにメガンテまで唱えてくる悪夢のようなピンクの悪魔。,千年生きたピンクモーモンが心根まで血に染まって変化した姿なのだと主張するインチキ学者もいるらしい。,2026-03-12 14:14:44,2026-07-27 14:31:10
774,919,ゴールデンディスコ,ゴールデンディスコ,Golden Disco,物質系,Material,1,351,https://dragon-quest.jp/ten/monster/tensei.php,/storage/images/monsters/774.webp,陽気でハデ好きな性格だが 戦いでは様々な表情を見せる。,時には重々しい態度で他者を威圧することも。,2026-03-12 14:14:48,2026-07-27 14:31:13
775,920,とろろ将軍,トロロショウグン,Singin' Hibiscus,水系,Aquatic,1,360,https://dragon-quest.jp/ten/monster/tensei.php,/storage/images/monsters/775.webp,まりょくのうたを歌ってこうげき魔力を上げてからの氷の呪文はかなりの威力。こんぶ大将を呼びだすことも。,長く生きたこんぶ大将からあふれだしたエキスがとろとろと全身をおおったとき彼が誕生するという。,2026-03-12 14:14:51,2026-07-27 14:31:17
776,921,まかいしつじ,マカイシツジ,Hell's Steward,怪人系,Humanoid,1,367,https://dragon-quest.jp/ten/monster/tensei.php,/storage/images/monsters/776.webp,魔王に忠誠を捧げ身の回りの世話をする悪魔。ザオラルをたしなみ細やかな心配りを見せる。,魔王様のスケジュールや体調管理をするやり手執事。最近はアルバイトでカフェの給仕もこなすとか。,2026-03-12 14:14:53,2026-07-27 14:31:20
777,922,キャプテンドラゴ,キャプテンドラゴ,Captain Drago,ドラゴン系,Dragon,1,374,https://dragon-quest.jp/ten/monster/tensei.php,/storage/images/monsters/777.webp,ハッピーブレスと光のブレスを使い分ける気分屋のドラゴン。どちらにしても食らう方はたまったものではない。,魔物サッカー界では名キャプテンとして名を馳せる。いなずまシュートで活躍し魔王杯ＭＶＰに輝いたことも。,2026-03-12 14:14:57,2026-07-27 14:31:23
778,923,シャドーノーブル,シャドーノーブル,Shadow Noble,ゾンビ系,Undead,1,334,https://dragon-quest.jp/ten/monster/tensei.php,/storage/images/monsters/778.webp,闇の奥底で生まれた影をまとう高貴なる黒騎士。得意のさみだれ突きで周囲を一瞬で死の世界に変える。,草木も眠るような真夜中に訪ねてきて戸をたたく。うっかり扉を開けた者は影だけ残し消えるという。,2026-03-12 14:15:00,2026-07-27 14:31:26
779,924,もじゃらきラクーン,モジャラキラクーン,Raccoon Platypunk,獣系,Beast,1,459,https://dragon-quest.jp/ten/monster/tensei.php,/storage/images/monsters/779.webp,ももんじゃ界の飲んだくれ。各地の宴会に顔を出しては,歌うわ踊るわバギムーチョをブッ放すわの大暴れを重ねる。,2026-03-12 14:15:03,2026-07-27 14:31:29
780,925,しろバラのきし,シロバラノキシ,White Rose Knight,悪魔系,Demon,1,470,https://dragon-quest.jp/ten/monster/tensei.php,/storage/images/monsters/780.webp,咲き誇る白バラのごとく高潔な志を持った謎の騎士。テンションバーンを使い攻撃を受けるたび強くなる。,何者にも屈さぬ気高さと仮面の下の美しき素顔により白バラ様ともてはやされ魔物系女子に大人気だ。,2026-03-12 14:15:07,2026-07-27 14:31:32
781,926,ジラフシスター,ジラフシスター,Giraffe Sister,獣系,Beast,1,497,https://dragon-quest.jp/ten/monster/tensei.php,/storage/images/monsters/781.webp,座右の銘は 強さと美しさ！棍の道を極めし者の動きは魅了の舞となって 敵すらも見とれさせるという。,オフの日には 戦いのメイクを落とし ゆるふわスタイルでお忍び散歩がお気に入り。あ 今日はバトルNGで！,2026-03-12 14:15:09,2026-07-27 14:31:35
782,927,シャコウ鬼神,シャコウキジン,Fierce Figure,物質系,Material,1,488,https://dragon-quest.jp/ten/monster/tensei.php,/storage/images/monsters/782.webp,よこしまな悪霊を宿す人形。あやしいひとみを光らせながら混乱や眠りで敵を無力化する状態異常のエキスパートだ。,もともとは恋愛成就の願いを願掛けする祭具だったのだが 成就どころか破局を呼び寄せ恐怖の別れさせ屋と呼ばれた。,2026-03-12 14:15:12,2026-07-27 14:31:39
783,928,じごくのドアボーイ,ジゴクノドアボーイ,Hell's Bellboy,怪人系,Humanoid,1,550,https://dragon-quest.jp/ten/monster/tensei.php,/storage/images/monsters/783.webp,地獄の門を開け閉めしてくれる礼儀正しい紳士な魔物。見かけによらぬ温厚な人柄だが怒ると扉ではさんでくる。,誰であろうと地獄に招き入れるウェルカム精神の持ち主。頑固なじごくのもんばんとはわかりあえないと思っている。,2026-03-12 14:15:15,2026-07-27 14:31:42
784,929,アスタロト,アスタロト,Harmachis,悪魔系,Demon,1,485,https://dragon-quest.jp/ten/monster/tensei.php,/storage/images/monsters/784.webp,あらゆる悪魔が足もとにひれ伏すとされる邪教の神。メラガイアーで獄炎に包み生ける者を根絶やしにする。,この世の終末に地の底からアスタロトが大挙して現れ世界を無に帰すというおそろしい言い伝えがある。,2026-03-12 14:15:18,2026-07-27 14:31:45
785,930,デザートデーモン,デザートデーモン,Dessert Demon,悪魔系,Demon,1,712,https://dragon-quest.jp/ten/monster/tensei.php,/storage/images/monsters/785.webp,巨大なスプーンを手にしたスイーツ好きの大悪魔。,同族の悪魔の中では慈悲深く 人格者として知られる。,2026-03-12 14:15:21,2026-07-27 14:31:48
786,931,とうぞくこぞう,トウゾクコゾウ,Pilferer,怪人系,Humanoid,1,523,https://dragon-quest.jp/ten/monster/tensei.php,/storage/images/monsters/786.webp,バーサーカーとして生まれたが仲間たちほどはっちゃけられずオノをこんぼうに持ち替え顔を覆面で隠して生きている。,覆面で顔を隠すことで彼の中の何かが解放された。,2026-03-12 14:15:24,2026-07-27 14:31:51
787,932,キングエレファント,キングエレファント,Elephant King,獣系,Beast,1,510,https://dragon-quest.jp/ten/monster/tensei.php,/storage/images/monsters/787.webp,もともとは聖獣として崇拝されていた象の魔物。ベホマラーを使えるのは聖獣だったころの名残。,仲間の象たちの牙を狙うハンターへの怒りが積もり積もって怨念と化し聖獣を魔獣へと変えた。,2026-03-12 14:15:27,2026-07-27 14:31:54
788,934,パンプキャビネット,パンプキャビネット,Pumpkabinet,物質系,Material,1,563,https://dragon-quest.jp/ten/monster/tensei.php,/storage/images/monsters/788.webp,ハロウィンの仮装をしたお祭り好きのたんすミミック。,ハイになっている分 暴れていると手が付けられない。,2026-03-12 14:15:30,2026-07-27 14:32:01
789,936,ドラゴントイズ,ドラゴントイズ,Clockwyrm,マシン系,Machine,1,530,https://dragon-quest.jp/ten/monster/tensei.php,/storage/images/monsters/789.webp,カラフルでポップな見た目だが ケタ外れの殺傷力を持つ兵器。,外見にだまされ 油断した敵をおもちゃにして もてあそぶ,2026-03-12 14:15:33,2026-07-27 14:32:07
790,937,あらくれパンダ,アラクレパンダ,Ursa Panda,獣系,Beast,1,565,https://dragon-quest.jp/ten/monster/tensei.php,/storage/images/monsters/790.webp,血の気が多すぎる巨大パンダ。 目があった者を敵とみなし,強力なツメの一撃で 何もかも引き裂いてしまう。,2026-03-12 14:15:36,2026-07-27 14:32:10
791,938,ネリもののふ,ネリモノノフ,Squash Samurai,物質系,Material,1,569,https://dragon-quest.jp/ten/monster/tensei.php,/storage/images/monsters/791.webp,植物系のズッキーニャが どういうわけか物質系に転生。,出自の縁から用心棒として 雇われているらしい。,2026-03-12 14:15:44,2026-07-27 14:32:13
792,933,フギンムニン,フギンムニン,Dark Raven,鳥系,Bird,1,529,https://dragon-quest.jp/ten/monster/tensei.php,/storage/images/monsters/792.webp,優れた思考力と記憶力を持ち 手下のおおがらすを使って,方々のうわさ話を集めている 魔物界の情報マスター。,2026-03-12 14:15:46,2026-07-27 14:31:57
793,940,ガメゴンレジェンド,ガメゴンレジェンド,Wonder Wyrtle,ドラゴン系,Dragon,1,649,https://dragon-quest.jp/ten/monster/tensei.php,/storage/images/monsters/793.webp,ガメゴンロードの中に まれに生まれる突然変異種。 強烈ないなずまをあやつり立ちはだかる敵をなぎ倒す。,数々の偉業をなしとげたガメゴン族の英雄的存在で 中でも紅の死神との7日に渡る死闘は伝説として語られる。,2026-03-12 14:15:50,2026-07-27 14:32:19
795,862,アゲアゲラーバ,アゲアゲラーバ,Pricklepillar,虫系,Insect,1,39,https://dragon-quest.jp/ten/monster/tensei.php,/storage/images/monsters/795.webp,,,2026-03-12 19:27:44,2026-07-27 12:50:18
796,939,あやシイタケ,アヤシイタケ,Suspishiitake,植物系,Plant,1,537,https://dragon-quest.jp/ten/monster/tensei.php,/storage/images/monsters/796.webp,-,-,2026-03-12 19:28:18,2026-07-27 14:32:16
797,813,暗黒の使い,アンコクノツカイ,Servant of Dark,ゾンビ系,Undead,0,,https://draquex.com/monster/a-106.php,/storage/images/monsters/797.webp,変幻自在に動く4本のウデから くり出される連続攻撃で,あっという間に敵を葬り去る 暗黒の仕事人。,2026-03-12 19:28:42,2026-07-27 14:26:10
798,866,ウールギズモ,ウールギズモ,Woolmaulus,エレメント系,Elemental,1,47,https://dragon-quest.jp/ten/monster/tensei.php,/storage/images/monsters/798.webp,刈られた羊毛が風に飛ばされ 寄り集まり 丸裸にされた,羊の怨念を宿すことで モンスターと化した。,2026-03-12 19:29:35,2026-07-27 14:28:36
799,741,ウパソルジャー,ウパソルジャー,Wooper Trooper,水系,Aquatic,0,,https://draquex.com/monster/a-111.php,/storage/images/monsters/799.webp,みずみずしい身体をした ウーパールーパーの戦士。,剣と盾の扱いは 一流の戦士をしのぐほど。,2026-03-12 19:29:47,2026-07-27 14:22:22
800,769,エンペラーレグホン,エンペラーレグホン,Longhorn Leghorn,鳥系,Bird,0,,https://draquex.com/monster/a-108.php,/storage/images/monsters/800.webp,その真っ赤な尾羽にふさわしい 灼熱の業火の使い手。,これまで数多の冒険者を ギラグレイドで葬ってきた。,2026-03-12 19:30:17,2026-07-27 14:23:51
801,692,おおきづち・祖,オオキヅチ・ソ,Ancestral Hammerhood,怪人系,Humanoid,0,,https://draquex.com/monster/a-109.php,/storage/images/monsters/801.webp,誰もがよく知っている おおきづちの原種。,緑のオーラをまとった身体には 強い攻撃本能が宿っている。,2026-03-12 19:30:30,2026-07-27 14:19:46
802,727,おばけキノコ・祖,オバケキノコ・ソ,Ancestral Funghoul,植物系,Plant,0,,https://draquex.com/monster/a-110.php,/storage/images/monsters/802.webp,誰もがよく知っている おばけキノコの原種。,緑のオーラをまとった身体には 強い攻撃本能が宿っている。,2026-03-12 19:31:08,2026-07-27 14:21:36
803,771,がいこつ・祖,ガイコツ・ソ,Ancestral Skeleton,ゾンビ系,Undead,0,,https://draquex.com/monster/k-141.php,/storage/images/monsters/803.webp,誰もがよく知っている がいこつの原種。,緑のオーラをまとった身体には 強い攻撃本能が宿っている。,2026-03-12 19:31:39,2026-07-27 14:23:57
804,758,かいぞくウーパー,カイゾクウーパー,Salamarauder,水系,Aquatic,0,,https://draquex.com/monster/k-146.php,/storage/images/monsters/804.webp,兵士を辞めて海賊に転職した熟練のウパソルジャー。,剣技だけでなく様々な戦法を身につけた歴戦の猛者なのだ。,2026-03-12 19:31:43,2026-07-27 14:23:16
805,779,かげのきし・祖,カゲノキシ・ソ,Ancestral Dark Skeleton,ゾンビ系,Undead,0,,https://draquex.com/monster/mon-114.php,/storage/images/monsters/805.webp,誰もがよく知っている かげのきしの原種。,緑のオーラをまとった身体には 強い攻撃本能が宿っている。,2026-03-12 19:31:49,2026-07-27 14:24:22
806,681,ガチャコッコ・祖,ガチャコッコ・ソ,Ancestral Clockwork Cuckoo,マシン系,Machine,0,,https://draquex.com/monster/k-142.php,/storage/images/monsters/806.webp,誰もがよく知っている ガチャコッコの原種。,緑のオーラをまとった身体には 強い攻撃本能が宿っている。,2026-03-12 19:31:54,2026-07-27 14:19:10
807,748,かまいたち,カマイタチ,Cyclown,エレメント系,Elemental,0,,https://draquex.com/monster/mon-110.php,/storage/images/monsters/807.webp,竜巻を身にまとう風の化身。どんなに はげしい竜巻でも,目にも止まらぬ速さで操り 自分の住処にしてしまう。,2026-03-12 19:32:10,2026-07-27 14:22:44
808,694,キメラ・祖,キメラ・ソ,Ancestral Chimaera,鳥系,Bird,0,,https://draquex.com/monster/mon-115.php,/storage/images/monsters/808.webp,誰もがよく知っている キメラの原種。,緑のオーラをまとった身体には 強い攻撃本能が宿っている。,2026-03-12 19:33:03,2026-07-27 14:19:52
809,759,キラーアーマー・祖,キラーアーマー・ソ,Ancestral Lethal Armour,物質系,Material,0,,https://draquex.com/monster/mon-116.php,/storage/images/monsters/809.webp,誰もがよく知っている キラーアーマーの原種。,緑のオーラをまとった身体には 強い攻撃本能が宿っている。,2026-03-12 19:33:24,2026-07-27 14:23:19
810,835,キラーシーカー,キラーシーカー,Killing Seeker,マシン系,Machine,0,,https://draquex.com/monster/k-138.php,/storage/images/monsters/810.webp,狙った獲物は必ず殺す エリート殺りくマシン。,大地の衝撃で相手を転ばせ こちらの動くを封じてくる。,2026-03-12 19:33:31,2026-07-27 14:27:23
811,816,キラーマシン・祖,キラーマシン・ソ,Ancestral Killing Machine,マシン系,Machine,0,,https://draquex.com/monster/mon-117.php,/storage/images/monsters/811.webp,誰もがよく知っている キラーマシンの原種。,緑のオーラをまとった身体には 強い攻撃本能が宿っている。,2026-03-12 19:33:55,2026-07-27 14:26:19
812,798,キングスライム・祖,キングスライム・ソ,Ancestral King Slime,スライム系,Slime,0,,https://draquex.com/monster/mon-118.php,/storage/images/monsters/812.webp,誰もがよく知っている キングスライムの原種。,緑のオーラをまとった身体には 強い攻撃本能が宿っている。,2026-03-12 19:34:15,2026-07-27 14:25:23
813,875,クラゲぼうや,クラゲボウヤ,Jellyfish Kid,水系,Aquatic,1,97,https://dragon-quest.jp/ten/monster/tensei.php,/storage/images/monsters/813.webp,しびれくらげとは全く別種の クラゲの化身モンスター。,ぼうやと呼ばれているが これですでに成体らしい。,2026-03-12 19:34:49,2026-07-27 14:29:04
814,772,くらやみ僧正,クラヤミソウジョウ,Dark Dominie,あくま系,Demon,0,,https://draquex.com/monster/mon-101.php,/storage/images/monsters/814.webp,信仰の道に入ったが 修行に耐えきれず闇に取り込まれて,魔物と化した。修行中の僧侶を挫折させることが生きがい。,2026-03-12 19:34:51,2026-07-27 14:24:00
815,834,グリーンボーン,グリーンボーン,Greenbone,ゾンビ系,Undead,0,,https://draquex.com/monster/k-139.php,/storage/images/monsters/815.webp,もうどくのきりで敵を弱らせ やいばのぼうぎょで時間を稼ぐ,いやらしい戦法の使い手。性格の悪さは折り紙付きだ。,2026-03-12 19:35:01,2026-07-27 14:27:16
816,625,クリオネオン,クリオネオン,Luminous Lampling,物質系,Material,0,,https://draquex.com/monster/k-148.php,/storage/images/monsters/816.webp,抱える水色の炎は超高熱で ここからベギラゴンを放つ。,じつは命の炎で 消えると死んでしまうというウサワも。,2026-03-12 19:35:04,2026-07-27 14:16:14
817,765,グリズリー,グリズリー,Ursa Major,けもの系,Beast,0,,https://draquex.com/monster/k-143.php,/storage/images/monsters/817.webp,クマの中でも特に狂暴な種。その痛恨のいちげきは,あらゆるものを粉砕する。出会ったら死を覚悟すべし。,2026-03-12 19:35:12,2026-07-27 14:23:38
818,815,くろがねの巨人,クロガネノキョジン,Darksteel Giant,物質系,Material,0,,https://draquex.com/monster/k-144.php,/storage/images/monsters/818.webp,一流の職人に鍛え抜かれた 鋼鉄の身体を持つ巨人。,黒光りする拳から放たれる 一撃は石垣をも粉砕する。,2026-03-12 19:35:32,2026-07-27 14:26:16
819,718,ぐんたいガニ・祖,グンタイガニ・ソ,Ancestral Crabid,水系,Aquatic,0,,https://draquex.com/monster/k-145.php,/storage/images/monsters/819.webp,誰もがよく知っている ぐんたいガニの原種。,緑のオーラをまとった身体には 強い攻撃本能が宿っている。,2026-03-12 19:35:43,2026-07-27 14:21:09
820,942,ゴールデンゴーレム,ゴールデンゴーレム,Balhib,あくま系,Demon,0,,https://draquex.com/monster/k-108.php,,,,2026-03-12 19:36:22,2026-07-27 12:50:18
821,65,ゴールデンパペット,ゴールデンパペット,Gold-Plated Puppet,物質系,Material,0,,https://draquex.com/monster/k-92.php,/storage/images/monsters/821.webp,,,2026-03-12 19:36:33,2026-07-27 12:50:18
822,78,ゴールデンボックス,ゴールデンボックス,Golden Box,物質系,Material,0,,https://draquex.com/monster/k-93.php,/storage/images/monsters/822.webp,ピラミッドに隠されている秘宝に宿るという魔物。ザラキーマを唱え死を振りまきほくそ笑みながら逃げていく。,かつて秘宝の守護者は黄金の秘宝を守るために宝箱に呪いをかけた。今も呪いは盗掘者を毒牙にかける。,2026-03-12 19:36:35,2026-07-27 13:46:14
823,205,ゴーレム,ゴーレム,Golem,物質系,Material,0,,https://draquex.com/monster/k-97.php,/storage/images/monsters/823.webp,魔物たちの手によって土くれから作られた魔人。怒るとチカラをためまくってすさまじい攻撃をしかける。,平原で獲物を待っていると肩に小鳥が止まったりする。戦いばかりの人生だけどそんなひとときが少し幸せ。,2026-03-12 19:36:44,2026-07-27 13:53:28
824,744,ゴーレム・塔,ゴーレム・トウ,Tower Golem,物質系,Material,0,,https://draquex.com/monster/mon-131.php,/storage/images/monsters/824.webp,創失の塔内部で生み出された 捕食しあうよう定められた,悲しき魔物たち。その怨念は 巨大な創失波の糧となる。,2026-03-12 19:36:49,2026-07-27 14:22:31
825,762,コーンホワイト,コーンホワイト,Whitecorn,植物系,Plant,0,,https://draquex.com/monster/k-149.php,/storage/images/monsters/825.webp,マダム界隈でも一目置かれる美貌と品格の持ち主。,攻撃法さえもスイートかつゴージャスな究極のマダム。,2026-03-12 19:36:51,2026-07-27 14:23:29
826,617,コットンキャンディ,コットンキャンディ,Cotton Candy,エレメント系,Elemental,0,,https://draquex.com/monster/k-140.php,/storage/images/monsters/826.webp,ふわふわボディから 甘い香りが漂う,おいしそうな魔物。しかし 甘く見ると痛い目にあう。,2026-03-12 19:37:06,2026-07-27 14:15:48
827,943,災厄の尖兵,サイヤクノセンペイ,Calamity Guard,ゾンビ系,Undead,0,,https://draquex.com/monster/s-92.php,,,,2026-03-12 19:37:33,2026-07-27 12:50:18
828,801,ジア・デーモン,ジア・デーモン,Dia Demon,物質系,Material,0,,https://draquex.com/monster/s-121.php,/storage/images/monsters/828.webp,ジア・クトの放つ結晶化の光に適応した キラーデーモン。,元の魔物を はるかに凌駕する能力と凶暴性で 襲ってくる。,2026-03-12 19:38:14,2026-07-27 14:25:32
829,562,ジア・メーダ,ジア・メーダ,Dia Lunatick,物質系,Material,0,,https://draquex.com/monster/s-122.php,/storage/images/monsters/829.webp,ジア・クトの放つ結晶化の光に適応した メーダ。,元の魔物を はるかに凌駕する能力と凶暴性で 襲ってくる。,2026-03-12 19:38:16,2026-07-27 14:12:41
830,661,ジェイドウォリアー,ジェイドウォリアー,Jade Warrior,エレメント系,Elemental,0,,https://draquex.com/monster/s-123.php,/storage/images/monsters/830.webp,この世を焼き尽くさんとする はた迷惑な魔炎の戦士。,アシッドブレスと火炎弾を使い分け 攻撃してくる。,2026-03-12 19:38:32,2026-07-27 14:18:07
831,895,ジェントルダンス,ジェントルダンス,Gentle Gentleman,あくま系,Demon,1,217,https://dragon-quest.jp/ten/monster/tensei.php,/storage/images/monsters/831.webp,魔物紳士録にも載っている 悪魔の紳士。そのダンスは,多彩かつ華麗でジェントルの なんたるかを教えてくれる。,2026-03-12 19:38:40,2026-07-27 14:29:58
832,768,しにがみ,シニガミ,Mean Spirit,ゾンビ系,Undead,0,,https://draquex.com/monster/s-129.php,/storage/images/monsters/832.webp,多くの生者を死に追いやった ゆうれいが進化した存在。,ザキをあやつって さらなる死を振りまいてくる。,2026-03-12 19:39:01,2026-07-27 14:23:48
833,749,しびれあげは,シビレアゲハ,Dread Admiral,虫系,Insect,0,,https://draquex.com/monster/mon-119.php,/storage/images/monsters/833.webp,アゲハ蝶としてのプライドから ひとくいがやじんめんちょうに,優越感を抱いているが とこよアゲハには遠慮がち。,2026-03-12 19:39:19,2026-07-27 14:22:48
834,723,シャドーメイル,シャドーメイル,Darkmour,物質系,Material,0,,https://draquex.com/monster/mon-106.php,/storage/images/monsters/834.webp,グランゼニスの試練場に訪れる 勇者と大魔王の前に,立ちふさがる試練の魔物。 魔のチカラを宿している。,2026-03-12 19:39:49,2026-07-27 14:21:23
835,832,ジラフドラグーン,ジラフドラグーン,Giraffagoon,けもの系,Beast,0,,https://draquex.com/monster/mon-111.php,/storage/images/monsters/835.webp,100年に1匹の確率で 生まれる 選ばれしキリンが,1000歳まで生き延びた時 竜のチカラを得るという。,2026-03-12 19:40:05,2026-07-27 14:27:10
836,495,シルエト,シルエト,Silhouette,エレメント系,Elemental,0,,https://draquex.com/monster/h-134.php,/storage/images/monsters/836.webp,人々の嘆きと憎しみから生まれいづる幽鬼。死の呪文ザラキを唱え辺りを死の世界へと変える。,うすっぺらな身体がイヤでトレーニングで筋肉をつけてブ厚くなろうとしたが３日で断念した過去がある。,2026-03-12 19:40:12,2026-07-27 14:09:07
837,702,じんめんちょう,ジンメンチョウ,Batterfly,虫系,Insect,0,,https://draquex.com/monster/s-124.php,/storage/images/monsters/837.webp,インパクトのあるカオと 羽根の模様でヒトを惑わす蝶。,笑ったカオを見た者は 誰ひとり生きていないという。,2026-03-12 19:40:30,2026-07-27 14:20:18
838,935,スカラベテンツク,スカラベテンツク,Scarab Slugger,虫系,Insect,1,527,https://dragon-quest.jp/ten/monster/tensei.php,/storage/images/monsters/838.webp,甲虫を好んで食べ続けるうちに 突然変異したテンツクの一種。,普通のテンツクよりもちょっと 身体が硬くなっている。,2026-03-12 19:40:41,2026-07-27 14:32:04
839,719,ズッキーニャ・祖,ズッキーニャ・ソ,Ancestral Cruelcumber,植物系,Plant,0,,https://draquex.com/monster/s-125.php,/storage/images/monsters/839.webp,誰もがよく知っている ズッキーニャの原種。,緑のオーラをまとった身体には 強い攻撃本能が宿っている。,2026-03-12 19:41:01,2026-07-27 14:21:13
840,584,スピンサタン,スピンサタン,Dark Star,エレメント系,Elemental,0,,https://draquex.com/monster/s-120.php,/storage/images/monsters/840.webp,悪魔のように不気味に笑う闇の太陽。自身の周囲を回る,衛星とのコンビネーションで 周囲の敵を惑わせる。,2026-03-12 19:41:15,2026-07-27 14:13:51
841,653,スライム・祖,スライム・ソ,Ancestral Slime,スライム系,Slime,0,,https://draquex.com/monster/s-126.php,/storage/images/monsters/841.webp,誰もがよく知っている スライムの原種。,緑のオーラをまとった身体には 強い攻撃本能が宿っている。,2026-03-12 19:41:34,2026-07-27 14:17:42
842,660,スライムベス・祖,スライムベス・ソ,Ancestral She-Slime,スライム系,Slime,0,,https://draquex.com/monster/s-127.php,/storage/images/monsters/842.webp,誰もがよく知っている スライムベスの原種。,緑のオーラをまとった身体には 強い攻撃本能が宿っている。,2026-03-12 19:41:50,2026-07-27 14:18:04
843,645,スラマシンＺ,スラマシンズィー,Slimeborg Z,スライム系,Slime,0,,https://draquex.com/monster/s-119.php,/storage/images/monsters/843.webp,マッドな科学者に改造を 施されてしまったスライム。,最大出力の電圧で放つ ジゴデインに気をつけろ。,2026-03-12 19:41:59,2026-07-27 14:17:17
844,944,創失の帝国兵,ソウシツノテイコクヘイ,Unmade Soldier,？？？系,???,0,,https://draquex.com/monster/mon-120.php,/storage/images/monsters/844.webp,,,2026-03-12 19:42:13,2026-07-27 12:50:18
845,945,創失の帝国兵・上官,ソウシツノテイコクヘイ・ジョウカン,Unmade Elite,？？？系,???,0,,https://draquex.com/monster/mon-121.php,/storage/images/monsters/845.webp,,,2026-03-12 19:42:15,2026-07-27 12:50:18
846,767,ダークゲージ,ダークゲージ,Dark Cage,鳥系,Bird,0,,https://draquex.com/monster/t-129.php,/storage/images/monsters/846.webp,闇にまつわる技や呪文だけを習得した闇に魅せられし鳥。,クール＆スタイリッシュを 信条にしている。,2026-03-12 19:42:30,2026-07-27 14:23:44
847,275,ダークポックル,ダークポックル,Grim Grinner,怪人系,Humanoid,0,,https://draquex.com/monster/t-10.php,/storage/images/monsters/847.webp,守りをガチガチにかためている邪悪な精霊。たまに盾のクチからこごえるふぶきをはきだす。,代々盾コレクターの家系で実戦用観賞用保存用と目的別に使い分けるために同じ盾を複数所持している。,2026-03-12 19:42:54,2026-07-27 13:57:16
848,839,ダースドラゴン,ダースドラゴン,Dread Dragon,ドラゴン系,Dragon,0,,https://draquex.com/monster/t-118.php,/storage/images/monsters/848.webp,燃える炎の色のウロコを持つ灼熱のドラゴン。クチから,放たれる業火に焼かれた者は チリひとつも残らない。,2026-03-12 19:42:58,2026-07-27 14:27:20
849,777,ダースリカント,ダースリカント,Ursa Mega,けもの系,Beast,0,,https://draquex.com/monster/t-121.php,/storage/images/monsters/849.webp,冷静さと凶暴さを合わせ持つ 巨大なクマ。その体躯から,放たれる痛恨のいちげきは 相手に致命傷を与える,2026-03-12 19:43:00,2026-07-27 14:24:16
850,668,大王イカ・塔,ダイオウイカ・トウ,Tower King Squid,水系,Aquatic,0,,https://draquex.com/monster/mon-132.php,/storage/images/monsters/850.webp,創失の塔内部で生み出された 捕食しあうよう定められた,悲しき魔物たち。その怨念は 巨大な創失波の糧となる。,2026-03-12 19:43:09,2026-07-27 14:18:29
851,822,だいまじん・祖,ダイマジン・ソ,Ancestral Stone Guardian,物質系,Material,0,,https://draquex.com/monster/mon-122.php,/storage/images/monsters/851.webp,誰もがよく知っている だいまじんの原種。,緑のオーラをまとった身体には 強い攻撃本能が宿っている。,2026-03-12 19:43:22,2026-07-27 14:26:38
852,776,堕天のメイス,ダテンノメイス,Fallen Mace,ゾンビ系,Undead,0,,https://draquex.com/monster/mon-102.php,/storage/images/monsters/852.webp,ダークフォースをあやつり バギクロスで裁きを下して,敵に死の安息を与えんとする 堕落した魂のなれの果て。,2026-03-12 19:43:49,2026-07-27 14:24:13
853,682,タホドラキー・祖,タホドラキー・ソ,Ancestral Drackmage,鳥系,Bird,0,,https://draquex.com/monster/t-122.php,/storage/images/monsters/853.webp,誰もがよく知っている タホドラキーの原種。,緑のオーラをまとった身体には 強い攻撃本能が宿っている。,2026-03-12 19:43:54,2026-07-27 14:19:14
854,756,タホバルキー,タホバルキー,Jumbo Drackmage,鳥系,Bird,0,,https://draquex.com/monster/t-123.php,/storage/images/monsters/854.webp,タホドラキーの突然変異体。その豊満なボディを活かし,必殺のポヨロンプレスを 放ってくる。,2026-03-12 19:43:56,2026-07-27 14:23:10
855,585,ツイストサイダー,ツイストサイダー,Cool Whip,エレメント系,Elemental,0,,https://draquex.com/monster/t-119.php,/storage/images/monsters/855.webp,パチパチと弾ける 特殊なガスをその身に含んだ,雲のこども。吹き出す息は こごえるほどに刺激的。,2026-03-12 19:44:15,2026-07-27 14:13:54
856,699,つららわたり,ツララワタリ,Stalacticle,あくま系,Demon,0,,https://draquex.com/monster/mon-123.php,/storage/images/monsters/856.webp,雪山の洞くつで生まれたため 暗く寒いところを好む。,旅人を見つけては眠らせて 氷漬けにする意地の悪いヤツ。,2026-03-12 19:44:28,2026-07-27 14:20:08
857,783,デザートモデル,デザートモデル,Dune Stalker,マシン系,Machine,0,,https://draquex.com/monster/t-124.php,/storage/images/monsters/857.webp,砂漠での作戦遂行を目的とし 防塵機能を充実させた,破壊兵器。地平線に光る緑の モノアイは死を意味する。,2026-03-12 19:44:44,2026-07-27 14:24:35
858,705,てっこうまじん・祖,テッコウマジン・ソ,Ancestral Bad Karmour,物質系,Material,0,,https://draquex.com/monster/mon-124.php,/storage/images/monsters/858.webp,誰もがよく知っている てっこうまじんの原種。,緑のオーラをまとった身体には 強い攻撃本能が宿っている。,2026-03-12 19:45:17,2026-07-27 14:20:28
859,831,デンガー,デンガー,Prime Slime,スライム系,Slime,0,,https://draquex.com/monster/t-117.php,/storage/images/monsters/859.webp,黄金のスライムを駆る剣士。バイキルトと組み合わせた,剣戟のみならず広範囲に轟く いなずまなど戦法は多彩。,2026-03-12 19:45:45,2026-07-27 14:27:07
860,742,テンツク・祖,テンツク・ソ,Ancestral Slugger,虫系,Insect,0,,https://draquex.com/monster/t-125.php,/storage/images/monsters/860.webp,誰もがよく知っている テンツクの原種。,緑のオーラをまとった身体には 強い攻撃本能が宿っている。,2026-03-12 19:45:53,2026-07-27 14:22:25
861,747,てんとうスカラベ,テントウスカラベ,Spotted Scarab,虫系,Insect,0,,https://draquex.com/monster/mon-103.php,/storage/images/monsters/861.webp,毒々しい配色の甲殻を持つ 甲虫界のかぶき者。,吸血したり毒にしてきたり 攻撃手段もかぶいている。,2026-03-12 19:45:55,2026-07-27 14:22:41
862,720,どくやずきん・祖,ドクヤズキン・ソ,Ancestral Bodkin Fletcher,怪人系,Humanoid,0,,https://draquex.com/monster/t-126.php,/storage/images/monsters/862.webp,誰もがよく知っている どくやずきんの原種。,緑のオーラをまとった身体には 強い攻撃本能が宿っている。,2026-03-12 19:46:09,2026-07-27 14:21:16
863,736,とっしんこぞう,トッシンコゾウ,Chariot Chappie,物質系,Material,0,,https://draquex.com/monster/t-130.php,/storage/images/monsters/863.webp,スクルトで身体を硬くし 体当たりしてくる暴走野郎。,魔物界に運転免許があったら 確実に免停コースだろう。,2026-03-12 19:46:26,2026-07-27 14:22:05
864,655,ドラキー・祖,ドラキー・ソ,Ancestral Dracky,鳥系,Bird,0,,https://draquex.com/monster/t-127.php,/storage/images/monsters/864.webp,誰もがよく知っている ドラキーの原種。,緑のオーラをまとった身体には 強い攻撃本能が宿っている。,2026-03-12 19:46:34,2026-07-27 14:17:49
865,651,ドラグノワール,ドラグノワール,Dragonoir,ドラゴン系,Dragon,0,,https://draquex.com/monster/t-120.php,/storage/images/monsters/865.webp,ある強大なドラゴンの面影を宿した 漆黒の幼竜。,しゃくねつ かがやくいきで パーティ全体を苦しめる。,2026-03-12 19:46:39,2026-07-27 14:17:36
866,837,ドラゴン・塔,ドラゴン・トウ,Tower Green Dragon,ドラゴン系,Dragon,0,,https://draquex.com/monster/mon-133.php,/storage/images/monsters/866.webp,創失の塔内部で生み出された 捕食しあうよう定められた,悲しき魔物たち。その怨念は 巨大な創失波の糧となる。,2026-03-12 19:47:00,2026-07-27 14:27:29
867,836,ドリアンデッド,ドリアンデッド,Deadorian,ゾンビ系,Undead,0,,https://draquex.com/monster/t-128.php,/storage/images/monsters/867.webp,両手に持ったトゲトゲの盾で 多彩な技をくりだす,盾使いのスペシャリスト。攻撃は最大の防御がモットー。,2026-03-12 19:47:07,2026-07-27 14:27:26
868,893,トリケラン,トリケラン,Rad Racer,ドラゴン系,Dragon,1,197,https://dragon-quest.jp/ten/monster/tensei.php,/storage/images/monsters/868.webp,,,2026-03-12 19:47:11,2026-07-27 12:50:18
869,641,ドロヌーバ・塔,ドロヌーバ・トウ,Tower Mudraker,エレメント系,Elemental,0,,https://draquex.com/monster/mon-134.php,/storage/images/monsters/869.webp,創失の塔内部で生み出された 捕食しあうよう定められた,悲しき魔物たち。その怨念は 巨大な創失波の糧となる。,2026-03-12 19:47:26,2026-07-27 14:17:04
870,683,ねこまどう・祖,ネコマドウ・ソ,Ancestral Meowgician,けもの系,Beast,0,,https://draquex.com/monster/n-22.php,/storage/images/monsters/870.webp,誰もがよく知っている ねこまどうの原種。,緑のオーラをまとった身体には 強い攻撃本能が宿っている。,2026-03-12 19:48:23,2026-07-27 14:19:17
871,790,ノーライフロード,ノーライフロード,Lifeless Lord,ゾンビ系,Undead,0,,https://draquex.com/monster/n-23.php,/storage/images/monsters/871.webp,つらく苦しき生を終えた君主は 生きとし生けるもの全てに,死の苦役を課すため 永遠にさまよい続けるのだ。,2026-03-12 19:48:27,2026-07-27 14:24:58
872,754,ハデスナイト,ハデスナイト,Dread Dragooner,ドラゴン系,Dragon,0,,https://draquex.com/monster/h-169.php,/storage/images/monsters/872.webp,華麗にドラゴンを駆る 冥府より遣われし戦士。,生物を暗黒のきりで包み あの世へ連れさるという。,2026-03-12 19:49:06,2026-07-27 14:23:04
873,902,バロンシルエット,バロンシルエット,Baron Silhouette,エレメント系,Elemental,1,254,https://dragon-quest.jp/ten/monster/tensei.php,/storage/images/monsters/873.webp,爵位を持つ高貴な影魔物。 その顔立ちは壮麗かつ端正で,その眼差しは領民への慈悲に 満ちている……らしい。,2026-03-12 19:49:33,2026-07-27 14:30:20
874,876,ヒクイナドン,ヒクイナドン,Cassoflarey,鳥系,Bird,1,94,https://dragon-quest.jp/ten/monster/tensei.php,/storage/images/monsters/874.webp,,,2026-03-12 19:49:56,2026-07-27 12:50:18
875,731,ひとくいが,ヒトクイガ,Betterfly,虫系,Insect,0,,https://draquex.com/monster/h-171.php,/storage/images/monsters/875.webp,人喰いと呼ばれているが 実際にはそうでもない。,ただ魔物として恐れられるのは アリなので否定はしていない。,2026-03-12 19:50:21,2026-07-27 14:21:49
876,810,ひとくいばこ・祖,ヒトクイバコ・ソ,Ancestral Cannibox,物質系,Material,0,,https://draquex.com/monster/mon-126.php,/storage/images/monsters/876.webp,誰もがよく知っている ひとくいばこの原種。,緑のオーラをまとった身体には 強い攻撃本能が宿っている。,2026-03-12 19:50:28,2026-07-27 14:26:01
877,808,ビビッドヘッド,ビビッドヘッド,Marbled Moai,物質系,Material,0,,https://draquex.com/monster/h-172.php,/storage/images/monsters/877.webp,極彩色でカラーリングされた巨大な石頭。その圧倒的な,色彩の違和感でこちらの目をくらませ かく乱してくる。,2026-03-12 19:50:32,2026-07-27 14:25:54
878,760,飛竜・塔,ヒリュウ・トウ,Tower Flying Dragon,ドラゴン系,Dragon,0,,https://draquex.com/monster/mon-135.php,/storage/images/monsters/878.webp,創失の塔内部で生み出された 捕食しあうよう定められた,悲しき魔物たち。その怨念は 巨大な創失波の糧となる。,2026-03-12 19:50:38,2026-07-27 14:23:22
879,946,フーラズーラ,フーラズーラ,Fluzula,エレメント系,Elemental,0,,https://draquex.com/monster/h-178.php,,,,2026-03-12 19:51:03,2026-07-27 12:50:18
880,750,フォレドラ・塔,フォレドラ・トウ,Tower Forest Dragon,ドラゴン系,Dragon,0,,https://draquex.com/monster/mon-136.php,/storage/images/monsters/880.webp,創失の塔内部で生み出された 捕食しあうよう定められた,悲しき魔物たち。その怨念は 巨大な創失波の糧となる。,2026-03-12 19:51:17,2026-07-27 14:22:51
881,713,ブラウニー・祖,ブラウニー・ソ,Ancestral Brownie,怪人系,Humanoid,0,,https://draquex.com/monster/h-173.php,/storage/images/monsters/881.webp,誰もがよく知っている ブラウニーの原種。,緑のオーラをまとった身体には 強い攻撃本能が宿っている。,2026-03-12 19:51:54,2026-07-27 14:20:53
882,757,ブラッディ・ゼア,ブラッディ・ゼア,Bloody Maize,植物系,Plant,0,,https://draquex.com/monster/h-174.php,/storage/images/monsters/882.webp,まがまがしい深紅色に染まった どうもろこしの化身。,ミラクルブーストで冒険者の活力を吸い取り 骨抜きにする。,2026-03-12 19:52:11,2026-07-27 14:23:13
883,838,ブラッドエイプス,ブラッドエイプス,Scarlet Simian,けもの系,Beast,0,,https://draquex.com/monster/h-175.php,/storage/images/monsters/883.webp,飛竜を思わせる翼を生やした 巨大なサル。その剛腕で,身の丈を超える岩石を 軽々と投げつけてくる。,2026-03-12 19:52:13,2026-07-27 14:27:32
884,764,プリズンイーグル,プリズンイーグル,Prison Eagle,鳥系,Bird,0,,https://draquex.com/monster/h-176.php,/storage/images/monsters/884.webp,青い羽毛に黄金のカゴと一見 縁起がいいがイオナズンや,やけつくいきで攻撃されたら 不幸の青い鳥と感じるだろう。,2026-03-12 19:52:38,2026-07-27 14:23:35
885,887,ブルジョワハンド,ブルジョワハンド,Bourgeois Hand,物質系,Material,1,167,https://dragon-quest.jp/ten/monster/tensei.php,/storage/images/monsters/885.webp,高価な宝石付きの指輪や 有名ブランドの腕輪を,これ見よがしに身につけた イヤミな金持ち魔物。,2026-03-12 19:52:50,2026-07-27 14:29:38
886,644,フレイム・塔,フレイム・トウ,Tower Dancing Flame,エレメント系,Elemental,0,,https://draquex.com/monster/mon-137.php,/storage/images/monsters/886.webp,創失の塔内部で生み出された 捕食しあうよう定められた,悲しき魔物たち。その怨念は 巨大な創失波の糧となる。,2026-03-12 19:53:00,2026-07-27 14:17:14
887,804,ベスキング,ベスキング,King She-Slime,スライム系,Slime,0,,https://draquex.com/monster/h-177.php,/storage/images/monsters/887.webp,太陽のごとく輝くその身は 同胞スライム族への愛で満ち,頭上に輝く冠を支えるは 仲間を守りぬくという矜持。,2026-03-12 19:53:13,2026-07-27 14:25:42
888,817,ベヒードス・塔,ベヒードス・トウ,Tower Drakulurch,ドラゴン系,Dragon,0,,https://draquex.com/monster/mon-138.php,/storage/images/monsters/888.webp,創失の塔内部で生み出された 捕食しあうよう定められた,悲しき魔物たち。その怨念は 巨大な創失波の糧となる。,2026-03-12 19:53:24,2026-07-27 14:26:23
889,666,ホークマン・塔,ホークマン・トウ,Tower Hawk Man,鳥系,Bird,0,,https://draquex.com/monster/mon-139.php,/storage/images/monsters/889.webp,創失の塔内部で生み出された 捕食しあうよう定められた,悲しき魔物たち。その怨念は 巨大な創失波の糧となる。,2026-03-12 19:54:47,2026-07-27 14:18:23
890,670,マーブルヴォルク,マーブルヴォルク,Marble Volk,けもの系,Beast,0,,https://draquex.com/monster/m-91.php,/storage/images/monsters/890.webp,怒りにかられ動くモノすべてに 襲いかかる凶暴な猛獣。,鋭いツメでつうこんをくり出し 周囲の生物を根絶やしにする。,2026-03-12 19:55:30,2026-07-27 14:18:36
891,636,マダムコーン,マダムコーン,Maizetress,植物系,Plant,0,,https://draquex.com/monster/m-92.php,/storage/images/monsters/891.webp,黄金の粒がびっしり詰まった 豊満ボディが自慢のマダム。,くり出すゴージャスレインは とても甘くてとても痛い。,2026-03-12 19:56:08,2026-07-27 14:16:49
892,786,マタンゴ・祖,マタンゴ・ソ,Ancestral Morphean Mushroom,植物系,Plant,0,,https://draquex.com/monster/m-94.php,/storage/images/monsters/892.webp,誰もがよく知っている マタンゴの原種。,緑のオーラをまとった身体には 強い攻撃本能が宿っている。,2026-03-12 19:56:15,2026-07-27 14:24:44
893,491,マドハンド・強,マドハンド・キョウ,Vicious Muddy Hand,ゾンビ系,Undead,0,,https://draquex.com/monster/mon-107.php,/storage/images/monsters/893.webp,ケタ違いの強さを持つ 邪悪な マドハンド。,怪しくうごめく指先には 激しい殺意が宿っている。,2026-03-12 19:56:34,2026-07-27 14:08:54
894,621,マリンスライム・塔,マリンスライム・トウ,Tower Seaslime,水系,Aquatic,0,,https://draquex.com/monster/mon-140.php,/storage/images/monsters/894.webp,創失の塔内部で生み出された 捕食しあうよう定められた,悲しき魔物たち。その怨念は 巨大な創失波の糧となる。,2026-03-12 19:56:45,2026-07-27 14:16:01
895,610,まんじゅシャモン,マンジュシャモン,Shamanju,植物系,Plant,0,,https://draquex.com/monster/m-89.php,/storage/images/monsters/895.webp,まんじゅしゃげの花のような あざやかな真紅の身体が自慢。,妖しげな踊りで人を死へと誘う おぞましい一面をもつ。,2026-03-12 19:56:47,2026-07-27 14:15:26
896,704,ミーラカンス,ミーラカンス,Meeracanth,ゾンビ系,Undead,0,,https://draquex.com/monster/mon-113.php,/storage/images/monsters/896.webp,ゾンビ化した古代魚だが 太古にゾンビ化した魚なのか,生きていた古代魚が最近 ゾンビ化したものかは不明。,2026-03-12 19:56:51,2026-07-27 14:20:24
897,698,みならいあくま・祖,ミナライアクマ・ソ,Ancestral Winkster,あくま系,Demon,0,,https://draquex.com/monster/m-95.php,/storage/images/monsters/897.webp,誰もがよく知っている みならいあくまの原種。,緑のオーラをまとった身体には 強い攻撃本能が宿っている。,2026-03-12 19:57:08,2026-07-27 14:20:05
898,891,ミノカサハギン,ミノカサハギン,Lionfish Sahagin,水系,Aquatic,1,189,https://dragon-quest.jp/ten/monster/tensei.php,/storage/images/monsters/898.webp,シマシマ模様がイカした トがり気味の半魚人。,触る者みなキズつける ギザギザ背びれが自慢らしい。,2026-03-12 19:57:13,2026-07-27 14:29:48
899,675,むくろカサゴ,ムクロカサゴ,Corpse Cod,ゾンビ系,Undead,0,,https://draquex.com/monster/m-90.php,/storage/images/monsters/899.webp,冥界の海を泳ぐ魚の魔物。闇のチカラに満ちたブレスや,強烈ないなずまで襲いかかり 敵を死の淵へといざなう。,2026-03-12 19:57:22,2026-07-27 14:18:52
900,460,メラゴースト・塔,メラゴースト・トウ,Tower Firespirit,エレメント系,Elemental,0,,https://draquex.com/monster/mon-141.php,/storage/images/monsters/900.webp,創失の塔内部で生み出された 捕食しあうよう定められた,悲しき魔物たち。その怨念は 巨大な創失波の糧となる。,2026-03-12 19:58:29,2026-07-27 14:07:11
901,686,モーモン・祖,モーモン・ソ,Ancestral Teeny Sanguini,あくま系,Demon,0,,https://draquex.com/monster/m-96.php,/storage/images/monsters/901.webp,誰もがよく知っている モーモンの原種。,緑のオーラをまとった身体には 強い攻撃本能が宿っている。,2026-03-12 19:58:43,2026-07-27 14:19:26
902,734,モノクロームナイト,モノクロームナイト,Monochromour,物質系,Material,0,,https://draquex.com/monster/mon-108.php,/storage/images/monsters/902.webp,グランゼニスの試練場に訪れる 勇者と大魔王の前に,立ちふさがる試練の魔物。 神と魔のチカラを宿している。,2026-03-12 19:58:58,2026-07-27 14:21:58
903,693,もみじこぞう・祖,モミジコゾウ・ソ,Ancestral Leafy Larrikin,植物系,Plant,0,,https://draquex.com/monster/m-97.php,/storage/images/monsters/903.webp,誰もがよく知っている もみじこぞうの原種。,緑のオーラをまとった身体には 強い攻撃本能が宿っている。,2026-03-12 19:59:10,2026-07-27 14:19:49
904,735,ゆうれい,ユウレイ,Spirit,ゾンビ系,Undead,0,,https://draquex.com/monster/y-9.php,/storage/images/monsters/904.webp,生きとし生けるものを恨み 闇雲にやいばを振り回す。,ゆうれいというよりも 悪霊と呼ぶべき厄介なヤツ。,2026-03-12 19:59:27,2026-07-27 14:22:01
905,856,ようがんトーチ,ヨウガントーチ,Lava Candle,物質系,Material,1,26,https://dragon-quest.jp/ten/monster/tensei.php,/storage/images/monsters/905.webp,溶岩の爆発的なパワーを宿した おばけキャンドルの変異種。,頑強な身体にたくわえた 地獄の炎で敵を燃やし尽くす。,2026-03-12 19:59:34,2026-07-27 14:28:07
906,722,ライトアーマー,ライトアーマー,Lightmour,物質系,Material,0,,https://draquex.com/monster/mon-109.php,/storage/images/monsters/906.webp,グランゼニスの試練場に訪れる 勇者と大魔王の前に,立ちふさがる試練の魔物。 神のチカラを宿している。,2026-03-12 19:59:41,2026-07-27 14:21:20
907,778,リカント,リカント,Bewarewolf,けもの系,Beast,0,,https://draquex.com/monster/mon-127.php,/storage/images/monsters/907.webp,目が覚めるように鮮やかな 青い体毛を持つ獣人。,本能のままテンションを燃やし 獲物にすばやく襲いかかる。,2026-03-12 19:59:58,2026-07-27 14:24:19
908,743,リザードマン・祖,リザードマン・ソ,Ancestral Mandrake Major,ドラゴン系,Dragon,0,,https://draquex.com/monster/mon-128.php,/storage/images/monsters/908.webp,誰もがよく知っている リザードマンの原種。,緑のオーラをまとった身体には 強い攻撃本能が宿っている。,2026-03-12 20:00:06,2026-07-27 14:22:28
909,746,リターナーモア,リターナーモア,Repeckerel,鳥系,Bird,0,,https://draquex.com/monster/r-33.php,/storage/images/monsters/909.webp,広大な大地を超高速で 一気に駆け抜ける,魔物界きっての走り屋。その姿はまさに風。,2026-03-12 20:00:09,2026-07-27 14:22:38
910,793,りゅうぐう王・塔,リュウグウオウ・トウ,Tower Nessicure,ドラゴン系,Dragon,0,,https://draquex.com/monster/mon-142.php,/storage/images/monsters/910.webp,創失の塔内部で生み出された 捕食しあうよう定められた,悲しき魔物たち。その怨念は 巨大な創失波の糧となる。,2026-03-12 20:00:25,2026-07-27 14:25:07
911,770,りゅう兵士,リュウヘイシ,Mandrake Mangler,ドラゴン系,Dragon,0,,https://draquex.com/monster/r-34.php,/storage/images/monsters/911.webp,たゆまぬ鍛錬によって 持って生まれたキバや爪を,しのぐほどの剣技を会得した 竜としては異色の存在。,2026-03-12 20:00:28,2026-07-27 14:23:54
912,703,リリパット・祖,リリパット・ソ,Ancestral Bodkin Archer,怪人系,Humanoid,0,,https://draquex.com/monster/r-35.php,/storage/images/monsters/912.webp,誰もがよく知っている リリパットの原種。,緑のオーラをまとった身体には 強い攻撃本能が宿っている。,2026-03-12 20:00:35,2026-07-27 14:20:21
913,849,ローヤルさそりばち,ローヤルサソリバチ,Royal Waspion,虫系,Insect,1,10,https://dragon-quest.jp/ten/monster/tensei.php,/storage/images/monsters/913.webp,特別な栄養食を食べて育った 選ばれし さそりばち。,身体的に屈強なだけでなく 頭脳明晰でメンタルも強い。,2026-03-12 20:01:07,2026-07-27 14:27:45
914,773,ワイトキング・祖,ワイトキング・ソ,Ancestral Wight King,ゾンビ系,Undead,0,,https://draquex.com/monster/mon-129.php,/storage/images/monsters/914.webp,誰もがよく知っている ワイトキングの原種。,緑のオーラをまとった身体には 強い攻撃本能が宿っている。,2026-03-12 20:01:11,2026-07-27 14:24:03
919,843,輝晶獣ゾルゾム,キショウジュウゾルゾム,Crystalbeast Zolzom,エレメント系,Elemental,0,,,/storage/images/monsters/919.webp,,,2026-03-20 00:01:24,2026-07-27 12:50:18
920,844,輝晶獣ボイボゥ,キショウジュウボイボゥ,Crystalbeast Boibou,けもの系,Beast,0,,,/storage/images/monsters/920.webp,,,2026-03-20 00:01:59,2026-07-27 12:50:18
921,845,輝晶獣ドグドラ,キショウジュウドグドラ,Crystalbeast Dogdra,ドラゴン系,Dragon,0,,,/storage/images/monsters/921.webp,,,2026-03-20 00:02:23,2026-07-27 12:50:18
922,846,閃輝晶獣ビルビギス,センキショウジュウビルビギス,Crystalfiend Bilbigis,マシン系,Machine,0,,,/storage/images/monsters/922.webp,,,2026-03-20 00:02:54,2026-07-27 12:50:18
923,847,閃輝晶獣ザウザリィ,センキショウジュウザウザリィ,Crystalfiend Zauzari,けもの系,Beast,0,,,/storage/images/monsters/923.webp,,,2026-03-20 00:03:19,2026-07-27 12:50:18
924,848,閃輝晶獣バンバジャ,センキショウジュウバンバジャ,Crystalfiend Banbaja,ゾンビ系,Undead,0,,,/storage/images/monsters/924.webp,,,2026-03-20 00:04:22,2026-07-27 12:50:18
927,669,スライム・異,スライム・イ,Slime,スライム系,,0,,,/storage/images/monsters/927.webp,誰もがよく知っている スライムの新たな姿。,白きオーラをまとった身体には 未知のパワーが 宿っている。,2026-06-26 18:08:14,2026-07-27 14:18:33
929,733,キメラ・異,キメラ・イ,Chimaera (Altered),,,0,,,/storage/images/monsters/929.webp,-,-,2026-06-26 18:36:09,2026-07-27 14:21:55
930,687,ドラキー・異,ドラキー・イ,Dracky (Altered),鳥系,,0,,,/storage/images/monsters/930.webp,-,-,2026-06-26 18:37:28,2026-07-27 14:19:30
931,794,メソコボルト,メソコボルト,Mesokoboruto,怪人系,,0,,,/storage/images/monsters/931.webp,-,-,2026-06-26 18:39:03,2026-07-27 14:25:10
932,799,ヘルカッチャ・異,ヘルカッチャ・イ,Masqueraider (Altered),,,0,,,/storage/images/monsters/932.webp,-,-,2026-06-26 18:40:16,2026-07-27 14:25:26
933,819,ワイトジェネラル,ワイトジェネラル,Waitojeneraru,ゾンビ系,,0,,,/storage/images/monsters/933.webp,-,-,2026-06-26 18:42:02,2026-07-27 14:26:29
934,710,亡国の残兵,ボウコクノザンヘイ,Boukokunozanhei,マシン系,,0,,,/storage/images/monsters/934.webp,-,-,2026-06-26 18:43:26,2026-07-27 14:20:44
936,787,ヘルゴースト・異,ヘルゴースト・イ,Spitegeist (Altered),ゾンビ系,,0,,,/storage/images/monsters/936.webp,-,-,2026-06-27 06:57:07,2026-07-27 14:24:48
937,803,スカラベキング・異,スカラベキング・イ,Scarab King (Altered),虫系,,0,,,/storage/images/monsters/937.webp,-,-,2026-06-27 07:00:51,2026-07-27 14:25:39
938,761,デザートランナ・異,デザートランナ・イ,Parched Peckerel (Altered),ドラゴン系,,0,,,/storage/images/monsters/938.webp,-,-,2026-06-27 07:25:17,2026-07-27 14:23:26
939,766,アロエおに・異,アロエオニ・イ,Aloehaha (Altered),植物系,,0,,,/storage/images/monsters/939.webp,-,-,2026-06-27 07:27:09,2026-07-27 14:23:41
940,792,ゴーレム・異,ゴーレム・イ,Golem (Altered),物質系,,0,,,/storage/images/monsters/940.webp,-,-,2026-06-27 07:30:04,2026-07-27 14:25:04
941,823,ブレイズスカルゴン,ブレイズスカルゴン,Bureizusukarugon,ドラゴン系,,0,,,/storage/images/monsters/941.webp,-,-,2026-06-27 07:31:27,2026-07-27 14:26:41
942,774,キラートーチ・異,キラートーチ・イ,Killer Torch (Altered),物質系,,0,,,/storage/images/monsters/942.webp,-,-,2026-06-27 07:33:48,2026-07-27 14:24:07
943,785,ヒートギズモ・異,ヒートギズモ・イ,Hell Nino (Altered),エレメント系,,0,,,/storage/images/monsters/943.webp,-,-,2026-06-27 07:36:02,2026-07-27 14:24:41
944,688,さそりばち・異,サソリバチ・イ,Waspion (Altered),虫系,,0,,,/storage/images/monsters/944.webp,-,-,2026-06-27 08:02:20,2026-07-27 14:19:33
945,732,ガチャコッコ・異,ガチャコッコ・イ,Clockwork Cuckoo (Altered),マシン系,,0,,,/storage/images/monsters/945.webp,-,-,2026-06-27 08:10:36,2026-07-27 14:21:52
946,780,メタルハンター・異,メタルハンター・イ,Hunter Mech (Altered),マシン系,,0,,,/storage/images/monsters/946.webp,-,-,2026-06-27 08:11:46,2026-07-27 14:24:26
947,795,はにわナイト,ハニワナイト,Haniwanaito,物質系,,0,,,/storage/images/monsters/947.webp,-,-,2026-06-27 08:14:01,2026-07-27 14:25:13
948,700,オニオーン・異,オニオーン・イ,Ornery Onion (Altered),植物系,,0,,,/storage/images/monsters/948.webp,-,-,2026-06-27 09:01:58,2026-07-27 14:20:11
949,751,くらやみ仙人,クラヤミセンニン,Kurayamisennin,怪人系,,0,,,/storage/images/monsters/949.webp,-,-,2026-06-27 09:04:40,2026-07-27 14:22:54
950,782,アカイライ・異,アカイライ・イ,Belisha Beakon (Altered),鳥系,,0,,,/storage/images/monsters/950.webp,-,-,2026-06-27 09:06:09,2026-07-27 14:24:32
951,796,テラノライナー・異,テラノライナー・イ,Dragstar (Altered),ドラゴン系,,0,,,/storage/images/monsters/951.webp,-,-,2026-06-27 09:08:26,2026-07-27 14:25:17
952,784,ペンデュラム,ペンデュラム,Pendeyuramu,物質系,,0,,,/storage/images/monsters/952.webp,-,-,2026-06-27 09:11:03,2026-07-27 14:24:38
953,775,しりょうのきし・異,シリョウノキシ・イ,Skeleton Soldier (Altered),ゾンビ系,,0,,,,-,-,2026-06-27 09:12:49,2026-07-27 14:24:10
954,711,シールドこぞう・異,シールドコゾウ・イ,Leery Lout (Altered),怪人系,,0,,,/storage/images/monsters/954.webp,-,-,2026-06-27 09:26:10,2026-07-27 14:20:47
955,752,サイおとこ・異,サイオトコ・イ,Rhinothrope (Altered),けもの系,,0,,,/storage/images/monsters/955.webp,-,-,2026-06-27 09:27:22,2026-07-27 14:22:57
956,721,しのどれい・異,シノドレイ・イ,Dead Resident (Altered),ゾンビ系,,0,,,/storage/images/monsters/956.webp,,,2026-06-27 09:28:32,2026-07-27 12:50:18
957,791,ソルトドラゴニア,ソルトドラゴニア,Sorutodoragonia,ドラゴン系,,0,,,/storage/images/monsters/957.webp,-,-,2026-06-27 09:29:09,2026-07-27 14:25:01
959,889,カイゼルスライム,カイゼルスライム,Kaizerusuraimu,スライム系,,1,173,,/storage/images/monsters/959.webp,,,2026-06-27 16:23:17,2026-07-27 12:50:18
960,800,ベレス・異,ベレス・イ,Beleth (Altered),あくま系,,0,,,/storage/images/monsters/960.webp,-,-,2026-06-27 16:24:44,2026-07-27 14:25:29
961,811,イズライール,イズライール,Izuraiiru,あくま系,,0,,,/storage/images/monsters/961.webp,-,-,2026-06-27 16:25:54,2026-07-27 14:26:04
962,824,ミミック・異,ミミック・イ,Mimic (Altered),物質系,,0,,,/storage/images/monsters/962.webp,-,-,2026-06-27 16:27:03,2026-07-27 14:26:45
963,1535,アークキマイラ,アークキマイラ,Aakukimaira,けもの系,,0,,https://xn--10-yg4a1a3kyh.jp/a_mon/../a_mon/dq10_monster_k_a-kukimaira.html,,,,2026-07-27 12:50:58,2026-07-27 12:50:58
964,1536,アイスゴーレム,アイスゴーレム,Aisugooremu,物質系,,0,,https://xn--10-yg4a1a3kyh.jp/a_mon/../a_mon/dq10_monster_k_aisugo-remu.html,,,,2026-07-27 12:51:01,2026-07-27 12:51:01
965,1537,青の巨人ブルメル,アオノキョジンブルメル,Aonokyojinburumeru,あくま系,,0,,https://xn--10-yg4a1a3kyh.jp/a_mon/../a_mon/dq10_monster_k_aonokyojimburumeru.html,,,,2026-07-27 12:51:04,2026-07-27 12:51:04
966,1538,青飛竜,アオヒリュウ,Aohiryuu,ドラゴン系,,0,,https://xn--10-yg4a1a3kyh.jp/a_mon/../a_mon/dq10_monster_k_aohiryuu.html,,,,2026-07-27 12:51:06,2026-07-27 12:51:06
967,1539,赤の巨人レドノフ,アカノキョジンレドノフ,Akanokyojinredonofu,あくま系,,0,,https://xn--10-yg4a1a3kyh.jp/a_mon/../a_mon/dq10_monster_k_akanokyojinredonofu.html,,,,2026-07-27 12:51:09,2026-07-27 12:51:09
968,1540,赤飛竜,アカヒリュウ,Akahiryuu,ドラゴン系,,0,,https://xn--10-yg4a1a3kyh.jp/a_mon/../a_mon/dq10_monster_k_akahiryuu.html,,,,2026-07-27 12:51:12,2026-07-27 12:51:12
969,1541,悪逆の凶将,アクギャクノキョウショウ,Akugyakunokyoushou,怪人系,,0,,https://xn--10-yg4a1a3kyh.jp/a_mon/../a_mon/dq10_monster_k_akugyakunokyosho.html,,,,2026-07-27 12:51:15,2026-07-27 12:51:15
970,1542,あくじきオオワシ,アクジキオオワシ,Akujikioowashi,鳥系,,0,,https://xn--10-yg4a1a3kyh.jp/a_mon/../a_mon/dq10_monster_k_akujikiowashi.html,,,,2026-07-27 12:51:17,2026-07-27 12:51:17
971,1543,悪神アシュレイ,アクジンアシュレイ,Akujin'ashurei,？？？系,,0,,https://xn--10-yg4a1a3kyh.jp/a_mon/../a_mon/dq10_monster_k_akushinashurei.html,,,,2026-07-27 12:51:20,2026-07-27 12:51:20
972,1544,悪神 三闘士,アクジンサントウシ,Akujinsantoushi,？？？系,,0,,https://xn--10-yg4a1a3kyh.jp/a_mon/../a_mon/dq10_monster_k_akushinsantoshi.html,,,,2026-07-27 12:51:23,2026-07-27 12:51:23
973,1545,悪神の右手,アクジンノミギテ,Akujinnomigite,？？？系,,0,,https://xn--10-yg4a1a3kyh.jp/a_mon/../a_mon/dq10_monster_k_akushinnomigite.html,,,,2026-07-27 12:51:25,2026-07-27 12:51:25
974,1546,悪神ラダ・ガート,アクジンラダ・ガート,Akujinrada Gaato,？？？系,,0,,https://xn--10-yg4a1a3kyh.jp/a_mon/../a_mon/dq10_monster_k_akushinradaga-to.html,,,,2026-07-27 12:51:28,2026-07-27 12:51:28
975,1547,悪神リナーシェ,アクジンリナーシェ,Akujinrinaashe,？？？系,,0,,https://xn--10-yg4a1a3kyh.jp/a_mon/../a_mon/dq10_monster_k_akushinrina-.html,,,,2026-07-27 12:51:31,2026-07-27 12:51:31
976,1548,アクバー,アクバー,Akubaa,あくま系,,0,,https://xn--10-yg4a1a3kyh.jp/a_mon/../a_mon/dq10_monster_k_akuba-.html,,,,2026-07-27 12:51:33,2026-07-27 12:51:33
977,1549,アクバー強,アクバーキョウ,Akubaa (Strong),あくま系,,0,,https://xn--10-yg4a1a3kyh.jp/a_mon/../a_mon/dq10_monster_k_akuba-kyo.html,,,,2026-07-27 12:51:36,2026-07-27 12:51:36
978,1550,悪魔キェルグ,アクマキェルグ,Akumakyerugu,あくま系,,0,,https://xn--10-yg4a1a3kyh.jp/a_mon/../a_mon/dq10_monster_k_akumakierugu.html,,,,2026-07-27 12:51:39,2026-07-27 12:51:39
979,1551,悪魔ザイガス,アクマザイガス,Akumazaigasu,あくま系,,0,,https://xn--10-yg4a1a3kyh.jp/a_mon/../a_mon/dq10_monster_k_akumazaigasu.html,,,,2026-07-27 12:51:42,2026-07-27 12:51:42
980,1552,悪魔ザイガス強,アクマザイガスキョウ,Akumazaigasu (Strong),あくま系,,0,,https://xn--10-yg4a1a3kyh.jp/a_mon/../a_mon/dq10_monster_k_akumazaigasukyo.html,,,,2026-07-27 12:51:44,2026-07-27 12:51:44
981,1553,悪魔長ジウギス,アクマチョウジウギス,Akumachoujiugisu,あくま系,,0,,https://xn--10-yg4a1a3kyh.jp/a_mon/../a_mon/dq10_monster_k_akumachojiugisu.html,,,,2026-07-27 12:51:47,2026-07-27 12:51:47
982,1554,悪魔道化師ゲイザー,アクマドウケシゲイザー,Akumadoukeshigeizaa,怪人系,,0,,https://xn--10-yg4a1a3kyh.jp/a_mon/../a_mon/dq10_monster_k_akumadokeshigeiza-.html,,,,2026-07-27 12:51:50,2026-07-27 12:51:50
983,1555,あくむにゅうどう,アクムニュウドウ,Akumunyuudou,怪人系,,0,,https://xn--10-yg4a1a3kyh.jp/a_mon/../a_mon/dq10_monster_k_akumunyuudo.html,,,,2026-07-27 12:51:53,2026-07-27 12:51:53
984,1556,悪夢の追っ手,アクムノオッテ,Akumunootte,物質系,,0,,https://xn--10-yg4a1a3kyh.jp/a_mon/../a_mon/dq10_monster_k_akumunotte.html,,,,2026-07-27 12:51:55,2026-07-27 12:51:55
985,1557,悪夢の左手強,アクムノヒダリテキョウ,Akumunohidaritekyou,あくま系,,0,,https://xn--10-yg4a1a3kyh.jp/a_mon/../a_mon/dq10_monster_k_akumunohidaritekyo.html,,,,2026-07-27 12:51:58,2026-07-27 12:51:58
986,1558,悪夢の右手,アクムノミギテ,Akumunomigite,あくま系,,0,,https://xn--10-yg4a1a3kyh.jp/a_mon/../a_mon/dq10_monster_k_akumunomigite.html,,,,2026-07-27 12:52:02,2026-07-27 12:52:02
987,1559,悪夢の右手強,アクムノミギテキョウ,Akumunomigite (Strong),あくま系,,0,,https://xn--10-yg4a1a3kyh.jp/a_mon/../a_mon/dq10_monster_k_akumunomigitekyo.html,,,,2026-07-27 12:52:04,2026-07-27 12:52:04
988,1560,アサヒ,アサヒ,Asahi,？？？系,,0,,https://xn--10-yg4a1a3kyh.jp/a_mon/../a_mon/dq10_monster_k_asahi.html,,,,2026-07-27 12:52:07,2026-07-27 12:52:07
989,1561,アシュー,アシュー,Ashuu,ドラゴン系,,0,,https://xn--10-yg4a1a3kyh.jp/a_mon/../a_mon/dq10_monster_k_ashu-.html,,,,2026-07-27 12:52:10,2026-07-27 12:52:10
990,1562,アシュレイフェイク,アシュレイフェイク,Ashureifyeiku,物質系,,0,,https://xn--10-yg4a1a3kyh.jp/a_mon/../a_mon/dq10_monster_k_ashureifeiku.html,,,,2026-07-27 12:52:12,2026-07-27 12:52:12
991,1563,アズ・フーラズーラ,アズ・フーラズーラ,Azu Fuurazuura,エレメント系,,0,,https://xn--10-yg4a1a3kyh.jp/a_mon/../a_mon/dq10_monster_k_azufu-razu-ra.html,,,,2026-07-27 12:52:15,2026-07-27 12:52:15
992,1564,悪鬼ゾンガロン,アッキゾンガロン,Akkizongaron,けもの系,,0,,https://xn--10-yg4a1a3kyh.jp/a_mon/../a_mon/dq10_monster_k_akkizongaron.html,,,,2026-07-27 12:52:18,2026-07-27 12:52:18
993,1565,悪鬼なる王,アッキナルオウ,Akkinaruou,？？？系,,0,,https://xn--10-yg4a1a3kyh.jp/a_mon/../a_mon/dq10_monster_k_akkinaruo.html,,,,2026-07-27 12:52:20,2026-07-27 12:52:20
994,1566,アトラス,アトラス,Atorasu,あくま系,,0,,https://xn--10-yg4a1a3kyh.jp/a_mon/../a_mon/dq10_monster_k_atorasu.html,,,,2026-07-27 12:52:23,2026-07-27 12:52:23
995,1567,アトラス強,アトラスキョウ,Atorasu (Strong),あくま系,,0,,https://xn--10-yg4a1a3kyh.jp/a_mon/../a_mon/dq10_monster_k_atorasukyo.html,,,,2026-07-27 12:52:26,2026-07-27 12:52:26
996,1568,アトラス(コイン),アトラス(コイン),Atorasu (Coin),あくま系,,0,,https://xn--10-yg4a1a3kyh.jp/a_mon/../a_mon/dq10_monster_k_atorasukoin.html,,,,2026-07-27 12:52:28,2026-07-27 12:52:28
997,1569,アトラスネオ,アトラスネオ,Atorasuneo,あくま系,,0,,https://xn--10-yg4a1a3kyh.jp/a_mon/../a_mon/dq10_monster_k_atorasuneo.html,,,,2026-07-27 12:52:31,2026-07-27 12:52:31
998,1570,あなうめ兄,アナウメアニ,Anaumeani,怪人系,,0,,https://xn--10-yg4a1a3kyh.jp/a_mon/../a_mon/dq10_monster_k_anaumeani.html,,,,2026-07-27 12:52:34,2026-07-27 12:52:34
999,1571,あなうめ妹,アナウメイモウト,Anaumeimouto,怪人系,,0,,https://xn--10-yg4a1a3kyh.jp/a_mon/../a_mon/dq10_monster_k_anaumeimoto.html,,,,2026-07-27 12:52:36,2026-07-27 12:52:36
1000,1572,あなうめ弟,アナウメオトウト,Anaumeotouto,怪人系,,0,,https://xn--10-yg4a1a3kyh.jp/a_mon/../a_mon/dq10_monster_k_anaumeototo.html,,,,2026-07-27 12:52:39,2026-07-27 12:52:39
1001,1573,アビスソルジャー,アビスソルジャー,Abisusorujaa,あくま系,,0,,https://xn--10-yg4a1a3kyh.jp/a_mon/../a_mon/dq10_monster_k_abisusoruja-.html,,,,2026-07-27 12:52:42,2026-07-27 12:52:42
1002,1574,アブカート,アブカート,Abukaato,ゾンビ系,,0,,https://xn--10-yg4a1a3kyh.jp/a_mon/../a_mon/dq10_monster_k_abuka-to.html,,,,2026-07-27 12:52:44,2026-07-27 12:52:44
1003,1575,アルゴングレート,アルゴングレート,Arugongureeto,ドラゴン系,,0,,https://xn--10-yg4a1a3kyh.jp/a_mon/../a_mon/dq10_monster_k_arugongure-to.html,,,,2026-07-27 12:52:48,2026-07-27 12:52:48
1004,1576,暗黒皇帝ガナサダイ,アンコクコウテイガナサダイ,Ankokukouteiganasadai,？？？系,,0,,https://xn--10-yg4a1a3kyh.jp/a_mon/../a_mon/dq10_monster_k_ankokukoteiganasadai.html,,,,2026-07-27 12:52:50,2026-07-27 12:52:50
1005,1577,暗黒大樹の番人,アンコクタイジュノバンニン,Ankokutaijunobannin,植物系,,0,,https://xn--10-yg4a1a3kyh.jp/a_mon/../a_mon/dq10_monster_k_ankokutaijunobannin.html,,,,2026-07-27 12:52:53,2026-07-27 12:52:53
1006,1578,暗黒の星竜機,アンコクノホシリュウキ,Ankokunohoshiryuuki,マシン系,,0,,https://xn--10-yg4a1a3kyh.jp/a_mon/../a_mon/dq10_monster_k_ankokunoseiryuuki.html,,,,2026-07-27 12:52:56,2026-07-27 12:52:56
1007,1579,暗黒の手,アンコクノテ,Ankokunote,？？？系,,0,,https://xn--10-yg4a1a3kyh.jp/a_mon/../a_mon/dq10_monster_k_ankokunote.html,,,,2026-07-27 12:52:58,2026-07-27 12:52:58
1008,1580,暗黒の魔人,アンコクノマジン,Ankokunomajin,物質系,,0,,https://xn--10-yg4a1a3kyh.jp/a_mon/../a_mon/dq10_monster_k_ankokunomajin.html,,,,2026-07-27 12:53:01,2026-07-27 12:53:01
1009,1581,暗黒の魔人強,アンコクノマジンキョウ,Ankokunomajin (Strong),物質系,,0,,https://xn--10-yg4a1a3kyh.jp/a_mon/../a_mon/dq10_monster_k_ankokunomajinkyo.html,,,,2026-07-27 12:53:04,2026-07-27 12:53:04
1010,1582,闇朱の破砕将ボーガ,アンシュノハサイショウボーガ,Anshunohasaishoubooga,けもの系,,0,,https://xn--10-yg4a1a3kyh.jp/a_mon/../a_mon/dq10_monster_k_anshunohasaishobo-ga.html,,,,2026-07-27 12:53:07,2026-07-27 12:53:07
1011,1583,アンドレアル,アンドレアル,Andorearu,ドラゴン系,,0,,https://xn--10-yg4a1a3kyh.jp/a_mon/../a_mon/dq10_monster_k_andorearu.html,,,,2026-07-27 12:53:09,2026-07-27 12:53:09
1012,1584,闇魔ティトス,ヤミマティトス,Yamimateitosu,物質系,,0,,https://xn--10-yg4a1a3kyh.jp/a_mon/../a_mon/dq10_monster_k_ammatitosu.html,,,,2026-07-27 12:53:12,2026-07-27 12:53:12
1013,1585,イーリィン,イーリィン,Iiryin,ゾンビ系,,0,,https://xn--10-yg4a1a3kyh.jp/a_mon/../a_mon/dq10_monster_k_i-riin.html,,,,2026-07-27 12:53:15,2026-07-27 12:53:15
1014,1586,異界獣ヘイズキング,イカイジュウヘイズキング,Ikaijuuheizukingu,？？？系,,0,,https://xn--10-yg4a1a3kyh.jp/a_mon/../a_mon/dq10_monster_k_ikaijuuheizukingu.html,,,,2026-07-27 12:53:17,2026-07-27 12:53:17
1015,1587,異界獣ヘイズシナー,イカイジュウヘイズシナー,Ikaijuuheizushinaa,？？？系,,0,,https://xn--10-yg4a1a3kyh.jp/a_mon/../a_mon/dq10_monster_k_ikaijuuheizushina-.html,,,,2026-07-27 12:53:20,2026-07-27 12:53:20
1016,1588,異界獣ヘイズナイト,イカイジュウヘイズナイト,Ikaijuuheizunaito,？？？系,,0,,https://xn--10-yg4a1a3kyh.jp/a_mon/../a_mon/dq10_monster_k_ikaijuuheizunaito.html,,,,2026-07-27 12:53:23,2026-07-27 12:53:23
1017,1589,異界獣ヘイズバイオ,イカイジュウヘイズバイオ,Ikaijuuheizubaio,物質系,,0,,https://xn--10-yg4a1a3kyh.jp/a_mon/../a_mon/dq10_monster_k_ikaijuuheizubaio.html,,,,2026-07-27 12:53:26,2026-07-27 12:53:26
1018,1590,異界獣ヘイズバット,イカイジュウヘイズバット,Ikaijuuheizubatto,鳥系,,0,,https://xn--10-yg4a1a3kyh.jp/a_mon/../a_mon/dq10_monster_k_ikaijuuheizubatto.html,,,,2026-07-27 12:53:28,2026-07-27 12:53:28
1019,1591,異界将軍ギュメイ,イカイショウグンギュメイ,Ikaishougungyumei,けもの系,,0,,https://xn--10-yg4a1a3kyh.jp/a_mon/../a_mon/dq10_monster_k_ikaishogungyumei.html,,,,2026-07-27 12:53:31,2026-07-27 12:53:31
1020,1592,異界将軍ゲルニック,イカイショウグンゲルニック,Ikaishougungerunikku,鳥系,,0,,https://xn--10-yg4a1a3kyh.jp/a_mon/../a_mon/dq10_monster_k_ikaishogungerunikku.html,,,,2026-07-27 12:53:34,2026-07-27 12:53:34
1021,1593,異界将軍ゴレオン,イカイショウグンゴレオン,Ikaishougungoreon,けもの系,,0,,https://xn--10-yg4a1a3kyh.jp/a_mon/../a_mon/dq10_monster_k_ikaishogungoreon.html,,,,2026-07-27 12:53:37,2026-07-27 12:53:37
1022,1594,異界魔エボルキング,イカイマエボルキング,Ikaimaeborukingu,？？？系,,0,,https://xn--10-yg4a1a3kyh.jp/a_mon/../a_mon/dq10_monster_k_ikaimaeborukingu.html,,,,2026-07-27 12:53:39,2026-07-27 12:53:39
1023,1595,異界魔エボルシナー,イカイマエボルシナー,Ikaimaeborushinaa,？？？系,,0,,https://xn--10-yg4a1a3kyh.jp/a_mon/../a_mon/dq10_monster_k_ikaimaeborushina-.html,,,,2026-07-27 12:53:42,2026-07-27 12:53:42
1024,1596,異界滅神ジャゴヌバ,イカイメツシンジャゴヌバ,Ikaimetsushinjagonuba,？？？系,,0,,https://xn--10-yg4a1a3kyh.jp/a_mon/../a_mon/dq10_monster_k_ikaimesshinjagonuba.html,,,,2026-07-27 12:53:45,2026-07-27 12:53:45
1025,1597,怒りのプスゴン,イカリノプスゴン,Ikarinopusugon,ドラゴン系,,0,,https://xn--10-yg4a1a3kyh.jp/a_mon/../a_mon/dq10_monster_k_ikarinopusugon.html,,,,2026-07-27 12:53:47,2026-07-27 12:53:47
1026,1598,怒れる魔神,オコレルマジン,Okorerumajin,マシン系,,0,,https://xn--10-yg4a1a3kyh.jp/a_mon/../a_mon/dq10_monster_k_ikarerumajin.html,,,,2026-07-27 12:53:50,2026-07-27 12:53:50
1027,1599,怒れる老匠,イカレルロウショウ,Ikareruroushou,？？？系,,0,,https://xn--10-yg4a1a3kyh.jp/a_mon/../a_mon/dq10_monster_k_ikarerurosho.html,,,,2026-07-27 12:53:53,2026-07-27 12:53:53
1028,1600,異境の黄兵,イキョウノキヘイ,Ikyounokihei,物質系,,0,,https://xn--10-yg4a1a3kyh.jp/a_mon/../a_mon/dq10_monster_k_ikyonokohei.html,,,,2026-07-27 12:53:56,2026-07-27 12:53:56
1029,1601,異境の紫兵,イキョウノムラサキヘイ,Ikyounomurasakihei,物質系,,0,,https://xn--10-yg4a1a3kyh.jp/a_mon/../a_mon/dq10_monster_k_ikyonoshihei.html,,,,2026-07-27 12:53:58,2026-07-27 12:53:58
1030,1602,異境の翡翠将,イキョウノヒスイショウ,Ikyounohisuishou,物質系,,0,,https://xn--10-yg4a1a3kyh.jp/a_mon/../a_mon/dq10_monster_k_ikyonohisuisho.html,,,,2026-07-27 12:54:01,2026-07-27 12:54:01
1031,1603,遺跡の守護者,イセキノシュゴシャ,Isekinoshugosha,物質系,,0,,https://xn--10-yg4a1a3kyh.jp/a_mon/../a_mon/dq10_monster_k_isekinoshugosha.html,,,,2026-07-27 12:54:04,2026-07-27 12:54:04
1032,1604,いたずらジャーミィ,イタズラジャーミィ,Itazurajaamyi,けもの系,,0,,https://xn--10-yg4a1a3kyh.jp/a_mon/../a_mon/dq10_monster_k_itazuraja-.html,,,,2026-07-27 12:54:06,2026-07-27 12:54:06
1033,1605,いたずらバーティ,イタズラバーティ,Itazurabaatei,けもの系,,0,,https://xn--10-yg4a1a3kyh.jp/a_mon/../a_mon/dq10_monster_k_itazuraba-ti.html,,,,2026-07-27 12:54:09,2026-07-27 12:54:09
1034,1606,いにしえの廃棄物,イニシエノハイキブツ,Inishienohaikibutsu,エレメント系,,0,,https://xn--10-yg4a1a3kyh.jp/a_mon/../a_mon/dq10_monster_k_inishienohaikibutsu.html,,,,2026-07-27 12:54:12,2026-07-27 12:54:12
1035,1607,イレイザーＧｅ５０,イレイザージーイーゴジュウ,Ireizaajiiiigojuu,水系,,0,,https://xn--10-yg4a1a3kyh.jp/a_mon/../a_mon/dq10_monster_k_ireiza-ge50.html,,,,2026-07-27 12:54:14,2026-07-27 12:54:14
1036,1608,陰果の罪業,インガノザイゴウ,Inganozaigou,ゾンビ系,,0,,https://xn--10-yg4a1a3kyh.jp/a_mon/../a_mon/dq10_monster_k_inganozaigo.html,,,,2026-07-27 12:54:17,2026-07-27 12:54:17
1037,1609,陰果の罪業・核,インガノザイゴウ・カク,Inganozaigou Kaku,エレメント系,,0,,https://xn--10-yg4a1a3kyh.jp/a_mon/../a_mon/dq10_monster_k_inganozaigokaku.html,,,,2026-07-27 12:54:20,2026-07-27 12:54:20
1038,1610,陰獣,インジュウ,Injuu,けもの系,,0,,https://xn--10-yg4a1a3kyh.jp/a_mon/../a_mon/dq10_monster_k_injuu.html,,,,2026-07-27 12:54:22,2026-07-27 12:54:22
1039,1611,陰の試練壱・陰霊,インノシレンイチ・インレイ,Innoshiren'ichi Inrei,エレメント系,,0,,https://xn--10-yg4a1a3kyh.jp/a_mon/../a_mon/dq10_monster_k_innoshirenichi.html,,,,2026-07-27 12:54:25,2026-07-27 12:54:25
1040,1612,ヴォルカドラゴン,ヴォルカドラゴン,Vuorukadoragon,ドラゴン系,,0,,https://xn--10-yg4a1a3kyh.jp/a_mon/../a_mon/dq10_monster_k_worukadoragon.html,,,,2026-07-27 12:54:28,2026-07-27 12:54:28
1041,1613,歌声の化身,ウタゴエノケシン,Utagoenokeshin,水系,,0,,https://xn--10-yg4a1a3kyh.jp/a_mon/../a_mon/dq10_monster_k_utagoenokeshin.html,,,,2026-07-27 12:54:31,2026-07-27 12:54:31
1042,1614,呻声の化身,シンセイノケシン,Shinseinokeshin,けもの系,,0,,https://xn--10-yg4a1a3kyh.jp/a_mon/../a_mon/dq10_monster_k_umekigoenokeshin.html,,,,2026-07-27 12:54:33,2026-07-27 12:54:33
1043,1615,ウルベア大魔神,ウルベアダイマジン,Urubeadaimajin,物質系,,0,,https://xn--10-yg4a1a3kyh.jp/a_mon/../a_mon/dq10_monster_k_urubeadaimajin.html,,,,2026-07-27 12:54:36,2026-07-27 12:54:36
1044,1616,ウルベア魔神兵,ウルベアマジンヘイ,Urubeamajinhei,マシン系,,0,,https://xn--10-yg4a1a3kyh.jp/a_mon/../a_mon/dq10_monster_k_urubeamajinhei.html,,,,2026-07-27 12:54:39,2026-07-27 12:54:39
1045,1617,ウルベア魔神兵強,ウルベアマジンヘイキョウ,Urubeamajinhei (Strong),マシン系,,0,,https://xn--10-yg4a1a3kyh.jp/a_mon/../a_mon/dq10_monster_k_urubeamajinheikyo.html,,,,2026-07-27 12:54:41,2026-07-27 12:54:41
1046,1618,英知のケモノ,エイチノケモノ,Eichinokemono,あくま系,,0,,https://xn--10-yg4a1a3kyh.jp/a_mon/../a_mon/dq10_monster_k_eichinokemono.html,,,,2026-07-27 12:54:44,2026-07-27 12:54:44
1047,1619,影魔レイミリア,カゲマレイミリア,Kagemareimiria,？？？系,,0,,https://xn--10-yg4a1a3kyh.jp/a_mon/../a_mon/dq10_monster_k_eimareimiria.html,,,,2026-07-27 12:54:47,2026-07-27 12:54:47
1048,1620,永眠のフクロウ魔人,エイミンノフクロウマジン,Eiminnofukuroumajin,鳥系,,0,,https://xn--10-yg4a1a3kyh.jp/a_mon/../a_mon/dq10_monster_k_eiminnofukuromajin.html,,,,2026-07-27 12:54:49,2026-07-27 12:54:49
1049,1621,エース,エース,Eesu,スライム系,,0,,https://xn--10-yg4a1a3kyh.jp/a_mon/../a_mon/dq10_monster_k_e-su.html,,,,2026-07-27 12:54:52,2026-07-27 12:54:52
1050,1622,Ｓキラーマシン,エスキラーマシン,Esukiraamashin,マシン系,,0,,https://xn--10-yg4a1a3kyh.jp/a_mon/../a_mon/dq10_monster_k_esukira-mashin.html,,,,2026-07-27 12:54:55,2026-07-27 12:54:55
1051,1623,エステラ,エステラ,Esutera,？？？系,,0,,https://xn--10-yg4a1a3kyh.jp/a_mon/../a_mon/dq10_monster_k_esutera.html,,,,2026-07-27 12:54:57,2026-07-27 12:54:57
1052,1624,エビルキュビズム,エビルキュビズム,Ebirukyubizumu,物質系,,0,,https://xn--10-yg4a1a3kyh.jp/a_mon/../a_mon/dq10_monster_k_ebirukyubizumu.html,,,,2026-07-27 12:55:00,2026-07-27 12:55:00
1053,1625,エビルプリースト,エビルプリースト,Ebirupuriisuto,？？？系,,0,,https://xn--10-yg4a1a3kyh.jp/a_mon/../a_mon/dq10_monster_k_ebirupuri-suto.html,,,,2026-07-27 12:55:03,2026-07-27 12:55:03
1054,1626,エレメンイエロー,エレメンイエロー,Eremen'ieroo,エレメント系,,0,,https://xn--10-yg4a1a3kyh.jp/a_mon/../a_mon/dq10_monster_k_eremeniero-.html,,,,2026-07-27 12:55:06,2026-07-27 12:55:06
1055,1627,エレメングリーン,エレメングリーン,Eremenguriin,エレメント系,,0,,https://xn--10-yg4a1a3kyh.jp/a_mon/../a_mon/dq10_monster_k_eremenguri-n.html,,,,2026-07-27 12:55:08,2026-07-27 12:55:08
1056,1628,エレメンピンク,エレメンピンク,Eremenpinku,エレメント系,,0,,https://xn--10-yg4a1a3kyh.jp/a_mon/../a_mon/dq10_monster_k_eremempinku.html,,,,2026-07-27 12:55:11,2026-07-27 12:55:11
1057,1629,エレメンブルー,エレメンブルー,Eremenburuu,エレメント系,,0,,https://xn--10-yg4a1a3kyh.jp/a_mon/../a_mon/dq10_monster_k_erememburu-.html,,,,2026-07-27 12:55:14,2026-07-27 12:55:14
1058,1630,エレメンレッド,エレメンレッド,Eremenreddo,エレメント系,,0,,https://xn--10-yg4a1a3kyh.jp/a_mon/../a_mon/dq10_monster_k_eremenreddo.html,,,,2026-07-27 12:55:16,2026-07-27 12:55:16
1059,1631,厭悪のルベランギス,エンオノルベランギス,En'onoruberangisu,鳥系,,0,,https://xn--10-yg4a1a3kyh.jp/a_mon/../a_mon/dq10_monster_k_enonoruberangisu.html,,,,2026-07-27 12:55:19,2026-07-27 12:55:19
1060,1632,炎業の妖星,エンゴウノヨウセイ,Engounoyousei,物質系,,0,,https://xn--10-yg4a1a3kyh.jp/a_mon/../a_mon/dq10_monster_k_engonoyosei.html,,,,2026-07-27 12:55:22,2026-07-27 12:55:22
1061,1633,炎魔アグニース,エンマアグニース,Enmaaguniisu,物質系,,0,,https://xn--10-yg4a1a3kyh.jp/a_mon/../a_mon/dq10_monster_k_emmaaguni-su.html,,,,2026-07-27 12:55:24,2026-07-27 12:55:24
1062,1634,黄牛鬼タウラダイン,コウギュウキタウラダイン,Kougyuukitauradain,けもの系,,0,,https://xn--10-yg4a1a3kyh.jp/a_mon/../a_mon/dq10_monster_k_ogyuukitauradain.html,,,,2026-07-27 12:55:27,2026-07-27 12:55:27
1063,1635,黄金獣アルムゴーグ,オウゴンジュウアルムゴーグ,Ougonjuuarumugoogu,物質系,,0,,https://xn--10-yg4a1a3kyh.jp/a_mon/../a_mon/dq10_monster_k_ogonjuuarumugo-gu.html,,,,2026-07-27 12:55:30,2026-07-27 12:55:30
1064,1636,黄金のバディンド,オウゴンノバディンド,Ougonnobadeindo,怪人系,,0,,https://xn--10-yg4a1a3kyh.jp/a_mon/../a_mon/dq10_monster_k_ogonnobadindo.html,,,,2026-07-27 12:55:32,2026-07-27 12:55:32
1065,1637,黄金のバブリン,オウゴンノバブリン,Ougonnobaburin,エレメント系,,0,,https://xn--10-yg4a1a3kyh.jp/a_mon/../a_mon/dq10_monster_k_ogonnobaburin.html,,,,2026-07-27 12:55:35,2026-07-27 12:55:35
1066,1638,桜蝶鬼メイガ,サクラチョウキメイガ,Sakurachoukimeiga,虫系,,0,,https://xn--10-yg4a1a3kyh.jp/a_mon/../a_mon/dq10_monster_k_ochokimeiga.html,,,,2026-07-27 12:55:38,2026-07-27 12:55:38
1067,1639,懊悩の麗竜,オウノウノレイリュウ,Ounounoreiryuu,ドラゴン系,,0,,https://xn--10-yg4a1a3kyh.jp/a_mon/../a_mon/dq10_monster_k_ononoreiryuu.html,,,,2026-07-27 12:55:41,2026-07-27 12:55:41
1068,1640,汚染源ヘドロヌーバ,オセンゲンヘドロヌーバ,Osengenhedoronuuba,エレメント系,,0,,https://xn--10-yg4a1a3kyh.jp/a_mon/../a_mon/dq10_monster_k_osengenhedoronu-ba.html,,,,2026-07-27 12:55:44,2026-07-27 12:55:44
1069,1641,お掃除マシン・白式,オソウジマシン・シロシキ,Osoujimashin Shiroshiki,マシン系,,0,,https://xn--10-yg4a1a3kyh.jp/a_mon/../a_mon/dq10_monster_k_osojimashinshiro.html,,,,2026-07-27 12:55:47,2026-07-27 12:55:47
1070,1642,堕ちた剣聖,オチタケンセイ,Ochitakensei,？？？系,,0,,https://xn--10-yg4a1a3kyh.jp/a_mon/../a_mon/dq10_monster_k_ochitakensei.html,,,,2026-07-27 12:55:50,2026-07-27 12:55:50
1071,1643,踊り神ボニータ,オドリシンボニータ,Odorishinboniita,？？？系,,0,,https://xn--10-yg4a1a3kyh.jp/a_mon/../a_mon/dq10_monster_k_odorikamiboni-ta.html,,,,2026-07-27 12:55:53,2026-07-27 12:55:53
1072,1644,鬼棍蔵,キコンゾウ,Kikonzou,ドラゴン系,,0,,https://xn--10-yg4a1a3kyh.jp/a_mon/../a_mon/dq10_monster_k_onikonzo.html,,,,2026-07-27 12:55:55,2026-07-27 12:55:55
1073,1645,おばけ大キノコ,オバケダイキノコ,Obakedaikinoko,植物系,,0,,https://xn--10-yg4a1a3kyh.jp/a_mon/../a_mon/dq10_monster_k_obakeokinoko.html,,,,2026-07-27 12:55:58,2026-07-27 12:55:58
1074,1646,オバケのピッピ,オバケノピッピ,Obakenopippi,ゾンビ系,,0,,https://xn--10-yg4a1a3kyh.jp/a_mon/../a_mon/dq10_monster_k_obakenopippi.html,,,,2026-07-27 12:56:01,2026-07-27 12:56:01
1075,1647,オン,オン,On,怪人系,,0,,https://xn--10-yg4a1a3kyh.jp/a_mon/../a_mon/dq10_monster_k_on.html,,,,2026-07-27 12:56:04,2026-07-27 12:56:04
1076,1648,怨讐のゲーダム,オンシュウノゲーダム,Onshuunogeedamu,水系,,0,,https://xn--10-yg4a1a3kyh.jp/a_mon/../a_mon/dq10_monster_k_onshuunoge-damu.html,,,,2026-07-27 12:56:06,2026-07-27 12:56:06
1077,1649,怨念の邪竜,オンネンノジャリュウ,Onnennojaryuu,ドラゴン系,,0,,https://xn--10-yg4a1a3kyh.jp/a_mon/../a_mon/dq10_monster_k_onnennojaryuu.html,,,,2026-07-27 12:56:09,2026-07-27 12:56:09
1078,1650,カーズ・ド・バニー,カーズ・ド・バニー,Kaazu Do Banii,物質系,,0,,https://xn--10-yg4a1a3kyh.jp/a_mon/../a_mon/dq10_monster_k_ka-zudobani-.html,,,,2026-07-27 12:56:12,2026-07-27 12:56:12
1079,1651,カーボーン将軍,カーボーンショウグン,Kaaboonshougun,ゾンビ系,,0,,https://xn--10-yg4a1a3kyh.jp/a_mon/../a_mon/dq10_monster_k_ka-bo-nshogun.html,,,,2026-07-27 12:56:14,2026-07-27 12:56:14
1080,1652,怪獣プスゴン,カイジュウプスゴン,Kaijuupusugon,ドラゴン系,,0,,https://xn--10-yg4a1a3kyh.jp/a_mon/../a_mon/dq10_monster_k_kaijuupusugon.html,,,,2026-07-27 12:56:17,2026-07-27 12:56:17
1081,1653,灰塵の豪雷将バルケ,カイジンノゴウライショウバルケ,Kaijinnogouraishoubaruke,ドラゴン系,,0,,https://xn--10-yg4a1a3kyh.jp/a_mon/../a_mon/dq10_monster_k_kaijinnogoraishobaruke.html,,,,2026-07-27 12:56:20,2026-07-27 12:56:20
1082,1654,海賊スクアーロ,カイゾクスクアーロ,Kaizokusukuaaro,？？？系,,0,,https://xn--10-yg4a1a3kyh.jp/a_mon/../a_mon/dq10_monster_k_kaizokusukua-ro.html,,,,2026-07-27 12:56:22,2026-07-27 12:56:22
1083,1655,海賊トニー＆ベニー,カイゾクトニーアンドベニー,Kaizokutoniiandobenii,？？？系,,0,,https://xn--10-yg4a1a3kyh.jp/a_mon/../a_mon/dq10_monster_k_kaizokutoni-beni-.html,,,,2026-07-27 12:56:25,2026-07-27 12:56:25
1084,1656,怪蟲アラグネ,カイチュウアラグネ,Kaichuuaragune,虫系,,0,,https://xn--10-yg4a1a3kyh.jp/a_mon/../a_mon/dq10_monster_k_kaichuuaragune.html,,,,2026-07-27 12:56:28,2026-07-27 12:56:28
1085,1657,怪蟲アラグネ強,カイチュウアラグネキョウ,Kaichuuaragune (Strong),虫系,,0,,https://xn--10-yg4a1a3kyh.jp/a_mon/../a_mon/dq10_monster_k_kaichuuaragunekyo.html,,,,2026-07-27 12:56:31,2026-07-27 12:56:31
1086,1658,怪鳥クワット,カイチョウクワット,Kaichoukuwatto,鳥系,,0,,https://xn--10-yg4a1a3kyh.jp/a_mon/../a_mon/dq10_monster_k_kaichokuwatto.html,,,,2026-07-27 12:56:33,2026-07-27 12:56:33
1087,1659,海冥主メイヴ,カイメイシュメイヴ,Kaimeishumeivu,水系,,0,,https://xn--10-yg4a1a3kyh.jp/a_mon/../a_mon/dq10_monster_k_kaimeishumeibu.html,,,,2026-07-27 12:56:36,2026-07-27 12:56:36
1088,1660,壊乱の邪将,カイランノジャショウ,Kairannojashou,あくま系,,0,,https://xn--10-yg4a1a3kyh.jp/a_mon/../a_mon/dq10_monster_k_kairannojasho.html,,,,2026-07-27 12:56:39,2026-07-27 12:56:39
1089,1661,下級亡霊兵士,カキュウボウレイヘイシ,Kakyuuboureiheishi,ゾンビ系,,0,,https://xn--10-yg4a1a3kyh.jp/a_mon/../a_mon/dq10_monster_k_kakyuuboreiheishi.html,,,,2026-07-27 12:56:41,2026-07-27 12:56:41
1090,1662,覚醒プスゴン,カクセイプスゴン,Kakuseipusugon,ドラゴン系,,0,,https://xn--10-yg4a1a3kyh.jp/a_mon/../a_mon/dq10_monster_k_kakuseipusugon.html,,,,2026-07-27 12:56:44,2026-07-27 12:56:44
1091,1663,風の祠の守護者,カゼノホコラノシュゴシャ,Kazenohokoranoshugosha,ドラゴン系,,0,,https://xn--10-yg4a1a3kyh.jp/a_mon/../a_mon/dq10_monster_k_kazenohokoranoshugosha.html,,,,2026-07-27 12:56:47,2026-07-27 12:56:47
1092,1664,風の竜イゾラ,カゼノリュウイゾラ,Kazenoryuuizora,ドラゴン系,,0,,https://xn--10-yg4a1a3kyh.jp/a_mon/../a_mon/dq10_monster_k_kazenoryuuizora.html,,,,2026-07-27 12:56:50,2026-07-27 12:56:50
1093,1665,カラミティキング,カラミティキング,Karamiteikingu,スライム系,,0,,https://xn--10-yg4a1a3kyh.jp/a_mon/../a_mon/dq10_monster_k_karamitikingu.html,,,,2026-07-27 12:56:52,2026-07-27 12:56:52
1094,1666,カラミティサン,カラミティサン,Karamiteisan,エレメント系,,0,,https://xn--10-yg4a1a3kyh.jp/a_mon/../a_mon/dq10_monster_k_karamitisan.html,,,,2026-07-27 12:56:55,2026-07-27 12:56:55
1095,1667,カラミティスコルプ,カラミティスコルプ,Karamiteisukorupu,虫系,,0,,https://xn--10-yg4a1a3kyh.jp/a_mon/../a_mon/dq10_monster_k_karamitisukorupu.html,,,,2026-07-27 12:56:58,2026-07-27 12:56:58
1096,1668,カラミティデーモン,カラミティデーモン,Karamiteideemon,あくま系,,0,,https://xn--10-yg4a1a3kyh.jp/a_mon/../a_mon/dq10_monster_k_karamitide-mon.html,,,,2026-07-27 12:57:01,2026-07-27 12:57:01
1097,1669,カラミティドラゴン,カラミティドラゴン,Karamiteidoragon,ドラゴン系,,0,,https://xn--10-yg4a1a3kyh.jp/a_mon/../a_mon/dq10_monster_k_karamitidoragon.html,,,,2026-07-27 12:57:03,2026-07-27 12:57:03
1098,1670,カラミティロイド,カラミティロイド,Karamiteiroido,マシン系,,0,,https://xn--10-yg4a1a3kyh.jp/a_mon/../a_mon/dq10_monster_k_karamitiroido.html,,,,2026-07-27 12:57:06,2026-07-27 12:57:06
1099,1671,禍乱の竜アンテロ,カランノリュウアンテロ,Karannoryuuantero,ドラゴン系,,0,,https://xn--10-yg4a1a3kyh.jp/a_mon/../a_mon/dq10_monster_k_karannoryuuantero.html,,,,2026-07-27 12:57:09,2026-07-27 12:57:09
1100,1672,カンダタ,カンダタ,Kandata,？？？系,,0,,https://xn--10-yg4a1a3kyh.jp/a_mon/../a_mon/dq10_monster_k_kandata.html,,,,2026-07-27 12:57:11,2026-07-27 12:57:11
1101,1673,カンダタこぶん,カンダタコブン,Kandatakobun,？？？系,,0,,https://xn--10-yg4a1a3kyh.jp/a_mon/../a_mon/dq10_monster_k_kandatakobun.html,,,,2026-07-27 12:57:14,2026-07-27 12:57:14
1102,1674,管理端末Ｑ４８４,カンリタンマツキューヨンハチヨン,Kanritanmatsukyuuyonhachiyon,マシン系,,0,,https://xn--10-yg4a1a3kyh.jp/a_mon/../a_mon/dq10_monster_k_kanritammatsu.html,,,,2026-07-27 12:57:17,2026-07-27 12:57:17
1103,1675,ギーグハンマー,ギーグハンマー,Giiguhanmaa,ドラゴン系,,0,,https://xn--10-yg4a1a3kyh.jp/a_mon/../a_mon/dq10_monster_k_gi-guhamma-.html,,,,2026-07-27 12:57:19,2026-07-27 12:57:19
1104,1676,ギーグハンマー強,ギーグハンマーキョウ,Giiguhanmaa (Strong),ドラゴン系,,0,,https://xn--10-yg4a1a3kyh.jp/a_mon/../a_mon/dq10_monster_k_gi-guhamma-kyo.html,,,,2026-07-27 12:57:22,2026-07-27 12:57:22
1105,1677,ギーグハンマー・狂,ギーグハンマー・キョウ,Giiguhanmaa (Frenzied),ドラゴン系,,0,,https://xn--10-yg4a1a3kyh.jp/a_mon/../a_mon/dq10_monster_k_gi-guhamma-kyo2.html,,,,2026-07-27 12:57:25,2026-07-27 12:57:25
1106,1678,ギガデーモン(コイン),ギガデーモン(コイン),Pruslas (Coin),ドラゴン系,,0,,https://xn--10-yg4a1a3kyh.jp/a_mon/../a_mon/dq10_monster_k_gigade-monkoin.html,,,,2026-07-27 12:57:27,2026-07-27 12:57:27
1107,1679,ギガデンデロベー,ギガデンデロベー,Gigadenderobee,ドラゴン系,,0,,https://xn--10-yg4a1a3kyh.jp/a_mon/../a_mon/dq10_monster_k_gigadenderobe-.html,,,,2026-07-27 12:57:30,2026-07-27 12:57:30
1108,1680,ギガモーモリーナ,ギガモーモリーナ,Gigamoomoriina,あくま系,,0,,https://xn--10-yg4a1a3kyh.jp/a_mon/../a_mon/dq10_monster_k_gigamo-mori-na.html,,,,2026-07-27 12:57:33,2026-07-27 12:57:33
1109,1681,起源鎧デルメゼ,キゲンガイデルメゼ,Kigengaiderumeze,物質系,,0,,https://xn--10-yg4a1a3kyh.jp/a_mon/../a_mon/dq10_monster_k_kigengaiderumeze.html,,,,2026-07-27 12:57:36,2026-07-27 12:57:36
1110,1682,起源獣ガルドドン,キゲンジュウガルドドン,Kigenjuugarudodon,けもの系,,0,,https://xn--10-yg4a1a3kyh.jp/a_mon/../a_mon/dq10_monster_k_kigenjuugarudodon.html,,,,2026-07-27 12:57:38,2026-07-27 12:57:38
1111,1683,起源将ジェルザーク,キゲンショウジェルザーク,Kigenshoujeruzaaku,怪人系,,0,,https://xn--10-yg4a1a3kyh.jp/a_mon/../a_mon/dq10_monster_k_kigenjuuruza-ku.html,,,,2026-07-27 12:57:41,2026-07-27 12:57:41
1112,1684,起源魔スコルパイド,キゲンマスコルパイド,Kigenmasukorupaido,虫系,,0,,https://xn--10-yg4a1a3kyh.jp/a_mon/../a_mon/dq10_monster_k_kigenjuusukorupaido.html,,,,2026-07-27 12:57:44,2026-07-27 12:57:44
1113,1685,鬼人兵,キジンヘイ,Kijinhei,怪人系,,0,,https://xn--10-yg4a1a3kyh.jp/a_mon/../a_mon/dq10_monster_k_kijinhei.html,,,,2026-07-27 12:57:46,2026-07-27 12:57:46
1114,1686,キッズ,キッズ,Kizzu,ドラゴン系,,0,,https://xn--10-yg4a1a3kyh.jp/a_mon/../a_mon/dq10_monster_k_kizzu.html,,,,2026-07-27 12:57:49,2026-07-27 12:57:49
1115,1687,キノコどうし,キノコドウシ,Kinokodoushi,怪人系,,0,,https://xn--10-yg4a1a3kyh.jp/a_mon/../a_mon/dq10_monster_k_kinokodoshi.html,,,,2026-07-27 12:57:52,2026-07-27 12:57:52
1116,1688,牙王ゴースネル,キバオウゴースネル,Kibaougoosuneru,けもの系,,0,,https://xn--10-yg4a1a3kyh.jp/a_mon/../a_mon/dq10_monster_k_kibaogo-suneru.html,,,,2026-07-27 12:57:55,2026-07-27 12:57:55
1117,1689,黄飛竜,キヒリュウ,Kihiryuu,ドラゴン系,,0,,https://xn--10-yg4a1a3kyh.jp/a_mon/../a_mon/dq10_monster_k_kihiryuu.html,,,,2026-07-27 12:57:57,2026-07-27 12:57:57
1118,1690,希望のケモノ,キボウノケモノ,Kibounokemono,鳥系,,0,,https://xn--10-yg4a1a3kyh.jp/a_mon/../a_mon/dq10_monster_k_kibonokemono.html,,,,2026-07-27 12:58:00,2026-07-27 12:58:00
1119,1691,鬼謀の幻将,キボウノゲンショウ,Kibounogenshou,けもの系,,0,,https://xn--10-yg4a1a3kyh.jp/a_mon/../a_mon/dq10_monster_k_kibonogensho.html,,,,2026-07-27 12:58:03,2026-07-27 12:58:03
1120,1692,鬼門のヌエ,キモンノヌエ,Kimonnonue,けもの系,,0,,https://xn--10-yg4a1a3kyh.jp/a_mon/../a_mon/dq10_monster_k_kimonnonue.html,,,,2026-07-27 12:58:06,2026-07-27 12:58:06
1121,1693,逆乱の竜ナダイア,ギャクランノリュウナダイア,Gyakurannoryuunadaia,ドラゴン系,,0,,https://xn--10-yg4a1a3kyh.jp/a_mon/../a_mon/dq10_monster_k_gyakurannoryuunadaia.html,,,,2026-07-27 12:58:08,2026-07-27 12:58:08
1122,1694,ギャスモン,ギャスモン,Gyasumon,エレメント系,,0,,https://xn--10-yg4a1a3kyh.jp/a_mon/../a_mon/dq10_monster_k_gyasumon.html,,,,2026-07-27 12:58:11,2026-07-27 12:58:11
1123,1695,キャット・リベリオ,キャット・リベリオ,Kyatto Riberio,けもの系,,0,,https://xn--10-yg4a1a3kyh.jp/a_mon/../a_mon/dq10_monster_k_kyattoriberio.html,,,,2026-07-27 12:58:14,2026-07-27 12:58:14
1124,1696,キャットリベリオ強,キャットリベリオキョウ,Kyattoriberiokyou,けもの系,,0,,https://xn--10-yg4a1a3kyh.jp/a_mon/../a_mon/dq10_monster_k_kyattoriberiokyo.html,,,,2026-07-27 12:58:16,2026-07-27 12:58:16
1125,1697,ギャノン弟,ギャノンオトウト,Gyanon'otouto,けもの系,,0,,https://xn--10-yg4a1a3kyh.jp/a_mon/../a_mon/dq10_monster_k_gyanonototo.html,,,,2026-07-27 12:58:19,2026-07-27 12:58:19
1126,1698,究極エビルプリースト,キュウキョクエビルプリースト,Kyuukyokuebirupuriisuto,？？？系,,0,,https://xn--10-yg4a1a3kyh.jp/a_mon/../a_mon/dq10_monster_k_kyuukyokuebirupuri-suto.html,,,,2026-07-27 12:58:22,2026-07-27 12:58:22
1127,1699,ギュメイ将軍,ギュメイショウグン,Gyumeishougun,けもの系,,0,,https://xn--10-yg4a1a3kyh.jp/a_mon/../a_mon/dq10_monster_k_gyumeishogun.html,,,,2026-07-27 12:58:24,2026-07-27 12:58:24
1128,1700,キュロンイーター,キュロンイーター,Kyuron'iitaa,ドラゴン系,,0,,https://xn--10-yg4a1a3kyh.jp/a_mon/../a_mon/dq10_monster_k_kyuroni-ta-.html,,,,2026-07-27 12:58:27,2026-07-27 12:58:27
1129,1701,キュロンイーター花,キュロンイーターハナ,Kyuron'iitaahana,ドラゴン系,,0,,https://xn--10-yg4a1a3kyh.jp/a_mon/../a_mon/dq10_monster_k_kyuroni-ta-hana.html,,,,2026-07-27 12:58:30,2026-07-27 12:58:30
1130,1702,強化異形獣・狂,キョウカイギョウジュウ・キョウ,Kyoukaigyoujuu Kyou,物質系,,0,,https://xn--10-yg4a1a3kyh.jp/a_mon/../a_mon/dq10_monster_k_kyokaigyojuukyo.html,,,,2026-07-27 12:58:33,2026-07-27 12:58:33
1131,1703,凶禍のフラウソン,キョウカノフラウソン,Kyoukanofurauson,エレメント系,,0,,https://xn--10-yg4a1a3kyh.jp/a_mon/../a_mon/dq10_monster_k_kyokanofurauson.html,,,,2026-07-27 12:58:35,2026-07-27 12:58:35
1132,1704,狂鬼ジーガンフ,キョウキジーガンフ,Kyoukijiiganfu,怪人系,,0,,https://xn--10-yg4a1a3kyh.jp/a_mon/../a_mon/dq10_monster_k_kyokiji-ganfu.html,,,,2026-07-27 12:58:38,2026-07-27 12:58:38
1133,1705,狂鬼ドランド公,キョウキドランドコウ,Kyoukidorandokou,怪人系,,0,,https://xn--10-yg4a1a3kyh.jp/a_mon/../a_mon/dq10_monster_k_kyokidorandoko.html,,,,2026-07-27 12:58:41,2026-07-27 12:58:41
1134,1706,凶拳暴鬼ダルカス,キョウケンボウキダルカス,Kyoukenboukidarukasu,？？？系,,0,,https://xn--10-yg4a1a3kyh.jp/a_mon/../a_mon/dq10_monster_k_kyokembokidarukasu.html,,,,2026-07-27 12:58:44,2026-07-27 12:58:44
1135,1707,凶獣アルグトス,キョウジュウアルグトス,Kyoujuuarugutosu,けもの系,,0,,https://xn--10-yg4a1a3kyh.jp/a_mon/../a_mon/dq10_monster_k_kyoujuuarugutosu.html,,,,2026-07-27 12:58:46,2026-07-27 12:58:46
1136,1708,凶将バリクナジャ,キョウショウバリクナジャ,Kyoushoubarikunaja,怪人系,,0,,https://xn--10-yg4a1a3kyh.jp/a_mon/../a_mon/dq10_monster_k_kyoshobarikunaja.html,,,,2026-07-27 12:58:49,2026-07-27 12:58:49
1137,1709,狂信者ヤイル,キョウシンシャヤイル,Kyoushinshayairu,？？？系,,0,,https://xn--10-yg4a1a3kyh.jp/a_mon/../a_mon/dq10_monster_k_kyoshinjayairu.html,,,,2026-07-27 12:58:52,2026-07-27 12:58:52
1138,1710,狂戦士レギオン,キョウセンシレギオン,Kyousenshiregion,？？？系,,0,,https://xn--10-yg4a1a3kyh.jp/a_mon/../a_mon/dq10_monster_k_kyosenshiregion.html,,,,2026-07-27 12:58:54,2026-07-27 12:58:54
1139,1711,凶鳥フレス,キョウトリフレス,Kyoutorifuresu,鳥系,,0,,https://xn--10-yg4a1a3kyh.jp/a_mon/../a_mon/dq10_monster_k_kyochofuresu.html,,,,2026-07-27 12:58:57,2026-07-27 12:58:57
1140,1712,暁天竜ランビリズマ,ギョウテンリュウランビリズマ,Gyoutenryuuranbirizuma,ドラゴン系,,0,,https://xn--10-yg4a1a3kyh.jp/a_mon/../a_mon/dq10_monster_k_gyotenryuurambirizuma.html,,,,2026-07-27 12:59:00,2026-07-27 12:59:00
1141,1713,恐怖の化身,キョウフノケシン,Kyoufunokeshin,？？？系,,0,,https://xn--10-yg4a1a3kyh.jp/a_mon/../a_mon/dq10_monster_k_kyofunokeshin.html,,,,2026-07-27 12:59:03,2026-07-27 12:59:03
1142,1714,巨戦鬼ゴルゴンザ,キョセンキゴルゴンザ,Kyosenkigorugonza,あくま系,,0,,https://xn--10-yg4a1a3kyh.jp/a_mon/../a_mon/dq10_monster_k_kyosenkigorugonza.html,,,,2026-07-27 12:59:05,2026-07-27 12:59:05
1143,1715,巨大魔瘴魂,キョダイマショウコン,Kyodaimashoukon,エレメント系,,0,,https://xn--10-yg4a1a3kyh.jp/a_mon/../a_mon/dq10_monster_k_kyodaimashokon.html,,,,2026-07-27 12:59:08,2026-07-27 12:59:08
1144,1716,虚竜王グリーデル,キョリュウオウグリーデル,Kyoryuuouguriideru,ドラゴン系,,0,,https://xn--10-yg4a1a3kyh.jp/a_mon/../a_mon/dq10_monster_k_kyoryuuoguri-deru.html,,,,2026-07-27 12:59:11,2026-07-27 12:59:11
1145,1717,巨竜樹タツノギ,キョリュウジュタツノギ,Kyoryuujutatsunogi,ドラゴン系,,0,,https://xn--10-yg4a1a3kyh.jp/a_mon/../a_mon/dq10_monster_k_kyoryuujutatsunogi.html,,,,2026-07-27 12:59:13,2026-07-27 12:59:13
1146,1718,キラーホイール,キラーホイール,Kiraahoiiru,マシン系,,0,,https://xn--10-yg4a1a3kyh.jp/a_mon/../a_mon/dq10_monster_k_kira-hoi-ru.html,,,,2026-07-27 12:59:16,2026-07-27 12:59:16
1147,1719,キラーマジンガ,キラーマジンガ,Kiraamajinga,マシン系,,0,,https://xn--10-yg4a1a3kyh.jp/a_mon/../a_mon/dq10_monster_k_kira-majinga.html,,,,2026-07-27 12:59:19,2026-07-27 12:59:19
1148,1720,キラーマジンガ強,キラーマジンガキョウ,Kiraamajinga (Strong),マシン系,,0,,https://xn--10-yg4a1a3kyh.jp/a_mon/../a_mon/dq10_monster_k_kira-majingakyo.html,,,,2026-07-27 12:59:22,2026-07-27 12:59:22
1149,1721,キリングエナジー,キリングエナジー,Kiringuenajii,エレメント系,,0,,https://xn--10-yg4a1a3kyh.jp/a_mon/../a_mon/dq10_monster_k_kiringuenaji-.html,,,,2026-07-27 12:59:24,2026-07-27 12:59:24
1150,1722,儀礼の評定者,ギレイノヒョウテイシャ,Gireinohyouteisha,あくま系,,0,,https://xn--10-yg4a1a3kyh.jp/a_mon/../a_mon/dq10_monster_k_gireinohyoteisha.html,,,,2026-07-27 12:59:27,2026-07-27 12:59:27
1151,1723,禁忌の幻影神・戒,キンキノゲンエイシン・カイ,Kinkinogen'eishin Kai,鳥系,,0,,https://xn--10-yg4a1a3kyh.jp/a_mon/../a_mon/dq10_monster_k_kinkinogeneishinkai.html,,,,2026-07-27 12:59:30,2026-07-27 12:59:30
1152,1724,禁忌の幻影神・断,キンキノゲンエイシン・ダン,Kinkinogen'eishin Dan,鳥系,,0,,https://xn--10-yg4a1a3kyh.jp/a_mon/../a_mon/dq10_monster_k_kinkinogeneishindan.html,,,,2026-07-27 12:59:32,2026-07-27 12:59:32
1153,1725,禁忌の幻影神・封,キンキノゲンエイシン・フウ,Kinkinogen'eishin Fuu,鳥系,,0,,https://xn--10-yg4a1a3kyh.jp/a_mon/../a_mon/dq10_monster_k_kinkinogeneishinfuu.html,,,,2026-07-27 12:59:35,2026-07-27 12:59:35
1154,1726,キング,キング,Kingu,物質系,,0,,https://xn--10-yg4a1a3kyh.jp/a_mon/../a_mon/dq10_monster_k_kingu.html,,,,2026-07-27 12:59:38,2026-07-27 12:59:38
1155,1727,キングスパーキー,キングスパーキー,Kingusupaakii,鳥系,,0,,https://xn--10-yg4a1a3kyh.jp/a_mon/../a_mon/dq10_monster_k_kingusupa-ki-.html,,,,2026-07-27 12:59:40,2026-07-27 12:59:40
1156,1728,キングヒドラ,キングヒドラ,Kinguhidora,ドラゴン系,,0,,https://xn--10-yg4a1a3kyh.jp/a_mon/../a_mon/dq10_monster_k_kinguhidora.html,,,,2026-07-27 12:59:43,2026-07-27 12:59:43
1157,1729,キングヒドラ強,キングヒドラキョウ,Kinguhidora (Strong),ドラゴン系,,0,,https://xn--10-yg4a1a3kyh.jp/a_mon/../a_mon/dq10_monster_k_kinguhidorakyo.html,,,,2026-07-27 12:59:46,2026-07-27 12:59:46
1158,1730,キングレオ,キングレオ,Kingureo,けもの系,,0,,https://xn--10-yg4a1a3kyh.jp/a_mon/../a_mon/dq10_monster_k_kingureo.html,,,,2026-07-27 12:59:48,2026-07-27 12:59:48
1159,1731,キングレオ強,キングレオキョウ,Kingureo (Strong),けもの系,,0,,https://xn--10-yg4a1a3kyh.jp/a_mon/../a_mon/dq10_monster_k_kingureokyo.html,,,,2026-07-27 12:59:51,2026-07-27 12:59:51
1160,1732,銀甲の崩撃将ダバム,ギンコウノホウゲキショウダバム,Ginkounohougekishoudabamu,虫系,,0,,https://xn--10-yg4a1a3kyh.jp/a_mon/../a_mon/dq10_monster_k_ginkonohogekishodabamu.html,,,,2026-07-27 12:59:54,2026-07-27 12:59:54
1161,1733,禁書の守護者・左,キンショノシュゴシャ・ヒダリ,Kinshonoshugosha Hidari,あくま系,,0,,https://xn--10-yg4a1a3kyh.jp/a_mon/../a_mon/dq10_monster_k_kinshonoshugoshahidari.html,,,,2026-07-27 12:59:57,2026-07-27 12:59:57
1162,1734,禁書の守護者・右,キンショノシュゴシャ・ミギ,Kinshonoshugosha Migi,あくま系,,0,,https://xn--10-yg4a1a3kyh.jp/a_mon/../a_mon/dq10_monster_k_kinshonoshugoshamigi.html,,,,2026-07-27 12:59:59,2026-07-27 12:59:59
1163,1735,クールホーン,クールホーン,Kuuruhoon,鳥系,,0,,https://xn--10-yg4a1a3kyh.jp/a_mon/../a_mon/dq10_monster_k_ku-ruho-n.html,,,,2026-07-27 13:00:02,2026-07-27 13:00:02
1164,1736,グラコス,グラコス,Gurakosu,水系,,0,,https://xn--10-yg4a1a3kyh.jp/a_mon/../a_mon/dq10_monster_k_gurakosu.html,,,,2026-07-27 13:00:05,2026-07-27 13:00:05
1165,1737,グラコス５世,グラコスゴセイ,Gurakosugosei,水系,,0,,https://xn--10-yg4a1a3kyh.jp/a_mon/../a_mon/dq10_monster_k_gurakosu5sei.html,,,,2026-07-27 13:00:07,2026-07-27 13:00:07
1166,1738,グラコス強,グラコスキョウ,Gurakosu (Strong),水系,,0,,https://xn--10-yg4a1a3kyh.jp/a_mon/../a_mon/dq10_monster_k_gurakosukyo.html,,,,2026-07-27 13:00:10,2026-07-27 13:00:10
1167,1739,くらやみ飛天,クラヤミヒテン,Kurayamihiten,あくま系,,0,,https://xn--10-yg4a1a3kyh.jp/a_mon/../a_mon/dq10_monster_k_kurayamihiten.html,,,,2026-07-27 13:00:13,2026-07-27 13:00:13
1168,1740,グリーターデーモン,グリーターデーモン,Guriitaadeemon,あくま系,,0,,https://xn--10-yg4a1a3kyh.jp/a_mon/../a_mon/dq10_monster_k_guri-ta-de-mon.html,,,,2026-07-27 13:00:15,2026-07-27 13:00:15
1169,1741,グリゴリきょじん,グリゴリキョジン,Gurigorikyojin,怪人系,,0,,https://xn--10-yg4a1a3kyh.jp/a_mon/../a_mon/dq10_monster_k_gurigorikyojin.html,,,,2026-07-27 13:00:18,2026-07-27 13:00:18
1170,1742,クリムゾンローグ,クリムゾンローグ,Kurimuzonroogu,怪人系,,0,,https://xn--10-yg4a1a3kyh.jp/a_mon/../a_mon/dq10_monster_k_kurimuzonro-gu.html,,,,2026-07-27 13:00:21,2026-07-27 13:00:21
1171,1743,狂える王子,キョウエルオウジ,Kyoueruouji,？？？系,,0,,https://xn--10-yg4a1a3kyh.jp/a_mon/../a_mon/dq10_monster_k_kurueruoji.html,,,,2026-07-27 13:00:24,2026-07-27 13:00:24
1172,1744,クルミンクス,クルミンクス,Kuruminkusu,？？？系,,0,,https://xn--10-yg4a1a3kyh.jp/a_mon/../a_mon/dq10_monster_k_kuruminkusu.html,,,,2026-07-27 13:00:26,2026-07-27 13:00:26
1173,1745,グレイブディガー,グレイブディガー,Gureibudeigaa,けもの系,,0,,https://xn--10-yg4a1a3kyh.jp/a_mon/../a_mon/dq10_monster_k_gureibudiga-.html,,,,2026-07-27 13:00:29,2026-07-27 13:00:29
1174,1746,グレイブディガー強,グレイブディガーキョウ,Gureibudeigaa (Strong),けもの系,,0,,https://xn--10-yg4a1a3kyh.jp/a_mon/../a_mon/dq10_monster_k_gureibudiga-kyo.html,,,,2026-07-27 13:00:32,2026-07-27 13:00:32
1175,1747,紅蓮のクイーンビー,グレンノクイーンビー,Gurennokuiinbii,虫系,,0,,https://xn--10-yg4a1a3kyh.jp/a_mon/../a_mon/dq10_monster_k_gurennokui-mbi-.html,,,,2026-07-27 13:00:35,2026-07-27 13:00:35
1176,1748,黒怨王,コクオンオウ,Kokuon'ou,エレメント系,,0,,https://xn--10-yg4a1a3kyh.jp/a_mon/../a_mon/dq10_monster_k_kurono.html,,,,2026-07-27 13:00:37,2026-07-27 13:00:37
1177,1749,黒き花婿,クロキハナムコ,Kurokihanamuko,エレメント系,,0,,https://xn--10-yg4a1a3kyh.jp/a_mon/../a_mon/dq10_monster_k_kurokihanamuko.html,,,,2026-07-27 13:00:40,2026-07-27 13:00:40
1178,1750,黒飛竜,クロヒリュウ,Kurohiryuu,ドラゴン系,,0,,https://xn--10-yg4a1a3kyh.jp/a_mon/../a_mon/dq10_monster_k_kurohiryuu.html,,,,2026-07-27 13:00:43,2026-07-27 13:00:43
1179,1751,ケイト,ケイト,Keito,？？？系,,0,,https://xn--10-yg4a1a3kyh.jp/a_mon/../a_mon/dq10_monster_k_keito.html,,,,2026-07-27 13:00:45,2026-07-27 13:00:45
1180,1752,けがれの渦,ケガレノウズ,Kegarenouzu,エレメント系,,0,,https://xn--10-yg4a1a3kyh.jp/a_mon/../a_mon/dq10_monster_k_kegarenozu.html,,,,2026-07-27 13:00:48,2026-07-27 13:00:48
1181,1753,激情の竜エステラ,ゲキジョウノリュウエステラ,Gekijounoryuuesutera,ドラゴン系,,0,,https://xn--10-yg4a1a3kyh.jp/a_mon/../a_mon/dq10_monster_k_gekijonoryuuesutera.html,,,,2026-07-27 13:00:51,2026-07-27 13:00:51
1182,1754,激憤の魔瘴竜,ゲキフンノマショウリュウ,Gekifunnomashouryuu,ドラゴン系,,0,,https://xn--10-yg4a1a3kyh.jp/a_mon/../a_mon/dq10_monster_k_gekifunnomashoryuu.html,,,,2026-07-27 13:00:54,2026-07-27 13:00:54
1183,1755,ゲノディオ,ゲノディオ,Genodeio,水系,,0,,https://xn--10-yg4a1a3kyh.jp/a_mon/../a_mon/dq10_monster_k_genodio.html,,,,2026-07-27 13:00:56,2026-07-27 13:00:56
1184,1756,獣生む異形,ケモノウムイギョウ,Kemonoumuigyou,けもの系,,0,,https://xn--10-yg4a1a3kyh.jp/a_mon/../a_mon/dq10_monster_k_kemonomuigyo.html,,,,2026-07-27 13:00:59,2026-07-27 13:00:59
1185,1757,ゲルニック将軍,ゲルニックショウグン,Gerunikkushougun,鳥系,,0,,https://xn--10-yg4a1a3kyh.jp/a_mon/../a_mon/dq10_monster_k_gerunikkushogun.html,,,,2026-07-27 13:01:02,2026-07-27 13:01:02
1186,1758,剣王ガルドリオン,ケンオウガルドリオン,Ken'ougarudorion,けもの系,,0,,https://xn--10-yg4a1a3kyh.jp/a_mon/../a_mon/dq10_monster_k_kenogarudorion.html,,,,2026-07-27 13:01:05,2026-07-27 13:01:05
1187,1759,原子獣フォドラス,ゲンシジュウフォドラス,Genshijuufuodorasu,怪人系,,0,,https://xn--10-yg4a1a3kyh.jp/a_mon/../a_mon/dq10_monster_k_genshijuufodorasu.html,,,,2026-07-27 13:01:07,2026-07-27 13:01:07
1188,1760,原始のスライム,ゲンシノスライム,Genshinosuraimu,スライム系,,0,,https://xn--10-yg4a1a3kyh.jp/a_mon/../a_mon/dq10_monster_k_genshinosuraimu.html,,,,2026-07-27 13:01:10,2026-07-27 13:01:10
1189,1761,剣士ヒューザ,ケンシヒューザ,Kenshihyuuza,？？？系,,0,,https://xn--10-yg4a1a3kyh.jp/a_mon/../a_mon/dq10_monster_k_kenshihyu-za.html,,,,2026-07-27 13:01:13,2026-07-27 13:01:13
1190,1762,原獣プレゴーグ,ゲンジュウプレゴーグ,Genjuupuregoogu,物質系,,0,,https://xn--10-yg4a1a3kyh.jp/a_mon/../a_mon/dq10_monster_k_genjuupurego-gu.html,,,,2026-07-27 13:01:16,2026-07-27 13:01:16
1191,1763,幻将ハヌマーン,ゲンショウハヌマーン,Genshouhanumaan,けもの系,,0,,https://xn--10-yg4a1a3kyh.jp/a_mon/../a_mon/dq10_monster_k_genshohanuma-n.html,,,,2026-07-27 13:01:18,2026-07-27 13:01:18
1192,1764,源世果フルポティ,ゲンセカフルポティ,Gensekafurupotei,植物系,,0,,https://xn--10-yg4a1a3kyh.jp/a_mon/../a_mon/dq10_monster_k_genseikafurupoti.html,,,,2026-07-27 13:01:21,2026-07-27 13:01:21
1193,1765,源世妃フォルダイナ,ゲンセヒフォルダイナ,Gensehifuorudaina,物質系,,0,,https://xn--10-yg4a1a3kyh.jp/a_mon/../a_mon/dq10_monster_k_genseikiforudaina.html,,,,2026-07-27 13:01:24,2026-07-27 13:01:24
1194,1766,源世鳥アルマナ,ゲンセチョウアルマナ,Gensechouarumana,鳥系,,0,,https://xn--10-yg4a1a3kyh.jp/a_mon/../a_mon/dq10_monster_k_genseichoarumana.html,,,,2026-07-27 13:01:27,2026-07-27 13:01:27
1195,1767,言声の化身,ゲンセイノケシン,Genseinokeshin,あくま系,,0,,https://xn--10-yg4a1a3kyh.jp/a_mon/../a_mon/dq10_monster_k_genseinokeshin.html,,,,2026-07-27 13:01:29,2026-07-27 13:01:29
1196,1768,幻魔将ファズマ,ゲンマショウファズマ,Genmashoufuazuma,あくま系,,0,,https://xn--10-yg4a1a3kyh.jp/a_mon/../a_mon/dq10_monster_k_gemmashofazuma.html,,,,2026-07-27 13:01:32,2026-07-27 13:01:32
1197,1769,剣魔ジルドラーナ,ケンマジルドラーナ,Kenmajirudoraana,？？？系,,0,,https://xn--10-yg4a1a3kyh.jp/a_mon/../a_mon/dq10_monster_k_kemmajirudora-na.html,,,,2026-07-27 13:01:35,2026-07-27 13:01:35
1198,1770,剣魔ゼルゲイド,ケンマゼルゲイド,Kenmazerugeido,？？？系,,0,,https://xn--10-yg4a1a3kyh.jp/a_mon/../a_mon/dq10_monster_k_kenmazerugeido.html,,,,2026-07-27 13:01:37,2026-07-27 13:01:37
1199,1771,剣魔の伝霊,ケンマノデンレイ,Kenmanodenrei,？？？系,,0,,https://xn--10-yg4a1a3kyh.jp/a_mon/../a_mon/dq10_monster_k_kemmanodenrei.html,,,,2026-07-27 13:01:40,2026-07-27 13:01:40
1200,1772,幻妖の黒公子,ゲンヨウノコクコウシ,Gen'younokokukoushi,？？？系,,0,,https://xn--10-yg4a1a3kyh.jp/a_mon/../a_mon/dq10_monster_k_genyonokurokoshi.html,,,,2026-07-27 13:01:43,2026-07-27 13:01:43
1201,1773,幻妖の魔勇者,ゲンヨウノマユウシャ,Gen'younomayuusha,？？？系,,0,,https://xn--10-yg4a1a3kyh.jp/a_mon/../a_mon/dq10_monster_k_genyonomayuusha.html,,,,2026-07-27 13:01:46,2026-07-27 13:01:46
1202,1774,紅殻魔スコルパイド,コウカクマスコルパイド,Koukakumasukorupaido,虫系,,0,,https://xn--10-yg4a1a3kyh.jp/a_mon/../a_mon/dq10_monster_k_kokakumasukorupaido.html,,,,2026-07-27 13:01:48,2026-07-27 13:01:48
1203,1775,剛獣鬼ガルドドン,ゴウジュウキガルドドン,Goujuukigarudodon,けもの系,,0,,https://xn--10-yg4a1a3kyh.jp/a_mon/../a_mon/dq10_monster_k_gojuukigarudodon.html,,,,2026-07-27 13:01:51,2026-07-27 13:01:51
1204,1776,荒城の守護精,コウジョウノシュゴセイ,Koujounoshugosei,植物系,,0,,https://xn--10-yg4a1a3kyh.jp/a_mon/../a_mon/dq10_monster_k_kojonoshugosei.html,,,,2026-07-27 13:01:54,2026-07-27 13:01:54
1205,1777,紅爆の暴奏将モグド,コウバクノボウソウショウモグド,Koubakunobousoushoumogudo,けもの系,,0,,https://xn--10-yg4a1a3kyh.jp/a_mon/../a_mon/dq10_monster_k_kobakunobososhomogudo.html,,,,2026-07-27 13:01:56,2026-07-27 13:01:56
1206,1778,強魔将ブレンダ,キョウマショウブレンダ,Kyoumashouburenda,怪人系,,0,,https://xn--10-yg4a1a3kyh.jp/a_mon/../a_mon/dq10_monster_k_gomashoburenda.html,,,,2026-07-27 13:01:59,2026-07-27 13:01:59
1207,1779,強魔将ベリンダ,キョウマショウベリンダ,Kyoumashouberinda,怪人系,,0,,https://xn--10-yg4a1a3kyh.jp/a_mon/../a_mon/dq10_monster_k_gomashoberinda.html,,,,2026-07-27 13:02:02,2026-07-27 13:02:02
1208,1780,剛腕の巨将,ゴウワンノキョショウ,Gouwannokyoshou,あくま系,,0,,https://xn--10-yg4a1a3kyh.jp/a_mon/../a_mon/dq10_monster_k_gowannokyosho.html,,,,2026-07-27 13:02:04,2026-07-27 13:02:04
1209,1781,子鬼ブリック,コオニブリック,Kooniburikku,怪人系,,0,,https://xn--10-yg4a1a3kyh.jp/a_mon/../a_mon/dq10_monster_k_koniburikku.html,,,,2026-07-27 13:02:07,2026-07-27 13:02:07
1210,1782,獄闇鬼ティトス,ゴクアンキティトス,Gokuankiteitosu,物質系,,0,,https://xn--10-yg4a1a3kyh.jp/a_mon/../a_mon/dq10_monster_k_gokuankititosu.html,,,,2026-07-27 13:02:10,2026-07-27 13:02:10
1211,1783,黒衣の君主,コクイノクンシュ,Kokuinokunshu,？？？系,,0,,https://xn--10-yg4a1a3kyh.jp/a_mon/../a_mon/dq10_monster_k_kokuinokunshu.html,,,,2026-07-27 13:02:13,2026-07-27 13:02:13
1212,1784,黒衣の剣士パドレ,コクイノケンシパドレ,Kokuinokenshipadore,？？？系,,0,,https://xn--10-yg4a1a3kyh.jp/a_mon/../a_mon/dq10_monster_k_kokuinokenshipadore.html,,,,2026-07-27 13:02:15,2026-07-27 13:02:15
1213,1785,虚空の神ナドラガ,コクウノカミナドラガ,Kokuunokaminadoraga,？？？系,,0,,https://xn--10-yg4a1a3kyh.jp/a_mon/../a_mon/dq10_monster_k_kokuunokaminadoraga.html,,,,2026-07-27 13:02:18,2026-07-27 13:02:18
1214,1786,虚空の邪竜神,コクウノジャリュウジン,Kokuunojaryuujin,？？？系,,0,,https://xn--10-yg4a1a3kyh.jp/a_mon/../a_mon/dq10_monster_k_kokuunojaryuushin.html,,,,2026-07-27 13:02:21,2026-07-27 13:02:21
1215,1787,獄炎鬼アグニース,ゴクエンキアグニース,Gokuenkiaguniisu,物質系,,0,,https://xn--10-yg4a1a3kyh.jp/a_mon/../a_mon/dq10_monster_k_gokuenkiaguni-su.html,,,,2026-07-27 13:02:23,2026-07-27 13:02:23
1216,1788,黒蛇鬼アクラガレナ,コクジャキアクラガレナ,Kokujakiakuragarena,ドラゴン系,,0,,https://xn--10-yg4a1a3kyh.jp/a_mon/../a_mon/dq10_monster_k_kokujakiakuragarena.html,,,,2026-07-27 13:02:26,2026-07-27 13:02:26
1217,1789,獄水鬼ヴァーテル,ゴクスイキヴァーテル,Gokusuikivuaateru,物質系,,0,,https://xn--10-yg4a1a3kyh.jp/a_mon/../a_mon/dq10_monster_k_gokusuiki-teru.html,,,,2026-07-27 13:02:29,2026-07-27 13:02:29
1218,1790,哭声の化身,コクセイノケシン,Kokuseinokeshin,物質系,,0,,https://xn--10-yg4a1a3kyh.jp/a_mon/../a_mon/dq10_monster_k_kokuseinokeshin.html,,,,2026-07-27 13:02:31,2026-07-27 13:02:31
1219,1791,獄氷鬼フィルグレア,ゴクヒョウキフィルグレア,Gokuhyoukifyirugurea,物質系,,0,,https://xn--10-yg4a1a3kyh.jp/a_mon/../a_mon/dq10_monster_k_gokuhyokifirugurea.html,,,,2026-07-27 13:02:34,2026-07-27 13:02:34
1220,1792,獄嵐鬼ウェンリル,ゴクランキウェンリル,Gokurankiuenriru,物質系,,0,,https://xn--10-yg4a1a3kyh.jp/a_mon/../a_mon/dq10_monster_k_gokurankiwenriru.html,,,,2026-07-27 13:02:37,2026-07-27 13:02:37
1221,1793,獄嵐の鎧鬼,ゴクランノガイキ,Gokurannogaiki,物質系,,0,,https://xn--10-yg4a1a3kyh.jp/a_mon/../a_mon/dq10_monster_k_gokurannogaiki.html,,,,2026-07-27 13:02:39,2026-07-27 13:02:39
1222,1794,黒竜丸,コクリュウマル,Kokuryuumaru,けもの系,,0,,https://xn--10-yg4a1a3kyh.jp/a_mon/../a_mon/dq10_monster_k_kokuryuumaru.html,,,,2026-07-27 13:02:42,2026-07-27 13:02:42
1223,1795,黒竜丸強,コクリュウマルキョウ,Kokuryuumaru (Strong),けもの系,,0,,https://xn--10-yg4a1a3kyh.jp/a_mon/../a_mon/dq10_monster_k_kokuryuumarukyo.html,,,,2026-07-27 13:02:45,2026-07-27 13:02:45
1224,1796,コスモマザー,コスモマザー,Kosumomazaa,虫系,,0,,https://xn--10-yg4a1a3kyh.jp/a_mon/../a_mon/dq10_monster_k_kosumomaza-.html,,,,2026-07-27 13:02:47,2026-07-27 13:02:47
1225,1797,古代ウルベア魔神兵,コダイウルベアマジンヘイ,Kodaiurubeamajinhei,マシン系,,0,,https://xn--10-yg4a1a3kyh.jp/a_mon/../a_mon/dq10_monster_k_kodaiurubeamajinhei.html,,,,2026-07-27 13:02:50,2026-07-27 13:02:50
1226,1798,古代つちわらし,コダイツチワラシ,Kodaitsuchiwarashi,怪人系,,0,,https://xn--10-yg4a1a3kyh.jp/a_mon/../a_mon/dq10_monster_k_kodaitsuchiwarashi.html,,,,2026-07-27 13:02:53,2026-07-27 13:02:53
1227,1799,孤独の闇,コドクノヤミ,Kodokunoyami,あくま系,,0,,https://xn--10-yg4a1a3kyh.jp/a_mon/../a_mon/dq10_monster_k_kodokunoyami.html,,,,2026-07-27 13:02:56,2026-07-27 13:02:56
1228,1800,護門将ゴウシルシャ,ゴモンショウゴウシルシャ,Gomonshougoushirusha,あくま系,,0,,https://xn--10-yg4a1a3kyh.jp/a_mon/../a_mon/dq10_monster_k_gomonshogoshirusha.html,,,,2026-07-27 13:02:58,2026-07-27 13:02:58
1229,1801,ゴリウスの怨霊,ゴリウスノオンリョウ,Goriusunoonryou,ゾンビ系,,0,,https://xn--10-yg4a1a3kyh.jp/a_mon/../a_mon/dq10_monster_k_goriusunonryo.html,,,,2026-07-27 13:03:01,2026-07-27 13:03:01
1230,1802,ゴレオン将軍,ゴレオンショウグン,Goreonshougun,けもの系,,0,,https://xn--10-yg4a1a3kyh.jp/a_mon/../a_mon/dq10_monster_k_goreonshogun.html,,,,2026-07-27 13:03:04,2026-07-27 13:03:04
1231,1803,金神の秘鳥将バオラ,コンジンノヒチョウショウバオラ,Konjinnohichoushoubaora,怪人系,,0,,https://xn--10-yg4a1a3kyh.jp/a_mon/../a_mon/dq10_monster_k_konjinnohichoshobaora.html,,,,2026-07-27 13:03:06,2026-07-27 13:03:06
1232,1804,混沌竜ランブルス,コントンリュウランブルス,Kontonryuuranburusu,ドラゴン系,,0,,https://xn--10-yg4a1a3kyh.jp/a_mon/../a_mon/dq10_monster_k_kontonryuuramburusu.html,,,,2026-07-27 13:03:09,2026-07-27 13:03:09
1233,1805,サードンの手下,サードンノテシタ,Saadonnoteshita,けもの系,,0,,https://xn--10-yg4a1a3kyh.jp/a_mon/../a_mon/dq10_monster_k_sa-donnoteshita.html,,,,2026-07-27 13:03:12,2026-07-27 13:03:12
1234,1806,最強商品,サイキョウショウヒン,Saikyoushouhin,けもの系,,0,,https://xn--10-yg4a1a3kyh.jp/a_mon/../a_mon/dq10_monster_k_saikyoshohin.html,,,,2026-07-27 13:03:15,2026-07-27 13:03:15
1235,1807,サイキョーＶロン,サイキョーブイロン,Saikyoobuiron,ドラゴン系,,0,,https://xn--10-yg4a1a3kyh.jp/a_mon/../a_mon/dq10_monster_k_saikyo-buiron.html,,,,2026-07-27 13:03:17,2026-07-27 13:03:17
1236,1808,彩虹の死剣将グロズ,サイコウノシケンショウグロズ,Saikounoshikenshougurozu,スライム系,,0,,https://xn--10-yg4a1a3kyh.jp/a_mon/../a_mon/dq10_monster_k_saikonoshikenshogurozu.html,,,,2026-07-27 13:03:20,2026-07-27 13:03:20
1237,1809,祭壇の狩人,サイダンノカリュウド,Saidannokaryuudo,植物系,,0,,https://xn--10-yg4a1a3kyh.jp/a_mon/../a_mon/dq10_monster_k_saidannokariudo.html,,,,2026-07-27 13:03:23,2026-07-27 13:03:23
1238,1810,祭壇の守人,サイダンノモリト,Saidannomorito,植物系,,0,,https://xn--10-yg4a1a3kyh.jp/a_mon/../a_mon/dq10_monster_k_saidannomoribito.html,,,,2026-07-27 13:03:26,2026-07-27 13:03:26
1239,1811,災厄の王,サイヤクノオウ,Saiyakunoou,？？？系,,0,,https://xn--10-yg4a1a3kyh.jp/a_mon/../a_mon/dq10_monster_k_saiyakuno.html,,,,2026-07-27 13:03:28,2026-07-27 13:03:28
1240,1812,災厄の王の幻影,サイヤクノオウノゲンエイ,Saiyakunoounogen'ei,？？？系,,0,,https://xn--10-yg4a1a3kyh.jp/a_mon/../a_mon/dq10_monster_k_saiyakunonogenei.html,,,,2026-07-27 13:03:31,2026-07-27 13:03:31
1241,1813,錯乱の竜,サクランノリュウ,Sakurannoryuu,ドラゴン系,,0,,https://xn--10-yg4a1a3kyh.jp/a_mon/../a_mon/dq10_monster_k_sakurannoryuu.html,,,,2026-07-27 13:03:34,2026-07-27 13:03:34
1242,1814,砂塵の幻馬,サジンノゲンバ,Sajinnogenba,けもの系,,0,,https://xn--10-yg4a1a3kyh.jp/a_mon/../a_mon/dq10_monster_k_sajinnogemma.html,,,,2026-07-27 13:03:37,2026-07-27 13:03:37
1243,1815,殺意の怨霊,サツイノオンリョウ,Satsuinoonryou,エレメント系,,0,,https://xn--10-yg4a1a3kyh.jp/a_mon/../a_mon/dq10_monster_k_satsuinonryo.html,,,,2026-07-27 13:03:39,2026-07-27 13:03:39
1244,1816,殺りくの悪夢,サツリクノアクム,Satsurikunoakumu,ドラゴン系,,0,,https://xn--10-yg4a1a3kyh.jp/a_mon/../a_mon/dq10_monster_k_satsurikunoakumu.html,,,,2026-07-27 13:03:42,2026-07-27 13:03:42
1245,1817,殺りくのグレボス,サツリクノグレボス,Satsurikunogurebosu,けもの系,,0,,https://xn--10-yg4a1a3kyh.jp/a_mon/../a_mon/dq10_monster_k_satsurikunogurebosu.html,,,,2026-07-27 13:03:45,2026-07-27 13:03:45
1246,1818,ザハルピオン,ザハルピオン,Zaharupion,虫系,,0,,https://xn--10-yg4a1a3kyh.jp/a_mon/../a_mon/dq10_monster_k_zaharupion.html,,,,2026-07-27 13:03:47,2026-07-27 13:03:47
1247,1819,ザ・ホール,ザ・ホール,Za Hooru,物質系,,0,,https://xn--10-yg4a1a3kyh.jp/a_mon/../a_mon/dq10_monster_k_zaho-ru.html,,,,2026-07-27 13:03:50,2026-07-27 13:03:50
1248,1820,サミュエル,サミュエル,Samyueru,あくま系,,0,,https://xn--10-yg4a1a3kyh.jp/a_mon/../a_mon/dq10_monster_k_samyueru.html,,,,2026-07-27 13:03:53,2026-07-27 13:03:53
1249,1821,さんぞくウーパー,サンゾクウーパー,Sanzokuuupaa,水系,,0,,https://xn--10-yg4a1a3kyh.jp/a_mon/../a_mon/dq10_monster_k_sanzokuu-pa-.html,,,,2026-07-27 13:03:56,2026-07-27 13:03:56
1250,1822,三闘の守護霊,サントウノシュゴレイ,Santounoshugorei,エレメント系,,0,,https://xn--10-yg4a1a3kyh.jp/a_mon/../a_mon/dq10_monster_k_santonoshugorei.html,,,,2026-07-27 13:03:58,2026-07-27 13:03:58
1251,1823,燦滅のノクゼリア,サンメツノノクゼリア,Sanmetsunonokuzeria,植物系,,0,,https://xn--10-yg4a1a3kyh.jp/a_mon/../a_mon/dq10_monster_k_sammetsunonokuzeria.html,,,,2026-07-27 13:04:01,2026-07-27 13:04:01
1252,1824,ジア・ボーン,ジア・ボーン,Jia Boon,物質系,,0,,https://xn--10-yg4a1a3kyh.jp/a_mon/../a_mon/dq10_monster_k_jiabo-n.html,,,,2026-07-27 13:04:04,2026-07-27 13:04:04
1253,1825,ジア・レダ,ジア・レダ,Jia Reda,物質系,,0,,https://xn--10-yg4a1a3kyh.jp/a_mon/../a_mon/dq10_monster_k_jiareda.html,,,,2026-07-27 13:04:06,2026-07-27 13:04:06
1254,1826,慈愛のケモノ,ジアイノケモノ,Jiainokemono,スライム系,,0,,https://xn--10-yg4a1a3kyh.jp/a_mon/../a_mon/dq10_monster_k_jiainokemono.html,,,,2026-07-27 13:04:09,2026-07-27 13:04:09
1255,1827,ジア・エイプ,ジア・エイプ,Jia Eipu,けもの系,,0,,https://xn--10-yg4a1a3kyh.jp/a_mon/../a_mon/dq10_monster_k_jiaeipu.html,,,,2026-07-27 13:04:12,2026-07-27 13:04:12
1256,1828,ジア・ガルネ,ジア・ガルネ,Jia Garune,物質系,,0,,https://xn--10-yg4a1a3kyh.jp/a_mon/../a_mon/dq10_monster_k_jiagarune.html,,,,2026-07-27 13:04:14,2026-07-27 13:04:14
1257,1829,ジア・クトＸＸ,ジア・クトエックスエックス,Jia Kutoekkusuekkusu,物質系,,0,,https://xn--10-yg4a1a3kyh.jp/a_mon/../a_mon/dq10_monster_k_jiakutoekkusuekkusu.html,,,,2026-07-27 13:04:17,2026-07-27 13:04:17
1258,1830,ジア・クトＸＹ,ジア・クトエックスワイ,Jia Kutoekkusuwai,物質系,,0,,https://xn--10-yg4a1a3kyh.jp/a_mon/../a_mon/dq10_monster_k_jiakutoekkusuwai.html,,,,2026-07-27 13:04:20,2026-07-27 13:04:20
1259,1831,ジア・クルヴィダ,ジア・クルヴィダ,Jia Kuruvyida,物質系,,0,,https://xn--10-yg4a1a3kyh.jp/a_mon/../a_mon/dq10_monster_k_jiakurubida.html,,,,2026-07-27 13:04:23,2026-07-27 13:04:23
1260,1832,ジア・ゲイナス,ジア・ゲイナス,Jia Geinasu,物質系,,0,,https://xn--10-yg4a1a3kyh.jp/a_mon/../a_mon/dq10_monster_k_jiageinasu.html,,,,2026-07-27 13:04:25,2026-07-27 13:04:25
1261,1833,ジア・サフィル,ジア・サフィル,Jia Safyiru,物質系,,0,,https://xn--10-yg4a1a3kyh.jp/a_mon/../a_mon/dq10_monster_k_jiasafiru.html,,,,2026-07-27 13:04:28,2026-07-27 13:04:28
1262,1834,ジア・ドラゴ,ジア・ドラゴ,Jia Dorago,物質系,,0,,https://xn--10-yg4a1a3kyh.jp/a_mon/../a_mon/dq10_monster_k_jiadorago.html,,,,2026-07-27 13:04:31,2026-07-27 13:04:31
1263,1835,ジア・ネブラ,ジア・ネブラ,Jia Nebura,物質系,,0,,https://xn--10-yg4a1a3kyh.jp/a_mon/../a_mon/dq10_monster_k_jianebura.html,,,,2026-07-27 13:04:33,2026-07-27 13:04:33
1264,1836,ジア・メルド・ゲノス,ジア・メルド・ゲノス,Jia Merudo Genosu,物質系,,0,,https://xn--10-yg4a1a3kyh.jp/a_mon/../a_mon/dq10_monster_k_jiamerudogenosu.html,,,,2026-07-27 13:04:36,2026-07-27 13:04:36
1265,1837,ジア・ルーベ,ジア・ルーベ,Jia Ruube,物質系,,0,,https://xn--10-yg4a1a3kyh.jp/a_mon/../a_mon/dq10_monster_k_jiaru-be.html,,,,2026-07-27 13:04:39,2026-07-27 13:04:39
1266,1838,ジア・ルダ,ジア・ルダ,Jia Ruda,物質系,,0,,https://xn--10-yg4a1a3kyh.jp/a_mon/../a_mon/dq10_monster_k_jiaruda.html,,,,2026-07-27 13:04:41,2026-07-27 13:04:41
1267,1839,ジア・ルミナ,ジア・ルミナ,Jia Rumina,物質系,,0,,https://xn--10-yg4a1a3kyh.jp/a_mon/../a_mon/dq10_monster_k_jiarumina.html,,,,2026-07-27 13:04:44,2026-07-27 13:04:44
1268,1840,ジア・レオーネ,ジア・レオーネ,Jia Reoone,物質系,,0,,https://xn--10-yg4a1a3kyh.jp/a_mon/../a_mon/dq10_monster_k_jiareo-ne.html,,,,2026-07-27 13:04:47,2026-07-27 13:04:47
1269,1841,ジア・レド・ゲノス,ジア・レド・ゲノス,Jia Redo Genosu,物質系,,0,,https://xn--10-yg4a1a3kyh.jp/a_mon/../a_mon/dq10_monster_k_jiaredogenosu.html,,,,2026-07-27 13:04:49,2026-07-27 13:04:49
1270,1842,ジア・ロダ,ジア・ロダ,Jia Roda,物質系,,0,,https://xn--10-yg4a1a3kyh.jp/a_mon/../a_mon/dq10_monster_k_jiaroda.html,,,,2026-07-27 13:04:52,2026-07-27 13:04:52
1271,1843,ジア・ロック,ジア・ロック,Jia Rokku,物質系,,0,,https://xn--10-yg4a1a3kyh.jp/a_mon/../a_mon/dq10_monster_k_jiarokku.html,,,,2026-07-27 13:04:55,2026-07-27 13:04:55
1272,1844,詩歌の守り手,シカノマモリテ,Shikanomamorite,水系,,0,,https://xn--10-yg4a1a3kyh.jp/a_mon/../a_mon/dq10_monster_k_shiikanomamorite.html,,,,2026-07-27 13:04:58,2026-07-27 13:04:58
1273,1845,紫炎の滅機将シュバ,シエンノメッキショウシュバ,Shiennomekkishoushuba,マシン系,,0,,https://xn--10-yg4a1a3kyh.jp/a_mon/../a_mon/dq10_monster_k_shiennomekkishoshuba.html,,,,2026-07-27 13:05:00,2026-07-27 13:05:00
1274,1846,潮風のディーバ,シオカゼノディーバ,Shiokazenodeiiba,水系,,0,,https://xn--10-yg4a1a3kyh.jp/a_mon/../a_mon/dq10_monster_k_shiokazenodi-ba.html,,,,2026-07-27 13:05:03,2026-07-27 13:05:03
1275,1847,時元神キュロノス,ジゲンシンキュロノス,Jigenshinkyuronosu,？？？系,,0,,https://xn--10-yg4a1a3kyh.jp/a_mon/../a_mon/dq10_monster_k_jigenshinkyuronosu.html,,,,2026-07-27 13:05:06,2026-07-27 13:05:06
1276,1848,じげんりゅう,ジゲンリュウ,Jigenryuu,ドラゴン系,,0,,https://xn--10-yg4a1a3kyh.jp/a_mon/../a_mon/dq10_monster_k_jigenryuu.html,,,,2026-07-27 13:05:08,2026-07-27 13:05:08
1277,1849,時獄獣キュロノス,ジゴクジュウキュロノス,Jigokujuukyuronosu,物質系,,0,,https://xn--10-yg4a1a3kyh.jp/a_mon/../a_mon/dq10_monster_k_jigokujuukyuronosu.html,,,,2026-07-27 13:05:11,2026-07-27 13:05:11
1278,1850,時獄のドミネウス,ジゴクノドミネウス,Jigokunodomineusu,？？？系,,0,,https://xn--10-yg4a1a3kyh.jp/a_mon/../a_mon/dq10_monster_k_jigokunodomineusu.html,,,,2026-07-27 13:05:14,2026-07-27 13:05:14
1279,1851,じごくのヌエ,ジゴクノヌエ,Jigokunonue,けもの系,,0,,https://xn--10-yg4a1a3kyh.jp/a_mon/../a_mon/dq10_monster_k_jigokunonue.html,,,,2026-07-27 13:05:17,2026-07-27 13:05:17
1280,1852,時獄の暴君,ジゴクノボウクン,Jigokunoboukun,？？？系,,0,,https://xn--10-yg4a1a3kyh.jp/a_mon/../a_mon/dq10_monster_k_jigokunobokun.html,,,,2026-07-27 13:05:20,2026-07-27 13:05:20
1281,1853,シシカバブ団長,シシカバブダンチョウ,Shishikababudanchou,けもの系,,0,,https://xn--10-yg4a1a3kyh.jp/a_mon/../a_mon/dq10_monster_k_shishikababudancho.html,,,,2026-07-27 13:05:23,2026-07-27 13:05:23
1282,1854,紫獅鬼バイロゼオ,シシキバイロゼオ,Shishikibairozeo,けもの系,,0,,https://xn--10-yg4a1a3kyh.jp/a_mon/../a_mon/dq10_monster_k_shishikibairozeo.html,,,,2026-07-27 13:05:25,2026-07-27 13:05:25
1283,1855,屍水の鎧鬼,シスイノガイキ,Shisuinogaiki,物質系,,0,,https://xn--10-yg4a1a3kyh.jp/a_mon/../a_mon/dq10_monster_k_shisuinogaiki.html,,,,2026-07-27 13:05:28,2026-07-27 13:05:28
1284,1856,至尊の魔王,シソンノマオウ,Shisonnomaou,？？？系,,0,,https://xn--10-yg4a1a3kyh.jp/a_mon/../a_mon/dq10_monster_k_shisonnomao.html,,,,2026-07-27 13:05:31,2026-07-27 13:05:31
1285,1857,執行者ガンガブラ,シッコウシャガンガブラ,Shikkoushagangabura,？？？系,,0,,https://xn--10-yg4a1a3kyh.jp/a_mon/../a_mon/dq10_monster_k_shikkoshagangabura.html,,,,2026-07-27 13:05:33,2026-07-27 13:05:33
1286,1858,執行獣ガンガブラ,シッコウジュウガンガブラ,Shikkoujuugangabura,？？？系,,0,,https://xn--10-yg4a1a3kyh.jp/a_mon/../a_mon/dq10_monster_k_shikkojuugangabura.html,,,,2026-07-27 13:05:36,2026-07-27 13:05:36
1287,1859,執行獣ザジザディリ,シッコウジュウザジザディリ,Shikkoujuuzajizadeiri,？？？系,,0,,https://xn--10-yg4a1a3kyh.jp/a_mon/../a_mon/dq10_monster_k_shikkojuuzajizadiri.html,,,,2026-07-27 13:05:39,2026-07-27 13:05:39
1288,1860,執行獣ジブアジブ,シッコウジュウジブアジブ,Shikkoujuujibuajibu,？？？系,,0,,https://xn--10-yg4a1a3kyh.jp/a_mon/../a_mon/dq10_monster_k_shikkojuujibuajibu.html,,,,2026-07-27 13:05:41,2026-07-27 13:05:41
1289,1861,執行獣ニニエルザ,シッコウジュウニニエルザ,Shikkoujuuninieruza,？？？系,,0,,https://xn--10-yg4a1a3kyh.jp/a_mon/../a_mon/dq10_monster_k_shikkojuuninieruza.html,,,,2026-07-27 13:05:44,2026-07-27 13:05:44
1290,1862,自動人形ドミネウス,ジドウニンギョウドミネウス,Jidouningyoudomineusu,マシン系,,0,,https://xn--10-yg4a1a3kyh.jp/a_mon/../a_mon/dq10_monster_k_jidoningyodomineusu.html,,,,2026-07-27 13:05:47,2026-07-27 13:05:47
1291,1863,シドー,シドー,Shidoo,？？？系,,0,,https://xn--10-yg4a1a3kyh.jp/a_mon/../a_mon/dq10_monster_k_shido-.html,,,,2026-07-27 13:05:50,2026-07-27 13:05:50
1292,1864,死神スライダーク,シニガミスライダーク,Shinigamisuraidaaku,スライム系,,0,,https://xn--10-yg4a1a3kyh.jp/a_mon/../a_mon/dq10_monster_k_shinigamisuraida-ku.html,,,,2026-07-27 13:05:52,2026-07-27 13:05:52
1293,1865,死の悪夢,シノアクム,Shinoakumu,ゾンビ系,,0,,https://xn--10-yg4a1a3kyh.jp/a_mon/../a_mon/dq10_monster_k_shinoakumu.html,,,,2026-07-27 13:05:55,2026-07-27 13:05:55
1294,1866,しびれくらげ先生,シビレクラゲセンセイ,Shibirekuragesensei,水系,,0,,https://xn--10-yg4a1a3kyh.jp/a_mon/../a_mon/dq10_monster_k_shibirekuragesensei.html,,,,2026-07-27 13:05:58,2026-07-27 13:05:58
1295,1867,邪炎の鎧鬼,ジャエンノガイキ,Jaennogaiki,物質系,,0,,https://xn--10-yg4a1a3kyh.jp/a_mon/../a_mon/dq10_monster_k_jaennogaiki.html,,,,2026-07-27 13:06:01,2026-07-27 13:06:01
1296,1868,邪王の操り人形,ジャオウノアヤツリニンギョウ,Jaounoayatsuriningyou,マシン系,,0,,https://xn--10-yg4a1a3kyh.jp/a_mon/../a_mon/dq10_monster_k_jaonoayatsuriningyo.html,,,,2026-07-27 13:06:03,2026-07-27 13:06:03
1297,1869,邪教祖サダク,ジャキョウソサダク,Jakyousosadaku,けもの系,,0,,https://xn--10-yg4a1a3kyh.jp/a_mon/../a_mon/dq10_monster_k_jakyososadaku.html,,,,2026-07-27 13:06:06,2026-07-27 13:06:06
1298,1870,邪教祖サダク強,ジャキョウソサダクキョウ,Jakyousosadaku (Strong),けもの系,,0,,https://xn--10-yg4a1a3kyh.jp/a_mon/../a_mon/dq10_monster_k_jakyososadakukyo.html,,,,2026-07-27 13:06:09,2026-07-27 13:06:09
1299,1871,邪菌ピロリアン,ジャキンピロリアン,Jakinpirorian,あくま系,,0,,https://xn--10-yg4a1a3kyh.jp/a_mon/../a_mon/dq10_monster_k_jakimpirorian.html,,,,2026-07-27 13:06:11,2026-07-27 13:06:11
1300,1872,邪将トロルバッコス,ジャショウトロルバッコス,Jashoutororubakkosu,あくま系,,0,,https://xn--10-yg4a1a3kyh.jp/a_mon/../a_mon/dq10_monster_k_jashotororubakkosu.html,,,,2026-07-27 13:06:14,2026-07-27 13:06:14
1301,1873,邪神ガルザンド,ジャシンガルザンド,Jashingaruzando,物質系,,0,,https://xn--10-yg4a1a3kyh.jp/a_mon/../a_mon/dq10_monster_k_jashingaruzando.html,,,,2026-07-27 13:06:17,2026-07-27 13:06:17
1302,1874,邪神ダビヤガ,ジャシンダビヤガ,Jashindabiyaga,？？？系,,0,,https://xn--10-yg4a1a3kyh.jp/a_mon/../a_mon/dq10_monster_k_jashindabiyaga.html,,,,2026-07-27 13:06:19,2026-07-27 13:06:19
1303,1875,邪神ヴァニタトス,ジャシンヴァニタトス,Jashinvuanitatosu,ゾンビ系,,0,,https://xn--10-yg4a1a3kyh.jp/a_mon/../a_mon/dq10_monster_k_jashimbanitatosu.html,,,,2026-07-27 13:06:22,2026-07-27 13:06:22
1304,1876,邪神ピュージュ,ジャシンピュージュ,Jashinpyuuju,スライム系,,0,,https://xn--10-yg4a1a3kyh.jp/a_mon/../a_mon/dq10_monster_k_jashimpyu-ju.html,,,,2026-07-27 13:06:25,2026-07-27 13:06:25
1305,1877,邪神ヤファギル戒,ジャシンヤファギルカイ,Jashin'yafuagirukai,鳥系,,0,,https://xn--10-yg4a1a3kyh.jp/a_mon/../a_mon/dq10_monster_k_jashinyafagirukai.html,,,,2026-07-27 13:06:27,2026-07-27 13:06:27
1306,1878,邪神ヤファギル断,ジャシンヤファギルダン,Jashin'yafuagirudan,鳥系,,0,,https://xn--10-yg4a1a3kyh.jp/a_mon/../a_mon/dq10_monster_k_jashinyafagirudan.html,,,,2026-07-27 13:06:30,2026-07-27 13:06:30
1307,1879,邪神ヤファギル封,ジャシンヤファギルフウ,Jashin'yafuagirufuu,鳥系,,0,,https://xn--10-yg4a1a3kyh.jp/a_mon/../a_mon/dq10_monster_k_jashinyafagirufuu.html,,,,2026-07-27 13:06:33,2026-07-27 13:06:33
1308,1880,邪精霊マガツカゼ,ジャセイレイマガツカゼ,Jaseireimagatsukaze,植物系,,0,,https://xn--10-yg4a1a3kyh.jp/a_mon/../a_mon/dq10_monster_k_jaseireimagatsukaze.html,,,,2026-07-27 13:06:35,2026-07-27 13:06:35
1309,1881,邪蒼鎧デルメゼ,ジャソウガイデルメゼ,Jasougaiderumeze,物質系,,0,,https://xn--10-yg4a1a3kyh.jp/a_mon/../a_mon/dq10_monster_k_jasogaiderumeze.html,,,,2026-07-27 13:06:38,2026-07-27 13:06:38
1310,1882,邪毒のウィーヌム,ジャドクノウィーヌム,Jadokunouiinumu,あくま系,,0,,https://xn--10-yg4a1a3kyh.jp/a_mon/../a_mon/dq10_monster_k_jadokunowi-numu.html,,,,2026-07-27 13:06:41,2026-07-27 13:06:41
1311,1883,ジャミラス,ジャミラス,Jamirasu,鳥系,,0,,https://xn--10-yg4a1a3kyh.jp/a_mon/../a_mon/dq10_monster_k_jamirasu.html,,,,2026-07-27 13:06:43,2026-07-27 13:06:43
1312,1884,ジャミラス強,ジャミラスキョウ,Jamirasu (Strong),鳥系,,0,,https://xn--10-yg4a1a3kyh.jp/a_mon/../a_mon/dq10_monster_k_jamirasukyo.html,,,,2026-07-27 13:06:46,2026-07-27 13:06:46
1313,1885,邪竜教祖オルストフ,ジャリュウキョウソオルストフ,Jaryuukyousoorusutofu,？？？系,,0,,https://xn--10-yg4a1a3kyh.jp/a_mon/../a_mon/dq10_monster_k_jaryuukyosorusutofu.html,,,,2026-07-27 13:06:48,2026-07-27 13:06:48
1314,1886,邪竜神ナドラガ,ジャリュウジンナドラガ,Jaryuujinnadoraga,？？？系,,0,,https://xn--10-yg4a1a3kyh.jp/a_mon/../a_mon/dq10_monster_k_jaryuujinnadoraga.html,,,,2026-07-27 13:06:51,2026-07-27 13:06:51
1315,1887,呪闇の鎧鬼,ジュアンノガイキ,Juannogaiki,物質系,,0,,https://xn--10-yg4a1a3kyh.jp/a_mon/../a_mon/dq10_monster_k_juannogaiki.html,,,,2026-07-27 13:06:54,2026-07-27 13:06:54
1316,1888,銃士キュリトス,ジュウシキュリトス,Juushikyuritosu,植物系,,0,,https://xn--10-yg4a1a3kyh.jp/a_mon/../a_mon/dq10_monster_k_juushikyuritosu.html,,,,2026-07-27 13:06:56,2026-07-27 13:06:56
1317,1889,銃士トマトス,ジュウシトマトス,Juushitomatosu,植物系,,0,,https://xn--10-yg4a1a3kyh.jp/a_mon/../a_mon/dq10_monster_k_juushitomatosu.html,,,,2026-07-27 13:06:59,2026-07-27 13:06:59
1318,1890,銃士ナスビス,ジュウシナスビス,Juushinasubisu,植物系,,0,,https://xn--10-yg4a1a3kyh.jp/a_mon/../a_mon/dq10_monster_k_juushinasubisu.html,,,,2026-07-27 13:07:02,2026-07-27 13:07:02
1319,1891,獣将キングレオ,ジュウショウキングレオ,Juushoukingureo,けもの系,,0,,https://xn--10-yg4a1a3kyh.jp/a_mon/../a_mon/dq10_monster_k_juushokingureo.html,,,,2026-07-27 13:07:05,2026-07-27 13:07:05
1320,1892,獣魔将ガルレイ,ジュウマショウガルレイ,Juumashougarurei,けもの系,,0,,https://xn--10-yg4a1a3kyh.jp/a_mon/../a_mon/dq10_monster_k_juumashogarurei.html,,,,2026-07-27 13:07:07,2026-07-27 13:07:07
1321,1893,呪魔バルシラ,ジュマバルシラ,Jumabarushira,あくま系,,0,,https://xn--10-yg4a1a3kyh.jp/a_mon/../a_mon/dq10_monster_k_juumabarushira.html,,,,2026-07-27 13:07:10,2026-07-27 13:07:10
1322,1894,獣魔ローガスト,ジュウマローガスト,Juumaroogasuto,けもの系,,0,,https://xn--10-yg4a1a3kyh.jp/a_mon/../a_mon/dq10_monster_k_juumaro-gasuto.html,,,,2026-07-27 13:07:13,2026-07-27 13:07:13
1323,1895,修練の竜アズーロ,シュウレンノリュウアズーロ,Shuurennoryuuazuuro,ドラゴン系,,0,,https://xn--10-yg4a1a3kyh.jp/a_mon/../a_mon/dq10_monster_k_shuurennoryuuazu-ro.html,,,,2026-07-27 13:07:15,2026-07-27 13:07:15
1324,1896,呪炎の傀儡,ジュエンノカイライ,Juennokairai,？？？系,,0,,https://xn--10-yg4a1a3kyh.jp/a_mon/../a_mon/dq10_monster_k_juennokairai.html,,,,2026-07-27 13:07:18,2026-07-27 13:07:18
1325,1897,祝祭の楽将,シュクサイノガクショウ,Shukusainogakushou,マシン系,,0,,https://xn--10-yg4a1a3kyh.jp/a_mon/../a_mon/dq10_monster_k_shukusainorakusho.html,,,,2026-07-27 13:07:21,2026-07-27 13:07:21
1326,1898,守護者ミトロン,シュゴシャミトロン,Shugoshamitoron,物質系,,0,,https://xn--10-yg4a1a3kyh.jp/a_mon/../a_mon/dq10_monster_k_shugoshamitoron.html,,,,2026-07-27 13:07:24,2026-07-27 13:07:24
1327,1899,守護者ラズバーン,シュゴシャラズバーン,Shugosharazubaan,怪人系,,0,,https://xn--10-yg4a1a3kyh.jp/a_mon/../a_mon/dq10_monster_k_shugosharazuba-n.html,,,,2026-07-27 13:07:26,2026-07-27 13:07:26
1328,1900,守護者ラズバーン強,シュゴシャラズバーンキョウ,Shugosharazubaan (Strong),怪人系,,0,,https://xn--10-yg4a1a3kyh.jp/a_mon/../a_mon/dq10_monster_k_shugosharazuba-nkyo.html,,,,2026-07-27 13:07:29,2026-07-27 13:07:29
1329,1901,呪術師マリーン,ジュジュツシマリーン,Jujutsushimariin,怪人系,,0,,https://xn--10-yg4a1a3kyh.jp/a_mon/../a_mon/dq10_monster_k_jujutsushimari-n.html,,,,2026-07-27 13:07:31,2026-07-27 13:07:31
1330,1902,呪術師マリーン強,ジュジュツシマリーンキョウ,Jujutsushimariin (Strong),怪人系,,0,,https://xn--10-yg4a1a3kyh.jp/a_mon/../a_mon/dq10_monster_k_jujutsushimari-nkyo.html,,,,2026-07-27 13:07:34,2026-07-27 13:07:34
1331,1903,樹縛の悪鬼,ジュバクノアッキ,Jubakunoakki,植物系,,0,,https://xn--10-yg4a1a3kyh.jp/a_mon/../a_mon/dq10_monster_k_jubakunoakki.html,,,,2026-07-27 13:07:37,2026-07-27 13:07:37
1332,1904,呪縛の魔獣,ジュバクノマジュウ,Jubakunomajuu,水系,,0,,https://xn--10-yg4a1a3kyh.jp/a_mon/../a_mon/dq10_monster_k_jubakunomajuu.html,,,,2026-07-27 13:07:40,2026-07-27 13:07:40
1333,1905,呪滅の妖将,ジュメツノヨウショウ,Jumetsunoyoushou,あくま系,,0,,https://xn--10-yg4a1a3kyh.jp/a_mon/../a_mon/dq10_monster_k_jumetsunoyosho.html,,,,2026-07-27 13:07:42,2026-07-27 13:07:42
1334,1906,首領プライド,シュリョウプライド,Shuryoupuraido,？？？系,,0,,https://xn--10-yg4a1a3kyh.jp/a_mon/../a_mon/dq10_monster_k_shuryopuraido.html,,,,2026-07-27 13:07:45,2026-07-27 13:07:45
1335,1907,浄化のたまねぎ,ジョウカノタマネギ,Joukanotamanegi,植物系,,0,,https://xn--10-yg4a1a3kyh.jp/a_mon/../a_mon/dq10_monster_k_jokanotamanegi.html,,,,2026-07-27 13:07:48,2026-07-27 13:07:48
1336,1908,上級亡霊兵士,ジョウキュウボウレイヘイシ,Joukyuuboureiheishi,ゾンビ系,,0,,https://xn--10-yg4a1a3kyh.jp/a_mon/../a_mon/dq10_monster_k_jokyuuboreiheishi.html,,,,2026-07-27 13:07:50,2026-07-27 13:07:50
1337,1909,証人ラディスオー,ショウニンラディスオー,Shouninradeisuoo,マシン系,,0,,https://xn--10-yg4a1a3kyh.jp/a_mon/../a_mon/dq10_monster_k_shoninradisuo-.html,,,,2026-07-27 13:07:53,2026-07-27 13:07:53
1338,1910,商品ナンバー１３,ショウヒンナンバーイチサン,Shouhinnanbaaichisan,鳥系,,0,,https://xn--10-yg4a1a3kyh.jp/a_mon/../a_mon/dq10_monster_k_shohinnamba-sa-ti-n.html,,,,2026-07-27 13:07:56,2026-07-27 13:07:56
1339,1911,商品ナンバー７,ショウヒンナンバーナナ,Shouhinnanbaanana,水系,,0,,https://xn--10-yg4a1a3kyh.jp/a_mon/../a_mon/dq10_monster_k_shohinnamba-sebun.html,,,,2026-07-27 13:07:58,2026-07-27 13:07:58
1340,1912,商品ナンバー１２,ショウヒンナンバーイチニ,Shouhinnanbaaichini,あくま系,,0,,https://xn--10-yg4a1a3kyh.jp/a_mon/../a_mon/dq10_monster_k_shohinnamba-toerubu.html,,,,2026-07-27 13:08:01,2026-07-27 13:08:01
1341,1913,処刑人ゲムザ,ショケイジンゲムザ,Shokeijingemuza,？？？系,,0,,https://xn--10-yg4a1a3kyh.jp/a_mon/../a_mon/dq10_monster_k_shokeiningemuza.html,,,,2026-07-27 13:08:04,2026-07-27 13:08:04
1342,1914,処刑人ドブナ,ショケイジンドブナ,Shokeijindobuna,？？？系,,0,,https://xn--10-yg4a1a3kyh.jp/a_mon/../a_mon/dq10_monster_k_shokeinindobuna.html,,,,2026-07-27 13:08:07,2026-07-27 13:08:07
1343,1915,処刑人バルマ,ショケイジンバルマ,Shokeijinbaruma,？？？系,,0,,https://xn--10-yg4a1a3kyh.jp/a_mon/../a_mon/dq10_monster_k_shokeinimbaruma.html,,,,2026-07-27 13:08:09,2026-07-27 13:08:09
1344,1916,死霊王ギスマイヤー,シリョウオウギスマイヤー,Shiryouougisumaiyaa,？？？系,,0,,https://xn--10-yg4a1a3kyh.jp/a_mon/../a_mon/dq10_monster_k_shiryogizumaiya-.html,,,,2026-07-27 13:08:12,2026-07-27 13:08:12
1345,1917,死霊姫ヤサギリ,シリョウヒメヤサギリ,Shiryouhimeyasagiri,ゾンビ系,,0,,https://xn--10-yg4a1a3kyh.jp/a_mon/../a_mon/dq10_monster_k_shiryohimeyasagiri.html,,,,2026-07-27 13:08:14,2026-07-27 13:08:14
1346,1918,死霊兵ガテリアン,シリョウヘイガテリアン,Shiryouheigaterian,ゾンビ系,,0,,https://xn--10-yg4a1a3kyh.jp/a_mon/../a_mon/dq10_monster_k_shiryoheigaterian.html,,,,2026-07-27 13:08:17,2026-07-27 13:08:17
1347,1919,死霊兵クロマゲ,シリョウヘイクロマゲ,Shiryouheikuromage,ゾンビ系,,0,,https://xn--10-yg4a1a3kyh.jp/a_mon/../a_mon/dq10_monster_k_shiryoheikuromage.html,,,,2026-07-27 13:08:20,2026-07-27 13:08:20
1348,1920,深淵魚キュラス,シンエンギョキュラス,Shin'engyokyurasu,水系,,0,,https://xn--10-yg4a1a3kyh.jp/a_mon/../a_mon/dq10_monster_k_shinengyokyurasu.html,,,,2026-07-27 13:08:23,2026-07-27 13:08:23
1349,1921,深海の守護者,シンカイノシュゴシャ,Shinkainoshugosha,エレメント系,,0,,https://xn--10-yg4a1a3kyh.jp/a_mon/../a_mon/dq10_monster_k_shinkainoshugosha.html,,,,2026-07-27 13:08:25,2026-07-27 13:08:25
1350,1922,震撼の冥宰相,シンカンノメイサイショウ,Shinkannomeisaishou,怪人系,,0,,https://xn--10-yg4a1a3kyh.jp/a_mon/../a_mon/dq10_monster_k_shinkannomeisaisho.html,,,,2026-07-27 13:08:28,2026-07-27 13:08:28
1351,1923,辛苦の激竜,シンクノゲキリュウ,Shinkunogekiryuu,ドラゴン系,,0,,https://xn--10-yg4a1a3kyh.jp/a_mon/../a_mon/dq10_monster_k_shinkunogekiryuu.html,,,,2026-07-27 13:08:31,2026-07-27 13:08:31
1352,1924,真紅の殺人機械,シンクノサツジンキカイ,Shinkunosatsujinkikai,マシン系,,0,,https://xn--10-yg4a1a3kyh.jp/a_mon/../a_mon/dq10_monster_k_shinkunosatsujinkikai.html,,,,2026-07-27 13:08:33,2026-07-27 13:08:33
1353,1925,真・災厄の王,シン・サイヤクノオウ,Shin Saiyakunoou,？？？系,,0,,https://xn--10-yg4a1a3kyh.jp/a_mon/../a_mon/dq10_monster_k_shinsaiyakuno.html,,,,2026-07-27 13:08:36,2026-07-27 13:08:36
1354,1926,神獣カシャル,シンジュウカシャル,Shinjuukasharu,水系,,0,,https://xn--10-yg4a1a3kyh.jp/a_mon/../a_mon/dq10_monster_k_shinjuukasharu.html,,,,2026-07-27 13:08:39,2026-07-27 13:08:39
1355,1927,神獣ゼナベスティア,シンジュウゼナベスティア,Shinjuuzenabesuteia,けもの系,,0,,https://xn--10-yg4a1a3kyh.jp/a_mon/../a_mon/dq10_monster_k_shinjuuzenabesutia.html,,,,2026-07-27 13:08:41,2026-07-27 13:08:41
1356,1928,神獣パチャティカ,シンジュウパチャティカ,Shinjuupachateika,けもの系,,0,,https://xn--10-yg4a1a3kyh.jp/a_mon/../a_mon/dq10_monster_k_shinjuupachatika.html,,,,2026-07-27 13:08:44,2026-07-27 13:08:44
1357,1929,神授の判定者,シンジュノハンテイシャ,Shinjunohanteisha,けもの系,,0,,https://xn--10-yg4a1a3kyh.jp/a_mon/../a_mon/dq10_monster_k_shinjunohanteisha.html,,,,2026-07-27 13:08:47,2026-07-27 13:08:47
1358,1930,神兵ダインヘルヤル,シンペイダインヘルヤル,Shinpeidainheruyaru,？？？系,,0,,https://xn--10-yg4a1a3kyh.jp/a_mon/../a_mon/dq10_monster_k_shimpeidainheruyaru.html,,,,2026-07-27 13:08:50,2026-07-27 13:08:50
1359,1931,深碧の魔壊将ブラゴ,シンペキノマカイショウブラゴ,Shinpekinomakaishouburago,エレメント系,,0,,https://xn--10-yg4a1a3kyh.jp/a_mon/../a_mon/dq10_monster_k_shimpekinomakaishoburago.html,,,,2026-07-27 13:08:52,2026-07-27 13:08:52
1360,1932,森羅蛮獣,シンラバンジュウ,Shinrabanjuu,けもの系,,0,,https://xn--10-yg4a1a3kyh.jp/a_mon/../a_mon/dq10_monster_k_shinrabanjuu.html,,,,2026-07-27 13:08:55,2026-07-27 13:08:55
1361,1933,スイーツトロル,スイーツトロル,Suiitsutororu,あくま系,,0,,https://xn--10-yg4a1a3kyh.jp/a_mon/../a_mon/dq10_monster_k_sui-tsutororu.html,,,,2026-07-27 13:08:58,2026-07-27 13:08:58
1362,1934,スイーツトロル強,スイーツトロルキョウ,Suiitsutororu (Strong),あくま系,,0,,https://xn--10-yg4a1a3kyh.jp/a_mon/../a_mon/dq10_monster_k_sui-tsutororukyo.html,,,,2026-07-27 13:09:01,2026-07-27 13:09:01
1363,1935,翠煙の波皇将ネブド,スイエンノハコウショウネブド,Suiennohakoushounebudo,水系,,0,,https://xn--10-yg4a1a3kyh.jp/a_mon/../a_mon/dq10_monster_k_suiennohaoshonebudo.html,,,,2026-07-27 13:09:03,2026-07-27 13:09:03
1364,1936,翠将鬼ジェルザーク,スイショウキジェルザーク,Suishoukijeruzaaku,怪人系,,0,,https://xn--10-yg4a1a3kyh.jp/a_mon/../a_mon/dq10_monster_k_suishokiruza-ku.html,,,,2026-07-27 13:09:06,2026-07-27 13:09:06
1365,1937,水神ギルギッシュ,スイジンギルギッシュ,Suijingirugisshu,ドラゴン系,,0,,https://xn--10-yg4a1a3kyh.jp/a_mon/../a_mon/dq10_monster_k_suijingirugisshu.html,,,,2026-07-27 13:09:08,2026-07-27 13:09:08
1366,1938,水魔ヴァーテル,スイマヴァーテル,Suimavuaateru,物質系,,0,,https://xn--10-yg4a1a3kyh.jp/a_mon/../a_mon/dq10_monster_k_suima-teru.html,,,,2026-07-27 13:09:11,2026-07-27 13:09:11
1367,1939,水竜ギルギッシュ,ミズリュウギルギッシュ,Mizuryuugirugisshu,ドラゴン系,,0,,https://xn--10-yg4a1a3kyh.jp/a_mon/../a_mon/dq10_monster_k_suiryuugirugisshu.html,,,,2026-07-27 13:09:14,2026-07-27 13:09:14
1368,1940,水竜ギルギッシュ強,ミズリュウギルギッシュキョウ,Mizuryuugirugisshu (Strong),ドラゴン系,,0,,https://xn--10-yg4a1a3kyh.jp/a_mon/../a_mon/dq10_monster_k_suiryuugirugisshukyo.html,,,,2026-07-27 13:09:16,2026-07-27 13:09:16
1369,1941,スカーレットナイト,スカーレットナイト,Sukaarettonaito,あくま系,,0,,https://xn--10-yg4a1a3kyh.jp/a_mon/../a_mon/dq10_monster_k_suka-rettonaito.html,,,,2026-07-27 13:09:19,2026-07-27 13:09:19
1370,1942,スカラベーダー,スカラベーダー,Sukarabeedaa,虫系,,0,,https://xn--10-yg4a1a3kyh.jp/a_mon/../a_mon/dq10_monster_k_sukarabe-da-.html,,,,2026-07-27 13:09:22,2026-07-27 13:09:22
1371,1943,スターデビル,スターデビル,Sutaadebiru,あくま系,,0,,https://xn--10-yg4a1a3kyh.jp/a_mon/../a_mon/dq10_monster_k_suta-debiru.html,,,,2026-07-27 13:09:25,2026-07-27 13:09:25
1372,1944,スパーキー,スパーキー,Supaakii,鳥系,,0,,https://xn--10-yg4a1a3kyh.jp/a_mon/../a_mon/dq10_monster_k_supa-ki-.html,,,,2026-07-27 13:09:27,2026-07-27 13:09:27
1373,1945,スライド,スライド,Suraido,スライム系,,0,,https://xn--10-yg4a1a3kyh.jp/a_mon/../a_mon/dq10_monster_k_suraido.html,,,,2026-07-27 13:09:30,2026-07-27 13:09:30
1374,1946,スライムエネルゴン,スライムエネルゴン,Suraimuenerugon,スライム系,,0,,https://xn--10-yg4a1a3kyh.jp/a_mon/../a_mon/dq10_monster_k_suraimuenerugon.html,,,,2026-07-27 13:09:33,2026-07-27 13:09:33
1375,1947,スライムジェネラル,スライムジェネラル,Suraimujeneraru,スライム系,,0,,https://xn--10-yg4a1a3kyh.jp/a_mon/../a_mon/dq10_monster_k_suraimuneraru.html,,,,2026-07-27 13:09:36,2026-07-27 13:09:36
1376,1948,ずるいこころ,ズルイココロ,Zuruikokoro,あくま系,,0,,https://xn--10-yg4a1a3kyh.jp/a_mon/../a_mon/dq10_monster_k_zuruikokoro.html,,,,2026-07-27 13:09:38,2026-07-27 13:09:38
1377,1949,聖獣ダイキリン,セイジュウダイキリン,Seijuudaikirin,けもの系,,0,,https://xn--10-yg4a1a3kyh.jp/a_mon/../a_mon/dq10_monster_k_seijuudaikirin.html,,,,2026-07-27 13:09:41,2026-07-27 13:09:41
1378,1950,青鮮の根絶将コンネ,セイセンノコンゼツショウコンネ,Seisennokonzetsushoukonne,植物系,,0,,https://xn--10-yg4a1a3kyh.jp/a_mon/../a_mon/dq10_monster_k_seisennokonzetsushokonne.html,,,,2026-07-27 13:09:44,2026-07-27 13:09:44
1379,1951,青嵐の烈剣士,セイランノレッケンシ,Seirannorekkenshi,？？？系,,0,,https://xn--10-yg4a1a3kyh.jp/a_mon/../a_mon/dq10_monster_k_seirannoretsukenshi.html,,,,2026-07-27 13:09:47,2026-07-27 13:09:47
1380,1952,精霊獣ペリッチィ,セイレイジュウペリッチィ,Seireijuuperitchyi,エレメント系,,0,,https://xn--10-yg4a1a3kyh.jp/a_mon/../a_mon/dq10_monster_k_seireijuuperitchii.html,,,,2026-07-27 13:09:49,2026-07-27 13:09:49
1381,1953,精霊超人ブロズ,セイレイチョウジンブロズ,Seireichoujinburozu,エレメント系,,0,,https://xn--10-yg4a1a3kyh.jp/a_mon/../a_mon/dq10_monster_k_seireichojimburozu.html,,,,2026-07-27 13:09:52,2026-07-27 13:09:52
1382,1954,精霊を喰らうもの,セイレイヲクラウモノ,Seireiwokuraumono,エレメント系,,0,,https://xn--10-yg4a1a3kyh.jp/a_mon/../a_mon/dq10_monster_k_seireiokuraumono.html,,,,2026-07-27 13:09:55,2026-07-27 13:09:55
1383,1955,青狼鬼グルバレイダ,セイロウキグルバレイダ,Seiroukigurubareida,けもの系,,0,,https://xn--10-yg4a1a3kyh.jp/a_mon/../a_mon/dq10_monster_k_seirokigurubareida.html,,,,2026-07-27 13:09:57,2026-07-27 13:09:57
1384,1956,赤眼のギガンテス,セキガンノギガンテス,Sekigannogigantesu,あくま系,,0,,https://xn--10-yg4a1a3kyh.jp/a_mon/../a_mon/dq10_monster_k_sekigannogigantesu.html,,,,2026-07-27 13:10:00,2026-07-27 13:10:00
1385,1957,赤眼のギガントヒルズ,セキガンノギガントヒルズ,Sekigannogigantohiruzu,ドラゴン系,,0,,https://xn--10-yg4a1a3kyh.jp/a_mon/../a_mon/dq10_monster_k_sekigannogigantohiruzu.html,,,,2026-07-27 13:10:03,2026-07-27 13:10:03
1386,1958,赤眼のサイレス,セキガンノサイレス,Sekigannosairesu,鳥系,,0,,https://xn--10-yg4a1a3kyh.jp/a_mon/../a_mon/dq10_monster_k_sekigannosairesu.html,,,,2026-07-27 13:10:06,2026-07-27 13:10:06
1387,1959,赤眼の尖兵,セキガンノセンペイ,Sekigannosenpei,ゾンビ系,,0,,https://xn--10-yg4a1a3kyh.jp/a_mon/../a_mon/dq10_monster_k_sekigannosempei.html,,,,2026-07-27 13:10:08,2026-07-27 13:10:08
1388,1960,赤眼のデスライダー,セキガンノデスライダー,Sekigannodesuraidaa,ゾンビ系,,0,,https://xn--10-yg4a1a3kyh.jp/a_mon/../a_mon/dq10_monster_k_sekigannodesuraida-.html,,,,2026-07-27 13:10:11,2026-07-27 13:10:11
1389,1961,赤眼のライノスブル,セキガンノライノスブル,Sekigannorainosuburu,けもの系,,0,,https://xn--10-yg4a1a3kyh.jp/a_mon/../a_mon/dq10_monster_k_sekigannorainosuburu.html,,,,2026-07-27 13:10:14,2026-07-27 13:10:14
1390,1962,赤熱の魔神像,シャクネツノマジンゾウ,Shakunetsunomajinzou,物質系,,0,,https://xn--10-yg4a1a3kyh.jp/a_mon/../a_mon/dq10_monster_k_sekinetsunomajinzo.html,,,,2026-07-27 13:10:17,2026-07-27 13:10:17
1391,1963,赤翼鬼シシン,セキヨクキシシン,Sekiyokukishishin,あくま系,,0,,https://xn--10-yg4a1a3kyh.jp/a_mon/../a_mon/dq10_monster_k_sekiyokukishishin.html,,,,2026-07-27 13:10:19,2026-07-27 13:10:19
1392,1964,絶牙の獣将,ゼツガノジュウショウ,Zetsuganojuushou,けもの系,,0,,https://xn--10-yg4a1a3kyh.jp/a_mon/../a_mon/dq10_monster_k_zetsuganojuusho.html,,,,2026-07-27 13:10:22,2026-07-27 13:10:22
1393,1965,絶牙の白獅子,ゼツガノハクジシ,Zetsuganohakujishi,けもの系,,0,,https://xn--10-yg4a1a3kyh.jp/a_mon/../a_mon/dq10_monster_k_zetsuganoshirojishi.html,,,,2026-07-27 13:10:25,2026-07-27 13:10:25
1394,1966,絶対滅神ジャゴヌバ,ゼッタイメツシンジャゴヌバ,Zettaimetsushinjagonuba,？？？系,,0,,https://xn--10-yg4a1a3kyh.jp/a_mon/../a_mon/dq10_monster_k_zettaimesshinjagonuba.html,,,,2026-07-27 13:10:27,2026-07-27 13:10:27
1395,1967,絶念のアウルモッド,ゼツネンノアウルモッド,Zetsunennoaurumoddo,あくま系,,0,,https://xn--10-yg4a1a3kyh.jp/a_mon/../a_mon/dq10_monster_k_zetsunennoaurumoddo.html,,,,2026-07-27 13:10:30,2026-07-27 13:10:30
1396,1968,絶望の巨像,ゼツボウノキョゾウ,Zetsubounokyozou,物質系,,0,,https://xn--10-yg4a1a3kyh.jp/a_mon/../a_mon/dq10_monster_k_zetsubonokyozo.html,,,,2026-07-27 13:10:33,2026-07-27 13:10:33
1397,1969,絶望のダークネス,ゼツボウノダークネス,Zetsubounodaakunesu,あくま系,,0,,https://xn--10-yg4a1a3kyh.jp/a_mon/../a_mon/dq10_monster_k_zetsubonoda-kunesu.html,,,,2026-07-27 13:10:35,2026-07-27 13:10:35
1398,1970,絶望の魔剣士,ゼツボウノマケンシ,Zetsubounomakenshi,？？？系,,0,,https://xn--10-yg4a1a3kyh.jp/a_mon/../a_mon/dq10_monster_k_zetsubonomakenshi.html,,,,2026-07-27 13:10:38,2026-07-27 13:10:38
1399,1971,ゼドラゴン,ゼドラゴン,Zedoragon,マシン系,,0,,https://xn--10-yg4a1a3kyh.jp/a_mon/../a_mon/dq10_monster_k_zedoragon.html,,,,2026-07-27 13:10:41,2026-07-27 13:10:41
1400,1972,ゼドラの影,ゼドラノカゲ,Zedoranokage,ドラゴン系,,0,,https://xn--10-yg4a1a3kyh.jp/a_mon/../a_mon/dq10_monster_k_zedoranokage.html,,,,2026-07-27 13:10:43,2026-07-27 13:10:43
1401,1973,ゼネシアの神獣,ゼネシアノシンジュウ,Zeneshianoshinjuu,けもの系,,0,,https://xn--10-yg4a1a3kyh.jp/a_mon/../a_mon/dq10_monster_k_zeneshianoshinjuu.html,,,,2026-07-27 13:10:46,2026-07-27 13:10:46
1402,1974,セン,セン,Sen,怪人系,,0,,https://xn--10-yg4a1a3kyh.jp/a_mon/../a_mon/dq10_monster_k_sen.html,,,,2026-07-27 13:10:49,2026-07-27 13:10:49
1403,1975,占術師マルグリット,センジュツシマルグリット,Senjutsushimaruguritto,？？？系,,0,,https://xn--10-yg4a1a3kyh.jp/a_mon/../a_mon/dq10_monster_k_senjutsushimaruguritto.html,,,,2026-07-27 13:10:52,2026-07-27 13:10:52
1404,1976,尖塔の守護鬼,セントウノシュゴキ,Sentounoshugoki,怪人系,,0,,https://xn--10-yg4a1a3kyh.jp/a_mon/../a_mon/dq10_monster_k_sentonoshugoki.html,,,,2026-07-27 13:10:54,2026-07-27 13:10:54
1405,1977,羨望の闇,センボウノヤミ,Senbounoyami,物質系,,0,,https://xn--10-yg4a1a3kyh.jp/a_mon/../a_mon/dq10_monster_k_sembonoyami.html,,,,2026-07-27 13:10:57,2026-07-27 13:10:57
1406,1978,千夜フウジン,センヤフウジン,Sen'yafuujin,けもの系,,0,,https://xn--10-yg4a1a3kyh.jp/a_mon/../a_mon/dq10_monster_k_senyafuujin.html,,,,2026-07-27 13:11:00,2026-07-27 13:11:00
1407,1979,千夜ライジン,センヤライジン,Sen'yaraijin,けもの系,,0,,https://xn--10-yg4a1a3kyh.jp/a_mon/../a_mon/dq10_monster_k_senyaraijin.html,,,,2026-07-27 13:11:02,2026-07-27 13:11:02
1408,1980,せんりつザクロ,センリツザクロ,Senritsuzakuro,植物系,,0,,https://xn--10-yg4a1a3kyh.jp/a_mon/../a_mon/dq10_monster_k_senritsuzakuro.html,,,,2026-07-27 13:11:05,2026-07-27 13:11:05
1409,1981,戦慄の魔元帥,センリツノマゲンスイ,Senritsunomagensui,？？？系,,0,,https://xn--10-yg4a1a3kyh.jp/a_mon/../a_mon/dq10_monster_k_senritsunomagensui.html,,,,2026-07-27 13:11:08,2026-07-27 13:11:08
1410,1982,蒼怨の邪骨将マッゼ,ソウオンノジャコツショウマッゼ,Souonnojakotsushoumazze,ゾンビ系,,0,,https://xn--10-yg4a1a3kyh.jp/a_mon/../a_mon/dq10_monster_k_soennojakotsushomazze.html,,,,2026-07-27 13:11:10,2026-07-27 13:11:10
1411,1983,蒼怨の武骸将デゾス,ソウオンノブガイショウデゾス,Souonnobugaishoudezosu,ゾンビ系,,0,,https://xn--10-yg4a1a3kyh.jp/a_mon/../a_mon/dq10_monster_k_soennobugaishodezosu.html,,,,2026-07-27 13:11:13,2026-07-27 13:11:13
1412,1984,憎悪の精霊樹,ゾウオノセイレイジュ,Zouonoseireiju,植物系,,0,,https://xn--10-yg4a1a3kyh.jp/a_mon/../a_mon/dq10_monster_k_zonoseireiju.html,,,,2026-07-27 13:11:16,2026-07-27 13:11:16
1413,1985,憎悪のダークネス,ゾウオノダークネス,Zouonodaakunesu,あくま系,,0,,https://xn--10-yg4a1a3kyh.jp/a_mon/../a_mon/dq10_monster_k_zonoda-kunesu.html,,,,2026-07-27 13:11:18,2026-07-27 13:11:18
1414,1986,双剣の従者,ソウケンノジュウシャ,Soukennojuusha,？？？系,,0,,https://xn--10-yg4a1a3kyh.jp/a_mon/../a_mon/dq10_monster_k_sokennojuusha.html,,,,2026-07-27 13:11:21,2026-07-27 13:11:21
1415,1987,創失のギュメイ将軍,ソウシツノギュメイショウグン,Soushitsunogyumeishougun,けもの系,,0,,https://xn--10-yg4a1a3kyh.jp/a_mon/../a_mon/dq10_monster_k_soshitsunogyumeishogun.html,,,,2026-07-27 13:11:24,2026-07-27 13:11:24
1416,1988,創失のゲルニック将軍,ソウシツノゲルニックショウグン,Soushitsunogerunikkushougun,鳥系,,0,,https://xn--10-yg4a1a3kyh.jp/a_mon/../a_mon/dq10_monster_k_soshitsunogerunikkushogun.html,,,,2026-07-27 13:11:27,2026-07-27 13:11:27
1417,1989,創失のゴレオン将軍,ソウシツノゴレオンショウグン,Soushitsunogoreonshougun,けもの系,,0,,https://xn--10-yg4a1a3kyh.jp/a_mon/../a_mon/dq10_monster_k_soshitsunogoreonshogun.html,,,,2026-07-27 13:11:29,2026-07-27 13:11:29
1418,1990,創失の主神ゼネシア,ソウシツノシュシンゼネシア,Soushitsunoshushinzeneshia,？？？系,,0,,https://xn--10-yg4a1a3kyh.jp/a_mon/../a_mon/dq10_monster_k_soshitsunoshushinzeneshia.html,,,,2026-07-27 13:11:32,2026-07-27 13:11:32
1419,1991,創失のフーラズーラ,ソウシツノフーラズーラ,Soushitsunofuurazuura,エレメント系,,0,,https://xn--10-yg4a1a3kyh.jp/a_mon/../a_mon/dq10_monster_k_soshitsunofu-razu-ra.html,,,,2026-07-27 13:11:35,2026-07-27 13:11:35
1420,1992,創失を招くもの,ソウシツヲマネクモノ,Soushitsuwomanekumono,？？？系,,0,,https://xn--10-yg4a1a3kyh.jp/a_mon/../a_mon/dq10_monster_k_soshitsuomanekumono.html,,,,2026-07-27 13:11:37,2026-07-27 13:11:37
1421,1993,増殖獣バイロゴーグ,ゾウショクジュウバイロゴーグ,Zoushokujuubairogoogu,物質系,,0,,https://xn--10-yg4a1a3kyh.jp/a_mon/../a_mon/dq10_monster_k_zoshokujuubairogo-gu.html,,,,2026-07-27 13:11:40,2026-07-27 13:11:40
1422,1994,増殖する異形,ゾウショクスルイギョウ,Zoushokusuruigyou,物質系,,0,,https://xn--10-yg4a1a3kyh.jp/a_mon/../a_mon/dq10_monster_k_zoshokusuruigyo.html,,,,2026-07-27 13:11:43,2026-07-27 13:11:43
1423,1995,喪心獣ゾンテドール,ソウシンジュウゾンテドール,Soushinjuuzontedooru,けもの系,,0,,https://xn--10-yg4a1a3kyh.jp/a_mon/../a_mon/dq10_monster_k_soshinjuuzontedo-ru.html,,,,2026-07-27 13:11:46,2026-07-27 13:11:46
1424,1996,創生の樹の番人,ソウセイノキノバンニン,Souseinokinobannin,怪人系,,0,,https://xn--10-yg4a1a3kyh.jp/a_mon/../a_mon/dq10_monster_k_soseinokinobannin.html,,,,2026-07-27 13:11:48,2026-07-27 13:11:48
1425,1997,創絶の崩界竜,ソウゼツノホウカイリュウ,Souzetsunohoukairyuu,？？？系,,0,,https://xn--10-yg4a1a3kyh.jp/a_mon/../a_mon/dq10_monster_k_sozetsunohokairyuu.html,,,,2026-07-27 13:11:51,2026-07-27 13:11:51
1426,1998,創絶を招くもの,ソウゼツヲマネクモノ,Souzetsuwomanekumono,？？？系,,0,,https://xn--10-yg4a1a3kyh.jp/a_mon/../a_mon/dq10_monster_k_sozetsuomanekumono.html,,,,2026-07-27 13:11:54,2026-07-27 13:11:54
1427,1999,創造神マデサゴーラ,ソウゾウシンマデサゴーラ,Souzoushinmadesagoora,？？？系,,0,,https://xn--10-yg4a1a3kyh.jp/a_mon/../a_mon/dq10_monster_k_sozoshimmadesago-ra.html,,,,2026-07-27 13:11:57,2026-07-27 13:11:57
1428,2000,葬竜グレイム,ソウリュウグレイム,Souryuugureimu,ドラゴン系,,0,,https://xn--10-yg4a1a3kyh.jp/a_mon/../a_mon/dq10_monster_k_souryuugureimu.html,,,,2026-07-27 13:12:00,2026-07-27 13:12:00
1429,2001,ゾブリス将軍,ゾブリスショウグン,Zoburisushougun,？？？系,,0,,https://xn--10-yg4a1a3kyh.jp/a_mon/../a_mon/dq10_monster_k_zoburisushogun.html,,,,2026-07-27 13:12:02,2026-07-27 13:12:02
1430,2002,ダークキング,ダークキング,Daakukingu,スライム系,,0,,https://xn--10-yg4a1a3kyh.jp/a_mon/../a_mon/dq10_monster_k_da-kukingu.html,,,,2026-07-27 13:12:05,2026-07-27 13:12:05
1431,2003,ダークドレアム,ダークドレアム,Daakudoreamu,？？？系,,0,,https://xn--10-yg4a1a3kyh.jp/a_mon/../a_mon/dq10_monster_k_da-kudoreamu.html,,,,2026-07-27 13:12:08,2026-07-27 13:12:08
1432,2004,ダークポイックリン,ダークポイックリン,Daakupoikkurin,？？？系,,0,,https://xn--10-yg4a1a3kyh.jp/a_mon/../a_mon/dq10_monster_k_da-kupoikkurin.html,,,,2026-07-27 13:12:10,2026-07-27 13:12:10
1433,2005,ダークレアリズム,ダークレアリズム,Daakurearizumu,物質系,,0,,https://xn--10-yg4a1a3kyh.jp/a_mon/../a_mon/dq10_monster_k_da-kurearizumu.html,,,,2026-07-27 13:12:13,2026-07-27 13:12:13
1434,2006,ダースロード,ダースロード,Daasuroodo,ドラゴン系,,0,,https://xn--10-yg4a1a3kyh.jp/a_mon/../a_mon/dq10_monster_k_da-suro-do.html,,,,2026-07-27 13:12:16,2026-07-27 13:12:16
1435,2007,大怨霊マアモン,ダイオンリョウマアモン,Daionryoumaamon,エレメント系,,0,,https://xn--10-yg4a1a3kyh.jp/a_mon/../a_mon/dq10_monster_k_daionryomaamon.html,,,,2026-07-27 13:12:19,2026-07-27 13:12:19
1436,2008,代行者ヨナ,ダイコウシャヨナ,Daikoushayona,？？？系,,0,,https://xn--10-yg4a1a3kyh.jp/a_mon/../a_mon/dq10_monster_k_daikoshayona.html,,,,2026-07-27 13:12:21,2026-07-27 13:12:21
1437,2009,太古の魔人,タイコノマジン,Taikonomajin,？？？系,,0,,https://xn--10-yg4a1a3kyh.jp/a_mon/../a_mon/dq10_monster_k_taikonomajin.html,,,,2026-07-27 13:12:24,2026-07-27 13:12:24
1438,2010,大地の怒竜バウギア,ダイチノドリュウバウギア,Daichinodoryuubaugia,ドラゴン系,,0,,https://xn--10-yg4a1a3kyh.jp/a_mon/../a_mon/dq10_monster_k_daichinodoryuubaugia.html,,,,2026-07-27 13:12:27,2026-07-27 13:12:27
1439,2011,大地の竜バウギア,ダイチノリュウバウギア,Daichinoryuubaugia,ドラゴン系,,0,,https://xn--10-yg4a1a3kyh.jp/a_mon/../a_mon/dq10_monster_k_daichinoryuubaugia.html,,,,2026-07-27 13:12:29,2026-07-27 13:12:29
1440,2012,大魔王ゾーマ,ダイマオウゾーマ,Daimaouzooma,？？？系,,0,,https://xn--10-yg4a1a3kyh.jp/a_mon/../a_mon/dq10_monster_k_daimaozo-ma.html,,,,2026-07-27 13:12:32,2026-07-27 13:12:32
1441,2013,大魔王マデサゴーラ,ダイマオウマデサゴーラ,Daimaoumadesagoora,？？？系,,0,,https://xn--10-yg4a1a3kyh.jp/a_mon/../a_mon/dq10_monster_k_daimaomadesago-ra.html,,,,2026-07-27 13:12:35,2026-07-27 13:12:35
1442,2014,大魔王ユシュカ,ダイマオウユシュカ,Daimaouyushuka,ドラゴン系,,0,,https://xn--10-yg4a1a3kyh.jp/a_mon/../a_mon/dq10_monster_k_daimaoyushuka.html,,,,2026-07-27 13:12:37,2026-07-27 13:12:37
1443,2015,タイムマスター,タイムマスター,Taimumasutaa,あくま系,,0,,https://xn--10-yg4a1a3kyh.jp/a_mon/../a_mon/dq10_monster_k_taimumasuta-.html,,,,2026-07-27 13:12:40,2026-07-27 13:12:40
1444,2016,濁流の邪殻,ダクリュウノジャカク,Dakuryuunojakaku,水系,,0,,https://xn--10-yg4a1a3kyh.jp/a_mon/../a_mon/dq10_monster_k_dakuryuunojakaku.html,,,,2026-07-27 13:12:43,2026-07-27 13:12:43
1445,2017,堕天使エルギオス,ダテンシエルギオス,Datenshierugiosu,？？？系,,0,,https://xn--10-yg4a1a3kyh.jp/a_mon/../a_mon/dq10_monster_k_datenshierugiosu.html,,,,2026-07-27 13:12:46,2026-07-27 13:12:46
1446,2018,旅芸人ピュージュ,タビゲイニンピュージュ,Tabigeininpyuuju,あくま系,,0,,https://xn--10-yg4a1a3kyh.jp/a_mon/../a_mon/dq10_monster_k_tabigeinimpyu-ju.html,,,,2026-07-27 13:12:48,2026-07-27 13:12:48
1447,2019,タリスマンの守護者,タリスマンノシュゴシャ,Tarisumannoshugosha,ゾンビ系,,0,,https://xn--10-yg4a1a3kyh.jp/a_mon/../a_mon/dq10_monster_k_tarisumannoshugosha.html,,,,2026-07-27 13:12:51,2026-07-27 13:12:51
1448,2020,タロット魔人,タロットマジン,Tarottomajin,エレメント系,,0,,https://xn--10-yg4a1a3kyh.jp/a_mon/../a_mon/dq10_monster_k_tarottomajin.html,,,,2026-07-27 13:12:54,2026-07-27 13:12:54
1449,2021,タロット魔人強,タロットマジンキョウ,Tarottomajin (Strong),エレメント系,,0,,https://xn--10-yg4a1a3kyh.jp/a_mon/../a_mon/dq10_monster_k_tarottomajinkyo.html,,,,2026-07-27 13:12:57,2026-07-27 13:12:57
1450,2022,ダンスデビル,ダンスデビル,Dansudebiru,あくま系,,0,,https://xn--10-yg4a1a3kyh.jp/a_mon/../a_mon/dq10_monster_k_dansudebiru.html,,,,2026-07-27 13:12:59,2026-07-27 13:12:59
1451,2023,チーズキノコ,チーズキノコ,Chiizukinoko,物質系,,0,,https://xn--10-yg4a1a3kyh.jp/a_mon/../a_mon/dq10_monster_k_chi-zukinoko.html,,,,2026-07-27 13:13:02,2026-07-27 13:13:02
1452,2024,チギー,チギー,Chigii,あくま系,,0,,https://xn--10-yg4a1a3kyh.jp/a_mon/../a_mon/dq10_monster_k_chigi-.html,,,,2026-07-27 13:13:05,2026-07-27 13:13:05
1453,2025,知将ジャミラス,チショウジャミラス,Chishoujamirasu,鳥系,,0,,https://xn--10-yg4a1a3kyh.jp/a_mon/../a_mon/dq10_monster_k_chishojamirasu.html,,,,2026-07-27 13:13:07,2026-07-27 13:13:07
1454,2026,チュピちゃん,チュピチャン,Chupichan,マシン系,,0,,https://xn--10-yg4a1a3kyh.jp/a_mon/../a_mon/dq10_monster_k_chupichan.html,,,,2026-07-27 13:13:10,2026-07-27 13:13:10
1455,2027,超心覚の錬獣,チョウシンカクノレンジュウ,Choushinkakunorenjuu,けもの系,,0,,https://xn--10-yg4a1a3kyh.jp/a_mon/../a_mon/dq10_monster_k_choshinkakunorenjuu.html,,,,2026-07-27 13:13:13,2026-07-27 13:13:13
1456,2028,超天道士ヤーン,チョウテントウシヤーン,Choutentoushiyaan,？？？系,,0,,https://xn--10-yg4a1a3kyh.jp/a_mon/../a_mon/dq10_monster_k_chotendoshiya-n.html,,,,2026-07-27 13:13:16,2026-07-27 13:13:16
1457,2029,嘲弄の幻影神,チョウロウノゲンエイシン,Chourounogen'eishin,あくま系,,0,,https://xn--10-yg4a1a3kyh.jp/a_mon/../a_mon/dq10_monster_k_choronogeneishin.html,,,,2026-07-27 13:13:18,2026-07-27 13:13:18
1458,2030,嘲弄の分身,チョウロウノブンシン,Chourounobunshin,あくま系,,0,,https://xn--10-yg4a1a3kyh.jp/a_mon/../a_mon/dq10_monster_k_choronobunshin.html,,,,2026-07-27 13:13:21,2026-07-27 13:13:21
1459,2031,使い魔バジリウス,ツカイマバジリウス,Tsukaimabajiriusu,けもの系,,0,,https://xn--10-yg4a1a3kyh.jp/a_mon/../a_mon/dq10_monster_k_tsukaimabajiriusu.html,,,,2026-07-27 13:13:24,2026-07-27 13:13:24
1460,2032,ツクモモン,ツクモモン,Tsukumomon,あくま系,,0,,https://xn--10-yg4a1a3kyh.jp/a_mon/../a_mon/dq10_monster_k_tsukumomon.html,,,,2026-07-27 13:13:27,2026-07-27 13:13:27
1461,2033,土の祠の守護者,ツチノホコラノシュゴシャ,Tsuchinohokoranoshugosha,あくま系,,0,,https://xn--10-yg4a1a3kyh.jp/a_mon/../a_mon/dq10_monster_k_tsuchinohokoranoshugosha.html,,,,2026-07-27 13:13:30,2026-07-27 13:13:30
1462,2034,デイジーちゃん,デイジーチャン,Deijiichan,けもの系,,0,,https://xn--10-yg4a1a3kyh.jp/a_mon/../a_mon/dq10_monster_k_deiji-chan.html,,,,2026-07-27 13:13:33,2026-07-27 13:13:33
1463,2035,デーモンキング,デーモンキング,Deemonkingu,あくま系,,0,,https://xn--10-yg4a1a3kyh.jp/a_mon/../a_mon/dq10_monster_k_de-monkingu.html,,,,2026-07-27 13:13:38,2026-07-27 13:13:38
1464,2036,デスマシーン,デスマシーン,Desumashiin,マシン系,,0,,https://xn--10-yg4a1a3kyh.jp/a_mon/../a_mon/dq10_monster_k_desumashi-n.html,,,,2026-07-27 13:13:40,2026-07-27 13:13:40
1465,2037,デスライラ,デスライラ,Desuraira,ゾンビ系,,0,,https://xn--10-yg4a1a3kyh.jp/a_mon/../a_mon/dq10_monster_k_desuraira.html,,,,2026-07-27 13:13:43,2026-07-27 13:13:43
1466,2038,鉄巨兵ダイダルモス,テッキョヘイダイダルモス,Tekkyoheidaidarumosu,マシン系,,0,,https://xn--10-yg4a1a3kyh.jp/a_mon/../a_mon/dq10_monster_k_tetsukyoheidaidarumosu.html,,,,2026-07-27 13:13:46,2026-07-27 13:13:46
1467,2039,鉄槌の猛将,テッツイノモウショウ,Tettsuinomoushou,ドラゴン系,,0,,https://xn--10-yg4a1a3kyh.jp/a_mon/../a_mon/dq10_monster_k_tettsuinomosho.html,,,,2026-07-27 13:13:49,2026-07-27 13:13:49
1468,2040,デビルニャン,デビルニャン,Debirunyan,けもの系,,0,,https://xn--10-yg4a1a3kyh.jp/a_mon/../a_mon/dq10_monster_k_debirunyan.html,,,,2026-07-27 13:13:52,2026-07-27 13:13:52
1469,2041,デモンシーサー,デモンシーサー,Demonshiisaa,けもの系,,0,,https://xn--10-yg4a1a3kyh.jp/a_mon/../a_mon/dq10_monster_k_demonshi-sa-.html,,,,2026-07-27 13:13:55,2026-07-27 13:13:55
1470,2042,デモンズゲイト,デモンズゲイト,Demonzugeito,けもの系,,0,,https://xn--10-yg4a1a3kyh.jp/a_mon/../a_mon/dq10_monster_k_demonzugeito.html,,,,2026-07-27 13:13:58,2026-07-27 13:13:58
1471,2043,デュラン,デュラン,Deyuran,？？？系,,0,,https://xn--10-yg4a1a3kyh.jp/a_mon/../a_mon/dq10_monster_k_dyuran.html,,,,2026-07-27 13:14:01,2026-07-27 13:14:01
1472,2044,デュラン強,デュランキョウ,Deyuran (Strong),？？？系,,0,,https://xn--10-yg4a1a3kyh.jp/a_mon/../a_mon/dq10_monster_k_dyurankyo.html,,,,2026-07-27 13:14:04,2026-07-27 13:14:04
1473,2045,テンオツ鬼神,テンオツキジン,Ten'otsukijin,怪人系,,0,,https://xn--10-yg4a1a3kyh.jp/a_mon/../a_mon/dq10_monster_k_tenotsukishin.html,,,,2026-07-27 13:14:07,2026-07-27 13:14:07
1474,2046,天使人形ルーミリア,テンシニンギョウルーミリア,Tenshiningyouruumiria,物質系,,0,,https://xn--10-yg4a1a3kyh.jp/a_mon/../a_mon/dq10_monster_k_tenshiningyoru-miria.html,,,,2026-07-27 13:14:10,2026-07-27 13:14:10
1475,2047,天声の化身,テンセイノケシン,Tenseinokeshin,鳥系,,0,,https://xn--10-yg4a1a3kyh.jp/a_mon/../a_mon/dq10_monster_k_tenseinokeshin.html,,,,2026-07-27 13:14:13,2026-07-27 13:14:13
1476,2048,天奏士アカカ,テンソウシアカカ,Tensoushiakaka,？？？系,,0,,https://xn--10-yg4a1a3kyh.jp/a_mon/../a_mon/dq10_monster_k_tensoshiakaka.html,,,,2026-07-27 13:14:15,2026-07-27 13:14:15
1477,2049,天奏士ガラン,テンソウシガラン,Tensoushigaran,？？？系,,0,,https://xn--10-yg4a1a3kyh.jp/a_mon/../a_mon/dq10_monster_k_tensoshigaran.html,,,,2026-07-27 13:14:19,2026-07-27 13:14:19
1478,2050,天奏士コトノハ,テンソウシコトノハ,Tensoushikotonoha,？？？系,,0,,https://xn--10-yg4a1a3kyh.jp/a_mon/../a_mon/dq10_monster_k_tensoshikotonoha.html,,,,2026-07-27 13:14:22,2026-07-27 13:14:22
1479,2051,天奏士シーギア,テンソウシシーギア,Tensoushishiigia,？？？系,,0,,https://xn--10-yg4a1a3kyh.jp/a_mon/../a_mon/dq10_monster_k_tensoshishi-gia.html,,,,2026-07-27 13:14:24,2026-07-27 13:14:24
1480,2052,天奏士ピパップ,テンソウシピパップ,Tensoushipipappu,？？？系,,0,,https://xn--10-yg4a1a3kyh.jp/a_mon/../a_mon/dq10_monster_k_tensoshipipappu.html,,,,2026-07-27 13:14:27,2026-07-27 13:14:27
1481,2053,テンタコルス,テンタコルス,Tentakorusu,水系,,0,,https://xn--10-yg4a1a3kyh.jp/a_mon/../a_mon/dq10_monster_k_tentakorusu.html,,,,2026-07-27 13:14:30,2026-07-27 13:14:30
1482,2054,天魔クァバルナ,テンマクァバルナ,Tenmakuabaruna,あくま系,,0,,https://xn--10-yg4a1a3kyh.jp/a_mon/../a_mon/dq10_monster_k_temmakwabaruna.html,,,,2026-07-27 13:14:32,2026-07-27 13:14:32
1483,2055,天魔クァバルナ強,テンマクァバルナキョウ,Tenmakuabaruna (Strong),あくま系,,0,,https://xn--10-yg4a1a3kyh.jp/a_mon/../a_mon/dq10_monster_k_temmakwabarunakyo.html,,,,2026-07-27 13:14:35,2026-07-27 13:14:35
1484,2056,慟哭のロベール,ドウコクノロベール,Doukokunorobeeru,ゾンビ系,,0,,https://xn--10-yg4a1a3kyh.jp/a_mon/../a_mon/dq10_monster_k_dokokunorobe-ru.html,,,,2026-07-27 13:14:38,2026-07-27 13:14:38
1485,2057,闘士セインズ,トウシセインズ,Toushiseinzu,？？？系,,0,,https://xn--10-yg4a1a3kyh.jp/a_mon/../a_mon/dq10_monster_k_toshiseinzu.html,,,,2026-07-27 13:14:41,2026-07-27 13:14:41
1486,2058,盗賊ラゴス,トウゾクラゴス,Touzokuragosu,？？？系,,0,,https://xn--10-yg4a1a3kyh.jp/a_mon/../a_mon/dq10_monster_k_tozokuragosu.html,,,,2026-07-27 13:14:43,2026-07-27 13:14:43
1487,2059,トーマ王子,トーマオウジ,Toomaouji,？？？系,,0,,https://xn--10-yg4a1a3kyh.jp/a_mon/../a_mon/dq10_monster_k_to-maoji.html,,,,2026-07-27 13:14:46,2026-07-27 13:14:46
1488,2060,トガスのぬし,トガスノヌシ,Togasunonushi,けもの系,,0,,https://xn--10-yg4a1a3kyh.jp/a_mon/../a_mon/dq10_monster_k_togasunonushi.html,,,,2026-07-27 13:14:49,2026-07-27 13:14:49
1489,2061,時見の箱,トキミノハコ,Tokiminohako,？？？系,,0,,https://xn--10-yg4a1a3kyh.jp/a_mon/../a_mon/dq10_monster_k_tokiminohako.html,,,,2026-07-27 13:14:51,2026-07-27 13:14:51
1490,2062,どくどくバルーン,ドクドクバルーン,Dokudokubaruun,エレメント系,,0,,https://xn--10-yg4a1a3kyh.jp/a_mon/../a_mon/dq10_monster_k_dokudokubaru-n.html,,,,2026-07-27 13:14:54,2026-07-27 13:14:54
1491,2063,常闇の竜レグナード,トコヤミノリュウレグナード,Tokoyaminoryuuregunaado,ドラゴン系,,0,,https://xn--10-yg4a1a3kyh.jp/a_mon/../a_mon/dq10_monster_k_tokoyaminoryuureguna-do.html,,,,2026-07-27 13:14:57,2026-07-27 13:14:57
1492,2064,どデカニードル,ドデカニードル,Dodekaniidoru,物質系,,0,,https://xn--10-yg4a1a3kyh.jp/a_mon/../a_mon/dq10_monster_k_dodekani-doru.html,,,,2026-07-27 13:15:00,2026-07-27 13:15:00
1493,2065,トマホーガー,トマホーガー,Tomahoogaa,ドラゴン系,,0,,https://xn--10-yg4a1a3kyh.jp/a_mon/../a_mon/dq10_monster_k_tomaho-ga-.html,,,,2026-07-27 13:15:02,2026-07-27 13:15:02
1494,2066,ドミニオンズガード,ドミニオンズガード,Dominionzugaado,あくま系,,0,,https://xn--10-yg4a1a3kyh.jp/a_mon/../a_mon/dq10_monster_k_dominionzuga-do.html,,,,2026-07-27 13:15:05,2026-07-27 13:15:05
1495,2067,ドラゴン,ドラゴン,Doragon,ドラゴン系,,0,,https://xn--10-yg4a1a3kyh.jp/a_mon/../a_mon/dq10_monster_k_doragon.html,,,,2026-07-27 13:15:08,2026-07-27 13:15:08
1496,2068,ドラゴン・ウー,ドラゴン・ウー,Doragon Uu,ドラゴン系,,0,,https://xn--10-yg4a1a3kyh.jp/a_mon/../a_mon/dq10_monster_k_doragonu-.html,,,,2026-07-27 13:15:10,2026-07-27 13:15:10
1497,2069,ドラゴンガイア,ドラゴンガイア,Doragongaia,ドラゴン系,,0,,https://xn--10-yg4a1a3kyh.jp/a_mon/../a_mon/dq10_monster_k_doragongaia.html,,,,2026-07-27 13:15:13,2026-07-27 13:15:13
1498,2070,ドラゴンガイア強,ドラゴンガイアキョウ,Doragongaia (Strong),ドラゴン系,,0,,https://xn--10-yg4a1a3kyh.jp/a_mon/../a_mon/dq10_monster_k_doragongaiakyo.html,,,,2026-07-27 13:15:16,2026-07-27 13:15:16
1499,2071,ドラゴンガイア・双,ドラゴンガイア・ソウ,Doragongaia (Twin),ドラゴン系,,0,,https://xn--10-yg4a1a3kyh.jp/a_mon/../a_mon/dq10_monster_k_doragongaiaso.html,,,,2026-07-27 13:15:19,2026-07-27 13:15:19
1500,2072,鳥籠の番人,トリカゴノバンニン,Torikagonobannin,怪人系,,0,,https://xn--10-yg4a1a3kyh.jp/a_mon/../a_mon/dq10_monster_k_torikagonobannin.html,,,,2026-07-27 13:15:21,2026-07-27 13:15:21
1501,2073,トロルバッコス,トロルバッコス,Tororubakkosu,あくま系,,0,,https://xn--10-yg4a1a3kyh.jp/a_mon/../a_mon/dq10_monster_k_tororubakkosu.html,,,,2026-07-27 13:15:24,2026-07-27 13:15:24
1502,2074,トロルバッコス強,トロルバッコスキョウ,Tororubakkosu (Strong),あくま系,,0,,https://xn--10-yg4a1a3kyh.jp/a_mon/../a_mon/dq10_monster_k_tororubakkosukyo.html,,,,2026-07-27 13:15:27,2026-07-27 13:15:27
1503,2075,ドン・モグーラ,ドン・モグーラ,Don Moguura,けもの系,,0,,https://xn--10-yg4a1a3kyh.jp/a_mon/../a_mon/dq10_monster_k_dommogu-ra.html,,,,2026-07-27 13:15:30,2026-07-27 13:15:30
1504,2076,ナイト,ナイト,Naito,物質系,,0,,https://xn--10-yg4a1a3kyh.jp/a_mon/../a_mon/dq10_monster_k_naito.html,,,,2026-07-27 13:15:32,2026-07-27 13:15:32
1505,2077,なげきの魔像,ナゲキノマゾウ,Nagekinomazou,物質系,,0,,https://xn--10-yg4a1a3kyh.jp/a_mon/../a_mon/dq10_monster_k_nagekinomazo.html,,,,2026-07-27 13:15:35,2026-07-27 13:15:35
1506,2078,嘆きのロベール,ナゲキノロベール,Nagekinorobeeru,ゾンビ系,,0,,https://xn--10-yg4a1a3kyh.jp/a_mon/../a_mon/dq10_monster_k_nagekinorobe-ru.html,,,,2026-07-27 13:15:38,2026-07-27 13:15:38
1507,2079,なぞの黒騎士,ナゾノクロキシ,Nazonokurokishi,？？？系,,0,,https://xn--10-yg4a1a3kyh.jp/a_mon/../a_mon/dq10_monster_k_nazonokurokishi.html,,,,2026-07-27 13:15:41,2026-07-27 13:15:41
1508,2080,謎のバケモノ,ナゾノバケモノ,Nazonobakemono,ドラゴン系,,0,,https://xn--10-yg4a1a3kyh.jp/a_mon/../a_mon/dq10_monster_k_nazonobakemono.html,,,,2026-07-27 13:15:45,2026-07-27 13:15:45
1509,2081,謎の武装兵,ナゾノブソウヘイ,Nazonobusouhei,怪人系,,0,,https://xn--10-yg4a1a3kyh.jp/a_mon/../a_mon/dq10_monster_k_nazonobusohei.html,,,,2026-07-27 13:15:48,2026-07-27 13:15:48
1510,2082,なぞの魔狼,ナゾノマロウ,Nazonomarou,けもの系,,0,,https://xn--10-yg4a1a3kyh.jp/a_mon/../a_mon/dq10_monster_k_nazonomaro.html,,,,2026-07-27 13:15:51,2026-07-27 13:15:51
1511,2083,ナブレット団長,ナブレットダンチョウ,Naburettodanchou,？？？系,,0,,https://xn--10-yg4a1a3kyh.jp/a_mon/../a_mon/dq10_monster_k_naburettodancho.html,,,,2026-07-27 13:15:54,2026-07-27 13:15:54
1512,2084,ネグールドラゴン,ネグールドラゴン,Neguurudoragon,ドラゴン系,,0,,https://xn--10-yg4a1a3kyh.jp/a_mon/../a_mon/dq10_monster_k_negu-rudoragon.html,,,,2026-07-27 13:15:56,2026-07-27 13:15:56
1513,2085,熱空の支配者,ネックウノシハイシャ,Nekkuunoshihaisha,鳥系,,0,,https://xn--10-yg4a1a3kyh.jp/a_mon/../a_mon/dq10_monster_k_nekkuunoshihaisha.html,,,,2026-07-27 13:15:59,2026-07-27 13:15:59
1514,2086,眠りのフクロウ,ネムリノフクロウ,Nemurinofukurou,鳥系,,0,,https://xn--10-yg4a1a3kyh.jp/a_mon/../a_mon/dq10_monster_k_nemurinofukuro.html,,,,2026-07-27 13:16:02,2026-07-27 13:16:02
1515,2087,ネロドスシャドウ,ネロドスシャドウ,Nerodosushadou,？？？系,,0,,https://xn--10-yg4a1a3kyh.jp/a_mon/../a_mon/dq10_monster_k_nerodosushado.html,,,,2026-07-27 13:16:05,2026-07-27 13:16:05
1516,2088,粘糸蟲ジュバーク,ネンシチュウジュバーク,Nenshichuujubaaku,虫系,,0,,https://xn--10-yg4a1a3kyh.jp/a_mon/../a_mon/dq10_monster_k_nenshichuujuba-ku.html,,,,2026-07-27 13:16:08,2026-07-27 13:16:08
1517,2089,念晶巨人,ネンショウキョジン,Nenshoukyojin,物質系,,0,,https://xn--10-yg4a1a3kyh.jp/a_mon/../a_mon/dq10_monster_k_nenshokyojin.html,,,,2026-07-27 13:16:10,2026-07-27 13:16:10
1518,2090,呪いの歌姫,ノロイノウタヒメ,Noroinoutahime,水系,,0,,https://xn--10-yg4a1a3kyh.jp/a_mon/../a_mon/dq10_monster_k_noroinotahime.html,,,,2026-07-27 13:16:13,2026-07-27 13:16:13
1519,2091,呪いの影,ノロイノカゲ,Noroinokage,エレメント系,,0,,https://xn--10-yg4a1a3kyh.jp/a_mon/../a_mon/dq10_monster_k_noroinokage.html,,,,2026-07-27 13:16:16,2026-07-27 13:16:16
1520,2092,呪われしグランゼニス,ノロワレシグランゼニス,Norowareshiguranzenisu,？？？系,,0,,https://xn--10-yg4a1a3kyh.jp/a_mon/../a_mon/dq10_monster_k_norowareshiguranzenisu.html,,,,2026-07-27 13:16:18,2026-07-27 13:16:18
1521,2093,呪われたシシカバブ,ノロワレタシシカバブ,Norowaretashishikababu,けもの系,,0,,https://xn--10-yg4a1a3kyh.jp/a_mon/../a_mon/dq10_monster_k_norowaretashishikababu.html,,,,2026-07-27 13:16:21,2026-07-27 13:16:21
1522,2094,ハートボイルド,ハートボイルド,Haatoboirudo,スライム系,,0,,https://xn--10-yg4a1a3kyh.jp/a_mon/../a_mon/dq10_monster_k_ha-toboirudo.html,,,,2026-07-27 13:16:24,2026-07-27 13:16:24
1523,2095,バーンラヴァン,バーンラヴァン,Baanravuan,エレメント系,,0,,https://xn--10-yg4a1a3kyh.jp/a_mon/../a_mon/dq10_monster_k_ba-nravan.html,,,,2026-07-27 13:16:26,2026-07-27 13:16:26
1524,2096,背徳の教祖,ハイトクノキョウソ,Haitokunokyouso,？？？系,,0,,https://xn--10-yg4a1a3kyh.jp/a_mon/../a_mon/dq10_monster_k_haitokunokyoso.html,,,,2026-07-27 13:16:29,2026-07-27 13:16:29
1525,2097,波怨竜,ハオンリュウ,Haonryuu,ドラゴン系,,0,,https://xn--10-yg4a1a3kyh.jp/a_mon/../a_mon/dq10_monster_k_haonryuu.html,,,,2026-07-27 13:16:32,2026-07-27 13:16:32
1526,2098,破戒王ベルムド,ハカイオウベルムド,Hakaiouberumudo,怪人系,,0,,https://xn--10-yg4a1a3kyh.jp/a_mon/../a_mon/dq10_monster_k_hakaioberumudo.html,,,,2026-07-27 13:16:35,2026-07-27 13:16:35
1527,2099,破戒王ベルムド影,ハカイオウベルムドカゲ,Hakaiouberumudokage,怪人系,,0,,https://xn--10-yg4a1a3kyh.jp/a_mon/../a_mon/dq10_monster_k_hakaioberumudokage.html,,,,2026-07-27 13:16:37,2026-07-27 13:16:37
1528,2100,破戒王ベルムド強,ハカイオウベルムドキョウ,Hakaiouberumudo (Strong),怪人系,,0,,https://xn--10-yg4a1a3kyh.jp/a_mon/../a_mon/dq10_monster_k_hakaioberumudokyo.html,,,,2026-07-27 13:16:40,2026-07-27 13:16:40
1529,2101,破壊神シドー,ハカイシンシドー,Hakaishinshidoo,？？？系,,0,,https://xn--10-yg4a1a3kyh.jp/a_mon/../a_mon/dq10_monster_k_hakaishinshido-.html,,,,2026-07-27 13:16:43,2026-07-27 13:16:43
1530,2102,破壊神フォロボス,ハカイシンフォロボス,Hakaishinfuorobosu,？？？系,,0,,https://xn--10-yg4a1a3kyh.jp/a_mon/../a_mon/dq10_monster_k_hakaishinforobosu.html,,,,2026-07-27 13:16:45,2026-07-27 13:16:45
1531,2103,白雲の烈翼将ヤヌビ,ハクウンノレツヨクショウヤヌビ,Hakuunnoretsuyokushouyanubi,鳥系,,0,,https://xn--10-yg4a1a3kyh.jp/a_mon/../a_mon/dq10_monster_k_hakuunnoretsuyokushoyanubi.html,,,,2026-07-27 13:16:48,2026-07-27 13:16:48
1532,2104,爆炎の獄将,バクエンノゴクショウ,Bakuennogokushou,あくま系,,0,,https://xn--10-yg4a1a3kyh.jp/a_mon/../a_mon/dq10_monster_k_bakuennogokusho.html,,,,2026-07-27 13:16:51,2026-07-27 13:16:51
1533,2105,ハクオウ,ハクオウ,Hakuou,？？？系,,0,,https://xn--10-yg4a1a3kyh.jp/a_mon/../a_mon/dq10_monster_k_hakuo.html,,,,2026-07-27 13:16:53,2026-07-27 13:16:53
1534,2106,ハクオウフェイク,ハクオウフェイク,Hakuoufyeiku,物質系,,0,,https://xn--10-yg4a1a3kyh.jp/a_mon/../a_mon/dq10_monster_k_hakuofeiku.html,,,,2026-07-27 13:16:56,2026-07-27 13:16:56
1535,2107,白銀獣ロムドゴーグ,ハクギンジュウロムドゴーグ,Hakuginjuuromudogoogu,物質系,,0,,https://xn--10-yg4a1a3kyh.jp/a_mon/../a_mon/dq10_monster_k_hakuginjuuromudogo-gu.html,,,,2026-07-27 13:16:59,2026-07-27 13:16:59
1536,2108,白霊鬼ボータ,ハクレイキボータ,Hakureikiboota,エレメント系,,0,,https://xn--10-yg4a1a3kyh.jp/a_mon/../a_mon/dq10_monster_k_hakureikibo-ta.html,,,,2026-07-27 13:17:02,2026-07-27 13:17:02
1537,2109,バズズ,バズズ,Bazuzu,あくま系,,0,,https://xn--10-yg4a1a3kyh.jp/a_mon/../a_mon/dq10_monster_k_bazuzu.html,,,,2026-07-27 13:17:04,2026-07-27 13:17:04
1538,2110,バズズエリート,バズズエリート,Bazuzueriito,あくま系,,0,,https://xn--10-yg4a1a3kyh.jp/a_mon/../a_mon/dq10_monster_k_bazuzueri-to.html,,,,2026-07-27 13:17:07,2026-07-27 13:17:07
1539,2111,バズズ強,バズズキョウ,Bazuzu (Strong),あくま系,,0,,https://xn--10-yg4a1a3kyh.jp/a_mon/../a_mon/dq10_monster_k_bazuzukyo.html,,,,2026-07-27 13:17:10,2026-07-27 13:17:10
1540,2112,バズズ(コイン),バズズ(コイン),Bazuzu (Coin),あくま系,,0,,https://xn--10-yg4a1a3kyh.jp/a_mon/../a_mon/dq10_monster_k_bazuzukoin.html,,,,2026-07-27 13:17:13,2026-07-27 13:17:13
1541,2113,バズッチャイーナ,バズッチャイーナ,Bazutchaiina,あくま系,,0,,https://xn--10-yg4a1a3kyh.jp/a_mon/../a_mon/dq10_monster_k_bazutchai-na.html,,,,2026-07-27 13:17:15,2026-07-27 13:17:15
1542,2114,伐採マシン,バッサイマシン,Bassaimashin,マシン系,,0,,https://xn--10-yg4a1a3kyh.jp/a_mon/../a_mon/dq10_monster_k_bassaimashin.html,,,,2026-07-27 13:17:18,2026-07-27 13:17:18
1543,2115,伐採マシン改,バッサイマシンカイ,Bassaimashinkai,マシン系,,0,,https://xn--10-yg4a1a3kyh.jp/a_mon/../a_mon/dq10_monster_k_bassaimashinkai.html,,,,2026-07-27 13:17:21,2026-07-27 13:17:21
1544,2116,バッドメーア,バッドメーア,Baddomeea,怪人系,,0,,https://xn--10-yg4a1a3kyh.jp/a_mon/../a_mon/dq10_monster_k_baddome-a.html,,,,2026-07-27 13:17:24,2026-07-27 13:17:24
1545,2117,破天の魔王,ハテンノマオウ,Hatennomaou,？？？系,,0,,https://xn--10-yg4a1a3kyh.jp/a_mon/../a_mon/dq10_monster_k_hatennomao.html,,,,2026-07-27 13:17:26,2026-07-27 13:17:26
1546,2118,覇道の魔王,ハドウノマオウ,Hadounomaou,？？？系,,0,,https://xn--10-yg4a1a3kyh.jp/a_mon/../a_mon/dq10_monster_k_hadonomao.html,,,,2026-07-27 13:17:29,2026-07-27 13:17:29
1547,2119,覇道の竜将,ハドウノリュウショウ,Hadounoryuushou,ドラゴン系,,0,,https://xn--10-yg4a1a3kyh.jp/a_mon/../a_mon/dq10_monster_k_hadonoryuusho.html,,,,2026-07-27 13:17:32,2026-07-27 13:17:32
1548,2120,バトルシェイカー,バトルシェイカー,Batorusheikaa,マシン系,,0,,https://xn--10-yg4a1a3kyh.jp/a_mon/../a_mon/dq10_monster_k_batoruika-.html,,,,2026-07-27 13:17:35,2026-07-27 13:17:35
1549,2121,バトルシェイカー強,バトルシェイカーキョウ,Batorusheikaa (Strong),マシン系,,0,,https://xn--10-yg4a1a3kyh.jp/a_mon/../a_mon/dq10_monster_k_batoruika-kyo.html,,,,2026-07-27 13:17:37,2026-07-27 13:17:37
1550,2122,花の祠の守護者,ハナノホコラノシュゴシャ,Hananohokoranoshugosha,スライム系,,0,,https://xn--10-yg4a1a3kyh.jp/a_mon/../a_mon/dq10_monster_k_hananohokoranoshugosha.html,,,,2026-07-27 13:17:40,2026-07-27 13:17:40
1551,2123,パニガキャッチャー,パニガキャッチャー,Panigakyatchaa,マシン系,,0,,https://xn--10-yg4a1a3kyh.jp/a_mon/../a_mon/dq10_monster_k_panigakyatcha-.html,,,,2026-07-27 13:17:43,2026-07-27 13:17:43
1552,2124,ハヌマーン,ハヌマーン,Hanumaan,けもの系,,0,,https://xn--10-yg4a1a3kyh.jp/a_mon/../a_mon/dq10_monster_k_hanuma-n.html,,,,2026-07-27 13:17:46,2026-07-27 13:17:46
1553,2125,ハヌマーン強,ハヌマーンキョウ,Hanumaan (Strong),けもの系,,0,,https://xn--10-yg4a1a3kyh.jp/a_mon/../a_mon/dq10_monster_k_hanuma-nkyo.html,,,,2026-07-27 13:17:48,2026-07-27 13:17:48
1554,2126,バラモス,バラモス,Baramosu,？？？系,,0,,https://xn--10-yg4a1a3kyh.jp/a_mon/../a_mon/dq10_monster_k_baramosu.html,,,,2026-07-27 13:17:51,2026-07-27 13:17:51
1555,2127,バラモス強,バラモスキョウ,Baramosu (Strong),？？？系,,0,,https://xn--10-yg4a1a3kyh.jp/a_mon/../a_mon/dq10_monster_k_baramosukyo.html,,,,2026-07-27 13:17:54,2026-07-27 13:17:54
1556,2128,バラモスゾンビ,バラモスゾンビ,Baramosuzonbi,ゾンビ系,,0,,https://xn--10-yg4a1a3kyh.jp/a_mon/../a_mon/dq10_monster_k_baramosuzombi.html,,,,2026-07-27 13:17:56,2026-07-27 13:17:56
1557,2129,バラモスブロス,バラモスブロス,Baramosuburosu,？？？系,,0,,https://xn--10-yg4a1a3kyh.jp/a_mon/../a_mon/dq10_monster_k_baramosuburosu.html,,,,2026-07-27 13:17:59,2026-07-27 13:17:59
1558,2130,バラモスブロス強,バラモスブロスキョウ,Baramosuburosu (Strong),？？？系,,0,,https://xn--10-yg4a1a3kyh.jp/a_mon/../a_mon/dq10_monster_k_baramosuburosukyo.html,,,,2026-07-27 13:18:02,2026-07-27 13:18:02
1559,2131,バリクナジャ,バリクナジャ,Barikunaja,怪人系,,0,,https://xn--10-yg4a1a3kyh.jp/a_mon/../a_mon/dq10_monster_k_barikunaja.html,,,,2026-07-27 13:18:05,2026-07-27 13:18:05
1560,2132,バリクナジャ強,バリクナジャキョウ,Barikunaja (Strong),怪人系,,0,,https://xn--10-yg4a1a3kyh.jp/a_mon/../a_mon/dq10_monster_k_barikunajakyo.html,,,,2026-07-27 13:18:08,2026-07-27 13:18:08
1561,2133,パルカラス亡霊王,パルカラスボウレイオウ,Parukarasuboureiou,ゾンビ系,,0,,https://xn--10-yg4a1a3kyh.jp/a_mon/../a_mon/dq10_monster_k_parukarasuboreio.html,,,,2026-07-27 13:18:10,2026-07-27 13:18:10
1562,2134,バルケス,バルケス,Barukesu,？？？系,,0,,https://xn--10-yg4a1a3kyh.jp/a_mon/../a_mon/dq10_monster_k_barukesu.html,,,,2026-07-27 13:18:13,2026-07-27 13:18:13
1563,2135,バルザックゾンビ,バルザックゾンビ,Baruzakkuzonbi,ドラゴン系,,0,,https://xn--10-yg4a1a3kyh.jp/a_mon/../a_mon/dq10_monster_k_baruzakkuzombi.html,,,,2026-07-27 13:18:16,2026-07-27 13:18:16
1564,2136,バルディスタ新兵・斧,バルディスタシンペイ・オノ,Barudeisutashinpei Ono,？？？系,,0,,https://xn--10-yg4a1a3kyh.jp/a_mon/../a_mon/dq10_monster_k_barudisutashimpeiono.html,,,,2026-07-27 13:18:19,2026-07-27 13:18:19
1565,2137,バルディスタ新兵・槍,バルディスタシンペイ・ヤリ,Barudeisutashinpei Yari,？？？系,,0,,https://xn--10-yg4a1a3kyh.jp/a_mon/../a_mon/dq10_monster_k_barudisutashimpeiyari.html,,,,2026-07-27 13:18:22,2026-07-27 13:18:22
1566,2138,バルディスタ新兵・弓,バルディスタシンペイ・ユミ,Barudeisutashinpei Yumi,？？？系,,0,,https://xn--10-yg4a1a3kyh.jp/a_mon/../a_mon/dq10_monster_k_barudisutashimpeiyumi.html,,,,2026-07-27 13:18:24,2026-07-27 13:18:24
1567,2139,ハルバルド海賊団,ハルバルドカイゾクダン,Harubarudokaizokudan,？？？系,,0,,https://xn--10-yg4a1a3kyh.jp/a_mon/../a_mon/dq10_monster_k_harubarudokaizokudan.html,,,,2026-07-27 13:18:27,2026-07-27 13:18:27
1568,2140,ハルバルド船長,ハルバルドセンチョウ,Harubarudosenchou,？？？系,,0,,https://xn--10-yg4a1a3kyh.jp/a_mon/../a_mon/dq10_monster_k_harubarudosencho.html,,,,2026-07-27 13:18:30,2026-07-27 13:18:30
1569,2141,パルミオ2世,パルミオ2セイ,Parumio2sei,怪人系,,0,,https://xn--10-yg4a1a3kyh.jp/a_mon/../a_mon/dq10_monster_k_parumionisei.html,,,,2026-07-27 13:18:57,2026-07-27 13:18:57
1570,2142,パワーストーンマン,パワーストーンマン,Pawaasutoonman,物質系,,0,,https://xn--10-yg4a1a3kyh.jp/a_mon/../a_mon/dq10_monster_k_pawa-suto-mman.html,,,,2026-07-27 13:19:00,2026-07-27 13:19:00
1571,2143,反逆者ゴッツェ,ハンギャクシャゴッツェ,Hangyakushagottsue,ドラゴン系,,0,,https://xn--10-yg4a1a3kyh.jp/a_mon/../a_mon/dq10_monster_k_hangyakushagottse.html,,,,2026-07-27 13:19:03,2026-07-27 13:19:03
1572,2144,ハングリーハンター,ハングリーハンター,Hanguriihantaa,けもの系,,0,,https://xn--10-yg4a1a3kyh.jp/a_mon/../a_mon/dq10_monster_k_hanguri-hanta-.html,,,,2026-07-27 13:19:08,2026-07-27 13:19:08
1573,2145,悲観の闇,ヒカンノヤミ,Hikannoyami,怪人系,,0,,https://xn--10-yg4a1a3kyh.jp/a_mon/../a_mon/dq10_monster_k_hikannoyami.html,,,,2026-07-27 13:19:11,2026-07-27 13:19:11
1574,2146,悲愴のウィリーデ,ヒソウノウィリーデ,Hisounouiriide,マシン系,,0,,https://xn--10-yg4a1a3kyh.jp/a_mon/../a_mon/dq10_monster_k_hisonowiri-de.html,,,,2026-07-27 13:19:14,2026-07-27 13:19:14
1575,2147,悲嘆のレイジバルス,ヒタンノレイジバルス,Hitannoreijibarusu,？？？系,,0,,https://xn--10-yg4a1a3kyh.jp/a_mon/../a_mon/dq10_monster_k_hitannoreijibarusu.html,,,,2026-07-27 13:19:17,2026-07-27 13:19:17
1576,2148,ビッグバン岩,ビッグバンイワ,Bigguban'iwa,物質系,,0,,https://xn--10-yg4a1a3kyh.jp/a_mon/../a_mon/dq10_monster_k_biggubangan.html,,,,2026-07-27 13:19:20,2026-07-27 13:19:20
1577,2149,ビッグビッグハット,ビッグビッグハット,Biggubigguhatto,けもの系,,0,,https://xn--10-yg4a1a3kyh.jp/a_mon/../a_mon/dq10_monster_k_biggubigguhatto.html,,,,2026-07-27 13:19:23,2026-07-27 13:19:23
1578,2150,ビッグモーモン,ビッグモーモン,Biggumoomon,あくま系,,0,,https://xn--10-yg4a1a3kyh.jp/a_mon/../a_mon/dq10_monster_k_biggumo-mon.html,,,,2026-07-27 13:19:26,2026-07-27 13:19:26
1579,2151,人食い火竜,ヒトグイヒリュウ,Hitoguihiryuu,ドラゴン系,,0,,https://xn--10-yg4a1a3kyh.jp/a_mon/../a_mon/dq10_monster_k_hitokuikaryuu.html,,,,2026-07-27 13:19:29,2026-07-27 13:19:29
1580,2152,ひとくいドール,ヒトクイドール,Hitokuidooru,物質系,,0,,https://xn--10-yg4a1a3kyh.jp/a_mon/../a_mon/dq10_monster_k_hitokuido-ru.html,,,,2026-07-27 13:19:33,2026-07-27 13:19:33
1581,2153,ヒポキン,ヒポキン,Hipokin,けもの系,,0,,https://xn--10-yg4a1a3kyh.jp/a_mon/../a_mon/dq10_monster_k_hipokin.html,,,,2026-07-27 13:19:35,2026-07-27 13:19:35
1582,2154,ヒポポ・サードン,ヒポポ・サードン,Hipopo Saadon,けもの系,,0,,https://xn--10-yg4a1a3kyh.jp/a_mon/../a_mon/dq10_monster_k_hipoposa-don.html,,,,2026-07-27 13:19:40,2026-07-27 13:19:40
1583,2155,百怨邪ジャモー,ヒャクオンジャジャモー,Hyakuonjajamoo,けもの系,,0,,https://xn--10-yg4a1a3kyh.jp/a_mon/../a_mon/dq10_monster_k_hyakuonjajamo-.html,,,,2026-07-27 13:19:42,2026-07-27 13:19:42
1584,2156,氷殿の守護兵,ヒョウデンノシュゴヘイ,Hyoudennoshugohei,怪人系,,0,,https://xn--10-yg4a1a3kyh.jp/a_mon/../a_mon/dq10_monster_k_hyodennoshugohei.html,,,,2026-07-27 13:19:45,2026-07-27 13:19:45
1585,2157,氷魔フィルグレア,ヒョウマフィルグレア,Hyoumafyirugurea,物質系,,0,,https://xn--10-yg4a1a3kyh.jp/a_mon/../a_mon/dq10_monster_k_hyomafirugurea.html,,,,2026-07-27 13:19:48,2026-07-27 13:19:48
1586,2158,ファラオ・エレフ,ファラオ・エレフ,Fuarao Erefu,けもの系,,0,,https://xn--10-yg4a1a3kyh.jp/a_mon/../a_mon/dq10_monster_k_faraoerefu.html,,,,2026-07-27 13:19:51,2026-07-27 13:19:51
1587,2159,ファラオ・カーメン,ファラオ・カーメン,Fuarao Kaamen,？？？系,,0,,https://xn--10-yg4a1a3kyh.jp/a_mon/../a_mon/dq10_monster_k_faraoka-men.html,,,,2026-07-27 13:19:53,2026-07-27 13:19:53
1588,2160,ファラオ・ガル,ファラオ・ガル,Fuarao Garu,あくま系,,0,,https://xn--10-yg4a1a3kyh.jp/a_mon/../a_mon/dq10_monster_k_faraogaru.html,,,,2026-07-27 13:19:56,2026-07-27 13:19:56
1589,2161,ファラオ・ゴル,ファラオ・ゴル,Fuarao Goru,あくま系,,0,,https://xn--10-yg4a1a3kyh.jp/a_mon/../a_mon/dq10_monster_k_faraogoru.html,,,,2026-07-27 13:19:59,2026-07-27 13:19:59
1590,2162,ファラオ・ゴレム,ファラオ・ゴレム,Fuarao Goremu,物質系,,0,,https://xn--10-yg4a1a3kyh.jp/a_mon/../a_mon/dq10_monster_k_faraogoremu.html,,,,2026-07-27 13:20:02,2026-07-27 13:20:02
1591,2163,ファラオ・デス,ファラオ・デス,Fuarao Desu,ゾンビ系,,0,,https://xn--10-yg4a1a3kyh.jp/a_mon/../a_mon/dq10_monster_k_faraodesu.html,,,,2026-07-27 13:20:04,2026-07-27 13:20:04
1592,2164,ファラオ・ナジャ,ファラオ・ナジャ,Fuarao Naja,怪人系,,0,,https://xn--10-yg4a1a3kyh.jp/a_mon/../a_mon/dq10_monster_k_faraonaja.html,,,,2026-07-27 13:20:07,2026-07-27 13:20:07
1593,2165,ファラオ・ニビス,ファラオ・ニビス,Fuarao Nibisu,怪人系,,0,,https://xn--10-yg4a1a3kyh.jp/a_mon/../a_mon/dq10_monster_k_faraonibisu.html,,,,2026-07-27 13:20:10,2026-07-27 13:20:10
1594,2166,ファラオの左手,ファラオノヒダリテ,Fuaraonohidarite,あくま系,,0,,https://xn--10-yg4a1a3kyh.jp/a_mon/../a_mon/dq10_monster_k_faraonohidarite.html,,,,2026-07-27 13:20:12,2026-07-27 13:20:12
1595,2167,ファラオの右手,ファラオノミギテ,Fuaraonomigite,あくま系,,0,,https://xn--10-yg4a1a3kyh.jp/a_mon/../a_mon/dq10_monster_k_faraonomigite.html,,,,2026-07-27 13:20:15,2026-07-27 13:20:15
1596,2168,ファラオ・ヘッド,ファラオ・ヘッド,Fuarao Heddo,あくま系,,0,,https://xn--10-yg4a1a3kyh.jp/a_mon/../a_mon/dq10_monster_k_faraoheddo.html,,,,2026-07-27 13:20:18,2026-07-27 13:20:18
1597,2169,ファラオ・ヘルマ,ファラオ・ヘルマ,Fuarao Heruma,怪人系,,0,,https://xn--10-yg4a1a3kyh.jp/a_mon/../a_mon/dq10_monster_k_faraoheruma.html,,,,2026-07-27 13:20:21,2026-07-27 13:20:21
1598,2170,ファラオ・ラー,ファラオ・ラー,Fuarao Raa,ドラゴン系,,0,,https://xn--10-yg4a1a3kyh.jp/a_mon/../a_mon/dq10_monster_k_faraora-.html,,,,2026-07-27 13:20:24,2026-07-27 13:20:24
1599,2171,ファラオ・ルドラ,ファラオ・ルドラ,Fuarao Rudora,ドラゴン系,,0,,https://xn--10-yg4a1a3kyh.jp/a_mon/../a_mon/dq10_monster_k_faraorudora.html,,,,2026-07-27 13:20:26,2026-07-27 13:20:26
1600,2172,Ｖロン,ブイロン,Buiron,ドラゴン系,,0,,https://xn--10-yg4a1a3kyh.jp/a_mon/../a_mon/dq10_monster_k_buiron.html,,,,2026-07-27 13:20:29,2026-07-27 13:20:29
1601,2173,Ｖロン強,ブイロンキョウ,Buiron (Strong),ドラゴン系,,0,,https://xn--10-yg4a1a3kyh.jp/a_mon/../a_mon/dq10_monster_k_buironkyo.html,,,,2026-07-27 13:20:32,2026-07-27 13:20:32
1602,2174,封印の左手,フウインノヒダリテ,Fuuinnohidarite,あくま系,,0,,https://xn--10-yg4a1a3kyh.jp/a_mon/../a_mon/dq10_monster_k_fuuinnohidarite.html,,,,2026-07-27 13:20:34,2026-07-27 13:20:34
1603,2175,封印の右手,フウインノミギテ,Fuuinnomigite,あくま系,,0,,https://xn--10-yg4a1a3kyh.jp/a_mon/../a_mon/dq10_monster_k_fuuinnomigite.html,,,,2026-07-27 13:20:37,2026-07-27 13:20:37
1604,2176,封魔フォーゲル,フウマフォーゲル,Fuumafuoogeru,ゾンビ系,,0,,https://xn--10-yg4a1a3kyh.jp/a_mon/../a_mon/dq10_monster_k_fuumafo-geru.html,,,,2026-07-27 13:20:40,2026-07-27 13:20:40
1605,2177,フェンダ,フェンダ,Fyenda,ドラゴン系,,0,,https://xn--10-yg4a1a3kyh.jp/a_mon/../a_mon/dq10_monster_k_fenda.html,,,,2026-07-27 13:20:43,2026-07-27 13:20:43
1606,2178,復讐鬼ガガイ,フクシュウキガガイ,Fukushuukigagai,？？？系,,0,,https://xn--10-yg4a1a3kyh.jp/a_mon/../a_mon/dq10_monster_k_fukushuukigagai.html,,,,2026-07-27 13:20:46,2026-07-27 13:20:46
1607,2179,不死なる異形,フシナルイギョウ,Fushinaruigyou,物質系,,0,,https://xn--10-yg4a1a3kyh.jp/a_mon/../a_mon/dq10_monster_k_fushinaruigyo.html,,,,2026-07-27 13:20:50,2026-07-27 13:20:50
1608,2180,不死の支配者,フシノシハイシャ,Fushinoshihaisha,？？？系,,0,,https://xn--10-yg4a1a3kyh.jp/a_mon/../a_mon/dq10_monster_k_fushinoshihaisha.html,,,,2026-07-27 13:20:53,2026-07-27 13:20:53
1609,2181,不死の魔王ネロドス,フシノマオウネロドス,Fushinomaounerodosu,？？？系,,0,,https://xn--10-yg4a1a3kyh.jp/a_mon/../a_mon/dq10_monster_k_fushinomaonerodosu.html,,,,2026-07-27 13:20:56,2026-07-27 13:20:56
1610,2182,プチアクバー,プチアクバー,Puchiakubaa,あくま系,,0,,https://xn--10-yg4a1a3kyh.jp/a_mon/../a_mon/dq10_monster_k_puchiakuba-.html,,,,2026-07-27 13:20:58,2026-07-27 13:20:58
1611,2183,プチアトラス,プチアトラス,Puchiatorasu,あくま系,,0,,https://xn--10-yg4a1a3kyh.jp/a_mon/../a_mon/dq10_monster_k_puchiatorasu.html,,,,2026-07-27 13:21:01,2026-07-27 13:21:01
1612,2184,プチ暗黒の魔人,プチアンコクノマジン,Puchiankokunomajin,物質系,,0,,https://xn--10-yg4a1a3kyh.jp/a_mon/../a_mon/dq10_monster_k_puchiankokunomajin.html,,,,2026-07-27 13:21:05,2026-07-27 13:21:05
1613,2185,プチＳキラーマシン,プチエスキラーマシン,Puchiesukiraamashin,マシン系,,0,,https://xn--10-yg4a1a3kyh.jp/a_mon/../a_mon/dq10_monster_k_puchiesukira-mashin.html,,,,2026-07-27 13:21:07,2026-07-27 13:21:07
1614,2186,プチＳジェネラル,プチエスジェネラル,Puchiesujeneraru,スライム系,,0,,https://xn--10-yg4a1a3kyh.jp/a_mon/../a_mon/dq10_monster_k_puchiesuneraru.html,,,,2026-07-27 13:21:10,2026-07-27 13:21:10
1615,2187,プチギュメイ将軍,プチギュメイショウグン,Puchigyumeishougun,けもの系,,0,,https://xn--10-yg4a1a3kyh.jp/a_mon/../a_mon/dq10_monster_k_puchigyumeishogun.html,,,,2026-07-27 13:21:13,2026-07-27 13:21:13
1616,2188,プチキラーマジンガ,プチキラーマジンガ,Puchikiraamajinga,マシン系,,0,,https://xn--10-yg4a1a3kyh.jp/a_mon/../a_mon/dq10_monster_k_puchikira-majinga.html,,,,2026-07-27 13:21:16,2026-07-27 13:21:16
1617,2189,プチキングヒドラ,プチキングヒドラ,Puchikinguhidora,ドラゴン系,,0,,https://xn--10-yg4a1a3kyh.jp/a_mon/../a_mon/dq10_monster_k_puchikinguhidora.html,,,,2026-07-27 13:21:19,2026-07-27 13:21:19
1618,2190,プチグラコス,プチグラコス,Puchigurakosu,水系,,0,,https://xn--10-yg4a1a3kyh.jp/a_mon/../a_mon/dq10_monster_k_puchigurakosu.html,,,,2026-07-27 13:21:22,2026-07-27 13:21:22
1619,2191,プチゲルニック将軍,プチゲルニックショウグン,Puchigerunikkushougun,鳥系,,0,,https://xn--10-yg4a1a3kyh.jp/a_mon/../a_mon/dq10_monster_k_puchigerunikkushogun.html,,,,2026-07-27 13:21:24,2026-07-27 13:21:24
1620,2192,プチゴースネル,プチゴースネル,Puchigoosuneru,けもの系,,0,,https://xn--10-yg4a1a3kyh.jp/a_mon/../a_mon/dq10_monster_k_puchigo-suneru.html,,,,2026-07-27 13:21:27,2026-07-27 13:21:27
1621,2193,プチゴレオン将軍,プチゴレオンショウグン,Puchigoreonshougun,けもの系,,0,,https://xn--10-yg4a1a3kyh.jp/a_mon/../a_mon/dq10_monster_k_puchigoreonshogun.html,,,,2026-07-27 13:21:30,2026-07-27 13:21:30
1622,2194,プチジャミラス,プチジャミラス,Puchijamirasu,マシン系,,0,,https://xn--10-yg4a1a3kyh.jp/a_mon/../a_mon/dq10_monster_k_puchijamirasu.html,,,,2026-07-27 13:21:33,2026-07-27 13:21:33
1623,2195,プチスライダーク,プチスライダーク,Puchisuraidaaku,スライム系,,0,,https://xn--10-yg4a1a3kyh.jp/a_mon/../a_mon/dq10_monster_k_puchisuraida-ku.html,,,,2026-07-27 13:21:36,2026-07-27 13:21:36
1624,2196,プチデュラン,プチデュラン,Puchideyuran,？？？系,,0,,https://xn--10-yg4a1a3kyh.jp/a_mon/../a_mon/dq10_monster_k_puchidyuran.html,,,,2026-07-27 13:21:39,2026-07-27 13:21:39
1625,2197,プチドラゴン,プチドラゴン,Puchidoragon,ドラゴン系,,0,,https://xn--10-yg4a1a3kyh.jp/a_mon/../a_mon/dq10_monster_k_puchidoragon.html,,,,2026-07-27 13:21:41,2026-07-27 13:21:41
1626,2198,プチドラゴンガイア,プチドラゴンガイア,Puchidoragongaia,ドラゴン系,,0,,https://xn--10-yg4a1a3kyh.jp/a_mon/../a_mon/dq10_monster_k_puchidoragongaia.html,,,,2026-07-27 13:21:44,2026-07-27 13:21:44
1627,2199,プチドン・モグーラ,プチドン・モグーラ,Puchidon Moguura,けもの系,,0,,https://xn--10-yg4a1a3kyh.jp/a_mon/../a_mon/dq10_monster_k_puchidommogu-ra.html,,,,2026-07-27 13:21:47,2026-07-27 13:21:47
1628,2200,プチバズズ,プチバズズ,Puchibazuzu,あくま系,,0,,https://xn--10-yg4a1a3kyh.jp/a_mon/../a_mon/dq10_monster_k_puchibazuzu.html,,,,2026-07-27 13:21:50,2026-07-27 13:21:50
1629,2201,プチバラモス,プチバラモス,Puchibaramosu,？？？系,,0,,https://xn--10-yg4a1a3kyh.jp/a_mon/../a_mon/dq10_monster_k_puchibaramosu.html,,,,2026-07-27 13:21:53,2026-07-27 13:21:53
1630,2202,プチバラモスゾンビ,プチバラモスゾンビ,Puchibaramosuzonbi,ゾンビ系,,0,,https://xn--10-yg4a1a3kyh.jp/a_mon/../a_mon/dq10_monster_k_puchibaramosuzombi.html,,,,2026-07-27 13:21:55,2026-07-27 13:21:55
1631,2203,プチバラモスブロス,プチバラモスブロス,Puchibaramosuburosu,？？？系,,0,,https://xn--10-yg4a1a3kyh.jp/a_mon/../a_mon/dq10_monster_k_puchibaramosuburosu.html,,,,2026-07-27 13:21:58,2026-07-27 13:21:58
1632,2204,プチベリアル,プチベリアル,Puchiberiaru,あくま系,,0,,https://xn--10-yg4a1a3kyh.jp/a_mon/../a_mon/dq10_monster_k_puchiberiaru.html,,,,2026-07-27 13:22:01,2026-07-27 13:22:01
1633,2205,プチムドー,プチムドー,Puchimudoo,？？？系,,0,,https://xn--10-yg4a1a3kyh.jp/a_mon/../a_mon/dq10_monster_k_puchimudo-.html,,,,2026-07-27 13:22:05,2026-07-27 13:22:05
1634,2206,武闘魔ガウラド,ブトウマガウラド,Butoumagaurado,怪人系,,0,,https://xn--10-yg4a1a3kyh.jp/a_mon/../a_mon/dq10_monster_k_butomagaurado.html,,,,2026-07-27 13:22:08,2026-07-27 13:22:08
1635,2207,舞踏魔プレシアンナ,ブトウマプレシアンナ,Butoumapureshianna,怪人系,,0,,https://xn--10-yg4a1a3kyh.jp/a_mon/../a_mon/dq10_monster_k_butomapureshianna.html,,,,2026-07-27 13:22:11,2026-07-27 13:22:11
1636,2208,不滅のフォロボッソ,フメツノフォロボッソ,Fumetsunofuorobosso,？？？系,,0,,https://xn--10-yg4a1a3kyh.jp/a_mon/../a_mon/dq10_monster_k_fumetsunoforobosso.html,,,,2026-07-27 13:22:15,2026-07-27 13:22:15
1637,2209,ブラッドビーク,ブラッドビーク,Buraddobiiku,鳥系,,0,,https://xn--10-yg4a1a3kyh.jp/a_mon/../a_mon/dq10_monster_k_buraddobi-ku.html,,,,2026-07-27 13:22:18,2026-07-27 13:22:18
1638,2210,ブラッドメイジ,ブラッドメイジ,Buraddomeiji,あくま系,,0,,https://xn--10-yg4a1a3kyh.jp/a_mon/../a_mon/dq10_monster_k_buraddomeiji.html,,,,2026-07-27 13:22:21,2026-07-27 13:22:21
1639,2211,ブラバニクイーン,ブラバニクイーン,Burabanikuiin,けもの系,,0,,https://xn--10-yg4a1a3kyh.jp/a_mon/../a_mon/dq10_monster_k_burabanikui-n.html,,,,2026-07-27 13:22:23,2026-07-27 13:22:23
1640,2212,ブランドンビースト,ブランドンビースト,Burandonbiisuto,けもの系,,0,,https://xn--10-yg4a1a3kyh.jp/a_mon/../a_mon/dq10_monster_k_burandombi-suto.html,,,,2026-07-27 13:22:26,2026-07-27 13:22:26
1641,2213,ブリギッテ,ブリギッテ,Burigitte,？？？系,,0,,https://xn--10-yg4a1a3kyh.jp/a_mon/../a_mon/dq10_monster_k_burigitte.html,,,,2026-07-27 13:22:29,2026-07-27 13:22:29
1642,2214,腐緑の呪老将ズタン,フリョクノジュロウショウズタン,Furyokunojuroushouzutan,植物系,,0,,https://xn--10-yg4a1a3kyh.jp/a_mon/../a_mon/dq10_monster_k_furyokunojuroshozutan.html,,,,2026-07-27 13:22:34,2026-07-27 13:22:34
1643,2215,震王ジュノーガ,シンオウジュノーガ,Shin'oujunooga,けもの系,,0,,https://xn--10-yg4a1a3kyh.jp/a_mon/../a_mon/dq10_monster_k_furuojuno-ga.html,,,,2026-07-27 13:22:36,2026-07-27 13:22:36
1644,2216,フローラルダンディ,フローラルダンディ,Furoorarudandei,けもの系,,0,,https://xn--10-yg4a1a3kyh.jp/a_mon/../a_mon/dq10_monster_k_furo-rarudandi.html,,,,2026-07-27 13:22:39,2026-07-27 13:22:39
1645,2217,フロスティ,フロスティ,Furosutei,物質系,,0,,https://xn--10-yg4a1a3kyh.jp/a_mon/../a_mon/dq10_monster_k_furosuti.html,,,,2026-07-27 13:22:42,2026-07-27 13:22:42
1646,2218,憤怒の剛竜,フンドノゴウリュウ,Fundonogouryuu,ドラゴン系,,0,,https://xn--10-yg4a1a3kyh.jp/a_mon/../a_mon/dq10_monster_k_fundonojaryuu.html,,,,2026-07-27 13:22:45,2026-07-27 13:22:45
1647,2219,ペコリア・アルファ,ペコリア・アルファ,Pekoria Arufua,マシン系,,0,,https://xn--10-yg4a1a3kyh.jp/a_mon/../a_mon/dq10_monster_k_pekoriaarufa.html,,,,2026-07-27 13:22:47,2026-07-27 13:22:47
1648,2220,ペコリア・オメガ,ペコリア・オメガ,Pekoria Omega,マシン系,,0,,https://xn--10-yg4a1a3kyh.jp/a_mon/../a_mon/dq10_monster_k_pekoriaomega.html,,,,2026-07-27 13:22:50,2026-07-27 13:22:50
1649,2221,紅獣バズレッド,コウジュウバズレッド,Koujuubazureddo,けもの系,,0,,https://xn--10-yg4a1a3kyh.jp/a_mon/../a_mon/dq10_monster_k_benikemonobazureddo.html,,,,2026-07-27 13:22:53,2026-07-27 13:22:53
1650,2222,ベビークラウド,ベビークラウド,Bebiikuraudo,エレメント系,,0,,https://xn--10-yg4a1a3kyh.jp/a_mon/../a_mon/dq10_monster_k_bebi-kuraudo.html,,,,2026-07-27 13:22:56,2026-07-27 13:22:56
1651,2223,ベリアル,ベリアル,Beriaru,あくま系,,0,,https://xn--10-yg4a1a3kyh.jp/a_mon/../a_mon/dq10_monster_k_beriaru.html,,,,2026-07-27 13:22:58,2026-07-27 13:22:58
1652,2224,ベリアルオリジン,ベリアルオリジン,Beriaruorijin,あくま系,,0,,https://xn--10-yg4a1a3kyh.jp/a_mon/../a_mon/dq10_monster_k_beriaruorijin.html,,,,2026-07-27 13:23:01,2026-07-27 13:23:01
1653,2225,ベリアル強,ベリアルキョウ,Beriaru (Strong),あくま系,,0,,https://xn--10-yg4a1a3kyh.jp/a_mon/../a_mon/dq10_monster_k_beriarukyo.html,,,,2026-07-27 13:23:04,2026-07-27 13:23:04
1654,2226,ベリアル(コイン),ベリアル(コイン),Beriaru (Coin),あくま系,,0,,https://xn--10-yg4a1a3kyh.jp/a_mon/../a_mon/dq10_monster_k_beriarukoin.html,,,,2026-07-27 13:23:07,2026-07-27 13:23:07
1655,2227,ヘルクラウダー,ヘルクラウダー,Herukuraudaa,エレメント系,,0,,https://xn--10-yg4a1a3kyh.jp/a_mon/../a_mon/dq10_monster_k_herukurauda-.html,,,,2026-07-27 13:23:09,2026-07-27 13:23:09
1656,2228,ヘルゲゴーグ・烈,ヘルゲゴーグ・レツ,Herugegoogu Retsu,物質系,,0,,https://xn--10-yg4a1a3kyh.jp/a_mon/../a_mon/dq10_monster_k_herugego-guretsu.html,,,,2026-07-27 13:23:12,2026-07-27 13:23:12
1657,2229,ヘルバトラー,ヘルバトラー,Herubatoraa,あくま系,,0,,https://xn--10-yg4a1a3kyh.jp/a_mon/../a_mon/dq10_monster_k_herubatora-.html,,,,2026-07-27 13:23:15,2026-07-27 13:23:15
1658,2230,ヘルバトラー強,ヘルバトラーキョウ,Herubatoraa (Strong),あくま系,,0,,https://xn--10-yg4a1a3kyh.jp/a_mon/../a_mon/dq10_monster_k_herubatora-kyo.html,,,,2026-07-27 13:23:18,2026-07-27 13:23:18
1659,2231,ヘルバトラー(コイン),ヘルバトラー(コイン),Herubatoraa (Coin),あくま系,,0,,https://xn--10-yg4a1a3kyh.jp/a_mon/../a_mon/dq10_monster_k_herubatora-koin.html,,,,2026-07-27 13:23:20,2026-07-27 13:23:20
1660,2232,ベロリンマン,ベロリンマン,Berorinman,けもの系,,0,,https://xn--10-yg4a1a3kyh.jp/a_mon/../a_mon/dq10_monster_k_berorimman.html,,,,2026-07-27 13:23:23,2026-07-27 13:23:23
1661,2233,変異ケダモン,ヘンイケダモン,Hen'ikedamon,けもの系,,0,,https://xn--10-yg4a1a3kyh.jp/a_mon/../a_mon/dq10_monster_k_henikedamon.html,,,,2026-07-27 13:23:26,2026-07-27 13:23:26
1662,2234,忘我のシシカバブ,ボウガノシシカバブ,Bouganoshishikababu,けもの系,,0,,https://xn--10-yg4a1a3kyh.jp/a_mon/../a_mon/dq10_monster_k_boganoshishikababu.html,,,,2026-07-27 13:23:29,2026-07-27 13:23:29
1663,2235,暴虐の悪夢,ボウギャクノアクム,Bougyakunoakumu,？？？系,,0,,https://xn--10-yg4a1a3kyh.jp/a_mon/../a_mon/dq10_monster_k_bogyakunoakumu.html,,,,2026-07-27 13:23:32,2026-07-27 13:23:32
1664,2236,暴虐の幻影神,ボウギャクノゲンエイシン,Bougyakunogen'eishin,？？？系,,0,,https://xn--10-yg4a1a3kyh.jp/a_mon/../a_mon/dq10_monster_k_bogyakunogeneishin.html,,,,2026-07-27 13:23:35,2026-07-27 13:23:35
1665,2237,暴君バサグランデ,ボウクンバサグランデ,Boukunbasagurande,けもの系,,0,,https://xn--10-yg4a1a3kyh.jp/a_mon/../a_mon/dq10_monster_k_bokumbasagurande.html,,,,2026-07-27 13:23:37,2026-07-27 13:23:37
1666,2238,暴君バサグランデ強,ボウクンバサグランデキョウ,Boukunbasagurande (Strong),けもの系,,0,,https://xn--10-yg4a1a3kyh.jp/a_mon/../a_mon/dq10_monster_k_bokumbasagurandekyo.html,,,,2026-07-27 13:23:40,2026-07-27 13:23:40
1667,2239,亡国の記憶,ボウコクノキオク,Boukokunokioku,？？？系,,0,,https://xn--10-yg4a1a3kyh.jp/a_mon/../a_mon/dq10_monster_k_bokokunokioku.html,,,,2026-07-27 13:23:43,2026-07-27 13:23:43
1668,2240,暴将黒竜丸,ボウショウコクリュウマル,Boushoukokuryuumaru,けもの系,,0,,https://xn--10-yg4a1a3kyh.jp/a_mon/../a_mon/dq10_monster_k_boshokokuryuumaru.html,,,,2026-07-27 13:23:46,2026-07-27 13:23:46
1669,2241,暴走したコウリン,ボウソウシタコウリン,Bousoushitakourin,けもの系,,0,,https://xn--10-yg4a1a3kyh.jp/a_mon/../a_mon/dq10_monster_k_bososhitakorin.html,,,,2026-07-27 13:23:48,2026-07-27 13:23:48
1670,2242,暴風の豪剣士,ボウフウノゴウケンシ,Boufuunogoukenshi,けもの系,,0,,https://xn--10-yg4a1a3kyh.jp/a_mon/../a_mon/dq10_monster_k_bofuunogokenshi.html,,,,2026-07-27 13:23:51,2026-07-27 13:23:51
1671,2243,芳墨の堕天将フィア,ホウボクノダテンショウフィア,Houbokunodatenshoufyia,怪人系,,0,,https://xn--10-yg4a1a3kyh.jp/a_mon/../a_mon/dq10_monster_k_hobokunodatenshotia.html,,,,2026-07-27 13:23:54,2026-07-27 13:23:54
1672,2244,暴魔アヴィーロ,ボウマアヴィーロ,Boumaavyiiro,物質系,,0,,https://xn--10-yg4a1a3kyh.jp/a_mon/../a_mon/dq10_monster_k_bomaabi-ro.html,,,,2026-07-27 13:23:56,2026-07-27 13:23:56
1673,2245,暴魔アリゲーラ,ボウマアリゲーラ,Boumaarigeera,ドラゴン系,,0,,https://xn--10-yg4a1a3kyh.jp/a_mon/../a_mon/dq10_monster_k_bomaarige-ra.html,,,,2026-07-27 13:24:00,2026-07-27 13:24:00
1674,2246,暴魔ゼラチド,ボウマゼラチド,Boumazerachido,物質系,,0,,https://xn--10-yg4a1a3kyh.jp/a_mon/../a_mon/dq10_monster_k_bomazerachido.html,,,,2026-07-27 13:24:02,2026-07-27 13:24:02
1675,2247,謀略の邪竜,ボウリャクノジャリュウ,Bouryakunojaryuu,ドラゴン系,,0,,https://xn--10-yg4a1a3kyh.jp/a_mon/../a_mon/dq10_monster_k_boryakunojaryuu.html,,,,2026-07-27 13:24:05,2026-07-27 13:24:05
1676,2248,暴竜ドマノ,ボウリュウドマノ,Bouryuudomano,ドラゴン系,,0,,https://xn--10-yg4a1a3kyh.jp/a_mon/../a_mon/dq10_monster_k_boryuudomano.html,,,,2026-07-27 13:24:08,2026-07-27 13:24:08
1677,2249,暴竜ロマニ,ボウリュウロマニ,Bouryuuromani,ドラゴン系,,0,,https://xn--10-yg4a1a3kyh.jp/a_mon/../a_mon/dq10_monster_k_boryuuromani.html,,,,2026-07-27 13:24:11,2026-07-27 13:24:11
1678,2250,亡霊レブロ,ボウレイレブロ,Boureireburo,ゾンビ系,,0,,https://xn--10-yg4a1a3kyh.jp/a_mon/../a_mon/dq10_monster_k_boreireburo.html,,,,2026-07-27 13:24:13,2026-07-27 13:24:13
1679,2251,ホーリーキング,ホーリーキング,Hooriikingu,スライム系,,0,,https://xn--10-yg4a1a3kyh.jp/a_mon/../a_mon/dq10_monster_k_ho-ri-kingu.html,,,,2026-07-27 13:24:16,2026-07-27 13:24:16
1680,2252,ポーン,ポーン,Poon,物質系,,0,,https://xn--10-yg4a1a3kyh.jp/a_mon/../a_mon/dq10_monster_k_po-n.html,,,,2026-07-27 13:24:19,2026-07-27 13:24:19
1681,2253,滅びの悪夢,ホロビノアクム,Horobinoakumu,ゾンビ系,,0,,https://xn--10-yg4a1a3kyh.jp/a_mon/../a_mon/dq10_monster_k_horobinoakumu.html,,,,2026-07-27 13:24:22,2026-07-27 13:24:22
1682,2254,滅びの剣アンルシア,ホロビノケンアンルシア,Horobinoken'anrushia,？？？系,,0,,https://xn--10-yg4a1a3kyh.jp/a_mon/../a_mon/dq10_monster_k_horobinokenanrushia.html,,,,2026-07-27 13:24:24,2026-07-27 13:24:24
1683,2255,マイラー三銃士,マイラーサンジュウシ,Mairaasanjuushi,？？？系,,0,,https://xn--10-yg4a1a3kyh.jp/a_mon/../a_mon/dq10_monster_k_maira-sanjuushi.html,,,,2026-07-27 13:24:27,2026-07-27 13:24:27
1684,2256,魔影の鬼婦人,マエイノオニフジン,Maeinoonifujin,？？？系,,0,,https://xn--10-yg4a1a3kyh.jp/a_mon/../a_mon/dq10_monster_k_maeinokifujin.html,,,,2026-07-27 13:24:30,2026-07-27 13:24:30
1685,2257,魔炎鳥,マエンチョウ,Maenchou,鳥系,,0,,https://xn--10-yg4a1a3kyh.jp/a_mon/../a_mon/dq10_monster_k_maencho.html,,,,2026-07-27 13:24:32,2026-07-27 13:24:32
1686,2258,魔王ヴァレリア,マオウヴァレリア,Maouvuareria,？？？系,,0,,https://xn--10-yg4a1a3kyh.jp/a_mon/../a_mon/dq10_monster_k_maobareria.html,,,,2026-07-27 13:24:35,2026-07-27 13:24:35
1687,2259,魔王ユシュカ,マオウユシュカ,Maouyushuka,？？？系,,0,,https://xn--10-yg4a1a3kyh.jp/a_mon/../a_mon/dq10_monster_k_maoyushuka.html,,,,2026-07-27 13:24:38,2026-07-27 13:24:38
1688,2260,マガツタケカゼ,マガツタケカゼ,Magatsutakekaze,けもの系,,0,,https://xn--10-yg4a1a3kyh.jp/a_mon/../a_mon/dq10_monster_k_magatsutakekaze.html,,,,2026-07-27 13:24:41,2026-07-27 13:24:41
1689,2261,マガツタタリカゼ,マガツタタリカゼ,Magatsutatarikaze,エレメント系,,0,,https://xn--10-yg4a1a3kyh.jp/a_mon/../a_mon/dq10_monster_k_magatsutatarikaze.html,,,,2026-07-27 13:24:43,2026-07-27 13:24:43
1690,2262,魔軍師イッド,マグンシイッド,Magunshiiddo,あくま系,,0,,https://xn--10-yg4a1a3kyh.jp/a_mon/../a_mon/dq10_monster_k_magunshiiddo.html,,,,2026-07-27 13:24:46,2026-07-27 13:24:46
1691,2263,魔軍師イッド強,マグンシイッドキョウ,Magunshiiddo (Strong),あくま系,,0,,https://xn--10-yg4a1a3kyh.jp/a_mon/../a_mon/dq10_monster_k_magunshiiddokyo.html,,,,2026-07-27 13:24:49,2026-07-27 13:24:49
1692,2264,魔剣士テグラム,マケンシテグラム,Makenshiteguramu,？？？系,,0,,https://xn--10-yg4a1a3kyh.jp/a_mon/../a_mon/dq10_monster_k_makenshiteguramu.html,,,,2026-07-27 13:24:52,2026-07-27 13:24:52
1693,2265,魔賢者アクバー,マケンジャアクバー,Makenjaakubaa,あくま系,,0,,https://xn--10-yg4a1a3kyh.jp/a_mon/../a_mon/dq10_monster_k_makenjaakuba-.html,,,,2026-07-27 13:24:54,2026-07-27 13:24:54
1694,2266,魔剣神レパルド,マケンシンレパルド,Makenshinreparudo,けもの系,,0,,https://xn--10-yg4a1a3kyh.jp/a_mon/../a_mon/dq10_monster_k_makenshinreparudo.html,,,,2026-07-27 13:24:57,2026-07-27 13:24:57
1695,2267,魔元帥ゼルドラド,マゲンスイゼルドラド,Magensuizerudorado,？？？系,,0,,https://xn--10-yg4a1a3kyh.jp/a_mon/../a_mon/dq10_monster_k_magensuizerudorado.html,,,,2026-07-27 13:25:00,2026-07-27 13:25:00
1696,2268,魔幻の芸術家,マゲンノゲイジュツカ,Magennogeijutsuka,？？？系,,0,,https://xn--10-yg4a1a3kyh.jp/a_mon/../a_mon/dq10_monster_k_magennogeijutsuka.html,,,,2026-07-27 13:25:03,2026-07-27 13:25:03
1697,2269,魔犬レオパルド,マケンレオパルド,Makenreoparudo,けもの系,,0,,https://xn--10-yg4a1a3kyh.jp/a_mon/../a_mon/dq10_monster_k_makenreoparudo.html,,,,2026-07-27 13:25:05,2026-07-27 13:25:05
1698,2270,マジックハンド,マジックハンド,Majikkuhando,ゾンビ系,,0,,https://xn--10-yg4a1a3kyh.jp/a_mon/../a_mon/dq10_monster_k_majikkuhando.html,,,,2026-07-27 13:25:08,2026-07-27 13:25:08
1699,2271,魔獣イーギュア,マジュウイーギュア,Majuuiigyua,けもの系,,0,,https://xn--10-yg4a1a3kyh.jp/a_mon/../a_mon/dq10_monster_k_majuui-gyua.html,,,,2026-07-27 13:25:11,2026-07-27 13:25:11
1700,2272,魔獣サルファバル,マジュウサルファバル,Majuusarufuabaru,けもの系,,0,,https://xn--10-yg4a1a3kyh.jp/a_mon/../a_mon/dq10_monster_k_majuusarufabaru.html,,,,2026-07-27 13:25:14,2026-07-27 13:25:14
1701,2273,魔獣ネロスゴーグ,マジュウネロスゴーグ,Majuunerosugoogu,物質系,,0,,https://xn--10-yg4a1a3kyh.jp/a_mon/../a_mon/dq10_monster_k_majuunerosugo-gu.html,,,,2026-07-27 13:25:16,2026-07-27 13:25:16
1702,2274,魔獣ビュブロス,マジュウビュブロス,Majuubyuburosu,けもの系,,0,,https://xn--10-yg4a1a3kyh.jp/a_mon/../a_mon/dq10_monster_k_majuubyuburosu.html,,,,2026-07-27 13:25:19,2026-07-27 13:25:19
1703,2275,ましょううお,マショウウオ,Mashouuo,水系,,0,,https://xn--10-yg4a1a3kyh.jp/a_mon/../a_mon/dq10_monster_k_masho.html,,,,2026-07-27 13:25:22,2026-07-27 13:25:22
1704,2276,魔瘴魂オジャロス,マショウコンオジャロス,Mashoukon'ojarosu,あくま系,,0,,https://xn--10-yg4a1a3kyh.jp/a_mon/../a_mon/dq10_monster_k_mashokonojarosu.html,,,,2026-07-27 13:25:25,2026-07-27 13:25:25
1705,2277,魔瘴魂グウィネーロ,マショウコングウィネーロ,Mashoukonguuineero,？？？系,,0,,https://xn--10-yg4a1a3kyh.jp/a_mon/../a_mon/dq10_monster_k_mashokonguine-ro.html,,,,2026-07-27 13:25:27,2026-07-27 13:25:27
1706,2278,魔瘴魂ゼノドラゴン,マショウコンゼノドラゴン,Mashoukonzenodoragon,ドラゴン系,,0,,https://xn--10-yg4a1a3kyh.jp/a_mon/../a_mon/dq10_monster_k_mashokonzenodoragon.html,,,,2026-07-27 13:25:30,2026-07-27 13:25:30
1707,2279,魔瘴魂ナドラグル,マショウコンナドラグル,Mashoukonnadoraguru,？？？系,,0,,https://xn--10-yg4a1a3kyh.jp/a_mon/../a_mon/dq10_monster_k_mashokonnadoraguru.html,,,,2026-07-27 13:25:33,2026-07-27 13:25:33
1708,2280,魔瘴竜ジャオマンダ,マショウリュウジャオマンダ,Mashouryuujaomanda,ドラゴン系,,0,,https://xn--10-yg4a1a3kyh.jp/a_mon/../a_mon/dq10_monster_k_mashoryuujaomanda.html,,,,2026-07-27 13:25:35,2026-07-27 13:25:35
1709,2281,魔瘴狼イジャラン,マショウロウイジャラン,Mashourouijaran,けもの系,,0,,https://xn--10-yg4a1a3kyh.jp/a_mon/../a_mon/dq10_monster_k_mashoroijaran.html,,,,2026-07-27 13:25:38,2026-07-27 13:25:38
1710,2282,魔瘴竜,マショウリュウ,Mashouryuu,ドラゴン系,,0,,https://xn--10-yg4a1a3kyh.jp/a_mon/../a_mon/dq10_monster_k_mashokuryuu.html,,,,2026-07-27 13:25:41,2026-07-27 13:25:41
1711,2283,魔女グレイツェル,マジョグレイツェル,Majogureitsueru,怪人系,,0,,https://xn--10-yg4a1a3kyh.jp/a_mon/../a_mon/dq10_monster_k_majogureitseru.html,,,,2026-07-27 13:25:44,2026-07-27 13:25:44
1712,2284,魔女グレイツェル強,マジョグレイツェルキョウ,Majogureitsueru (Strong),怪人系,,0,,https://xn--10-yg4a1a3kyh.jp/a_mon/../a_mon/dq10_monster_k_majogureitserukyo.html,,,,2026-07-27 13:25:47,2026-07-27 13:25:47
1713,2285,魔人エンラージャ,マジンエンラージャ,Majin'enraaja,あくま系,,0,,https://xn--10-yg4a1a3kyh.jp/a_mon/../a_mon/dq10_monster_k_majinenra-ja.html,,,,2026-07-27 13:25:49,2026-07-27 13:25:49
1714,2286,魔人エンラージャ強,マジンエンラージャキョウ,Majin'enraaja (Strong),あくま系,,0,,https://xn--10-yg4a1a3kyh.jp/a_mon/../a_mon/dq10_monster_k_majinenra-jakyo.html,,,,2026-07-27 13:25:52,2026-07-27 13:25:52
1715,2287,魔人王ドミネウス,マジンオウドミネウス,Majin'oudomineusu,？？？系,,0,,https://xn--10-yg4a1a3kyh.jp/a_mon/../a_mon/dq10_monster_k_majinodomineusu.html,,,,2026-07-27 13:25:55,2026-07-27 13:25:55
1716,2288,魔人スピンドル,マジンスピンドル,Majinsupindoru,物質系,,0,,https://xn--10-yg4a1a3kyh.jp/a_mon/../a_mon/dq10_monster_k_majinsupindoru.html,,,,2026-07-27 13:25:58,2026-07-27 13:25:58
1717,2289,魔人ゼクセン,マジンゼクセン,Majinzekusen,あくま系,,0,,https://xn--10-yg4a1a3kyh.jp/a_mon/../a_mon/dq10_monster_k_majinzekusen.html,,,,2026-07-27 13:26:01,2026-07-27 13:26:01
1718,2290,魔神族の影人形,マジンゾクノカゲニンギョウ,Majinzokunokageningyou,？？？系,,0,,https://xn--10-yg4a1a3kyh.jp/a_mon/../a_mon/dq10_monster_k_majinzokunokageningyo.html,,,,2026-07-27 13:26:03,2026-07-27 13:26:03
1719,2291,魔人兵士,マジンヘイシ,Majinheishi,物質系,,0,,https://xn--10-yg4a1a3kyh.jp/a_mon/../a_mon/dq10_monster_k_majinheishi.html,,,,2026-07-27 13:26:06,2026-07-27 13:26:06
1720,2292,魔神兵ゼェード,マジンヘイゼェード,Majinheizeeedo,マシン系,,0,,https://xn--10-yg4a1a3kyh.jp/a_mon/../a_mon/dq10_monster_k_majinheizee-do.html,,,,2026-07-27 13:26:09,2026-07-27 13:26:09
1721,2293,魔人リンジャーラ,マジンリンジャーラ,Majinrinjaara,怪人系,,0,,https://xn--10-yg4a1a3kyh.jp/a_mon/../a_mon/dq10_monster_k_majinrinja-ra.html,,,,2026-07-27 13:26:12,2026-07-27 13:26:12
1722,2294,マスターグレイト,マスターグレイト,Masutaagureito,ドラゴン系,,0,,https://xn--10-yg4a1a3kyh.jp/a_mon/../a_mon/dq10_monster_k_masuta-gureito.html,,,,2026-07-27 13:26:14,2026-07-27 13:26:14
1723,2295,魔爪の知将,マソウノチショウ,Masounochishou,鳥系,,0,,https://xn--10-yg4a1a3kyh.jp/a_mon/../a_mon/dq10_monster_k_masonochisho.html,,,,2026-07-27 13:26:17,2026-07-27 13:26:17
1724,2296,魔創兵グリモス,マソウヘイグリモス,Masouheigurimosu,ドラゴン系,,0,,https://xn--10-yg4a1a3kyh.jp/a_mon/../a_mon/dq10_monster_k_masoheigurimosu.html,,,,2026-07-27 13:26:20,2026-07-27 13:26:20
1725,2297,魔創兵ゲゾラ,マソウヘイゲゾラ,Masouheigezora,怪人系,,0,,https://xn--10-yg4a1a3kyh.jp/a_mon/../a_mon/dq10_monster_k_masoheigezora.html,,,,2026-07-27 13:26:23,2026-07-27 13:26:23
1726,2298,魔創兵長バスラー,マソウヘイチョウバスラー,Masouheichoubasuraa,あくま系,,0,,https://xn--10-yg4a1a3kyh.jp/a_mon/../a_mon/dq10_monster_k_masoheichobasura-.html,,,,2026-07-27 13:26:25,2026-07-27 13:26:25
1727,2299,魔鳥の頭目,マチョウノトウモク,Machounotoumoku,鳥系,,0,,https://xn--10-yg4a1a3kyh.jp/a_mon/../a_mon/dq10_monster_k_machonotomoku.html,,,,2026-07-27 13:26:28,2026-07-27 13:26:28
1728,2300,マデサゴーラ,マデサゴーラ,Madesagoora,？？？系,,0,,https://xn--10-yg4a1a3kyh.jp/a_mon/../a_mon/dq10_monster_k_madesago-ra.html,,,,2026-07-27 13:26:31,2026-07-27 13:26:31
1729,2301,魔盗鬼チャムール,マトウキチャムール,Matoukichamuuru,あくま系,,0,,https://xn--10-yg4a1a3kyh.jp/a_mon/../a_mon/dq10_monster_k_matokichamu-ru.html,,,,2026-07-27 13:26:33,2026-07-27 13:26:33
1730,2302,魔導鬼ベゼブー,マドウキベゼブー,Madoukibezebuu,怪人系,,0,,https://xn--10-yg4a1a3kyh.jp/a_mon/../a_mon/dq10_monster_k_madokibezebu-.html,,,,2026-07-27 13:26:36,2026-07-27 13:26:36
1731,2303,魔道士キルギル,マドウシキルギル,Madoushikirugiru,？？？系,,0,,https://xn--10-yg4a1a3kyh.jp/a_mon/../a_mon/dq10_monster_k_madoshikirugiru.html,,,,2026-07-27 13:26:39,2026-07-27 13:26:39
1732,2304,魔氷の鎧鬼,マヒョウノガイキ,Mahyounogaiki,物質系,,0,,https://xn--10-yg4a1a3kyh.jp/a_mon/../a_mon/dq10_monster_k_mahyonogaiki.html,,,,2026-07-27 13:26:42,2026-07-27 13:26:42
1733,2305,魔兵タナト,マヘイタナト,Maheitanato,あくま系,,0,,https://xn--10-yg4a1a3kyh.jp/a_mon/../a_mon/dq10_monster_k_maheitanato.html,,,,2026-07-27 13:26:44,2026-07-27 13:26:44
1734,2306,魔兵タナト強,マヘイタナトキョウ,Maheitanato (Strong),あくま系,,0,,https://xn--10-yg4a1a3kyh.jp/a_mon/../a_mon/dq10_monster_k_maheitanatokyo.html,,,,2026-07-27 13:26:47,2026-07-27 13:26:47
1735,2307,魔兵ヒプノス,マヘイヒプノス,Maheihipunosu,あくま系,,0,,https://xn--10-yg4a1a3kyh.jp/a_mon/../a_mon/dq10_monster_k_maheihipunosu.html,,,,2026-07-27 13:26:50,2026-07-27 13:26:50
1736,2308,魔兵ヒプノス強,マヘイヒプノスキョウ,Maheihipunosu (Strong),あくま系,,0,,https://xn--10-yg4a1a3kyh.jp/a_mon/../a_mon/dq10_monster_k_maheihipunosukyo.html,,,,2026-07-27 13:26:53,2026-07-27 13:26:53
1737,2309,魔物商人チャーマン,マモノショウニンチャーマン,Mamonoshouninchaaman,？？？系,,0,,https://xn--10-yg4a1a3kyh.jp/a_mon/../a_mon/dq10_monster_k_mamonoshonincha-man.html,,,,2026-07-27 13:26:56,2026-07-27 13:26:56
1738,2310,魔物商人デイラー,マモノショウニンデイラー,Mamonoshounindeiraa,？？？系,,0,,https://xn--10-yg4a1a3kyh.jp/a_mon/../a_mon/dq10_monster_k_mamonoshonindeira-.html,,,,2026-07-27 13:26:58,2026-07-27 13:26:58
1739,2311,魔物商人トレダ,マモノショウニントレダ,Mamonoshounintoreda,？？？系,,0,,https://xn--10-yg4a1a3kyh.jp/a_mon/../a_mon/dq10_monster_k_mamonoshonintoreda.html,,,,2026-07-27 13:27:01,2026-07-27 13:27:01
1740,2312,魔勇者アンルシア,マユウシャアンルシア,Mayuushaanrushia,？？？系,,0,,https://xn--10-yg4a1a3kyh.jp/a_mon/../a_mon/dq10_monster_k_mayuushaanrushia.html,,,,2026-07-27 13:27:04,2026-07-27 13:27:04
1741,2313,魔勇者アンルシア強,マユウシャアンルシアキョウ,Mayuushaanrushia (Strong),？？？系,,0,,https://xn--10-yg4a1a3kyh.jp/a_mon/../a_mon/dq10_monster_k_mayuushaanrushiakyo.html,,,,2026-07-27 13:27:07,2026-07-27 13:27:07
1742,2314,魔妖星プルタヌス,マヨウセイプルタヌス,Mayouseipurutanusu,物質系,,0,,https://xn--10-yg4a1a3kyh.jp/a_mon/../a_mon/dq10_monster_k_mayoseipurutanusu.html,,,,2026-07-27 13:27:09,2026-07-27 13:27:09
1743,2315,迷える盟友,マヨエルメイユウ,Mayoerumeiyuu,？？？系,,0,,https://xn--10-yg4a1a3kyh.jp/a_mon/../a_mon/dq10_monster_k_mayoerumeiyuu.html,,,,2026-07-27 13:27:12,2026-07-27 13:27:12
1744,2316,迷える勇者,マヨエルユウシャ,Mayoeruyuusha,？？？系,,0,,https://xn--10-yg4a1a3kyh.jp/a_mon/../a_mon/dq10_monster_k_mayoeruyuusha.html,,,,2026-07-27 13:27:15,2026-07-27 13:27:15
1745,2317,マリーヌ神のしもべ,マリーヌシンノシモベ,Mariinushinnoshimobe,水系,,0,,https://xn--10-yg4a1a3kyh.jp/a_mon/../a_mon/dq10_monster_k_mari-nushinnoshimobe.html,,,,2026-07-27 13:27:18,2026-07-27 13:27:18
1746,2318,魔狼ラキ,マロウラキ,Marouraki,けもの系,,0,,https://xn--10-yg4a1a3kyh.jp/a_mon/../a_mon/dq10_monster_k_maroraki.html,,,,2026-07-27 13:27:21,2026-07-27 13:27:21
1747,2319,マンモスドラキー,マンモスドラキー,Manmosudorakii,鳥系,,0,,https://xn--10-yg4a1a3kyh.jp/a_mon/../a_mon/dq10_monster_k_mammosudoraki-.html,,,,2026-07-27 13:27:24,2026-07-27 13:27:24
1748,2320,未完の破戒王,ミカンノハカイオウ,Mikannohakaiou,怪人系,,0,,https://xn--10-yg4a1a3kyh.jp/a_mon/../a_mon/dq10_monster_k_mikannohakaio.html,,,,2026-07-27 13:27:26,2026-07-27 13:27:26
1749,2321,未完の魔導鬼,ミカンノマドウキ,Mikannomadouki,怪人系,,0,,https://xn--10-yg4a1a3kyh.jp/a_mon/../a_mon/dq10_monster_k_mikannomadoki.html,,,,2026-07-27 13:27:29,2026-07-27 13:27:29
1750,2322,湖の魔獣ボルゲルグ,ミズウミノマジュウボルゲルグ,Mizuuminomajuuborugerugu,けもの系,,0,,https://xn--10-yg4a1a3kyh.jp/a_mon/../a_mon/dq10_monster_k_mizuuminomajuuborugerugu.html,,,,2026-07-27 13:27:32,2026-07-27 13:27:32
1751,2323,水の祠の守護者,ミズノホコラノシュゴシャ,Mizunohokoranoshugosha,水系,,0,,https://xn--10-yg4a1a3kyh.jp/a_mon/../a_mon/dq10_monster_k_mizunohokoranoshugosha.html,,,,2026-07-27 13:27:35,2026-07-27 13:27:35
1752,2324,未知なる襲撃者,ミチナルシュウゲキシャ,Michinarushuugekisha,？？？系,,0,,https://xn--10-yg4a1a3kyh.jp/a_mon/../a_mon/dq10_monster_k_michinarushuugekisha.html,,,,2026-07-27 13:27:37,2026-07-27 13:27:37
1753,2325,密林の狩人,ミツリンノカリュウド,Mitsurinnokaryuudo,植物系,,0,,https://xn--10-yg4a1a3kyh.jp/a_mon/../a_mon/dq10_monster_k_mitsurinnokariudo.html,,,,2026-07-27 13:27:40,2026-07-27 13:27:40
1754,2326,密林の守人,ミツリンノモリト,Mitsurinnomorito,植物系,,0,,https://xn--10-yg4a1a3kyh.jp/a_mon/../a_mon/dq10_monster_k_mitsurinnomoribito.html,,,,2026-07-27 13:27:43,2026-07-27 13:27:43
1755,2327,緑の巨人グリモア,ミドリノキョジングリモア,Midorinokyojingurimoa,あくま系,,0,,https://xn--10-yg4a1a3kyh.jp/a_mon/../a_mon/dq10_monster_k_midorinokyojingurimoa.html,,,,2026-07-27 13:27:46,2026-07-27 13:27:46
1756,2328,ミャルジ,ミャルジ,Myaruji,けもの系,,0,,https://xn--10-yg4a1a3kyh.jp/a_mon/../a_mon/dq10_monster_k_myaruji.html,,,,2026-07-27 13:27:48,2026-07-27 13:27:48
1757,2329,ミルドラース,ミルドラース,Mirudoraasu,？？？系,,0,,https://xn--10-yg4a1a3kyh.jp/a_mon/../a_mon/dq10_monster_k_mirudora-su.html,,,,2026-07-27 13:27:51,2026-07-27 13:27:51
1758,2330,ムギー,ムギー,Mugii,あくま系,,0,,https://xn--10-yg4a1a3kyh.jp/a_mon/../a_mon/dq10_monster_k_mugi-.html,,,,2026-07-27 13:27:54,2026-07-27 13:27:54
1759,2331,無限獣ネロスゴーグ,ムゲンジュウネロスゴーグ,Mugenjuunerosugoogu,物質系,,0,,https://xn--10-yg4a1a3kyh.jp/a_mon/../a_mon/dq10_monster_k_mugenjuunerosugo-gu.html,,,,2026-07-27 13:27:57,2026-07-27 13:27:57
1760,2332,無声の化身,ムセイノケシン,Museinokeshin,スライム系,,0,,https://xn--10-yg4a1a3kyh.jp/a_mon/../a_mon/dq10_monster_k_museinokeshin.html,,,,2026-07-27 13:27:59,2026-07-27 13:27:59
1761,2333,ムッチーノ,ムッチーノ,Mutchiino,怪人系,,0,,https://xn--10-yg4a1a3kyh.jp/a_mon/../a_mon/dq10_monster_k_mutchi-no.html,,,,2026-07-27 13:28:02,2026-07-27 13:28:02
1762,2334,ムドー,ムドー,Mudoo,？？？系,,0,,https://xn--10-yg4a1a3kyh.jp/a_mon/../a_mon/dq10_monster_k_mudo-.html,,,,2026-07-27 13:28:05,2026-07-27 13:28:05
1763,2335,冥闇角フォルガノス,メイアンカクフォルガノス,Meiankakufuoruganosu,あくま系,,0,,https://xn--10-yg4a1a3kyh.jp/a_mon/../a_mon/dq10_monster_k_meiankakuforuganosu.html,,,,2026-07-27 13:28:07,2026-07-27 13:28:07
1764,2336,冥炎翼マゥフラート,メイエンヨクマゥフラート,Meien'yokumaufuraato,物質系,,0,,https://xn--10-yg4a1a3kyh.jp/a_mon/../a_mon/dq10_monster_k_meienyokumaufura-to.html,,,,2026-07-27 13:28:11,2026-07-27 13:28:11
1765,2337,冥王ネルゲル,メイオウネルゲル,Meiounerugeru,？？？系,,0,,https://xn--10-yg4a1a3kyh.jp/a_mon/../a_mon/dq10_monster_k_meionerugeru.html,,,,2026-07-27 13:28:14,2026-07-27 13:28:14
1766,2338,冥王ネルゲル強,メイオウネルゲルキョウ,Meiounerugeru (Strong),？？？系,,0,,https://xn--10-yg4a1a3kyh.jp/a_mon/../a_mon/dq10_monster_k_meionerugerukyo.html,,,,2026-07-27 13:28:16,2026-07-27 13:28:16
1767,2339,冥骸魔レギルラッゾ,メイガイマレギルラッゾ,Meigaimaregirurazzo,ゾンビ系,,0,,https://xn--10-yg4a1a3kyh.jp/a_mon/../a_mon/dq10_monster_k_meigaimaregirurazzo.html,,,,2026-07-27 13:28:19,2026-07-27 13:28:19
1768,2340,冥鬼魔将メネシス,メイキマショウメネシス,Meikimashoumeneshisu,？？？系,,0,,https://xn--10-yg4a1a3kyh.jp/a_mon/../a_mon/dq10_monster_k_meikimashoumeneshisu.html,,,,2026-07-27 13:28:22,2026-07-27 13:28:22
1769,2341,冥光冠パニスライム,メイコウカンパニスライム,Meikoukanpanisuraimu,スライム系,,0,,https://xn--10-yg4a1a3kyh.jp/a_mon/../a_mon/dq10_monster_k_meikoukanpanisuraimu.html,,,,2026-07-27 13:28:25,2026-07-27 13:28:25
1770,2342,冥黒の悪夢将ルゲル,メイコクノアクムショウルゲル,Meikokunoakumushourugeru,？？？系,,0,,https://xn--10-yg4a1a3kyh.jp/a_mon/../a_mon/dq10_monster_k_meikokunoakumushourugeru.html,,,,2026-07-27 13:28:27,2026-07-27 13:28:27
1771,2343,冥獣王ネルゲル,メイジュウオウネルゲル,Meijuuounerugeru,？？？系,,0,,https://xn--10-yg4a1a3kyh.jp/a_mon/../a_mon/dq10_monster_k_meijuuonerugeru.html,,,,2026-07-27 13:28:30,2026-07-27 13:28:30
1772,2344,冥獣王ネルゲル強,メイジュウオウネルゲルキョウ,Meijuuounerugeru (Strong),？？？系,,0,,https://xn--10-yg4a1a3kyh.jp/a_mon/../a_mon/dq10_monster_k_meijuuonerugerukyo.html,,,,2026-07-27 13:28:33,2026-07-27 13:28:33
1773,2345,冥氷竜ジェロドーラ,メイヒョウリュウジェロドーラ,Meihyouryuujerodoora,ドラゴン系,,0,,https://xn--10-yg4a1a3kyh.jp/a_mon/../a_mon/dq10_monster_k_meihyoryuurodo-ra.html,,,,2026-07-27 13:28:36,2026-07-27 13:28:36
1774,2346,冥府の君主,メイフノクンシュ,Meifunokunshu,？？？系,,0,,https://xn--10-yg4a1a3kyh.jp/a_mon/../a_mon/dq10_monster_k_meifunobokun.html,,,,2026-07-27 13:28:39,2026-07-27 13:28:39
1775,2347,冥兵バスタルグ,メイヘイバスタルグ,Meiheibasutarugu,ゾンビ系,,0,,https://xn--10-yg4a1a3kyh.jp/a_mon/../a_mon/dq10_monster_k_meiheibasutarugu.html,,,,2026-07-27 13:28:41,2026-07-27 13:28:41
1776,2348,メガトンブラザーズ,メガトンブラザーズ,Megatonburazaazu,スライム系,,0,,https://xn--10-yg4a1a3kyh.jp/a_mon/../a_mon/dq10_monster_k_megatomburaza-zu.html,,,,2026-07-27 13:28:45,2026-07-27 13:28:45
1777,2349,女神ゼネシア,メガミゼネシア,Megamizeneshia,？？？系,,0,,https://xn--10-yg4a1a3kyh.jp/a_mon/../a_mon/dq10_monster_k_megamizeneshia.html,,,,2026-07-27 13:28:48,2026-07-27 13:28:48
1778,2350,メガロダイン,メガロダイン,Megarodain,ドラゴン系,,0,,https://xn--10-yg4a1a3kyh.jp/a_mon/../a_mon/dq10_monster_k_megarodain.html,,,,2026-07-27 13:28:51,2026-07-27 13:28:51
1779,2351,メギドローム,メギドローム,Megidoroomu,怪人系,,0,,https://xn--10-yg4a1a3kyh.jp/a_mon/../a_mon/dq10_monster_k_megidoro-mu.html,,,,2026-07-27 13:28:54,2026-07-27 13:28:54
1780,2352,メネトの悪夢,メネトノアクム,Menetonoakumu,？？？系,,0,,https://xn--10-yg4a1a3kyh.jp/a_mon/../a_mon/dq10_monster_k_menetonoakumu.html,,,,2026-07-27 13:28:56,2026-07-27 13:28:56
1781,2353,妄執のグリンデア,モウシュウノグリンデア,Moushuunogurindea,鳥系,,0,,https://xn--10-yg4a1a3kyh.jp/a_mon/../a_mon/dq10_monster_k_moshuunogurindea.html,,,,2026-07-27 13:28:59,2026-07-27 13:28:59
1782,2354,猛将ギーグハンマー,モウショウギーグハンマー,Moushougiiguhanmaa,ドラゴン系,,0,,https://xn--10-yg4a1a3kyh.jp/a_mon/../a_mon/dq10_monster_k_moshogi-guhamma-.html,,,,2026-07-27 13:29:02,2026-07-27 13:29:02
1783,2355,諸刃の鋼竜,モロハノハガネリュウ,Morohanohaganeryuu,マシン系,,0,,https://xn--10-yg4a1a3kyh.jp/a_mon/../a_mon/dq10_monster_k_morohanokoryuu.html,,,,2026-07-27 13:29:05,2026-07-27 13:29:05
1784,2356,門より出でし魔獣,モンヨリデデシマジュウ,Mon'yoridedeshimajuu,けもの系,,0,,https://xn--10-yg4a1a3kyh.jp/a_mon/../a_mon/dq10_monster_k_monyoriideshimajuu.html,,,,2026-07-27 13:29:08,2026-07-27 13:29:08
1785,2357,門より出でし者,モンヨリイデシモノ,Mon'yoriideshimono,ゾンビ系,,0,,https://xn--10-yg4a1a3kyh.jp/a_mon/../a_mon/dq10_monster_k_monyoriideshimono.html,,,,2026-07-27 13:29:11,2026-07-27 13:29:11
1786,2358,厄魔ポヴァディウス,ヤクマポヴァディウス,Yakumapovuadeiusu,ゾンビ系,,0,,https://xn--10-yg4a1a3kyh.jp/a_mon/../a_mon/dq10_monster_k_yakumapobadiusu.html,,,,2026-07-27 13:29:14,2026-07-27 13:29:14
1787,2359,やまたのおろち,ヤマタノオロチ,Yamatanoorochi,ドラゴン系,,0,,https://xn--10-yg4a1a3kyh.jp/a_mon/../a_mon/dq10_monster_k_yamatanorochi.html,,,,2026-07-27 13:29:16,2026-07-27 13:29:16
1788,2360,闇蜘蛛マルギト,ヤミクモマルギト,Yamikumomarugito,虫系,,0,,https://xn--10-yg4a1a3kyh.jp/a_mon/../a_mon/dq10_monster_k_yamikumomarugito.html,,,,2026-07-27 13:29:19,2026-07-27 13:29:19
1789,2361,闇芸人ルルルリーチ,ヤミゲイニンルルルリーチ,Yamigeininrurururiichi,あくま系,,0,,https://xn--10-yg4a1a3kyh.jp/a_mon/../a_mon/dq10_monster_k_yamigeininrurururi-chi.html,,,,2026-07-27 13:29:22,2026-07-27 13:29:22
1790,2362,闇の狂戦士,ヤミノキョウセンシ,Yaminokyousenshi,？？？系,,0,,https://xn--10-yg4a1a3kyh.jp/a_mon/../a_mon/dq10_monster_k_yaminokyosenshi.html,,,,2026-07-27 13:29:24,2026-07-27 13:29:24
1791,2363,闇のクァバルナ,ヤミノクァバルナ,Yaminokuabaruna,あくま系,,0,,https://xn--10-yg4a1a3kyh.jp/a_mon/../a_mon/dq10_monster_k_yaminokuabaruna.html,,,,2026-07-27 13:29:27,2026-07-27 13:29:27
1792,2364,闇の根源の幻影,ヤミノコンゲンノゲンエイ,Yaminokongennogen'ei,？？？系,,0,,https://xn--10-yg4a1a3kyh.jp/a_mon/../a_mon/dq10_monster_k_yaminokongennogenei.html,,,,2026-07-27 13:29:30,2026-07-27 13:29:30
1793,2365,闇の根源の呪縛,ヤミノコンゲンノジュバク,Yaminokongennojubaku,？？？系,,0,,https://xn--10-yg4a1a3kyh.jp/a_mon/../a_mon/dq10_monster_k_yaminokongennojubaku.html,,,,2026-07-27 13:29:33,2026-07-27 13:29:33
1794,2366,闇の従者,ヤミノジュウシャ,Yaminojuusha,あくま系,,0,,https://xn--10-yg4a1a3kyh.jp/a_mon/../a_mon/dq10_monster_k_yaminojuusha.html,,,,2026-07-27 13:29:35,2026-07-27 13:29:35
1795,2367,闇のプスゴン,ヤミノプスゴン,Yaminopusugon,ドラゴン系,,0,,https://xn--10-yg4a1a3kyh.jp/a_mon/../a_mon/dq10_monster_k_yaminopusugon.html,,,,2026-07-27 13:29:38,2026-07-27 13:29:38
1796,2368,闇夜の巨人,ヤミヨノキョジン,Yamiyonokyojin,あくま系,,0,,https://xn--10-yg4a1a3kyh.jp/a_mon/../a_mon/dq10_monster_k_yamiyonokyojin.html,,,,2026-07-27 13:29:42,2026-07-27 13:29:42
1797,2369,やみわらし,ヤミワラシ,Yamiwarashi,怪人系,,0,,https://xn--10-yg4a1a3kyh.jp/a_mon/../a_mon/dq10_monster_k_yamiwarashi.html,,,,2026-07-27 13:29:47,2026-07-27 13:29:47
1798,2370,やるきのジャーミィ,ヤルキノジャーミィ,Yarukinojaamyi,けもの系,,0,,https://xn--10-yg4a1a3kyh.jp/a_mon/../a_mon/dq10_monster_k_yarukinoja-.html,,,,2026-07-27 13:29:50,2026-07-27 13:29:50
1799,2371,やるきのバーティ,ヤルキノバーティ,Yarukinobaatei,けもの系,,0,,https://xn--10-yg4a1a3kyh.jp/a_mon/../a_mon/dq10_monster_k_yarukinoba-ti.html,,,,2026-07-27 13:29:52,2026-07-27 13:29:52
1800,2372,勇気のケモノ乙,ユウキノケモノオツ,Yuukinokemonootsu,あくま系,,0,,https://xn--10-yg4a1a3kyh.jp/a_mon/../a_mon/dq10_monster_k_yuukinokemonotsu.html,,,,2026-07-27 13:29:55,2026-07-27 13:29:55
1801,2373,勇気のケモノ甲,ユウキノケモノコウ,Yuukinokemonokou,あくま系,,0,,https://xn--10-yg4a1a3kyh.jp/a_mon/../a_mon/dq10_monster_k_yuukinokemonoko.html,,,,2026-07-27 13:29:58,2026-07-27 13:29:58
1802,2374,勇者アシュレイ,ユウシャアシュレイ,Yuushaashurei,？？？系,,0,,https://xn--10-yg4a1a3kyh.jp/a_mon/../a_mon/dq10_monster_k_yuushaashurei.html,,,,2026-07-27 13:30:02,2026-07-27 13:30:02
1803,2375,勇者アルヴァン,ユウシャアルヴァン,Yuushaaruvuan,？？？系,,0,,https://xn--10-yg4a1a3kyh.jp/a_mon/../a_mon/dq10_monster_k_yuushaaruban.html,,,,2026-07-27 13:30:05,2026-07-27 13:30:05
1804,2376,ユーライザフェイク,ユーライザフェイク,Yuuraizafyeiku,物質系,,0,,https://xn--10-yg4a1a3kyh.jp/a_mon/../a_mon/dq10_monster_k_yu-raizafeiku.html,,,,2026-07-27 13:30:10,2026-07-27 13:30:10
1805,2377,妖剣士オーレン,ヨウケンシオーレン,Youkenshiooren,ゾンビ系,,0,,https://xn--10-yg4a1a3kyh.jp/a_mon/../a_mon/dq10_monster_k_yokenshio-ren.html,,,,2026-07-27 13:30:15,2026-07-27 13:30:15
1806,2378,妖剣士オーレン強,ヨウケンシオーレンキョウ,Youkenshiooren (Strong),ゾンビ系,,0,,https://xn--10-yg4a1a3kyh.jp/a_mon/../a_mon/dq10_monster_k_yokenshio-renkyo.html,,,,2026-07-27 13:30:18,2026-07-27 13:30:18
1807,2379,陽獣,ヨウジュウ,Youjuu,けもの系,,0,,https://xn--10-yg4a1a3kyh.jp/a_mon/../a_mon/dq10_monster_k_yojuu.html,,,,2026-07-27 13:30:22,2026-07-27 13:30:22
1808,2380,妖魔ジュリアンテ,ヨウマジュリアンテ,Youmajuriante,怪人系,,0,,https://xn--10-yg4a1a3kyh.jp/a_mon/../a_mon/dq10_monster_k_yomajuriante.html,,,,2026-07-27 13:30:26,2026-07-27 13:30:26
1809,2381,妖魔ジュリアンテ強,ヨウマジュリアンテキョウ,Youmajuriante (Strong),怪人系,,0,,https://xn--10-yg4a1a3kyh.jp/a_mon/../a_mon/dq10_monster_k_yomajuriantekyo.html,,,,2026-07-27 13:30:32,2026-07-27 13:30:32
1810,2382,妖魔将ゲジュラ,ヨウマショウゲジュラ,Youmashougejura,虫系,,0,,https://xn--10-yg4a1a3kyh.jp/a_mon/../a_mon/dq10_monster_k_yomashogejura.html,,,,2026-07-27 13:30:37,2026-07-27 13:30:37
1811,2383,欲望の邪鬼ゴモル,ヨクボウノジャキゴモル,Yokubounojakigomoru,エレメント系,,0,,https://xn--10-yg4a1a3kyh.jp/a_mon/../a_mon/dq10_monster_k_yokubonojakigomoru.html,,,,2026-07-27 13:30:41,2026-07-27 13:30:41
1812,2384,呼声の化身,ヨビゴエノケシン,Yobigoenokeshin,けもの系,,0,,https://xn--10-yg4a1a3kyh.jp/a_mon/../a_mon/dq10_monster_k_yobigoenokeshin.html,,,,2026-07-27 13:30:50,2026-07-27 13:30:50
1813,2385,蘇りしアラグネ,ヨミガエリシアラグネ,Yomigaerishiaragune,虫系,,0,,https://xn--10-yg4a1a3kyh.jp/a_mon/../a_mon/dq10_monster_k_yomigaerishiaragune.html,,,,2026-07-27 13:30:54,2026-07-27 13:30:54
1814,2386,蘇りしイッド,ヨミガエリシイッド,Yomigaerishiiddo,あくま系,,0,,https://xn--10-yg4a1a3kyh.jp/a_mon/../a_mon/dq10_monster_k_yomigaerishiiddo.html,,,,2026-07-27 13:30:58,2026-07-27 13:30:58
1815,2387,蘇りしジュリアンテ,ヨミガエリシジュリアンテ,Yomigaerishijuriante,怪人系,,0,,https://xn--10-yg4a1a3kyh.jp/a_mon/../a_mon/dq10_monster_k_yomigaerishijuriante.html,,,,2026-07-27 13:31:01,2026-07-27 13:31:01
1816,2388,蘇りしバサグランデ,ヨミガエリシバサグランデ,Yomigaerishibasagurande,けもの系,,0,,https://xn--10-yg4a1a3kyh.jp/a_mon/../a_mon/dq10_monster_k_yomigaerishibasagurande.html,,,,2026-07-27 13:31:03,2026-07-27 13:31:03
1817,2389,蘇りしマアモン,ヨミガエリシマアモン,Yomigaerishimaamon,エレメント系,,0,,https://xn--10-yg4a1a3kyh.jp/a_mon/../a_mon/dq10_monster_k_yomigaerishimaamon.html,,,,2026-07-27 13:31:07,2026-07-27 13:31:07
1818,2390,蘇りし冥王ネルゲル,ヨミガエリシメイオウネルゲル,Yomigaerishimeiounerugeru,？？？系,,0,,https://xn--10-yg4a1a3kyh.jp/a_mon/../a_mon/dq10_monster_k_yomigaerishimeionerugeru.html,,,,2026-07-27 13:31:10,2026-07-27 13:31:10
1819,2391,蘇りしラズバーン,ヨミガエリシラズバーン,Yomigaerishirazubaan,怪人系,,0,,https://xn--10-yg4a1a3kyh.jp/a_mon/../a_mon/dq10_monster_k_yomigaerishirazuba-n.html,,,,2026-07-27 13:31:15,2026-07-27 13:31:15
1820,2392,よわいこころ,ヨワイココロ,Yowaikokoro,あくま系,,0,,https://xn--10-yg4a1a3kyh.jp/a_mon/../a_mon/dq10_monster_k_yowaikokoro.html,,,,2026-07-27 13:31:19,2026-07-27 13:31:19
1821,2393,ラーヴァドラゴン,ラーヴァドラゴン,Raavuadoragon,ドラゴン系,,0,,https://xn--10-yg4a1a3kyh.jp/a_mon/../a_mon/dq10_monster_k_ra-badoragon.html,,,,2026-07-27 13:31:22,2026-07-27 13:31:22
1822,2394,ライノス・ルージュ,ライノス・ルージュ,Rainosu Ruuju,けもの系,,0,,https://xn--10-yg4a1a3kyh.jp/a_mon/../a_mon/dq10_monster_k_rainosuru-ju.html,,,,2026-07-27 13:31:27,2026-07-27 13:31:27
1823,2395,ライノスローネ,ライノスローネ,Rainosuroone,けもの系,,0,,https://xn--10-yg4a1a3kyh.jp/a_mon/../a_mon/dq10_monster_k_rainosuro-ne.html,,,,2026-07-27 13:31:30,2026-07-27 13:31:30
1824,2396,ラキ,ラキ,Raki,？？？系,,0,,https://xn--10-yg4a1a3kyh.jp/a_mon/../a_mon/dq10_monster_k_raki.html,,,,2026-07-27 13:31:32,2026-07-27 13:31:32
1825,2397,ラギー,ラギー,Ragii,あくま系,,0,,https://xn--10-yg4a1a3kyh.jp/a_mon/../a_mon/dq10_monster_k_ragi-.html,,,,2026-07-27 13:31:35,2026-07-27 13:31:35
1826,2398,楽将バトルシェイカ,ガクショウバトルシェイカ,Gakushoubatorusheika,マシン系,,0,,https://xn--10-yg4a1a3kyh.jp/a_mon/../a_mon/dq10_monster_k_rakushobatoruika.html,,,,2026-07-27 13:31:38,2026-07-27 13:31:38
1827,2399,ラズバーンの手下,ラズバーンノテシタ,Razubaannoteshita,あくま系,,0,,https://xn--10-yg4a1a3kyh.jp/a_mon/../a_mon/dq10_monster_k_razuba-nnoteshita.html,,,,2026-07-27 13:31:41,2026-07-27 13:31:41
1828,2400,羅刹王バラシュナ,ラセツオウバラシュナ,Rasetsuoubarashuna,ドラゴン系,,0,,https://xn--10-yg4a1a3kyh.jp/a_mon/../a_mon/dq10_monster_k_rasetsuobarashuna.html,,,,2026-07-27 13:31:49,2026-07-27 13:31:49
1829,2401,ラダ・ガート,ラダ・ガート,Rada Gaato,？？？系,,0,,https://xn--10-yg4a1a3kyh.jp/a_mon/../a_mon/dq10_monster_k_radaga-to.html,,,,2026-07-27 13:31:51,2026-07-27 13:31:51
1830,2402,ラダ・ガートフェイク,ラダ・ガートフェイク,Rada Gaatofyeiku,物質系,,0,,https://xn--10-yg4a1a3kyh.jp/a_mon/../a_mon/dq10_monster_k_radaga-tofeiku.html,,,,2026-07-27 13:31:54,2026-07-27 13:31:54
1831,2403,嵐帝エンスウ,ランテイエンスウ,Ranteiensuu,鳥系,,0,,https://xn--10-yg4a1a3kyh.jp/a_mon/../a_mon/dq10_monster_k_ranteiensuu.html,,,,2026-07-27 13:31:57,2026-07-27 13:31:57
1832,2404,嵐魔ウェンリル,ランマウェンリル,Ranmauenriru,物質系,,0,,https://xn--10-yg4a1a3kyh.jp/a_mon/../a_mon/dq10_monster_k_rammawenriru.html,,,,2026-07-27 13:32:03,2026-07-27 13:32:03
1833,2405,りゅうおう,リュウオウ,Ryuuou,？？？系,,0,,https://xn--10-yg4a1a3kyh.jp/a_mon/../a_mon/dq10_monster_k_ryuuo.html,,,,2026-07-27 13:32:06,2026-07-27 13:32:06
1834,2406,竜将アンテロ,リュウショウアンテロ,Ryuushouantero,？？？系,,0,,https://xn--10-yg4a1a3kyh.jp/a_mon/../a_mon/dq10_monster_k_ryuushoantero.html,,,,2026-07-27 13:32:09,2026-07-27 13:32:09
1835,2407,竜将ドラゴンガイア,リュウショウドラゴンガイア,Ryuushoudoragongaia,ドラゴン系,,0,,https://xn--10-yg4a1a3kyh.jp/a_mon/../a_mon/dq10_monster_k_ryuushodoragongaia.html,,,,2026-07-27 13:32:13,2026-07-27 13:32:13
1836,2408,竜蹄の暴将,リュウテイノボウショウ,Ryuuteinoboushou,けもの系,,0,,https://xn--10-yg4a1a3kyh.jp/a_mon/../a_mon/dq10_monster_k_ryuuteinobosho.html,,,,2026-07-27 13:32:20,2026-07-27 13:32:20
1837,2409,緑風鬼フー,リョクフウキフー,Ryokufuukifuu,鳥系,,0,,https://xn--10-yg4a1a3kyh.jp/a_mon/../a_mon/dq10_monster_k_ryokufuukifu-.html,,,,2026-07-27 13:32:24,2026-07-27 13:32:24
1838,2410,リルクリムゾン,リルクリムゾン,Rirukurimuzon,エレメント系,,0,,https://xn--10-yg4a1a3kyh.jp/a_mon/../a_mon/dq10_monster_k_rirukurimuzon.html,,,,2026-07-27 13:32:27,2026-07-27 13:32:27
1839,2411,リルグレイド,リルグレイド,Rirugureido,マシン系,,0,,https://xn--10-yg4a1a3kyh.jp/a_mon/../a_mon/dq10_monster_k_rirugureido.html,,,,2026-07-27 13:32:30,2026-07-27 13:32:30
1840,2412,ルーイン,ルーイン,Ruuin,ドラゴン系,,0,,https://xn--10-yg4a1a3kyh.jp/a_mon/../a_mon/dq10_monster_k_ru-in.html,,,,2026-07-27 13:32:34,2026-07-27 13:32:34
1841,2413,レイジバルス,レイジバルス,Reijibarusu,？？？系,,0,,https://xn--10-yg4a1a3kyh.jp/a_mon/../a_mon/dq10_monster_k_reijibarusu.html,,,,2026-07-27 13:32:37,2026-07-27 13:32:37
1842,2414,隷従の魔瘴魂,レイジュウノマショウコン,Reijuunomashoukon,エレメント系,,0,,https://xn--10-yg4a1a3kyh.jp/a_mon/../a_mon/dq10_monster_k_reijuunomashokon.html,,,,2026-07-27 13:32:42,2026-07-27 13:32:42
1843,2415,霊廟の守護神,レイビョウノシュゴジン,Reibyounoshugojin,？？？系,,0,,https://xn--10-yg4a1a3kyh.jp/a_mon/../a_mon/dq10_monster_k_reibyonoshugoshin.html,,,,2026-07-27 13:32:44,2026-07-27 13:32:44
1844,2416,霊廟の冥妃,レイビョウノメイヒ,Reibyounomeihi,怪人系,,0,,https://xn--10-yg4a1a3kyh.jp/a_mon/../a_mon/dq10_monster_k_reibyonomeihi.html,,,,2026-07-27 13:32:47,2026-07-27 13:32:47
1845,2417,霊廟の猛将,レイビョウノモウショウ,Reibyounomoushou,怪人系,,0,,https://xn--10-yg4a1a3kyh.jp/a_mon/../a_mon/dq10_monster_k_reibyonomosho.html,,,,2026-07-27 13:32:50,2026-07-27 13:32:50
1846,2418,レオーネフェイク,レオーネフェイク,Reoonefyeiku,物質系,,0,,https://xn--10-yg4a1a3kyh.jp/a_mon/../a_mon/dq10_monster_k_reo-nefeiku.html,,,,2026-07-27 13:32:53,2026-07-27 13:32:53
1847,2419,レオン・ビュブロ,レオン・ビュブロ,Reon Byuburo,けもの系,,0,,https://xn--10-yg4a1a3kyh.jp/a_mon/../a_mon/dq10_monster_k_reombyuburo.html,,,,2026-07-27 13:32:59,2026-07-27 13:32:59
1848,2420,烈武の竜将,レツブノリュウショウ,Retsubunoryuushou,？？？系,,0,,https://xn--10-yg4a1a3kyh.jp/a_mon/../a_mon/dq10_monster_k_retsubunoryuusho.html,,,,2026-07-27 13:33:03,2026-07-27 13:33:03
1849,2421,レプティリア,レプティリア,Reputeiria,マシン系,,0,,https://xn--10-yg4a1a3kyh.jp/a_mon/../a_mon/dq10_monster_k_reputiria.html,,,,2026-07-27 13:33:07,2026-07-27 13:33:07
1850,2422,れんごく天馬,レンゴクテンバ,Rengokutenba,けもの系,,0,,https://xn--10-yg4a1a3kyh.jp/a_mon/../a_mon/dq10_monster_k_rengokutemma.html,,,,2026-07-27 13:33:11,2026-07-27 13:33:11
1851,2423,労魔デスワーク,ロウマデスワーク,Roumadesuwaaku,マシン系,,0,,https://xn--10-yg4a1a3kyh.jp/a_mon/../a_mon/dq10_monster_k_romadesuwa-ku.html,,,,2026-07-27 13:33:15,2026-07-27 13:33:15
1852,2424,ワイルドフォビズム,ワイルドフォビズム,Wairudofuobizumu,物質系,,0,,https://xn--10-yg4a1a3kyh.jp/a_mon/../a_mon/dq10_monster_k_wairudofobizumu.html,,,,2026-07-27 13:33:18,2026-07-27 13:33:18
1853,2425,輪王ザルトラ,リンオウザルトラ,Rin'ouzarutora,怪人系,,0,,https://xn--10-yg4a1a3kyh.jp/a_mon/../a_mon/dq10_monster_k_waozarutora.html,,,,2026-07-27 13:33:21,2026-07-27 13:33:21
1854,2426,若葉の精霊,ワカバノセイレイ,Wakabanoseirei,植物系,,0,,https://xn--10-yg4a1a3kyh.jp/a_mon/../a_mon/dq10_monster_k_wakabanoseirei.html,,,,2026-07-27 13:33:24,2026-07-27 13:33:24
1855,2427,災いの神話,ワザワイノシンワ,Wazawainoshinwa,？？？系,,0,,https://xn--10-yg4a1a3kyh.jp/a_mon/../a_mon/dq10_monster_k_wazawainoshinwa.html,,,,2026-07-27 13:33:28,2026-07-27 13:33:28
