id,display_order,name,name_kana,name_en,monster_system_type_id,is_reincarnated,reincarnation_parent_id,source_url,image_path,trivia_1,trivia_2,created_at,updated_at
1,1,スライム,スライム,Slime,1,0,,https://www.d-quest-10.com/detail/a00151.html,/storage/images/monsters/1.webp,プルプルとした水色の身体とまんまるのひとみがかわいらしいモンスター。皆さんおなじみのアイツ。,ひんやりプルプルの身体は暑くなるとしんどいようだ。真夏にはスライムたちが岩陰で寝ていたりする。,"2026-03-12 13:29:31","2026-07-27 15:17:43"
2,2,スライムベス,スライムベス,She-Slime,1,0,,https://www.d-quest-10.com/detail/a00155.html,/storage/images/monsters/2.webp,"あざやかな身体が自慢の色違いのスライム。スライムより ちょっぴり強くさわると 少しあたたかい。","じつは スライムのメスというウワサもあるようだが学会のえらい人でも真相は わからないらしい。","2026-03-12 13:29:34","2026-07-27 15:17:43"
3,3,いたずらもぐら,イタズラモグラ,"Mischievous Mole",2,0,,https://www.d-quest-10.com/detail/a00021.html,/storage/images/monsters/3.webp,スコップを持ったいたずら好きのモンスター。チカラをためてきたら気をつけよう！,かつては落とし穴を掘って旅人をはめようとしていたが仲間同士で穴に落ちまくりそれ以来自重している。,"2026-03-12 13:29:37","2026-08-03 10:29:01"
4,4,ビッグハット,ビッグハット,"Sham Hatwitch",2,0,,https://www.d-quest-10.com/detail/a00237.html,/storage/images/monsters/4.webp,大きな帽子を深くかぶったイノシシ魔物のルーキー。戦いになるとおびえてしまい帽子にくるまって身を守る。,魔物たちについ最近までペットとして飼われていたが戦力になると見込まれ魔物の一員として戦っている。,"2026-03-12 13:29:43","2026-08-03 12:10:41"
5,5,ナスビナーラ,ナスビナーラ,Woebergine,3,0,,https://www.d-quest-10.com/detail/a00213.html,/storage/images/monsters/5.webp,旅人に自慢の踊りを見せるために現れるナスの形のモンスター。愛らしい動きに注目。,特徴的な踊りの動きは誰にも知られずがんばって身につけた努力のたまもの。目指すはナスビ界のプリマ！,"2026-03-12 13:29:46","2026-07-27 15:17:43"
6,6,おむつっこり,オムツッコリ,"Bushy Baby",3,0,,https://www.d-quest-10.com/detail/a00047.html,/storage/images/monsters/6.webp,春芽吹いたばかりの樹木から生まれた精霊。かわいらしい姿で現れて旅人たちを和ませる。,おむつ卒業の時期が来ても大人になんかなりたくない！と言っておむつを脱がないじんめんじゅの赤ちゃん。,"2026-03-12 13:29:49","2026-07-27 15:17:43"
7,7,モーモン,モーモン,"Teeny Sanguini",4,0,,https://www.d-quest-10.com/detail/a00336.html,/storage/images/monsters/7.webp,"人間を見ると 遊んでほしくてフワフワとついてくる","かわいらしいモンスター。牛のような模様が 特徴。","2026-03-12 13:29:53","2026-08-03 12:09:04"
8,8,いっかくウサギ,イッカクウサギ,Bunicorn,2,0,,https://www.d-quest-10.com/detail/a00022.html,/storage/images/monsters/8.webp,悪の心と鋭いツノを持ったウサギのモンスター。チカラをためその額のツノで攻撃してくる。,アグレッシブな性格だがさみしい夜は仲間同士身を寄せ合って寝ている意外とかわいらしい一面も。,"2026-03-12 13:29:58","2026-08-03 12:10:41"
9,9,ファーラット,ファーラット,Feralball,2,0,,https://www.d-quest-10.com/detail/a00247.html,/storage/images/monsters/9.webp,全身緑色の毛が生えた小型のモンスター。丸い身体を回転させながら攻撃をしかけてくる。,おくびょうな性格の持ち主でいつも草木にまぎれている。道行く旅人に気づかれずうっかり踏まれることも。,"2026-03-12 13:30:01","2026-08-03 12:10:41"
10,10,さそりばち,サソリバチ,Waspion,5,0,,https://www.d-quest-10.com/detail/a00112.html,/storage/images/monsters/10.webp,獲物を求めて飛びまわる巨大なハチのモンスター。さそりを思わせるしっぽの針で襲いかかる。,さそりと名前に入っているが別に毒は持っていない。さそりばち本人はそれがコンプレックスのようだ。,"2026-03-12 13:30:04","2026-07-27 15:17:43"
11,11,ドラキー,ドラキー,Dracky,6,0,,https://www.d-quest-10.com/detail/a00200.html,/storage/images/monsters/11.webp,コウモリによく似ている空飛ぶモンスター。攻撃するとひらひらと身をかわされることも。,キャラのかぶっているライバルモーモンの登場で守り続けたナンバー２の座が危ぶまれ気が気でない。,"2026-03-12 13:30:07","2026-07-27 15:17:43"
12,12,メラゴースト,メラゴースト,Firespirit,7,0,,https://www.d-quest-10.com/detail/a00333.html,/storage/images/monsters/12.webp,炎の呪文メラから生まれたたよりない下級霊。ゆらりゆらりとゆらめいて攻撃をかわしてくる。,半人前の魔法使いが唱えた失敗作のメラが燃えつきる時あまりのむなしさに魔物となってしまった……。,"2026-03-12 13:30:10","2026-07-27 15:17:43"
13,13,しましまキャット,シマシマキャット,"Candy Cat",2,0,,https://www.d-quest-10.com/detail/a00133.html,/storage/images/monsters/13.webp,のんびり屋の猫魔族。シマ模様と長いベロは一部に人気があるらしい。毛はフカフカであたたかい。,コイツが顔を洗うと明日は雨が降るというが本当はヒマなので毛づくろいをしているだけ。,"2026-03-12 13:30:13","2026-08-03 12:10:41"
14,14,クックルー,クックルー,Grudgerigar,6,0,,https://www.d-quest-10.com/detail/a00083.html,/storage/images/monsters/14.webp,ルカニで守備力を下げてから鋭いクチバシで襲ってくる。相手が強いと逃げてしまうおくびょうな鳥魔物。,冬が近づくと自慢の羽毛をふわふわにふくらませてからその中に顔をうずめて寒さをしのぐという。,"2026-03-12 13:30:16","2026-07-27 15:17:43"
15,15,おおきづち,オオキヅチ,Hammerhood,8,0,,https://www.d-quest-10.com/detail/a00036.html,/storage/images/monsters/15.webp,身体と同じくらいの大きな木づちに振り回されミスばかりのモンスター。だが油断していると……？,まるで持っている木づちが本体かのように呼ばれるのでオレの存在ってなんなんだ？と自問自答の日々。,"2026-03-12 13:30:19","2026-07-27 15:17:43"
16,16,プチアーノン,プチアーノン,"Khalamari Kid",9,0,,https://www.d-quest-10.com/detail/a00252.html,/storage/images/monsters/16.webp,浜辺でぼんやりしたりらくがきしたりと無邪気に遊ぶイカベビー。あたたかい目で見守ろう。,プチアーノンのらくがきは前衛的なアートと賞賛されコレクターたちの間で高値で取り引きされるとか。,"2026-03-12 13:30:24","2026-07-27 15:17:43"
17,17,ねこまどう,ネコマドウ,Meowgician,2,0,,https://www.d-quest-10.com/detail/a00218.html,/storage/images/monsters/17.webp,黄色のローブに身を包みメラを唱える化けネコ。相手が強いとしっぽを巻いて逃げだしてしまうことも。,いついかなるときでも顔を洗って自慢のヒゲを整えるのに余念がない。身だしなみは大切なのニャ！,"2026-03-12 13:30:26","2026-08-03 12:10:41"
18,18,オニオーン,オニオーン,"Ornery Onion",3,0,,https://www.d-quest-10.com/detail/a00041.html,/storage/images/monsters/18.webp,大きなタマネギに手足が生えたモンスター。見た目によらずかしこくやくそうでキズを治す。,オニオーンのことをうっかりタマネギと呼ぶと生焼けタマネギを食べる呪いにかけられるらしい。,"2026-03-12 13:30:30","2026-07-27 15:17:43"
19,19,ゴースト,ゴースト,Ghost,10,0,,https://www.d-quest-10.com/detail/a00099.html,/storage/images/monsters/19.webp,いきなり現れて旅人をおどろかせるが戦闘に入ると逃げだすおくびょうな幽霊。,陽気でキレ者のゴーストはわらいぶくろの代わりにギャグを考案してやるゴーストライターらしい。,"2026-03-12 13:30:33","2026-07-27 15:17:43"
20,20,スライムつむり,スライムツムリ,"Shell Slime",1,0,,https://www.d-quest-10.com/detail/a00153.html,/storage/images/monsters/20.webp,かたいカラをかぶってぷるぷるボディを守りぬくはずかしがり屋のスライム。カラの下からヒャドをはなつ。,スライムつむりがのたのたと通った後には緑色のネバネバが線を引いて残っている……。,"2026-03-12 13:30:36","2026-07-27 15:17:43"
21,21,キラースコップ,キラースコップ,"Mad Mole",2,0,,https://www.d-quest-10.com/detail/a00071.html,/storage/images/monsters/21.webp,チカラをためて襲いかかるパワフルなモンスター。愛用のスコップは毎晩みがきあげている。,旅人を襲うかたわらで洞くつを掘る工事現場によく駆りだされている。仕事のあとの一杯は格別。,"2026-03-12 13:30:39","2026-08-03 12:10:41"
22,22,みならいあくま,ミナライアクマ,Winkster,4,0,,https://www.d-quest-10.com/detail/a00320.html,/storage/images/monsters/22.webp,呪文を覚えはじめたばかりのまだまだ青いビギナー悪魔。呪文を使えるのがうれしくてメラをうちまくってくる。,毎日寝る間をおしんで呪文の勉強をしている。彼のひそかな努力を知る者はめったにいないだろう。,"2026-03-12 13:30:42","2026-08-03 12:09:04"
23,23,バブルスライム,バブルスライム,"Bubble Slime",1,0,,https://www.d-quest-10.com/detail/a00226.html,/storage/images/monsters/23.webp,"ドロドロに溶けた身体は触れた者を毒に冒す。キアリーや どくけしそうの準備を忘れないように。","眠るときは 毒の沼地にゆっくり身体をひたらせて心ゆくまで休むという。疲れると 泡が減ってしまう。","2026-03-12 13:30:44","2026-07-27 15:17:43"
24,24,メラリザード,メラリザード,Frizzard,11,0,,https://www.d-quest-10.com/detail/a00334.html,/storage/images/monsters/24.webp,メラをたくさんはいて原っぱをコゲだらけにするいたずら好きのトカゲ。小さな羽がトレードマーク。,コイツの起こすボヤ騒ぎが地元消防団の悩みのタネ。彼らがかかげる標語は火の用心トカゲ１匹火事の元。,"2026-03-12 13:30:47","2026-07-27 15:17:43"
25,25,タホドラキー,タホドラキー,Drackmage,6,0,,https://www.d-quest-10.com/detail/a00173.html,/storage/images/monsters/25.webp,森の中で暮らすうちに緑の身体になったドラキー。ひらりひらりと攻撃をかわしルカナンをかけてくる。,タホってどういう意味？そう聞いても教えてくれない。どうやらただならぬ秘密が隠されているらしい……。,"2026-03-12 13:30:51","2026-07-27 15:17:43"
26,26,おばけキャンドル,オバケキャンドル,"Wax Murderer",12,0,,https://www.d-quest-10.com/detail/a00044.html,/storage/images/monsters/26.webp,ずっと使われなかったろうそくが魔物と化した。メラを使ってくるのでヤケドしないように倒そう。,芯がもったいないので眠るときは火を消している。魔物の世界でもエコの精神が浸透しているようだ。,"2026-03-12 13:30:54","2026-07-27 15:17:43"
27,27,ホイップゴースト,ホイップゴースト,"Whipped Scream",7,0,,https://www.d-quest-10.com/detail/a00290.html,/storage/images/monsters/27.webp,モコモコした泡の身体がかわいいゴースト。おとなしそうに見えて意外に攻撃力が高い。,お菓子好きの魔女の作品。砂糖と塩を間違えてホイップされてしまったのでちょっと不満顔なのだ。,"2026-03-12 13:31:00","2026-07-27 15:17:43"
28,28,メーダ,メーダ,Lunatick,5,0,,https://www.d-quest-10.com/detail/a00324.html,/storage/images/monsters/28.webp,暗闇の中で進化した大きなひとつ目を持つ魔物。ぼうぎょ中に手を出すとビリッとやられるぞ。,大きく進化したその目は闇の中でも獲物を逃がさない。ちなみにメーダとは目玉という意味である。,"2026-03-12 13:31:03","2026-07-27 15:17:43"
29,29,メタッピー,メタッピー,Mecha-Mynah,13,0,,https://www.d-quest-10.com/detail/a00327.html,/storage/images/monsters/29.webp,人間の監視用に魔物が作った小型の鳥のマシン。ピオラですばやさを上げては先制攻撃をしかけてくるぞ。,人間の監視用に作られたがついつい戦いを挑んでしまい返り討ちにあってしまう。じつはバグの多い欠陥品。,"2026-03-12 13:31:06","2026-07-27 15:17:43"
30,30,ボーンバット,ボーンバット,"Bone Bat",10,0,,https://www.d-quest-10.com/detail/a00296.html,/storage/images/monsters/30.webp,人間に倒された魔物の骨に魂が宿りよみがえったアンデッドのモンスター。呪い攻撃をしかけてくる。,なにを隠そう生きてる時はかわいいドラキーだった！骨になってしまうとごらんのありさまである。,"2026-03-12 13:31:09","2026-07-27 15:17:43"
31,31,ホイミスライム,ホイミスライム,Healslime,1,0,,https://www.d-quest-10.com/detail/a00291.html,/storage/images/monsters/31.webp,"仲間がピンチになるとすかさずホイミで助ける心優しい スライムの仲間。モンスター界の人気者。","同時に ２匹の魔物から助けを呼ばれてしまいどうしていいか困ることも。人気があるのもツライのだ。","2026-03-12 13:31:12","2026-07-27 15:17:43"
32,32,どくイモムシ,ドクイモムシ,Illerpillar,5,0,,https://www.d-quest-10.com/detail/a00194.html,/storage/images/monsters/32.webp,深い緑の体色を持ち毒の息をはきだすイモムシ。動きはのろいが高いＨＰに苦労するだろう。,エサの毒草を食べることで毒の息をはくようになった。いつか美しいチョウになって羽ばたく日を夢見ている。,"2026-03-12 13:31:17","2026-07-27 15:17:43"
33,33,ブラウニー,ブラウニー,Brownie,8,0,,https://www.d-quest-10.com/detail/a00257.html,/storage/images/monsters/33.webp,テンションを上げて戦う小型の魔物ファイター。小さな身体を使った回転技もくりだしてくる。,おにこんぼう先輩にあこがれポーズをマネしている。強くなったら先輩の棍棒をゆずってもらう約束だ。,"2026-03-12 13:31:20","2026-07-27 15:17:43"
34,34,おにこぞう,オニコゾウ,Pickayune,8,0,,https://www.d-quest-10.com/detail/a00042.html,/storage/images/monsters/34.webp,マヌーサでこちらを惑わせ熱いブレスを吹いたり挑発してきたりする血の気が多い小さな鬼。,晩ご飯が嫌いなメニューだとツノまで真っ赤にしてかんしゃくを起こすワガママなゆとり魔物。,"2026-03-12 13:31:23","2026-07-27 15:17:43"
35,35,リリパット,リリパット,"Bodkin Archer",8,0,,https://www.d-quest-10.com/detail/a00351.html,/storage/images/monsters/35.webp,森林の植物を愛する弓を持った小柄な魔物。スカラを唱えて向かってくる用心深い性格の持ち主。,沿道に種をまいているが踏みつける旅人が多くちょっとご立腹。芽の出ないエコロジスト。,"2026-03-12 13:31:27","2026-07-27 15:17:43"
36,36,つちわらし,ツチワラシ,Lickspittle,8,0,,https://www.d-quest-10.com/detail/a00177.html,/storage/images/monsters/36.webp,だらしなく伸びた舌が特徴。ホイミスライムや同族に助けを求めながら戦うずるがしこいモンスター。,土をなめるのが大好きで立ったまま味見できるよう舌がなが～く進化した。ドワチャッカの土が大好物。,"2026-03-12 13:31:30","2026-07-27 15:17:43"
37,37,ぬすっとウサギ,ヌスットウサギ,"Robber Rabbit",2,0,,https://www.d-quest-10.com/detail/a00215.html,/storage/images/monsters/37.webp,農作物を盗んで生活している道を外れた野良ウサギ。修羅場をくぐって身につけたドロップキックが得意技。,見るからにこわい外見だがマスクの下はわりと童顔。そのつぶらな瞳でじっと見つめ返してくるという。,"2026-03-12 13:31:39","2026-08-03 12:10:41"
38,38,フェアリードラゴン,フェアリードラゴン,Damselfly,11,0,,https://www.d-quest-10.com/detail/a00249.html,/storage/images/monsters/38.webp,チョウの羽を生やしたドラゴンの変種。ラリホーを唱えたり火の玉をはいたりしてくる。,恋のシーズンになるとオスは大きな羽を広げてメスへの愛をアピールする。美しさで勝負が決まるのだ。,"2026-03-12 13:31:43","2026-07-27 15:17:43"
39,39,キャタピラー,キャタピラー,Killerpillar,5,0,,https://www.d-quest-10.com/detail/a00066.html,/storage/images/monsters/39.webp,高い守備力に定評がある巨大なイモムシの魔物。ネバネバした糸をはきこちらの動きを封じてくる。,産卵間近のメスはものすごくキゲンが悪くよくオスをいじめるらしい。虫の世界も男はつらいよ。,"2026-03-12 13:31:48","2026-07-27 15:17:43"
40,40,もみじこぞう,モミジコゾウ,"Leafy Larrikin",3,0,,https://www.d-quest-10.com/detail/a00339.html,/storage/images/monsters/40.webp,もみじの葉のような妖怪。仲間を集めて襲いかかり攻撃してもひらひら避けてなかなか当たらない。,５本の足それぞれに下駄を履くのは大変なので脱ぐときはいつもきっちりそろえることにしている。,"2026-03-12 13:31:51","2026-07-27 15:17:43"
41,41,どくろあらい,ドクロアライ,Haardvark,2,0,,https://www.d-quest-10.com/detail/a00197.html,/storage/images/monsters/41.webp,気に入った骨を持ち歩く邪悪なカンガルー。どくろに宿る魔力を使って呪い攻撃をしかけてくる。,マイどくろはマメに洗ってとても大事にしている。マクラにしたり食器にしたりとっても便利なのだ。,"2026-03-12 13:31:54","2026-08-03 12:10:41"
42,42,さまようたましい,サマヨウタマシイ,"Lost Soul",7,0,,https://www.d-quest-10.com/detail/a00116.html,/storage/images/monsters/42.webp,死してなお未練が消えずこの世をさまよいつづける悲しいたましい。悩みぬいた末自爆する。,まごまごしている時に耳を寄せてみると孫は元気かのう……とポツリ。お孫さんが心配みたい。,"2026-03-12 13:31:57","2026-07-27 15:17:43"
43,43,シールドこぞう,シールドコゾウ,"Leery Lout",8,0,,https://www.d-quest-10.com/detail/a00122.html,/storage/images/monsters/43.webp,顔がついた盾にかくれながら攻撃してくるモンスター。ひとたび怒るとその盾が火の息をはきちらす。,かわいい顔をしているので相手になめられないようこわい顔がついた盾を使ってハクをつけている。,"2026-03-12 13:32:00","2026-07-27 15:17:43"
44,44,メタルスライム,メタルスライム,"Metal Slime",1,0,,https://www.d-quest-10.com/detail/a00328.html,/storage/images/monsters/44.webp,"とても経験値が高いのでよく旅人に狙われる。そのため 旅人の顔を見るとまたたく間に逃げてしまう。","メタルスライムの間では逃げる前に 何発 旅人にメラを当てられるかで勇敢さが決まるという。","2026-03-12 13:32:04","2026-07-27 15:17:43"
45,45,ゴールデントーテム,ゴールデントーテム,"Gem Jamboree",1,0,,https://www.d-quest-10.com/detail/a00102.html,/storage/images/monsters/45.webp,"セレブなスライムが結託し金ピカな記念タワーとなった。倒すと ちょっぴりリッチな気分に ひたれる。","黄金の ぷるぷるボディは社交界でも あこがれの存在。コイツらをペットにするのがお嬢様たちのステータス。","2026-03-12 13:32:07","2026-07-27 15:17:43"
46,46,おおくちばし,オオクチバシ,Beakon,6,0,,https://www.d-quest-10.com/detail/a00039.html,/storage/images/monsters/46.webp,巨大なクチバシを持った不気味な鳥の魔物。怒ると自慢の脚力を活かし飛びあがって攻撃してくる。,より速く走るために翼という重荷を捨てた。スピードの魔に魅入られて今日も一陣の風となる。,"2026-03-12 13:32:10","2026-07-27 15:17:43"
47,47,ギズモ,ギズモ,Cumaulus,7,0,,https://www.d-quest-10.com/detail/a00062.html,/storage/images/monsters/47.webp,モコモコとした雲の魔物。手を出すとさぁっと広がりこちらの攻撃をかわす。雷も操るので要注意だ。,風の強い日は遠くに飛ばされ迷子になったギズモを見かけることができるかも。雲の身体も大変なのだ,"2026-03-12 13:32:13","2026-07-27 15:17:43"
48,48,アルミラージ,アルミラージ,"Spiked Hare",2,0,,https://www.d-quest-10.com/detail/a00014.html,/storage/images/monsters/48.webp,チカラをためて攻撃してくるだけではなくラリホーも唱えて戦うずるがしこい魔獣。,誰かれかまわずツノを向けて突進してくる体当たりの攻撃が原因で全身が紫色にはれたという。,"2026-03-12 13:32:16","2026-08-03 12:10:41"
49,49,ピッキー,ピッキー,Bludgerigar,6,0,,https://www.d-quest-10.com/detail/a00235.html,/storage/images/monsters/49.webp,あざやかな色の羽と凶暴な性格を持つ鳥魔物。ドルマやルカナンを使いこなすかしこいヤツ。,自分の羽根で巣を作るためピッキーの巣は超カラフル。卵を産む季節になると草原が彩りに満たされる。,"2026-03-12 13:32:20","2026-07-27 15:17:43"
50,50,どんぐりベビー,ドングリベビー,"Mitey Oak",3,0,,https://www.d-quest-10.com/detail/a00208.html,/storage/images/monsters/50.webp,まるい身体がかわいらしい草原に暮らす木の精霊。頭に生えた赤い葉っぱをとても大切にしている。,誰が一番大きくなるかみんなで競争しているがそこはどんぐりの背比べ。たいした違いはない。,"2026-03-12 13:32:23","2026-07-27 15:17:43"
51,51,はぐれメタル,ハグレメタル,"Liquid Metal Slime",1,0,,https://www.d-quest-10.com/detail/a00361.html,/storage/images/monsters/51.webp,"高い守備力と すばやさは魔物たちの中でもピカイチ。逃がさずに 見事倒せばスゴイ経験値をゲットだ！",そのメタルボディは形を自由に変えられるためメタルスライムのフリをしてこっそり遊んでいることも。,"2026-03-12 13:32:27","2026-07-27 15:17:43"
52,52,メイジドラキー,メイジドラキー,Drackolyte,6,0,,https://www.d-quest-10.com/detail/a00323.html,/storage/images/monsters/52.webp,いろんな呪文を身につけひとまわり成長して魔界から舞い戻ってきたピンク色のドラキー。,長くつらい修行を終えて魔界から戻ってきたのに他のドラキーたちからはすっかり忘れ去られていた。,"2026-03-12 13:32:30","2026-07-27 15:17:43"
53,53,しびれだんびら,シビレダンビラ,Paralyslicer,12,0,,https://www.d-quest-10.com/detail/a00132.html,/storage/images/monsters/53.webp,全身にマヒ毒がぬってあるおそろしい大太刀の悪魔。みがきをかけた身体で出くわした旅人に斬りつける。,しびれだんびらを使えば斬ると同時にマヒして痛みを感じないのでは？と一部の医者が注目している。,"2026-03-12 13:32:35","2026-07-27 15:17:43"
54,54,びっくりサタン,ビックリサタン,"Dancing Devil",4,0,,https://www.d-quest-10.com/detail/a00240.html,/storage/images/monsters/54.webp,悪魔でありながらその性格はきわめて明るい。楽しそうな踊りにつられないように！,魔界のダンスコンテストに向け仲間と一緒に猛特訓中。奇妙な動きなら負けないぞ！ライバルはナスビナーラ。,"2026-03-12 13:32:40","2026-08-03 12:09:04"
55,55,ふくまねき,フクマネキ,"Fortune Weaver",8,0,,https://www.d-quest-10.com/detail/a00407.html,/storage/images/monsters/55.webp,魔法の迷宮に住んでいるふくびきの精霊。倒すことができれば報酬のふくびき券が増えるらしい。,魔法の迷宮のふくびき券はすべて彼が発行しているとか。旅のコンシェルジュとの癒着がウワサされている。,"2026-03-12 13:32:42","2026-07-27 15:17:43"
56,56,ふゆうじゅ,フユウジュ,Monolog,3,0,,https://www.d-quest-10.com/detail/a00254.html,/storage/images/monsters/56.webp,羽が生えた切り株の魔物。メダパニを唱えてこちらを混乱させてくるいやらしいヤツ。,羽が生えて自由を得たとふゆうじゅは思った。だが結局は魔物の命令に従うふじゆうな人生が待っていた。,"2026-03-12 13:32:45","2026-07-27 15:17:43"
57,57,チャームバット,チャームバット,"Charm Bat",10,0,,https://www.d-quest-10.com/detail/a00175.html,/storage/images/monsters/57.webp,目の奥からはなたれる魅惑の視線にとりつかれると彼女の手足として操られる。ピンクの身体が自慢らしい。,そのあやしい目つきとピンクの身体から察するにお色気担当と思われるが骨だけに身のない話だ。,"2026-03-12 13:32:48","2026-07-27 15:17:43"
58,58,どくやずきん,ドクヤズキン,"Bodkin Fletcher",8,0,,https://www.d-quest-10.com/detail/a00196.html,/storage/images/monsters/58.webp,毒をぬった矢を撃って獲物を射止める狩人。仲間を呼ぶこともあるのですばやく倒そう。,毒矢を切らさないためにいつもバブルスライムをフトコロにしのばせて一緒に旅をしているという。,"2026-03-12 13:32:51","2026-07-27 15:17:43"
59,59,しびれくらげ,シビレクラゲ,"Man o' War",9,0,,https://www.d-quest-10.com/detail/a00131.html,/storage/images/monsters/59.webp,海をのんきにただようのんびりした性格のクラゲ。油断してるとマヒ攻撃を受け何もできなくなるぞ。,たまに大量のしびれくらげが網にかかり漁師を困らせる。中にはとてつもなく大きなしびれくらげもいるという。,"2026-03-12 13:32:54","2026-07-27 15:17:43"
60,60,メタルブラザーズ,メタルブラザーズ,"Metal Medley",1,0,,https://www.d-quest-10.com/detail/a00360.html,/storage/images/monsters/60.webp,"俊足自慢のメタルスライムが積み重なって 速さも３倍！メラストームをはなって華麗に逃げ去っていく。",一番下は苦労人の長男。真ん中は道楽者の次男。一番上は世渡り上手の三男。魔物界でも末っ子は強い。,"2026-03-12 13:32:58","2026-07-27 15:17:43"
61,61,マドハンド,マドハンド,"Muddy Hand",10,0,,https://www.d-quest-10.com/detail/a00316.html,/storage/images/monsters/61.webp,人の手の形をしたモンスター。手まねきをしてつぎつぎと仲間を呼んでは戦闘を長引かせてくる。,マッドフィンガーという魔物にちょくちょく呼びだされては浮き足立って駆けつける。マドハンドにも春到来か！？,"2026-03-12 13:33:01","2026-07-27 15:17:43"
62,62,ポイズントリル,ポイズントリル,"Poison Trill",7,0,,https://www.d-quest-10.com/detail/a00288.html,/storage/images/monsters/62.webp,紫色のボディにため込んだ毒気をはいて攻撃してくる。姿かたちは愛らしいが中身は毒々しい悪霊。,ドングリまなことおちょぼグチのトボけた顔で他の魔物がおどろくようなえげつない毒舌をふるう。,"2026-03-12 13:33:04","2026-07-27 15:17:43"
63,63,おばけヒトデ,オバケヒトデ,Scarfish,9,0,,https://www.d-quest-10.com/detail/a00046.html,/storage/images/monsters/63.webp,ブーメランのように飛んで人を襲う巨大なヒトデ。覚えたてのふしぎなおどりでＭＰをうばっていくぞ。,鋭く頑丈な歯を持っておりサンゴや貝がらをバキバキと食べるという。とりわけウニが大好物。,"2026-03-12 13:33:07","2026-07-27 15:17:43"
64,64,メタルキング,メタルキング,"Metal King Slime",1,0,,https://www.d-quest-10.com/detail/a00377.html,/storage/images/monsters/64.webp,"その巨体に秘められたとんでもない経験値に魅せられ幾多の冒険者が追い求めるみんな大好き メタルの王！","まぼろしの経験値のせいで最近 乱獲が続いているとか。","2026-03-12 13:33:11","2026-07-27 15:17:43"
65,66,たけやりへい,タケヤリヘイ,Bambooligan,13,0,,https://www.d-quest-10.com/detail/a00167.html,/storage/images/monsters/65.webp,竹やりをかまえた謎の兵士。仲間同士でおうえんしあい竹林を荒らそうとする者を必死でくい止めようとする。,竹林は自分の故郷であり魂の帰る場所っスから……。たけやりへいは竹林にありっタケの想いをササぐ。,"2026-03-12 13:33:17","2026-07-27 15:17:43"
66,67,しのどれい,シノドレイ,"Dead Resident",10,0,,https://www.d-quest-10.com/detail/a00130.html,/storage/images/monsters/66.webp,奴隷のまま死んでしまいその怨念でゾンビと化した。足の鉄球で攻撃したり呪いをかけてきたりする。,死んで骨になった今でも足の鉄球がはずれない。呪われし運命に囚われた哀れな死の奴隷。,"2026-03-12 13:33:19","2026-07-27 15:17:43"
67,68,ゆめにゅうどう,ユメニュウドウ,Napir,8,0,,https://www.d-quest-10.com/detail/a00341.html,/storage/images/monsters/67.webp,まくらを抱えて現れるいやらしい目つきの魔獣。旅人を眠らせその夢を食べるという。,相手を眠らせるのが得意なゆめにゅうどうだが昨今なにかと心配事が多く不眠症で悩んでいる。,"2026-03-12 13:33:25","2026-07-27 15:17:43"
68,69,くみひもこぞう,クミヒモコゾウ,"String Fella",12,0,,https://www.d-quest-10.com/detail/a00084.html,/storage/images/monsters/68.webp,かまってほしくて絡んでくるいたずらっこのモンスター。ハンマーで攻撃してきたりロープでしめあげてくる。,高名な職人が編んだくみひもに魂が宿った。こう見えてもともとはセレブ御用達の高級品。,"2026-03-12 13:33:31","2026-07-27 15:17:43"
69,70,グレムリン,グレムリン,Gremlin,4,0,,https://www.d-quest-10.com/detail/a00091.html,/storage/images/monsters/69.webp,一人前の魔族を目指し人間を襲う小悪魔。覚えたてのホイミは自分にしか使わない。,一人前になるまでは強い魔物に弟子入りしてその使い魔になるという。見た目によらず努力家だ。,"2026-03-12 13:33:33","2026-08-03 12:09:04"
70,71,ぐんたいガニ,グンタイガニ,Crabid,9,0,,https://www.d-quest-10.com/detail/a00092.html,/storage/images/monsters/70.webp,じょうぶなハサミとこうらを持つカニの魔物。次から次へと仲間を呼び群れで襲いかかってくる。,ぐんたいガニというがそれほど上下関係はない。みんな仲良しなので一緒にいるのが好きなだけ。,"2026-03-12 13:33:36","2026-07-27 15:17:43"
71,72,あばれこまいぬ,アバレコマイヌ,"Foo Dog",2,0,,https://www.d-quest-10.com/detail/a00011.html,/storage/images/monsters/71.webp,凶暴な犬の魔物。人の血に飢えていてテンションを上げては襲いかかってくる。,魔物界では番犬として有名。常に凶暴にしておくためお世話係のモンスターはあえてエサをやらないとか。,"2026-03-12 13:33:39","2026-08-03 12:10:41"
72,73,ハンターフライ,ハンターフライ,"Rumble Bee",5,0,,https://www.d-quest-10.com/detail/a00230.html,/storage/images/monsters/72.webp,知能の高いハチ型の魔物。バギやピオリムを使いこなしマヒ攻撃もしかけてくるさそりばち界のエリート。,なかなか獲物になる人間が見つからないときはしぶしぶ花のミツを吸って空腹をしのいでいるという。,"2026-03-12 13:33:42","2026-07-27 15:17:43"
73,74,ポイズンリザード,ポイズンリザード,"Killer Gila",9,0,,https://www.d-quest-10.com/detail/a00289.html,/storage/images/monsters/73.webp,毒の沼地で生まれたトカゲのモンスター。毒の息をはきだしたりボディプレスをしかける。,行きつけの毒の沼地には友達のバブルスライムがいる。ときどき泳いで競争したり毒水をかけあったりする。,"2026-03-12 13:33:49","2026-07-27 15:17:43"
74,75,スカルガルー,スカルガルー,Guaardvark,2,0,,https://www.d-quest-10.com/detail/a00141.html,/storage/images/monsters/74.webp,ホイミやメダパニなどの呪文をくりだす意外にかしこい魔物。怪しい笑顔にご用心。,知能の高いどくろあらい。呪文の勉強にかまけるうちにいつしかどくろは洗わず使い捨てるようになった。,"2026-03-12 13:33:52","2026-08-03 12:10:41"
75,76,トンブレロ,トンブレロ,"Ham Shamwitch",2,0,,https://www.d-quest-10.com/detail/a00209.html,/storage/images/monsters/75.webp,お気に入りの帽子をかぶり世界をさすらうブタの魔物。小さい身体に炎をため込みことあるごとにはきちらす。,旅しないブタはただのブタ。そう言って群れを離れた。旅のお供であるソンブレロは手に入れた自由の証なのだ。,"2026-03-12 13:33:55","2026-08-03 12:10:41"
76,77,ガチャコッコ,ガチャコッコ,"Clockwork Cuckoo",13,0,,https://www.d-quest-10.com/detail/a00051.html,/storage/images/monsters/76.webp,魔物たちが人間を襲うために作った白い殺人マシン。刃物のように鋭い羽で斬りかかってくる。,白い身体を誇りにしておりときどき水に映る自分に見とれたりしているナルシストな鳥のマシン。,"2026-03-12 13:33:58","2026-07-27 15:17:43"
77,79,デビルスノー,デビルスノー,"Shivery Shrubbery",7,0,,https://www.d-quest-10.com/detail/a00188.html,/storage/images/monsters/77.webp,たくさんの雪の結晶が集まり邪悪な魔物と化した。氷の呪文ヒャドを連発する雪国の暴れん坊。,氷上をあざやかに舞ってトリプルアクセルを決める下駄スケートの名手。銀盤の妖精という異名を持つ。,"2026-03-12 13:34:02","2026-07-27 15:17:43"
78,80,スノーモン,スノーモン,"Snow Sanguini",4,0,,https://www.d-quest-10.com/detail/a00147.html,/storage/images/monsters/78.webp,雪のような純白の毛を持つ血統書付きのモーモン。空を優雅にただよいながら痛恨の一撃チャンスを待つ。,年に１回魔界で開催されるモーモン品評会で見事最優秀賞を受賞した輝かしいキャリアの持ち主。,"2026-03-12 13:34:09","2026-08-03 12:09:04"
79,81,カメレオンマン,カメレオンマン,"Pesky Jester",8,0,,https://www.d-quest-10.com/detail/a00055.html,/storage/images/monsters/79.webp,オレンジ色のマントをまとい刃物を持ち歩く怪人。軽やかな足取りで近づきすばやく２回斬りつける。,自分の似顔絵を描いた変質者注意！の立て札をあちこちに立てるのが好き。人智が及ばぬほどの変人。,"2026-03-12 13:34:13","2026-07-27 15:17:43"
80,82,ゴールデンスライム,ゴールデンスライム,"Gem Slime",1,0,,https://www.d-quest-10.com/detail/a00403.html,/storage/images/monsters/80.webp,幻の黄金郷で生まれたというプレミアムなスライム。もちろん落とすゴールドも超ロイヤル級なのだ！,"この魔物を倒した者は一生お金に困らなくなるという言い伝えのせいで 冒険者に狙われ続ける 不幸な身の上。","2026-03-12 13:34:16","2026-07-27 15:17:43"
81,83,モコモコじゅう,モコモコジュウ,"Rotten Cotton",2,0,,https://www.d-quest-10.com/detail/a00338.html,/storage/images/monsters/81.webp,モコモコとしてかわいらしい真っ白なケモノ。仲間を呼んでおうえんするわりと他人まかせなヤツ。,モコモコのかわいい外見だがよくよく見ると目が３つありなでようと近づいた旅人をおどろかせる。,"2026-03-12 13:34:20","2026-08-03 12:10:41"
82,84,ジャガーメイジ,ジャガーメイジ,Clawcerer,2,0,,https://www.d-quest-10.com/detail/a00134.html,/storage/images/monsters/82.webp,厳しい修行を積んだジャガーの魔道士。得意げにマヌーサやイオを唱えてくる。,イオナズンを失敗してひとり落ち込んだときは自分の肉球をフニフニして明日への活力を養う。,"2026-03-12 13:34:25","2026-08-03 12:10:41"
83,85,ともしびこぞう,トモシビコゾウ,Wickerman,12,0,,https://www.d-quest-10.com/detail/a00199.html,/storage/images/monsters/83.webp,怨念の炎を燃やし続けるろうそく形のモンスター。さまざまなフォースをまとい斬りかかってくる。,じつは魔物たちの心をいやす魔界のアロマキャンドル。ロウが溶けていくほどになんだかイヤなニオイがする。,"2026-03-12 13:34:29","2026-07-27 15:17:43"
84,86,スライムナイト,スライムナイト,"Slime Knight",1,0,,https://www.d-quest-10.com/detail/a00154.html,/storage/images/monsters/84.webp,"弱き者には ホイミのいやしを仇なす者には かぶと割りを。大きなスライムに またがった心優しき小さな騎士。",かたい絆で結ばれたスライムと騎士は一心同体。一方が安らかに眠れば相方も自然と眠りにつく。,"2026-03-12 13:34:32","2026-07-27 15:17:43"
85,87,スライムタワー,スライムタワー,"Slime Stack",1,0,,https://www.d-quest-10.com/detail/a00152.html,/storage/images/monsters/85.webp,３匹の仲良しスライムがなんとなく積み重なった。チカラを合わせてスライムシャワーを降らせる。,相棒とケンカ別れしたスライムナイトの下が今度は上になってみたいとタワー化を持ちかけた。,"2026-03-12 13:34:35","2026-07-27 15:17:43"
86,88,キメラ,キメラ,Chimaera,6,0,,https://www.d-quest-10.com/detail/a00065.html,/storage/images/monsters/86.webp,おなかに溜め込んだ火の息をはくモンスター。ノリにノっているときはかえんの息まではいてくる。,ハゲタカとヘビの合成獣。魔王よなぜこのふたつを組み合わせたのか？答えは闇の中だ……。,"2026-03-12 13:34:40","2026-07-27 15:17:43"
87,89,アイアンクック,アイアンクック,Robo-Robin,13,0,,https://www.d-quest-10.com/detail/a00002.html,/storage/images/monsters/87.webp,くろがねのボディを持つ鳥型の暗殺マシン。ＨＰが低くなってくると自爆するというこわいヤツ。,戦闘中はプログラムに忠実な１体のマシンにすぎないがひとりでいると命ってなんだろうと考えたりする。,"2026-03-12 13:34:43","2026-07-27 15:17:43"
88,90,タップデビル,タップデビル,"Tap Devil",4,0,,https://www.d-quest-10.com/detail/a00170.html,/storage/images/monsters/88.webp,陽気で軽やかに近づいてくるダンスが大好きな悪魔。レパートリー豊富な踊りでほんろうしてくる。,魔界の売れっ子振り付け師。モンスターたちが踊るいろんなダンスの振り付けはタップデビルが考案している。,"2026-03-12 13:34:46","2026-08-03 12:09:04"
89,91,ピンクモーモン,ピンクモーモン,"Pink Sanguini",4,0,,https://www.d-quest-10.com/detail/a00246.html,/storage/images/monsters/89.webp,かわいい外見とは裏腹に人の血を好んで求めるピンク色のモーモン。フワフワと近づき牙をむく。,生えかわったピンクの毛は血を吸うとあざやかになる。この美しいピンク色をモーモンピンクと呼ぶ。,"2026-03-12 13:34:49","2026-08-03 12:09:04"
90,92,バブリン,バブリン,Zepling,7,0,,https://www.d-quest-10.com/detail/a00225.html,/storage/images/monsters/90.webp,風船のようにフワフワと空中をただようモンスター。戦闘中に仲間を呼んだりバギを使ったりする。,たくさんの子バブリンをクチの中に入れ育てている。ときどき中で兄弟ゲンカが起こるのが悩みのタネ。,"2026-03-12 13:34:52","2026-07-27 15:17:43"
91,93,あおだけ童子,アオダケドウジ,"Bamboo Bopper",8,0,,https://www.d-quest-10.com/detail/a00006.html,/storage/images/monsters/91.webp,愛用のさすまたをぶん回すこしゃくな妖怪小僧。時折くりだしてくる回転キックに気をつけろ！,軽妙ですばしっこい動きは毎日欠かさずやっている青竹踏み健康法のたまもの。ただし顔色は悪いまま。,"2026-03-12 13:34:55","2026-07-27 15:17:43"
92,94,キャットバット,キャットバット,Catula,2,0,,https://www.d-quest-10.com/detail/a00067.html,/storage/images/monsters/92.webp,こちらのＭＰを下げてきたり呪文を封じてきたりとにかく呪文が大嫌いなネコっぽいコウモリ。,どっちつかずの名前のせいで猫魔族コウモリ魔族どちらにも入れてもらえないネコっぽいコウモリ。,"2026-03-12 13:34:58","2026-08-03 12:10:41"
93,95,メーダロード,メーダロード,"Raving Lunatick",5,0,,https://www.d-quest-10.com/detail/a00325.html,/storage/images/monsters/93.webp,闇のチカラで攻撃するメーダ界の親玉。こちらを感電させて動きを封じてくる。,親分きどりでメーダたちをこきつかっているがコイツでも頭が上がらないすごいメーダがいるらしい…。,"2026-03-12 13:35:01","2026-07-27 15:17:43"
94,96,ランドンクイナ,ランドンクイナ,Apeckalypse,6,0,,https://www.d-quest-10.com/detail/a00345.html,/storage/images/monsters/94.webp,クチバシに猛毒を持つ気性のあらい氷鳥。美しい羽毛に身体を包みおたけびでおどかしてくる。,ランドンクイナの主食は毒草なのだが見分けがつかずどくけしそうを食べておなかを下すことがある。,"2026-03-12 13:35:04","2026-07-27 15:17:43"
95,97,わらいぶくろ,ワライブクロ,"Bag o' Laughs",12,0,,https://www.d-quest-10.com/detail/a00358.html,/storage/images/monsters/95.webp,いつもニヤニヤ笑っている袋の形のモンスター。いやらしい呪文でこちらを弱らせてくる。,自分で言ったサムいギャグにいつも大ウケしている。周りの視線には気づかないずぶとい神経の持ち主。,"2026-03-12 13:35:07","2026-07-27 15:17:43"
96,98,アローインプ,アローインプ,"Bodkin Bowyer",8,0,,https://www.d-quest-10.com/detail/a00016.html,/storage/images/monsters/96.webp,弓矢を使う邪悪な妖精。狙った獲物を眠らせて仲間を呼んで取り囲む冷酷で優秀な狩人。,熟練した弓矢の技で女子のハートをも射止めるが毎度冷たくあしらっている。やはり冷酷で優秀な狩人。,"2026-03-12 13:35:10","2026-07-27 15:17:43"
97,99,だいおうキッズ,ダイオウキッズ,"Squid Kid",9,0,,https://www.d-quest-10.com/detail/a00165.html,/storage/images/monsters/97.webp,育ちざかりのイカキッズ。思わずつられるさそうおどりを踊って元気いっぱい遊びまわる。,だいおうキッズが大人になれる確率は３割イカといわれている。海の世界は厳しいのだ。,"2026-03-12 13:35:14","2026-07-27 15:17:43"
98,100,サイおとこ,サイオトコ,Rhinothrope,2,0,,https://www.d-quest-10.com/detail/a00108.html,/storage/images/monsters/98.webp,ヨロイで身をかためた二足歩行の獣人。手にした巨大なオノから強烈な一撃がくりだされる。,普段は木こりとして森でオノを振るっている。妻のサイおんなは家で夫の帰りを待っている。,"2026-03-12 13:35:17","2026-08-03 12:10:41"
99,101,ばくだん岩,バクダンイワ,Rockbomb,12,0,,https://www.d-quest-10.com/detail/a00222.html,/storage/images/monsters/99.webp,ほとんどなにもせずしばらく攻撃を受けると突然メガンテを唱える。一気に倒してしまおう。,彼のすてばちな生き方こそまさにロックだとあがめられ多くのアーティストたちに影響を与えてきた。,"2026-03-12 13:35:20","2026-07-27 15:17:43"
100,102,マジカルハット,マジカルハット,"Hat Hamwitch",12,0,,https://www.d-quest-10.com/detail/a00309.html,/storage/images/monsters/100.webp,死んだ魔法使いの魂がお気に入りの帽子に宿り野良イノシシを操っている。得意のイオに要注意。,帽子に身体をのっとられたあわれなイノシシ…と思いきや魔法使い気分にひたれるのでまんざらでもないらしい。,"2026-03-12 13:35:22","2026-07-27 15:17:43"
101,103,さんぞくウルフ,サンゾクウルフ,"Ruff Ruffian",2,0,,https://www.d-quest-10.com/detail/a00117.html,/storage/images/monsters/101.webp,さんぞくに身をやつしたおおかみ男のモンスター。大きなサーベルには毒が仕込まれているらしい。,満月の夜になると血が騒ぎ人間を丸かじりにしたくてたまらなくなるらしい。今夜も遠吠えがひびく。,"2026-03-12 13:35:25","2026-08-03 12:10:41"
102,104,シードッグ,シードッグ,"Sea Dog",2,0,,https://www.d-quest-10.com/detail/a00120.html,/storage/images/monsters/102.webp,いくつもの海をまたにかけて暴れまわってきた狂犬。落とし穴を掘っては人を落としてせせら笑う。,海の上なら羅針盤がなくても今どの辺りにいるのかたちどころに分かるという。スゴイ方向感覚の持ち主だ。,"2026-03-12 13:35:28","2026-08-03 12:10:41"
103,105,プテラノドン,プテラノドン,Pteranodon,6,0,,https://www.d-quest-10.com/detail/a00253.html,/storage/images/monsters/103.webp,いにしえより大空を羽ばたく恐竜のモンスター。空中からクチバシでつつきイオを唱えてくる。,適応力の高さのおかげで現代まで生き残った翼竜。神話の時代の書物にもときどき名前が出てくる。,"2026-03-12 13:35:32","2026-07-27 15:17:43"
104,106,マッドフィンガー,マッドフィンガー,"Muddy Finger",10,0,,https://www.d-quest-10.com/detail/a00314.html,/storage/images/monsters/104.webp,地面からのそっと出てきて眠りや呪いの攻撃をする。紅玉の指輪をはめたその手は死んだ魔女のものらしい……。,戦闘中にマドハンドをちょくちょく呼びだしている。向こうはその気だがじつはパシリにしているだけ……。,"2026-03-12 13:35:35","2026-07-27 15:17:43"
105,107,メランザーナ,メランザーナ,Awebergine,3,0,,https://www.d-quest-10.com/detail/a00335.html,/storage/images/monsters/105.webp,投げキッスで魅力を振りまくナスビ界のダテ男。さそうおどりで相手を惑わし身も心ももてあそぶ。,若い頃からヤンチャで知られ一時期は１２股をかけていた。それが年を重ねシブみを増しチョイ悪ナスビに成長した。,"2026-03-12 13:35:39","2026-07-27 15:17:43"
106,108,ピクシー,ピクシー,Picksy,8,0,,https://www.d-quest-10.com/detail/a00234.html,/storage/images/monsters/106.webp,ピオリムを唱えたり仲間を呼んだりするずるがしこい妖精。怒るとこおりの息をはく。,エルフの扱いに比べ自分たちの扱いが悪いと日々怒りを覚えている。身の程知らずの青二才。,"2026-03-12 13:35:42","2026-07-27 15:17:43"
107,109,バアラック,バアラック,Pickeerer,8,0,,https://www.d-quest-10.com/detail/a00219.html,/storage/images/monsters/107.webp,緑色の羽を持っているおそろしい悪魔の子。かえんの息をはいて旅人に襲いかかる。,世の中の不条理に怒り狂う。そのたまった不満をかたく握ったこぶしに込めて今日も旅人に八つ当たり。,"2026-03-12 13:35:46","2026-07-27 15:17:43"
108,110,プリズニャン,プリズニャン,Jailcat,2,0,,https://www.d-quest-10.com/detail/a00262.html,/storage/images/monsters/108.webp,囚人服のようなシマ模様が特徴の猫魔族。かわいい外見に油断してると氷の呪文で攻撃されるぞ。,プリズニャンの毛を刈るとシマシマはどうなるのか？それを確かめようとした者はネコの呪いを受けるらしい。,"2026-03-12 13:35:49","2026-08-03 12:10:41"
109,111,ベビーマジシャン,ベビーマジシャン,Blinkster,4,0,,https://www.d-quest-10.com/detail/a00271.html,/storage/images/monsters/109.webp,子供と思って油断しているとＭＰを吸いとっては多彩な呪文をしかけてくる。モンスター界の神童。,手品のウデは今ひとつだが子供っぽいかわいさを武器に若者から老人の魔物までファンの心をつかんでいる。,"2026-03-12 13:35:53","2026-08-03 12:09:04"
110,112,デスマエストロ,デスマエストロ,"Frightening Conductor",8,0,,https://www.d-quest-10.com/detail/a00184.html,/storage/images/monsters/110.webp,世間から認められず死んだ不遇な音楽家が魔物と化した。あやしげなサウンドを奏でて聴く者を操ろうとする。,不遇な人生の反動で死後はデスメタルに転向。新曲『ドルマゲドン』を片手に目指すはメジャーデビュー！,"2026-03-12 13:35:56","2026-07-27 15:17:43"
111,113,イエローシックル,イエローシックル,"Armour Mantis",5,0,,https://www.d-quest-10.com/detail/a00019.html,/storage/images/monsters/111.webp,魔物によって殺人マシンに改造された凶暴なカマキリ。いきなり閃光弾をはなち目をくらませてくる。,砂浜や砂漠などでもまぎれやすい保護色なのだが身体がガチャガチャ鳴る音で結局見つかってしまうのだ。,"2026-03-12 13:35:59","2026-07-27 15:17:43"
112,114,あくま神官,アクマシンカン,Wrecktor,4,0,,https://www.d-quest-10.com/detail/a00008.html,/storage/images/monsters/112.webp,悪魔のささやきに耳を貸したおろかな神官のなれの果て。ザオリクやイオラなど強力な呪文を使いこなす。,会心のイオラがたくさん出ますように……。たとえ信仰を失おうと神だのみは欠かさない。,"2026-03-12 13:36:03","2026-08-03 12:09:04"
113,115,フレイム,フレイム,"Dancing Flame",7,0,,https://www.d-quest-10.com/detail/a00266.html,/storage/images/monsters/113.webp,激しい怒りにより人間の魂が烈火のごとく燃えさかって生まれた魔物。炎の攻撃をしかけてくる。,大事にとっておいたプリンを弟に食べられてしまい猛りくるった姉の怒りがこの魔物を生んだという。,"2026-03-12 13:36:06","2026-07-27 15:17:43"
114,116,タップペンギー,タップペンギー,"Pogoin' Penguin",9,0,,https://www.d-quest-10.com/detail/a00171.html,/storage/images/monsters/114.webp,華麗なタップを踏むファンキーなペンギン。仲間のタップで大集合しメダパニで大混乱を起こす。,タップダンスこそ生きる道。いつかタップ界の皇帝になりあがる日を夢見てホップステップタップ！,"2026-03-12 13:36:09","2026-07-27 15:17:43"
115,117,ベホイミスライム,ベホイミスライム,Medislime,1,0,,https://www.d-quest-10.com/detail/a00273.html,/storage/images/monsters/115.webp,"ベホイミを覚えたかしこいホイミスライム。回復のタイミングが うまく長期戦になることも。","ホイミスライムには いばり格上のベホイムスライムにはこびへつらうというなんとも切ない中間管理職。","2026-03-12 13:36:12","2026-07-27 15:17:43"
116,118,ベビーニュート,ベビーニュート,Sizzard,11,0,,https://www.d-quest-10.com/detail/a00270.html,/storage/images/monsters/116.webp,まだ生まれたばかりの無垢な赤ちゃんドラゴン。本能に従いさまざまな息をはきだそうとしてくる。,別れた母が恋しいのか目をうるませながら夕日を眺めていたりする。孤独を覚え大人になるのだ。,"2026-03-12 13:36:15","2026-07-27 15:17:43"
117,119,プヨンターゲット,プヨンターゲット,"Healium Balloon",7,0,,https://www.d-quest-10.com/detail/a00255.html,/storage/images/monsters/117.webp,おなかのマトが印象的なぷよぷよしたモンスター。メガザルダンスを踊って戦況をひっくり返してくる。,リリパットが練習台にとおなかのマトを狙ってよく弓矢を撃ってくる。やめてほしいと思っている。,"2026-03-12 13:36:18","2026-07-27 15:17:43"
118,120,ベロベロ,ベロベロ,Frolicker,8,0,,https://www.d-quest-10.com/detail/a00286.html,/storage/images/monsters/118.webp,鋭いツメで攻撃して敵をマヒさせたり幻惑させたりするうす気味悪いモンスター。,いつも活発なベロベロだが旅の医者に舌を見せるとかならず血行不良と診断されてしまうらしい。,"2026-03-12 13:36:21","2026-07-27 15:17:43"
119,121,ケダモン,ケダモン,Feralbeast,2,0,,https://www.d-quest-10.com/detail/a00094.html,/storage/images/monsters/119.webp,あざやかなオレンジ色のぬいぐるみのようなケモノ。怒らせると仲間を呼んで手がつけられないことも。,ある女僧侶のスカートの中をのぞいていたのがバレた時このケダモン！とののしられこんな名前がついたという。,"2026-03-12 13:36:24","2026-08-03 12:10:41"
120,122,ベンガルクーン,ベンガルクーン,Purrestidigitator,2,0,,https://www.d-quest-10.com/detail/a00287.html,/storage/images/monsters/120.webp,多彩な呪文を扱う猫魔族。ドルクマやメラミで攻撃しマホトーンでこちらの呪文を封じてくる手強い相手。,長年肩こり腰痛に悩まされていたがその原因はネコ背のせいだと気づいた。かしこさが１あがった！,"2026-03-12 13:36:27","2026-08-03 12:10:41"
121,123,マジックフライ,マジックフライ,Splutterfly,5,0,,https://www.d-quest-10.com/detail/a00311.html,/storage/images/monsters/121.webp,目のような模様の羽を持つちょっと変わったドラゴン。メダパニで混乱させてはイオラをうちまくってくる。,独特の色合いを持つ美しい羽はマニアに人気。つかまえようと無茶をして多くの者が命を落とした。,"2026-03-12 13:36:30","2026-07-27 15:17:43"
122,124,とうろうへい,トウロウヘイ,Bamboolinquent,13,0,,https://www.d-quest-10.com/detail/a00193.html,/storage/images/monsters/122.webp,明かりを灯して戦場を照らすたけやりへいの足軽隊長。ガチャガチャと走り寄っていきなり自爆したりする。,苦労の末に足軽隊長になった努力家のたけやりへい。じつは今の地位に飽き足らず下克上を狙う野心家らしい。,"2026-03-12 13:36:33","2026-07-27 15:17:43"
123,125,キャットフライ,キャットフライ,"Vampire Cat",2,0,,https://www.d-quest-10.com/detail/a00068.html,/storage/images/monsters/123.webp,空を飛ぶ猫魔族。さまざまな手段で呪文を無力化してくる魔法使いの天敵。,その昔ねこまどうのメスに告白したがフラれた。それ以来魔法使いを恨み呪文を憎んでいる。,"2026-03-12 13:36:37","2026-08-03 12:10:41"
124,126,イエティ,イエティ,"Powie Yowie",2,0,,https://www.d-quest-10.com/detail/a00018.html,/storage/images/monsters/124.webp,全身が毛におおわれた寒い地方に棲む魔物。敵をなめまわしてゆさぶりをかけてくる。,ひゃくれつなめをくりだして獲物の味を確かめている。おいしい旅人に当たるとテンションが上がるらしい。,"2026-03-12 13:36:40","2026-08-03 12:10:41"
125,127,デザートランナー,デザートランナー,"Parched Peckerel",6,0,,https://www.d-quest-10.com/detail/a00180.html,/storage/images/monsters/125.webp,獲物を混乱させて襲いかかる砂漠に棲む鳥の魔物。相手が強いと自慢の俊足で逃げだしてしまう。,砂漠で行われるマラソン大会で毎年優勝している。他の出場者はみんな暑さでリタイアしてしまうのだ。,"2026-03-12 13:36:43","2026-07-27 15:17:44"
126,128,スマイルロック,スマイルロック,Grinade,12,0,,https://www.d-quest-10.com/detail/a00149.html,/storage/images/monsters/126.webp,笑いながらようすをうかがっていると思いきや突然攻撃してくる不気味な岩石の魔物。,ほがらかに満面の笑みを浮かべているつもりなのに目が笑ってないと言われ怖がられるのが悩み。,"2026-03-12 13:36:47","2026-07-27 15:17:44"
127,129,メイジキメラ,メイジキメラ,"Hocus Chimaera",6,0,,https://www.d-quest-10.com/detail/a00322.html,/storage/images/monsters/127.webp,さまざまな呪文を習得して少し進化したキメラ。ラリホーやメダパニに注意して戦いに挑もう。,この身体で飛びまわるのは相当な筋力を必要とする。毎日のトレーニングで割れてきたおなかが自慢。,"2026-03-12 13:36:52","2026-07-27 15:17:44"
128,130,ウッディアイ,ウッディアイ,Direlog,3,0,,https://www.d-quest-10.com/detail/a00029.html,/storage/images/monsters/128.webp,大きな目玉が特徴的な切り株姿のモンスター。ラリホーマボミオスなどどろんとした呪文を使う。,アリの巣を見かけると根っこでほじくり返したり水を流し込んだりする見た目通りのネクラなヤツ。,"2026-03-12 13:36:55","2026-07-27 15:17:44"
129,131,おどるほうせき,オドルホウセキ,Goodybag,12,0,,https://www.d-quest-10.com/detail/a00040.html,/storage/images/monsters/129.webp,さそうおどりを踊る宝石ジャラジャラのお金持ち。相手を弱らせる呪文をいろいろ知っている。,わらいぶくろが小金を稼いでおどるほうせきに出世した。お宝の数々を見せびらかして自慢するイヤミな成金。,"2026-03-12 13:36:59","2026-07-27 15:17:44"
130,132,くさった死体,クサッタシタイ,"Walking Corpse",10,0,,https://www.d-quest-10.com/detail/a00082.html,/storage/images/monsters/130.webp,くさりかけの死体に魂が宿ったモンスター。あまりに不気味な攻撃でテンションが下がることも。,たまに自分が生きてるのか死んでるのか考えたりするがアタマまでくさっているので結局考えはまとまらない。,"2026-03-12 13:37:01","2026-07-27 15:17:44"
131,133,コトブキーノ,コトブキーノ,Kotobukino,8,0,,https://www.d-quest-10.com/detail/a00106.html,/storage/images/monsters/131.webp,かつては祝い事をつかさどる神官だったが道を踏み外し妖怪となってしまった。回復呪文はお手の物。,魔物たちの祝い事があると呼んでもないのに現れて勝手に仕切りはじめる。ウザさに定評のある妖怪。,"2026-03-12 13:37:04","2026-07-27 15:17:44"
132,134,ベロニャーゴ,ベロニャーゴ,"Terror Tabby",2,0,,https://www.d-quest-10.com/detail/a00285.html,/storage/images/monsters/132.webp,眠り攻撃やラリホーマをしかけてくる猫魔族。人を眠らせるのがなによりも幸せらしい。,もともとネズミよけに魔王の城で飼われていた。しかしそこはネコのサガ。自由を求め脱走したらしい。,"2026-03-12 13:37:08","2026-08-03 12:10:41"
133,135,ブルベリーノ,ブルベリーノ,Foebergine,3,0,,https://www.d-quest-10.com/detail/a00265.html,/storage/images/monsters/133.webp,さそうおどりで近づいてきてたまに仲間を呼び集めるうっとうしい果実の魔物。投げキッスにはご用心。,ブルーベリーを食べると目にいいといわれているがブルベリーノを食べるとどうやら涙目になるらしい。,"2026-03-12 13:37:12","2026-07-27 15:17:44"
134,136,アロエおに,アロエオニ,Aloehaha,3,0,,https://www.d-quest-10.com/detail/a00015.html,/storage/images/monsters/134.webp,アロエから生まれた子鬼。タップダンスで身を軽くし怒るとテンションを上げて襲いかかってくる。,美容健康によく効くというウワサが広まってモテモテだった時期もある。あの頃はよかったなぁ……。,"2026-03-12 13:37:17","2026-07-27 15:17:44"
135,137,ビッグフェイス,ビッグフェイス,"Gum Shield",8,0,,https://www.d-quest-10.com/detail/a00238.html,/storage/images/monsters/135.webp,大ぼうぎょをしたかと思えば２回攻撃をくりだしたりと攻防ともにすぐれたヤツ。顔を出したらチャンスだ。,シャイなビッグフェイスは人前で話すのが苦手。そんなときは腹話術を使って盾の顔にしゃべらせるのだ。,"2026-03-12 13:37:20","2026-07-27 15:17:44"
136,138,じんめんじゅ,ジンメンジュ,Treeface,3,0,,https://www.d-quest-10.com/detail/a00139.html,/storage/images/monsters/136.webp,木々の間にひそんでいて通りかかった旅人に襲いかかる樹木の化け物。ふしぎなおどりが得意。,もともとふつうの木だったが身体に名前を刻む旅人を恨むことで魔物と化した。くれぐれも木は大切に。,"2026-03-12 13:37:23","2026-07-27 15:17:44"
137,139,ケセランパセラン,ケセランパセラン,"Tufty Tot",3,0,,https://www.d-quest-10.com/detail/a00093.html,/storage/images/monsters/137.webp,フワフワとかわいらしくさそうおどりをしてきたりザオラルを唱えてくる。会うと幸せになるらしい。,いやし系のケセランパセラン。その生態には謎が多く一説には世界樹に咲く花の綿毛だといわれている。,"2026-03-12 13:37:28","2026-07-27 15:17:44"
138,140,モコフル,モコフル,"Fluff Puff",3,0,,https://www.d-quest-10.com/detail/a00337.html,/storage/images/monsters/138.webp,身体がモコモコした精霊。見た目によらず好戦的で爆発の呪文イオを唱えこちらを攻撃してくる。,名前からモコモコじゅうにゆかりある者かと思いきやじつはケダモンの毛玉から生まれた。性格は腹黒い。,"2026-03-12 13:37:31","2026-07-27 15:17:44"
139,141,リザードマン,リザードマン,"Mandrake Major",11,0,,https://www.d-quest-10.com/detail/a00346.html,/storage/images/monsters/139.webp,二足歩行のトカゲの魔物。みがきあげたしんくう斬りやいなずま斬りをくりだし襲ってくる剣術の達人。,魔法戦士にあこがれて転職させてもらおうとダーマ神官を訪ねたがなぜか逃げられてしまった。,"2026-03-12 13:37:34","2026-07-27 15:17:44"
140,142,ドラキーマ,ドラキーマ,Drackyma,6,0,,https://www.d-quest-10.com/detail/a00201.html,/storage/images/monsters/140.webp,ラリホーで眠りへいざないイオラで攻撃をしかける。たよれる親分としてドラキーに慕われている。,手下のドラキーたちからすごく慕われているがじつは自分にしかベホイミをかけないというエゴイスト。,"2026-03-12 13:37:37","2026-07-27 15:17:44"
141,143,メトロゴースト,メトロゴースト,Fightgeist,10,0,,https://www.d-quest-10.com/detail/a00332.html,/storage/images/monsters/141.webp,瞬間移動で近づいて闇の呪文をはなつゴースト。失敗することもあるのでペロリと舌を出している。,ハイソなセンスを持っているおしゃれなゴースト。都会生まれを鼻にかけており地方出身の幽霊には冷たい。,"2026-03-12 13:37:40","2026-07-27 15:17:44"
142,144,ぼうれい剣士,ボウレイケンシ,"Phantom Fencer",10,0,,https://www.d-quest-10.com/detail/a00378.html,/storage/images/monsters/142.webp,かなわぬ未練にとらわれ荒野をさまよう剣士の亡霊。ダークフォースをまとって呪いの剣を振りおろす。,愛する人を守れなくてなげきの果てに逝った剣士はたとえ身体が朽ちようとも眠ることを許されない……。,"2026-03-12 13:37:46","2026-07-27 15:17:44"
143,145,オーク,オーク,Orc,2,0,,https://www.d-quest-10.com/detail/a00037.html,/storage/images/monsters/143.webp,長いヤリをかまえたイノシシのモンスター。ときどきくりだしてくるさみだれ突きに要注意。,さみだれ突きの練習に一心不乱に打ち込んでいる。猪突猛進な性格はやはりイノシシゆえのサガだろう。,"2026-03-12 13:37:49","2026-08-03 12:10:41"
144,146,たまねぎマン,タマネギマン,"Loathsome Leek",3,0,,https://www.d-quest-10.com/detail/a00174.html,/storage/images/monsters/144.webp,目にしみるマヌーサエキスやメダパニエキスをまきちらし混乱や幻惑をしかけてくるいやらしいタマネギ。,ご自慢のエキスで人をおどろかせるのが大好き。新しいエキスの開発に日々いそしんでいるという。,"2026-03-12 13:37:53","2026-07-27 15:17:44"
145,147,ほねコウモリ,ホネコウモリ,"Bat Skeleton",10,0,,https://www.d-quest-10.com/detail/a00301.html,/storage/images/monsters/145.webp,冥界を飛びまわるといわれる邪悪なコウモリの魔物。呪い攻撃やボミオスでこちらを弱らせ襲いかかる。,以前は赤青黄桃と白のコイツで五人組だったがリーダーのレッドが引退してやむなく解散となった。,"2026-03-12 13:37:57","2026-07-27 15:17:44"
146,148,ひとつめピエロ,ヒトツメピエロ,Jinkster,4,0,,https://www.d-quest-10.com/detail/a00244.html,/storage/images/monsters/146.webp,"魔法使いの修行をした邪悪な ひとつ目の道化師。",イオラやメラミなど強い呪文を浴びせてくる。,"2026-03-12 13:38:02","2026-08-03 12:09:04"
147,149,あらくれチャッピー,アラクレチャッピー,"Ripped Rabbit",2,0,,https://www.d-quest-10.com/detail/a00013.html,/storage/images/monsters/147.webp,この世の酸いも甘いもかみ分けたウサギの魔物。敵を倒すためならば捨て身の攻撃もいとわない。,ここだけの話チャッピーとは数々の修羅場をくぐり抜けたウサギの中のウサギに贈られる称号なのだ。,"2026-03-12 13:38:05","2026-08-03 12:10:41"
148,150,ポムポムボム,ポムポムボム,Discombombulator,7,0,,https://www.d-quest-10.com/detail/a00302.html,/storage/images/monsters/148.webp,フワフワ浮遊している爆弾型の魔物。ピンチになると自分の身を犠牲にして仲間を助ける。,よくポムポムポムやらボムボムボムボムボムポムと名前を間違えられる。やめてほしいと思っている。,"2026-03-12 13:38:08","2026-07-27 15:17:44"
149,151,セキバーン,セキバーン,"Stone Crablet",9,0,,https://www.d-quest-10.com/detail/a00577.html,/storage/images/monsters/149.webp,かつては石板を落としていたばカニできないモンスター。,殻の硬さは背負った石板とそん色ないレベルだ。,"2026-03-12 13:38:12","2026-07-27 15:17:44"
150,152,からくりだいみょう,カラクリダイミョウ,Bamboogieman,13,0,,https://www.d-quest-10.com/detail/a00057.html,/storage/images/monsters/150.webp,たけやりへいの軍団を率いて竹林に割拠する大勢力の長。呼びだした大勢の仲間を壁にして自分の身を守る。,強き者がすべてを支配する戦国乱世が幕を開けた。みな竹林統一を目指し策略を張り巡らせている。,"2026-03-12 13:38:17","2026-07-27 15:17:44"
151,153,がいこつ,ガイコツ,Skeleton,10,0,,https://www.d-quest-10.com/detail/a00048.html,/storage/images/monsters/151.webp,呪われた戦士の亡きがら。頭に入ったヒビは死んだときに受けたキズ。仇の相手を探しさまよう。,しのどれいしりょうのきしも骨なのになんでオレだけそのまんまがいこつなんて名前なの？責任者出てこい！,"2026-03-12 13:38:20","2026-07-27 15:17:44"
152,154,マリンスライム,マリンスライム,Seaslime,9,0,,https://www.d-quest-10.com/detail/a00318.html,/storage/images/monsters/152.webp,貝がらを棲みかにした海生まれのスライム。世間の荒波にもまれてカラに閉じこもりがちだ。,海の底にはマリンスライムがのんびり暮らす楽園がある。外の世界はどんな所？カラの中で今日も夢見る。,"2026-03-12 13:38:24","2026-07-27 15:17:44"
153,155,タコメット,タコメット,Octopot,9,0,,https://www.d-quest-10.com/detail/a00168.html,/storage/images/monsters/153.webp,メットを装着したタコ兵士。我が身を犠牲にしてメガザルダンスを踊る厚い人情の持ち主。,メットの下にタコベビーをたくさん隠しているという。だからメットにさわられると真っ赤になって激怒するぞ。,"2026-03-12 13:38:27","2026-07-27 15:17:44"
154,156,じごくのハサミ,ジゴクノハサミ,"Crabber Dabber Doo",9,0,,https://www.d-quest-10.com/detail/a00126.html,/storage/images/monsters/154.webp,スクルト大ぼうぎょとガードのかたいカニの魔物。しかも痛恨の一撃をしてくるあなどれないヤツだ。,ヨダレはお腹が空いたとき。泡を吹くのは怒ってるとき。カニの感情表現はだいたいそのふたつしかない。,"2026-03-12 13:38:31","2026-07-27 15:17:44"
155,157,サマーウルフ,サマーウルフ,"Summer Wolf",2,0,,https://www.d-quest-10.com/detail/a00115.html,/storage/images/monsters/155.webp,夏らしいあざやかな服に身を包んだおおかみ男。見た目通りの軽い性格でピンチになるとすぐ逃げる。,『真夏のサマーウルフ』ひと夏のアバンチュールで泣かせた女は数知れず……男はみんなオオカミなのさ♪,"2026-03-12 13:38:34","2026-08-03 12:10:41"
156,158,ホタテワラビー,ホタテワラビー,"Scallop Wallaby",2,0,,https://www.d-quest-10.com/detail/a00300.html,/storage/images/monsters/156.webp,とてもかたい貝がらを巧みに使いこなすマリンブルーのモンスター。ホタテが大好物。,おいしいホタテを食べるほどパワーアップするという。だから強いヤツはかなりのグルメと考えられる。,"2026-03-12 13:38:37","2026-08-03 12:10:41"
157,159,おばけトマト,オバケトマト,"Haunted Tomato",3,0,,https://www.d-quest-10.com/detail/a00045.html,/storage/images/monsters/157.webp,真っ赤なトマトに魔が宿って手足が生えたモンスター。こちらのＭＰを吸いとってはドルクマで攻撃してくる。,いつか魔界に行って大魔王の食卓に並びおいしく食べられるのがひそかな夢らしい。,"2026-03-12 13:38:44","2026-07-27 15:17:44"
158,160,どくどくゾンビ,ドクドクゾンビ,"Toxic Zombie",10,0,,https://www.d-quest-10.com/detail/a00195.html,/storage/images/monsters/158.webp,毒の沼地で息絶えた旅人が怨念によってよみがえった。身体にためた猛毒をはいてキズつけた相手を毒に冒す。,コイツらが集まると井戸端の主婦も真っ青な文字通りの毒舌トークで盛り上がるという。,"2026-03-12 13:38:47","2026-07-27 15:17:44"
159,161,ソードファントム,ソードファントム,"Phantom Swordsman",10,0,,https://www.d-quest-10.com/detail/a00159.html,/storage/images/monsters/159.webp,魔性の剣に憑かれたおろかな狂戦士の亡霊。巧みな剣さばきですばやく２回斬りつける。,いなずまが光った瞬間だけ浮かびあがる実体は目を真っ赤に血走らせ断末魔の形相を見せる……。,"2026-03-12 13:38:50","2026-07-27 15:17:44"
160,162,たてまじん,タテマジン,Peekabogre,8,0,,https://www.d-quest-10.com/detail/a00172.html,/storage/images/monsters/160.webp,大きな盾を身がまえて鉄壁の守りを誇る魔人。シールドバッシュという技で突きとばしてくる。,これまで散々な魔人人生を送ってきたがでかい盾を得て再起を図ろうと決意した。今こそ立て魔人！,"2026-03-12 13:38:53","2026-07-27 15:17:44"
161,163,メーダクイン,メーダクイン,"Lunatick Queen",5,0,,https://www.d-quest-10.com/detail/a00359.html,/storage/images/monsters/161.webp,雷のチカラを身にまとうメーダ界の女王。大きな目でにらみつけて目が合った者をマヒさせる。,たくさんの兵隊メーダを従え自分の巣を守る女王様。メーダロードには厳しくニラミをきかせているようだ。,"2026-03-12 13:39:00","2026-07-27 15:17:44"
162,164,グリーンシザー,グリーンシザー,"Green Scissors",5,0,,https://www.d-quest-10.com/detail/a00086.html,/storage/images/monsters/162.webp,草木の中に身をひそめヨロイで身を固めた昆虫。隠し持ったキャノン砲で大ダメージを与えてくる。,キャノン砲を開発した博士はその後の魔界兵器産業に多大なる影響を与えたとされ何か賞をもらったらしい。,"2026-03-12 13:39:03","2026-07-27 15:17:44"
163,165,デッドペッカー,デッドペッカー,"Weaken Beakon",6,0,,https://www.d-quest-10.com/detail/a00186.html,/storage/images/monsters/163.webp,ルカナンやマヌーサを唱える意外にかしこい鳥の魔物。遠くからでも一瞬で飛びかかり攻撃してくる。,その大きなクチバシでとてつもなく巨大な木の幹に巣穴を掘って暮らしている。じんめんじゅの天敵。,"2026-03-12 13:39:06","2026-07-27 15:17:44"
164,166,まだらイチョウ,マダライチョウ,"Bud Brother",3,0,,https://www.d-quest-10.com/detail/a00313.html,/storage/images/monsters/164.webp,枯れ果てたイチョウの木から生まれたまだら模様の妖怪。下駄の音で仲間を呼びチカラをためて攻撃する。,まだらに紅葉してしまったやりきれなさを胸に秘める。私生まれ変わったら今度こそキレイに染まるの。,"2026-03-12 13:39:09","2026-07-27 15:17:44"
165,167,マージスター,マージスター,Trickstar,9,0,,https://www.d-quest-10.com/detail/a00304.html,/storage/images/monsters/165.webp,さまざまなダンスで混乱させたり回復したり。ダンスに命をかける星形のモンスター。,朝早くから夜遅くまで踊りの修行を積んでマジにスターを目指しているダンス界の期待の新星。,"2026-03-12 13:39:12","2026-07-27 15:17:44"
166,168,マザーウッド,マザーウッド,Motherwood,3,0,,https://www.d-quest-10.com/detail/a00308.html,/storage/images/monsters/166.webp,殺された母鳥の怨念が切り株に宿り魔物と化した。巣にいるヒナをかばってスクルトや回復呪文を使う。,こっそり観察していると鳴いてるヒナにエサをあげる母子のほほえましい姿が見られるという。,"2026-03-12 13:39:15","2026-07-27 15:17:44"
167,169,てまねきリング,テマネキリング,Beckonring,12,0,,https://www.d-quest-10.com/detail/a00190.html,/storage/images/monsters/167.webp,ディバインスペルを使いつつ仲間を呼びだす悪魔の手。中指にはめられた指輪の魔力により召喚された。,妖しく光る指輪が泥の腕を器用に操っている。全身を作ろうとしたが魔力が足りず断念した。,"2026-03-12 13:39:19","2026-07-27 15:17:44"
168,170,マポレーナ,マポレーナ,"Genie Sanguini",4,0,,https://www.d-quest-10.com/detail/a00317.html,/storage/images/monsters/168.webp,あざやかな緑色の身体が,トレードマークの妖精。,"2026-03-12 13:39:22","2026-08-03 12:09:04"
169,171,フロストギズモ,フロストギズモ,"Freezing Fog",7,0,,https://www.d-quest-10.com/detail/a00268.html,/storage/images/monsters/169.webp,こごえるふぶきやヒャダルコを操る雲の魔物。寒い地域に生息するので氷の攻撃には強い。,雪の多い山奥ではコイツに襲われた旅人が翌朝氷漬けになって発見されることがある。,"2026-03-12 13:39:25","2026-07-27 15:17:44"
170,172,インキュバス,インキュバス,Incubus,8,0,,https://www.d-quest-10.com/detail/a00024.html,/storage/images/monsters/170.webp,まくらを投げつけ旅人を強制的に眠らせる。夢の世界からやってきたいかがわしい妖怪。,人の夢に入り込んではその夢の内容で夢占いをして結果を押しつけてくるおせっかいなヤツ。,"2026-03-12 13:39:28","2026-07-27 15:17:44"
171,173,きりさきピエロ,キリサキピエロ,"Prickly Prankster",8,0,,https://www.d-quest-10.com/detail/a00077.html,/storage/images/monsters/171.webp,肉を切り裂くのが大好きな得体の知れない殺人ピエロ。多彩な斬撃をくりだし獲物が弱る様を見て笑う。,地獄の庭園の手入れを頼まれ見事な才能を発揮した。庭師として第二の人生を歩むべきなのか考え中。,"2026-03-12 13:39:31","2026-07-27 15:17:44"
172,174,ベホイムスライム,ベホイムスライム,Sootheslime,1,0,,https://www.d-quest-10.com/detail/a00274.html,/storage/images/monsters/172.webp,ベホイムを覚えた頼もしいホイミスライム。触手を回してアタックする意外に武闘派な一面も。,"名前を聞き返されるのがあまりに めんどうくさくてベホイミスライムです とウソをつくこともある。","2026-03-12 13:39:35","2026-07-27 15:17:44"
173,175,キングスライム,キングスライム,"King Slime",1,0,,https://www.d-quest-10.com/detail/a00078.html,/storage/images/monsters/173.webp,"でっかい王冠が ご自慢のスライム界に君臨する王様。大きく ふくれあがってのしかかってくる。","夜中に女王め…と つぶやき歯ぎしりして うなされてた。高い支持率を誇る王様にも何か悩みがあるみたい……？","2026-03-12 13:39:38","2026-07-27 15:17:44"
174,176,エビルホーク,エビルホーク,"War Gryphon",6,0,,https://www.d-quest-10.com/detail/a00033.html,/storage/images/monsters/174.webp,はるか上空から人間を狙う３つのタカの目を持った魔鳥。はげしいほのおをはいて獲物を丸焼きにする。,異常に発達した視覚は千里先をも見通すという。しかし夜は何も見えない悲しき猛禽類。,"2026-03-12 13:39:42","2026-07-27 15:17:44"
175,177,じごくのたまねぎ,ジゴクノタマネギ,"Brimstone Bulb",3,0,,https://www.d-quest-10.com/detail/a00124.html,/storage/images/monsters/175.webp,魔物の手で育てられたまがまがしいタマネギ。あまいいきや暗黒のきりでこちらを弱らせてくる。,地獄にある農場でくさった死体のスミスさんに愛情をこめて育てられた。生産者の保証付きタマネギ。,"2026-03-12 13:39:46","2026-07-27 15:17:44"
176,178,ブラッドソード,ブラッドソード,"Bloody Blade",12,0,,https://www.d-quest-10.com/detail/a00259.html,/storage/images/monsters/176.webp,人の血を求めてさまようおぞましい呪われた魔剣。ブレードガードを駆使しこちらの攻撃をはじき返す。,長い間人を斬らずにいるとだんだん色がうすくなってひとくいサーベルと間違われてしまうことも。,"2026-03-12 13:39:49","2026-07-27 15:17:44"
177,179,ホースデビル,ホースデビル,Gamigin,4,0,,https://www.d-quest-10.com/detail/a00294.html,/storage/images/monsters/177.webp,大きな２本のツノを持つ馬ヅラの悪魔。,世界樹の葉を使ってくるので最初に倒してしまおう。,"2026-03-12 13:39:52","2026-08-03 12:09:04"
178,180,よろいのきし,ヨロイノキシ,"Knight Errant",4,0,,https://www.d-quest-10.com/detail/a00342.html,/storage/images/monsters/178.webp,ブ厚いヨロイを着込んだ悪のパワーファイター。,鍛えぬかれた肉体でタックルをかましてくる。,"2026-03-12 13:39:55","2026-08-03 12:09:04"
179,181,キラーファング,キラーファング,"Killer Fang",2,0,,https://www.d-quest-10.com/detail/a00075.html,/storage/images/monsters/179.webp,人食いとおそれられている血に飢えた野獣。捨て身のかまえをとって猛攻撃をしかけてくる。,キラーファングの鋭利な牙は年を経るほど大きくなる。最も立派な牙の持ち主が群れの中で王となるらしい。,"2026-03-12 13:40:00","2026-08-03 12:10:41"
180,182,ふくめんバニー,フクメンバニー,Rottontail,2,0,,https://www.d-quest-10.com/detail/a00251.html,/storage/images/monsters/180.webp,決め技はばくれつけん。……ということ以外すべてが謎のベールに包まれた正体不明のマスクマン。,見た目は凶悪なウサギだが陰で恵まれない子供のためにプレゼントをしているという心優しいマスクマン。,"2026-03-12 13:40:07","2026-08-03 12:10:41"
181,183,デスパロット,デスパロット,Paralakeet,6,0,,https://www.d-quest-10.com/detail/a00182.html,/storage/images/monsters/181.webp,鋭いクチバシにマヒ毒を持ち突かれるとしびれることも。マホトーンやマヌーサなど呪文にも注意が必要だ。,魔道士のペットのオウムが毎日呪文を聞きつづけたため自分でも呪文が唱えられるようになった。,"2026-03-12 13:40:10","2026-07-27 15:17:44"
182,184,どれいへいし,ドレイヘイシ,"Undentured Servant",10,0,,https://www.d-quest-10.com/detail/a00205.html,/storage/images/monsters/182.webp,死してなお服従の呪いが解けない兵士のゾンビ。やいばくだきをくりだして相手の出端をくじく。,生前に仕えていた王様はたいへんうたぐり深い性格で兵士に忠誠を誓わせるため絶対服従の呪いをかけた。,"2026-03-12 13:40:13","2026-07-27 15:17:44"
183,185,スモールグール,スモールグール,"Drooling Ghoul",8,0,,https://www.d-quest-10.com/detail/a00150.html,/storage/images/monsters/183.webp,自分の身体を分裂させて襲いかかってくる子鬼。倒すのに時間がかかるやっかいなヤツ。,魔界一不気味な魔物を目指しグールのもとで修行していた。このたび免許皆伝の証として師匠の名前を授かった。,"2026-03-12 13:40:17","2026-07-27 15:17:44"
184,186,バサラーナ,バサラーナ,Basarana,8,0,,https://www.d-quest-10.com/detail/a00224.html,/storage/images/monsters/184.webp,派手なかっこうをして荒々しく立ち回る妖怪。ザオラルやベホマラーで仲間を助けながら戦う。,その身なりと奇抜な言動で業界の異端児として知られるがなぜか女子からはモテモテのしゃくに障るプレイボーイ。,"2026-03-12 13:40:20","2026-07-27 15:17:44"
185,187,スマイルリザード,スマイルリザード,Raptile,11,0,,https://www.d-quest-10.com/detail/a00148.html,/storage/images/monsters/185.webp,愛くるしい笑顔を見せる愉快な個性派トカゲ。その笑顔に油断すると痛い目にあう。,いつも泉に顔を映して笑顔の練習をしている。魔物界のアイドルを目指し今日もカワイイ角度を探す。,"2026-03-12 13:40:23","2026-07-27 15:17:44"
186,188,エビルチクリン,エビルチクリン,Bamboozler,13,0,,https://www.d-quest-10.com/detail/a00032.html,/storage/images/monsters/186.webp,ハイカラな旗印を背負ったたけやり族のトリックスター。さみだれ突きや自爆などとにかくド派手な技が好き。,いくさ場こそ漢の舞台。だからこそ目立つ格好で強烈に自己主張したい。俺の生き様とくと見よ！,"2026-03-12 13:40:28","2026-07-27 15:17:44"
187,189,ボーンナイト,ボーンナイト,"Grim Rider",10,0,,https://www.d-quest-10.com/detail/a00295.html,/storage/images/monsters/187.webp,ひづめの音をひびかせて迫りくる地獄の騎士。自らにベホイミをかけ折れた骨を修復してゆく。,最近骨密度が下がっていてカルシウムをとるため牛乳をたくさん飲んでいる。意外にも健康志向なのね。,"2026-03-12 13:40:31","2026-07-27 15:17:44"
188,190,ドロヌーバ,ドロヌーバ,Mudraker,7,0,,https://www.d-quest-10.com/detail/a00206.html,/storage/images/monsters/188.webp,泥に宿った死者の魂が旅人たちの足にすがりつく。戦闘中スクルトを唱えて泥の身体を強化することも。,ドロヌーバの天敵は日照り！強い日差しによってお肌がカサヌーバになってしまいアイデンティティが崩壊する。,"2026-03-12 13:40:34","2026-07-27 15:17:44"
189,191,ネイルビースト,ネイルビースト,"Claw Breaker",9,0,,https://www.d-quest-10.com/detail/a00216.html,/storage/images/monsters/189.webp,長いツメを振り回しマヒや毒の攻撃でこちらを弱らせてくるおそろしい海の魔人。,長いツメは殺人鬼の命。毎日お気に入りのネイルアーティストの所でお手入れを欠かさない。,"2026-03-12 13:40:37","2026-07-27 15:17:44"
190,192,イーブルフライ,イーブルフライ,Cutterfly,5,0,,https://www.d-quest-10.com/detail/a00017.html,/storage/images/monsters/190.webp,毒々しいチョウの羽を持つ呪文に長けたドラゴン。ルカナンで守備力を下げては炎の玉を飛ばしてくる。,毒イモムシがサナギとなりそのかたいカラを破るとイーブルフライとなって美しく飛びたっていく。,"2026-03-12 13:40:41","2026-07-27 15:17:44"
191,193,バイキングソウル,バイキングソウル,"Viking Soul",10,0,,https://www.d-quest-10.com/detail/a00221.html,/storage/images/monsters/191.webp,略奪をくりかえしてきた凶暴な海賊の亡霊。仲間をバイキルトで強化しどとうの攻撃をしかける。,極悪非道な行いのせいで海の神に嫌われてしまった。死んだ後も海に立ち入れず陸地を暴れまわっている。,"2026-03-12 13:40:44","2026-07-27 15:17:44"
192,194,ジェリーマン,ジェリーマン,Admirer,7,0,,https://www.d-quest-10.com/detail/a00123.html,/storage/images/monsters/192.webp,ゼリー状の身体を持つネトネトしたモンスター。ヘナトスで攻撃力を下げゆったり襲いかかってくる。,スライムって人気者らしい。そんなウワサを聞いてからいてもたってもいられない。オイラもぷるぷるだよぅ！,"2026-03-12 13:40:47","2026-07-27 15:17:44"
193,195,レッドプリン,レッドプリン,"Red Pudding",7,0,,https://www.d-quest-10.com/detail/a00354.html,/storage/images/monsters/193.webp,お菓子好きの魔女によって偶然生みだされた魔物。たまにかえんの息をはくが悪気はなく本能ゆえの行動。,甘いはずのプリンがなぜか激辛に仕上がった。お菓子好きの魔女は料理が下手だったらしい。,"2026-03-12 13:40:50","2026-07-27 15:17:44"
194,196,えんまのつかい,エンマノツカイ,Ashassin,8,0,,https://www.d-quest-10.com/detail/a00034.html,/storage/images/monsters/194.webp,すべてを灰にするため地獄から送られた大妖怪。天地のかまえを使って相手の攻撃を待ちかまえる。,ウソつきはえんまのつかいに舌を抜かれて持ってかれる…などというウワサもあるがそんなぬるいヤツじゃない。,"2026-03-12 13:40:53","2026-07-27 15:17:44"
195,197,デザートゴースト,デザートゴースト,"Sweaty Yeti",2,0,,https://www.d-quest-10.com/detail/a00179.html,/storage/images/monsters/195.webp,砂漠に出没するチカラ自慢。炎天下の中わざわざ熱い息を吹きかけてくるあつくるしいヤツ。,もともとイエティと同じくらい白かったのに砂漠で日焼けして微妙な色になってしまった。,"2026-03-12 13:40:56","2026-08-03 12:10:41"
196,198,りゅうき兵,リュウキヘイ,"Mandrake Mercenary",11,0,,https://www.d-quest-10.com/detail/a00350.html,/storage/images/monsters/196.webp,攻防一体の戦闘をするドラゴンの兵士。仲間を呼ぶこともあるので早めに倒してしまおう。,騎兵という割にじつは馬には乗ったことがない。りゅうほ兵という名前だけはカンベンだと思っている。,"2026-03-12 13:41:00","2026-07-27 15:17:44"
197,199,ダッシュラン,ダッシュラン,"Drag Racer",11,0,,https://www.d-quest-10.com/detail/a00169.html,/storage/images/monsters/197.webp,氷のブレスを使いこなす俊足の青いドラゴン。,ときどき敵を吹っ飛ばしてダメージを与える。,"2026-03-12 13:41:03","2026-07-27 15:17:44"
198,200,キラービー,キラービー,Scornet,5,0,,https://www.d-quest-10.com/detail/a00074.html,/storage/images/monsters/198.webp,野生のハチが魔物の手により殺人バチに進化した。大きな針にはマヒ毒が仕込んであるので要注意だ。,よく黒い服を着ているとハチに狙われるというがコイツは服の色とか関係なく襲いかかってくるぞ。,"2026-03-12 13:41:07","2026-07-27 15:17:44"
199,201,クリスタルハンド,クリスタルハンド,"Crystal Hand",12,0,,https://www.d-quest-10.com/detail/a00088.html,/storage/images/monsters/199.webp,水晶のように透きとおった妖しくも美しい腕の魔物。時折コープスフライを呼び戦況を一変させてくる。,おそろしき氷の女王の手。氷の世界に旅人を閉じ込めコレクションにして楽しんでいるらしい。,"2026-03-12 13:41:10","2026-07-27 15:17:44"
200,202,ウィッチネイル,ウィッチネイル,"Witch's Nail",10,0,,https://www.d-quest-10.com/detail/a00025.html,/storage/images/monsters/200.webp,たまにしりょうのきしを呼びベホイミで回復させながら骨のずいまで利用する。高飛車な性格のモンスター。,おどるほうせきを捕まえては袋の中の宝石をかすめとる手クセの悪い魔女の手。老後のために必死のようだ。,"2026-03-12 13:41:14","2026-07-27 15:17:44"
201,203,ビッグスロース,ビッグスロース,Sasquash,2,0,,https://www.d-quest-10.com/detail/a00236.html,/storage/images/monsters/201.webp,チカラをためて攻撃する毛むくじゃらの怪物。スクルトで守りをかためる用心深い一面も。,巣穴に引きこもってずっとダラダラしているものぐさなナマケモノ。自宅警備はお手の物。,"2026-03-12 13:41:17","2026-08-03 12:10:41"
202,204,ドラゴンキッズ,ドラゴンキッズ,"Small Fry",11,0,,https://www.d-quest-10.com/detail/a00202.html,/storage/images/monsters/202.webp,やんちゃな子供ドラゴン。背伸びしたいお年頃なのかはりきってはげしいほのおをはこうとするが……？,じつはどのドラゴンの子供か判明していない。この姿が成体で本当はドラゴンアダルトなのかも？,"2026-03-12 13:41:21","2026-07-27 15:17:44"
204,206,パペットロープ,パペットロープ,"Puppet Rope",12,0,,https://www.d-quest-10.com/detail/a00227.html,/storage/images/monsters/204.webp,人形のように結ばれたロープのモンスター。細い身体でしめあげては回転パンチをしかけてくる。,もともとは劇の人形として人間に使われていたがしばられた人生がイヤで人間をしばる魔物になった。,"2026-03-12 13:41:27","2026-07-27 15:17:44"
205,207,ボーンプリズナー,ボーンプリズナー,"Marrow Escapee",10,0,,https://www.d-quest-10.com/detail/a00298.html,/storage/images/monsters/205.webp,しかばねとなった今でも血のにおいに飢えている元死刑囚のなれの果て。なぜかマホトーンを使う。,スゴうでの殺し屋が捕まって死刑に処せられたものの被害者たちの恨みは消えず安らかな死は訪れなかった。,"2026-03-12 13:41:30","2026-07-27 15:17:44"
206,208,岩とびあくま,イワトビアクマ,"Rockin' Rockhopper",9,0,,https://www.d-quest-10.com/detail/a00023.html,/storage/images/monsters/206.webp,岩場を跳ねまわる凶悪な形相のペンギン。黒い群れがいっせいに飛びかかる姿はまさに悪魔。,芸の道は険しくときにタップペンギーたちもタップ道を踏み外す。そして岩とびあくまとなる。,"2026-03-12 13:41:36","2026-07-27 15:17:44"
207,209,メタルライダー,メタルライダー,"Metal Slime Knight",1,0,,https://www.d-quest-10.com/detail/a00330.html,/storage/images/monsters/207.webp,無口なメタルスライム乗り。華麗な宙返りを披露して痛恨の一撃をくりだすときに大胆な一面も。,"相棒のメタルスライムはシルバーと呼ばれている。もちろん ハイヨー！ と声をかけて飛び乗るのだ。","2026-03-12 13:41:39","2026-07-27 15:17:44"
208,210,げんじかぶと,ゲンジカブト,"Genji Beetle",5,0,,https://www.d-quest-10.com/detail/a00097.html,/storage/images/monsters/208.webp,由緒ある名前を冠したかぶと虫型のモンスター。バリアで守りをかためて突っ込んでくる戦闘兵器。,どういうわけかやたらと旅人にぬすむをやられる。そんなにたいした物は持ってないはずなのに……。,"2026-03-12 13:41:42","2026-07-27 15:17:44"
209,211,サイレス,サイレス,Gryphon,6,0,,https://www.d-quest-10.com/detail/a00110.html,/storage/images/monsters/209.webp,人間の死肉を食らうという残忍でおそろしい魔鳥。鋭いツメで２回切り裂いて確実に獲物をしとめる。,おそろしいほどの地獄耳で魔物界一の神経質だとか。魔法使いの詠唱が大キライで邪魔をするのが生きがい。,"2026-03-12 13:41:45","2026-07-27 15:17:44"
210,212,きりかぶこぞう,キリカブコゾウ,"Bark Boy",3,0,,https://www.d-quest-10.com/detail/a00412.html,/storage/images/monsters/210.webp,ふしぎなおどりを踊ったり守備力を下げてきたりいやがらせが得意なこぞう。性格はかなり悪いようだ。,じつは切り株をアタマにかぶっているのではなく切り株から身体が生えて今の姿になったという。,"2026-03-12 13:41:48","2026-07-27 15:17:44"
211,213,キラートーチ,キラートーチ,"Killer Torch",12,0,,https://www.d-quest-10.com/detail/a00073.html,/storage/images/monsters/211.webp,多くの返り血を浴びてきて紅く染まった殺人ろうそく。秘められた魔力を解放して呪文を連発してくるぞ。,コイツが歩いた跡にはロウと人間の返り血でぽたぽたと赤い道が続き草１本生えなくなるという。,"2026-03-12 13:41:50","2026-07-27 15:17:44"
212,214,しりょうのきし,シリョウノキシ,"Skeleton Soldier",10,0,,https://www.d-quest-10.com/detail/a00136.html,/storage/images/monsters/212.webp,無念の死を遂げた騎士が死霊となってよみがえった。斬りつけた相手を呪いにかけべホイミも使いこなす。,最近頭のヒビ割れが大きくなっている気がして毎日鏡とにらめっこ。ストレスのせいだろうか……。,"2026-03-12 13:41:56","2026-07-27 15:17:44"
213,215,コープスフライ,コープスフライ,"Flying Corpse",10,0,,https://www.d-quest-10.com/detail/a00101.html,/storage/images/monsters/213.webp,邪悪な魔法使いが死んで空飛ぶ魔物と化した。メラミヘナトスなど呪文攻撃に気をつけろ。,カッコよくメラミを唱え人間を追い払う姿はコウモリのアンデッドの中で最もイケメンとの声が高い。,"2026-03-12 13:41:59","2026-07-27 15:17:44"
214,216,キラークラブ,キラークラブ,"King Crab",9,0,,https://www.d-quest-10.com/detail/a00069.html,/storage/images/monsters/214.webp,ラリホーを唱えてくるやっかいなカニの魔物。ブ厚いこうらでおおわれたかたい身体が一番の自慢。,かたいだけではダメだと努力してラリホーを覚えたがその代わりにスクルトを忘れてしまった……。,"2026-03-12 13:42:02","2026-07-27 15:17:44"
215,217,きせいじゅ,キセイジュ,"Tree Sage",3,0,,https://www.d-quest-10.com/detail/a00063.html,/storage/images/monsters/215.webp,人食い草に寄生されて強力になったふゆうじゅ。かみついてくるだけでなく回復呪文を使いこなす。,はたしてきせいじゅの心は人食い草のモノなのかふゆうじゅのモノなのか。真相は謎に包まれている。,"2026-03-12 13:42:05","2026-07-27 15:17:44"
216,218,メタルハンター,メタルハンター,"Hunter Mech",13,0,,https://www.d-quest-10.com/detail/a00329.html,/storage/images/monsters/216.webp,光沢のあるメタルボディに剣と弓をそなえた機械兵。４本足で機敏に動いては激しく斬りつけてくる。,たくさん経験値を得ればあこがれのキラーマシンにバージョンアップできるかも。だから今日もメタル狩り。,"2026-03-12 13:42:08","2026-07-27 15:17:44"
217,219,グリゴンダンス,グリゴンダンス,"Caped Caperer",4,0,,https://www.d-quest-10.com/detail/a00087.html,/storage/images/monsters/217.webp,冥界から現れたダンサー。,"動きは こっけいだが","2026-03-12 13:42:12","2026-08-03 12:09:04"
218,220,わかめ王子,ワカメオウジ,"King Kelp",9,0,,https://www.d-quest-10.com/detail/a00408.html,/storage/images/monsters/218.webp,王子のくせに仲間を集めてコミックソングを歌うのが好きで回復呪文も得意とする庶民派いやし系アイドル。,本当は王子と付けるのが流行っていると知り便乗したただのワカメの若者。今はブームも去って後悔してる。,"2026-03-12 13:42:19","2026-07-27 15:17:44"
219,221,サブナック,サブナック,Abracadabrador,2,0,,https://www.d-quest-10.com/detail/a00114.html,/storage/images/monsters/219.webp,はく息が竜巻になるというおそろしい地獄の魔犬。怒るとテンションを上げて情け容赦なく襲いかかる。,人間相手には凶暴だが飼い主のあくま神官の前ではお手やおすわりをこなしシッポを振る忠犬である。,"2026-03-12 13:42:23","2026-08-03 12:10:41"
220,222,アカイライ,アカイライ,"Belisha Beakon",6,0,,https://www.d-quest-10.com/detail/a00007.html,/storage/images/monsters/220.webp,バギ系呪文の使い手。攻撃力もそこそこあるので集団で現れるとやっかい。すばやく片付けよう。,何ひとつ真実のない真っ赤なウソをつきまくる。それを信じて破滅した魔物も数多くいるらしい……。,"2026-03-12 13:42:29","2026-07-27 15:17:44"
221,223,ひとくいサーベル,ヒトクイサーベル,"Erazor Blade",12,0,,https://www.d-quest-10.com/detail/a00242.html,/storage/images/monsters/221.webp,旅人に捨てられた剣に悪の心が宿ったモンスター。とぎすました痛恨の一撃でこちらを狙ってくるぞ！,刃こぼれを起こしたときはしっかり自分の身体をとぎピッカピカにみがいてから次の勝負にそなえている。,"2026-03-12 13:42:33","2026-07-27 15:17:44"
222,224,ゴールドオーク,ゴールドオーク,"Orc Chieftain",2,0,,https://www.d-quest-10.com/detail/a00103.html,/storage/images/monsters/222.webp,見事な黄金の毛に包まれたイノシシのモンスター。さみだれ突きベホマラーと攻防両面にたけている。,オークは年を取るにつれ黄金の毛に生えかわる。全身金色になるとお祝いに紫色の服が贈られるのだ。,"2026-03-12 13:42:38","2026-08-03 12:10:41"
223,225,ライノソルジャー,ライノソルジャー,Rhinoceraxe,2,0,,https://www.d-quest-10.com/detail/a00344.html,/storage/images/monsters/223.webp,戦士として修行を積んだサイおとこのエリート。呪文は使ってこないが痛恨の一撃に用心だ。,魔物たちのウワサでカバ族の戦士が現れたと聞きぜひとも一戦交えてみたいと意気込んでいる。,"2026-03-12 13:42:43","2026-08-03 12:10:41"
224,226,アサシンエミュー,アサシンエミュー,Peckerel,6,0,,https://www.d-quest-10.com/detail/a00009.html,/storage/images/monsters/224.webp,すばやい動きが特徴のスミをはきだす鳥モンスター。まれにくりだしてくるアサシンアタックに要注意。,かつて人間の手によって生みだされた暗殺用の魔物がオリを抜けだし野生化した。現在自由の身をマンキツ中。,"2026-03-12 13:42:46","2026-07-27 15:17:44"
225,227,メガザルロック,メガザルロック,Bomboulder,12,0,,https://www.d-quest-10.com/detail/a00326.html,/storage/images/monsters/225.webp,ふだんはおとなしいがいざとなると自らを犠牲にして仲間をよみがえらせる岩石魔物のリーダー。,若い頃はもっと尖っていたがゴロゴロと転がりながら旅をするうちに丸くなった。オレも大人になったなぁ……。,"2026-03-12 13:42:50","2026-07-27 15:17:44"
226,228,フォンデュ,フォンデュ,"Fromage Fray",12,0,,https://www.d-quest-10.com/detail/a00409.html,/storage/images/monsters/226.webp,ひょうきんな見た目とはうらはらに爆発呪文を唱え自らを回復させる技も持つ油断できない切れ者。,スライムっぽくもありゴーストっぽくもある正体不明のニューフェイス。ぼうしの下に秘密があるとか。,"2026-03-12 13:42:53","2026-07-27 15:17:44"
227,229,ヒートギズモ,ヒートギズモ,"Hell Nino",7,0,,https://www.d-quest-10.com/detail/a00232.html,/storage/images/monsters/227.webp,熱くたぎった火山の煙に心が宿って魔物と化した。こちらが消しズミになるまで強烈な炎をはきかけてくる。,ある程度大きくなると身体がふたつに分裂する。元の意思は受け継がれるのである意味永遠の命といえる。,"2026-03-12 13:42:56","2026-07-27 15:17:44"
228,230,ブリザード,ブリザード,Frostburn,7,0,,https://www.d-quest-10.com/detail/a00261.html,/storage/images/monsters/228.webp,深い悲しみにより人間の魂が吹雪のように冷たくなって生まれた魔物。ザラキで死へといざなう。,プリンを食べただけなのに姉にひどく怒られてしまいやりきれない弟の悲しみがこの魔物を生んだという。,"2026-03-12 13:42:59","2026-07-27 15:17:44"
229,231,ヘルコンダクター,ヘルコンダクター,"Hell Conductor",8,0,,https://www.d-quest-10.com/detail/a00279.html,/storage/images/monsters/229.webp,地獄の音楽を奏でたせいで魂が汚れてしまった指揮者。彼がくりだす呪文の数々は状態異常のハーモニーを生む。,彼が奏でた地獄の音楽とは耳にした者が３日以内に必ず命を落とすというおそろしい曲らしい……。,"2026-03-12 13:43:04","2026-07-27 15:17:44"
230,232,チャンプスター,チャンプスター,"Champ Star",9,0,,https://www.d-quest-10.com/detail/a00176.html,/storage/images/monsters/230.webp,華麗なハッスルダンスとブレイクダンスさながらの激しい回転攻撃をあわせ持つ魔界のダンスチャンプ。,その金色の身体はダンス界にまばゆく輝くスターの証。目が合ったらもう遅い。あなたのハートを離さない。,"2026-03-12 13:43:09","2026-07-27 15:17:44"
231,233,ホークマン,ホークマン,"Hawk Man",6,0,,https://www.d-quest-10.com/detail/a00410.html,/storage/images/monsters/231.webp,タカのような翼の生えた空を飛ぶ怪人。マホトーンを得意とし風を自在にあやつるという。,決して自分の主張を曲げないガンコ者の悪魔。意見を通すためなら暴力もいとわない典型的なタカ派。,"2026-03-12 13:43:12","2026-07-27 15:17:44"
232,234,ベビル,ベビル,Grimlin,4,0,,https://www.d-quest-10.com/detail/a00272.html,/storage/images/monsters/232.webp,"魔界で生まれた 悪の申し子。","はげしいほのおを はきちらし","2026-03-12 13:43:15","2026-08-03 12:09:04"
233,235,サンダーフロッグ,サンダーフロッグ,Zaptile,9,0,,https://www.d-quest-10.com/detail/a00118.html,/storage/images/monsters/233.webp,体内に電気を宿したおっかないビリビリガエル。蓄えた電気を放電していなずまを発生させる。,サンダーフロッグが陽気に水浴びしていると感電した魚が浮いてくる。おかげでエサには困らない。,"2026-03-12 13:43:18","2026-07-27 15:17:44"
234,236,ベホマスライム,ベホマスライム,Cureslime,1,0,,https://www.d-quest-10.com/detail/a00275.html,/storage/images/monsters/234.webp,ベホマを覚えたホイミスライムのエリート。いやしの雨も使いこなす回復のエキスパートだ。,"ふよふよと漂う赤いボディはホイミ道を極めた証。呼びたくても 人気が高いのでだいたい予約１か月待ちだ。","2026-03-12 13:43:21","2026-07-27 15:17:44"
235,237,サタンメイル,サタンメイル,Alarmour,12,0,,https://www.d-quest-10.com/detail/a00113.html,/storage/images/monsters/235.webp,魔王の息吹が込められた邪悪な意志を持つ死のヨロイ。高い戦闘能力を誇り攻守ともにすきがない。,魔界の城の渡り廊下にはサタンメイルがずらりと１０００体以上並んでおりおそろしくも荘厳な眺めだ。,"2026-03-12 13:43:24","2026-07-27 15:17:44"
236,238,ブラッドハンド,ブラッドハンド,"Bloody Hand",10,0,,https://www.d-quest-10.com/detail/a00260.html,/storage/images/monsters/236.webp,処刑場の血だまりから生まれたモンスター。おどろおどろしい動きでいろんな魔物を引きよせる。,手からたれるドロドロはなんと養分たっぷり。そのドロドロは地獄の農場で肥料として重宝されている。,"2026-03-12 13:43:27","2026-07-27 15:17:44"
237,239,つかいま,ツカイマ,Wimp,4,0,,https://www.d-quest-10.com/detail/a00444.html,/storage/images/monsters/237.webp,魔王の手下が偵察のために地上に放つというスパイ。おどりでＭＰを吸い取ったり地味な嫌がらせをしてくる。,スパイとして派遣されたがよく任務を忘れ遊んでしまい監視員のあくま神官にお尻をたたかれている。,"2026-03-12 13:43:30","2026-08-03 12:09:04"
238,240,ゲリュオン,ゲリュオン,Draguar,2,0,,https://www.d-quest-10.com/detail/a00096.html,/storage/images/monsters/238.webp,多くの英雄がその牙にかかり命を落としたとされる魔獣。翼を大きく広げてバギクロスを巻き起こす。,あまり知られていないが身体の斑点は実力の証。今まで倒した人間の数をひそかに刻んでいるらしい。,"2026-03-12 13:43:34","2026-08-03 12:10:41"
239,241,ベビーサラマンダ,ベビーサラマンダ,"Salamander Fry",11,0,,https://www.d-quest-10.com/detail/a00269.html,/storage/images/monsters/239.webp,火をつかさどるといわれる邪悪なドラゴンの子供。まるで息をするようにあちこち火炎をはきちらす。,かんしゃくを起こすと泣きながら火炎をはきちらし手がつけられなくなる迷惑な赤ちゃんドラゴン。,"2026-03-12 13:43:38","2026-07-27 15:17:44"
240,242,スターキメラ,スターキメラ,"Cosmic Chimaera",6,0,,https://www.d-quest-10.com/detail/a00145.html,/storage/images/monsters/240.webp,すさまじい炎の息をはきだすキメラ界のスター。ベホマラーを使えるので戦いが長引くかも。,スターキメラにあこがれ毛をピンクに染めるキメラが続出しているらしい。ニセ者に気をつけろ！,"2026-03-12 13:43:42","2026-07-27 15:17:44"
241,243,ニードルマン,ニードルマン,Needleman,12,0,,https://www.d-quest-10.com/detail/a00418.html,/storage/images/monsters/241.webp,獲物を求めてさまよい歩くトゲトゲを生やした人形。その小さい姿に油断した者をくしざしにするという。,最初はトゲがなかったが生き残るために自分の身体にサボテンのトゲを植えつけ攻撃と防御に利用している。,"2026-03-12 13:43:45","2026-07-27 15:17:44"
242,244,ましょうぐも,マショウグモ,"Demon Cloud",7,0,,https://www.d-quest-10.com/detail/a00312.html,/storage/images/monsters/242.webp,やみのブレスのろいのきりを辺りにまきちらすおぞましい魔瘴のかたまり。怒ると死の呪文を使うぞ。,ちょっぴりさみしいときにため息をつくと辺りの草花がいっせいに枯れてしまいますますさみしい気持ちに。,"2026-03-12 13:43:48","2026-07-27 15:17:44"
243,245,スクラッチャー,スクラッチャー,Scratcher,9,0,,https://www.d-quest-10.com/detail/a00143.html,/storage/images/monsters/243.webp,鍛えぬいた肉体と鋭いツメを持つ青き殺人鬼。すばやく２回切りかかっては炎をはく手強い相手。,立派なツメとヒレが誇り。青い肌はウェディにちょっと似ているが本人はそう言われるのがキライ。,"2026-03-12 13:43:52","2026-07-27 15:17:44"
244,246,つららスライム,ツララスライム,Slimecicle,1,0,,https://www.d-quest-10.com/detail/a00178.html,/storage/images/monsters/244.webp,雪国でしか見られない巨大なつららを背負った真っ白なスライム。旅人を眠らせ襲いかかる。,"雪山で遭難した旅人のもとに音もなく忍び寄ってくる。現地では 白い死神としておそれられているという……。","2026-03-12 13:43:55","2026-07-27 15:17:44"
245,247,アカリリス,アカリリス,"Red Squirrel",2,0,,https://www.d-quest-10.com/detail/a00415.html,/storage/images/monsters/245.webp,身体より大きいサイズのしっぽを持つリスの魔物。自慢のしっぽを振り回して痛恨の一撃を放ってくる。,本来しっぽは小さいのだが日々のお手入れによって毛に空気を含ませてフワフワにしているらしい。,"2026-03-12 13:43:57","2026-08-03 12:10:41"
246,248,どろにんぎょう,ドロニンギョウ,"Mud Mannequin",12,0,,https://www.d-quest-10.com/detail/a00413.html,/storage/images/monsters/246.webp,泥をこねて作られた人形が魔力を得て動きだしたもの。ふしぎなおどりを踊って敵のＭＰを下げるのが好き。,身体を作っている泥には保湿成分がふくまれておりおハダのカサカサを気にする魔物に引っぱりダコらしい。,"2026-03-12 13:44:00","2026-07-27 15:17:44"
247,249,ダークナイト,ダークナイト,"Invisible Swordsman",10,0,,https://www.d-quest-10.com/detail/a00160.html,/storage/images/monsters/247.webp,闇夜をさまよい歩いて死をもたらすという魔剣士。激しいいなずまを呼びよせて夜の静寂を引き裂く。,美しい女性を見つけるとマントの中に引き入れて連れさってゆくという。わる～いナイト様なのだ。,"2026-03-12 13:44:03","2026-07-27 15:17:44"
248,250,リュウイーソー,リュウイーソー,"Li'l Whizzer",7,0,,https://www.d-quest-10.com/detail/a00349.html,/storage/images/monsters/248.webp,仲間を呼び集め爆弾を落とすおそろしいモンスター。緑一色のボディがなんだかオリエンタルな雰囲気。,博打好きの旅人の間ではコイツが１４匹そろったときとてつもないことが起こるとささやかれている。,"2026-03-12 13:44:09","2026-07-27 15:17:44"
249,251,うみぼうず,ウミボウズ,Shipwrecker,7,0,,https://www.d-quest-10.com/detail/a00031.html,/storage/images/monsters/249.webp,沈没船からわきでてくる水死した人々の怨霊。突然目の前に現れるトリッキーな動きが得意。,真夏のリゾート地に現れては波とたわむれる恋人たちの足を引っ張るという。つらい過去があるらしい。,"2026-03-12 13:44:12","2026-07-27 15:17:44"
250,252,アサシンクロー,アサシンクロー,"Nail Blighter",9,0,,https://www.d-quest-10.com/detail/a00010.html,/storage/images/monsters/250.webp,人を襲うために生まれてきた凶悪な魔物界の暗殺者。鋭いツメでキズつけられるとまれに即死することも。,時々水辺に集まって水面から顔や足を出していっせいに踊っている。動きがズレるとダメらしい。,"2026-03-12 13:44:16","2026-07-27 15:17:44"
251,253,かえんムカデ,カエンムカデ,Grillerpillar,5,0,,https://www.d-quest-10.com/detail/a00049.html,/storage/images/monsters/251.webp,火山の中から生まれた真っ赤なムカデのモンスター。炎をはきちらす攻撃には文字通り手を焼くだろう。,あんまり炎をはきすぎると翌日ノドが痛くなる。そんなときは熱い溶岩をグイッとやると効くらしい。,"2026-03-12 13:44:18","2026-07-27 15:17:44"
252,254,ヘルゴースト,ヘルゴースト,Spitegeist,10,0,,https://www.d-quest-10.com/detail/a00278.html,/storage/images/monsters/252.webp,地獄で闇のチカラを蓄えて舞い戻ってきたゴースト。相手にラリホーマをかけ眠らせてから攻撃してくる。,ひさしぶりに戻ってきたら地獄帰りとおそれられ幽霊たちのカリスマとなった。ただいま自伝を執筆中。,"2026-03-12 13:44:21","2026-07-27 15:17:44"
253,255,ワイトキング,ワイトキング,"Wight King",10,0,,https://www.d-quest-10.com/detail/a00357.html,/storage/images/monsters/253.webp,死霊たちを統率する身の毛もよだつ亡霊王。ディバインスペルやマホトーンで妨害してくる。,死して後死霊の王にまでのぼりつめた成功者。皮肉にも彼は今まさに人生を謳歌している。,"2026-03-12 13:44:24","2026-07-27 15:17:44"
254,256,あやしいかげ,アヤシイカゲ,Shade,7,0,,https://www.d-quest-10.com/detail/a00423.html,/storage/images/monsters/254.webp,魔物たちの影から生まれると言われている。暗黒のきりで辺りを包み攻撃力や魔力を下げてくる。,本当の自分はいったい何者なのか……。いろんな影の形をマネしているうちに自分を見失いつつある。,"2026-03-12 13:44:30","2026-07-27 15:17:44"
255,257,ごろつき,ゴロツキ,Hood,8,0,,https://www.d-quest-10.com/detail/a00411.html,/storage/images/monsters/255.webp,いつも皆に迷惑をかける札付きのワル。テンション高めに暴れまわり痛恨の一撃まで放つ。,外では強気にふるまっているが家に帰ると鬼ヨメにいびられ子供にはジャマにされ肩身のせまい思いをしている。,"2026-03-12 13:44:33","2026-07-27 15:17:44"
256,258,こうていタップ,コウテイタップ,"Emperor Tapper",9,0,,https://www.d-quest-10.com/detail/a00098.html,/storage/images/monsters/256.webp,ド派手な毛皮に身を包んだタップ界のエンペラー。ラリホーマやマホトーンで華麗に幻惑してくるぞ。,金色の体毛は皇帝の証。激しいタップの摩擦により毛並がいたみ色が抜け黄金に輝きはじめるのだ。,"2026-03-12 13:44:37","2026-07-27 15:17:44"
257,259,マッシュスライム,マッシュスライム,Slimeshroom,1,0,,https://www.d-quest-10.com/detail/a00416.html,/storage/images/monsters/257.webp,身体にキノコを生やしたへんてこなスライム。マヌーサを唱えて,旅人を惑わせてくる。,"2026-03-12 13:44:40","2026-07-27 15:17:44"
258,260,ダーティラビッツ,ダーティラビッツ,"Bad Hare",2,0,,https://www.d-quest-10.com/detail/a00164.html,/storage/images/monsters/258.webp,元はふくめんバニーだったが闇の修行を経て黒い身体に。強烈な格闘ワザをしかける容赦ない平原の暗殺者。,暗闇の中で四方から襲いくるアイアンクックを倒すという闇の修行をこなしてきた。自爆に巻き込まれ黒コゲに。,"2026-03-12 13:44:44","2026-08-03 12:10:41"
259,261,かっちゅうアリ,カッチュウアリ,"Armoured Ant",5,0,,https://www.d-quest-10.com/detail/a00052.html,/storage/images/monsters/259.webp,敵の血を吸って戦いに挑む武装したモンスター。しっぽに爆弾を隠し持つ大胆不敵な兵隊アリ。,行列を作りながら仲間同士で歩いているときしっぽ爆弾を踏んでしまって大災害になることがある。,"2026-03-12 13:44:48","2026-07-27 15:17:44"
260,262,ヘルボックル,ヘルボックル,"Tree Feller",3,0,,https://www.d-quest-10.com/detail/a00428.html,/storage/images/monsters/260.webp,氷呪文による攻撃と回復呪文を使い分ける地獄出身の邪悪な妖精。気まぐれな性格の持ち主。,アタマの切り株は寝るときは外してマクラに。長いカミの毛にくるまって野宿でもバッチリ安眠。,"2026-03-12 13:44:50","2026-07-27 15:17:44"
261,263,うごくせきぞう,ウゴクセキゾウ,"Living Statue",12,0,,https://www.d-quest-10.com/detail/a00028.html,/storage/images/monsters/261.webp,巨大な石像に怨念が宿り邪悪な意志の下動きだした。巨体をゆすり振り上げた足で敵を踏みつける。,経年劣化によってポロポロとかかとの角質がはがれ気味。そんなときはばくだん岩でかかとをみがくという。,"2026-03-12 13:44:56","2026-07-27 15:17:44"
262,264,かげのきし,カゲノキシ,"Dark Skeleton",10,0,,https://www.d-quest-10.com/detail/a00050.html,/storage/images/monsters/262.webp,人の魂を刈り取るために地上をさまよう邪悪な亡霊。怒るとこちらの攻撃力を下げながら襲ってくる。,しりょうのきしの持つあまりに強い怨念が影に宿り持ち主の身体から離れて悪行をくりかえしている。,"2026-03-12 13:44:59","2026-07-27 15:17:44"
263,265,マッドルーパー,マッドルーパー,Axolotl,9,0,,https://www.d-quest-10.com/detail/a00315.html,/storage/images/monsters/263.webp,吸い込んだ砂をはきちらし大きな腹でのしかかってくるピンクの両生類モンスター。混乱攻撃にも注意しよう。,コイツの主食はズバリ砂。砂を食べてはフンをするので砂漠の緑化に使えないかと学者が注目しているという。,"2026-03-12 13:45:03","2026-07-27 15:17:44"
264,266,バルバロッサ,バルバロッサ,Orobas,4,0,,https://www.d-quest-10.com/detail/a00228.html,/storage/images/monsters/264.webp,地獄よりつかわされた恐怖の象徴たる青き悪魔。,イオナズンを使い辺りに破壊をまきちらすという。,"2026-03-12 13:45:06","2026-08-03 12:09:04"
265,267,マグマロン,マグマロン,"Live Lava",7,0,,https://www.d-quest-10.com/detail/a00307.html,/storage/images/monsters/265.webp,煮えたぎる溶岩からドロリと現れる無形の魔物。メラゾーマをはなって旅人を黒コゲにする。,火山の噴火に巻き込まれドロドロに溶けた人の怨霊。熱い熱いともだえながら足にすがりついてくる。,"2026-03-12 13:45:13","2026-07-27 15:17:44"
266,268,シールドオーガ,シールドオーガ,Escudogre,8,0,,https://www.d-quest-10.com/detail/a00121.html,/storage/images/monsters/266.webp,地獄の門がかたどられた大盾を手にしたモンスター。盾にほられた悪魔の顔がこごえるふぶきをはきだす。,このシールドオーガはあくまでモンスターであり実在するオーガ及び種族とは一切関係ありません。,"2026-03-12 13:45:19","2026-07-27 15:17:44"
267,269,ドッグラマッコイ,ドッグラマッコイ,Dogjamas,8,0,,https://www.d-quest-10.com/detail/a00198.html,/storage/images/monsters/267.webp,夢の世界からやってきた闇を操る邪悪な夢魔。コイツが投げるまくらに当たると呪われてしまう。,派手な色の寝間着とまくらがたいそうお気に入りの様子。こんな趣味の悪いものいったいどこで買ったのか。,"2026-03-12 13:45:22","2026-07-27 15:17:44"
268,270,ダークペルシャ,ダークペルシャ,Whiskamancer,2,0,,https://www.d-quest-10.com/detail/a00162.html,/storage/images/monsters/268.webp,美しい毛並みを誇る気高きネコの魔道士。みがきあげた熟練の技でイオナズンさえも操る。,もともと魔界の貴族に飼われていたペットだったが一念発起して自立を決意。すごい魔法使いに出世した。,"2026-03-12 13:45:25","2026-08-03 12:10:41"
269,271,アームライオン,アームライオン,Hellion,2,0,,https://www.d-quest-10.com/detail/a00003.html,/storage/images/monsters/269.webp,４本の腕と４本の足を持つどうもうな魔界獅子。チカラをためて鋭いツメで激しく切り裂いてくる。,右上の手はおはしを持つ手左上の手はお茶碗を持つ手右下の手は腕ずもう用の手左下の手はおしりをふく手。,"2026-03-12 13:45:28","2026-08-03 12:10:41"
270,272,アイスボンバー,アイスボンバー,"Frost Bomber",5,0,,https://www.d-quest-10.com/detail/a00005.html,/storage/images/monsters/270.webp,氷のかたまりを落としてくる虫型のモンスター。かみついた相手の魔力を吸いとるおそろしいヤツ。,クールなアイスボンバーは自分で氷を削って食べるほどかき氷が大好物らしい。ブルーハワイ味がお気に入り。,"2026-03-12 13:45:30","2026-07-27 15:17:44"
271,273,グール,グール,Ghoul,10,0,,https://www.d-quest-10.com/detail/a00081.html,/storage/images/monsters/271.webp,死んでも死にきれず世を恨み続けるアンデッド。あまい息や呪い攻撃などいやらしい攻撃が得意。,旅人を弱らせてジワジワと苦しむところを眺めるのが趣味らしい。性根までくさった連中だ。,"2026-03-12 13:45:34","2026-07-27 15:17:44"
272,274,ベビーサタン,ベビーサタン,Imp,4,0,,https://www.d-quest-10.com/detail/a00419.html,/storage/images/monsters/272.webp,魔界の将来をになうベビー。ちょっと背伸びしたい年頃でまだ使えない強力な呪文を唱えてみたりする。,生まれて間もない頃からメラを唱えてはヤケドしてピーピーと泣きじゃくりママを困らせていたという。,"2026-03-12 13:45:37","2026-08-03 12:09:04"
274,276,ナイトメーア,ナイトメーア,Nightmare,8,0,,https://www.d-quest-10.com/detail/a00211.html,/storage/images/monsters/274.webp,真紅のまくらを手にしたおそろしい悪夢の化身。魅惑のおどりとラリホーマで混乱の渦を巻き起こす。,血染めの真っ赤なまくらに頭をあずけて寝てしまうと血の海で溺れる夢から一生目覚めないという……。,"2026-03-12 13:45:43","2026-07-27 15:17:44"
275,277,コスモグール,コスモグール,"Cosmo Ghoul",8,0,,https://www.d-quest-10.com/detail/a00502.html,/storage/images/monsters/275.webp,月世界の民を油断させるため人に近い姿に作られた人造宇宙生命体。鋭いツメには様々な毒が仕込まれている。,製造者に芸術的センスが足りなかったせいか人の姿に似せるのはこれで限界だったらしい,"2026-03-12 13:45:46","2026-07-27 15:17:44"
276,278,ナイトキャット,ナイトキャット,"Night Cat",2,0,,https://www.d-quest-10.com/detail/a00210.html,/storage/images/monsters/276.webp,闇夜にまぎれて飛びまわり敵に奇襲をしかける羽を持ったネコの魔物。バギ系の呪文を得意とする。,いつも寝ぐせがひどく頭の先がとがるのを気にして寝るときはかならずナイトキャップをかぶる。,"2026-03-12 13:45:48","2026-08-03 12:10:41"
277,279,アイスコンドル,アイスコンドル,Chillanodon,6,0,,https://www.d-quest-10.com/detail/a00004.html,/storage/images/monsters/277.webp,太古の氷壁からよみがえった邪悪な青い翼竜。姿を見た者はこおりの息で魂までこごえさせるという。,長い間同じ姿勢のまま氷の中で眠ってたため最初はリューマチ気味でうまく飛べなかったらしい。,"2026-03-12 13:45:51","2026-07-27 15:17:44"
278,280,ひくいどり,ヒクイドリ,Firebird,6,0,,https://www.d-quest-10.com/detail/a00233.html,/storage/images/monsters/278.webp,溶岩を食べて生きている体内に高熱を秘めた魔鳥。はげしいほのおをはいてすべてを焼きつくす。,アイスボンバーお手製の大盛りかき氷を食べておなかを壊して以来冷たいものは食べなくなった。,"2026-03-12 13:45:57","2026-07-27 15:17:44"
279,281,さまようよろい,サマヨウヨロイ,"Restless Armour",12,0,,https://www.d-quest-10.com/detail/a00424.html,/storage/images/monsters/279.webp,古き時代の戦士のヨロイに魂が宿りさまよいだした。往年の剣技が染みついており痛恨の一撃を放ってくる。,ヨロイに宿る魔物としてはデビルアーマーの大先輩。でも後輩のモダンな装いにちょっぴり憧れている。,"2026-03-12 13:46:00","2026-07-27 15:17:44"
280,282,シルバーマント,シルバーマント,"Silver Cape",10,0,,https://www.d-quest-10.com/detail/a00138.html,/storage/images/monsters/280.webp,かつて栄華を誇ったとある王族の呪われし姿。剣のウデは一流であり刀身であらゆる攻撃を防ぐ。,とある国の王族の者は皆このマントを身につけた。布地は光を受けると満天の星空のように輝く。,"2026-03-12 13:46:03","2026-07-27 15:17:44"
281,283,ガニラス,ガニラス,"Handsome Crab",9,0,,https://www.d-quest-10.com/detail/a00053.html,/storage/images/monsters/281.webp,青いこうらに身を包む凶悪なカニの魔物。トゲだらけの大きなハサミで痛恨の一撃をくりだす。,青い身体で海にまぎれ何隻もの漁船を沈めたというおそるべき海の悪魔。漁村は大ピンチだ。,"2026-03-12 13:46:09","2026-07-27 15:17:44"
282,284,フレイムドック,フレイムドック,"Hot Dog",2,0,,https://www.d-quest-10.com/detail/a00267.html,/storage/images/monsters/282.webp,溶岩から生まれ火炎を食べて育ったといわれる紅の魔犬。辺りに炎をはきちらしては暴れまわるおそろしい猛獣。,コイツがカゼをひくとくしゃみやせきのたびに炎をまきちらすので誰もお見舞いに来てくれない。,"2026-03-12 13:46:15","2026-08-03 12:10:41"
283,285,オークキング,オークキング,"Orc King",2,0,,https://www.d-quest-10.com/detail/a00038.html,/storage/images/monsters/283.webp,得意のヤリを振り回しベホイミザオラルなど回復呪文も使ってくる。まさにオーク界の王者。,手下のオークがケガをすると気をつけやがれと怒鳴りつつベホイミをかけてくれる。素直じゃない性格の持ち主。,"2026-03-12 13:46:20","2026-08-03 12:10:41"
284,286,ウドラー,ウドラー,Treevil,3,0,,https://www.d-quest-10.com/detail/a00030.html,/storage/images/monsters/284.webp,いかつい顔をしているが頭に生えた魔界樹の葉で死んだ仲間を復活させるじつは優しいモンスター。,人間たちがウドの大木を役立たずの代名詞にしたことに腹を立てて魔物と化したウドの大木である。,"2026-03-12 13:46:29","2026-07-27 15:17:44"
285,287,ガルバ,ガルバ,Sootbonce,4,0,,https://www.d-quest-10.com/detail/a00058.html,/storage/images/monsters/285.webp,４つの目玉がギラギラ光るみにくき魔界の怪物。,仲間を呼び集めて獲物を囲み襲いかかる。,"2026-03-12 13:46:32","2026-08-03 12:09:04"
286,288,ゴルバ,ゴルバ,Smogbonnet,4,0,,https://www.d-quest-10.com/detail/a00107.html,/storage/images/monsters/286.webp,３つの目玉をギョロつかせた気味の悪い魔界の怪物。,"もうどくのきりや あまい息をよだれとともにたれながす。","2026-03-12 13:46:36","2026-08-03 12:09:04"
287,289,あくまのきし,アクマノキシ,"Knight Aberrant",4,0,,https://www.d-quest-10.com/detail/a00398.html,/storage/images/monsters/287.webp,悪魔に魂を売り闇のチカラを得た騎士。,ベホマスライムを呼ぶなどしたたかさもそなえている。,"2026-03-12 13:46:40","2026-08-03 12:09:04"
288,290,コスモスライム,コスモスライム,Cosmoslime,1,0,,https://www.d-quest-10.com/detail/a00504.html,/storage/images/monsters/288.webp,宇宙のあちこちに生息するスライムに似た宇宙生命体。仲間とテレパシーで通信し互いに協力しあって戦う。,"大きな頭部に見えるものはじつは 敵をだます飾り。無数の触手のひとつに脳や心臓が隠されている。","2026-03-12 13:46:43","2026-07-27 15:17:44"
289,291,ライノスキング,ライノスキング,Rhinocerex,2,0,,https://www.d-quest-10.com/detail/a00343.html,/storage/images/monsters/289.webp,並みいる敵をなぎ倒しながら自慢のオノを振り回す。怒るとチカラをためて攻撃するサイおとこ界のチャンプ。,よくちょっと強いからって天狗になるなと言われますがこれ鼻じゃなくてツノです。信じてくだサイ！,"2026-03-12 13:46:48","2026-08-03 12:10:41"
290,292,ナウマンボーグ,ナウマンボーグ,Naumannborg,2,0,,https://www.d-quest-10.com/detail/a00432.html,/storage/images/monsters/290.webp,多くの災いをもたらすため６本のウデをそなえた魔物。めいそうで自らを回復するストイックな一面もある。,じつは料理が趣味の家庭的なイケメン象。普通の３倍のスピードで絶品料理を作りあげる。,"2026-03-12 13:46:51","2026-08-03 12:10:41"
291,293,フライングデス,フライングデス,Terrornodon,6,0,,https://www.d-quest-10.com/detail/a00256.html,/storage/images/monsters/291.webp,死の世界からよみがえったおぞましい翼竜。悠然と空を舞い頭上からやみのブレスをはきかける。,上からの命令で冥界からこちらの世界に出向してきた。月に１回は妻子の待つ我が家に帰省するという。,"2026-03-12 13:46:54","2026-07-27 15:17:44"
292,294,ガーゴイル,ガーゴイル,Gargoyle,6,0,,https://www.d-quest-10.com/detail/a00431.html,/storage/images/monsters/292.webp,ズル賢く剣術にも秀でた魔王軍の突撃兵。ラリホーやマホトーンをあやつるのもお手のもの。,ガーゴイルの声はとんでもないガラガラ声。本人も気にしているらしく時々雨水でうがいをしてる。,"2026-03-12 13:46:56","2026-07-27 15:17:44"
293,295,てっこうまじん,テッコウマジン,"Bad Karmour",12,0,,https://www.d-quest-10.com/detail/a00185.html,/storage/images/monsters/293.webp,全身を黒い甲冑で包み魔界をうろつく死の魔人。捨て身のもろば斬りをはなち生者たちを道連れにする。,重厚なヨロイのせいで横になると起き上がれない。そのため疲れた時は立ったまま眠るのだという。,"2026-03-12 13:47:00","2026-07-27 15:17:44"
294,296,からくりしょうぐん,カラクリショウグン,Bamboolict,13,0,,https://www.d-quest-10.com/detail/a00056.html,/storage/images/monsters/294.webp,黄金に輝くヨロイはたけやりへいの将たる証。部下たちを鼓舞しては大合戦をくりひろげる。,竹林全土を支配する将軍だが地位を狙う者が後を絶たず反乱の鎮圧にいそがしい。安心して眠れる日は遠い。,"2026-03-12 13:47:05","2026-07-27 15:17:44"
295,297,ボーンファイター,ボーンファイター,"Zombie Gladiator",10,0,,https://www.d-quest-10.com/detail/a00297.html,/storage/images/monsters/295.webp,破壊のよろこびに目覚めた邪悪な戦士が魔物と化した。多彩な斬撃でなにもかも壊してしまおうとする。,なにゆえに生まれたか？なんのために生きるのか？それは俺の名に聞いてくれ。アイアムボーンファイター！,"2026-03-12 13:47:08","2026-07-27 15:17:44"
296,298,タッピツ仙人,タッピツセンニン,"Paintbrush Hermit",8,0,,https://www.d-quest-10.com/detail/a00552.html,/storage/images/monsters/296.webp,唯一召喚符の素材を落とすという謎の魔物仙人。,"強力な用心棒の陰に隠れており 本人はなかなか姿を見せない。","2026-03-12 13:47:10","2026-07-27 15:17:44"
297,299,ブラックマンティス,ブラックマンティス,"Black Mantis",5,0,,https://www.d-quest-10.com/detail/a00258.html,/storage/images/monsters/297.webp,攻撃力を下げたり毒に冒すイヤな液体をはなってくるカマキリの殺し屋。闇夜にまぎれ旅人を狙う。,修行の末きたえられた眼力は夜の真っ暗な地面に続くアリの行列も見逃さない。超高性能の暗視能力を誇る。,"2026-03-12 13:47:14","2026-07-27 15:17:44"
298,300,ろうごくのぬし,ロウゴクノヌシ,"Prison Leader",10,0,,https://www.d-quest-10.com/detail/a00356.html,/storage/images/monsters/298.webp,囚人たちを束ねていたボスが魔物としてよみがえった。旅人たちを死に追いやり手下を増やそうとしている。,左手に持つ大きなホネは代々牢獄を束ねる主に受け継がれていく由緒正しきホネである。,"2026-03-12 13:47:17","2026-07-27 15:17:44"
299,301,キラージャック,キラージャック,"Jugular Joker",8,0,,https://www.d-quest-10.com/detail/a00070.html,/storage/images/monsters/299.webp,ニタニタ笑いを絶やさない奇怪な血みどろピエロ。つるぎのまいを踊った後は辺り一面血の海となる。,犯罪史にその名を刻んだおそろしい大量殺人鬼。彼の大道芸を目にした者は誰ひとり生きて帰らない。,"2026-03-12 13:47:22","2026-07-27 15:17:44"
300,302,プークプック,プークプック,Satyr,8,0,,https://www.d-quest-10.com/detail/a00458.html,/storage/images/monsters/300.webp,羊を数えるようにのどかな笛の音色でこちらを眠らせるとてもやっかいな獣人。できるだけ早く倒そう。,伝説のモンスターバンド「ライトニング・デス」のメンバー募集に応募したが笛担当は求められてなかった。,"2026-03-12 13:47:25","2026-07-27 15:17:44"
301,303,デンタザウルス,デンタザウルス,Tortoceratops,2,0,,https://www.d-quest-10.com/detail/a00192.html,/storage/images/monsters/301.webp,鋭いトゲだらけの身体で守りを固めつつ激しく攻撃してくる攻防一体のいかつい怪獣。,身体を丸めて寝ているとたまに自分のトゲが刺さって飛び起きることがあるちょっとおマヌケな一面も。,"2026-03-12 13:47:28","2026-08-03 12:10:41"
302,304,キラーパンサー,キラーパンサー,"Great Sabrecat",2,0,,https://www.d-quest-10.com/detail/a00417.html,/storage/images/monsters/302.webp,狙った獲物は逃さない魔物界の一流ハンター。するどいキバとスピードで獲物を確実に仕留める。,多くの冒険者がなぜかキラーパンサーを見かけると勝手な名前で呼んでくるのでその度に困惑している。,"2026-03-12 13:47:32","2026-08-03 12:10:41"
303,305,テラノライナー,テラノライナー,Dragstar,11,0,,https://www.d-quest-10.com/detail/a00191.html,/storage/images/monsters/303.webp,クチから猛吹雪をはく二足歩行の恐竜。暴れまわって周囲の敵に大打撃を与える。,背にたくさんの魔物を乗せ遠くまで運ぶ乗り物的存在。ただ速いだけではなく乗り心地も抜群と評判高い。,"2026-03-12 13:47:34","2026-07-27 15:17:44"
304,306,ミスターガリック,ミスターガリック,"Garish Garlic",3,0,,https://www.d-quest-10.com/detail/a00512.html,/storage/images/monsters/304.webp,たまねぎマンが健康のためにニンニクを食べまくっていたら突然変異した。尋常ではない体臭で冒険者に立ちはだかる。,一戦交えただけで一週間はにおいが取れなくなるという。デート前の戦闘はなるべく避けたほうがいいだろう。,"2026-03-12 13:47:37","2026-07-27 15:17:44"
305,307,パペットマン,パペットマン,"Magic Marionette",12,0,,https://www.d-quest-10.com/detail/a00434.html,/storage/images/monsters/305.webp,持ち主の人形使いに捨てられあてもなくさまよう人形。ふしぎなおどりの他にスクルトの呪文も使いこなす。,かつては多彩な芸を見せて子供たちを楽しませていた。その頃をなつかしんでしきりに踊りを見せつける。,"2026-03-12 13:47:40","2026-07-27 15:17:44"
306,308,エンタシスマン,エンタシスマン,"Prancing Pillar",12,0,,https://www.d-quest-10.com/detail/a00436.html,/storage/images/monsters/306.webp,魔物と化してクネクネと動きまわるようになった石柱。手にしたたいまつを使ってメラミの呪文を唱えてくる。,かつては神殿を支える柱の一本だったがあまりの重さに耐えかねて神殿を抜けだし自由を得ることに成功した。,"2026-03-12 13:47:43","2026-07-27 15:17:44"
307,309,ルバンカ,ルバンカ,"Face Invader",13,0,,https://www.d-quest-10.com/detail/a00352.html,/storage/images/monsters/307.webp,カラフルなツノをかかげた魔物のシャーマン。砂を巻き上げ炎を起こし儀式のように戦闘する。,人目につかない洞くつで夜な夜な儀式を行うらしい。邪悪な心を持つ精霊を召喚しているのだとか……。,"2026-03-12 13:47:46","2026-07-27 15:17:44"
308,310,ヘルビースト,ヘルビースト,Sculptrice,4,0,,https://www.d-quest-10.com/detail/a00282.html,/storage/images/monsters/308.webp,悪魔を模した石像に魂が宿り動きだした。マヒャドを唱えて敵の身体を粉砕する。,もとは魔除けのために作られた石像だったのだが邪悪な魂を吹き込まれ悪の先兵となってしまった。,"2026-03-12 13:47:49","2026-08-03 12:09:04"
309,311,コスモアイ,コスモアイ,"Lunar Lunatick",5,0,,https://www.d-quest-10.com/detail/a00503.html,/storage/images/monsters/309.webp,自在に宇宙空間を遊泳する宇宙生命体。巨大な目玉から発せられる怪光線で獲物の息の根を止めるのだ。,他の宇宙生命体の身体にひそかに卵を産み付けその肉を養分として繁殖するおそろしい生態を持つ。,"2026-03-12 13:47:52","2026-07-27 15:17:44"
310,312,バトルレックス,バトルレックス,Hacksaurus,11,0,,https://www.d-quest-10.com/detail/a00420.html,/storage/images/monsters/310.webp,戦うためだけに生まれてきた血気さかんなドラゴン。オノ攻撃に気を取られるとはき出す炎にやられるぞ。,子供の頃にオノを与えられ振り回す修行を続けてきた。最初は持ち上げられずに引きずってばかりだったとか。,"2026-03-12 13:47:55","2026-07-27 15:17:44"
311,313,ホークブリザード,ホークブリザード,Snowbird,6,0,,https://www.d-quest-10.com/detail/a00293.html,/storage/images/monsters/311.webp,極寒の地で産声をあげた死の呪文を操る魔鳥。こごえるふぶきをはいてすべてを氷づけにする。,"ホークブリザードの吹雪で人は眠るように死ぬという。それを皮肉って ある詩人はしあわせの青い鳥と呼んだ。","2026-03-12 13:47:58","2026-07-29 10:30:08"
312,314,やみしばり,ヤミシバリ,"Hellbound Horror",12,0,,https://www.d-quest-10.com/detail/a00433.html,/storage/images/monsters/312.webp,こちらの動きを遅くしたり眠りに誘ってきたり人の足を引っ張るのが得意なくら～いヤツ。,しばりプレイが大好きという奇特なモンスター。あえて自分自身をしばって生きることに挑戦している。,"2026-03-12 13:48:01","2026-07-27 15:17:44"
313,315,デビルアーマー,デビルアーマー,Harmour,12,0,,https://www.d-quest-10.com/detail/a00187.html,/storage/images/monsters/313.webp,野ざらしの死者のヨロイに怨念が取り憑き動きだした。多様な剣技を使いこなし痛恨の一撃をもくりだす。,ヨロイの色が左右で違うのは半分だけ埋まった状態で長い間雨ざらしになって半分だけさびたためらしい。,"2026-03-12 13:48:04","2026-07-27 15:17:44"
314,316,キラーマシン,キラーマシン,"Killing Machine",13,0,,https://www.d-quest-10.com/detail/a00076.html,/storage/images/monsters/314.webp,獲物を求め永遠に動き続ける残虐な殺りくマシン。破壊に特化した設計によってすばやく２回攻撃する。,からくり仕掛けの体内に永久機関を内蔵しているが目玉の赤ランプは交換式。寿命が近いと光が弱くなる。,"2026-03-12 13:48:07","2026-07-27 15:17:44"
315,317,バアルゼブブ,バアルゼブブ,Baalzebub,4,0,,https://www.d-quest-10.com/detail/a00220.html,/storage/images/monsters/315.webp,"人の魂を刈り 魔王に捧げるおそろしい 魔界の天才児。かなしばりで自由をうばい氷の呪文で息の根を止める。","じつは 甘い物に目がなく特にソーダが大好物。ソーダさえあれば ご飯を３杯食べられるという。","2026-03-12 13:48:11","2026-08-03 12:09:04"
316,318,デザートガルバ,デザートガルバ,Sandbonce,4,0,,https://www.d-quest-10.com/detail/a00518.html,/storage/images/monsters/316.webp,"砂漠のキャラバンを襲うことを生きがいとしている無法者。大勢の仲間を呼んでエモノを包囲するのが 得意のやり口。","意外にも人望が厚く砂漠の悪い奴は大体トモダチ。だから どんな状況でもすぐに仲間が駆けつけてくれるのだ。","2026-03-12 13:48:14","2026-08-03 12:09:04"
317,319,デザートゴルバ,デザートゴルバ,Dirtbonnet,4,0,,https://www.d-quest-10.com/detail/a00517.html,/storage/images/monsters/317.webp,砂漠のオアシスを発見してはやけつくいきで干上がらせる。そうやって旅人を困らせるのが彼のライフワークなのだ。,"オアシスの水面に映った姿がみにくかったことに腹を立てオアシスを憎むようになった。なんとも 迷惑な話である。","2026-03-12 13:48:17","2026-08-03 12:09:04"
318,320,亡者のひとだま,モウジャノヒトダマ,"Dead Man's Soul",7,0,,https://www.d-quest-10.com/detail/a00516.html,/storage/images/monsters/318.webp,死の呪文にこだわりのあるなんともタチの悪い亡霊。いわくザラキはさっぱり味。ザラキーマはこってり味。,ブリザードのやつにザラキを教えたのは自分だ！などと言っているがひとだまだけに人をダマすのも得意なようだ。,"2026-03-12 13:48:19","2026-07-27 15:17:44"
319,321,シュプリンガー,シュプリンガー,"Mandrake Marshal",11,0,,https://www.d-quest-10.com/detail/a00135.html,/storage/images/monsters/319.webp,ドラゴンの魔法戦士。５種類すべてのフォースをあざやかに使いこなし剣のさばきも超一流。,ダーマ神官をとっつかまえてむりやり転職させてもらった元リザードマンの栄光の姿。想い続ければ夢はかなう！,"2026-03-12 13:48:22","2026-07-27 15:17:44"
320,322,ひとくいばこ,ヒトクイバコ,Cannibox,12,0,,https://www.d-quest-10.com/detail/a00243.html,/storage/images/monsters/320.webp,宝箱のフリをして旅人を待ち開けた者に奇襲をしかける。逃げることさえ許さずしつこく死へといざなう。,あまりに旅人が来ないとヒマすぎてうっかりベロンと舌を出したまま寝てしまうことがある。,"2026-03-12 13:48:25","2026-07-27 15:17:44"
321,323,プリーストナイト,プリーストナイト,"Priest Knight",4,0,,https://www.d-quest-10.com/detail/a00426.html,/storage/images/monsters/321.webp,邪神に仕える闇の騎士が魔界より推参した。邪神の加護を発揮して回復呪文を使いこなす。,生まじめな性格がたたってプリーストなのかナイトなのか自分のアイデンティティに悩んでいるというウワサ。,"2026-03-12 13:48:29","2026-08-03 12:09:04"
322,324,シルバーデビル,シルバーデビル,Silvapithecus,4,0,,https://www.d-quest-10.com/detail/a00137.html,/storage/images/monsters/322.webp,銀色の体毛を持つ悪魔。ギガデインをはなちあまい息で眠りをもたらすずるがしこいヤツ。,"美しい銀の毛皮は吸水性に 優れており最高級のバスローブの材料に使われることもあるらしい。","2026-03-12 13:48:32","2026-08-03 12:09:04"
323,325,ぬかどこスライム,ヌカドコスライム,"Mouldy Slime",1,0,,https://www.d-quest-10.com/detail/a00443.html,/storage/images/monsters/323.webp,"廃棄された ぬかどこに怨念が宿って 動きだした。メダパニーマを唱えて思考をぬか漬けにしてくる。","昔は おばあさんに作られた立派な ぬかどこだった。腐ってしまった今もおばあさんのことを思いだす。","2026-03-12 13:48:35","2026-07-27 15:17:44"
324,326,ウイングタイガー,ウイングタイガー,"Missing Lynx",2,0,,https://www.d-quest-10.com/detail/a00026.html,/storage/images/monsters/324.webp,悪魔のような翼の生えたトラに似た凶暴な魔獣。鋭い牙でかみつかれると身体がマヒしてしまう。,人間の子供を拾ってきて育てたという記録がある。その子供はトラの毛皮をかぶる男に成長したらしい。,"2026-03-12 13:48:38","2026-08-03 12:10:41"
325,327,太古のぬし,タイコノヌシ,Gnubie,2,0,,https://www.d-quest-10.com/detail/a00166.html,/storage/images/monsters/325.webp,人間が生まれる前から存在したいにしえの魔獣。不用意に近づいた相手を突きとばす習性を持つ。,はるか昔この世界は太古のぬしが席巻していた。今は環境に適応した者だけがかろうじて生き残っている。,"2026-03-12 13:48:41","2026-08-03 12:10:41"
326,328,ホラービースト,ホラービースト,Grrrgoyle,2,0,,https://www.d-quest-10.com/detail/a00303.html,/storage/images/monsters/326.webp,この悪魔ににらまれたら身体がマヒして動けなくなってしまう。人の心に潜む恐怖の化身。,空想上のおそろしい魔物が人々のウワサとして広まりとうとう具現化した。ほらーあなたの後ろにも…！,"2026-03-12 13:48:44","2026-08-03 12:10:41"
327,329,イーグルデビル,イーグルデビル,"Eagle Devil",6,0,,https://www.d-quest-10.com/detail/a00520.html,/storage/images/monsters/327.webp,ガーゴイルたちを従える黒き翼の高貴なる悪魔。バイキルトを駆使して強烈な剣技をくりだす。,高貴なる悪魔と名乗っているがじつは長生きしたホークマン。富と名声を手に入れた今いっそうワガママな性格に。,"2026-03-12 13:48:48","2026-07-27 15:17:44"
328,330,スパイクヘッド,スパイクヘッド,"Spike Head",12,0,,https://www.d-quest-10.com/detail/a00445.html,/storage/images/monsters/328.webp,バイキルトで攻撃力を高めた後アタマのトゲトゲをぶつけて大きなダメージを狙ってくるたいへん物騒な魔物。,手までトゲトゲなのでパッと見は不便そうだがじつはおハシのように使えるので意外と便利。,"2026-03-12 13:48:51","2026-07-27 15:17:44"
329,331,フラワーゾンビ,フラワーゾンビ,"Wailin' Weed",10,0,,https://www.d-quest-10.com/detail/a00429.html,/storage/images/monsters/329.webp,病で死んでいった人々の苦しみをチカラに変え呪いのうたを歌い上げる恨み節シンガー。,ドライフラワーに悪霊が宿り魔物と化したらしい。ドライな身体にウェットな性格意外性に満ちた存在。,"2026-03-12 13:48:54","2026-07-27 15:17:44"
330,332,アンゴラモーア,アンゴラモーア,"Angola Faun",8,0,,https://www.d-quest-10.com/detail/a00511.html,/storage/images/monsters/330.webp,恐怖の大王の使いとして人々に恐れられる悪魔。メラゾーマのすさまじい威力はまさに恐怖そのものである。,予言者プクトラダムスによれば終末の日に角笛を吹き鳴らし皆に世界の終焉を告げるとか。本人はそんなこと知らない。,"2026-03-12 13:48:57","2026-07-27 15:17:44"
331,333,ヘルシーサー,ヘルシーサー,"King Foo Dog",2,0,,https://www.d-quest-10.com/detail/a00280.html,/storage/images/monsters/331.webp,悪霊を追い払うはずの聖獣が闇にとらわれ魔獣に堕ちた。テンションを高めながら破壊をまきちらす。,聖獣としての格を失って人々に嫌われるようになったがそんなことは気にしない。なんくるないさー。,"2026-03-12 13:49:01","2026-08-03 12:10:41"
332,334,フォレストドラゴ,フォレストドラゴ,"Lumbering Lizard",11,0,,https://www.d-quest-10.com/detail/a00414.html,/storage/images/monsters/332.webp,背中に樹木を生やした太古から生きるドラゴン。戦いの最中にキズつくと葉を食べて回復する。,はるか昔背中のうろこの間に鳥が落とした木の実が芽吹きやがて立派な樹に育った。まさに大自然の神秘である！,"2026-03-12 13:49:04","2026-07-27 15:17:44"
333,335,ビッグモアイ,ビッグモアイ,"Mad Moai",12,0,,https://www.d-quest-10.com/detail/a00239.html,/storage/images/monsters/333.webp,魂を得て魔物となったしかめっ面の石像。ランドインパクトで大地を震わせる。,魔界で待ち合わせの目印に使われていた石像。約束の時間に来ないとコイツにつぶされる。,"2026-03-12 13:49:09","2026-07-27 15:17:44"
334,336,しにがみきぞく,シニガミキゾク,"Bone Baron",10,0,,https://www.d-quest-10.com/detail/a00128.html,/storage/images/monsters/334.webp,血で血を洗いのしあがった呪われし貴族の亡霊。闇の呪文ドルクマを唱え旅人の魂を刈ってゆく。,新月の真っ暗な夜に死神の夜会を開くという。血染めのタキシードで着飾り死の舞踏を踊るのだ……。,"2026-03-12 13:49:12","2026-07-27 15:17:44"
335,337,タタリ御前,タタリゴゼン,"Cursed Crooner",10,0,,https://www.d-quest-10.com/detail/a00515.html,/storage/images/monsters/335.webp,ただならぬ怨念を漂わせる正体不明のまがまがしき者。聞くもおぞましい呪いの歌を絶唱しながら襲いかかる。,いけにえに捧げられた者の怨念だとか自分を裏切った男を探しているとかその正体には諸説あるがどれも根拠不足。,"2026-03-12 13:49:14","2026-07-27 15:17:44"
336,338,アサシンブラッド,アサシンブラッド,"Hellbound Hunter",12,0,,https://www.d-quest-10.com/detail/a00421.html,/storage/images/monsters/336.webp,闇のチカラに魅入られし血塗られた暗殺者。眠らせた相手にさみだれうちでとどめを刺すのが得意。,なぜか高い所から飛び降りるのが大好きで休日には遠出してバンジージャンプを楽しむ。,"2026-03-12 13:49:17","2026-07-27 15:17:44"
337,339,リビングスタチュー,リビングスタチュー,"Sculpture Vulture",12,0,,https://www.d-quest-10.com/detail/a00347.html,/storage/images/monsters/337.webp,邪悪な呪術師たちによって生を受けた彫像。心まで凍りつかせるすさまじい息をはく。,魔界のとあるお城の居間に飾られていた不気味な像。悪趣味な城主のせいで紫色に塗りたくられた。,"2026-03-12 13:49:21","2026-07-27 15:17:44"
338,340,デュランダル,デュランダル,A3G15,13,0,,https://www.d-quest-10.com/detail/a00522.html,/storage/images/monsters/338.webp,ある戦い好きの大魔族が自らの練習相手とするため作らせたという機械兵士。戦闘能力の高さは折紙つき。,彼を作らせた大魔族はその性能に満足して自分の名前をこの機械兵士に与えたと言われている。,"2026-03-12 13:49:24","2026-07-27 15:17:44"
339,341,ミイラ男,ミイラオトコ,"Mummy Boy",10,0,,https://www.d-quest-10.com/detail/a00422.html,/storage/images/monsters/339.webp,全身ほうたいの魔物。怨念が込められた攻撃をその身にくらうと呪いにかかってしまう。,女性もミイラ男と名乗るのを強制されるのはおかしい！ミイラ界ではミイラ女性による改名運動が起きている。,"2026-03-12 13:49:28","2026-07-27 15:17:44"
340,342,サイクロプス,サイクロプス,Cyclops,4,0,,https://www.d-quest-10.com/detail/a00109.html,/storage/images/monsters/340.webp,鉄柱をへし折る怪力が自慢の凶悪なひとつ目巨人。丸太の棍棒をブン回し痛恨の一撃を狙ってくる。,凶悪な見た目とは裏腹に自然を愛するロハスな巨人。じんめんじゅの保護活動も地道におこなっているとか。,"2026-03-12 13:49:30","2026-08-03 12:09:04"
341,343,シャドー,シャドー,Shadow,7,0,,https://www.d-quest-10.com/detail/a00442.html,/storage/images/monsters/341.webp,影よりも暗い闇の底からあふれ出るという魔物。こごえるふぶきやヒャダルコで旅人を氷づけにする。,明るい性格に生まれ変わろうと太陽の下に出てみたら身体が消滅しそうになった。もっと根暗な性格になった。,"2026-03-12 13:49:33","2026-07-27 15:17:44"
342,344,ブルーミンクス,ブルーミンクス,"Blue Mink",2,0,,https://www.d-quest-10.com/detail/a00439.html,/storage/images/monsters/342.webp,青き毛皮をまとったしなやかな小動物の魔獣。ボミオスですばやさを下げて用心深く襲いかかる。,かつて大海原を渡りウェナ諸島の猫島に乗り込んである巨猫族のヒゲを引き抜き生還したという武勇伝を持つ。,"2026-03-12 13:49:36","2026-08-03 12:10:41"
343,345,スカルゴン,スカルゴン,Skelegon,11,0,,https://www.d-quest-10.com/detail/a00142.html,/storage/images/monsters/343.webp,白骨になったドラゴンが魔瘴のチカラで復活した。あの世で食らった魂を吹雪に変えてはきちらす。,骨だけの身体のため痛みは感じないのだがなにぶん死んでいるので光の呪文は骨身にしみる。,"2026-03-12 13:49:39","2026-07-27 15:17:44"
344,346,マジックアーマー,マジックアーマー,Charmour,12,0,,https://www.d-quest-10.com/detail/a00310.html,/storage/images/monsters/344.webp,禁じられた黒魔術によって命を与えられた魔のヨロイ。多彩なフォースを駆使してあざやかに敵を討つ。,名高いまほうのよろいは自分をモデルにして作られたとなぜか思い込んでいる。そっとしておいてあげよう。,"2026-03-12 13:49:42","2026-07-27 15:17:44"
345,347,ゴードンヘッド,ゴードンヘッド,"Mega Moai",12,0,,https://www.d-quest-10.com/detail/a00100.html,/storage/images/monsters/345.webp,火山の岩を削りだし呪術師たちが作りあげたいかめしい岩石の魔物。巨大なクチから炎をはく。,以前は全身像だったが頭の重さで首から折れた。首から下の身体の部分はその時くずれて粉々に……。,"2026-03-12 13:49:45","2026-07-27 15:17:44"
346,348,悪鬼丸,アッキマル,"Bad Mummy",10,0,,https://www.d-quest-10.com/detail/a00514.html,/storage/images/monsters/346.webp,生前は非道の限りを尽くす悪鬼のような野武士だった。今もこりずに人を呪って悪逆非道にすごしている。,武士道とは死ぬことと見つけたりと言うがこいつは不死道とは死なぬことと見つけたりとうそぶいている。,"2026-03-12 13:49:48","2026-07-27 15:17:44"
347,349,くものきょじん,クモノキョジン,"Cloud Surfer",4,0,,https://www.d-quest-10.com/detail/a00427.html,/storage/images/monsters/347.webp,雲の中から生まれたという自由気ままな人型の魔物。かまいたちをあやつってうれしげに人を切りきざむ。,いつも雲に乗って移動するため運動不足になりがちで最近メタボを気にしている。バトルでメタボ解消を目指す！,"2026-03-12 13:49:51","2026-08-03 12:09:04"
348,350,ミニデーモン,ミニデーモン,Minidemon,4,0,,https://www.d-quest-10.com/detail/a00486.html,/storage/images/monsters/348.webp,魔界のエリートの家に生まれ英才教育を受けた魔族の子供。無邪気な笑顔で楽しそうにかがやく息をはきちらす。,子供ながらにフォークを器用に使って食事する辺り育ちのよさを感じさせる。ただしハシは全然使えない。,"2026-03-12 13:49:58","2026-08-03 12:09:04"
349,351,みずたまドラゴン,ミズタマドラゴン,"Polka Dot Dragon",11,0,,https://www.d-quest-10.com/detail/a00319.html,/storage/images/monsters/349.webp,かみなり雲にすむという水玉模様のカエルドラゴン。ひかりのブレスをはいて旅人たちにその威光を示す。,みずたまドラゴンが耳飾りを３回鳴らしたら雨が降るんだよとおばあちゃんが言っていた。,"2026-03-12 13:50:01","2026-07-27 15:17:44"
350,352,れんごくちょう,レンゴクチョウ,Hybird,6,0,,https://www.d-quest-10.com/detail/a00355.html,/storage/images/monsters/350.webp,煉獄を飛ぶといわれる極彩色の美しい魔鳥。しゃくねつやドルマドンを容赦なく乱れ打つ。,れんごくちょうの羽根を大切に持っていると好きな人と結ばれるという不思議なジンクスがある。,"2026-03-12 13:50:04","2026-07-27 15:17:44"
351,353,なげきムーン,ナゲキムーン,"Mourning Moon",12,0,,https://www.d-quest-10.com/detail/a00430.html,/storage/images/monsters/351.webp,月から落ちてきたとウワサされる不思議な魔物。ズッシードを唱えて星のごとく重力をあやつる。,たったひとりで夜空をさまよいつづける月の地上に落ちた涙のしずくがなげきムーンだといわれる。,"2026-03-12 13:50:09","2026-07-27 15:17:44"
352,354,じごくのつかい,ジゴクノツカイ,Whackolyte,4,0,,https://www.d-quest-10.com/detail/a00125.html,/storage/images/monsters/352.webp,"地獄から つかわされたおそろしく強い魔界の参謀。魔王の軍団 ベホマでいやしはむかう敵にメラゾーマ！","魔物を強く育てあげる鬼教官として知られている。呪文を唱える前と後にサーと言え スライムども！","2026-03-12 13:50:16","2026-08-03 12:09:04"
353,355,ブラックチャック,ブラックチャック,"Dark Brownie",8,0,,https://www.d-quest-10.com/detail/a00459.html,/storage/images/monsters/353.webp,巨大かつ凶悪なこんぼうをテンションを上げながらブンブン振り回す陽気でちから持ちな邪妖精。,つぶらなおめめがチャームポイントと自称するが黒いボディに紛れてしまい実際はよくわからない。,"2026-03-12 13:50:19","2026-07-27 15:17:44"
354,356,まいまいテイル,マイマイテイル,"Snaily Tail",2,0,,https://www.d-quest-10.com/detail/a00464.html,/storage/images/monsters/354.webp,カタツムリのように巻かれた巨大なシッポを持つ魔獣。さそうおどりに釣られると痛恨の一撃でガブリだ！,びっくりするとしっぽの中に身を隠してしまう姿がカタツムリに似ているのでまいまいの名前が付けられた。,"2026-03-12 13:50:22","2026-08-03 12:10:41"
355,357,スノーエルダー,スノーエルダー,"Snow Elder",11,0,,https://www.d-quest-10.com/detail/a00510.html,/storage/images/monsters/355.webp,雪深い山奥に生息する古代竜。かがやく息マヒャデドスなど絶対零度の吹雪攻撃ですべてを凍てつかせる。,雪山でスキーを楽しもうと小高い丘に登ったらスノーエルダーの背中の上だったという事件があった。,"2026-03-12 13:50:25","2026-07-27 15:17:45"
356,358,ソードフライヤー,ソードフライヤー,Goregoyle,6,0,,https://www.d-quest-10.com/detail/a00460.html,/storage/images/monsters/356.webp,空を自在に飛びまわり混乱をまき散らす悪魔。バギクロスを唱えて巨大な竜巻を起こす。,汚れたガーゴイルなのでは？という説があるがソードフライヤー本人はかたくなに否定している。,"2026-03-12 13:50:28","2026-07-27 15:17:45"
357,359,じごくのよろい,ジゴクノヨロイ,"Infernal Armour",12,0,,https://www.d-quest-10.com/detail/a00435.html,/storage/images/monsters/357.webp,地獄で大量生産されている邪悪な意思を持つよろい。いかずちを呼び寄せ辺り一帯を黒コゲにする。,じごくのよろいを装備した者は心と身体を乗っ取られ魔王の下僕として永遠に動きつづけるという。,"2026-03-12 13:50:33","2026-07-27 15:17:45"
358,360,キラーデーモン,キラーデーモン,"Demon Steward",4,0,,https://www.d-quest-10.com/detail/a00072.html,/storage/images/monsters/358.webp,地獄から現世へと飛来し災厄をもたらす大悪魔。ラリホーマを唱えて永遠の眠りへといざなう。,魔物サッカー界では有名なゴールキーパーだという。シュートを止めたときに得意のドヤ顔を見せるのだ。,"2026-03-12 13:50:36","2026-08-03 12:09:04"
359,361,ウィングデビル,ウィングデビル,Aggrosculpture,4,0,,https://www.d-quest-10.com/detail/a00027.html,/storage/images/monsters/359.webp,大きな翼をひるがえし地上に降り立った悪魔。爆発の呪文を唱えて破滅をもたらすのが楽しみ。,魔物サッカー界では左右のウィングを担当。上空からありえない角度で的確にゴールを決める。,"2026-03-12 13:50:39","2026-08-03 12:09:04"
360,362,こんぶ大将,コンブタイショウ,Caterwaulin',9,0,,https://www.d-quest-10.com/detail/a00441.html,/storage/images/monsters/360.webp,数千匹のこんぶ魔物を配下に置くこんぶ界の大物。威厳に満ちたバリトンで仲間のハートに火をつける。,海草士官学校を首席卒業。多くの戦いで手柄を重ねライバルとの出世競争に勝ちついに大将にまで昇進した。,"2026-03-12 13:50:42","2026-07-27 15:17:45"
361,363,ゲノミー,ゲノミー,Crankiid,9,0,,https://www.d-quest-10.com/detail/a00625.html,/storage/images/monsters/361.webp,"世界中のあらゆる場所で イカつい魔物の影に そっと現れる謎のイカベビー。 ゼルメアの聖紋を落とす。","持っているゼルメアの聖紋は 世界宿屋協会の船を襲い 奪っていったものだ。 目的は明らかになっていない。","2026-03-12 13:50:46","2026-07-29 10:33:58"
362,364,ケツァルコアトルス,ケツァルコアトルス,Quetzalcoatlus,6,0,,https://www.d-quest-10.com/detail/a00095.html,/storage/images/monsters/362.webp,かつて神とあがめられた金色の身体を持つ翼竜の王。炎を激しくはきちらしイオナズンを使いこなす。,太陽から生まれたというある部族が残した伝承がありいつか太陽が滅びるとき共に滅びるといわれている。,"2026-03-12 13:50:48","2026-07-27 15:17:45"
363,365,ヒイラギどうじ,ヒイラギドウジ,"Holly Oliver",3,0,,https://www.d-quest-10.com/detail/a00470.html,/storage/images/monsters/363.webp,強力な氷呪文を使う上にふしぎなおどりを踊ったりザオラルまでも唱えるマルチな才能を持つ妖精。,１００年を経たヒイラギに邪悪な霊魂が宿り生まれた。元がヒイラギなだけにひどくトゲトゲしい性格。,"2026-03-12 13:50:52","2026-07-27 15:17:45"
364,366,ミステリピラー,ミステリピラー,"Cavorting Column",12,0,,https://www.d-quest-10.com/detail/a00482.html,/storage/images/monsters/364.webp,意思を持って動きまわるあやしげな石柱の魔物。長いウデと身体を使った足ばらいには注意しよう。,邪教の神殿を支える柱が魂を宿らせ動きだした。邪神の教えを広めるため自ら布教活動に乗りだす。,"2026-03-12 13:50:55","2026-07-27 15:17:45"
365,367,メッサーラ,メッサーラ,Samigina,4,0,,https://www.d-quest-10.com/detail/a00331.html,/storage/images/monsters/365.webp,闇の中から悠然と現れた魔王の信頼厚い赤き悪魔。すべてが消しズミになるまでメラゾーマを唱えてくる。,魔王のために戦うことを誇りに思っている大悪魔。血のように紅い身体は純血の魔族たる証なのだ。,"2026-03-12 13:50:59","2026-08-03 12:09:04"
366,368,ドルマージュ,ドルマージュ,Zamtasm,7,0,,https://www.d-quest-10.com/detail/a00452.html,/storage/images/monsters/366.webp,闇の呪文ドルマドンから生まれた邪悪な幽鬼体。最も得意とする呪文は当然ながらドルマドンだ。,失敗作のメラゴーストとは違い魔界選りすぐりの魔術師たちの最上位の闇呪文から生じたエリートな亡霊なのだ！,"2026-03-12 13:51:04","2026-07-27 15:17:45"
367,369,アモデウス,アモデウス,Amodeus,8,0,,https://www.d-quest-10.com/detail/a00012.html,/storage/images/monsters/367.webp,血と音楽をこよなく愛する芸術家きどりの大悪魔。さまざまな技を自在に操り惨劇を美しくいろどる。,トロル軍団を鼓舞するために勇壮な『トロル行進曲』を一晩で作曲したらしい。天性の音楽センスを持つ。,"2026-03-12 13:51:08","2026-07-27 15:17:45"
368,370,ギガントヒルズ,ギガントヒルズ,Drakularge,11,0,,https://www.d-quest-10.com/detail/a00061.html,/storage/images/monsters/368.webp,丘に見紛うほど大きく丸々と肥えたドラゴン。巨体で飛び跳ねてじひびきを発生させる。,ぽよぽよのおなかに金塊をたんまり隠していてある塔の上で同族たちとリッチに暮らしているとか。,"2026-03-12 13:51:11","2026-07-27 15:17:45"
369,371,せつげんりゅう,セツゲンリュウ,Tundragster,11,0,,https://www.d-quest-10.com/detail/a00157.html,/storage/images/monsters/369.webp,獲物を探して雪原をひた走る純白のドラゴン。かがやく息をはいてすべてを凍りつかせる。,その姿を見た者がいないため雪山で災害が起こったときはせつげんりゅうが現れた！と騒がれおそれられる。,"2026-03-12 13:51:14","2026-07-27 15:17:45"
370,372,パンプキッズ,パンプキッズ,Pumpkid,3,0,,https://www.d-quest-10.com/detail/a00467.html,/storage/images/monsters/370.webp,ふしぎなおどりやメダパニダンスなどたくみなステップで相手をほんろうして戦う。,恥ずかしくて人前でダンスがおどれなかったパンプキッズ。ある日カボチャで顔を隠せばハジけられる自分に気付いた。,"2026-03-12 13:51:16","2026-07-27 15:17:45"
371,373,まおうのつかい,マオウノツカイ,Demon-at-arms,10,0,,https://www.d-quest-10.com/detail/a00305.html,/storage/images/monsters/371.webp,あらゆる武器を使いこなす魔王の忠実なるしもべ。しゃくねつとマヒャドで辺り一帯は地獄と化す。,はじめての任務は村ひとつ滅ぼしてくることだった。それを果たすとはじめて魔王の側近に任じられる。,"2026-03-12 13:51:22","2026-07-27 15:17:45"
372,374,モヒカント,モヒカント,Mohawker,2,0,,https://www.d-quest-10.com/detail/a00437.html,/storage/images/monsters/372.webp,真っ赤なモヒカンを逆立てたファンキーな獣人。ばくれつけんで威圧しつつ堂々とベホマラーを唱える。,自慢のモヒカンを失うと方向感覚が失われモヒカントは死んでしまう。モヒカンは命よりも重い。,"2026-03-12 13:51:25","2026-08-03 12:10:41"
373,375,バッファロン,バッファロン,Buffalogre,2,0,,https://www.d-quest-10.com/detail/a00438.html,/storage/images/monsters/373.webp,凶暴な獣人と見せかけてじつは自分のテンションを自在に操作するような計算高さを持っている。,バッファロンの生きがいは一気にハイテンションからかちあげを決めること。できた日はよく眠れるらしい。,"2026-03-12 13:51:28","2026-08-03 12:10:41"
374,376,ファンキードラゴ,ファンキードラゴ,Hiptile,11,0,,https://www.d-quest-10.com/detail/a00248.html,/storage/images/monsters/374.webp,ファンキーな外見に似合わないすさまじい強さを誇る竜。毒マヒ眠りをもたらし生ある者を滅ぼし尽くす。,ファンキードラゴの耳飾りがまばたきしていたという怪しいウワサがあるらしい。あれって本当に耳飾りなの？,"2026-03-12 13:51:31","2026-07-27 15:17:45"
375,377,サンダーシャウト,サンダーシャウト,"Hellbound Hair-Raiser",12,0,,https://www.d-quest-10.com/detail/a00461.html,/storage/images/monsters/375.webp,全身を黄色にそめた目立ちたがり屋かと思いきやハデな大技と地味なからめ手を使い分けるワザ師なのだ。,伝説のモンスターバンド「ライトニング・デス」のボーカルを務める歌い手。オレの声にシビれな！！,"2026-03-12 13:51:34","2026-07-27 15:17:45"
376,378,グレイトライドン,グレイトライドン,"Night Rider",10,0,,https://www.d-quest-10.com/detail/a00090.html,/storage/images/monsters/376.webp,地獄の馬にまたがり死を予言する亡霊騎兵。さみだれ突きや呪い攻撃で生者を黄泉へいざなう。,彼らの愛馬は生前一日に千里を走ったという。死してなお血を流しながら一陣の風のように疾走する。,"2026-03-12 13:51:37","2026-07-27 15:17:45"
377,379,ブルーイーター,ブルーイーター,Goobonce,4,0,,https://www.d-quest-10.com/detail/a00263.html,/storage/images/monsters/377.webp,数匹で群れをなしていっせいに獲物を襲い骨まで食らいつくすという。通称青いイナズマ。,ブルーイーターの血は青い。それゆえ皮膚の薄い頭部は血の色が浮かびあがって青っぽく見えるのだ。,"2026-03-12 13:51:42","2026-08-03 12:09:04"
378,380,スライムボーグ,スライムボーグ,"Cyber Slime",1,0,,https://www.d-quest-10.com/detail/a00519.html,/storage/images/monsters/378.webp,"メタルスライムにあこがれ肉体改造を重ねたスライム。電子回路をショートさせて放たれる いなずまは強烈。","結局メタルスライムにはなれなかったが 現状そこそこ満足している。特に赤い左目は最強にクールだと自信満々。","2026-03-12 13:51:45","2026-07-27 15:17:45"
379,381,ダークパンサー,ダークパンサー,"Winged Sabrecat",2,0,,https://www.d-quest-10.com/detail/a00161.html,/storage/images/monsters/379.webp,闇にまぎれて襲いくる残忍なクロヒョウの魔物。獲物の不意をつき飛びかかり致命傷を負わせる。,美しいムラサキ斑点の毛皮は貴族たちの富の象徴となる。そのためとんでもない高値で闇市に流れているのだ……。,"2026-03-12 13:51:48","2026-08-03 12:10:41"
380,382,レッドイーター,レッドイーター,Bloodbonnet,4,0,,https://www.d-quest-10.com/detail/a00353.html,/storage/images/monsters/380.webp,猛毒攻撃や眠り攻撃をしかけ獲物がもがき苦しむのをニタニタと眺めるという。通称赤いタツマキ。,レッドイーターの血は青い。それゆえ皮膚の薄い身体は血の色が浮かびあがって青っぽく見えるのだ。,"2026-03-12 13:51:51","2026-08-03 12:09:04"
381,383,ギガンテス,ギガンテス,Gigantes,4,0,,https://www.d-quest-10.com/detail/a00059.html,/storage/images/monsters/381.webp,つぶされた旅人は数知れず。情けを持たぬ悪魔の巨人。むやみに近づく旅人はランドインパクトで一掃する。,一度愛用の棍棒を鉄製のものに変えてみたが冬場は冷たくて往生した。やっぱり木製がいちばん！,"2026-03-12 13:51:54","2026-08-03 12:09:04"
382,384,コサックシープ,コサックシープ,"Pan Piper",8,0,,https://www.d-quest-10.com/detail/a00471.html,/storage/images/monsters/382.webp,ひょうきんな見た目に反して笛の音色で呪いをかけて仲間を集めて襲ってくるうらみがましい性格の持ち主。,笛が吹けてコサックが踊れ以前はアイドルだったことも。全盛期はとうに過ぎたがダンスの切れに衰えはない。,"2026-03-12 13:51:57","2026-07-27 15:17:45"
383,385,じめじめバブル,ジメジメバブル,"Dank Bubble Slime",1,0,,https://www.d-quest-10.com/detail/a00448.html,/storage/images/monsters/383.webp,じめじめした所を好むネガティブなスライム。キノコ爆弾を設置し幸せそうな人を爆発させる。,"じめじめバブルにも かつてイケイケだった時代があった。すっかり しなびてしまったが当時はキングと呼ばれていた。","2026-03-12 13:52:00","2026-07-27 15:17:45"
384,386,プロメテモス,プロメテモス,Prometimos,5,0,,https://www.d-quest-10.com/detail/a00527.html,/storage/images/monsters/384.webp,マグマを食べて育つという邪悪な妖精の一種。火炎球を打ち出せるのもマグマパワーの産物だ。,炎に群がる性質がありたまに近づきすぎてヤケドを負うこともある。かくも本能には逆らいがたい。,"2026-03-12 13:52:03","2026-07-27 15:17:45"
385,387,くろカビこぞう,クロカビコゾウ,"Fromage Gray",12,0,,https://www.d-quest-10.com/detail/a00487.html,/storage/images/monsters/385.webp,フォンデュが黒カビのダークサイドに堕ちて誕生した暗黒の闘士。闇のチカラを使いこなす。,なぜ黒カビのダークサイドに堕ちたのか……そこには聞くも涙語るも涙のハッコウの物語があるという。,"2026-03-12 13:52:06","2026-07-27 15:17:45"
386,388,デスプリースト,デスプリースト,"Wight Priest",10,0,,https://www.d-quest-10.com/detail/a00183.html,/storage/images/monsters/386.webp,欲望にまみれ信仰を失った高名な司祭の亡霊。的確にザオリクを唱えて死した魔物を復活させる。,悪しき神々を信仰させて人類に堕落の道を歩ませんと日々邪教の教えを広める。悪の伝道師に休息はない。,"2026-03-12 13:52:08","2026-07-27 15:17:45"
387,389,グリンバングル,グリンバングル,Snotbonce,4,0,,https://www.d-quest-10.com/detail/a00089.html,/storage/images/monsters/387.webp,幸運を呼ぶ聖獣に化けて旅人を待ちぶせるおぞましい赤眼の怪物。ツメにかかれば命はない,とある魔導書に描かれた幸運を呼ぶ聖獣の姿を見てコイツオレに似てなくね！？グリンバングルは気づいた。,"2026-03-12 13:52:14","2026-08-03 12:09:04"
388,390,じごくのもんばん,ジゴクノモンバン,"Grim Keeper",4,0,,https://www.d-quest-10.com/detail/a00127.html,/storage/images/monsters/388.webp,地獄の門を守るという冷徹なおそろしい悪魔。もうどくのきりで敵を弱らせ手に持つ鎌で命を刈りとる。,職業病のせいかついオフの日でも道行く人を通せんぼしてしまう。ワーカーホリック一歩手前。,"2026-03-12 13:52:18","2026-08-03 12:09:04"
389,391,ヒョウモンダーク,ヒョウモンダーク,"Dark Octopot",9,0,,https://www.d-quest-10.com/detail/a00584.html,/storage/images/monsters/389.webp,"武器を振るうことよりも おうえんしたり 踊ったりして仲間を援護することに生きがいを覚えているという。","その名前と外見から猛毒を持っていると思われがちだが 実際には無毒である。風評被害に悩めるタコ兵士。","2026-03-12 13:52:21","2026-07-27 15:17:45"
390,392,スライム・強,スライム・キョウ,"Vicious Slime",1,0,,https://www.d-quest-10.com/detail/a00649.html,/storage/images/monsters/390.webp,"ケタ違いの強さを持つ 邪悪な スライム。赤く鋭い眼光には 激しい殺意が宿っている。","おなじみのプルプル姿に 油断することなかれ。鍛え抜かれた青色筋肉に 返り討ちにされてしまうぞ。","2026-03-12 13:52:24","2026-07-27 15:28:35"
391,393,カバリアー,カバリアー,"Hippo Guard",2,0,,https://www.d-quest-10.com/detail/a00054.html,/storage/images/monsters/391.webp,テンションバーンを使ってしきりにチカラをみなぎらせる豪快なカバ族の騎士。仲間からも一目置かれている。,カバ族が誇る騎士として一目置かれる存在ゆえに短足がコンプレックス。シークレットブーツを検討中。,"2026-03-12 13:52:27","2026-08-03 12:10:41"
392,394,いたずらもぐら・強,イタズラモグラ・キョウ,"Vicious Mischievous Mole",2,0,,https://www.d-quest-10.com/detail/a00671.html,/storage/images/monsters/392.webp,"ケタ違いの強さを持つ 邪悪な いたずらもぐら。赤く鋭い眼光には 激しい殺意が宿っている。","いたずらも強力になっており 落とし穴の中に毒を仕込んで獲物をじわじわ殺すのも よくある話だという。","2026-03-12 13:52:30","2026-08-03 12:10:41"
393,395,アックスドラゴン,アックスドラゴン,Axesaurus,11,0,,https://www.d-quest-10.com/detail/a00446.html,/storage/images/monsters/393.webp,燃えるような身体の色をしたバトルレックスの亜種。はげしいほのおを吹きつつ時々重い一撃を放ってくる。,いかにもオノのあつかいが上手そうな名前をしているが実際はむやみに振り回すだけの名前負けドラゴン。,"2026-03-12 13:52:36","2026-07-27 15:17:45"
394,396,イエロバングル,イエロバングル,Bilebonnet,4,0,,https://www.d-quest-10.com/detail/a00020.html,/storage/images/monsters/394.webp,幸運を呼ぶ聖獣に化けて旅人を付け狙うまがまがしい赤眼の怪物。毒マヒ混乱にご用心。,とある物語に描かれた幸運を呼ぶ聖獣の姿を見てコイツオレじゃん！？イエロバングルは悟った。,"2026-03-12 13:52:41","2026-08-03 12:09:04"
395,397,トロル,トロル,Troll,4,0,,https://www.d-quest-10.com/detail/a00207.html,/storage/images/monsters/395.webp,アタマは悪いがチカラは強いふとっちょで乱暴な巨人。攻撃を空振りしているすきに急いで倒してしまおう。,ダイエットブームの昨今メタボぞろいのトロル族ではベリーダンスが熱い！そろって腰を振っている。,"2026-03-12 13:52:45","2026-08-03 12:09:04"
396,398,エビルソーサラー,エビルソーサラー,"Evil Sorcerer",4,0,,https://www.d-quest-10.com/detail/a00465.html,/storage/images/monsters/396.webp,呪術を極めた魔族のエリート。ドルモーアを暴走させザオリクで仲間を復活させる油断のならない強敵。,何事にも縁起をかつぐ性格で朝クツをはく足の順番やらお風呂でどこから洗うかやら無数の決め事に縛られている。,"2026-03-12 13:52:50","2026-08-03 12:09:04"
397,399,モーモン・強,モーモン・キョウ,"Vicious Teeny Sanguini",4,0,,https://www.d-quest-10.com/detail/a00663.html,/storage/images/monsters/397.webp,"ケタ違いの強さを持つ 邪悪な モーモン。赤く鋭い眼光には 激しい殺意が宿っている。","理想郷モーモン王国に背を向け 荒野で生きていくことを選んだハードボイルドなモーモン。強くなければ生きていけない。","2026-03-12 13:52:53","2026-08-03 12:09:04"
398,400,ブランマトック,ブランマトック,"Picky Mole",2,0,,https://www.d-quest-10.com/detail/a00472.html,/storage/images/monsters/398.webp,ためにためたテンションを一気に解放してスーパーハイテンション状態でおそいかかってくる。,伝説のつるはし使いとしてもぐら魔族の中で語り継がれるトンネル工事の達人。掘った洞くつは数知れず。,"2026-03-12 13:52:55","2026-08-03 12:10:41"
399,401,ヒポせんし,ヒポセンシ,"Hippo Soldier",2,0,,https://www.d-quest-10.com/detail/a00245.html,/storage/images/monsters/399.webp,かぶと割りを得意とする勇ましいカバの戦士。怒るとテンションバーンを使ってくるやっかいなヤツ。,サイの戦士がオレたちに挑もうとしているらしヒポね。ヒッポッポ。格の違いってのを思い知らせてやるタマス！,"2026-03-12 13:53:00","2026-08-03 12:10:41"
400,402,いっかくウサギ・強,イッカクウサギ・キョウ,"Vicious Bunicorn",2,0,,https://www.d-quest-10.com/detail/a00650.html,/storage/images/monsters/400.webp,"ケタ違いの強さを持つ 邪悪な いっかくウサギ。赤く鋭い眼光には 激しい殺意が宿っている。","相手の強さに応じて ツノの硬度を変える。強者が挑んだ際のツノは 武器の素材として重宝される。","2026-03-12 13:53:03","2026-08-03 12:10:41"
401,403,ファーラット・強,ファーラット・キョウ,"Vicious Feralball",2,0,,https://www.d-quest-10.com/detail/a00742.html,/storage/images/monsters/401.webp,"ケタ違いの強さを持つ 邪悪な ファーラット。赤く鋭い眼光には 激しい殺意が宿っている。","眼光が赤く輝くことによって 顔の真ん中についているのが目であることがハッキリした。断じてダンゴ鼻ではない。","2026-03-12 13:53:05","2026-08-03 12:10:41"
402,404,ヘルジュラシック,ヘルジュラシック,Dragster,11,0,,https://www.d-quest-10.com/detail/a00281.html,/storage/images/monsters/402.webp,太古から地獄に生息していた恐竜のモンスター。はげしいほのおをはいて周囲を焼きつくす。,魔界１周レースにおいて前人未到の最速記録を持つ伝説のランナー。肩書きは地獄の超特急。,"2026-03-12 13:53:09","2026-07-27 15:17:45"
403,405,さそりばち・強,サソリバチ・キョウ,"Vicious Waspion",5,0,,https://www.d-quest-10.com/detail/a00672.html,/storage/images/monsters/403.webp,"ケタ違いの強さを持つ 邪悪な さそりばち。赤く鋭い眼光には 激しい殺意が宿っている。","しっぽの針には毒はないが 刺されると猛烈に痛い。痛がる姿が面白いらしく 何度も何度も刺してくる。","2026-03-12 13:53:12","2026-07-27 15:29:19"
404,406,ドラキー・強,ドラキー・キョウ,"Vicious Dracky",6,0,,https://www.d-quest-10.com/detail/a00664.html,/storage/images/monsters/404.webp,"ケタ違いの強さを持つ 邪悪な ドラキー。赤く鋭い眼光には 激しい殺意が宿っている。","魔界にはドラキーに変身する 秘術が伝えられているらしい。非常に難度の高い術であり 失敗すると元に戻れなくなる。","2026-03-12 13:53:14","2026-07-27 15:29:22"
405,407,ぶっちズキーニャ,ブッチズキーニャ,Zumeanie,3,0,,https://www.d-quest-10.com/detail/a00532.html,/storage/images/monsters/405.webp,呪文で攻撃力を上げてヤリで突きまくってくる見かけによらずクレバーな野菜魔物界のヒットマン。,"かつては みずみずしい緑の身体だったが暑い土地で暮らすうちに赤く焼けてすっかり乾燥に強くなった。","2026-03-12 13:53:17","2026-07-27 15:17:45"
406,408,めいふのばんにん,メイフノバンニン,"Hellbound Heretic",12,0,,https://www.d-quest-10.com/detail/a00468.html,/storage/images/monsters/406.webp,闇と死に彩られた忌まわしき冥界の仕事人。強力な呪文に加えて魅了やおたけびを使いこなす。,かつては冥王に仕えていたが死生観のちがいから離反。今はフリーランスの番人として気ままな日々を送っている。,"2026-03-12 13:53:20","2026-07-27 15:17:45"
407,409,リビングデッド,リビングデッド,"Corpse Corporal",10,0,,https://www.d-quest-10.com/detail/a00348.html,/storage/images/monsters/407.webp,ドロドロの液体をはきちらし呪いをもたらすゾンビ。やけつく息やもうどくの息を次々としかけてくる。,生きている人間がねたましく見ると襲わずにいられない。恨みこそが彼らを動かすエネルギーの根源といえる。,"2026-03-12 13:53:24","2026-07-27 15:17:45"
408,410,バブルスライム・強,バブルスライム・キョウ,"Vicious Bubble Slime",1,0,,https://www.d-quest-10.com/detail/a00651.html,/storage/images/monsters/408.webp,"ケタ違いの強さを持つ 邪悪な バブルスライム。赤く鋭い眼光には 激しい殺意が宿っている。","強すぎる毒を持つため 近づくだけでも危険。そのため友達がいない かわいそうなスライム。","2026-03-12 13:53:32","2026-07-27 15:29:37"
409,411,ねこまどう・強,ネコマドウ・キョウ,"Vicious Meowgician",2,0,,https://www.d-quest-10.com/detail/a00652.html,/storage/images/monsters/409.webp,"ケタ違いの強さを持つ 邪悪な ねこまどう。赤く鋭い眼光には 激しい殺意が宿っている。","ひたすらメラをみがき上げて ついにメラゾーマに達したが長年の夢をかなえてしまい 以来 何をやってもむなしい。","2026-03-12 13:53:34","2026-08-03 12:10:41"
410,412,シーザーレインボー,シーザーレインボー,"Rainbow Scissor",5,0,,https://www.d-quest-10.com/detail/a00119.html,/storage/images/monsters/410.webp,閃光弾やキャノン砲を装備した色あざやかな身体をした昆虫。怒りレーダーも搭載しており反応した敵をロックオン。,派手な色づかいの容姿と誇り高きその振る舞いから虹色の皇帝と呼ばれ恐れられているらしい。,"2026-03-12 13:53:37","2026-07-27 15:17:45"
411,413,とげジョボー,トゲジョボー,Disfigurine,12,0,,https://www.d-quest-10.com/detail/a00474.html,/storage/images/monsters/411.webp,マホカンタの呪文とやいばのぼうぎょで守りを固め必殺のアサシンアタックを狙うあなどれない魔物。,持つと不幸になるとウワサされきらわれた人形がだったら本当に不幸をバラまいてやる！と世をスネて動きだした。,"2026-03-12 13:53:40","2026-07-27 15:17:45"
412,414,ランタンこぞう,ランタンコゾウ,Lampling,12,0,,https://www.d-quest-10.com/detail/a00653.html,/storage/images/monsters/412.webp,"うち捨てられたランタンに 住みついた火の悪魔。ランタンに化けて油断した冒険者に火をあびせる。",身体に抱きかかえた炎が熱くないのかとよく聞かれるがじつはものすごく熱い。正体を隠すために耐えている。,"2026-03-12 13:53:43","2026-07-27 15:29:51"
413,415,ヘルカッチャ,ヘルカッチャ,Masqueraider,13,0,,https://www.d-quest-10.com/detail/a00276.html,/storage/images/monsters/413.webp,こうらのようなヨロイを身につけた異形の兵士。特殊なガード技によって物理攻撃をある程度防ぐ。,手に持つ２本の巨大なツノは遠方の谷に棲む竜のもの。それを手に入れてくることが一族の通過儀礼なのだ。,"2026-03-12 13:53:46","2026-07-27 15:17:45"
414,416,ゴースト・強,ゴースト・キョウ,"Vicious Ghost",10,0,,https://www.d-quest-10.com/detail/a00669.html,/storage/images/monsters/414.webp,"ケタ違いの強さを持つ 邪悪な ゴースト。赤く鋭い眼光には 激しい殺意が宿っている。","激しい怨念を抱き すべての生者を憎む悪霊。とにかく恨みがましい性格で 関わるとだいたい損をする。","2026-03-12 13:53:49","2026-07-27 15:29:57"
415,417,ベレス,ベレス,Beleth,4,0,,https://www.d-quest-10.com/detail/a00284.html,/storage/images/monsters/415.webp,邪悪な魔物たちを従える血も凍るような大悪魔。切れ味鋭い痛恨の一撃で相手を血祭りにあげる。,夜更かしをしているとベレスがやってくるわよと母は子に言い聞かせる。恐怖の代名詞たる闇の住人。,"2026-03-12 13:53:54","2026-08-03 12:09:04"
416,418,ウコバック,ウコバック,"Lickity Spit",8,0,,https://www.d-quest-10.com/detail/a00535.html,/storage/images/monsters/416.webp,いやがらせが大好きでそのための攻撃ばかり得意な根性曲りの下級悪魔。小さい身体でかなりの大食漢。,"大食らいのウコバックだが意外にも 好き嫌いが激しい。揚げ物が大好物でトカゲのフライを何より好む。","2026-03-12 13:53:57","2026-07-27 15:17:45"
417,419,エリミネーター,エリミネーター,Hoodlum,8,0,,https://www.d-quest-10.com/detail/a00463.html,/storage/images/monsters/417.webp,夜の闇にまぎれて獲物を狙う悪の処刑人。オノを振るうときは異様にテンションが上がるらしい。,処刑人と言っても罪人を罰しているわけではなく気に入らない相手を自分勝手な理由で襲うだけの極悪人。,"2026-03-12 13:54:07","2026-07-27 15:17:45"
418,420,おおきづち・強,オオキヅチ・キョウ,"Vicious Hammerhood",8,0,,https://www.d-quest-10.com/detail/a00681.html,/storage/images/monsters/418.webp,"ケタ違いの強さを持つ 邪悪な おおきづち。赤く鋭い眼光には 激しい殺意が宿っている。","中に金属製の芯が入った 普通のおおきづちのものより3倍重い木づちを使っている。殺意も3倍増しだ。","2026-03-12 13:54:10","2026-07-27 15:30:12"
419,421,プチアーノン・強,プチアーノン・キョウ,"Vicious Khalamari Kid",9,0,,https://www.d-quest-10.com/detail/a00682.html,/storage/images/monsters/419.webp,"ケタ違いの強さを持つ 邪悪な プチアーノン。赤く鋭い眼光には 激しい殺意が宿っている。","海岸でのんびりすることを 何より愛する平和主義者。しかし休息を阻む者には容赦なく牙をむく。","2026-03-12 13:54:14","2026-07-27 15:30:15"
420,422,ドルイド,ドルイド,"Lump Wizard",8,0,,https://www.d-quest-10.com/detail/a00573.html,/storage/images/monsters/420.webp,敵が呪文を使うのを許さずマホトーンやメダパニで戦いのペースを握ろうとするやっかいな老呪術師。,"生まれた時は シワひとつないすべすべ ツルツルの身体だが成長するにつれ皮がたるみシワだらけになるらしい。","2026-03-12 13:54:17","2026-07-27 15:17:45"
421,423,レジェンドホース,レジェンドホース,Godsteed,2,0,,https://www.d-quest-10.com/detail/a00513.html,/storage/images/monsters/421.webp,めったに人前に姿を現さない伝説的モンスター。光り輝くブレスは息を飲むほど美しいが、その威力はきわめて危険。,勝手にレジェンド扱いされてじつはちょっと困っている。神秘的なイメージを守るため今日も人目を避けて天駆ける。,"2026-03-12 13:54:22","2026-08-03 12:10:41"
422,424,エルダードラゴン,エルダードラゴン,"Elder Dragon",11,0,,https://www.d-quest-10.com/detail/a00440.html,/storage/images/monsters/422.webp,背中に生えたハーブを食べて生きているエコロジーな竜。テンション上げて吹雪をはいて自然の敵には容赦しない！,背中のハーブは美容に有効。毎日欠かさず食べていればアンチエイジング効果があり世の女性に狙われている。,"2026-03-12 13:54:25","2026-07-27 15:17:45"
423,425,フォレスドン,フォレスドン,"Forest Peckerel",6,0,,https://www.d-quest-10.com/detail/a00250.html,/storage/images/monsters/423.webp,森林の鳥魔物たちのドン。ベホイミやザオリクで仲間をいやすその姿から緑色の天使とも呼ばれる。,緑の羽毛は目に優しい。野鳥観察のプロたちはフォレスドンの羽毛を見て疲れた目を休めるという。,"2026-03-12 13:54:30","2026-07-27 15:17:45"
424,426,いしにんぎょう,イシニンギョウ,"Dirty Dogu",12,0,,https://www.d-quest-10.com/detail/a00533.html,/storage/images/monsters/424.webp,あやしいひとみを使う以外戦い方に特徴はないのだが逆にそこが不気味に感じる。得体の知れなさが最大の特徴,どろにんぎょうに対しライバル心を抱いているが想いは一歩通行でまったく相手にされていない。,"2026-03-12 13:54:34","2026-07-27 15:17:45"
425,427,ツイストーチ,ツイストーチ,"Twisted Torch",12,0,,https://www.d-quest-10.com/detail/a00473.html,/storage/images/monsters/425.webp,なまめかしいコシの動きで見る者を混乱させてしまう。そこにメラゾーマで追いうちをかけてくるイヤらしい魔物。,もともとは大魔王の居城の柱となるべく作られたが気を抜くとクネクネしてしまい天井を支えられなかったとか。,"2026-03-12 13:54:37","2026-07-27 15:17:45"
426,428,なげきの亡霊,ナゲキノボウレイ,"Tortured Soul",10,0,,https://www.d-quest-10.com/detail/a00212.html,/storage/images/monsters/426.webp,なげきはついに憎しみとなり命ある者を呪い続ける。魔力を覚醒させてはなつドルマドンは大いなる脅威。,はじまりのなげきとは果たしてなんであったのか。今となっては思いだせずただ痛みだけが残っている。,"2026-03-12 13:54:40","2026-07-27 15:17:45"
427,429,ベルフェゴル,ベルフェゴル,Belfggor,4,0,,https://www.d-quest-10.com/detail/a00283.html,/storage/images/monsters/427.webp,恐怖の悪魔軍団を指揮する血も涙もない優秀な軍団長。しゃくねつメラガイアーで地表をこがしつくす。,サボってる魔物を見つけたら魔界３０周の罰を言いつける体育会系な軍団長さん。厳しいけど面倒見はいい。,"2026-03-12 13:54:45","2026-08-03 12:09:04"
428,430,ジェイドフレア,ジェイドフレア,"Jade Flare",7,0,,https://www.d-quest-10.com/detail/a00485.html,/storage/images/monsters/428.webp,マゴマゴしているだけと敵を油断させておいてじばくやイオグランデで大ダメージを与えてくる。,ゆらめくフレアのとがり具合にこだわりがありフレアのセットが乱れた時は機嫌が悪くなる。,"2026-03-12 13:54:48","2026-07-27 15:17:45"
429,431,ドラゴスライム,ドラゴスライム,"Drake Slime",1,0,,https://www.d-quest-10.com/detail/a00569.html,/storage/images/monsters/429.webp,"ドラゴンのような角と羽根が特徴のスライム。炎を自在に操り 火球バズーカや 呪文で冒険者たちを 苦しめる。","魔物国勢調査の書類をドラゴン族として 提出したがあっさりスライム族に修正されたいそう がっかりした。","2026-03-12 13:54:52","2026-07-27 15:17:45"
430,432,ぶちスライム,ブチスライム,"Mottle Slime",1,0,,https://www.d-quest-10.com/detail/a00592.html,/storage/images/monsters/430.webp,"身体中に ぶちも模様のあるスライムの仲間。過酷な環境にさらされて見た目によらず強く育った。","昔は相当なワルだったがマブダチの説得でカタギになり家族の食いぶちを かせぐためぶちぶち言わず 働くように。","2026-03-12 13:54:58","2026-07-27 15:17:45"
431,433,サウルスロード,サウルスロード,Terrorceratops,2,0,,https://www.d-quest-10.com/detail/a00111.html,/storage/images/monsters/431.webp,いかめしいこうらを背負った怪獣たちのドン。やけつく息をはきながら勇猛果敢に攻め立てる。,眠っているときの寝息でうっかりやけつく息をはき朝になるとしびれた動物がそばに倒れていることも。,"2026-03-12 13:55:04","2026-08-03 12:10:41"
432,434,スターレミング,スターレミング,"Star Lemming",2,0,,https://www.d-quest-10.com/detail/a00476.html,/storage/images/monsters/432.webp,星色の体毛と夜色の体毛がしま模様を描く小さな魔獣。メダパニーマを唱えて大混乱を引き起こす。,数年に一度大群となって河を渡り大移動するという。黄色い群れが夜の河を泳ぐ様はまるで小さな銀河のようだ。,"2026-03-12 13:55:07","2026-08-03 12:10:41"
433,435,メーダ・強,メーダ・キョウ,"Vicious Lunatick",5,0,,https://www.d-quest-10.com/detail/a00702.html,/storage/images/monsters/433.webp,"ケタ違いの強さを持つ 邪悪な メーダ。赤く鋭い眼光には 激しい殺意が宿っている。","巨大な目玉から発せられる 目ヂカラがあまりにもい強いため誰にも目を合わせてもらえず さみしい思いをしてるらしい。","2026-03-12 13:55:13","2026-07-27 15:31:05"
434,436,エビルトレント,エビルトレント,"Evil Tree-ent",3,0,,https://www.d-quest-10.com/detail/a00466.html,/storage/images/monsters/434.webp,魅惑のおどりで惑わせて闇の魔法や眠りの魔法で敵を苦しめる意外と器用な樹木の魔物。,年を経て紅葉することで進化をとげたじんめんじゅ。その老かいなフットワークは変幻自在との定評がある。,"2026-03-12 13:55:16","2026-07-27 15:17:45"
435,437,ゴールドマン,ゴールドマン,"Gold Golem",12,0,,https://www.d-quest-10.com/detail/a00104.html,/storage/images/monsters/435.webp,全身が黄金でできているゴージャスな魔人。チカラをためた攻撃は強いが見事倒せば大金になるぞ。,お金が足りない旅人によく狙われてしまうので自由なストーンマンがちょっとうらやましい。,"2026-03-12 13:55:19","2026-07-27 15:17:45"
436,438,ボーンバット・強,ボーンバット・キョウ,"Vicious Bone Bat",10,0,,https://www.d-quest-10.com/detail/a00713.html,/storage/images/monsters/436.webp,"ケタ違いの強さを持つ 邪悪な ボーンバット。赤く鋭い眼光には 激しい殺意が宿っている。","死んで 骨だけになっても まだ魔王にコキ使われる魔物。魔王に仕える魔物には 定年退職なんてないのだ。","2026-03-12 13:55:22","2026-07-27 15:31:16"
437,439,ボストロール,ボストロール,"Boss Troll",4,0,,https://www.d-quest-10.com/detail/a00299.html,/storage/images/monsters/437.webp,トロルたちを束ねる凶悪かつ乱暴な巨人の長。高い確率で痛恨の一撃をはなってくるので要注意。,週末の夜にはたき火の周りでちゃんこ鍋パーティを開く。メインの具材はもちろんおいしそうな人間だ。,"2026-03-12 13:55:28","2026-08-03 12:09:04"
438,440,デスケルト,デスケルト,"Celtic Faun",8,0,,https://www.d-quest-10.com/detail/a00499.html,/storage/images/monsters/438.webp,魔界からやってきたという凶暴な異形の獣人。その笛の音で気合を入れて悪夢のように攻めてくる。,かつて魔界の貴族に仕えるお抱え楽士だったがソロ活動にあこがれて地上に来た夢見がちな面も。,"2026-03-12 13:55:31","2026-07-27 15:17:45"
439,441,きめんどうし,キメンドウシ,"Lump Shaman",8,0,,https://www.d-quest-10.com/detail/a00528.html,/storage/images/monsters/439.webp,"攻撃 回復 状態異常と多彩な呪文を使いこなす魔法の達人だがなぜか自分に自信が持てないらしい。",どう見ても鬼の顔じゃないと思ったら何事にも優柔不断でなかなか「決めん道士」ということらしい。,"2026-03-12 13:55:34","2026-07-27 15:17:45"
440,442,やつざきアニマル,ヤツザキアニマル,Bullion,2,0,,https://www.d-quest-10.com/detail/a00340.html,/storage/images/monsters/440.webp,獲物を八つ裂きにすることを至上のよろこびとする魔獣。四方にとどろくおたけびは強者の足をもすくませる。,やつざきアニマルなんて適当な名前を考えたヤツを八つ裂きにしてやりたい！アニマルはそう主張する。,"2026-03-12 13:55:37","2026-08-03 12:10:41"
441,443,アッシュリザード,アッシュリザード,"Mandrake Militant",11,0,,https://www.d-quest-10.com/detail/a00534.html,/storage/images/monsters/441.webp,バイキルトからジャンプ斬りのコンボに自信を持っているが仲間を呼ぶことも忘れない慎重な性格が何より手ごわい。,一見して地味と言うなかれ。くすんだ体色がシブいと評判でこれでもリザードマン界では大人気のイケメンなのだ。,"2026-03-12 13:55:40","2026-07-27 15:17:45"
442,444,とこよアゲハ,トコヨアゲハ,Agehafly,5,0,,https://www.d-quest-10.com/detail/a00602.html,/storage/images/monsters/442.webp,白いチョウの羽を生やした死を招く不吉な妖精。仲間たちのすばやさを上げてイオナズンでたたみかける。,生死の淵をさ迷う者の周りに無数のとこよアゲハが舞う時美しい花畑が見えるという。死の妖精と呼ばれるゆえん。,"2026-03-12 13:55:43","2026-07-27 15:31:42"
443,445,ミミック,ミミック,Mimic,12,0,,https://www.d-quest-10.com/detail/a00321.html,/storage/images/monsters/443.webp,ふしぎなおどりでＭＰを吸い死の呪文を投げかけてくるおぞましい魔の宝箱。痛恨の一撃に気をつけよう。,中身を確かめようとする人がときどきいるようだが箱そのものが魔物であり中の人などいない！,"2026-03-12 13:55:46","2026-07-27 15:17:45"
444,446,メタッピー・強,メタッピー・キョウ,"Vicious Mecha-Mynah",13,0,,https://www.d-quest-10.com/detail/a00690.html,/storage/images/monsters/444.webp,"ケタ違いの強さを持つ 邪悪な メタッピー。赤く鋭い眼光には 激しい殺意が宿っている。","もともと監視用に作られたが 改造を重ねるうち強くなりすぎ今や立派な殺りくマシン。それでもピオラは忘れない。","2026-03-12 13:55:49","2026-07-27 15:31:48"
445,447,マミー,マミー,Mummy,10,0,,https://www.d-quest-10.com/detail/a00469.html,/storage/images/monsters/445.webp,死後の復活を信じていたが亡者としてよみがえった。生ある者を眠りに誘いそのまま死へと引きずり込む。,マミーのまとう包帯は古代王国期に作られたもの。通気性伸縮性ともにバツグン忘れられた技術の産物だ。,"2026-03-12 13:55:52","2026-07-27 15:17:45"
446,448,デビルプリンス,デビルプリンス,"Prince of Darkness",4,0,,https://www.d-quest-10.com/detail/a00189.html,/storage/images/monsters/446.webp,地獄の深淵から生まれた冷酷無比な魔界の王子。闇の魔力によってザラキやドルマドンをはなつ。,世の女性の王子様像をブチ壊したいと思っている。最近のブームは毎日１頭白馬を丸飲みすること。,"2026-03-12 13:55:59","2026-08-03 12:09:04"
447,449,ほのおのせんし,ホノオノセンシ,Flamethrower,7,0,,https://www.d-quest-10.com/detail/a00529.html,/storage/images/monsters/447.webp,炎を飛ばし灼熱の息をはくまさに炎の申し子。短気そうに見えるがためるを使うがまん強さもある。,ナドラガンドの魔物にははるか昔にたもとを分かった５つの戦闘部族がいたという。彼らこそその末裔である。,"2026-03-12 13:56:04","2026-07-27 15:31:59"
448,450,エルダーフレイム,エルダーフレイム,"Old Flame",7,0,,https://www.d-quest-10.com/detail/a00536.html,/storage/images/monsters/448.webp,儀式に使うトーチに炎のチカラを宿らせるほどこの魔物のまとう炎は美しい輝きを放つという。,1000年の間消えることなく燃え盛りつづけたフレイムがより強力により純粋に進化し原初の炎に近づいた存在。,"2026-03-12 13:56:07","2026-07-27 15:17:45"
449,451,笛吹き羊男,フエフキヒツジオトコ,Silenus,8,0,,https://www.d-quest-10.com/detail/a00588.html,/storage/images/monsters/449.webp,"仲間を集めては おたがいを応援しあう仲間思いの魔物。その反面 敵対する者には攻撃的で手がつけられない。",もともとはただの羊飼い。仕事中の事故でどとうのひつじにひき殺され怨念をつのらせ魔物になった。,"2026-03-12 13:56:14","2026-07-27 15:17:45"
450,452,ぬすっとウサギ・強,ヌスットウサギ・キョウ,"Vicious Robber Rabbit",2,0,,https://www.d-quest-10.com/detail/a00673.html,/storage/images/monsters/450.webp,"ケタ違いの強さを持つ 邪悪な ぬすっとウサギ。赤く鋭い眼光には 激しい殺意が宿っている。","角度 スピード 破壊力…… いつか究極のドロップキックを放つため 今日も技の研究に 余念がないようだ。","2026-03-12 13:56:17","2026-08-03 12:10:41"
451,453,スカラベキング,スカラベキング,"Scarab King",5,0,,https://www.d-quest-10.com/detail/a00140.html,/storage/images/monsters/451.webp,甲虫型モンスター界に君臨する帝王。巨大な岩石を落として攻撃する怪力の持ち主。,どこにいても目立ってしまうあざやかボディの彼は甲虫界のおしゃれキング。以前はモデルもやっていた。,"2026-03-12 13:56:20","2026-07-27 15:17:45"
452,454,キャタピラー・強,キャタピラー・キョウ,"Vicious Killerpillar",5,0,,https://www.d-quest-10.com/detail/a00728.html,/storage/images/monsters/452.webp,"ケタ違いの強さを持つ 邪悪な キャタピラー。赤く鋭い眼光には 激しい殺意が宿っている。","集団で獲物に糸をはきかけ ぐるぐる巻きにして巣に持ち帰り ゆっくりと 溶かしながら 食べるらしい。","2026-03-12 13:56:23","2026-07-27 15:32:17"
453,455,もみじこぞう・強,モミジコゾウ・キョウ,"Vicious Leafy Larrikin",3,0,,https://www.d-quest-10.com/detail/a00654.html,/storage/images/monsters/453.webp,"ケタ違いの強さを持つ 邪悪な もみじこぞう。赤く鋭い眼光には 激しい殺意が宿っている。","元はあざやかな緑色だったが 倒した相手の返り血で身体がどんどん赤く染まり 紅葉していったという。","2026-03-12 13:56:26","2026-07-27 15:32:21"
454,456,ずしおうまる,ズシオウマル,Sintaur,4,0,,https://www.d-quest-10.com/detail/a00144.html,/storage/images/monsters/454.webp,人間に強い恨みを抱く半獣半人の怪力王。巨大なオノを振り回し派手に暴れる。,ガニラス握りつむりの漬けメーダ軍艦アーノン巻き。あらゆる魔物をネタにする粋なにぎり寿司王。,"2026-03-12 13:56:30","2026-08-03 12:09:04"
455,457,サイコマスター,サイコマスター,"Psycho Master",4,0,,https://www.d-quest-10.com/detail/a00475.html,/storage/images/monsters/455.webp,邪悪な魔法の扱いに長ける外道に堕ちた魔法戦士。自らの魔力を暴走させて放つバギクロスは脅威。,魔法戦士と言ってもヴェリナードの魔法戦士団とは一切関係がないと王国は公式に声明を発表している。,"2026-03-12 13:56:34","2026-08-03 12:09:04"
456,458,おにこぞう・強,オニコゾウ・キョウ,"Vicious Pickayune",8,0,,https://www.d-quest-10.com/detail/a00674.html,/storage/images/monsters/456.webp,"ケタ違いの強さを持つ 邪悪な おにこぞう。赤く鋭い眼光には 激しい殺意が宿っている。","ウデっぷしだけでなくワガママも強レベル。要求が通るまでダダをこね抜く ある意味意志の強いヤツ。","2026-03-12 13:56:38","2026-07-27 15:32:31"
457,459,リリパット・強,リリパット・キョウ,"Vicious Bodkin Archer",8,0,,https://www.d-quest-10.com/detail/a00655.html,/storage/images/monsters/457.webp,"ケタ違いの強さを持つ 邪悪な リリパット。赤く鋭い眼光には 激しい殺意が宿っている。","射殺すことに快感を覚えた地獄のスナイパー。魔王の暗殺に成功した リリパットもいたらしい。","2026-03-12 13:56:41","2026-07-27 15:32:34"
458,461,スライムベホマズン,スライムベホマズン,"King Cureslime",1,0,,https://www.d-quest-10.com/detail/a00156.html,/storage/images/monsters/458.webp,世界を愛で包み込む魔物界のトップセラピスト。心のこもったベホマズンで仲間を全快にする。,ぷるぷるのボディに抱きつき保湿ゼリーを浸透させるベホマズンエステが魔物界で大流行している。,"2026-03-12 13:56:45","2026-07-27 15:17:45"
459,462,ももんじゃ,モモンジャ,Platypunk,2,0,,https://www.d-quest-10.com/detail/a00614.html,/storage/images/monsters/459.webp,"とぼけたカオをしているがさそうおどりにつられて踊っていると 両手のツメで容赦なくひっかかれる。",ときどきオスたちが集まってイケメンコンテストを開く。セクシーなアヒルぐちが評価のポイントだとか。,"2026-03-12 13:56:49","2026-08-03 12:10:41"
460,463,どくろあらい・強,ドクロアライ・キョウ,"Vicious Haardvark",2,0,,https://www.d-quest-10.com/detail/a00738.html,/storage/images/monsters/460.webp,"ケタ違いの強さを持つ 邪悪な どくろあらい。赤く鋭い眼光には 激しい殺意が宿っている。","どくろの美しさを競い合う どくろコンテスト優勝を目指し毎日がんばってみがいている。前回は惜しくも準優勝だった。","2026-03-12 13:56:52","2026-08-03 12:10:41"
461,464,ダーティードール,ダーティードール,"Dirty Doll",12,0,,https://www.d-quest-10.com/detail/a00494.html,/storage/images/monsters/461.webp,メダパニーマの呪文で敵を混乱させて同士討ちを狙ってくる。名前どおりのダーティーっぷりが持ち味。,海水浴に行くたびに見た目と色合いからウニとまちがわれてしまうのが悩みのタネだという。,"2026-03-12 13:56:55","2026-07-27 15:17:45"
462,465,メギドロイド,メギドロイド,Mechidroid,13,0,,https://www.d-quest-10.com/detail/a00539.html,/storage/images/monsters/462.webp,ビーム攻撃を得意とする耐熱設計の施された高熱地帯用の戦闘マシン。マグマの熱にも耐えるという。,高度なプログラムによる人工知能を備えておりタイプＧの偽物と言われるとけっこうキズつくらしい。,"2026-03-12 13:56:58","2026-07-27 15:17:45"
463,466,グリゴリぼうず,グリゴリボウズ,"Watcher Boy",8,0,,https://www.d-quest-10.com/detail/a00624.html,/storage/images/monsters/463.webp,天使でありながら神に背き地上に降りた堕天使の子供。堕天したものの仲間と群れて集団行動したがる習性がある。,他の魔物からは頭をやたらにグリグリゴリゴリいじられる。そんな意味の名前じゃないと訴えても誰も聞いてくれない。,"2026-03-12 13:57:01","2026-07-29 10:34:33"
464,467,バザックス,バザックス,Tyrannoceratops,2,0,,https://www.d-quest-10.com/detail/a00223.html,/storage/images/monsters/464.webp,赤いトゲにおおわれた砂漠生まれのモンスター。どっしりかまえながら強烈な炎をはきちらす。,バザックスのメスが産む卵はとてもカラが厚いので全身トゲだらけのコイツが抱いてあたためても大丈夫。,"2026-03-12 13:57:04","2026-08-03 12:10:41"
465,468,ブルファング,ブルファング,"Blue Fang",2,0,,https://www.d-quest-10.com/detail/a00449.html,/storage/images/monsters/465.webp,狂犬のような顔をしたするどいキバを持つ獣人。おたけびを上げて周囲をすくみあがらせる。,相方のレッドオーガと組んで魔界の演芸大会の頂点を目指す野心的な魔物。どちらかと言うとボケ担当。,"2026-03-12 13:57:07","2026-08-03 12:10:41"
466,469,レッドオーガ,レッドオーガ,"Red Horn",2,0,,https://www.d-quest-10.com/detail/a00450.html,/storage/images/monsters/466.webp,返り血によって全身が真っ赤に染まった凶暴な獣。テンションを一気に上げて痛烈な攻撃技をくりだす。,相方のブルファングと組んで魔界の演芸大会の頂点を目指す野心的な魔物。切れのいいツッコミが持ち味。,"2026-03-12 13:57:10","2026-08-03 12:10:41"
467,470,ピッキー・強,ピッキー・キョウ,"Vicious Bludgerigar",6,0,,https://www.d-quest-10.com/detail/a00675.html,/storage/images/monsters/467.webp,"ケタ違いの強さを持つ 邪悪な ピッキー。赤く鋭い眼光には 激しい殺意が宿っている。","闇の不死鳥を名乗っていたのは ドルモーアよりも濃い黒歴史。ダークオルニスには今も密かなライバル意識を抱いている。","2026-03-12 13:57:13","2026-07-27 15:33:16"
468,471,おおくちばし・強,オオクチバシ・キョウ,"Vicious Beakon",6,0,,https://www.d-quest-10.com/detail/a00676.html,/storage/images/monsters/468.webp,"ケタ違いの強さを持つ 邪悪な おおくちばし。赤く鋭い眼光には 激しい殺意が宿っている。","荒野を猛スピードで駆ける。魔界では伝書バトならぬ伝書おおくちばしを 通信に使うこともあるらしい。","2026-03-12 13:57:16","2026-07-27 15:33:20"
469,472,ケミカルゼリー,ケミカルゼリー,"Fromage Fey",12,0,,https://www.d-quest-10.com/detail/a00570.html,/storage/images/monsters/469.webp,"魔法への耐性を下げ呪文を たたきこんでくる 戦術家。身体の表面はよく燃える油でぬるぬるしているらしい。","メラ系の呪文も 覚えているがうっかり身体に引火すると大変なので絶対に使わないと心に決めている。","2026-03-12 13:57:18","2026-07-27 15:17:45"
470,473,しにがみのきし,シニガミノキシ,"Knight Abhorrent",4,0,,https://www.d-quest-10.com/detail/a00129.html,/storage/images/monsters/470.webp,血に染まったヨロイをまとい死の香りを漂わせる騎士。ガードマスターを駆使して敵の攻撃を受け付けない。,浴びたばかりの新しい血と乾いた古い血が混ざり合い血染めのヨロイには色ムラができてしまった。,"2026-03-12 13:57:22","2026-08-03 12:09:04"
471,474,はめつの使者,ハメツノシシャ,Archbashop,4,0,,https://www.d-quest-10.com/detail/a00589.html,/storage/images/monsters/471.webp,"この世を呪い 破滅を振りまく邪神をあがめる神官。そのくせ回復呪文が得意なのはもともとの育ちのよさゆえか？",高度な呪文を身につけたエリート神官だったがギャンブルで身を持ち崩し破滅の人生を歩みだした。,"2026-03-12 13:57:25","2026-08-03 12:09:04"
472,475,スライムブレス,スライムブレス,"Dragon Slime",1,0,,https://www.d-quest-10.com/detail/a00547.html,/storage/images/monsters/472.webp,翼をはやし空を飛びまわる突然変異したスライムの一種。こごえるふぶきやしゃくねつを使いこなす油断ならないヤツ。,しもやけを防ぐためハァーと息を吹きかけて温めていたらブレスが出せるようになった。フーと吹けば冷たいのが出る。,"2026-03-12 13:57:28","2026-07-27 15:17:45"
473,476,ヌーデビル,ヌーデビル,Gnucifer,2,0,,https://www.d-quest-10.com/detail/a00214.html,/storage/images/monsters/473.webp,洞くつの奥深くに潜むヌーのような巨大な魔獣。怒るとじひびきを起こし旅人たちに混沌をもたらす。,いかつい外見をしているが意外にも草食魔物で洞くつのコケを食べている。ツノで器用に剥ぎとるのだ。,"2026-03-12 13:57:30","2026-08-03 12:10:41"
474,477,ギガントドラゴン,ギガントドラゴン,Drakulard,11,0,,https://www.d-quest-10.com/detail/a00060.html,/storage/images/monsters/474.webp,"あまりの威圧感と凶暴さに 同じドラゴンすら逃げだすおそるべき古代の巨竜。巻き起こす竜巻に注意せよ。","ギガントドラゴンが飛び跳ねたら となりの大陸で眠っていた火山が爆発した！そんな途方もないウワサも。","2026-03-12 13:57:34","2026-07-27 15:33:45"
475,478,ベノムピード,ベノムピード,Venompede,5,0,,https://www.d-quest-10.com/detail/a00636.html,/storage/images/monsters/475.webp,"動きを封じるネバネバした糸や 毒の息をはいてくるイモムシ。丸めた身体を高速回転させて おそいかかってくる。","サナギになりそこねた どくイモムシがふてくされて毒をはきまくった結果 ベノムピードになるという。","2026-03-12 13:57:38","2026-07-27 15:33:49"
476,479,ぬくぬくどり,ヌクヌクドリ,"Polar Polly",6,0,,https://www.d-quest-10.com/detail/a00556.html,/storage/images/monsters/476.webp,"フカフカした羽毛をはやし極寒の世界に適応した鳥魔物。 戦闘時はドルモーアを放つなど ぬくぬくしてない姿を見せる。","長い間 天敵がいなかったため ぬくぬくと暮らしていたが大魔獣イーギュアの出現によりびくびくどりになりつつある。","2026-03-12 13:57:41","2026-07-27 15:17:45"
477,480,ダークシルフ,ダークシルフ,"Stumped Sylph",3,0,,https://www.d-quest-10.com/detail/a00555.html,/storage/images/monsters/477.webp,闇と死の呪文を使いこなすおそるべき暗黒の妖精。その冷酷な戦いぶりは魔物界でも一目置かれている。,"一見かわいらしい見た目でターゲットを油断させて強力な呪文でトドメを刺す すごウデの殺し屋なのだ。","2026-03-12 13:57:44","2026-07-27 15:17:45"
478,481,ブラックベジター,ブラックベジター,Scourgette,3,0,,https://www.d-quest-10.com/detail/a00571.html,/storage/images/monsters/478.webp,"身体の一部のごときヤリで敵を さみだれ突きにする。何気に強力な呪文をあやつる油断できない暗黒野菜。",ヤリをなくしてしまった時は頭に生えたヘタを引き抜くと体内から新たなヤリが出てくると言われている。,"2026-03-12 13:57:47","2026-07-27 15:34:00"
479,482,パンドラボックス,パンドラボックス,"Pandora's Box",12,0,,https://www.d-quest-10.com/detail/a00231.html,/storage/images/monsters/479.webp,すべての災いの元といわれるまがまがしい災厄の箱。何度もザラキーマを唱え旅人に絶望をもたらす。,欲望嫉妬差別戦争……とあらゆる災いが詰まっている。最後に残るのははたして希望かさらなる絶望か。,"2026-03-12 13:57:50","2026-07-27 15:17:45"
480,483,ダークプラネット,ダークプラネット,"Dark Planet",12,0,,https://www.d-quest-10.com/detail/a00451.html,/storage/images/monsters/480.webp,夜の闇にうごめく正体不明の暗黒の星。ドルマドンを唱えてさらなる深い闇を呼ぶ。,冒険者たちには恐れられるダークプラネットだがなぜか一部の勝負師たちにはゲン担ぎにあがめられる。,"2026-03-12 13:57:53","2026-07-27 15:17:45"
481,484,ダークキャンドル,ダークキャンドル,"Dark Candle",12,0,,https://www.d-quest-10.com/detail/a00572.html,/storage/images/monsters/481.webp,"魔力の源である頭上の炎から強烈な呪文を 生み出す。闇と炎の魔力を兼ねそなえたハイブリッドなロウソク。",古代の呪術師が強大な精霊を召喚する儀式に用いた無数のキャンドルが時を経てこの魔物に変じたという。,"2026-03-12 13:57:58","2026-07-27 15:17:45"
482,485,しびれだんびら・強,シビレダンビラ・キョウ,"Vicious Paralyslicer",12,0,,https://www.d-quest-10.com/detail/a00691.html,/storage/images/monsters/482.webp,"ケタ違いの強さを持つ 邪悪な しびれだんびら。赤く鋭い眼光には 激しい殺意が宿っている。","斬れば相手をマヒさせる強力な刀のモンスター。気位が高く 魔王であっても使いこなすのは難しい。","2026-03-12 13:58:05","2026-07-27 15:34:19"
483,486,バロンナイト,バロンナイト,"Visor Kaiser",13,0,,https://www.d-quest-10.com/detail/a00229.html,/storage/images/monsters/483.webp,闇に溶けるような迷彩を持ち音もなく襲いくる機械兵。暗黒のきりは深い闇を呼び旅人を幻惑して弱らせる。,悪の科学者たちによって魔の改造をほどこされた魔物。科学者たちに復讐を誓い今日も荒野をさまよう。,"2026-03-12 13:58:09","2026-07-27 15:17:45"
484,487,コンキスタグール,コンキスタグール,"Conquistador Ghoul",10,0,,https://www.d-quest-10.com/detail/a00621.html,/storage/images/monsters/484.webp,遠き黄金郷の支配を目論み旅立った冒険家のなれの果て。死して骨だけの身体になっても征服すべき対象を求め続ける。,"とにかく強欲で 生前は無類のギャンブル好きだったが命をかけた最後の大勝負には負けてしまったようだ。","2026-03-12 13:58:12","2026-07-27 15:17:45"
485,488,セルゲイナス,セルゲイナス,Bilhaw,4,0,,https://www.d-quest-10.com/detail/a00158.html,/storage/images/monsters/485.webp,時空を超えて現れるおぞましい伝説の魔人。マヒャデドスを唱えすべてを凍てつかせんとする。,時空の渦にのまれたナスビナーラが覚醒しセルゲイナスへと進化する。そんな新説もあるとか。,"2026-03-12 13:58:16","2026-08-03 12:09:04"
486,489,グーシオン,グーシオン,"Dark Pazuzu",4,0,,https://www.d-quest-10.com/detail/a00537.html,/storage/images/monsters/486.webp,ベギラゴンさえもあやつる強大な魔力を持つ悪魔。死の呪文も会得しているのでとにかく油断ならない相手だ。,かの有名な大悪魔バズズはグーシオン族の出身だとか。同族から有名悪魔が出たことは彼らにとっても誇りらしい。,"2026-03-12 13:58:19","2026-08-03 12:09:04"
487,490,フラッペリン,フラッペリン,"White Imp",4,0,,https://www.d-quest-10.com/detail/a00548.html,/storage/images/monsters/487.webp,雪の中から生まれたという小さな悪魔。なめてかかるとイオグランデや死のおどりで冷たい雪に埋もれることに。,じつは身体の白い部分はかき氷でできている。甘いミルクの味がするらしいが本人以外は食べたことはない。,"2026-03-12 13:58:22","2026-08-03 12:09:04"
488,492,ミステリドール,ミステリドール,"Pocus Poppet",12,0,,https://www.d-quest-10.com/detail/a00575.html,/storage/images/monsters/488.webp,マホトラおどりでＭＰを奪い呪文で敵を弱体化させて戦いを有利に進めようとする。謎めいた石の人形。,古代の呪術師が強大な精霊を召喚する儀式に用いた依代が儀式の失敗とともに姿を消し魔物として舞い戻ってきた。,"2026-03-12 13:58:25","2026-07-27 15:17:45"
489,493,ヘルクラッシャー,ヘルクラッシャー,"Hell Gladiator",10,0,,https://www.d-quest-10.com/detail/a00277.html,/storage/images/monsters/489.webp,立ちふさがるものすべてを粉砕する地獄の破壊者。やけつく息で動きを止め激しい斬撃を浴びせる。,まがまがしい４つの凶器を手のひらで転がしながらいかに獲物を処刑するか常に思い描いている。,"2026-03-12 13:58:28","2026-07-27 15:17:45"
490,494,ランプのまじん,ランプノマジン,"Low Djinks",4,0,,https://www.d-quest-10.com/detail/a00480.html,/storage/images/monsters/490.webp,いにしえの時代に封印されたランプの中から抜け出した悪しき心の魔法使い。風を自在にあやつるという。,自分を封じていたランプをなぜか大切に保管している。今では自分の一部のような気がしているらしい。,"2026-03-12 13:58:31","2026-08-03 12:09:04"
492,496,ダースギズモ,ダースギズモ,"Golden Gloom",7,0,,https://www.d-quest-10.com/detail/a00550.html,/storage/images/monsters/492.webp,多彩なブレスと高度な呪文で旅人をおびやかす雲の魔物。気配を消して耳元に近づき死の言葉をささやくのだ。,ギズモ族きっての勉強家。特技や呪文を12個覚えれば名前負けしないはずと今日も修行にはげんでいる。,"2026-03-12 13:58:38","2026-07-27 15:17:45"
493,497,スピリットフレイム,スピリットフレイム,"Spirit Flame",7,0,,https://www.d-quest-10.com/detail/a00566.html,/storage/images/monsters/493.webp,ブレスで敵を痛めつけ死の呪文を使ってくる邪悪なる鬼火。大車輪にも気をつけろ。,"森にひそみ 道に迷った旅人をたき火に化けておびきよせそのまま生命を奪って仲間にしてしまうという。","2026-03-12 13:58:41","2026-07-27 15:17:45"
494,498,ポイズントリル・強,ポイズントリル・キョウ,"Vicious Poison Trill",7,0,,https://www.d-quest-10.com/detail/a00678.html,/storage/images/monsters/494.webp,"ケタ違いの強さを持つ 邪悪な ポイズントリル。赤く鋭い眼光には 激しい殺意が宿っている。","愛らしくも毒気のある外見で 魔界のギャルに大人気だが毒でギャルが倒れるという事故が多発しているらしい。","2026-03-12 13:58:44","2026-07-27 15:35:05"
495,499,くびかりぞく,クビカリゾク,"Head Hunter",8,0,,https://www.d-quest-10.com/detail/a00567.html,/storage/images/monsters/495.webp,あざやかなオノさばきで獲物の首を狙う名ハンター。戦うことのよろこびで常に笑顔を浮かべている。,"一人前として認められるため新月の晩 ひとりきりで獲物を仕留めに旅立つ。失敗したら一族から追放される。","2026-03-12 13:58:47","2026-07-27 15:35:09"
496,500,おばけヒトデ・強,オバケヒトデ・キョウ,"Vicious Scarfish",9,0,,https://www.d-quest-10.com/detail/a00683.html,/storage/images/monsters/496.webp,"ケタ違いの強さを持つ 邪悪な おばけヒトデ。赤く鋭い眼光には 激しい殺意が宿っている。",おばけヒトデをブン投げて飛距離を競うスポーツが魔界にあるらしい。記録保持者はギガンテス・強。,"2026-03-12 13:58:50","2026-07-27 15:35:12"
497,501,ジラフマスター,ジラフマスター,Giruffian,2,0,,https://www.d-quest-10.com/detail/a00579.html,/storage/images/monsters/497.webp,"長い首を たくみに動かして敵の姿をとらえ スキあらばばくれつ棍やギラグレイドをおみまいしてくる棍の名手。","修行中はジラフビギナー。一人前ならジラフシニア。そして 長い長い歳月を経てようやく ジラフマスターに。","2026-03-12 13:58:54","2026-08-03 12:10:41"
498,502,ダークオルニス,ダークオルニス,"Dark Buzzard",6,0,,https://www.d-quest-10.com/detail/a00599.html,/storage/images/monsters/498.webp,"はるか古代に生まれたという死をまき散らす漆黒の鳥。 暗黒のきりやドルマドンで あらゆる生に死を振りまく。",ひくいどりやホークブリザードその他多くの鳥モンスターの祖先だと言われているが真相はやはり闇の中である。,"2026-03-12 13:58:59","2026-07-27 15:17:45"
499,503,オーロラウンダー,オーロラウンダー,Aurorarounder,12,0,,https://www.d-quest-10.com/detail/a00551.html,/storage/images/monsters/499.webp,凍てつく空にたゆたうオーロラの輝きを宿す岩魔物。うっかり見とれているとメガンテを放つので要注意。,オーロラの舞う空を見上げのんびり転がっているのがなによりの憩いのひと時。極光浴と呼んでいるらしい。,"2026-03-12 13:59:03","2026-07-27 15:17:45"
500,504,やみのしょくだい,ヤミノショクダイ,Sconstrosity,12,0,,https://www.d-quest-10.com/detail/a00607.html,/storage/images/monsters/500.webp,長い間放置された燭台が魔瘴に触れて魔物と化した。放置された恨みから誰彼構わず死のおどりを見せつけてくる。,百物語を語るのが大好きでロウソク代わりに自分の灯火を吹き消すが２本しかないため50匹いないと開催できない。,"2026-03-12 13:59:08","2026-07-27 15:17:45"
501,505,ロードコープス,ロードコープス,"Wight Emperor",10,0,,https://www.d-quest-10.com/detail/a00608.html,/storage/images/monsters/501.webp,いにしえの暴君が生前の栄光に執着しよみがえったなれの果ての姿。闇と混乱と死を振りまく迷惑な王様。,生前の暴君ぶりを魔物仲間に聞かせるのが至上の喜び。あの頃は俺もやんちゃしたよとつぶやく横顔はうっとうしい。,"2026-03-12 13:59:12","2026-07-27 15:17:45"
502,506,しのどれい・強,シノドレイ・キョウ,"Vicious Dead Resident",10,0,,https://www.d-quest-10.com/detail/a00656.html,/storage/images/monsters/502.webp,"ケタ違いの強さを持つ 邪悪な しのどれい。赤く鋭い眼光には 激しい殺意が宿っている。","魔王に囚われた哀れな魂は 死んでも決して支配から逃れられない。未来永劫 魔王のため働き続けるのだ。","2026-03-12 13:59:17","2026-07-27 15:35:34"
503,507,ブリザードマン,ブリザードマン,Blizzybody,7,0,,https://www.d-quest-10.com/detail/a00558.html,/storage/images/monsters/503.webp,"いてつく吹雪をあやつり 命の灯火を根こそぎ消し去る氷雪の魔人。その姿を見た者は 眠るように死に至る。","かつて炎の部族から分かれた 古い戦闘部族の末裔。マヒャデドスをとなえる瞬間は 極上の笑顔を浮かべている。","2026-03-12 13:59:19","2026-07-27 15:35:37"
504,508,シャイニング,シャイニング,Spitnik,7,0,,https://www.d-quest-10.com/detail/a00623.html,/storage/images/monsters/504.webp,周囲を回る相棒とともに戦う太陽の姿をした陽気な魔物。すべてを灰じんに帰さんと周囲をしゃくねつで焼き払う。,なげきムーンとはお互いをはげしく意識する間柄だが生活時間が合わずいまだ顔を合わせたことはない。,"2026-03-12 13:59:22","2026-07-27 15:35:40"
505,509,れんごくの番兵,レンゴクノバンペイ,"Lingering Ogre",8,0,,https://www.d-quest-10.com/detail/a00538.html,/storage/images/monsters/505.webp,攻防両面のバランスが優れた戦闘のプロフェッショナル。試練を与える存在として人々の前に立ちはだかる。,左右の盾には名前があって向かって左が憤怒のブラッカス右が強欲のオレンゼルという。どちらもかなり性格が悪い。,"2026-03-12 13:59:28","2026-07-27 15:17:45"
506,510,ディアブラダ,ディアブラダ,Diablada,4,0,,https://www.d-quest-10.com/detail/a00637.html,/storage/images/monsters/506.webp,"悪魔ダンス界の奇跡として 語られる伝説の舞踏家。その つるぎの舞の切れ味は 大岩をも両断するとのウワサ","ちがいのわかる者が見れば ザコ悪魔の踊りとは完成度の差が歴然なのだが いかんせん 発現する効果に大差はない。","2026-03-12 13:59:31","2026-08-03 12:09:04"
507,511,デスストーカー,デスストーカー,"Heavy Hood",8,0,,https://www.d-quest-10.com/detail/a00568.html,/storage/images/monsters/507.webp,用心深く獲物を追い隙あらばおそいかかる死の追跡者。テンションを上げ回復もする意外と器用な一面もある。,なぜ獲物を追い回すのか。その理由はじまんのマッスルポーズを見せるため……なのかもしれない。,"2026-03-12 13:59:34","2026-07-27 15:17:45"
508,512,クイーンスライム,クイーンスライム,"Queen Slime",1,0,,https://www.d-quest-10.com/detail/a00080.html,/storage/images/monsters/508.webp,温かな微笑みを浮かべるスライム界の美しき女王様。実態は氷のように冷酷でマヒャドが大好き。,"今までは表舞台に現れずキングスライムを尻にしいてスライム界を牛耳ってきた。このたび 満を持しての登場。","2026-03-12 13:59:37","2026-07-27 15:17:45"
509,513,ヒッポキング,ヒッポキング,"Hippo King",2,0,,https://www.d-quest-10.com/detail/a00241.html,/storage/images/monsters/509.webp,自慢のオノで敵をなぎたおしダメージをものともしない。ヒポせんしたちを統率するカバ族の総大将。,かつて１００頭の軍勢を率い数万ものサイおとこの大軍を退けた歴史的戦いがあった。これをヒポライ戦争と呼ぶ。,"2026-03-12 13:59:41","2026-08-03 12:10:41"
510,514,ガネーシャエビル,ガネーシャエビル,"Evil Ganesh",2,0,,https://www.d-quest-10.com/detail/a00477.html,/storage/images/monsters/510.webp,大量の魔瘴を浴びてしまい魔神と化した象の神様。６本のウデに武器をかまえはげしく斬りつけてくる。,６本のウデに握る武器はそれぞれスキルを極めている。今後はブーメランやムチにも手を広げるつもりらしい。,"2026-03-12 13:59:45","2026-08-03 12:10:41"
511,515,ダックスビル,ダックスビル,Splatypunk,2,0,,https://www.d-quest-10.com/detail/a00629.html,/storage/images/monsters/511.webp,クチバシとモコモコな尻尾がキュートな万能ファイター。鋭いツメで敵を切り刻みイオナズンで焼き払う。,横文字が格好いいと思っている意識高い系ももんじゃ。自ら種族の名前を変えたが鳴き声は「もじゃ～」のまま。,"2026-03-12 13:59:48","2026-08-03 12:10:41"
512,516,ガメゴン,ガメゴン,Wyrtle,11,0,,https://www.d-quest-10.com/detail/a00622.html,/storage/images/monsters/512.webp,回転攻撃に火炎放射ととにかく回転するのが得意だが残念なことにおつむの回転はそれほど速くないようだ。,"古代のオーグリード大陸でガメゴンのこうらを背負って修行するのが 大流行し乱獲されたという説がある。","2026-03-12 13:59:51","2026-07-27 15:17:45"
513,517,ゲルバトロス,ゲルバトロス,Gelbatross,6,0,,https://www.d-quest-10.com/detail/a00496.html,/storage/images/monsters/513.webp,冥界より来たる凶悪な魔鳥。するどいツメも危険だがもっとも警戒すべきはその強力な闇魔法である。,冥界ゴルフの伝説的チャンプで規定打数より３打少なくカップインさせることをゲルバトロスと呼ぶそうな。,"2026-03-12 13:59:58","2026-07-27 15:17:45"
514,518,マーズフェイス,マーズフェイス,"Face of Mars",12,0,,https://www.d-quest-10.com/detail/a00478.html,/storage/images/monsters/514.webp,夜空からこぼれ落ちた燃える隕石に意思が宿った。表情をクルクルと変化させて攻撃力やテンションアップ！,強さも生きている場所もまったく異なっているのになぜかタコメットには愛着を感じているらしい。,"2026-03-12 14:00:01","2026-07-27 15:17:45"
515,519,バジリスケイル,バジリスケイル,Basiliscale,9,0,,https://www.d-quest-10.com/detail/a00600.html,/storage/images/monsters/515.webp,長いウデからくりだすダブルクローやブレス攻撃での中距離戦を得意とする戦闘経験豊富なモンスター。,毒気のある空気が好物なのでつらいことがあると鋭いツメにしみこませた毒をなめて元気を出すのだ。,"2026-03-12 14:00:04","2026-07-27 15:17:45"
516,520,ぐんたいガニ・強,グンタイガニ・キョウ,"Vicious Crabid",9,0,,https://www.d-quest-10.com/detail/a00665.html,/storage/images/monsters/516.webp,"ケタ違いの強さを持つ 邪悪な ぐんたいガニ。赤く鋭い眼光には 激しい殺意が宿っている。","カニ・フォースと呼ばれる エリートぐんたいガニによる百戦錬磨の最強軍の伝説が 魔物界では語り継がれている。","2026-03-12 14:00:07","2026-07-27 15:36:22"
517,521,トリカトラプス,トリカトラプス,Trikaceratops,2,0,,https://www.d-quest-10.com/detail/a00204.html,/storage/images/monsters/517.webp,はるかいにしえの時代より地上にいた紅き魔獣。岩石のように身を重くして何者にも動じない。,寒いときは群れで身を寄せ合って眠っているが近すぎるとトゲが刺さって眠れないジレンマに苦しむ。,"2026-03-12 14:00:15","2026-08-03 12:10:41"
518,522,トンブレロ・強,トンブレロ・キョウ,"Vicious Ham Shamwitch",2,0,,https://www.d-quest-10.com/detail/a00741.html,/storage/images/monsters/518.webp,"ケタ違いの強さを持つ 邪悪な トンブレロ。赤く鋭い眼光には 激しい殺意が宿っている。","魔界をさすらうトンブレロ。何より自由を愛しているが故郷のあの娘を思い出すと ソンブレロを目深にかぶる。","2026-03-12 14:00:18","2026-08-03 12:10:41"
519,523,ドラポヨロン,ドラポヨロン,"Tubby Dracky",6,0,,https://www.d-quest-10.com/detail/a00628.html,/storage/images/monsters/519.webp,"ドラキーの突然変異体。 ボミオスを唱えて足止めし自慢の豊満ボディを活かしたプレスで一網打尽にする。",ぽっこりお腹に寄りかかると身体にジャストフィットして起き上がりたくなくなる。人をダメにするドラキー。,"2026-03-12 14:00:21","2026-07-27 15:17:45"
520,524,ストーンマン,ストーンマン,"Stone Golem",12,0,,https://www.d-quest-10.com/detail/a00146.html,/storage/images/monsters/520.webp,魔物たちが石を積みあげて作ったといわれる魔人。そのため炎の呪文に強く殴られてもビクともしない。,石の身体は地味だなあといつもため息ばかり。キラキラのゴールドマンがちょっとうらやましい。,"2026-03-12 14:00:24","2026-07-27 15:17:45"
521,525,ブルサベージ,ブルサベージ,Tormentaur,4,0,,https://www.d-quest-10.com/detail/a00264.html,/storage/images/monsters/521.webp,深い地底で生まれ育ったチカラがすべての剛力王。怒って暴れはじめたら誰も手がつけられない。,魔界のブルドーザーと呼ばれキラースコップの工事現場で大活躍を見せている。弁当は百人前たいらげる。,"2026-03-12 14:00:28","2026-08-03 12:09:04"
522,526,インフェルノ,インフェルノ,Inferno,7,0,,https://www.d-quest-10.com/detail/a00609.html,/storage/images/monsters/522.webp,"邪神をあがめる集団が儀式に 使っていた炎に命が宿った。のろいのきりを放ち生ける者 すべてを呪い殺す邪悪な存在。","その体温は意外と低く闇系の技ばかり得意なのがじつは密かなコンプレックス。 もっと熱く燃え盛りたいのに！","2026-03-12 14:00:30","2026-07-27 15:17:45"
523,527,バーサーカー,バーサーカー,Berserker,8,0,,https://www.d-quest-10.com/detail/a00612.html,/storage/images/monsters/523.webp,"魔物界きっての暴れん坊。 時には敵味方かまわず襲いかかることもあり 魔物からも恐れられている。","モンスター反復横跳びの世界記録を持っており その本気のステップは残像が見えるほどだという。","2026-03-12 14:00:34","2026-07-27 15:17:45"
524,528,原罪のやどりぎ,ゲンザイノヤドリギ,Sinistletoe,3,0,,https://www.d-quest-10.com/detail/a00785.html,/storage/images/monsters/524.webp,"罪人を探し 飛び回る 翼のはえた木の魔物。その巨大な目玉は いかなる罪も見逃さない。","原罪のやどりぎに 見つめられた者はあまりの眼力に耐えきれず 自ら罪を告白するという。","2026-03-12 14:00:39","2026-07-27 15:36:49"
525,529,サーバルスカイ,サーバルスカイ,"Sky Cat",2,0,,https://www.d-quest-10.com/detail/a00792.html,/storage/images/monsters/525.webp,"大空を華麗に舞う猫魔族。 マホトラで奪った魔力でマホカンタをとなえる。 魔法が好きなのか嫌いなのか？","晴れた日の青い空が大好きで 天気の変化に敏感。サーバルスカイが顔を洗うのは 雨が降る前触れらしい。","2026-03-12 14:00:43","2026-08-03 12:10:41"
526,530,おおさそり,オオサソリ,Scorpion,5,0,,https://www.d-quest-10.com/detail/a00632.html,/storage/images/monsters/526.webp,突然変異で巨大化したサソリ。巨体をいかした回転アタックとしっぽの先の大きな毒針によるマヒ攻撃をしかけてくる。,自慢のしっぽはじつは重くて構えるだけでそこそこ大変。気を抜いて自分のアタマに刺さりそうになったことも。,"2026-03-12 14:00:46","2026-07-27 15:36:57"
527,531,テンツク,テンツク,Slugger,5,0,,https://www.d-quest-10.com/detail/a00638.html,/storage/images/monsters/527.webp,"ひょうきんな踊りを見せつけて 旅人にまとわりつく魔物。油断すると次々に仲間を呼び すっかり囲まれてしまう。","テンツク界にはピラミッド型の きびしい階級制度が存在し究極へ至った１体のテンツクが その頂点に君臨しているとか。","2026-03-12 14:00:54","2026-07-27 15:37:00"
528,532,マッドファルコン,マッドファルコン,Terrorhawk,6,0,,https://www.d-quest-10.com/detail/a00613.html,/storage/images/monsters/528.webp,"火山の炎より生まれるという凶炎の魔鳥。メダパニで敵を混乱させ 体内に宿した炎を容赦なく吹きつけてくる。","にじくじゃくに対してはあこがれとジェラシーと ちょっぴりの友情……とにかく 複雑な感情を抱いている。","2026-03-12 14:01:06","2026-07-27 15:17:45"
529,533,おおがらす,オオガラス,"Stark Raven",6,0,,https://www.d-quest-10.com/detail/a00684.html,/storage/images/monsters/529.webp,"巨大化したカラスの魔物。止まり木代わりのがいこつはお気に入りの逸品だが いざとなれば投げつけてくる。","夫婦となったおおがらすは たがいのがいこつを交換し永遠の愛を誓う習性がある。なくすと大事になるのだ。","2026-03-12 14:01:10","2026-07-27 15:37:07"
530,534,メタルドラゴン,メタルドラゴン,"Metal Dragon",13,0,,https://www.d-quest-10.com/detail/a00561.html,/storage/images/monsters/530.webp,警報で仲間を呼び集めミサイルをブッ放し巨大な身体で踏みつける脅威のメタル製ドラゴン。,魔界のからくり技師集団がその技術の粋を集めて作った最終兵器。メタルを冠するが経験値が多かったりはしない。,"2026-03-12 14:01:13","2026-07-27 15:17:45"
531,535,シャドーサタン,シャドーサタン,Hypothermion,4,0,,https://www.d-quest-10.com/detail/a00593.html,/storage/images/monsters/531.webp,三つ目が特徴な影の悪魔。いかにも悪そうな見た目だがベホマラーで仲間をいやす心優しい一面もある。,魔界でもかなり高位の悪魔だがなぜか知名度は低い。影が薄いことを気にしてあえて自らシャドーを名乗る。,"2026-03-12 14:01:20","2026-08-03 12:09:04"
532,536,ダークファンタズマ,ダークファンタズマ,Shadeshifter,7,0,,https://www.d-quest-10.com/detail/a00610.html,/storage/images/monsters/532.webp,"はるか昔ほのおのせんしとたもとを分かった戦闘部族。 ドルマドンややみのブレスをあやつる まさに闇の申し子。",闇の領界で暮らしたかったが笑顔でオノを振りまわすくびかりぞくに恐れをなして住みかを移したらしい。,"2026-03-12 14:01:23","2026-07-27 15:17:45"
533,537,黒ごまキッズ,クロゴマキッズ,"Silly Seedling",3,0,,https://www.d-quest-10.com/detail/a00782.html,/storage/images/monsters/533.webp,"地面に落ちた黒ごまが集まり 月日を経て小山になった頃意思を持って動き出した ごま濃度１００％の妖精。","要はごまの塊なので 歩くとパラパラと落ちコイツの歩く後には香ばしい セサミロードができるらしい。","2026-03-12 14:01:26","2026-07-27 15:37:21"
534,538,スライムナイト・強,スライムナイト・キョウ,"Vicious Slime Knight",1,0,,https://www.d-quest-10.com/detail/a00724.html,/storage/images/monsters/534.webp,"ケタ違いの強さを持つ 邪悪な スライムナイト。赤く鋭い眼光には 激しい殺意が宿っている。","厳しい修行を共に乗り越えた 親友同士のスライムとナイト。俺たちの武器はこの友情だと 熱いコメントを残している。","2026-03-12 14:01:31","2026-07-27 15:37:25"
535,539,コキュードス,コキュードス,"Icicle Dragon",11,0,,https://www.d-quest-10.com/detail/a00549.html,/storage/images/monsters/535.webp,猛吹雪に襲われ凍え死んだ多種多様な獣たちの骨が集まり竜の姿をマネて動き出した。ブレスですべてを凍てつかす。,"わてかて息くらいはしますえ。 あんたらといっしょや！こうして吸うてはいて…… そうどす。これは呼吸どす！","2026-03-12 14:01:34","2026-07-27 15:17:45"
536,540,ドラゴンソルジャー,ドラゴンソルジャー,Tyrantosaurus,11,0,,https://www.d-quest-10.com/detail/a00615.html,/storage/images/monsters/536.webp,"ドラゴン族の誇り高き戦士。自らの身体以上に重いオノを軽々と持ち上げ 振り回し あらゆるものを粉砕する。","魔物界の傭兵リザードマンが メタル狩りの手伝いばかりを依頼され 無心でこなすうちにレベルアップした姿だとか。","2026-03-12 14:01:38","2026-07-27 15:17:45"
537,541,おばけキノコ,オバケキノコ,Funghoul,3,0,,https://www.d-quest-10.com/detail/a00666.html,/storage/images/monsters/537.webp,"じめじめした場所に群生する 巨大な人面キノコ。ひと吸いで深い眠りに落とされてしまう あまいいきには注意しよう。","旅人を眠らせた後は みっちり胞子を植えつける。その旅人を苗床にして今日も キノコは増えつづけていく。","2026-03-12 14:01:41","2026-07-27 15:37:36"
538,542,クラウンヘッド,クラウンヘッド,"Moai Minstrel",12,0,,https://www.d-quest-10.com/detail/a00085.html,/storage/images/monsters/538.webp,奇妙なメイクをほどこした巨大な顔の魔物。道化師のような多彩な技で敵をほんろうする。,最近お肌が荒れてるのはバッチリメイクのせいかしら？でももうスッピンでは出歩けなくなっちゃったのよ！,"2026-03-12 14:01:44","2026-07-27 15:17:45"
539,543,キラーアーマー,キラーアーマー,"Lethal Armour",12,0,,https://www.d-quest-10.com/detail/a00540.html,/storage/images/monsters/539.webp,"返り血で染まったよろいがひとりでに動きはじめた。 キングダムソードをかかげ獲物の守備力を下げてくる。","しにがみのきしとは赤いヨロイ同士 競い合う仲。 ヨロイの大きさでは負けるが赤さでは勝っている！","2026-03-12 14:01:47","2026-07-27 15:17:45"
540,544,はりつきあくま,ハリツキアクマ,"Belly Stick",4,0,,https://www.d-quest-10.com/detail/a00640.html,/storage/images/monsters/540.webp,"まぶしい光で視力をうばい やけつくいきを吹きかけて獲物が苦しんでいる姿を ながめて楽しむ残忍な悪魔。","常に全体重を支える両ウデは 攻撃に使えば強力無比だが使えば地面に落ちること 必至のため文字通り奥の手だ。","2026-03-12 14:01:49","2026-08-03 12:09:04"
541,545,まおうのかげ,マオウノカゲ,Umbra,7,0,,https://www.d-quest-10.com/detail/a00597.html,/storage/images/monsters/541.webp,"はるか昔 偉大な魔王の影が強い魔力をおびて動きだした。ザラキーマを唱えて冒険者を死の淵へと引きずり込む。",魔王の強すぎる魔力によって他の影系魔物たちとは違うあざやかな真紅の姿となった。これも魔王様のおかげ！,"2026-03-12 14:01:52","2026-07-27 15:37:49"
542,546,ヘブンバルーン,ヘブンバルーン,"Heaven Balloon",7,0,,https://www.d-quest-10.com/detail/a00781.html,/storage/images/monsters/542.webp,"ふよふよと宙に浮く 真っ赤な風船型のモンスター。まんまるな見た目とは裏腹に キレキレのダンスを披露する。","ヘブンバルーンに出会うと 歓迎に死のおどりを踊られて天に召されてしまうことから その名がついたとか。","2026-03-12 14:01:54","2026-07-27 15:37:52"
543,547,ばくだんサーカス,バクダンサーカス,Pantomine,8,0,,https://www.d-quest-10.com/detail/a00619.html,/storage/images/monsters/543.webp,"メガザルロックで玉乗りする身の安全を重視した道化師。 さまざまな妙技で敵をけちらし 悪夢のような舞台を演出する。","魔界サーカスで披露するメガザル芸は鉄板ネタらしい。 尊い自己犠牲が感動の涙を誘い 拍手喝采が鳴りやまないとか。","2026-03-12 14:01:57","2026-07-27 15:17:45"
544,548,キマイラロード,キマイラロード,Alphyn,2,0,,https://www.d-quest-10.com/detail/a00064.html,/storage/images/monsters/544.webp,伝説の魔物たちを合成しおぞましい生物が誕生した。テンションバーンを使い強烈なイオナズンをはなつ。,べリアルの翼とバズズの胴体そしてキングレオの頭を組み合わせた究極の生命体。だが本家にはかなわない。,"2026-03-12 14:02:00","2026-08-03 12:10:41"
545,549,まかいじゅう,マカイジュウ,Gnumesis,2,0,,https://www.d-quest-10.com/detail/a00306.html,/storage/images/monsters/545.webp,魔界を根城としている超重量級の魔獣。その歩みを止めようとする者は彼のおたけびの餌食になる。,まかいじゅうは魔界獣なのか魔怪獣なのかどっちだろうと魔界中のモンスターの間で激論が交わされている。,"2026-03-12 14:02:03","2026-08-03 12:10:41"
546,550,オークィーン,オークィーン,"Orc Queen",2,0,,https://www.d-quest-10.com/detail/a00557.html,/storage/images/monsters/546.webp,やさしき心を紅の毛皮に隠し多くのオークを統率する華麗なるオークの女王。回復呪文で仲間を助けちゃう。,魔物博士イワノフの論文によりオークィーンは女王ではなく単に大食いのオークであるとの新説がこのたび発表された。,"2026-03-12 14:02:07","2026-08-03 12:10:41"
547,551,ドラゴンゾンビ,ドラゴンゾンビ,"Dragon Zombie",11,0,,https://www.d-quest-10.com/detail/a00203.html,/storage/images/monsters/547.webp,骨になっても怨念で動くドラゴンのしかばね。高い攻撃力とＨＰを誇りかがやく息をも操る。,地下深くで眠っていたいにしえのドラゴンの化石。かつて自分を倒した人間に復讐するため動きだした。,"2026-03-12 14:02:11","2026-07-27 15:17:45"
548,552,キメラ・強,キメラ・キョウ,"Vicious Chimaera",6,0,,https://www.d-quest-10.com/detail/a00685.html,/storage/images/monsters/548.webp,"ケタ違いの強さを持つ 邪悪な キメラ。赤く鋭い眼光には 激しい殺意が宿っている。","ある魔王がハゲタカとヘビを合成して完成した魔物。手元にタカと竜がなかったので 代わりに使ったと魔王は語る。","2026-03-12 14:02:14","2026-07-27 15:38:13"
549,553,まじんブドゥ,マジンブドゥ,"Djinn Genie",4,0,,https://www.d-quest-10.com/detail/a00601.html,/storage/images/monsters/549.webp,"荒れ狂う嵐の中から生まれた 災いを呼ぶ魔神。 容赦なく 攻撃呪文を浴びせ 苦しむ人を見るのが 大好き。","じつはブドゥというのは 本名ではなく 一種の芸名。 プライバシー保護のため 本当の名前は明かしていない。","2026-03-12 14:02:17","2026-08-03 12:09:04"
550,554,オーガキング,オーガキング,Testudogre,8,0,,https://www.d-quest-10.com/detail/a00035.html,/storage/images/monsters/550.webp,旅人の前に立ちはだかるシールドオーガの王様。あやしいひとみで相手を深い眠りにさそう。,地獄のチカラを秘めた巨大な盾は王位とともに代々継承されているらしい。盾の顔は初代王のものだ。,"2026-03-12 14:02:21","2026-07-27 15:17:45"
551,555,くびなが大師,クビナガダイシ,"Blue Giraffe",2,0,,https://www.d-quest-10.com/detail/a00546.html,/storage/images/monsters/551.webp,きびしい修行の果てに首がのび、崇められるに至った行者魔物。おどるように華麗な棍さばきでばくれつ棍をくりだしてくる。,出自が竜なのかキリンなのか学界でも意見が分かれておりもとは錬金術で生み出された合体魔物だとする説もある。,"2026-03-12 14:02:25","2026-08-03 12:10:41"
552,556,メガトンチャンプ,メガトンチャンプ,"Megaton Champ",2,0,,https://www.d-quest-10.com/detail/a00594.html,/storage/images/monsters/552.webp,たたかいの舞で気分を盛り上げヒップインパクトで大暴れする魔物界の闘技場チャンピオン。階級はもちろん無差別級！,ヒップインパクトの強化のため体重の増加に余念がない。食って寝て鍛えてのサイクルを１日３回くり返している。,"2026-03-12 14:02:28","2026-08-03 12:10:41"
553,557,サイおとこ・強,サイオトコ・キョウ,"Vicious Rhinothrope",2,0,,https://www.d-quest-10.com/detail/a00686.html,/storage/images/monsters/553.webp,"ケタ違いの強さを持つ 邪悪な サイおとこ。赤く鋭い眼光には 激しい殺意が宿っている。","魔王に仕えることが サイおとこのステイタス。ボスに大魔王を持つことは サイおとこの悲願でもある。","2026-03-12 14:02:30","2026-08-03 12:10:41"
554,558,スーパーテンツク,スーパーテンツク,Sluggernaut,5,0,,https://www.d-quest-10.com/detail/a00641.html,/storage/images/monsters/554.webp,"がむしゃらな修行時代を経て ただのテンツクを卒業しメガザルダンスを会得した さらにうっとうしいテンツク。","ひらテンツクには尊敬されるし 上を見ればキリがないからと向上心を失いがちなこの時期は テンツクの暗黒期と呼ばれる。","2026-03-12 14:02:33","2026-07-27 15:38:34"
555,559,カナリアーノ,カナリアーノ,Canaryano,6,0,,https://www.d-quest-10.com/detail/a00645.html,/storage/images/monsters/555.webp,"カゴと一体化した虹色の怪鳥。嵐を呼び しゃくねつを放って縄張りを侵す敵が息絶えるまでしつこく追いかけまわす。","鳥カゴにしか見えない部分は露出した骨格の一部らしい。繁殖期のメスは カゴの内部に産卵して外敵からヒナを守る。","2026-03-12 14:02:37","2026-07-27 15:38:37"
556,560,ソードマカブル,ソードマカブル,"Deadly Blade",12,0,,https://www.d-quest-10.com/detail/a00559.html,/storage/images/monsters/556.webp,"しびれ薬を浴びた剣の魔物。 ぞっとするような金切り声で仲間を呼び集め四方八方から旅人を切り裂いてしまう。",魔界のダンスホールで剣舞を披露していたが他の客から生キズが絶えないと苦情が出て出入り禁止にされてしまった。,"2026-03-12 14:02:41","2026-07-27 15:17:45"
557,561,ばくだん岩・強,バクダンイワ・キョウ,"Vicious Rockbomb",12,0,,https://www.d-quest-10.com/detail/a00679.html,/storage/images/monsters/557.webp,"ケタ違いの強さを持つ 邪悪な ばくだんいわ。赤く鋭い眼光には 激しい殺意が宿っている。","横たえた罪人の腹の上に ばくだん岩を置き 少しずつたたきながら追い詰めるという 拷問が魔界にあるらしい。","2026-03-12 14:02:43","2026-07-27 15:38:44"
558,563,カーディナルナイト,カーディナルナイト,"Cardinal Knight",4,0,,https://www.d-quest-10.com/detail/a00560.html,/storage/images/monsters/558.webp,死のチカラをあやつる高貴な闇の聖騎士。強力な呪文と剣技で立ちはだかる敵を滅殺する。,"重要な物事を決める時 やたらと多数決にしたがる困ったクセがある。そのため損な選択をすることも度々。","2026-03-12 14:02:46","2026-08-03 12:09:04"
559,564,アバランチャー,アバランチャー,Hyperboarean,2,0,,https://www.d-quest-10.com/detail/a00553.html,/storage/images/monsters/559.webp,"おおあばれしては雪崩を引きおこすメーワクな魔物。たたかいの舞で こうげき力が上がるとメーワク度も上がる。","手にした武器は自慢の業物だがそれ以上に自慢したいのが大きくて形のよいオシリ。でも見せるのは はずかしい。","2026-03-12 14:02:49","2026-08-03 12:10:41"
560,565,さんぞくウルフ・強,サンゾクウルフ・キョウ,"Vicious Ruff Ruffian",2,0,,https://www.d-quest-10.com/detail/a00737.html,/storage/images/monsters/560.webp,"ケタ違いの強さを持つ 邪悪な さんぞくウルフ。赤く鋭い眼光には 激しい殺意が宿っている。","以前は赤狼組に所属していたが 厳しい団則に耐えかねて華のウルフ道を踏み外し 外道ウルフになってしまった。","2026-03-12 14:02:53","2026-08-03 12:10:41"
561,566,ワニバーン,ワニバーン,Heligator,11,0,,https://www.d-quest-10.com/detail/a00583.html,/storage/images/monsters/561.webp,"シマを荒らす者は同族でも容赦しない 海のギャング。巨体を利用したボディプレスで何もかも 粉砕するぞ。",セキバーンという魔物に密かにライバル心を抱いている。同じバーンの名を持つ者なのになんでアイツばっかり……。,"2026-03-12 14:02:56","2026-07-27 15:17:45"
562,567,プテラノドン・強,プテラノドン・キョウ,"Vicious Pteranodon",6,0,,https://www.d-quest-10.com/detail/a00658.html,/storage/images/monsters/562.webp,"ケタ違いの強さを持つ 邪悪な プテラノドン。赤く鋭い眼光には 激しい殺意が宿っている。","数千年の時を生きる翼竜。長い間 この世界の歴史を見てきたが言葉を持たないので その知見を伝えるすべはない。","2026-03-12 14:02:59","2026-07-27 15:39:05"
563,568,たんすミミック,タンスミミック,"Wardrobe Mimic",12,0,,https://www.d-quest-10.com/detail/a00425.html,/storage/images/monsters/563.webp,油断してたんすを開いた者をアタマからパクッといく。さらにダイナミックな動きで痛恨の一撃をくりだすのだ。,宝箱に化けるつもりが何を間違えたかたんすに変身してしまったミミック。ここに新種の魔物が誕生した。,"2026-03-12 14:03:02","2026-07-27 15:17:45"
564,569,スライムマデュラ,スライムマデュラ,"Darkonium Slime",1,0,,https://www.d-quest-10.com/detail/a00562.html,/storage/images/monsters/564.webp,マデュライトと呼ばれる未知の鉱物でできたスライム。自らの中心に光を集めてマデュライトビームを放つ。,未知の鉱物マデュライトには人を魔物に変える作用がある。とぼけた顔をしているがおぞましいスライムなのだ。,"2026-03-12 14:03:04","2026-07-27 15:17:45"
565,570,ごうけつぐま,ゴウケツグマ,"Ursa Minor",2,0,,https://www.d-quest-10.com/detail/a00627.html,/storage/images/monsters/565.webp,"気性の荒すぎる巨大なクマ。 誰彼かまわずケンカをしかけくらえば致命的な一撃を放つきわめてタチの悪い相手だ。",幼少期のかわいい子ぐま時代にいじめられたトラウマからやられる前にやる性格に。今では立派な乱暴者になった。,"2026-03-12 14:03:08","2026-08-03 12:10:41"
566,571,プリズニャン・強,プリズニャン・キョウ,"Vicious Jailcat",2,0,,https://www.d-quest-10.com/detail/a00677.html,/storage/images/monsters/566.webp,"ケタ違いの強さを持つ 邪悪な プリズニャン。赤く鋭い眼光には 激しい殺意が宿っている。","監獄帰りの過去を持つ なんだか貫禄があるネコ。罪状は魔王の玉座でツメとぎをしたこと。","2026-03-12 14:03:11","2026-08-03 12:10:41"
567,572,イエローファット,イエローファット,"Grand Yellow Belly",11,0,,https://www.d-quest-10.com/detail/a00603.html,/storage/images/monsters/567.webp,リザードファッツとは別の進化をとげた黄色の巨竜。ひかりのブレスやリベホイムの呪文も使えるようになった。,全身が黄色く染まっているのはじつは太りすぎによる健康状態への危険信号だという説もささやかれている。,"2026-03-12 14:03:15","2026-07-27 15:39:22"
568,573,にじくじゃく,ニジクジャク,"Prism Peacock",6,0,,https://www.d-quest-10.com/detail/a00616.html,/storage/images/monsters/568.webp,"虹色に輝く巨大な羽根は鳥魔物界の王者の証。 メラガイアーや しゃくねつですべての敵を焼き尽くす。","その虹色の羽毛の美しさは 高温の炎であぶることでいっそう輝きを増すという。マッチポンプ美容術の使い手。","2026-03-12 14:03:18","2026-07-27 15:17:45"
569,574,ズッキーニャ,ズッキーニャ,Cruelcumber,3,0,,https://www.d-quest-10.com/detail/a00659.html,/storage/images/monsters/569.webp,"廃棄されたズッキーニに邪悪な魂が宿った魔物。手にしたヤリで狙った獲物を メッタ突きにするのが好き。",同じヤリ使いとしてオークにはライバル心を抱いている。さみだれづきの命中率で勝負したいと思っているとか。,"2026-03-12 14:03:21","2026-07-27 15:39:30"
570,575,デスマーキュリー,デスマーキュリー,Mortcury,12,0,,https://www.d-quest-10.com/detail/a00563.html,/storage/images/monsters/570.webp,異界の空から降ってきた凍てつく隕石に意思が宿った。イオグランデの呪文ですべての敵をなぎ払う。,デスマーキュリーを見た者は遠からず死ぬというウワサだがそもそもこんな凶悪な魔物と出会ったらだいたい死ぬ。,"2026-03-12 14:03:24","2026-07-27 15:17:45"
571,576,キラーマシン2,キラーマシン2,"Overkilling machine",13,0,,https://www.d-quest-10.com/detail/a00604.html,/storage/images/monsters/571.webp,三種の武器をはげしく振り回し痛恨の一撃で獲物を仕留める。２の名を冠するにふさわしい無慈悲な殺りくマシンだ。,"伝説の機械戦士に似すぎではとクレームが出たこともあるが開発者いわく パクリではなくオマージュだと主張している。","2026-03-12 14:03:27","2026-07-27 15:17:45"
572,577,ジュラシックロイド,ジュラシックロイド,"Jurassic Droid",13,0,,https://www.d-quest-10.com/detail/a00634.html,/storage/images/monsters/572.webp,竜を模して造られた戦闘機械。鋼鉄のツメと伸縮するしっぽが主な武器だが内燃機関を利用し高熱の炎を吹きだすことも。,帝国の魔神兵とは明らかに異なる技術で造られておりガテリア皇国の秘密兵器が野生化した物と言われている。,"2026-03-12 14:03:31","2026-07-27 15:39:40"
573,578,エメラルドーン,エメラルドーン,Emeraldon,4,0,,https://www.d-quest-10.com/detail/a00481.html,/storage/images/monsters/573.webp,大オノを自在に振り回し烈風の呪文をたたきつけ近付く者を地獄送りにするエメラルド色した異形の魔神。,風かおる５月生まれの彼。美しい深緑のボディが何より自慢でヒマさえあれば自分みがきに余念がない。,"2026-03-12 14:03:34","2026-08-03 12:09:04"
574,579,スペースデーモン,スペースデーモン,Spacebonnet,4,0,,https://www.d-quest-10.com/detail/a00500.html,/storage/images/monsters/574.webp,隕石から生まれたという戦闘に特化した宇宙生命体。呼吸器官から生成した毒素で獲物をじわじわ苦しめる。,言葉や文字を持たず全ての感情を攻撃で表現する。胸に秘めた愛を伝えるため相手を殺してしまうことも。,"2026-03-12 14:03:38","2026-08-03 12:09:04"
575,580,デスロマニズム,デスロマニズム,"Death Romanism",12,0,,https://www.d-quest-10.com/detail/a00706.html,/storage/images/monsters/575.webp,"マデッサンスに飾られた絵だが 美術館の警備も務める魔物。この絵画の思想が昇華されてワイルドフォビズムとなった。","魔界では軽視されがちだった 死という概念に 美を見出し魔界芸術史で一時代を築いた。運動の中心は マデサゴーラ。","2026-03-12 14:03:41","2026-07-27 15:39:50"
576,581,マジックデモニスム,マジックデモニスム,"Magic Demonism",12,0,,https://www.d-quest-10.com/detail/a00705.html,/storage/images/monsters/576.webp,"マデッサンスに飾られた絵だが 美術館の警備も務める魔物。この絵画の思想が昇華されてエビルキュビズムとなった。","古来より 魔界で主流派だったヘルデモニスムの発展理念。前期と後期で表現技法が異なり 後期の代表はマデサゴーラ。","2026-03-12 14:03:44","2026-07-27 15:39:53"
577,582,スーパーダーキズム,スーパーダーキズム,"Super Darkism",12,0,,https://www.d-quest-10.com/detail/a00704.html,/storage/images/monsters/577.webp,"魔幻園に飾られる絵だが 美術館の警備も兼ねている。この絵画の思想が昇華されてダークレアリズムとなった。","万物の混沌を表す暗黒の美を 探求せんとした芸術上の理念。提唱した 著名な芸術家はマデサゴーラである。","2026-03-12 14:03:47","2026-07-27 15:39:57"
578,583,ガニメデス,ガニメデス,Ganymede,4,0,,https://www.d-quest-10.com/detail/a00769.html,/storage/images/monsters/578.webp,高度な呪文をとなえる使い魔。ベホイムで形勢を立て直して大火力呪文で攻め立てる。戦いの終盤は特に油断禁物だ。,"強大な呪文使いでありながら 使い魔としての特技は給仕。俊敏な動きで飛び回り 決して 主人や客の酒杯を空にしない。","2026-03-12 14:03:50","2026-08-03 12:09:04"
579,591,マジックフライ・強,マジックフライ・キョウ,"Vicious Splutterfly",5,0,,https://www.d-quest-10.com/detail/a00712.html,/storage/images/monsters/579.webp,"ケタ違いの強さを持つ 邪悪な マジックフライ。赤く鋭い眼光には 激しい殺意が宿っている。","テンションの上がらないときは 美しい羽で旅人を惑わせてイオナズンでぶっとばすのが最高のストレス解消法。","2026-03-12 14:03:53","2026-07-27 15:40:11"
580,588,だいまじん,ダイマジン,"Stone Guardian",12,0,,https://www.d-quest-10.com/detail/a00393.html,/storage/images/monsters/580.webp,民衆を救う巨大な神像が魔王に寝返り暴れはじめた。飛び跳ねてじひびきを起こしおそろしい災害を招く。,魔王に寝返る前は闇を払い世界の危機を救う破魔のだいまじんとしてあがめられていた。,"2026-03-12 14:03:55","2026-07-27 15:17:45"
581,587,あくま神官・強,アクマシンカン・キョウ,"Vicious Wrecktor",4,0,,https://www.d-quest-10.com/detail/a00731.html,/storage/images/monsters/581.webp,"ケタ違いの強さを持つ 邪悪な あくま神官。赤く鋭い眼光には 激しい殺意が宿っている。","自慢の法衣は 汚れると自分で洗濯している。水が冷たくてあかぎれができ この時だけは教会に戻りたいと思ったり。","2026-03-12 14:03:59","2026-08-03 12:09:04"
582,586,メイジももんじゃ,メイジモモンジャ,"Crack-Billed Platypunk",2,0,,https://www.d-quest-10.com/detail/a00768.html,/storage/images/monsters/582.webp,"魔法が得意な ももんじゃ。 大きなクチバシでとなえる強烈な呪文の威力は あなどれぬもんじゃ。","今でこそ ももんじゃ界の 偉大な重鎮と呼ばれておるがこれでも若い頃はブイブイ 言わせていたもんじゃ。","2026-03-12 14:04:02","2026-08-03 12:10:41"
583,589,ヒッポカンバー,ヒッポカンバー,Hippocamper,2,0,,https://www.d-quest-10.com/detail/a00585.html,/storage/images/monsters/583.webp,水流をものともせずに海底を自在に駆けまわる海馬。暗黒のきりで弱らせた相手に痛恨の一撃をおみまいする。,地上にいる馬という生物と一度駆けくらべしたいと願っているが悲しいかな生きている世界が遠すぎた。,"2026-03-12 14:04:05","2026-08-03 12:10:41"
584,590,グリングリン,グリングリン,Gringlin,2,0,,https://www.d-quest-10.com/detail/a00774.html,/storage/images/monsters/584.webp,"大森林のごとき深緑の体毛を 持つ魔獣。ラリホーマで眠らせ痛恨の一撃を放つ凶悪な戦法で 見た目の愛らしさを裏切る。","名前の由来は体毛の色でなく グリングリンと巻かれた豊かな尻尾から。一族の中でも大胆で ストレートな名づけ方である。","2026-03-12 14:04:08","2026-08-03 12:10:41"
585,592,ジャンガラ,ジャンガラ,Jungleye,4,0,,https://www.d-quest-10.com/detail/a00784.html,/storage/images/monsters/585.webp,"頭上から獲物に狙いを定め 呪いのきり まぶしいひかりで自分のペースに巻き込む おそるべき空の刺客。","歌うのが好きでヒマな時は 身体をゆらして独特の歌とも唸り声ともつかぬ音を発する。これをジャンガラ節と呼ぶ。","2026-03-12 14:04:10","2026-08-03 12:09:04"
586,593,ピンキーマッシュ,ピンキーマッシュ,"Pink Mushroom",1,0,,https://www.d-quest-10.com/detail/a00791.html,/storage/images/monsters/586.webp,"あやしい胞子で旅人を 幻惑させた上にマヒと毒でさらなる苦しみを与える 見た目に寄らぬ非道スライム。","意外なことにキノコが嫌いで 身体に生えたキノコを場所を考えず投げ捨てるため 自己中と嫌われている。","2026-03-12 14:04:13","2026-07-27 15:40:36"
587,594,シルバーベア,シルバーベア,"Silver Bear",2,0,,https://www.d-quest-10.com/detail/a00630.html,/storage/images/monsters/587.webp,"ふさふさとした白銀の毛皮が自慢の巨大なシロクマ。 野性の本能で氷属性の攻撃をくり出してくる。",その名前と真っ白な体毛から年寄りぐまと勘違いされ妙に親切にされた経験があり非常にフンガイしている。,"2026-03-12 14:04:16","2026-08-03 12:10:41"
588,595,オベルジーヌ,オベルジーヌ,Ubergine,3,0,,https://www.d-quest-10.com/detail/a00780.html,/storage/images/monsters/588.webp,"品種改良を続けるうち 突然変異し白くなったナス。目立つのでよく鳥につつかれ 逃げるうち心身が鍛えられた。","オシャレな名が並のナスとは ひと味違うと自負しているがそれもナスの別名であるとは ご存じないようだ。","2026-03-12 14:04:19","2026-07-27 15:40:43"
589,596,おどるほうせき・強,オドルホウセキ・キョウ,"Vicious Goodybag",12,0,,https://www.d-quest-10.com/detail/a00692.html,/storage/images/monsters/589.webp,"ケタ違いの強さを持つ 邪悪な おどるほうせき。赤く鋭い眼光には 激しい殺意が宿っている。","輝く宝石は呪われており それを手にした者たちは想像を絶する不幸な最期を迎えるといわれている。","2026-03-12 14:04:23","2026-07-27 15:40:46"
590,597,おにびドングリ,オニビドングリ,"Leafy Lampling",12,0,,https://www.d-quest-10.com/detail/a00783.html,/storage/images/monsters/590.webp,"固いカラに秘められし 炎のチカラで相手の強さを試すため襲いかかってくる。火の粉 ひばしらに要注意だ。","あやつる炎は心に燃やした 勇気の証。仲間たちとの楽しいドングリライフを守るため 今日も戦い続けるのだ。","2026-03-12 14:04:26","2026-07-27 15:40:50"
591,598,蒼炎の使徒,ソウエンノシト,Apostandle,12,0,,https://www.d-quest-10.com/detail/a00767.html,/storage/images/monsters/591.webp,"高熱の蒼い炎を灯す魔物。 クールに見えるが闘争心が強く魔力を高めたメラゾーマで 灰になるまで敵を焼き尽くす。","ろうそくの魔物を捕まえては 蒼い炎はイケてるとそそのかし高値で種火を買わせる。これが本当の炎上商法か？","2026-03-12 14:04:28","2026-07-27 15:40:53"
592,599,あらなわ明神,アラナワミョウジン,Angerope,12,0,,https://www.d-quest-10.com/detail/a00775.html,/storage/images/monsters/592.webp,"しめなわとして使われていた なわに魂が宿り動きだした。やわらかいウデを使った 豊富な手技は あなどれない。","人に害を成すとされる場所を 封印するために身体を張ったが心ない者に引きちぎられた。彼の心は怒りに震えている。","2026-03-12 14:04:31","2026-07-27 15:40:57"
593,600,メカバーン,メカバーン,Mechan-o'-Wyrm,13,0,,https://www.d-quest-10.com/detail/a00493.html,/storage/images/monsters/593.webp,金色に輝くボディを持つマシン系モンスターの王者。ふみつけ攻撃ひとつにも王者の風格をただよわす。,"その出自は謎に包まれているが異世界に君臨する魔王によって作られたと まことしやかに ウサワされている。","2026-03-12 14:04:34","2026-07-27 15:17:45"
594,601,くさった死体・強,クサッタシタイ・キョウ,"Vicious Walking Corpse",10,0,,https://www.d-quest-10.com/detail/a00694.html,/storage/images/monsters/594.webp,"ケタ違いの強さを持つ 邪悪な くさった死体。赤く鋭い眼光には 激しい殺意が宿っている。","魔界に出る くさった死体は 当然 もとは魔物の死体。ツノはくさっていく過程で抜け落ちてしまうらしい。","2026-03-12 14:04:37","2026-07-27 15:41:04"
595,602,クリムゾングレイブ,クリムゾングレイブ,"Crimson Glaive",4,0,,https://www.d-quest-10.com/detail/a00483.html,/storage/images/monsters/595.webp,おたけびで敵をすくませ巨大なマサカリを振り回しておおあばれする。メラガイアーにも注意だ。,おぞましいほどの真紅の肌は返り血で染まったものとも怒りによって変色したものとも言われている。,"2026-03-12 14:04:41","2026-08-03 12:09:04"
596,603,フンガー,フンガー,"Red Fang",2,0,,https://www.d-quest-10.com/detail/a00590.html,/storage/images/monsters/596.webp,怒りで常に血管が浮きでて身体が真っ赤に見える獣人。一気にハイテンションとなり猛烈に襲いかかってくる。,フンガーと鳴くのでそのまんま名付けられた。感情によって音の高低を使い分けるため多彩なフンガーがあるという。,"2026-03-12 14:04:43","2026-08-03 12:10:41"
597,604,ブルジャックル,ブルジャックル,"Blue Horn",2,0,,https://www.d-quest-10.com/detail/a00591.html,/storage/images/monsters/597.webp,"風をあやつる 牛型の魔獣。かちあげや痛恨の一撃でこちらを追いつめてからかまいたちで とどめを刺す。",赤と青の色合いのせいで格下のオーガとペアに見られることが多くひそかにキズついている。,"2026-03-12 14:04:46","2026-08-03 12:10:41"
598,605,ネクロバルサ,ネクロバルサ,Togre,8,0,,https://www.d-quest-10.com/detail/a00217.html,/storage/images/monsters/598.webp,神の怒りを買い怪物にされた哀れな英雄の末路。痛恨の一撃やジゴデインで立ち向かう者を蹴散らす。,ある神学者は語る。ネクロバルサはかつて禁断の呪文ジゴデインを神から盗みだしたのだと。,"2026-03-12 14:04:49","2026-07-27 15:17:46"
599,606,コーラルディモス,コーラルディモス,"Coral Dimos",2,0,,https://www.d-quest-10.com/detail/a00582.html,/storage/images/monsters/599.webp,"闇の呪法により 海中での活動が可能になった合成獣。海の中だろうと流星を降らせしゃくねつの炎をまきちらす。",あざやかな体色を利用しサンゴに擬態してエモノを襲う優秀なハンター。長時間動かない忍耐強さも持つ。,"2026-03-12 14:04:52","2026-08-03 12:10:41"
600,607,リザードマン・強,リザードマン・キョウ,"Vicious Mandrake Major",11,0,,https://www.d-quest-10.com/detail/a00736.html,/storage/images/monsters/600.webp,"ケタ違いの強さを持つ 邪悪な リザードマン。赤く鋭い眼光には 激しい殺意が宿っている。","華麗な魔法戦士になるという 夢をあきらめきれずひたすら修行に打ち込んだ結果 無敵の剣士へと成長した。","2026-03-12 14:04:57","2026-07-27 15:41:26"
601,608,れんごくまちょう,レンゴクマチョウ,"Bird of Terrordise",6,0,,https://www.d-quest-10.com/detail/a00633.html,/storage/images/monsters/601.webp,"煉獄の炎よりも紅き魔鳥はメダパニで敵をまどわせ れんごくかえん しゃくねつで生命をことごとく焼き尽くす。","ヒナの時は愛らしい姿だが 育つとムキムキのマッチョになってしまうため 飼いきれず捨てられることが多いようだ。","2026-03-12 14:05:01","2026-07-27 15:17:46"
602,609,じんめんじゅ・強,ジンメンジュ・キョウ,"Vicious Treeface",3,0,,https://www.d-quest-10.com/detail/a00667.html,/storage/images/monsters/602.webp,"ケタ違いの強さを持つ 邪悪な じんめんじゅ。赤く鋭い眼光には 激しい殺意が宿っている。","自分が襲った相手の養分を吸って成長していく。するとじんめんじゅの顔が 犠牲者に似ていくという。","2026-03-12 14:05:06","2026-07-27 15:41:34"
603,611,シルバリヌス,シルバリヌス,Silverine,4,0,,https://www.d-quest-10.com/detail/a00631.html,/storage/images/monsters/603.webp,"白銀の身体と金の髪を持つ 美しき 戦いの魔人。 まばゆく輝く金色のオノで 歯向かう者を一刀両断にする。","自慢の白さを保つため 身体の手入れは かかさない。 だが 両翼の裏がみがきにくく すこし黒ずんでいるらしい。","2026-03-12 14:05:09","2026-08-03 12:09:04"
604,612,岩のり童子,イワノリドウジ,Rockafeller,8,0,,https://www.d-quest-10.com/detail/a00773.html,/storage/images/monsters/604.webp,"小柄な見た目にそぐわず ばくれつ棍やイオナズンと強烈な技をくり出してくる 油断のならぬ曲芸師。","岩に乗るから この名前なのか 岩のりを主食とする習性からこう呼ばれるのか不明だが 岩のりは栄養満点だ！","2026-03-12 14:05:13","2026-07-27 15:41:44"
605,613,オーク・強,オーク・キョウ,"Vicious Orc",2,0,,https://www.d-quest-10.com/detail/a00660.html,/storage/images/monsters/605.webp,"ケタ違いの強さを持つ 邪悪な オーク。赤く鋭い眼光には 激しい殺意が宿っている。","大半のオークは兵士稼業だが 戦いばかりの人生に疲れ詩人や絵本作家を志す 変わり者もチラホラいるとか。","2026-03-12 14:05:16","2026-08-03 12:10:41"
606,614,じごくのおくり火,ジゴクノオクリヒ,"Lava Lampling",12,0,,https://www.d-quest-10.com/detail/a00752.html,/storage/images/monsters/606.webp,"地獄の業火を身の内に抱え ナワバリに侵入した冒険者をことごとく消し炭にする。 炎属性のスペシャリスト。","ナワバリ意識が強すぎて 同族間の争いが絶えない。冒険者よりも同族と戦っている 時間のほうが多いらしい。","2026-03-12 14:05:20","2026-07-27 15:41:51"
607,615,ラストテンツク,ラストテンツク,Sluggerslaught,5,0,,https://www.d-quest-10.com/detail/a00796.html,/storage/images/monsters/607.webp,"さそうおどりで攻撃を封じ 仲間よびで 魔物を集めてふくろだたきを もくろむ。すべてヤツの計画どおりだ！","いつでも声をかければ 仲間が来てくれるように日々あいさつやお歳暮 お中元 誕生日祝いは欠かさない。","2026-03-12 14:05:22","2026-07-27 15:41:55"
608,616,がいこつ・強,ガイコツ・キョウ,"Vicious Skeleton",10,0,,https://www.d-quest-10.com/detail/a00711.html,/storage/images/monsters/608.webp,"ケタ違いの強さを持つ 邪悪な がいこつ。赤く鋭い眼光には 激しい殺意が宿っている。","不断の努力で強くなったが やはり そのまんまな名前をつけられてしまった。訴訟も辞さない覚悟である。","2026-03-12 14:05:25","2026-07-27 15:41:59"
609,618,マリンスライム・強,マリンスライム・キョウ,"Vicious Seaslime",9,0,,https://www.d-quest-10.com/detail/a00717.html,/storage/images/monsters/609.webp,"ケタ違いの強さを持つ 邪悪な マリンスライム。赤く鋭い眼光には 激しい殺意が宿っている。","いじめられて 貝殻の中に 閉じこもり過ごしていた。殻の中でひたすら自分を鍛え 強く成長したという。","2026-03-12 14:05:28","2026-07-27 15:42:06"
610,619,プラチナサウルス,プラチナサウルス,Platinasaurus,13,0,,https://www.d-quest-10.com/detail/a00642.html,/storage/images/monsters/610.webp,"内燃機関を冷やすための 高度な冷却装置を備えておりそれを最大限活用して かがやくいきを放ってくる。","プラチナ製というわけでなく プラチナ級に強いという意味の名前だが部品を持ち去っていく 冒険者が後を絶たない。","2026-03-12 14:05:34","2026-07-27 15:42:09"
611,620,たてまじん・強,タテマジン・キョウ,"Vicious Peekabogre",8,0,,https://www.d-quest-10.com/detail/a00749.html,/storage/images/monsters/611.webp,"ケタ違いの強さを持つ 邪悪な たてまじん。赤く鋭い眼光には 激しい殺意が宿っている。","盾と肉体を徹底的に鍛え 鉄壁の防御力を手に入れたが本当に守りたかった存在の事は 忘れてしまった悲しき魔人。","2026-03-12 14:05:43","2026-07-27 15:42:12"
612,622,グリーンシザー・強,グリーンシザー・キョウ,"Vicious Green Scissors",5,0,,https://www.d-quest-10.com/detail/a00701.html,/storage/images/monsters/612.webp,"ケタ違いの強さを持つ 邪悪な グリーンシザー。赤く鋭い眼光には 激しい殺意が宿っている。","魔界兵器の第一人者が 開発した 通称シザー2号機。改良されたキャノン砲で 殺りく大臣賞をもらったとか。","2026-03-12 14:05:46","2026-07-27 15:42:20"
613,623,ソルジャーブル,ソルジャーブル,Warhog,2,0,,https://www.d-quest-10.com/detail/a00578.html,/storage/images/monsters/613.webp,勇猛果敢な魔獣の戦士。はげしいおたけびを上げひるんだ相手に剣を振りかざし強烈な斬撃をあびせる。,"かつてはレッド イエローとソルジャースリーなるチームを組んで暴れまわっていた。解散後はソロで活動している。","2026-03-12 14:05:54","2026-08-03 12:10:41"
614,624,きりさきピエロ・強,キリサキピエロ・キョウ,"Vicious Prickly Prankster",8,0,,https://www.d-quest-10.com/detail/a00661.html,/storage/images/monsters/614.webp,"ケタ違いの強さを持つ 邪悪な きりさきピエロ。赤く鋭い眼光には 激しい殺意が宿っている。","名の知れた剣豪だったが 争いに疲れピエロに転職。たまに昔の血がうずいて無性に斬りたくなるらしい。","2026-03-12 14:05:57","2026-07-27 15:42:26"
615,626,デスゴーゴン,デスゴーゴン,Gnuriel,2,0,,https://www.d-quest-10.com/detail/a00181.html,/storage/images/monsters/615.webp,冥府から現れた大怪獣。おぞましいのろいのきりややみのブレスをはいて地獄にたたきおとす。,牛っぽいからとコイツの肉をクチにした者にはたちまち石化の呪いがかかるという。死してなお油断ならぬ魔物。,"2026-03-12 14:06:00","2026-08-03 12:10:41"
616,627,おにこんぼう,オニコンボウ,"Night Clubber",11,0,,https://www.d-quest-10.com/detail/a00043.html,/storage/images/monsters/616.webp,巨大な棍棒を振り回し相手を地面にたたきつけるどっしりした凶暴な鬼神。すさまじくチカラが強い。,肉体を極限まで鍛えあげかつてのスリムだった身体はいまやこんな大きくなった。背中の翼じゃもう飛べない。,"2026-03-12 14:06:03","2026-07-27 15:17:46"
617,628,キングリザード,キングリザード,"Liege Lizard",11,0,,https://www.d-quest-10.com/detail/a00079.html,/storage/images/monsters/617.webp,竜に匹敵するチカラを持つ堂々たるトカゲたちの王。王の名に恥じぬ豪快な炎がそのクチからはなたれる。,キングリザードの雄姿にトカゲたちは夢を重ねる。トカゲのトカゲによるトカゲのための世界を！,"2026-03-12 14:06:07","2026-07-27 15:17:46"
618,629,デスフラッター,デスフラッター,"Raven Lunatic",6,0,,https://www.d-quest-10.com/detail/a00710.html,/storage/images/monsters/618.webp,死を招く巨大カラス。足元のがいこつを投げる上にしゃくねつの炎で敵を火葬にするのが得意戦法。,がいこつをコレクションして気に入ったものを持ち歩く。デスフラッターが集まればがいこつ自慢に花が咲く。,"2026-03-12 14:06:10","2026-07-27 15:42:44"
619,630,スペースデビル,スペースデビル,Rockbonnet,4,0,,https://www.d-quest-10.com/detail/a00501.html,/storage/images/monsters/619.webp,隕石から生まれたという戦闘に特化した宇宙生命体。動くものすべてを敵とみなし襲いかかってくる。,ひとつの星を滅ぼすと手足を丸め隕石に擬態して群れで宇宙を渡る。そして次の星を目指すのだ。,"2026-03-12 14:06:13","2026-08-03 12:09:04"
620,631,パンドラチェスト,パンドラチェスト,Pandoradrobe,12,0,,https://www.d-quest-10.com/detail/a00447.html,/storage/images/monsters/620.webp,魔力を宿した魔界のたんす。ザキや死のおどりを使い確実に獲物を仕留めてからパクリとひと飲みにする。,もともと人食いたんすというあんまりな名前だったがパンドラボックスに対抗してイケてる名前に改名した。,"2026-03-12 14:06:16","2026-07-27 15:17:46"
621,632,ホースデビル・強,ホースデビル・キョウ,"Vicious Gamigin",4,0,,https://www.d-quest-10.com/detail/a00735.html,/storage/images/monsters/621.webp,"ケタ違いの強さを持つ 邪悪な ホースデビル。赤く鋭い眼光には 激しい殺意が宿っている。","大量のせかいじゅの葉を確保しており 魔物たちに売りさばいているらしい。入手ルートは企業秘密。","2026-03-12 14:06:19","2026-08-03 12:09:04"
622,633,カラポッポ,カラポッポ,"Bird Cage",6,0,,https://www.d-quest-10.com/detail/a00779.html,/storage/images/monsters/622.webp,"見た目と名前のせいで軽く 見られがちだが鳥魔物の中でもにじくじゃく種と並んで 高位とされる炎の魔鳥。","カラポッポの名前の由来は おなかが空っぽだから説と吹き出す炎の音から説があり 学界では論争になっている。","2026-03-12 14:06:22","2026-07-27 15:42:58"
623,634,モスボーイ,モスボーイ,"Mossy Ghoul",8,0,,https://www.d-quest-10.com/detail/a00772.html,/storage/images/monsters/623.webp,"毒草を食べて育った小鬼。 ツメの先に体液をしたたらせ引っかいた敵をマヒや猛毒で 動けなくして捕食するという。","身体の緑色の部分には コケがびっしりと生えていて雨にぬれると胞子を飛ばし モスガールに猛アピールする。","2026-03-12 14:06:25","2026-07-27 15:43:01"
624,635,オルフェウス,オルフェウス,Orpheus,8,0,,https://www.d-quest-10.com/detail/a00766.html,/storage/images/monsters/624.webp,"美しき調べで人をあやつる おそろしき吟遊詩人。翼が生えてはいるが 天使ではないらしい。","イナズマのようにシビれる サウンドが彼の曲の特徴だがかの伝説的ロックバンドの パクリ疑惑も浮上している。","2026-03-12 14:06:28","2026-07-27 15:43:05"
625,637,スライムエンペラー,スライムエンペラー,"Emperor Slime",1,0,,https://www.d-quest-10.com/detail/a00488.html,/storage/images/monsters/625.webp,スライム界の頂点を極めた唯一絶対なる皇帝。ザオラルで仲間を生き返らせる慈愛の心を持つ名君。,腹黒なクイーンスライムの尻にしかれたキングスライムがある種の悟りを開いた時エンペラーに進化するという。,"2026-03-12 14:06:32","2026-07-27 15:17:46"
626,638,ドロヌーバ・強,ドロヌーバ・キョウ,"Vicious Mudraker",7,0,,https://www.d-quest-10.com/detail/a00748.html,/storage/images/monsters/626.webp,"ケタ違いの強さを持つ 邪悪な ドロヌーバ。赤く鋭い眼光には 激しい殺意が宿っている。","魔界の環境に適応しきれず ヒトとしての姿が崩れておぞましき不定形の怪物と なりはてた悲しき存在。","2026-03-12 14:06:35","2026-07-27 15:43:15"
627,639,マタンゴ,マタンゴ,"Morphean Mushroom",3,0,,https://www.d-quest-10.com/detail/a00751.html,/storage/images/monsters/627.webp,"エモノを眠らせることに 強烈な欲求を燃やしており攻撃した相手が眠らないと 密かに不機嫌になるという。","キノコ魔物のベテランとしては マッシュスライムら新米にはなめられまいと意識しているが 当然相手にされていない。","2026-03-12 14:06:39","2026-07-27 15:43:19"
628,640,疾風テング,シップウテング,"Gale Goblin",8,0,,https://www.d-quest-10.com/detail/a00765.html,/storage/images/monsters/628.webp,"疾風のごとき速さを誇る 妖怪。疾風突撃やバギクロスなど風にまつわる 強力な攻撃を得意とする。","テングを名乗っているものの 鼻が低いのがコンプレックス。美しく高い鼻を夢見て 密かに 鼻クリップを愛用している。","2026-03-12 14:06:42","2026-07-27 15:43:23"
629,642,ダッシュラン・強,ダッシュラン・キョウ,"Vicious Drag Racer",11,0,,https://www.d-quest-10.com/detail/a00740.html,/storage/images/monsters/629.webp,"ケタ違いの強さを持つ 邪悪な ダッシュラン。赤く鋭い眼光には 激しい殺意が宿っている。","さらなる高みを目指し 過酷な魔界を走りこんだ結果異常なまでに心肺がきたえられ 息は白くかがやきはじめた。","2026-03-12 14:06:44","2026-07-27 15:43:30"
630,643,ドラゴンキッズ・強,ドラゴンキッズ・キョウ,"Vicious Small Fry",11,0,,https://www.d-quest-10.com/detail/a00747.html,/storage/images/monsters/630.webp,"ケタ違いの強さを持つ 邪悪な ドラゴンキッズ。赤く鋭い眼光には 激しい殺意が宿っている。","大人なんか なれなくていいもん！そんな生意気な息攻撃が 二重の意味でとても痛い。","2026-03-12 14:06:47","2026-07-27 15:43:33"
631,646,サイレス・強,サイレス・キョウ,"Vicious Gryphon",6,0,,https://www.d-quest-10.com/detail/a00723.html,/storage/images/monsters/631.webp,"ケタ違いの強さを持つ 邪悪な サイレス。赤く鋭い眼光には 激しい殺意が宿っている。","静寂を愛するモンスター。話しかけられると相手を呪文で黙らせてしまうため 何年も会話していない。","2026-03-12 14:06:50","2026-07-27 15:43:44"
632,647,ジャンボドラキー,ジャンボドラキー,"Jumbo Dracky",6,0,,https://www.d-quest-10.com/detail/a00790.html,/storage/images/monsters/632.webp,"巨大な体躯を誇るドラキー。マホトーンで呪文を封じ得意のポヨロンプレスで あらゆる敵を圧殺する。","自分は断じてメタボではない。恵まれたフィジカルエリートのドラキーなのだと言い聞かせ 今日も間食に余念がない。","2026-03-12 14:06:53","2026-07-27 15:43:47"
633,648,グレイトマーマン,グレイトマーマン,Merderer,9,0,,https://www.d-quest-10.com/detail/a00521.html,/storage/images/monsters/633.webp,巨大なヤリを軽々と振り回し海を支配する雄々しき人魚。魔法も得意とし強力な呪文で敵を海のもくずに変える。,休日は深海の底で水圧に耐えながら素振りをしている。そのストイックな姿勢は全水系モンスターの尊敬の的。,"2026-03-12 14:06:56","2026-07-27 15:17:46"
634,649,わかめ王子・強,ワカメオウジ・キョウ,"Vicious King Kelp",9,0,,https://www.d-quest-10.com/detail/a00716.html,/storage/images/monsters/634.webp,"ケタ違いの強さを持つ 邪悪な わかめ王子。赤く鋭い眼光には 激しい殺意が宿っている。","類まれな強さと美声を持つ 魔のシンガーソングライター。新曲「かめはめルンバ」は魔物界のベストセラー！","2026-03-12 14:06:59","2026-07-27 15:43:54"
635,650,アンゴラー,アンゴラー,"Angola Lizard",11,0,,https://www.d-quest-10.com/detail/a00554.html,/storage/images/monsters/635.webp,雪と氷の中でも暮らせるのは光ブレスの熱のおかげだとか。バイキルトで攻撃力を高めしっぽを振り回す凶悪な奴。,"アンゴラモーアという魔物がいると知って以来 ひそかに対抗心を燃やしている。いつかライバル対決なるか？","2026-03-12 14:07:04","2026-07-27 15:17:46"
636,652,アンクルホーン,アンクルホーン,Moosifer,4,0,,https://www.d-quest-10.com/detail/a00508.html,/storage/images/monsters/636.webp,灼熱の炎と極寒の冷気を使う一騎当千の魔界の猛者。炎の鼻息を荒げながら目に入る全てを滅ぼしつくす。,紅蓮の肌は岩をも溶かす温度。溶かした岩に肩まで浸かり戦いの疲れをいやす魔界流の岩盤浴が毎夜の楽しみ。,"2026-03-12 14:07:07","2026-08-03 12:09:04"
637,654,フォンデュ・強,フォンデュ・キョウ,"Vicious Fromage Fray",12,0,,https://www.d-quest-10.com/detail/a00668.html,/storage/images/monsters/637.webp,"ケタ違いの強さを持つ 邪悪な フォンデュ。赤く鋭い眼光には 激しい殺意が宿っている。","天下に悪名高きチーズ怪盗。家庭料理からフルコースまで数多くのチーズを 華麗に盗んだ食い逃げ犯。","2026-03-12 14:07:11","2026-07-27 15:44:12"
638,656,ベヒードス,ベヒードス,Drakulurch,11,0,,https://www.d-quest-10.com/detail/a00462.html,/storage/images/monsters/638.webp,おのれに敵対する者は何人たりとも見逃さずじひびきやれんごく火球で敵全体を攻撃してくる。,医者からはダイエットをすすめられているのだがじひびきの威力を保つため命がけで大食いしている。,"2026-03-12 14:07:15","2026-07-27 15:17:46"
639,657,ホークマン・強,ホークマン・キョウ,"Vicious Hawk Man",6,0,,https://www.d-quest-10.com/detail/a00746.html,/storage/images/monsters/639.webp,"ケタ違いの強さを持つ 邪悪な ホークマン。赤く鋭い眼光には 激しい殺意が宿っている。","手にした剣は倒した敵から 奪ったもの。もっとも多くの剣を集めたホークマンが 一族の長と認められるという。","2026-03-12 14:07:18","2026-07-27 15:44:22"
640,658,ゴルゴンゾーラ,ゴルゴンゾーラ,Gorgonzola,12,0,,https://www.d-quest-10.com/detail/a00778.html,/storage/images/monsters/640.webp,"周囲に独特なニオイを まき散らすチーズの化身。その匂いは姿は見えずとも どこにいるかわかるほど強烈。","名前負けしていると言われ 悔しい思いをすることが多い。いつか名前通りの凶悪なボスに なろうと日々修練を重ねている。","2026-03-12 14:07:22","2026-07-27 15:44:25"
641,659,ファラリスブル,ファラリスブル,"Brazen Bull",8,0,,https://www.d-quest-10.com/detail/a00595.html,/storage/images/monsters/641.webp,荒野の死刑執行人として恐れられる獣人。その剛腕から放たれる痛恨の一撃に加え雷の呪文まで使いこなす。,じつは鉄球の扱いが苦手。素手で殴ったほうが効率的だが鉄球男子としてのプライドが日課の素振りを続けさせる。,"2026-03-12 14:07:25","2026-07-27 15:17:46"
642,662,ニードルマン・強,ニードルマン・キョウ,"Vicious Needleman",12,0,,https://www.d-quest-10.com/detail/a00700.html,/storage/images/monsters/642.webp,"ケタ違いの強さを持つ 邪悪な ニードルマン。赤く鋭い眼光には 激しい殺意が宿っている。","昔はかわいいお人形だったが 持ち主に捨てられてグレた。周囲をいっさい信用せず さわる者みなキズつける。","2026-03-12 14:07:28","2026-07-27 15:44:39"
643,663,トロルキング,トロルキング,"Great Troll",4,0,,https://www.d-quest-10.com/detail/a00453.html,/storage/images/monsters/643.webp,太古より息づいてきたトロル王家の末裔。痛恨の一撃を食らったら死を覚悟しよう。,いにしえのトロル王国はオーガとの覇権争いに敗れ高度な文明をすべて失い魔物に落ちぶれたのだとか。,"2026-03-12 14:07:31","2026-08-03 12:09:04"
644,664,ヘルプラネット,ヘルプラネット,Solaris,7,0,,https://www.d-quest-10.com/detail/a00639.html,/storage/images/monsters/644.webp,"地獄の底で生まれながら 天体を思わせる奇妙な魔物。闇の呪文を駆使し 生ける者を ことごとく死へといざなう。","衛星のように従う子分の 身体の色は忠誠心が高ければ青へと近づく。子分の忠誠心の 低さにため息が出る毎日。","2026-03-12 14:07:40","2026-07-27 15:44:46"
645,665,大王イカ,ダイオウイカ,"King Squid",9,0,,https://www.d-quest-10.com/detail/a00581.html,/storage/images/monsters/645.webp,"我こそは海の覇者たらんと海底の征服に乗り出した大王の中の大王。 すみをはいて視界をうばうぞ。",イカ界の頂点を目指し大王の地位まで上りつめたが大王以下と呼ばれているような気がして納得できない日々。,"2026-03-12 14:07:43","2026-07-27 15:17:46"
646,667,あやしいかげ・強,アヤシイカゲ・キョウ,"Vicious Shade",7,0,,https://www.d-quest-10.com/detail/a00688.html,/storage/images/monsters/646.webp,"ケタ違いの強さを持つ 邪悪な あやしいかげ。赤く鋭い眼光には 激しい殺意が宿っている。","暗夜にまぎれ 音もなく仕事をこなす魔界の殺し屋。過去に数多くの要人を 葬ってきたプロ中のプロ。","2026-03-12 14:07:47","2026-07-27 15:44:57"
647,671,リザードファッツ,リザードファッツ,Frou-Frou,11,0,,https://www.d-quest-10.com/detail/a00484.html,/storage/images/monsters/647.webp,体色が青くなり凶暴さを増した重量級の大トカゲ。おたけびで敵をひるませ重たいしっぽの一撃を加える。,ファッツと呼ばれているがまだまだポッチャリ気味で通ると思っている。無論それは幻想である。,"2026-03-12 14:07:52","2026-07-27 15:17:46"
648,672,カイザードラゴン,カイザードラゴン,"Royal Reptile",11,0,,https://www.d-quest-10.com/detail/a00509.html,/storage/images/monsters/648.webp,その圧倒的なカリスマ性でドラゴン界に君臨する皇帝。吐き出す炎は宝石のごとく高貴に輝き他者を魅了する。,片目を見開くだけで攻撃を無効化する能力を持っていた初代皇帝。その瞳の輝きを再現した宝石が竜眼だという。,"2026-03-12 14:07:56","2026-07-27 15:17:46"
649,673,ガメゴンロード,ガメゴンロード,Wyrtoise,11,0,,https://www.d-quest-10.com/detail/a00530.html,/storage/images/monsters/649.webp,マホカンタを得意とするガメゴンたちの王様。ガメゴン界で呪文を使えるのは相当のステータスなのだ。,覚えた呪文がマホカンタな辺りやはり王様はあなどれない。硬いこうらと魔法反射バリアで鉄壁のガードを展開だ！,"2026-03-12 14:07:59","2026-07-27 15:45:18"
650,676,いしにんぎょう・強,イシニンギョウ・キョウ,"Vicious Dirty Dogu",12,0,,https://www.d-quest-10.com/detail/a00699.html,/storage/images/monsters/650.webp,"ケタ違いの強さを持つ 邪悪な いしにんぎょう。赤く鋭い眼光には 激しい殺意が宿っている。","キモカワ系人形として マニアの間で人気が急上昇。本人もまんざらではないが 興味ない風をよそおっている。","2026-03-12 14:08:02","2026-07-27 15:45:28"
651,677,メイデンドール,メイデンドール,"Iron Maiden",12,0,,https://www.d-quest-10.com/detail/a00703.html,/storage/images/monsters/651.webp,"美しい姿で人間を魅了し 意のままにあやつる人形。あやつるのに飽きると今度は こごえるふぶきを浴びせる。","ワタシはキレイなお人形。ワタシと一緒に遊びましょう？遊んでくれないなら…… ワタシがアナタでアソブわね。","2026-03-12 14:08:06","2026-07-27 15:45:32"
652,678,デスカイザー,デスカイザー,"Master Moosifer",4,0,,https://www.d-quest-10.com/detail/a00611.html,/storage/images/monsters/652.webp,爆炎と竜巻を自在に操りトドメのしゃくねつの炎で戦場を地獄と化す。魔界にその名をとどろかす豪傑。,"カイザーと呼ばれているが 国も家臣も持った例はない。 立派なヒゲのせいでついた あだ名だなんて今更言えない！","2026-03-12 14:08:09","2026-08-03 12:09:04"
653,680,マッドルーパー・強,マッドルーパー・キョウ,"Vicious Axolotl",9,0,,https://www.d-quest-10.com/detail/a00680.html,/storage/images/monsters/653.webp,"ケタ違いの強さを持つ 邪悪な マッドルーパー。赤く鋭い眼光には 激しい殺意が宿っている。","身体に砂をため込んだ 大きくて重いモンスター。砂をすべて出してしまうと 半分くらいの大きさになる。","2026-03-12 14:08:12","2026-07-27 15:45:42"
654,674,マージマタンゴ,マージマタンゴ,"Mushroom Mage",3,0,,https://www.d-quest-10.com/detail/a00789.html,/storage/images/monsters/654.webp,"不気味なカサを揺らして現れ どくどくキノコの時限爆弾とマヒャドで敵を翻弄する キノコ界のファンタジスタ。","どくどくキノコで出現する 小さなキノコは一説によるとマージマタンゴの幼生だと ウワサされている。","2026-03-12 14:08:16","2026-07-27 15:45:21"
655,679,あかつきの神兵,アカツキノシンペイ,"Daybreak Soldier",4,0,,https://www.d-quest-10.com/detail/a00788.html,/storage/images/monsters/655.webp,密命を帯びた仮面の騎士。夜明け前の闇に紛れコウモリを従えて現れる。痛恨の一撃には要注意。,"召喚するコウモリのために 木の実や昆虫などのおやつをマントの裏に隠し持っている。おやつの切れ目が縁の切れ目。","2026-03-12 14:08:19","2026-08-03 12:09:04"
656,684,アームライオン・強,アームライオン・キョウ,"Vicious Hellion",2,0,,https://www.d-quest-10.com/detail/a00734.html,/storage/images/monsters/656.webp,"ケタ違いの強さを持つ 邪悪な アームライオン。赤く鋭い眼光には 激しい殺意が宿っている。",魔界の大食いチャンピオン。4つのハンバーガーを手にし大きなクチで一気食いする。その食いっぷり正に縦横無尽。,"2026-03-12 14:08:23","2026-08-03 12:10:41"
657,685,しにがみきぞく・強,シニガミキゾク・キョウ,"Vicious Bone Baron",10,0,,https://www.d-quest-10.com/detail/a00709.html,/storage/images/monsters/657.webp,"ケタ違いの強さを持つ 邪悪な しみがみきぞく。赤く鋭い眼光には 激しい殺意が宿っている。","魔界に豪華な邸宅を持ち 狩りとった魂を調理してディナーを楽しむなど 優雅な暮らしを送っている。","2026-03-12 14:08:26","2026-07-27 15:45:59"
658,689,くらやみハーピー,クラヤミハーピー,Succubat,6,0,,https://www.d-quest-10.com/detail/a00727.html,/storage/images/monsters/658.webp,"大きな羽で闇夜を飛びまわる 美しく華麗なモンスター。その魅力で相手を骨抜きにし 鋭いツメで切り裂く。","フワフワの羽毛でくり出される ぱふぱふはまさに天国の心地。だが 下手すると本当に 天国送りにされるのでご注意。","2026-03-12 14:08:31","2026-07-27 15:46:13"
659,690,さまようよろい・強,サマヨウヨロイ・キョウ,"Vicious Restless Armour",12,0,,https://www.d-quest-10.com/detail/a00708.html,/storage/images/monsters/659.webp,"ケタ違いの強さを持つ 邪悪な さまようよろい。赤く鋭い眼光には 激しい殺意が宿っている。","「打倒！ 魔王」を誓うも 志半ばで倒れた騎士のよろい。執念だけで動いてはいるが 目的を忘れた哀れな抜けがら。","2026-03-12 14:08:34","2026-07-27 15:46:16"
660,691,エンタシスマン・強,エンタシスマン・キョウ,"Vicious Prancing Pillar",12,0,,https://www.d-quest-10.com/detail/a00733.html,/storage/images/monsters/660.webp,"ケタ違いの強さを持つ 邪悪な エンタシスマン・強。赤く鋭い眼光には 激しい殺意が宿っている。","修行して踊りのキレは増したが 振りがマンネリなのが不満。新たな踊りを編み出すべく 日々練習に はげんでいる。","2026-03-12 14:08:37","2026-07-27 15:46:20"
661,695,デビルアーマー・強,デビルアーマー・キョウ,"Vicious Harmour",12,0,,https://www.d-quest-10.com/detail/a00722.html,/storage/images/monsters/661.webp,"ケタ違いの強さを持つ 邪悪な デビルアーマー。赤く鋭い眼光には 激しい殺意が宿っている。","鎧の中には誰もいないが なぜか目が光っている。内側にたまったガスが 燃えているだけという説も。","2026-03-12 14:08:40","2026-07-27 15:46:34"
662,696,ガルバ・強,ガルバ・キョウ,"Vicious Sootbonce",4,0,,https://www.d-quest-10.com/detail/a00761.html,/storage/images/monsters/662.webp,"ケタ違いの強さを持つ 邪悪な ガルバ。赤く鋭い眼光には 激しい殺意が宿っている。","相棒のゴルバのねちっこい性格を 嫌った過去もあったが 彼の慎重さに救われることも多く 今となっては感謝しかない。","2026-03-12 14:08:43","2026-08-03 12:09:04"
663,697,ゴルバ・強,ゴルバ・キョウ,"Vicious Smogbonnet",4,0,,https://www.d-quest-10.com/detail/a00760.html,/storage/images/monsters/663.webp,"ケタ違いの強さを持つ 邪悪な ゴルバ。赤く鋭い眼光には 激しい殺意が宿っている。","相棒のガルバのアタマの悪さに 呆れた過去もあったが 彼の明るさに救われることも多く 今となっては尊敬している。","2026-03-12 14:08:46","2026-08-03 12:09:04"
664,701,パンプキッズ・強,パンプキッズ・キョウ,"Vicious Pumpkid",3,0,,https://www.d-quest-10.com/detail/a00726.html,/storage/images/monsters/664.webp,"ケタ違いの強さを持つ 邪悪な パンプキッズ。赤く鋭い眼光には 激しい殺意が宿っている。","キッズと名乗ってはいるが この道ウン十年のベテラン。踊りのキレも愛らしさも 若いモンには負けないぜ！","2026-03-12 14:08:49","2026-07-27 15:46:54"
665,706,てつのさそり,テツノサソリ,"Iron Scorpion",5,0,,https://www.d-quest-10.com/detail/a00715.html,/storage/images/monsters/665.webp,"鉄の殻でおおわれたサソリ。ただでさえ硬い身体をスクルトでさらに強化する カタくて一本気なヤツ。","自慢のアイアンボディだが メンテナンスにはひと苦労。表面がくもってくると砂嵐に 飛び込んでピカピカにする。","2026-03-12 14:08:53","2026-07-27 15:47:12"
666,707,デスクローゼット,デスクローゼット,Mimicloset,12,0,,https://www.d-quest-10.com/detail/a00795.html,/storage/images/monsters/666.webp,"決して開けてはならないと 言われる恐怖のたんす。呪文で混乱させてから ゆっくりと獲物を飲み込む。","かくれんぼでクローゼットに 隠れた子供が姿を消した。後日 クローゼットの中から 子供の骨が発見された……。","2026-03-12 14:08:56","2026-07-27 15:47:15"
667,708,パペットマン・強,パペットマン・キョウ,"Vicious Magic Marionette",12,0,,https://www.d-quest-10.com/detail/a00698.html,/storage/images/monsters/667.webp,"ケタ違いの強さを持つ 邪悪な パペットマン。赤く鋭い眼光には 激しい殺意が宿っている。","ふしぎなおどりの不思議さも パワーアップしているらしいがどのへんが変わったかは相当の目利きでもわからないという。","2026-03-12 14:09:00","2026-07-27 15:47:19"
668,709,ヘルビースト・強,ヘルビースト・キョウ,"Vicious Sculptrice",4,0,,https://www.d-quest-10.com/detail/a00745.html,/storage/images/monsters/668.webp,"ケタ違いの強さを持つ 邪悪な ヘルビースト。 赤く鋭い眼光には 激しい殺意が宿っている。","マヒャデドスを唱えようとして マヒャドデスと言ってしまい 恥ずかしさのあまり 石像に戻りたくなったらしい。","2026-03-12 14:09:03","2026-08-03 12:09:04"
669,712,ドラゴンライダー,ドラゴンライダー,"Dragon Rider",11,0,,https://www.d-quest-10.com/detail/a00732.html,/storage/images/monsters/669.webp,"その名の通りドラゴンを駆り 大空を翔ける戦士。剣による攻撃だけでなく 竜のブレスにも注意が必要だ。","じつはあまり高く飛べないのが目下の悩みのタネ。愛竜から過酷なダイエットメニューを 渡されて困り果てている。","2026-03-12 14:09:06","2026-07-27 15:47:33"
670,715,ヘルカッチャ・強,ヘルカッチャ・キョウ,"Vicious Masqueraider",13,0,,https://www.d-quest-10.com/detail/a00759.html,/storage/images/monsters/670.webp,"ケタ違いの強さを持つ 邪悪な ヘルカッチャ。赤く鋭い眼光には 激しい殺意が宿っている。",邪神信仰の異形の一族。成人時に七柱の邪神の中から推しの邪神を選ぶ。人気ナンバーワンは虚無。,"2026-03-12 14:09:09","2026-07-27 15:47:43"
671,716,ベレス・強,ベレス・キョウ,"Vicious Beleth",4,0,,https://www.d-quest-10.com/detail/a00739.html,/storage/images/monsters/671.webp,"ケタ違いの強さを持つ 邪悪な ベレス。赤く鋭い眼光には 激しい殺意が宿っている。","鎌がよく似合う魔物を選ぶ ベスト鎌ニスト投票で冥王ネルゲルに僅差で敗れ 一方的にライバル視している。","2026-03-12 14:09:13","2026-08-03 12:09:04"
672,717,テンタクルス,テンタクルス,Squidzilla,9,0,,https://www.d-quest-10.com/detail/a00587.html,/storage/images/monsters/672.webp,多足を活かして連続こうげきや回転アタックを仕掛けてくるおそるべき海の悪魔。船を沈めるのが生きがい。,青白く発光するボディはテンタクルスにとって自慢。ついつい不要に光っては海の生物をおびえさせている。,"2026-03-12 14:09:16","2026-07-27 15:17:46"
673,724,ホワイトパンサー,ホワイトパンサー,"Silver Sabrecat",2,0,,https://www.d-quest-10.com/detail/a00777.html,/storage/images/monsters/673.webp,"純白の体毛が美しいが とてつもなく凶暴な獣。痛恨の一撃をくり出し 葬った獲物は数知れず。","ものすごくキレイ好き。汚れや返り血を落とすため獲物をしとめた後は必ず 川や湖などに入って洗う。","2026-03-12 14:09:19","2026-08-03 12:10:41"
674,725,ブラックドラゴン,ブラックドラゴン,"Black Dragon",11,0,,https://www.d-quest-10.com/detail/a00574.html,/storage/images/monsters/674.webp,常闇の竜と呼ばれる存在の末裔たる凶悪なドラゴン。やみのブレスや呪文に加え巨体を活かした強烈な攻撃も。,始祖たる常闇の竜は炎の領界で眠りについたため闇の領界で暮らしてきた彼らはその存在に気付いていない。,"2026-03-12 14:09:22","2026-07-27 15:48:15"
675,726,フェアリーバット,フェアリーバット,"Fruity Succubat",6,0,,https://www.d-quest-10.com/detail/a00754.html,/storage/images/monsters/675.webp,"魔物らしからぬ魅惑的な姿で 冒険者を油断させ 愛きょうをふりまきメロメロにする。狡知に長けた魔物である。","戦いに自信を持つ冒険者を 魅了のまなざしで魅了してのどぶえをかき切る行為に 無上の喜びを感じている。","2026-03-12 14:09:25","2026-07-27 15:48:19"
676,728,メカジラフ,メカジラフ,Gearaffe,13,0,,https://www.d-quest-10.com/detail/a00755.html,/storage/images/monsters/676.webp,"修理いらずで数千年もの間 稼働できる驚異の耐久性。魔界技術の粋をつめ込んだ 頑強無比の戦闘マシン。","闇のキリンジの強さにあやかり 外見が決められたらしい。その開発には先代魔仙卿も 関わっているとのウワサだ。","2026-03-12 14:09:28","2026-07-27 15:48:26"
677,729,グレイトドラゴン,グレイトドラゴン,"Great Dragon",11,0,,https://www.d-quest-10.com/detail/a00596.html,/storage/images/monsters/677.webp,いにしえの時代から息づく竜たちの英雄。黄金色の身体に月日をかけて霊光を貯め込み強烈なひかりのブレスを放つ。,ドラゴンキッズに聞いた将来なりたい竜ランキングで２５年連続ナンバーワン！グレイトな雄姿は皆の憧れだ。,"2026-03-12 14:09:31","2026-07-27 15:48:30"
678,730,ゴーレム・強,ゴーレム・キョウ,"Vicious Golem",12,0,,https://www.d-quest-10.com/detail/a00697.html,/storage/images/monsters/678.webp,"ケタ違いの強さを持つ 邪悪な ゴーレム。赤く鋭い眼光には 激しい殺意が宿っている。","彼が守っていた町は 大昔に滅ぼされたが今も変わらず跡地に立ち続け 誰もいない廃墟を守っている。","2026-03-12 14:09:35","2026-07-27 15:48:33"
679,737,ビッグファング,ビッグファング,Crocodog,11,0,,https://www.d-quest-10.com/detail/a00714.html,/storage/images/monsters/679.webp,"ニヒルな笑みを浮かべると 鋭くとがった牙がギラリ。巨体から放つボディプレスや テールスイングも脅威。","その名前に恥じないように 牙の手入れには余念がない。色と形には自信があるが 肝心の大きさは やや不満。","2026-03-12 14:09:38","2026-07-27 15:48:57"
680,738,ハーベストドラゴ,ハーベストドラゴ,"Harvest Dragon",11,0,,https://www.d-quest-10.com/detail/a00771.html,/storage/images/monsters/680.webp,"黄金の大樹を 背に生やす竜。バイキルトで攻撃力を高めて巨体で たたきつぶしてくる。やけつくいきにも要注意だ。","強大で尊大な竜は語った。オレは収穫される側じゃない。オレが冒険者を収穫するから この名を与えられたのだと。","2026-03-12 14:09:41","2026-07-27 15:49:01"
681,739,デスマドモアゼル,デスマドモアゼル,"Golden Girl",12,0,,https://www.d-quest-10.com/detail/a00794.html,/storage/images/monsters/681.webp,"敵対する相手をも 魅了してしまう魔性の人形。もてあそぶのに飽きると 死の呪文で命を奪う。","魅了された者にはこの人形が 最愛の人に映ると言われる。身体に受ける痛みさえも 愛の証に感じるのだろう……。","2026-03-12 14:09:44","2026-07-27 15:49:04"
682,740,クラーゴン,クラーゴン,Tentacular,9,0,,https://www.d-quest-10.com/detail/a00689.html,/storage/images/monsters/682.webp,"イカに似た巨体の持ち主で おそるべき海の怪物として伝承に語りつがれる。9本の触手が最大の武器。","タコは8本。イカなら10本。9本の触手を持つ自分はどちらでもない特別な存在だと信じ 心の支えにしている。","2026-03-12 14:09:47","2026-07-27 15:49:08"
683,745,バザックス・強,バザックス・キョウ,"Vicious Tyrannoceratops",2,0,,https://www.d-quest-10.com/detail/a00721.html,/storage/images/monsters/683.webp,"ケタ違いの強さを持つ 邪悪な バザックス。赤く鋭い眼光には 激しい殺意が宿っている。","敵を見ると炎を吹きながら 突進してくれる習慣があり『炎の暴走特急』と呼ばれ 恐れられている。","2026-03-12 14:09:50","2026-08-03 12:10:41"
684,753,グレンデル,グレンデル,Thwarthog,2,0,,https://www.d-quest-10.com/detail/a00787.html,/storage/images/monsters/684.webp,"真っ青な巨体が異彩を放つ 凶暴な曲刀使い。 その巨体から くり出される ばくれつざんは破壊力満点。","見た目に反して心根は優しく 武骨な手から放たれる 不器用なベホイミは効果以上に いやされると評判である。","2026-03-12 14:09:55","2026-08-03 12:10:41"
685,755,死のさそり,シノサソリ,"Death Scorpion",5,0,,https://www.d-quest-10.com/detail/a00764.html,/storage/images/monsters/685.webp,"姿を見た者に死を招くと 言われる恐ろしいさそり。するどい針のひと刺しで 息の根を止める殺し屋。","毒針で刺すのは親愛の証。 同族には毒の耐性があるがそれ以外は死んでしまうので 不思議に思っているらしい。","2026-03-12 14:09:59","2026-07-27 15:50:00"
686,763,シャイニング・強,シャイニング・キョウ,"Vicious Spitnik",7,0,,https://www.d-quest-10.com/detail/a00758.html,/storage/images/monsters/686.webp,"ケタ違いの強さを持つ 邪悪な シャイニング。赤く鋭い眼光には 激しい殺意が宿っている。","我が身の炎を活用して 毎日バーベキューパーティーを開くほどのアクティブな性格。生まれついての陽キャ。","2026-03-12 14:10:02","2026-07-27 15:50:28"
687,714,ブラッドレディ,ブラッドレディ,"Vampire Succubat",6,0,,https://www.d-quest-10.com/detail/a00763.html,/storage/images/monsters/687.webp,"滴りおちる血のように 赤い翼を持つ美しき妖魔。桃色の嵐を巻き起こし 相手を骨抜きにする。","ひたいのハートマークは 恋がかなうおまじない。好きな人にアタックできない ウブで純な面もある。","2026-03-12 14:10:05","2026-07-27 15:47:40"
688,781,ジェイドマスク,ジェイドマスク,"Jade Moai",12,0,,https://www.d-quest-10.com/detail/a00770.html,/storage/images/monsters/688.webp,"ヒスイで作られた 巨大な顔面の彫刻の魔物。その輝きはすべてを 凍りつかせるほどの荘厳さ。","ヒスイで できているため 表面がツルツルしておりザラザラのビッグモアイからは 羨望の眼差しで見られている。","2026-03-12 14:10:08","2026-07-27 15:51:31"
689,788,キングスライム・強,キングスライム・キョウ,"Vicious King Slime",1,0,,https://www.d-quest-10.com/detail/a00725.html,/storage/images/monsters/689.webp,"ケタ違いの強さを持つ 邪悪な キングスライム。赤く鋭い眼光には 激しい殺意が宿っている。","魅惑のほほえみを浮かべる 自称スライム界の大魔王。魔王たる貫録を身につけるため ドカ食いしてこの巨体を得た。","2026-03-12 14:10:11","2026-07-27 15:51:56"
690,789,りゅうぐう王,リュウグウオウ,Nessicure,11,0,,https://www.d-quest-10.com/detail/a00586.html,/storage/images/monsters/690.webp,深海の支配者と恐れられるどう猛な海竜の王。凍てついた氷の精神を持ち冷気を宿す攻撃を得意とする。,リュウグウノツカイという魚を自分の臣下だと思っているが実際にはなんの関係もない。じつは悲しい裸の王様だった。,"2026-03-12 14:10:14","2026-07-27 15:17:46"
691,797,キングリザード・強,キングリザード・キョウ,"Vicious Liege Lizard",11,0,,https://www.d-quest-10.com/detail/a00757.html,/storage/images/monsters/691.webp,"ケタ違いの強さを持つ 邪悪な キングリザード。赤く鋭い眼光には 激しい殺意が宿っている。",トカゲこそ最強！世界からドラゴンを駆逐しトカゲによる下克上を企む。それこそ我が野望なりィ！！,"2026-03-12 14:10:18","2026-07-27 15:52:27"
692,802,キラーマシン・強,キラーマシン・キョウ,"Vicious Killing Machine",13,0,,https://www.d-quest-10.com/detail/a00670.html,/storage/images/monsters/692.webp,"ケタ違いの強さを持つ 邪悪な キラーマシン。赤く鋭い眼光には 激しい殺意が宿っている。",ドルセリンに魔力を混合した新種の燃料を採用することで燃費の向上に成功した。おかげで家計も大助かりだ。,"2026-03-12 14:10:21","2026-07-27 15:52:44"
693,805,ギガントモンキー,ギガントモンキー,"Gigant Gorilla",2,0,,https://www.d-quest-10.com/detail/a00776.html,/storage/images/monsters/693.webp,"巨大なサルのような姿だが ドラゴンだという説もある。呪文も使うが腕力に 訴えるほうを好むようだ。","自分はサルかドラゴンか？ そんなことはどうでもいい。彼の興味は今夜のディナーを 何にするか……それだけだ。","2026-03-12 14:10:24","2026-08-03 12:10:41"
694,806,まおうのつかい・強,マオウノツカイ・キョウ,"Vicious Demon-at-arms",10,0,,https://www.d-quest-10.com/detail/a00696.html,/storage/images/monsters/694.webp,"ケタ違いの強さを持つ 邪悪な まおうのつかい。赤く鋭い眼光には 激しい殺意が宿っている。","村や町を滅ぼした数で 魔王から出る俸給が決まる。100個の集落を滅ぼすと 特別手当が出るらしい。","2026-03-12 14:10:28","2026-07-27 15:52:58"
695,807,ライオネック,ライオネック,Hyperanemon,4,0,,https://www.d-quest-10.com/detail/a00720.html,/storage/images/monsters/695.webp,"強烈なバギクロスで 敵を一気になぎ倒す冷酷非情な 悪魔界の エリート・オブ・エリート。","エリート街道を歩むがゆえに 魔界ではモテモテらしいが交際経験は意外と少なく じつは とってもウブらしい。","2026-03-12 14:10:33","2026-08-03 12:09:04"
696,809,ギガンテス・強,ギガンテス・キョウ,"Vicious Gigantes",4,0,,https://www.d-quest-10.com/detail/a00662.html,/storage/images/monsters/696.webp,"ケタ違いの強さを持つ 邪悪な ギガンテス。赤く鋭い眼光には 激しい殺意が宿っている。","魔物界の掃除屋と恐れられる 凶悪でどん欲な巨人。会心のランドインパクトで 大地と相手を粉々に砕く。","2026-03-12 14:10:36","2026-08-03 12:09:04"
697,812,デュラハーン,デュラハーン,Dullahan,10,0,,https://www.d-quest-10.com/detail/a00707.html,/storage/images/monsters/697.webp,"冥界の首なし騎士。バイキルトで強化してからふりまわされる鉄球は 多くの首級を挙げてきた。","持っている盾にも意思があり よく身体とケンカする。くちゲンカでは盾の圧勝だが 最終的には鉄球で沈黙する。","2026-03-12 14:10:41","2026-07-27 15:53:19"
698,818,ミミック・強,ミミック・キョウ,"Vicious Mimic",12,0,,https://www.d-quest-10.com/detail/a00695.html,/storage/images/monsters/698.webp,"ケタ違いの強さを持つ 邪悪な ミミック。赤く鋭い眼光には 激しい殺意が宿っている。","きっと中にはレアものが……。ミミック・強の危険な魅力に人々の目はくらんでしまう。宝もいいが いのちだいじに。","2026-03-12 14:10:45","2026-07-27 15:53:41"
699,820,ダークトロル,ダークトロル,"Terror Troll",4,0,,https://www.d-quest-10.com/detail/a00719.html,/storage/images/monsters/699.webp,"幾多の罪なき命を奪い続け 悪に染まりきったトロル。自らをバイキルトで強化し 痛恨の一撃で相手を粉砕する。","彼にとって戦いとは戯れ。相手をたたいて ふみつけてつぶして ぺえしゃんこにして 動かなくなるまで遊びつくす。","2026-03-12 14:10:48","2026-08-03 12:09:04"
700,825,闇のキリンジ,ヤミノキリンジ,"Dark Giraffe",2,0,,https://www.d-quest-10.com/detail/a00693.html,/storage/images/monsters/700.webp,"幼い頃から将来を期待されたジラフ族の天才児だったが長ずるにつれ闇に惹かれて 道を踏み外してしまった。","かけられた期待へのストレスと 天才ゆえのごう慢さが悪い方に作用して すっかり残忍で排他的な性格に育った。","2026-03-12 14:10:51","2026-08-03 12:10:41"
701,826,スケアフレイル,スケアフレイル,"Dark Dullahan",10,0,,https://www.d-quest-10.com/detail/a00750.html,/storage/images/monsters/701.webp,"首をハネられて絶命した騎士が 悪霊となってよみがえった。ヘルサークルで相手を弱め 鉄球で粉砕する戦法を好む。","失った首を探して夜な夜な 徘徊するが 左手に持つ盾こそおのれの首であるという事実に 気づかないのは現実逃避か？","2026-03-12 14:10:54","2026-07-27 15:54:09"
702,827,ドラゴンゾンビ・強,ドラゴンゾンビ・キョウ,"Vicious Dragon Zombie",11,0,,https://www.d-quest-10.com/detail/a00687.html,/storage/images/monsters/702.webp,"ケタ違いの強さを持つ 邪悪な ドラゴンゾンビ。赤く鋭い眼光には 激しい殺意が宿っている。","かつて魔界で猛威をふるった 邪竜の一族の成れの果て。死してなおチカラを失わず 多くの命を奪いつづける。","2026-03-12 14:10:57","2026-07-27 15:54:12"
703,814,ギガントヒルズ・強,ギガントヒルズ・キョウ,"Vicious Drakularge",11,0,,https://www.d-quest-10.com/detail/a00744.html,/storage/images/monsters/703.webp,"ケタ違いの強さを持つ 邪悪な ギガントヒルズ。赤く鋭い眼光には 激しい殺意が宿っている。","巨大な腹にガスをためこみ 牙をかみ合わせた火花で火炎球をはき出すドラゴン。 人呼んで魔界の火薬庫。","2026-03-12 14:11:00","2026-07-27 15:53:26"
704,821,ホワイトジャッジ,ホワイトジャッジ,"White Clubber",11,0,,https://www.d-quest-10.com/detail/a00762.html,/storage/images/monsters/704.webp,"好敵手を求めて さまよい 出会いし者に戦いを挑む。資格なき者とみなしたならば 死の裁きを下すのだ。","ジャッジと呼ばれているが 自分勝手な好き嫌いで裁きを下す対象を決めるので 公正公平とは言い難い。","2026-03-12 14:11:03","2026-07-27 15:53:51"
705,828,ダークパラディン,ダークパラディン,Paladead,10,0,,https://www.d-quest-10.com/detail/a00730.html,/storage/images/monsters/705.webp,"闇の法と秩序を守ることに 誓いを立てた悪霊の騎士。手にした盾を守りだけでなく 攻撃に使うことがある。","生前は民衆を守ることに 命を懸けたパラディンだったが裏切りによる非業の死をとげ世を恨み 闇の先兵となった。","2026-03-12 14:11:06","2026-07-27 15:54:15"
706,829,プラチナミミック,プラチナミミック,"Platinum Mimic",12,0,,https://www.d-quest-10.com/detail/a00798.html,/storage/images/monsters/706.webp,"豪華な見た目の宝箱に 擬態する魔物。欲に駆られて箱を開けようとする旅人を 致命的な攻撃で仕留める。","自分のルックスにふさわしい 豪華で清潔でお洒落な居場所を求めるが条件がきびしくて 安住の地が見つからない。","2026-03-12 14:11:09","2026-07-27 15:54:19"
707,830,キースドラゴン,キースドラゴン,"Blue Dragon",11,0,,https://www.d-quest-10.com/detail/a00786.html,/storage/images/monsters/707.webp,"いにしえより生き続けてきた 青いウロコを持つドラゴン。炎と氷のブレスを使い分け 歯向かう者を粉々にかみ砕く。","体内に膨大なエネルギーを たくわえるために朝から晩まで眠ることもある。寝起きは特に 機嫌が悪いので近寄らぬが吉。","2026-03-12 14:11:12","2026-07-27 15:54:23"
708,833,ヘルガーディアン,ヘルガーディアン,"Hell's Gatekeeper",10,0,,https://www.d-quest-10.com/detail/a00793.html,/storage/images/monsters/708.webp,"地獄の首なし騎士。 バイキルトをとなえチカラをためて鉄球を振り回し 敵対する者を血祭りに上げる。","魔物としてよみがえる代償に 地獄に首を捧げ記憶も失った。身体に刻んだ戦いの本能だけが 己を証明してくれるのだ。","2026-03-12 14:11:15","2026-07-27 15:54:34"
709,840,ダークネビュラス,ダークネビュラス,"Dark Nebulus",13,0,,https://www.d-quest-10.com/detail/a00495.html,/storage/images/monsters/709.webp,古代アラハギーロの魔の遺産。現代では再現不能な技術で造られた強力無比なミサイルは標的を跡形もなく蒸発させる。,古代王国を守護する最終兵器として作り出されたが今はピラミッドの地下をただ1機徘徊するのみである。,"2026-03-12 14:11:18","2026-07-27 15:17:46"
710,841,キラークリムゾン,キラークリムゾン,"Crimson Killing Machine",13,0,,https://www.d-quest-10.com/detail/a00541.html,/storage/images/monsters/710.webp,炎の領界を徘徊している唯一無二の超高性能マシン。冷酷なるグランドインパクトで群がる敵を一網打尽にする。,メギドロイドの後継機として造られたが予想を超えた性能に製作者が恐れを抱いたため量産されることはなかった。,"2026-03-12 14:11:22","2026-07-27 15:55:02"
711,842,大魔獣イーギュア,ダイマジュウイーギュア,"Giga Rapscallion",2,0,,https://www.d-quest-10.com/detail/a00564.html,/storage/images/monsters/711.webp,魔獣イーギュアよりも巨大で残忍さと狡猾さを備えている。白霜の流氷野をうろついて獲物をはげしく斬り裂くのだ。,じつは家出息子を探している頑固一徹のイーギュア父。しかし一向に見つからずいいかげんイライラしている。,"2026-03-12 14:11:26","2026-08-03 12:10:41"
716,850,ツンドラキー,ツンドラキー,Tundracky,6,1,11,https://dragon-quest.jp/ten/monster/tensei.php,/storage/images/monsters/716.webp,氷の精神を身に着けた恐るべき冷酷非情のドラキー。とはいえドラキーなのでやることはたかが知れている。,"身体の色が薄いせいで闇にまぎれられないことを気にしており そこに触れると恐ろしく機嫌が悪くなる。","2026-03-12 14:11:42","2026-07-29 10:38:06"
717,851,大ナスビナーラ,ダイナスビナーラ,"Big Woebergine",3,1,5,https://dragon-quest.jp/ten/monster/tensei.php,/storage/images/monsters/717.webp,品種改良を重ねられたジャンボナスビナーラ。格段に大きくなったものの性格や戦い方は相変わらず。,"地獄の農場で 催されたジャンボ野菜コンテストで惜しくも 優勝を逃した。次回に望みをかけている。","2026-03-12 14:11:44","2026-07-27 15:55:16"
718,852,つむりんママ,ツムリンママ,"Mama Snail Slime",1,1,20,https://dragon-quest.jp/ten/monster/tensei.php,/storage/images/monsters/718.webp,"のんびり屋で おおらかなスライムつむりの お母さん。ただし びっくりさせると雷を落としちゃうぞ！",つむりんママの殻にトゲが生えていないのは子つむりたちをキズつけないママの優しさなのだ。,"2026-03-12 14:11:48","2026-07-27 15:55:20"
719,853,ミケまどう,ミケマドウ,Caticonjurer,2,1,17,https://dragon-quest.jp/ten/monster/tensei.php,/storage/images/monsters/719.webp,"にくきゅうの杖のチカラでねこまどうがミケ猫チェンジ！愛と勇気のメラミで 並みいる敵を 一網打尽にするのだ。",夢の輝きを心に宿したねこまどうの女の子だけがミケ猫チェンジできるはずだがまれに男の子もいるらしい。,"2026-03-12 14:11:51","2026-08-03 12:10:41"
720,854,キラーピッケル,キラーピッケル,"Maniacal Mole",2,1,21,https://dragon-quest.jp/ten/monster/tensei.php,/storage/images/monsters/720.webp,"血と汗がにじんだピッケルを握りしめ 地下を見守る魔獣。工事のジャマをする旅人にはチカラをためて 鉄槌を下す。","地下ではたらく もぐらたちの仕事っぷりを見守っているたよれる 現場の親方さん。手抜き工事は許さない。","2026-03-12 14:11:56","2026-08-03 12:10:41"
721,855,マーブルン,マーブルン,Kaleidocat,2,1,13,https://dragon-quest.jp/ten/monster/tensei.php,/storage/images/monsters/721.webp,"カラフルなシマ模様が自慢のすごく めずらしい猫魔族。気まぐれにメラを唱えたりペロペロなめまわしたりする。","猫島の７匹のキャッツがプリズニャンに いたずらして魔法のペンキをぬったら生みだされてしまったのニャ！","2026-03-12 14:11:59","2026-08-03 12:10:41"
722,857,メタルホイミン,メタルホイミン,"Metal Healie",1,1,31,https://dragon-quest.jp/ten/monster/tensei.php,/storage/images/monsters/722.webp,"全身がメタルボディに変化した奇跡のホイミスライム。仲間たちを いやしながら華麗に逃げてゆく。",誰よりはやく仲間をいやすその姿に皆あこがれ神話の英雄の名前をとってホイミンと呼ばれている。,"2026-03-12 14:12:02","2026-07-27 15:55:38"
723,858,メタルトリュフ,メタルトリュフ,"Metal Truffle Slime",1,1,257,https://dragon-quest.jp/ten/monster/tensei.php,/storage/images/monsters/723.webp,あのメタルスライムのボディに謎のキノコが生えてきた！胞子をバラまきながらさっそうと逃げていく。,"ボディに生えたキノコはアストルティア三大珍味とうたわれるが 珍しいだけで味はイマイチ……らしい。","2026-03-12 14:12:07","2026-07-27 15:55:41"
724,859,キョンシーゴースト,キョンシーゴースト,"Jiangshi Ghost",10,1,19,https://dragon-quest.jp/ten/monster/tensei.php,/storage/images/monsters/724.webp,"何の取り柄もないゴーストが 奇妙な術をほどこされて呪文を使うのが得意なイケてるゴーストに転生した。","じつは目の前のお礼が ジャマで仕方ないのだが勝手に取るとヤバいらしいので ストレスためつつ今日も我慢。","2026-03-12 14:12:10","2026-07-27 15:55:45"
725,860,さくらこぞう,サクラコゾウ,"Scary Blossom",3,1,40,https://dragon-quest.jp/ten/monster/tensei.php,/storage/images/monsters/725.webp,"舞い落ちた桜の花びらに美に魅せられた邪鬼が宿った。魅惑のおどりで旅人を魅了しチカラをためて おそいかかる。","マスカラぱっちり 朱の口紅。ゲタの鼻緒は さくら色。乙女チックに胸トキメかせる。……でも こぞう。","2026-03-12 14:12:13","2026-07-27 15:55:49"
726,861,とげこんぼう,トゲコンボウ,"Spiked Club",8,1,33,https://dragon-quest.jp/ten/monster/tensei.php,/storage/images/monsters/726.webp,"旅人を 地獄に突きおとすおそろしい処刑人。特製の トゲつき棍棒で痛恨の一撃を お見舞いする。","一度 トゲつきハンマーを導入しようかと 検討したがそうしたら オレの名前はどうなるの……と思い直した。","2026-03-12 14:12:16","2026-07-27 15:55:52"
727,863,レッドアーチャー,レッドアーチャー,"Bodkin Bloodbow",8,1,35,https://dragon-quest.jp/ten/monster/tensei.php,/storage/images/monsters/727.webp,"血に染まった 赤いフードをまぶかにかぶる 邪悪な射手。ただひたすら 一心不乱にさみだれうちを放ちまくる。","左手に持つ 黄金の弓矢は以前 弓対決した弓の達人からぶんどった戦利品だ。光り物に目がないらしい。","2026-03-12 14:12:19","2026-07-27 15:55:55"
728,864,シールドあにき,シールドアニキ,"Shield Superior",8,1,43,https://dragon-quest.jp/ten/monster/tensei.php,/storage/images/monsters/728.webp,"立派なちょんまげのはえたこぞうたちの頼れる あにき。その堅い守りにかけては右に出る こぞうはいない！","無造作に見える ちょんまげは毎朝１時間もかけてセットしているらしい。意外と シャレ者なのだ。","2026-03-12 14:12:22","2026-07-27 15:55:59"
729,865,サンバ・デ・ビーク,サンバ・デ・ビーク,"Samba de Beak",6,1,46,https://dragon-quest.jp/ten/monster/tensei.php,/storage/images/monsters/729.webp,"華麗な羽根飾りを身にまとう 魔物界のファッションリーダー……と思ってるのは本人だけで その派手さに周りは引き気味。","背負った羽根飾りは れんごくちょうの落とし物を1枚1枚拾い集めて作った。血と汗と涙の結晶なのだ。","2026-03-12 14:12:25","2026-07-27 15:56:02"
730,867,ゴールデンコーン,ゴールデンコーン,"24-Carrot Bunicorn",2,1,48,https://dragon-quest.jp/ten/monster/tensei.php,/storage/images/monsters/730.webp,"金色に輝く 毛並みとツノがひときわ目立つ ウサギの魔物。かわいい見た目とは 裏腹に血眼になって 獲物を求める。","ゴールデンコーンの大好物はつぶつぶコーンポタージュ。ナベの底に残ったコーン粒もツノを使って 器用に食べる。","2026-03-12 14:12:28","2026-08-03 12:10:41"
731,868,聖銀のどくろあらい,セイギンノドクロアライ,"Silver Haardvark",2,1,41,https://dragon-quest.jp/ten/monster/tensei.php,/storage/images/monsters/731.webp,"聖銀のメタルボディに変化したとても希少な どくろあらい。珠玉の逃げ足と豪華な経験値が冒険者たちのウワサの的に。","ひとつのどくろを決して離さず１００年 洗い続けた時身体が聖銀に変わるという不思議な言い伝えがある。","2026-03-12 14:12:31","2026-08-03 12:10:41"
732,869,ももいろ三姉妹,モモイロサンシマイ,"Slime Sisters",1,1,85,https://dragon-quest.jp/ten/monster/tensei.php,/storage/images/monsters/732.webp,"桃色スライム３人娘が結成した魔物界のアイドルユニット。十八番の ももいろシャワーはファン感涙のパフォーマンス！","魔物アイドル戦国時代の頂点を極め 人気絶頂のうちに普通のスライムに戻ります！と言って引退するのが夢。","2026-03-12 14:12:34","2026-07-27 15:56:16"
733,870,アメジストクラブ,アメジストクラブ,"Amethyst Crab",9,1,70,https://dragon-quest.jp/ten/monster/tensei.php,/storage/images/monsters/733.webp,"背中に紫水晶を背負った カニ魔物界のセレブリティ。ゴージャスレインで盛大にバラまいても気にしない。","セキバーンとは親交が深く 運命に翻弄されがちな友人の悩み相談によく乗っている。慈悲深く面倒見のいい性格。","2026-03-12 14:12:38","2026-07-27 15:56:20"
734,871,ファイアボール,ファイアボール,"Fire Ball",13,1,76,https://dragon-quest.jp/ten/monster/tensei.php,/storage/images/monsters/734.webp,火の玉のように空を翔ける赤き鳥型の殺人マシン。翼からメラストームを放ち自爆ダンスで大爆発！,"ファイアボールの正体は熱暴走したガチャコッコだと唱える科学者もいるが目撃例が少なく 真相は不明。","2026-03-12 14:12:41","2026-07-27 15:56:23"
735,872,ハートナイト,ハートナイト,"Snooty Slime Knight",1,1,84,https://dragon-quest.jp/ten/monster/tensei.php,/storage/images/monsters/735.webp,"ピンクのスライムに またがり華麗な剣技を披露して女子のハートを わしづかみ。小柄な身体のダテ男。","毎日 かぶとのタテガミにクシを入れるのを 欠かさない重度の ナルシスト。相棒のスライムは呆れている。","2026-03-12 14:12:44","2026-07-27 15:17:46"
736,873,クイーンモーモン,クイーンモーモン,"Queenie Sanguini",4,1,89,https://dragon-quest.jp/ten/monster/tensei.php,/storage/images/monsters/736.webp,"伝説の楽園モーモン王国から迷い込んだ フワフワ女王様。たたかいのうたを可憐に歌いモーモンたちを奮い立たせる。",うつくしい青の毛並みは幻の青いバラにも例えられる。ちょこんと載ったティアラが頂点に立つ者の証なのだ。,"2026-03-12 14:12:47","2026-08-03 12:09:04"
737,874,スウィートバッグ,スウィートバッグ,"Bag o' Sweets",12,1,95,https://dragon-quest.jp/ten/monster/tensei.php,/storage/images/monsters/737.webp,"お菓子好きの魔女が作りだした 袋の魔物。ピンチに おちいるとハッスルダンスを踊る。","ノースウィーツ ノーライフ。お菓子好きの魔女が遺したこの言葉を胸に 今日もスウィートバッグは戦う。","2026-03-12 14:12:50","2026-07-27 15:56:33"
738,877,アルケミストン,アルケミストン,"Sham Hamwitch",2,1,100,https://dragon-quest.jp/ten/monster/tensei.php,/storage/images/monsters/738.webp,"禁忌の錬金術を身につけたいまわしい ブタの魔物。やみのブレスや呪いのきりで世に災いをもたらす。","いつも かぶっている帽子ははじめて錬金で作ったもの。テカテカした色合いがだいぶ 気に入っている。","2026-03-12 14:12:53","2026-08-03 12:10:41"
739,878,セクシーキャット,セクシーキャット,"Sexy Cat",2,1,123,https://dragon-quest.jp/ten/monster/tensei.php,/storage/images/monsters/739.webp,"魅惑のおどりで魅了して ねこだましで意外性を演出することも忘れない 自称小悪魔系の猫魔族。","相棒のプリティフライとは 長年のくされ縁だが内心では自分のほうが いいオンナだと思っている。","2026-03-12 14:12:56","2026-08-03 12:10:41"
740,879,プリティフライ,プリティフライ,"Pretty Cat",2,1,123,https://dragon-quest.jp/ten/monster/tensei.php,/storage/images/monsters/740.webp,"ハッスルダンスで回復して つるぎの舞の攻撃力で頼りになるところも見せつける 自称いやし系の猫魔族。","相棒のセクシーキャットとは 長年のくされ縁だが内心では自分のほうがカワイイと思っている。","2026-03-12 14:12:59","2026-08-03 12:10:41"
741,880,のろいの岩,ノロイノイワ,Dreadrock,12,1,126,https://dragon-quest.jp/ten/monster/tensei.php,/storage/images/monsters/741.webp,普段はのろのろ転がるだけの怠惰な生活を送っているが一度獲物をロックオンすると我が身を削って打ち負かす。,のろいの岩と出会った者は一生その笑顔が脳裏に焼きついて離れないという呪いにかけられるらしい。,"2026-03-12 14:13:02","2026-07-27 15:17:46"
742,881,ピンクボンボン,ピンクボンボン,"Pink Bonbon",2,1,119,https://dragon-quest.jp/ten/monster/tensei.php,/storage/images/monsters/742.webp,ハッスルダンスやおうえんで仲間をサポートするなかなかやっかいなモンスター界のアイドル。,足の裏に血マメができるまでひたむきにダンス練習を続けるど根性アイドルであることをファンたちはまだ知らない…。,"2026-03-12 14:13:05","2026-08-03 12:10:41"
743,882,マッドスミス,マッドスミス,"Lumberin' Jack",10,1,130,https://dragon-quest.jp/ten/monster/tensei.php,/storage/images/monsters/743.webp,腐りただれた身体をひきずりガスをはきちらすゾンビ。毒マヒ呪いをもたらすおそろしい冥界の使者。,生き別れた恋人を探して長い間さまよっていた。そのうち自我を忘れ冥界に堕ちこんな姿に。,"2026-03-12 14:13:09","2026-07-27 15:17:46"
744,883,ユキフル,ユキフル,Snowball,3,1,138,https://dragon-quest.jp/ten/monster/tensei.php,/storage/images/monsters/744.webp,"雪がふるとたまに現れる妖精。ピョンピョン跳ねて楽しげだが 炎の呪文を使う魔法使いが大の苦手で常に警戒している。","クリスマスにユキフルの長靴を家においておくと 翌朝必ずプレゼントが入っていると子供たちにもっぱらのウワサ。","2026-03-12 14:13:11","2026-07-27 15:17:46"
745,884,ちょうろうじゅ,チョウロウジュ,Antiquitree,3,1,136,https://dragon-quest.jp/ten/monster/tensei.php,/storage/images/monsters/745.webp,何千年も生き邪悪な知識を身につけた魔界の霊木。高度な呪文を使いこなし混沌と破滅をまきちらす。,長寿の秘薬になると勘違いされ頭の葉っぱをちぎって持っていく不届き者が後を絶たず困っている。,"2026-03-12 14:13:17","2026-07-27 15:57:07"
746,885,ほねリーダー,ホネリーダー,"Bone Idol",10,1,145,https://dragon-quest.jp/ten/monster/tensei.php,/storage/images/monsters/746.webp,ほねコウモリ戦隊を率いる赤きリーダーが帰還！魅惑のまなざしで魅了し必殺のバギマでとどめを刺す！,リーダーとしての資質に悩み骨休めしたこともあった。しかし燃える熱血魂が彼を現世に呼び戻した！,"2026-03-12 14:13:20","2026-07-27 15:17:46"
747,886,メーダプリンス,メーダプリンス,"Lunatick Prince",5,1,161,https://dragon-quest.jp/ten/monster/tensei.php,/storage/images/monsters/747.webp,大きな王冠を頭に載せたメーダ界の王子さま。サラブレッドらしく多彩な技を身に着けている。,メーダロードとクインの間に生まれた由緒正しい血筋。気品ある涼し気なまなざしにシビれる女性も多いとか。,"2026-03-12 14:13:23","2026-07-27 15:17:46"
748,888,レッドバロン,レッドバロン,"Red Baron",4,1,177,https://dragon-quest.jp/ten/monster/tensei.php,/storage/images/monsters/748.webp,魔王に絶対の忠誠を誓う高貴な血筋の大悪魔。ぶきみなひかりで敵を弱らせ凶悪な呪文をはなつ。,レッドバロンは何千年と続く由緒正しい悪魔の貴族。人間の断末魔を音楽にして混沌の美酒に酔いしれる。,"2026-03-12 14:13:26","2026-08-03 12:09:04"
749,890,チョコヌーバ,チョコヌーバ,Fudgeraker,7,1,188,https://dragon-quest.jp/ten/monster/tensei.php,/storage/images/monsters/749.webp,ドロドロに溶けているチョコレートの魔物。ジバリカを唱えて罠をはりかかった旅人に猛烈アタック！,２月の特別なあの日にチョコをもらえなかった男子たちの怨念によりこの魔物は生まれたという…。,"2026-03-12 14:13:29","2026-07-27 15:17:46"
750,892,モテモテ,モテモテ,popular,2,1,195,https://dragon-quest.jp/ten/monster/tensei.php,/storage/images/monsters/750.webp,トロピカルな雰囲気ただようイケてるデザートゴースト。にぶそうに見せかけてフットワークも軽やか。,日に焼けてボサボサだった毛にドワチャカオイルをぬったら全身がコンガリ小麦色に！以来モテモテ人生が始まった。,"2026-03-12 14:13:32","2026-08-03 12:10:41"
751,894,リトルライバーン,リトルライバーン,"Little Wyvern",11,1,202,https://dragon-quest.jp/ten/monster/tensei.php,/storage/images/monsters/751.webp,ドラゴンキッズのタマゴにまぎれて生まれてきたいにしえの翼竜の子供。ちょっぴり迷子ぎみ。,兄弟のドラゴンキッズにいじめられたりしてひとり涙をこらえながら大空を飛ぶ日を夢にみる。,"2026-03-12 14:13:36","2026-07-27 15:17:46"
752,896,ローズプリンセス,ローズプリンセス,"Rose Princess",3,1,210,https://dragon-quest.jp/ten/monster/tensei.php,/storage/images/monsters/752.webp,"どこかにあるという花の国から やって来た 精霊のお姫様。 相手をバラに変身させてしまう イタズラ好きの困った姫だ。","バラに変身させるのは 手に持ったステッキの魔力。 世界を花でいっぱいにするため 故郷の宝物を持ち出してきた。","2026-03-12 14:13:39","2026-07-29 10:39:15"
753,897,ワイヤーマン,ワイヤーマン,"Wire Man",12,1,204,https://dragon-quest.jp/ten/monster/tensei.php,/storage/images/monsters/753.webp,狭い隙間からスルッと現れるヒモ魔物のヒーロー。かたいロープを投げつけ身動きを取れなくしてくる。,かたく結ばれてるのはロープだけじゃない！絆の戦士ワイヤーマン！というセリフと共に現れる。,"2026-03-12 14:13:42","2026-07-27 15:17:46"
754,898,モッツァレーラ,モッツァレーラ,"Fromage Flay",12,1,226,https://dragon-quest.jp/ten/monster/tensei.php,/storage/images/monsters/754.webp,フォンデュが長生きした結果クセのない味に変化した。食の研究に余念がない生粋のなめまわシスト。,自身の美味しさには自信があり特にオリーブオイルをからめたバジルとトマトとの相性はバツグンだとか。,"2026-03-12 14:13:44","2026-07-27 15:17:46"
755,899,死のカラステング,シノカラステング,"Death Crow",6,1,231,https://dragon-quest.jp/ten/monster/tensei.php,/storage/images/monsters/755.webp,深い深い山奥で修行していたテングが人里に舞い降りた。自慢の扇をひと振りすれば死の旋風が巻き起こる。,いろいろと理由はつけているが結局のところ修行が嫌になって山を下りたようだ。妖術自慢でかなりテングになっている。,"2026-03-12 14:13:47","2026-07-27 15:17:46"
756,900,ムーンキメラ,ムーンキメラ,"Lunar Chimaera",6,1,240,https://dragon-quest.jp/ten/monster/tensei.php,/storage/images/monsters/756.webp,月が満ち欠けするように光と闇の魔力を増減させてブレス攻撃をしかけてくる凶悪な鳥モンスター。,新月の日は月に一度だけのムーンキメラの貴重な休日。常に羽ばたき続けているのでこの日ばかりは羽を伸ばす。,"2026-03-12 14:13:50","2026-07-27 15:17:46"
757,901,ニードルうさこ,ニードルウサコ,"Needle Rabbit",12,1,241,https://dragon-quest.jp/ten/monster/tensei.php,/storage/images/monsters/757.webp,おどろくとトゲが飛び出すやっかいな体質のうさぎ。不用意に近づくと刺されるが敵意があるとは限らない。,目が合うだけで逃げ出すほど気が小さい恥ずかしがり屋。すぐ物陰に隠れてしまうのでなかなか遭遇できないらしい。,"2026-03-12 14:13:53","2026-07-27 15:17:46"
758,903,アスラ王,アスラオウ,"Asura King",10,1,295,https://dragon-quest.jp/ten/monster/tensei.php,/storage/images/monsters/758.webp,正義を愛した太古の王の像に邪悪な魂が乗りうつった。ゆがんだ正義はただ争いを求め殺りくの化身に成り果てた。,残虐非道な殺りくの数々を見たボーンファイターたちに戦いの神と崇められている。王は今日も修羅の道をゆく。,"2026-03-12 14:13:56","2026-07-27 15:17:46"
759,904,ベビンゴサタン,ベビンゴサタン,"Lil' Tyke",4,1,272,https://dragon-quest.jp/ten/monster/tensei.php,/storage/images/monsters/759.webp,ビンゴ好きのベビーサタンが連戦連勝を重ねた末に変身！幸運を呼ぶ福式呼吸で放つハッピーブレスが得意ワザ。,突けば突くほどツキを呼ぶ左手のフォークは縁起物。ビンゴに勝てるとウワサが流れ突かれたがる冒険者続出中！,"2026-03-12 14:14:00","2026-08-03 12:09:04"
760,905,シュバルツシュルト,シュバルツシュルト,Schwarzchuld,12,1,279,https://dragon-quest.jp/ten/monster/tensei.php,/storage/images/monsters/760.webp,正確無比な剣技に加えスクルトで防御もバッチリ。攻防ともに秀でた漆黒のエリート騎士。,いかずちを落とす修行を長きにわたり続けた結果ヨロイがコゲてしまった。この黒さは努力の証なのだ。,"2026-03-12 14:14:03","2026-07-27 15:17:46"
761,906,ゴールドマント,ゴールドマント,"Gold Mantle",10,1,280,https://dragon-quest.jp/ten/monster/tensei.php,/storage/images/monsters/761.webp,とある滅びた王国の王が身につけていたマントに魂が乗りうつった。亡き王は静かに剣をかかげる。,王の証だった黄金のマントは妬みを生み呪術師の手でマントに魂が縛られるよう呪いをかけられてしまった。,"2026-03-12 14:14:06","2026-07-27 15:17:46"
762,907,マッドレインボー,マッドレインボー,"Rainbow Mannequin",12,1,246,https://dragon-quest.jp/ten/monster/tensei.php,/storage/images/monsters/762.webp,虹色のボディが自慢。ふしぎなおどりが得意だが強力な爆発呪文も好んで使う見た目通りのハデ好き。,長く生きたどろにんぎょうの泥が固まり風雨にみがかれこの輝きが得られるという。一説では百年かかるらしい。,"2026-03-12 14:14:09","2026-07-27 15:17:46"
763,908,ゼブラマンティス,ゼブラマンティス,"Zebra Mantis",5,1,297,https://dragon-quest.jp/ten/monster/tensei.php,/storage/images/monsters/763.webp,ビビッドな白黒模様がまぶしいマシン化されたカマキリ。キャノン砲とそこから放つ閃光弾に気をつけよう。,白黒の塗装は集団での戦闘で幻惑効果を発揮するのだが塗り替えが手作業で大変なため量産化には至っていない。,"2026-03-12 14:14:12","2026-07-27 15:17:46"
764,909,オリエンタシス,オリエンタシス,Orientall,12,1,306,https://dragon-quest.jp/ten/monster/tensei.php,/storage/images/monsters/764.webp,東方の香りがただよう神秘的で玄妙な動きで敵を死の世界へいざなう恐怖のダンスマスター。,もとはただのエンタシスマン。若い頃東方の国へ渡りその地の踊りに魅せられて修行の末マスターとなった。,"2026-03-12 14:14:15","2026-07-27 15:17:46"
765,910,パラディノス,パラディノス,Paladinsaurus,11,1,310,https://dragon-quest.jp/ten/monster/tensei.php,/storage/images/monsters/765.webp,"自前のうろこが硬質化して 独特な輝きを放つようになり まるで聖なるよろいを着ているかのように見える。","竜の聖騎士の異名を持ち 讃えられるパラディノスは 見た目だけでなく戦い方も気高く ほこり高い。","2026-03-12 14:14:18","2026-07-27 15:17:46"
766,911,ゴーストベリー,ゴーストベリー,"Hellbound Harvester",12,1,312,https://dragon-quest.jp/ten/monster/tensei.php,/storage/images/monsters/766.webp,暗い性格を克服しすっかり明るくなったやみしばり。今日も歓喜のおたけびを上げ魅惑の踊りで朝までコース。,気になるあの子に好かれるため見た目をイメチェンしてみたら性格まで明るくなっちゃった。愛のチカラってすごい！！,"2026-03-12 14:14:20","2026-07-27 15:17:46"
767,912,エンゼルアーマー,エンゼルアーマー,Angelarmour,12,1,313,https://dragon-quest.jp/ten/monster/tensei.php,/storage/images/monsters/767.webp,"聖なる攻撃を受けるうちに 邪悪な怨念が打ち消され 代わりに聖なるチカラが宿った世にも珍しいデビルアーマー。","エンゼルだからと言って優しいなんてことは一切なく 平気で超協力な攻撃をブチかましてくるのでご用心。","2026-03-12 14:14:23","2026-07-27 15:17:46"
768,913,アカツキショウグン,アカツキショウグン,"Mandrake Murderer",11,1,319,https://dragon-quest.jp/ten/monster/tensei.php,/storage/images/monsters/768.webp,まばゆいほどに純白の神秘的なシュプリンガー。縁起のいい魔物としてまつる地方もあるのだとか。,神聖視されることに反発していた時期もある。目のキズやタトゥーはグレてた頃の名残りらしい。,"2026-03-12 14:14:26","2026-07-27 15:17:46"
769,914,ドラゴメタル,ドラゴメタル,"Metal Dragon Slime",1,1,429,https://dragon-quest.jp/ten/monster/tensei.php,/storage/images/monsters/769.webp,強力な息攻撃に回復呪文まであわせもった優秀な戦士。おまけに経験値も高いというスライム界のカリスマ的存在。,"ドラゴスライムのメタル化か メタルドラゴンのスライム化か学界で争われたことがあるが ドラゴスライム派が圧勝した。","2026-03-12 14:14:30","2026-07-27 15:58:52"
770,915,ブロンドボーイ,ブロンドボーイ,Blondie,2,1,324,https://dragon-quest.jp/ten/monster/tensei.php,/storage/images/monsters/770.webp,ワインレッドのボディに黄金のたてがみが生えニヒルな笑みから牙がのぞく魔獣界のオシャレ番長。,やたらと凶暴ぶって誰彼かまわずかみつくのはボーイと呼ばれるのが不満でイライラしているせいだとか。,"2026-03-12 14:14:33","2026-08-03 12:10:41"
771,916,ピンキーパンサー,ピンキーパンサー,"Pink Sabrecat",2,1,302,https://dragon-quest.jp/ten/monster/tensei.php,/storage/images/monsters/771.webp,"全身にハートの柄を散りばめた愛らしい見た目に反し どう猛さと高い身体能力はキラーパンサーの比ではない。","しあわせな恋をした分だけハートの柄がふえていくと言われているが なぜか本人は独り身であるらしい。","2026-03-12 14:14:36","2026-08-03 12:10:41"
772,917,タイプG,タイプG,"Type G0",13,1,314,https://dragon-quest.jp/ten/monster/tensei.php,/storage/images/monsters/772.webp,キラーマシンに改良を重ね開発された最新型マシン。弓や剣の攻撃だけではなく残虐性までパワーアップ！,タイプＧの「Ｇ」の意味は公表されていないがじつは中におジーちゃんが入っているというウワサも…。,"2026-03-12 14:14:39","2026-07-27 15:17:46"
773,918,デビルロード,デビルロード,Batmandrill,4,1,322,https://dragon-quest.jp/ten/monster/tensei.php,/storage/images/monsters/773.webp,メラガイアーやしゃくねつで辺り一面を焼け野原にしさらにメガンテまで唱えてくる悪夢のようなピンクの悪魔。,千年生きたピンクモーモンが心根まで血に染まって変化した姿なのだと主張するインチキ学者もいるらしい。,"2026-03-12 14:14:44","2026-08-03 12:09:04"
774,919,ゴールデンディスコ,ゴールデンディスコ,"Golden Disco",12,1,351,https://dragon-quest.jp/ten/monster/tensei.php,/storage/images/monsters/774.webp,"陽気でハデ好きな性格だが 戦いでは様々な表情を見せる。時には重々しい態度で他者を威圧することも。","見た目こそキラキラしていてゴージャスそのものだが クラブに通いすぎたせいでお金はあまり持っていない。","2026-03-12 14:14:48","2026-07-27 15:59:12"
775,920,とろろ将軍,トロロショウグン,"Singin' Hibiscus",9,1,360,https://dragon-quest.jp/ten/monster/tensei.php,/storage/images/monsters/775.webp,まりょくのうたを歌ってこうげき魔力を上げてからの氷の呪文はかなりの威力。こんぶ大将を呼びだすことも。,長く生きたこんぶ大将からあふれだしたエキスがとろとろと全身をおおったとき彼が誕生するという。,"2026-03-12 14:14:51","2026-07-27 15:17:46"
776,921,まかいしつじ,マカイシツジ,"Hell's Steward",8,1,367,https://dragon-quest.jp/ten/monster/tensei.php,/storage/images/monsters/776.webp,魔王に忠誠を捧げ身の回りの世話をする悪魔。ザオラルをたしなみ細やかな心配りを見せる。,魔王様のスケジュールや体調管理をするやり手執事。最近はアルバイトでカフェの給仕もこなすとか。,"2026-03-12 14:14:53","2026-07-27 15:17:46"
777,922,キャプテンドラゴ,キャプテンドラゴ,"Captain Drago",11,1,374,https://dragon-quest.jp/ten/monster/tensei.php,/storage/images/monsters/777.webp,ハッピーブレスと光のブレスを使い分ける気分屋のドラゴン。どちらにしても食らう方はたまったものではない。,魔物サッカー界では名キャプテンとして名を馳せる。いなずまシュートで活躍し魔王杯ＭＶＰに輝いたことも。,"2026-03-12 14:14:57","2026-07-27 15:17:46"
778,923,シャドーノーブル,シャドーノーブル,"Shadow Noble",10,1,334,https://dragon-quest.jp/ten/monster/tensei.php,/storage/images/monsters/778.webp,闇の奥底で生まれた影をまとう高貴なる黒騎士。得意のさみだれ突きで周囲を一瞬で死の世界に変える。,草木も眠るような真夜中に訪ねてきて戸をたたく。うっかり扉を開けた者は影だけ残し消えるという。,"2026-03-12 14:15:00","2026-07-27 15:17:46"
779,924,もじゃらきラクーン,モジャラキラクーン,"Raccoon Platypunk",2,1,459,https://dragon-quest.jp/ten/monster/tensei.php,/storage/images/monsters/779.webp,ももんじゃ界の飲んだくれ。各地の宴会に顔を出しては歌うわ踊るわバギムーチョをブッ放すわの大暴れを重ねる。,"もともとは単なるももんじゃ。あまりにヒドい大暴れの罰にこんな姿にさせられているが 本人はちっともこりていない。","2026-03-12 14:15:03","2026-08-03 12:10:41"
780,925,しろバラのきし,シロバラノキシ,"White Rose Knight",4,1,470,https://dragon-quest.jp/ten/monster/tensei.php,/storage/images/monsters/780.webp,咲き誇る白バラのごとく高潔な志を持った謎の騎士。テンションバーンを使い攻撃を受けるたび強くなる。,何者にも屈さぬ気高さと仮面の下の美しき素顔により白バラ様ともてはやされ魔物系女子に大人気だ。,"2026-03-12 14:15:07","2026-08-03 12:09:04"
781,926,ジラフシスター,ジラフシスター,"Giraffe Sister",2,1,497,https://dragon-quest.jp/ten/monster/tensei.php,/storage/images/monsters/781.webp,"座右の銘は 強さと美しさ！棍の道を極めし者の動きは魅了の舞となって 敵すらも見とれさせるという。","オフの日には 戦いのメイクを落とし ゆるふわスタイルでお忍び散歩がお気に入り。あ 今日はバトルNGで！","2026-03-12 14:15:09","2026-08-03 12:10:41"
782,927,シャコウ鬼神,シャコウキジン,"Fierce Figure",12,1,488,https://dragon-quest.jp/ten/monster/tensei.php,/storage/images/monsters/782.webp,よこしまな悪霊を宿す人形。あやしいひとみを光らせながら混乱や眠りで敵を無力化する状態異常のエキスパートだ。,"もともとは恋愛成就の願いを願掛けする祭具だったのだが 成就どころか破局を呼び寄せ恐怖の別れさせ屋と呼ばれた。","2026-03-12 14:15:12","2026-07-27 15:17:46"
783,928,じごくのドアボーイ,ジゴクノドアボーイ,"Hell's Bellboy",8,1,550,https://dragon-quest.jp/ten/monster/tensei.php,/storage/images/monsters/783.webp,地獄の門を開け閉めしてくれる礼儀正しい紳士な魔物。見かけによらぬ温厚な人柄だが怒ると扉ではさんでくる。,誰であろうと地獄に招き入れるウェルカム精神の持ち主。頑固なじごくのもんばんとはわかりあえないと思っている。,"2026-03-12 14:15:15","2026-07-27 15:17:46"
784,929,アスタロト,アスタロト,Harmachis,4,1,485,https://dragon-quest.jp/ten/monster/tensei.php,/storage/images/monsters/784.webp,あらゆる悪魔が足もとにひれ伏すとされる邪教の神。メラガイアーで獄炎に包み生ける者を根絶やしにする。,この世の終末に地の底からアスタロトが大挙して現れ世界を無に帰すというおそろしい言い伝えがある。,"2026-03-12 14:15:18","2026-08-03 12:09:04"
785,930,デザートデーモン,デザートデーモン,"Dessert Demon",4,0,,https://dragon-quest.jp/ten/monster/tensei.php,/storage/images/monsters/785.webp,"巨大なスプーンを手にしたスイーツ好きの大悪魔。同族の悪魔の中では慈悲深く 人格者として知られる。",ひどい偏食でスイーツばかり食べているうちに変色したベリアル本人ではないかとのウワサがある。,"2026-03-12 14:15:21","2026-08-03 12:09:04"
786,931,とうぞくこぞう,トウゾクコゾウ,Pilferer,8,1,523,https://dragon-quest.jp/ten/monster/tensei.php,/storage/images/monsters/786.webp,バーサーカーとして生まれたが仲間たちほどはっちゃけられずオノをこんぼうに持ち替え顔を覆面で隠して生きている。,覆面で顔を隠すことで彼の中の何かが解放された。今では仲間に負けず劣らず自由自在に暴れまわっている。,"2026-03-12 14:15:24","2026-07-27 15:59:55"
787,932,キングエレファント,キングエレファント,"Elephant King",2,1,510,https://dragon-quest.jp/ten/monster/tensei.php,/storage/images/monsters/787.webp,もともとは聖獣として崇拝されていた象の魔物。ベホマラーを使えるのは聖獣だったころの名残。,仲間の象たちの牙を狙うハンターへの怒りが積もり積もって怨念と化し聖獣を魔獣へと変えた。,"2026-03-12 14:15:27","2026-08-03 12:10:41"
788,934,パンプキャビネット,パンプキャビネット,Pumpkabinet,12,1,563,https://dragon-quest.jp/ten/monster/tensei.php,/storage/images/monsters/788.webp,"ハロウィンの仮装をしたお祭り好きのたんすミミック。ハイになっている分 暴れていると手が付けられない。","一応トリックオアトリートと聞くけれど どちらを選んでも相手を丸かじりする気満々の地獄の二択を迫ってくる。","2026-03-12 14:15:30","2026-07-27 16:00:05"
789,936,ドラゴントイズ,ドラゴントイズ,Clockwyrm,13,1,530,https://dragon-quest.jp/ten/monster/tensei.php,/storage/images/monsters/789.webp,"カラフルでポップな見た目だが ケタ外れの殺傷力を持つ兵器。外見にだまされ 油断した敵をおもちゃにして もてあそぶ","その製造者は誰も知らない。 一説では 天を突く程の巨人が赤ん坊を あやすために作った おもちゃなのだとか。","2026-03-12 14:15:33","2026-07-27 16:00:11"
790,937,あらくれパンダ,アラクレパンダ,"Ursa Panda",2,1,565,https://dragon-quest.jp/ten/monster/tensei.php,/storage/images/monsters/790.webp,"血の気が多すぎる巨大パンダ。 目があった者を敵とみなし強力なツメの一撃で 何もかも引き裂いてしまう。","とある あらくれ者が 真のあらくれを決めるために戦いを挑むもコテンパンにされ 白黒はっきりつけたという。","2026-03-12 14:15:36","2026-08-03 12:10:41"
791,938,ネリもののふ,ネリモノノフ,"Squash Samurai",12,1,569,https://dragon-quest.jp/ten/monster/tensei.php,/storage/images/monsters/791.webp,"植物系のズッキーニャが どういうわけか物質系に転生。出自の縁から用心棒として 雇われているらしい。","一時はカマボコ幕府に仕えたが 激動の時代に主家は断絶。今は浪人に身をやつしつつ 幕府再興を志している。","2026-03-12 14:15:44","2026-07-27 16:00:19"
792,933,フギンムニン,フギンムニン,"Dark Raven",6,1,529,https://dragon-quest.jp/ten/monster/tensei.php,/storage/images/monsters/792.webp,"優れた思考力と記憶力を持ち 手下のおおがらすを使って方々のうわさ話を集めている 魔物界の情報マスター。","集めた情報の用途は自由自在。ある時は権力者に売り渡したりある時は敵をワナに陥れたり 油断ならない智謀の持ち主だ。","2026-03-12 14:15:46","2026-07-27 16:00:02"
793,940,ガメゴンレジェンド,ガメゴンレジェンド,"Wonder Wyrtle",11,1,649,https://dragon-quest.jp/ten/monster/tensei.php,/storage/images/monsters/793.webp,"ガメゴンロードの中に まれに生まれる突然変異種。 強烈ないなずまをあやつり立ちはだかる敵をなぎ倒す。","数々の偉業をなしとげたガメゴン族の英雄的存在で 中でも紅の死神との7日に渡る死闘は伝説として語られる。","2026-03-12 14:15:50","2026-07-27 15:17:46"
795,862,アゲアゲラーバ,アゲアゲラーバ,Pricklepillar,5,1,39,https://dragon-quest.jp/ten/monster/tensei.php,/storage/images/monsters/795.webp,"キャタピラーに紛れ込んだしびれあげはの幼虫だがツノを出すことで ついつい違いをアピールしてしまう。","敵を威嚇するつもりのツノは いい香りがするらしくよけいに狙われる結果を招いただけであったそうな。","2026-03-12 19:27:44","2026-07-29 10:41:21"
796,939,あやシイタケ,アヤシイタケ,Suspishiitake,3,1,537,https://dragon-quest.jp/ten/monster/tensei.php,/storage/images/monsters/796.webp,うまみ成分を豊富に含んだおばけキノコ界の人気者。投げつけてくるキノコすらおいしさを感じるとの評判。,その人気に決しておごらず庶民的なところも魅力。なりたいキノコランキングで３年連続トップに君臨する。,"2026-03-12 19:28:18","2026-07-29 10:42:19"
797,813,暗黒の使い,アンコクノツカイ,"Servant of Dark",10,0,,https://draquex.com/monster/a-106.php,/storage/images/monsters/797.webp,"変幻自在に動く4本のウデから くり出される連続攻撃であっという間に敵を葬り去る 暗黒の仕事人。","非番の時は武器を包丁に 持ち替え料理人をしている。食材を切っている方が性に合ってるよ……とは本人談。","2026-03-12 19:28:42","2026-07-27 15:53:23"
798,866,ウールギズモ,ウールギズモ,Woolmaulus,7,1,47,https://dragon-quest.jp/ten/monster/tensei.php,/storage/images/monsters/798.webp,"刈られた羊毛が風に飛ばされ 寄り集まり 丸裸にされた羊の怨念を宿すことで モンスターと化した。","ふわふわの毛はつながっており すべてほどくと その全長はアストルティアを軽く3周 できるほどの長さがあるとか。","2026-03-12 19:29:35","2026-07-27 15:56:06"
799,741,ウパソルジャー,ウパソルジャー,"Wooper Trooper",9,0,,https://draquex.com/monster/a-111.php,/storage/images/monsters/799.webp,"みずみずしい身体をした ウーパールーパーの戦士。剣と盾の扱いは 一流の戦士をしのぐほど。","顔の左右にある水疱は 健康状態のバロメーターで体調の悪い日は ほんのりしぼんでしまう。","2026-03-12 19:29:47","2026-07-27 15:49:12"
800,769,エンペラーレグホン,エンペラーレグホン,"Longhorn Leghorn",6,0,,https://draquex.com/monster/a-108.php,/storage/images/monsters/800.webp,"その真っ赤な尾羽にふさわしい 灼熱の業火の使い手。これまで数多の冒険者を ギラグレイドで葬ってきた。","ある種の家畜と似た体色のため 頭上の突起物はトサカと勘違いされがち。よく見ると ツノなので間違えないように。","2026-03-12 19:30:17","2026-07-27 15:50:49"
801,692,おおきづち・祖,オオキヅチ・ソ,"Ancestral Hammerhood",8,0,,https://draquex.com/monster/a-109.php,/storage/images/monsters/801.webp,"誰もがよく知っている おおきづちの原種。緑のオーラをまとった身体には 強い攻撃本能が宿っている。","赤ちゃんの頃は母きづちや 兄弟とともに巣穴で育ち木づちを持てるようになると 巣を出てひとり立ちする","2026-03-12 19:30:30","2026-07-27 15:46:23"
802,727,おばけキノコ・祖,オバケキノコ・ソ,"Ancestral Funghoul",3,0,,https://draquex.com/monster/a-110.php,/storage/images/monsters/802.webp,"誰もがよく知っている おばけキノコの原種。緑のオーラをまとった身体には 強い攻撃本能が宿っている。","この種のおばけキノコの あまいいきは糖度が高く最高級メロンに匹敵する。 眠るなんてもったいない。","2026-03-12 19:31:08","2026-07-27 15:48:23"
803,771,がいこつ・祖,ガイコツ・ソ,"Ancestral Skeleton",10,0,,https://draquex.com/monster/k-141.php,/storage/images/monsters/803.webp,"誰もがよく知っている がいこつの原種。緑のオーラをまとった身体には 強い攻撃本能が宿っている。","そもそもコイツのこの名前が 後に続くがいこつ種の不幸の始まりだった。世界をまたぐ悪しき因縁の祖と言える。","2026-03-12 19:31:39","2026-07-27 15:50:55"
804,758,かいぞくウーパー,カイゾクウーパー,Salamarauder,9,0,,https://draquex.com/monster/k-146.php,/storage/images/monsters/804.webp,兵士を辞めて海賊に転職した熟練のウパソルジャー。剣技だけでなく様々な戦法を身につけた歴戦の猛者なのだ。,"海賊を名乗っているが じつは海に出たことがない。そもそも海水が苦手なので 海に近づくつもりもない。","2026-03-12 19:31:43","2026-07-27 15:50:11"
805,779,かげのきし・祖,カゲノキシ・ソ,"Ancestral Dark Skeleton",10,0,,https://draquex.com/monster/mon-114.php,/storage/images/monsters/805.webp,"誰もがよく知っている かげのきしの原種。緑のオーラをまとった身体には 強い攻撃本能が宿っている。","かげのきしなのに緑に光って 名称に矛盾を抱えることに。だが矛盾した存在なんて ちょっとイカすと思っている。","2026-03-12 19:31:49","2026-07-27 15:51:24"
806,681,ガチャコッコ・祖,ガチャコッコ・ソ,"Ancestral Clockwork Cuckoo",13,0,,https://draquex.com/monster/k-142.php,/storage/images/monsters/806.webp,"誰もがよく知っている ガチャコッコの原種。緑のオーラをまとった身体には 強い攻撃本能が宿っている。","ガチャコッコの胴体は野営時 鍋がわりにするのに便利だと一時乱獲されたらしい。その時の恨みは忘れてはいない。","2026-03-12 19:31:54","2026-07-27 15:45:45"
807,748,かまいたち,カマイタチ,Cyclown,7,0,,https://draquex.com/monster/mon-110.php,/storage/images/monsters/807.webp,"竜巻を身にまとう風の化身。どんなに はげしい竜巻でも目にも止まらぬ速さで操り 自分の住処にしてしまう。","かまいたちプリズムの登場で 自分のアイデンティティがはげしく揺らがされて じつは深く傷付いている。","2026-03-12 19:32:10","2026-07-27 15:49:36"
808,694,キメラ・祖,キメラ・ソ,"Ancestral Chimaera",6,0,,https://draquex.com/monster/mon-115.php,/storage/images/monsters/808.webp,"誰もがよく知っている キメラの原種。緑のオーラをまとった身体には 強い攻撃本能が宿っている。","足がないので休む時の姿勢を いつも試行錯誤している。今のところは蛇のように とぐろを巻くのがお気に入り。","2026-03-12 19:33:03","2026-07-27 15:46:31"
809,759,キラーアーマー・祖,キラーアーマー・ソ,"Ancestral Lethal Armour",12,0,,https://draquex.com/monster/mon-116.php,/storage/images/monsters/809.webp,"誰もがよく知っている キラーアーマーの原種。緑のオーラをまとった身体には 強い攻撃本能が宿っている。","全身を赤でまとめつつ 随所に差し色として緑を取り入れたコーデは 誰もが認めるオシャレ上級者。","2026-03-12 19:33:24","2026-07-27 15:50:14"
810,835,キラーシーカー,キラーシーカー,"Killing Seeker",13,0,,https://draquex.com/monster/k-138.php,/storage/images/monsters/810.webp,"狙った獲物は必ず殺す エリート殺りくマシン。大地の衝撃で相手を転ばせ こちらの動くを封じてくる。","抹殺対象を追跡するために 熱 音 振動等のセンサー完備。真夜中プリズランの追跡者に いたら圧勝間違いなし。","2026-03-12 19:33:31","2026-07-27 15:54:44"
811,816,キラーマシン・祖,キラーマシン・ソ,"Ancestral Killing Machine",13,0,,https://draquex.com/monster/mon-117.php,/storage/images/monsters/811.webp,"誰もがよく知っている キラーマシンの原種。緑のオーラをまとった身体には 強い攻撃本能が宿っている。","殺りくに不要なため 心を持たないはずだが 左胸の空虚感を満たしたいがゆえに 目に付く者に襲いかかる。","2026-03-12 19:33:55","2026-07-27 15:53:33"
812,798,キングスライム・祖,キングスライム・ソ,"Ancestral King Slime",1,0,,https://draquex.com/monster/mon-118.php,/storage/images/monsters/812.webp,"誰もがよく知っている キングスライムの原種。緑のオーラをまとった身体には 強い攻撃本能が宿っている。","８匹のスライムの集合体だが 場所によって負荷が違う。一番下の段は重労働なので 平等に 交代制になったとか。","2026-03-12 19:34:15","2026-07-27 15:52:31"
813,875,クラゲぼうや,クラゲボウヤ,"Jellyfish Kid",9,1,97,https://dragon-quest.jp/ten/monster/tensei.php,/storage/images/monsters/813.webp,"しびれくらげとは全く別種の クラゲの化身モンスター。ぼうやと呼ばれているが これですでに成体らしい。","クラゲにしては意外と硬く 押すと適度な弾力があって枕として使うと 非常によく眠れるという。","2026-03-12 19:34:49","2026-07-27 15:56:36"
814,772,くらやみ僧正,クラヤミソウジョウ,"Dark Dominie",4,0,,https://draquex.com/monster/mon-101.php,/storage/images/monsters/814.webp,"信仰の道に入ったが 修行に耐えきれず闇に取り込まれて魔物と化した。修行中の僧侶を挫折させることが生きがい。","人としては修行僧崩れだったが 闇の世界の水がなじんだらしく魔物としては僧正という 高位の存在に生まれ変わった。","2026-03-12 19:34:51","2026-08-03 12:09:04"
815,834,グリーンボーン,グリーンボーン,Greenbone,10,0,,https://draquex.com/monster/k-139.php,/storage/images/monsters/815.webp,"もうどくのきりで敵を弱らせ やいばのぼうぎょで時間を稼ぐいやらしい戦法の使い手。性格の悪さは折り紙付きだ。","身体中に着けたトゲつきの盾は 攻撃的でありながら身を守りたいという心の表れ。生前に何があったのか……。","2026-03-12 19:35:01","2026-07-27 15:54:37"
816,625,クリオネオン,クリオネオン,"Luminous Lampling",12,0,,https://draquex.com/monster/k-148.php,/storage/images/monsters/816.webp,"抱える水色の炎は超高熱で ここからベギラゴンを放つ。じつは命の炎で 消えると死んでしまうというウサワも。","ランタンこぞうの仲間の中では見た目通りのクールな性格。ただ一匹狼というわけではなく 利害が合えば誰とでも組む。","2026-03-12 19:35:04","2026-07-27 15:42:30"
817,765,グリズリー,グリズリー,"Ursa Major",2,0,,https://draquex.com/monster/k-143.php,/storage/images/monsters/817.webp,クマの中でも特に狂暴な種。その痛恨のいちげきはあらゆるものを粉砕する。出会ったら死を覚悟すべし。,"雑食性でなんでも食べられるが 大食らいなのでいつも空腹。目の前で死んだフリなどしたら 悲惨な結末を迎えるだろう。","2026-03-12 19:35:12","2026-08-03 12:10:41"
818,815,くろがねの巨人,クロガネノキョジン,"Darksteel Giant",12,0,,https://draquex.com/monster/k-144.php,/storage/images/monsters/818.webp,"一流の職人に鍛え抜かれた 鋼鉄の身体を持つ巨人。黒光りする拳から放たれる 一撃は石垣をも粉砕する。","くろがねとは鉄のこと。要するに鉄の巨人なのだが全身鉄製だと重すぎるので 中は空洞になっているらしい。","2026-03-12 19:35:32","2026-07-27 15:53:30"
819,718,ぐんたいガニ・祖,グンタイガニ・ソ,"Ancestral Crabid",9,0,,https://draquex.com/monster/k-145.php,/storage/images/monsters/819.webp,"誰もがよく知っている ぐんたいガニの原種。緑のオーラをまとった身体には 強い攻撃本能が宿っている。","1匹はみんなのために！ みんなは1匹のために！がモットー。負けたときは みんなで反省会を開くらしい。","2026-03-12 19:35:43","2026-07-27 15:47:53"
821,65,ゴールデンパペット,ゴールデンパペット,"Gold-Plated Puppet",12,0,,https://draquex.com/monster/k-92.php,/storage/images/monsters/821.webp,"金色に輝くボディを持った人形魔物界のスター。だが 基本のふしぎなおどりは決して おろそかにしない。","誰もが あこがれる金色ボディのかがやきはかつて 魔界の演芸大会で金賞を受賞した証。","2026-03-12 19:36:33","2026-07-29 10:43:01"
822,78,ゴールデンボックス,ゴールデンボックス,"Golden Box",12,0,,https://draquex.com/monster/k-93.php,/storage/images/monsters/822.webp,ピラミッドに隠されている秘宝に宿るという魔物。ザラキーマを唱え死を振りまきほくそ笑みながら逃げていく。,かつて秘宝の守護者は黄金の秘宝を守るために宝箱に呪いをかけた。今も呪いは盗掘者を毒牙にかける。,"2026-03-12 19:36:35","2026-07-27 15:17:46"
823,205,ゴーレム,ゴーレム,Golem,12,0,,https://draquex.com/monster/k-97.php,/storage/images/monsters/823.webp,魔物たちの手によって土くれから作られた魔人。怒るとチカラをためまくってすさまじい攻撃をしかける。,平原で獲物を待っていると肩に小鳥が止まったりする。戦いばかりの人生だけどそんなひとときが少し幸せ。,"2026-03-12 19:36:44","2026-07-27 15:17:46"
824,744,ゴーレム・塔,ゴーレム・トウ,"Tower Golem",12,0,,https://draquex.com/monster/mon-131.php,/storage/images/monsters/824.webp,"創失の塔内部で生み出された 捕食しあうよう定められた悲しき魔物たち。その怨念は 巨大な創失波の糧となる。","クチのないゴーレム・塔が 他の魔物を どの器官でとうやって捕食するのか？ 研究が待たれるところである。","2026-03-12 19:36:49","2026-07-27 15:49:23"
825,762,コーンホワイト,コーンホワイト,Whitecorn,3,0,,https://draquex.com/monster/k-149.php,/storage/images/monsters/825.webp,マダム界隈でも一目置かれる美貌と品格の持ち主。攻撃法さえもスイートかつゴージャスな究極のマダム。,"宝石コレクターとしても有名で ゴージャスレインでまき散らす宝石はそのほんの一部だとか。ライバルは賢者マリーンか。","2026-03-12 19:36:51","2026-07-27 15:50:25"
826,617,コットンキャンディ,コットンキャンディ,"Cotton Candy",7,0,,https://draquex.com/monster/k-140.php,/storage/images/monsters/826.webp,"ふわふわボディから 甘い香りが漂うおいしそうな魔物。しかし 甘く見ると痛い目にあう。","甘い香りと見た目から よく冒険者に味見されるのが悩みのタネだったため 姿をくらます技を覚えた。","2026-03-12 19:37:06","2026-07-27 15:42:02"
828,801,ジア・デーモン,ジア・デーモン,"Dia Demon",12,0,,https://draquex.com/monster/s-121.php,/storage/images/monsters/828.webp,"ジア・クトの放つ結晶化の光に適応した キラーデーモン。元の魔物を はるかに凌駕する能力と凶暴性で 襲ってくる。",一般キラーデーモン時代の上司だったベルフェゴルにお礼参りをしてきたらしい。ジア・クトには感謝している。,"2026-03-12 19:38:14","2026-07-27 15:52:41"
829,562,ジア・メーダ,ジア・メーダ,"Dia Lunatick",12,0,,https://draquex.com/monster/s-122.php,/storage/images/monsters/829.webp,"ジア・クトの放つ結晶化の光に適応した メーダ。元の魔物を はるかに凌駕する能力と凶暴性で 襲ってくる。","鉱物生命体となり自慢の目玉はさらに眼力と輝きを増した。その視線にさらされるだけで ビリビリしびれるとの評判。","2026-03-12 19:38:16","2026-07-27 15:38:47"
830,661,ジェイドウォリアー,ジェイドウォリアー,"Jade Warrior",7,0,,https://draquex.com/monster/s-123.php,/storage/images/monsters/830.webp,"この世を焼き尽くさんとする はた迷惑な魔炎の戦士。アシッドブレスと火炎弾を使い分け 攻撃してくる。","不届き者の手で切り倒されたご神木を 火にくべたとき宝石のようにきらめく魔炎が燃え立ち 魔物を生み出した。","2026-03-12 19:38:32","2026-07-27 15:44:36"
831,895,ジェントルダンス,ジェントルダンス,"Gentle Gentleman",4,1,217,https://dragon-quest.jp/ten/monster/tensei.php,/storage/images/monsters/831.webp,"魔物紳士録にも載っている 悪魔の紳士。そのダンスは多彩かつ華麗でジェントルの なんたるかを教えてくれる。","同じ転生モンスターの バロンシルエットは親友だがその出会いは互いの名誉を賭け 決闘するというものだった。","2026-03-12 19:38:40","2026-08-03 12:09:04"
832,768,しにがみ,シニガミ,"Mean Spirit",10,0,,https://draquex.com/monster/s-129.php,/storage/images/monsters/832.webp,"多くの生者を死に追いやった ゆうれいが進化した存在。ザキをあやつって さらなる死を振りまいてくる。","しにがみと名乗っているが 要は強力な悪霊に過ぎない。誇大表現といわれるのを 密かに恐れているらしい。","2026-03-12 19:39:01","2026-07-27 15:50:45"
833,749,しびれあげは,シビレアゲハ,"Dread Admiral",5,0,,https://draquex.com/monster/mon-119.php,/storage/images/monsters/833.webp,"アゲハ蝶としてのプライドから ひとくいがやじんめんちょうに優越感を抱いているが とこよアゲハには遠慮がち。","やけつくいきで 敵をシビれさせるたびに息がクサいかもと心配になり ひそかに口臭対策している。","2026-03-12 19:39:19","2026-07-27 15:49:40"
834,723,シャドーメイル,シャドーメイル,Darkmour,12,0,,https://draquex.com/monster/mon-106.php,/storage/images/monsters/834.webp,"グランゼニスの試練場に訪れる 勇者と大魔王の前に立ちふさがる試練の魔物。 魔のチカラを宿している。","武器は自分でデザインした。 デカくてカッコいい武器に存在しないはずの心臓が 熱く高鳴る。","2026-03-12 19:39:49","2026-07-27 15:48:08"
835,832,ジラフドラグーン,ジラフドラグーン,Giraffagoon,2,0,,https://draquex.com/monster/mon-111.php,/storage/images/monsters/835.webp,"100年に1匹の確率で 生まれる 選ばれしキリンが1000歳まで生き延びた時 竜のチカラを得るという。","キリンとして生きていた時は 裸でも恥ずかしくなかったが竜化して知恵をつけたとたん あわてて衣服を身につけた。","2026-03-12 19:40:05","2026-08-03 12:10:41"
836,495,シルエト,シルエト,Silhouette,7,0,,https://draquex.com/monster/h-134.php,/storage/images/monsters/836.webp,人々の嘆きと憎しみから生まれいづる幽鬼。死の呪文ザラキを唱え辺りを死の世界へと変える。,うすっぺらな身体がイヤでトレーニングで筋肉をつけてブ厚くなろうとしたが３日で断念した過去がある。,"2026-03-12 19:40:12","2026-07-27 15:17:46"
837,702,じんめんちょう,ジンメンチョウ,Batterfly,5,0,,https://draquex.com/monster/s-124.php,/storage/images/monsters/837.webp,"インパクトのあるカオと 羽根の模様でヒトを惑わす蝶。笑ったカオを見た者は 誰ひとり生きていないという。","戦闘中の仲間呼びで 仲間が来てくれるように日頃からプレゼントを配って ポイント稼ぎに勤しんでいる。","2026-03-12 19:40:30","2026-07-27 15:46:58"
838,935,スカラベテンツク,スカラベテンツク,"Scarab Slugger",5,1,527,https://dragon-quest.jp/ten/monster/tensei.php,/storage/images/monsters/838.webp,"甲虫を好んで食べ続けるうちに 突然変異したテンツクの一種。普通のテンツクよりもちょっと 身体が硬くなっている。","身体が硬い分 柔軟性に欠け 踊りのしなやかさが失われたががむしゃらに修行し 克服した 顔の割に努力家なヤツ。","2026-03-12 19:40:41","2026-07-27 16:00:08"
839,719,ズッキーニャ・祖,ズッキーニャ・ソ,"Ancestral Cruelcumber",3,0,,https://draquex.com/monster/s-125.php,/storage/images/monsters/839.webp,"誰もがよく知っている ズッキーニャの原種。緑のオーラをまとった身体には 強い攻撃本能が宿っている。","はるか昔 とある村の近くで 救世の天使と一戦交えたという武勇伝がズッキーニャらの間で 代々語り継がれているらしい。","2026-03-12 19:41:01","2026-07-27 15:47:57"
840,584,スピンサタン,スピンサタン,"Dark Star",7,0,,https://draquex.com/monster/s-120.php,/storage/images/monsters/840.webp,"悪魔のように不気味に笑う闇の太陽。自身の周囲を回る衛星とのコンビネーションで 周囲の敵を惑わせる。","なげきムーンに対抗心を燃やし 夜空に浮いてアピールするも闇夜に紛れすぎて 誰にも気づいてもらえなかったとか。","2026-03-12 19:41:15","2026-07-27 15:40:04"
841,653,スライム・祖,スライム・ソ,"Ancestral Slime",1,0,,https://draquex.com/monster/s-126.php,/storage/images/monsters/841.webp,"誰もがよく知っている スライムの原種。緑のオーラをまとった身体には 強い攻撃本能が宿っている。","べちょべちょの液体の姿で この世に生を受けたがある日 神の啓示を得て ぷるぷる姿に進化したという。","2026-03-12 19:41:34","2026-07-27 15:44:09"
842,660,スライムベス・祖,スライムベス・ソ,"Ancestral She-Slime",1,0,,https://draquex.com/monster/s-127.php,/storage/images/monsters/842.webp,"誰もがよく知っている スライムベスの原種。緑のオーラをまとった身体には 強い攻撃本能が宿っている。","まれにスライムの群れに ベス1匹が混ざることがありそれを目撃できた者には 幸運が訪れるというウサワ。","2026-03-12 19:41:50","2026-07-27 15:44:33"
843,645,スラマシンＺ,スラマシンズィー,"Slimeborg Z",1,0,,https://draquex.com/monster/s-119.php,/storage/images/monsters/843.webp,"マッドな科学者に改造を 施されてしまったスライム。最大出力の電圧で放つ ジゴデインに気をつけろ。","スラマシンZが完成するまで スラマシンAからYまで計25体の試作スライムが 作られたらしい。","2026-03-12 19:41:59","2026-07-27 15:43:40"
846,767,ダークゲージ,ダークゲージ,"Dark Cage",6,0,,https://draquex.com/monster/t-129.php,/storage/images/monsters/846.webp,"闇にまつわる技や呪文だけを習得した闇に魅せられし鳥。クール＆スタイリッシュを 信条にしている。","闇に生きる者を演出してきたが そのコミカルな見た目ゆえ思い通り決まらないのが悩み。今更ながら路線変更を検討中。","2026-03-12 19:42:30","2026-07-27 15:50:41"
847,275,ダークポックル,ダークポックル,"Grim Grinner",8,0,,https://draquex.com/monster/t-10.php,/storage/images/monsters/847.webp,守りをガチガチにかためている邪悪な精霊。たまに盾のクチからこごえるふぶきをはきだす。,代々盾コレクターの家系で実戦用観賞用保存用と目的別に使い分けるために同じ盾を複数所持している。,"2026-03-12 19:42:54","2026-07-27 15:17:46"
848,839,ダースドラゴン,ダースドラゴン,"Dread Dragon",11,0,,https://draquex.com/monster/t-118.php,/storage/images/monsters/848.webp,"燃える炎の色のウロコを持つ灼熱のドラゴン。クチから放たれる業火に焼かれた者は チリひとつも残らない。","ダースドラゴンは一度に 12個ものタマゴを産むが成長の早い1匹が他の兄弟を すべて殺す習性があるらしい。","2026-03-12 19:42:58","2026-07-27 15:54:40"
849,777,ダースリカント,ダースリカント,"Ursa Mega",2,0,,https://draquex.com/monster/t-121.php,/storage/images/monsters/849.webp,"冷静さと凶暴さを合わせ持つ 巨大なクマ。その体躯から放たれる痛恨のいちげきは 相手に致命傷を与える","痛恨のいちげきを連続12回 放ったという伝説を持ち周囲から怖れられている。本人は否定も肯定もしない。","2026-03-12 19:43:00","2026-08-03 12:10:41"
850,668,大王イカ・塔,ダイオウイカ・トウ,"Tower King Squid",9,0,,https://draquex.com/monster/mon-132.php,/storage/images/monsters/850.webp,"創失の塔内部で生み出された 捕食しあうよう定められた悲しき魔物たち。その怨念は 巨大な創失波の糧となる。","捕食される自分の味が気になり 触手をかじってみたところ非常に美味だったらしい。 我を食する者は幸運である。","2026-03-12 19:43:09","2026-07-27 15:45:01"
851,822,だいまじん・祖,ダイマジン・ソ,"Ancestral Stone Guardian",12,0,,https://draquex.com/monster/mon-122.php,/storage/images/monsters/851.webp,"誰もがよく知っている だいまじんの原種。緑のオーラをまとった身体には 強い攻撃本能が宿っている。","仲間同士で集まると 誰がいちばん長くポーズを維持できるかの争いになるが 数万年 決着がついていない。","2026-03-12 19:43:22","2026-07-27 15:53:55"
852,776,堕天のメイス,ダテンノメイス,"Fallen Mace",10,0,,https://draquex.com/monster/mon-102.php,/storage/images/monsters/852.webp,"ダークフォースをあやつり バギクロスで裁きを下して敵に死の安息を与えんとする 堕落した魂のなれの果て。","生まれ落ちた時から愛を知らず人を憎み世を呪い 神の恩寵に背いて 悪事にまい進するも 神罰によって命を落とした。","2026-03-12 19:43:49","2026-07-27 15:51:13"
853,682,タホドラキー・祖,タホドラキー・ソ,"Ancestral Drackmage",6,0,,https://draquex.com/monster/t-122.php,/storage/images/monsters/853.webp,"誰もがよく知っている タホドラキーの原種。緑のオーラをまとった身体には 強い攻撃本能が宿っている。","タホとは「猛る炎」の略だと うそぶいてみたものの自分でも納得していないので真のタホの 意味を今も探し続けている。","2026-03-12 19:43:54","2026-07-27 15:45:49"
854,756,タホバルキー,タホバルキー,"Jumbo Drackmage",6,0,,https://draquex.com/monster/t-123.php,/storage/images/monsters/854.webp,"タホドラキーの突然変異体。その豊満なボディを活かし必殺のポヨロンプレスを 放ってくる。","うっかり体重が増えすぎたため 小さな翼では飛べなくなって近くの魔物を押しつぶした。必殺技誕生の瞬間だった。","2026-03-12 19:43:56","2026-07-27 15:50:04"
855,585,ツイストサイダー,ツイストサイダー,"Cool Whip",7,0,,https://draquex.com/monster/t-119.php,/storage/images/monsters/855.webp,"パチパチと弾ける 特殊なガスをその身に含んだ雲のこども。吹き出す息は こごえるほどに刺激的。","よく仲間を呼んでは みんなで身体をひねって踊っている。身体に含むガスが パチパチ弾けて楽しいらしい。","2026-03-12 19:44:15","2026-07-27 15:40:08"
856,699,つららわたり,ツララワタリ,Stalacticle,4,0,,https://draquex.com/monster/mon-123.php,/storage/images/monsters/856.webp,"雪山の洞くつで生まれたため 暗く寒いところを好む。旅人を見つけては眠らせて 氷漬けにする意地の悪いヤツ。","雪山にいた頃はつららを渡って移動していたが 春になるとつららが解けて 手をすべらせ よく落ちていたらしい。","2026-03-12 19:44:28","2026-08-03 12:09:04"
857,783,デザートモデル,デザートモデル,"Dune Stalker",13,0,,https://draquex.com/monster/t-124.php,/storage/images/monsters/857.webp,"砂漠での作戦遂行を目的とし 防塵機能を充実させた破壊兵器。地平線に光る緑の モノアイは死を意味する。","内部構造を砂嵐から守るため パーツとパーツの隙間を完璧に合わせすぎ メンテナンス時は分解するにもひと苦労だとか。","2026-03-12 19:44:44","2026-07-27 15:51:38"
858,705,てっこうまじん・祖,テッコウマジン・ソ,"Ancestral Bad Karmour",12,0,,https://draquex.com/monster/mon-124.php,/storage/images/monsters/858.webp,"誰もがよく知っている てっこうまじんの原種。緑のオーラをまとった身体には 強い攻撃本能が宿っている。","新品の鎧を着て浮かれているが やがて鎧のあまりの重さに生活の多くをあきらめる未来を 彼はまだ知らない。","2026-03-12 19:45:17","2026-07-27 15:47:09"
859,831,デンガー,デンガー,"Prime Slime",1,0,,https://draquex.com/monster/t-117.php,/storage/images/monsters/859.webp,"黄金のスライムを駆る剣士。バイキルトと組み合わせた剣戟のみならず広範囲に轟く いなずまなど戦法は多彩。","一番好きな色はもちろん金。しかし黄金の剣や防具の維持黄金スライムの人件費など つねに金欠にあえいでいる。","2026-03-12 19:45:45","2026-07-27 15:54:26"
860,742,テンツク・祖,テンツク・ソ,"Ancestral Slugger",5,0,,https://draquex.com/monster/t-125.php,/storage/images/monsters/860.webp,"誰もがよく知っている テンツクの原種。緑のオーラをまとった身体には 強い攻撃本能が宿っている。","踊りはじめて まだ日が浅く レパートリーも少ないがいつか大舞台のメインを 張ることを夢見て鍛錬の日々。","2026-03-12 19:45:53","2026-07-27 15:49:15"
861,747,てんとうスカラベ,テントウスカラベ,"Spotted Scarab",5,0,,https://draquex.com/monster/mon-103.php,/storage/images/monsters/861.webp,"毒々しい配色の甲殻を持つ 甲虫界のかぶき者。吸血したり毒にしてきたり 攻撃手段もかぶいている。","生まれつきの派手な色のせいで 無頼の徒を演じてはいるが根は小心者で生真面目なので 日々ストレスをためている。","2026-03-12 19:45:55","2026-07-27 15:49:33"
862,720,どくやずきん・祖,ドクヤズキン・ソ,"Ancestral Bodkin Fletcher",8,0,,https://draquex.com/monster/t-126.php,/storage/images/monsters/862.webp,"誰もがよく知っている どくやずきんの原種。緑のオーラをまとった身体には 強い攻撃本能が宿っている。","リリパット・祖とは長年の対立関係にあり ライバルに差をつけようと矢に毒を ぬったことがその名の起源。","2026-03-12 19:46:09","2026-07-27 15:48:00"
863,736,とっしんこぞう,トッシンコゾウ,"Chariot Chappie",12,0,,https://draquex.com/monster/t-130.php,/storage/images/monsters/863.webp,"スクルトで身体を硬くし 体当たりしてくる暴走野郎。魔物界に運転免許があったら 確実に免停コースだろう。",車を降りると驚くほど気弱で奥ゆかしい性格に。ハンドル？を握ると途端に暴れん坊に変身する。,"2026-03-12 19:46:26","2026-07-27 15:48:53"
864,655,ドラキー・祖,ドラキー・ソ,"Ancestral Dracky",6,0,,https://draquex.com/monster/t-127.php,/storage/images/monsters/864.webp,"誰もがよく知っている ドラキーの原種。緑のオーラをまとった身体には 強い攻撃本能が宿っている。","モーモン・祖への対抗心は特にない。この頃はアイツが自分の地位をおびやかすなんて 思ってもいなかった！","2026-03-12 19:46:34","2026-07-27 15:44:15"
865,651,ドラグノワール,ドラグノワール,Dragonoir,11,0,,https://draquex.com/monster/t-120.php,/storage/images/monsters/865.webp,"ある強大なドラゴンの面影を宿した 漆黒の幼竜。しゃくねつ かがやくいきで パーティ全体を苦しめる。","年を経た ドラグノワールが 黄金のトサカを戴きしとき神にみお等しきチカラの竜と 恐れられることになるだろう。","2026-03-12 19:46:39","2026-07-27 15:44:01"
866,837,ドラゴン・塔,ドラゴン・トウ,"Tower Green Dragon",11,0,,https://draquex.com/monster/mon-133.php,/storage/images/monsters/866.webp,"創失の塔内部で生み出された 捕食しあうよう定められた悲しき魔物たち。その怨念は 巨大な創失波の糧となる。","飛竜・塔とすこぶる険悪。ちょっと飛べるからって調子に乗りやがって。この牙で 床に引きずり落してやる！","2026-03-12 19:47:00","2026-07-27 15:54:52"
867,836,ドリアンデッド,ドリアンデッド,Deadorian,10,0,,https://draquex.com/monster/t-128.php,/storage/images/monsters/867.webp,"両手に持ったトゲトゲの盾で 多彩な技をくりだす盾使いのスペシャリスト。攻撃は最大の防御がモットー。","見た目がそれっぽいから こんな名前で呼ばれているけど匂いケアには気をつけてます。大丈夫。クサくないですよ。","2026-03-12 19:47:07","2026-07-27 15:54:48"
868,893,トリケラン,トリケラン,"Rad Racer",11,1,197,https://dragon-quest.jp/ten/monster/tensei.php,/storage/images/monsters/868.webp,"ダッシュランが走り込みを続けるうち 体温が上がり続け紅潮した肌が定着した希少種。触れると 燃えるように熱い。",ぶつかり稽古を習慣としており目が合うと突進してくるので仲間たちから避けられている。もはや誰も彼を止められない。,"2026-03-12 19:47:11","2026-07-29 10:43:26"
869,641,ドロヌーバ・塔,ドロヌーバ・トウ,"Tower Mudraker",7,0,,https://draquex.com/monster/mon-134.php,/storage/images/monsters/869.webp,"創失の塔内部で生み出された 捕食しあうよう定められた悲しき魔物たち。その怨念は 巨大な創失波の糧となる。","動きが鈍いので 捕食対象は 追わずに待つが基本戦略。自ら動いている時は限界まで 空腹になっている時だとか。","2026-03-12 19:47:26","2026-07-27 15:43:26"
870,683,ねこまどう・祖,ネコマドウ・ソ,"Ancestral Meowgician",2,0,,https://draquex.com/monster/n-22.php,/storage/images/monsters/870.webp,"誰もがよく知っている ねこまどうの原種。緑のオーラをまとった身体には 強い攻撃本能が宿っている。","猫魔族の天才を自認するが 最上位呪文のメラガイアーを覚えられないせいでメラ系への 愛着と向上心を失いつつある。","2026-03-12 19:48:23","2026-08-03 12:10:41"
871,790,ノーライフロード,ノーライフロード,"Lifeless Lord",10,0,,https://draquex.com/monster/n-23.php,/storage/images/monsters/871.webp,"つらく苦しき生を終えた君主は 生きとし生けるもの全てに死の苦役を課すため 永遠にさまよい続けるのだ。","ノーカース ノーライフを合言葉に世の中を呪っているがそもそも生きてないじゃん！と ツッコまれるのを待っている。","2026-03-12 19:48:27","2026-07-27 15:52:03"
872,754,ハデスナイト,ハデスナイト,"Dread Dragooner",11,0,,https://draquex.com/monster/h-169.php,/storage/images/monsters/872.webp,"華麗にドラゴンを駆る 冥府より遣われし戦士。生物を暗黒のきりで包み あの世へ連れさるという。","かなりの暑がりであるため 鎧の下にタイツ等はつけない。直接汗がつくので 相棒のドラゴンは迷惑してるらしい。","2026-03-12 19:49:06","2026-07-27 15:49:57"
873,902,バロンシルエット,バロンシルエット,"Baron Silhouette",7,1,254,https://dragon-quest.jp/ten/monster/tensei.php,/storage/images/monsters/873.webp,"爵位を持つ高貴な影魔物。 その顔立ちは壮麗かつ端正でその眼差しは領民への慈悲に 満ちている……らしい。","じつは貴族の中では下級。優秀さから王の覚えがめでたく上級貴族から嫉妬されており 心労でやつれた……らしい。","2026-03-12 19:49:33","2026-07-27 15:58:08"
874,876,ヒクイナドン,ヒクイナドン,Cassoflarey,6,1,94,https://dragon-quest.jp/ten/monster/tensei.php,/storage/images/monsters/874.webp,"ランドンクイナの群れを従える凶悪にして色鮮やかな怪鳥。暴走 暴力 暴食の三暴を極めた天下の暴れん坊との評判だ。",ひくいどりとフォレスドンの混血種という噂もあるがランドンクイナに混じって現れる時点でマユツバである。,"2026-03-12 19:49:56","2026-07-29 10:43:47"
875,731,ひとくいが,ヒトクイガ,Betterfly,5,0,,https://draquex.com/monster/h-171.php,/storage/images/monsters/875.webp,"人喰いと呼ばれているが 実際にはそうでもない。ただ魔物として恐れられるのは アリなので否定はしていない。","戦闘で良質な毒を出せるよう 日頃から毒素満点の食事を欠かさないようにしている。 特に毒ヘビが好物らしい。","2026-03-12 19:50:21","2026-07-27 15:48:36"
876,810,ひとくいばこ・祖,ヒトクイバコ・ソ,"Ancestral Cannibox",12,0,,https://draquex.com/monster/mon-126.php,/storage/images/monsters/876.webp,"誰もがよく知っている ひとくいばこの原種。緑のオーラをまとった身体には 強い攻撃本能が宿っている。","宝箱のフリをして旅人を おどろかすのがシュミだがさすがにマンネリ化してきて 新たな潜伏先を探している。","2026-03-12 19:50:28","2026-07-27 15:53:12"
877,808,ビビッドヘッド,ビビッドヘッド,"Marbled Moai",12,0,,https://draquex.com/monster/h-172.php,/storage/images/monsters/877.webp,"極彩色でカラーリングされた巨大な石頭。その圧倒的な色彩の違和感でこちらの目をくらませ かく乱してくる。","幼いころはただの石だったが 地味な自分を変えたくてド派手に変身し 技を鍛え イメチェンに成功した努力家。","2026-03-12 19:50:32","2026-07-27 15:53:05"
878,760,飛竜・塔,ヒリュウ・トウ,"Tower Flying Dragon",11,0,,https://draquex.com/monster/mon-135.php,/storage/images/monsters/878.webp,"創失の塔内部で生み出された 捕食しあうよう定められた悲しき魔物たち。その怨念は 巨大な創失波の糧となる。","ドラゴン・塔とすこぶる険悪。飛べないからってひがむなよ！……翼なんてあったところで 塔からは出られないんだしさ。","2026-03-12 19:50:38","2026-07-27 15:50:18"
880,750,フォレドラ・塔,フォレドラ・トウ,"Tower Forest Dragon",11,0,,https://draquex.com/monster/mon-136.php,/storage/images/monsters/880.webp,"創失の塔内部で生み出された 捕食しあうよう定められた悲しき魔物たち。その怨念は 巨大な創失波の糧となる。","背中の樹木に青々とした葉を 生い茂らせることを夢見て早寝早起きと栄養満点の食事を 毎日心がけている。","2026-03-12 19:51:17","2026-07-27 15:49:43"
881,713,ブラウニー・祖,ブラウニー・ソ,"Ancestral Brownie",8,0,,https://draquex.com/monster/h-173.php,/storage/images/monsters/881.webp,"誰もがよく知っている ブラウニーの原種。緑のオーラをまとった身体には 強い攻撃本能が宿っている。","大のチョコレートケーキ好きで 報酬として用意しておけば寝ている間に面倒事を 片付けておいてくれるとか。","2026-03-12 19:51:54","2026-07-27 15:47:36"
882,757,ブラッディ・ゼア,ブラッディ・ゼア,"Bloody Maize",3,0,,https://draquex.com/monster/h-174.php,/storage/images/monsters/882.webp,"まがまがしい深紅色に染まった どうもろこしの化身。ミラクルブーストで冒険者の活力を吸い取り 骨抜きにする。","黒く染めた頭上のヒゲには 並々ならぬコダワリがありこの形にセットするのに 半日を費やしているらしい。","2026-03-12 19:52:11","2026-07-27 15:50:07"
883,838,ブラッドエイプス,ブラッドエイプス,"Scarlet Simian",2,0,,https://draquex.com/monster/h-175.php,/storage/images/monsters/883.webp,"飛竜を思わせる翼を生やした 巨大なサル。その剛腕で身の丈を超える岩石を 軽々と投げつけてくる。","物騒な名前で誤解されがちだが 体毛が赤いのは生まれつき。返り血なのかと恐れられるのに いいかげん辟易している。","2026-03-12 19:52:13","2026-08-03 12:10:41"
884,764,プリズンイーグル,プリズンイーグル,"Prison Eagle",6,0,,https://draquex.com/monster/h-176.php,/storage/images/monsters/884.webp,"青い羽毛に黄金のカゴと一見 縁起がいいがイオナズンややけつくいきで攻撃されたら 不幸の青い鳥と感じるだろう。","イーグルを名乗っているが 見た目はどう見てもインコ。とはいえ強さは本物で 猛禽にふさわしい魔鳥なのだ。","2026-03-12 19:52:38","2026-07-27 15:50:31"
885,887,ブルジョワハンド,ブルジョワハンド,"Bourgeois Hand",12,1,167,https://dragon-quest.jp/ten/monster/tensei.php,/storage/images/monsters/885.webp,"高価な宝石付きの指輪や 有名ブランドの腕輪をこれ見よがしに身につけた イヤミな金持ち魔物。","イヤリングやペンダントなどの 装飾品を身につけられないのが不満で そのストレス解消に 今日も散財している。","2026-03-12 19:52:50","2026-07-27 15:57:18"
886,644,フレイム・塔,フレイム・トウ,"Tower Dancing Flame",7,0,,https://draquex.com/monster/mon-137.php,/storage/images/monsters/886.webp,"創失の塔内部で生み出された 捕食しあうよう定められた悲しき魔物たち。その怨念は 巨大な創失波の糧となる。","飛んでいるホークマン・塔を 捕食しようと必死で跳ねるうち背後がおろそかになって 食われるドツボにはまりがち。","2026-03-12 19:53:00","2026-07-27 15:43:37"
887,804,ベスキング,ベスキング,"King She-Slime",1,0,,https://draquex.com/monster/h-177.php,/storage/images/monsters/887.webp,"太陽のごとく輝くその身は 同胞スライム族への愛で満ち頭上に輝く冠を支えるは 仲間を守りぬくという矜持。","表立っては言えないが お供の魔物はスライムやバブルなどオレンジ色が引き立つ連中が いいなと思っている。","2026-03-12 19:53:13","2026-07-27 15:52:51"
888,817,ベヒードス・塔,ベヒードス・トウ,"Tower Drakulurch",11,0,,https://draquex.com/monster/mon-138.php,/storage/images/monsters/888.webp,"創失の塔内部で生み出された 捕食しあうよう定められた悲しき魔物たち。その怨念は 巨大な創失波の糧となる。","魔物の捕食を楽しんでいる グルメドラゴン。好きな魔物は大きくて食い応えがあるやつ。小骨が少ないと なおよし。","2026-03-12 19:53:24","2026-07-27 15:53:37"
889,666,ホークマン・塔,ホークマン・トウ,"Tower Hawk Man",6,0,,https://draquex.com/monster/mon-139.php,/storage/images/monsters/889.webp,"創失の塔内部で生み出された 捕食しあうよう定められた悲しき魔物たち。その怨念は 巨大な創失波の糧となる。","捕食されたくない一心で 肩をもんだりパシリをしたり他の魔物に媚びを売っている。その効果は無いようだが……。","2026-03-12 19:54:47","2026-07-27 15:44:53"
890,670,マーブルヴォルク,マーブルヴォルク,"Marble Volk",2,0,,https://draquex.com/monster/m-91.php,/storage/images/monsters/890.webp,"怒りにかられ動くモノすべてに 襲いかかる凶暴な猛獣。鋭いツメでつうこんをくり出し 周囲の生物を根絶やしにする。","自分に向けられる感情を匂いで感じ取る能力を持っておりじつは恐れや敵意に反応して 襲いかかっているだけなのだ。","2026-03-12 19:55:30","2026-08-03 12:10:41"
891,636,マダムコーン,マダムコーン,Maizetress,3,0,,https://draquex.com/monster/m-92.php,/storage/images/monsters/891.webp,"黄金の粒がびっしり詰まった 豊満ボディが自慢のマダム。くり出すゴージャスレインは とても甘くてとても痛い。","セレブとして各種パーティーや コンサートに引っ張りだこで日々を多忙に過ごしている。どこでもマダムは注目の的だ。","2026-03-12 19:56:08","2026-07-27 15:43:08"
892,786,マタンゴ・祖,マタンゴ・ソ,"Ancestral Morphean Mushroom",3,0,,https://draquex.com/monster/m-94.php,/storage/images/monsters/892.webp,"誰もがよく知っている マタンゴの原種。緑のオーラをまとった身体には 強い攻撃本能が宿っている。","きのこらしくジメジメした場所を好むが 水にぬれるのは大の苦手。雨の日には 目いっぱいカサを広げている。","2026-03-12 19:56:15","2026-07-27 15:51:49"
893,491,マドハンド・強,マドハンド・キョウ,"Vicious Muddy Hand",10,0,,https://draquex.com/monster/mon-107.php,/storage/images/monsters/893.webp,"ケタ違いの強さを持つ 邪悪な マドハンド。怪しくうごめく指先には 激しい殺意が宿っている。","同種の仲間を呼びよせて 集団で獲物を狩ることを好む。倒した獲物は等分にして それぞれが持ち帰っていく。","2026-03-12 19:56:34","2026-07-27 15:34:42"
894,621,マリンスライム・塔,マリンスライム・トウ,"Tower Seaslime",9,0,,https://draquex.com/monster/mon-140.php,/storage/images/monsters/894.webp,"創失の塔内部で生み出された 捕食しあうよう定められた悲しき魔物たち。その怨念は 巨大な創失波の糧となる。","塔の外では基本狩られる側だが この塔では狩る側になれたと背後のドロヌーバ・塔の存在も 忘れて張り切っている。","2026-03-12 19:56:45","2026-07-27 15:42:16"
895,610,まんじゅシャモン,マンジュシャモン,Shamanju,3,0,,https://draquex.com/monster/m-89.php,/storage/images/monsters/895.webp,"まんじゅしゃげの花のような あざやかな真紅の身体が自慢。妖しげな踊りで人を死へと誘う おぞましい一面をもつ。","仲間を集めては誰が一番 美しい紅かコンテストで競う。優勝目指して人の生き血を すする努力を重ねているとか。","2026-03-12 19:56:47","2026-07-27 15:41:37"
896,704,ミーラカンス,ミーラカンス,Meeracanth,10,0,,https://draquex.com/monster/mon-113.php,/storage/images/monsters/896.webp,"ゾンビ化した古代魚だが 太古にゾンビ化した魚なのか生きていた古代魚が最近 ゾンビ化したものかは不明。","生きた化石ならぬ死んだ化石と呼ばれているが それって普通なんじゃ……とつっこむと 途端に不機嫌になる。","2026-03-12 19:56:51","2026-07-27 15:47:05"
897,698,みならいあくま・祖,ミナライアクマ・ソ,"Ancestral Winkster",4,0,,https://draquex.com/monster/m-95.php,/storage/images/monsters/897.webp,"誰もがよく知っている みならいあくまの原種。緑のオーラをまとった身体には 強い攻撃本能が宿っている。","みならいという名に反し メラゾーマを覚えた努力家。しかしどうすれば みならいを卒業できるのだろうか……。","2026-03-12 19:57:08","2026-08-03 12:09:04"
898,891,ミノカサハギン,ミノカサハギン,"Lionfish Sahagin",9,1,189,https://dragon-quest.jp/ten/monster/tensei.php,/storage/images/monsters/898.webp,"シマシマ模様がイカした トがり気味の半魚人。触る者みなキズつける ギザギザ背びれが自慢らしい。","なんでシマシマなのかって？ シマシマ カッコイイだろ！文句あんのかコラ！ テメ 表でろオッラァァン！","2026-03-12 19:57:13","2026-07-27 15:57:28"
899,675,むくろカサゴ,ムクロカサゴ,"Corpse Cod",10,0,,https://draquex.com/monster/m-90.php,/storage/images/monsters/899.webp,"冥界の海を泳ぐ魚の魔物。闇のチカラに満ちたブレスや強烈ないなずまで襲いかかり 敵を死の淵へといざなう。","生きて海を泳いでいた頃は 珍しい怪魚として狙われた。あまたの釣り人たちの指に かみついてやったのが自慢。","2026-03-12 19:57:22","2026-07-27 15:45:25"
900,460,メラゴースト・塔,メラゴースト・トウ,"Tower Firespirit",7,0,,https://draquex.com/monster/mon-141.php,/storage/images/monsters/900.webp,"創失の塔内部で生み出された 捕食しあうよう定められた悲しき魔物たち。その怨念は 巨大な創失波の糧となる。","捕食者のマリンスライム・塔を 倒してくれるドロヌーバ・塔を救世主と崇め 慕っているが 当人には迷惑がられている。","2026-03-12 19:58:29","2026-07-27 15:32:38"
901,686,モーモン・祖,モーモン・ソ,"Ancestral Teeny Sanguini",4,0,,https://draquex.com/monster/m-96.php,/storage/images/monsters/901.webp,"誰もがよく知っている モーモンの原種。緑のオーラをまとった身体には 強い攻撃本能が宿っている。","毛に隠れて見えないが じつは原種モーモンにはヘソがある。だが その存在は今のところ 誰にも知られていない。","2026-03-12 19:58:43","2026-08-03 12:09:04"
902,734,モノクロームナイト,モノクロームナイト,Monochromour,12,0,,https://draquex.com/monster/mon-108.php,/storage/images/monsters/902.webp,"グランゼニスの試練場に訪れる 勇者と大魔王の前に立ちふさがる試練の魔物。 神と魔のチカラを宿している。","自分を造った時に余ったはずの ライトアーマーの左半分とシャドーメイルの右半分の ゆくえが気になっている。","2026-03-12 19:58:58","2026-07-27 15:48:47"
903,693,もみじこぞう・祖,モミジコゾウ・ソ,"Ancestral Leafy Larrikin",3,0,,https://draquex.com/monster/m-97.php,/storage/images/monsters/903.webp,"誰もがよく知っている もみじこぞうの原種。緑のオーラをまとった身体には 強い攻撃本能が宿っている。","じつはド近眼で転ばぬようにと足をどんどん増やしていったが今度は足同士がもつれて 転ぶようになった悲しいヤツ。","2026-03-12 19:59:10","2026-07-27 15:46:27"
904,735,ゆうれい,ユウレイ,Spirit,10,0,,https://draquex.com/monster/y-9.php,/storage/images/monsters/904.webp,"生きとし生けるものを恨み 闇雲にやいばを振り回す。ゆうれいというよりも 悪霊と呼ぶべき厄介なヤツ。","生前の人格は失われているが やいばくだきを使いこなす。生きているときは意外とウデの立つ戦士だったのかも？","2026-03-12 19:59:27","2026-07-27 15:48:50"
905,856,ようがんトーチ,ヨウガントーチ,"Lava Candle",12,1,26,https://dragon-quest.jp/ten/monster/tensei.php,/storage/images/monsters/905.webp,"溶岩の爆発的なパワーを宿した おばけキャンドルの変異種。頑強な身体にたくわえた 地獄の炎で敵を燃やし尽くす。","仲間のおばけキャンドルたちは 近づきすぎると溶けてしまう。そのため常に距離を置かれ 皮肉にも心は冷えきっている。","2026-03-12 19:59:34","2026-07-27 15:55:34"
906,722,ライトアーマー,ライトアーマー,Lightmour,12,0,,https://draquex.com/monster/mon-109.php,/storage/images/monsters/906.webp,"グランゼニスの試練場に訪れる 勇者と大魔王の前に立ちふさがる試練の魔物。 神のチカラを宿している。","盾は自分でデザインした。 儚げな乙女の横顔を見ると存在しないはずの心臓が キュンキュンする。","2026-03-12 19:59:41","2026-07-27 15:48:04"
907,778,リカント,リカント,Bewarewolf,2,0,,https://draquex.com/monster/mon-127.php,/storage/images/monsters/907.webp,"目が覚めるように鮮やかな 青い体毛を持つ獣人。本能のままテンションを燃やし 獲物にすばやく襲いかかる。","自称かざらない ムダがない スタンダードの実力派。狼男という意味の名前だが 別に変身したりはしない。","2026-03-12 19:59:58","2026-08-03 12:10:41"
908,743,リザードマン・祖,リザードマン・ソ,"Ancestral Mandrake Major",11,0,,https://draquex.com/monster/mon-128.php,/storage/images/monsters/908.webp,"誰もがよく知っている リザードマンの原種。緑のオーラをまとった身体には 強い攻撃本能が宿っている。","フォースを使いこなしての 多彩な剣技はまさに魔法戦士。アストルティアの子孫は 先祖の記憶を追い求めていた？","2026-03-12 20:00:06","2026-07-27 15:49:19"
909,746,リターナーモア,リターナーモア,Repeckerel,6,0,,https://draquex.com/monster/r-33.php,/storage/images/monsters/909.webp,"広大な大地を超高速で 一気に駆け抜ける魔物界きっての走り屋。その姿はまさに風。","走り屋の異名に似合わず ザオリクを使いこなす心優しき魔鳥。愛を知るからこそ速くなれる！","2026-03-12 20:00:09","2026-07-27 15:49:29"
910,793,りゅうぐう王・塔,リュウグウオウ・トウ,"Tower Nessicure",11,0,,https://draquex.com/monster/mon-142.php,/storage/images/monsters/910.webp,"創失の塔内部で生み出された 捕食しあうよう定められた悲しき魔物たち。その怨念は 巨大な創失波の糧となる。","王となるべく すべての魔物を 平らげようとしているがここは りゅうぐうではなく 創失の塔なのである。","2026-03-12 20:00:25","2026-07-27 15:52:13"
911,770,りゅう兵士,リュウヘイシ,"Mandrake Mangler",11,0,,https://draquex.com/monster/r-34.php,/storage/images/monsters/911.webp,"たゆまぬ鍛錬によって 持って生まれたキバや爪をしのぐほどの剣技を会得した 竜としては異色の存在。","自由自在に手を操ることができ ナイフやフォークを使った食事のマナーも完璧なことを 密かに誇りに思っている。","2026-03-12 20:00:28","2026-07-27 15:50:52"
912,703,リリパット・祖,リリパット・ソ,"Ancestral Bodkin Archer",8,0,,https://draquex.com/monster/r-35.php,/storage/images/monsters/912.webp,"誰もがよく知っている リリパットの原種。緑のオーラをまとった身体には 強い攻撃本能が宿っている。","当初は他に使っているヤツがいなかったからという理由で弓を使い始めただけで 別に強いこだわりはなかった。","2026-03-12 20:00:35","2026-07-27 15:47:02"
913,849,ローヤルさそりばち,ローヤルサソリバチ,"Royal Waspion",5,1,10,https://dragon-quest.jp/ten/monster/tensei.php,/storage/images/monsters/913.webp,"特別な栄養食を食べて育った 選ばれし さそりばち。身体的に屈強なだけでなく 頭脳明晰でメンタルも強い。","身にまとう花粉団子こそが ウワサの完全栄養食。美容と健康を増進するらしく 冒険者に狙われるのが悩み。","2026-03-12 20:01:07","2026-07-27 15:55:09"
914,773,ワイトキング・祖,ワイトキング・ソ,"Ancestral Wight King",10,0,,https://draquex.com/monster/mon-129.php,/storage/images/monsters/914.webp,"誰もがよく知っている ワイトキングの原種。緑のオーラをまとった身体には 強い攻撃本能が宿っている。","死霊の王として すべてを手にした今でも 食事にだけは未練があり お抱えコックが作った料理をながめる日々。","2026-03-12 20:01:11","2026-07-27 15:51:03"
919,843,輝晶獣ゾルゾム,キショウジュウゾルゾム,"Crystalbeast Zolzom",7,0,,,/storage/images/monsters/919.webp,"輝晶核と呼ばれる物質を 生成できる悪霊型の魔獣。強い怨念に突きうごかされて 魔界の大調練場から逃亡。","魔界に太古の昔から存在する 古代輝晶獣に霊の因子を与えて生み出された。ガブラによると こう見えて人なつこいらしい。","2026-03-20 00:01:24","2026-07-29 10:45:00"
920,844,輝晶獣ボイボゥ,キショウジュウボイボゥ,"Crystalbeast Boibou",2,0,,,/storage/images/monsters/920.webp,"輝晶核と呼ばれる物質を 生成できる土竜型の魔獣。観客の少なさに怒りを覚え 魔界の大調練場から逃亡。","魔界に太古の昔から存在する 古代輝晶獣に獣の因子を与えて生みだされた。ガブラによると こう見えて人なつこいらしい。","2026-03-20 00:01:59","2026-08-03 12:10:41"
921,845,輝晶獣ドグドラ,キショウジュウドグドラ,"Crystalbeast Dogdra",11,0,,,/storage/images/monsters/921.webp,"輝晶核と呼ばれる物質を 生成できる邪竜型の魔獣。強大なパワーを持てあまし 魔界の大調練場から逃亡。","魔界に太古の昔から存在する 古代輝晶獣に竜の因子を与えて生みだされた。ガブラによると お手を覚えたばかりらしい。","2026-03-20 00:02:23","2026-07-29 10:47:02"
922,846,閃輝晶獣ビルビギス,センキショウジュウビルビギス,"Crystalfiend Bilbigis",13,0,,,/storage/images/monsters/922.webp,,,"2026-03-20 00:02:54","2026-07-27 15:17:47"
923,847,閃輝晶獣ザウザリィ,センキショウジュウザウザリィ,"Crystalfiend Zauzari",2,0,,,/storage/images/monsters/923.webp,,,"2026-03-20 00:03:19","2026-08-03 12:10:41"
924,848,閃輝晶獣バンバジャ,センキショウジュウバンバジャ,"Crystalfiend Banbaja",10,0,,,/storage/images/monsters/924.webp,,,"2026-03-20 00:04:22","2026-07-27 15:17:47"
927,669,スライム・異,スライム・イ,Slime,1,0,,,/storage/images/monsters/927.webp,"誰もがよく知っている スライムの新たな姿。白きオーラをまとった身体には 未知のパワーが 宿っている。","どんな所で暮らしていても 最弱モンスターであることに変わりはない。 それでも健気に生きていく。","2026-06-26 18:08:14","2026-07-27 15:45:04"
929,733,キメラ・異,キメラ・イ,"Chimaera (Altered)",,0,,,/storage/images/monsters/929.webp,誰もがよく知っているキメラの新たな姿。白きオーラがまとった身体には未知のパワー　がや宿っている。,"キメラ・異という名前に 強い違和感を抱いており どうせなら「キメ異ラ」が よかったのにと思っている。","2026-06-26 18:36:09","2026-07-29 10:05:24"
930,687,ドラキー・異,ドラキー・イ,"Dracky (Altered)",6,0,,,/storage/images/monsters/930.webp,"誰もがよく知っている ドラキーの新たな姿。 白きオーラをまとった身体には 未知のパワーが 宿っている。","闇に紛れるのが特技だったが 白いオーラをまとったことで 完全にその道は断たれた。 今は新たな特技を模索中。","2026-06-26 18:37:28","2026-07-29 10:07:01"
931,794,メソコボルト,メソコボルト,Mesokoboruto,8,0,,,/storage/images/monsters/931.webp,"小柄なヒト型の魔物で 知能はそれほど高くない。 自分や呼んだ仲間を強化し ひたすらボコ殴りしてくる。","仲間がいる間は強気だが ひとりになると心細くて すぐにメソメソしてしまう。 そんな自分が愛おしい。","2026-06-26 18:39:03","2026-07-29 10:08:03"
932,799,ヘルカッチャ・異,ヘルカッチャ・イ,"Masqueraider (Altered)",,0,,,/storage/images/monsters/932.webp,"誰もがよく知っている ヘルカッチャの新たな姿。 白きオーラをまとった身体には 未知のパワーが 宿っている。","鎧の内部には意外と余裕があり いろいろしまっているらしい。 推しの邪神のグッズを大量に 持ち歩く者もいるようだ。","2026-06-26 18:40:16","2026-07-29 10:08:29"
933,819,ワイトジェネラル,ワイトジェネラル,Waitojeneraru,10,0,,,/storage/images/monsters/933.webp,"亡者の軍勢を率いる将軍。 マヒャド斬りやかがやくいきで 立ちはだかる敵を凍てつかせ 死へといざなう。","４つの武器を同時に 扱えるようになるために ナイフとフォークとスプーンに 箸まで使って特訓したらしい。","2026-06-26 18:42:02","2026-07-29 10:08:58"
934,710,亡国の残兵,ボウコクノザンヘイ,Boukokunozanhei,13,0,,,/storage/images/monsters/934.webp,"かつて存在していた ガリアンテ王国の人型兵器。 アトマ石を動力に再び動き出し 今は亡き王国を守るため戦う。","戦力として頼りにしていた 大型の人型兵器が すべて壊れてしまっていたため 内心は非常に心細い。","2026-06-26 18:43:26","2026-07-29 10:26:21"
936,787,ヘルゴースト・異,ヘルゴースト・イ,"Spitegeist (Altered)",10,0,,,/storage/images/monsters/936.webp,"誰もがよく知っている ヘルゴーストの新たな姿。 白きオーラをまとった身体には 未知のパワーが 宿っている。","自分がなぜゴーストに なったのか覚えていない。 それを知るため今日も彼は 人々の前に現れつづける。","2026-06-27 06:57:07","2026-07-29 10:07:37"
937,803,スカラベキング・異,スカラベキング・イ,"Scarab King (Altered)",5,0,,,/storage/images/monsters/937.webp,"誰もがよく知っている スカラベキングの新たな姿。 白きオーラをまとった身体には 未知のパワーが 宿っている。","水面に映ったオーラあふれる 自分の姿を見るたびにキングを 卒業し さらに上のステップに 進むべきかと悩む今日この頃。","2026-06-27 07:00:51","2026-07-29 10:11:50"
938,761,デザートランナ・異,デザートランナ・イ,"Parched Peckerel (Altered)",11,0,,,/storage/images/monsters/938.webp,"誰もがよく知っている デザートランナーの新たな姿。 白きオーラをまとった身体には 未知のパワーが 宿っている。","砂漠を走るのにも飽きたので 新たな走り場を求めている。 荒野や森林を狙っているが 障害物が多いのが悩みどころ。","2026-06-27 07:25:17","2026-07-29 10:10:22"
939,766,アロエおに・異,アロエオニ・イ,"Aloehaha (Altered)",3,0,,,/storage/images/monsters/939.webp,"誰もがよく知っている アロエおにの新たな姿。 白きオーラをまとった身体には 未知のパワーが 宿っている。","こちらのアロエおには いまだ その効能を知られておらず 今後 健康ブーム美容ブームを 巻き起こすポテンシャルあり。","2026-06-27 07:27:09","2026-07-29 10:10:50"
940,792,ゴーレム・異,ゴーレム・イ,"Golem (Altered)",12,0,,,/storage/images/monsters/940.webp,"誰もがよく知っている ゴーレムの新たな姿。 白きオーラをまとった身体には 未知のパワーが 宿っている。","オーラの輝きのせいで たまに ゴールドマンとまちがわれる。 落とすゴールドが少ない！と クレームを受けることも。","2026-06-27 07:30:04","2026-07-29 10:11:23"
941,941,若葉の精霊,ワカバノセイレイ,Wakabanoseirei,3,0,,https://xn--10-yg4a1a3kyh.jp/a_mon/../a_mon/dq10_monster_k_wakabanoseirei.html,/storage/images/monsters/941.webp,世界樹を守る役目を持つおおらかな性格の精霊。枯れかけた世界樹を救うため自らのチカラを使い果たした。,世界樹を守るのがオリの使命。力の試練を手伝っていたのは平和な世の中が続いてヒマしてたからなのダワ。,"2026-07-27 13:33:24","2026-07-29 12:20:39"
942,942,黒き花婿,クロキハナムコ,Kurokihanamuko,7,0,,https://xn--10-yg4a1a3kyh.jp/a_mon/../a_mon/dq10_monster_k_kurokihanamuko.html,/storage/images/monsters/942.webp,"花嫁を失い 悲しみの果てに命を落とした若者 レグが黒いチカラに取り込まれ魔物と化してしまった姿。",ダーリアと結婚した後は来光の浜に新居を建てて妻と子供と暮らしながら白い犬を飼うのが夢だった。,"2026-07-27 13:00:40","2026-07-29 12:20:39"
943,943,大怨霊マアモン,ダイオンリョウマアモン,Daionryoumaamon,7,0,,https://xn--10-yg4a1a3kyh.jp/a_mon/../a_mon/dq10_monster_k_daionryomaamon.html,/storage/images/monsters/943.webp,"悪しき欲望に取り憑かれたドワーフたちの怨念の塊。魔瘴のチカラで封印が解け現代に よみがえった。",かつてアグラニの名士だったマアモンという男の怨念が代表してしゃべっているためこう名乗るようになった。,"2026-07-27 13:12:19","2026-07-29 12:20:39"
944,944,狂鬼ジーガンフ,キョウキジーガンフ,Kyoukijiiganfu,8,0,,https://xn--10-yg4a1a3kyh.jp/a_mon/../a_mon/dq10_monster_k_kyokiji-ganfu.html,/storage/images/monsters/944.webp,"怒りのあまりに我を忘れ悪鬼の手に落ちた チャンプ。手に入れた邪悪なチカラで超人的な技を くりだす。",悪鬼ゾンガロンに操られた時魔物のように暴れてしまったが誰からも責められなかった。そのことに深く感謝している。,"2026-07-27 12:58:38","2026-07-29 12:20:39"
945,945,やみわらし,ヤミワラシ,Yamiwarashi,8,0,,https://xn--10-yg4a1a3kyh.jp/a_mon/../a_mon/dq10_monster_k_yamiwarashi.html,/storage/images/monsters/945.webp,"魔瘴から生まれる謎多き 魔物の群れ。聖なる光を嫌い邪悪な闇を欲する。",獲物を見れば容赦なく襲いただ本能のままに動く。彼らは眠ることなく闇を求めてさまよい続ける。,"2026-07-27 13:29:47","2026-07-29 12:20:39"
946,946,妖剣士オーレン,ヨウケンシオーレン,Youkenshiooren,10,0,,https://xn--10-yg4a1a3kyh.jp/a_mon/../a_mon/dq10_monster_k_yokenshio-ren.html,/storage/images/monsters/946.webp,"ベコン渓谷の洞くつの奥でガイコツたちと眠る 妖剣士。レムルの聖杯に強く執着し死んだ後も守り続けていた。","オーレンの操る双剣は大ぶりの物を牙王丸 小さい方を竜斬刀という。知る人ぞ知る名剣である。","2026-07-27 13:30:15","2026-07-29 12:20:39"
947,947,怪獣プスゴン,カイジュウプスゴン,Kaijuupusugon,11,0,,https://xn--10-yg4a1a3kyh.jp/a_mon/../a_mon/dq10_monster_k_kaijuupusugon.html,/storage/images/monsters/947.webp,スイの塔のてっぺんにスウィートルームを築いていたファンシー好きの怪獣。心からハニーを愛する。,"棲みかを捨て 役目を捨て熱い想いだけを胸に抱きヤツは去っていった。怪獣プスゴン どこへ行く…。","2026-07-27 12:56:17","2026-07-29 12:20:39"
948,948,水竜ギルギッシュ,ミズリュウギルギッシュ,Mizuryuugirugisshu,11,0,,https://xn--10-yg4a1a3kyh.jp/a_mon/../a_mon/dq10_monster_k_suiryuugirugisshu.html,/storage/images/monsters/948.webp,"ランドン山脈頂上の雲上湖に生息する 巨大な竜。凶暴な性格で これまで幾度も湖を訪れた者の命をうばった。","永遠の命を持つとウワサされる ギルギッシュ。グロリスの木との関係を知る者はほとんどいない。","2026-07-27 13:09:14","2026-07-29 12:20:39"
949,949,ウルベア魔神兵,ウルベアマジンヘイ,Urubeamajinhei,13,0,,https://xn--10-yg4a1a3kyh.jp/a_mon/../a_mon/dq10_monster_k_urubeamajinhei.html,/storage/images/monsters/949.webp,"太古の昔に製造されたウルベア帝国の戦闘兵器。数千年の時を経た今でも使命を忘れず 活動する。","戦闘兵器でありながら じつは棺の役割も果たしている。大昔のドワーフたちは死後の復活を信じていた。","2026-07-27 12:54:39","2026-07-29 12:20:39"
950,950,悪魔ザイガス,アクマザイガス,Akumazaigasu,4,0,,https://xn--10-yg4a1a3kyh.jp/a_mon/../a_mon/dq10_monster_k_akumazaigasu.html,/storage/images/monsters/950.webp,"15年前にアルウェと契約を結び プクリポの子供を殺すために現れたが団長の活躍により失敗した。","プクリポの子供を喰らい魔力を増やす性質を持つ。喰えば喰うほど 強くなり最後は大悪魔となるのだ。","2026-07-27 12:51:42","2026-08-03 12:09:04"
951,951,キャット・リベリオ,キャット・リベリオ,"Kyatto Riberio",2,0,,https://xn--10-yg4a1a3kyh.jp/a_mon/../a_mon/dq10_monster_k_kyattoriberio.html,/storage/images/monsters/951.webp,"魔物の中でも とても珍しく数の少ない巨猫族の剣士。猫島の主 マンマーに仕えるが謀反をたくらんでいる。","キャット剣法師範のウデ前だが性格が災いし 弟子は来ない。ねこまどうに剣を持たせて無理やり教えたことがある。","2026-07-27 12:58:14","2026-08-03 12:10:41"
952,952,魔兵ヒプノス,マヘイヒプノス,Maheihipunosu,4,0,,https://xn--10-yg4a1a3kyh.jp/a_mon/../a_mon/dq10_monster_k_maheihipunosu.html,/storage/images/monsters/952.webp,"イッドの手下である魔物。儀式の間を討伐隊の血で汚すという イッドの命令を果たすために行動していた。","元々は魔物の山賊だったがそのウデをイッドに見込まれ魔物兵士に転身。以後 イッドの右腕となる。","2026-07-27 13:26:50","2026-08-03 12:09:04"
953,953,魔兵タナト,マヘイタナト,Maheitanato,4,0,,https://xn--10-yg4a1a3kyh.jp/a_mon/../a_mon/dq10_monster_k_maheitanato.html,/storage/images/monsters/953.webp,イッドの手下である魔物。相棒のヒプノスと共にイッドの命令を果たすため人間の兵士に化けていた。,"ヒプノスと共に悪行を尽くしそのウデをイッドに見込まれ魔物兵士に転身。以後 イッドの左腕となる。","2026-07-27 13:26:44","2026-08-03 12:09:04"
954,954,魔軍師イッド,マグンシイッド,Magunshiiddo,4,0,,https://xn--10-yg4a1a3kyh.jp/a_mon/../a_mon/dq10_monster_k_magunshiiddo.html,/storage/images/monsters/954.webp,"魔瘴を操り プクランド大陸を滅ぼそうとたくらんだ魔物。人間に化け プーポッパン王の側近となっていた。",人間の弱みを徹底的に研究し甘言を巧みに使いわけ王の信頼を勝ちとった。高い智謀を誇る魔物の策略家。,"2026-07-27 13:24:46","2026-08-03 12:09:04"
955,955,妖魔ジュリアンテ,ヨウマジュリアンテ,Youmajuriante,8,0,,https://xn--10-yg4a1a3kyh.jp/a_mon/../a_mon/dq10_monster_k_yomajuriante.html,/storage/images/monsters/955.webp,"しなやかな動きとスピードで相手を ほんろうするサディスティックな魔女。その瞳に しびれぬ者はない。","ジュリアンテご自慢の豊かな髪は 意外に重い。彼女の悩みは 体重が実姉と同じことである。","2026-07-27 13:30:26","2026-07-29 12:20:39"
956,956,呪術師マリーン,ジュジュツシマリーン,Jujutsushimariin,8,0,,https://xn--10-yg4a1a3kyh.jp/a_mon/../a_mon/dq10_monster_k_jujutsushimari-n.html,/storage/images/monsters/956.webp,"大地を揺るがす 巨大な肉体でこれまた巨大な棍棒を振り回す ごうかいな呪術師。趣味は 男コレクション。","彼女の技 いただきボールには捕らえた者の動きを封じマリーンを 絶世の美女に見せる効果があるらしい。","2026-07-27 13:07:31","2026-07-29 12:20:39"
957,957,守護者ラズバーン,シュゴシャラズバーン,Shugosharazubaan,8,0,,https://xn--10-yg4a1a3kyh.jp/a_mon/../a_mon/dq10_monster_k_shugosharazuba-n.html,/storage/images/monsters/957.webp,神殿レイダメテスを守護する最強の魔人。エルジュの父ベルンハルトを殺した張本人でもある。,"仕えるべき主 冥王の到来を待ち望んでいたがその誕生を見ることなく志半ばにして倒された。","2026-07-27 13:07:26","2026-07-29 12:20:39"
958,958,詩歌の守り手,シカノマモリテ,Shikanomamorite,9,0,,https://xn--10-yg4a1a3kyh.jp/a_mon/../a_mon/dq10_monster_k_shiikanomamorite.html,/storage/images/monsters/958.webp,ウェディ族に伝わる歌をはるか昔より守り続ける者。その背に乗る石碑に歌が刻み込まれている。,普段は岩に化けて動かない。彼が動きだすのは王家の者が来た時と背中がカユい時だけである。,"2026-07-27 13:04:58","2026-07-29 12:20:39"
959,959,暴君バサグランデ,ボウクンバサグランデ,Boukunbasagurande,2,0,,https://xn--10-yg4a1a3kyh.jp/a_mon/../a_mon/dq10_monster_k_bokumbasagurande.html,/storage/images/monsters/959.webp,"かつて ウェナ諸島全域を壊滅の危機にさらした魔物。封印の巫女 セーリアによって永遠の水に封じられていた。","彼は歯向かう者だけでなくただ 楽しみのためだけに女子供すらも爪牙にかけ暴君と呼ばれることとなった。","2026-07-27 13:23:37","2026-08-03 12:10:41"
960,960,暗黒大樹の番人,アンコクタイジュノバンニン,Ankokutaijunobannin,3,0,,https://xn--10-yg4a1a3kyh.jp/a_mon/../a_mon/dq10_monster_k_ankokutaijunobannin.html,/storage/images/monsters/960.webp,暗黒大樹の周辺に出没する謎多き魔物の群れ。暗黒大樹に近づく者には容赦なく襲いかかってくる。,"暗黒大樹の番人たちには名前も性別もなくただひとり 長がいる以外お互いを区別しないらしい。","2026-07-27 12:52:53","2026-07-29 12:20:39"
961,961,ましょううお,マショウウオ,Mashouuo,9,0,,https://xn--10-yg4a1a3kyh.jp/a_mon/../a_mon/dq10_monster_k_masho.html,/storage/images/monsters/961.webp,魔瘴のチカラを得ておぞましい進化を遂げたポイズンリザードの変種。体内に魔瘴を蓄えている。,"狭い空洞の中で成長しそこから出られなくなったましょううおも いるという。彼は そこで何を思ったのか。","2026-07-27 13:25:22","2026-07-29 12:20:39"
962,962,怪蟲アラグネ,カイチュウアラグネ,Kaichuuaragune,5,0,,https://xn--10-yg4a1a3kyh.jp/a_mon/../a_mon/dq10_monster_k_kaichuuaragune.html,/storage/images/monsters/962.webp,"アグシュナ王妃に化けていた邪悪な大グモの化け物。暗黒大樹の葉のチカラで現代に よみがえった。",人食いの妖魔アラグネは相手を食べることでその姿と記憶を取り込み化けるようになるという。,"2026-07-27 12:56:28","2026-07-29 12:20:39"
963,963,天魔クァバルナ,テンマクァバルナ,Tenmakuabaruna,4,0,,https://xn--10-yg4a1a3kyh.jp/a_mon/../a_mon/dq10_monster_k_temmakwabaruna.html,/storage/images/monsters/963.webp,"魔天より飛来したといわれる伝説級の凶悪な魔物。長い歴史の中で 幾度となくドルワームを恐怖に陥れた。","ドルワームの民は 度重なるクァバルナの襲撃に耐えながら天魔黙示録という 一冊の書にその生態をまとめあげた。","2026-07-27 13:14:32","2026-08-03 12:09:04"
964,964,アークデーモン,アークデーモン,Archdemon,4,0,,https://www.d-quest-10.com/detail/a00001.html,/storage/images/monsters/964.webp,姿を見た者は生きて帰れないそんな逸話を持つ大悪魔。イオナズンを唱えた後にはチリすら残らないという。,悪魔軍団の炊き出し番長。手にした巨大フォークで大量の具材を混ぜ合わせ暗黒汁をふるまってくれる。,"2026-03-12 14:11:29","2026-08-03 12:09:04"
965,965,ベリアル,ベリアル,Beriaru,4,0,,https://xn--10-yg4a1a3kyh.jp/a_mon/../a_mon/dq10_monster_k_beriaru.html,/storage/images/monsters/965.webp,"クチから巨大な火の玉をはきすさまじい雷を巻き起こして人々に恐怖を植えつける冥王に付き従う 残忍な悪魔。",メルサンディ村は他にも巨大な顔や巨大な足の化け物の襲撃にあっているらしい。化け物共の目的はなんなのか？,"2026-07-27 13:22:58","2026-08-03 12:09:04"
966,966,冥王ネルゲル,メイオウネルゲル,Meiounerugeru,14,0,,https://xn--10-yg4a1a3kyh.jp/a_mon/../a_mon/dq10_monster_k_meionerugeru.html,/storage/images/monsters/966.webp,"エテーネの村を焼き払いレンダーシアを闇に封じた生きとし生ける者の敵。死を振りまく 冥界の王。","呼吸をするようにウソをつくと冥界でも おそれられている。その魂は 誰よりも汚れており誰にも 心を許していない。","2026-07-27 13:28:14","2026-08-03 13:05:38"
967,967,冥獣王ネルゲル,メイジュウオウネルゲル,Meijuuounerugeru,14,0,,https://xn--10-yg4a1a3kyh.jp/a_mon/../a_mon/dq10_monster_k_meijuuonerugeru.html,/storage/images/monsters/967.webp,"大いなる闇のチカラを得て冥王ネルゲルが変身した。絶大なる魔力 不死身の肉体 獣の凶暴さを持つ 冥界の神。","彼の振るう絶望の鎌に斬りつけられた者はその魂にまで キズを負いチカラをうばわれるという。","2026-07-27 13:28:30","2026-08-03 13:05:38"
968,968,悪夢の右手,アクムノミギテ,Akumunomigite,4,0,,https://xn--10-yg4a1a3kyh.jp/a_mon/../a_mon/dq10_monster_k_akumunomigite.html,/storage/images/monsters/968.webp,"巨大な手のような形をした正体不明の化け物。メルサンディ村を襲いミシュアを さらっていった。","ネルゲルにチカラを与えた闇の根源とは なんなのか？その答えに近づくことは死を意味するといわれている。","2026-07-27 12:52:02","2026-08-03 12:09:04"
969,969,魔人エンラージャ,マジンエンラージャ,Majin'enraaja,4,0,,https://xn--10-yg4a1a3kyh.jp/a_mon/../a_mon/dq10_monster_k_majinenra-ja.html,/storage/images/monsters/969.webp,"かつて リンジャの塔に封印されていた凶悪な魔人。自分の家来を 増やそうと魔人のわざわいを振りまく。","はるか昔 リンジャの塔に住む召喚士に 呼び出されてセレド周辺を荒らしたらしいがくわしいことは不明である。","2026-07-27 13:25:49","2026-08-03 12:09:04"
970,970,ムッチーノ,ムッチーノ,Mutchiino,8,0,,https://xn--10-yg4a1a3kyh.jp/a_mon/../a_mon/dq10_monster_k_mutchi-no.html,/storage/images/monsters/970.webp,魔人エンラージャに仕えるズル賢い妖魔。おうえんや魔力の角笛などをくりだすので早めに倒そう。,"昔は スリムな体型だったが何年も封印されている間にムッチムチに太ってしまった。ちなみに名前とは関係ない。","2026-07-27 13:28:02","2026-07-29 12:20:39"
971,971,破戒王ベルムド,ハカイオウベルムド,Hakaiouberumudo,8,0,,https://xn--10-yg4a1a3kyh.jp/a_mon/../a_mon/dq10_monster_k_hakaioberumudo.html,/storage/images/monsters/971.webp,大いなる魔力により魔物になったベルムド王。砂漠に響き渡るおたけびは魔物たちを震えあがらせる。,"まもの使いベルムドはかつて従えていた魔物たちの外見を混ぜ合わせ 彼自身の魔物姿として選んだという。","2026-07-27 13:16:35","2026-07-29 12:20:39"
972,972,絶望の巨像,ゼツボウノキョゾウ,Zetsubounokyozou,12,0,,https://xn--10-yg4a1a3kyh.jp/a_mon/../a_mon/dq10_monster_k_zetsubonokyozo.html,/storage/images/monsters/972.webp,アンルシアが自らの記憶を封じるために生みだした悲しき記憶の番人。深い霧の中より現れる。,"絶望の中に落ちてゆくアンルシアが思い描いたのは皮肉にも 心に重くのしかかる勇者の巨像の姿だった。","2026-07-27 13:10:33","2026-07-29 12:20:39"
973,973,魔創兵ゲゾラ,マソウヘイゲゾラ,Masouheigezora,8,0,,https://xn--10-yg4a1a3kyh.jp/a_mon/../a_mon/dq10_monster_k_masoheigezora.html,/storage/images/monsters/973.webp,"魔物へと変身をとげた兵士。テンションを上げることを得意としており その怪力ですべてをなぎはらう。",アンルシア姫に仕える近衛兵が魔道士キルギルの研究により魔物への変身能力を得た。姫への忠誠心はピカイチ。,"2026-07-27 13:26:23","2026-07-29 12:20:39"
974,974,魔創兵グリモス,マソウヘイグリモス,Masouheigurimosu,11,0,,https://xn--10-yg4a1a3kyh.jp/a_mon/../a_mon/dq10_monster_k_masoheigurimosu.html,/storage/images/monsters/974.webp,魔物へと変身をとげた兵士。バギムーチョの呪文をあやつりその暴走率も高い。巨体を活かした攻撃も得意。,アンルシア姫に仕える近衛兵が魔道士キルギルの研究により魔物への変身能力を得た。ゲゾラへのライバル心が強い。,"2026-07-27 13:26:20","2026-07-29 12:20:39"
975,975,魔創兵長バスラー,マソウヘイチョウバスラー,Masouheichoubasuraa,4,0,,https://xn--10-yg4a1a3kyh.jp/a_mon/../a_mon/dq10_monster_k_masoheichobasura-.html,/storage/images/monsters/975.webp,バスラー隊長が凶悪な魔物へと変身をとげた姿。ラリホーマでエモノを眠らせマヒャドデスを食らわせるのが彼の王道戦術。,近衛兵士たちのリーダー格。魔道士キルギルの研究により魔物への変身能力を得た。じつはかなりの野心家らしい。,"2026-07-27 13:26:25","2026-08-03 12:09:04"
976,976,魔勇者アンルシア,マユウシャアンルシア,Mayuushaanrushia,14,0,,https://xn--10-yg4a1a3kyh.jp/a_mon/../a_mon/dq10_monster_k_mayuushaanrushia.html,/storage/images/monsters/976.webp,創生の魔力を得て異形の姿へと変身をとげたアンルシア姫。やみのころもをまとうとあらゆる攻撃が通じなくなる。,たとえ生まれが偽りの身でも最後に生き残った者こそが真の存在であるべきだ。私こそが真の勇者なのだ！,"2026-07-27 13:27:04","2026-08-03 13:05:38"
977,977,いたずらジャーミィ,イタズラジャーミィ,Itazurajaamyi,2,0,,https://xn--10-yg4a1a3kyh.jp/a_mon/../a_mon/dq10_monster_k_itazuraja-.html,/storage/images/monsters/977.webp,"ちょっぴり いたずら好きなウサギの女の子。バーティと すごく仲良しでジャムが大好物なの。",ホントは英雄ザンクローネの右耳が化け物になった姿だよ！魔女様の魔法でキュートに大きくなっちゃった！,"2026-07-27 12:54:06","2026-08-03 12:10:41"
978,978,いたずらバーティ,イタズラバーティ,Itazurabaatei,2,0,,https://xn--10-yg4a1a3kyh.jp/a_mon/../a_mon/dq10_monster_k_itazuraba-ti.html,/storage/images/monsters/978.webp,"ちょっぴり いたずら好きなウサギの女の子。ジャーミィと すごく仲良しでバターが大好物なの。","ホントは英雄ザンクローネの左耳が化け物になった姿だよ！水車に しびれくらげをはさむお仕事が生きがいなの。","2026-07-27 12:54:09","2026-08-03 12:10:41"
979,979,ハートボイルド,ハートボイルド,Haatoboirudo,1,0,,https://xn--10-yg4a1a3kyh.jp/a_mon/../a_mon/dq10_monster_k_ha-toboirudo.html,/storage/images/monsters/979.webp,魔女グレイツェルに奪われたザンクローネの心臓が熱く煮える鍋に落とされて化け物へと変わってしまった。,"英雄ザンクローネの心臓は毛が生えているどころかカオがついてて 暴れまわる。さすが英雄は並じゃない！","2026-07-27 13:16:24","2026-07-29 12:20:40"
980,980,邪教祖サダク,ジャキョウソサダク,Jakyousosadaku,2,0,,https://xn--10-yg4a1a3kyh.jp/a_mon/../a_mon/dq10_monster_k_jakyososadaku.html,/storage/images/monsters/980.webp,"セレドの大人をたぶらかした教祖サダクが 祈願の魔像に集まった祈りのチカラを得て魔物に転生した姿。","人の心を見透かすのが得意で大人たちの悲しみを利用しセレドを偽りの世界で侵食する計画は 彼の発案によるもの。","2026-07-27 13:06:06","2026-08-03 12:10:41"
981,981,スイーツトロル,スイーツトロル,Suiitsutororu,4,0,,https://xn--10-yg4a1a3kyh.jp/a_mon/../a_mon/dq10_monster_k_sui-tsutororu.html,/storage/images/monsters/981.webp,"自称 乙女系トロル。だが怒らせた時のパワーはすさまじく 並のトロルなどものともしない暴力の化身。",天然かつ小悪魔な末っ子。ふたりの兄のことはそれなりに尊敬しているが言うことはあまり聞いてない。,"2026-07-27 13:08:58","2026-08-03 12:09:04"
982,982,あなうめ兄,アナウメアニ,Anaumeani,8,0,,https://xn--10-yg4a1a3kyh.jp/a_mon/../a_mon/dq10_monster_k_anaumeani.html,/storage/images/monsters/982.webp,あなうめ三兄弟の長男。好きな色は青。得意のグレイブホールで相手の動きを止める。,"アクセサリー集めが趣味でそのコレクションは粒ぞろい。某合成屋も 密かに狙っているとか いないとか。","2026-07-27 12:52:34","2026-07-29 12:20:40"
983,983,あなうめ弟,アナウメオトウト,Anaumeotouto,8,0,,https://xn--10-yg4a1a3kyh.jp/a_mon/../a_mon/dq10_monster_k_anaumeototo.html,/storage/images/monsters/983.webp,あなうめ三兄弟の次男。好きな色は緑。バトルが大好きでとにかくケンカっ早い。,"歴史ある あなうめ一族の当主の座を引き継ぎ責任感に燃えるカタブツ。兄弟の結束はそこそこ強い。","2026-07-27 12:52:39","2026-07-29 12:20:40"
984,984,あなうめ妹,アナウメイモウト,Anaumeimouto,8,0,,https://xn--10-yg4a1a3kyh.jp/a_mon/../a_mon/dq10_monster_k_anaumeimoto.html,/storage/images/monsters/984.webp,あなうめ三兄弟の末妹。好きな色は赤。得意のグレイブホールで相手の動きを止める。,"兄がカタブツな分 オレがテキトーな性格でバランスを取っていると うそぶく弟。無論テキトーに言っている。","2026-07-27 12:52:36","2026-07-29 12:20:40"
985,985,闇の従者,ヤミノジュウシャ,Yaminojuusha,4,0,,https://xn--10-yg4a1a3kyh.jp/a_mon/../a_mon/dq10_monster_k_yaminojuusha.html,/storage/images/monsters/985.webp,大魔王に忠誠を誓っている親衛隊の一員。幼い頃から訓練にはげんできた魔王軍のエリートである。,大魔王の親衛隊でありながら仮面の男の指揮下に入っている今の立場に不満を感じているが鉄の意志で感情を抑えている。,"2026-07-27 13:29:35","2026-08-03 12:09:04"
986,986,ヘルバトラー,ヘルバトラー,Herubatoraa,4,0,,https://xn--10-yg4a1a3kyh.jp/a_mon/../a_mon/dq10_monster_k_herubatora-.html,/storage/images/monsters/986.webp,大魔王に忠誠を誓った魔王軍団の親衛隊。呪文とブレスを使いこなす生まれついてのエリート戦士。,魔王軍の親衛隊として要人のボディガードをまかされることが多いがだいたい要人のほうが強い。,"2026-07-27 13:23:15","2026-08-03 12:09:04"
987,987,グレイブディガー,グレイブディガー,Gureibudeigaa,2,0,,https://xn--10-yg4a1a3kyh.jp/a_mon/../a_mon/dq10_monster_k_gureibudiga-.html,/storage/images/monsters/987.webp,盗掘団「砂漠の土竜」のモルバ団長が使役する魔物。4本のウデを使ったはげしい攻撃に気をつけよう。,"モルバ団長がつけた この名は墓掘り人という意味らしい。本人は気に入っていないのだが言葉が話せず 言えなかった。","2026-07-27 13:00:29","2026-08-03 12:10:41"
988,988,獣魔将ガルレイ,ジュウマショウガルレイ,Juumashougarurei,2,0,,https://xn--10-yg4a1a3kyh.jp/a_mon/../a_mon/dq10_monster_k_juumashogarurei.html,/storage/images/monsters/988.webp,魔元帥ゼルドラド配下の四魔将の一角を担う獣人。すばやい動きで近づきするどいツメで斬り刻む。,"じつは 悪鬼ゾンガロンのいとこの孫に当たるがゾンガロンもガルレイ自身もそんなつながりは知らない。","2026-07-27 13:07:07","2026-08-03 12:10:41"
989,989,ベロリンマン,ベロリンマン,Berorinman,2,0,,https://xn--10-yg4a1a3kyh.jp/a_mon/../a_mon/dq10_monster_k_berorimman.html,/storage/images/monsters/989.webp,"賢者ブロッゲンが用意した破邪の秘技会得のための試練。現れた幻影を見抜かなければ本体を倒すのは むずかしい。","ひとりさみしく うおーん！と泣いていたところを賢者ブロッゲンに拾われた。それ以来 彼になついている。","2026-07-27 13:23:23","2026-08-03 12:10:41"
990,990,どくどくバルーン,ドクドクバルーン,Dokudokubaruun,7,0,,https://xn--10-yg4a1a3kyh.jp/a_mon/../a_mon/dq10_monster_k_dokudokubaru-n.html,/storage/images/monsters/990.webp,賢者エイドスが用意した破邪の秘技会得のための試練。身体にまとう毒の煙によって周囲の敵を追いつめる。,賢者エイドスによる魔瘴研究の過程において生みだされた。ゆえに意思というものがなくエイドスの命令にのみ従う。,"2026-07-27 13:14:54","2026-07-29 12:20:40"
991,991,なげきの魔像,ナゲキノマゾウ,Nagekinomazou,12,0,,https://xn--10-yg4a1a3kyh.jp/a_mon/../a_mon/dq10_monster_k_nagekinomazo.html,/storage/images/monsters/991.webp,賢者ホーローが用意した破邪の秘技会得のための試練。なげきのさけびによってこちらの攻撃を無効にする。,なげきのさけびを聞くとそのあまりの悲痛さにやる気も根気もなくなって無気力状態になるという。,"2026-07-27 13:15:35","2026-07-29 12:20:40"
992,992,幻魔将ファズマ,ゲンマショウファズマ,Genmashoufuazuma,4,0,,https://xn--10-yg4a1a3kyh.jp/a_mon/../a_mon/dq10_monster_k_gemmashofazuma.html,/storage/images/monsters/992.webp,"魔元帥ゼルドラド配下の四魔将の一角を担う妖術士。幻影をあやつり 虚像の中で敵を死に至らしめる。","四魔将ナンバーワンの頭脳派を自認しているが他の三将からは まったくそう思われていない。","2026-07-27 13:01:32","2026-08-03 12:09:04"
993,993,妖魔将ゲジュラ,ヨウマショウゲジュラ,Youmashougejura,5,0,,https://xn--10-yg4a1a3kyh.jp/a_mon/../a_mon/dq10_monster_k_yomashogejura.html,/storage/images/monsters/993.webp,"魔元帥ゼルドラド配下の四魔将の一角を担う大怪虫。糸をはいて マヒさせたり陰湿な攻撃を得意とする。","冷酷非道な魔物で 仲間でも平気で裏切るが その性根をゼルドラドに気に入られ四魔将のひとりとなった。","2026-07-27 13:30:37","2026-07-29 12:20:40"
994,994,豪魔将ベリンダ,ごうまショウベリンダ,Kyoumashouberinda,8,0,,https://xn--10-yg4a1a3kyh.jp/a_mon/../a_mon/dq10_monster_k_gomashoberinda.html,/storage/images/monsters/994.webp,魔元帥ゼルドラド配下の四魔将の一角を担う女怪。怪力無双で知られるウワサの美人姉妹の姉。,"妹のブレンダを気にかけるやさしい お姉ちゃん。魔王軍ナンバーワンの豊満なバストの持ち主。","2026-07-27 13:02:02","2026-07-29 12:20:40"
995,995,豪魔将ブレンダ,ゴウマショウブレンダ,Kyoumashouburenda,8,0,,https://xn--10-yg4a1a3kyh.jp/a_mon/../a_mon/dq10_monster_k_gomashoburenda.html,/storage/images/monsters/995.webp,魔元帥ゼルドラド配下の四魔将の一角を担う女怪。怪力無双で知られるウワサの美人姉妹の妹。,"竜笛の音を 久しぶりに聴いて思わず 寄ってきたら戦いに駆り出されてしまった。調子乗りのイケイケな性格。","2026-07-27 13:01:59","2026-07-29 12:20:40"
996,996,恐怖の化身,キョウフノケシン,Kyoufunokeshin,14,0,,https://xn--10-yg4a1a3kyh.jp/a_mon/../a_mon/dq10_monster_k_kyofunokeshin.html,/storage/images/monsters/996.webp,"とある冒険者の恐怖の記憶が大魔王の魔力で実体化した。魂すら傷付ける大鎌は健在でより一層 凶悪さを増している。",姉のベリンダが大好きなあまえんぼうの妹。モンセロ温泉の効能で肌は絹のようにスベスベ。,"2026-07-27 12:59:03","2026-08-03 13:05:38"
997,997,赤飛竜,アカヒリュウ,Akahiryuu,11,0,,https://xn--10-yg4a1a3kyh.jp/a_mon/../a_mon/dq10_monster_k_akahiryuu.html,/storage/images/monsters/997.webp,"太古の昔 竜族と共に失われた神秘の楽器 竜笛でのみ操ることができる赤き飛竜。",自分の命を奪った者への恐れは盟友と言えどぬぐい去りがたくその恐怖の記憶は実像を歪め虚像をはるかに強大に見せる。,"2026-07-27 12:51:12","2026-07-29 12:20:40"
998,998,青飛竜,アオヒリュウ,Aohiryuu,11,0,,https://xn--10-yg4a1a3kyh.jp/a_mon/../a_mon/dq10_monster_k_aohiryuu.html,/storage/images/monsters/998.webp,"太古の昔 竜族と共に失われた神秘の楽器 竜笛でのみ操ることができる青き飛竜。","気性を荒く 見せているが本当は 竜笛の音を聴きたくてたまらないのを隠している。見た目に反した慎重派の性格。","2026-07-27 12:51:06","2026-07-29 12:20:40"
999,999,黄飛竜,キヒリュウ,Kihiryuu,11,0,,https://xn--10-yg4a1a3kyh.jp/a_mon/../a_mon/dq10_monster_k_kihiryuu.html,/storage/images/monsters/999.webp,"太古の昔 竜族と共に失われた神秘の楽器 竜笛でのみ操ることができる黄なる飛竜。","3匹の飛竜の中では一番若く初めて竜笛の音を聴いたが案外 悪くないと思っている。バランス重視の穏和な性格。","2026-07-27 12:57:57","2026-07-29 12:20:40"
1000,1000,魔導鬼ベゼブー,マドウキベゼブー,Madoukibezebuu,8,0,,https://xn--10-yg4a1a3kyh.jp/a_mon/../a_mon/dq10_monster_k_madokibezebu-.html,/storage/images/monsters/1000.webp,"この世から すべてのテンの花を消し去ることを使命としている魔導鬼一族。ベドラーとは いとこ同士。","いとこの魔導鬼ベドラーとはどちらがテンブの花を滅ぼすか競争しており 一歩リードされ内心あせっていた。","2026-07-27 13:26:36","2026-07-29 12:20:40"
1001,1001,ワイルドフォビズム,ワイルドフォビズム,Wairudofuobizumu,12,0,,https://xn--10-yg4a1a3kyh.jp/a_mon/../a_mon/dq10_monster_k_wairudofobizumu.html,/storage/images/monsters/1001.webp,魔幻宮殿に飾られた絵画だが侵入者を排除する役も兼ねる。絵に描いた魔物を呼びだすほか相手を惑わす戦いを好む。,"絵画は心のたかぶりさえも表現することができるのだ。その荒々しさは まさに野獣と呼ぶにふさわしい。","2026-07-27 13:33:18","2026-07-29 12:20:40"
1002,1002,エビルキュビズム,エビルキュビズム,Ebirukyubizumu,12,0,,https://xn--10-yg4a1a3kyh.jp/a_mon/../a_mon/dq10_monster_k_ebirukyubizumu.html,/storage/images/monsters/1002.webp,魔幻宮殿に飾られた絵画だが侵入者を排除する役も兼ねる。絵に描いた魔物を呼びだすほか絵からクサリを飛ばしてくる。,"絵画は平面上に再現された立体構造物であると言える。物体は しょせんは円筒であり円すいであり球体でしかない。","2026-07-27 12:55:00","2026-07-29 12:20:40"
1003,1003,ダークレアリズム,ダークレアリズム,Daakurearizumu,12,0,,https://xn--10-yg4a1a3kyh.jp/a_mon/../a_mon/dq10_monster_k_da-kurearizumu.html,/storage/images/monsters/1003.webp,魔幻宮殿に飾られた絵画だが侵入者を排除する役も兼ねる。絵に描いた魔物を呼びだすほか絵具をまき散らすのも大好き。,空想や夢想は現実ではないが現実を超える可能性を秘める。これらが世界を浸食したとき新たな現実が生まれる。,"2026-07-27 13:12:13","2026-07-29 12:20:40"
1004,1004,魔元帥ゼルドラド,マゲンスイゼルドラド,Magensuizerudorado,14,0,,https://xn--10-yg4a1a3kyh.jp/a_mon/../a_mon/dq10_monster_k_magensuizerudorado.html,/storage/images/monsters/1004.webp,大魔王マデサゴーラの命を受け暗躍する魔族の大幹部。まがまがしい剣を武器とし強力な呪文も使いこなす。,"大魔王との出会いは 魔界にてその作品を目にした時だった。大魔王が語る創世の大願に彼はいたく感動したという。","2026-07-27 13:25:00","2026-08-03 13:05:38"
1005,1005,トーマ王子,トーマオウジ,Toomaouji,14,0,,https://xn--10-yg4a1a3kyh.jp/a_mon/../a_mon/dq10_monster_k_to-maoji.html,/storage/images/monsters/1005.webp,勇者の影武者として生きそして死んだ悲劇の王子。大魔王の魔力で復活させられ闇の勇者と成り果てた。,"勇者でないものの 彼に流れるグランゼドーラ王家の血が勇者のレプリカを作るには最適な材料となったという。","2026-07-27 13:14:46","2026-08-03 13:05:38"
1006,1006,大魔王マデサゴーラ,ダイマオウマデサゴーラ,Daimaoumadesagoora,14,0,,https://xn--10-yg4a1a3kyh.jp/a_mon/../a_mon/dq10_monster_k_daimaomadesago-ra.html,/storage/images/monsters/1006.webp,世界を自分の思うままに創り変えようと企み創世の女神への挑戦者を自称する芸術家魔王。,偽りの世界にあった創生の渦はマデサゴーラが偶然手に入れた霊核のカケラが変化したもの。かの世界はそこから創られた。,"2026-07-27 13:12:35","2026-08-03 13:05:38"
1007,1007,創造神マデサゴーラ,ソウゾウシンマデサゴーラ,Souzoushinmadesagoora,14,0,,https://xn--10-yg4a1a3kyh.jp/a_mon/../a_mon/dq10_monster_k_sozoshimmadesago-ra.html,/storage/images/monsters/1007.webp,"奈落の門から もれ出した創生の霊核のチカラで最強の姿に変化をとげたマデサゴーラの究極体。",創生の霊核を手に入れたら大魔王はアストルティア全土を偽りの世界で塗りつぶし創世の神となるつもりだった。,"2026-07-27 13:11:57","2026-08-03 13:05:38"
1008,1008,白霊鬼ボータ,ハクレイキボータ,Hakureikiboota,7,0,,https://xn--10-yg4a1a3kyh.jp/a_mon/../a_mon/dq10_monster_k_hakureikibo-ta.html,/storage/images/monsters/1008.webp,"フードの男が白色の呪符により召喚した 異界の獣鬼。所構わず呪いと爆弾をバラまくとにかくハタ迷惑なヤツ。",1枚の札で6体呼べてお得だがひと山いくらでまとめられた本人たちは不満タラタラ。うっぷん晴らしに暴れ回る。,"2026-07-27 13:17:02","2026-07-29 12:20:40"
1009,1009,青狼鬼グルバレイダ,セイロウキグルバレイダ,Seiroukigurubareida,2,0,,https://xn--10-yg4a1a3kyh.jp/a_mon/../a_mon/dq10_monster_k_seirokigurubareida.html,/storage/images/monsters/1009.webp,フードの男が青色の呪符により召喚した異界の獣鬼。するどいツメを振りまわしあらゆるものを切り裂く。,"恐ろしげな外見に似合わないいたずら好きのお調子者。その性格から よく面倒事を引き起こすトラブルメーカー。","2026-07-27 13:09:57","2026-08-03 12:10:41"
1010,1010,桜蝶鬼メイガ,サクラチョウキメイガ,Sakurachoukimeiga,5,0,,https://xn--10-yg4a1a3kyh.jp/a_mon/../a_mon/dq10_monster_k_ochokimeiga.html,/storage/images/monsters/1010.webp,フードの男が桜色の呪符により召喚した異界の獣鬼。桜を舞い散らせ眠りにいざなう美しくも恐ろしい技の使い手。,呪符の魔物の中では新米。当初は桜色担当が不満だったが今ではすっかり板につき桜を使った大技まで体得した。,"2026-07-27 12:55:38","2026-07-29 12:20:40"
1011,1011,黄牛鬼タウラダイン,コウギュウキタウラダイン,Kougyuukitauradain,2,0,,https://xn--10-yg4a1a3kyh.jp/a_mon/../a_mon/dq10_monster_k_ogyuukitauradain.html,/storage/images/monsters/1011.webp,フードの男が黄色の呪符により召喚した異界の獣鬼。巨大な鉄球で大きな破壊と小さくなる呪いを振りまく。,豪快な性格のチカラ持ち。意外と面倒見がよくて新米の呪符魔物からは頼れる先輩として慕われる。,"2026-07-27 12:55:27","2026-08-03 12:10:41"
1012,1012,緑風鬼フー,リョクフウキフー,Ryokufuukifuu,6,0,,https://xn--10-yg4a1a3kyh.jp/a_mon/../a_mon/dq10_monster_k_ryokufuukifu-.html,/storage/images/monsters/1012.webp,フードの男が緑色の呪符により召喚した異界の獣鬼。群れでの戦いに長けており互いのフォローを欠かさない。,仲間同士の和を大切にする気づかいのできる魔物。個性の強い呪符魔物の中でその性格は貴重な存在だった。,"2026-07-27 13:32:24","2026-07-29 12:20:40"
1013,1013,紫獅鬼バイロゼオ,シシキバイロゼオ,Shishikibairozeo,2,0,,https://xn--10-yg4a1a3kyh.jp/a_mon/../a_mon/dq10_monster_k_shishikibairozeo.html,/storage/images/monsters/1013.webp,"フードの男が紫色の呪符により召喚した異界の獣鬼。巨大な剣を自在に振り回し雷や風を操る 戦いの専門家。","すこぶるプライドが高くて他の呪符魔物にも なじまず常に孤高をつらぬいていた。断じて ぼっちなどではない！","2026-07-27 13:05:25","2026-08-03 12:10:41"
1014,1014,黒飛竜,クロヒリュウ,Kurohiryuu,11,0,,https://xn--10-yg4a1a3kyh.jp/a_mon/../a_mon/dq10_monster_k_kurohiryuu.html,/storage/images/monsters/1014.webp,"フードの男に あやつられた黒き飛竜。すべてを焼きつくすやみのブレスで 敵を弱らせ仲間を呼んで とどめを刺す。","漆黒の姿とは うらはらのおだやかな性格だったがフードの男の術に あやつられ戦いの他のすべてを 忘れた。","2026-07-27 13:00:43","2026-07-29 12:20:40"
1015,1015,赤翼鬼シシン,セキヨクキシシン,Sekiyokukishishin,4,0,,https://xn--10-yg4a1a3kyh.jp/a_mon/../a_mon/dq10_monster_k_sekiyokukishishin.html,/storage/images/monsters/1015.webp,"フードの男が赤色の呪符により召喚した異界の獣鬼。血の色にも似た 赤き翼で敵に無残な死を運ぶという。",やたらとリーダーづらするため周囲からは煙たがられていたが仲間思いの情熱家であることは誰もが認めていた。,"2026-07-27 13:10:19","2026-08-03 12:09:04"
1016,1016,竜将アンテロ,リュウショウアンテロ,Ryuushouantero,14,0,,https://xn--10-yg4a1a3kyh.jp/a_mon/../a_mon/dq10_monster_k_ryuushoantero.html,/storage/images/monsters/1016.webp,神の器をつけ狙ってアストルティア全土に災いを振りまいた張本人。その正体は竜族だという。,"7枚の呪符と我が身を頼りにアストルティアの六種族から神の器たる者を 集めていた。心身ともにタフな竜族の豪傑。","2026-07-27 13:32:09","2026-08-03 13:05:38"
1017,1017,禍乱の竜アンテロ,カランノリュウアンテロ,Karannoryuuantero,11,0,,https://xn--10-yg4a1a3kyh.jp/a_mon/../a_mon/dq10_monster_k_karannoryuuantero.html,/storage/images/monsters/1017.webp,竜将アンテロが竜化の術を使い竜の姿へと変身をとげた。身震いするような咆哮を響かせ奈落の門の前に立ちはだかる。,想像を絶する苦しみに耐え途方もない修練を積み上げた竜族だけが竜に変ずるという。彼の絶大なる自信のゆえん。,"2026-07-27 12:57:09","2026-07-29 12:20:40"
1018,1018,魔炎鳥,マエンチョウ,Maenchou,6,0,,https://xn--10-yg4a1a3kyh.jp/a_mon/../a_mon/dq10_monster_k_maencho.html,/storage/images/monsters/1018.webp,まがまがしい炎を全身にまとい炎の領界を荒らす鳥の魔物。アペカの村の住人たちからおおいに恐れられている。,全身にまとった紫の炎を自在にあやつることができる。炎を凝縮させて爆弾としてバラまくくらいは朝メシ前。,"2026-07-27 13:24:32","2026-07-29 12:20:40"
1019,1019,ライノス・ルージュ,ライノス・ルージュ,"Rainosu Ruuju",2,0,,https://xn--10-yg4a1a3kyh.jp/a_mon/../a_mon/dq10_monster_k_rainosuru-ju.html,/storage/images/monsters/1019.webp,業炎の聖塔で試練に挑む者に立ちはだかる魔物の1体。ライノス族の戦士の中でいちばんのおしゃれさん。,使用しているメイク道具は特別な調合で作られたもの。どんなに汗をかいても崩れない超高級品だという。,"2026-07-27 13:31:27","2026-08-03 12:10:41"
1020,1020,紅蓮のクイーンビー,グレンノクイーンビー,Gurennokuiinbii,5,0,,https://xn--10-yg4a1a3kyh.jp/a_mon/../a_mon/dq10_monster_k_gurennokui-mbi-.html,/storage/images/monsters/1020.webp,業炎の聖塔で試練に挑む者に立ちはだかる魔物の1体。女王につき従う兵隊を呼びだし集団でおそいかかってくる。,烈火の渓谷で暮らしていたがオーガの神ガズバランに試練の番人に大抜擢され一族を連れ聖塔に移り住んだ。,"2026-07-27 13:00:35","2026-07-29 12:20:40"
1021,1021,赤熱の魔神像,シャクネツノマジンゾウ,Shakunetsunomajinzou,12,0,,https://xn--10-yg4a1a3kyh.jp/a_mon/../a_mon/dq10_monster_k_sekinetsunomajinzo.html,/storage/images/monsters/1021.webp,業炎の聖塔で試練に挑む者に立ちはだかる魔物の1体。巨体を活かした肉弾攻撃を得意としている。,全身が溶岩でできていてつねに高熱を発しているためそばに来ると暑苦しいと言われるのが悩みのタネ。,"2026-07-27 13:10:17","2026-07-29 12:20:40"
1022,1022,炎魔アグニース,エンマアグニース,Enmaaguniisu,12,0,,https://xn--10-yg4a1a3kyh.jp/a_mon/../a_mon/dq10_monster_k_emmaaguni-su.html,/storage/images/monsters/1022.webp,業炎の聖塔の最奥部に現れた最後の試練の番人。オーガの神ガズバランが配したものらしい。,領界の生みだす炎のチカラが体内にうずまいている。試練に挑む者が現れたときそれを一気に解放するのだ。,"2026-07-27 12:55:24","2026-07-29 12:20:40"
1023,1023,魔獣イーギュア,マジュウイーギュア,Majuuiigyua,2,0,,https://xn--10-yg4a1a3kyh.jp/a_mon/../a_mon/dq10_monster_k_majuui-gyua.html,/storage/images/monsters/1023.webp,アヴィーロ遺跡に住みついて周囲の人を困らせた凶暴な獣。はげしいおたけびをあげて群れで攻撃をしかけてくる。,悪い仲間たちと徒党を組んで気に入った遺跡を占拠した。何かとツッパリたいお年頃の青春ジグザグ不良魔物。,"2026-07-27 13:25:11","2026-08-03 12:10:41"
1024,1024,フロスティ,フロスティ,Furosutei,12,0,,https://xn--10-yg4a1a3kyh.jp/a_mon/../a_mon/dq10_monster_k_furosuti.html,/storage/images/monsters/1024.webp,"見た目はとってもキュート 心はちょっと残忍な魔物。イーサの村の人々に白銀の死神と恐れられていた。",けがれない真っ白な身体に新雪のように清らかな心。死神なんて異名は似合わない！と本人だけが思っている。,"2026-07-27 13:22:42","2026-07-29 12:20:40"
1025,1025,青の巨人ブルメル,アオノキョジンブルメル,Aonokyojinburumeru,4,0,,https://xn--10-yg4a1a3kyh.jp/a_mon/../a_mon/dq10_monster_k_aonokyojimburumeru.html,/storage/images/monsters/1025.webp,かわいいプクリポちゃんと仲良くなりたかっただけの心優しき巨人のひとり。巨人3兄弟の1番年上。,雨をあやつることができるワイルドで頼りになる長兄。プールにスライダーを建造するエンターテイナーでもある。,"2026-07-27 12:51:04","2026-08-03 12:09:04"
1026,1026,赤の巨人レドノフ,アカノキョジンレドノフ,Akanokyojinredonofu,4,0,,https://xn--10-yg4a1a3kyh.jp/a_mon/../a_mon/dq10_monster_k_akanokyojinredonofu.html,/storage/images/monsters/1026.webp,かわいいプクリポちゃんと仲良くなりたかっただけの心優しき巨人のひとり。巨人3兄弟の真ん中。,炎をあやつることができるのんびりマイペースな次男。バーベキューに用意したのは肉のみで野菜は断固食べない。,"2026-07-27 12:51:09","2026-08-03 12:09:04"
1027,1027,緑の巨人グリモア,ミドリノキョジングリモア,Midorinokyojingurimoa,4,0,,https://xn--10-yg4a1a3kyh.jp/a_mon/../a_mon/dq10_monster_k_midorinokyojingurimoa.html,/storage/images/monsters/1027.webp,かわいいプクリポちゃんと仲良くなりたかっただけの心優しき巨人のひとり。巨人3兄弟の末っ子。,氷をあやつることができるおっとり甘えん坊な三男。大きな身体に似合わずトリプルアクセルが大得意。,"2026-07-27 13:27:46","2026-08-03 12:09:04"
1028,1028,氷魔フィルグレア,ヒョウマフィルグレア,Hyoumafyirugurea,12,0,,https://xn--10-yg4a1a3kyh.jp/a_mon/../a_mon/dq10_monster_k_hyomafirugurea.html,/storage/images/monsters/1028.webp,氷晶の聖塔の最奥部に現れた最後の試練の番人。プクリポの神ピナヘトが配したものらしい。,領界の生みだす氷のチカラを体内にためこんでいる。試練に挑む者が現れたときそれを一気に解放するのだ。,"2026-07-27 13:19:48","2026-07-29 12:20:40"
1029,1029,くらやみ飛天,クラヤミヒテン,Kurayamihiten,4,0,,https://xn--10-yg4a1a3kyh.jp/a_mon/../a_mon/dq10_monster_k_kurayamihiten.html,/storage/images/monsters/1029.webp,"闇の領界に生きる人々に混沌と恐怖を もたらした魔物の首領。月をも破壊するおそるべき魔力を 誇る。","闇の領界の民を 苦しめるため月を破壊したことで 逆に楽園への道が開かれた。これは偶然か それとも……？","2026-07-27 13:00:13","2026-08-03 12:09:04"
1030,1030,魔獣サルファバル,マジュウサルファバル,Majuusarufuabaru,2,0,,https://xn--10-yg4a1a3kyh.jp/a_mon/../a_mon/dq10_monster_k_majuusarufabaru.html,/storage/images/monsters/1030.webp,"神秘の鉱石 サルファバル鉱のチカラで 自己の肉体や能力を強化できる魔獣。呪術師さえ封印するしかできなかった。","本来 闇の領界にのみ発生するサルファバル鉱を肉体に宿すこの魔獣は 闇の領界からこちらへ現れたと推測される。","2026-07-27 13:25:14","2026-08-03 12:10:41"
1031,1031,管理端末Ｑ４８４,カンリタンマツキューヨンハチヨン,Kanritanmatsukyuuyonhachiyon,13,0,,https://xn--10-yg4a1a3kyh.jp/a_mon/../a_mon/dq10_monster_k_kanritammatsu.html,/storage/images/monsters/1031.webp,"闇の領界の竜族を抹殺するため管理端末が 変貌した姿。鉄やハンマー 電撃など多彩な機能で 任務遂行する。","造物主の命令に従って 楽園を何千年も守り続けてきた機械。自分自身の意志はなく 純粋に命令を 果たそうとしている。","2026-07-27 12:57:17","2026-07-29 12:20:40"
1032,1032,闇魔ティトス,ヤミマティトス,Yamimateitosu,12,0,,https://xn--10-yg4a1a3kyh.jp/a_mon/../a_mon/dq10_monster_k_ammatitosu.html,/storage/images/monsters/1032.webp,冥闇の聖塔の最奥部に現れた最後の試練の番人。ドワーフの神ワギが配したものらしい。,領界の生みだす闇のチカラを体内にためこんでいる。試練に挑む者が現れたときそれを一気に解放するのだ。,"2026-07-27 12:53:12","2026-07-29 12:20:40"
1033,1033,神獣パチャティカ,シンジュウパチャティカ,Shinjuupachateika,2,0,,https://xn--10-yg4a1a3kyh.jp/a_mon/../a_mon/dq10_monster_k_shinjuupachatika.html,/storage/images/monsters/1033.webp,"ドワーフの神ワギに代わり闇の領界を見守ってきた神獣。その巨体に 貯めこまれた大地のチカラを 自在に操る。","時の果ての世界で ただひとりキミが夢見た未来を 歌えば奇跡だって 信じられるさ♪きっとずっとフォーエバー……。","2026-07-27 13:08:44","2026-08-03 12:10:41"
1034,1034,深淵魚キュラス,シンエンギョキュラス,Shin'engyokyurasu,9,0,,https://xn--10-yg4a1a3kyh.jp/a_mon/../a_mon/dq10_monster_k_shinengyokyurasu.html,/storage/images/monsters/1034.webp,邪悪なる意志によって遣わされ巫女フィナに災いを与えた。オツムは残念だが意外にも強大な魔法を使いこなす。,深海にすむ魔物たちの間でもゴロッキとして名高い。自慢のリーゼントヒレは好物のウニ色に染めたらしい。,"2026-07-27 13:08:23","2026-07-29 12:20:40"
1035,1035,邪菌ピロリアン,ジャキンピロリアン,Jakinpirorian,4,0,,https://xn--10-yg4a1a3kyh.jp/a_mon/../a_mon/dq10_monster_k_jakimpirorian.html,/storage/images/monsters/1035.webp,ブオーンの胃の中で誕生した悪玉菌が元気に育った姿。おうえんで仲間をはげまし毒マヒ呪いをまきちらす。,ピロリとはピロリアンの言葉で「友達」という意味を持つ。毒やマヒは彼らの贈り物。愛を込めて群がってくるのだ。,"2026-07-27 13:06:11","2026-08-03 12:09:04"
1036,1036,水魔ヴァーテル,スイマヴァーテル,Suimavuaateru,12,0,,https://xn--10-yg4a1a3kyh.jp/a_mon/../a_mon/dq10_monster_k_suima-teru.html,/storage/images/monsters/1036.webp,天水の聖塔の最奥部に現れた最後の試練の番人。ウェディの神マリーヌが配したものらしい。,領界の生みだす水のチカラを体内にためこんでいる。試練に挑む者が現れたときそれを一気に解放するのだ。,"2026-07-27 13:09:11","2026-07-29 12:20:40"
1037,1037,神獣カシャル,シンジュウカシャル,Shinjuukasharu,9,0,,https://xn--10-yg4a1a3kyh.jp/a_mon/../a_mon/dq10_monster_k_shinjuukasharu.html,/storage/images/monsters/1037.webp,水の領界を治める巫女フィナが秘めていた真の姿。マリーヌ神の眷属たるチカラが解放者の行く手をはばむ。,"普段はやさしい海の守護者だがカシャルが怒りし時 その身はあまたの群れとなりて敵を滅ぼすという伝承がある。","2026-07-27 13:08:39","2026-07-29 12:20:40"
1038,1038,森羅蛮獣,シンラバンジュウ,Shinrabanjuu,2,0,,https://xn--10-yg4a1a3kyh.jp/a_mon/../a_mon/dq10_monster_k_shinrabanjuu.html,/storage/images/monsters/1038.webp,"足の速さが自慢の魔獣。世界を駆け 荒しまわった。馬のような姿をしているが本当の姿は別にあるという。",自在に姿を変えられるが馬の姿がいちばん速く走れる。銅鏡から出ることはできないが毎日の走り込みは欠かさない。,"2026-07-27 13:08:55","2026-08-03 12:10:41"
1039,1039,巨竜樹タツノギ,キョリュウジュタツノギ,Kyoryuujutatsunogi,11,0,,https://xn--10-yg4a1a3kyh.jp/a_mon/../a_mon/dq10_monster_k_kyoryuujutatsunogi.html,/storage/images/monsters/1039.webp,神獣アマカムシカの従者。チーズが大好きで葉の中にたくさん隠し持っているが賞味期限は気にしないらしい。,"背中の樹木の葉が赤いのは紅葉しているのではなく熱き血潮が流れているからよ。わかったか こわっぱめ！","2026-07-27 12:59:13","2026-07-29 12:20:40"
1040,1040,激情の竜エステラ,ゲキジョウノリュウエステラ,Gekijounoryuuesutera,11,0,,https://xn--10-yg4a1a3kyh.jp/a_mon/../a_mon/dq10_monster_k_gekijonoryuuesutera.html,/storage/images/monsters/1040.webp,"神官エステラの竜化した姿。暴走状態におちいっており美しい姿とは うらはらにおそろしく暴風をあやつる。",はじめて竜化したときはもっとゴツい姿だったのだが血のにじむような修行を重ね見事シェイプアップに成功。,"2026-07-27 13:00:51","2026-07-29 12:20:40"
1041,1041,剣士ヒューザ,ケンシヒューザ,Kenshihyuuza,14,0,,https://xn--10-yg4a1a3kyh.jp/a_mon/../a_mon/dq10_monster_k_kenshihyu-za.html,/storage/images/monsters/1041.webp,"アンルシアを捕らえようと敵意をあらわにしたヒューザ。いったい 彼の身に何が あったのだろうか……。","オレは ここで何をしている？なぜ あいつに剣を向けた？鈴の音がアタマにひびく。チリン……チリリン……。","2026-07-27 13:01:13","2026-08-03 13:05:38"
1042,1042,嵐魔ウェンリル,ランマウェンリル,Ranmauenriru,12,0,,https://xn--10-yg4a1a3kyh.jp/a_mon/../a_mon/dq10_monster_k_rammawenriru.html,/storage/images/monsters/1042.webp,翠嵐の聖塔の最奥部に現れた最後の試練の番人。エルフの神エルドナが配したものらしい。,領界の生みだす嵐のチカラを体内にためこんでいる。試練に挑む者が現れたときそれを一気に解放するのだ。,"2026-07-27 13:32:03","2026-07-29 12:20:40"
1043,1043,黒蛇鬼アクラガレナ,コクジャキアクラガレナ,Kokujakiakuragarena,11,0,,https://xn--10-yg4a1a3kyh.jp/a_mon/../a_mon/dq10_monster_k_kokujakiakuragarena.html,/storage/images/monsters/1043.webp,神官長に託された黒色の呪符でトビアスが召喚した切り札。複数のアタマを使った攻撃はとぎれることがない。,"ナダイアが彼に与えた命令は解放の間にいる すべての者を抹殺せよ！というものだったが残念ながら果たせず終わった。","2026-07-27 13:02:26","2026-07-29 12:20:40"
1044,1044,獄炎鬼アグニース,ゴクエンキアグニース,Gokuenkiaguniisu,12,0,,https://xn--10-yg4a1a3kyh.jp/a_mon/../a_mon/dq10_monster_k_gokuenkiaguni-su.html,/storage/images/monsters/1044.webp,業炎の聖塔の守護者が邪悪なる意志によって操られ神の器を探す解放者の前にふたたび立ちはだかった。,"炎の神ガズバランの加護を失い邪念に囚われ 暴走した守護者を 解き放ったのは解放者と呼ばれた者だった。","2026-07-27 13:02:23","2026-07-29 12:20:40"
1045,1045,獄氷鬼フィルグレア,ゴクヒョウキフィルグレア,Gokuhyoukifyirugurea,12,0,,https://xn--10-yg4a1a3kyh.jp/a_mon/../a_mon/dq10_monster_k_gokuhyokifirugurea.html,/storage/images/monsters/1045.webp,氷晶の聖塔の守護者が邪悪なる意志によって操られ神の器を探す解放者の前にふたたび立ちはだかった。,"花の神ピナヘトの加護を失い邪念に囚われ 暴走した守護者を 解き放ったのは解放者と呼ばれた者だった。","2026-07-27 13:02:34","2026-07-29 12:20:40"
1046,1046,獄闇鬼ティトス,ゴクアンキティトス,Gokuankiteitosu,12,0,,https://xn--10-yg4a1a3kyh.jp/a_mon/../a_mon/dq10_monster_k_gokuankititosu.html,/storage/images/monsters/1046.webp,冥闇の聖塔の守護者が邪悪なる意志によって操られ神の器を探す解放者の前にふたたび立ちはだかった。,"土の神ワギの加護を失い邪念に囚われ 暴走した守護者を 解き放ったのは解放者と呼ばれた者だった。","2026-07-27 13:02:10","2026-07-29 12:20:40"
1047,1047,獄水鬼ヴァーテル,ゴクスイキヴァーテル,Gokusuikivuaateru,12,0,,https://xn--10-yg4a1a3kyh.jp/a_mon/../a_mon/dq10_monster_k_gokusuiki-teru.html,/storage/images/monsters/1047.webp,天水の聖塔の守護者が邪悪なる意志によって操られ神の器を探す解放者の前にふたたび立ちはだかった。,"水の神マリーヌの加護を失い邪念に囚われ 暴走した守護者を 解き放ったのは解放者と呼ばれた者だった。","2026-07-27 13:02:29","2026-07-29 12:20:40"
1048,1048,獄嵐鬼ウェンリル,ゴクランキウェンリル,Gokurankiuenriru,12,0,,https://xn--10-yg4a1a3kyh.jp/a_mon/../a_mon/dq10_monster_k_gokurankiwenriru.html,/storage/images/monsters/1048.webp,翠嵐の聖塔の守護者が邪悪なる意志によって操られ神の器を探す解放者の前にふたたび立ちはだかった。,"風の神エルドナの加護を失い邪念に囚われ 暴走した守護者を 解き放ったのは解放者と呼ばれた者だった。","2026-07-27 13:02:37","2026-07-29 12:20:40"
1049,1049,暴竜ドマノ,ボウリュウドマノ,Bouryuudomano,11,0,,https://xn--10-yg4a1a3kyh.jp/a_mon/../a_mon/dq10_monster_k_boryuudomano.html,/storage/images/monsters/1049.webp,ナドラガ大神殿の地下で看守を務めていたドマノが竜化した姿。彼のブレスは様々な拷問に利用された。,アペカの村からエジャルナへ出稼ぎに行く道で魔物に襲われ仲間にも見捨てられた彼を助けたのはアンテロだった。,"2026-07-27 13:24:08","2026-07-29 12:20:40"
1050,1050,暴竜ロマニ,ボウリュウロマニ,Bouryuuromani,11,0,,https://xn--10-yg4a1a3kyh.jp/a_mon/../a_mon/dq10_monster_k_boryuuromani.html,/storage/images/monsters/1050.webp,ナドラガ大神殿の地下で看守を務めていたロマニが竜化した姿。処刑用のオノを大胆に扱う。,かつては井戸掘りという炎の領界で最も危険な仕事に就いていたがナダイアに救われ直属の部下となった。,"2026-07-27 13:24:11","2026-07-29 12:20:40"
1051,1051,逆乱の竜ナダイア,ギャクランノリュウナダイア,Gyakurannoryuunadaia,11,0,,https://xn--10-yg4a1a3kyh.jp/a_mon/../a_mon/dq10_monster_k_gyakurannoryuunadaia.html,/storage/images/monsters/1051.webp,邪悪なる意志を名乗るナダイアが竜化した姿。ただひとつの信念がひとりの竜族をここまで強くしたのだ。,弟アンテロを異世界へ送ることは苦渋の決断だった。帰らなかった弟を思うたび彼の悔恨と覚悟は強くなった。,"2026-07-27 12:58:08","2026-07-29 12:20:40"
1052,1052,邪竜教祖オルストフ,ジャリュウキョウソオルストフ,Jaryuukyousoorusutofu,14,0,,https://xn--10-yg4a1a3kyh.jp/a_mon/../a_mon/dq10_monster_k_jaryuukyosorusutofu.html,/storage/images/monsters/1052.webp,総主教オルストフが竜神の一片である正体を現したおぞましい姿。体内に魔瘴毒を宿している。,ナドラガ神の復活をとげるため気の遠くなるような長い年月竜の民にまじり生きてきた。彼を親と呼ぶ者も大勢いる。,"2026-07-27 13:06:48","2026-08-03 13:05:38"
1053,1053,虚空の神ナドラガ,コクウノカミナドラガ,Kokuunokaminadoraga,14,0,,https://xn--10-yg4a1a3kyh.jp/a_mon/../a_mon/dq10_monster_k_kokuunokaminadoraga.html,/storage/images/monsters/1053.webp,"創世の女神が生みだした七柱の種族神の長兄。魔瘴を取り込んだことで異形と化した その現身の姿。","かつて空の神と呼ばれた彼が今 虚空の神を名乗るのは母とも兄弟とも道をたがえた孤独な心の現れかもしれない。","2026-07-27 13:02:18","2026-08-03 13:05:38"
1054,1054,邪竜神ナドラガ,ジャリュウジンナドラガ,Jaryuujinnadoraga,14,0,,https://xn--10-yg4a1a3kyh.jp/a_mon/../a_mon/dq10_monster_k_jaryuujinnadoraga.html,/storage/images/monsters/1054.webp,神たる者はその意思の在り様がそのまま外見に現れるという。巨竜も人型も邪竜の姿もすべてナドラガの意思の発現なのだ。,母なるルティアナの消失が竜神の……そして竜族の悲劇の始まりだった。創世の女神はなにゆえ姿を消したのだろう？,"2026-07-27 13:06:51","2026-08-03 13:05:38"
1055,1055,スライムエネルゴン,スライムエネルゴン,Suraimuenerugon,1,0,,https://xn--10-yg4a1a3kyh.jp/a_mon/../a_mon/dq10_monster_k_suraimuenerugon.html,/storage/images/monsters/1055.webp,紫のほこらに突如現れた美しく光り輝くスライム。謎のエナジーに満ちておりやる気じゅうぶんのようだ。,育みの大地で暮らしていた彼。ちょっと海水浴でもしようとスレア海岸に出かけたときにエナジーのトリコとなった。,"2026-07-27 13:09:33","2026-07-29 12:20:40"
1056,1056,異形獣,イギョウジュウ,Hexabeast,12,0,,https://www.d-quest-10.com/detail/a00618.html,/storage/images/monsters/1056.webp,突如現れた正体不明の怪物。巨体に似合わぬ機敏さを誇りツノから精神エネルギーを奪う怪光線を放つ。,辺境警備隊のラゴウ隊長により異形獣と命名されたが本当の名前は別にあるらしい。果たしてその正体は……？,"2026-03-12 14:11:39","2026-07-29 12:20:40"
1057,1057,フローラルダンディ,フローラルダンディ,Furoorarudandei,2,0,,https://xn--10-yg4a1a3kyh.jp/a_mon/../a_mon/dq10_monster_k_furo-rarudandi.html,/storage/images/monsters/1057.webp,"ラウラリエの丘に広がる花園をナワバリにする乱暴者。強烈なブレスで 花園を荒らすマナーのない敵をこらしめる。",こう見えて割と平和主義者。シャンテの歌声にホレ込んで子守唄を歌ってもらう代わりに花のみつを分け与えていた。,"2026-07-27 13:22:39","2026-08-03 12:10:41"
1058,1058,強化異形獣・狂,キョウカイギョウジュウ・キョウ,"Kyoukaigyoujuu Kyou",12,0,,https://xn--10-yg4a1a3kyh.jp/a_mon/../a_mon/dq10_monster_k_kyokaigyojuukyo.html,/storage/images/monsters/1058.webp,"指針監督官ベルマが使役する強化された新種の異形獣。体格が大きく 戦闘能力が大幅に向上している。",特定の主人の命令を聞くよう調整されていたがシャンテの歌声はその設定を打ち消す特別なチカラがあるようだ。,"2026-07-27 12:58:33","2026-07-29 12:20:40"
1059,1059,スパーキー,スパーキー,Supaakii,6,0,,https://xn--10-yg4a1a3kyh.jp/a_mon/../a_mon/dq10_monster_k_supa-ki-.html,/storage/images/monsters/1059.webp,黄金の体毛を風になびかせせっせと光り物を集める本能に忠実なトリ。目的のため時には凶暴になることも。,"狙ったエモノは逃さない！集めた光り物は100をこえ巣に持ちかえってはひたすら ながめるのが日課。","2026-07-27 13:09:27","2026-07-29 12:20:40"
1060,1060,ポーン,ポーン,Poon,12,0,,https://xn--10-yg4a1a3kyh.jp/a_mon/../a_mon/dq10_monster_k_po-n.html,/storage/images/monsters/1060.webp,"メレアーデが チェス盤の上であやつるポーンのコマ。キングを守るために 一生懸命歩を進める けなげな雑兵。","着実に前進し 最後に化ける大器晩成のポーンのコマはクオードのお気に入り。大切にしすぎるのはご愛嬌。","2026-07-27 13:24:19","2026-07-29 12:20:40"
1061,1061,ナイト,ナイト,Naito,12,0,,https://xn--10-yg4a1a3kyh.jp/a_mon/../a_mon/dq10_monster_k_naito.html,/storage/images/monsters/1061.webp,"メレアーデが チェス盤の上であやつるナイトのコマ。対戦相手にボミオスをかけて踏みつける 傍若無人なやつ。",戦場を自由に跳ね回り奇襲を仕掛けるナイトのコマはメレアーデのお気に入り。よくチェックメイトを決める。,"2026-07-27 13:15:32","2026-07-29 12:20:40"
1062,1062,キング,キング,Kingu,12,0,,https://xn--10-yg4a1a3kyh.jp/a_mon/../a_mon/dq10_monster_k_kingu.html,/storage/images/monsters/1062.webp,"メレアーデが チェス盤の上であやつるキングのコマ。バギムーチョやマヒャドデスで相手の陣地を荒らしまわる。",キングの守りを固めずについ攻めてしまうためクオードのチェスは弱い。姉との対戦の勝率は3割以下。,"2026-07-27 12:59:38","2026-07-29 12:20:40"
1063,1063,影魔レイミリア,カゲマレイミリア,Kagemareimiria,14,0,,https://xn--10-yg4a1a3kyh.jp/a_mon/../a_mon/dq10_monster_k_eimareimiria.html,/storage/images/monsters/1063.webp,"あでやかな微笑に冷酷さをにじませて 襲いかかってくる謎多き妖女。空中に浮かぶ球をあやつって 攻撃してくる。","謎の幻灯機に宿り 幻影を見せていた。王立アルケミアにくわしい者はレイ ミリアという名に聞き覚えがあるとか……。","2026-07-27 12:54:47","2026-08-03 13:05:38"
1064,1064,ヘルゲゴーグ・烈,ヘルゲゴーグ・レツ,"Herugegoogu Retsu",12,0,,https://xn--10-yg4a1a3kyh.jp/a_mon/../a_mon/dq10_monster_k_herugego-guretsu.html,/storage/images/monsters/1064.webp,異形獣と呼ばれる怪物はすべて正しくはヘルゲゴーグである。その中でもこいつは特に強化された最上位種に当たる。,"ヘルゲゴーグの名付け親はヨンゲ所長だが 彼からすれば異形獣などという呼ばれ方は非常に不本意だっただろう。","2026-07-27 13:23:12","2026-07-29 12:20:40"
1065,1065,自動人形ドミネウス,ジドウニンギョウドミネウス,Jidouningyoudomineusu,13,0,,https://xn--10-yg4a1a3kyh.jp/a_mon/../a_mon/dq10_monster_k_jidoningyodomineusu.html,/storage/images/monsters/1065.webp,ドミネウス王に化けていた人形が処刑失敗時の混乱の中正体を現した。額の紋章は王家に伝わる秘宝の証。,"本体は かなり大柄だが使用者の体格に合わせて自在にサイズを変更できるアジャスト機能を搭載する。","2026-07-27 13:05:47","2026-07-29 12:20:40"
1066,1066,時獄のドミネウス,ジゴクノドミネウス,Jigokunodomineusu,14,0,,https://xn--10-yg4a1a3kyh.jp/a_mon/../a_mon/dq10_monster_k_jigokunodomineusu.html,/storage/images/monsters/1066.webp,"滅びの回避を目的とするドミネウス王が 時見の箱に集めたチカラをその身に宿して変貌をとげた姿。",時獄とは時と時の狭間にあるこの世界から切り離された不思議な空間のことらしい。そこには何があるのだろうか？,"2026-07-27 13:05:14","2026-08-03 13:05:38"
1067,1067,魔人王ドミネウス,マジンオウドミネウス,Majin'oudomineusu,14,0,,https://xn--10-yg4a1a3kyh.jp/a_mon/../a_mon/dq10_monster_k_majinodomineusu.html,/storage/images/monsters/1067.webp,追い詰められたドミネウス王が時見の箱からチカラを引き出し自らを魔物に変化させた姿。人間を超えた異能を発揮する。,"なぜ時渡りのチカラによって人が怪物化するのか？ そこにこの謎の能力の正体を解明する糸口があるのかも知れない。","2026-07-27 13:25:55","2026-08-03 13:05:38"
1068,1068,魔獣ネロスゴーグ,マジュウネロスゴーグ,Majuunerosugoogu,12,0,,https://xn--10-yg4a1a3kyh.jp/a_mon/../a_mon/dq10_monster_k_majuunerosugo-gu.html,/storage/images/monsters/1068.webp,"突然 グランゼドーラ上空より勇者の橋に出現した謎の魔獣。終焉の繭との関係もその正体も 謎に包まれている。","叡智の冠が チカラ尽きたとき四重の封空は 破られ魔獣ネロスゴーグは ふたたび虚空より 現れるだろう。","2026-07-27 13:25:16","2026-07-29 12:20:40"
1069,1069,猛将ギーグハンマー,モウショウギーグハンマー,Moushougiiguhanmaa,11,0,,https://xn--10-yg4a1a3kyh.jp/a_mon/../a_mon/dq10_monster_k_moshogi-guhamma-.html,/storage/images/monsters/1069.webp,"魔軍十二将 滅殺隊長として不死の魔王に仕え古グランゼドーラ城下町を配下とともに 襲撃した。","ある魔軍十二将の 入れ知恵で勇者と盟友が 留守と知りグランゼドーラ王国を襲撃したらしい。","2026-07-27 13:29:02","2026-07-29 12:20:40"
1070,1070,知将ジャミラス,チショウジャミラス,Chishoujamirasu,6,0,,https://xn--10-yg4a1a3kyh.jp/a_mon/../a_mon/dq10_monster_k_chishojamirasu.html,/storage/images/monsters/1070.webp,"魔軍十二将 参謀総長として不死の魔王ネロドスに仕え禁忌の秘術を 葬り去るため人間に化け 城に潜入した。","盟友カミルの名誉を けがし禁忌の秘術を 葬り去るという企みは おさなき姫君の勇気によって 打ち砕かれた。","2026-07-27 13:13:07","2026-07-29 12:20:40"
1071,1071,邪将トロルバッコス,ジャショウトロルバッコス,Jashoutororubakkosu,4,0,,https://xn--10-yg4a1a3kyh.jp/a_mon/../a_mon/dq10_monster_k_jashotororubakkosu.html,/storage/images/monsters/1071.webp,"魔軍十二将 侍従長として不死の魔王ネロドスに仕え勇者と盟友を もてなすためとびきりの戦いを 用意した。","魔軍十二将の 品格をけがす振る舞いをする者を 許さず死をもって つぐなわせるためみなに 恐れられている。","2026-07-27 13:06:14","2026-08-03 12:09:04"
1072,1072,幻将ハヌマーン,ゲンショウハヌマーン,Genshouhanumaan,2,0,,https://xn--10-yg4a1a3kyh.jp/a_mon/../a_mon/dq10_monster_k_genshohanuma-n.html,/storage/images/monsters/1072.webp,"魔軍十二将 奇兵隊長として不死の魔王ネロドスに仕え勇者アルヴァンひきいるグランゼドーラ軍を破った。","グランゼドーラ軍の 大半を滅ぼしたが 勇者アルヴァンの剣に敗れた。不死の魔王のチカラにより よみがえった。","2026-07-27 13:01:18","2026-08-03 12:10:41"
1073,1073,獣将キングレオ,ジュウショウキングレオ,Juushoukingureo,2,0,,https://xn--10-yg4a1a3kyh.jp/a_mon/../a_mon/dq10_monster_k_juushokingureo.html,/storage/images/monsters/1073.webp,"魔軍十二将 獣魔軍隊長として不死の魔王ネロドスに仕え1000年前の アラハギーロ王国を襲い 都を炎に包んだ。","勇者アルヴァンと盟友カミルに倒された後 不死の魔王のチカラで よみがえり 雪辱を果たさんと 立ちはだかった。","2026-07-27 13:07:05","2026-08-03 12:10:41"
1074,1074,暴将黒竜丸,ボウショウコクリュウマル,Boushoukokuryuumaru,2,0,,https://xn--10-yg4a1a3kyh.jp/a_mon/../a_mon/dq10_monster_k_boshokokuryuumaru.html,/storage/images/monsters/1074.webp,"魔軍十二将 遊撃隊長として不死の魔王ネロドスに仕え逃げまどう民を 空より襲いおさなき赤子まで 殺した。","勇者と盟友だけを 脅威とし叡智の冠を あなどったため敗北を喫したが 不死の魔王のチカラにより よみがえった。","2026-07-27 13:23:46","2026-08-03 12:10:41"
1075,1075,竜将ドラゴンガイア,リュウショウドラゴンガイア,Ryuushoudoragongaia,11,0,,https://xn--10-yg4a1a3kyh.jp/a_mon/../a_mon/dq10_monster_k_ryuushodoragongaia.html,/storage/images/monsters/1075.webp,"魔軍十二将 竜軍隊長として不死の魔王ネロドスに仕え盟友カミルひきいる飛竜の軍勢に痛撃を与えた。","誇り高き竜で ありながら人に従う飛竜を憎み 戦ったが敗北し 不死の魔王のチカラでふたたび よみがえった。","2026-07-27 13:32:13","2026-07-29 12:20:40"
1076,1076,楽将バトルシェイカ,ガクショウバトルシェイカ,Gakushoubatorusheika,13,0,,https://xn--10-yg4a1a3kyh.jp/a_mon/../a_mon/dq10_monster_k_rakushobatoruika.html,/storage/images/monsters/1076.webp,"魔軍十二将 支援隊長として不死の魔王ネロドスに仕え魔王軍兵士の士気高揚に大いに 貢献した。","1000年前の 破邪舟師におびきだされ 叡智の冠たちに倒された後 不死の魔王によりふたたび よみがえった。","2026-07-27 13:31:38","2026-07-29 12:20:40"
1077,1077,凶将バリクナジャ,キョウショウバリクナジャ,Kyoushoubarikunaja,8,0,,https://xn--10-yg4a1a3kyh.jp/a_mon/../a_mon/dq10_monster_k_kyoshobarikunaja.html,/storage/images/monsters/1077.webp,"魔軍十二将 特選軍隊長として不死の魔王ネロドスに仕え1000年前の ダーマ神殿に甚大な被害を与えた。","勇者アルヴァンに 倒された後不死の魔王ネロドスのチカラでよみがえり 不死の魔王城にてふたたび 立ちはだかった。","2026-07-27 12:58:49","2026-07-29 12:20:40"
1078,1078,不死の魔王ネロドス,フシノマオウネロドス,Fushinomaounerodosu,14,0,,https://xn--10-yg4a1a3kyh.jp/a_mon/../a_mon/dq10_monster_k_fushinomaonerodosu.html,/storage/images/monsters/1078.webp,"魔軍十二将をはじめとする不死の軍勢は 魔王ネロドスに一度 命を奪われ そののちに不死のチカラを 与えられた。","勇者を倒したあかつきにはおのれの 不死のチカラを与え下僕としてよみがえらせようと目論んでいたという。","2026-07-27 13:20:56","2026-08-03 13:05:38"
1079,1079,無限獣ネロスゴーグ,ムゲンジュウネロスゴーグ,Mugenjuunerosugoogu,12,0,,https://xn--10-yg4a1a3kyh.jp/a_mon/../a_mon/dq10_monster_k_mugenjuunerosugo-gu.html,/storage/images/monsters/1079.webp,"不死の魔王ネロドスの魔力その不死のチカラによりよみがえり あらたな姿とさらなる強さを 手に入れた。",不死のチカラで再生するたびただ強くなるだけでなく思考や性格も魔王ネロドスに近づいていったようだ。,"2026-07-27 13:27:57","2026-07-29 12:20:40"
1080,1080,鬼人兵,キジンヘイ,Kijinhei,8,0,,https://xn--10-yg4a1a3kyh.jp/a_mon/../a_mon/dq10_monster_k_kijinhei.html,/storage/images/monsters/1080.webp,ゾンガロンの光を浴びて人の心を失い獣の姿になったドランド兵団の兵士たち。群れとなり襲いかかってくる。,国を守りたい想いだけが残り決して盾を手放すことはない。じつはシールドオーガたちの祖先ではないかとの説もある。,"2026-07-27 12:57:46","2026-07-29 12:20:40"
1081,1081,狂鬼ドランド公,キョウキドランドコウ,Kyoukidorandokou,8,0,,https://xn--10-yg4a1a3kyh.jp/a_mon/../a_mon/dq10_monster_k_kyokidorandoko.html,/storage/images/monsters/1081.webp,かつてドランド王国を治めた轟雷王の成れの果て。気性の激しさは変わらず嵐のごとき轟雷波を放つ。,かつて雷食い鳥と呼ばれる巨大な肉食恐竜を食らい雷をあやつるチカラを手に入れたという逸話がある。,"2026-07-27 12:58:41","2026-07-29 12:20:40"
1082,1082,原獣プレゴーグ,ゲンジュウプレゴーグ,Genjuupuregoogu,12,0,,https://xn--10-yg4a1a3kyh.jp/a_mon/../a_mon/dq10_monster_k_genjuupurego-gu.html,/storage/images/monsters/1082.webp,黒衣の剣士がグレン城に放った元気いっぱいの魔獣の幼体。特徴である額の黄色い宝石からマインドドレインを放つ。,"大きな眼はエリート魔獣の証。生まれたてながら その強さは上級ヘルゲゴーグを上回る。将来性バツグンの幼体なのだ。","2026-07-27 13:01:16","2026-07-29 12:20:40"
1083,1083,悪鬼ゾンガロン,アッキゾンガロン,Akkizongaron,2,0,,https://xn--10-yg4a1a3kyh.jp/a_mon/../a_mon/dq10_monster_k_akkizongaron.html,/storage/images/monsters/1083.webp,オーガを憎む邪神にすがりチカラと引き換えに心を失ったオルセコ王国の先王の末路。人を獣に変える光を放つ。,ゾンガロンの圧倒的な意思に支配されている状態だが先王ゾルトグリンの魂は今もゾンガロンに抗い続けている。,"2026-07-27 12:52:18","2026-08-03 12:10:41"
1084,1084,喪心獣ゾンテドール,ソウシンジュウゾンテドール,Soushinjuuzontedooru,2,0,,https://xn--10-yg4a1a3kyh.jp/a_mon/../a_mon/dq10_monster_k_soshinjuuzontedo-ru.html,/storage/images/monsters/1084.webp,ゾンガロンが自ら喰らった魔獣に身体を乗っ取られた姿。ゾンガロンの技と魔獣の能力の双方を巧みにくり出してくる。,伝えられた戦の舞によって悪鬼ゾンガロンに宿るゾルトグリンの心が目覚め人を獣となす技を封じ込めた。,"2026-07-27 13:11:46","2026-08-03 12:10:41"
1085,1085,古代ウルベア魔神兵,コダイウルベアマジンヘイ,Kodaiurubeamajinhei,13,0,,https://xn--10-yg4a1a3kyh.jp/a_mon/../a_mon/dq10_monster_k_kodaiurubeamajinhei.html,/storage/images/monsters/1085.webp,ウルベア地下帝国の遺跡を守る古代の戦闘兵器。侵入者の生体反応が完全消失するまで冷酷無比に戦い続ける。,"一見 どれも同じに見えるが各機体の足の裏に それぞれ06や07から始まる識別番号が刻まれている。","2026-07-27 13:02:50","2026-07-29 12:20:40"
1086,1086,魔神兵ゼェード,マジンヘイゼェード,Majinheizeeedo,13,0,,https://xn--10-yg4a1a3kyh.jp/a_mon/../a_mon/dq10_monster_k_majinheizee-do.html,/storage/images/monsters/1086.webp,超攻撃型のウルベア魔神兵。ケタ違いのパワーと火力を持ち遠隔式ビーム砲で攻撃対象を四方八方からハチの巣にする。,"帝国技術庁が極秘裏に開発した地脈エネルギーで動く魔神兵。試作型なので番号ではなくゼェードと 愛称で呼ばれる。","2026-07-27 13:26:09","2026-07-29 12:20:40"
1087,1087,ウルベア大魔神,ウルベアダイマジン,Urubeadaimajin,12,0,,https://xn--10-yg4a1a3kyh.jp/a_mon/../a_mon/dq10_monster_k_urubeadaimajin.html,/storage/images/monsters/1087.webp,"悠久の時を越え 流砂の底からよみがえった伝説の巨大兵器。嵐を起こし 両手をたたきつけ標的をバラバラに粉砕する。",人工知能は搭載されていないが胸部にある地脈の結晶にパドレが魔獣を取りつかせ意のままにあやつっている。,"2026-07-27 12:54:36","2026-07-29 12:20:40"
1088,1088,黒衣の剣士パドレ,コクイノケンシパドレ,Kokuinokenshipadore,14,0,,https://xn--10-yg4a1a3kyh.jp/a_mon/../a_mon/dq10_monster_k_kokuinokenshipadore.html,/storage/images/monsters/1088.webp,古代エテーネ王国の王族にして天才的な時渡りの使い手。アストルティアの歴史に干渉し何事かを企んでいるようだ。,類まれな才能を持ちながら以前は時見や時渡りに対し懐疑的だった。そんな所も兄から疎まれる一因である。,"2026-07-27 13:02:15","2026-08-03 13:05:38"
1089,1089,ペコリア・アルファ,ペコリア・アルファ,"Pekoria Arufua",13,0,,https://xn--10-yg4a1a3kyh.jp/a_mon/../a_mon/dq10_monster_k_pekoriaarufa.html,/storage/images/monsters/1089.webp,ペコリア・アルファはバイキルトで攻撃力を強化しテイルフィニッシュを放つ近距離アタッカー型。,管理コンピューター・ペコリアその機能は多岐にわたり侵入者排除や反乱鎮圧のための戦闘能力も搭載されている。,"2026-07-27 13:22:47","2026-07-29 12:20:40"
1090,1090,ペコリア・オメガ,ペコリア・オメガ,"Pekoria Omega",13,0,,https://xn--10-yg4a1a3kyh.jp/a_mon/../a_mon/dq10_monster_k_pekoriaomega.html,/storage/images/monsters/1090.webp,ペコリア・オメガはあやしいひとみで敵を眠らせいなずまを落としてくる遠距離サポート型。,管理コンピューター・ペコリア全個体はひとつの意識を共有し宇宙船アルウェーンの航行から日常業務まで受け持つという。,"2026-07-27 13:22:50","2026-07-29 12:20:40"
1091,1091,パルミオ2世,パルミオ2セイ,Parumio2sei,8,0,,https://xn--10-yg4a1a3kyh.jp/a_mon/../a_mon/dq10_monster_k_parumionisei.html,/storage/images/monsters/1091.webp,無限動力炉の基礎となった増殖獣の細胞はチカラとともにその邪悪な思念をも複製体C141に植えつけた。,"培養液の中でまどろんでいた複製体C141が初めて見た光景は 創造主バルミオが新発見を喜ぶ姿だったという。","2026-07-27 13:18:57","2026-07-29 12:20:40"
1092,1092,増殖獣バイロゴーグ,ゾウショクジュウバイロゴーグ,Zoushokujuubairogoogu,12,0,,https://xn--10-yg4a1a3kyh.jp/a_mon/../a_mon/dq10_monster_k_zoshokujuubairogo-gu.html,/storage/images/monsters/1092.webp,"知理の石版により増殖能力は封じられたが キガマホトラで敵からMPを奪い 強烈な技を無限に浴びせてくるのだ。","地底に眠る魔瘴エネルギーを吸収し 無限に増殖させて終焉の繭へと捧げることがこの魔獣に課せられた使命。","2026-07-27 13:11:40","2026-07-29 12:20:40"
1093,1093,時見の箱,トキミノハコ,Tokiminohako,14,0,,https://xn--10-yg4a1a3kyh.jp/a_mon/../a_mon/dq10_monster_k_tokiminohako.html,/storage/images/monsters/1093.webp,"パドレの囚われし心に巣食う幻影。宿主の憎しみと恐怖を増幅させて 理性と情愛を塗りつぶし消し去ろうとする。",本物の時見の箱はエテーネルキューブと同様時渡りを制御するチカラでパドレの時渡りを助けていた。,"2026-07-27 13:14:51","2026-08-03 13:05:38"
1094,1094,メガロダイン,メガロダイン,Megarodain,11,0,,https://xn--10-yg4a1a3kyh.jp/a_mon/../a_mon/dq10_monster_k_megarodain.html,/storage/images/monsters/1094.webp,"ヨンゲ所長が錬金で生みだした魔法生物。巨体を利用した地面揺らしや 回転攻撃であらゆるものを破壊する。","ヨンゲ所長のもとを去ったのはエサがマズかったかららしい。大地の底で 地脈エネルギーを味わったときは歓喜に震えた。","2026-07-27 13:28:51","2026-07-29 12:20:40"
1095,1095,黄金獣アルムゴーグ,オウゴンジュウアルムゴーグ,Ougonjuuarumugoogu,12,0,,https://xn--10-yg4a1a3kyh.jp/a_mon/../a_mon/dq10_monster_k_ogonjuuarumugo-gu.html,/storage/images/monsters/1095.webp,キュロノスにより近接戦闘に重きを置いて強化された最強の異形獣。ツインクローは鋼鉄をも紙のように切り裂く。,ロムドゴーグへの対抗心からか凶暴さを見せつけるような戦いをする。2体を競わせるキュロノスの狙いは成功した。,"2026-07-27 12:55:30","2026-07-29 12:20:40"
1096,1096,白銀獣ロムドゴーグ,ハクギンジュウロムドゴーグ,Hakuginjuuromudogoogu,12,0,,https://xn--10-yg4a1a3kyh.jp/a_mon/../a_mon/dq10_monster_k_hakuginjuuromudogo-gu.html,/storage/images/monsters/1096.webp,"キュロノスにより遠隔攻撃に重きを置いて強化された異形獣。レーザーミサイルで複数の標的を せん滅する。",アルムゴーグの対抗心を刺激するために生みだされた。相棒の感情を逆なですることに無上の喜びを感じている。,"2026-07-27 13:16:59","2026-07-29 12:20:40"
1097,1097,黄金のバディンド,オウゴンノバディンド,Ougonnobadeindo,8,0,,https://xn--10-yg4a1a3kyh.jp/a_mon/../a_mon/dq10_monster_k_ogonnobadindo.html,/storage/images/monsters/1097.webp,黄金の釜で処刑されたはずのバディンドが秘術により黄金の身体を得て復活。心まで魔物に染まってしまった。,かつて悪逆の限りを尽くし法と権力に逆らった大悪党もキュロノスによって調整され従順なコマへと成り果てた。,"2026-07-27 12:55:32","2026-07-29 12:20:40"
1098,1098,迷える盟友,マヨエルメイユウ,Mayoerumeiyuu,14,0,,https://xn--10-yg4a1a3kyh.jp/a_mon/../a_mon/dq10_monster_k_mayoerumeiyuu.html,/storage/images/monsters/1098.webp,"時空の狭間に存在する 無数の可能性を束ねて生み出された迷える勇者に殉じ みずから魔王のしもべと なりし姿。","迷える勇者に従ってグランゼドーラを滅ぼした盟友は かつて己が救いし数々の国へと出征したという。","2026-07-27 13:27:12","2026-08-03 13:05:38"
1099,1099,迷える勇者,マヨエルユウシャ,Mayoeruyuusha,14,0,,https://xn--10-yg4a1a3kyh.jp/a_mon/../a_mon/dq10_monster_k_mayoeruyuusha.html,/storage/images/monsters/1099.webp,"時空の狭間に存在する 無数の可能性を束ねて生み出された不死の魔王ネロドスに倒されしもべとして よみがえりし姿。","不死の魔王ネロドスと共にグランゼドーラへ帰還した勇者は またたく間に故郷の城を滅ぼしたという。","2026-07-27 13:27:15","2026-08-03 13:05:38"
1100,1100,狂える王子,キョウエルオウジ,Kyoueruouji,14,0,,https://xn--10-yg4a1a3kyh.jp/a_mon/../a_mon/dq10_monster_k_kurueruoji.html,/storage/images/monsters/1100.webp,"時空の狭間に存在する 無数の可能性を束ねて生み出された戦禍の邪神に魅入られて魂を失い 獣同然となりし姿。","王子だった獣はオルセコ王国を鬼人の国に堕とすと そのままゾンガロンと戦い 大陸全土を戦火で焼き尽くしたという。","2026-07-27 13:00:24","2026-08-03 13:05:38"
1101,1101,怒れる魔神,オコレルマジン,Okorerumajin,13,0,,https://xn--10-yg4a1a3kyh.jp/a_mon/../a_mon/dq10_monster_k_ikarerumajin.html,/storage/images/monsters/1101.webp,"時空の狭間に存在する 無数の可能性を束ねて生み出された怒れる老匠にすべてをゆだねて破壊兵器と成り果てし姿。",悪夢の新兵器たる魔神はウルベア地下帝国の全住民を滅ぼし尽くすと機能を停止し安息の時を迎えたという。,"2026-07-27 12:53:50","2026-07-29 12:20:40"
1102,1102,怒れる老匠,イカレルロウショウ,Ikareruroushou,14,0,,https://xn--10-yg4a1a3kyh.jp/a_mon/../a_mon/dq10_monster_k_ikarerurosho.html,/storage/images/monsters/1102.webp,"時空の狭間に存在する 無数の可能性を束ねて生み出されたウルベア地下帝国への憎しみに囚われ 復讐鬼となりし姿。","憎きグルヤンラシュを討ち果たすため 怒れる老匠は悪夢の新兵器を生み出してウルベアを滅ぼしたという。","2026-07-27 12:53:53","2026-08-03 13:05:38"
1103,1103,堕ちた剣聖,オチタケンセイ,Ochitakensei,14,0,,https://xn--10-yg4a1a3kyh.jp/a_mon/../a_mon/dq10_monster_k_ochitakensei.html,/storage/images/monsters/1103.webp,"時空の狭間に存在する 無数の可能性を束ねて生み出された時見の箱の魔眼と成り果てかつての主に 剣を向けし姿。","時見の箱が命じるままに主を討った後 堕ちた剣聖は血にぬれた双刀をたずさえてどこへともなく消えたという。","2026-07-27 12:55:50","2026-08-03 13:05:38"
1104,1104,悪鬼なる王,アッキナルオウ,Akkinaruou,14,0,,https://xn--10-yg4a1a3kyh.jp/a_mon/../a_mon/dq10_monster_k_akkinaruo.html,/storage/images/monsters/1104.webp,"時空の狭間に存在する 無数の可能性を束ねて生み出されたかなわぬ帰郷に 世界を呪い暴虐なる悪鬼と成り果てし姿。",古代ドワチャッカ大陸から地脈エネルギーを奪いつくしすべてを灰燼に帰したあと悪鬼は高らかに笑ったという。,"2026-07-27 12:52:20","2026-08-03 13:05:38"
1105,1105,時獄獣キュロノス,ジゴクジュウキュロノス,Jigokujuukyuronosu,12,0,,https://xn--10-yg4a1a3kyh.jp/a_mon/../a_mon/dq10_monster_k_jigokujuukyuronosu.html,/storage/images/monsters/1105.webp,発展強化型ヘルゲゴーグ4体のすべての能力を取り込んで完成した究極の魔法生物にして肉体を持たぬキュロノスの器。,4体のヘルゲゴーグの孵化に必要となる莫大なエネルギーは竜神の心臓により賄われた。そこに宿る魔瘴と共に……。,"2026-07-27 13:05:11","2026-07-29 12:20:40"
1106,1106,時元神キュロノス,ジゲンシンキュロノス,Jigenshinkyuronosu,14,0,,https://xn--10-yg4a1a3kyh.jp/a_mon/../a_mon/dq10_monster_k_jigenshinkyuronosu.html,/storage/images/monsters/1106.webp,時獄獣の肉体を滅ぼすことで自身の能力に最適化した形態に構成しなおすことこそがキュロノスの真の狙いだった。,時元神に進化したキュロノスは肉体の制約に縛られることなく時渡りのチカラを自在に使う神にも等しい存在へと至った。,"2026-07-27 13:05:06","2026-08-03 13:05:38"
1107,1107,旅芸人ピュージュ,タビゲイニンピュージュ,Tabigeininpyuuju,4,0,,https://xn--10-yg4a1a3kyh.jp/a_mon/../a_mon/dq10_monster_k_tabigeinimpyu-ju.html,/storage/images/monsters/1107.webp,"魔界の門を開くために人々を争わせ 戦禍のタネを集めていた正体不明の道化師。無数の分身体が存在する。","数人集まれば 遊びが始まる。最近のお気に入りの遊びはメラゾーマドッジボール。先に消し炭になった方が負け。","2026-07-27 13:12:48","2026-08-03 12:09:04"
1108,1108,湖の魔獣ボルゲルグ,ミズウミノマジュウボルゲルグ,Mizuuminomajuuborugerugu,2,0,,https://xn--10-yg4a1a3kyh.jp/a_mon/../a_mon/dq10_monster_k_mizuuminomajuuborugerugu.html,/storage/images/monsters/1108.webp,"ベルヴァイン湖のほとりに住み着いた 荒れ狂った魔獣。魔瘴の影響で我を失っており見境なく誰にでも襲いかかる。","じつは 銀翼竜の美しさに引き寄せられて湖へ来た。しつこく銀翼竜を攻撃するのはあこがれの裏返しなのである。","2026-07-27 13:27:32","2026-08-03 12:10:41"
1109,1109,レイジバルス,レイジバルス,Reijibarusu,14,0,,https://xn--10-yg4a1a3kyh.jp/a_mon/../a_mon/dq10_monster_k_reijibarusu.html,/storage/images/monsters/1109.webp,激怒したアスバルが持ち前の魔力で召喚したかつてゼクレスに敵対し封印された邪悪な巨人。,"ゼクレス王家の始祖に封印され以来使い魔として扱われる。王族の中でも 強大な魔力を持つ者だけが使役できる。","2026-07-27 13:32:37","2026-08-03 13:05:38"
1110,1110,キラーホイール,キラーホイール,Kiraahoiiru,13,0,,https://xn--10-yg4a1a3kyh.jp/a_mon/../a_mon/dq10_monster_k_kira-hoi-ru.html,/storage/images/monsters/1110.webp,鉱山発掘用に作られた重機が戦闘用に改造されたもの。ブラニック採石場はほとんどこいつ1体で掘り抜いた。,バルディスタ要塞では意外にも戦闘や開墾の負担を減らすため機械化にチカラを入れており技術研究に余念がないらしい。,"2026-07-27 12:59:16","2026-07-29 12:20:40"
1111,1111,狂信者ヤイル,キョウシンシャヤイル,Kyoushinshayairu,14,0,,https://xn--10-yg4a1a3kyh.jp/a_mon/../a_mon/dq10_monster_k_kyoshinjayairu.html,/storage/images/monsters/1111.webp,バルディスタ軍の若き将校ヤイルが秘術で変身した姿。この術と不断の努力によって彼は軍高官にまで上り詰めた。,太古から変化の秘術を伝えるある氏族の出身だったヤイル。氏族はすでに滅びたが術はかろうじて受け継がれていた。,"2026-07-27 12:58:52","2026-08-03 13:05:38"
1112,1112,シシカバブ団長,シシカバブダンチョウ,Shishikababudanchou,2,0,,https://xn--10-yg4a1a3kyh.jp/a_mon/../a_mon/dq10_monster_k_shishikababudancho.html,/storage/images/monsters/1112.webp,ファラザードを荒らす盗賊集団シシカバブ団の団長。ヤンチャな子分を引き連れてチカラまかせに武器を振るう。,独特のしゃべり方をからかわれ怒って暴れるうち嫌われ者に。故郷を追われ盗賊になった今も心に深いキズが刻まれている。,"2026-07-27 13:05:23","2026-08-03 12:10:41"
1113,1113,呪われたシシカバブ,ノロワレタシシカバブ,Norowaretashishikababu,2,0,,https://xn--10-yg4a1a3kyh.jp/a_mon/../a_mon/dq10_monster_k_norowaretashishikababu.html,/storage/images/monsters/1113.webp,エルガドーラの呪いによって限界を超えたチカラを発揮しユシュカを倒すまで戦い続ける復讐鬼と変わり果てた姿。,"本当は ずっと夢に見ていた。誰かに 必要とされることを。ただ 言ってほしかったお前がいてくれてよかったと。","2026-07-27 13:16:21","2026-08-03 12:10:41"
1114,1114,デモンズゲイト,デモンズゲイト,Demonzugeito,2,0,,https://xn--10-yg4a1a3kyh.jp/a_mon/../a_mon/dq10_monster_k_demonzugeito.html,/storage/images/monsters/1114.webp,数々の試練の果てに待ち受けるデモンズクラウンの門番。大魔王候補者の数だけ分身して等しく試練を与えるという。,魔仙卿の魔力の限り復活する。大魔王選出が終わると暇なのでスッテンテンの姿に戻ってふもとの集落に現れるとか。,"2026-07-27 13:13:58","2026-08-03 12:10:41"
1115,1115,魔王ユシュカ,マオウユシュカ,Maouyushuka,14,0,,https://xn--10-yg4a1a3kyh.jp/a_mon/../a_mon/dq10_monster_k_maoyushuka.html,/storage/images/monsters/1115.webp,"血の契約を交わした ふたりが大魔王の座をかけて対決する。ゆずれない思いを抱く者同士最後に勝つのはどちらか？",隊商の傭兵から剣技を教わり縁の深い亡国で戦術をみがいたユシュカ独自の戦闘スタイルは己の思想を体現している。,"2026-07-27 13:24:38","2026-08-03 13:05:38"
1116,1116,闇の根源の幻影,ヤミノコンゲンノゲンエイ,Yaminokongennogen'ei,14,0,,https://xn--10-yg4a1a3kyh.jp/a_mon/../a_mon/dq10_monster_k_yaminokongennogenei.html,/storage/images/monsters/1116.webp,漆黒の騎士の姿で現れた大いなる闇の根源の末端。自らの魔瘴を打ち払うために超えなければならない試練だ。,"大いなる闇が問いかける。生まれた時代を 真の姿を殺した敵を 魂の在りかを。その真意は計り知れない。","2026-07-27 13:29:30","2026-08-03 13:05:38"
1117,1117,魔瘴竜ジャオマンダ,マショウリュウジャオマンダ,Mashouryuujaomanda,11,0,,https://xn--10-yg4a1a3kyh.jp/a_mon/../a_mon/dq10_monster_k_mashoryuujaomanda.html,/storage/images/monsters/1117.webp,大いなる闇の根源より生まれた魔瘴魂と呼ばれる魔物の1匹。マデサゴーラの芸術のため絵画に封印されてしまった。,"共に封じられた魔物たちを食べ成長し 半身が出られた。封印を解こうと覇印を食ったが役には立たなかったようだ。","2026-07-27 13:25:35","2026-07-29 12:20:40"
1118,1118,ゾブリス将軍,ゾブリスショウグン,Zoburisushougun,14,0,,https://xn--10-yg4a1a3kyh.jp/a_mon/../a_mon/dq10_monster_k_zoburisushogun.html,/storage/images/monsters/1118.webp,残虐な策略でネクロデアを滅ぼしたバルディスタの将軍。絶望に沈んだ魔族の目玉を結晶化させた魔瘴をあやつる。,虐げられて醜くゆがんだ少女は魔術で理想の姿に変じた後美しいものをけがすことで復讐を果たす快感におぼれた。,"2026-07-27 13:12:02","2026-08-03 13:05:38"
1119,1119,カーボーン将軍,カーボーンショウグン,Kaaboonshougun,10,0,,https://xn--10-yg4a1a3kyh.jp/a_mon/../a_mon/dq10_monster_k_ka-bo-nshogun.html,/storage/images/monsters/1119.webp,4本の武器をはげしく振るいバルディスタに害なす敵を冷酷に切り裂く武人。マットな質感の暗黒肌が自慢。,"バルディスタの処刑執行人を担っていたが ヴァレリア自ら手を下しがちで仕事がないためベルトロ判断で配置換えした。","2026-07-27 12:56:14","2026-07-29 12:20:40"
1120,1120,太古の魔人,タイコノマジン,Taikonomajin,14,0,,https://xn--10-yg4a1a3kyh.jp/a_mon/../a_mon/dq10_monster_k_taikonomajin.html,/storage/images/monsters/1120.webp,ミアラの宝杖の魔力によって凶暴な魔人と化したアスバル。閃光を放つ額の宝玉は封じたが壮絶な破壊衝動は止まらない。,"太古の昔 当時のゼクレス王が禁呪に手を染め魔人と化した。ミアラ妃は命を代償に杖を作り宝玉に夫を封印したという。","2026-07-27 13:12:24","2026-08-03 13:05:38"
1121,1121,タリスマンの守護者,タリスマンノシュゴシャ,Tarisumannoshugosha,10,0,,https://xn--10-yg4a1a3kyh.jp/a_mon/../a_mon/dq10_monster_k_tarisumannoshugosha.html,/storage/images/monsters/1121.webp,"朽ちた霊廟を訪れし者のうち知恵とチカラを兼ね備え志ある魔族にのみ 秘術の宿るタリスマンを与えるという。",ひとりの弟子も取らずいかなる魔王にも仕えずにひたすら魔術の道を探求せし孤高なる魔道士の成れの果て。,"2026-07-27 13:12:51","2026-07-29 12:20:40"
1122,1122,魔瘴魂オジャロス,マショウコンオジャロス,Mashoukon'ojarosu,4,0,,https://xn--10-yg4a1a3kyh.jp/a_mon/../a_mon/dq10_monster_k_mashokonojarosu.html,/storage/images/monsters/1122.webp,"数百年もの間 かぶり続けた良き叔父という仮面をかなぐり捨て 邪悪なる本性をあらわにしたオジャロスの姿。","前王イーヴと姉エルガドーラの婚礼の日 一対の人形のように美しいふたりを目にしたとき復讐を決意したという。","2026-07-27 13:25:25","2026-08-03 12:09:04"
1123,1123,ギャノン弟,ギャノンオトウト,Gyanon'otouto,2,0,,https://xn--10-yg4a1a3kyh.jp/a_mon/../a_mon/dq10_monster_k_gyanonototo.html,/storage/images/monsters/1123.webp,"敵味方関係なく襲いかかる残虐さゆえ ヴァレリアによりバルディスタから追放された無法者兄弟の弟分。","他人は見境なく手にかけるが兄弟仲は非常に良好。兄の誕生日には強奪した金で毎年 盛大な宴を催すという。","2026-07-27 12:58:19","2026-08-03 12:10:41"
1124,1124,魔王ヴァレリア,マオウヴァレリア,Maouvuareria,14,0,,https://xn--10-yg4a1a3kyh.jp/a_mon/../a_mon/dq10_monster_k_maobareria.html,/storage/images/monsters/1124.webp,"数多の戦場を駆け抜け 国を興すまでに上りつめた魔王。その武力は魔界最強と名高く一閃で騎馬の群れもなぎ払う。",その美貌からファンも多く何度も交際を申し込んでは返り討ちになっている者多数。彼女の婿取りはあり得るのか？,"2026-07-27 13:24:35","2026-08-03 13:05:38"
1125,1125,魔瘴魂グウィネーロ,マショウコングウィネーロ,Mashoukonguuineero,14,0,,https://xn--10-yg4a1a3kyh.jp/a_mon/../a_mon/dq10_monster_k_mashokonguine-ro.html,/storage/images/monsters/1125.webp,魔仙卿が召喚した魔瘴をまき散らす邪霊。余りに濃密なその魔気は意思を持って動きだす。,"かつて大いなる闇の根源からはがれおちた皮ふの欠片に命が宿り グウィネーロと呼ばれるようになった。","2026-07-27 13:25:27","2026-08-03 13:05:38"
1126,1126,巨大魔瘴魂,キョダイマショウコン,Kyodaimashoukon,7,0,,https://xn--10-yg4a1a3kyh.jp/a_mon/../a_mon/dq10_monster_k_kyodaimashokon.html,/storage/images/monsters/1126.webp,ジャディンの園の地下より噴出した魔瘴が意思を持ちおそるべき魔物の姿となって大魔王の前に立ちはだかる。,"魔瘴によって失われた命を取り込み 己のチカラに変えて巨大化する邪悪な魂。自己の強化に余念がない。","2026-07-27 12:59:08","2026-07-29 12:20:40"
1127,1127,邪神ダビヤガ,ジャシンダビヤガ,Jashindabiyaga,14,0,,https://xn--10-yg4a1a3kyh.jp/a_mon/../a_mon/dq10_monster_k_jashindabiyaga.html,/storage/images/monsters/1127.webp,七柱の種族神に対抗するため異界滅神ジャゴヌバが己の暴虐なる闘争心より生み出した破壊と殺りくを好む邪神。,本来は竜族の神ナドラガを倒すために生み出されたが当のナドラガが闇落ちしたので祖神の護衛に役割を変えた。,"2026-07-27 13:06:19","2026-08-03 13:05:38"
1128,1128,土の祠の守護者,ツチノホコラノシュゴシャ,Tsuchinohokoranoshugosha,4,0,,https://xn--10-yg4a1a3kyh.jp/a_mon/../a_mon/dq10_monster_k_tsuchinohokoranoshugosha.html,/storage/images/monsters/1128.webp,カルサドラ火山の女神の祠にて光の神装を守護する番人。イルーシャの女神の依代たる資質を試すために戦った。,"種族神 土の神ワギが神話の時代に生みだした。実体や意識を持たず試練の時だけ姿を顕現させる。","2026-07-27 13:13:30","2026-08-03 12:09:04"
1129,1129,花の祠の守護者,ハナノホコラノシュゴシャ,Hananohokoranoshugosha,1,0,,https://xn--10-yg4a1a3kyh.jp/a_mon/../a_mon/dq10_monster_k_hananohokoranoshugosha.html,/storage/images/monsters/1129.webp,けがれの谷の女神の祠にて光の神装を守護する番人。イルーシャの女神の依代たる資質を試すために戦った。,"種族神 花の神ピナヘトが神話の時代に生みだした。作られて以来 稼働するのは今回が初めてであった。","2026-07-27 13:17:40","2026-07-29 12:20:40"
1130,1130,水の祠の守護者,ミズノホコラノシュゴシャ,Mizunohokoranoshugosha,9,0,,https://xn--10-yg4a1a3kyh.jp/a_mon/../a_mon/dq10_monster_k_mizunohokoranoshugosha.html,/storage/images/monsters/1130.webp,シエラ巡礼地の女神の祠にて光の神装を守護する番人。イルーシャの女神の依代たる資質を試すために戦った。,"種族神 水の神マリーヌが神話の時代に生みだした。封じられた邪神のチカラを抑制する役割も持つという。","2026-07-27 13:27:35","2026-07-29 12:20:40"
1131,1131,風の祠の守護者,カゼノホコラノシュゴシャ,Kazenohokoranoshugosha,11,0,,https://xn--10-yg4a1a3kyh.jp/a_mon/../a_mon/dq10_monster_k_kazenohokoranoshugosha.html,/storage/images/monsters/1131.webp,呪われた大地の女神の祠にて光の神装を守護する番人。イルーシャの女神の依代たる資質を試すために戦った。,"種族神 風の神エルドナが神話の時代に生みだした。守護者の姿は種族神たちの好みが反映されているらしい。","2026-07-27 12:56:47","2026-07-29 12:20:40"
1132,1132,邪神ヤファギル戒,ジャシンヤファギルカイ,Jashin'yafuagirukai,6,0,,https://xn--10-yg4a1a3kyh.jp/a_mon/../a_mon/dq10_monster_k_jashinyafagirukai.html,/storage/images/monsters/1132.webp,ジャゴヌバの心から生まれた禁忌を司る邪神。ルファ神殿の道を閉ざし妨害してきた。カラスの仮面を被っている。,ヤファギルが封じられた地はその怨念によって汚染され禁忌として畏れられる呪われた大地となった。,"2026-07-27 13:06:27","2026-07-29 12:20:40"
1133,1133,邪神ヤファギル断,ジャシンヤファギルダン,Jashin'yafuagirudan,6,0,,https://xn--10-yg4a1a3kyh.jp/a_mon/../a_mon/dq10_monster_k_jashinyafagirudan.html,/storage/images/monsters/1133.webp,ジャゴヌバの心から生まれた禁忌を司る邪神。ルファ神殿の道を閉ざし妨害してきた。シギの仮面を被っている。,結界や封印など敵の行動を妨害する能力に特化した邪神。三体分身の術はとっておきでつい自慢せずにはいられない。,"2026-07-27 13:06:30","2026-07-29 12:20:40"
1134,1134,邪神ヤファギル封,ジャシンヤファギルフウ,Jashin'yafuagirufuu,6,0,,https://xn--10-yg4a1a3kyh.jp/a_mon/../a_mon/dq10_monster_k_jashinyafagirufuu.html,/storage/images/monsters/1134.webp,ジャゴヌバの心から生まれた禁忌を司る邪神。ルファ神殿の道を閉ざし妨害してきた。ニワトリの仮面を被っている。,"エルフの神エルドナを倒すために生み出されたがエルドナとルティアナの共闘によって あえなく封印された。","2026-07-27 13:06:33","2026-07-29 12:20:40"
1135,1135,邪神ピュージュ,ジャシンピュージュ,Jashinpyuuju,1,0,,https://xn--10-yg4a1a3kyh.jp/a_mon/../a_mon/dq10_monster_k_jashimpyu-ju.html,/storage/images/monsters/1135.webp,"ジャゴヌバの心から生まれたすべてを嘲弄する道化の邪神。無数の分身体が集合すると真のチカラを 発揮できる。",プクリポの神ピナヘトを倒すために生み出されたがお互い真っ向勝負は性に合わず化かし合いに終始したらしい。,"2026-07-27 13:06:25","2026-07-29 12:20:40"
1136,1136,邪神ヴァニタトス,ジャシンヴァニタトス,Jashinvuanitatosu,10,0,,https://xn--10-yg4a1a3kyh.jp/a_mon/../a_mon/dq10_monster_k_jashimbanitatosu.html,/storage/images/monsters/1136.webp,"異界滅神ジャゴヌバの虚無なる心から生まれた邪神。女神の魂を喰らい その存在を世界から忘却させようとした。",人間の神グランゼニスに対抗し生みだされたこと以外は忘却の彼方に消え去ったようにすべてが謎に包まれている。,"2026-07-27 13:06:22","2026-07-29 12:20:40"
1137,1137,魔瘴魂ゼノドラゴン,マショウコンゼノドラゴン,Mashoukonzenodoragon,11,0,,https://xn--10-yg4a1a3kyh.jp/a_mon/../a_mon/dq10_monster_k_mashokonzenodoragon.html,/storage/images/monsters/1137.webp,覚醒したジャゴヌバの命令でザハディガル岩峰の魔瘴塚にとりついて魔瘴を放出しているドラゴンの姿をした魔瘴魂。,魔瘴塚の内部は魔界の地底まで伸びる長い管になっていて周囲の地盤から魔瘴をくみ上げ大魔瘴期を深刻化させている。,"2026-07-27 13:25:30","2026-07-29 12:20:40"
1138,1138,激憤の魔瘴竜,ゲキフンノマショウリュウ,Gekifunnomashouryuu,11,0,,https://xn--10-yg4a1a3kyh.jp/a_mon/../a_mon/dq10_monster_k_gekifunnomashoryuu.html,/storage/images/monsters/1138.webp,闇の根源の秘密に通じる魔仙卿を追い詰めるために放たれた魔瘴魂。無尽の怒りが凶悪な竜の姿で襲いかかる。,"なぜ魔瘴が生まれたのか？なぜ魔瘴が意思を持ったのか？その答えは 闇の根源が潜む魔界の地の底に眠っている。","2026-07-27 13:00:54","2026-07-29 12:20:40"
1139,1139,闇の根源の呪縛,ヤミノコンゲンノジュバク,Yaminokongennojubaku,14,0,,https://xn--10-yg4a1a3kyh.jp/a_mon/../a_mon/dq10_monster_k_yaminokongennojubaku.html,/storage/images/monsters/1139.webp,黄金の鎧の騎士の姿で現れた大いなる闇の根源の末端。血の鎖で縛られた契約を破り大切な家族をその手で救え！,"大いなる闇は 満足げに笑う。おそろしきものに成り果てたその者を家族だと言う貴様こそ真に おそろしきものだと。","2026-07-27 13:29:33","2026-08-03 13:05:38"
1140,1140,起源獣ガルドドン,キゲンジュウガルドドン,Kigenjuugarudodon,2,0,,https://xn--10-yg4a1a3kyh.jp/a_mon/../a_mon/dq10_monster_k_kigenjuugarudodon.html,/storage/images/monsters/1140.webp,神話時代から闇の眷属としてジャゴヌバに仕える古代魔族。魔祖ガルドが外法を用いて剛勇たる異形と化した姿。,"アストルティアを憎む魔物を大勢集めて戦わせ 生き残った数名を外法を施すに足る優秀な素材として選抜した。","2026-07-27 12:57:38","2026-08-03 12:10:41"
1141,1141,起源将ジェルザーク,キゲンショウジェルザーク,Kigenshoujeruzaaku,8,0,,https://xn--10-yg4a1a3kyh.jp/a_mon/../a_mon/dq10_monster_k_kigenjuuruza-ku.html,/storage/images/monsters/1141.webp,神話時代から闇の眷属としてジャゴヌバに仕える古代魔族。魔祖ザークが外法を用いて灼熱を宿す異形と化した姿。,"責任者をわかりやすくするため魔祖の血族たちは それぞれに外法を施した魔祖の名前から一部をもらって名づけられた。","2026-07-27 12:57:41","2026-07-29 12:20:40"
1142,1142,起源魔スコルパイド,キゲンマスコルパイド,Kigenmasukorupaido,5,0,,https://xn--10-yg4a1a3kyh.jp/a_mon/../a_mon/dq10_monster_k_kigenjuusukorupaido.html,/storage/images/monsters/1142.webp,神話時代から闇の眷属としてジャゴヌバに仕える古代魔族。魔祖スコルが外法を用いて甲殻を持つ異形と化した姿。,かつて魔祖は7人いた。中でも紅一点の魔祖シュナは最凶の異形を生みだしたが代償に魂が消滅したという。,"2026-07-27 12:57:44","2026-07-29 12:20:40"
1143,1143,起源鎧デルメゼ,キゲンガイデルメゼ,Kigengaiderumeze,12,0,,https://xn--10-yg4a1a3kyh.jp/a_mon/../a_mon/dq10_monster_k_kigengaiderumeze.html,/storage/images/monsters/1143.webp,神話時代から闇の眷属としてジャゴヌバに仕える古代魔族。魔祖メゼが外法を用いて迅雷を宿す異形と化した姿。,愛するシュナを失って以後メゼの心は急速に闇に侵食され妻の忘れ形見を守るのに執心しとうとう外法に手を染めた。,"2026-07-27 12:57:36","2026-07-29 12:20:40"
1144,1144,大魔王ユシュカ,ダイマオウユシュカ,Daimaouyushuka,11,0,,https://xn--10-yg4a1a3kyh.jp/a_mon/../a_mon/dq10_monster_k_daimaoyushuka.html,/storage/images/monsters/1144.webp,闇の根源のチカラをそそがれ支配欲におぼれた傲慢な邪竜。闇の魔力で魔剣アストロンの幻影を出現させ敵を斬り刻む。,大魔王になったら火を吹く竜に変身してヒゲも立派に伸びる！そう力説する赤毛の少年に呆れる幼なじみがいたとか。,"2026-07-27 13:12:37","2026-07-29 12:20:40"
1145,1145,異界滅神ジャゴヌバ,イカイメツシンジャゴヌバ,Ikaimetsushinjagonuba,14,0,,https://xn--10-yg4a1a3kyh.jp/a_mon/../a_mon/dq10_monster_k_ikaimesshinjagonuba.html,/storage/images/monsters/1145.webp,大いなる闇の根源と呼ばれる全ての魔瘴を生みだせし存在。アストルティアに降りかかった数多の悲劇の元凶である。,"神話の昔 はるか彼方より飛来したという未知の存在が女神のチカラを吸収して変異。異界滅神が誕生したという。","2026-07-27 12:53:45","2026-08-03 13:05:38"
1146,1146,絶対滅神ジャゴヌバ,ゼッタイメツシンジャゴヌバ,Zettaimetsushinjagonuba,14,0,,https://xn--10-yg4a1a3kyh.jp/a_mon/../a_mon/dq10_monster_k_zettaimesshinjagonuba.html,/storage/images/monsters/1146.webp,女神の光さえ飲みくだしあまねくものを支配することで絶対の存在となった滅びの神。その闇の深淵は底知れない。,達したと思われた協調の真髄は真の協調の前に敗れ去った。神話時代からの悠久の戦いにかくして幕が下ろされた。,"2026-07-27 13:10:27","2026-08-03 13:05:38"
1147,1147,暗黒の手,アンコクノテ,Ankokunote,14,0,,https://xn--10-yg4a1a3kyh.jp/a_mon/../a_mon/dq10_monster_k_ankokunote.html,/storage/images/monsters/1147.webp,ジャゴヌバのどん欲な想念が具現化した求め欲するもの。大いなる闇の根源の象徴として様々な場面で暴れまわった。,大魔王選出の儀のときは求める者が魔族化していたためわずかに反応を示しつつも判別できなかったらしい。,"2026-07-27 12:52:58","2026-08-03 13:05:38"
1148,1148,儀礼の評定者,ギレイノヒョウテイシャ,Gireinohyouteisha,4,0,,https://xn--10-yg4a1a3kyh.jp/a_mon/../a_mon/dq10_monster_k_gireinohyoteisha.html,/storage/images/monsters/1148.webp,戦士の儀礼場にて白灰の試練に挑む英雄を待ち受ける最後の関門として審判の天使が配備した精霊。,儀礼の評定者は挑む英雄にふさわしい強さに変化する。次なる英雄の前に現れしときいかなる姿と技を見せるのか？,"2026-07-27 12:59:27","2026-08-03 12:09:04"
1149,1149,厄魔ポヴァディウス,ヤクマポヴァディウス,Yakumapovuadeiusu,10,0,,https://xn--10-yg4a1a3kyh.jp/a_mon/../a_mon/dq10_monster_k_yakumapobadiusu.html,/storage/images/monsters/1149.webp,世の金持ちという金持ちにはげしい恨みを抱く悪魔。憎悪の風を巻き起こし財産を根こそぎ奪っていく。,犠牲者を震えあがらせるため威厳のある話し方を一生懸命練習した。油断すると素が出るらしい。,"2026-07-27 13:29:14","2026-07-29 12:20:40"
1150,1150,祭壇の狩人,サイダンノカリュウド,Saidannokaryuudo,3,0,,https://xn--10-yg4a1a3kyh.jp/a_mon/../a_mon/dq10_monster_k_saidannokariudo.html,/storage/images/monsters/1150.webp,命脈の神殿の最奥にある祭壇で深翠の試練に挑むタマゴの資質を試す二体の神獣の一方。戦う時は常に二体で連携する。,じつは自らもタマゴ出身で祭壇の守人と同じタマゴから生まれた。ずっと一緒なのでひとりの時間がほしいらしい。,"2026-07-27 13:03:23","2026-07-29 12:20:40"
1151,1151,祭壇の守人,サイダンノモリト,Saidannomorito,3,0,,https://xn--10-yg4a1a3kyh.jp/a_mon/../a_mon/dq10_monster_k_saidannomoribito.html,/storage/images/monsters/1151.webp,命脈の神殿の最奥にある祭壇で深翠の試練に挑むタマゴの資質を試す二体の神獣の一方。戦う時は常に二体で連携する。,じつは自らもタマゴ出身で試練に挑むタマゴを兄弟と感じ愛おしく思っている。とはいえ試練に私情は挟まない。,"2026-07-27 13:03:26","2026-07-29 12:20:40"
1152,1152,暴走したコウリン,ボウソウシタコウリン,Bousoushitakourin,2,0,,https://xn--10-yg4a1a3kyh.jp/a_mon/../a_mon/dq10_monster_k_bososhitakorin.html,/storage/images/monsters/1152.webp,深翠の試練のタマゴから生まれた神獣だが何者かの企てにより悪しきチカラが暴走し我を失ってしまった。,ハクオウへの憧れの気持ちが裏返しとなって暴走しハクオウを執拗に狙う。だが本心ではお父さん大好き。,"2026-07-27 13:23:48","2026-08-03 12:10:41"
1153,1153,ハングリーハンター,ハングリーハンター,Hanguriihantaa,2,0,,https://xn--10-yg4a1a3kyh.jp/a_mon/../a_mon/dq10_monster_k_hanguri-hanta-.html,/storage/images/monsters/1153.webp,紺碧の試練場に生息する獰猛な魔物。常に腹ペコでナワバリに立ち入った者には容赦なく襲いかかる。,英雄の強さを重視するカンティス好みの魔物。彼のことは群れのリーダーと認識しており絶対服従。,"2026-07-27 13:19:08","2026-08-03 12:10:41"
1154,1154,ホーリーキング,ホーリーキング,Hooriikingu,1,0,,https://xn--10-yg4a1a3kyh.jp/a_mon/../a_mon/dq10_monster_k_ho-ri-kingu.html,/storage/images/monsters/1154.webp,紺碧の試練の守り人をつとめる天星郷でも指折りの実力者。英雄たちの強さを試すため公明正大に勝負を挑む。,オフの日はスライムに分裂してカンティスの家で過ごす。よく夜ふかしやイタズラをして家主に怒られるヤンチャぶり。,"2026-07-27 13:24:16","2026-07-29 12:20:40"
1155,1155,汚染源ヘドロヌーバ,オセンゲンヘドロヌーバ,Osengenhedoronuuba,7,0,,https://xn--10-yg4a1a3kyh.jp/a_mon/../a_mon/dq10_monster_k_osengenhedoronu-ba.html,/storage/images/monsters/1155.webp,"何者かにより脈動する鉱石を埋め込まれケタ違いの強さを持つに至ったドロヌーバ。その時 身体の色も変化した。",きれいな水を汚染させることに無上の喜びを感じる迷惑者。通常ドロヌーバより水分豊富で日照りに強いのも小憎らしい。,"2026-07-27 12:55:44","2026-07-29 12:20:40"
1156,1156,ラダ・ガート,ラダ・ガート,"Rada Gaato",14,0,,https://xn--10-yg4a1a3kyh.jp/a_mon/../a_mon/dq10_monster_k_radaga-to.html,/storage/images/monsters/1156.webp,"神化の儀に臨み 神のチカラを手に入れたラダ・ガート。しかし その人格は悪に染まりすっかり ゆがんでいた……。","導きの天使の誘いに乗って英雄として試練に挑んだが天使たちの不遜な態度には終始 憤りを感じていた。","2026-07-27 13:31:51","2026-08-03 13:05:38"
1157,1157,悪神ラダ・ガート,アクジンラダ・ガート,"Akujinrada Gaato",14,0,,https://xn--10-yg4a1a3kyh.jp/a_mon/../a_mon/dq10_monster_k_akushinradaga-to.html,/storage/images/monsters/1157.webp,神のチカラを使い異形の姿に変身したラダ・ガート。天使への反感が無限に増大して天星郷を滅ぼせと駆り立てる。,生前の悔恨を刺激し悪意を増幅させる黒い炎が燃え盛り理性の歯止めすら効かずラダ・ガートは屈服した……。,"2026-07-27 12:51:28","2026-08-03 13:05:38"
1158,1158,"悪神 三闘士",アクジンサントウシ,Akujinsantoushi,14,0,,https://xn--10-yg4a1a3kyh.jp/a_mon/../a_mon/dq10_monster_k_akushinsantoshi.html,/storage/images/monsters/1158.webp,"悪神の火種が過去の心の傷にとりつき 暴走した三闘士。民を想う気持ちがねじ曲げられ憤怒の神へと変化した。","カルサドラ火山の三闘士像は設計者が もっと大きく！強そうに！と暴走した結果あのデザインになったらしい。","2026-07-27 12:51:23","2026-08-03 13:05:38"
1159,1159,ハクオウ,ハクオウ,Hakuou,14,0,,https://xn--10-yg4a1a3kyh.jp/a_mon/../a_mon/dq10_monster_k_hakuo.html,/storage/images/monsters/1159.webp,"悪神の火種が過去の心の傷にとりつき 暴走したハクオウ。悲しみに我を忘れ エルドナ大陸を 滅ぼそうとしている。","理性を失ったことで世界一とうたわれた剣技はさらに鋭さを増し 対峙するだけで背筋が凍る闘気を放つ。","2026-07-27 13:16:53","2026-08-03 13:05:38"
1160,1160,災厄の王の幻影,サイヤクノオウノゲンエイ,Saiyakunoounogen'ei,14,0,,https://xn--10-yg4a1a3kyh.jp/a_mon/../a_mon/dq10_monster_k_saiyakunonogenei.html,/storage/images/monsters/1160.webp,"災厄の王との戦いで落命したハクオウがその絶望の記憶から生み出した幻影。執拗にハクオウを狙い つきまとう。","悪神となったハクオウのチカラで 本物の災厄の王よりさらに邪悪で強大な存在としてマガツカゼと共に蘇った。","2026-07-27 13:03:31","2026-08-03 13:05:38"
1161,1161,熱空の支配者,ネックウノシハイシャ,Nekkuunoshihaisha,6,0,,https://xn--10-yg4a1a3kyh.jp/a_mon/../a_mon/dq10_monster_k_nekkuunoshihaisha.html,/storage/images/monsters/1161.webp,ケラコーナ原生林の空を支配する怪鳥。貴金属を好み巣に貯めこんでいる。侵入者はもちろん許さない。,"お宝を期待して 頑丈な鉄箱を奪ったが開けられなかった。中身が歴史書だと知ったらさぞ落胆したことだろう。","2026-07-27 13:15:59","2026-07-29 12:20:40"
1162,1162,悪神リナーシェ,アクジンリナーシェ,Akujinrinaashe,14,0,,https://xn--10-yg4a1a3kyh.jp/a_mon/../a_mon/dq10_monster_k_akushinrina-.html,/storage/images/monsters/1162.webp,"始源の歌姫リナーシェが呪いにより悪神と化した姿。召喚して打ち放つのは かつて己の腹を貫いた婚約者の剣。",政略結婚の相手は聡明で情熱的な男だった。彼を信じ愛そうとした女は絶望の底にはいつくばって生涯を終えた。,"2026-07-27 12:51:31","2026-08-03 13:05:38"
1163,1163,呪炎の傀儡,ジュエンノカイライ,Juennokairai,14,0,,https://xn--10-yg4a1a3kyh.jp/a_mon/../a_mon/dq10_monster_k_juennokairai.html,/storage/images/monsters/1163.webp,悪神の火種を取り込んだ審判の天使ヘルヴェル。姉と慕ってくる天使さえも無価値と断じ呪炎を燃やす。,英雄ではないヘルヴェルは呪炎を取り込んでも悪神となる素質を持たないため異形の怪物に成り果てた。,"2026-07-27 13:07:18","2026-08-03 13:05:38"
1164,1164,勇者アシュレイ,ユウシャアシュレイ,Yuushaashurei,14,0,,https://xn--10-yg4a1a3kyh.jp/a_mon/../a_mon/dq10_monster_k_yuushaashurei.html,/storage/images/monsters/1164.webp,"悪神の火種にとりつかれても暴走せず 逆にそのチカラを使いこなしたアシュレイ。神剣の一撃にも屈さなかった。",初代勇者として生まれ育ち大魔王ゴダを打倒するが同時に弟や師を失ったことが心に深い影を落としている。,"2026-07-27 13:30:02","2026-08-03 13:05:38"
1165,1165,悪神アシュレイ,アクジンアシュレイ,Akujin'ashurei,14,0,,https://xn--10-yg4a1a3kyh.jp/a_mon/../a_mon/dq10_monster_k_akushinashurei.html,/storage/images/monsters/1165.webp,初代勇者アシュレイが呪炎に飲み込まれて悪神と化した姿。レオーネに対する強い罪悪感が呪炎の侵食で暴走した。,ゼドラ王国の国王となったが反乱の火種を見過ごして国家分裂の危機を招くなど王としての資質に欠けていた。,"2026-07-27 12:51:20","2026-08-03 13:05:38"
1166,1166,悪神の右手,アクジンノミギテ,Akujinnomigite,14,0,,https://xn--10-yg4a1a3kyh.jp/a_mon/../a_mon/dq10_monster_k_akushinnomigite.html,/storage/images/monsters/1166.webp,中心核のエネルギーを奪うためレオーネにより生み出された。悪神の火種を埋め込まれ膨大なキャパシティを持つ。,吸収したエネルギーを蓄積し大爆発を起こす能力を持つ。その威力は神の秘宝さえも破壊してしまうほどだ。,"2026-07-27 12:51:25","2026-08-03 13:05:38"
1167,1167,ジア・ルミナ,ジア・ルミナ,"Jia Rumina",12,0,,https://xn--10-yg4a1a3kyh.jp/a_mon/../a_mon/dq10_monster_k_jiarumina.html,/storage/images/monsters/1167.webp,ジア・クト念晶体の先兵として現れた女性型の鉱物生命体。不遜な態度と奇妙な言葉遣いでただならぬ存在感を漂わせる。,大半のジア・クト念晶体が後天的に鉱物化するのに対し生粋のジア・クトのことは偉大なる原石と称される。,"2026-07-27 13:04:44","2026-07-29 12:20:40"
1168,1168,パワーストーンマン,パワーストーンマン,Pawaasutoonman,12,0,,https://xn--10-yg4a1a3kyh.jp/a_mon/../a_mon/dq10_monster_k_pawa-suto-mman.html,/storage/images/monsters/1168.webp,天使長ミトラーのチカラを取り込みパワーアップしたストーンマン。聖なる拳であらゆるものを粉砕する。,"目立ちたいという彼の夢を天使のチカラでかなえたからか変身した姿は やたらと煌びやかでゴージャスだった。","2026-07-27 13:19:00","2026-07-29 12:20:40"
1169,1169,ジア・ロダ,ジア・ロダ,"Jia Roda",12,0,,https://xn--10-yg4a1a3kyh.jp/a_mon/../a_mon/dq10_monster_k_jiaroda.html,/storage/images/monsters/1169.webp,銀色に輝く硬質なボディを持つ鉱物生命体ジア・クトの眷属。ジア・ルミナの命令を受けあまたの生命を粉砕してきた。,"忠犬のように ジア・ルミナについて回り 命令にしたがうが当のジア・ルミナにとってはただの番犬に過ぎない。","2026-07-27 13:04:52","2026-07-29 12:20:40"
1170,1170,ジア・ルダ,ジア・ルダ,"Jia Ruda",12,0,,https://xn--10-yg4a1a3kyh.jp/a_mon/../a_mon/dq10_monster_k_jiaruda.html,/storage/images/monsters/1170.webp,黒色に輝く硬質なボディを持つ鉱物生命体ジア・クトの眷属。ジア・ルミナの命令を受けあまたの生命を粉砕してきた。,"ジア・ロダとは共に行動しているようだが ジア・クトにつがいという意識があるのかは不明である。","2026-07-27 13:04:41","2026-07-29 12:20:40"
1171,1171,ジア・レオーネ,ジア・レオーネ,"Jia Reoone",12,0,,https://xn--10-yg4a1a3kyh.jp/a_mon/../a_mon/dq10_monster_k_jiareo-ne.html,/storage/images/monsters/1171.webp,"ジア・ルミナのコアを飲み込んだことで 完全なるジア・クト念晶体として生まれ変わった レオーネ。","人類にもジア・クトにも絶望し自身のチカラだけで すべてを無に帰するために誕生したレオーネの破壊衝動の化身。","2026-07-27 13:04:47","2026-07-29 12:20:40"
1172,1172,ジア・ルーベ,ジア・ルーベ,"Jia Ruube",12,0,,https://xn--10-yg4a1a3kyh.jp/a_mon/../a_mon/dq10_monster_k_jiaru-be.html,/storage/images/monsters/1172.webp,ジア・クト念晶体の幹部として現れた少女型の鉱物生命体。炎のように感情をたかぶらせ本能のままに敵を焼き尽くす。,ケノスの念晶体を削りとってサフィルと同時に創られた。同じ原石であるルミナよりも美しい欠片を素にしたという。,"2026-07-27 13:04:39","2026-07-29 12:20:40"
1173,1173,ジア・サフィル,ジア・サフィル,"Jia Safyiru",12,0,,https://xn--10-yg4a1a3kyh.jp/a_mon/../a_mon/dq10_monster_k_jiasafiru.html,/storage/images/monsters/1173.webp,ジア・クト念晶体の幹部として現れた少年型の鉱物生命体。氷のように心を凍てつかせ冷酷無比に敵を責めさいなむ。,ジア・クトの奇妙な言葉遣いは思考法の違いによるらしい。サフィルは理性を失った時だけ言葉遣いが元に戻ってしまう。,"2026-07-27 13:04:28","2026-07-29 12:20:40"
1174,1174,邪精霊マガツカゼ,ジャセイレイマガツカゼ,Jaseireimagatsukaze,3,0,,https://xn--10-yg4a1a3kyh.jp/a_mon/../a_mon/dq10_monster_k_jaseireimagatsukaze.html,/storage/images/monsters/1174.webp,創生のチカラが偏って生まれたよこしまな精霊。けがれた風をあやつって災いを引き起こし悪意をもって命を奪い去る。,ヤマカミヌ王国に吹き荒れた暴風マガツカゼも人の絶望が創生のチカラに作用して具現化したものだという。,"2026-07-27 13:06:35","2026-07-29 12:20:40"
1175,1175,暁天竜ランビリズマ,ギョウテンリュウランビリズマ,Gyoutenryuuranbirizuma,11,0,,https://xn--10-yg4a1a3kyh.jp/a_mon/../a_mon/dq10_monster_k_gyotenryuurambirizuma.html,/storage/images/monsters/1175.webp,混沌に息づく竜たちの闘争心に反応した創生のチカラが海の底に蓄積して生まれたとてつもなく凶暴なドラゴン。,あとほんの少し創生のチカラをたくわえたら大津波を起こして大地ごとドラゴン族を滅ぼしナドラガすら喰らう気だった。,"2026-07-27 12:59:00","2026-07-29 12:20:40"
1176,1176,ジア・クルヴィダ,ジア・クルヴィダ,"Jia Kuruvyida",12,0,,https://xn--10-yg4a1a3kyh.jp/a_mon/../a_mon/dq10_monster_k_jiakurubida.html,/storage/images/monsters/1176.webp,ケノスの手で念晶体の構造を作り変えられたジア・ルーベとジア・サフィルが結合した姿。炎と氷の合体技を華麗に放つ。,ふたりは王の愛であり叡智だとケノスに刻み付けられてきたが互いを大切に思う気持ちだけは誰の支配も受けていない。,"2026-07-27 13:04:23","2026-07-29 12:20:40"
1177,1177,神授の判定者,シンジュノハンテイシャ,Shinjunohanteisha,2,0,,https://xn--10-yg4a1a3kyh.jp/a_mon/../a_mon/dq10_monster_k_shinjunohanteisha.html,/storage/images/monsters/1177.webp,創世の女神により生み出された試練をつかさどる聖なる獣。荒ぶるチカラを使いこなせるか否かを見極める役目を担う。,力量が基準に達していなければ鬼神のごとく戦い続ける。逆に力量があると認めれば即座に剣を収めるという。,"2026-07-27 13:08:47","2026-08-03 12:10:41"
1178,1178,念晶巨人,ネンショウキョジン,Nenshoukyojin,12,0,,https://xn--10-yg4a1a3kyh.jp/a_mon/../a_mon/dq10_monster_k_nenshokyojin.html,/storage/images/monsters/1178.webp,ジア・クト念晶体が製造した創生のチカラを奪取するための超兵器。奪取したチカラは魔眼の月に伝送される。,ジア・クト念晶体原石の1体が念晶巨人をあやつっていた。操縦席は腹部を構成する核の奥深くに位置している。,"2026-07-27 13:16:10","2026-07-29 12:20:40"
1179,1179,ジア・エイプ,ジア・エイプ,"Jia Eipu",2,0,,https://xn--10-yg4a1a3kyh.jp/a_mon/../a_mon/dq10_monster_k_jiaeipu.html,/storage/images/monsters/1179.webp,"ジア・クトの放つ結晶化の光に適応した シルバーデビル。元の魔物を はるかに凌駕する能力と凶暴性で 襲ってくる。","シルバーデビルからゴールドデビルになったとよろこんだが 与えられたのはジア・クトとしての名だった。","2026-07-27 13:04:12","2026-08-03 12:10:41"
1180,1180,ジア・ドラゴ,ジア・ドラゴ,"Jia Dorago",12,0,,https://xn--10-yg4a1a3kyh.jp/a_mon/../a_mon/dq10_monster_k_jiadorago.html,/storage/images/monsters/1180.webp,"ジア・クトの放つ結晶化の光に適応した ドラゴンライダー。元の魔物を はるかに凌駕する能力と凶暴性で 襲ってくる。",愛竜から過酷なダイエットを迫られていたが念晶体となり体重の変化がなくなったためダイエットからも解放された。,"2026-07-27 13:04:31","2026-07-29 12:20:40"
1181,1181,ジア・ゲイナス,ジア・ゲイナス,"Jia Geinasu",12,0,,https://xn--10-yg4a1a3kyh.jp/a_mon/../a_mon/dq10_monster_k_jiageinasu.html,/storage/images/monsters/1181.webp,"ジア・クトの放つ結晶化の光に適応した セルゲイナス。元の魔物を はるかに凌駕する能力と凶暴性で 襲ってくる。","ナスビナーラから進化したとの風説を否定したいがため 己は生粋のジア・クトであるとのマインドセットに余念がない。","2026-07-27 13:04:25","2026-07-29 12:20:40"
1182,1182,ジア・ロック,ジア・ロック,"Jia Rokku",12,0,,https://xn--10-yg4a1a3kyh.jp/a_mon/../a_mon/dq10_monster_k_jiarokku.html,/storage/images/monsters/1182.webp,爆撃の精度を上げるため知性を与えられた自律式の爆弾。その見た目は奇しくもばくだんいわに似ていた。,自爆により敵を道連れにすれば偉大なる原石として新生できると信じておりためらいなく命令に従う。,"2026-07-27 13:04:55","2026-07-29 12:20:40"
1183,1183,いにしえの廃棄物,イニシエノハイキブツ,Inishienohaikibutsu,7,0,,https://xn--10-yg4a1a3kyh.jp/a_mon/../a_mon/dq10_monster_k_inishienohaikibutsu.html,/storage/images/monsters/1183.webp,"大昔 天星郷の浮島が墜落しそのエネルギー源だった中心核から漏れ出た残滓がこり固まって魔物と化した。","今は廃棄物と呼ばれているがいつの日か超新星のごとく輝く日が来ると信じ こつこつエネルギーを蓄えていた。","2026-07-27 12:54:12","2026-07-29 12:20:40"
1184,1184,ラダ・ガートフェイク,ラダ・ガートフェイク,"Rada Gaatofyeiku",12,0,,https://xn--10-yg4a1a3kyh.jp/a_mon/../a_mon/dq10_monster_k_radaga-tofeiku.html,/storage/images/monsters/1184.webp,これまでの英雄たちとの戦いで収集されたデータをもとにジア・ネブラによって生みだされた偽りの存在。,ラダ・ガートの圧倒的戦力を再現した赤の鉱石戦士。ジア・ネブラは強そうな敵を模造することを楽しんでいた。,"2026-07-27 13:31:54","2026-07-29 12:20:40"
1185,1185,ハクオウフェイク,ハクオウフェイク,Hakuoufyeiku,12,0,,https://xn--10-yg4a1a3kyh.jp/a_mon/../a_mon/dq10_monster_k_hakuofeiku.html,/storage/images/monsters/1185.webp,これまでの英雄たちとの戦いで収集されたデータをもとにジア・ネブラによって生みだされた偽りの存在。,ハクオウの卓越した剣技を再現した紫の鉱石戦士。その斬撃の鋭さは本物に勝るとも劣らないものだった。,"2026-07-27 13:16:56","2026-07-29 12:20:40"
1186,1186,アシュレイフェイク,アシュレイフェイク,Ashureifyeiku,12,0,,https://xn--10-yg4a1a3kyh.jp/a_mon/../a_mon/dq10_monster_k_ashureifeiku.html,/storage/images/monsters/1186.webp,これまでの英雄たちとの戦いで収集されたデータをもとにジア・ネブラによって生みだされた偽りの存在。,アシュレイの勇者パワーを再現した緑の鉱石戦士。どうやらジア・ネブラは剣士を好む傾向があったらしい。,"2026-07-27 12:52:12","2026-07-29 12:20:40"
1187,1187,レオーネフェイク,レオーネフェイク,Reoonefyeiku,12,0,,https://xn--10-yg4a1a3kyh.jp/a_mon/../a_mon/dq10_monster_k_reo-nefeiku.html,/storage/images/monsters/1187.webp,これまでの英雄たちとの戦いで収集されたデータをもとにジア・ネブラによって生みだされた偽りの存在。,レオーネの盟友パワーを再現した黄の鉱石戦士。ジア化した姿でなく人の姿を模造したのは悪意か憐れみか。,"2026-07-27 13:32:53","2026-07-29 12:20:40"
1188,1188,ユーライザフェイク,ユーライザフェイク,Yuuraizafyeiku,12,0,,https://xn--10-yg4a1a3kyh.jp/a_mon/../a_mon/dq10_monster_k_yu-raizafeiku.html,/storage/images/monsters/1188.webp,これまでの英雄たちとの戦いで収集されたデータをもとにジア・ネブラによって生みだされた偽りの存在。,ユーライザの天使の輝きを再現した白の鉱石戦士。天使の翼を再現するのにはジア・ネブラも苦戦した模様。,"2026-07-27 13:30:10","2026-07-29 12:20:40"
1189,1189,ジア・クトＸＸ,ジア・クトエックスエックス,"Jia Kutoekkusuekkusu",12,0,,https://xn--10-yg4a1a3kyh.jp/a_mon/../a_mon/dq10_monster_k_jiakutoekkusuekkusu.html,/storage/images/monsters/1189.webp,"女性型のジア・クト念晶体。鍛錬を繰り返し 来光筒の光を浴びれば 偉大なる原石に進化できると信じている。",偉大なる原石か否かは誕生時に決定されるので鍛錬で進化できるというのはジア・ネブラの虚言である。,"2026-07-27 13:04:17","2026-07-29 12:20:40"
1190,1190,ジア・クトＸＹ,ジア・クトエックスワイ,"Jia Kutoekkusuwai",12,0,,https://xn--10-yg4a1a3kyh.jp/a_mon/../a_mon/dq10_monster_k_jiakutoekkusuwai.html,/storage/images/monsters/1190.webp,"男性型のジア・クト念晶体。鍛錬を繰り返し 来光筒の光を浴びれば 偉大なる原石に進化できると信じている。","偉大なる原石に進化するのはデマカセだが 来光筒の光を浴びることで日々の錬磨による損傷は完全回復している。","2026-07-27 13:04:20","2026-07-29 12:20:40"
1191,1191,ジア・ネブラ,ジア・ネブラ,"Jia Nebura",12,0,,https://xn--10-yg4a1a3kyh.jp/a_mon/../a_mon/dq10_monster_k_jianebura.html,/storage/images/monsters/1191.webp,魔眼の月の要塞司令官として侵入者の排除に尽力した。ケノスに次ぐ地位を利用し魔眼の月で権勢を誇っていた。,"念晶巨人を破壊されたことを内心恨んでおり 英雄たちに復讐すべく 魔眼の月の内部に陰湿なワナを張り巡らせた。","2026-07-27 13:04:33","2026-07-29 12:20:40"
1192,1192,ジア・レド・ゲノス,ジア・レド・ゲノス,"Jia Redo Genosu",12,0,,https://xn--10-yg4a1a3kyh.jp/a_mon/../a_mon/dq10_monster_k_jiaredogenosu.html,/storage/images/monsters/1192.webp,"魔眼の月の玉座に鎮座するジア・クト念晶体の首領。万象の王を自称し数多の世界を結晶化させ 侵略してきた。",ジア・クト念晶体という種族の存続を至上の命題としておりそのためにはあらゆる犠牲をいとわない鋼の精神の持ち主。,"2026-07-27 13:04:49","2026-07-29 12:20:40"
1193,1193,ジア・メルド・ゲノス,ジア・メルド・ゲノス,"Jia Merudo Genosu",12,0,,https://xn--10-yg4a1a3kyh.jp/a_mon/../a_mon/dq10_monster_k_jiamerudogenosu.html,/storage/images/monsters/1193.webp,ジア・レド・ゲノスがメルド結晶化した究極の姿。魔眼の月の核と融合することでメルド結晶に変換されるのだ。,かつてはジア・クト念晶体も他種族から創生のチカラを奪うことなく自ら生みだした。種族の運命は突如変転した。,"2026-07-27 13:04:36","2026-07-29 12:20:40"
1194,1194,エステラ,エステラ,Esutera,14,0,,https://xn--10-yg4a1a3kyh.jp/a_mon/../a_mon/dq10_monster_k_esutera.html,/storage/images/monsters/1194.webp,人形師エドアルドに作られたエステラを模した人形。本人を精巧に再現しているが竜への変形は実装していない。,エドアルドは人形作りのためエステラたちが町に来てから彼女らの一挙手一投足を事細かに観察していたらしい。,"2026-07-27 12:54:57","2026-08-03 13:05:38"
1195,1195,ナブレット団長,ナブレットダンチョウ,Naburettodanchou,14,0,,https://xn--10-yg4a1a3kyh.jp/a_mon/../a_mon/dq10_monster_k_naburettodancho.html,/storage/images/monsters/1195.webp,人形師エドアルドに作られたナブレット団長を模した人形。モフモフフワフワのプク毛も完全再現のこだわりの一品。,人形が襲いかかってきた際ナブレットたちの声で話していたのもエドアルド。声帯模写もお手のもの！,"2026-07-27 13:15:54","2026-08-03 13:05:38"
1196,1196,嘆きのロベール,ナゲキノロベール,Nagekinorobeeru,10,0,,https://xn--10-yg4a1a3kyh.jp/a_mon/../a_mon/dq10_monster_k_nagekinorobe-ru.html,/storage/images/monsters/1196.webp,精霊の泉で遭遇した謎の亡霊。いつも何かを嘆いておりその声を聞くと怨念にあてられ気分が悪くなってしまう。,かつては彼も人間だった。世界を襲った大災害によって幸せだった人生を歪められ己の不運を嘆いている。,"2026-07-27 13:15:38","2026-07-29 12:20:40"
1197,1197,なぞの黒騎士,ナゾノクロキシ,Nazonokurokishi,14,0,,https://xn--10-yg4a1a3kyh.jp/a_mon/../a_mon/dq10_monster_k_nazonokurokishi.html,/storage/images/monsters/1197.webp,"夜営中に現れ 戦いを挑んできた なぞの黒騎士。黒い鎧から くりだされる槍術は神業の域。",来訪者たちが怪しい者ではないと早々に気付いていたが自分に匹敵する武の達人との勝負が楽しかったと後に語る。,"2026-07-27 13:15:41","2026-08-03 13:05:38"
1198,1198,フーラズーラ,フーラズーラ,Fluzula,7,0,,https://draquex.com/monster/h-178.php,/storage/images/monsters/1198.webp,"音もなく突如現れては人を食う なぞの化け物。黒槍以外の攻撃は効かないと言われているが……。",堅牢な城はゼニアスの人々には奇跡のような安住の地だがフーラズーラにとってはエサの養殖場に等しい。,"2026-03-12 19:51:03","2026-07-29 12:20:40"
1199,1199,アズ・フーラズーラ,アズ・フーラズーラ,"Azu Fuurazuura",7,0,,https://xn--10-yg4a1a3kyh.jp/a_mon/../a_mon/dq10_monster_k_azufu-razu-ra.html,/storage/images/monsters/1199.webp,大量のフーラズーラを引き連れアマラーク王国を襲撃した巨大なフーラズーラ。幾人もの命を奪った大喰らいである。,"タスケテという言葉を残して消えた巨大なフーラズーラ。歴史上 言葉を話す個体が観測されたことはないようだ。","2026-07-27 12:52:15","2026-07-29 12:20:40"
1200,1200,眠りのフクロウ,ネムリノフクロウ,Nemurinofukurou,6,0,,https://xn--10-yg4a1a3kyh.jp/a_mon/../a_mon/dq10_monster_k_nemurinofukuro.html,/storage/images/monsters/1200.webp,赤く光る触角が特徴的な巨大な白いフクロウ。その不気味な鳴き声で聴く者を醒めない眠りへといざなう。,"複数体でいると鳴き声をパート分けし 歌うらしいが聴いた者は眠ってしまうため最後まで歌えたことがない。","2026-07-27 13:16:02","2026-07-29 12:20:40"
1201,1201,永眠のフクロウ魔人,エイミンノフクロウマジン,Eiminnofukuroumajin,6,0,,https://xn--10-yg4a1a3kyh.jp/a_mon/../a_mon/dq10_monster_k_eiminnofukuromajin.html,/storage/images/monsters/1201.webp,"宵の神殿の番人。眠りのフクロウを生み出しメネト村の住人の眠りを長い間 維持していた。",眠りのフクロウたちとホーホー合唱団を結成しておりヒマな時は宵の神殿で発表会を開催していたらしい。,"2026-07-27 12:54:49","2026-07-29 12:20:40"
1202,1202,鳥籠の番人,トリカゴノバンニン,Torikagonobannin,8,0,,https://xn--10-yg4a1a3kyh.jp/a_mon/../a_mon/dq10_monster_k_torikagonobannin.html,/storage/images/monsters/1202.webp,大樹の鳥籠に女神ゼネシアを封じていた謎めいた魔物。ウォルド地方を閉ざしていた存在との関係は不明である。,鳥籠の番人を命じられる前は現在とは異なる姿だったはず。かすかな記憶がそう教えるが昔の自分は思いだせない。,"2026-07-27 13:15:21","2026-07-29 12:20:40"
1203,1203,ラキ,ラキ,Raki,14,0,,https://xn--10-yg4a1a3kyh.jp/a_mon/../a_mon/dq10_monster_k_raki.html,/storage/images/monsters/1203.webp,女神ゼネシアをねえさまと呼ぶ神出鬼没の不思議な少年。ウォルドの聖簾を閉ざすため襲いかかってくる。,"大好きな とうさまとねえさまたちと共に過ごした懐かしき日々を胸に ひとりゼニアスを見守り続けてきた。","2026-07-27 13:31:32","2026-08-03 13:05:38"
1204,1204,なぞの魔狼,ナゾノマロウ,Nazonomarou,2,0,,https://xn--10-yg4a1a3kyh.jp/a_mon/../a_mon/dq10_monster_k_nazonomaro.html,/storage/images/monsters/1204.webp,"長年 聖湖ゼニートを見張り住人を町に閉じ込めていた恐るべき魔獣。ゼニスの封宮最深部に立ちはだかる。",主神グランゼニスの神獣である守護者ラキの本来の姿。神聖なチカラを秘めた雄叫びは創失の呪いをも防げるという。,"2026-07-27 13:15:51","2026-08-03 12:10:41"
1205,1205,クールホーン,クールホーン,Kuuruhoon,6,0,,https://xn--10-yg4a1a3kyh.jp/a_mon/../a_mon/dq10_monster_k_ku-ruho-n.html,/storage/images/monsters/1205.webp,"カッコいい深紅のツノが自慢。アマラーク王国の男児たちにツノを見せつけては悠々と空を飛んで 巣に戻る。","自分を倒せる者などいないとおごり高ぶっていた。なぜか 空を飛べる旅人が巣に やってくるまでは……。","2026-07-27 13:00:02","2026-07-29 12:20:40"
1206,1206,ジア・ガルネ,ジア・ガルネ,"Jia Garune",12,0,,https://xn--10-yg4a1a3kyh.jp/a_mon/../a_mon/dq10_monster_k_jiagarune.html,/storage/images/monsters/1206.webp,"数万年前 ゼニアスを襲ったジア・クト念晶体の1体。守護天使バトラエルに対して異様な執着心を見せる。","要はジア・クトの残党だが異世界ゼニアスで 天使により封じられていたため ケノスの復活には利用されなかった。","2026-07-27 13:04:14","2026-07-29 12:20:40"
1207,1207,あくむにゅうどう,アクムニュウドウ,Akumunyuudou,8,0,,https://xn--10-yg4a1a3kyh.jp/a_mon/../a_mon/dq10_monster_k_akumunyuudo.html,/storage/images/monsters/1207.webp,メネトの悪夢の手下。暁の霊堂にトープスを捕らえその見張りをしていた。……というか寝ていた。,枕が変わると眠れないデリケートな魔物。そのため愛用の枕をいつも持ち歩いている。,"2026-07-27 12:51:53","2026-07-29 12:20:40"
1208,1208,メネトの悪夢,メネトノアクム,Menetonoakumu,14,0,,https://xn--10-yg4a1a3kyh.jp/a_mon/../a_mon/dq10_monster_k_menetonoakumu.html,/storage/images/monsters/1208.webp,メネト村の住人の悪夢から生まれた絶望の化身。現実と区別がつかない悪夢を見せるのがウリ。,自身は一睡もしたことがなく一度も夢を見たことがない。彼にとっては悪夢こそが唯一の現実なのだ。,"2026-07-27 13:28:56","2026-08-03 13:05:38"
1209,1209,天使人形ルーミリア,テンシニンギョウルーミリア,Tenshiningyouruumiria,12,0,,https://xn--10-yg4a1a3kyh.jp/a_mon/../a_mon/dq10_monster_k_tenshiningyoru-miria.html,/storage/images/monsters/1209.webp,"ムニエカの住民たちのケガレを宿した 天使を模した人形。背中からケガレを放出し羽のように見せている。","言葉も物腰も愛する彼女とは似ても似つかぬものだったが積年の想いとケガレのもたらす絶望が 男の目を曇らせた。","2026-07-27 13:14:10","2026-07-29 12:20:40"
1210,1210,呪われしグランゼニス,ノロワレシグランゼニス,Norowareshiguranzenisu,14,0,,https://xn--10-yg4a1a3kyh.jp/a_mon/../a_mon/dq10_monster_k_norowareshiguranzenisu.html,/storage/images/monsters/1210.webp,"主神グランゼニスの身に巣食いアストルティアとゼニアスを苦しめた 創失の呪いの源。主神とともに消え果てた。","創生のチカラが創造せしものそのすべてを消し去りし後創失の呪いは己が身をも飲み込み 静寂が訪れる。","2026-07-27 13:16:18","2026-08-03 13:05:38"
1211,1211,未知なる襲撃者,ミチナルシュウゲキシャ,Michinarushuugekisha,14,0,,https://xn--10-yg4a1a3kyh.jp/a_mon/../a_mon/dq10_monster_k_michinarushuugekisha.html,/storage/images/monsters/1211.webp,何者かの命令を受けてモンセロ温泉峡のご神体の間で神の緋石のチカラを得ようとする者の命を狙う未知の魔物。,"じつはジリドという立派な個人名があるのだが 上司に仕事は迅速にやるよう言われ名乗らぬまま死んでしまった。","2026-07-27 13:27:37","2026-08-03 13:05:38"
1212,1212,執行者ガンガブラ,シッコウシャガンガブラ,Shikkoushagangabura,14,0,,https://xn--10-yg4a1a3kyh.jp/a_mon/../a_mon/dq10_monster_k_shikkoshagangabura.html,/storage/images/monsters/1212.webp,主の命により創失の呪いを世界に振りまかんと活動する。両手にたずさえた剣を振るい粛々と刑を執行するのだ。,妙にていねいな物言いは本来の激高しやすい自分を抑えつねに冷静でいるためのもの。主からのアドバイスらしい。,"2026-07-27 13:05:33","2026-08-03 13:05:38"
1213,1213,怨念の邪竜,オンネンノジャリュウ,Onnennojaryuu,11,0,,https://xn--10-yg4a1a3kyh.jp/a_mon/../a_mon/dq10_monster_k_onnennojaryuu.html,/storage/images/monsters/1213.webp,生きるだけで苦難をともなうナドラガンドで果てた竜族たちの蓄積した怨みの念が具現化してしまった存在。,全身を現しナドラガンド全土を闇で覆うつもりだったが膨大な怨念で太りすぎたため穴に引っかかってしまった。,"2026-07-27 12:56:09","2026-07-29 12:20:40"
1214,1214,処刑人バルマ,ショケイジンバルマ,Shokeijinbaruma,14,0,,https://xn--10-yg4a1a3kyh.jp/a_mon/../a_mon/dq10_monster_k_shokeinimbaruma.html,/storage/images/monsters/1214.webp,執行者ガンガブラの手下である処刑人衆のひとり。刑を宣告された者を処刑する。バルマはリーダー格で熱血漢。,同僚たちは執行者ガンガブラの命令には従うが自分の命令にはあまり従ってくれない。中間管理職の悩み。,"2026-07-27 13:08:09","2026-08-03 13:05:38"
1215,1215,処刑人ゲムザ,ショケイジンゲムザ,Shokeijingemuza,14,0,,https://xn--10-yg4a1a3kyh.jp/a_mon/../a_mon/dq10_monster_k_shokeiningemuza.html,/storage/images/monsters/1215.webp,執行者ガンガブラの手下である処刑人衆のひとり。刑を宣告された者を処刑する。ゲムザはクールな気取り屋。,バルマよりも自分がリーダーに適任であると思っているが決してクチには出さない。正直めんどくさい。,"2026-07-27 13:08:04","2026-08-03 13:05:38"
1216,1216,処刑人ドブナ,ショケイジンドブナ,Shokeijindobuna,14,0,,https://xn--10-yg4a1a3kyh.jp/a_mon/../a_mon/dq10_monster_k_shokeinindobuna.html,/storage/images/monsters/1216.webp,執行者ガンガブラの手下である処刑人衆のひとり。刑を宣告された者を処刑する。ドブナは気分屋で暴れん坊。,とにかく暴れられればそれでいいのだがバルマに命令されるのは気に食わない。反骨精神のカタマリ。,"2026-07-27 13:08:07","2026-08-03 13:05:38"
1217,1217,執行獣ガンガブラ,シッコウジュウガンガブラ,Shikkoujuugangabura,14,0,,https://xn--10-yg4a1a3kyh.jp/a_mon/../a_mon/dq10_monster_k_shikkojuugangabura.html,/storage/images/monsters/1217.webp,執行者ガンガブラがチカラをすべて解放した真の姿。より強い創失の呪いを振りまくことができる。,こちらの姿でいるほうが楽だが普段は人型でいるようにと主にきつく言われている。身体が大きくてジャマらしい。,"2026-07-27 13:05:36","2026-08-03 13:05:38"
1218,1218,代行者ヨナ,ダイコウシャヨナ,Daikoushayona,14,0,,https://xn--10-yg4a1a3kyh.jp/a_mon/../a_mon/dq10_monster_k_daikoshayona.html,/storage/images/monsters/1218.webp,始まりの大魔王ゴダの代行者として創られた存在。グランゼニスの試練場を訪れた大魔王の資格を裁定する。,"ヨナという存在に性別の概念はない。とはいえゴダはなんとなく ヨナが男性だと思っていたようだが……。","2026-07-27 13:12:21","2026-08-03 13:05:38"
1219,1219,バルディスタ新兵・斧,バルディスタシンペイ・オノ,"Barudeisutashinpei Ono",14,0,,https://xn--10-yg4a1a3kyh.jp/a_mon/../a_mon/dq10_monster_k_barudisutashimpeiono.html,/storage/images/monsters/1219.webp,"ヴァリーブートキャンプに放り込まれたバルディスタの新兵。戦争より大魔王よりヴァレリアが怖い オノ使い。","大魔瘴期を乗り越えたあとに入隊した新兵は質が悪い……古参兵からのそんな評価に毎夜 枕をぬらしている。","2026-07-27 13:18:19","2026-08-03 13:05:38"
1220,1220,バルディスタ新兵・槍,バルディスタシンペイ・ヤリ,"Barudeisutashinpei Yari",14,0,,https://xn--10-yg4a1a3kyh.jp/a_mon/../a_mon/dq10_monster_k_barudisutashimpeiyari.html,/storage/images/monsters/1220.webp,"ヴァリーブートキャンプに放り込まれたバルディスタの新兵。戦争より大魔王よりヴァレリアが怖い ヤリ使い。",最近の新兵は緊張感に欠け顔つきもゆるみきっている！古参兵からのそんな喝に対しうるせ～なとしか思ってない。,"2026-07-27 13:18:22","2026-08-03 13:05:38"
1221,1221,バルディスタ新兵・弓,バルディスタシンペイ・ユミ,"Barudeisutashinpei Yumi",14,0,,https://xn--10-yg4a1a3kyh.jp/a_mon/../a_mon/dq10_monster_k_barudisutashimpeiyumi.html,/storage/images/monsters/1221.webp,"ヴァリーブートキャンプに放り込まれたバルディスタの新兵。戦争より大魔王よりヴァレリアが怖い 弓使い。",前衛こわ～弓なら安全っしょ！……そう思っていた。氷の魔王の大矛が一瞬で眼前に迫ってくるまでは……。,"2026-07-27 13:18:24","2026-08-03 13:05:38"
1222,1222,悲嘆のレイジバルス,ヒタンノレイジバルス,Hitannoreijibarusu,14,0,,https://xn--10-yg4a1a3kyh.jp/a_mon/../a_mon/dq10_monster_k_hitannoreijibarusu.html,/storage/images/monsters/1222.webp,ゼクレス王家の使い魔。主であるアスバルが創失すると役目を失ったレイジバルスはゼクレス中を徘徊していた。,"最初の主はゼクレスの始祖。彼を救い 名をくれた。大好きなその人はもういないが今でも会いたくてたまらない。","2026-07-27 13:19:17","2026-08-03 13:05:38"
1223,1223,執行獣ジブアジブ,シッコウジュウジブアジブ,Shikkoujuujibuajibu,14,0,,https://xn--10-yg4a1a3kyh.jp/a_mon/../a_mon/dq10_monster_k_shikkojuujibuajibu.html,/storage/images/monsters/1223.webp,ベラストル家の新人しもべホーストの正体である執行者ジブアジブがチカラを解放した姿。,"主のため どんな任務もこなすプロ気質のクールガイだがそれにしてもベラストル家への潜入には相当無理をしていた。","2026-07-27 13:05:41","2026-08-03 13:05:38"
1224,1224,執行獣ニニエルザ,シッコウジュウニニエルザ,Shikkoujuuninieruza,14,0,,https://xn--10-yg4a1a3kyh.jp/a_mon/../a_mon/dq10_monster_k_shikkojuuninieruza.html,/storage/images/monsters/1224.webp,"執行者ニニエルザがチカラを解放した 真の姿。主のためだけに存在し主の敵はすべて排除する。",執行者のときのフレンドリーな態度はすべて表面上のもので本当は主以外どうでもいい。他の執行者より感情が希薄。,"2026-07-27 13:05:44","2026-08-03 13:05:38"
1225,1225,創失を招くもの,ソウシツヲマネクモノ,Soushitsuwomanekumono,14,0,,https://xn--10-yg4a1a3kyh.jp/a_mon/../a_mon/dq10_monster_k_soshitsuomanekumono.html,/storage/images/monsters/1225.webp,執行者たちの主である謎の存在。創失という現象を自在に操りアストルティアを滅ぼそうとしているようだ。,"万物に宿る創生のチカラ……世界に存在するためのチカラを奪うことで 創失という現象を引き起こしている。","2026-07-27 13:11:37","2026-08-03 13:05:38"
1226,1226,神兵ダインヘルヤル,シンペイダインヘルヤル,Shinpeidainheruyaru,14,0,,https://xn--10-yg4a1a3kyh.jp/a_mon/../a_mon/dq10_monster_k_shimpeidainheruyaru.html,/storage/images/monsters/1226.webp,古びた石像が種族神たちの神気を受けて巨大化した姿。英雄たちに課せられた試練として立ちはだかる。,"そっくり同じ像があと6体ありそれぞれ種族神の偶像として信仰されたらしいが この像がどの神だったかは不明である。","2026-07-27 13:08:50","2026-08-03 13:05:38"
1227,1227,マリーヌ神のしもべ,マリーヌシンノシモベ,Mariinushinnoshimobe,9,0,,https://xn--10-yg4a1a3kyh.jp/a_mon/../a_mon/dq10_monster_k_mari-nushinnoshimobe.html,/storage/images/monsters/1227.webp,マリーヌ神が生み出した眷属だが神獣と呼ぶには人語を話したり姿を変えたりの能力が不足している。,"マリーヌ神は神獣の形を選ぶ際 イルカ型にするかクラーケン型にするかで悩んだ末アミダくじで決めたらしい。","2026-07-27 13:27:18","2026-07-29 12:20:40"
1228,1228,あくじきオオワシ,アクジキオオワシ,Akujikioowashi,6,0,,https://xn--10-yg4a1a3kyh.jp/a_mon/../a_mon/dq10_monster_k_akujikiowashi.html,/storage/images/monsters/1228.webp,"渡り鳥の習性をそなえた獰猛なオオワシ。渡りの途中 王家の温室で羽休めをしつつ空腹を満たそうとしていた。",なんでも食べる雑食だが時渡りの球根はあまりにマズくて吐き出すか食べるか戦いの最中も迷っていたとか。,"2026-07-27 12:51:17","2026-07-29 12:20:40"
1229,1229,キュロンイーター,キュロンイーター,Kyuron'iitaa,11,0,,https://xn--10-yg4a1a3kyh.jp/a_mon/../a_mon/dq10_monster_k_kyuroni-ta-.html,/storage/images/monsters/1229.webp,背中に樹木を生やした太古から生息するドラゴン。キュロン人が大好物でいくら食べても飽きがこない。,"キュロン人をドカ食いしたいがキュロン草園を警備する者に妨害され 食欲が満たされずストレスがたまる今日この頃。","2026-07-27 12:58:27","2026-07-29 12:20:40"
1230,1230,ジア・ボーン,ジア・ボーン,"Jia Boon",12,0,,https://xn--10-yg4a1a3kyh.jp/a_mon/../a_mon/dq10_monster_k_jiabo-n.html,/storage/images/monsters/1230.webp,ジア・クトの放つ結晶化の光に適応したボーンバット。元の魔物をはるかに凌駕する能力と凶暴性で襲ってくる。,念晶体になる前はアンデッドでその前はドラキーだった。見た目の愛らしさを失っても動きで愛嬌を出す憎めない奴。,"2026-07-27 13:04:04","2026-07-29 12:20:40"
1231,1231,ジア・レダ,ジア・レダ,"Jia Reda",12,0,,https://xn--10-yg4a1a3kyh.jp/a_mon/../a_mon/dq10_monster_k_jiareda.html,/storage/images/monsters/1231.webp,緑色に輝く硬質なボディを持つジア・クト急襲体の眷属。後天的にジア化した中ではかなり強力な個体である。,時間停止の層に巻き込まれ身動きできない間に本隊に置き去りにされたが最後までその事実に気付かなかった。,"2026-07-27 13:04:06","2026-07-29 12:20:40"
1232,1232,女神ゼネシア,メガミゼネシア,Megamizeneshia,14,0,,https://xn--10-yg4a1a3kyh.jp/a_mon/../a_mon/dq10_monster_k_megamizeneshia.html,/storage/images/monsters/1232.webp,主神グランゼニスの娘で果ての大地ゼニアスを守護する女神。キューロピアに渡り時渡りの術さえも会得した。,太古のゼニアスに時渡りし父から主神のオーブの奪取を目論むが創失を招くものに取り込まれてしまった。,"2026-07-27 13:28:48","2026-08-03 13:05:38"
1233,1233,創失を招くもの,ソウシツヲマネクモノ,,14,0,,,/storage/images/monsters/1233.webp,"太古のゼニアスで 主神の王冠 主神の王笏ごと女神ゼネシアを喰らって 創生のチカラすら我がものとした恐るべき敵。",自信満々でふたつに分裂して半分のチカラで挑んできたがもし完全体と戦っていたら結果は変わっていただろう。,"2026-07-27 17:08:44","2026-08-03 13:05:38"
1234,1234,創失の帝国兵,ソウシツノテイコクヘイ,"Unmade Soldier",14,0,,https://draquex.com/monster/mon-120.php,/storage/images/monsters/1234.webp,"創失の主神ゼネシアによって復活したガナン帝国と共に創生された忠実なるしもべ。命に従い ゼニアスを襲う。","暗黒皇帝ガナサダイに捧げる忠誠の証として鎧に刻まれた紋章は ゼネシアのものに描き変えられた。","2026-03-12 19:42:13","2026-08-03 13:05:38"
1235,1235,創失の帝国兵・上官,ソウシツノテイコクヘイ・ジョウカン,"Unmade Elite",14,0,,https://draquex.com/monster/mon-121.php,/storage/images/monsters/1235.webp,"創失の主神ゼネシアによって復活したガナン帝国と共に創生された忠実なるしもべ。兵を率い ゼニアスを襲う。","たとえ 主が変わろうともその目的は ゼニアス征服。しかし主命に従えばゼニアスを滅ぼす矛盾に気づいていない。","2026-03-12 19:42:15","2026-08-03 13:05:38"
1236,1236,創失のフーラズーラ,ソウシツノフーラズーラ,Soushitsunofuurazuura,7,0,,https://xn--10-yg4a1a3kyh.jp/a_mon/../a_mon/dq10_monster_k_soshitsunofu-razu-ra.html,/storage/images/monsters/1236.webp,"創失の主神ゼネシアによって新たなチカラを与えられ創生されたフーラズーラ。主命に従い 人々を襲う。","ゼネシアが生み出した光球には数々のしもべたちが封じられ結晶の海を渡って ゼニアスの各地へ出撃するのだ。","2026-07-27 13:11:35","2026-07-29 12:20:40"
1237,1237,ゼネシアの神獣,ゼネシアノシンジュウ,Zeneshianoshinjuu,2,0,,https://xn--10-yg4a1a3kyh.jp/a_mon/../a_mon/dq10_monster_k_zeneshianoshinjuu.html,/storage/images/monsters/1237.webp,"太古のゼニアスで創生された神獣と同じ姿 同じ強さを持つ創失の主神ゼネシアのしもべ。主命に従い 戦いを挑む。","太古 ジア・クト念晶体が襲来した時には 主であるゼネシアや 守護天使とともに懸命にゼニアスを守った。","2026-07-27 13:10:46","2026-08-03 12:10:41"
1238,1238,創失のギュメイ将軍,ソウシツノギュメイショウグン,Soushitsunogyumeishougun,2,0,,https://xn--10-yg4a1a3kyh.jp/a_mon/../a_mon/dq10_monster_k_soshitsunogyumeishogun.html,/storage/images/monsters/1238.webp,"ガナン帝国領の創生とともに生み出され 過去の帝国に仕えていた将軍の虚像。帝国城の結界を守護する。","創失の主神ゼネシアに心を支配され 厚い忠誠心を捧げる謹厳実直な将軍。その剣技は帝国随一だとか。","2026-07-27 13:11:24","2026-08-03 12:10:41"
1239,1239,創失のゲルニック将軍,ソウシツノゲルニックショウグン,Soushitsunogerunikkushougun,6,0,,https://xn--10-yg4a1a3kyh.jp/a_mon/../a_mon/dq10_monster_k_soshitsunogerunikkushogun.html,/storage/images/monsters/1239.webp,"ガナン帝国領の創生とともに生み出され 過去の帝国に仕えていた将軍の虚像。帝国城の結界を守護する。","創失の主神ゼネシアに心を支配され 有能さを売り込む冷酷非情な将軍。その魔術は達人の域に達する。","2026-07-27 13:11:27","2026-07-29 12:20:40"
1240,1240,創失のゴレオン将軍,ソウシツノゴレオンショウグン,Soushitsunogoreonshougun,2,0,,https://xn--10-yg4a1a3kyh.jp/a_mon/../a_mon/dq10_monster_k_soshitsunogoreonshogun.html,/storage/images/monsters/1240.webp,"ガナン帝国領の創生とともに生み出され 過去の帝国に仕えていた将軍の虚像。帝国城の結界を守護する。","創失の主神ゼネシアに心を支配され 無心に従う猪突猛進な将軍。その鉄球は全てをなぎ払う。","2026-07-27 13:11:29","2026-08-03 12:10:41"
1241,1241,創失の主神ゼネシア,ソウシツノシュシンゼネシア,Soushitsunoshushinzeneshia,14,0,,https://xn--10-yg4a1a3kyh.jp/a_mon/../a_mon/dq10_monster_k_soshitsunoshushinzeneshia.html,/storage/images/monsters/1241.webp,"ひとたびは太古のゼニアスで創失を招くものに喰われたがその意思を乗っ取り 復活したおそるべき執念の持ち主。",ゼニアスを完全に滅ぼしたのち主神の王冠と王笏のチカラで何もかも望みどおりの新世界を創生するつもりだった。,"2026-07-27 13:11:32","2026-08-03 13:05:38"
1242,1242,魔人リンジャーラ,マジンリンジャーラ,Majinrinjaara,8,0,,https://xn--10-yg4a1a3kyh.jp/a_mon/../a_mon/dq10_monster_k_majinrinja-ra.html,/storage/images/monsters/1242.webp,"かつて パドレが戦った魔人リンジャーラそっくりの魔物。試練のため用意された偽物なのか それとも……？","かけがえなき友と その子の試練を助けるために そして遠き日の友情に報いるために禁呪の祭壇によみがえった。","2026-07-27 13:26:12","2026-07-29 12:20:40"
1243,1243,ずるいこころ,ズルイココロ,Zuruikokoro,4,0,,https://xn--10-yg4a1a3kyh.jp/a_mon/../a_mon/dq10_monster_k_zuruikokoro.html,/storage/images/monsters/1243.webp,"誓約の園の頂 大いなる扉に宿りし 星空の守り人の魂がポルテの覚悟を試すために遣わした ずるぎ心の化身。","もしもポルテの迷いが晴れず儀式を行う資格がないと判断したならば 二度と扉は開かれなかっただろう。","2026-07-27 13:09:38","2026-08-03 12:09:04"
1244,1244,よわいこころ,ヨワイココロ,Yowaikokoro,4,0,,https://xn--10-yg4a1a3kyh.jp/a_mon/../a_mon/dq10_monster_k_yowaikokoro.html,/storage/images/monsters/1244.webp,"誓約の園の頂 大いなる扉に宿りし 星空の守り人の魂がポルテの覚悟を試すために遣わした 弱き心の化身。",ポルテの前に現れた幻は心の迷いから生まれたもの。最初から覚悟が固まっていたらそもそも現れなかった。,"2026-07-27 13:31:19","2026-08-03 12:09:04"
1245,1245,執行獣ザジザディリ,シッコウジュウザジザディリ,Shikkoujuuzajizadeiri,14,0,,https://xn--10-yg4a1a3kyh.jp/a_mon/../a_mon/dq10_monster_k_shikkojuuzajizadiri.html,/storage/images/monsters/1245.webp,創失の塔の番人たる最後の執行者。主の宿願であるアストルティア創失のため己の命すらも捧げた忠臣。,塔と共に生み出されたものの主がゼニアスへ行ってしまいヒマつぶしに塔の魔物たちをいたぶっていたという。,"2026-07-27 13:05:39","2026-08-03 13:05:38"
1246,1246,創絶を招くもの,ソウゼツヲマネクモノ,Souzetsuwomanekumono,14,0,,https://xn--10-yg4a1a3kyh.jp/a_mon/../a_mon/dq10_monster_k_sozetsuomanekumono.html,/storage/images/monsters/1246.webp,"アストルティアに満ちる怨嗟と嘆きが女神の世界樹を漆黒に染めあげ 創失の呪いは創絶の呪詛へと進化をとげた。","ポルテとしての旅路で出会った仲間が 世界樹の儀式を支え彼らの悲劇的な死への絶望から創絶を招くものが目覚めた。","2026-07-27 13:11:54","2026-08-03 13:05:38"
1247,1247,創絶の崩界竜,ソウゼツノホウカイリュウ,Souzetsunohoukairyuu,14,0,,https://xn--10-yg4a1a3kyh.jp/a_mon/../a_mon/dq10_monster_k_sozetsunohokairyuu.html,/storage/images/monsters/1247.webp,アストルティアの化身でもあるこの竜は創絶の呪詛だけでなくアストルティアの種族たちのチカラをも自在にあやつる。,"誰しもが味わう つらさ悲しみ今の現実を否定したい思いそんな小さな絶望の積み重ねが創失の呪いの正体なのだろう。","2026-07-27 13:11:51","2026-08-03 13:05:38"
1248,1248,凶獣アルグトス,キョウジュウアルグトス,Kyoujuuarugutosu,2,0,,https://xn--10-yg4a1a3kyh.jp/a_mon/../a_mon/dq10_monster_k_kyoujuuarugutosu.html,/storage/images/monsters/1248.webp,カラマド高原周辺で凶暴化していた魔物の親玉。そのすさまじい腕力で大木をも軽々と振り回す。,ハチミツが大好物で普段なら人を襲うことはないのだが最近どうにも虫の居所が悪くイラつきが収まらない。,"2026-07-27 12:58:46","2026-08-03 12:10:41"
1249,1249,バーンラヴァン,バーンラヴァン,Baanravuan,7,0,,https://xn--10-yg4a1a3kyh.jp/a_mon/../a_mon/dq10_monster_k_ba-nravan.html,/storage/images/monsters/1249.webp,"カルサドラ火山に生息する高温ドロドロの魔物。溶岩を噴き出し あたり一面をマグマの海に変えてしまう。","じつはひどい花粉症でくしゃみの度に溶岩を飛ばす。こちらが侵入した際 花粉を持ち込んでしまったようだ。","2026-07-27 13:16:26","2026-07-29 12:20:40"
1250,1250,邪神ガルザンド,ジャシンガルザンド,Jashingaruzando,12,0,,https://xn--10-yg4a1a3kyh.jp/a_mon/../a_mon/dq10_monster_k_jashingaruzando.html,/storage/images/monsters/1250.webp,"神話の時代 七柱の種族神に対抗するため生みだされた邪神の一柱。灼熱の炎は大陸全土を焼きつくすほど。",女神の封印により太古の昔から火山の底で眠っていたが秘宝で無理やり起こされた。寝起きが悪くて機嫌は最悪。,"2026-07-27 13:06:17","2026-07-29 12:20:40"
1251,1251,冥兵バスタルグ,メイヘイバスタルグ,Meiheibasutarugu,10,0,,https://xn--10-yg4a1a3kyh.jp/a_mon/../a_mon/dq10_monster_k_meiheibasutarugu.html,/storage/images/monsters/1251.webp,冥鬼魔将メネシスによって召喚されたガイコツの剣士。手にした二振りの大剣でしかばねの山を築いてきた。,"メネシスのため不眠不休で忠実に尽くす 最高のしもべ。命令とあらば戦闘から荷物運び肩もみまでなんだってこなす。","2026-07-27 13:28:41","2026-07-29 12:20:40"
1252,1252,葬竜グレイム,ソウリュウグレイム,Souryuugureimu,11,0,,https://xn--10-yg4a1a3kyh.jp/a_mon/../a_mon/dq10_monster_k_souryuugureimu.html,/storage/images/monsters/1252.webp,太古の時代から生き続ける死を司るというドラゴン。無差別に数多の生物を食らい魔皇軍にさえ恐れられている。,葬魂の竜玉にこめられしは鎮魂と浄化のチカラ。すべての迷える魂を等しく黄泉へと導くという。,"2026-07-27 13:12:00","2026-07-29 12:20:40"
1253,1253,剣魔ゼルゲイド,ケンマゼルゲイド,Kenmazerugeido,14,0,,https://xn--10-yg4a1a3kyh.jp/a_mon/../a_mon/dq10_monster_k_kenmazerugeido.html,/storage/images/monsters/1253.webp,１０年前にローマスたちの両親を手にかけた魔皇の手先。魔元帥ゼルドラドによく似ているが……。,潜入時に着用していたローブは魔皇陛下から賜ったもので10年前から変わらずに愛用し続けている。,"2026-07-27 13:01:37","2026-08-03 13:05:38"
1254,1254,冥鬼魔将メネシス,メイキマショウメネシス,Meikimashoumeneshisu,14,0,,https://xn--10-yg4a1a3kyh.jp/a_mon/../a_mon/dq10_monster_k_meikimashoumeneshisu.html,/storage/images/monsters/1254.webp,不死のチカラを持つ魔皇軍の幹部たる魔族。冥王ネルゲルによく似ているが……。,"愛用の道具は 自らの手でピカピカにみがく主義。鎌をみがきあげ 刃に映る自分の姿に見惚れてるらしい。","2026-07-27 13:28:22","2026-08-03 13:05:38"
1255,1255,孤独の闇,コドクノヤミ,Kodokunoyami,4,0,,https://xn--10-yg4a1a3kyh.jp/a_mon/../a_mon/dq10_monster_k_kodokunoyami.html,/storage/images/monsters/1255.webp,"片想いに悩んだサランナの中に生まれた心の闇。３体に分裂し連携して攻撃してくるあたり孤独なのか そうでないのか？","勉学一筋だった私を ここまで振り回すなんて 罪な人……などと思いふけり ときどきぼんやりする。初恋なのだ。","2026-07-27 13:02:56","2026-08-03 12:09:04"
1256,1256,伐採マシン,バッサイマシン,Bassaimashin,13,0,,https://xn--10-yg4a1a3kyh.jp/a_mon/../a_mon/dq10_monster_k_bassaimashin.html,/storage/images/monsters/1256.webp,"伐採同盟が森を切り開くため独自に調整をほどこした改造キラーマシン。すばやく２回 木を切り倒す。",もとは野良のキラーマシン。伐採同盟のドワーフ技師により改造をほどこされた。伐採魂が注入されている。,"2026-07-27 13:17:18","2026-07-29 12:20:40"
1257,1257,ダンスデビル,ダンスデビル,Dansudebiru,4,0,,https://xn--10-yg4a1a3kyh.jp/a_mon/../a_mon/dq10_monster_k_dansudebiru.html,/storage/images/monsters/1257.webp,数々のダンスを習得している踊り好きの悪魔。スーパースターは修行する際この魔物と戦う。,踊れる歌手になりたいというその外見からは想像のつかないかわいらしい夢を持っている。発声練習は欠かさない。,"2026-07-27 13:12:59","2026-08-03 12:09:04"
1258,1258,謎の武装兵,ナゾノブソウヘイ,Nazonobusouhei,8,0,,https://xn--10-yg4a1a3kyh.jp/a_mon/../a_mon/dq10_monster_k_nazonobusohei.html,/storage/images/monsters/1258.webp,"アガペイに導かれた世界で戦うことになった 謎の魔物。巨大な盾を駆使して勇猛果敢に戦う。",守りに長けた戦いぶりがパラディンを連想させる。謎の武装兵の正体はいったい何者だったのだろう？,"2026-07-27 13:15:48","2026-07-29 12:20:40"
1259,1259,悪魔道化師ゲイザー,アクマドウケシゲイザー,Akumadoukeshigeizaa,8,0,,https://xn--10-yg4a1a3kyh.jp/a_mon/../a_mon/dq10_monster_k_akumadokeshigeiza-.html,/storage/images/monsters/1259.webp,"旅芸人に 強い憎しみを抱くボルブァンの元弟子。道化とは思えないほどの強気な態度と口調が目立つ。","旅芸人に 憎しみを抱く割に道化の格好をしているのは皆を笑わせていた あの時の自分が忘れられないため。","2026-07-27 12:51:50","2026-07-29 12:20:40"
1260,1260,悲観の闇,ヒカンノヤミ,Hikannoyami,8,0,,https://xn--10-yg4a1a3kyh.jp/a_mon/../a_mon/dq10_monster_k_hikannoyami.html,/storage/images/monsters/1260.webp,"将来に悩んだシュリナの中に生まれた心の闇。やりきれない思いを ぐっとためこんでからくり出す攻撃に 要注意。","ダメな生徒をしかる 先生の姿勉強になります！ ……などと戦いながらも 感動している。やっぱり 演技が好きなのだ。","2026-07-27 13:19:11","2026-07-29 12:20:40"
1261,1261,聖獣ダイキリン,セイジュウダイキリン,Seijuudaikirin,2,0,,https://xn--10-yg4a1a3kyh.jp/a_mon/../a_mon/dq10_monster_k_seijuudaikirin.html,/storage/images/monsters/1261.webp,"出会うのが困難といわれる光をたずさえた 聖なる獣。自然の賢者と称され 自分より強い者としか話さない。","数百年の時を生きている彼は 野を駆ける馬たちの中で 生きる伝説として語り継がれ あこがれの的になっている。","2026-07-27 13:09:41","2026-08-03 12:10:41"
1262,1262,トガスのぬし,トガスノヌシ,Togasunonushi,2,0,,https://xn--10-yg4a1a3kyh.jp/a_mon/../a_mon/dq10_monster_k_togasunonushi.html,/storage/images/monsters/1262.webp,トカス岩道で幅を利かせる巨大な牛型の魔物。その大きな身体を活かしパワフルな攻撃をしかける。,"お年頃になると 海を渡って 別の土地へ移動する習性があり なんやかんやした後に また 故郷に帰ってくる。","2026-07-27 13:14:49","2026-08-03 12:10:41"
1263,1263,怪鳥クワット,カイチョウクワット,Kaichoukuwatto,6,0,,https://xn--10-yg4a1a3kyh.jp/a_mon/../a_mon/dq10_monster_k_kaichokuwatto.html,/storage/images/monsters/1263.webp,"キリカ草原の森を根城にするスゴうでのハンター。光りモノが大好きで狙いをつけたら 必ずうばう。","オイラは 誰もキズつけずに 盗んでいるのに……。暴力で宝物を取り返すなんて ひきょうクワー！","2026-07-27 12:56:33","2026-07-29 12:20:41"
1264,1264,伐採マシン改,バッサイマシンカイ,Bassaimashinkai,13,0,,https://xn--10-yg4a1a3kyh.jp/a_mon/../a_mon/dq10_monster_k_bassaimashinkai.html,/storage/images/monsters/1264.webp,前回の敗北を糧にして強化された伐採マシン。大勢のレンジャーを相手に一歩も退かぬ性能を誇る。,"性能を最大限に引き出すため ピーキーな調整が行われた。そのため 強くなったものの 衝撃に弱くなったらしい。","2026-07-27 13:17:21","2026-07-29 12:20:41"
1265,1265,スターデビル,スターデビル,Sutaadebiru,4,0,,https://xn--10-yg4a1a3kyh.jp/a_mon/../a_mon/dq10_monster_k_suta-debiru.html,/storage/images/monsters/1265.webp,"多くのダンスを覚えた悪魔。スーパースターが高みにたどり着くには この魔物を倒さなければならない。","たゆまぬ鍛錬を積み重ね トップレベルの踊りを 身につけた 魔物界のスター。魔物の間にもファンが多い。","2026-07-27 13:09:25","2026-08-03 12:09:04"
1266,1266,商品ナンバー７,ショウヒンナンバーナナ,Shouhinnanbaanana,9,0,,https://xn--10-yg4a1a3kyh.jp/a_mon/../a_mon/dq10_monster_k_shohinnamba-sebun.html,/storage/images/monsters/1266.webp,もともとはウェナ諸島に棲むじごくのハサミなのだが魔物商人ザルギスにより戦闘用に訓練されている。,"強固な装甲で 壁として あなたを守ってくれます。パワーも なかなかの逸品。販売価格 24800ゴールド","2026-07-27 13:07:58","2026-07-29 12:20:41"
1267,1267,ギガデーモン,ギガデーモン,Pruslas,11,0,,https://www.d-quest-10.com/detail/a00598.html,/storage/images/monsters/1267.webp,巨大な身体をゆらしながら手にした棍棒ですべてをたたきつぶす凶悪な魔物。青き魔獣の異名も持つ。,"ある儀式をすることで 呼びだすことができるが そのときの彼は すこぶる きげんが悪い。注意しよう。","2026-03-12 14:11:32","2026-07-29 12:20:41"
1268,1268,魔盗鬼チャムール,マトウキチャムール,Matoukichamuuru,4,0,,https://xn--10-yg4a1a3kyh.jp/a_mon/../a_mon/dq10_monster_k_matokichamu-ru.html,/storage/images/monsters/1268.webp,"チカラを求め 悪に魂を売ったドワーフの変わり果てた姿。元が盗賊なので 見た目以上に身のこなしは軽い。","ヘッドであった彼が更生し つむじ風の旅団は解散した。失業した魔物たちは職を求め 今日も 野をさまようという。","2026-07-27 13:26:33","2026-08-03 12:09:04"
1269,1269,商品ナンバー１２,ショウヒンナンバーイチニ,Shouhinnanbaaichini,4,0,,https://xn--10-yg4a1a3kyh.jp/a_mon/../a_mon/dq10_monster_k_shohinnamba-toerubu.html,/storage/images/monsters/1269.webp,もともとはウェナ諸島に棲むずしおうまるなのだが魔物商人ザルギスにより戦闘用に強化されている。,"絶大なパワーが最大のウリ。敵を全滅させたい あなたに。攻城戦にもオススメ。販売価格 74000ゴールド","2026-07-27 13:08:01","2026-08-03 12:09:04"
1270,1270,古代つちわらし,コダイツチワラシ,Kodaitsuchiwarashi,8,0,,https://xn--10-yg4a1a3kyh.jp/a_mon/../a_mon/dq10_monster_k_kodaitsuchiwarashi.html,/storage/images/monsters/1270.webp,とうに絶滅したと思われていたつちわらしの原生種。忘却のほら穴の地中から復活し現代の土を踏むこととなった。,"太古の地層から目覚めたが 子孫である現代つちわらしが たいした進化もしておらず 残念な気持ちになった……。","2026-07-27 13:02:53","2026-07-29 12:20:41"
1271,1271,子鬼ブリック,コオニブリック,Kooniburikku,8,0,,https://xn--10-yg4a1a3kyh.jp/a_mon/../a_mon/dq10_monster_k_koniburikku.html,/storage/images/monsters/1271.webp,オーガの子供が魔瘴を浴びて魔物化した成れの果ての姿。犯した罪への後悔の念がその魂を呪縛していた。,"バグレア教会で暮らしていた プリック少年は 大先輩である 四術師ガミルゴのことを 誰よりも尊敬していたという。","2026-07-27 13:02:07","2026-07-29 12:20:41"
1272,1272,狂戦士レギオン,キョウセンシレギオン,Kyousenshiregion,14,0,,https://xn--10-yg4a1a3kyh.jp/a_mon/../a_mon/dq10_monster_k_kyosenshiregion.html,/storage/images/monsters/1272.webp,"元は アガペイも属した戦士くずれ強盗団のリーダー。暴力で手下たちを支配し最後には 狂戦士と化した。","レギオンは 最強と謳われた。だが 見方を変えれば 自分の欲望すら抑制できぬ 心の弱い男と言えるだろう。","2026-07-27 12:58:54","2026-08-03 13:05:38"
1273,1273,バルケス,バルケス,Barukesu,14,0,,https://xn--10-yg4a1a3kyh.jp/a_mon/../a_mon/dq10_monster_k_barukesu.html,/storage/images/monsters/1273.webp,バトリンピックの決勝進出者。借金取り一味の荒事担当でとにかくケンカっぱやい。血気盛んなキレやすい若者。,"昔 ヤンチャしていた頃に ゴードンに拾われた。それ以来 恩返しするため 精一杯いきがっている。","2026-07-27 13:18:13","2026-08-03 13:05:38"
1274,1274,羨望の闇,センボウノヤミ,Senbounoyami,12,0,,https://xn--10-yg4a1a3kyh.jp/a_mon/../a_mon/dq10_monster_k_sembonoyami.html,/storage/images/monsters/1274.webp,"ユノに嫉妬したエゼルの中に生まれた心の闇。自分を見てほしくて 暴れまわり相手を 束縛してしまうのだ。","毎日ピカピカにみがいてるのに ガラス玉だなんて ひどーい！そんな不満が 姿を形作った。乙女心はキズつきやすいのだ。","2026-07-27 13:10:57","2026-07-29 12:20:41"
1275,1275,ブリギッテ,ブリギッテ,Burigitte,14,0,,https://xn--10-yg4a1a3kyh.jp/a_mon/../a_mon/dq10_monster_k_burigitte.html,/storage/images/monsters/1275.webp,バトリンピックの決勝進出者。おのれのウデっぷしに絶対の自信を持っている勇ましい女性ファイター。,"自称バトマス界のアイドル。強くてキュートな この魅力で 次号の「週刊コロシアム」も 表紙は もちろん この私！","2026-07-27 13:22:29","2026-08-03 13:05:38"
1276,1276,闘士セインズ,トウシセインズ,Toushiseinzu,14,0,,https://xn--10-yg4a1a3kyh.jp/a_mon/../a_mon/dq10_monster_k_toshiseinzu.html,/storage/images/monsters/1276.webp,バトリンピックの決勝進出者。ジェイコフの元弟子でその強すぎる野心のために道を踏み外してしまった。,"ジェイコフの元を去って以来 独自に修行を積んでいた。二刀流にも挑戦してみたが 習得できずに断念した。","2026-07-27 13:14:41","2026-08-03 13:05:38"
1277,1277,魔物商人トレダ,マモノショウニントレダ,Mamonoshounintoreda,14,0,,https://xn--10-yg4a1a3kyh.jp/a_mon/../a_mon/dq10_monster_k_mamonoshonintoreda.html,/storage/images/monsters/1277.webp,"魔物を悪事に利用する魔物商人のひとり。毎日 マメに研いだツメで魔物のエサを狩りにいく。","元々は 芸人志望だったが いつまでたっても芽が出ず 人生に焦って魔物商人に。もちろん相方はチャーマン。","2026-07-27 13:27:01","2026-08-03 13:05:38"
1278,1278,魔物商人チャーマン,マモノショウニンチャーマン,Mamonoshouninchaaman,14,0,,https://xn--10-yg4a1a3kyh.jp/a_mon/../a_mon/dq10_monster_k_mamonoshonincha-man.html,/storage/images/monsters/1278.webp,魔物を悪事に利用する魔物商人のひとり。父からもらった愛用の短剣で魔物のエサを切り分ける。,"親友のトレダに誘われ 嫌々コンビを組まされた。本当は父と同じ 探検家になりたかった。","2026-07-27 13:26:56","2026-08-03 13:05:38"
1279,1279,商品ナンバー１３,ショウヒンナンバーイチサン,Shouhinnanbaaichisan,6,0,,https://xn--10-yg4a1a3kyh.jp/a_mon/../a_mon/dq10_monster_k_shohinnamba-sa-ti-n.html,/storage/images/monsters/1279.webp,"魔物商人たちが商品として邪法により生み出した真っ黒い ひくいどり。人の言葉が少し理解できる。","魔物商人は ひくいどりのヒナ10匹を密室に閉じ込めた。仲間を食べ 生き残った3匹に ナンバー13の印が刻まれた。","2026-07-27 13:07:56","2026-07-29 12:20:41"
1280,1280,殺意の怨霊,サツイノオンリョウ,Satsuinoonryou,7,0,,https://xn--10-yg4a1a3kyh.jp/a_mon/../a_mon/dq10_monster_k_satsuinonryo.html,/storage/images/monsters/1280.webp,"何者かに命じられるまま人々に とりついている怨霊。殺意のままに のろいを振りまいて 攻撃してくる。","もとは世の中を恨みながら 獄死した罪人の怨念。生前の記憶はすっかり忘れ 本能のままに悪事を働く。","2026-07-27 13:03:39","2026-07-29 12:20:41"
1281,1281,踊り神ボニータ,オドリシンボニータ,Odorishinboniita,14,0,,https://xn--10-yg4a1a3kyh.jp/a_mon/../a_mon/dq10_monster_k_odorikamiboni-ta.html,/storage/images/monsters/1281.webp,"荒神の異名を持つ いにしえの踊り子の 守り神。その名にたがわぬ 荒々しい踊りで挑戦者たちを たたきのめす。","おネエ系の男神かと思いきや れっきとした女神らしい。間違えると荒ブリィ殺しに されるので注意しよう……。","2026-07-27 12:55:53","2026-08-03 13:05:38"
1282,1282,占術師マルグリット,センジュツシマルグリット,Senjutsushimaruguritto,14,0,,https://xn--10-yg4a1a3kyh.jp/a_mon/../a_mon/dq10_monster_k_senjutsushimaruguritto.html,/storage/images/monsters/1282.webp,"苦しむユノの心の中で待ち構える 自称天才占い師。意味深な笑みを浮かべその真意は謎に包まれている。","12の雑誌で占いコーナーの 連載を持つ。ペンネームは いくつかあり マルグリットは タロット占いで使う名前だ。","2026-07-27 13:10:52","2026-08-03 13:05:38"
1283,1283,黒怨王,コクオンオウ,Kokuon'ou,7,0,,https://xn--10-yg4a1a3kyh.jp/a_mon/../a_mon/dq10_monster_k_kurono.html,/storage/images/monsters/1283.webp,この世のあらゆる怨霊を統べる最凶最悪の怨霊の王。踊り子を根絶やしにするため怨嗟を振りまき襲いかかる。,"最初は ただの怨霊だったが 踊り子に封印される度に 怨念をつのらせ 代を経て やがて怨霊の王となった。","2026-07-27 13:00:37","2026-07-29 12:20:41"
1284,1284,最強商品,サイキョウショウヒン,Saikyoushouhin,2,0,,https://xn--10-yg4a1a3kyh.jp/a_mon/../a_mon/dq10_monster_k_saikyoshohin.html,/storage/images/monsters/1284.webp,もともとはウェナ諸島に棲むヌーデビルの生き残り。魔物商人ザルギスの新技術で戦闘用に改造されている。,"ここは どこだろう？ なぜ 戦っているのだろう？ お腹が空いた 水浴びがしたい。ボクを島に帰して！！","2026-07-27 13:03:15","2026-08-03 12:10:41"
1285,1285,サードンの手下,サードンノテシタ,Saadonnoteshita,2,0,,https://xn--10-yg4a1a3kyh.jp/a_mon/../a_mon/dq10_monster_k_sa-donnoteshita.html,/storage/images/monsters/1285.webp,ヒポポ・サードンに仕える忠実な部下で元海賊。落とし穴を使うなどひきょうな戦いかたを好む。,"絶対の忠誠を誓っているが ヒポポのひびきには いまだに ちょっと笑っちゃうらしい。なのでフルネーム呼び禁止。","2026-07-27 13:03:12","2026-08-03 12:10:41"
1286,1286,ブランドンビースト,ブランドンビースト,Burandonbiisuto,2,0,,https://xn--10-yg4a1a3kyh.jp/a_mon/../a_mon/dq10_monster_k_burandombi-suto.html,/storage/images/monsters/1286.webp,大商人ブランドンに飼われる魔物ペットの中の１匹。もっとも凶暴な性格ゆえにかわいがられている。,"さる魔物商人から ブランドンが買い取った。毎日与えられるエサは 最高級しもふり肉だったとか。","2026-07-27 13:22:26","2026-08-03 12:10:41"
1287,1287,大地の竜バウギア,ダイチノリュウバウギア,Daichinoryuubaugia,11,0,,https://xn--10-yg4a1a3kyh.jp/a_mon/../a_mon/dq10_monster_k_daichinoryuubaugia.html,/storage/images/monsters/1287.webp,"オーグリード大陸の地底に眠る天災級の破壊力を持つ古代竜。目覚めれば 大地震を起こし大陸を海に沈めるという。","大地の竜には複数の 矛盾する伝承が残っており 何が真実かはいまだ不明。今後の解明が待たれる。","2026-07-27 13:12:29","2026-07-29 12:20:41"
1288,1288,憎悪の精霊樹,ゾウオノセイレイジュ,Zouonoseireiju,3,0,,https://xn--10-yg4a1a3kyh.jp/a_mon/../a_mon/dq10_monster_k_zonoseireiju.html,/storage/images/monsters/1288.webp,"モリナラ大森林の樹々に宿る精霊たちの ヒトへの憎悪がひとつに集まり邪悪な木の魔物となった。","精霊たちの集合体なので 気持ちが ひとつにならないと この姿を保てない。一致団結モンスター。","2026-07-27 13:11:16","2026-07-29 12:20:41"
1289,1289,災厄の尖兵,サイヤクノセンペイ,"Calamity Guard",10,0,,https://draquex.com/monster/s-92.php,/storage/images/monsters/1289.webp,"世告げの姫を亡き者とするため何者かが つかわした刺客。手にした４つの凶器で地上に 災厄をまきちらす。","世告げの姫シュゼとテルナが ロディアを結界へ隠したことに 気付くのが遅れたため 任務を失敗することとなった。","2026-03-12 19:37:33","2026-07-29 12:20:41"
1290,1290,ラギー,ラギー,Ragii,4,0,,https://xn--10-yg4a1a3kyh.jp/a_mon/../a_mon/dq10_monster_k_ragi-.html,/storage/images/monsters/1290.webp,"闇芸人 ルルルリーチに従う残虐非道のグレムリン。旅芸人を抹殺することを使命としている。","魔物界では そこそこ有名な グレムリン3兄弟の長男。自分が得をするために 強い者には巻かれる。","2026-07-27 13:31:35","2026-08-03 12:09:04"
1291,1291,ムギー,ムギー,Mugii,4,0,,https://xn--10-yg4a1a3kyh.jp/a_mon/../a_mon/dq10_monster_k_mugi-.html,/storage/images/monsters/1291.webp,"闇芸人 ルルルリーチに従う残虐非道のグレムリン。旅芸人を抹殺することを使命としている。","魔物界では そこそこ有名な グレムリン3兄弟の次男。自分が得をするために とことん 弱い者をこき使う。","2026-07-27 13:27:54","2026-08-03 12:09:04"
1292,1292,チギー,チギー,Chigii,4,0,,https://xn--10-yg4a1a3kyh.jp/a_mon/../a_mon/dq10_monster_k_chigi-.html,/storage/images/monsters/1292.webp,"闇芸人 ルルルリーチに従う残虐非道のグレムリン。旅芸人を抹殺することを使命としている。","魔物界では そこそこ有名な グレムリン3兄弟の三男。自分が得をするために あらゆるウソをつきまくる。","2026-07-27 13:13:05","2026-08-03 12:09:04"
1293,1293,闇芸人ルルルリーチ,ヤミゲイニンルルルリーチ,Yamigeininrurururiichi,4,0,,https://xn--10-yg4a1a3kyh.jp/a_mon/../a_mon/dq10_monster_k_yamigeininrurururi-chi.html,/storage/images/monsters/1293.webp,"ボルブァンの兄弟子で天性の芸の才能を持つが芸に 強い憎しみを抱き旅芸人を抹殺しようとした。","誰よりも面白いはずの 自分の芸が 世間に認められず 絶望してしまった闇芸人。病み芸人と呼ばれたりする。","2026-07-27 13:29:22","2026-08-03 12:09:04"
1294,1294,魔賢者アクバー,マケンジャアクバー,Makenjaakubaa,4,0,,https://xn--10-yg4a1a3kyh.jp/a_mon/../a_mon/dq10_monster_k_makenjaakuba-.html,/storage/images/monsters/1294.webp,"数百年もの間 呪いに姿を変え賢者たちに取り憑いていた狡猾で残忍な 魔界の賢者。世界征服の野望を抱いていた。","コイツの呪いに心を侵され 闇賢者に堕ちてしまった者は どこかにいるのだろうか？ 主 亡き今 彼らは何を……。","2026-07-27 13:24:54","2026-08-03 12:09:04"
1295,1295,巨戦鬼ゴルゴンザ,キョセンキゴルゴンザ,Kyosenkigorugonza,4,0,,https://xn--10-yg4a1a3kyh.jp/a_mon/../a_mon/dq10_monster_k_kyosenkigorugonza.html,/storage/images/monsters/1295.webp,"かつて 研究者デルクロアをこき使った 巨人の魔物。その巨体から くりだされる一撃は巨岩をも砕く。","毎年 魔界でおこなわれる チカラ自慢コンテストで 上位に入る実力者だが どうにも勝てない強敵がいた。","2026-07-27 12:59:05","2026-08-03 12:09:04"
1296,1296,カンダタこぶん,カンダタコブン,Kandatakobun,14,0,,https://xn--10-yg4a1a3kyh.jp/a_mon/../a_mon/dq10_monster_k_kandatakobun.html,/storage/images/monsters/1296.webp,"いつも 親分のカンダタにぞんざいに扱われている子分。ウサを晴らすかのように痛恨の一撃を放つ。","自分はハダカ同然なのに 子分には黄金のよろいを着せる カンダタは 気前がいいのか 見栄張りなのか 趣味なのか？","2026-07-27 12:57:14","2026-08-03 13:05:38"
1297,1297,ギャスモン,ギャスモン,Gyasumon,7,0,,https://xn--10-yg4a1a3kyh.jp/a_mon/../a_mon/dq10_monster_k_gyasumon.html,/storage/images/monsters/1297.webp,"ドワーフたちの欲望につけ込み利用する 邪悪な炎の化身。中央の核を取り除かない限り消滅することはない。","ギャスモンハートは極小で 盗むには 相当な技術がいる。えらそうなこと言ってても 意外とノミの心臓なのだ。","2026-07-27 12:58:11","2026-07-29 12:20:41"
1298,1298,けがれの渦,ケガレノウズ,Kegarenouzu,7,0,,https://xn--10-yg4a1a3kyh.jp/a_mon/../a_mon/dq10_monster_k_kegarenozu.html,/storage/images/monsters/1298.webp,"死神の息吹と呼ばれるはやり病をバラまいた元凶。全身が呪いによってけがれた物質で できている。","自分の魂を宿すに ふさわしい 身体の持ち主を探していたが ついに見つけた持ち主に 返り討ちにあうとは想定外。","2026-07-27 13:00:48","2026-07-29 12:20:41"
1299,1299,武闘魔ガウラド,ブトウマガウラド,Butoumagaurado,8,0,,https://xn--10-yg4a1a3kyh.jp/a_mon/../a_mon/dq10_monster_k_butomagaurado.html,/storage/images/monsters/1299.webp,"超天道士の弟子 ヤーンの従者ガウラドの正体。超天道士と戦い そのチカラをうばうため 魔界から来た。","私が使命を果たせなかった時 この手紙を見てください。超天道士様より預かった 武闘家の証をヤーン様に。","2026-07-27 13:22:08","2026-07-29 12:20:41"
1300,1300,メギドローム,メギドローム,Megidoroomu,8,0,,https://xn--10-yg4a1a3kyh.jp/a_mon/../a_mon/dq10_monster_k_megidoro-mu.html,/storage/images/monsters/1300.webp,ミラクルゾーンを覚えるためリュナンを誘拐した強大にして残忍な魔術師。強くなることに貪欲な性格。,"その 悪のカリスマにより 多くの配下を抱えているが 使えない部下ばかりなのが 悩みのタネ。","2026-07-27 13:28:54","2026-07-29 12:20:41"
1301,1301,舞踏魔プレシアンナ,ブトウマプレシアンナ,Butoumapureshianna,8,0,,https://xn--10-yg4a1a3kyh.jp/a_mon/../a_mon/dq10_monster_k_butomapureshianna.html,/storage/images/monsters/1301.webp,"１００年に ひとりの天才プレシアンナが 人の心を捨てモンスターゾーンに入り魔物となった究極の姿。","まだ見ぬ踊りを追求し続けた 好奇心の強い女性が 知らぬ間に 道を踏み外した。純粋と狂気は紙一重。","2026-07-27 13:22:11","2026-07-29 12:20:41"
1302,1302,闇蜘蛛マルギト,ヤミクモマルギト,Yamikumomarugito,5,0,,https://xn--10-yg4a1a3kyh.jp/a_mon/../a_mon/dq10_monster_k_yamikumomarugito.html,/storage/images/monsters/1302.webp,"悩める人々を救いたいと願うマルグリットの心の闇から生まれた もうひとつの意思が恐ろしい魔物と成り果てた。","悩み苦しみ 思い惑う存在を 不完全で下等だとさげすむ。それこそが 人らしさだと 認めることができないのだ。","2026-07-27 13:29:19","2026-07-29 12:20:41"
1303,1303,闇の狂戦士,ヤミノキョウセンシ,Yaminokyousenshi,14,0,,https://xn--10-yg4a1a3kyh.jp/a_mon/../a_mon/dq10_monster_k_yaminokyosenshi.html,/storage/images/monsters/1303.webp,"戦士なら誰にでもあるという黒い欲望が 具現化したもの。詩歌の遺跡にて おのれの心を見つめた時 体内から現れた。","仮面の下の 自分の顔は 邪悪に みにくく歪んでいる。倫理的に問題があったため 自主規制で隠した。","2026-07-27 13:29:24","2026-08-03 13:05:38"
1304,1304,超天道士ヤーン,チョウテントウシヤーン,Choutentoushiyaan,14,0,,https://xn--10-yg4a1a3kyh.jp/a_mon/../a_mon/dq10_monster_k_chotendoshiya-n.html,/storage/images/monsters/1304.webp,"伝説の武闘家として名高い超天道士の唯一の弟子でその名を継いだ 若き武闘家。普段は わりとチャラい。","彼が素手での闘いを好むのは 確実に 闘う相手の気の流れを 感じるためであり 決して 武器が使えないわけではない。","2026-07-27 13:13:16","2026-08-03 13:05:38"
1305,1305,魔物商人デイラー,マモノショウニンデイラー,Mamonoshounindeiraa,14,0,,https://xn--10-yg4a1a3kyh.jp/a_mon/../a_mon/dq10_monster_k_mamonoshonindeira-.html,/storage/images/monsters/1305.webp,魔物を悪事に利用する魔物商人たちのリーダー。キッズを手に入れるためファーベルたちに近づいた。,"キッズを変貌させた粉。魔物と まもの使いの絆を 断ち切る粉……。その方面では その名が知れた 粉の権威。","2026-07-27 13:26:58","2026-08-03 13:05:38"
1306,1306,キッズ,キッズ,Kizzu,11,0,,https://xn--10-yg4a1a3kyh.jp/a_mon/../a_mon/dq10_monster_k_kizzu.html,/storage/images/monsters/1306.webp,絶滅寸前の超レア種ゴールデンキングリザード。ファーベルの相棒が変わり果てた姿。,"ゴールデンキングリザードは 本来 人には なつかないが ファーベルの澄んだ瞳を見て 断ち切られた絆が再生した。","2026-07-27 12:57:49","2026-07-29 12:20:41"
1307,1307,ツクモモン,ツクモモン,Tsukumomon,4,0,,https://xn--10-yg4a1a3kyh.jp/a_mon/../a_mon/dq10_monster_k_tsukumomon.html,/storage/images/monsters/1307.webp,長い年月を経たものに邪気が宿り魔物の姿を成した。ふわふわしながら油断させて生命力を吸い取りにくる。,"小精霊の一種でエルトナでは つくも神と呼ばれることも。身体中にススをまとっており 触れると手が真っ黒に汚れる。","2026-07-27 13:13:27","2026-08-03 12:09:04"
1308,1308,鬼門のヌエ,キモンノヌエ,Kimonnonue,2,0,,https://xn--10-yg4a1a3kyh.jp/a_mon/../a_mon/dq10_monster_k_kimonnonue.html,/storage/images/monsters/1308.webp,命を落とした天地雷鳴士の魂が刀に宿り妖刀となった。闇の流星を空から落とし夜の深淵へと引きずり込む。,"天地雷鳴士の陰衆は 夜に呪術や暗殺をおこなうため 人々は恐れをもって彼らを 夜に鳴く妖怪 ヌエと呼んだ。","2026-07-27 12:58:06","2026-08-03 12:10:41"
1309,1309,テンオツ鬼神,テンオツキジン,Ten'otsukijin,8,0,,https://xn--10-yg4a1a3kyh.jp/a_mon/../a_mon/dq10_monster_k_tenotsukishin.html,/storage/images/monsters/1309.webp,天地の間を守るといわれる幻魔テンオツキジンが凶神として召喚された姿。悪霊の渦を呼び世に災禍をまきちらす。,"テンオツキジンは陰の気と 陽の気を兼ね備えた存在。そのため外見は女性に見えるが 同時に男性でもあるという。","2026-07-27 13:14:07","2026-07-29 12:20:41"
1310,1310,千夜フウジン,センヤフウジン,Sen'yafuujin,2,0,,https://xn--10-yg4a1a3kyh.jp/a_mon/../a_mon/dq10_monster_k_senyafuujin.html,/storage/images/monsters/1310.webp,みぞうの大災害である千夜嵐の核となる荒ぶる双神の片割れ。風を自在にあやつり人を吹き飛ばすことが喜び。,"右手に持つふうじんの盾は 千夜フウジンのお手製。自分の顔を盾に刻むという ナルシストな一面がある。","2026-07-27 13:11:00","2026-08-03 12:10:41"
1311,1311,千夜ライジン,センヤライジン,Sen'yaraijin,2,0,,https://xn--10-yg4a1a3kyh.jp/a_mon/../a_mon/dq10_monster_k_senyaraijin.html,/storage/images/monsters/1311.webp,みぞうの大災害である千夜嵐の核となる荒ぶる双神の片割れ。雷を自在にあやつり人を焼き払うことが楽しみ。,"千夜フウジンに隠している ナイショの趣味がある。それはおヘソを集めることで 特に子供のヘソがいいらしい。","2026-07-27 13:11:02","2026-08-03 12:10:41"
1312,1312,魔獣ビュブロス,マジュウビュブロス,Majuubyuburosu,2,0,,https://xn--10-yg4a1a3kyh.jp/a_mon/../a_mon/dq10_monster_k_majuubyuburosu.html,/storage/images/monsters/1312.webp,"クチからはなつ怪光線で人々の魂をうばいとる死神のような 黒い猛獣。全部で３頭いるらしい。","ビュブロスの卵は 人の魂に 植えつけられるという。ふ化の際は おたけびと共に 胸を突き破り 生まれいでる。","2026-07-27 13:25:19","2026-08-03 12:10:41"
1313,1313,魔鳥の頭目,マチョウノトウモク,Machounotoumoku,6,0,,https://xn--10-yg4a1a3kyh.jp/a_mon/../a_mon/dq10_monster_k_machonotomoku.html,/storage/images/monsters/1313.webp,"カルサドラ火山に降り立った魔鳥軍団の勇ましき長。かかげたスローガンはこの恐怖 カルサドラ発！","ご先祖様は 世界の一部を 牛耳るほどの実力者だった。かつての栄光を取り戻すため 魔鳥の頭目 今日もゆく。","2026-07-27 13:26:28","2026-07-29 12:20:41"
1314,1314,荒城の守護精,コウジョウノシュゴセイ,Koujounoshugosei,3,0,,https://xn--10-yg4a1a3kyh.jp/a_mon/../a_mon/dq10_monster_k_kojonoshugosei.html,/storage/images/monsters/1314.webp,王者の脚甲を守護する使命を与えられ荒城の隠し御殿に君臨する夢幻の森に生まれた精霊。,"初代王者が夢幻の森に植えた 一本の若木に魂が宿り やがて守護精となったという。","2026-07-27 13:01:54","2026-07-29 12:20:41"
1315,1315,悪夢の追っ手,アクムノオッテ,Akumunootte,12,0,,https://xn--10-yg4a1a3kyh.jp/a_mon/../a_mon/dq10_monster_k_akumunotte.html,/storage/images/monsters/1315.webp,"かつて ユゼットの命を奪った追っ手に対する ロディアの恐怖が具現化して生まれた悪夢からの追跡者。","この魔物の元となった追っ手が なぜ ロディアとコゼットを 狙っていたのか……そのカギは ふたりの過去に あるらしい。","2026-07-27 12:51:55","2026-07-29 12:20:41"
1316,1316,下級亡霊兵士,カキュウボウレイヘイシ,Kakyuuboureiheishi,10,0,,https://xn--10-yg4a1a3kyh.jp/a_mon/../a_mon/dq10_monster_k_kakyuuboreiheishi.html,/storage/images/monsters/1316.webp,ラグアス王子が見た予知夢の中にも現れたフォステイルに恨みを持つ亡霊たちの一般兵。,"上からの命令に背くと ここには書けないような 厳しい刑に処せられる。兵士は 規律が大事なのだ。","2026-07-27 12:56:41","2026-07-29 12:20:41"
1317,1317,深海の守護者,シンカイノシュゴシャ,Shinkainoshugosha,7,0,,https://xn--10-yg4a1a3kyh.jp/a_mon/../a_mon/dq10_monster_k_shinkainoshugosha.html,/storage/images/monsters/1317.webp,王者のマントを守護する使命を与えられ時の刻みし海溝に君臨する深海より現れし者。,"暴君バサグランデの戦いにより チカラを失った王者のマントに 悠久の年月をかけて 彼がふたたびチカラを与えた。","2026-07-27 13:08:25","2026-07-29 12:20:41"
1318,1318,三闘の守護霊,サントウノシュゴレイ,Santounoshugorei,7,0,,https://xn--10-yg4a1a3kyh.jp/a_mon/../a_mon/dq10_monster_k_santonoshugorei.html,/storage/images/monsters/1318.webp,王者の盾を守護する使命を与えられ三闘の神殿に君臨する三闘士の残留思念の集合体。,"ドワチャッカ大陸を開拓した 三闘士の思念は今ひとつとなり 王者の座を目指す者の訪れを ずっと待ち望んでいた。","2026-07-27 13:03:58","2026-07-29 12:20:41"
1319,1319,氷殿の守護兵,ヒョウデンノシュゴヘイ,Hyoudennoshugohei,8,0,,https://xn--10-yg4a1a3kyh.jp/a_mon/../a_mon/dq10_monster_k_hyodennoshugohei.html,/storage/images/monsters/1319.webp,王者のかぶとを守護する使命を与えられ万年雪の砦に君臨する精強無比の兵士。,"万年雪の番人カモフの 祖先にあたる者が 悠久の時を経るうちに 魔獣と化した姿。","2026-07-27 13:19:45","2026-07-29 12:20:41"
1320,1320,尖塔の守護鬼,セントウノシュゴキ,Sentounoshugoki,8,0,,https://xn--10-yg4a1a3kyh.jp/a_mon/../a_mon/dq10_monster_k_sentonoshugoki.html,/storage/images/monsters/1320.webp,王者のこてを守護する使命を与えられ始まりの塔に君臨する塔の魔力により生まれた魔物。,"元々は気性の荒い魔物だったが エバト王に敗れ 以後は 彼に 仕えるようになった。忠誠心に厚く 意外に賢い。","2026-07-27 13:10:54","2026-07-29 12:20:41"
1321,1321,ダークポイックリン,ダークポイックリン,Daakupoikkurin,14,0,,https://xn--10-yg4a1a3kyh.jp/a_mon/../a_mon/dq10_monster_k_da-kupoikkurin.html,/storage/images/monsters/1321.webp,ポイックリンに化けて悪事を働いていた怪盗の鬼。攻撃力や守備力を盗む能力で敵を弱体化し自分を強化する。,"ピンチョを誘いだした先で 仕込みによってプロポーズを させる流れに追い込んだ。大胆かつ手段を選ばない乙女。","2026-07-27 13:12:10","2026-08-03 13:05:38"
1322,1322,悪魔キェルグ,アクマキェルグ,Akumakyerugu,4,0,,https://xn--10-yg4a1a3kyh.jp/a_mon/../a_mon/dq10_monster_k_akumakierugu.html,/storage/images/monsters/1322.webp,憎しみを自身の糧にする悪魔。ファヒータの憎悪を利用してある目的のために３つの秘宝を集めさせていた。,"クァバルナの血肉を与えられ 作りだされた忠実なしもべ。クァバルナを親のように慕い その復活のため精魂を傾ける。","2026-07-27 12:51:39","2026-08-03 12:09:04"
1323,1323,労魔デスワーク,ロウマデスワーク,Roumadesuwaaku,13,0,,https://xn--10-yg4a1a3kyh.jp/a_mon/../a_mon/dq10_monster_k_romadesuwa-ku.html,/storage/images/monsters/1323.webp,遊び人の内なる不安に起因して古の奉仕ロボの中に生まれた労働強制プログラム。精神操作で遊び人を襲った。,"デスワークの戦闘形態は 本来は古代の奉仕ロボが 主人の身を守るために 備えていたものだとか。","2026-07-27 13:33:15","2026-07-29 12:20:41"
1324,1324,変異ケダモン,ヘンイケダモン,Hen'ikedamon,2,0,,https://xn--10-yg4a1a3kyh.jp/a_mon/../a_mon/dq10_monster_k_henikedamon.html,/storage/images/monsters/1324.webp,ケダモンの変異種と思われたがどうやら未知の世界から来たまったく別種の生物らしい。怪しげな光線を放つので注意。,"ケダ子と名付けられたが じつはオス。本当の名前は アストルティアでは音声として 認識できないものらしい。","2026-07-27 13:23:26","2026-08-03 12:10:41"
1325,1325,イレイザーＧｅ５０,イレイザージーイーゴジュウ,Ireizaajiiiigojuu,9,0,,https://xn--10-yg4a1a3kyh.jp/a_mon/../a_mon/dq10_monster_k_ireiza-ge50.html,/storage/images/monsters/1325.webp,ボンドルという少年に化けＰ８９０の命を狙った暗殺者。ある組織にやとわれていたがその詳細はスミの中である。,"イレイザーシリーズの暗殺者は このGe50のほかに 5uM1 Kc85 3mPRの 3体が報告されているらしい。","2026-07-27 12:54:14","2026-07-29 12:20:41"
1326,1326,首領プライド,シュリョウプライド,Shuryoupuraido,14,0,,https://xn--10-yg4a1a3kyh.jp/a_mon/../a_mon/dq10_monster_k_shuryopuraido.html,/storage/images/monsters/1326.webp,商会とは名ばかりの非合法組織を運営する暗黒街の若きカリスマ。ウデっぷしも相当なもの。,"今回 おナワとなったが すぐに釈放される算段が ととのっているとの本人談。悪の根は深いようだ……。","2026-07-27 13:07:45","2026-08-03 13:05:38"
1327,1327,黄金のバブリン,オウゴンノバブリン,Ougonnobaburin,7,0,,https://xn--10-yg4a1a3kyh.jp/a_mon/../a_mon/dq10_monster_k_ogonnobaburin.html,/storage/images/monsters/1327.webp,お金持ちの間で大流行中の珍しい金色のバブリン。飼い主のお金を景気よくばらまいて攻撃する。,"黄金ボディにあこがれて 自らを金メッキで塗りかため 黄金のバブリンをかたる 詐称バブリンもいるという。","2026-07-27 12:55:35","2026-07-29 12:20:41"
1328,1328,欲望の邪鬼ゴモル,ヨクボウノジャキゴモル,Yokubounojakigomoru,7,0,,https://xn--10-yg4a1a3kyh.jp/a_mon/../a_mon/dq10_monster_k_yokubonojakigomoru.html,/storage/images/monsters/1328.webp,数百年前に大罪を犯した金の亡者のなれの果て。死んだ後も金に執着し多くの命を奪い続けた。,"お金が好きで お金のためなら 盗みも殺しもしてきた外道だが 生前はゴールド神の称号を 自慢げにつけていたという。","2026-07-27 13:30:41","2026-07-29 12:20:41"
1329,1329,大地の怒竜バウギア,ダイチノドリュウバウギア,Daichinodoryuubaugia,11,0,,https://xn--10-yg4a1a3kyh.jp/a_mon/../a_mon/dq10_monster_k_daichinodoryuubaugia.html,/storage/images/monsters/1329.webp,"愛し子を失い 怒りに我を失ういにしえの竜。大地を震わせ灼熱の炎で集落を焼き大陸を地獄に変えたという。","古き伝承によると大地の竜は オス竜とメス竜の2匹がおり それぞれに悲劇的な運命の 末路をたどったらしい。","2026-07-27 13:12:27","2026-07-29 12:20:41"
1330,1330,ヒポポ・サードン,ヒポポ・サードン,"Hipopo Saadon",2,0,,https://xn--10-yg4a1a3kyh.jp/a_mon/../a_mon/dq10_monster_k_hipoposa-don.html,/storage/images/monsters/1330.webp,猫島の乗っ取りをたくらむリベリオのライバル。得意のオノを振り回しチカラまかせの攻撃を好む。,"幼いころ リベリオと共に マンマーに育てられた。自分がネコではないと気づき 猫島を飛びだしたらしい。","2026-07-27 13:19:40","2026-08-03 12:10:41"
1331,1331,レオン・ビュブロ,レオン・ビュブロ,"Reon Byuburo",2,0,,https://xn--10-yg4a1a3kyh.jp/a_mon/../a_mon/dq10_monster_k_reombyuburo.html,/storage/images/monsters/1331.webp,"かつて 賢者ブロッゲンの手で葬られた 大いなる凶獣。その子らが 魂を呼び覚ましふたたび現世に姿を現した。","かつての戦いは激戦だった。ブロッゲンのメラが あと5秒 遅かったら ビュブロの鋭牙が 彼の胸を貫いていただろう。","2026-07-27 13:32:59","2026-08-03 12:10:41"
1332,1332,怒りのプスゴン,イカリノプスゴン,Ikarinopusugon,11,0,,https://xn--10-yg4a1a3kyh.jp/a_mon/../a_mon/dq10_monster_k_ikarinopusugon.html,/storage/images/monsters/1332.webp,スイの塔のてっぺんにスウィートルームを築いていたファンシー好きの怪獣。心からハニーを愛する。,"棲みかを捨て 役目を捨て 熱い想いだけを胸に抱き ヤツは去っていった。怪獣プスゴン どこへ行く……。","2026-07-27 12:53:47","2026-07-29 12:20:41"
1333,1333,スカラベーダー,スカラベーダー,Sukarabeedaa,5,0,,https://xn--10-yg4a1a3kyh.jp/a_mon/../a_mon/dq10_monster_k_sukarabe-da-.html,/storage/images/monsters/1333.webp,"人の踏み入らない遺跡などを棲みかとする おそろしいフンコロガシの化け物。外敵がいないため肥えた。","実際は フンを転がさず 巨大な岩を後ろ足で運んで 器用に要塞のような巣を作る。ベーダーの称号は 匠の証。","2026-07-27 13:09:22","2026-07-29 12:20:41"
1334,1334,上級亡霊兵士,ジョウキュウボウレイヘイシ,Joukyuuboureiheishi,10,0,,https://xn--10-yg4a1a3kyh.jp/a_mon/../a_mon/dq10_monster_k_jokyuuboreiheishi.html,/storage/images/monsters/1334.webp,"メギストリス流の剣術を使いこなす エリート亡霊兵。メギストリス城の精鋭部隊を全滅させる程の実力を持つ。","地獄の訓練に耐え抜いたのか その実力は本物。忠誠心が高く 規律も守る。最近 こういう若者が少ない。","2026-07-27 13:07:50","2026-07-29 12:20:41"
1335,1335,封印の左手,フウインノヒダリテ,Fuuinnohidarite,4,0,,https://xn--10-yg4a1a3kyh.jp/a_mon/../a_mon/dq10_monster_k_fuuinnohidarite.html,/storage/images/monsters/1335.webp,ラーディス王の命により王の遺した石版を守護する。似たような姿の相棒がおりコンビネーションは抜群。,"数百年に渡って 王の石版を 一緒に守ってきた相方とは もはや夫婦も同然である。どちらが夫役かは不明。","2026-07-27 13:20:34","2026-08-03 12:09:04"
1336,1336,封印の右手,フウインノミギテ,Fuuinnomigite,4,0,,https://xn--10-yg4a1a3kyh.jp/a_mon/../a_mon/dq10_monster_k_fuuinnomigite.html,/storage/images/monsters/1336.webp,"ラーディス王の命により王の遺した石版を守護する。あまい息 もうどくのきりなどいやらしい技を使う。","チカラ押しは相方にまかせて そのフォローを担っている。ということは こちらが 妻役の可能性が高い。","2026-07-27 13:20:37","2026-08-03 12:09:04"
1337,1337,ゴールデンゴーレム,ゴールデンゴーレム,Balhib,4,0,,https://draquex.com/monster/k-108.php,/storage/images/monsters/1337.webp,黄金で作られた人形が神秘の呪文により命を得た。巨大なオノを振りおろし邪魔する者をなぎ払う。,"はるかな昔 神話の時代に翼を持つ人々により剣の守護者として封じられたと言い伝えられている。","2026-03-12 19:36:22","2026-08-03 12:09:04"
1338,1338,デモンシーサー,デモンシーサー,Demonshiisaa,2,0,,https://xn--10-yg4a1a3kyh.jp/a_mon/../a_mon/dq10_monster_k_demonshi-sa-.html,/storage/images/monsters/1338.webp,"学会では 魔獣ヘルシーサーの変異種として 知られているが目撃者の死亡事故が多くくわしい生態は 不明である。","個体数が きわめて少ないため 同族には めったに会えない。さみしい気持ちの 裏返しで 暴れてしまう 孤独な魔獣。","2026-07-27 13:13:55","2026-08-03 12:10:41"
1339,1339,ライノスローネ,ライノスローネ,Rainosuroone,2,0,,https://xn--10-yg4a1a3kyh.jp/a_mon/../a_mon/dq10_monster_k_rainosuro-ne.html,/storage/images/monsters/1339.webp,「皇帝」の名を冠するサイおとこ族の王の中の王。そのチカラはサイ強といわれサイ知にも長けているらしい。,"サイは投げられた……。大きな戦いを始める前 サイおとこの皇帝は そうつぶやいたという。","2026-07-27 13:31:30","2026-08-03 12:10:41"
1340,1340,闇夜の巨人,ヤミヨノキョジン,Yamiyonokyojin,4,0,,https://xn--10-yg4a1a3kyh.jp/a_mon/../a_mon/dq10_monster_k_yamiyonokyojin.html,/storage/images/monsters/1340.webp,"星のない夜のように真っ黒な ひとつ目の巨人。かつてのサテラの罪の意識が生みだしてしまった魔物。","サテラにとって星のない夜は 恐怖の象徴であった。その恐怖が具現化した巨人は 一切の希望を闇でぬりつぶす。","2026-07-27 13:29:42","2026-08-03 12:09:04"
1341,1341,呪いの影,ノロイノカゲ,Noroinokage,7,0,,https://xn--10-yg4a1a3kyh.jp/a_mon/../a_mon/dq10_monster_k_noroinokage.html,/storage/images/monsters/1341.webp,"写真機の光で姿を現す影のような魔物。いたずら好きな性格で呪いをかけ 皆を困らせる。","変わった物を見ると それが人様の物であろうと 盗む習性を持つため 魔物からも苦情が出ている。","2026-07-27 13:16:16","2026-07-29 12:20:41"
1342,1342,波怨竜,ハオンリュウ,Haonryuu,11,0,,https://xn--10-yg4a1a3kyh.jp/a_mon/../a_mon/dq10_monster_k_haonryuu.html,/storage/images/monsters/1342.webp,"かつてウェナ諸島に君臨した竜の魔物の なれの果て。自分を倒した戦士の血を引くルベカの命を狙っていた。","ウェディの戦士によって 倒された彼の身体は海に落ち やがて 骨だけとなったが その怨念は消えなかった。","2026-07-27 13:16:32","2026-07-29 12:20:41"
1343,1343,魔人スピンドル,マジンスピンドル,Majinsupindoru,12,0,,https://xn--10-yg4a1a3kyh.jp/a_mon/../a_mon/dq10_monster_k_majinsupindoru.html,/storage/images/monsters/1343.webp,"なんと スピンドル兵士長が魔物と入れ替わった！ 本人とは比較にならないほどすばやく動き チカラも強い。","現役時代のスピンドルは この魔物より はるかに強く おまけに美形だったらしい。時の流れは残酷だ。","2026-07-27 13:25:58","2026-07-29 12:20:41"
1344,1344,呪縛の魔獣,ジュバクノマジュウ,Jubakunomajuu,9,0,,https://xn--10-yg4a1a3kyh.jp/a_mon/../a_mon/dq10_monster_k_jubakunomajuu.html,/storage/images/monsters/1344.webp,"ヒメアの恋人コハクが不老の禁術をほどこされそのチカラに たえきれず変わり果てた姿。","コハクは植物学者だった。世界樹の研究のために 久遠の森を訪れた彼は そこでヒメアと出会った。","2026-07-27 13:07:40","2026-07-29 12:20:41"
1345,1345,復讐鬼ガガイ,フクシュウキガガイ,Fukushuukigagai,14,0,,https://xn--10-yg4a1a3kyh.jp/a_mon/../a_mon/dq10_monster_k_fukushuukigagai.html,/storage/images/monsters/1345.webp,"かつて ランガーオ村の史上最強チャンピオンだった英雄ガガベスの ひとり息子。父の死で すべてを失った。","復讐を誓いながらも 正々堂々の勝負をつらぬいた。父の名に恥じぬ戦いをする。それが 彼の誇りなのだ。","2026-07-27 13:20:46","2026-08-03 13:05:38"
1346,1346,魔人兵士,マジンヘイシ,Majinheishi,12,0,,https://xn--10-yg4a1a3kyh.jp/a_mon/../a_mon/dq10_monster_k_majinheishi.html,/storage/images/monsters/1346.webp,"ガズバランの牙の策略によりガートラントの兵士と入れ替わった魔物たち。その正体は ぬいぐるみ。","ガートラント兵士たちの間にも 意外と チョコ神ぬいぐるみは 広まっていたらしい。ファンシー好きが多いのか？","2026-07-27 13:26:06","2026-07-29 12:20:41"
1347,1347,魔瘴竜,マショウリュウ,Mashouryuu,11,0,,https://xn--10-yg4a1a3kyh.jp/a_mon/../a_mon/dq10_monster_k_mashokuryuu.html,/storage/images/monsters/1347.webp,"魔瘴が生みだした巨大な竜。やみわらし ましょううおとは比較にならない強さを誇る。別名 ダークドラゴン。","太古の昔から存在し 世の平和を乱していた。多くの猛者が この竜に挑み そして 散っていった。","2026-07-27 13:25:41","2026-07-29 12:20:41"
1348,1348,ビッグバン岩,ビッグバンイワ,Bigguban'iwa,12,0,,https://xn--10-yg4a1a3kyh.jp/a_mon/../a_mon/dq10_monster_k_biggubangan.html,/storage/images/monsters/1348.webp,奇妙な異空間で出会ったナゾの巨大ばくだん岩。その爆発の威力はビッグバン級だという。,"決して自暴自棄になることなく 爆発の欲求を耐え抜いた 我慢強い ばくだん岩だけが ビッグバン岩になれるという。","2026-07-27 13:19:20","2026-07-29 12:20:41"
1349,1349,証人ラディスオー,ショウニンラディスオー,Shouninradeisuoo,13,0,,https://xn--10-yg4a1a3kyh.jp/a_mon/../a_mon/dq10_monster_k_shoninradisuo-.html,/storage/images/monsters/1349.webp,"王となる王家の男を試すため最後の男王ラーディスが石版と共に遺した からくり。テンションを上げるのが得意。","ラーディス王は からくりの 豊富な知識を持っていた。波紋の音叉も ラディスオーも 彼のお手製らしい。","2026-07-27 13:07:53","2026-07-29 12:20:41"
1350,1350,パルカラス亡霊王,パルカラスボウレイオウ,Parukarasuboureiou,10,0,,https://xn--10-yg4a1a3kyh.jp/a_mon/../a_mon/dq10_monster_k_parukarasuboreio.html,/storage/images/monsters/1350.webp,"５００年前 パルカラス王国を支配していた王。フォステイルに恨みを持ち現代に よみがえった。","その深い愛情は 娘である メギストリス姫に注がれ 国民には注がれなかった。悲しき 裸の王様。","2026-07-27 13:18:10","2026-07-29 12:20:41"
1351,1351,魔人ゼクセン,マジンゼクセン,Majinzekusen,4,0,,https://xn--10-yg4a1a3kyh.jp/a_mon/../a_mon/dq10_monster_k_majinzekusen.html,/storage/images/monsters/1351.webp,"ガズバランの牙の首領であるぬいぐるみ屋 ザッケスがピュージュのチカラを借りて凶悪な魔物と化した。","ガズバランとは オーガという 種族を作った神の名前。その剣は すべてを斬り裂き その牙は すべてをかみ砕く。","2026-07-27 13:26:01","2026-08-03 12:09:04"
1352,1352,マイラー三銃士,マイラーサンジュウシ,Mairaasanjuushi,14,0,,https://xn--10-yg4a1a3kyh.jp/a_mon/../a_mon/dq10_monster_k_maira-sanjuushi.html,/storage/images/monsters/1352.webp,"マイユさんに 愛と忠誠を捧げいかなる時も抜け駆けしないゆかいな同志。そうとも 我ら３人こそが マイラー三銃士！","不動のトップ2マイラーである 知のギオーダ 勇のガガンマ。ふたりに認められし者だけが マイラー三銃士になれる！","2026-07-27 13:24:27","2026-08-03 13:05:38"
1353,1353,アークキマイラ,アークキマイラ,Aakukimaira,2,0,,https://xn--10-yg4a1a3kyh.jp/a_mon/../a_mon/dq10_monster_k_a-kukimaira.html,/storage/images/monsters/1353.webp,八里離れた山林に生息するきわめて希少な魔法生物。人の姿を見ると凶暴化するため近づかないほうが身のため。,"いつか自分にも素敵な出会いが あるかもしれない……。そう思い手にした聖銀の鉱石を 渡す相手は まだいない。","2026-07-27 12:50:58","2026-08-03 12:10:41"
1354,1354,凶鳥フレス,キョウトリフレス,Kyoutorifuresu,6,0,,https://xn--10-yg4a1a3kyh.jp/a_mon/../a_mon/dq10_monster_k_kyochofuresu.html,/storage/images/monsters/1354.webp,けがれの谷底で生まれた凶兆をふりまく呪われし鳥。人間の子供が大好物で見かけると連れ去ってしまう。,"凶鳥フレスに出会った者には 地獄のような不幸が訪れるが みごと討ち倒した者には 栄光が訪れるとの伝承がある","2026-07-27 12:58:57","2026-07-29 12:20:41"
1355,1355,海賊トニー＆ベニー,カイゾクトニーアンドベニー,Kaizokutoniiandobenii,14,0,,https://xn--10-yg4a1a3kyh.jp/a_mon/../a_mon/dq10_monster_k_kaizokutoni-beni-.html,/storage/images/monsters/1355.webp,ツメとブーメランで襲ってくるスクアーロ海賊団の戦闘員。アジトのニセ情報を流すなど情報操作もお手の物。,"例え どんな聖人君子でも 彼らにからまれると 思わずイラッとするという 忍耐力を試されるコンビだ。","2026-07-27 12:56:25","2026-08-03 13:05:38"
1356,1356,海賊スクアーロ,カイゾクスクアーロ,Kaizokusukuaaro,14,0,,https://xn--10-yg4a1a3kyh.jp/a_mon/../a_mon/dq10_monster_k_kaizokusukua-ro.html,/storage/images/monsters/1356.webp,"自称 最強の極悪海賊スクアーロ海賊団の船長。３匹の殺し屋を呼びだして冒険者たちを苦しめる。","無類の女好きなのに いつも 寄ってくるのはヤローばかり。平手打ちで幕を閉じた 100度目の恋の復讐を誓う。","2026-07-27 12:56:22","2026-08-03 13:05:38"
1357,1357,デビルニャン,デビルニャン,Debirunyan,2,0,,https://xn--10-yg4a1a3kyh.jp/a_mon/../a_mon/dq10_monster_k_debirunyan.html,/storage/images/monsters/1357.webp,ヒトの財産を根こそぎ奪う巨猫の悪霊。禍々しい熊手を振り回して攻撃してくる。元は富を与える善神だった。,"猫の悪霊だが大の風呂好き。彼の造った欲望の大浴場は 元の住人が公衆浴場として 開放し 人気を博したそうだ。","2026-07-27 13:13:52","2026-08-03 12:10:41"
1358,1358,樹縛の悪鬼,ジュバクノアッキ,Jubakunoakki,3,0,,https://xn--10-yg4a1a3kyh.jp/a_mon/../a_mon/dq10_monster_k_jubakunoakki.html,/storage/images/monsters/1358.webp,"偽りの青き樹海の塔にいた正体不明の きりかぶ魔人。強力な呪文をあやつり３人組のチームワークで戦う。","固い友情で結ばれた彼らだが 食い意地だけは歯止めが効かず 100年に一度は おやつを巡って大ゲンカする。","2026-07-27 13:07:37","2026-07-29 12:20:41"
1359,1359,マジックハンド,マジックハンド,Majikkuhando,10,0,,https://xn--10-yg4a1a3kyh.jp/a_mon/../a_mon/dq10_monster_k_majikkuhando.html,/storage/images/monsters/1359.webp,辺境のほら穴の土から突然生まれたモンスター。まさにマジック並みの速さでどんどん仲間を呼び増殖する。,"異形獣のツノからもれ出した エネルギーがほら穴の土壌に 染みこんだために生まれた。これも生命の奇跡か？","2026-07-27 13:25:08","2026-07-29 12:20:41"
1360,1360,カンダタ,カンダタ,Kandata,14,0,,https://xn--10-yg4a1a3kyh.jp/a_mon/../a_mon/dq10_monster_k_kandata.html,/storage/images/monsters/1360.webp,"おなじみ 我らの大盗賊！ とにかくテンションが高く手下を集めては暴れまくる。回復呪文もお手のもの。","言わずと知れた大盗賊だが 己の野望にまっすぐで 言動に邪気がないので どこか憎めない悪のカリスマ？","2026-07-27 12:57:11","2026-08-03 13:05:38"
1361,1361,砂塵の幻馬,サジンノゲンバ,Sajinnogenba,2,0,,https://xn--10-yg4a1a3kyh.jp/a_mon/../a_mon/dq10_monster_k_sajinnogemma.html,/storage/images/monsters/1361.webp,"偽りの黄なる砂塵の塔にいた正体不明の 草食系魔人。風の呪文と砂のブレスで立ちはだかる敵をなぎ払う。","草食系のくせに気性が荒く 気に入らないことがあると 砂塵をまき散らして暴走する 手の付けられない暴れ馬。","2026-07-27 13:03:37","2026-08-03 12:10:41"
1362,1362,炎業の妖星,エンゴウノヨウセイ,Engounoyousei,12,0,,https://xn--10-yg4a1a3kyh.jp/a_mon/../a_mon/dq10_monster_k_engonoyosei.html,/storage/images/monsters/1362.webp,"偽りの赤き炎業の塔にいた正体不明の 惑星魔人。寝起きのキゲンはとことん悪く炎や爆発で辺りを焼き尽くす。","身にまとった黒雲は 5000年間眠り続けても 快適な夢見を約束する ふんわりふかふかの特注品。","2026-07-27 12:55:22","2026-07-29 12:20:41"
1363,1363,デスライラ,デスライラ,Desuraira,10,0,,https://xn--10-yg4a1a3kyh.jp/a_mon/../a_mon/dq10_monster_k_desuraira.html,/storage/images/monsters/1363.webp,故郷エクゼリアを焼かれ生きる希望を失ったシスター・ライラの弱さに怨念がとり憑いた。,"怨念にとり憑かれた者は 目の前が真っ暗になり 何も聞こえず身動きもとれず 苦しみだけを感じつづける。","2026-07-27 13:13:43","2026-07-29 12:20:41"
1364,1364,ドラゴンガイア・双,ドラゴンガイア・ソウ,"Doragongaia (Twin)",11,0,,https://xn--10-yg4a1a3kyh.jp/a_mon/../a_mon/dq10_monster_k_doragongaiaso.html,/storage/images/monsters/1364.webp,"見分けがつかないほどそっくりな 双子のドラゴン。こちらの攻撃を無効にする竜眼を使うので要注意。","じつは 魔軍十二将の一角の 双子の息子だったのだが スキルマスターの導きにより 試練の魔物として転生した。","2026-07-27 13:15:19","2026-07-29 12:20:41"
1365,1365,ヴォルカドラゴン,ヴォルカドラゴン,Vuorukadoragon,11,0,,https://xn--10-yg4a1a3kyh.jp/a_mon/../a_mon/dq10_monster_k_worukadoragon.html,/storage/images/monsters/1365.webp,"火山地帯で生まれ育ちマグマを食らうという炎竜。強烈な炎の呪文とブレス攻撃をあやつる まさに炎の化身。","背中の木が燃えてしまうので 自分は火炎攻撃をするくせに されるのはガマンならんという なんともワガママなヤツ。","2026-07-27 12:54:28","2026-07-29 12:20:41"
1366,1366,盗賊ラゴス,トウゾクラゴス,Touzokuragosu,14,0,,https://xn--10-yg4a1a3kyh.jp/a_mon/../a_mon/dq10_monster_k_tozokuragosu.html,/storage/images/monsters/1366.webp,闇に潜む悪名高き大盗賊。隠密行動を信条としているがいざとなるとブーメランで華麗に敵を斬り刻む。,"読み上げた詩は全13章中の 序章に過ぎないという。最終章の恥ずかしさは もだえ死に級とのウワサ。","2026-07-27 13:14:43","2026-08-03 13:05:38"
1367,1367,魔女グレイツェル,マジョグレイツェル,Majogureitsueru,8,0,,https://xn--10-yg4a1a3kyh.jp/a_mon/../a_mon/dq10_monster_k_majogureitseru.html,/storage/images/monsters/1367.webp,メルサンディ村を恨み英雄ザンクローネの身体をバラバラにして化け物に変え村を襲わせている魔女。,"昔はザンクローネのため よくパンを焼いていたらしい。だけど作るパンすべてが なぜか激辛になってしまう。","2026-07-27 13:25:44","2026-07-29 12:20:41"
1368,1368,アルゴングレート,アルゴングレート,Arugongureeto,11,0,,https://xn--10-yg4a1a3kyh.jp/a_mon/../a_mon/dq10_monster_k_arugongure-to.html,/storage/images/monsters/1368.webp,"万病に効く神秘の宝石アルゴンハートを宿す竜。しかし 今は絶滅してしまいその宝石も失われたという。","昔は アルゴリザードという 忠実な子分たちがいたが 住める場所が減るにつれて 姿を消してしまったらしい。","2026-07-27 12:52:48","2026-07-29 12:20:41"
1369,1369,諸刃の鋼竜,モロハノハガネリュウ,Morohanohaganeryuu,13,0,,https://xn--10-yg4a1a3kyh.jp/a_mon/../a_mon/dq10_monster_k_morohanokoryuu.html,/storage/images/monsters/1369.webp,"偽りの白き諸刃の塔にいた正体不明の 機械竜魔人。ミサイルとひかりのブレスで辺り一帯を焦土と化す。","魔人なのか竜なのか機械なのか 魔人の中でも謎多き存在。自分が何者かわからない 苛立ちで今日も暴れまわる。","2026-07-27 13:29:05","2026-07-29 12:20:41"
1370,1370,濁流の邪殻,ダクリュウノジャカク,Dakuryuunojakaku,9,0,,https://xn--10-yg4a1a3kyh.jp/a_mon/../a_mon/dq10_monster_k_dakuryuunojakaku.html,/storage/images/monsters/1370.webp,"偽りの黒き濁流の塔にいた正体不明の 甲殻類魔人。しおまねきで大波をあやつりすべてを濁流に飲み込む。","濁流に飲み込まれるかのような 過酷な人生を送るうちに 自他ともに認める 陰険な性格の持ち主になった。","2026-07-27 13:12:43","2026-07-29 12:20:41"
1371,1371,レプティリア,レプティリア,Reputeiria,13,0,,https://xn--10-yg4a1a3kyh.jp/a_mon/../a_mon/dq10_monster_k_reputiria.html,/storage/images/monsters/1371.webp,カグヤ＝ムーンを見張るため侵略者の王が王宮に仕掛けた監視装置。命令されたとおり冷徹に任務を遂行する。,"球体化するコンパクトボディは どんな場所にも侵入可能で いざとなれば監視対象を 抹殺する機能さえ備えている。","2026-07-27 13:33:07","2026-07-29 12:20:41"
1372,1372,ギーグハンマー・狂,ギーグハンマー・キョウ,"Giiguhanmaa (Frenzied)",11,0,,https://xn--10-yg4a1a3kyh.jp/a_mon/../a_mon/dq10_monster_k_gi-guhamma-kyo2.html,/storage/images/monsters/1372.webp,ある男の策略で闘争本能が暴走したギーグハンマー。狂乱のままにハンマーを振るい目に入る全てを破壊しつくす。,"とある魔界の名匠が鍛えた そのハンマーはギガトン級を 超える衝撃を受けてなお 一切曲がることがないという。","2026-07-27 12:57:25","2026-07-29 12:20:41"
1373,1373,ゴリウスの怨霊,ゴリウスノオンリョウ,Goriusunoonryou,10,0,,https://xn--10-yg4a1a3kyh.jp/a_mon/../a_mon/dq10_monster_k_goriusunonryo.html,/storage/images/monsters/1373.webp,ベルムドに対する怨念をキルギルに利用され魔物化。その怪力を活かして豪快に敵をかちあげる。,"魔物を盾にしてアラハギーロを 守ろうとした兵士長。非情なようだが 彼なりの 愛国心ゆえの決断だった。","2026-07-27 13:03:01","2026-07-29 12:20:41"
1374,1374,魔道士キルギル,マドウシキルギル,Madoushikirugiru,14,0,,https://xn--10-yg4a1a3kyh.jp/a_mon/../a_mon/dq10_monster_k_madoshikirugiru.html,/storage/images/monsters/1374.webp,魔勇者をも実験素材としたマッドな魔法研究家。実験体を思うままに操りチカラを試すのが至上の喜び。,"実験をくり返し ひたすらに 強い魔物を生み出すことだけを 目的として生きている。そのための手段は選ばない。","2026-07-27 13:26:39","2026-08-03 13:05:38"
1375,1375,魔人リンジャーラ,マジンリンジャーラ,,8,0,,,/storage/images/monsters/1375.webp,"偽りの禁呪の祭壇に 現れた魔人化したリンジャーラ。身の危険を 感じると強力な 召喚術を使ってくる。","子供の頃から 神童と呼ばれ 才能に 自信を持っていた。その自信に キズをつけたのは 一番大切な友達だった。","2026-07-27 17:08:28","2026-07-29 12:20:41"
1376,1376,ザ・ホール,ザ・ホール,"Za Hooru",12,0,,https://xn--10-yg4a1a3kyh.jp/a_mon/../a_mon/dq10_monster_k_zaho-ru.html,/storage/images/monsters/1376.webp,不思議なツボの中にしまわれた呪いや魔瘴の集合体。驚異的な吸引力でモノばかりか魔力さえも吸い込む。,"うたい文句によると ザ・ホールは吸引力の落ちない ただひとつの魔物であるとか。ただし何と比べたかは不明。","2026-07-27 13:03:50","2026-07-29 12:20:41"
1377,1377,ブラッドメイジ,ブラッドメイジ,Buraddomeiji,4,0,,https://xn--10-yg4a1a3kyh.jp/a_mon/../a_mon/dq10_monster_k_buraddomeiji.html,/storage/images/monsters/1377.webp,"刻印を刻まれた者を供物として 主に捧げようと襲いかかってくる 謎の神官。真紅のマントが 印象的だ。","自慢のマントを より血の色に 近づけようと 染め物に励む。ムラができるので返り血は あまり浴びたくないらしい。","2026-07-27 13:22:21","2026-08-03 12:09:04"
1378,1378,スカーレットナイト,スカーレットナイト,Sukaarettonaito,4,0,,https://xn--10-yg4a1a3kyh.jp/a_mon/../a_mon/dq10_monster_k_suka-rettonaito.html,/storage/images/monsters/1378.webp,"刻印を刻まれた者を供物として 主に捧げようと襲いかかってくる 闇の騎士。血に飢えた獣のように残忍。","多くのエモノを手にかけるたび ひるがえるマントが自然に 赤く染まったと豪語しているが 意外と実戦経験は少ない。","2026-07-27 13:09:19","2026-08-03 12:09:04"
1379,1379,グリーターデーモン,グリーターデーモン,Guriitaadeemon,4,0,,https://xn--10-yg4a1a3kyh.jp/a_mon/../a_mon/dq10_monster_k_guri-ta-de-mon.html,/storage/images/monsters/1379.webp,刻印を刻まれし者を主のもとへ届ける役目を持つ。荷物がおとなしく運ばれるようやけつくいきで動きを止める。,"荷物をなるべくキズつけず 新鮮なうちに届けたいのだが たまに つうこんのいちげきを 出してしまう うっかり者。","2026-07-27 13:00:15","2026-08-03 12:09:04"
1380,1380,バッドメーア,バッドメーア,Baddomeea,8,0,,https://xn--10-yg4a1a3kyh.jp/a_mon/../a_mon/dq10_monster_k_baddome-a.html,/storage/images/monsters/1380.webp,グリーターデーモンのおともをしている上位種の夢魔。まくらは寝るためではなく武器とするために持っている。,"下位の夢魔ナイトメーアの 血染めのまくらが血を吸いすぎ すっかり黒ずんでしまったとき バッドメーアが生まれるのだ。","2026-07-27 13:17:24","2026-07-29 12:20:41"
1381,1381,ひとくいドール,ヒトクイドール,Hitokuidooru,12,0,,https://xn--10-yg4a1a3kyh.jp/a_mon/../a_mon/dq10_monster_k_hitokuido-ru.html,/storage/images/monsters/1381.webp,"暗い洞くつの奥に住みつき通りがかった生き物を狙う。大きなエモノでも集団で襲いトゲを突き立てて しとめる。","おそろしい名前がついているが 人間を食べるわけではない。アタマのトゲを突き立てて 体液をチューチュー吸うのだ。","2026-07-27 13:19:33","2026-07-29 12:20:41"
1382,1382,トマホーガー,トマホーガー,Tomahoogaa,11,0,,https://xn--10-yg4a1a3kyh.jp/a_mon/../a_mon/dq10_monster_k_tomaho-ga-.html,/storage/images/monsters/1382.webp,偽りの世界のガリアル洞にどこからか流れついた魔物。巨大なオノを振り回しあらゆるものをなぎ倒す。,"トマホーガーはひとつのオノを 先祖代々 使い続けてきた。そのオノを失うことは許されず 寝る時も決して手放さない。","2026-07-27 13:15:02","2026-07-29 12:20:41"
1383,1383,魔剣士テグラム,マケンシテグラム,Makenshiteguramu,14,0,,https://xn--10-yg4a1a3kyh.jp/a_mon/../a_mon/dq10_monster_k_makenshiteguramu.html,/storage/images/monsters/1383.webp,"ダイム老の孫のテグラムが魔勇者アンルシアの魂にあやつられ 変身した姿。魔勇者に匹敵する能力を持つ。","ダイム老を安心させるべく アンルシア姫の近衛兵になると 決めたテグラム。その決意は 当の姫に裏切られてしまった。","2026-07-27 13:24:52","2026-08-03 13:05:38"
1384,1384,エース,エース,Eesu,1,0,,https://xn--10-yg4a1a3kyh.jp/a_mon/../a_mon/dq10_monster_k_e-su.html,/storage/images/monsters/1384.webp,"スキルマスターの秘蔵っ子。修行で ぷるぷるを克服した鋼鉄の突起から繰り出されるストライクは 強烈のひと言。","スキルマスターに潜在能力を 見いだされ修行の道に。敵は その強さに恐れおののき 思わず ぷるぷる震えだす。","2026-07-27 12:54:52","2026-07-29 12:20:41"
1385,1385,リルグレイド,リルグレイド,Rirugureido,13,0,,https://xn--10-yg4a1a3kyh.jp/a_mon/../a_mon/dq10_monster_k_rirugureido.html,/storage/images/monsters/1385.webp,"遠き銀河の彼方より 飛来せし恐るべき 侵略者の王。母星の繁栄のため他星系を滅ぼし 秘宝を奪う。","ヒトによく似た その姿は かつて 月世界襲撃を阻んだ 野蛮人をモデルに 設計した 最強の バトルフォーム。","2026-07-27 13:32:30","2026-07-29 12:20:41"
1386,1386,クリムゾンローグ,クリムゾンローグ,Kurimuzonroogu,8,0,,https://xn--10-yg4a1a3kyh.jp/a_mon/../a_mon/dq10_monster_k_kurimuzonro-gu.html,/storage/images/monsters/1386.webp,"刻印を刻まれた者を供物として 主に捧げようと襲いかかってくる血の処刑人。血塗られたオノの一撃は強烈。","目の前のエモノに夢中になり 背中が ガラ空きになるので 常にペアで行動するようにと 首領から命じられている。","2026-07-27 13:00:21","2026-07-29 12:20:41"
1387,1387,しびれくらげ先生,シビレクラゲセンセイ,Shibirekuragesensei,9,0,,https://xn--10-yg4a1a3kyh.jp/a_mon/../a_mon/dq10_monster_k_shibirekuragesensei.html,/storage/images/monsters/1387.webp,世界中の芸人たちから先生とあがめられるお笑い界の巨匠。特にぱふぱふ芸には並みならぬこだわりを持っている。,"必殺芸「いやんマダンテ！」は かつてプクランド流行語大賞で 見事グランプリに輝いた 先生往年の持ちネタである。","2026-07-27 13:05:58","2026-07-29 12:20:41"
1388,1388,禁書の守護者・左,キンショノシュゴシャ・ヒダリ,"Kinshonoshugosha Hidari",4,0,,https://xn--10-yg4a1a3kyh.jp/a_mon/../a_mon/dq10_monster_k_kinshonoshugoshahidari.html,/storage/images/monsters/1388.webp,,,"2026-07-27 12:59:57","2026-08-03 12:09:04"
1389,1389,禁書の守護者・右,キンショノシュゴシャ・ミギ,"Kinshonoshugosha Migi",4,0,,https://xn--10-yg4a1a3kyh.jp/a_mon/../a_mon/dq10_monster_k_kinshonoshugoshamigi.html,/storage/images/monsters/1389.webp,,,"2026-07-27 12:59:59","2026-08-03 12:09:04"
1390,1390,封魔フォーゲル,フウマフォーゲル,Fuumafuoogeru,10,0,,https://xn--10-yg4a1a3kyh.jp/a_mon/../a_mon/dq10_monster_k_fuumafo-geru.html,/storage/images/monsters/1390.webp,"封印した相手が存在したという記憶さえ根こそぎ奪ってしまう封印のプロ。封魔の邪法で呪文の封印も お手のもの。","封魔の主である虚無の邪神は 忘却と失意を司る神だという。神話の時代 アストルティアを 襲った悪しき存在の一角だ。","2026-07-27 13:20:40","2026-07-29 12:20:41"
1391,1391,慈愛のケモノ,ジアイノケモノ,Jiainokemono,1,0,,https://xn--10-yg4a1a3kyh.jp/a_mon/../a_mon/dq10_monster_k_jiainokemono.html,/storage/images/monsters/1391.webp,"ツルツルもちもちボディにあふれんばかりの愛をもって立ちはだかる試練のケモノ。慈愛のチカラで 包み込め！","聖光教主の心に宿る慈愛が 試練のケモノに化身した姿。やわらかくて大きいのが 教主にとって慈愛なのだろう。","2026-07-27 13:04:09","2026-07-29 12:20:41"
1392,1392,希望のケモノ,キボウノケモノ,Kibounokemono,6,0,,https://xn--10-yg4a1a3kyh.jp/a_mon/../a_mon/dq10_monster_k_kibonokemono.html,/storage/images/monsters/1392.webp,"かつて その翼に希望を乗せて大空を駆けまわったという幻のトリの試練のケモノ。希望を胸に 祈りをこめろ！","聖光教主の心に宿る希望が 試練のケモノに化身した姿。教主には空を飛びたいという 希望でもあるのだろうか？","2026-07-27 12:58:00","2026-07-29 12:20:41"
1393,1393,勇気のケモノ甲,ユウキノケモノコウ,Yuukinokemonokou,4,0,,https://xn--10-yg4a1a3kyh.jp/a_mon/../a_mon/dq10_monster_k_yuukinokemonoko.html,/storage/images/monsters/1393.webp,"大きな武器を自在に振るいなにものをも恐れることなく立ちはだかる試練のケモノ。勇気を持って 立ち向かえ！","聖光教主の心に宿る勇気が 試練のケモノに化身した姿。教主いわく甲のほうは 攻める勇気らしい。","2026-07-27 13:29:58","2026-08-03 12:09:04"
1394,1394,勇気のケモノ乙,ユウキノケモノオツ,Yuukinokemonootsu,4,0,,https://xn--10-yg4a1a3kyh.jp/a_mon/../a_mon/dq10_monster_k_yuukinokemonotsu.html,/storage/images/monsters/1394.webp,"鋭い武器をたくみにあやつり何度ヒザをついても 果敢に立ちはだかる試練のケモノ。勇気を持って 立ち向かえ！","聖光教主の心に宿る勇気が 試練のケモノに化身した姿。教主いわく乙のほうは 耐える勇気ということだ。","2026-07-27 13:29:55","2026-08-03 12:09:04"
1395,1395,英知のケモノ,エイチノケモノ,Eichinokemono,4,0,,https://xn--10-yg4a1a3kyh.jp/a_mon/../a_mon/dq10_monster_k_eichinokemono.html,/storage/images/monsters/1395.webp,"武闘派に見せかけた姿とは裏腹に 呪文の奥義を極めた知勇兼備の試練のケモノ。英知で見切り はねのけろ！","聖光教主の心に宿る英知が 試練のケモノに化身した姿。この姿になるあたり 教主の 英知はかなりえげつないはず。","2026-07-27 12:54:44","2026-08-03 12:09:04"
1396,1396,デイジーちゃん,デイジーチャン,Deijiichan,2,0,,https://xn--10-yg4a1a3kyh.jp/a_mon/../a_mon/dq10_monster_k_deiji-chan.html,/storage/images/monsters/1396.webp,"世界宿屋協会のリンクスが実験で造りだした ペット。改造を重ねて 戦闘力を大幅に 強化している。","戦うために造らレた ワタシは 強くナルために カラダを 改造サレ続ケタ。ああ コレデ ようやく 楽になレル。","2026-07-27 13:13:33","2026-08-03 12:10:41"
1397,1397,使い魔バジリウス,ツカイマバジリウス,Tsukaimabajiriusu,2,0,,https://xn--10-yg4a1a3kyh.jp/a_mon/../a_mon/dq10_monster_k_tsukaimabajiriusu.html,/storage/images/monsters/1397.webp,"聖守護者の槍を盗みだしその護りのチカラを破ることを企む魔族の先兵。使い魔といえども かなりの実力者だ。","名の示す通り 主人に仕える 使い魔だが 主が何者なのかは 今のところ不明。古代の魔族に 関係しているようだが……。","2026-07-27 13:13:24","2026-08-03 12:10:41"
1398,1398,ネグールドラゴン,ネグールドラゴン,Neguurudoragon,11,0,,https://xn--10-yg4a1a3kyh.jp/a_mon/../a_mon/dq10_monster_k_negu-rudoragon.html,/storage/images/monsters/1398.webp,古ガリアル洞をねぐらにする身体の大きなドラゴン。魔軍十二将にあこがれており十三将の座を狙っている。,"好物のグランベリーを食べすぎ ブクブクと太ってしまった。せめてスリムに見せようと 身体を黒塗りにしている。","2026-07-27 13:15:56","2026-07-29 12:20:41"
1399,1399,コスモマザー,コスモマザー,Kosumomazaa,5,0,,https://xn--10-yg4a1a3kyh.jp/a_mon/../a_mon/dq10_monster_k_kosumomaza-.html,/storage/images/monsters/1399.webp,宇宙船アルウェーン号に侵入していた宇宙生命体。電磁波をあやつりコピー人やキャノンで敵をせん滅する。,"コスモアイの中でも選ばれた ものだけがマザーに進化する。自らの子が発する信号は宇宙の 彼方からでも受信できるのだ。","2026-07-27 13:02:47","2026-07-29 12:20:41"
1400,1400,バルザックゾンビ,バルザックゾンビ,Baruzakkuzonbi,11,0,,https://xn--10-yg4a1a3kyh.jp/a_mon/../a_mon/dq10_monster_k_baruzakkuzombi.html,/storage/images/monsters/1400.webp,"悪名高き錬金術師が冥府から よみがえった姿。進化の秘法のためにある二人組を追っていた。","冥府から よみがえったが 思考能力は ほぼ持たず 生前の執念のみで 黄金の腕輪を探していた。","2026-07-27 13:18:16","2026-07-29 12:20:41"
1401,1401,陰の試練壱・陰霊,インノシレンイチ・インレイ,"Innoshiren'ichi Inrei",7,0,,https://xn--10-yg4a1a3kyh.jp/a_mon/../a_mon/dq10_monster_k_innoshirenichi.html,/storage/images/monsters/1401.webp,"代々 陰衆の頭領にのみ召喚できる試練のための物の怪。倒すことで天地雷鳴士の陰のチカラがグッと高まる。","かつての陰衆の祖先たちの 霊魂が融合した姿らしい。そのせいか性格は少々 ひねくれていて恨みがましい。","2026-07-27 12:54:25","2026-07-29 12:20:41"
1402,1402,リルクリムゾン,リルクリムゾン,Rirukurimuzon,7,0,,https://xn--10-yg4a1a3kyh.jp/a_mon/../a_mon/dq10_monster_k_rirukurimuzon.html,/storage/images/monsters/1402.webp,"古代の英雄グラランと死闘をくり広げし 災厄の王の魔心。ふたつ名の「赤き災い」の通り多くの国を血煙で包み込んだ。","VPマシーンでは魔物として 描かれたが 災厄の王が地上へ 降らせた 赤色流星群を示すと 主張している歴史書もある。","2026-07-27 13:32:27","2026-07-29 12:20:41"
1403,1403,暴魔アリゲーラ,ボウマアリゲーラ,Boumaarigeera,11,0,,https://xn--10-yg4a1a3kyh.jp/a_mon/../a_mon/dq10_monster_k_bomaarige-ra.html,/storage/images/monsters/1403.webp,水の領界に現れた謎多き魔物は計り知れないチカラを秘めていた。倒された後は煙のようになってどこかへ流れ去っていった。,"元はただのワニバーンだが 奇妙なチカラで凶暴化した。それはナドラガンドでは あまり見られない変化だった。","2026-07-27 13:24:00","2026-07-29 12:20:41"
1404,1404,紅獣バズレッド,コウジュウバズレッド,Koujuubazureddo,2,0,,https://xn--10-yg4a1a3kyh.jp/a_mon/../a_mon/dq10_monster_k_benikemonobazureddo.html,/storage/images/monsters/1404.webp,紅衣の悪夢団の首領バズレッドが秘薬を飲んで狂える獣へと変身した姿。もはや理性は崩壊している。,"すぐれた魔法学の知識と 最強のチカラを求める欲望が まさに紅衣の悪夢と呼ぶべき おそろしい魔獣を生み出した。","2026-07-27 13:22:53","2026-08-03 12:10:41"
1405,1405,護門将ゴウシルシャ,ゴモンショウゴウシルシャ,Gomonshougoushirusha,4,0,,https://xn--10-yg4a1a3kyh.jp/a_mon/../a_mon/dq10_monster_k_gomonshogoshirusha.html,/storage/images/monsters/1405.webp,いざないの間の番人に従い門を通らんと欲する者の前に立ちはだかる試練の魔物。強烈な連続攻撃に注意すべし。,"奈落の門と常世の門のはざまで さまよっていた所を拾われた。馬面の相方と暴れ回った記憶が かすかに残っているらしい。","2026-07-27 13:02:58","2026-08-03 12:09:04"
1406,1406,滅びの悪夢,ホロビノアクム,Horobinoakumu,10,0,,https://xn--10-yg4a1a3kyh.jp/a_mon/../a_mon/dq10_monster_k_horobinoakumu.html,/storage/images/monsters/1406.webp,"ダークドレアムの 忠実なるしもべ。呪いで 身動きを封じ敵を 滅びの悪夢へといざないそのまま 死に至らしめる。","志なかばで死んだ 大国の王は 世界も 我と ともに滅びよと ダークドレアムに 祈り 滅びの悪夢の化身となった。","2026-07-27 13:24:22","2026-07-29 12:20:41"
1407,1407,死の悪夢,シノアクム,Shinoakumu,10,0,,https://xn--10-yg4a1a3kyh.jp/a_mon/../a_mon/dq10_monster_k_shinoakumu.html,/storage/images/monsters/1407.webp,"ダークドレアムの 忠実なるしもべ。暗黒の魔法を 操り己の魔力を 最大に高めてから敵を 死の悪夢へといざなう。","神に絶望し自害した 大司教は 全ての者に 平等なる死をと ダークドレアムに 祈り 死の悪夢の化身となった。","2026-07-27 13:05:55","2026-07-29 12:20:41"
1408,1408,殺りくの悪夢,サツリクノアクム,Satsurikunoakumu,11,0,,https://xn--10-yg4a1a3kyh.jp/a_mon/../a_mon/dq10_monster_k_satsurikunoakumu.html,/storage/images/monsters/1408.webp,"ダークドレアムの 忠実なるしもべ。自在に 霧を操り終わりなき 殺りくの悪夢へと敵を いざなう。","平和をもたらした名高き英雄は 戦いへの渇望を満たしてくれと ダークドレアムに 祈り 殺りくの悪夢の化身となった。","2026-07-27 13:03:42","2026-07-29 12:20:41"
1409,1409,暴魔ゼラチド,ボウマゼラチド,Boumazerachido,12,0,,https://xn--10-yg4a1a3kyh.jp/a_mon/../a_mon/dq10_monster_k_bomazerachido.html,/storage/images/monsters/1409.webp,闇の領界に現れた謎多き魔物は妖しげなチカラを秘めていた。倒された後は煙のようになってどこかへ流れ去っていった。,"元はただのケミカルゼリーだが 奇妙なチカラで凶暴化した。それはアストルティアでは 見覚えのある変化だった。","2026-07-27 13:24:02","2026-07-29 12:20:41"
1410,1410,暴魔アヴィーロ,ボウマアヴィーロ,Boumaavyiiro,12,0,,https://xn--10-yg4a1a3kyh.jp/a_mon/../a_mon/dq10_monster_k_bomaabi-ro.html,/storage/images/monsters/1410.webp,氷の領界に現れた謎多き魔物は妖しげなチカラを秘めていた。倒された後は煙のようになってどこかへ流れ去っていった。,"極光の魔鉱石に 魔瘴が 宿ることで生まれた魔物。かつて極光都市アヴィーロは 魔鉱石により栄えたという。","2026-07-27 13:23:56","2026-07-29 12:20:41"
1411,1411,創世の樹の番人,そうせのきのばんにん,,8,0,,,/storage/images/monsters/1411.webp,うっかり光の河に落ちたあげくうっかり創世の樹の実を食べて番人を押しつけられた気の毒な元おおきづちの成れの果て。,"今はこの生活を満喫しているが ときどきシャバの空気を求めて 酒場にくり出しては星辰武王に おしかりを受けている。","2026-07-27 17:10:28","2026-07-29 12:20:41"
1412,1412,錯乱の竜,サクランノリュウ,Sakurannoryuu,11,0,,https://xn--10-yg4a1a3kyh.jp/a_mon/../a_mon/dq10_monster_k_sakurannoryuu.html,/storage/images/monsters/1412.webp,"協団長ヒアフが 修行の末はじめて 竜化に成功した姿。荒ぶる竜の本能に飲まれ我を失い 襲いかかってきた。","一度 成功しかけたときに アタマだけ竜化してしまい 元に戻るまで 生きた心地が しなかったという。","2026-07-27 13:03:34","2026-07-29 12:20:41"
1413,1413,魔瘴魂ナドラグル,マショウコンナドラグル,Mashoukonnadoraguru,14,0,,https://xn--10-yg4a1a3kyh.jp/a_mon/../a_mon/dq10_monster_k_mashokonnadoraguru.html,/storage/images/monsters/1413.webp,ナドラガ神に宿っていた魔瘴が邪悪な意思を芽生えさせた。大いなる闇の根源の分身を名乗っていたが真実はいかに？,"ナドラガは六種族神と戦うため 魔瘴のチカラを取り込んだが そこには大いなる闇の根源の ワナが張り巡らされていた。","2026-07-27 13:25:33","2026-08-03 13:05:38"
1414,1414,水神ギルギッシュ,スイジンギルギッシュ,Suijingirugisshu,11,0,,https://xn--10-yg4a1a3kyh.jp/a_mon/../a_mon/dq10_monster_k_suijingirugisshu.html,/storage/images/monsters/1414.webp,"霊木のしずくを守るという雄峰ランドン山頂の湖の主。それは ある魂と同化する前の水竜ギルギッシュだった。","誰も知らないほど昔から 雄峰ランドンに住まう竜。その存在はいつの時代も 神秘の樹木と共にあった。","2026-07-27 13:09:08","2026-07-29 12:20:41"
1415,1415,浄化のたまねぎ,ジョウカノタマネギ,Joukanotamanegi,3,0,,https://xn--10-yg4a1a3kyh.jp/a_mon/../a_mon/dq10_monster_k_jokanotamanegi.html,/storage/images/monsters/1415.webp,この世で最も清浄な身体を持つ聖なるタマネギ。分身と呪文で敵を打ち倒す最も精強なタマネギでもある。,"身体が清浄すぎるのが じつはコンプレックス。自分が臭くないことを恥じ 流した涙は至純の輝きを放つ。","2026-07-27 13:07:48","2026-07-29 14:57:31"
1416,1416,キングスパーキー,キングスパーキー,Kingusupaakii,6,0,,https://xn--10-yg4a1a3kyh.jp/a_mon/../a_mon/dq10_monster_k_kingusupa-ki-.html,/storage/images/monsters/1416.webp,突然現れた冒険者に敗北した後その悔しさをムネに猛特訓。新たな技の会得に成功してリベンジの機会を待っていた。,"ビルドアップしたボディに加え 王者の風格すら備えたのだが 光り物を集めることだけは やめられなかったもよう。","2026-07-27 12:59:40","2026-07-29 12:20:41"
1417,1417,ゼドラの影,ゼドラノカゲ,Zedoranokage,11,0,,https://xn--10-yg4a1a3kyh.jp/a_mon/../a_mon/dq10_monster_k_zedoranokage.html,/storage/images/monsters/1417.webp,５０００年の時を生きた巨竜が魔瘴に蝕まれた姿。その耐え難い苦痛に自我を失い世界に仇なす災厄と化した。,"完全に自我を失う直前 彼が最後に思いうかべたのは 遠く なつかしき家族と 愛する相棒の姿だった。","2026-07-27 13:10:43","2026-07-29 12:20:41"
1418,1418,ラーヴァドラゴン,ラーヴァドラゴン,Raavuadoragon,11,0,,https://xn--10-yg4a1a3kyh.jp/a_mon/../a_mon/dq10_monster_k_ra-badoragon.html,/storage/images/monsters/1418.webp,炎を食らって永遠に生きるとの伝説もある五つ首のドラゴン。絶え間のない炎を浴びた者は灰も残さずに焼き尽くされる。,"悪友であるディエゴの手伝いを するかどうかで5つのアタマの 意見が割れたが3対2の僅差で 手伝うことに決まったらしい。","2026-07-27 13:31:22","2026-07-29 12:20:41"
1419,1419,スライド,スライド,Suraido,1,0,,https://xn--10-yg4a1a3kyh.jp/a_mon/../a_mon/dq10_monster_k_suraido.html,/storage/images/monsters/1419.webp,"バルディスタの陰の実力者？ 小さな身体に秘めたチカラでカモをバタバタなぎ倒すとっても わるいスライムだ！","自分より身体の大きな魔物に バカにされるのが悔しくて 死ぬほど鍛えて強くなった。正真正銘の努力家でもある。","2026-07-27 13:09:30","2026-07-29 12:20:41"
1420,1420,ヒポキン,ヒポキン,Hipokin,2,0,,https://xn--10-yg4a1a3kyh.jp/a_mon/../a_mon/dq10_monster_k_hipokin.html,/storage/images/monsters/1420.webp,"バルディスタ札付きのワル。オノを振り回し カモをおびえさせる とってもわるいヒッポキングだ！","新調したオノを振り回し いずれは魔界を統一すると イキがっていたが スライドに ポコられ 舎弟になった。","2026-07-27 13:19:35","2026-08-03 12:10:41"
1421,1421,アシュー,アシュー,Ashuu,11,0,,https://xn--10-yg4a1a3kyh.jp/a_mon/../a_mon/dq10_monster_k_ashu-.html,/storage/images/monsters/1421.webp,"バルディスタ札付きのワル。右手の剣と左手の盾で カモをビビらせる とってもわるいアッシュリザードだ！","じつは 剣と盾は見かけ倒しで 剣術なんて からっきし。小さくても強いスライドに あこがれ 自ら舎弟になった。","2026-07-27 12:52:10","2026-07-29 12:20:41"
1422,1422,魔瘴狼イジャラン,マショウロウイジャラン,Mashourouijaran,2,0,,https://xn--10-yg4a1a3kyh.jp/a_mon/../a_mon/dq10_monster_k_mashoroijaran.html,/storage/images/monsters/1422.webp,"うっかり魔瘴石に触れた影響で凶暴化した さんぞくウルフ。はげしい頭痛が理性をむしばみ欲望のままに敵を引き裂く。","及ばざれば衰弱の果てに死に 過ぎたれば暴走の果てに滅ぶ。魅力的だが厄介でもある魔瘴は 長年 魔界を悩ませ続けてきた。","2026-07-27 13:25:38","2026-08-03 12:10:41"
1423,1423,殺りくのグレボス,サツリクノグレボス,Satsurikunogurebosu,2,0,,https://xn--10-yg4a1a3kyh.jp/a_mon/../a_mon/dq10_monster_k_satsurikunogurebosu.html,/storage/images/monsters/1423.webp,"ケルヘナ幻野の界隈をなわばりとする ならず者。弱そうな者を見つけるととりあえずインネンをつける。","二つ名は 自らつけたもの。あまり殺しはしない主義だが この二つ名のおかげで 勝手に恐れられて便利らしい。","2026-07-27 13:03:45","2026-08-03 12:10:41"
1424,1424,死霊姫ヤサギリ,シリョウヒメヤサギリ,Shiryouhimeyasagiri,10,0,,https://xn--10-yg4a1a3kyh.jp/a_mon/../a_mon/dq10_monster_k_shiryohimeyasagiri.html,/storage/images/monsters/1424.webp,"ギスマイヤーが死霊の書で召喚した タチの悪い死霊。聞くのもおぞましい呪いの歌を絶唱しながら襲いかかる。","自身を貴人と思い込んでいるが 生前は野盗のかしら。強奪した 金品に囲まれて暮らすうちに 妄想に飲み込まれてしまった。","2026-07-27 13:08:14","2026-07-29 12:20:41"
1425,1425,死霊兵クロマゲ,シリョウヘイクロマゲ,Shiryouheikuromage,10,0,,https://xn--10-yg4a1a3kyh.jp/a_mon/../a_mon/dq10_monster_k_shiryoheikuromage.html,/storage/images/monsters/1425.webp,ギスマイヤーが死霊の書で召喚した陰険な死霊。生前はモリナラ大森林を根城にする兵士くずれの野盗だった。,"飲む 遊ぶ 奪うという 享楽的な日々を過ごした挙句の 突然死。武士道ならぬ不死道を 歩みだすも無念に終わる。","2026-07-27 13:08:20","2026-07-29 12:20:41"
1426,1426,死霊王ギスマイヤー,シリョウオウギスマイヤー,Shiryouougisumaiyaa,14,0,,https://xn--10-yg4a1a3kyh.jp/a_mon/../a_mon/dq10_monster_k_shiryogizumaiya-.html,/storage/images/monsters/1426.webp,"死霊の書に魅入られ 道を踏み外したデスマスター。死霊の王国を築くことを夢見てヘドロの沼地に沈んだ。","生物の死体に愛着を抱き 標本収集を趣味にしていた。死の直前 収集した品々の 行く末を案じ 涙した。","2026-07-27 13:08:12","2026-08-03 13:05:38"
1427,1427,死霊兵ガテリアン,シリョウヘイガテリアン,Shiryouheigaterian,10,0,,https://xn--10-yg4a1a3kyh.jp/a_mon/../a_mon/dq10_monster_k_shiryoheigaterian.html,/storage/images/monsters/1427.webp,ギスマイヤーが死霊の書で召喚した凶悪な死霊。無数の戦死者の魂が結集し死と殺りくをまき散らす。,"死霊兵ガテリアンに宿る魂は ウルベア地下帝国との戦争で 命を散らしたガテリア皇国の 兵士たちのものである。","2026-07-27 13:08:17","2026-07-29 12:20:41"
1428,1428,せんりつザクロ,センリツザクロ,Senritsuzakuro,3,0,,https://xn--10-yg4a1a3kyh.jp/a_mon/../a_mon/dq10_monster_k_senritsuzakuro.html,/storage/images/monsters/1428.webp,砂漠の宝石と呼ばれる高級果実くれないザクロを落とす。果実狙いの盗人を返り討ちにし戦慄させること数知れず。,"くれないザクロは単に好物で おやつに携帯しているらしい。トボけた顔をしているが じつはかなりのグルメなのだ。","2026-07-27 13:11:05","2026-07-29 12:20:41"
1429,1429,陰獣,インジュウ,Injuu,2,0,,https://xn--10-yg4a1a3kyh.jp/a_mon/../a_mon/dq10_monster_k_injuu.html,/storage/images/monsters/1429.webp,いにしえよりテンオツ貴人に仕える美しく気高き獣。世界の陰と陽の均衡を保つためいつも陽獣と一緒にいる。,"古くから土の守り神として エルトナ大陸の豊穣の祈りを 受けてきた。テンオツ貴人の そばで昼寝をするのが好き。","2026-07-27 12:54:22","2026-08-03 12:10:41"
1430,1430,陽獣,ヨウジュウ,Youjuu,2,0,,https://xn--10-yg4a1a3kyh.jp/a_mon/../a_mon/dq10_monster_k_yojuu.html,/storage/images/monsters/1430.webp,いにしえよりテンオツ貴人に仕える美しく気高き獣。世界の陰と陽の均衡を保つためいつも陰獣と一緒にいる。,"古くから水の守り神として エルトナ大陸に豊かな潤いを 与えてきた。テンオツ貴人と 手まりで遊ぶのが好き。","2026-07-27 13:30:22","2026-08-03 12:10:41"
1431,1431,陰果の罪業,インガノザイゴウ,Inganozaigou,10,0,,https://xn--10-yg4a1a3kyh.jp/a_mon/../a_mon/dq10_monster_k_inganozaigo.html,/storage/images/monsters/1431.webp,"天地雷鳴士 陰衆が代々請け負ってきた闇が蓄積され次第に形を成していき自我を持つまでになった存在。","陰衆の頭領ヨイの身体を のっとろうとしていたが アサヒに入ってしまったため 調整に時間がかかったらしい。","2026-07-27 12:54:17","2026-07-29 12:20:41"
1432,1432,陰果の罪業・核,インガノザイゴウ・カク,"Inganozaigou Kaku",7,0,,https://xn--10-yg4a1a3kyh.jp/a_mon/../a_mon/dq10_monster_k_inganozaigokaku.html,/storage/images/monsters/1432.webp,"陰果の罪業の核となる邪念。大きな汚れが小さなシミから広がるように 巨大な邪悪も小さな罪から生まれるのだ。","代々陰衆では汚れ仕事を 請けた際 罪の意識を薄める 術を使っていたが その罪まで 消えるわけではなかったのだ。","2026-07-27 12:54:20","2026-07-29 12:20:41"
1433,1433,剣魔の伝霊,ケンマノデンレイ,Kenmanodenrei,14,0,,https://xn--10-yg4a1a3kyh.jp/a_mon/../a_mon/dq10_monster_k_kemmanodenrei.html,/storage/images/monsters/1433.webp,"剣の霊壇に祭られている剣魔の里の守護霊。実力のある剣魔一族の者に奥義 剣魔顕現を授ける。","奥義を授けるとき以外は 眠っているため 剣魔の里が すでに滅んでいることを 彼はまだ知らない。","2026-07-27 13:01:40","2026-08-03 13:05:38"
1434,1434,未完の魔導鬼,ミカンノマドウキ,Mikannomadouki,8,0,,https://xn--10-yg4a1a3kyh.jp/a_mon/../a_mon/dq10_monster_k_mikannomadoki.html,/storage/images/monsters/1434.webp,未完のご神体の間を守護するが自身の名前すら記憶にない未完成の魔物。魔導鬼一族に似ているが詳細は不明。,"ご神体の間の守護のほかに 何かの花を消し去る使命を 帯びていたような気もするが きっと 気のせいだろう。","2026-07-27 13:27:29","2026-07-29 12:20:41"
1435,1435,未完の破戒王,ミカンノハカイオウ,Mikannohakaiou,8,0,,https://xn--10-yg4a1a3kyh.jp/a_mon/../a_mon/dq10_monster_k_mikannohakaio.html,/storage/images/monsters/1435.webp,創造主を絶対視するがその名前すら記憶にない。破戒王ベルムドに似せて創られた未完成の魔物。,"わきあがる人間への憎悪に 戸惑いつつも この感情こそが 記憶を取り戻すカギだと信じ ただ憎しみをたぎらせる。","2026-07-27 13:27:26","2026-07-29 12:20:41"
1436,1436,超心覚の錬獣,チョウシンカクノレンジュウ,Choushinkakunorenjuu,2,0,,https://xn--10-yg4a1a3kyh.jp/a_mon/../a_mon/dq10_monster_k_choshinkakunorenjuu.html,/storage/images/monsters/1436.webp,"五感を超える新たな感覚である超心覚を会得するために星辰武王によって召喚された光の河に棲む 聖なる獣。","出番のない時は光の河の奥で 猫のように丸まって寝ており 呼ばれても 一向に起きない。相当ぐうたらなヤツらしい。","2026-07-27 13:13:13","2026-08-03 12:10:41"
1437,1437,オン,オン,On,8,0,,https://xn--10-yg4a1a3kyh.jp/a_mon/../a_mon/dq10_monster_k_on.html,/storage/images/monsters/1437.webp,アズラン地方に住まう土着神。怒りっぽいが豪快で気のいい温泉の神さまのひとり。火のチカラをつかさどる。,"オンセンズというコンビ名で センと一緒に プクレット村の 演芸グランプリに出るのが夢。熱く騒がしいツッコミ担当。","2026-07-27 12:56:04","2026-07-29 12:20:41"
1438,1438,セン,セン,Sen,8,0,,https://xn--10-yg4a1a3kyh.jp/a_mon/../a_mon/dq10_monster_k_sen.html,/storage/images/monsters/1438.webp,アズラン地方に住まう土着神。冷静沈着だが流されやすい温泉の神さまのひとり。水のチカラをつかさどる。,"オンセンズというコンビ名で オンと一緒に プクレット村の 演芸グランプリに出るのが夢。一見クールなボケ担当。","2026-07-27 13:10:49","2026-07-29 12:20:41"
1439,1439,遺跡の守護者,イセキノシュゴシャ,Isekinoshugosha,12,0,,https://xn--10-yg4a1a3kyh.jp/a_mon/../a_mon/dq10_monster_k_isekinoshugosha.html,/storage/images/monsters/1439.webp,ザード遺跡で石の魔人に使役されるゴーレム。海運都市ザードの防衛は彼らが担っていた。,"身体に描かれた紋様は ザード遺跡の壁にも見られる。かつて砂漠を支配した大ダコの 怨霊を鎮めるためのもの。","2026-07-27 12:54:04","2026-07-29 12:20:41"
1440,1440,歌声の化身,ウタゴエノケシン,Utagoenokeshin,9,0,,https://xn--10-yg4a1a3kyh.jp/a_mon/../a_mon/dq10_monster_k_utagoenokeshin.html,/storage/images/monsters/1440.webp,五声のひとつ「歌」の声を体現する声霊と呼ばれる存在。天唱楽師がゲストとして招き試練のライブをおこなった。,"彼の歌声はどんなに遠く はなれていても必ず届く。たとえ耳をふさいでいても 頭の中に直接ひびくという。","2026-07-27 12:54:31","2026-07-29 12:20:41"
1441,1441,反逆者ゴッツェ,ハンギャクシャゴッツェ,Hangyakushagottsue,11,0,,https://xn--10-yg4a1a3kyh.jp/a_mon/../a_mon/dq10_monster_k_hangyakushagottse.html,/storage/images/monsters/1441.webp,大魔王に反旗をひるがえす魔界解放軍のリーダー。特別な魔瘴石のチカラを使い大魔王の座を狙う。,"「大魔王に達する7つの習慣」 「ヴァルザード戦記」 「目指せネロドスボディ」 などの本を愛読している。","2026-07-27 13:19:03","2026-07-29 12:20:41"
1442,1442,ネロドスシャドウ,ネロドスシャドウ,Nerodosushadou,14,0,,https://xn--10-yg4a1a3kyh.jp/a_mon/../a_mon/dq10_monster_k_nerodosushado.html,/storage/images/monsters/1442.webp,彫刻家モヒペンコが呼びだした大魔王ネロドスの幻影。不死のチカラこそないがその強さは本物に匹敵する。,"生みだされた幻影は 強さこそ申し分ないが 元となった彫像から離れると たちまち消えてしまう。","2026-07-27 13:16:05","2026-08-03 13:05:38"
1443,1443,アトラスネオ,アトラスネオ,Atorasuneo,4,0,,https://xn--10-yg4a1a3kyh.jp/a_mon/../a_mon/dq10_monster_k_atorasuneo.html,/storage/images/monsters/1443.webp,暗黒球を進もうとする者の前に立ちはだかる邪悪な巨人。チカラまかせに振るわれる棍棒の一撃は大地をも砕く。,"見た目に似合わず地図を見て その場所を想像するのが好き。暗黒球から出られなくても 一向に苦にならないらしい。","2026-07-27 12:52:31","2026-08-03 12:09:04"
1444,1444,バズズエリート,バズズエリート,Bazuzueriito,4,0,,https://xn--10-yg4a1a3kyh.jp/a_mon/../a_mon/dq10_monster_k_bazuzueri-to.html,/storage/images/monsters/1444.webp,暗黒球を進もうとする者の前に立ちはだかる狡猾な魔獣。策略で相手を破滅させることに無上の喜びを感じている。,"若い頃から有能と評判で 出世街道を歩いてきたが その結果 暗黒球勤めに。左遷ではないかと疑っている。","2026-07-27 13:17:07","2026-08-03 12:09:04"
1445,1445,ベリアルオリジン,ベリアルオリジン,Beriaruorijin,4,0,,https://xn--10-yg4a1a3kyh.jp/a_mon/../a_mon/dq10_monster_k_beriaruorijin.html,/storage/images/monsters/1445.webp,"暗黒球を進もうとする者の前に立ちはだかる残忍な悪魔。持ち前の高い戦闘力は 一国の軍隊に匹敵すると怖れられる。","我こそ全ベリアルの始祖である との誇りを胸に生きているが 暗黒球暮らしで同族にも会えず プライドが満たされない日々。","2026-07-27 13:23:01","2026-08-03 12:09:04"
1446,1446,滅びの剣アンルシア,ホロビノケンアンルシア,Horobinoken'anrushia,14,0,,https://xn--10-yg4a1a3kyh.jp/a_mon/../a_mon/dq10_monster_k_horobinokenanrushia.html,/storage/images/monsters/1446.webp,"メドナムにより 滅びの手の相方として生みだされた存在。魔勇者が抱いていた世界への憎悪が存在の核となっている。","オリジナルの魔勇者と同様に マデサゴーラに認められる 存在でありたいと願ったが ついにかなうことはなかった。","2026-07-27 13:24:24","2026-08-03 13:05:38"
1447,1447,マデサゴーラ,マデサゴーラ,Madesagoora,14,0,,https://xn--10-yg4a1a3kyh.jp/a_mon/../a_mon/dq10_monster_k_madesago-ra.html,/storage/images/monsters/1447.webp,"メドナムにより滅びの手として生みだされた存在。作品への評価が厳しく 失敗作である偽りの世界の破壊を試みる。","オリジナルの大魔王と比べると 自分の作品への愛着が薄く 完璧主義ばかりが極まって ついつい壊してしまいがち。","2026-07-27 13:26:31","2026-08-03 13:05:38"
1448,1448,絶望のダークネス,ゼツボウノダークネス,Zetsubounodaakunesu,4,0,,https://xn--10-yg4a1a3kyh.jp/a_mon/../a_mon/dq10_monster_k_zetsubonoda-kunesu.html,/storage/images/monsters/1448.webp,"少女ソノラの心の闇が生み出した ちいさな怪物。子供のように駄々をこねながら襲いかかってくる。","友達からもらった宝物を 捨てられてしまった絶望が 具現化した存在。いつも キーキーと嘆いている。","2026-07-27 13:10:35","2026-08-03 12:09:04"
1449,1449,憎悪のダークネス,ゾウオノダークネス,Zouonodaakunesu,4,0,,https://xn--10-yg4a1a3kyh.jp/a_mon/../a_mon/dq10_monster_k_zonoda-kunesu.html,/storage/images/monsters/1449.webp,"少女ソノラの心の闇が生み出した ちいさな怪物。子供のように駄々をこねながら襲いかかってくる。","母親が勝手に大切な宝物を 捨てたことに対する憎悪が 具現化した存在。いつも キーキーと怒っている。","2026-07-27 13:11:18","2026-08-03 12:09:04"
1450,1450,邪毒のウィーヌム,ジャドクノウィーヌム,Jadokunouiinumu,4,0,,https://xn--10-yg4a1a3kyh.jp/a_mon/../a_mon/dq10_monster_k_jadokunowi-numu.html,/storage/images/monsters/1450.webp,人々の心に毒を植えつけその絶望を喰らうことを至上の喜びとする外道。好みの調理法は絶望の串焼き。,"魔界で著名な美食家だったが 魔界にはない絶望の味に 魅せられ アストルティアへ 活動の場を移した。","2026-07-27 13:06:41","2026-08-03 12:09:04"
1451,1451,絶望の魔剣士,ゼツボウノマケンシ,Zetsubounomakenshi,14,0,,https://xn--10-yg4a1a3kyh.jp/a_mon/../a_mon/dq10_monster_k_zetsubonomakenshi.html,/storage/images/monsters/1451.webp,魔剣士ディゼルが絶望に飲まれ自我を失った姿。暴走する感情と魔の波動を抑えられずすべてを破壊しようとする。,"父さんと母さんは俺が死ねば 俺を許してくれるだろうか？ 頭の中が黒く塗りつぶされて もう何も考えられない……。","2026-07-27 13:10:38","2026-08-03 13:05:38"
1452,1452,亡霊レブロ,ボウレイレブロ,Boureireburo,10,0,,https://xn--10-yg4a1a3kyh.jp/a_mon/../a_mon/dq10_monster_k_boreireburo.html,/storage/images/monsters/1452.webp,"かつて ネクロデア王国で名を馳せていた武器鍛冶職人。大魔王になるべき者のため技術書を守り続けていた。","生前 数えきれないほどの 武器を作り上げてきたが 振るうのは初めてだったため 内心 冷や冷やしていた。","2026-07-27 13:24:13","2026-07-29 12:20:41"
1453,1453,ザハルピオン,ザハルピオン,Zaharupion,5,0,,https://xn--10-yg4a1a3kyh.jp/a_mon/../a_mon/dq10_monster_k_zaharupion.html,/storage/images/monsters/1453.webp,ザハディガル岩峰に棲む伝説の巨大サソリ。その尾針には竜をも殺す強い毒を持つという。,"バルディスタ軍ではその猛毒を 武器として利用している。過去にはある将校が私欲のため 盗み出したこともあるとか。","2026-07-27 13:03:47","2026-07-29 12:20:41"
1454,1454,凶拳暴鬼ダルカス,キョウケンボウキダルカス,Kyoukenboukidarukasu,14,0,,https://xn--10-yg4a1a3kyh.jp/a_mon/../a_mon/dq10_monster_k_kyokembokidarukasu.html,/storage/images/monsters/1454.webp,武闘魔ガウラドの師匠。かつて魔界で凶拳暴鬼の異名をとどろかせた武闘家だったが超天道士に敗北し落ちぶれた。,"彼がガウラドを救ったのは 気まぐれなどではない。ゴロッキをにらむ幼い目に宿る 強い反逆の光を感じたからだ。","2026-07-27 12:58:44","2026-08-03 13:05:38"
1455,1455,百怨邪ジャモー,ヒャクオンジャジャモー,Hyakuonjajamoo,2,0,,https://xn--10-yg4a1a3kyh.jp/a_mon/../a_mon/dq10_monster_k_hyakuonjajamo-.html,/storage/images/monsters/1455.webp,"伝説の魔鳥 百怨邪として魔界のすべてを手に入れるためツボの中での長き眠りから目覚めた ももんじゃ。","雄ももんじゃたちが開く イケメンコンテストに出たら ダントツ優勝のイケメンだが 本人にその自覚はない。","2026-07-27 13:19:42","2026-08-03 12:10:41"
1456,1456,呼声の化身,ヨビゴエノケシン,Yobigoenokeshin,2,0,,https://xn--10-yg4a1a3kyh.jp/a_mon/../a_mon/dq10_monster_k_yobigoenokeshin.html,/storage/images/monsters/1456.webp,五声のひとつ「呼」の声を体現する声霊と呼ばれる存在。天奏士ピパップの呼び声に応じ待ち合わせの場所に現れた。,"呼ばれたサポートパイルは そのとき何をしていても急いで 駆けつけなければならない。食事中でもおかまいなし。","2026-07-27 13:30:50","2026-08-03 12:10:41"
1457,1457,オバケのピッピ,オバケノピッピ,Obakenopippi,10,0,,https://xn--10-yg4a1a3kyh.jp/a_mon/../a_mon/dq10_monster_k_obakenopippi.html,/storage/images/monsters/1457.webp,言うことを聞かない子供たちをさらってしまうというオバケ。月明かりの家の子供たちによりツボの中に閉じ込められた。,"子供をさらうことができたら 盛大にもてなして翌日には 家に帰してあげるつもりだが 一度もさらえたためしがない。","2026-07-27 12:56:01","2026-07-29 12:20:41"
1458,1458,言声の化身,ゲンセイノケシン,Genseinokeshin,4,0,,https://xn--10-yg4a1a3kyh.jp/a_mon/../a_mon/dq10_monster_k_genseinokeshin.html,/storage/images/monsters/1458.webp,五声のひとつ「言」の声を体現する声霊と呼ばれる存在。天奏士コトノハの呼び声に応じ言の葉の舞う地に現れた。,"強い思いの込められた言葉は その望みや恨みを具現化し 現実に影響をもたらしていく。それがすなわち呪文なのだ。","2026-07-27 13:01:29","2026-08-03 12:09:04"
1459,1459,剣魔ジルドラーナ,ケンマジルドラーナ,Kenmajirudoraana,14,0,,https://xn--10-yg4a1a3kyh.jp/a_mon/../a_mon/dq10_monster_k_kemmajirudora-na.html,/storage/images/monsters/1459.webp,"一族に伝わる究極奥義 剣魔顕現を使って強大な剣魔と化した魔元帥ゼルドラドの娘。","彼女は父の仇に挑戦した。それは恨みからではなく 自分自身を試すため。そして すべてに決着をつけるため。","2026-07-27 13:01:35","2026-08-03 13:05:38"
1460,1460,守護者ミトロン,シュゴシャミトロン,Shugoshamitoron,12,0,,https://xn--10-yg4a1a3kyh.jp/a_mon/../a_mon/dq10_monster_k_shugoshamitoron.html,/storage/images/monsters/1460.webp,ルファ神殿の最上階に現れた創生の祭壇の番人。光のチカラを探すモモモたちに試練として立ちはだかる。,"ルティアナの依り代である イルーシャが神殿を訪れた時は 出現しないルールになっており サボっていたわけではない。","2026-07-27 13:07:24","2026-07-29 12:20:41"
1461,1461,忘我のシシカバブ,ボウガノシシカバブ,Bouganoshishikababu,2,0,,https://xn--10-yg4a1a3kyh.jp/a_mon/../a_mon/dq10_monster_k_boganoshishikababu.html,/storage/images/monsters/1461.webp,様々な願いをかなえた代償に悪霊に呪われたシシカバブ。ユシュカのためにみがいた多彩な技で襲いかかってくる。,"デモンマウンテンに引き続き またもや呪われてしまった。純粋な心の持ち主だからこそ 呪術にかかりやすいのだ。","2026-07-27 13:23:29","2026-08-03 12:10:41"
1462,1462,フェンダ,フェンダ,Fyenda,11,0,,https://xn--10-yg4a1a3kyh.jp/a_mon/../a_mon/dq10_monster_k_fenda.html,/storage/images/monsters/1462.webp,元バンドマンの夫を持つバリバリのキャリアウーマン。仕事では辣腕を振るいバトルとなれば剛腕を振るう。,"チケット争奪戦を制するため つちかった情報網と人脈 ライブ遠征でつけた体力が 今の彼女の礎となっている。","2026-07-27 13:20:43","2026-07-29 12:20:41"
1463,1463,ハルバルド海賊団,ハルバルドカイゾクダン,Harubarudokaizokudan,14,0,,https://xn--10-yg4a1a3kyh.jp/a_mon/../a_mon/dq10_monster_k_harubarudokaizokudan.html,/storage/images/monsters/1463.webp,ハルバルド海賊団の団員たち。その中でもウデの立つ３人がハルバルド船長の護衛として常に行動を共にしている。,"それぞれエモノが異なるのは ハルバルド船長の命令。あらゆる敵に対応できるように 戦法を固定しない主義なのだ。","2026-07-27 13:18:27","2026-08-03 13:05:38"
1464,1464,ハルバルド船長,ハルバルドセンチョウ,Harubarudosenchou,14,0,,https://xn--10-yg4a1a3kyh.jp/a_mon/../a_mon/dq10_monster_k_harubarudosencho.html,/storage/images/monsters/1464.webp,悪名高いハルバルド海賊団を率いる悪逆非道の海賊船長。マドロック船長とは同じ船の乗組員だった過去がある。,"かつてはオノを愛用していたが マドロックがブーメランを 使うのを見てワシにもできると ブーメラン使いに転向した。","2026-07-27 13:18:30","2026-08-03 13:05:38"
1465,1465,怨讐のゲーダム,オンシュウノゲーダム,Onshuunogeedamu,9,0,,https://xn--10-yg4a1a3kyh.jp/a_mon/../a_mon/dq10_monster_k_onshuunoge-damu.html,/storage/images/monsters/1465.webp,女王ディオーレの命令でハルバルド海賊団捕縛を目指す魔法戦士だったが海神の秘宝の闇のチカラに飲み込まれた。,"海神の秘宝には海の邪神の チカラの一部が宿っていた。それは怨嗟の邪神と呼ばれる 存在と同一のものらしい。","2026-07-27 12:56:06","2026-07-29 12:20:41"
1466,1466,グリゴリきょじん,グリゴリキョジン,Gurigorikyojin,8,0,,https://xn--10-yg4a1a3kyh.jp/a_mon/../a_mon/dq10_monster_k_gurigorikyojin.html,/storage/images/monsters/1466.webp,試練場のグリゴリぼうずが英雄たちにリベンジしようと天啓の霊玉のチカラでパワーアップした姿。,"天啓の霊玉を手に入れるため 神様のフリをして 天使をだましていた時が 思いのほか楽しかったらしい。","2026-07-27 13:00:18","2026-07-29 12:20:41"
1467,1467,カーズ・ド・バニー,カーズ・ド・バニー,"Kaazu Do Banii",12,0,,https://xn--10-yg4a1a3kyh.jp/a_mon/../a_mon/dq10_monster_k_ka-zudobani-.html,/storage/images/monsters/1467.webp,無垢なる愛で迎えられいつのまにか忘れられた。さみしさと心細さで魔物と化したウサギのぬいぐるみ。,"とある骨董屋の店主いわく 稀代のぬいぐるみ職人が 魔界のプリンセスのために 一針一針縫った逸品だとか。","2026-07-27 12:56:12","2026-07-29 12:20:41"
1468,1468,アブカート,アブカート,Abukaato,10,0,,https://xn--10-yg4a1a3kyh.jp/a_mon/../a_mon/dq10_monster_k_abuka-to.html,/storage/images/monsters/1468.webp,生前は聡明なるアブカートと呼ばれていた。ある王に仕えイーリィンと並びそろって王の両翼を担っていた。,"誰より聡明で野心家の王は それゆえ孤独だった。皮肉にも かの女王は王を理解できる 唯一の相手だと思っていた。","2026-07-27 12:52:44","2026-07-29 12:20:41"
1469,1469,イーリィン,イーリィン,Iiryin,10,0,,https://xn--10-yg4a1a3kyh.jp/a_mon/../a_mon/dq10_monster_k_i-riin.html,/storage/images/monsters/1469.webp,"生前は勇敢なるイーリィンと呼ばれていた。かつて 多くの首級を挙げた槍と主君への忠誠心は死してなお苛烈。","数百年前の隣国からの侵略が 二国の対立の始まりだった。イーリィンの祖先も幾人か 仇敵の刃により落命している。","2026-07-27 12:53:15","2026-07-29 12:20:41"
1470,1470,哭声の化身,コクセイノケシン,Kokuseinokeshin,12,0,,https://xn--10-yg4a1a3kyh.jp/a_mon/../a_mon/dq10_monster_k_kokuseinokeshin.html,/storage/images/monsters/1470.webp,五声のひとつ「哭」の声を体現する声霊と呼ばれる存在。天奏士アカカの呼ぶ声に応じザグビナ遺構に現れた。,"悲しみや苦しみをくり返し もはやナミダすら枯れ果てた。そのヒトミは何も映すことなく ただ虚無を見つめている。","2026-07-27 13:02:31","2026-07-29 12:20:41"
1471,1471,妄執のグリンデア,モウシュウノグリンデア,Moushuunogurindea,6,0,,https://xn--10-yg4a1a3kyh.jp/a_mon/../a_mon/dq10_monster_k_moshuunogurindea.html,/storage/images/monsters/1471.webp,"神々の時代 天星郷に仇なし封じられた存在。光の河から現れ 飛び去る姿を少女に天使と見間違えられた。","神に軽んじられ不当な扱いを 受けたと逆恨みし 光の神殿を 急襲するが時すでに遅く 神々はその姿を消していた。","2026-07-27 13:28:59","2026-07-29 12:20:41"
1472,1472,呪いの歌姫,ノロイノウタヒメ,Noroinoutahime,9,0,,https://xn--10-yg4a1a3kyh.jp/a_mon/../a_mon/dq10_monster_k_noroinotahime.html,/storage/images/monsters/1472.webp,６００年前にコルレーン王国に現れた魔物。その歌声はどんな作物も枯らしてしまうという。,"趣味のガーデニングの最中に つい鼻歌を歌ってしまい 植物を枯らしてしまうのが 目下の悩み。","2026-07-27 13:16:13","2026-07-29 12:20:41"
1473,1473,原始獣フォドラス,げんしじゅうふぉどらす,,8,0,,,/storage/images/monsters/1473.webp,"太古のドワチャッカ大陸で暴虐の限りを尽くした魔物。当時 大地の三闘士が死闘の末に封印した。","三闘士の心域で発見された 宝石から現れたということは 記憶の産物であるということ。つまり本物は今もどこかに？","2026-07-27 17:11:07","2026-07-29 12:20:41"
1474,1474,闇のプスゴン,ヤミノプスゴン,Yaminopusugon,11,0,,https://xn--10-yg4a1a3kyh.jp/a_mon/../a_mon/dq10_monster_k_yaminopusugon.html,/storage/images/monsters/1474.webp,"闇のキーエンブレム・緑の邪悪なチカラに あやつられ我を失い 凶暴化してしまった怪獣プスゴン。","今もスイゼン湿原のどこかで すっかり 無口になった マイ・スウィートハートと デートを楽しんでいるらしい。","2026-07-27 13:29:38","2026-07-29 12:20:41"
1475,1475,闇のクァバルナ,ヤミノクァバルナ,Yaminokuabaruna,4,0,,https://xn--10-yg4a1a3kyh.jp/a_mon/../a_mon/dq10_monster_k_yaminokuabaruna.html,/storage/images/monsters/1475.webp,闇のキーエンブレム・黄の邪悪なチカラがポロヌスの穴一帯にただようクァバルナの残留思念に形を与えた。,"もしもエルジュたちより先に クァバルナを発見した者が いたなら その相手に乗り移り 実体化してしまっただろう。","2026-07-27 13:29:27","2026-08-03 12:09:04"
1476,1476,ケイト,ケイト,Keito,14,0,,https://xn--10-yg4a1a3kyh.jp/a_mon/../a_mon/dq10_monster_k_keito.html,/storage/images/monsters/1476.webp,疾風のように現れた暴風のような冒険者。あこがれのエックスさんに追いつくため強さを求める。,"集めた 闇のキーエンブレムは あこがれのエックスさんに 会えたら プレゼントする つもりだった。","2026-07-27 13:00:45","2026-08-03 13:05:38"
1477,1477,蘇りしラズバーン,ヨミガエリシラズバーン,Yomigaerishirazubaan,8,0,,https://xn--10-yg4a1a3kyh.jp/a_mon/../a_mon/dq10_monster_k_yomigaerishirazuba-n.html,/storage/images/monsters/1477.webp,"かつての主 大魔王ネロドスの不死のチカラにより蘇った守護者ラズバーンの真の姿。冥王ネルゲル復活をもくろむ。","アストルティア侵略のためには 勇者との戦いを避けねばと悟り ラズバーンは500年かけて 冥王ネルゲル誕生を画策した。","2026-07-27 13:31:15","2026-07-29 12:20:41"
1478,1478,キリングエナジー,キリングエナジー,Kiringuenajii,7,0,,https://xn--10-yg4a1a3kyh.jp/a_mon/../a_mon/dq10_monster_k_kiringuenaji-.html,/storage/images/monsters/1478.webp,創世のピラーの暴走を告げる炎のごときエネルギーの化身。あふれる熱気をほとばしらせ冷酷非情に襲いかかってくる。,"過去の暴走で天使ヘファースが 命を落とすことになったのは こいつと相打ちになったため。思いがけぬ敵討ちとなった。","2026-07-27 12:59:24","2026-07-29 12:20:41"
1479,1479,呻声の化身,シンセイノケシン,Shinseinokeshin,2,0,,https://xn--10-yg4a1a3kyh.jp/a_mon/../a_mon/dq10_monster_k_umekigoenokeshin.html,/storage/images/monsters/1479.webp,五声のひとつ「呻」の声を体現する声霊と呼ばれる存在。天奏士ガランの呼ぶ声に応じ荒ぶる魂の水湖に現れた。,"己をかえりみることなく ひたすらに肉体をきたえつづけ 耐えがたき苦しみに耐えた。その先に待つものは果たして？","2026-07-27 12:54:33","2026-08-03 12:10:41"
1480,1480,バズッチャイーナ,バズッチャイーナ,Bazutchaiina,4,0,,https://xn--10-yg4a1a3kyh.jp/a_mon/../a_mon/dq10_monster_k_bazutchai-na.html,/storage/images/monsters/1480.webp,"ピンクの毛がキュートな自称バズを統べる神。スウィーティーな絶技の数々 め・し・あ・が・れ☆","ポップでバズな写真を撮って まちかど掲示板にアップし おひねりを稼ぐことで 生活しているらしい。","2026-07-27 13:17:15","2026-08-03 12:09:04"
1481,1481,風の竜イゾラ,カゼノリュウイゾラ,Kazenoryuuizora,11,0,,https://xn--10-yg4a1a3kyh.jp/a_mon/../a_mon/dq10_monster_k_kazenoryuuizora.html,/storage/images/monsters/1481.webp,神話の時代から存在するといういにしえの竜の１匹で風のチカラをつかさどる。無明導師イゾラの真の姿。,"古き伝承によると 風の竜は いにしえの竜の中で もっとも 聡明なるものと言われており 雷の竜の相方が いたという。","2026-07-27 12:56:50","2026-07-29 12:20:41"
1482,1482,修練の竜アズーロ,シュウレンノリュウアズーロ,Shuurennoryuuazuuro,11,0,,https://xn--10-yg4a1a3kyh.jp/a_mon/../a_mon/dq10_monster_k_shuurennoryuuazu-ro.html,/storage/images/monsters/1482.webp,"イゾラの弟子 アズーロが竜化した姿。強くなりたいと強く願い 竜化の術を会得したその才能は底知れない。","師イゾラを尊敬しイゾラ推しの 第一人者を自負している。得意の手料理で 師に喜んで もらえるのが 何よりの楽しみ。","2026-07-27 13:07:15","2026-07-29 12:20:41"
1483,1483,蘇りしマアモン,ヨミガエリシマアモン,Yomigaerishimaamon,7,0,,https://xn--10-yg4a1a3kyh.jp/a_mon/../a_mon/dq10_monster_k_yomigaerishimaamon.html,/storage/images/monsters/1483.webp,"蘇りし冥王ネルゲルの呼びかけに応え 冥府の淵より帰ってきた大怨霊マアモン。怨念のまま襲いかかってくる。","みごと現世に蘇りし暁には 大陸中のドワーフを滅ぼし ドワチャッカの金銀財宝を 我が物とするつもりだった。","2026-07-27 13:31:07","2026-07-29 12:20:41"
1484,1484,蘇りしジュリアンテ,ヨミガエリシジュリアンテ,Yomigaerishijuriante,8,0,,https://xn--10-yg4a1a3kyh.jp/a_mon/../a_mon/dq10_monster_k_yomigaerishijuriante.html,/storage/images/monsters/1484.webp,"蘇りし冥王ネルゲルの呼びかけに応え 冥府の淵より帰ってきた妖魔ジュリアンテ。怨念のまま襲いかかってくる。","みごと現世に蘇りし暁には オーガの王たちをあやつり 全種族へ宣戦布告させ 世界を 戦火に包むつもりだった。","2026-07-27 13:31:01","2026-07-29 12:20:41"
1485,1485,蘇りしイッド,ヨミガエリシイッド,Yomigaerishiiddo,4,0,,https://xn--10-yg4a1a3kyh.jp/a_mon/../a_mon/dq10_monster_k_yomigaerishiiddo.html,/storage/images/monsters/1485.webp,"蘇りし冥王ネルゲルの呼びかけに応え 冥府の淵より帰ってきた魔軍師イッド。怨念のまま襲いかかってくる。","みごと現世に蘇りし暁には メギストリス王家の血を絶やし 魔瘴でプクランド大陸を 覆い尽くすつもりだった。","2026-07-27 13:30:58","2026-08-03 12:09:04"
1486,1486,蘇りしアラグネ,ヨミガエリシアラグネ,Yomigaerishiaragune,5,0,,https://xn--10-yg4a1a3kyh.jp/a_mon/../a_mon/dq10_monster_k_yomigaerishiaragune.html,/storage/images/monsters/1486.webp,"蘇りし冥王ネルゲルの呼びかけに応え 冥府の淵より帰ってきた怪蟲アラグネ。怨念のまま襲いかかってくる。","みごと現世に蘇りし暁には エルフの聖地を破壊し エルトナ大陸全土を死と絶望で 埋め尽くすつもりだった。","2026-07-27 13:30:54","2026-07-29 12:20:41"
1487,1487,蘇りしバサグランデ,ヨミガエリシバサグランデ,Yomigaerishibasagurande,2,0,,https://xn--10-yg4a1a3kyh.jp/a_mon/../a_mon/dq10_monster_k_yomigaerishibasagurande.html,/storage/images/monsters/1487.webp,"蘇りし冥王ネルゲルの呼びかけに応え 冥府の淵より帰ってきた暴君バサグランデ。怨念のまま襲いかかってくる。","みごと現世に蘇りし暁には 封印の巫女とその血脈を 皮切りにウェナ諸島全土を 滅ぼし尽くすつもりだった。","2026-07-27 13:31:03","2026-08-03 12:10:41"
1488,1488,蘇りし冥王ネルゲル,ヨミガエリシメイオウネルゲル,Yomigaerishimeiounerugeru,14,0,,https://xn--10-yg4a1a3kyh.jp/a_mon/../a_mon/dq10_monster_k_yomigaerishimeionerugeru.html,/storage/images/monsters/1488.webp,"５つの闇のキーエンブレムのチカラによって 再び蘇りし冥王ネルゲル。もっとも強き冒険者の魂を 食らわんとす。","アストルティアで倒された 悪しき魔物や悪人の魂は 復讐のため 皆すすんで 冥府の王の糧となったという。","2026-07-27 13:31:10","2026-08-03 13:05:38"
1489,1489,無声の化身,ムセイノケシン,Museinokeshin,1,0,,https://xn--10-yg4a1a3kyh.jp/a_mon/../a_mon/dq10_monster_k_museinokeshin.html,/storage/images/monsters/1489.webp,五声に新たに加わった六の声「無声」を体現する声霊。五声の試練を超えた者によって生みだされ無の境地に現れた。,声に出して伝えられない。そういうこともあるだろう。しかし想いはいつか通じる。あきらめてはならない。,"2026-07-27 13:27:59","2026-07-29 12:20:41"
1490,1490,原始のスライム,ゲンシノスライム,Genshinosuraimu,1,0,,https://xn--10-yg4a1a3kyh.jp/a_mon/../a_mon/dq10_monster_k_genshinosuraimu.html,/storage/images/monsters/1490.webp,"混沌の大地に 生まれたブルルンとした水色の巨体と無垢な まなざしがかわいらしい？モンスター。","皆さん おなじみのアイツらも 元は この1匹から始まった。彼こそが アストルティアで 初めてのスライムなのである。","2026-07-27 13:01:10","2026-07-29 12:20:41"
1491,1491,マスターグレイト,マスターグレイト,Masutaagureito,11,0,,https://xn--10-yg4a1a3kyh.jp/a_mon/../a_mon/dq10_monster_k_masuta-gureito.html,/storage/images/monsters/1491.webp,スキルマスターの弟子が呼ぶ最強クラスのドラゴン。マスタークラスを目指す者に資格があるか見極めんとする。,"名前にある「マスター」は スキルマスターが与えたが 彼自身が変身した姿ではないか というウワサも絶えない。","2026-07-27 13:26:14","2026-07-29 12:20:41"
1492,1492,門より出でし者,モンヨリイデシモノ,Mon'yoriideshimono,10,0,,https://xn--10-yg4a1a3kyh.jp/a_mon/../a_mon/dq10_monster_k_monyoriideshimono.html,/storage/images/monsters/1492.webp,地獄の門から生成された本来アストルティアには生息しない魔物。この討伐がガーディアンの任務のひとつ。,"門から生み出される魔物は その時によって姿が異なるため これらの魔物たちを総称して 門より出でし者と呼んでいる。","2026-07-27 13:29:11","2026-07-29 12:20:41"
1493,1493,門より出でし魔獣,モンヨリデデシマジュウ,Mon'yoridedeshimajuu,2,0,,https://xn--10-yg4a1a3kyh.jp/a_mon/../a_mon/dq10_monster_k_monyoriideshimajuu.html,/storage/images/monsters/1493.webp,"地獄の門から生成された魔獣。門の封印が ゆるんでいるため常時よりも強力な魔物が生成されるに至った。","魔神族ストレザーテの魔力から 生み出された。残忍かつ狡猾な 気質もストレザーテ本人の 性格が反映されたもの。","2026-07-27 13:29:08","2026-08-03 12:10:41"
1494,1494,魔神族の影人形,マジンゾクノカゲニンギョウ,Majinzokunokageningyou,14,0,,https://xn--10-yg4a1a3kyh.jp/a_mon/../a_mon/dq10_monster_k_majinzokunokageningyo.html,/storage/images/monsters/1494.webp,"封印が解けた地獄の門から生成された おぞましく強大な魔物。門そのものがある限り何体でも生み出される。","魔神族ストレザーテは無限の 魔力により姿を自在に変えた。本来の姿は雲をつくほど巨大で その頭は地獄の門に似ていた。","2026-07-27 13:26:03","2026-08-03 13:05:38"
1495,1495,ダースロード,ダースロード,Daasuroodo,11,0,,https://xn--10-yg4a1a3kyh.jp/a_mon/../a_mon/dq10_monster_k_da-suro-do.html,/storage/images/monsters/1495.webp,不安定な創生のチカラを取り込んだダースドラゴン。通常の個体よりも高い知能と強いチカラを持っている。,"ある天使に敗れ 長い間 封印されていたため 天使を憎み どうやって 皆殺しにするかを考えていた。","2026-07-27 13:12:16","2026-07-29 12:20:41"
1496,1496,天奏士シーギア,テンソウシシーギア,Tensoushishiigia,14,0,,https://xn--10-yg4a1a3kyh.jp/a_mon/../a_mon/dq10_monster_k_tensoshishi-gia.html,/storage/images/monsters/1496.webp,"天唱楽師に仕える者のひとり。最初に天奏士となった人物で彼の秘書的な役割をしている。性格は おっとり型。","天奏士の役割のひとつは 寝食を忘れて演奏にふける 天唱楽師をいさめたり 何かと世話を焼くことである。","2026-07-27 13:14:24","2026-08-03 13:05:38"
1497,1497,天奏士ピパップ,テンソウシピパップ,Tensoushipipappu,14,0,,https://xn--10-yg4a1a3kyh.jp/a_mon/../a_mon/dq10_monster_k_tensoshipipappu.html,/storage/images/monsters/1497.webp,天唱楽師に仕える者のひとり。天奏士としては新参だがまわりからの人気は高い様子。かなりのお嬢様気質。,"天奏士の役割のひとつは 慰問と称して天唱楽師が開く 演奏会に参加し 歌と踊りで 場を盛りあげることである。","2026-07-27 13:14:27","2026-08-03 13:05:38"
1498,1498,天奏士コトノハ,テンソウシコトノハ,Tensoushikotonoha,14,0,,https://xn--10-yg4a1a3kyh.jp/a_mon/../a_mon/dq10_monster_k_tensoshikotonoha.html,/storage/images/monsters/1498.webp,"天唱楽師に仕える者のひとり。若く見えるが 天奏士の中ではじつは いちばんの年上。性格はとても実直。","天奏士の役割のひとつは 五つの大陸の「声」のチカラが 集まる場所で チカラの状態を 監視することである。","2026-07-27 13:14:22","2026-08-03 13:05:38"
1499,1499,天奏士アカカ,テンソウシアカカ,Tensoushiakaka,14,0,,https://xn--10-yg4a1a3kyh.jp/a_mon/../a_mon/dq10_monster_k_tensoshiakaka.html,/storage/images/monsters/1499.webp,天唱楽師に仕える者のひとり。天奏士ピパップに次ぐ新参でまだまだ修行中の身。性格はちょっと臆病。,"天奏士の役割のひとつは 「声」をつかさどる声霊と 密に連絡を取りあい 良好な関係を保つことである。","2026-07-27 13:14:15","2026-08-03 13:05:38"
1500,1500,天奏士ガラン,テンソウシガラン,Tensoushigaran,14,0,,https://xn--10-yg4a1a3kyh.jp/a_mon/../a_mon/dq10_monster_k_tensoshigaran.html,/storage/images/monsters/1500.webp,天唱楽師に仕える者のひとり。粗野なふるまいが目立つがそこを主に気に入られたとか。がんばり屋さんとのウワサも。,"天奏士の役割のひとつは 必要とあらば それぞれが 得意とする武器を手にして 戦いにおもむくことである。","2026-07-27 13:14:19","2026-08-03 13:05:38"
1501,1501,天声の化身,テンセイノケシン,Tenseinokeshin,6,0,,https://xn--10-yg4a1a3kyh.jp/a_mon/../a_mon/dq10_monster_k_tenseinokeshin.html,/storage/images/monsters/1501.webp,"かつて五声に分かれた原初の声「天声」を体現する化身。六聖陣のひとり 天唱楽師の身を借り 天声の間に現れた。","天声は 女神ルティアナの声。呼 言 歌 哭 呻の声となり 五つの種族に加護を与え 生き方に影響をもたらした。","2026-07-27 13:14:13","2026-07-29 12:20:41"
1502,1502,混沌竜ランブルス,コントンリュウランブルス,Kontonryuuranburusu,11,0,,https://xn--10-yg4a1a3kyh.jp/a_mon/../a_mon/dq10_monster_k_kontonryuuramburusu.html,/storage/images/monsters/1502.webp,神話の時代にナドラガンドの混沌の地が生みだした魔物。その凶暴さたるや大地を破壊する勢いである。,"5つのアタマのうちの1つは じつは おとなしい性格で 暴れたくないと思っているが なかなか言いだせずにいる。","2026-07-27 13:03:09","2026-07-29 12:20:41"
1503,1503,ギガデンデロベー,ギガデンデロベー,Gigadenderobee,11,0,,https://xn--10-yg4a1a3kyh.jp/a_mon/../a_mon/dq10_monster_k_gigadenderobe-.html,/storage/images/monsters/1503.webp,黄金の果実をクチにして脅威のパワーアップをとげたデンデロベー。クチからはなぜかふしだらな香りがする。,"ねえ モーモリーナ…… 神気を宿して輝くぼくの姿を 見ておくれよ。まるで 天に煌めく星みたいだろう？","2026-07-27 12:57:30","2026-07-29 12:20:41"
1504,1504,ギガモーモリーナ,ギガモーモリーナ,Gigamoomoriina,4,0,,https://xn--10-yg4a1a3kyh.jp/a_mon/../a_mon/dq10_monster_k_gigamo-mori-na.html,/storage/images/monsters/1504.webp,黄金の果実をクチにして脅威のパワーアップをとげたモーモリーナ。サングラスの強度と輝きも大幅アップ。,"アンタに詰まっているのは 神気じゃなくて脂肪！ メタボが原因で病気になれば 天に召されて星になれるわよ！","2026-07-27 12:57:33","2026-08-03 12:09:04"
1505,1505,クルミンクス,クルミンクス,Kuruminkusu,14,0,,https://xn--10-yg4a1a3kyh.jp/a_mon/../a_mon/dq10_monster_k_kuruminkusu.html,/storage/images/monsters/1505.webp,"ゴーラのほら穴に棲む魔物。鋭い嗅覚で 希少なツヤツヤくるみを見つけてはせっせと蓄えている。","ツヤツヤくるみの食べ過ぎで 肥大化してしまったため そろそろダイエットしようかと 考えている。","2026-07-27 13:00:26","2026-08-03 13:05:38"
1506,1506,亡国の記憶,ボウコクノキオク,Boukokunokioku,14,0,,https://xn--10-yg4a1a3kyh.jp/a_mon/../a_mon/dq10_monster_k_bokokunokioku.html,/storage/images/monsters/1506.webp,王家の墓にひそむ謎の存在。グランゼドーラ王国の建国にも何かしら関係があるらしい。,"正体は勇者アジールの亡霊。ゼドラ王国崩壊後の混迷の時代 グランゼドーラ初代王と共に 人々を平和へと導いた。","2026-07-27 13:23:43","2026-08-03 13:05:38"
1507,1507,謎のバケモノ,ナゾノバケモノ,Nazonobakemono,11,0,,https://xn--10-yg4a1a3kyh.jp/a_mon/../a_mon/dq10_monster_k_nazonobakemono.html,/storage/images/monsters/1507.webp,オルセコ高地の漆黒の間に現れた謎の化け物。死に際に何やら意味深なことを言い残している。,"真っ黒な身体をしているが 本人的には満足しておらず さらなる黒さを求めて 漆黒の間を訪れたらしい。","2026-07-27 13:15:45","2026-07-29 12:20:41"
1508,1508,ルーイン,ルーイン,Ruuin,11,0,,https://xn--10-yg4a1a3kyh.jp/a_mon/../a_mon/dq10_monster_k_ru-in.html,/storage/images/monsters/1508.webp,ドラゴラムで竜化した竜術士ルーイン。奥義を習得するやいなやバウギスに襲いかかる。,"そこそこ気に入った姿に 竜化できたため 自身に眠る潜在的なチカラに 自信を持ってしまったようだ。","2026-07-27 13:32:34","2026-07-29 12:20:41"
1509,1509,虚竜王グリーデル,キョリュウオウグリーデル,Kyoryuuouguriideru,11,0,,https://xn--10-yg4a1a3kyh.jp/a_mon/../a_mon/dq10_monster_k_kyoryuuoguri-deru.html,/storage/images/monsters/1509.webp,かつてバウギスのチカラを奪い生まれた虚竜のなれの果て。チカラを求めてあらゆるものを破壊しつくす。,"数百年ぶりに復活できたため もう楽しくてしょうがない。復活直後は何時間もの間 大空を翔け回った。","2026-07-27 12:59:11","2026-07-29 12:20:41"
1510,1510,アサヒ,アサヒ,Asahi,14,0,,https://xn--10-yg4a1a3kyh.jp/a_mon/../a_mon/dq10_monster_k_asahi.html,/storage/images/monsters/1510.webp,滋陽強壮の薬というあやしげな薬を飲んでパワーアップしたアサヒ。普段より元気ましましらしい。,"陽のチカラを高めることで 術者の能力を極限まで引きだし げんまの4体同時召喚という 無理を押し通した。","2026-07-27 12:52:07","2026-08-03 13:05:38"
1511,1511,お掃除マシン・白式,オソウジマシン・シロシキ,"Osoujimashin Shiroshiki",13,0,,https://xn--10-yg4a1a3kyh.jp/a_mon/../a_mon/dq10_monster_k_osojimashinshiro.html,/storage/images/monsters/1511.webp,アラハギーロの地下倉庫に設置されていた清掃マシン。ハイパーお掃除モードで倉庫を根こそぎ片付けちゃいます。,"大きなゴミから小さなチリまで 逃さずキャッチ。両腕の オプションパーツを 変えれば 防犯用にも使える優れモノだ。","2026-07-27 12:55:47","2026-07-29 12:20:41"
1512,1512,チュピちゃん,チュピチャン,Chupichan,13,0,,https://xn--10-yg4a1a3kyh.jp/a_mon/../a_mon/dq10_monster_k_chupichan.html,/storage/images/monsters/1512.webp,"エドアルドが作った木製の鳥のおもちゃ。普段は温厚でヒトを襲うようなマネはしないとても いい子なのだが……。","悲嘆に惑い闇雲に飛んでいたら 灯台にぶつかり部品がとれた。認知回路が乱れ 近づく者を 敵と判断するようになった。","2026-07-27 13:13:10","2026-07-29 12:20:42"
1513,1513,慟哭のロベール,ドウコクノロベール,Doukokunorobeeru,10,0,,https://xn--10-yg4a1a3kyh.jp/a_mon/../a_mon/dq10_monster_k_dokokunorobe-ru.html,/storage/images/monsters/1513.webp,ふたたび精霊の泉で遭遇した謎の亡霊。その正体はムニエカを去った元住民ロベールその人だった。,"人前ではオルーサのことを おふくろと呼んでいるが ふたりきりでいるときは おかあさんと呼ぶらしい。","2026-07-27 13:14:38","2026-07-29 12:20:42"
1514,1514,赤眼のギガントヒルズ,セキガンノギガントヒルズ,Sekigannogigantohiruzu,11,0,,https://xn--10-yg4a1a3kyh.jp/a_mon/../a_mon/dq10_monster_k_sekigannogigantohiruzu.html,/storage/images/monsters/1514.webp,燃えるような赤い目を持つため赤眼の魔物と呼ばれているが正式名称ではない。鋭利な爪で容赦なく敵を切り裂く。,"赤眼の魔物に対抗すべく 討伐ギルドが結成されたが 灼光骨を持っていること以外 多くが謎に包まれている。","2026-07-27 13:10:03","2026-07-29 12:20:42"
1515,1515,魔剣神レパルド,マケンシンレパルド,Makenshinreparudo,2,0,,https://xn--10-yg4a1a3kyh.jp/a_mon/../a_mon/dq10_monster_k_makenshinreparudo.html,/storage/images/monsters/1515.webp,"神のチカラを宿した魔剣に魅入られし武人の成れの果て。貪欲に強さを求め 無双の剣技で 強者の命を喰らう。","ナゾの洞窟に人が来なくなって もはや幾星霜……。魔剣神といえども長期の ブランクは重かったようだ。","2026-07-27 13:24:57","2026-08-03 12:10:41"
1516,1516,神獣ゼナベスティア,シンジュウゼナベスティア,Shinjuuzenabesuteia,2,0,,https://xn--10-yg4a1a3kyh.jp/a_mon/../a_mon/dq10_monster_k_shinjuuzenabesutia.html,/storage/images/monsters/1516.webp,"父 主神グランゼニスの神獣ラキをもとにゼニアスの民の脅威たるべしと女神ゼネシアが創生した忠実なる神獣。","ラキに匹敵する強さと ラキよりも残忍な心を持ち 主が望むなら国ひとつ滅ぼす こともいとわぬ忠実な神獣。","2026-07-27 13:08:41","2026-08-03 12:10:41"
1517,1517,呪魔バルシラ,ジュマバルシラ,Jumabarushira,4,0,,https://xn--10-yg4a1a3kyh.jp/a_mon/../a_mon/dq10_monster_k_juumabarushira.html,/storage/images/monsters/1517.webp,バジっ娘一族の大長老を務めるバルシラがバジルーラを奪った魔物から呪いを受けたすえの姿。,"ストレスがたまった時は あえて この姿に変身し ホールケーキを丸ごとで食べて 発散している。","2026-07-27 13:07:10","2026-08-03 12:09:04"
1518,1518,赤眼のギガンテス,セキガンノギガンテス,Sekigannogigantesu,4,0,,https://xn--10-yg4a1a3kyh.jp/a_mon/../a_mon/dq10_monster_k_sekigannogigantesu.html,/storage/images/monsters/1518.webp,"燃えるような赤い目を持つため赤眼の魔物と呼ばれているが正式名称ではない。愛用の棍棒をふるい 敵を粉砕する。","限られた赤眼の魔物だけが 灼光骨を持つ。骨に秘められた チカラが所有者の能力の 限界を引き上げているようだ。","2026-07-27 13:10:00","2026-08-03 12:09:04"
1519,1519,キュロンイーター花,キュロンイーターハナ,Kyuron'iitaahana,11,0,,https://xn--10-yg4a1a3kyh.jp/a_mon/../a_mon/dq10_monster_k_kyuroni-ta-hana.html,/storage/images/monsters/1519.webp,白い星形の花を背に咲かせたキュロンイーター。通常より臆病で神経質になっており暴れだすと手が付けられない。,"一見かわいらしい花だが キュロン人にとっては死を 意味するためキラースターと 呼ばれ 恐れられている。","2026-07-27 12:58:30","2026-07-29 12:20:42"
1520,1520,精霊獣ペリッチィ,セイレイジュウペリッチィ,Seireijuuperitchyi,7,0,,https://xn--10-yg4a1a3kyh.jp/a_mon/../a_mon/dq10_monster_k_seireijuuperitchii.html,/storage/images/monsters/1520.webp,隠者パンメッポが呼びよせたジャンボでキュートな精霊獣。魅惑のぽよよんボディは精霊以外の攻撃に耐性がある。,"じつは試練にはバイトとして 手伝いにきていたらしい。バイト代はパンメッポが 身を削って絞り出した精霊力。","2026-07-27 13:09:49","2026-07-29 12:20:42"
1521,1521,精霊を喰らうもの,セイレイヲクラウモノ,Seireiwokuraumono,7,0,,https://xn--10-yg4a1a3kyh.jp/a_mon/../a_mon/dq10_monster_k_seireiokuraumono.html,/storage/images/monsters/1521.webp,"陰者ブロズが呼び寄せた暴飲暴食の精霊獣。精霊が大好物で 発見すると目の色を変えて突進する。","周りに精霊がいないときは ブロズの精霊力を食べている。超がつくほど大食らいなので ブロズの体重が激落ちした。","2026-07-27 13:09:55","2026-07-29 12:20:42"
1522,1522,精霊超人ブロズ,セイレイチョウジンブロズ,Seireichoujinburozu,7,0,,https://xn--10-yg4a1a3kyh.jp/a_mon/../a_mon/dq10_monster_k_seireichojimburozu.html,/storage/images/monsters/1522.webp,陰者ブロズが精霊を吸収しそのチカラで超人化した姿。自然を破壊する人々を憎み人類滅亡を誓っている。,"はじめて精霊を目にしたとき あまりの美しさに心を奪われ 必ず守ると誓った。純粋すぎる 思いが 彼を凶行に走らせた。","2026-07-27 13:09:52","2026-07-29 12:20:42"
1523,1523,サミュエル,サミュエル,Samyueru,4,0,,https://xn--10-yg4a1a3kyh.jp/a_mon/../a_mon/dq10_monster_k_samyueru.html,/storage/images/monsters/1523.webp,創失の主神によって蘇りガナン帝国領に出現した正体不明の魔物。,"かつてゼニアスを 滅ぼさんとした堕天使と 似た模様の翼を持つのは 果たして偶然だろうか……。","2026-07-27 13:03:53","2026-08-03 12:09:04"
1524,1524,粘糸蟲ジュバーク,ネンシチュウジュバーク,Nenshichuujubaaku,5,0,,https://xn--10-yg4a1a3kyh.jp/a_mon/../a_mon/dq10_monster_k_nenshichuujuba-ku.html,/storage/images/monsters/1524.webp,いくつもの町を滅ぼしたという何でも食べる悪食のクモ。大量発生したクモが一斉にすべてを食い荒らしてしまう。,"「質より量」がモットー。仲間のクモが増えるまでは 粘糸でフタをした穴ぐらに潜み ひっそりと暮らしている。","2026-07-27 13:16:08","2026-07-29 12:20:42"
1525,1525,マンモスドラキー,マンモスドラキー,Manmosudorakii,6,0,,https://xn--10-yg4a1a3kyh.jp/a_mon/../a_mon/dq10_monster_k_mammosudoraki-.html,/storage/images/monsters/1525.webp,食欲旺盛なドラキーが巨体となった突然変異種。小柄なドラキーたちからは一目も二目も置かれる存在。,"身体が重くて飛びづらいが ドラキーたちの尊敬を 失うことを恐れるあまり 減量はしないようにしている。","2026-07-27 13:27:24","2026-07-29 12:20:42"
1526,1526,赤眼の尖兵,セキガンノセンペイ,Sekigannosenpei,10,0,,https://xn--10-yg4a1a3kyh.jp/a_mon/../a_mon/dq10_monster_k_sekigannosempei.html,/storage/images/monsters/1526.webp,燃えるような赤い目を持つため赤眼の魔物と呼ばれているが正式名称ではない。４本の腕で激しい斬撃をくり出す。,"赤眼のデスライダーに従い どんな命令も忠実にこなす。一切言葉を発することがなく 心のない兵器のように戦う。","2026-07-27 13:10:08","2026-07-29 12:20:42"
1527,1527,赤眼のデスライダー,セキガンノデスライダー,Sekigannodesuraidaa,10,0,,https://xn--10-yg4a1a3kyh.jp/a_mon/../a_mon/dq10_monster_k_sekigannodesuraida-.html,/storage/images/monsters/1527.webp,"燃えるような赤い目を持つため赤眼の魔物と呼ばれているが正式名称ではない。愛用の槍で敵を突き刺し 魂を抜き取る。","赤眼の尖兵を従える統率者。灼光骨を持っていたことから 赤眼の魔物の中で高い地位に あることが うかがえる。","2026-07-27 13:10:11","2026-07-29 12:20:42"
1528,1528,魔狼ラキ,マロウラキ,Marouraki,2,0,,https://xn--10-yg4a1a3kyh.jp/a_mon/../a_mon/dq10_monster_k_maroraki.html,/storage/images/monsters/1528.webp,"聖湖ゼニートの住民たちを安心させるため わざと悪しきオオカミとして倒されようと芝居をうった。","誰にもケガをさせないよう 手加減して戦うつもりだったが 相手があまりに強いので つい 本気になってしまい 反省した。","2026-07-27 13:27:21","2026-08-03 12:10:41"
1529,1529,さんぞくウーパー,サンゾクウーパー,Sanzokuuupaa,9,0,,https://xn--10-yg4a1a3kyh.jp/a_mon/../a_mon/dq10_monster_k_sanzokuu-pa-.html,/storage/images/monsters/1529.webp,ウパソルジャー軍を脱走し山賊に身をやつした魔物たち。その実力は武術を習得したアマラーク兵も戦慄するほど。,"子供の頃から札付きのワルだが 仲間への信頼は深い。軍からの脱走も仲間のひとりが 上官にイビられていたから。","2026-07-27 13:03:56","2026-07-29 12:20:42"
1530,1530,ブラッドビーク,ブラッドビーク,Buraddobiiku,6,0,,https://xn--10-yg4a1a3kyh.jp/a_mon/../a_mon/dq10_monster_k_buraddobi-ku.html,/storage/images/monsters/1530.webp,"黄金の羽を持つ つがいの鳥。夫婦の絆はとても固いが性格は荒く そのクチバシはエモノの血に染まっている。","ある魔鳥の巣だった ほら穴を 愛のすみかにしようとしたが その血の気の多さが仇となり マイホーム計画は夢と消えた。","2026-07-27 13:22:18","2026-07-29 12:20:42"
1531,1531,不滅のフォロボッソ,フメツノフォロボッソ,Fumetsunofuorobosso,14,0,,https://xn--10-yg4a1a3kyh.jp/a_mon/../a_mon/dq10_monster_k_fumetsunoforobosso.html,/storage/images/monsters/1531.webp,"はるか昔 ゼニアスに襲来した魔空５兄弟の末弟。不死の特性を持っていて倒されても いずれ復活する。","魔空界では兄弟の戦いに敗れ 復活後のゼニアスでは 当時の英雄に敗れ 封印された。負けすぎて落ち込んでいる。","2026-07-27 13:22:15","2026-08-03 13:05:38"
1532,1532,赤眼のサイレス,せきがんのさいれす,,6,0,,,/storage/images/monsters/1532.webp,"赤眼の魔物と呼ばれていたが真の名称は魔神族と判明した。鋭いツメで獲物にトドメを刺し死肉を食らう 残忍な魔鳥。","赤眼のライノスブルに従い 集団行動を得意とする。統率された動きで標的を せん滅するまで攻撃を加える。","2026-07-27 17:17:08","2026-07-29 12:20:42"
1533,1533,赤眼のライノスブル,せきがんのらいのすぶる,,2,0,,,/storage/images/monsters/1533.webp,赤眼の魔物と呼ばれていたが真の名称は魔神族と判明した。オノで敵を断ち切ることに無上の喜びを見出す。,"灼光骨のほかに深紅の巻物を 持っていた。多くの部下を従え 的確な指示で部隊をまとめる 指揮官の素養を持っている。","2026-07-27 17:17:08","2026-08-03 12:10:41"
1534,1534,マガツタケカゼ,マガツタケカゼ,Magatsutakekaze,2,0,,https://xn--10-yg4a1a3kyh.jp/a_mon/../a_mon/dq10_monster_k_magatsutakekaze.html,/storage/images/monsters/1534.webp,創世の樹の頂でケガレを振りまくマガツカゼの化身。ケガレが凝縮した巨大な球を大胆に振り回しながら暴れる。,"マガツタタリカゼが放出した ケガレが人々の怒りや憎悪を 取り込むと猛々しく吹き荒れる マガツカゼが生まれるのだ。","2026-07-27 13:24:41","2026-08-03 12:10:41"
1535,1535,マガツタタリカゼ,マガツタタリカゼ,Magatsutatarikaze,7,0,,https://xn--10-yg4a1a3kyh.jp/a_mon/../a_mon/dq10_monster_k_magatsutatarikaze.html,/storage/images/monsters/1535.webp,古来よりエルトナ大陸をけがすマガツカゼの根源。かつて師父エンスタが弟子たちと共に幽谷の底に封じた悪しき存在。,"人の絶望がマガツカゼを生む。されど人なくば世界は成らず。エルドナ神はこのジレンマに 今もなお苦悩しているという。","2026-07-27 13:24:43","2026-07-29 12:20:42"
1536,1536,嵐帝エンスウ,ランテイエンスウ,Ranteiensuu,6,0,,https://xn--10-yg4a1a3kyh.jp/a_mon/../a_mon/dq10_monster_k_ranteiensuu.html,/storage/images/monsters/1536.webp,世界をケガレから守るためにエルドナ神が生みだした霊鳥。ストームカイザーの使命を果たすため最後の決闘に臨む。,"ストームカイザーが息絶えると 黄金の巨鳥が空に現れ その剣士の偉功をたたえて 嵐を呼び 魂を弔うという。","2026-07-27 13:31:57","2026-07-29 12:20:42"
1537,1537,銃士ナスビス,ジュウシナスビス,Juushinasubisu,3,0,,https://xn--10-yg4a1a3kyh.jp/a_mon/../a_mon/dq10_monster_k_juushinasubisu.html,/storage/images/monsters/1537.webp,"イクノワ博士の研究室でひそかに 生み出された改造野菜モンスター１号。やさい三銃士 筆頭をつとめる。","かつて 妖精界に現れたという 巨大ナスビ モンスターの うわさが イワノフ博士に この魔物を 開発させたのだ。","2026-07-27 13:07:02","2026-07-29 12:20:42"
1538,1538,銃士トマトス,ジュウシトマトス,Juushitomatosu,3,0,,https://xn--10-yg4a1a3kyh.jp/a_mon/../a_mon/dq10_monster_k_juushitomatosu.html,/storage/images/monsters/1538.webp,"イクノワ博士の研究室でひそかに 生み出された改造野菜モンスター２号。やさい三銃士の参謀格。","彼の戦闘データは 根っこを通じて 地下にある イワノフ解析センターへと 蓄積され 分析されるらしい。","2026-07-27 13:06:59","2026-07-29 12:20:42"
1539,1539,銃士キュリトス,ジュウシキュリトス,Juushikyuritosu,3,0,,https://xn--10-yg4a1a3kyh.jp/a_mon/../a_mon/dq10_monster_k_juushikyuritosu.html,/storage/images/monsters/1539.webp,"イクノワ博士の研究室でひそかに 生み出された最後の 改造野菜モンスター。もっとも心優しき 三銃士。","研究に協力する 人間たちに 楽しく戦ってもらえるよう やさい三銃士たちは みな おのれのウデをみがいている。","2026-07-27 13:06:56","2026-07-29 12:20:42"
1540,1540,災厄の王,サイヤクノオウ,Saiyakunoou,14,0,,https://xn--10-yg4a1a3kyh.jp/a_mon/../a_mon/dq10_monster_k_saiyakuno.html,/storage/images/monsters/1540.webp,"古き神話に うたわれる帝王の変わり果てた姿。理性を失った帝王はただ 破壊の限りを尽くす。","理性を失う前は 帝王として アストルティアを守っていたが 闇の根源が 偉大なる帝王を 災いの王へと 変えたのだ。","2026-07-27 13:03:28","2026-08-03 13:05:38"
1541,1541,真・災厄の王,シン・サイヤクノオウ,"Shin Saiyakunoou",14,0,,https://xn--10-yg4a1a3kyh.jp/a_mon/../a_mon/dq10_monster_k_shinsaiyakuno.html,/storage/images/monsters/1541.webp,"大いなる闇の根源によって魔物と化した かつての英雄。帝王の玉座にいた 幻影よりはるかに強大なチカラを持つ。","自分が 何者なのかすら もはや わかっておらず ただ 本能のままに破壊する 化け物と成り果てた。","2026-07-27 13:08:36","2026-08-03 13:05:38"
1542,1542,ダークドレアム,ダークドレアム,Daakudoreamu,14,0,,https://xn--10-yg4a1a3kyh.jp/a_mon/../a_mon/dq10_monster_k_da-kudoreamu.html,/storage/images/monsters/1542.webp,"幾多の世界を 滅びに導いた破壊と殺りくの神。人知を超越した強さは まさに破壊神の名に ふさわしい。","ひとつの悪夢を 打ち破っても 滅びを求める呼び声 ある限り ダークドレアムは 復活し 永遠に存在し続けるのだ……。","2026-07-27 13:12:08","2026-08-03 13:05:38"
1543,1543,破壊神シドー,ハカイシンシドー,Hakaishinshidoo,14,0,,https://xn--10-yg4a1a3kyh.jp/a_mon/../a_mon/dq10_monster_k_hakaishinshido-.html,/storage/images/monsters/1543.webp,破壊の審判の裁定により滅ぼすべしと定められた世界に召喚される破壊の化身。その滅びを止めるすべはない。,"破壊衝動が盛り上がらない時は どこぞに自分のまがい物が 出現したという話を思いだして 怒りのパワーを高めている。","2026-07-27 13:16:43","2026-08-03 13:05:38"
1544,1544,ビッグモーモン,ビッグモーモン,Biggumoomon,4,0,,https://xn--10-yg4a1a3kyh.jp/a_mon/../a_mon/dq10_monster_k_biggumo-mon.html,/storage/images/monsters/1544.webp,巨大なモーモンの姿をした試練の門を守りし魔物。魅惑のおどりを踊って冒険者の心を奪う！,"赤ちゃんモーモンの頃に ヤシの実をチューチューしたら こんな身体になっちゃった。いやあ 立派に成長したね！","2026-07-27 13:19:26","2026-08-03 12:09:04"
1545,1545,密林の狩人,ミツリンノカリュウド,Mitsurinnokaryuudo,3,0,,https://xn--10-yg4a1a3kyh.jp/a_mon/../a_mon/dq10_monster_k_mitsurinnokariudo.html,/storage/images/monsters/1545.webp,"ジャイラ密林に出現する試練の門を守りし魔物。バイキルトを唱えて攻撃力を上げ 侵入者を狩る。","密林の守人とは双子の兄弟。森を荒らす密猟者たちに 怒りを抑えられなかった兄は 旅人を狩る復讐者となった。","2026-07-27 13:27:40","2026-07-29 12:20:42"
1546,1546,密林の守人,ミツリンノモリト,Mitsurinnomorito,3,0,,https://xn--10-yg4a1a3kyh.jp/a_mon/../a_mon/dq10_monster_k_mitsurinnomoribito.html,/storage/images/monsters/1546.webp,ジャイラ密林に出現する試練の門を守りし魔物。強力な攻撃呪文を駆使して侵入者から森を守る。,"密林の狩人とは双子の兄弟。森を荒らす密猟者たちに 心を痛めた弟は 樹々を守る守護者となった。","2026-07-27 13:27:43","2026-07-29 12:20:42"
1547,1547,アイスゴーレム,アイスゴーレム,Aisugooremu,12,0,,https://xn--10-yg4a1a3kyh.jp/a_mon/../a_mon/dq10_monster_k_aisugo-remu.html,/storage/images/monsters/1547.webp,"地底の氷塊から削りだされた試練の門を守りし魔物。一気にハイテンションとなり挑戦者を たたきのめす。","こう見えて じつは寒がり。長い間ひとりぼっちだったので 心も冷え切っている。誰か あたためてあげて。","2026-07-27 12:51:01","2026-07-29 12:20:42"
1548,1548,アビスソルジャー,アビスソルジャー,Abisusorujaa,4,0,,https://xn--10-yg4a1a3kyh.jp/a_mon/../a_mon/dq10_monster_k_abisusoruja-.html,/storage/images/monsters/1548.webp,暗黒の深海で生まれた試練の門を守りし魔物。おおあばれで暴れまくりまわりの敵を一掃する。,"深海の暴れ者として 海の仲間に嫌われているが 気のいいテンタコルスが 一緒だから気にしていない。","2026-07-27 12:52:42","2026-08-03 12:09:04"
1549,1549,テンタコルス,テンタコルス,Tentakorusu,9,0,,https://xn--10-yg4a1a3kyh.jp/a_mon/../a_mon/dq10_monster_k_tentakorusu.html,/storage/images/monsters/1549.webp,"悪魔の触手と恐れられる試練の門を守りし魔物。ハッスルダンスを踊って海の仲間を いやす。","昔は外洋船をも沈める 超巨大な怪物タコだったが 深海の水圧で背が縮んだのだと テンタコルスは訴えている。","2026-07-27 13:14:30","2026-07-29 12:20:42"
1550,1550,ブラバニクイーン,ブラバニクイーン,Burabanikuiin,2,0,,https://xn--10-yg4a1a3kyh.jp/a_mon/../a_mon/dq10_monster_k_burabanikui-n.html,/storage/images/monsters/1550.webp,黒き毛皮をまとった試練の門を守りし魔物。ＢＢＱスティンガーで獲物を串刺しにする。,"その肉は極上の味らしいが クイーンに挑んだ料理人は みな角のえじきとなった。この世は弱肉強食だ。","2026-07-27 13:22:23","2026-08-03 12:10:41"
1551,1551,どデカニードル,ドデカニードル,Dodekaniidoru,12,0,,https://xn--10-yg4a1a3kyh.jp/a_mon/../a_mon/dq10_monster_k_dodekani-doru.html,/storage/images/monsters/1551.webp,どデカい針を手にした試練の門を守りし魔物。アサシンアタックで冒険者の命を狙う。,"針一本が巨大なため 刺さると1000倍痛い。針千本が刺さると 100万倍痛い。","2026-07-27 13:15:00","2026-07-29 12:20:42"
1552,1552,ゼドラゴン,ゼドラゴン,Zedoragon,13,0,,https://xn--10-yg4a1a3kyh.jp/a_mon/../a_mon/dq10_monster_k_zedoragon.html,/storage/images/monsters/1552.webp,レトロな機械の身体を持つ試練の門を守りし魔物。体内の溶鉱炉を燃やしてしゃくねつを放つ。,"考古学者が調べたところ ゼドラゴンの作られた年代と 先代の勇者像の作られた年代が ぴったり一致したという。","2026-07-27 13:10:41","2026-07-29 12:20:42"
1553,1553,潮風のディーバ,シオカゼノディーバ,Shiokazenodeiiba,9,0,,https://xn--10-yg4a1a3kyh.jp/a_mon/../a_mon/dq10_monster_k_shiokazenodi-ba.html,/storage/images/monsters/1553.webp,奇跡の歌声を宿した試練の門を守りし魔物。たたかいのうたを歌えば魔物の魂が震える！,"海風の洞くつで耳を澄ませば 時折 胸を打つボサ・ノヴァが 聴こえてくる……そんな伝説が あるとか ないとか。","2026-07-27 13:05:03","2026-07-29 12:20:42"
1554,1554,エレメンイエロー,エレメンイエロー,Eremen'ieroo,7,0,,https://xn--10-yg4a1a3kyh.jp/a_mon/../a_mon/dq10_monster_k_eremeniero-.html,/storage/images/monsters/1554.webp,エレメンツのドジっ子担当で試練の門を守りし魔物。ひかりのブレスをくり出すがよく転んで失敗している。,"メダパニーマを使うときは 自分も混乱しそうになるのを 必死にガマンしている。その姿は愛らしくもあざとい。","2026-07-27 12:55:06","2026-07-29 12:20:42"
1555,1555,エレメンブルー,エレメンブルー,Eremenburuu,7,0,,https://xn--10-yg4a1a3kyh.jp/a_mon/../a_mon/dq10_monster_k_erememburu-.html,/storage/images/monsters/1555.webp,エレメンツのイケメン担当で試練の門を守りし魔物。甘いマスクに見とれたら最後冷酷にとどめを刺してくる。,"ブレスを使う敵は数あれど 彼ほど良いニオイを させる者はいない。入念にケアしているようだ。","2026-07-27 12:55:14","2026-07-29 12:20:42"
1556,1556,エレメングリーン,エレメングリーン,Eremenguriin,7,0,,https://xn--10-yg4a1a3kyh.jp/a_mon/../a_mon/dq10_monster_k_eremenguri-n.html,/storage/images/monsters/1556.webp,エレメンツの草食系担当で試練の門を守りし魔物。普段はおだやかな性格だが仲間がキズつくと人が変わる。,"呪文を使うのは苦手だったが 仲間を守りたい一心で スクルトの習得に成功した。仲間思いのナイスガイなのだ。","2026-07-27 12:55:08","2026-07-29 12:20:42"
1557,1557,エレメンレッド,エレメンレッド,Eremenreddo,7,0,,https://xn--10-yg4a1a3kyh.jp/a_mon/../a_mon/dq10_monster_k_eremenreddo.html,/storage/images/monsters/1557.webp,"エレメンツの熱血担当で試練の門を守りし魔物。自慢の炎で 敵を倒すことに何よりも快感を覚える。","あらゆるピンチを 気合だけで乗り越えてゆく その姿はまさに熱血ヒーロー。「熱くなれよ！」が合言葉。","2026-07-27 12:55:16","2026-07-29 12:20:42"
1558,1558,エレメンピンク,エレメンピンク,Eremenpinku,7,0,,https://xn--10-yg4a1a3kyh.jp/a_mon/../a_mon/dq10_monster_k_eremempinku.html,/storage/images/monsters/1558.webp,エレメンツのセクシー担当で試練の門を守りし魔物。攻撃されてメイクが崩れると怒るので注意しよう。,"ラブリーかつセクシーで 仲間の援護もバッチリこなす 非の打ち所のないヒロイン。キレやすいのが玉にキズ。","2026-07-27 12:55:11","2026-07-29 12:20:42"
1559,1559,ビッグビッグハット,ビッグビッグハット,Biggubigguhatto,2,0,,https://xn--10-yg4a1a3kyh.jp/a_mon/../a_mon/dq10_monster_k_biggubigguhatto.html,/storage/images/monsters/1559.webp,巨大なビッグハットの姿をした試練の門を守りし魔物。イオナズンを使いこなすなど攻撃手段もビッグに進化！,"あのブラバークイーンに ライバル意識を持っていて BBHと呼んでほしいらしいが いまいち浸透していない。","2026-07-27 13:19:23","2026-08-03 12:10:41"
1560,1560,やまたのおろち,ヤマタノオロチ,Yamatanoorochi,11,0,,https://xn--10-yg4a1a3kyh.jp/a_mon/../a_mon/dq10_monster_k_yamatanorochi.html,/storage/images/monsters/1560.webp,"５つの首を持つ 伝説の魔竜が試練の門の守護者となった。多頭を活かした かみつき技で敵を戦意もろとも かみ砕く。","その昔は とある東方の国で いけにえを食らっていた。今はその罰で 千年の苦役を 課せられているらしい。","2026-07-27 13:29:16","2026-07-29 12:20:42"
1561,1561,鬼棍蔵,キコンゾウ,Kikonzou,11,0,,https://xn--10-yg4a1a3kyh.jp/a_mon/../a_mon/dq10_monster_k_onikonzo.html,/storage/images/monsters/1561.webp,おにこぞうが修行の末に成長し鬼棍のごとき強さとなった。規格外の体格を活かした痛恨の一撃で敵を粉砕する。,"おにこぞうの ゆとり根性を 見かねた両親は心を鬼にして 我が子をギガンテス先生に 弟子入りさせたのだった。","2026-07-27 12:55:55","2026-07-29 12:20:42"
1562,1562,プラチナキング,プラチナキング,"Platinum King Jewel",1,0,,https://www.d-quest-10.com/detail/a00605.html,/storage/images/monsters/1562.webp,悠久の時を経てメタルボディがプラチナへと進化した完全究極なるメタルの大王。逃げ足もプラチナ級だ！,"ボディに含まれるプラチナ量は それほど大したことはない。とはいえ経験値は莫大なので 狙われることに変わりはない。","2026-03-12 14:11:36","2026-07-29 12:20:42"
1563,1563,おばけ大キノコ,オバケダイキノコ,Obakedaikinoko,3,0,,https://xn--10-yg4a1a3kyh.jp/a_mon/../a_mon/dq10_monster_k_obakeokinoko.html,/storage/images/monsters/1563.webp,地獄のキノコ三兄弟の次兄。巨体を活かしたパワー系……と思いきや毒や眠りをあやつるテンジャラスガイ。,"キノコ狩りに来た冒険者を 3人で協力して倒した際 意気投合して義兄弟の契りを 結んだのがすべての始まり。","2026-07-27 12:55:58","2026-07-29 12:20:42"
1564,1564,キノコどうし,キノコドウシ,Kinokodoushi,8,0,,https://xn--10-yg4a1a3kyh.jp/a_mon/../a_mon/dq10_monster_k_kinokodoshi.html,/storage/images/monsters/1564.webp,"地獄のキノコ三兄弟の長兄。魔術と策謀に秀でており兄弟を時に厳しく 時に優しく導いてくれる頼れるリーダー。","三兄弟と名乗っているものの じつは血のつながりはない。血よりも濃い絆で結ばれ 生死を共にする義兄弟なのだ。","2026-07-27 12:57:52","2026-07-29 12:20:42"
1565,1565,チーズキノコ,チーズキノコ,Chiizukinoko,12,0,,https://xn--10-yg4a1a3kyh.jp/a_mon/../a_mon/dq10_monster_k_chi-zukinoko.html,/storage/images/monsters/1565.webp,地獄のキノコ三兄弟の末弟。見た目に似合わぬ心配りで兄弟たちの気分を盛り上げるムードメーカー。,"キノコミ兄弟の異名は 太古の昔に存在したという 巨人の三兄弟にあやかって 長兄がつけたという。","2026-07-27 13:13:02","2026-07-29 12:20:42"
1566,1566,ドミニオンズガード,ドミニオンズガード,Dominionzugaado,4,0,,https://xn--10-yg4a1a3kyh.jp/a_mon/../a_mon/dq10_monster_k_dominionzuga-do.html,/storage/images/monsters/1566.webp,聖なるチカラを身にまとう試練の門を守りし番兵。ふらちな挑戦者どもを無慈悲になぎ払う。,"どんなちっぽけな悪事も 見逃さない眼力の持ち主。他人の家のタンスを漁った罪も バッチリ見抜かれているぞ。","2026-07-27 13:15:05","2026-08-03 12:09:04"
1567,1567,メガトンブラザーズ,メガトンブラザーズ,Megatonburazaazu,1,0,,https://xn--10-yg4a1a3kyh.jp/a_mon/../a_mon/dq10_monster_k_megatomburaza-zu.html,/storage/images/monsters/1567.webp,メガトン級のビッグボディと怪力を手に入れたブラザーズ。もらえる経験値ももちろんメガトン級だ！,"メガトン級のボディを 手に入れた結果 体重もメガトン級になり 逃げ足の速さを失ったようだ。","2026-07-27 13:28:45","2026-07-29 12:20:42"
1568,1568,暴君バサグランデ強,ボウクンバサグランデキョウ,"Boukunbasagurande (Strong)",2,0,,https://xn--10-yg4a1a3kyh.jp/a_mon/../a_mon/dq10_monster_k_bokumbasagurandekyo.html,/storage/images/monsters/1568.webp,"魔瘴が活性化した影響でこの世に出現した暴君バサグランデの幻影。歌の束縛がない分 強い。","巨猫族のキャット・バルバドと ウェディの戦士 リューデに 世界支配の野望を阻まれた後 彼は 永遠の氷に封じられた。","2026-07-27 13:23:40","2026-08-03 12:10:41"
1569,1569,怪蟲アラグネ強,カイチュウアラグネキョウ,"Kaichuuaragune (Strong)",5,0,,https://xn--10-yg4a1a3kyh.jp/a_mon/../a_mon/dq10_monster_k_kaichuuaragunekyo.html,/storage/images/monsters/1569.webp,"魔瘴が活性化した影響でこの世に出現した怪蟲アラグネの幻影。本物よりも はるかに強い。","人食い虫界では かなりの 食通として知られている。じつは キュウスケの捕食を もくろんでいたらしい。","2026-07-27 12:56:31","2026-07-29 12:20:42"
1570,1570,魔兵ヒプノス強,マヘイヒプノスキョウ,"Maheihipunosu (Strong)",4,0,,https://xn--10-yg4a1a3kyh.jp/a_mon/../a_mon/dq10_monster_k_maheihipunosukyo.html,/storage/images/monsters/1570.webp,"魔瘴が活性化した影響でこの世に出現した魔兵ヒプノスの幻影。本物よりも はるかに強い。","以前 イッドから授かった チカラには満足してなかった。魔瘴パワーを 手に入れた今 オレとダナトに 死角なし！","2026-07-27 13:26:53","2026-08-03 12:09:04"
1571,1571,魔兵タナト強,マヘイタナトキョウ,"Maheitanato (Strong)",4,0,,https://xn--10-yg4a1a3kyh.jp/a_mon/../a_mon/dq10_monster_k_maheitanatokyo.html,/storage/images/monsters/1571.webp,"魔瘴が活性化した影響でこの世に出現した魔兵タナトの幻影。本物よりも はるかに強い。","以前 ヒプノスと誓いあった 最強コンビになろうという夢。魔瘴パワーを 手に入れた今 ふたりの最強伝説が 始まる。","2026-07-27 13:26:47","2026-08-03 12:09:04"
1572,1572,魔軍師イッド強,マグンシイッドキョウ,"Magunshiiddo (Strong)",4,0,,https://xn--10-yg4a1a3kyh.jp/a_mon/../a_mon/dq10_monster_k_magunshiiddokyo.html,/storage/images/monsters/1572.webp,"魔瘴が活性化した影響でこの世に出現した魔軍師イッドの幻影。本物よりも はるかに強い。","以前は 油断して敗れたが 魔界の軍師と呼ばれた男。今度は 人数をそろえ 絶対の勝利を確信している。","2026-07-27 13:24:49","2026-08-03 12:09:04"
1573,1573,天魔クァバルナ強,テンマクァバルナキョウ,"Tenmakuabaruna (Strong)",4,0,,https://xn--10-yg4a1a3kyh.jp/a_mon/../a_mon/dq10_monster_k_temmakwabarunakyo.html,/storage/images/monsters/1573.webp,"魔瘴が活性化した影響でこの世に出現した天魔クァバルナの幻影。本物よりも はるかに強い。","アストルティア全土が震えた 天魔クァバルナのデュオ攻撃。想像を超えた この絶望感。まさに 悪夢の極み。","2026-07-27 13:14:35","2026-08-03 12:09:04"
1574,1574,妖魔ジュリアンテ強,ヨウマジュリアンテキョウ,"Youmajuriante (Strong)",8,0,,https://xn--10-yg4a1a3kyh.jp/a_mon/../a_mon/dq10_monster_k_yomajuriantekyo.html,/storage/images/monsters/1574.webp,"魔瘴が活性化した影響でこの世に出現した妖魔ジュリアンテの幻影。本物よりも はるかに強い。","幻影とはいえ 姉妹タッグが 実現したが じつは この姉妹 仲が悪い。マリーンが すぐに パシらせるので 不満なのだ。","2026-07-27 13:30:32","2026-07-29 12:20:42"
1575,1575,呪術師マリーン強,ジュジュツシマリーンキョウ,"Jujutsushimariin (Strong)",8,0,,https://xn--10-yg4a1a3kyh.jp/a_mon/../a_mon/dq10_monster_k_jujutsushimari-nkyo.html,/storage/images/monsters/1575.webp,"魔瘴が活性化した影響でこの世に出現した呪術師マリーンの幻影。本物よりも はるかに強い。","かつては ジュリアンテ以上の 美人だったマリーン。しかし 失恋の痛手が 彼女を太らせ 性格までも 変えたのだった。","2026-07-27 13:07:34","2026-07-29 12:20:42"
1576,1576,ミャルジ,ミャルジ,Myaruji,2,0,,https://xn--10-yg4a1a3kyh.jp/a_mon/../a_mon/dq10_monster_k_myaruji.html,/storage/images/monsters/1576.webp,"キャット・リベリオの旦那のイチの子分を名乗る猫魔族。ミャルポーズで旦那を支援し時々 顔を洗っている。","リベリオの旦那のピンチに 幻影と気付かず駆けつけた スーパー早とちり・キャット なのニャー！","2026-07-27 13:27:48","2026-08-03 12:10:41"
1577,1577,キャットリベリオ強,キャットリベリオキョウ,Kyattoriberiokyou,2,0,,https://xn--10-yg4a1a3kyh.jp/a_mon/../a_mon/dq10_monster_k_kyattoriberiokyo.html,/storage/images/monsters/1577.webp,"魔瘴が活性化した影響でこの世に出現したキャット・リベリオの幻影。本物よりも はるかに強い。","いつもは孤高のキャットだが 今回は子分のミャルジも一緒！ ミャルジといる時のほうが 本気を出せるのは秘密ニャー。","2026-07-27 12:58:16","2026-08-03 12:10:41"
1578,1578,水竜ギルギッシュ強,ミズリュウギルギッシュキョウ,"Mizuryuugirugisshu (Strong)",11,0,,https://xn--10-yg4a1a3kyh.jp/a_mon/../a_mon/dq10_monster_k_suiryuugirugisshukyo.html,/storage/images/monsters/1578.webp,"魔瘴が活性化した影響でこの世に出現した水竜ギルギッシュの幻影。本物よりも はるかに強い。","たとえ幻影であっても オーレンとともに戦えることに 水竜ギルギッシュは 満ち足りた想いでいる。","2026-07-27 13:09:16","2026-07-29 12:20:42"
1579,1579,覚醒プスゴン,カクセイプスゴン,Kakuseipusugon,11,0,,https://xn--10-yg4a1a3kyh.jp/a_mon/../a_mon/dq10_monster_k_kakuseipusugon.html,/storage/images/monsters/1579.webp,"魔瘴が活性化した影響でこの世に出現した怪獣プスゴンの幻影。本物よりも はるかに強い。","スイートなものを追い求め 甘い恋の よろこびを知り すこしだけ大人になった 怪獣プスゴン 今 覚醒する！","2026-07-27 12:56:44","2026-07-29 12:20:42"
1580,1580,ウルベア魔神兵強,ウルベアマジンヘイキョウ,"Urubeamajinhei (Strong)",13,0,,https://xn--10-yg4a1a3kyh.jp/a_mon/../a_mon/dq10_monster_k_urubeamajinheikyo.html,/storage/images/monsters/1580.webp,"魔瘴が活性化した影響でこの世に出現したウルベア魔神兵の幻影。本物よりも はるかに強い。","古代のドワーフの王国には 英雄と呼ばれた三闘士がいた。その戦闘の技術が組み込まれ 3体の魔神兵は生まれた。","2026-07-27 12:54:41","2026-07-29 12:20:42"
1581,1581,妖剣士オーレン強,ヨウケンシオーレンキョウ,"Youkenshiooren (Strong)",10,0,,https://xn--10-yg4a1a3kyh.jp/a_mon/../a_mon/dq10_monster_k_yokenshio-renkyo.html,/storage/images/monsters/1581.webp,"魔瘴が活性化した影響でこの世に出現した妖剣士オーレンの幻影。本物よりも はるかに強い。","悲しき運命に導かれ ともに戦う妖剣士と水竜。オーレンは忘我の中で 不思議な高揚を覚えている。","2026-07-27 13:30:18","2026-07-29 12:20:42"
1582,1582,悪魔ザイガス強,アクマザイガスキョウ,"Akumazaigasu (Strong)",4,0,,https://xn--10-yg4a1a3kyh.jp/a_mon/../a_mon/dq10_monster_k_akumazaigasukyo.html,/storage/images/monsters/1582.webp,"魔瘴が活性化した影響でこの世に復活した悪魔ザイガス本人。以前より はるかに強い。","以前 プクリポに出し抜かれ 上司にみっちり怒られた。給料も半分になった。その悔しさが彼を強くした！","2026-07-27 12:51:44","2026-08-03 12:09:04"
1583,1583,悪魔長ジウギス,アクマチョウジウギス,Akumachoujiugisu,4,0,,https://xn--10-yg4a1a3kyh.jp/a_mon/../a_mon/dq10_monster_k_akumachojiugisu.html,/storage/images/monsters/1583.webp,"魔瘴が活性化した影響でこの世に出現した悪魔ザイガスの上司。部下よりも はるかに強い。","ふがいない部下を見かねて 魔界から参上した悪魔の取締役。プクリポどもめ とくと見よ！ 管理職の おそろしさを！","2026-07-27 12:51:47","2026-08-03 12:09:04"
1584,1584,ラズバーンの手下,ラズバーンノテシタ,Razubaannoteshita,4,0,,https://xn--10-yg4a1a3kyh.jp/a_mon/../a_mon/dq10_monster_k_razuba-nnoteshita.html,/storage/images/monsters/1584.webp,守護者ラズバーンに仕える闇より生じた悪魔。巨大なカマを振りまわし生気を刈りとってゆく。,"彼らの自我は薄く ただ殺りくの本能に従って 命を刈りつづける。まさに血も涙もない悪魔。","2026-07-27 13:31:41","2026-08-03 12:09:04"
1585,1585,守護者ラズバーン強,シュゴシャラズバーンキョウ,"Shugosharazubaan (Strong)",8,0,,https://xn--10-yg4a1a3kyh.jp/a_mon/../a_mon/dq10_monster_k_shugosharazuba-nkyo.html,/storage/images/monsters/1585.webp,"大いなる闇の根源のチカラでこの世に出現した守護者ラズバーンの幻影。以前よりも はるかに強い。","冥王の降臨を見届けるまで 死ねぬという守護者の意志が ラズバーンの魂を永遠に レイダメテスに縛りつづける。","2026-07-27 13:07:29","2026-07-29 12:20:42"
1586,1586,アトラス,アトラス,Atorasu,4,0,,https://xn--10-yg4a1a3kyh.jp/a_mon/../a_mon/dq10_monster_k_atorasu.html,/storage/images/monsters/1586.webp,"目に入るもの すべてをその棍棒で たたきつぶし笑みを浮かべるという。冥王に付き従う 邪悪な巨人。","チカラこそがすべてであり 弱者は生き物とすら扱わない。バズズとベリアルのことは 強者として認めている。","2026-07-27 12:52:23","2026-08-03 12:09:04"
1587,1587,バズズ,バズズ,Bazuzu,4,0,,https://xn--10-yg4a1a3kyh.jp/a_mon/../a_mon/dq10_monster_k_bazuzu.html,/storage/images/monsters/1587.webp,"凶悪なツメと死の呪文を操り狙いをつけた獲物に逃れられない死をもたらす。冥王に付き従う 狡猾な悪魔。","そのツメは触れたものを なんでも切り裂いてしまう。哀れな犠牲者の断末魔を 聞くのがバズズの喜びだ。","2026-07-27 13:17:04","2026-08-03 12:09:04"
1588,1588,冥王ネルゲル強,メイオウネルゲルキョウ,"Meiounerugeru (Strong)",14,0,,https://xn--10-yg4a1a3kyh.jp/a_mon/../a_mon/dq10_monster_k_meionerugerukyo.html,/storage/images/monsters/1588.webp,"大いなる闇の根源のチカラでこの世に よみがえった死を統べる冥王ネルゲル。以前よりも はるかに強い。","死を与うるべき虫ケラふぜいに 敗れた屈辱と怒りを禁じえず 冥王は絶望の鎌をかかげて 凍てつく笑みを浮かべる。","2026-07-27 13:28:16","2026-08-03 13:05:38"
1589,1589,冥獣王ネルゲル強,メイジュウオウネルゲルキョウ,"Meijuuounerugeru (Strong)",14,0,,https://xn--10-yg4a1a3kyh.jp/a_mon/../a_mon/dq10_monster_k_meijuuonerugerukyo.html,/storage/images/monsters/1589.webp,"最強の姿になった冥獣王がさらなる闇のチカラでこの世に よみがえった。以前よりも はるかに強い。","冥王さえも よみがえらせる 大いなる闇の根源。そのチカラは日増しに強くなり やがて世界を覆いつくす……。","2026-07-27 13:28:33","2026-08-03 13:05:38"
1590,1590,悪夢の右手強,アクムノミギテキョウ,"Akumunomigite (Strong)",4,0,,https://xn--10-yg4a1a3kyh.jp/a_mon/../a_mon/dq10_monster_k_akumunomigitekyo.html,/storage/images/monsters/1590.webp,"魔瘴が活性化した影響でこの世に出現した悪夢の右手の幻影。本物よりも はるかに強い。","握った物を小さくできるが ザンクローネを小さくしたのは 自分じゃないです！ と 冤罪を訴えている。","2026-07-27 12:52:04","2026-08-03 12:09:04"
1591,1591,悪夢の左手強,アクムノヒダリテキョウ,Akumunohidaritekyou,4,0,,https://xn--10-yg4a1a3kyh.jp/a_mon/../a_mon/dq10_monster_k_akumunohidaritekyo.html,/storage/images/monsters/1591.webp,"魔瘴が活性化した影響でこの世に出現した悪夢の左手の幻影。本物よりも はるかに強い。","右手よりも握力が弱いことが ちょっぴりコンプレックス。夜中に こっそり ハンドグリッパー使用中だ。","2026-07-27 12:51:58","2026-08-03 12:09:04"
1592,1592,魔人エンラージャ強,マジンエンラージャキョウ,"Majin'enraaja (Strong)",4,0,,https://xn--10-yg4a1a3kyh.jp/a_mon/../a_mon/dq10_monster_k_majinenra-jakyo.html,/storage/images/monsters/1592.webp,"魔瘴が活性化した影響でこの世に出現した魔人エンラージャの幻影。本物よりも はるかに強い。","かつて魔人のチカラで栄えた 古代文明があったという。エンラージャもその時代に 召喚され使役されていた。","2026-07-27 13:25:52","2026-08-03 12:09:04"
1593,1593,破戒王ベルムド強,ハカイオウベルムドキョウ,"Hakaiouberumudo (Strong)",8,0,,https://xn--10-yg4a1a3kyh.jp/a_mon/../a_mon/dq10_monster_k_hakaioberumudokyo.html,/storage/images/monsters/1593.webp,"魔瘴が活性化した影響でこの世に出現した破戒王ベルムドの幻影。本物よりも はるかに強い。","ベルムドの魔物化の能力は 魔元帥ゼルドラドの命により 魔道士キルギルの手によって 与えられたものだった。","2026-07-27 13:16:40","2026-07-29 12:20:42"
1594,1594,破戒王ベルムド影,ハカイオウベルムドカゲ,Hakaiouberumudokage,8,0,,https://xn--10-yg4a1a3kyh.jp/a_mon/../a_mon/dq10_monster_k_hakaioberumudokage.html,/storage/images/monsters/1594.webp,"魔瘴が活性化した影響でこの世に出現した破戒王ベルムドの闇の影。本物よりも はるかに強い。","ベルムドの心に宿った 人間への憎悪が寄り集まって 生まれた悲しき存在。狂暴で理性のかけらもない。","2026-07-27 13:16:37","2026-07-29 12:20:42"
1595,1595,やるきのジャーミィ,ヤルキノジャーミィ,Yarukinojaamyi,2,0,,https://xn--10-yg4a1a3kyh.jp/a_mon/../a_mon/dq10_monster_k_yarukinoja-.html,/storage/images/monsters/1595.webp,"魔瘴が活性化した影響でこの世に出現したいたずらジャーミィの幻影。本物よりも はるかに強い。","じっくり煮込んだジャム爆弾は 激甘スウィートな自信作！ 投げるとバクハツするけど 食べても美味しいんだって。","2026-07-27 13:29:50","2026-08-03 12:10:41"
1596,1596,やるきのバーティ,ヤルキノバーティ,Yarukinobaatei,2,0,,https://xn--10-yg4a1a3kyh.jp/a_mon/../a_mon/dq10_monster_k_yarukinoba-ti.html,/storage/images/monsters/1596.webp,"魔瘴が活性化した影響でこの世に出現したいたずらバーティの幻影。本物よりも はるかに強い。","バーティバターのヒミツ♪ こだわり製法で抽出した 魔物由来の成分はお肌に塗ると 美容効果バツグンなの。","2026-07-27 13:29:52","2026-08-03 12:10:41"
1597,1597,ヘルバトラー強,ヘルバトラーキョウ,"Herubatoraa (Strong)",4,0,,https://xn--10-yg4a1a3kyh.jp/a_mon/../a_mon/dq10_monster_k_herubatora-kyo.html,/storage/images/monsters/1597.webp,"魔瘴が活性化した影響でこの世に出現したヘルバトラーの幻影。本物よりも はるかに強い。","立ちはだかる敵を焼き尽くす 地獄の闘士として 戦う一方で 主君の世話を焼き尽くす 地獄の執事としても活躍する。","2026-07-27 13:23:18","2026-08-03 12:09:04"
1598,1598,魔女グレイツェル強,マジョグレイツェルキョウ,"Majogureitsueru (Strong)",8,0,,https://xn--10-yg4a1a3kyh.jp/a_mon/../a_mon/dq10_monster_k_majogureitserukyo.html,/storage/images/monsters/1598.webp,"魔瘴が活性化した影響でこの世に出現した魔女グレイツェルの幻影。本物よりも はるかに強い。","童話作家パンパニーニの考えた 最強の魔女の魂が顕現した。ボツネタとして封印した狂気が すべてをバッドエンドへ導く。","2026-07-27 13:25:47","2026-07-29 12:20:42"
1599,1599,魔勇者アンルシア強,マユウシャアンルシアキョウ,"Mayuushaanrushia (Strong)",14,0,,https://xn--10-yg4a1a3kyh.jp/a_mon/../a_mon/dq10_monster_k_mayuushaanrushiakyo.html,/storage/images/monsters/1599.webp,"何者の意思によるものかこの世に出現した魔勇者アンルシアの幻影。本物よりも はるかに強い。","勇者を名乗る者 勇者を 待ち望む者 そのすべてを 根絶やしにするまで永遠に 戦いを続ける 悲しき幻影。","2026-07-27 13:27:07","2026-08-03 13:05:38"
1600,1600,邪教祖サダク強,ジャキョウソサダクキョウ,"Jakyousosadaku (Strong)",2,0,,https://xn--10-yg4a1a3kyh.jp/a_mon/../a_mon/dq10_monster_k_jakyososadakukyo.html,/storage/images/monsters/1600.webp,"何者の意思によるものかこの世に出現した邪教祖サダクの幻影。本物よりも はるかに強い。","打ち砕かれた祈願の魔像の かけらに宿ったチカラが 在りし日の幻影を形作ったのか 新たな嘆きを求め暴れる。","2026-07-27 13:06:09","2026-08-03 12:10:41"
1601,1601,スイーツトロル強,スイーツトロルキョウ,"Suiitsutororu (Strong)",4,0,,https://xn--10-yg4a1a3kyh.jp/a_mon/../a_mon/dq10_monster_k_sui-tsutororukyo.html,/storage/images/monsters/1601.webp,"何者の意思によるものかこの世に出現したスイーツトロルの幻影。本物よりも はるかに強い。","アクセサリー集めが趣味で カワイさを重要視している。高価な品でもカワイクなければ ゴミのように捨てるとか。","2026-07-27 13:09:01","2026-08-03 12:09:04"
1602,1602,グレイブディガー強,グレイブディガーキョウ,"Gureibudeigaa (Strong)",2,0,,https://xn--10-yg4a1a3kyh.jp/a_mon/../a_mon/dq10_monster_k_gureibudiga-kyo.html,/storage/images/monsters/1602.webp,"何者の意思によるものかこの世に出現したグレイブディガーの幻影。本物よりも はるかに強い。","墓掘り人を意味する自分の名が 気に入らず改名を企んでいる。新しい名前の有力候補は アルティメットオメガらしい。","2026-07-27 13:00:32","2026-08-03 12:10:41"
1603,1603,黒竜丸,コクリュウマル,Kokuryuumaru,2,0,,https://xn--10-yg4a1a3kyh.jp/a_mon/../a_mon/dq10_monster_k_kokuryuumaru.html,/storage/images/monsters/1603.webp,"魔軍十二将の一角だった魔物。流星のように空を駆け闇の技で あらゆる大地に死を振りまくという凶馬。","かつて世界を支配しようと たくらむ 魔の軍団がいた。その中で彼は遊撃部隊を率い 戦場を駆けまわったという。","2026-07-27 13:02:42","2026-08-03 12:10:41"
1604,1604,黒竜丸強,コクリュウマルキョウ,"Kokuryuumaru (Strong)",2,0,,https://xn--10-yg4a1a3kyh.jp/a_mon/../a_mon/dq10_monster_k_kokuryuumarukyo.html,/storage/images/monsters/1604.webp,"魔法の迷宮に 不死身のまま封印されし 黒竜丸。何者かの妖術により 強化され迷宮に再臨する。","ひづめに青き炎を宿し 闇を駆けめぐる黒竜丸。静寂の中 響くその足音は 死の呼び声といわれている。","2026-07-27 13:02:45","2026-08-03 12:10:41"
1605,1605,バトルシェイカー,バトルシェイカー,Batorusheikaa,13,0,,https://xn--10-yg4a1a3kyh.jp/a_mon/../a_mon/dq10_monster_k_batoruika-.html,/storage/images/monsters/1605.webp,魔軍十二将の一角だった魔物。手にした巨大なマラカスは武器にも楽器にもなる優れ物。テンションを上げるのが得意。,"魔軍の戦いでは常に彼が現れ 仲間を応援しまくった。それほどにテンションを 上げるのが うまかったのだ。","2026-07-27 13:17:35","2026-07-29 12:20:42"
1606,1606,バトルシェイカー強,バトルシェイカーキョウ,"Batorusheikaa (Strong)",13,0,,https://xn--10-yg4a1a3kyh.jp/a_mon/../a_mon/dq10_monster_k_batoruika-kyo.html,/storage/images/monsters/1606.webp,"魔法の迷宮に 不死身のまま封印されしバトルシェイカー。何者かの妖術により 強化され迷宮に再臨する。","楽天的 かつ情熱的な性格で 仲間からの信頼も厚い。だが マラカスの中に骨を入れ その音を楽しむ 残虐な一面も。","2026-07-27 13:17:37","2026-07-29 12:20:42"
1607,1607,れんごく天馬,レンゴクテンバ,Rengokutenba,2,0,,https://xn--10-yg4a1a3kyh.jp/a_mon/../a_mon/dq10_monster_k_rengokutemma.html,/storage/images/monsters/1607.webp,叡智の冠の手によって迷宮に封じられた伝説の魔物。煉獄の空を駆けるという美しく荘厳な姿の天馬。,"煉獄の山の周りをめぐって 炎を散らし悠然と飛ぶ。その姿は まさに 煉獄のメリーゴーランド。","2026-07-27 13:33:11","2026-08-03 12:10:41"
1608,1608,ハヌマーン,ハヌマーン,Hanumaan,2,0,,https://xn--10-yg4a1a3kyh.jp/a_mon/../a_mon/dq10_monster_k_hanuma-n.html,/storage/images/monsters/1608.webp,魔軍十二将の一角だった魔物。あらゆる生物の長所をそなえいなずまや炎まで操るという混沌が産んだ邪悪な幻獣。,"魔軍では荒くれ者を集めた はみ出し部隊を率いて 敵味方ともに恐れられたが それは1000年も昔の話。","2026-07-27 13:17:46","2026-08-03 12:10:41"
1609,1609,ハヌマーン強,ハヌマーンキョウ,"Hanumaan (Strong)",2,0,,https://xn--10-yg4a1a3kyh.jp/a_mon/../a_mon/dq10_monster_k_hanuma-nkyo.html,/storage/images/monsters/1609.webp,"魔法の迷宮に 不死身のまま封印されし ハヌマーン。何者かの妖術により 強化され迷宮に再臨する。","あらゆる生物の長所をそなえる といわれる ハヌマーンだが つたない言葉使いという短所は ついに 克服できなかった。","2026-07-27 13:17:48","2026-08-03 12:10:41"
1610,1610,バリクナジャ,バリクナジャ,Barikunaja,8,0,,https://xn--10-yg4a1a3kyh.jp/a_mon/../a_mon/dq10_monster_k_barikunaja.html,/storage/images/monsters/1610.webp,魔軍十二将の一角だった魔物。巨大なムチを振るって恐ろしい魔物を従える姿から魔界の調教師と呼ばれた。,"戦いを楽しもうとするあまり 主君に逆らうこともあったが 主君が それをとがめることは なかったという。","2026-07-27 13:18:05","2026-07-29 12:20:42"
1611,1611,バリクナジャ強,バリクナジャキョウ,"Barikunaja (Strong)",8,0,,https://xn--10-yg4a1a3kyh.jp/a_mon/../a_mon/dq10_monster_k_barikunajakyo.html,/storage/images/monsters/1611.webp,"魔法の迷宮に 不死身のまま封印されし バリクナジャ。何者かの妖術により 強化され迷宮に再臨する。","お気に入りのムチは特注品。色はもともと白かったのだが ムチ打たれた者たちの血で 赤く染め上げられた。","2026-07-27 13:18:08","2026-07-29 12:20:42"
1612,1612,デーモンキング,デーモンキング,Deemonkingu,4,0,,https://xn--10-yg4a1a3kyh.jp/a_mon/../a_mon/dq10_monster_k_de-monkingu.html,/storage/images/monsters/1612.webp,叡智の冠の手によって迷宮に封じられた伝説の魔物。世界中に絶望を振りまく死と破壊の悪魔王。,"デーモンキングのディナーは 人間の悲鳴を音楽に 新鮮な肉と血のソースを和え 魔界育ちの野菜をそえる。","2026-07-27 13:13:38","2026-08-03 12:09:04"
1613,1613,キングレオ,キングレオ,Kingureo,2,0,,https://xn--10-yg4a1a3kyh.jp/a_mon/../a_mon/dq10_monster_k_kingureo.html,/storage/images/monsters/1613.webp,魔軍十二将の一角だった魔物。十二将のまとめ役として後方で指揮をとったが本人の戦闘力も相当なもの。,"一度は勇者に倒されたものの 魔軍十二将は復活を遂げる。主君から得た無数の魂により 彼らは不死となっていた。","2026-07-27 12:59:48","2026-08-03 12:10:41"
1614,1614,キングレオ強,キングレオキョウ,"Kingureo (Strong)",2,0,,https://xn--10-yg4a1a3kyh.jp/a_mon/../a_mon/dq10_monster_k_kingureokyo.html,/storage/images/monsters/1614.webp,"魔法の迷宮に 不死身のまま封印されし キングレオ。何者かの妖術により 強化され迷宮に再臨する。","魔軍では 有能すぎるため 獅子身中の虫となるのではと 疑われることもあったが 主君には 常に忠実だった。","2026-07-27 12:59:51","2026-08-03 12:10:41"
1615,1615,ジャミラス,ジャミラス,Jamirasu,6,0,,https://xn--10-yg4a1a3kyh.jp/a_mon/../a_mon/dq10_monster_k_jamirasu.html,/storage/images/monsters/1615.webp,"魔軍十二将の一角だった魔物。知略に長ける彼だがいざ戦いとなれば そのツメであらゆるものを切り裂く。","知略に長けた彼は 主君の下で 参謀役を果たしていた。しかし ひとりの人間によって 彼の思惑は打ち破られた。","2026-07-27 13:06:43","2026-07-29 12:20:42"
1616,1616,ジャミラス強,ジャミラスキョウ,"Jamirasu (Strong)",6,0,,https://xn--10-yg4a1a3kyh.jp/a_mon/../a_mon/dq10_monster_k_jamirasukyo.html,/storage/images/monsters/1616.webp,"魔法の迷宮に 封印された不死鳥ジャミラス。何者かの妖術により 強化され迷宮に再臨する。","統率力に定評ある魔鳥の頭目が ついに真の実力を見せる。圧倒的なカリスマ性に 人々は ただひれ伏すのみ。","2026-07-27 13:06:46","2026-07-29 12:20:42"
1617,1617,トロルバッコス,トロルバッコス,Tororubakkosu,4,0,,https://xn--10-yg4a1a3kyh.jp/a_mon/../a_mon/dq10_monster_k_tororubakkosu.html,/storage/images/monsters/1617.webp,"魔軍十二将の一角だった魔物。見た目に反して紳士的で戦いは好まないらしい。しかし その一撃は致命的だ。","主君の居城では 執事として 活躍していた彼であったが 紳士的な接客も 勇者には 通用しなかったらしい。","2026-07-27 13:15:24","2026-08-03 12:09:04"
1618,1618,トロルバッコス強,トロルバッコスキョウ,"Tororubakkosu (Strong)",4,0,,https://xn--10-yg4a1a3kyh.jp/a_mon/../a_mon/dq10_monster_k_tororubakkosukyo.html,/storage/images/monsters/1618.webp,"魔法の迷宮に 不死身のまま封印されし トロルバッコス。何者かの妖術により 強化され迷宮に再臨する。","意外にも繊細な舌を持つ 自称モンスター界のソムリエ。オレさまの血は ワインで できている！ が口癖だとか。","2026-07-27 13:15:27","2026-08-03 12:09:04"
1619,1619,ドラゴン・ウー,ドラゴン・ウー,"Doragon Uu",11,0,,https://xn--10-yg4a1a3kyh.jp/a_mon/../a_mon/dq10_monster_k_doragonu-.html,/storage/images/monsters/1619.webp,叡智の冠の手によって迷宮に封じられた伝説の魔物。山脈をも粉砕するドラゴン拳法の使い手。,"ドラゴン拳法は ウーの一族に 代々伝わる 究極の徒手武術。奥義は 山を砕き海を割り 星をひとつ消し去るという。","2026-07-27 13:15:10","2026-07-29 12:20:42"
1620,1620,ギーグハンマー,ギーグハンマー,Giiguhanmaa,11,0,,https://xn--10-yg4a1a3kyh.jp/a_mon/../a_mon/dq10_monster_k_gi-guhamma-.html,/storage/images/monsters/1620.webp,"魔軍十二将の一角だった魔物。破壊の権化と言われ目に付くもの すべてを壊す。ときには味方も犠牲となった。","叡智の冠は 不死身の十二将と 長きに渡って戦いつづけたが 将たちを退けるには 永久に 封印するしかないと悟った。","2026-07-27 12:57:19","2026-07-29 12:20:42"
1621,1621,ギーグハンマー強,ギーグハンマーキョウ,"Giiguhanmaa (Strong)",11,0,,https://xn--10-yg4a1a3kyh.jp/a_mon/../a_mon/dq10_monster_k_gi-guhamma-kyo.html,/storage/images/monsters/1621.webp,"魔法の迷宮に 不死身のまま封印されし ギーグハンマー。何者かの妖術により 強化され再度 迷宮の最奥に君臨する。","愛用するハンマーの重さは ほんのメガトン級だが 彼が振るうと その破壊力は ギガトン級に達するという。","2026-07-27 12:57:22","2026-07-29 12:20:42"
1622,1622,じごくのヌエ,ジゴクノヌエ,Jigokunonue,2,0,,https://xn--10-yg4a1a3kyh.jp/a_mon/../a_mon/dq10_monster_k_jigokunonue.html,/storage/images/monsters/1622.webp,叡智の冠の手によって迷宮に封じられた伝説の魔物。死の災厄を振りまくとされる夜の闇に息づく邪悪な神獣。,"じごくのヌエの鳴く夜は 決して外に出てはいけない。息をひそめて震えて眠れ。とある村の伝承より","2026-07-27 13:05:17","2026-08-03 12:10:41"
1623,1623,バラモスゾンビ,バラモスゾンビ,Baramosuzonbi,10,0,,https://xn--10-yg4a1a3kyh.jp/a_mon/../a_mon/dq10_monster_k_baramosuzombi.html,/storage/images/monsters/1623.webp,おぞましき闇のチカラが勇者に敗れたバラモスに宿りしかばねが動きだした。迷宮の奥底で冒険者を待つ。,"すでにバラモスの意志はなく 骨人形として動かされている 悲しき闇のしもべ。討ち滅ぼし 解放してやろう。","2026-07-27 13:17:56","2026-07-29 12:20:42"
1624,1624,Ｖロン,ブイロン,Buiron,11,0,,https://xn--10-yg4a1a3kyh.jp/a_mon/../a_mon/dq10_monster_k_buiron.html,/storage/images/monsters/1624.webp,,,"2026-07-27 13:20:29","2026-07-29 12:20:42"
1625,1625,Ｖロン強,ブイロンキョウ,"Buiron (Strong)",11,0,,https://xn--10-yg4a1a3kyh.jp/a_mon/../a_mon/dq10_monster_k_buironkyo.html,/storage/images/monsters/1625.webp,,,"2026-07-27 13:20:32","2026-07-29 12:20:42"
1626,1626,サイキョーＶロン,サイキョーブイロン,Saikyoobuiron,11,0,,https://xn--10-yg4a1a3kyh.jp/a_mon/../a_mon/dq10_monster_k_saikyo-buiron.html,/storage/images/monsters/1626.webp,,,"2026-07-27 13:03:17","2026-07-29 12:20:42"
1627,1627,タロット魔人,タロットマジン,Tarottomajin,7,0,,https://xn--10-yg4a1a3kyh.jp/a_mon/../a_mon/dq10_monster_k_tarottomajin.html,/storage/images/monsters/1627.webp,タロットメダルで召喚されタロットパックを隠し持つ魔法の迷宮の変わり種。バトルは運試しが信条らしい。,"使い古されたタロットには 魔が宿るという伝説がある。占いに込められた人の情念は 悪しき怨念に転じやすいのだ。","2026-07-27 13:12:54","2026-07-29 12:20:42"
1628,1628,タロット魔人強,タロットマジンキョウ,"Tarottomajin (Strong)",7,0,,https://xn--10-yg4a1a3kyh.jp/a_mon/../a_mon/dq10_monster_k_tarottomajinkyo.html,/storage/images/monsters/1628.webp,"タロットメダルで召喚された魔法の迷宮の変わり種が何者かの妖術により 強化され迷宮に再臨する。","よりレアなタロットパックを 求める占い師たちの欲望が 邪念と化して この魔物を 生みだしたというウワサも。","2026-07-27 13:12:57","2026-07-29 12:20:42"
1629,1629,プチアトラス,プチアトラス,Puchiatorasu,4,0,,https://xn--10-yg4a1a3kyh.jp/a_mon/../a_mon/dq10_monster_k_puchiatorasu.html,/storage/images/monsters/1629.webp,"魔法の迷宮に 不死身のまま封印されし アトラス。妖術で弱くなっているが油断は禁物だ。","ひとつ目で あるがゆえに 遠近感の把握が苦手。そのため心眼で敵をとらえる 修行を欠かさないという。","2026-07-27 13:21:01","2026-08-03 12:09:04"
1630,1630,プチバズズ,プチバズズ,Puchibazuzu,4,0,,https://xn--10-yg4a1a3kyh.jp/a_mon/../a_mon/dq10_monster_k_puchibazuzu.html,/storage/images/monsters/1630.webp,"魔法の迷宮に 不死身のまま封印されし バズズ。妖術で弱くなっているが油断は禁物だ。","自慢のツインクローは 威力が落ちないよう 専属のネイルアーティストに 研がせているらしい。","2026-07-27 13:21:50","2026-08-03 12:09:04"
1631,1631,プチベリアル,プチベリアル,Puchiberiaru,4,0,,https://xn--10-yg4a1a3kyh.jp/a_mon/../a_mon/dq10_monster_k_puchiberiaru.html,/storage/images/monsters/1631.webp,"魔法の迷宮に 不死身のまま封印されし ベリアル。妖術で弱くなっているが油断は禁物だ。","黄色の悪魔の異名を持つが 本人は気に入ってないらしく 他人に そう呼ばれると とたんに機嫌が悪くなる。","2026-07-27 13:22:01","2026-08-03 12:09:04"
1632,1632,プチドラゴンガイア,プチドラゴンガイア,Puchidoragongaia,11,0,,https://xn--10-yg4a1a3kyh.jp/a_mon/../a_mon/dq10_monster_k_puchidoragongaia.html,/storage/images/monsters/1632.webp,"魔法の迷宮に 不死身のまま封印されし ドラゴンガイア。妖術で弱くなっているが油断は禁物だ。","尻尾の先のフサフサした毛は じつに なめらかな手ざわり。書家の間では筆の材料として 超高値で取り引きされている。","2026-07-27 13:21:44","2026-07-29 12:20:42"
1633,1633,プチバラモス,プチバラモス,Puchibaramosu,14,0,,https://xn--10-yg4a1a3kyh.jp/a_mon/../a_mon/dq10_monster_k_puchibaramosu.html,/storage/images/monsters/1633.webp,"魔法の迷宮に 不死身のまま封印されし バラモス。妖術で弱くなっているが油断は禁物だ。","バシルーラの使い手として かつては勇名をはせていたが ある魔女の一族に魔力を奪われ 得意呪文は封印された。","2026-07-27 13:21:53","2026-08-03 13:05:38"
1634,1634,プチキングヒドラ,プチキングヒドラ,Puchikinguhidora,11,0,,https://xn--10-yg4a1a3kyh.jp/a_mon/../a_mon/dq10_monster_k_puchikinguhidora.html,/storage/images/monsters/1634.webp,"魔法の迷宮に 不死身のまま封印されし キングヒドラ。妖術で弱くなっているが油断は禁物だ。","各アタマはそれぞれ自己主張が はげしく 議論が過熱すること しばしばだが 結局は多数決で 決める 意外に民主的なヤツ。","2026-07-27 13:21:19","2026-07-29 12:20:42"
1635,1635,プチグラコス,プチグラコス,Puchigurakosu,9,0,,https://xn--10-yg4a1a3kyh.jp/a_mon/../a_mon/dq10_monster_k_puchigurakosu.html,/storage/images/monsters/1635.webp,"魔法の迷宮に 不死身のまま封印されし グラコス。妖術で弱くなっているが油断は禁物だ。","海底の玉座を温めるばかりで 意外とヒマを持てあましてる。最近は重いヤリを振り回して 筋トレに余念がない模様。","2026-07-27 13:21:22","2026-07-29 12:20:42"
1636,1636,プチバラモスゾンビ,プチバラモスゾンビ,Puchibaramosuzonbi,10,0,,https://xn--10-yg4a1a3kyh.jp/a_mon/../a_mon/dq10_monster_k_puchibaramosuzombi.html,/storage/images/monsters/1636.webp,"魔法の迷宮に 不死身のまま封印されし バラモスゾンビ。妖術で弱くなっているが油断は禁物だ。","筋肉がないのに上背があるので いつも腰痛に悩まされている。足がよくプルプルしているのは 痛みを我慢しているからだ。","2026-07-27 13:21:55","2026-07-29 12:20:42"
1637,1637,プチバラモスブロス,プチバラモスブロス,Puchibaramosuburosu,14,0,,https://xn--10-yg4a1a3kyh.jp/a_mon/../a_mon/dq10_monster_k_puchibaramosuburosu.html,/storage/images/monsters/1637.webp,"魔法の迷宮に 不死身のまま封印されし バラモスブロス。妖術で弱くなっているが油断は禁物だ。","兄と たもとを分かったのち 三悪魔結成の誓いを結ぶ。魔界史ではその誓約のことを ハラワタの誓いと呼ぶ。","2026-07-27 13:21:58","2026-08-03 13:05:38"
1638,1638,プチキラーマジンガ,プチキラーマジンガ,Puchikiraamajinga,13,0,,https://xn--10-yg4a1a3kyh.jp/a_mon/../a_mon/dq10_monster_k_puchikira-majinga.html,/storage/images/monsters/1638.webp,"魔法の迷宮に 不死身のまま封印されし キラーマジンガ。妖術で弱くなっているが油断は禁物だ。","不死身の存在と言われているが そもそもこいつは機械戦士。じつは量産型で 毎回新機体が 戦っているだけとのウワサも。","2026-07-27 13:21:16","2026-07-29 12:20:42"
1639,1639,プチジャミラス,プチジャミラス,Puchijamirasu,13,0,,https://xn--10-yg4a1a3kyh.jp/a_mon/../a_mon/dq10_monster_k_puchijamirasu.html,/storage/images/monsters/1639.webp,"魔法の迷宮に 不死身のまま封印されし ジャミラス。妖術で弱くなっているが油断は禁物だ。","所属する集団ごとにキャラを 使い分けているとのウワサ。四諸侯での位置づけは やんちゃな年下キャラらしい。","2026-07-27 13:21:33","2026-07-29 12:20:42"
1640,1640,プチアクバー,プチアクバー,Puchiakubaa,4,0,,https://xn--10-yg4a1a3kyh.jp/a_mon/../a_mon/dq10_monster_k_puchiakuba-.html,/storage/images/monsters/1640.webp,"魔法の迷宮に 不死身のまま封印されし アクバー。妖術で弱くなっているが油断は禁物だ。","魔力に頼らず 戦えるように 頑強な肉体にきたえあげたが そのせいで翼だけでは飛べず 魔力で補助して飛ぶのだとか。","2026-07-27 13:20:58","2026-08-03 12:09:04"
1641,1641,プチデュラン,プチデュラン,Puchideyuran,14,0,,https://xn--10-yg4a1a3kyh.jp/a_mon/../a_mon/dq10_monster_k_puchidyuran.html,/storage/images/monsters/1641.webp,"魔法の迷宮に 不死身のまま封印されし デュラン。妖術で弱くなっているが油断は禁物だ。","かつて世界最強の剣士を 配下に従えていたという。その剣士がヒマそうだったので ジゴスパークを教えてあげた。","2026-07-27 13:21:39","2026-08-03 13:05:38"
1642,1642,プチドン・モグーラ,プチドン・モグーラ,"Puchidon Moguura",2,0,,https://xn--10-yg4a1a3kyh.jp/a_mon/../a_mon/dq10_monster_k_puchidommogu-ra.html,/storage/images/monsters/1642.webp,"魔法の迷宮に 不死身のまま封印されし ドン・モグーラ。妖術で弱くなっているが油断は禁物だ。","プチドンと呼ばれることに 違和感を禁じえないでいる。わしゃあ 少な目に盛られた 丼物かよと。","2026-07-27 13:21:47","2026-08-03 12:10:41"
1643,1643,プチ暗黒の魔人,プチアンコクノマジン,Puchiankokunomajin,12,0,,https://xn--10-yg4a1a3kyh.jp/a_mon/../a_mon/dq10_monster_k_puchiankokunomajin.html,/storage/images/monsters/1643.webp,"魔法の迷宮に 不死身のまま封印されし 暗黒の魔人。妖術で弱くなっているが油断は禁物だ。","縁もゆかりも無い相手だが 魔界で召喚される某巨人に 親近感を抱いており いつか 共演したいと思っている。","2026-07-27 13:21:05","2026-07-29 12:20:42"
1644,1644,プチＳキラーマシン,プチエスキラーマシン,Puchiesukiraamashin,13,0,,https://xn--10-yg4a1a3kyh.jp/a_mon/../a_mon/dq10_monster_k_puchiesukira-mashin.html,/storage/images/monsters/1644.webp,"魔法の迷宮に 不死身のまま封印されし Ｓキラーマシン。妖術で弱くなっているが油断は禁物だ。","じつは妖術で弱ったのではなく メンテナンスハッチに隠された 強さ調整ツマミを最弱に 合わせただけとのウワサも。","2026-07-27 13:21:07","2026-07-29 12:20:42"
1645,1645,プチＳジェネラル,プチエスジェネラル,Puchiesujeneraru,1,0,,https://xn--10-yg4a1a3kyh.jp/a_mon/../a_mon/dq10_monster_k_puchiesuneraru.html,/storage/images/monsters/1645.webp,"魔法の迷宮に 不死身のまま封印されし Ｓジェネラル。妖術で弱くなっているが油断は禁物だ。","戦で手柄を上げ昇進を重ねた 歴戦のスライムナイトだけが ジェネラルの地位に就ける。愛スライムも一緒に出世した。","2026-07-27 13:21:10","2026-07-29 12:20:42"
1646,1646,プチスライダーク,プチスライダーク,Puchisuraidaaku,1,0,,https://xn--10-yg4a1a3kyh.jp/a_mon/../a_mon/dq10_monster_k_puchisuraida-ku.html,/storage/images/monsters/1646.webp,"魔法の迷宮に 不死身のまま封印されし スライダーク。妖術で弱くなっているが油断は禁物だ。","よく似た姿の青色のアイツとは 一切関係ないと主張しているが 本人が着替えているだけの 可能性は否定できない。","2026-07-27 13:21:36","2026-07-29 12:20:42"
1647,1647,プチギュメイ将軍,プチギュメイショウグン,Puchigyumeishougun,2,0,,https://xn--10-yg4a1a3kyh.jp/a_mon/../a_mon/dq10_monster_k_puchigyumeishogun.html,/storage/images/monsters/1647.webp,"魔法の迷宮に 不死身のまま封印されし ギュメイ将軍。妖術で弱くなっているが油断は禁物だ。","かつて人間だった頃は 名刀の収集家でもあった。ただし愛用の刀は無銘のもの。剣豪つるぎを選ばずとのこと。","2026-07-27 13:21:13","2026-08-03 12:10:41"
1648,1648,プチゲルニック将軍,プチゲルニックショウグン,Puchigerunikkushougun,6,0,,https://xn--10-yg4a1a3kyh.jp/a_mon/../a_mon/dq10_monster_k_puchigerunikkushogun.html,/storage/images/monsters/1648.webp,"魔法の迷宮に 不死身のまま封印されし ゲルニック将軍。妖術で弱くなっているが油断は禁物だ。","部下にも同僚にも主君にさえも 手厳しい性格をしているが 唯一ペットのフクロウにだけは 無類の愛情を注いでいた。","2026-07-27 13:21:24","2026-07-29 12:20:42"
1649,1649,プチゴレオン将軍,プチゴレオンショウグン,Puchigoreonshougun,2,0,,https://xn--10-yg4a1a3kyh.jp/a_mon/../a_mon/dq10_monster_k_puchigoreonshogun.html,/storage/images/monsters/1649.webp,"魔法の迷宮に 不死身のまま封印されし ゴレオン将軍。妖術で弱くなっているが油断は禁物だ。","粗野で凶暴なイメージの彼だが 意外にも生前は恐妻家だった。無骨な大男が小柄な妻には 一切逆らえなかったという。","2026-07-27 13:21:30","2026-08-03 12:10:41"
1650,1650,プチドラゴン,プチドラゴン,Puchidoragon,11,0,,https://xn--10-yg4a1a3kyh.jp/a_mon/../a_mon/dq10_monster_k_puchidoragon.html,/storage/images/monsters/1650.webp,"魔法の迷宮に 不死身のまま封印されし ドラゴン。妖術で弱くなっているが油断は禁物だ。","なんの飾りも無い ただのドラゴンであることに 誇りを持っているので プチが付くのは不満らしい。","2026-07-27 13:21:41","2026-07-29 12:20:42"
1651,1651,プチ魔犬レオパルド,,,,0,,,/storage/images/monsters/1651.webp,"魔法の迷宮に 不死身のまま封印されし 魔犬レオパルド。妖術で弱くなっているが油断は禁物だ。","その意思は杖に封じられた 暗黒神と呼ばれる存在だが 犬としての性質も抑えきれず 毎日迷宮内を散歩している。","2026-07-27 17:17:08","2026-07-29 12:20:42"
1652,1652,プチムドー,プチムドー,Puchimudoo,14,0,,https://xn--10-yg4a1a3kyh.jp/a_mon/../a_mon/dq10_monster_k_puchimudo-.html,/storage/images/monsters/1652.webp,"魔法の迷宮に 不死身のまま封印されし ムドー。妖術で弱くなっているが油断は禁物だ。","破壊神シドーに憧れており シドー＆ムドーというコンビを 組まないかと持ちかけたが あえなく無視された。","2026-07-27 13:22:05","2026-08-03 13:05:38"
1653,1653,プチアンドレアル,,,,0,,,/storage/images/monsters/1653.webp,"魔法の迷宮に 不死身のまま封印されし アンドレアル。妖術で弱くなっているが油断は禁物だ。","じつはグレイトドラゴンの 華やかな容姿にあこがれており 黄金のうろこを手に入れるべく 金物を常食しているという。","2026-07-27 17:17:08","2026-07-29 12:20:42"
1654,1654,プチエビルプリースト,,,,0,,,/storage/images/monsters/1654.webp,"魔法の迷宮に 不死身のまま封印されし エビルプリースト。妖術で弱くなっているが油断は禁物だ。","デスピサロを裏切っていたのは 周知の話だが いつバレるか 不安で食事もノドを通らず 当時は激やせしていたらしい。","2026-07-27 17:17:08","2026-07-29 12:20:42"
1655,1655,プチゴースネル,プチゴースネル,Puchigoosuneru,2,0,,https://xn--10-yg4a1a3kyh.jp/a_mon/../a_mon/dq10_monster_k_puchigo-suneru.html,/storage/images/monsters/1655.webp,"魔法の迷宮に 不死身のまま封印されし ゴースネル。妖術で弱くなっているが油断は禁物だ。","元は直立姿勢が常態だったが 主の命令を聞き逃さないように その都度アタマを下げていたら 四つんばいがクセになった。","2026-07-27 13:21:27","2026-08-03 12:10:41"
1656,1656,アトラス(コイン),アトラス(コイン),"Atorasu (Coin)",4,0,,https://xn--10-yg4a1a3kyh.jp/a_mon/../a_mon/dq10_monster_k_atorasukoin.html,/storage/images/monsters/1656.webp,"魔軍十二将の中核をなす魔物。とにかくチカラ持ちでその棍棒は大地も砕く。だが おつむは弱いようだ。","魔軍十二将の中で まっ先に 主君を狙う敵に挑んだ彼だが 返り討ちにあう。彼の主君も その敵……勇者に敗れ去った。","2026-07-27 12:52:28","2026-08-03 12:09:04"
1657,1657,バズズ(コイン),バズズ(コイン),"Bazuzu (Coin)",4,0,,https://xn--10-yg4a1a3kyh.jp/a_mon/../a_mon/dq10_monster_k_bazuzukoin.html,/storage/images/monsters/1657.webp,"魔軍十二将の中核をなす魔物。音もなく忍び寄り気取られぬまま 敵を倒す彼は闇の暗殺者として恐れられた。","主君の腹心であった彼は 人間の魂を集める役割だった。その無数の魂は 主君から 十二将へ受け継がれたのだ。","2026-07-27 13:17:13","2026-08-03 12:09:04"
1658,1658,ベリアル(コイン),ベリアル(コイン),"Beriaru (Coin)",4,0,,https://xn--10-yg4a1a3kyh.jp/a_mon/../a_mon/dq10_monster_k_beriarukoin.html,/storage/images/monsters/1658.webp,"魔軍十二将の中核をなす魔物。その戦闘力は すこぶる高くひとりで ある王国の軍隊を壊滅に追い込んだほど。","敗戦後 主君の右腕だった彼は 忠義を貫き その意志を継ぐ。しかし その前に賢者の集団 叡智の冠が立ちはだかった。","2026-07-27 13:23:07","2026-08-03 12:09:04"
1659,1659,ドラゴンガイア,ドラゴンガイア,Doragongaia,11,0,,https://xn--10-yg4a1a3kyh.jp/a_mon/../a_mon/dq10_monster_k_doragongaia.html,/storage/images/monsters/1659.webp,魔軍十二将の一角だった魔物。その中でもトップの座にありドラゴンの王たるチカラですべてを滅ぼさんとした。,"主君の後釜を狙っていた彼だが 叡智の冠の造り出した迷宮に 他の将もろとも封じられた。その屈辱を忘れることはない。","2026-07-27 13:15:13","2026-07-29 12:20:42"
1660,1660,バラモス,バラモス,Baramosu,14,0,,https://xn--10-yg4a1a3kyh.jp/a_mon/../a_mon/dq10_monster_k_baramosu.html,/storage/images/monsters/1660.webp,魔法の迷宮に封じられたいにしえの魔王の一角。自身の再起を目論んで魔軍にチカラを貸している。,"かつてはバラモス城を拠点に 世界征服を企んでいたという。その老け顔を笑った者は皆 ハラワタを喰われてしまう。","2026-07-27 13:17:51","2026-08-03 13:05:38"
1661,1661,キングヒドラ,キングヒドラ,Kinguhidora,11,0,,https://xn--10-yg4a1a3kyh.jp/a_mon/../a_mon/dq10_monster_k_kinguhidora.html,/storage/images/monsters/1661.webp,魔法の迷宮に封じられたいにしえの邪竜。本来の主に命じられるがまま魔軍にチカラを貸している。,"かつて偉大な勇者を 葬ったという逸話を持つ。魔王のペットだったという おぞましき多頭の邪竜。","2026-07-27 12:59:43","2026-07-29 12:20:42"
1662,1662,グラコス,グラコス,Gurakosu,9,0,,https://xn--10-yg4a1a3kyh.jp/a_mon/../a_mon/dq10_monster_k_gurakosu.html,/storage/images/monsters/1662.webp,魔法の迷宮に封じられたいにしえの四魔王の一角。大いなる存在の命を受け魔軍にチカラを貸している。,"海底の玉座を温めるばかりで 意外とヒマを持てあましてる。最近は副業にヤリのレシピを 書いていたりするらしい。","2026-07-27 13:00:05","2026-07-29 12:20:42"
1663,1663,バラモスブロス,バラモスブロス,Baramosuburosu,14,0,,https://xn--10-yg4a1a3kyh.jp/a_mon/../a_mon/dq10_monster_k_baramosuburosu.html,/storage/images/monsters/1663.webp,魔法の迷宮に封じられたいにしえの三悪魔の一角。策略を練ることに長けた知将タイプの大悪魔。,"同じハラワタを分かち合い 仲良く育った兄弟とも 今では袂を分かち 各々が 信ずる道をひた走っている。","2026-07-27 13:17:59","2026-08-03 13:05:38"
1664,1664,キラーマジンガ,キラーマジンガ,Kiraamajinga,13,0,,https://xn--10-yg4a1a3kyh.jp/a_mon/../a_mon/dq10_monster_k_kira-majinga.html,/storage/images/monsters/1664.webp,魔法の迷宮に封じられた伝説の機械戦士。その圧倒的な暴力は機械の姿を借りた魔神そのものと称えられるほど。,"はるか遠き伝説の時代 海底宝物庫の番人として 幾多の挑戦者を返り討ちにし トラウマを植えつけていた。","2026-07-27 12:59:19","2026-07-29 12:20:42"
1665,1665,アクバー,アクバー,Akubaa,4,0,,https://xn--10-yg4a1a3kyh.jp/a_mon/../a_mon/dq10_monster_k_akuba-.html,/storage/images/monsters/1665.webp,"巨大な身体と強大な魔力で名高い いにしえの大悪魔。大いなる存在の命を受けて魔軍にチカラを貸している。","名も姿も とある魔界の賢者に うりふたつだが 他人の空似。魔界における地位も実力も こちらが完全に格上である。","2026-07-27 12:51:33","2026-08-03 12:09:04"
1666,1666,デュラン,デュラン,Deyuran,14,0,,https://xn--10-yg4a1a3kyh.jp/a_mon/../a_mon/dq10_monster_k_dyuran.html,/storage/images/monsters/1666.webp,"魔法の迷宮に封じられた幻界の四諸侯の一角。倒すべき 強敵を求めて魔軍にチカラを貸している。","自分が強者と認めた者としか 戦わないのがポリシー。だが なかなか そんな奴は 現れないので年中ウズウズ。","2026-07-27 13:14:01","2026-08-03 13:05:38"
1667,1667,ドン・モグーラ,ドン・モグーラ,"Don Moguura",2,0,,https://xn--10-yg4a1a3kyh.jp/a_mon/../a_mon/dq10_monster_k_dommogu-ra.html,/storage/images/monsters/1667.webp,魔法の迷宮に封じられた巨大なモグラの大親分。なぜ封じられたかは知らないが意外と状況を楽しんでいる。,"かつて さる王国の宝物である 貴重なハープを盗みだし 欲望のままかき鳴らしたという わがまま放題のガキ大将。","2026-07-27 13:15:30","2026-08-03 12:10:41"
1668,1668,暗黒の魔人,アンコクノマジン,Ankokunomajin,12,0,,https://xn--10-yg4a1a3kyh.jp/a_mon/../a_mon/dq10_monster_k_ankokunomajin.html,/storage/images/monsters/1668.webp,"魔法の迷宮に封じられた巨大な建造物の怪物。意思を持たず そのチカラのみ魔軍に利用されている。","とある邪神を崇める者たちが 暮らしていた都市の建物に 邪教の信者たちの魂が宿って 動きだしたらしい。","2026-07-27 12:53:01","2026-07-29 12:20:42"
1669,1669,Ｓキラーマシン,エスキラーマシン,Esukiraamashin,13,0,,https://xn--10-yg4a1a3kyh.jp/a_mon/../a_mon/dq10_monster_k_esukira-mashin.html,/storage/images/monsters/1669.webp,魔法の迷宮に封じられた心を持たぬ殺りくマシン。侵入者は皆殺しにするよう魔軍にプログラムされている。,"人類せん滅のため魔界科学の 超技術を詰め込み設計された。暴走を許せば世界を三度 滅ぼす性能があると言われる。","2026-07-27 12:54:55","2026-07-29 12:20:42"
1670,1670,スライムジェネラル,スライムジェネラル,Suraimujeneraru,1,0,,https://xn--10-yg4a1a3kyh.jp/a_mon/../a_mon/dq10_monster_k_suraimuneraru.html,/storage/images/monsters/1670.webp,魔法の迷宮に封じられたスライム界の大将軍。絶大なカリスマを発揮し敵さえも平伏させる。,"自慢の双剣でスライムの ヒゲの形を整えるのが日課。失敗すると ヒゲが伸びるまで 外出もままならなくなる。","2026-07-27 13:09:36","2026-07-29 12:20:42"
1671,1671,死神スライダーク,シニガミスライダーク,Shinigamisuraidaaku,1,0,,https://xn--10-yg4a1a3kyh.jp/a_mon/../a_mon/dq10_monster_k_shinigamisuraida-ku.html,/storage/images/monsters/1671.webp,魔法の迷宮に封じられたスライム族のダークヒーロー。勝利のためなら手段を選ばない冷酷な死神と恐れられる。,"生き別れの妹がいるとの ウワサがあるが真偽は不明。すれちがいだけが人生だ！ と彼はニヒルにうそぶく。","2026-07-27 13:05:52","2026-07-29 12:20:42"
1672,1672,ギュメイ将軍,ギュメイショウグン,Gyumeishougun,2,0,,https://xn--10-yg4a1a3kyh.jp/a_mon/../a_mon/dq10_monster_k_gyumeishogun.html,/storage/images/monsters/1672.webp,魔法の迷宮に封じられたいにしえの帝国の将軍。剣聖と呼ばれるほどの達人で名誉を重んじる高徳の武人。,"いかつい顔をしているが アゴの下をなでられると思わず ノドを鳴らしてしまうことは 某帝国の最高機密であるとか。","2026-07-27 12:58:24","2026-08-03 12:10:41"
1673,1673,ゲルニック将軍,ゲルニックショウグン,Gerunikkushougun,6,0,,https://xn--10-yg4a1a3kyh.jp/a_mon/../a_mon/dq10_monster_k_gerunikkushogun.html,/storage/images/monsters/1673.webp,魔法の迷宮に封じられたいにしえの帝国の将軍。三度のメシより陰謀が好きで呪術の達人という知将タイプ。,"獣人となる前は意外にも童顔で かわいい系と言われていた。もちろん性格の悪さは変わらず ギャップの激しい将軍だった。","2026-07-27 13:01:02","2026-07-29 12:20:42"
1674,1674,ゴレオン将軍,ゴレオンショウグン,Goreonshougun,2,0,,https://xn--10-yg4a1a3kyh.jp/a_mon/../a_mon/dq10_monster_k_goreonshogun.html,/storage/images/monsters/1674.webp,魔法の迷宮に封じられたいにしえの帝国の将軍。パワフルかつワイルドで剛力の猛将と呼ばれている。,"愛用の鉄球は肌身はなさず 携帯しており 寝るときも 枕がわりに使っている。意外と寝相はいいらしい。","2026-07-27 13:03:04","2026-08-03 12:10:41"
1675,1675,ドラゴン,ドラゴン,Doragon,11,0,,https://xn--10-yg4a1a3kyh.jp/a_mon/../a_mon/dq10_monster_k_doragon.html,/storage/images/monsters/1675.webp,魔法の迷宮に封じられた太古の姿を留めしドラゴン。見かけによらず動きがすばやく連続攻撃には要注意。,"はるか昔 竜の王と呼ばれる 偉大な主に仕えていたという。幽閉された敵国の姫の見張りを 任されたのは いい思い出。","2026-07-27 13:15:08","2026-07-29 12:20:42"
1676,1676,魔犬レオパルド,マケンレオパルド,Makenreoparudo,2,0,,https://xn--10-yg4a1a3kyh.jp/a_mon/../a_mon/dq10_monster_k_makenreoparudo.html,/storage/images/monsters/1676.webp,魔法の迷宮に封じられた闇の魔力をまとう黒き獣。かつてはある愛犬家に飼われる血統書付きの高級犬だった。,"絶大なる魔力の源は クチにくわえた魔法の杖だが そのために自慢の牙を 戦いに活かせないのが悩み。","2026-07-27 13:25:05","2026-08-03 12:10:41"
1677,1677,ムドー,ムドー,Mudoo,14,0,,https://xn--10-yg4a1a3kyh.jp/a_mon/../a_mon/dq10_monster_k_mudo-.html,/storage/images/monsters/1677.webp,魔法の迷宮に封じられたいにしえの魔王の一角。歯向かう者を惑わし夢幻の絶望の淵に沈める。,"何度倒されても復活する 不滅がウリの魔王だったが 魔法の迷宮では皆同様なので アイデンティティ喪失が悩み。","2026-07-27 13:28:05","2026-08-03 13:05:38"
1678,1678,アンドレアル,アンドレアル,Andorearu,11,0,,https://xn--10-yg4a1a3kyh.jp/a_mon/../a_mon/dq10_monster_k_andorearu.html,/storage/images/monsters/1678.webp,魔法の迷宮に封じられた恐るべき紫の魔竜。主と認めた者への忠誠心が強く命を賭して使命をつらぬく。,"見かけによらず寂しがり屋で すぐに仲間を呼びがち。実力は申し分ないのだが 自分に自信が持てないらしい。","2026-07-27 12:53:09","2026-07-29 12:20:42"
1679,1679,エビルプリースト,エビルプリースト,Ebirupuriisuto,14,0,,https://xn--10-yg4a1a3kyh.jp/a_mon/../a_mon/dq10_monster_k_ebirupuri-suto.html,/storage/images/monsters/1679.webp,魔法の迷宮に封じられた邪神を崇める悪の大司祭。強烈な野心の持ち主で至高の存在にならんと欲する。,"密かに大魔王ゾーマを崇拝し 手を前に突き出すポーズは 何を隠そうゾーマリスペクト。少し広げて自己流アレンジも。","2026-07-27 12:55:03","2026-08-03 13:05:38"
1680,1680,究極エビルプリースト,キュウキョクエビルプリースト,Kyuukyokuebirupuriisuto,14,0,,https://xn--10-yg4a1a3kyh.jp/a_mon/../a_mon/dq10_monster_k_kyuukyokuebirupuri-suto.html,/storage/images/monsters/1680.webp,魔法の迷宮に封じられた邪教の大司祭の成れの果て。進化の秘法を完成させ究極の生命に肉薄した。,"いかに強くとも自我を失っては 意味がないと考えた大司祭は 魂を外部に保存して秘法を使い 進化した肉体に再び憑依した。","2026-07-27 12:58:22","2026-08-03 13:05:38"
1681,1681,ギガデーモン(コイン),ギガデーモン(コイン),"Pruslas (Coin)",11,0,,https://xn--10-yg4a1a3kyh.jp/a_mon/../a_mon/dq10_monster_k_gigade-monkoin.html,/storage/images/monsters/1681.webp,魔法の迷宮に封じられた重厚な巨体を誇る魔竜。見た目に似合わぬ頭脳派で勝利のために策略を巡らす。,"同じギガデーモン族でも 嵐の領界辺りに生息する 有象無象とは格が違うと主張。相当プライドが高いようだ。","2026-07-27 12:57:27","2026-07-29 12:20:42"
1682,1682,ヘルバトラー(コイン),ヘルバトラー(コイン),"Herubatoraa (Coin)",4,0,,https://xn--10-yg4a1a3kyh.jp/a_mon/../a_mon/dq10_monster_k_herubatora-koin.html,/storage/images/monsters/1682.webp,魔法の迷宮に封じられた魔界のエリート戦士。強さこそ絶対の価値と信じ強者ならば敵でも敬意を抱く。,"大魔王マデサゴーラに 仕える従弟がいるらしいが すっかり音信不通で 近況は把握できていない。","2026-07-27 13:23:20","2026-08-03 12:09:04"
1683,1683,タイムマスター,タイムマスター,Taimumasutaa,4,0,,https://xn--10-yg4a1a3kyh.jp/a_mon/../a_mon/dq10_monster_k_taimumasuta-.html,/storage/images/monsters/1683.webp,魔法の迷宮に封じられた時間をあやつる大魔道士。本来は時の狭間に潜み邪悪な奸計を巡らすという。,"アストルティアには 時間を自在にあやつる 時の妖精がいると聞き 密かにライバル視している。","2026-07-27 13:12:40","2026-08-03 12:09:04"
1684,1684,人食い火竜,ヒトグイヒリュウ,Hitoguihiryuu,11,0,,https://xn--10-yg4a1a3kyh.jp/a_mon/../a_mon/dq10_monster_k_hitokuikaryuu.html,/storage/images/monsters/1684.webp,魔法の迷宮に封じられた人を喰らうという悪しき魔竜。ある危険な呪いを宿しているがそれも今は封印されている。,"その全身はウロコでなく フサフサの毛で覆われている。吹きだす炎で自慢の毛並みが 焦げないかが常に気がかり。","2026-07-27 13:19:29","2026-07-29 12:20:42"
1685,1685,デスマシーン,デスマシーン,Desumashiin,13,0,,https://xn--10-yg4a1a3kyh.jp/a_mon/../a_mon/dq10_monster_k_desumashi-n.html,/storage/images/monsters/1685.webp,魔法の迷宮に封じられた最強のからくり兵器。両手の剣をブン回し破壊と絶望を振りまく。,"かつては命令してくる 小うるさい操縦役がいたが うっかり踏みつぶして以来 自由気ままにやっている。","2026-07-27 13:13:40","2026-07-29 12:20:42"
1686,1686,破壊神フォロボス,ハカイシンフォロボス,Hakaishinfuorobosu,14,0,,https://xn--10-yg4a1a3kyh.jp/a_mon/../a_mon/dq10_monster_k_hakaishinforobosu.html,/storage/images/monsters/1686.webp,"魔法の迷宮に封じられた異世界の魔神。魔空５兄弟の真ん中で 最強と呼ばれている破壊と殺りくの権化。","かつてゼーアスを侵略した際は 神の書 に封印された。今は 魔法の迷宮に封じられているが 気分的には慣れたものである。","2026-07-27 13:16:45","2026-08-03 13:05:38"
1687,1687,ヘルクラウダー,ヘルクラウダー,Herukuraudaa,7,0,,https://xn--10-yg4a1a3kyh.jp/a_mon/../a_mon/dq10_monster_k_herukurauda-.html,/storage/images/monsters/1687.webp,魔法の迷宮に封じられた風と雲をあやつる魔神。あらゆる敵をなぎ払うその脅威度はまさに天災級！,"フロストギズモが突然変異して この姿になったとのウワサだが 本人ノーコメントのため 真偽は明らかになっていない。","2026-07-27 13:23:09","2026-07-29 12:20:42"
1688,1688,ベビークラウド,ベビークラウド,Bebiikuraudo,7,0,,https://xn--10-yg4a1a3kyh.jp/a_mon/../a_mon/dq10_monster_k_bebi-kuraudo.html,/storage/images/monsters/1688.webp,魔法の迷宮に封じられたヘルクラウダーのしもべ。集団での戦闘を得意とする油断できない雲の子供。,"ヘルクラウダーに統率され 忠実に従っているようだが じつは虎視眈々と下剋上を狙う 見た目によらぬ野心家である。","2026-07-27 13:22:56","2026-07-29 12:20:42"
1689,1689,鉄鬼軍王キラゴルド,,,,0,,,/storage/images/monsters/1689.webp,魔法の迷宮に封じられた黄金に輝くゴージャスな魔獣。他者を黄金に変えるという恐るべき魔法の使い手だ。,"こう見えて じつは女性で しかも妹属性持ちだという。ワガママを言われたら思わず 聞いてあげたく…ならないか。","2026-07-27 17:17:08","2026-07-29 12:20:42"
1690,1690,黄金兵長,,,,0,,,/storage/images/monsters/1690.webp,キラゴルドにこき使われる黄金の鎧をまとった兵士。その正体はある海賊集団の首領の成れの果てだとか。,"ワガママ放題なキラゴルドの 命令にいつも困らされている。黄金の食事を作れとの命令には 具無しチャーハンで対応した。","2026-07-27 17:17:08","2026-07-29 12:20:42"
1691,1691,アトラス強,アトラスキョウ,"Atorasu (Strong)",4,0,,https://xn--10-yg4a1a3kyh.jp/a_mon/../a_mon/dq10_monster_k_atorasukyo.html,/storage/images/monsters/1691.webp,"魔法の迷宮に 不死身のまま封印されし アトラス。何者かの妖術により 強化され迷宮に再臨する。","棍棒には強いこだわりがあり なじみのセレクトショップで 一流の棍シェルジュが選んだ 逸品しか手にしないという。","2026-07-27 12:52:26","2026-08-03 12:09:04"
1692,1692,バズズ強,バズズキョウ,"Bazuzu (Strong)",4,0,,https://xn--10-yg4a1a3kyh.jp/a_mon/../a_mon/dq10_monster_k_bazuzukyo.html,/storage/images/monsters/1692.webp,"魔法の迷宮に 不死身のまま封印されし バズズ。何者かの妖術により 強化され迷宮に再臨する。","不死の魔王から じきじきに 手ほどきを受けたという バズズの魔術の実力は 魔法の迷宮でトップクラスだ。","2026-07-27 13:17:10","2026-08-03 12:09:04"
1693,1693,ベリアル強,ベリアルキョウ,"Beriaru (Strong)",4,0,,https://xn--10-yg4a1a3kyh.jp/a_mon/../a_mon/dq10_monster_k_beriarukyo.html,/storage/images/monsters/1693.webp,"魔法の迷宮に 不死身のまま封印されし ベリアル。何者かの妖術により 強化され迷宮に再臨する。","全身黄色の体色は 大悪魔としてハクをつけようと 黄金ボディを目指した結果 あえなく失敗したとのウワサ。","2026-07-27 13:23:04","2026-08-03 12:09:04"
1694,1694,ドラゴンガイア強,ドラゴンガイアキョウ,"Doragongaia (Strong)",11,0,,https://xn--10-yg4a1a3kyh.jp/a_mon/../a_mon/dq10_monster_k_doragongaiakyo.html,/storage/images/monsters/1694.webp,"魔法の迷宮に 不死身のまま封印されし ドラゴンガイア。何者かの妖術により 強化され迷宮に再臨する。","左手に持つ竜玉の妖しい輝きは 彼らの強さのバロメーター。修行を重ねるほどに一層明るく 輝きを放つようになるという。","2026-07-27 13:15:16","2026-07-29 12:20:42"
1695,1695,アクバー強,アクバーキョウ,"Akubaa (Strong)",4,0,,https://xn--10-yg4a1a3kyh.jp/a_mon/../a_mon/dq10_monster_k_akuba-kyo.html,/storage/images/monsters/1695.webp,"魔法の迷宮に 不死身のまま封印されし アクバー。何者かの妖術により 強化され迷宮に再臨する。","かつては魔王の右腕として 狭間の世界に君臨したが 今ではデュランと立場逆転。密かに捲土重来を狙っている。","2026-07-27 12:51:36","2026-08-03 12:09:04"
1696,1696,デュラン強,デュランキョウ,"Deyuran (Strong)",14,0,,https://xn--10-yg4a1a3kyh.jp/a_mon/../a_mon/dq10_monster_k_dyurankyo.html,/storage/images/monsters/1696.webp,"魔法の迷宮に 不死身のまま封印されし デュラン。何者かの妖術により 強化され迷宮に再臨する。","戦うに値すると認める強者は ただでさえ少ないのに 不可抗力で強くなってしまい さらに不満がたまる結果に。","2026-07-27 13:14:04","2026-08-03 13:05:38"
1697,1697,バラモス強,バラモスキョウ,"Baramosu (Strong)",14,0,,https://xn--10-yg4a1a3kyh.jp/a_mon/../a_mon/dq10_monster_k_baramosukyo.html,/storage/images/monsters/1697.webp,"魔法の迷宮に 不死身のまま封印されし バラモス。何者かの妖術により 強化され迷宮に再臨する。","何度倒しても復活する敵への 対抗策としてハラワタを喰らう 戦略を研究会で提唱しているが いまだ実証には至っていない。","2026-07-27 13:17:54","2026-08-03 13:05:38"
1698,1698,バラモスブロス強,バラモスブロスキョウ,"Baramosuburosu (Strong)",14,0,,https://xn--10-yg4a1a3kyh.jp/a_mon/../a_mon/dq10_monster_k_baramosuburosukyo.html,/storage/images/monsters/1698.webp,"魔法の迷宮に封じられたいにしえの三悪魔の一角。何者かの妖術により 強化され迷宮に再臨する。","兄とは不仲なのかと思いきや バカにされると ハラワタが 煮えくり返るほど怒りだす。なんだかんだで兄想いな奴。","2026-07-27 13:18:02","2026-08-03 13:05:38"
1699,1699,キングヒドラ強,キングヒドラキョウ,"Kinguhidora (Strong)",11,0,,https://xn--10-yg4a1a3kyh.jp/a_mon/../a_mon/dq10_monster_k_kinguhidorakyo.html,/storage/images/monsters/1699.webp,"魔法の迷宮に 不死身のまま封印されし キングヒドラ。何者かの妖術により 強化され迷宮に再臨する。","歌えば ひとり合唱団と呼ばれ 5頭の息の合ったハーモニーで 魔界に一大アカペラブームを 巻き起こしたことすらある。","2026-07-27 12:59:46","2026-07-29 12:20:42"
1700,1700,グラコス強,グラコスキョウ,"Gurakosu (Strong)",9,0,,https://xn--10-yg4a1a3kyh.jp/a_mon/../a_mon/dq10_monster_k_gurakosukyo.html,/storage/images/monsters/1700.webp,"魔法の迷宮に 不死身のまま封印されし グラコス。何者かの妖術により 強化され迷宮に再臨する。","玄孫グラコス５世のことは 一応頼りにしつつも 若いモンには負けないと ついつい気張ってしまう。","2026-07-27 13:00:10","2026-07-29 12:20:42"
1701,1701,グラコス５世,グラコスゴセイ,Gurakosugosei,9,0,,https://xn--10-yg4a1a3kyh.jp/a_mon/../a_mon/dq10_monster_k_gurakosu5sei.html,/storage/images/monsters/1701.webp,グラコスの玄孫にあたる五代目の海魔の王。こんな世代差デュオが組めるのも長命な魔族ならではと言える。,"ご先祖グラコスのことは 一応尊敬しているが 戦えば自分の方が上だと 自負するプライドの高いヤツ。","2026-07-27 13:00:07","2026-07-29 12:20:42"
1702,1702,キラーマジンガ強,キラーマジンガキョウ,"Kiraamajinga (Strong)",13,0,,https://xn--10-yg4a1a3kyh.jp/a_mon/../a_mon/dq10_monster_k_kira-majingakyo.html,/storage/images/monsters/1702.webp,"魔法の迷宮に 不死身のまま封印されし キラーマジンガ。何者かの妖術により 強化され迷宮に再臨する。","一見すると ちがいはないが 通常のキラーマジンガと比べ 最大出力 耐久性 加速性能 燃費の いずれも上回る性能。","2026-07-27 12:59:22","2026-07-29 12:20:42"
1703,1703,暗黒の魔人強,アンコクノマジンキョウ,"Ankokunomajin (Strong)",12,0,,https://xn--10-yg4a1a3kyh.jp/a_mon/../a_mon/dq10_monster_k_ankokunomajinkyo.html,/storage/images/monsters/1703.webp,"魔法の迷宮に 不死身のまま封印されし 暗黒の魔人。何者かの妖術により 強化され迷宮に再臨する。","何かひとつキッカケがあれば 岳都ガタラのガラクタ城からは 自分の同類が生まれるのではと 密かに期待している。","2026-07-27 12:53:04","2026-07-29 12:20:42"
1704,1704,牙王ゴースネル,キバオウゴースネル,Kibaougoosuneru,2,0,,https://xn--10-yg4a1a3kyh.jp/a_mon/../a_mon/dq10_monster_k_kibaogo-suneru.html,/storage/images/monsters/1704.webp,召喚符によって呼び出される獣鬼たちの王のひとり。類まれなパワーとスピードで立ちはだかる敵を打ち砕く。,"かつて ある偉大な召喚術師に 召喚され 仕えていたという。乱暴者だが主に対しては 意外と忠誠心が厚いらしい。","2026-07-27 12:57:55","2026-08-03 12:10:41"
1705,1705,輪王ザルトラ,リンオウザルトラ,Rin'ouzarutora,8,0,,https://xn--10-yg4a1a3kyh.jp/a_mon/../a_mon/dq10_monster_k_waozarutora.html,/storage/images/monsters/1705.webp,召喚符によって呼び出される獣鬼たちの王のひとり。邪輪という武器をあやつり立ちはだかる敵を切り裂く。,"かつて ある偉大な召喚術師に 召喚され 仕えていたという。いずれ寝首をかくと うそぶき 主にツンツンしていたらしい。","2026-07-27 13:33:21","2026-07-29 12:20:42"
1706,1706,剣王ガルドリオン,ケンオウガルドリオン,Ken'ougarudorion,2,0,,https://xn--10-yg4a1a3kyh.jp/a_mon/../a_mon/dq10_monster_k_kenogarudorion.html,/storage/images/monsters/1706.webp,召喚符によって呼び出される獣鬼たちの王のひとり。変幻自在の超剣技で立ちはだかる敵を斬り捨てる。,"かつて ある偉大な召喚術師に 召喚され 仕えていたという。彼の剣は主に捧げられたもので 主の敵をことごとく討った。","2026-07-27 13:01:05","2026-08-03 12:10:41"
1707,1707,震王ジュノーガ,シンオウジュノーガ,Shin'oujunooga,2,0,,https://xn--10-yg4a1a3kyh.jp/a_mon/../a_mon/dq10_monster_k_furuojuno-ga.html,/storage/images/monsters/1707.webp,召喚符によって呼び出される獣鬼たちの王のひとり。大地の霊力をあやつり立ちはだかる敵を踏み砕く。,"かつて ある偉大な召喚術師に 召喚され 仕えていたという。主をその背に乗せて世界中を 旅したのは いい思い出。","2026-07-27 13:22:36","2026-08-03 12:10:41"
1708,1708,勇者アルヴァン,ユウシャアルヴァン,Yuushaaruvuan,14,0,,https://xn--10-yg4a1a3kyh.jp/a_mon/../a_mon/dq10_monster_k_yuushaaruban.html,/storage/images/monsters/1708.webp,禁忌の術で魂を闇に侵された１０００年前の先代勇者。闇に落ちようとも勇者らしくギガデインを使いこなす。,"アンルシアが読んでいた絵本は 彼をモデルにしているが 盟友に関しては書き換えられ ハッピーエンドになっている。","2026-07-27 13:30:05","2026-08-03 13:05:38"
1709,1709,ファラオ・デス,ファラオ・デス,"Fuarao Desu",10,0,,https://xn--10-yg4a1a3kyh.jp/a_mon/../a_mon/dq10_monster_k_faraodesu.html,/storage/images/monsters/1709.webp,おそろしい呪文をあやつる魔道に通じた秘宝の守護者。魔力かくせいをしてドルマドンを放ってくる。,"歴史上はじめてミイラになった ファラオだと言われている。技術が不完全で ちょっぴり 腐っているのは秘密だ。","2026-07-27 13:20:04","2026-07-29 12:20:42"
1710,1710,ファラオ・エレフ,ファラオ・エレフ,"Fuarao Erefu",2,0,,https://xn--10-yg4a1a3kyh.jp/a_mon/../a_mon/dq10_monster_k_faraoerefu.html,/storage/images/monsters/1710.webp,"勇猛果敢さを誇る戦技に長けた秘宝の守護者。はげしいおたけびを上げ探求者を はじきとばす。","生前はファラオでありながら 最高の象使いであった。戦の時は相棒の象にまたがり 敵軍を けちらしたという。","2026-07-27 13:19:51","2026-08-03 12:10:41"
1711,1711,ファラオ・ガル,ファラオ・ガル,"Fuarao Garu",4,0,,https://xn--10-yg4a1a3kyh.jp/a_mon/../a_mon/dq10_monster_k_faraogaru.html,/storage/images/monsters/1711.webp,知略と絆を武器として自在に戦う秘宝の守護者。すばやく動きまわり襲いかかってくる。,"古代王朝末期 幼き兄弟が ファラオとして君臨していた。ふたりは大人に負けぬほど賢く 立派に国を治めたという。","2026-07-27 13:19:56","2026-08-03 12:09:04"
1712,1712,ファラオ・ゴル,ファラオ・ゴル,"Fuarao Goru",4,0,,https://xn--10-yg4a1a3kyh.jp/a_mon/../a_mon/dq10_monster_k_faraogoru.html,/storage/images/monsters/1712.webp,知略と絆を武器として冷静に戦う秘宝の守護者。暗黒のきりを呼びよせ探求者のチカラを奪う。,"古代王朝末期 幼き兄弟が ファラオとして君臨していた。ふたりは その短い生涯の間 一度も仲違いしなかった。","2026-07-27 13:19:59","2026-08-03 12:09:04"
1713,1713,ファラオ・ゴレム,ファラオ・ゴレム,"Fuarao Goremu",12,0,,https://xn--10-yg4a1a3kyh.jp/a_mon/../a_mon/dq10_monster_k_faraogoremu.html,/storage/images/monsters/1713.webp,鉄壁の堅さを誇る守戦が得意な秘宝の守護者。におうだちで立ちはだかり仲間たちを守りぬく。,"生前は建築技術の研究に 心血を注いだファラオだった。ピラミッドを作る技術は 彼の時代に飛躍的に発展した。","2026-07-27 13:20:02","2026-07-29 12:20:42"
1714,1714,ファラオ・ナジャ,ファラオ・ナジャ,"Fuarao Naja",8,0,,https://xn--10-yg4a1a3kyh.jp/a_mon/../a_mon/dq10_monster_k_faraonaja.html,/storage/images/monsters/1714.webp,鬼神のごとき強さで敵を圧倒する秘宝の守護者。ジゴデインを唱えて地獄のいかずちを呼ぶ。,"ファラオの中では最も厳格で 学問を重んじたという。学校を作り 自ら子供たちを 教え導くこともあった。","2026-07-27 13:20:07","2026-07-29 12:20:42"
1715,1715,ファラオ・ルドラ,ファラオ・ルドラ,"Fuarao Rudora",11,0,,https://xn--10-yg4a1a3kyh.jp/a_mon/../a_mon/dq10_monster_k_faraorudora.html,/storage/images/monsters/1715.webp,古代技術を武器として破滅をもたらす秘宝の守護者。機械の身体をあやつってミサイルを放ってくる。,"身体の弱いファラオで 機械の身体を欲したという。他国から取り寄せたカラクリは ガテリア皇国産だった。","2026-07-27 13:20:26","2026-07-29 12:20:42"
1716,1716,ファラオ・ラー,ファラオ・ラー,"Fuarao Raa",11,0,,https://xn--10-yg4a1a3kyh.jp/a_mon/../a_mon/dq10_monster_k_faraora-.html,/storage/images/monsters/1716.webp,太陽のごとく輝いて万物を統べる秘宝の守護者。秘められた竜眼が開く時すべての打撃は無効となる。,"古代王朝の礎を築いた 建国の祖であるファラオ。彼の息子はファラオの中の ファラオと呼ばれたという。","2026-07-27 13:20:24","2026-07-29 12:20:42"
1717,1717,ファラオの右手,ファラオノミギテ,Fuaraonomigite,4,0,,https://xn--10-yg4a1a3kyh.jp/a_mon/../a_mon/dq10_monster_k_faraonomigite.html,/storage/images/monsters/1717.webp,"長い年月を経て 意思を持ったいにしえの王の右手。主が右利きだったせいか左手よりもウデっぷしが強い。","霊廟の奥でヒマな時は よく左手とジャンケンして 時間をつぶす。その勝敗は わずかに左がリードしている。","2026-07-27 13:20:15","2026-08-03 12:09:04"
1718,1718,ファラオの左手,ファラオノヒダリテ,Fuaraonohidarite,4,0,,https://xn--10-yg4a1a3kyh.jp/a_mon/../a_mon/dq10_monster_k_faraonohidarite.html,/storage/images/monsters/1718.webp,"長い年月を経て 意思を持ったいにしえの王の左手。盗賊を呪ってミイラにするのが楽しみで仕方ない。","右手とのジャンケンにも飽きて ゆびずもうをやろうとしたが よく考えたら左右の手では 組めないことに気付いた。","2026-07-27 13:20:12","2026-08-03 12:09:04"
1719,1719,ファラオ・ヘッド,ファラオ・ヘッド,"Fuarao Heddo",4,0,,https://xn--10-yg4a1a3kyh.jp/a_mon/../a_mon/dq10_monster_k_faraoheddo.html,/storage/images/monsters/1719.webp,"長い眠りから 目覚めたいにしえの王。長く眠りすぎた腹いせにあやしいひとみで眠りに誘う。","ふたつの手はそれぞれに 自律した意思を持っているが 墓泥棒を倒すという目的で 一致団結して行動している。","2026-07-27 13:20:18","2026-08-03 12:09:04"
1720,1720,ファラオ・ヘルマ,ファラオ・ヘルマ,"Fuarao Heruma",8,0,,https://xn--10-yg4a1a3kyh.jp/a_mon/../a_mon/dq10_monster_k_faraoheruma.html,/storage/images/monsters/1720.webp,"その身に宿した冥界のチカラで万物を呪う いにしえの女王。忠誠心あつく主を死守するミイラ達は彼女の最高傑作。","ミイラ作りの始祖として名高く 彼女の作った幾千ものミイラは 夫ニビス率いる軍の主力として 近隣諸国を脅かしたという。","2026-07-27 13:20:21","2026-07-29 12:20:42"
1721,1721,ファラオ・ニビス,ファラオ・ニビス,"Fuarao Nibisu",8,0,,https://xn--10-yg4a1a3kyh.jp/a_mon/../a_mon/dq10_monster_k_faraonibisu.html,/storage/images/monsters/1721.webp,"その身に宿した冥界のチカラで万物を裁く いにしえの王。秘宝を狙う不届き者をピラミッド化して断罪する。","猛将として名高いニビス王だが じつは かなりの恐妻家。双竜打ちの おしおきを恐れて 必死で戦果を上げていたのだ。","2026-07-27 13:20:10","2026-07-29 12:20:42"
1722,1722,ファラオ・カーメン,ファラオ・カーメン,"Fuarao Kaamen",14,0,,https://xn--10-yg4a1a3kyh.jp/a_mon/../a_mon/dq10_monster_k_faraoka-men.html,/storage/images/monsters/1722.webp,"秘宝の探究者たちの前に立ちはだかる 最強の守護者。霊廟を守ることを誇りとし多彩な攻撃で賊を排除する。","古代王朝が最も栄えた時代に 君臨した 偉大なるファラオ。それゆえに孤独で その生涯に 心を許せる友はいなかった。","2026-07-27 13:19:53","2026-08-03 13:05:38"
1723,1723,常闇の竜レグナード,トコヤミノリュウレグナード,Tokoyaminoryuuregunaado,11,0,,https://xn--10-yg4a1a3kyh.jp/a_mon/../a_mon/dq10_monster_k_tokoyaminoryuureguna-do.html,/storage/images/monsters/1723.webp,"神話の時代から存在するといういにしえの竜の１匹で闇のチカラをつかさどる。邪悪な存在では ないらしい。","いにしえの竜たちはいずれも チカラをほとんど失った状態で この世界の深淵に眠っており 時折目覚めて混乱をもたらす。","2026-07-27 13:14:57","2026-07-29 12:20:42"
1724,1724,ダークキング,ダークキング,Daakukingu,1,0,,https://xn--10-yg4a1a3kyh.jp/a_mon/../a_mon/dq10_monster_k_da-kukingu.html,/storage/images/monsters/1724.webp,闇の領界の毒が浄化されぬまま濃縮された結果出現した脅威。暗黒エネルギーの集合体であり意思を持たぬ言わば自然災害。,"このような危険な存在を 生みだす原因を作ったことも 闇の領界の竜族たちが犯した 罪のひとつと言えよう。","2026-07-27 13:12:05","2026-07-29 12:20:42"
1725,1725,海冥主メイヴ,カイメイシュメイヴ,Kaimeishumeivu,9,0,,https://xn--10-yg4a1a3kyh.jp/a_mon/../a_mon/dq10_monster_k_kaimeishumeibu.html,/storage/images/monsters/1725.webp,浮遊大陸ナドラガンドの内海に巣食ったという神話的怪物。常闇の竜レグナードと争い世界に破壊を振りまいた。,"古代種と呼ばれる怪物の多くは すでに封印されるか倒されたが メイヴ同様 眠りについたまま 忘れられたものも少なくない。","2026-07-27 12:56:36","2026-07-29 12:20:42"
1726,1726,災いの神話,ワザワイノシンワ,Wazawainoshinwa,14,0,,https://xn--10-yg4a1a3kyh.jp/a_mon/../a_mon/dq10_monster_k_wazawainoshinwa.html,/storage/images/monsters/1726.webp,"戦禍の邪神の想念が生みだした戦禍の眷属と呼ばれる存在。世界を脅かす 強大な悪の姿を再現しているらしい。","戦禍の邪神は戦争の振りまく 災いを象徴する悪神であり 大いなる闇の根源にもっとも 近い存在の一角らしい。","2026-07-27 13:33:28","2026-08-03 13:05:38"
1727,1727,暴虐の悪夢,ボウギャクノアクム,Bougyakunoakumu,14,0,,https://xn--10-yg4a1a3kyh.jp/a_mon/../a_mon/dq10_monster_k_bogyakunoakumu.html,/storage/images/monsters/1727.webp,"戦禍の邪神の想念が生みだした戦禍の眷属と呼ばれる存在。世界を脅かす 強大な悪の姿を再現しているらしい。","戦禍の邪神は神代の昔に アストルティアに襲来した。これと戦ったのがオーガの神 ガズバランであったという。","2026-07-27 13:23:32","2026-08-03 13:05:38"
1728,1728,幻妖の魔勇者,ゲンヨウノマユウシャ,Gen'younomayuusha,14,0,,https://xn--10-yg4a1a3kyh.jp/a_mon/../a_mon/dq10_monster_k_genyonomayuusha.html,/storage/images/monsters/1728.webp,戦禍の邪神の想念が生みだした戦禍の眷属と呼ばれる存在。挑戦者の記憶から戦いづらい相手の姿を再現するらしい。,"戦禍の邪神のほかにも 闇の根源に近いもの…… 邪神と呼ばれる存在は複数いて どこかで眠っているらしい。","2026-07-27 13:01:46","2026-08-03 13:05:38"
1729,1729,幻妖の黒公子,ゲンヨウノコクコウシ,Gen'younokokukoushi,14,0,,https://xn--10-yg4a1a3kyh.jp/a_mon/../a_mon/dq10_monster_k_genyonokurokoshi.html,/storage/images/monsters/1729.webp,戦禍の邪神の想念が生みだした戦禍の眷属と呼ばれる存在。挑戦者の記憶から戦いづらい相手の姿を再現するらしい。,"戦禍の邪神は４本のウデを持ち それぞれのウデは戦がもたらす 死と破壊 憎悪と狂乱の ４つの災いを司っている。","2026-07-27 13:01:43","2026-08-03 13:05:38"
1730,1730,震撼の冥宰相,シンカンノメイサイショウ,Shinkannomeisaishou,8,0,,https://xn--10-yg4a1a3kyh.jp/a_mon/../a_mon/dq10_monster_k_shinkannomeisaisho.html,/storage/images/monsters/1730.webp,戦禍の邪神の想念が生みだした戦禍の眷属と呼ばれる存在。挑戦者がかつて対面した強敵の記憶を再現している。,"邪神の宮殿に突き立つ封剣は もともと戦禍の邪神のもの。相手の武器の魔力を利用して ガズバランは封印を施した。","2026-07-27 13:08:28","2026-07-29 12:20:42"
1731,1731,戦慄の魔元帥,センリツノマゲンスイ,Senritsunomagensui,14,0,,https://xn--10-yg4a1a3kyh.jp/a_mon/../a_mon/dq10_monster_k_senritsunomagensui.html,/storage/images/monsters/1731.webp,戦禍の邪神の想念が生みだした戦禍の眷属と呼ばれる存在。挑戦者がかつて対面した強敵の記憶を再現している。,"戦禍の眷属たちにより今も 封印は むしばまれている。戦禍の邪神が復活する日は そう遠くないのかもしれない。","2026-07-27 13:11:08","2026-08-03 13:05:38"
1732,1732,魔幻の芸術家,マゲンノゲイジュツカ,Magennogeijutsuka,14,0,,https://xn--10-yg4a1a3kyh.jp/a_mon/../a_mon/dq10_monster_k_magennogeijutsuka.html,/storage/images/monsters/1732.webp,戦禍の邪神の想念が生みだした戦禍の眷属と呼ばれる存在。挑戦者と強い因縁を持つ悪しき者の記憶が再現される。,"戦禍の邪神は魔族の王よりも 大いなる闇の根源に近い存在。その魔力は比較にならないほど 絶大であると言われている。","2026-07-27 13:25:03","2026-08-03 13:05:38"
1733,1733,冥府の君主,メイフノクンシュ,Meifunokunshu,14,0,,https://xn--10-yg4a1a3kyh.jp/a_mon/../a_mon/dq10_monster_k_meifunobokun.html,/storage/images/monsters/1733.webp,戦禍の邪神の想念が生みだした戦禍の眷属と呼ばれる存在。挑戦者と強い因縁を持つ悪しき者の記憶が再現される。,"戦禍の邪神はガズバラン神に 封印されたためオーガを憎み オーガに災いをなす計略を かつて何度も企てたという。","2026-07-27 13:28:39","2026-08-03 13:05:38"
1734,1734,謀略の邪竜,ボウリャクノジャリュウ,Bouryakunojaryuu,11,0,,https://xn--10-yg4a1a3kyh.jp/a_mon/../a_mon/dq10_monster_k_boryakunojaryuu.html,/storage/images/monsters/1734.webp,戦禍の邪神の想念が生みだした戦禍の眷属と呼ばれる存在。挑戦者がかつて対面した強敵の記憶を再現している。,"戦禍の邪神の発する 悪しき想念が増大するにつれ 眷属もまた多様な姿で 顕現するようになったようだ。","2026-07-27 13:24:05","2026-07-29 12:20:43"
1735,1735,憤怒の剛竜,フンドノゴウリュウ,Fundonogouryuu,11,0,,https://xn--10-yg4a1a3kyh.jp/a_mon/../a_mon/dq10_monster_k_fundonojaryuu.html,/storage/images/monsters/1735.webp,戦禍の邪神の想念が生みだした戦禍の眷属と呼ばれる存在。挑戦者がかつて対面した強敵の記憶を再現している。,"戦禍の眷属の見た目は挑戦者の 怒りや憎しみ 悲しみや恐れの 記憶に深く結びついており その時々の姿を変えるという。","2026-07-27 13:22:45","2026-07-29 12:20:43"
1736,1736,暗黒の星竜機,アンコクノホシリュウキ,Ankokunohoshiryuuki,13,0,,https://xn--10-yg4a1a3kyh.jp/a_mon/../a_mon/dq10_monster_k_ankokunoseiryuuki.html,/storage/images/monsters/1736.webp,戦禍の邪神の想念が生みだした戦禍の眷属と呼ばれる存在。多くの者に死を振りまいた圧倒的な脅威を再現している。,"戦禍の邪神の封印からもれだす 邪気は封印の守護者である 魔封剣姫の身体をむしばみ その寿命を縮めるという。","2026-07-27 12:52:56","2026-07-29 12:20:43"
1737,1737,真紅の殺人機械,シンクノサツジンキカイ,Shinkunosatsujinkikai,13,0,,https://xn--10-yg4a1a3kyh.jp/a_mon/../a_mon/dq10_monster_k_shinkunosatsujinkikai.html,/storage/images/monsters/1737.webp,戦禍の邪神の想念が生みだした戦禍の眷属と呼ばれる存在。多くの者に死を振りまいた圧倒的な脅威を再現している。,"悠久の封印の中 戦禍の邪神は 助力を求める者にチカラを 貸し与えつつ 憎悪を植え付け 自らの走狗としてきた。","2026-07-27 13:08:33","2026-07-29 12:20:43"
1738,1738,絶牙の白獅子,ゼツガノハクジシ,Zetsuganohakujishi,2,0,,https://xn--10-yg4a1a3kyh.jp/a_mon/../a_mon/dq10_monster_k_zetsuganoshirojishi.html,/storage/images/monsters/1738.webp,戦禍の邪神の想念が生みだした戦禍の眷属と呼ばれる存在。多くの者に死を振りまいた圧倒的な脅威を再現している。,"暗黒大樹 けがれの谷など アストルティア各地にある 呪われた土地は いずれも 邪神に関わりがあるらしい。","2026-07-27 13:10:25","2026-08-03 12:10:41"
1739,1739,邪炎の鎧鬼,ジャエンノガイキ,Jaennogaiki,12,0,,https://xn--10-yg4a1a3kyh.jp/a_mon/../a_mon/dq10_monster_k_jaennogaiki.html,/storage/images/monsters/1739.webp,戦禍の邪神の想念が生みだした戦禍の眷属と呼ばれる存在。挑戦者がかつて対面した強敵の記憶を再現している。,"戦禍の邪神の想念によって 神の試練の番人が宿す 浄化の炎は 全てを焼き尽くす 邪炎と化した。","2026-07-27 13:06:01","2026-07-29 12:20:43"
1740,1740,魔氷の鎧鬼,マヒョウノガイキ,Mahyounogaiki,12,0,,https://xn--10-yg4a1a3kyh.jp/a_mon/../a_mon/dq10_monster_k_mahyonogaiki.html,/storage/images/monsters/1740.webp,戦禍の邪神の想念が生みだした戦禍の眷属と呼ばれる存在。挑戦者がかつて対面した強敵の記憶を再現している。,"戦禍の邪神の想念によって 神の試練の番人が宿す 至純の氷は 時も凍てつかせる 魔氷と化した。","2026-07-27 13:26:42","2026-07-29 12:20:43"
1741,1741,呪闇の鎧鬼,ジュアンノガイキ,Juannogaiki,12,0,,https://xn--10-yg4a1a3kyh.jp/a_mon/../a_mon/dq10_monster_k_juannogaiki.html,/storage/images/monsters/1741.webp,戦禍の邪神の想念が生みだした戦禍の眷属と呼ばれる存在。挑戦者がかつて対面した強敵の記憶を再現している。,"戦禍の邪神の想念によって 神の試練の番人が宿す 静謐なる闇は 呪いを振りまく 呪闇と化した。","2026-07-27 13:06:54","2026-07-29 12:20:43"
1742,1742,屍水の鎧鬼,シスイノガイキ,Shisuinogaiki,12,0,,https://xn--10-yg4a1a3kyh.jp/a_mon/../a_mon/dq10_monster_k_shisuinogaiki.html,/storage/images/monsters/1742.webp,戦禍の邪神の想念が生みだした戦禍の眷属と呼ばれる存在。挑戦者がかつて対面した強敵の記憶を再現している。,"戦禍の邪神の想念によって 神の試練の番人が宿す 清浄なる水は 死穢にまみれた 屍水と化した。","2026-07-27 13:05:28","2026-07-29 12:20:43"
1743,1743,獄嵐の鎧鬼,ゴクランノガイキ,Gokurannogaiki,12,0,,https://xn--10-yg4a1a3kyh.jp/a_mon/../a_mon/dq10_monster_k_gokurannogaiki.html,/storage/images/monsters/1743.webp,戦禍の邪神の想念が生みだした戦禍の眷属と呼ばれる存在。挑戦者がかつて対面した強敵の記憶を再現している。,"戦禍の邪神の想念によって 神の試練の番人が宿す 神気の嵐は 万象を打ち滅ぼす 獄嵐と化した。","2026-07-27 13:02:39","2026-07-29 12:20:43"
1744,1744,烈武の竜将,レツブノリュウショウ,Retsubunoryuushou,14,0,,https://xn--10-yg4a1a3kyh.jp/a_mon/../a_mon/dq10_monster_k_retsubunoryuusho.html,/storage/images/monsters/1744.webp,戦禍の邪神の想念が生みだした戦禍の眷属と呼ばれる存在。挑戦者がかつて対面した強敵の記憶を再現している。,"戦禍の邪神にとって 大いなる闇の根源という存在は 親であり 主君であり 崇めるべき神でもあるという。","2026-07-27 13:33:03","2026-08-03 13:05:38"
1745,1745,背徳の教祖,ハイトクノキョウソ,Haitokunokyouso,14,0,,https://xn--10-yg4a1a3kyh.jp/a_mon/../a_mon/dq10_monster_k_haitokunokyoso.html,/storage/images/monsters/1745.webp,戦禍の邪神の想念が生みだした戦禍の眷属と呼ばれる存在。挑戦者がかつて対面した強敵の記憶を再現している。,,"2026-07-27 13:16:29","2026-08-03 13:05:38"
1746,1746,虚空の邪竜神,コクウノジャリュウジン,Kokuunojaryuujin,14,0,,https://xn--10-yg4a1a3kyh.jp/a_mon/../a_mon/dq10_monster_k_kokuunojaryuushin.html,/storage/images/monsters/1746.webp,戦禍の邪神の想念が生みだした戦禍の眷属と呼ばれる存在。挑戦者がかつて対面した強敵の記憶を再現している。,"戦禍の邪神はガズバラン神に 封印されたが 邪神の多くは 女神ルティアナによって 封印されているらしい。","2026-07-27 13:02:21","2026-08-03 13:05:38"
1747,1747,霊廟の冥妃,レイビョウノメイヒ,Reibyounomeihi,8,0,,https://xn--10-yg4a1a3kyh.jp/a_mon/../a_mon/dq10_monster_k_reibyonomeihi.html,/storage/images/monsters/1747.webp,戦禍の邪神の想念が生みだした戦禍の眷属と呼ばれる存在。多くの者に死を振りまいた圧倒的な脅威を再現している。,"戦禍の邪神にとっても 竜族の神は同格の存在だった。ただ邪神の宮殿に現れるのは 記憶の影のようなものである。","2026-07-27 13:32:47","2026-07-29 12:20:43"
1748,1748,霊廟の猛将,レイビョウノモウショウ,Reibyounomoushou,8,0,,https://xn--10-yg4a1a3kyh.jp/a_mon/../a_mon/dq10_monster_k_reibyonomosho.html,/storage/images/monsters/1748.webp,戦禍の邪神の想念が生みだした戦禍の眷属と呼ばれる存在。多くの者に死を振りまいた圧倒的な脅威を再現している。,"邪神の中でも暴虐と渇欲は 戦禍の邪神と馬が合った。禁忌と怨嗟とはしばしば対立し 嘲弄と虚無は理解不能だった。","2026-07-27 13:32:50","2026-07-29 12:20:43"
1749,1749,霊廟の守護神,レイビョウノシュゴジン,Reibyounoshugojin,14,0,,https://xn--10-yg4a1a3kyh.jp/a_mon/../a_mon/dq10_monster_k_reibyonoshugoshin.html,/storage/images/monsters/1749.webp,戦禍の邪神の想念が生みだした戦禍の眷属と呼ばれる存在。多くの者に死を振りまいた圧倒的な脅威を再現している。,"七柱の邪神の中で戦禍の邪神は 最も戦いを得意としていたが 悠久の封印の中で策略を 弄することも覚えたようだ。","2026-07-27 13:32:44","2026-08-03 13:05:38"
1750,1750,邪王の操り人形,ジャオウノアヤツリニンギョウ,Jaounoayatsuriningyou,13,0,,https://xn--10-yg4a1a3kyh.jp/a_mon/../a_mon/dq10_monster_k_jaonoayatsuriningyo.html,/storage/images/monsters/1750.webp,,,"2026-07-27 13:06:03","2026-07-29 12:20:43"
1751,1751,青嵐の烈剣士,セイランノレッケンシ,Seirannorekkenshi,14,0,,https://xn--10-yg4a1a3kyh.jp/a_mon/../a_mon/dq10_monster_k_seirannoretsukenshi.html,/storage/images/monsters/1751.webp,戦禍の邪神の想念が生みだした戦禍の眷属と呼ばれる存在。挑戦者と強い因縁を持つ強者の姿を再現するらしい。,"様々な呪いによって苦痛と 恨みを振りまく怨嗟の邪神は 戦いを好む戦禍の邪神にとって 気にくわない存在だった。","2026-07-27 13:09:47","2026-08-03 13:05:38"
1752,1752,暴風の豪剣士,ボウフウノゴウケンシ,Boufuunogoukenshi,2,0,,https://xn--10-yg4a1a3kyh.jp/a_mon/../a_mon/dq10_monster_k_bofuunogokenshi.html,/storage/images/monsters/1752.webp,戦禍の邪神の想念が生みだした戦禍の眷属と呼ばれる存在。挑戦者と強い因縁を持つ強者の姿を再現するらしい。,"堅苦しい性格の暴虐の邪神と 奔放な性格の戦禍の邪神は 一度殴り合いの大ゲンカをして 引き分けて以来仲良くなった。","2026-07-27 13:23:51","2026-08-03 12:10:41"
1753,1753,懊悩の麗竜,オウノウノレイリュウ,Ounounoreiryuu,11,0,,https://xn--10-yg4a1a3kyh.jp/a_mon/../a_mon/dq10_monster_k_ononoreiryuu.html,/storage/images/monsters/1753.webp,戦禍の邪神の想念が生みだした戦禍の眷属と呼ばれる存在。挑戦者と強い因縁を持つ強者の姿を再現するらしい。,"禁忌の邪神の得意とする戦法は 豪胆な戦禍の邪神からすると 臆病者の戦い方にしか思えず 内心で軽んじていた。","2026-07-27 12:55:41","2026-07-29 12:20:43"
1754,1754,辛苦の激竜,シンクノゲキリュウ,Shinkunogekiryuu,11,0,,https://xn--10-yg4a1a3kyh.jp/a_mon/../a_mon/dq10_monster_k_shinkunogekiryuu.html,/storage/images/monsters/1754.webp,戦禍の邪神の想念が生みだした戦禍の眷属と呼ばれる存在。挑戦者と強い因縁を持つ強者の姿を再現するらしい。,"嘲弄の邪神はとらえどころなく 下手に絡むとロクな目に あわないので 戦禍の邪神は 極力関わりあいを避けていた。","2026-07-27 13:08:31","2026-07-29 12:20:43"
1755,1755,黒衣の君主,コクイノクンシュ,Kokuinokunshu,14,0,,https://xn--10-yg4a1a3kyh.jp/a_mon/../a_mon/dq10_monster_k_kokuinokunshu.html,/storage/images/monsters/1755.webp,戦禍の邪神の想念が生みだした戦禍の眷属と呼ばれる存在。挑戦者と強い因縁を持つ強者の姿を再現するらしい。,"虚無の邪神の独特の価値観は 戦禍の邪神には理解不能で まともな意思疎通も難しい とにかく苦手な相手だった。","2026-07-27 13:02:13","2026-08-03 13:05:38"
1756,1756,双剣の従者,ソウケンノジュウシャ,Soukennojuusha,14,0,,https://xn--10-yg4a1a3kyh.jp/a_mon/../a_mon/dq10_monster_k_sokennojuusha.html,/storage/images/monsters/1756.webp,戦禍の邪神の想念が生みだした戦禍の眷属と呼ばれる存在。挑戦者と強い因縁を持つ強者の姿を再現するらしい。,"寡黙な渇欲の邪神のことを 戦禍の邪神は気に入っていた。向こうがどう思っていたかは わからないし気にしない。","2026-07-27 13:11:21","2026-08-03 13:05:38"
1757,1757,至尊の魔王,シソンノマオウ,Shisonnomaou,14,0,,https://xn--10-yg4a1a3kyh.jp/a_mon/../a_mon/dq10_monster_k_shisonnomao.html,/storage/images/monsters/1757.webp,戦禍の邪神の想念が生みだした戦禍の眷属と呼ばれる存在。挑戦者と強い因縁を持つ強者の姿を再現するらしい。,"魔界とアストルティアをつなぐ ルクスガルン大空洞は 戦禍の邪神が攻め入った際に 開けたものと伝えられる。","2026-07-27 13:05:31","2026-08-03 13:05:38"
1758,1758,破天の魔王,ハテンノマオウ,Hatennomaou,14,0,,https://xn--10-yg4a1a3kyh.jp/a_mon/../a_mon/dq10_monster_k_hatennomao.html,/storage/images/monsters/1758.webp,戦禍の邪神の想念が生みだした戦禍の眷属と呼ばれる存在。挑戦者と強い因縁を持つ強者の姿を再現するらしい。,,"2026-07-27 13:17:26","2026-08-03 13:05:38"
1759,1759,覇道の魔王,ハドウノマオウ,Hadounomaou,14,0,,https://xn--10-yg4a1a3kyh.jp/a_mon/../a_mon/dq10_monster_k_hadonomao.html,/storage/images/monsters/1759.webp,戦禍の邪神の想念が生みだした戦禍の眷属と呼ばれる存在。挑戦者と強い因縁を持つ強者の姿を再現するらしい。,,"2026-07-27 13:17:29","2026-08-03 13:05:38"
1760,1760,時獄の暴君,ジゴクノボウクン,Jigokunoboukun,14,0,,https://xn--10-yg4a1a3kyh.jp/a_mon/../a_mon/dq10_monster_k_jigokunobokun.html,/storage/images/monsters/1760.webp,戦禍の邪神の想念が生みだした戦禍の眷属と呼ばれる存在。挑戦者がかつて対面した強敵の記憶を再現している。,,"2026-07-27 13:05:20","2026-08-03 13:05:38"
1761,1761,魔影の鬼婦人,マエイノオニフジン,Maeinoonifujin,14,0,,https://xn--10-yg4a1a3kyh.jp/a_mon/../a_mon/dq10_monster_k_maeinokifujin.html,/storage/images/monsters/1761.webp,戦禍の邪神の想念が生みだした戦禍の眷属と呼ばれる存在。挑戦者がかつて対面した強敵の記憶を再現している。,,"2026-07-27 13:24:30","2026-08-03 13:05:38"
1762,1762,不死の支配者,フシノシハイシャ,Fushinoshihaisha,14,0,,https://xn--10-yg4a1a3kyh.jp/a_mon/../a_mon/dq10_monster_k_fushinoshihaisha.html,/storage/images/monsters/1762.webp,戦禍の邪神の想念が生みだした戦禍の眷属と呼ばれる存在。挑戦者がかつて対面した強敵の記憶を再現している。,"アストルティアを侵略するため 魔界から大魔王が現れるとき 戦禍の邪神もその影響を受け 覚醒の度合いを高めるという。","2026-07-27 13:20:53","2026-08-03 13:05:38"
1763,1763,鉄槌の猛将,テッツイノモウショウ,Tettsuinomoushou,11,0,,https://xn--10-yg4a1a3kyh.jp/a_mon/../a_mon/dq10_monster_k_tettsuinomosho.html,/storage/images/monsters/1763.webp,戦禍の邪神の想念が生みだした戦禍の眷属と呼ばれる存在。多くの者に死を振りまいた圧倒的な脅威を再現している。,"かつて始まりの大魔王が初めて地上に現れたとき邪神の封印に綻びが生じ 戦禍の邪神の意識が目覚めた。","2026-07-27 13:13:49","2026-07-29 12:20:43"
1764,1764,魔爪の知将,マソウノチショウ,Masounochishou,6,0,,https://xn--10-yg4a1a3kyh.jp/a_mon/../a_mon/dq10_monster_k_masonochisho.html,/storage/images/monsters/1764.webp,戦禍の邪神の想念が生みだした戦禍の眷属と呼ばれる存在。多くの者に死を振りまいた圧倒的な脅威を再現している。,"大魔王ヴァルザードの侵略で高まった戦禍の邪神の想念を察知して 当時の魔封剣姫が封印の守り人の任に就いた。","2026-07-27 13:26:17","2026-07-29 12:20:43"
1765,1765,壊乱の邪将,カイランノジャショウ,Kairannojashou,4,0,,https://xn--10-yg4a1a3kyh.jp/a_mon/../a_mon/dq10_monster_k_kairannojasho.html,/storage/images/monsters/1765.webp,戦禍の邪神の想念が生みだした戦禍の眷属と呼ばれる存在。多くの者に死を振りまいた圧倒的な脅威を再現している。,,"2026-07-27 12:56:39","2026-08-03 12:09:04"
1766,1766,悪逆の凶将,アクギャクノキョウショウ,Akugyakunokyoushou,8,0,,https://xn--10-yg4a1a3kyh.jp/a_mon/../a_mon/dq10_monster_k_akugyakunokyosho.html,/storage/images/monsters/1766.webp,戦禍の邪神の想念が生みだした戦禍の眷属と呼ばれる存在。多くの者に死を振りまいた圧倒的な脅威を再現している。,,"2026-07-27 12:51:15","2026-07-29 12:20:43"
1767,1767,竜蹄の暴将,リュウテイノボウショウ,Ryuuteinoboushou,2,0,,https://xn--10-yg4a1a3kyh.jp/a_mon/../a_mon/dq10_monster_k_ryuuteinobosho.html,/storage/images/monsters/1767.webp,戦禍の邪神の想念が生みだした戦禍の眷属と呼ばれる存在。多くの者に死を振りまいた圧倒的な脅威を再現している。,,"2026-07-27 13:32:20","2026-08-03 12:10:41"
1768,1768,鬼謀の幻将,キボウノゲンショウ,Kibounogenshou,2,0,,https://xn--10-yg4a1a3kyh.jp/a_mon/../a_mon/dq10_monster_k_kibonogensho.html,/storage/images/monsters/1768.webp,戦禍の邪神の想念が生みだした戦禍の眷属と呼ばれる存在。多くの者に死を振りまいた圧倒的な脅威を再現している。,,"2026-07-27 12:58:03","2026-08-03 12:10:41"
1769,1769,絶牙の獣将,ゼツガノジュウショウ,Zetsuganojuushou,2,0,,https://xn--10-yg4a1a3kyh.jp/a_mon/../a_mon/dq10_monster_k_zetsuganojuusho.html,/storage/images/monsters/1769.webp,戦禍の邪神の想念が生みだした戦禍の眷属と呼ばれる存在。多くの者に死を振りまいた圧倒的な脅威を再現している。,"十二将のまとめ役と呼ばれ 本人もそれを心掛けていた。戦禍の眷属に意識はないが 戦い方だけは踏襲されている。","2026-07-27 13:10:22","2026-08-03 12:10:41"
1770,1770,祝祭の楽将,シュクサイノガクショウ,Shukusainogakushou,13,0,,https://xn--10-yg4a1a3kyh.jp/a_mon/../a_mon/dq10_monster_k_shukusainorakusho.html,/storage/images/monsters/1770.webp,戦禍の邪神の想念が生みだした戦禍の眷属と呼ばれる存在。多くの者に死を振りまいた圧倒的な脅威を再現している。,"魔軍十二将時代は軍団の 盛り上げ役として活躍したが 戦禍の眷属はしゃべらないので 盛り上がりようもなかった。","2026-07-27 13:07:21","2026-07-29 12:20:43"
1771,1771,覇道の竜将,ハドウノリュウショウ,Hadounoryuushou,11,0,,https://xn--10-yg4a1a3kyh.jp/a_mon/../a_mon/dq10_monster_k_hadonoryuusho.html,/storage/images/monsters/1771.webp,戦禍の邪神の想念が生みだした戦禍の眷属と呼ばれる存在。多くの者に死を振りまいた圧倒的な脅威を再現している。,"魔軍十二将時代は我が強く 主である不死の魔王にさえ 逆らうこともあったが 戦禍の眷属は絶対服従である。","2026-07-27 13:17:32","2026-07-29 12:20:43"
1772,1772,剛腕の巨将,ゴウワンノキョショウ,Gouwannokyoshou,4,0,,https://xn--10-yg4a1a3kyh.jp/a_mon/../a_mon/dq10_monster_k_gowannokyosho.html,/storage/images/monsters/1772.webp,戦禍の邪神の想念が生みだした戦禍の眷属と呼ばれる存在。多くの者に死を振りまいた圧倒的な脅威を再現している。,"不死の魔王の配下である 魔軍十二将が地上に振りまいた 戦禍は戦禍の邪神にとって 豪華な美食に等しかった。","2026-07-27 13:02:04","2026-08-03 12:09:04"
1773,1773,呪滅の妖将,ジュメツノヨウショウ,Jumetsunoyoushou,4,0,,https://xn--10-yg4a1a3kyh.jp/a_mon/../a_mon/dq10_monster_k_jumetsunoyosho.html,/storage/images/monsters/1773.webp,戦禍の邪神の想念が生みだした戦禍の眷属と呼ばれる存在。多くの者に死を振りまいた圧倒的な脅威を再現している。,"魔軍十二将の中でも 巨将 妖将 獄将の３体は 戦いのデータが豊富で 再現が容易だったらしい。","2026-07-27 13:07:42","2026-08-03 12:09:04"
1774,1774,爆炎の獄将,バクエンノゴクショウ,Bakuennogokushou,4,0,,https://xn--10-yg4a1a3kyh.jp/a_mon/../a_mon/dq10_monster_k_bakuennogokusho.html,/storage/images/monsters/1774.webp,戦禍の邪神の想念が生みだした戦禍の眷属と呼ばれる存在。多くの者に死を振りまいた圧倒的な脅威を再現している。,"剛腕の巨将 呪滅の妖将とは 十二将になる前からの腐れ縁で 戦禍の眷属となってまでも その関係は続いている。","2026-07-27 13:16:51","2026-08-03 12:09:04"
1775,1775,不死なる異形,フシナルイギョウ,Fushinaruigyou,12,0,,https://xn--10-yg4a1a3kyh.jp/a_mon/../a_mon/dq10_monster_k_fushinaruigyo.html,/storage/images/monsters/1775.webp,戦禍の邪神の想念が生みだした戦禍の眷属と呼ばれる存在。挑戦者がかつて対面した強敵の記憶を再現している。,"本来のアストルティア史には 存在しない異形を眷属として 再現することは 戦禍の邪神も かなり手こずったようだ。","2026-07-27 13:20:50","2026-07-29 12:20:43"
1776,1776,獣生む異形,ケモノウムイギョウ,Kemonoumuigyou,2,0,,https://xn--10-yg4a1a3kyh.jp/a_mon/../a_mon/dq10_monster_k_kemonomuigyo.html,/storage/images/monsters/1776.webp,戦禍の邪神の想念が生みだした戦禍の眷属と呼ばれる存在。挑戦者がかつて対面した強敵の記憶を再現している。,"悪鬼ゾンガロンはもともと 戦禍の邪神が生みだしたため その能力を継ぐ この異形は 比較的作りやすかったらしい。","2026-07-27 13:00:59","2026-08-03 12:10:41"
1777,1777,増殖する異形,ゾウショクスルイギョウ,Zoushokusuruigyou,12,0,,https://xn--10-yg4a1a3kyh.jp/a_mon/../a_mon/dq10_monster_k_zoshokusuruigyo.html,/storage/images/monsters/1777.webp,戦禍の邪神の想念が生みだした戦禍の眷属と呼ばれる存在。挑戦者がかつて対面した強敵の記憶を再現している。,"無限に増殖する能力を持つ この異形を再現することは その難度以上に戦禍の邪神の 美意識に反するものだった。","2026-07-27 13:11:43","2026-07-29 12:20:43"
1778,1778,暴虐の幻影神,ボウギャクノゲンエイシン,Bougyakunogen'eishin,14,0,,https://xn--10-yg4a1a3kyh.jp/a_mon/../a_mon/dq10_monster_k_bogyakunogeneishin.html,/storage/images/monsters/1778.webp,,,"2026-07-27 13:23:35","2026-08-03 13:05:38"
1779,1779,隷従の魔瘴魂,レイジュウノマショウコン,Reijuunomashoukon,7,0,,https://xn--10-yg4a1a3kyh.jp/a_mon/../a_mon/dq10_monster_k_reijuunomashokon.html,/storage/images/monsters/1779.webp,,,"2026-07-27 13:32:42","2026-07-29 12:20:43"
1780,1780,禁忌の幻影神・封,キンキノゲンエイシン・フウ,"Kinkinogen'eishin Fuu",6,0,,https://xn--10-yg4a1a3kyh.jp/a_mon/../a_mon/dq10_monster_k_kinkinogeneishinfuu.html,/storage/images/monsters/1780.webp,戦禍の邪神の想念が生みだした戦禍の眷属と呼ばれる存在。挑戦者がかつて対面した強敵の記憶を再現している。,"戦禍の邪神が禁忌の邪神と 手合わせをした時のこと。結果は三体同時に倒せず 時間切れ。疲れただけだった。","2026-07-27 12:59:35","2026-07-29 12:20:43"
1781,1781,禁忌の幻影神・戒,キンキノゲンエイシン・カイ,"Kinkinogen'eishin Kai",6,0,,https://xn--10-yg4a1a3kyh.jp/a_mon/../a_mon/dq10_monster_k_kinkinogeneishinkai.html,/storage/images/monsters/1781.webp,戦禍の邪神の想念が生みだした戦禍の眷属と呼ばれる存在。挑戦者がかつて対面した強敵の記憶を再現している。,"戦禍の邪神が禁忌の邪神と 腹を割って話した時のこと。封は説教臭く 戒はわからず屋 断は下品で疲れただけだった。","2026-07-27 12:59:30","2026-07-29 12:20:43"
1782,1782,禁忌の幻影神・断,キンキノゲンエイシン・ダン,"Kinkinogen'eishin Dan",6,0,,https://xn--10-yg4a1a3kyh.jp/a_mon/../a_mon/dq10_monster_k_kinkinogeneishindan.html,/storage/images/monsters/1782.webp,戦禍の邪神の想念が生みだした戦禍の眷属と呼ばれる存在。挑戦者がかつて対面した強敵の記憶を再現している。,"戦禍の邪神が禁忌の邪神と 連携して戦った時のこと。お互いの戦術がかみ合って 意外にも大戦果をあげた。","2026-07-27 12:59:32","2026-07-29 12:20:43"
1783,1783,異境の翡翠将,イキョウノヒスイショウ,Ikyounohisuishou,12,0,,https://xn--10-yg4a1a3kyh.jp/a_mon/../a_mon/dq10_monster_k_ikyonohisuisho.html,/storage/images/monsters/1783.webp,戦禍の邪神の想念が生みだした戦禍の眷属と呼ばれる存在。挑戦者がかつて対面した敵の記憶を再現している。,"アストルティア外から襲来した 異質な生命体を再現するには さすがの戦禍の邪神もかなりの 試行錯誤を重ねたらしい。","2026-07-27 12:54:01","2026-07-29 12:20:43"
1784,1784,異境の黄兵,イキョウノキヘイ,Ikyounokihei,12,0,,https://xn--10-yg4a1a3kyh.jp/a_mon/../a_mon/dq10_monster_k_ikyonokohei.html,/storage/images/monsters/1784.webp,戦禍の邪神の想念が生みだした戦禍の眷属と呼ばれる存在。挑戦者がかつて対面した敵の記憶を再現している。,"異境の翡翠将に比べると 存在を構成する情報量が 格段に少ないため 割と 片手間に創られたらしい。","2026-07-27 12:53:56","2026-07-29 12:20:43"
1785,1785,異境の紫兵,イキョウノムラサキヘイ,Ikyounomurasakihei,12,0,,https://xn--10-yg4a1a3kyh.jp/a_mon/../a_mon/dq10_monster_k_ikyonoshihei.html,/storage/images/monsters/1785.webp,戦禍の邪神の想念が生みだした戦禍の眷属と呼ばれる存在。挑戦者がかつて対面した敵の記憶を再現している。,"異境の黄兵と異境の紫兵では 構成する情報がよく似ていて 少し内容を置き換えるだけで 変更が可能らしい。","2026-07-27 12:53:58","2026-07-29 12:20:43"
1786,1786,嘲弄の幻影神,チョウロウノゲンエイシン,Chourounogen'eishin,4,0,,https://xn--10-yg4a1a3kyh.jp/a_mon/../a_mon/dq10_monster_k_choronogeneishin.html,/storage/images/monsters/1786.webp,戦禍の邪神の想念が生みだした戦禍の眷属と呼ばれる存在。挑戦者がかつて対面した強敵の記憶を再現している。,"水と油のような戦禍の邪神と 嘲弄の邪神だが食の好みだけは 一致し キメラのくし焼きには 特に目がないらしい。","2026-07-27 13:13:18","2026-08-03 12:09:04"
1787,1787,嘲弄の分身,チョウロウノブンシン,Chourounobunshin,4,0,,https://xn--10-yg4a1a3kyh.jp/a_mon/../a_mon/dq10_monster_k_choronobunshin.html,/storage/images/monsters/1787.webp,"嘲弄の幻影神が生み出す人型の分身。いくらでもわいてくるので 放っておくと手が付けられないことに。","嘲弄の邪神は封印されたが 取り残された分身体が 今でもナドラガンドにいて 気ままに過ごしているらしい。","2026-07-27 13:13:21","2026-08-03 12:09:04"
1788,1788,闇朱の破砕将ボーガ,アンシュノハサイショウボーガ,Anshunohasaishoubooga,2,0,,https://xn--10-yg4a1a3kyh.jp/a_mon/../a_mon/dq10_monster_k_anshunohasaishobo-ga.html,/storage/images/monsters/1788.webp,おそるべき怪力ですべてを破壊せんとする闇朱の獣牙兵団の将。防衛軍の前に立ちはだかる。,"セルゲイナス ブルサベージを 参考に重武装・高火力を極めた 至高の作品が ついに登場！ バイオレンス＆ワイルドネス。","2026-07-27 12:53:07","2026-08-03 12:10:41"
1789,1789,紫炎の滅機将シュバ,シエンノメッキショウシュバ,Shiennomekkishoushuba,13,0,,https://xn--10-yg4a1a3kyh.jp/a_mon/../a_mon/dq10_monster_k_shiennomekkishoshuba.html,/storage/images/monsters/1789.webp,血肉なき機械の身体ですべてを滅殺せんとする紫炎の鉄機兵団の将。防衛軍の前に立ちはだかる。,"感情なき冷徹さをもって 敵を駆逐する機動兵器。その究極の形が今ここに！ デストロイ＆ハートレス。","2026-07-27 13:05:00","2026-07-29 12:20:43"
1790,1790,深碧の魔壊将ブラゴ,シンペキノマカイショウブラゴ,Shinpekinomakaishouburago,7,0,,https://xn--10-yg4a1a3kyh.jp/a_mon/../a_mon/dq10_monster_k_shimpekinomakaishoburago.html,/storage/images/monsters/1790.webp,異界より導いた魔力によってすべてを消去せんとする深碧の造魔兵団の将。防衛軍の前に立ちはだかる。,"物理も呪文もお手のモノ！ あらゆる戦況に対応できる 高い汎用性を実現！ マッドネス＆オールラウンド。","2026-07-27 13:08:52","2026-07-29 12:20:43"
1791,1791,蒼怨の武骸将デゾス,ソウオンノブガイショウデゾス,Souonnobugaishoudezosu,10,0,,https://xn--10-yg4a1a3kyh.jp/a_mon/../a_mon/dq10_monster_k_soennobugaishodezosu.html,/storage/images/monsters/1791.webp,２本のオノを自在にあやつり敵を撲滅に追い込まんとする蒼怨の屍獄兵団の将の１体。防衛軍の前に立ちはだかる。,"初の装備換装型が登場！ こちらは物理攻撃特化型。単体運用よりもタイプの異なる ２体の同時運用がオススメ！","2026-07-27 13:11:13","2026-07-29 12:20:43"
1792,1792,蒼怨の邪骨将マッゼ,ソウオンノジャコツショウマッゼ,Souonnojakotsushoumazze,10,0,,https://xn--10-yg4a1a3kyh.jp/a_mon/../a_mon/dq10_monster_k_soennojakotsushomazze.html,/storage/images/monsters/1792.webp,２本の杖で高めた魔力による高位魔法で敵陣を攻めんとする蒼怨の屍獄兵団の将の１体。防衛軍の前に立ちはだかる。,"初の装備換装型が登場！ こちらは魔法攻撃特化型。単体運用よりもタイプの異なる ２体の同時運用がオススメ！","2026-07-27 13:11:10","2026-07-29 12:20:43"
1793,1793,銀甲の崩撃将ダバム,ギンコウノホウゲキショウダバム,Ginkounohougekishoudabamu,5,0,,https://xn--10-yg4a1a3kyh.jp/a_mon/../a_mon/dq10_monster_k_ginkonohogekishodabamu.html,/storage/images/monsters/1793.webp,巨体を活かして大地をゆるがし壊滅的な被害を与えんとする銀甲の凶蟲兵団の将。防衛軍の前に立ちはだかる。,"八脚駆動による高い機動性が あらゆる戦場を踏破する。アグレッシブに攻めたい方に 自信を持っておススメします！","2026-07-27 12:59:54","2026-07-29 12:20:43"
1794,1794,翠煙の波皇将ネブド,スイエンノハコウショウネブド,Suiennohakoushounebudo,9,0,,https://xn--10-yg4a1a3kyh.jp/a_mon/../a_mon/dq10_monster_k_suiennohaoshonebudo.html,/storage/images/monsters/1794.webp,水と氷のチカラを振るいすべてを無に帰さんとする翠煙の海妖兵団の将。防衛軍の前に立ちはだかる。,"待望の水陸両用型が登場！ 海や河川に面した拠点の 攻略に欠かせない逸品です。このビッグウェーブに乗ろう！","2026-07-27 13:09:03","2026-07-29 12:20:43"
1795,1795,灰塵の豪雷将バルケ,カイジンノゴウライショウバルケ,Kaijinnogouraishoubaruke,11,0,,https://xn--10-yg4a1a3kyh.jp/a_mon/../a_mon/dq10_monster_k_kaijinnogoraishobaruke.html,/storage/images/monsters/1795.webp,その巨体を大地にすべらせすべてを押しつぶさんとする灰塵の竜鱗兵団の将。防衛軍の前に立ちはだかる。,"ついに登場！ これが本命！ 最強の代名詞たるドラゴンを モチーフとした新モデルです。この強さ……まさに想定外！！","2026-07-27 12:56:20","2026-07-29 12:20:43"
1796,1796,彩虹の死剣将グロズ,サイコウノシケンショウグロズ,Saikounoshikenshougurozu,1,0,,https://xn--10-yg4a1a3kyh.jp/a_mon/../a_mon/dq10_monster_k_saikonoshikenshogurozu.html,/storage/images/monsters/1796.webp,圧倒的な剣技をもってあらゆるものを断たんとする彩虹の粘塊兵団の将。防衛軍の前に立ちはだかる。,"スライムタイプの究極形が 満を持してのリリース決定！ あざやかなカラーリングで 戦場もウキウキ気分！！","2026-07-27 13:03:20","2026-07-29 12:20:43"
1797,1797,芳墨の堕天将フィア,ホウボクノダテンショウフィア,Houbokunodatenshoufyia,8,0,,https://xn--10-yg4a1a3kyh.jp/a_mon/../a_mon/dq10_monster_k_hobokunodatenshotia.html,/storage/images/monsters/1797.webp,この世ならざる美をもってあらゆるものを惑わせる芳墨の華烈兵団の将。防衛軍の前に立ちはだかる。,"無骨な連中にはもう飽きた！ ならば彼女はいかがですか？ 戦場に華を咲かせましょう。もちろん強さも折り紙付き！","2026-07-27 13:23:54","2026-07-29 12:20:43"
1798,1798,白雲の烈翼将ヤヌビ,ハクウンノレツヨクショウヤヌビ,Hakuunnoretsuyokushouyanubi,6,0,,https://xn--10-yg4a1a3kyh.jp/a_mon/../a_mon/dq10_monster_k_hakuunnoretsuyokushoyanubi.html,/storage/images/monsters/1798.webp,その翼で空を駆けぬけ宙より獲物に狙いを定める白雲の冥翼兵団の将。防衛軍の前に立ちはだかる。,"大地にへばりついた戦いは もはや過去のものとなる……。これからは空戦の時代です！ 三次元の戦場を支配しよう！","2026-07-27 13:16:48","2026-07-29 12:20:43"
1799,1799,腐緑の呪老将ズタン,フリョクノジュロウショウズタン,Furyokunojuroushouzutan,3,0,,https://xn--10-yg4a1a3kyh.jp/a_mon/../a_mon/dq10_monster_k_furyokunojuroshozutan.html,/storage/images/monsters/1799.webp,数千年を生きながらえた古木に禁忌の呪いを与え生みだされた腐緑の樹葬兵団の将。防衛軍の前に立ちはだかる。,"踏んでも踏んでも立ちあがる。抜いても抜いても生えてくる。植物の持つタフな生命力が 戦線の長期維持を約束します！","2026-07-27 13:22:34","2026-07-29 12:20:43"
1800,1800,青鮮の根絶将コンネ,セイセンノコンゼツショウコンネ,Seisennokonzetsushoukonne,3,0,,https://xn--10-yg4a1a3kyh.jp/a_mon/../a_mon/dq10_monster_k_seisennokonzetsushokonne.html,/storage/images/monsters/1800.webp,魔界で育ったトウモロコシに禁忌の呪いを与え生みだされた青鮮の菜果兵団の将。防衛軍の前に立ちはだかる。,"強大な戦闘力もさることながら 各兵団に食料を補給するという 重要な役割も担えます。肉だけでなく野菜も食え！","2026-07-27 13:09:44","2026-07-29 12:20:43"
1801,1801,鋼塊の痛哭将アボク,,,,0,,,/storage/images/monsters/1801.webp,巨大なハンマーを手にしてあらゆるものを粉砕する鋼塊の重滅兵団の将。防衛軍の前に立ちはだかる。,"今こそ原点回帰のとき！ 圧倒的な暴力によってのみ 戦場は支配されるべきです。パワー イズ ジャスティス！！","2026-07-27 17:17:08","2026-07-29 12:20:43"
1802,1802,金神の秘鳥将バオラ,コンジンノヒチョウショウバオラ,Konjinnohichoushoubaora,8,0,,https://xn--10-yg4a1a3kyh.jp/a_mon/../a_mon/dq10_monster_k_konjinnohichoshobaora.html,/storage/images/monsters/1802.webp,滅び去った古代文明の遺恨を呪いのチカラに変えて襲いくる金神の遺宝兵団の将。防衛軍の前に立ちはだかる。,"禁断の呪法にて黄泉の世界より 呼びだした古代の戦士たちを パッケージングしてお届け！ 金色の輝きで戦場を豪華に！！","2026-07-27 13:03:06","2026-07-29 12:20:43"
1803,1803,紅爆の暴奏将モグド,コウバクノボウソウショウモグド,Koubakunobousoushoumogudo,2,0,,https://xn--10-yg4a1a3kyh.jp/a_mon/../a_mon/dq10_monster_k_kobakunobososhomogudo.html,/storage/images/monsters/1803.webp,暴虐の限りを尽くしすべてを略奪せんとする紅爆の暴賊兵団の将。防衛軍の前に立ちはだかる。,"青春は爆発だ！ 俺たちの暴発的な情熱は 誰にも止められやしねエんだ。行こうぜ 伝説の向こうへ。","2026-07-27 13:01:56","2026-08-03 12:10:41"
1804,1804,冥黒の悪夢将ルゲル,メイコクノアクムショウルゲル,Meikokunoakumushourugeru,14,0,,https://xn--10-yg4a1a3kyh.jp/a_mon/../a_mon/dq10_monster_k_meikokunoakumushourugeru.html,/storage/images/monsters/1804.webp,身の毛もよだつ悪夢によって世界を塗りつぶさんとする冥黒の悪夢兵団の将。防衛軍の前に立ちはだかる。,"誰にでもあるトラウマ……。その恐怖の姿に自在に変化する 機能の搭載に成功しました。敵は戦意喪失 まちがいなし！","2026-07-27 13:28:27","2026-08-03 13:05:38"
1805,1805,ゲノディオ,ゲノディオ,Genodeio,9,0,,https://xn--10-yg4a1a3kyh.jp/a_mon/../a_mon/dq10_monster_k_genodio.html,/storage/images/monsters/1805.webp,かつて海底の国を滅ぼしたゲノミーたちの親玉。女王セルメアを捕らえて創生のチカラを奪おうとした。,"冒険者に狩られやすい ゲノミーがこのサイズまで 成長するのは非常に珍しく 数万匹に１匹の確率だとか。","2026-07-27 13:00:56","2026-07-29 12:20:43"
1806,1806,ゲノマリオン,,,,0,,,/storage/images/monsters/1806.webp,かつて海底の国に迷い込んだイカの魔物の成れの果て。女王セルメアにより救われたが悲劇的な事件の要因となった。,"大恩ある女王とその王国を 滅ぼすという罪を悔いて 自ら暗き深淵の底に閉じこもり 廃都の番人となった。","2026-07-27 17:17:08","2026-07-29 12:20:43"
1807,1807,冥骸魔レギルラッゾ,メイガイマレギルラッゾ,Meigaimaregirurazzo,10,0,,https://xn--10-yg4a1a3kyh.jp/a_mon/../a_mon/dq10_monster_k_meigaimaregirurazzo.html,/storage/images/monsters/1807.webp,"５００年前 ガラテアの神槍で封じられた古代魔族の一角。魔族という種の根源に近く圧倒的な爆発力を秘めている。","見かけによらず美しいものを 愛する心の持ち主である。地上世界の星空に魅せられ 我が物にせんと企んでいる。","2026-07-27 13:28:19","2026-07-29 12:20:43"
1808,1808,獣魔ローガスト,ジュウマローガスト,Juumaroogasuto,2,0,,https://xn--10-yg4a1a3kyh.jp/a_mon/../a_mon/dq10_monster_k_juumaro-gasuto.html,/storage/images/monsters/1808.webp,"５００年前 ガラテアの神槍で封じられた古代魔族の一角。魔族という種の根源に近く圧倒的な殺傷力を秘めている。","長く鋭いツメが自慢のようで 思う存分ツメを振るった後は やすりをかけて 油を塗って しっかり手入れを欠かさない。","2026-07-27 13:07:13","2026-08-03 12:10:41"
1809,1809,紅殻魔スコルパイド,コウカクマスコルパイド,Koukakumasukorupaido,5,0,,https://xn--10-yg4a1a3kyh.jp/a_mon/../a_mon/dq10_monster_k_kokakumasukorupaido.html,/storage/images/monsters/1809.webp,"５００年前 ガラテアの神槍で封じられた古代魔族の一角。羅刹王バラシュナの腹心として地上に災いを振りまいた。","自身の体色である赤こそが 至高の色だと妄信しており その美意識のおもむくまま 流血の惨劇をくり返した。","2026-07-27 13:01:48","2026-07-29 12:20:43"
1810,1810,翠将鬼ジェルザーク,スイショウキジェルザーク,Suishoukijeruzaaku,8,0,,https://xn--10-yg4a1a3kyh.jp/a_mon/../a_mon/dq10_monster_k_suishokiruza-ku.html,/storage/images/monsters/1810.webp,"５００年前 ガラテアの神槍で封じられた古代魔族の将帥。羅刹王バラシュナ配下の魔物を率いて最前線で暴れまわった。","あらゆる戦場に対応するため 過度なそうびを決してしない。最強の肉体だけが常勝を呼ぶ というのが彼の持論なのだ。","2026-07-27 13:09:06","2026-07-29 12:20:43"
1811,1811,剛獣鬼ガルドドン,ゴウジュウキガルドドン,Goujuukigarudodon,2,0,,https://xn--10-yg4a1a3kyh.jp/a_mon/../a_mon/dq10_monster_k_gojuukigarudodon.html,/storage/images/monsters/1811.webp,"５００年前 ガラテアの神槍で封じられた古代魔族の幹部。羅刹王バラシュナの配下では一番の剛勇を誇ると言われる。","ガートラント王ラダ・ガートを 単身襲撃したが返り討ちにあい そのまま神槍で封印された。少々自信が過ぎたようだ。","2026-07-27 13:01:51","2026-08-03 12:10:41"
1812,1812,邪蒼鎧デルメゼ,ジャソウガイデルメゼ,Jasougaiderumeze,12,0,,https://xn--10-yg4a1a3kyh.jp/a_mon/../a_mon/dq10_monster_k_jasogaiderumeze.html,/storage/images/monsters/1812.webp,"５００年前 ガラテアの神槍で封じられた古代魔族の兵器。もともと羅刹王バラシュナの護衛用に造られたという。","一見して弱点に見える頭頂部は じつは最強の硬度を誇る。冷静に戦況をコントロールする 凶悪無比の人工頭脳なのだ。","2026-07-27 13:06:38","2026-07-29 12:20:43"
1813,1813,羅刹王バラシュナ,ラセツオウバラシュナ,Rasetsuoubarashuna,11,0,,https://xn--10-yg4a1a3kyh.jp/a_mon/../a_mon/dq10_monster_k_rasetsuobarashuna.html,/storage/images/monsters/1813.webp,"５００年前 ガラテアの神槍で封じられた古代魔族の王。すべての魔祖の血族を従える絶対君主にして最強の魔人。","スコルパイドより硬く ジェルザークより狡猾で ガルドドンよりチカラ強く デルメゼよりも残忍との評判。","2026-07-27 13:31:49","2026-07-29 12:20:43"
1814,1814,カラミティロイド,カラミティロイド,Karamiteiroido,13,0,,https://xn--10-yg4a1a3kyh.jp/a_mon/../a_mon/dq10_monster_k_karamitiroido.html,/storage/images/monsters/1814.webp,"万魔の塔の挑戦者に立ちはだかる 災いの化身。一の災壇を守護するのは魔動力で駆動する機竜。","万魔の塔を造ったのは ２５００年以上前に栄えた 海運都市ザードを支配していた ひとりの強大な魔王だという。","2026-07-27 12:57:06","2026-07-29 12:20:43"
1815,1815,カラミティスコルプ,カラミティスコルプ,Karamiteisukorupu,5,0,,https://xn--10-yg4a1a3kyh.jp/a_mon/../a_mon/dq10_monster_k_karamitisukorupu.html,/storage/images/monsters/1815.webp,"万魔の塔の挑戦者に立ちはだかる 災いの化身。二の災壇を守護するのは硬い殻で身をおおわれた毒尾。","ザードの魔王はその富と権力で ありとあらゆる快楽をむさぼり やがて飽きて退屈していた。そして塔の建設を思いついた。","2026-07-27 12:56:58","2026-07-29 12:20:43"
1816,1816,カラミティサン,カラミティサン,Karamiteisan,7,0,,https://xn--10-yg4a1a3kyh.jp/a_mon/../a_mon/dq10_monster_k_karamitisan.html,/storage/images/monsters/1816.webp,"万魔の塔の挑戦者に立ちはだかる 災いの化身。三の災壇を守護するのは黒き炎を身にまとう太陽。","万魔の塔に無数の魔物が 封印され 塔は完成した。そこは挑戦者の生へのあがきを 楽しむための施設であった。","2026-07-27 12:56:55","2026-07-29 12:20:43"
1817,1816,カラミティデーモン,カラミティデーモン,Karamiteideemon,4,0,,https://xn--10-yg4a1a3kyh.jp/a_mon/../a_mon/dq10_monster_k_karamitide-mon.html,/storage/images/monsters/1817.webp,"万魔の塔の挑戦者に立ちはだかる 災いの化身。この災壇を守護するのは強力な呪文をあやつる魔神。","ザードの魔王は完成した塔に ウデに覚えのある奴隷や罪人を 送り込み 生き残った者には 褒美と自由を与えたという。","2026-07-27 12:57:01","2026-08-03 12:09:04"
1818,1817,カラミティドラゴン,カラミティドラゴン,Karamiteidoragon,11,0,,https://xn--10-yg4a1a3kyh.jp/a_mon/../a_mon/dq10_monster_k_karamitidoragon.html,/storage/images/monsters/1818.webp,"万魔の塔の挑戦者に立ちはだかる 災いの化身。四の災壇を守護するのは流星さえもあやつる暴竜。","栄華を極めたザードの魔王も やがては死に 国も滅んだが 万魔の塔は崩れることなく残り 今もその威容を誇っている。","2026-07-27 12:57:03","2026-07-29 12:20:43"
1819,1818,カラミティキング,カラミティキング,Karamiteikingu,1,0,,https://xn--10-yg4a1a3kyh.jp/a_mon/../a_mon/dq10_monster_k_karamitikingu.html,/storage/images/monsters/1819.webp,"万魔の塔の挑戦者に立ちはだかる 災いの化身。五の災壇を守護するのは剣技と呪文の達人たる騎王。","ザードの魔王は己の死を前に 万魔の塔にある特殊な仕掛けを 施したとうわさされている。それは命に関わる秘術だとか。","2026-07-27 12:56:52","2026-07-29 12:20:43"
1820,1819,源世鳥アルマナ,ゲンセチョウアルマナ,Gensechouarumana,6,0,,https://xn--10-yg4a1a3kyh.jp/a_mon/../a_mon/dq10_monster_k_genseichoarumana.html,/storage/images/monsters/1820.webp,源世庫の守護者として神話の時代より存在する霊鳥。今も課された使命を忘れずに侵入者たちを排除する。,"神話以前……とこしえの時代 アルマナは天の国に住まう 一羽の野鳥でしかなかった。時の流れは万物を変化させる。","2026-07-27 13:01:27","2026-07-29 12:20:43"
1821,1820,じげんりゅう,ジゲンリュウ,Jigenryuu,11,0,,https://xn--10-yg4a1a3kyh.jp/a_mon/../a_mon/dq10_monster_k_jigenryuu.html,/storage/images/monsters/1821.webp,"自ら開けた次元の穴から顔をのぞかせる異界の巨竜。源世庫に眠る不思議なチカラに惹かれて この地に顕現した。","次元の穴の向こうに隠れた 巨竜の全長は天星郷全体を ３周しても余るほどだというが 直に確認した者は誰もいない。","2026-07-27 13:05:08","2026-07-29 12:20:43"
1822,1821,堕天使エルギオス,ダテンシエルギオス,Datenshierugiosu,14,0,,https://xn--10-yg4a1a3kyh.jp/a_mon/../a_mon/dq10_monster_k_datenshierugiosu.html,/storage/images/monsters/1822.webp,"太古の昔 こことは異なる地に破滅をもたらした異形の天使。源世庫に眠る不思議なチカラがその幻影を呼び起こした。","源世庫パニガルムは古き世界の 様々な記憶さえも保存しており エルギオスの起こした事件は とりわけ濃密な記憶であった。","2026-07-27 13:12:46","2026-08-03 13:05:38"
1823,1822,源世果フルポティ,ゲンセカフルポティ,Gensekafurupotei,3,0,,https://xn--10-yg4a1a3kyh.jp/a_mon/../a_mon/dq10_monster_k_genseikafurupoti.html,/storage/images/monsters/1823.webp,源世庫に眠る不思議なチカラが保管されていた果実に宿り際限なく膨らみ意思が芽生えてやがて巨大な幻獣になった。,"ドラキーっぽくも見えるのは 元の果実にかみついた 太古のドラキーの情報因子が 呼び起こされたかららしい。","2026-07-27 13:01:21","2026-07-29 12:20:43"
1824,1823,パニガキャッチャー,パニガキャッチャー,Panigakyatchaa,13,0,,https://xn--10-yg4a1a3kyh.jp/a_mon/../a_mon/dq10_monster_k_panigakyatcha-.html,/storage/images/monsters/1824.webp,源世庫に侵入した者を排除する警備用の番兵ロボット。対象への安全配慮機能はどうやら故障しているようだ。,"じつは源世庫に収められた荷を 運ぶためのクレーンなのだが 侵入者を排除する番兵としての 機能を後から追加された。","2026-07-27 13:17:43","2026-07-29 12:20:43"
1825,1824,源世妃フォルダイナ,ゲンセヒフォルダイナ,Gensehifuorudaina,12,0,,https://xn--10-yg4a1a3kyh.jp/a_mon/../a_mon/dq10_monster_k_genseikiforudaina.html,/storage/images/monsters/1825.webp,源世庫の保管物質を盗み出した罪人を永遠に収監するために造られた動く牢獄。脱獄は不可能と言われている。,"本来の目的はとうに見失い 気に入った者を手当たり次第 捕らえてきては氷漬けにして 飽きるまで愛でつづけるのだ。","2026-07-27 13:01:24","2026-07-29 12:20:43"
1826,1825,魔妖星プルタヌス,マヨウセイプルタヌス,Mayouseipurutanusu,12,0,,https://xn--10-yg4a1a3kyh.jp/a_mon/../a_mon/dq10_monster_k_mayoseipurutanusu.html,/storage/images/monsters/1826.webp,"長き脱出行の途上 偶然にも源世庫に流星が衝突した。星は源世庫の不思議なチカラを吸収し危険な怪物が誕生した。","プルタヌスが吸収したチカラの 源泉はその漆黒の体色に似ず とこしえのゆりかごの空に昇る 月の記憶だったという。","2026-07-27 13:27:09","2026-07-29 12:20:43"
1827,1826,鉄巨兵ダイダルモス,テッキョヘイダイダルモス,Tekkyoheidaidarumosu,13,0,,https://xn--10-yg4a1a3kyh.jp/a_mon/../a_mon/dq10_monster_k_tetsukyoheidaidarumosu.html,/storage/images/monsters/1827.webp,旧き世界が侵略者に襲われた時侵略者のくり出す超兵器に対抗すべく作りだされたのがこの鋼鉄の巨人だったという。,"エネルギー効率に問題があり 源世庫に収容されていたが この不思議な空間に満ちる パワーで動きだしたようだ。","2026-07-27 13:13:46","2026-07-29 12:20:43"
1828,1827,冥氷竜ジェロドーラ,メイヒョウリュウジェロドーラ,Meihyouryuujerodoora,11,0,,https://xn--10-yg4a1a3kyh.jp/a_mon/../a_mon/dq10_monster_k_meihyoryuurodo-ra.html,/storage/images/monsters/1828.webp,源世庫パニガルムで倒された魔物たちの怨念によって異質化した創生珠が生み出した邪悪なる氷の魔竜。,"今までの源世庫の魔物のように 明確な起源は持っていない。強いて言うなら ゆりかごの 猛吹雪の記憶が元だろうか。","2026-07-27 13:28:36","2026-07-29 12:20:43"
1829,1828,冥炎翼マゥフラート,メイエンヨクマゥフラート,Meien'yokumaufuraato,12,0,,https://xn--10-yg4a1a3kyh.jp/a_mon/../a_mon/dq10_monster_k_meienyokumaufura-to.html,/storage/images/monsters/1829.webp,源世庫パニガルムで倒された魔物たちの怨念によって異質化した創生珠が生み出した無機質な炎の魔神。,"とこしえのゆりかごには カルサドラ火山にも劣らぬ 火山があり その噴火の記憶が 存在の起源になったらしい。","2026-07-27 13:28:11","2026-07-29 12:20:43"
1830,1829,冥闇角フォルガノス,メイアンカクフォルガノス,Meiankakufuoruganosu,4,0,,https://xn--10-yg4a1a3kyh.jp/a_mon/../a_mon/dq10_monster_k_meiankakuforuganosu.html,/storage/images/monsters/1830.webp,源世庫パニガルムで倒された魔物たちの怨念によって異質化した創生珠が生み出した深海に巣食う恐怖の化身。,"とこしえのゆりかごでは 多くの海難事故が発生し 人々の心に宿る海への恐怖が 存在の起源になったようだ。","2026-07-27 13:28:07","2026-08-03 12:09:04"
1831,1830,冥光冠パニスライム,メイコウカンパニスライム,Meikoukanpanisuraimu,1,0,,https://xn--10-yg4a1a3kyh.jp/a_mon/../a_mon/dq10_monster_k_meikoukanpanisuraimu.html,/storage/images/monsters/1831.webp,源世庫パニガルムで倒された魔物たちの怨念によって異質化した創生珠が生み出したスライムの究極進化形態。,"とこしえのゆりかごで 倒されてきたスライム・祖の 数万年にも及ぶ怨念の蓄積が 存在の起源になったようだ。","2026-07-27 13:28:25","2026-07-29 12:20:43"
1832,1831,厭悪のルベランギス,エンオノルベランギス,En'onoruberangisu,6,0,,https://xn--10-yg4a1a3kyh.jp/a_mon/../a_mon/dq10_monster_k_enonoruberangisu.html,/storage/images/monsters/1832.webp,"深淵の咎人たちのひとり。人間は つまらない存在であり神に愛される価値などないとうとましく思っている。","厭悪とは憎み嫌うこと。人間の命を奪うのが生きがいで その赤い爪は 大嫌いな人間の 血で染まっているという。","2026-07-27 12:55:19","2026-07-29 12:20:43"
1833,1832,絶念のアウルモッド,ゼツネンノアウルモッド,Zetsunennoaurumoddo,4,0,,https://xn--10-yg4a1a3kyh.jp/a_mon/../a_mon/dq10_monster_k_zetsunennoaurumoddo.html,/storage/images/monsters/1833.webp,"深淵の咎人たちのひとり。人間という種族を愛す一方天使こそが高慢で無知蒙昧な存在と悟り 全てに絶望する。","絶念とは諦めること。禍々しき双角の橙色の輝きは 美しかった姿の名残か。かつての志の高さだろうか。","2026-07-27 13:10:30","2026-08-03 12:09:04"
1834,1833,凶禍のフラウソン,キョウカノフラウソン,Kyoukanofurauson,7,0,,https://xn--10-yg4a1a3kyh.jp/a_mon/../a_mon/dq10_monster_k_kyokanofurauson.html,/storage/images/monsters/1834.webp,"深淵の咎人たちのひとり。人間も天使も殺りく兵器の実験対象でしかなく その命を奪うことに躊躇はない。","凶禍とはわざわいのこと。知的好奇心の前には肉体など 無用と 禁忌の果実で自らを 黄色の異形へと造り変えた。","2026-07-27 12:58:35","2026-07-29 12:20:43"
1835,1834,悲愴のウィリーデ,ヒソウノウィリーデ,Hisounouiriide,13,0,,https://xn--10-yg4a1a3kyh.jp/a_mon/../a_mon/dq10_monster_k_hisonowiri-de.html,/storage/images/monsters/1835.webp,"深淵の咎人たちのひとり。ヒトの弱さ儚さを嘆き 愛するものを不幸にした自らの罪を悔やむ。","悲愴とは悲しく痛ましいこと。秘めた想いを厚い鎧に隠すも 内より漏れだす鮮やかな緑は 純粋だったころの心の発露か。","2026-07-27 13:19:14","2026-07-29 12:20:43"
1836,1835,燦滅のノクゼリア,サンメツノノクゼリア,Sanmetsunonokuzeria,3,0,,https://xn--10-yg4a1a3kyh.jp/a_mon/../a_mon/dq10_monster_k_sammetsunonokuzeria.html,/storage/images/monsters/1836.webp,"深淵の咎人たちのひとり。指導者の理想に深く傾倒しその実現のため自ら 咎人となる道を選ぶ。","燦滅とは輝く光が消えること。かつての武勇と聡明さは 青き 冷酷な妖花と化し 鋭き荊は 仇なす すべてを傷つける。","2026-07-27 13:04:01","2026-07-29 12:20:43"
1837,1836,りゅうおう,リュウオウ,Ryuuou,14,0,,https://xn--10-yg4a1a3kyh.jp/a_mon/../a_mon/dq10_monster_k_ryuuo.html,/storage/images/monsters/1837.webp,アレフガルドという世界に君臨した邪悪な竜の王。アストルティアにいる竜族とは一切関わりないようだ。,"紫でなく水色なのは心機一転 新たな舞台で戦う気合の表れ。決して暗い所で目立たないのを 気にしたわけではない。","2026-07-27 13:32:06","2026-08-03 13:05:38"
1838,1837,ミルドラース,ミルドラース,Mirudoraasu,14,0,,https://xn--10-yg4a1a3kyh.jp/a_mon/../a_mon/dq10_monster_k_mirudora-su.html,/storage/images/monsters/1838.webp,魔界の王にして王の中の王と名乗る巨体の大魔王。光の教団を組織させるなど奸智にも長けている。,"アストルティアのそれと異なり 大魔王を名乗るのは自称だが 相応しいだけの実力と カリスマの持ち主ではある。","2026-07-27 13:27:51","2026-08-03 13:05:38"
1839,1838,シドー,シドー,Shidoo,14,0,,https://xn--10-yg4a1a3kyh.jp/a_mon/../a_mon/dq10_monster_k_shido-.html,/storage/images/monsters/1839.webp,悪霊の神々を統べる最強にして最凶の破壊神。自らの信者の魂を好んで喰らい召喚された世界を破壊し尽す。,"謎の存在と言われることに じつは密かに傷ついており 近年はジャージを着たりして キャラ付けに勤しんでいる。","2026-07-27 13:05:50","2026-08-03 13:05:38"
1840,1839,異界獣ヘイズバット,イカイジュウヘイズバット,Ikaijuuheizubatto,6,0,,https://xn--10-yg4a1a3kyh.jp/a_mon/../a_mon/dq10_monster_k_ikaijuuheizubatto.html,/storage/images/monsters/1840.webp,異界アスタルジアに生息する正体不明の魔物。華麗に羽ばたく姿は神秘的で異界に舞い降りた天使のよう。,"超音波クラスの高音が出せる 声帯が自慢だったが 最近ノドの調子が悪く 可聴域までしか出ないようだ。","2026-07-27 12:53:28","2026-07-29 12:20:43"
1841,1840,異界獣ヘイズバイオ,イカイジュウヘイズバイオ,Ikaijuuheizubaio,12,0,,https://xn--10-yg4a1a3kyh.jp/a_mon/../a_mon/dq10_monster_k_ikaijuuheizubaio.html,/storage/images/monsters/1841.webp,異界アスタルジアに生息する正体不明の魔物。その頑丈な外殻ははがねのよろいにも匹敵する。,"本当は臆病な性格で 恐怖を感じると丸まって 危機が去るのをじっと待ち やり過ごす性質だという。","2026-07-27 12:53:26","2026-07-29 12:20:43"
1842,1841,異界獣ヘイズナイト,イカイジュウヘイズナイト,Ikaijuuheizunaito,14,0,,https://xn--10-yg4a1a3kyh.jp/a_mon/../a_mon/dq10_monster_k_ikaijuuheizunaito.html,/storage/images/monsters/1842.webp,異界アスタルジアに生息する正体不明の魔物。馬に乗り颯爽と駆ける様子は高貴な騎士を思わせる。,"自分の素顔を覚えておらず 正体を知る者を捜していたが 見つかる気配もないので 絶世の美男ということにした。","2026-07-27 12:53:23","2026-08-03 13:05:38"
1843,1842,異界獣ヘイズキング,イカイジュウヘイズキング,Ikaijuuheizukingu,14,0,,https://xn--10-yg4a1a3kyh.jp/a_mon/../a_mon/dq10_monster_k_ikaijuuheizukingu.html,/storage/images/monsters/1843.webp,異界アスタルジアに生息する正体不明の魔物。マントをひるがえす姿がじつに偉そうな風情である。,"じつは大の寒がりで 片時もマントを手放すことが できずにいる。温かいスープが大好物。","2026-07-27 12:53:17","2026-08-03 13:05:38"
1844,1843,異界獣ヘイズシナー,イカイジュウヘイズシナー,Ikaijuuheizushinaa,14,0,,https://xn--10-yg4a1a3kyh.jp/a_mon/../a_mon/dq10_monster_k_ikaijuuheizushina-.html,/storage/images/monsters/1844.webp,異界アスタルジアに生息する正体不明の魔物。その身は深い業を背負い何かに囚われているようだ。,"右目の視力が悪いため 眼帯で隠しているのだが 左目も見づらくなってきて どうしたものかと思っている。","2026-07-27 12:53:20","2026-08-03 13:05:38"
1845,1844,異界将軍ギュメイ,イカイショウグンギュメイ,Ikaishougungyumei,2,0,,https://xn--10-yg4a1a3kyh.jp/a_mon/../a_mon/dq10_monster_k_ikaishogungyumei.html,/storage/images/monsters/1845.webp,異界アスタルジアに生息する正体不明の魔物。達人級の剣技を身につけ敵に対しても礼節を重んじる。,"両肩に結晶があるせいで 肩こりがひどいのが悩み。剣技に影響が出ないよう マッサージが欠かせない。","2026-07-27 12:53:31","2026-08-03 12:10:41"
1846,1845,異界将軍ゲルニック,イカイショウグンゲルニック,Ikaishougungerunikku,6,0,,https://xn--10-yg4a1a3kyh.jp/a_mon/../a_mon/dq10_monster_k_ikaishogungerunikku.html,/storage/images/monsters/1846.webp,異界アスタルジアに生息する正体不明の魔物。その叡智を生かした策略で多くの敵を出し抜いてきた。,"頭部をおおう結晶を 密かに気に入っているが 翼を広げたり首を回したり しづらいのが難点。","2026-07-27 12:53:34","2026-07-29 12:20:43"
1847,1846,異界将軍ゴレオン,イカイショウグンゴレオン,Ikaishougungoreon,2,0,,https://xn--10-yg4a1a3kyh.jp/a_mon/../a_mon/dq10_monster_k_ikaishogungoreon.html,/storage/images/monsters/1847.webp,異界アスタルジアに生息する正体不明の魔物。そのパワーと愛用の鉄球であらゆるものを破壊しつくす。,"以前は鉄球にも結晶が こびりついていたが その怪力でブチ割って カケラも丁寧に取り除いた。","2026-07-27 12:53:37","2026-08-03 12:10:41"
1848,1847,暗黒皇帝ガナサダイ,アンコクコウテイガナサダイ,Ankokukouteiganasadai,14,0,,https://xn--10-yg4a1a3kyh.jp/a_mon/../a_mon/dq10_monster_k_ankokukoteiganasadai.html,/storage/images/monsters/1848.webp,異界アスタルジアで復活したいにしえの皇帝。自身の復活のため創生のチカラで異界を創った。,"その思念は幾星霜もの間 魔眼の月で保管されていたため 気を抜くとジア・クトと同じ しゃべり方になってしまう。","2026-07-27 12:52:50","2026-08-03 13:05:38"
1849,1848,異界魔エボルキング,イカイマエボルキング,Ikaimaeborukingu,14,0,,https://xn--10-yg4a1a3kyh.jp/a_mon/../a_mon/dq10_monster_k_ikaimaeborukingu.html,/storage/images/monsters/1849.webp,暗黒皇帝ガナサダイが異界アスタルジアで新たに生み出したと思われる異界獣の亜種。,"額に突き出た結晶のせいで 頭痛に悩まされているが ツノみたいで格好いいため 抜かずにガマンしている。","2026-07-27 12:53:39","2026-08-03 13:05:38"
1850,1849,異界魔エボルシナー,イカイマエボルシナー,Ikaimaeborushinaa,14,0,,https://xn--10-yg4a1a3kyh.jp/a_mon/../a_mon/dq10_monster_k_ikaimaeborushina-.html,/storage/images/monsters/1850.webp,暗黒皇帝ガナサダイが異界アスタルジアで新たに生み出したと思われる異界獣の亜種。,"ガナサダイのことを わずらわしく思っており 目の上のたんこぶならぬ 左目の上の結晶と呼んでいる。","2026-07-27 12:53:42","2026-08-03 13:05:38"
1851,1850,竜王,りゅうおう,,14,0,,,/storage/images/monsters/1851.webp,はじまりの世界からやって来た邪悪なる竜の王の正体。アストルティアを征服するため策略を巡らしていた。,"意外に勉強家の一面があり アストルティアのことも かなり綿密に調べていた。闇の支配者も楽じゃない。","2026-07-27 17:13:38","2026-08-03 13:05:38"
1852,1851,大魔王ゾーマ,ダイマオウゾーマ,Daimaouzooma,14,0,,https://xn--10-yg4a1a3kyh.jp/a_mon/../a_mon/dq10_monster_k_daimaozo-ma.html,/storage/images/monsters/1852.webp,,,"2026-07-27 13:12:32","2026-08-03 13:05:38"
1862,823,ブレイズスカルゴン,ブレイズスカルゴン,Bureizusukarugon,11,0,,,/storage/images/monsters/1862.webp,"灼熱の炎に身を焼かれながらも 怨念によって蘇ったドラゴン。 その骨は今もなお高温で 赤く煮えたぎっている。","四六時中襲いくるノドの渇きは どれだけ水を飲んでも 決して癒えることがない。 呪われし魂に救いはないのか？","2026-06-27 07:31:27","2026-07-29 10:12:23"
1863,774,キラートーチ・異,キラートーチ・イ,"Killer Torch (Altered)",12,0,,,/storage/images/monsters/1863.webp,"誰もがよく知っている キラートーチの新たな姿。 白きオーラをまとった身体には 未知のパワーが 宿っている。","彼らが歩いたあとには 赤いろうが点々と落ちている。 強敵から逃げても後をつけられ 狩られる かわいそうなヤツ。","2026-06-27 07:33:48","2026-07-29 10:19:53"
1864,785,ヒートギズモ・異,ヒートギズモ・イ,"Hell Nino (Altered)",7,0,,,/storage/images/monsters/1864.webp,"誰もがよく知っている ヒートギズモの新たな姿。 白きオーラをまとった身体には 未知のパワーが 宿っている。","身体が高熱を帯びており 水がかかると水蒸気が出て 大変なことになるので 雨の日は外に出たくない。","2026-06-27 07:36:02","2026-07-29 10:19:29"
1865,688,さそりばち・異,サソリバチ・イ,"Waspion (Altered)",5,0,,,/storage/images/monsters/1865.webp,"誰もがよく知っている さそりばちの新たな姿。 白きオーラをまとった身体には 未知のパワーが 宿っている。","さそりのくせに毒がないことを 長年恥じておりましたが ついに毒を会得できました。 この場にて御礼申し上げます。","2026-06-27 08:02:20","2026-07-29 10:13:15"
1866,732,ガチャコッコ・異,ガチャコッコ・イ,"Clockwork Cuckoo (Altered)",13,0,,,/storage/images/monsters/1866.webp,"誰もがよく知っているガチャコッコの新たな姿。白きオーラをまとった身体には未知のパワーが 宿っている。",鋼鉄ボディでも飛べるのは徹底した軽量化のたまもの。その上強度も維持しているのはもはや奇跡と呼べるかも？,"2026-06-27 08:10:36","2026-07-29 10:22:57"
1867,780,メタルハンター・異,メタルハンター・イ,"Hunter Mech (Altered)",13,0,,,/storage/images/monsters/1867.webp,"誰もがよく知っているメタルハンターの新たな姿。白きオーラをまとった身体には未知のパワーが 宿っている。",名前にメタルがついていても経験値がそこまでたくさんもらえるわけではないことを申し訳なく思っているらしい。,"2026-06-27 08:11:46","2026-07-29 10:23:20"
1868,795,はにわナイト,ハニワナイト,Haniwanaito,12,0,,,/storage/images/monsters/1868.webp,かつて儀式などで使われた土人形の騎士が意思を宿し動きだしたもの。文字通り人馬一体の動きを見せる。,土くれから作られた身体は水分や衝撃に弱くてモロい。それを克服しようと思い立ちがんばってスクルトを覚えた。,"2026-06-27 08:14:01","2026-07-29 10:24:00"
1869,700,オニオーン・異,オニオーン・イ,"Ornery Onion (Altered)",3,0,,,/storage/images/monsters/1869.webp,"誰もがよく知っている オニオーンの新たな姿。 白きオーラをまとった身体には 未知のパワーが 宿っている。","むやみに斬りかかると 涙が止まらなくなるので 要注意。繊維に沿って 斬ることをオススメする。","2026-06-27 09:01:58","2026-07-29 10:13:41"
1870,751,くらやみ仙人,クラヤミセンニン,Kurayamisennin,8,0,,,/storage/images/monsters/1870.webp,"闇に紛れてイタズラをくり返すタチの悪い妖怪変化。風をあやつり 冒険者たちがあわてる様をあざ笑う。","腰痛持ちのため愛用の杖の一番の用途はマッサージ。突起が絶妙で どんな時も手放せないほどのお気に入り。","2026-06-27 09:04:40","2026-07-29 10:24:56"
1871,782,アカイライ・異,アカイライ・イ,"Belisha Beakon (Altered)",6,0,,,/storage/images/monsters/1871.webp,"誰もがよく知っている アカイライの新たな姿。 白きオーラをまとった身体には 未知のパワーが 宿っている。","ウソばかりついて他人から 信用されない人生だったが 最近むなしくなってきた。 でもウソつきはやめられない。","2026-06-27 09:06:09","2026-07-29 10:14:36"
1872,796,テラノライナー・異,テラノライナー・イ,"Dragstar (Altered)",11,0,,,/storage/images/monsters/1872.webp,"誰もがよく知っている テラノライナーの新たな姿。 白きオーラをまとった身体には 未知のパワーが 宿っている。","自分を乗り物扱いして背に 乗ろうとする相手に憤慨。 そんなときは おおあばれで 振り落としてやるのだ。","2026-06-27 09:08:26","2026-07-29 10:15:23"
1873,784,ペンデュラム,ペンデュラム,Pendeyuramu,12,0,,,/storage/images/monsters/1873.webp,"見た者は不幸になるという 言い伝えのある不吉な怪物。 怪しく光る頭巾の中身を見て 無事だったものはいない。","趣味はダウジングで 自分の身体を揺らして 鉱脈や探し物を見つける能力は 百発百中とも言われている。","2026-06-27 09:11:03","2026-07-29 10:15:01"
1874,775,しりょうのきし・異,シリョウノキシ・イ,"Skeleton Soldier (Altered)",10,0,,,,"誰もがよく知っている しりょうのきしの新たな姿。 白きオーラをまとった身体には 未知のパワーが 宿っている。","身体にまとった白いオーラが 自分の骨が削れて出た粉に見え よく焦っているらしい。 骨粗しょう症が気になる年頃。","2026-06-27 09:12:49","2026-07-29 10:14:14"
1875,711,シールドこぞう・異,シールドコゾウ・イ,"Leery Lout (Altered)",8,0,,,/storage/images/monsters/1875.webp,"誰もがよく知っているシールドこぞうの新たな姿。白きオーラをまとった身体には未知のパワーが 宿っている。",愛用のシールドは先祖から代々受け継がれてきたもの。シールド自慢をし始めると２時間は止まらないらしい。,"2026-06-27 09:26:10","2026-07-29 10:20:34"
1876,752,サイおとこ・異,サイオトコ・イ,"Rhinothrope (Altered)",2,0,,,/storage/images/monsters/1876.webp,"誰もがよく知っている サイおとこの新たな姿。 白きオーラをまとった身体には 未知のパワーが 宿っている。","こちらのサイおとこは相当 強くなっているが妻である サイおんなも強くなってるので やっぱり尻に敷かれている。","2026-06-27 09:27:22","2026-08-03 12:10:41"
1877,721,しのどれい・異,シノドレイ・イ,"Dead Resident (Altered)",10,0,,,/storage/images/monsters/1877.webp,"誰もがよく知っている しのどれいの新たな姿。 白きオーラをまとった身体には 未知のパワーが 宿っている。","日頃から手に持ったホネで 鉄球を打つ練習は欠かさない。 そのかいあって魔界野球では レギュラーに抜擢された。","2026-06-27 09:28:32","2026-07-29 10:21:03"
1878,791,ソルトドラゴニア,ソルトドラゴニア,Sorutodoragonia,11,0,,,/storage/images/monsters/1878.webp,"竜の因子を持つヒト型の魔物。 剣術に絶対の自信を持っており 跳躍力を活かす三次元の動きで 敵をほんろうする。","名前のせいかは知らないが しょっぱいものが好き。 つねに塩の入った小瓶を持ち 甘い果物にもかけまくる。","2026-06-27 09:29:09","2026-07-29 10:22:04"
1879,889,カイゼルスライム,カイゼルスライム,Kaizerusuraimu,1,1,173,,/storage/images/monsters/1879.webp,"王を超え皇帝の称号を得た巨大なスライム。威厳ある声は はげしい息吹と化して相手を襲う。",さすがのキングスライムもカイゼルの前では恐縮する。誰からも畏れ敬われるのは少し寂しいと思っている。,"2026-06-27 16:23:17","2026-07-29 10:27:36"
1880,800,ベレス・異,ベレス・イ,"Beleth (Altered)",4,0,,,/storage/images/monsters/1880.webp,"誰もがよく知っているベレスの新たな姿。白きオーラをまとった身体には未知のパワーが 宿っている。",こちらでもベスト鎌ニストには選ばれなかった……。強大な鎌ライバルの存在に宿命的に苦しめられている。,"2026-06-27 16:24:44","2026-08-03 12:09:04"
1881,811,イズライール,イズライール,Izuraiiru,4,0,,,/storage/images/monsters/1881.webp,"悪魔の中でも特に強大で 残忍だと恐れられている種族。 緑色に冷たく輝く眼光には 慈悲のかけらも存在しない。","他種族から恐れられてる半面 同族には非常に友好的で イズライール間ではお互いを ニックネームで呼び合うとか。","2026-06-27 16:25:54","2026-08-03 12:09:04"
1882,824,ミミック・異,ミミック・イ,"Mimic (Altered)",12,0,,,/storage/images/monsters/1882.webp,"誰もがよく知っているミミックの新たな姿。白きオーラをまとった身体には未知のパワーが 宿っている。","誰にも開けてもらえず暇な時は閉じたまま自分にあまいいきを使って 眠ることにしている。はやく誰か来ないかなあ。","2026-06-27 16:27:03","2026-07-29 10:28:15"
