id,monster_id,map_id,map_layer_id,area,spawn_time,spawn_count,symbol_count,note,is_hunting_ground,imported_note,created_at,updated_at
1,1,25,2,"[""D1"",""C2"",""D2"",""D3"",""C3""]",いつでも,1〜2,多い,ランガーオ村からD-3の橋までの道沿いでよく見かけます。1〜2匹で出ます。ビッグハットも一緒に出ます。,0,"[""[\"1-2匹@村付近\",\"ランガーオ村から出るとすぐにいる\"] \/ 1-2匹@村付近"",""ランガーオ村から出るとすぐにいる""]

ランガーオ村からD-3の橋までの街道沿いに多数。1～2匹構成。ビッグハットにもつく。
ver: 5.4","2026-03-14 06:50:46","2026-04-02 08:31:21"
2,4,25,2,"[""D5"",""D4"",""D3"",""D2"",""E2"",""E3"",""E4"",""E5"",""C5"",""C4"",""C3"",""C2""]",いつでも,1〜2,普通,ランガーオ村北東〜D-5、D-6の橋手前あたりまで広い範囲にいます。1〜2匹で出ます。スライムが一緒に出ます。いっかくウサギと一緒に出ることもあります。,0,"[""[\"1-2匹@村付近\",\"ランガーオ村からマップ中央まで広範囲に出現\"] \/ 1-2匹@村付近"",""ランガーオ村からマップ中央まで広範囲に出現""]

ランガーオ村北東～D-5とD-6の橋手前まで広く生息。1～2匹構成でスライムがつく。いっかくウサギのお供にもなる。
ver: 5.4","2026-03-14 06:50:46","2026-03-21 11:40:04"
3,8,25,2,"[""C3"",""C4"",""C5"",""C6"",""D3"",""D4"",""D5"",""D6"",""E3"",""E4"",""E5"",""E6"",""F3"",""F4"",""F5"",""F6""]",いつでも,1〜2,多い,ランガーオ村東やロンダの氷穴あたり、中部のD-3〜E-5にいます。ロンダの氷穴あたりや中部で小山にまとまっている場所は1匹ずつ出ます。それ以外は1〜2匹で出ます。ビッグハットが一緒に出ます。,1,"[""[\"混1-2匹@村付近\",\"ロンダの氷穴の近くやマップ中央にたくさんいます\"] \/ 混1-2匹@村付近"",""ロンダの氷穴の近くやマップ中央にたくさんいます""]

ランガーオ村東やロンダの氷穴周辺、中部のD-3～E-5に生息。ロンダの氷穴周辺や中部で小山に密集しているものは1匹構成。それ以外は1～2匹でビッグハットがつく。
ver: 5.4","2026-03-14 06:50:46","2026-03-26 14:25:23"
5,33,25,2,"[""B5"",""C5"",""C6"",""B6""]",いつでも,1,多い,地域限定。C-6、D-5の橋の間にいます。1匹ずつ出ます。シンボル数は多いが探しづらい。,1,"[""B-5・C-5あたりにたくさんいます"",""[\"1匹@C5付近\",\"B-5・C-5あたりにたくさんいます\"] \/ 1匹@C5付近""]

地域限定モンスター。 C-6とD-5の橋のあいだに生息。1匹構成。同じく地域限定のおにこぞうより少なめ。
ver: 5.4","2026-03-14 06:50:46","2026-03-21 13:10:15"
6,34,25,2,"[""B5"",""C5"",""B6"",""C6""]",いつでも,1,多い,地域限定。B-5、C-5あたりでよく見かけます。C-5あたりでは1匹で出ます。,1,"[""B-5・C-5あたりにたくさんいます"",""[\"1匹@C5付近\",\"B-5・C-5あたりにたくさんいます\"] \/ 1匹@C5付近""]

地域限定モンスター。 C-6とD-5の橋のあいだに生息。同じく地域限定のブラウニーも一緒に狩っておこう。
ver: 5.4","2026-03-14 06:50:46","2026-03-21 13:10:38"
7,37,25,2,"[""C6"",""B6"",""B5"",""C5""]",いつでも,1,多い,獅子門前にまとまっています。1匹ずつ出ます。,1,"[""[\"1匹@獅子門前\",\"獅子門の近くにたくさんいます\"] \/ 1匹@獅子門前"",""獅子門の近くにたくさんいます""]

獅子門前に密集。1匹構成。
ver: 5.4","2026-03-14 06:50:46","2026-03-21 13:12:51"
8,228,25,2,"[""D6"",""F6"",""F7"",""G3"",""E6"",""E7"",""D7"",""D8"",""E8"",""F8""]",いつでも,1〜2,多い,ラギ雪原あたりでは1匹で出ます。南東エリアでは1〜2匹で出ます。ヘルビーストが一緒に出ます。,0,"[""D-6からマップ南東にたくさん、G-3にもいる"",""[\"1匹@ラギ前混1-2匹@南東\",\"D-6からマップ南東にたくさん、G-3にもいる\"] \/ 1匹@ラギ前混1-2匹@南東""]

No.171(美容院ピュアスノー色追加)クエ対象。 ラギ雪原周辺では1匹構成。南東エリアでは1～2匹構成でヘルビーストがつく。
ver: 5.4","2026-03-14 06:50:46","2026-03-22 12:32:27"
9,277,25,2,"[""D7"",""E7"",""F6"",""F7"",""G6"",""G7""]",昼,1,少ない,昼だけ出ます。南東エリアに点々といます。1匹ずつ出ます。,0,"[""[\"昼･1匹@南東\",\"昼のみ南部のD-7～F-7あたりに飛んでいる\"] \/ 昼･1匹@南東"",""昼のみ南部のD-7～F-7あたりに飛んでいる""]

昼限定。南東エリアにまばらに飛んでいる。1匹構成。
ver: 5.4","2026-03-14 06:50:46","2026-03-22 14:47:22"
10,308,25,2,"[""D7"",""E7"",""F6"",""F7"",""G6"",""G7""]",いつでも,1,少ない,ダズの岩穴近くの橋で2匹湧きです。1匹構成で近くのブリザードも一緒に出ます。,0,"[""D-7～F-7あたりにいる、数は少なめ"",""[\"1匹@南東\",\"D-7～F-7あたりにいる、数は少なめ\"] \/ 1匹@南東""]

南東エリアにまばら。ダズの岩穴近くの橋には2匹定点湧き。1匹構成で近くのブリザードにもつく。
ver: 5.4","2026-03-14 06:50:46","2026-03-22 17:26:08"
12,726,25,2,"[""B5"",""C5"",""C6"",""B6""]",いつでも,1,多い,地域限定。C-6、D-5の橋の間にいます。1匹ずつ出ます。シンボル数は多いが探しづらい。,1,"[""B-5・C-5あたりにたくさんいます"",""[\"1匹@C5付近\",\"B-5・C-5あたりにたくさんいます\"] \/ 1匹@C5付近""]

地域限定モンスター。 C-6とD-5の橋のあいだに生息。1匹構成。同じく地域限定のおにこぞうより少なめ。
ver: 5.4","2026-03-14 06:50:46","2026-03-21 13:10:15"
13,244,26,3,"[""C3"",""D3"",""C4"",""D4"",""C5"",""D5"",""C6"",""D6"",""E5"",""F5"",""E6"",""F6"",""E3"",""F3"",""E4"",""F4""]",いつでも,1〜3,多い,入口あたりは1〜2匹で、それ以外は1〜3匹で出ます。,0,"[""[\"1-3匹@全域\",\"ランガーオ山地から入ってすぐにいる、ほぼ全域にいます\"] \/ 1-3匹@全域"",""ランガーオ山地から入ってすぐにいる、ほぼ全域にいます""]

マップ隅を除く全域に広く生息。入口付近は1～2匹、それ以外は1～3匹構成。
ver: 5.4","2026-03-14 06:50:50","2026-03-22 13:05:12"
14,311,26,3,"[""C4"",""D4"",""D5"",""E4"",""E5"",""F6""]",吹雪,1,普通,雪か吹雪のときだけ出て、晴れるといなくなります。シンボルが少なく、1匹ずつ出ます。せつげんりゅうのいる中央部分にいます。,0,"[""[\"雪·1匹@中央\",\"雪が降っている時、C-4やF-6など広範囲に飛んでいる\"] \/ 雪·1匹@中央"",""雪が降っている時、C-4やF-6など広範囲に飛んでいる""]

天候限定モンスター。雪・吹雪のときに現れ、晴れると消える。 シンボル自体も少なく1匹構成。せつげんりゅうのいる中央部分に生息。
ver: 5.4","2026-03-14 06:50:50","2026-07-29 10:30:08"
15,314,26,3,"[""B3"",""C2"",""F2"",""F3"",""G2"",""G3"",""C3"",""B2""]",いつでも,1〜2,少ない,1〜2匹で出ます。北西部と北東部に点々といます。北西はシルバーデビルが邪魔。,0,"[""[\"1-2匹@北西＆北東\",\"北西(B-3やC-2)とG-2あたりにいる\"] \/ 1-2匹@北西＆北東"",""北西(B-3やC-2)とG-2あたりにいる""]

No.344(2.2ストーリー)クエ対象。 1～2匹編成。北西部と北東部にまばら。北西部ではシルバーデビルに絡まれる。
ver: 5.4","2026-03-14 06:50:50","2026-03-22 17:39:55"
16,322,26,3,"[""B2"",""B3"",""C2"",""C3"",""B4"",""C4""]",いつでも,1,普通,北西部に数シンボルです。1匹ずつ出ます。,0,"[""B-2からB-4あたりを飛んでいる"",""[\"1匹@北西\",\"B-2からB-4あたりを飛んでいる\"] \/ 1匹@北西""]

北西部に数シンボル。1匹構成。木はあるものの視界は開けている。
ver: 5.4","2026-03-14 06:50:50","2026-03-22 18:13:24"
17,369,26,3,"[""C4"",""D4"",""D5"",""E4"",""E5"",""F6"",""F5"",""F4""]",いつでも,1,少ない,入口から橋を渡った中央エリアでは数が少なめです。人が来にくい袋小路にまとまっています。1匹ずつ出ます。,0,"[""C-4やF-6など広範囲を走っている"",""[\"1匹@中央\",\"C-4やF-6など広範囲を走っている\"] \/ 1匹@中央""]

入口から橋を渡った中央エリアに少数生息。人の来ない袋小路にたまっている。1匹構成。
ver: 5.4","2026-03-14 06:50:50","2026-03-23 06:50:11"
18,772,26,3,"[""B3"",""C2"",""F2"",""F3"",""G2"",""G3"",""C3"",""B2""]",いつでも,1〜2,少ない,1〜2匹で出ます。北西部と北東部に点々といます。北西はシルバーデビルが邪魔。,0,"[""[\"1-2匹@北西＆北東\",\"北西(B-3やC-2)とG-2あたりにいる\"] \/ 1-2匹@北西＆北東"",""北西(B-3やC-2)とG-2あたりにいる""]

No.344(2.2ストーリー)クエ対象。 1～2匹編成。北西部と北東部にまばら。北西部ではシルバーデビルに絡まれる。
ver: 5.4","2026-03-14 06:50:50","2026-03-22 17:39:55"
19,773,26,3,"[""B2"",""B3"",""C2"",""C3"",""B4"",""C4""]",いつでも,1,普通,北西部に数シンボルです。1匹ずつ出ます。,0,"[""B-2からB-4あたりを飛んでいる"",""[\"1匹@北西\",\"B-2からB-4あたりを飛んでいる\"] \/ 1匹@北西""]

北西部に数シンボル。1匹構成。木はあるものの視界は開けている。
ver: 5.4","2026-03-14 06:50:50","2026-03-22 18:13:24"
20,2,30,11,"[""D6""]",いつでも,1,普通,獅子門やグレン城下町の入口にいます。1匹ずつ出ます。,0,"[""[\"1匹@D6\",\"グレン城下町から出るとすぐにいる\"] \/ 1匹@D6"",""グレン城下町から出るとすぐにいる""]

獅子門やグレン城下町の入口にいる。1匹構成。
ver: 5.4","2026-03-14 06:51:02","2026-04-02 08:32:13"
21,23,30,11,"[""E2"",""E1""]",いつでも,1,多い,獅子門を出て西にいます。1匹ずつ出ます。周りの敵が多くて探しにくいです。,0,"[""[\"1匹@F2\",\"獅子門近くのE-2にたくさんいる\"] \/ 1匹@F2"",""獅子門近くのE-2にたくさんいる""]

獅子門を出て西に生息。1匹構成。他のモンスターが多く探しづらい。
ver: 5.4","2026-03-14 06:51:02","2026-06-27 00:04:02"
22,39,30,11,"[""D5"",""E5"",""F2"",""F3"",""F4"",""F5""]",いつでも,1〜2,少ない,獅子門からE-5辺りにかけての道沿いに点々といます。1〜2匹で出ます。どくろあらいが一緒に出ます。,0,"[""[\"1-2匹@F2-E5\",\"マップ中央部から広範囲にいる\"] \/ 1-2匹@F2-E5"",""マップ中央部から広範囲にいる""]

獅子門からE-5辺りにかけての街道沿いにまばら。1～2匹でどくろあらいがつく。
ver: 5.4","2026-03-14 06:51:02","2026-03-21 13:16:26"
23,41,30,11,"[""C5"",""C6"",""D5"",""D6"",""E1"",""E2"",""E3"",""E4"",""E5"",""E6"",""E7"",""E8"",""F1"",""F2"",""F3"",""F4"",""F5"",""F6"",""F7"",""F8"",""G1"",""G2"",""G7"",""G8"",""H1"",""H2"",""H7"",""H8"",""C7"",""D7"",""C8"",""D8""]",いつでも,1,多い,南部や柵の向こうを除く全域にいます。シンボルは多いが1匹で出ます。キャタピラーも一緒に出ます。,0,"[""[\"1匹@全域\",\"マップ中央部から広範囲にいる\"] \/ 1匹@全域"",""マップ中央部から広範囲にいる""]

南部や柵の向こうを除く全域に生息。シンボルは多いが1匹構成。キャタピラーにもつく。
ver: 5.4","2026-03-14 06:51:02","2026-03-21 13:18:26"
24,46,30,11,"[""C3"",""C4"",""C5"",""C6"",""D3"",""D4"",""D5"",""D6"",""E3"",""E4"",""E5"",""E6"",""F3"",""F4"",""F5"",""F6""]",いつでも,1,少ない,南部や柵の向こうを除く全域にいます。1匹ずつ出ます。シンボルは少なめです。,0,"[""[\"1匹@全域\",\"マップ中央部から広範囲にいる\"] \/ 1匹@全域"",""マップ中央部から広範囲にいる""]

南部や柵の向こうを除く全域に生息。1匹構成。シンボルは少なめ。
ver: 5.4","2026-03-14 06:51:02","2026-03-21 13:24:31"
25,61,30,11,"[""E7"",""E8"",""F8"",""F7""]",いつでも,1,普通,E-7の橋より南にいます。1匹ずつ出ます。,0,"[""E-7の橋から南側にいる、地中モンスター"",""[\"1匹@南\",\"E-7の橋から南側にいる、地中モンスター\"] \/ 1匹@南""]

No.007(薬草戦士と豊かな土地)クエ対象。 E-7の橋より南に生息。1匹構成。
ver: 5.4","2026-03-14 06:51:02","2026-03-21 13:44:33"
26,99,30,11,"[""G3"",""G4""]",いつでも,1〜2,多い,1〜2匹で出ます。,0,"[""G-3・G-4エリアにいます"",""[\"1-2匹@G3-4\",\"G-3・G-4エリアにいます\"] \/ 1-2匹@G3-4""]

No.020(グレン便せん)・No067(武闘家1話)クエ対象。 G-3～4に多数。1～2匹構成。
ver: 5.4","2026-03-14 06:51:02","2026-03-21 17:25:58"
27,103,30,11,"[""G3"",""G4""]",昼,1,普通,昼だけ出ます。G-3〜4にいます。1匹ずつ出るが、範囲が狭いので探しやすい。,0,"[""[\"昼･1匹@G3-4\",\"昼のみG-3・G-4エリアに出現\"] \/ 昼･1匹@G3-4"",""昼のみG-3・G-4エリアに出現""]

昼限定。G-3～4に生息。1匹構成。範囲が狭いので探しやすい。
ver: 5.4","2026-03-14 06:51:02","2026-03-21 17:32:50"
28,130,30,11,"[""G3"",""G4""]",夜,1〜2,普通,夜だけ出ます。G-3〜4にいます。1〜2匹で出ます。ばくだん岩が一緒に出ます。,0,"[""[\"夜·混1-2匹@G3-4\",\"夜のみG-3・G-4エリアに出現\"] \/ 夜·混1-2匹@G3-4"",""夜のみG-3・G-4エリアに出現""]

夜限定。G-3～4に生息。1～2匹でばくだん岩がつく。
ver: 5.4","2026-03-14 06:51:02","2026-03-21 18:49:16"
29,178,30,11,"[""G3""]",いつでも,1,多い,G-3の大岩がある所にかなりいます。1匹ずつ出ます。,1,"[""G-3のエリアの奥の方にいる"",""[\"1匹@G3\",\"G-3のエリアの奥の方にいる\"] \/ 1匹@G3""]

No.035(ルーラストーン)クエ対象。 G-3の大岩が密集している所に大勢いる。1匹構成。
ver: 5.4","2026-03-14 06:51:02","2026-03-22 10:55:35"
30,225,30,12,"[""B2"",""C2"",""C1""]",いつでも,1〜2,普通,北西の強敵エリアにいます。1〜2匹で出ます。,0,"[""[\"1-2匹@北西\",\"マップ北西C-2あたりと野獣の巣の方にもいる\"] \/ 1-2匹@北西"",""マップ北西C-2あたりと野獣の巣の方にもいる""]

北西の強敵エリアに生息。1～2匹構成。野獣の巣前に飛べるので狩りやすい。
ver: 5.4","2026-03-14 06:51:02","2026-03-22 12:28:21"
31,238,30,11,"[""B2"",""B3"",""C2"",""C3""]",いつでも,1〜2,少ない,特になし,0,"[""[\"1-2匹@北西\",\"マップ北西C-2あたりにいます\"] \/ 1-2匹@北西"",""マップ北西C-2あたりにいます""]

No.094(ふりなおし解放)クエ対象。北西の強敵エリアに少数。地形も入り組んでいるしおすすめしない。
ver: 5.4","2026-03-14 06:51:02","2026-03-22 12:51:17"
32,325,30,11,"[""F3""]",いつでも,1,少ない,F3辺りの道沿いに1シンボルのみです。湧きも10分以上と非常に遅いです。,0,"[""F-3あたりに1匹います"",""[\"1匹@F3\",\"F-3あたりに1匹います\"] \/ 1匹@F3""]

F-3辺りの街道沿いに1シンボルのみ。湧きも10分以上と非常に遅い。
ver: 5.4","2026-03-14 06:51:02","2026-03-22 18:20:46"
33,729,30,11,"[""C3"",""C4"",""C5"",""C6"",""D3"",""D4"",""D5"",""D6"",""E3"",""E4"",""E5"",""E6"",""F3"",""F4"",""F5"",""F6""]",いつでも,1,少ない,南部や柵の向こうを除く全域にいます。1匹ずつ出ます。シンボルは少なめです。,0,"[""[\"1匹@全域\",\"マップ中央部から広範囲にいる\"] \/ 1匹@全域"",""マップ中央部から広範囲にいる""]

南部や柵の向こうを除く全域に生息。1匹構成。シンボルは少なめ。
ver: 5.4","2026-03-14 06:51:02","2026-03-21 13:24:31"
34,731,30,11,"[""C5"",""C6"",""D5"",""D6"",""E1"",""E2"",""E3"",""E4"",""E5"",""E6"",""E7"",""E8"",""F1"",""F2"",""F3"",""F4"",""F5"",""F6"",""F7"",""F8"",""G1"",""G2"",""G7"",""G8"",""H1"",""H2"",""H7"",""H8"",""C7"",""D7"",""C8"",""D8""]",いつでも,1,多い,南部や柵の向こうを除く全域にいます。シンボルは多いが1匹で出ます。キャタピラーも一緒に出ます。,0,"[""[\"1匹@全域\",\"マップ中央部から広範囲にいる\"] \/ 1匹@全域"",""マップ中央部から広範囲にいる""]

南部や柵の向こうを除く全域に生息。シンボルは多いが1匹構成。キャタピラーにもつく。
ver: 5.4","2026-03-14 06:51:02","2026-03-21 13:18:26"
35,743,30,11,"[""G3"",""G4""]",夜,1〜2,普通,夜だけ出ます。G-3〜4にいます。1〜2匹で出ます。ばくだん岩が一緒に出ます。,0,"[""[\"夜·混1-2匹@G3-4\",\"夜のみG-3・G-4エリアに出現\"] \/ 夜·混1-2匹@G3-4"",""夜のみG-3・G-4エリアに出現""]

夜限定。G-3～4に生息。1～2匹でばくだん岩がつく。
ver: 5.4","2026-03-14 06:51:02","2026-03-21 18:49:16"
36,395,30,12,"[""B1""]",いつでも,1,多い,野獣の巣前にそこそこです。1匹ずつ出ます。,0,"[""C-2の坂を下りた先にある野獣の巣の近くにたくさん"",""[\"1匹\",\"C-2の坂を下りた先にある野獣の巣の近くにたくさん\"] \/ 1匹""]

野獣の巣前にそこそこ。1匹構成。ルーラポイントが目の前で狩りやすい。
ver: 5.4","2026-03-14 06:51:02","2026-03-23 07:47:06"
37,41,31,13,"[""D2"",""D3"",""E2"",""E3"",""H4""]",いつでも,1〜2,多い,グレン城下町〜ベコン渓谷前に大量でおすすめです。グレン領東近くにも点々といます。1〜2匹で出ます。おおくちばしやシールドこぞうが一緒に出ます。,1,"[""[\"1-2匹@北側沿道\",\"グレン城下町を出てマップの北部にいる、東の方(H4あたり)にもいる\"] \/ 1-2匹@北側沿道"",""グレン城下町を出てマップの北部にいる、東の方(H4あたり)にもいる""]

グレン城下町～ベコン渓谷前に大量でおすすめ。グレン領東近くにもまばら。1～2匹でおおくちばしがつく。シールドこぞうにもつく。
ver: 5.4","2026-03-14 06:51:06","2026-03-21 13:18:26"
38,43,31,13,"[""D2"",""D3"",""E2"",""E3""]",いつでも,1〜3,少ない,グレン城下町〜D-3の間に点々といます。1〜3匹で出ます。どくろあらいが一緒に出ます。,0,"[""[\"混1-3匹@北側沿道\",\"グレン城下町を出てマップの北部にいる\"] \/ 混1-3匹@北側沿道"",""グレン城下町を出てマップの北部にいる""]

グレン城下町～D-3のあいだにまばら。1～3匹でどくろあらいがつく。
ver: 5.4","2026-03-14 06:51:06","2026-03-21 13:20:07"
39,46,31,13,"[""D2"",""D3"",""E2"",""E3""]",いつでも,1〜2,少ない,グレン城下町〜D-3の間では数が少なめです。1〜2匹で出ます。どくろあらいも一緒に出ます。,1,"[""[\"1-2匹@北側沿道\",\"グレン城下町を出てマップの北部にいる\"] \/ 1-2匹@北側沿道"",""グレン城下町を出てマップの北部にいる""]

グレン城下町～D-3のあいだに少数。1～2匹構成。どくろあらいにもつく。
ver: 5.4","2026-03-14 06:51:06","2026-03-21 13:24:31"
40,47,31,13,"[""E3"",""E4"",""E5"",""F5"",""F3"",""F4""]",いつでも,1〜3,普通,F-3〜5の断崖地帯にいます。1〜3匹で出て、しびれだんびらも混ざります。,1,"[""[\"1-3匹@中央\",\"マップ中央から東側(E-3からF-5あたり)にいる\"] \/ 1-3匹@中央"",""マップ中央から東側(E-3からF-5あたり)にいる""]

F-3～5の断崖地帯に生息。1～3匹でしびれだんびらと互いに混成する。遊び人職クエ1話で討伐対象になっているときは5匹構成に変化する。
ver: 5.4","2026-03-14 06:51:06","2026-03-21 13:25:27"
41,53,31,13,"[""E3"",""E4"",""E5"",""F5"",""F3"",""F4""]",いつでも,1〜3,多い,おすすめです。F-3〜F-5の間でよく見かけます。1〜3匹で出て、ギズモも混ざります。,1,"[""[\"1-3匹@中央\",\"マップ中央から東側(E-3からF-5あたり)にいる\"] \/ 1-3匹@中央"",""マップ中央から東側(E-3からF-5あたり)にいる""]

おすすめ。F-3～F-5のあいだに多数。1～3匹構成でギズモと互いに混成する。低レベル時はウイングデビルに注意。
ver: 5.4","2026-03-14 06:51:06","2026-03-21 13:35:54"
42,823,31,13,"[""F6""]",いつでも,1,多い,F6では1匹で出て、まとまっています。,0,"[""[\"1匹@F6\",\"マップのF-6あたりに固まっている\"] \/ 1匹@F6"",""マップのF-6あたりに固まっている""]

No.034(転職開放)クエ対象。 他より弱い。F-6の風車の近くにわんさかいる。
ver: 5.4","2026-03-14 06:51:06","2026-03-24 07:36:53"
43,225,31,13,"[""B4"",""B5"",""C4"",""C5""]",いつでも,1〜2,普通,西部にいます。1〜2匹で出て、グールも混ざります。,0,"[""[\"1-2匹@西部\",\"マップの西側の強敵エリア広範囲に出現\"] \/ 1-2匹@西部"",""マップの西側の強敵エリア広範囲に出現""]

西部に生息。1～2匹構成でグールと互いに混成する。
ver: 5.4","2026-03-14 06:51:06","2026-03-22 12:28:21"
45,271,31,13,"[""B4"",""B5""]",いつでも,1〜2,普通,西部にいます。1〜2匹で出て、メガザルロックも混ざります。,0,"[""[\"1-2匹@西部\",\"マップの西側の強敵エリア広範囲に出現\"] \/ 1-2匹@西部"",""マップの西側の強敵エリア広範囲に出現""]

西部に生息。1～2匹でメガザルロックと互いに混成する。
ver: 5.4","2026-03-14 06:51:06","2026-03-22 14:44:00"
47,359,31,13,"[""C3"",""C4"",""C5"",""C6"",""D3"",""D4"",""D5"",""D6"",""E6"",""E5"",""E4"",""E3""]",いつでも,1,少ない,C-4、D-6の橋の上にもいます。1匹ずつ出ます。,0,"[""[\"1匹@中央＆西部\",\"マップ中央や東の強敵エリアの広範囲に点在している\"] \/ 1匹@中央＆西部"",""マップ中央や東の強敵エリアの広範囲に点在している""]

中部～西部に広く生息。数は少ない。C-4、D-6の橋の上にもいる。1匹構成。
ver: 5.4","2026-03-14 06:51:06","2026-03-23 06:32:36"
48,362,31,13,"[""B4"",""B5"",""C4"",""C5""]",昼,1,普通,昼だけ西部で1匹で出ます。,0,昼･1匹@西部,"2026-03-14 06:51:06","2026-03-23 06:39:29"
49,728,31,13,"[""D2"",""D3"",""E2"",""E3""]",いつでも,1〜3,少ない,グレン城下町〜D-3の間に点々といます。1〜3匹で出ます。どくろあらいが一緒に出ます。,0,"[""[\"混1-3匹@北側沿道\",\"グレン城下町を出てマップの北部にいる\"] \/ 混1-3匹@北側沿道"",""グレン城下町を出てマップの北部にいる""]

グレン城下町～D-3のあいだにまばら。1～3匹でどくろあらいがつく。
ver: 5.4","2026-03-14 06:51:06","2026-03-21 13:20:07"
50,729,31,13,"[""D2"",""D3"",""E2"",""E3""]",いつでも,1〜2,少ない,グレン城下町〜D-3の間では数が少なめです。1〜2匹で出ます。どくろあらいも一緒に出ます。,1,"[""[\"1-2匹@北側沿道\",\"グレン城下町を出てマップの北部にいる\"] \/ 1-2匹@北側沿道"",""グレン城下町を出てマップの北部にいる""]

グレン城下町～D-3のあいだに少数。1～2匹構成。どくろあらいにもつく。
ver: 5.4","2026-03-14 06:51:06","2026-03-21 13:24:31"
51,731,31,13,"[""D2"",""D3"",""E2"",""E3"",""H4""]",いつでも,1〜2,多い,グレン城下町〜ベコン渓谷前に大量でおすすめです。グレン領東近くにも点々といます。1〜2匹で出ます。おおくちばしやシールドこぞうが一緒に出ます。,1,"[""[\"1-2匹@北側沿道\",\"グレン城下町を出てマップの北部にいる、東の方(H4あたり)にもいる\"] \/ 1-2匹@北側沿道"",""グレン城下町を出てマップの北部にいる、東の方(H4あたり)にもいる""]

グレン城下町～ベコン渓谷前に大量でおすすめ。グレン領東近くにもまばら。1～2匹でおおくちばしがつく。シールドこぞうにもつく。
ver: 5.4","2026-03-14 06:51:06","2026-03-21 13:18:26"
52,52,37,14,"[""A5"",""A6"",""B5"",""B6"",""C5"",""C6""]",いつでも,1〜2,多い,地域限定。西部にいます。1〜2匹で出ます。サイおとこのお供としても2匹まで出ます。,1,"[""グレン領西から入ってすぐマップ西側エリアに多数います""]

地域限定モンスター。 西部に生息。1～2匹構成。サイおとこのお供としても2匹まで出る。
ver: 5.4","2026-03-14 06:51:10","2026-03-21 13:34:52"
53,57,37,14,"[""A3"",""A4"",""B3"",""B4"",""C3""]",いつでも,1〜2,普通,地域限定。西部の洞窟内にいます。1〜2匹で出ます。しのどれいも混ざります。,1,"[""妖剣士の塚がある北西の洞くつ内にいます""]

地域限定・No.011(目指せ！ステキなオネェ)クエ対象。 西部の洞窟内に生息。1～2匹構成。しのどれいに混成する。
ver: 5.4","2026-03-14 06:51:10","2026-03-21 13:37:47"
54,66,37,14,"[""A3"",""A4"",""B3"",""B4"",""C3"",""C4""]",いつでも,1〜2,少ない,西部の洞窟に点々といます。1〜2匹で出て、チャームバットも混ざります。,0,"[""妖剣士の塚がある北西の洞くつ内にいます""]

西部の洞窟にまばら。1～2匹構成でチャームバットが混成する。
ver: 5.4","2026-03-14 06:51:10","2026-03-21 13:53:10"
55,98,37,14,"[""A5"",""A6"",""B5"",""B6"",""C5"",""C6"",""C4"",""C3""]",いつでも,1,多い,"おすすめです。C3,4にまとまっている。メイジドラキーが2匹まで一緒に出ます。",1,"[""グレン領西から入ってすぐマップ西側エリアに多数います""]

おすすめ。西部に生息。少々遠いが洞窟の先は密集していて戦いやすい。1匹構成でメイジドラキーが2匹までつく。
ver: 5.4","2026-03-14 06:51:10","2026-03-21 16:11:44"
56,103,37,14,"[""B6""]",昼,1,普通,昼だけ出ます。B-6北側辺りに2匹即湧きなのでおすすめです。,1,"[""昼間のみマップ西側B-6あたりに飛んでいる""]

昼限定。B-6北側辺りに2匹即湧きなのでおすすめ。1匹構成。余談だが、夜になると崖上で羽休めしている個体が見える。
ver: 5.4","2026-03-14 06:51:10","2026-03-21 17:32:50"
57,343,37,14,"[""B2""]",いつでも,1,1,妖剣士の塚近くを巡回です。1匹なのでおすすめしないです。,0,"[""[\"1匹\",\"妖剣士の塚がある北西の洞くつ内に1匹いる\"] \/ 1匹"",""妖剣士の塚がある北西の洞くつ内に1匹いる""]

妖剣士の塚近くを巡回。1匹なのでおすすめしない。
ver: 1.3","2026-03-14 06:51:10","2026-03-22 18:51:43"
59,365,37,14,"[""D5"",""E5"",""E6"",""D6"",""D4"",""E4"",""F4"",""F5"",""F6""]",いつでも,2,多い,中央部にたくさんいます。2匹で出ます。,0,"[""[\"2匹\",\"マップの中央エリア(D-5・E-5あたり)にいます\"] \/ 2匹"",""マップの中央エリア(D-5・E-5あたり)にいます""]

中央部に多数生息。2匹構成。
ver: 5.4","2026-03-14 06:51:10","2026-03-23 06:44:36"
61,379,37,14,"[""G3"",""G4"",""G5"",""G6"",""H3"",""H4"",""H5"",""H6""]",いつでも,2,多い,東部にたくさんいます。2匹で出ます。,1,"[""[\"2匹\",\"小屋から東側のエリアの広範囲に出現する\"] \/ 2匹"",""小屋から東側のエリアの広範囲に出現する""]

東部に多数生息。2匹構成。1.1まではよく3匹出てきた。
ver: 5.4","2026-03-14 06:51:10","2026-03-23 07:22:15"
62,473,37,14,"[""G4""]",いつでも,1,少ない,1匹ずつ出てG-4あたりに数匹います。,0,"[""G-4あたりに数匹います"",""[\"1匹\",\"G-4あたりに数匹います\"] \/ 1匹""]

東部にごく少数。1匹構成。
ver: 5.4","2026-03-14 06:51:10","2026-03-23 11:01:57"
63,547,37,14,"[""D3""]",いつでも,1,多い,夜になると動きます。E-2の洞窟を抜けた先にいます。,0,"[""D-3の竜の墓場にたくさんいる"",""[\"1匹\",\"D-3の竜の墓場にたくさんいる\"] \/ 1匹""]

E-2の洞窟を抜けた先の竜の墓場に群生。夜になると動き出す。キングリザードの湧き待ち時間に。1匹構成。
ver: 5.4","2026-03-14 06:51:10","2026-03-23 14:30:04"
64,598,37,14,"[""D5"",""E5"",""D6"",""E6""]",いつでも,1,普通,中央部の強敵ゾーンにそこそこの数です。1匹ずつ出ます。,1,"[""[\"1匹\",\"マップの中央エリア(D-5・E-5あたり)にいます\"] \/ 1匹"",""マップの中央エリア(D-5・E-5あたり)にいます""]

No.130(特訓モード解放)クエ対象。 中央部の強敵ゾーンにそこそこの数。1匹構成。
ver: 5.4","2026-03-14 06:51:10","2026-03-23 15:50:07"
65,617,37,14,"[""D3""]",いつでも,1,1,E-3の洞窟の先、1分湧きです。遠いです。,0,"[""D-3の竜の墓場といわれている場所に1匹いる"",""[\"1匹\",\"D-3の竜の墓場といわれている場所に1匹いる\"] \/ 1匹""]

E-3の洞窟の先、竜の墓場の奥に1シンボル。1分湧き。遠い。
ver: 5.4","2026-03-14 06:51:10","2026-03-23 16:59:48"
66,61,32,15,"[""D3"",""C3"",""C2"",""B2"",""B3"",""D2""]",いつでも,1,普通,海峡の北側にいます。1匹ずつ出ます。ポインズントリルも混ざります。,0,"[""[\"1匹@D3付近\",\"マップ北側の洞くつにいます\"] \/ 1匹@D3付近"",""マップ北側の洞くつにいます""]

海峡の北側に生息。1匹構成。南側のポインズントリルに混成する。
ver: 5.4","2026-03-14 06:51:16","2026-03-21 13:44:34"
67,62,32,15,"[""D6"",""D7"",""E6"",""E7"",""F7"",""F6""]",いつでも,1〜2,普通,海峡の南側に広くいます。1〜2匹で出て、マドハンドも混ざります。,0,"[""[\"混1-2匹@南側\",\"マップ南側の洞くつにいます\"] \/ 混1-2匹@南側"",""マップ南側の洞くつにいます""]

海峡の南側に分布。1～2匹構成でマドハンドが混成する。
ver: 5.4","2026-03-14 06:51:16","2026-03-21 13:48:17"
68,72,32,15,"[""D2"",""D3"",""C2"",""C3"",""B2"",""B3""]",いつでも,1〜2,普通,海峡の北側に広くいます。1〜2匹で出て、ガチャコッコも混ざります。,0,"[""[\"混1-2匹@北側\",\"マップ北側の洞くつにいます\"] \/ 混1-2匹@北側"",""マップ北側の洞くつにいます""]

海峡の北側に分布。1～2匹構成でガチャコッコが混成する。
ver: 5.4","2026-03-14 06:51:16","2026-03-21 14:00:42"
69,76,32,15,"[""D6"",""D7"",""E6"",""E7"",""F6"",""F7""]",いつでも,1,普通,南側のたいまつ周辺にまとまっています。1匹ずつ出ます。ハンターフライも一緒に出ます。,1,"[""[\"1匹@南側\",\"マップ南側の洞くつにいます\"] \/ 1匹@南側"",""マップ南側の洞くつにいます""]

No.062(魔法使職1話)クエ対象。 南側のたいまつ周辺に丸まっている。1匹構成。北側のハンターフライにもつく。
ver: 5.4","2026-03-14 06:51:16","2026-03-21 14:18:42"
70,160,32,15,"[""D6"",""D7"",""E6"",""E7"",""F6"",""F7""]",いつでも,1,普通,地域限定。南側の広いところに2匹ずつ即湧きです。1匹ずつ出ます。東側が湧きが狭くおすすめです。,1,"[""[\"1匹@南の広間\",\"マップ南側の洞くつにいます\"] \/ 1匹@南の広間"",""マップ南側の洞くつにいます""]

No.222(美容院サンセット色追加)クエ対象。 地域限定モンスター。南側の広いところに2匹ずつ即湧き。1匹構成。東側が湧きが狭くおすすめ。
ver: 5.4","2026-03-14 06:51:16","2026-03-22 10:12:08"
71,734,32,15,"[""D6"",""D7"",""E6"",""E7"",""F6"",""F7""]",いつでも,1,普通,南側のたいまつ周辺にまとまっています。1匹ずつ出ます。ハンターフライも一緒に出ます。,1,"[""[\"1匹@南側\",\"マップ南側の洞くつにいます\"] \/ 1匹@南側"",""マップ南側の洞くつにいます""]

No.062(魔法使職1話)クエ対象。 南側のたいまつ周辺に丸まっている。1匹構成。北側のハンターフライにもつく。
ver: 5.4","2026-03-14 06:51:16","2026-03-21 14:18:42"
72,77,33,16,"[""C3""]",いつでも,1〜2,普通,忘れられた書庫前の湖にいます。1〜2匹で出ます。かなり狭い範囲に即沸き。,1,"[""忘れられた書庫の近くの凍った池(C-3)にいます""]

忘れられた書庫前の湖に生息。1～2匹構成。かなり狭い範囲で即沸きなので、ルーラ地点から少し遠い以外はおすすめしたい。
ver: 5.5","2026-03-14 06:51:22","2026-03-21 14:24:08"
73,86,33,16,"[""C3"",""E1"",""E2"",""F1"",""F2"",""G1"",""C2""]",いつでも,1〜2,普通,北部〜東部の道沿いに1〜2匹、忘れられた書庫あたりに1〜3匹おりこちらはランドンクイナも混ざります。,1,"[""ゲルト海峡から入ってマップの北部にいます""]

北部～東部の街道沿いや忘れられた書庫付近に生息。前者は1～2匹、後者は1～3匹構成でランドンクイナと互いに混成する。
ver: 5.4","2026-03-14 06:51:22","2026-03-21 15:13:53"
74,88,33,16,"[""B1"",""B2"",""B3"",""C1"",""C2"",""C3"",""D1"",""D2"",""D3"",""E1"",""E2"",""E3"",""F1"",""F2"",""F3"",""G1"",""G2"",""G3""]",いつでも,1〜2,少ない,ランドン山脈〜ザマ峠の道沿いの木のまわりに点々といます。1〜2匹で出て、ベビーニュートも混ざります。,0,"[""ゲルト海峡から入ってマップの北部にいます""]

ランドン山脈～ザマ峠の街道沿いの木のまわりにまばら。1～2匹構成でベビーニュートと互いに混成する。
ver: 5.4","2026-03-14 06:51:22","2026-03-21 15:33:07"
75,94,33,16,"[""E1"",""E2"",""E3"",""F1"",""D3"",""D4"",""C4"",""B4""]",いつでも,1〜2,普通,北部〜西部の道沿いにいます。1〜2匹で出て、キメラも混ざります。,0,"[""[\"混1-2匹@沿道\",\"ゲルト海峡から入ってマップの北部にいます\"] \/ 混1-2匹@沿道"",""ゲルト海峡から入ってマップの北部にいます""]

北部～西部の街道沿いに生息。1～2匹構成でキメラと互いに混成する。
ver: 5.4","2026-03-14 06:51:22","2026-03-21 15:56:59"
76,116,33,16,"[""B4"",""C4""]",いつでも,1,ちらほら,ザマ峠あたりに点々といます。1匹で出て、タップデビルも混ざります。,0,"[""ザマ峠側のB-4・C-4あたりにいます""]

ザマ峠付近にまばら。1匹構成でタップデビルと互いに混成する。
ver: 5.4","2026-03-14 06:51:22","2026-03-21 17:49:39"
77,151,33,16,"[""G3"",""G2"",""F3"",""F2"",""H2"",""H3"",""H4"",""G4"",""F4""]",いつでも,1〜2,普通,東部の洞窟や谷にいます。1〜2匹で出ます。深夜には南部や東部に広く出ます。こちらは2〜3匹で出ます。,0,"[""マップの東側にあるトンネル内に出現、夜になると南側広範囲に出現""]

東部の洞窟や谷にいる。1～2匹構成。深夜には南部や東部に広く出没。こちらは2～3匹構成。
ver: 5.4","2026-03-14 06:51:22","2026-03-22 09:35:18"
78,156,33,16,"[""B6"",""C6"",""C7"",""B7"",""G5"",""F4"",""F5"",""G4""]",いつでも,1〜3,普通,東部と南西の凍った湖の上にいます。南西の湖は1匹で出ます。東部の湖は1〜3匹で出て、フロストギズモも混ざります。,0,"[""ゴズ渓谷近くの凍った池とF-4・G-5の凍った所""]

東部と南西の凍った湖の上にいる。南西の湖は1匹構成。東部の湖は1～3匹構成でフロストギズモが混成する。
ver: 5.4","2026-03-14 06:51:22","2026-03-22 10:06:00"
79,157,33,16,"[""B5"",""B6"",""B7"",""C5"",""C6"",""C7"",""D5"",""D6"",""D7"",""E5"",""E6"",""E7"",""F4"",""F5"",""F6"",""F7"",""G4"",""G5"",""G6"",""G7"",""H4"",""H5""]",いつでも,1〜2,普通,南部〜東部に広い範囲でいます。1〜2匹で出ます。キラービーが一緒に出ます。,0,"[""マップの南側広範囲に出現します""]

南部～東部に広く生息。1～2匹構成でキラービーがつく。
ver: 3.4","2026-03-14 06:51:22","2026-03-22 10:09:19"
80,169,33,16,"[""F4"",""G5""]",いつでも,1,少ない,東部の凍った湖の上に点々といます。1匹ずつ出ます。ホタテワラビーに2匹まで一緒に出ます。,0,"[""F-4・G-5の凍っているところにいる""]

東部の凍った湖の上にまばら。1匹構成。ホタテワラビーに2匹までつく。
ver: 5.4","2026-03-14 06:51:22","2026-03-22 10:36:21"
81,198,33,16,"[""E5"",""F5"",""E6"",""F6"",""G5"",""H5"",""G6"",""H6""]",いつでも,1〜3,普通,南東部にかなりいます。1〜3匹で出て、おばけトマトも混ざります。,0,"[""マップ南西あたりゴズ渓谷近くに出現します""]

南東部に山ほどいる。1～3匹構成でおばけトマトと互いに混成する。
ver: 5.4","2026-03-14 06:51:22","2026-03-22 11:36:57"
82,289,33,16,"[""G4""]",いつでも,1,普通,東の橋から先にかなりいます。1匹ずつ出ます。,0,"[""G-4に固まっています"",""[\"1匹\",\"G-4に固まっています\"] \/ 1匹""]

No.103(パラディン4話)クエ対象。 東の橋から先に大勢いる。1匹構成。
ver: 5.4","2026-03-14 06:51:22","2026-03-22 15:43:07"
83,874,33,16,"[""E1"",""E2"",""E3"",""F1"",""D3"",""D4"",""C4"",""B4""]",いつでも,1〜2,普通,北部〜西部の道沿いにいます。1〜2匹で出て、キメラも混ざります。,0,"[""[\"混1-2匹@沿道\",\"ゲルト海峡から入ってマップの北部にいます\"] \/ 混1-2匹@沿道"",""ゲルト海峡から入ってマップの北部にいます""]

北部～西部の街道沿いに生息。1～2匹構成でキメラと互いに混成する。
ver: 5.4","2026-03-14 06:51:22","2026-07-29 10:43:47"
84,77,35,17,"[""A6"",""A7"",""B6"",""B7"",""C6"",""C7"",""C4"",""B4"",""B5"",""A5"",""A4"",""C5""]",いつでも,1〜2,多い,西部にいます。山頂付近前によく見かけます。1〜2匹で出て、イエティも混ざります。,1,"[""マップの真ん中から西側にたくさんいます""]

西部に生息。山頂付近前にいっぱいいる。1～2匹構成でイエティが混成する。
ver: 5.4","2026-03-14 06:51:25","2026-03-21 14:24:08"
85,78,35,17,"[""C3"",""C4"",""D3"",""E3"",""F3"",""G3"",""G4"",""G5"",""H3"",""H4"",""H5"",""B4"",""B5"",""B6"",""B7"",""G6"",""H6""]",いつでも,1〜2,多い,全域に出ます。木の下にいます。1〜2匹で出て、稀にイエティも混ざります。,0,"[""マップの真ん中から東側にいます""]

全域に出現。木の下にいる。1～2匹構成で、稀にイエティが混成する。
ver: 5.4","2026-03-14 06:51:25","2026-03-21 14:39:51"
86,81,35,17,"[""E3"",""F2"",""F3"",""G2"",""G3"",""G4"",""G5""]",いつでも,1〜2,多い,北部から東部にかけて大量にいます。1〜2匹で出て、稀にイエティも混ざります。吹雪のとき寒いのかまるまっているのがかわいらしい。,0,"[""マップの真ん中から東側にたくさんいます""]

北部から東部にかけて大量にいる。1～2匹構成で、稀にイエティが混成する。吹雪のときは丸まっている。
ver: 5.4","2026-03-14 06:51:25","2026-03-21 14:47:43"
87,94,35,17,"[""B4"",""B5""]",いつでも,1〜2,少ない,西部に少しだけです。1〜2匹で出ます。,0,"[""ランドンフット近くのB-4・B-5あたりにいます""]

西部に少しだけ。1～2匹構成。
ver: 5.4","2026-03-14 06:51:25","2026-03-21 15:56:59"
88,124,35,17,"[""G5""]",いつでも,1,ちらほら,東部に点々といます。奥まったところによくいます。1匹ずつ出ます。スノーモン、デビルスノー、モコモコじゅうも混ざります。,0,"[""雲上湖近くのG-5あたりにいます""]

東部にまばら。奥まったところによくいる。1匹構成。スノーモン、デビルスノー、モコモコじゅうにも混成する。
ver: 5.4","2026-03-14 06:51:25","2026-03-21 18:38:59"
89,874,35,17,"[""B4"",""B5""]",いつでも,1〜2,少ない,西部に少しだけです。1〜2匹で出ます。,0,"[""ランドンフット近くのB-4・B-5あたりにいます""]

西部に少しだけ。1～2匹構成。
ver: 5.4","2026-03-14 06:51:25","2026-07-29 10:43:47"
90,169,36,18,"[""A5"",""A6"",""A7"",""B5"",""B6"",""B7"",""C5"",""C6"",""C7"",""D5"",""D6"",""D7"",""D8"",""E4"",""E5"",""E6"",""E7"",""E8"",""F4"",""F5"",""F6"",""F7"",""G5"",""G6"",""G7"",""G4""]",いつでも,1〜2,多い,北側の通路を除く全域に大量です。1〜2匹で出ます。,1,"[""マップの南側全域に出現します""]

北側の通路を除く全域に大量。1～2匹構成。邪神の宮殿から出てすぐなので、アクセスも非常に良好。
ver: 5.4","2026-03-14 06:51:28","2026-03-22 10:36:21"
91,228,36,18,"[""D5"",""E5"",""F5""]",いつでも,1〜2,少ない,D〜F-5の通路にいます。点々といますが湧きは早いです。フロストギズモが一緒に出ます。,0,"[""D-5～F-5の細くなった道に出現します""]

D～F-5の通路に生息。まばらだが湧きは早い。1～2匹構成でフロストギズモがつく。
ver: 5.4","2026-03-14 06:51:28","2026-03-22 12:32:27"
92,270,36,18,"[""F3"",""F4"",""F5"",""F6"",""F7"",""G3"",""G4"",""G5"",""G6"",""G7"",""H3"",""H4"",""H5"",""H6"",""H7""]",いつでも,1,普通,東部にいます。1匹ずつ出ます,0,"[""[\"1匹\",\"邪神の宮殿から東側に出現します\"] \/ 1匹"",""邪神の宮殿から東側に出現します""]

東部に生息。1匹構成。アイスコンドルのついでに。
ver: 5,4","2026-03-14 06:51:28","2026-03-22 14:41:58"
94,4,34,19,"[""H5"",""H6""]",いつでも,1〜2,少ない,入口付近に2シンボルのみです。1〜2匹で出ます。,0,"[""ランドンフットからゴズ渓谷に入ってすぐいます""]

入口付近に2シンボルのみ。1～2匹構成。
ver: 5.4","2026-03-14 06:51:31","2026-03-21 11:40:04"
95,78,34,19,"[""B1"",""B2"",""F4"",""F5""]",いつでも,1〜2,普通,洞窟部分にいます。1〜2匹で出ます。近くのアンゴラモーアやビッグスロースが一緒に出ます。,0,"[""東側のトンネル内とB-1・B-2のトンネル内にいる""]

洞窟部分にいる。1～2匹構成で近くのアンゴラモーアやビッグスロースがつく。
ver: 5.4","2026-03-14 06:51:31","2026-03-21 14:39:51"
96,201,34,19,"[""B1"",""B2""]",いつでも,1〜2,少ない,洞窟内では数が少なめです。1〜2匹でスノーモンと一緒に出ます。,0,"[""東側のトンネル内とB-1・B-2のトンネル内にいる""]

洞窟内に少数。1～2匹構成でスノーモンと相互にくっつく。
ver: 5.4","2026-03-14 06:51:31","2026-03-22 11:40:49"
97,270,34,19,"[""F6"",""E6""]",いつでも,1〜2,2,2シンボルのみです。1〜2匹で出ます。,0,"[""F-6にいます"",""[\"1-2匹\",\"F-6にいます\"] \/ 1-2匹""]

E～F-6に2シンボルのみ。1～2匹構成。
ver: 5.4","2026-03-14 06:51:31","2026-03-22 14:41:58"
98,304,34,19,"[""A4"",""A3"",""C3"",""A6"",""A7"",""G6"",""G5"",""E4""]",いつでも,1〜2,普通,行き止まりやつり橋の近くに埋まっています。1〜2匹で出ます。,0,"[""[\"1-2匹\",\"全体的に外の通路にいます\"] \/ 1-2匹"",""全体的に外の通路にいます""]

行き止まりやつり橋の近くに埋まっている。1～2匹構成。
ver: 5.4","2026-03-14 06:51:31","2026-03-22 17:20:31"
99,311,34,19,"[""B4"",""B5"",""B6"",""C7"",""D6""]",いつでも,1〜2,普通,B-4〜6にかけてと、南のらせん状通路にいます。1〜2匹で出ます。,0,"[""B-4～B-6にいる"",""[\"1-2匹\",\"B-4～B-6にいる\"] \/ 1-2匹""]

B-4～6にかけてと、南のらせん状通路にいる。1～2匹構成。狩るというよりは、お邪魔虫。
ver: 5.4","2026-03-14 06:51:31","2026-07-29 10:30:08"
100,330,34,19,"[""G6"",""F4"",""G4"",""G5"",""F5"",""A4"",""A7"",""A6"",""A5"",""B5"",""B6"",""B4""]",いつでも,1〜2,普通,東側G-6〜F-4、西側A-4〜7にいます。橋あたりは1匹で、それ以外は1〜2匹で出ます。東側はスノーモンも一緒に出ます。,0,"[""[\"1-2匹\",\"全体的にいます、特に橋の上でぐるぐる回っている\"] \/ 1-2匹"",""全体的にいます、特に橋の上でぐるぐる回っている""]

東側G-6～F-4、西側A-4～7に生息。橋周辺は1匹、それ以外は1～2匹構成。東側はスノーモンにもつく。
ver: 5.4","2026-03-14 06:51:31","2026-03-22 18:27:33"
101,342,34,19,"[""B1"",""B2""]",いつでも,1〜3,3,西の洞窟に3シンボルのみです。湧きも遅いです。1〜3匹で出ます。,0,"[""B-1・B-2のトンネル内にいる"",""[\"1-3匹\",\"B-1・B-2のトンネル内にいる\"] \/ 1-3匹""]

西の洞窟に3シンボルのみ。湧きも遅い。1～3匹構成。
ver: 5.4","2026-03-14 06:51:31","2026-03-22 18:49:40"
102,351,34,19,"[""D5""]",夜,1,1,夜だけ出ます。D-5の螺旋状の坂に1シンボルのみです。1匹でおよそ3分湧きです。,0,"[""D-5のらせん状の坂道に1匹いる、たぶん夜のみ出現"",""[\"夜·1匹@D5の螺旋\",\"D-5のらせん状の坂道に1匹いる、たぶん夜のみ出現\"] \/ 夜·1匹@D5の螺旋""]

夜限定。D-5の螺旋状の坂に1シンボルのみ。1匹構成でおよそ3分湧き。
ver: 5.4","2026-03-14 06:51:31","2026-03-23 06:22:38"
103,355,34,19,"[""D4"",""E4""]",いつでも,1,1,E-4あたりに1シンボルのみです。3分湧きです。ルーラ地点から近いのが幸いです。,0,"[""D-4に1匹います"",""[\"1匹\",\"D-4に1匹います\"] \/ 1匹""]

E-4あたりに1シンボルのみ。3分湧き。ルーラ地点から近いのが幸い。
ver: 5.4","2026-03-14 06:51:31","2026-03-23 06:28:15"
104,369,34,19,"[""C7"",""D5""]",いつでも,1〜2,普通,C-7やD-5にいます。1〜2匹で出ます。,0,"[""D-5とC-7にあるらせん状の坂道にいる"",""[\"1-2匹\",\"D-5とC-7にあるらせん状の坂道にいる\"] \/ 1-2匹""]

C-7やD-5にいる。1～2匹構成。
ver: 5.4","2026-03-14 06:51:31","2026-03-23 06:50:11"
105,648,34,19,"[""B7""]",いつでも,1,少ない,B7に1シンボルのみです。2〜3分湧きです。,0,"[""B-7に1匹います"",""[\"1匹@B7\",\"B-7に1匹います\"] \/ 1匹@B7""]

B-7に1シンボルのみ。2～3分湧き。
ver: 5.4","2026-03-14 06:51:31","2026-03-23 17:35:41"
106,70,40,28,"[""D2"",""D1"",""D3"",""C3"",""C4"",""C5"",""C6"",""C7"",""C8""]",いつでも,1〜3,普通,川にいます。1〜3匹で出ます。,0,"[""[\"1-3匹@川\",\"マップに流れている川の中にいます\"] \/ 1-3匹@川"",""マップに流れている川の中にいます""]

川に生息。1～3匹構成。川を下っていけばいいので見つけやすい。
ver: 5.4","2026-03-14 06:51:41","2026-03-21 13:58:31"
107,127,40,28,"[""A3"",""A4"",""A5"",""A6"",""A7"",""A8"",""B3"",""B4"",""B5"",""B6"",""B7"",""B8"",""C3"",""C4"",""C5"",""C6"",""C7"",""C8"",""D3"",""D4"",""D5"",""D6"",""D7"",""D8"",""E3"",""E4"",""E5"",""E6"",""E7"",""E8"",""F3"",""F4"",""F5"",""F6"",""F7"",""F8"",""G3"",""G4"",""G5"",""G6"",""G7"",""G8"",""H3"",""H4"",""H5"",""H6"",""H7"",""H8"",""C1"",""D1"",""C2"",""D2""]",いつでも,1〜2,多い,強敵エリアと高台を除く全域にいます。1〜2匹で出て、ビッグフェイスも混ざります。,0,"[""低い場所のほぼ全域にいます""]

強敵エリアと高台を除く全域に生息。1～2匹構成でビッグフェイスと互いに混成する。
ver: 5.4","2026-03-14 06:51:41","2026-03-21 18:44:35"
108,135,40,28,"[""A5"",""A6"",""A7"",""A8"",""B5"",""B6"",""B7"",""B8"",""C1"",""C2"",""C3"",""C4"",""C5"",""C6"",""C7"",""C8"",""D1"",""D2"",""D3"",""D4"",""D5"",""D6"",""D7"",""D8"",""E3"",""E4"",""E5"",""E6"",""E7"",""E8"",""F3"",""F4"",""F5"",""F6"",""F7"",""F8"",""A3"",""B3"",""A4"",""B4""]",いつでも,1〜2,多い,強敵エリアと高台を除く全域にいます。1〜2匹で出て、メイジキメラも混ざります。,0,"[""低い場所のほぼ全域にいます""]

強敵エリアと高台を除く全域に生息。1～2匹構成でメイジキメラと互いに混成する。
ver: 5,4","2026-03-14 06:51:41","2026-03-21 18:55:07"
109,140,40,28,"[""C6"",""D5"",""C5"",""C7"",""D8"",""C8"",""E8"",""F8"",""F7"",""F6"",""F5"",""E5""]",いつでも,1〜2,普通,高台にいます。ガートラントあたりは1〜2匹、東西の高台では1〜3匹で出ます。,0,"[""ガートラント城の周りぐるっと一周います""]

高台に生息。ガートラント周辺は1～2匹、東西の高台では1～3匹構成。
ver: 5.4","2026-03-14 06:51:41","2026-03-21 19:06:34"
110,197,40,28,"[""A3"",""A4"",""A5"",""A6"",""A7"",""A8"",""B3"",""B4"",""B5"",""B6"",""B7"",""B8"",""C1"",""C2"",""C3"",""C4"",""C5"",""C6"",""C7"",""C8"",""D1"",""D2"",""D3"",""D4"",""D5"",""D6"",""D7"",""D8"",""E3"",""E4"",""E5"",""E6"",""E7"",""E8"",""F3"",""F4"",""F5"",""F6"",""F7"",""F8"",""G7"",""G8"",""H7"",""H8""]",夜,1,多い,強敵ゾーンや高台を除く全域にいます。1匹ずつ出ます。D-4〜5の高台の木の茂っている辺りにそれなりにいます。,0,"[""ほぼ全域に点在する、数は少なめ""]

強敵ゾーンや高台を除く全域に生息。1匹構成。D-4～5の高台の木の茂っている辺りにそこそこいる他はほとんど見かけない。夜は寝る。
ver: 5.4","2026-03-14 06:51:41","2026-03-26 14:27:29"
111,362,40,28,"[""C7"",""B7"",""B6"",""C6""]",昼,1,普通,昼･1匹で出ます。,0,昼･1匹,"2026-03-14 06:51:41","2026-03-23 06:39:29"
112,431,40,28,"[""F3"",""F2"",""E2"",""E3""]",いつでも,1,多い,北東E-2〜F-3の強敵ゾーンにうようよいます。1匹ずつ出ます。近くにケツァルコアトルスも沸きます。,0,"[""E-3・4あたりの高所にいます"",""[\"1匹\",\"E-3・4あたりの高所にいます\"] \/ 1匹""]

北東E-2～F-3の強敵ゾーンにうようよいる。1匹構成。近くにケツァルコアトルスも沸く。
ver: 5.4","2026-03-14 06:51:41","2026-03-23 09:42:26"
113,437,40,28,"[""C8""]",いつでも,2,2,C-8の丘に2シンボルのみです。1匹で湧き4分です。,0,"[""C-8のちょっと高い所に2匹いる"",""[\"1匹\",\"C-8のちょっと高い所に2匹いる\"] \/ 1匹""]

C-8の丘に2シンボルのみ。1匹構成で再ポップまで4分。
ver: 5.4","2026-03-14 06:51:41","2026-03-23 09:53:39"
114,733,40,28,"[""D2"",""D1"",""D3"",""C3"",""C4"",""C5"",""C6"",""C7"",""C8""]",いつでも,1〜3,普通,川にいます。1〜3匹で出ます。,0,"[""[\"1-3匹@川\",\"マップに流れている川の中にいます\"] \/ 1-3匹@川"",""マップに流れている川の中にいます""]

川に生息。1～3匹構成。川を下っていけばいいので見つけやすい。
ver: 5.4","2026-03-14 06:51:41","2026-03-21 13:58:31"
115,99,38,29,"[""C1"",""C2"",""D1"",""D2"",""D3"",""D4"",""D5"",""E5"",""E6"",""E7"",""F7"",""E4"",""F6""]",いつでも,1〜2,多い,博愛の碑あたりを除く全域にいます。烽火台より北は1匹、南は1〜2匹で出ます。さんぞくウルフが一緒に出ます。,1,"[""ほぼ全域に生息する、博愛の碑の方にはいません""]

博愛の碑周辺を除く全域に生息。烽火台より北は1匹構成、南は1～2匹でさんぞくウルフがつく。さんぞくウルフのお供にもなる。
ver: 5.4","2026-03-14 06:51:44","2026-03-21 17:25:58"
116,101,38,29,"[""C1"",""C2"",""C3"",""D1"",""D2"",""D3"",""E1"",""E2"",""E3"",""E6"",""F1"",""F2"",""F3"",""F6"",""E7"",""F7"",""E8"",""F8"",""E5"",""F5"",""C4"",""D4"",""C5"",""D5"",""C6"",""D6""]",いつでも,1〜3,多い,博愛の碑を除く全域にいます。1〜3匹で出ます。ばくだん岩やオークと一緒に出ることもあります。,0,"[""ザマ烽火台の北側にも南側にもいる""]

博愛の碑を除く全域に生息。1～3匹構成でばくだん岩がつく。烽火台より南ではばくだん岩やオークのお供にもなる。
ver: 5.4","2026-03-14 06:51:44","2026-03-21 17:30:13"
117,143,38,29,"[""B7"",""B8"",""C7"",""C8"",""D6"",""D7"",""D8"",""E6"",""E7"",""E8"",""F6"",""F7"",""F8""]",いつでも,1,普通,1匹でさんぞくウルフが2匹まで一緒に出ます。,0,"[""ザマ烽火台より南部に生息します""]

烽火台より南に生息。1匹構成でさんぞくウルフが2匹までつく。
ver: 5.4","2026-03-14 06:51:44","2026-03-21 19:11:16"
118,197,38,29,"[""C7"",""D7"",""C8"",""D8""]",いつでも,1,少ない,博愛の碑周辺にいます。即湧きだが点々といます。1匹ずつ出ます。,0,"[""C-7・8の博愛の碑の方にいます""]

No.211(ガートラント外伝1話)クエ対象。 博愛の碑周辺にいる。即湧きだがまばら。1匹構成。
ver: 5.4","2026-03-14 06:51:44","2026-03-26 14:27:29"
119,99,39,30,"[""C3"",""C4"",""C5"",""B3"",""B4"",""B5"",""B7"",""B6"",""C6"",""C7""]",いつでも,3〜4,多い,上層西側にシンボルたくさんいます。メガザルロックとの混成3〜4匹です。,0,"[""上層にたくさんいます""]

上層西側にシンボル多数。メガザルロックとの混成3～4匹構成。
ver: 7.4","2026-03-14 06:51:46","2026-03-21 17:25:58"
120,225,39,30,"[""C3"",""C4"",""C5"",""D3"",""D4"",""D5"",""B5"",""B4"",""B3""]",いつでも,3〜4,多い,上層西側にシンボルたくさんいます。ばくだん岩との混成3〜4匹です。,0,"[""上層にたくさんいます""]

上層西側にシンボル多数。ばくだん岩との混成3～4匹構成。
ver: 7.4","2026-03-14 06:51:46","2026-03-22 12:28:21"
121,383,39,30,"[""F3"",""F2"",""G2""]",いつでも,1〜2,普通,上層の洞くつ内にいます。1〜2匹で出ます。,0,"[""上層のトンネル部分に出現します""]

上層の洞くつ内に生息。1～2匹構成。
ver: 7.4","2026-03-14 06:51:46","2026-03-23 07:32:55"
122,641,39,30,"[""F5""]",いつでも,1〜2,1〜2,上層東側に1シンボルで1〜2匹、下層に2シンボルで2匹で出ます。いずれも即湧き。,0,"[""上層のF-5に1匹、下層に数匹います""]

上層東側に1シンボルで1～2匹構成、下層に2シンボルで2匹構成。いずれも即湧きだが、下層は湧き範囲が広く見つけにくい。
ver: 7.4","2026-03-14 06:51:46","2026-03-23 17:23:10"
123,344,39,31,"[""C3"",""C4"",""C5"",""D3"",""D4"",""D5"",""E3"",""E4"",""E5"",""F3"",""F4"",""F5""]",いつでも,1〜2,多い,下層にシンボルたくさんいます。1〜2匹で出ます。,0,"[""下層にたくさんいます""]

下層にシンボル多数。1～2匹構成。
ver: 7.4","2026-03-14 06:51:46","2026-03-22 18:54:55"
124,641,39,31,"[""F5"",""E5"",""D5"",""C5"",""C4"",""D4"",""E4"",""F4""]",いつでも,1,少ない,上層東側に1シンボルで1〜2匹、下層に2シンボルで2匹で出ます。いずれも即湧き。,0,"[""上層のF-5に1匹、下層に数匹います""]","2026-03-14 06:51:46","2026-03-23 17:23:10"
125,298,41,32,"[""C7"",""D3"",""D7"",""E3"",""F3""]",いつでも,1〜2,多い,マップ全域の低地で1〜2匹で出ます。デスプリーストにも2匹まで一緒に出ます。,0,"[""D-3～F-3の低い所とバドリアル石室近くのC-7・D-7にもいる"",""[\"1-2匹\",\"D-3～F-3の低い所とバドリアル石室近くのC-7・D-7にもいる\"] \/ 1-2匹""]

マップ全域の低地に生息。1～2匹構成。デスプリーストにも2匹までつく。
ver: 5.4","2026-03-14 06:51:49","2026-03-22 16:19:42"
127,402,41,32,"[""A1"",""A2"",""A3"",""A4"",""A5"",""A6"",""A7"",""A8"",""B1"",""B2"",""B3"",""B4"",""B5"",""B6"",""B7"",""B8"",""C1"",""C2"",""C3"",""C4"",""C5"",""C6"",""C7"",""C8"",""D1"",""D2"",""D3"",""D4"",""D5"",""D6"",""D7"",""D8"",""E1"",""E2"",""E3"",""E4"",""E5"",""E6"",""E7"",""E8"",""F1"",""F2"",""F3"",""F4"",""F5"",""F6"",""F7"",""F8"",""G1"",""G2"",""G3"",""G4"",""G5"",""G6"",""G7"",""G8"",""H1"",""H2"",""H3"",""H4"",""H5"",""H6"",""H7"",""H8""]",いつでも,1,多い,マップ全域の高地に点々といます。ゴールドマンやゴールデントーテムがまれに一緒に出ます。1匹で出ます。,0,"[""[\"1匹\",\"マップ全域の高い所にはだいたいいる\"] \/ 1匹"",""マップ全域の高い所にはだいたいいる""]

マップ全域の高地にまばら。ゴールドマンやゴールデントーテムがまれにつく。
ver: 2.4","2026-03-14 06:51:49","2026-03-23 08:17:33"
128,517,41,32,"[""A1"",""A2"",""A3"",""A4"",""A5"",""A6"",""A7"",""A8"",""B1"",""B2"",""B3"",""B4"",""B5"",""B6"",""B7"",""B8"",""C1"",""C2"",""C3"",""C4"",""C5"",""C6"",""C7"",""C8"",""D1"",""D2"",""D3"",""D4"",""D5"",""D6"",""D7"",""D8"",""E1"",""E2"",""E3"",""E4"",""E5"",""E6"",""E7"",""E8"",""F1"",""F2"",""F3"",""F4"",""F5"",""F6"",""F7"",""F8"",""G1"",""G2"",""G3"",""G4"",""G5"",""G6"",""G7"",""G8"",""H1"",""H2"",""H3"",""H4"",""H5"",""H6"",""H7"",""H8""]",いつでも,1〜2,多い,マップ全域の高所にたくさんいます。2匹で出ます。ゴールデントーテムやゴールドマンがまれに一緒に出ます。,0,"[""[\"1-2匹\",\"マップ全域の高い所にはだいたいいる\"] \/ 1-2匹"",""マップ全域の高い所にはだいたいいる""]

No.237(どうぐかばん3話)クエ対象。 マップ全域の高所にたくさんいる。2匹構成。ゴールデントーテムやゴールドマンがまれにつく。
ver: 5.4","2026-03-14 06:51:49","2026-03-23 13:40:42"
129,520,41,32,"[""C7""]",昼,1,1,昼だけ出ます。バドリアル石室近くに数匹です。1匹で湧きは遅めです。,0,"[""[\"1匹\",\"昼間のみバドリアル石室近くのC-7あたりにいる\"] \/ 1匹"",""昼間のみバドリアル石室近くのC-7あたりにいる""]

昼限定。バドリアル石室近くに数匹。1匹構成で湧きは遅め。ルーラ地点が近いのは〇。夜はデスプリーストに代わるようだ。
ver: 5.4","2026-03-14 06:51:49","2026-03-23 13:46:55"
130,550,41,32,"[""E7"",""B7""]",いつでも,1,1,バドリアル石室の前に1シンボルです。1匹で2〜3分湧きです。,0,"[""[\"1匹@石室前\",\"バドリアル石室の前とE-7あたりにも数匹いる\"] \/ 1匹@石室前"",""バドリアル石室の前とE-7あたりにも数匹いる""]

バドリアル石室の前に1シンボル。D-5北部やE-7北西にもいることがある。1匹構成で2～3分湧き。
ver: 5.4","2026-03-14 06:51:49","2026-03-23 14:37:58"
135,159,45,34,"[""D6"",""E5"",""E6"",""D5""]",いつでも,1〜2,普通,オゾの洞穴と剣岩にいます。1〜2匹で出ます。。剣岩では1〜2匹で出ます。,1,"[""[\"1-2匹@剣岩\",\"マップ中央の剣岩を上ると固まっています\"] \/ 1-2匹@剣岩"",""マップ中央の剣岩を上ると固まっています""]

オゾの洞穴と剣岩にいる。1～2匹構成。ルーラ地点からも近くおすすめ。
ver: 5.4","2026-03-14 06:51:55","2026-03-22 10:11:20"
136,172,45,34,"[""A4"",""B4"",""C4"",""C5"",""B5"",""A5""]",いつでも,2,お供,ゴールドオーク、ライノソルジャーのお供のみです。2匹まで一緒に出ます。,0,"[""[\"@お供\",\"ゴールドオークとライノソルジャーのお供で出る\"] \/ @お供"",""ゴールドオークとライノソルジャーのお供で出る""]

ゴールドオーク、ライノソルジャーのお供のみ。2匹までつく。
ver: 5.4","2026-03-14 06:51:55","2026-03-22 10:40:40"
137,176,45,34,"[""C4"",""C5"",""C6"",""D6"",""E6"",""F6""]",いつでも,1〜2,多い,バウガの風穴にはこのモンスターしか湧かず、密度も高いです。1〜2匹で出ます。,1,"[""[\"1-2匹@南側全体\",\"マップ中央から南にかけて広い範囲でいっぱいいる\"] \/ 1-2匹@南側全体"",""マップ中央から南にかけて広い範囲でいっぱいいる""]

北側の強敵エリアと剣岩以外の全域に分布。バウガの風穴にはこのモンスターしか湧かず、密度も高い。1～2匹構成。
ver: 5.4","2026-03-14 06:51:55","2026-03-22 10:53:28"
138,222,45,34,"[""B4"",""B5"",""C4"",""C5""]",いつでも,1,多い,1匹でベホイムスライムが2匹まで一緒に出ます。,0,"[""1匹+供@西側"",""竜のねぐらの洞くつの外周辺にたくさんいます""]

剣岩よりも西側に生息。闘技場より南にはいない。1匹構成でベホイムスライムが2匹までつく。
ver: 5.4","2026-03-14 06:51:55","2026-03-22 12:21:17"
139,223,45,34,"[""F4"",""F5"",""G4"",""G5"",""F6"",""G6"",""E7"",""E6"",""E8""]",いつでも,1,多い,1匹でベホイムスライムが2匹まで一緒に出ます。東側では1匹で出ます。,0,"[""[\"1匹+供@東側\",\"マップの東から南にかけて広範囲に出現\"] \/ 1匹+供@東側"",""マップの東から南にかけて広範囲に出現""]

剣岩より東部に生息。数は多いがややまばら。1匹構成でベホイムスライムが2匹までつく。
ver: 5.4","2026-03-14 06:51:55","2026-03-22 12:22:39"
140,258,45,34,"[""D2"",""D3"",""E2"",""E3""]",いつでも,1〜2,普通,北〜北東の強敵エリアにいます。1〜2匹で出ます。,0,"[""[\"1-2匹@北側\",\"マップの北の方に結構いる\"] \/ 1-2匹@北側"",""マップの北の方に結構いる""]

北～北東の強敵エリアに生息。1～2匹構成。
ver: 5.4","2026-03-14 06:51:55","2026-03-22 13:30:25"
142,297,45,34,"[""D2"",""D3"",""E2"",""E3""]",いつでも,1〜2,多い,北側では1〜2匹で出ます。少なめです。,0,"[""[\"1-2匹@北側\",\"マップの北の方D-2あたりにいる、少なめ\"] \/ 1-2匹@北側"",""マップの北の方D-2あたりにいる、少なめ""]

北～北東の強敵エリアのサボテンの近くに生息。D-2の池周辺に多い。
ver: 5.4","2026-03-14 06:51:55","2026-03-22 16:09:32"
144,388,45,34,"[""D2"",""D3"",""E2"",""E3""]",いつでも,1,少ない,ダーティラビッツのいる北〜北東の強敵エリアに2シンボルのみです。1匹ずつ出ます。,0,"[""[\"1匹@北側\",\"北の方に少しいるみたい、D-3に1匹いた\"] \/ 1匹@北側"",""北の方に少しいるみたい、D-3に1匹いた""]

ダーティラビッツのいる北～北東の強敵エリアに2シンボルのみ。1匹構成。
ver: 5.4","2026-03-14 06:51:55","2026-03-23 07:39:30"
153,147,43,38,"[""C1"",""C2"",""C3"",""C4"",""C5"",""C6"",""D1"",""D2"",""D3"",""D4"",""D5"",""D6"",""E1"",""E2"",""E3"",""E4"",""E5"",""E6"",""E7"",""E8"",""F1"",""F2"",""F3"",""F4"",""F5"",""F6"",""F7"",""F8""]",いつでも,1〜2,普通,海辺や強敵ゾーンを除いて広くいます。1〜2匹で出て、デスパロットも混ざります。B-2〜3やA-4の線路下では混成なしの1〜3匹だがすぐ絶滅します。,1,"[""入り江の集落から北側全体にいます""]

No.093(そうびぶくろ1話)クエ対象。 海辺や強敵ゾーンを除いて広く生息。1～2匹構成でデスパロットと互いに混成する。B-2～3やA-4の線路下では混成なしの1～3匹構成だがすぐ枯れる。
ver: 5.4","2026-03-14 06:52:02","2026-03-21 19:27:08"
154,153,43,38,"[""C5"",""D5""]",いつでも,1〜2,普通,1〜2匹で出て、マージスターも混ざります。,0,"[""入り江の集落近くの水辺(C-5・D-5)にいます""]

No.012(コックはいつも大忙し)クエ対象。 ギルザの入り江中央の細まった所にいる。1～2匹構成でマージスターと互いに混成する。
ver: 5.4","2026-03-14 06:52:02","2026-03-22 10:02:50"
155,155,43,38,"[""A6"",""B6""]",いつでも,1〜2,普通,トガス岩道南の砂浜にいます。マージスターが一緒に出ます。,0,"[""A-6あたりの浜辺にいる""]

トガス岩道南の砂浜に生息。ほぼプライベートビーチ。1～2匹構成でマージスターがつく。
ver: 5.4","2026-03-14 06:52:02","2026-03-22 10:04:20"
156,165,43,38,"[""A6"",""C5"",""D5""]",いつでも,1〜2,多い,ギルザの入り江や南西の海辺にいます。1〜2匹で出ます。タコメットやサマーウルフも一緒に出ます。,0,"[""入り江の集落近くの水辺(C-5・D-5)とA-6の浜辺にたくさんいる""]

No.069(武闘家3話)クエ対象。 ギルザの入り江や南西の海辺に生息。1～2匹構成。ギルザの入り江ではタコメットと互いに混成する。サマーウルフにもつく。
ver: 5.4","2026-03-14 06:52:02","2026-03-22 10:19:33"
157,181,43,38,"[""A1"",""A2"",""A3"",""A4"",""B1"",""B2"",""B3"",""B4"",""C1"",""C2"",""C3"",""C4"",""D1"",""D2"",""D3"",""D4"",""D5"",""D6"",""D7"",""D8"",""E1"",""E2"",""E3"",""E4"",""F1"",""F2"",""F3"",""F4"",""G1"",""G2"",""G3"",""G4"",""H1"",""H2"",""H3"",""H4""]",いつでも,1〜2,普通,おすすめです。海辺や強敵ゾーンを除いて広くいます。1〜2匹で出て、あらくれチャッピーも混ざります。入り江の集落から北側全体にいます。,1,"[""入り江の集落から北側全体にいます""]

おすすめ。海辺や強敵ゾーンを除いて広く生息。1～2匹構成であらくれチャッピーと互いに混成する。
ver: 5.4","2026-03-14 06:52:02","2026-03-22 10:58:45"
158,198,43,38,"[""A1"",""A2"",""A3"",""A4"",""B1"",""B2"",""B3"",""B4"",""C1"",""C2"",""C3"",""C4"",""D1"",""D2"",""D3"",""D4"",""E1"",""E2"",""E3"",""E4"",""F1"",""F2"",""F3"",""F4"",""G1"",""G2"",""G3"",""G4"",""H1"",""H2"",""H3"",""H4""]",いつでも,1〜3,少ない,海辺や強敵ゾーンを除く広域に点々といます。1〜3匹で出ます。入り江の集落から北側全体にいます。,0,"[""入り江の集落から北側全体にいます""]

海辺や強敵ゾーンを除く広域にまばら。1～3匹構成。
ver: 5.4","2026-03-14 06:52:02","2026-03-22 11:36:57"
159,238,43,38,"[""E5"",""D5"",""E6"",""E7"",""E8"",""F8"",""F7"",""F6"",""F5""]",いつでも,1〜2,多い,おすすめです。入り江の集落南東でよく見かけます。1〜2匹で出ます。,1,"[""入り江の集落から南の狩人のほら穴までいます""]

No.166(しぐさ:武器をかかげる)クエ対象。 おすすめ。入り江の集落南東に多数。1～2匹構成。
ver: 5.4","2026-03-14 06:52:02","2026-03-22 12:51:17"
160,368,43,38,"[""E5"",""E6"",""E7"",""F7"",""F8"",""F6"",""F5"",""E8""]",いつでも,1,少ない,入江の集落から南東では数が少なめです。1匹ずつ出ます。ゲリュオンと湧きを共有しているようです。,0,"[""[\"1匹\",\"入り江の集落から南の狩人のほら穴までに2匹くらいいる\"] \/ 1匹"",""入り江の集落から南の狩人のほら穴までに2匹くらいいる""]

入江の集落から南東に少数。1匹構成。ゲリュオンと湧きを共有しているようだ。
ver: 5.4","2026-03-14 06:52:02","2026-03-26 14:31:31"
161,423,43,38,"[""F1"",""F2"",""F3"",""G1"",""G2"",""G3"",""H1"",""H2"",""H3""]",いつでも,2,普通,北東部にいます。2匹で出ます。,0,"[""[\"2匹\",\"入り江の集落からマップ北東の宣誓の滝の方に向かうといます\"] \/ 2匹"",""入り江の集落からマップ北東の宣誓の滝の方に向かうといます""]

北東部に生息。少々遠いが他のモンスターはいない。2匹構成。
ver: 5.4","2026-03-14 06:52:02","2026-03-23 09:16:49"
162,521,43,38,"[""G3""]",いつでも,1,少ない,宣誓の滝南の低いところに4シンボルです。湧きは早めで、1匹ずつ出ます。,0,"[""G-3の一段低くなったところに固まっています"",""[\"1匹\",\"G-3の一段低くなったところに固まっています\"] \/ 1匹""]

宣誓の滝南に4シンボル。まばらだが湧きは早め。1匹構成。
ver: 5.4","2026-03-14 06:52:02","2026-03-23 13:48:37"
163,188,44,39,"[""G3"",""F3"",""H3"",""G4"",""H4""]",いつでも,1〜3,普通,通路部分の水溜りの上にいますが、シンボルは全体で3つほどです。すぐいなくなるので、おすすめできない。,0,"[""1-3匹@全域"",""全体的に水たまりにいる、地中モンスターです""] / 1-3匹@全域

通路部分の水溜りの上にいるが、シンボルは全体で3つほど。1～2匹構成でボーンプリズナーと互いに混成する。
ver: 5.4","2026-03-14 06:52:04","2026-03-22 11:04:15"
164,191,44,39,"[""D8"",""C8"",""C7"",""D7"",""D6"",""C6"",""C5"",""D5"",""C4"",""D4"",""E7"",""F7"",""F6"",""E6"",""E5"",""F5"",""F4"",""E4""]",いつでも,1,少ない,アジトに入ってから2・3部屋目に複数シンボルです。1匹でボーンプリズナーが2匹まで一緒に出ます。,0,"[""1匹+供@北西"",""全体的にいる、ボーンプリズナーより少なめ""] / 1匹+供@北西

アジトに入ってから2・3部屋目に複数シンボル。1匹構成でボーンプリズナーが2匹までつく。
ver: 6.0","2026-03-14 06:52:04","2026-03-22 11:08:28"
165,205,44,39,"[""A1"",""A2"",""A3"",""A4"",""A5"",""A6"",""A7"",""A8"",""B1"",""B2"",""B3"",""B4"",""B5"",""B6"",""B7"",""B8"",""C1"",""C2"",""C3"",""C4"",""C5"",""C6"",""C7"",""C8"",""D1"",""D2"",""D3"",""D4"",""D5"",""D6"",""D7"",""D8"",""E1"",""E2"",""E3"",""E4"",""E5"",""E6"",""E7"",""E8"",""F1"",""F2"",""F3"",""F4"",""F5"",""F6"",""F7"",""F8"",""G1"",""G2"",""G3"",""G4"",""G5"",""G6"",""G7"",""G8"",""H1"",""H2"",""H3"",""H4"",""H5"",""H6"",""H7"",""H8""]",いつでも,1〜3,多い,おすすめです。全域にいます。1〜3匹で出て、ドロヌーバやバイキングソウルが2匹まで一緒に出ます。枯れるので移動しながらです。,1,"[""混1-3匹@全域"",""全体的にどこにでもいる""] / 混1-3匹@全域

おすすめ。全域に生息。1～3匹でドロヌーバと互いに混成する。バイキングソウルにも2匹までつく。枯れるので移動しながら。
ver: 5.4","2026-03-14 06:52:04","2026-03-22 11:48:34"
166,1,72,41,"[""C3"",""D3"",""C4"",""D4""]",いつでも,1,普通,村あたり〜知恵の社にいます。1匹ずつ出ます。,0,"[""[\"1匹@村周辺＆北側の沿道\",\"ツスクルの村を出るとすぐにいます\"] \/ 1匹@村周辺＆北側の沿道"",""ツスクルの村を出るとすぐにいます""]

村周辺～知恵の社に生息。1匹構成。
ver: 5.4","2026-03-14 06:52:09","2026-04-02 08:31:22"
167,5,72,41,"[""D2"",""D3"",""E2"",""E3""]",いつでも,1,普通,村あたり〜知恵の社にいます。ただ間隔は広めです。村あたり＆北側の沿道では1匹で出ます。,0,"[""[\"1匹@村周辺＆北側の沿道\",\"ツスクルの村を出るとすぐにいます\"] \/ 1匹@村周辺＆北側の沿道"",""ツスクルの村を出るとすぐにいます""]

村周辺～知恵の社に生息。ただ間隔は広め。
ver: 5.4","2026-03-14 06:52:09","2026-04-02 08:26:14"
169,15,72,41,"[""B6"",""B7"",""C6"",""C7"",""D7"",""D6"",""H6"",""H7"",""G7"",""H5""]",いつでも,1,普通,村から離れたところに広い範囲でいます。1匹ずつ出ます。,0,"[""[\"1匹@南西の沿道＆東エリア\",\"ツスクルの村から東側で広範囲で出現する、あとC-5～7あたりにもいる\"] \/ 1匹@南西の沿道＆東エリア"",""ツスクルの村から東側で広範囲で出現する、あとC-5～7あたりにもいる""]

村から離れたところに広く生息。1匹構成。
ver: 5.4","2026-03-14 06:52:09","2026-03-21 12:10:13"
170,18,72,41,"[""B4"",""C6"",""C7""]",いつでも,1,普通,B-4、C-6の畑に埋まってます。1匹ずつ出ます。,0,"[""C-7の畑とB-4の畑の所に固まっています"",""[\"1匹@畑\",\"C-7の畑とB-4の畑の所に固まっています\"] \/ 1匹@畑""]

B-4、C-6の畑に植わってる。1匹構成。
ver: 5.4","2026-03-14 06:52:09","2026-03-21 12:35:26"
171,22,72,41,"[""G4"",""G5"",""H4"",""H5"",""G6"",""H6""]",いつでも,1,少ない,東部の木のまわりにいます。1匹ずつ出ます。草に隠れるのが困った。,1,"[""[\"1匹@東の木周辺\",\"マップの東のGHの列で広範囲に出現します\"] \/ 1匹@東の木周辺"",""マップの東のGHの列で広範囲に出現します""]

東部の木のまわりに生息。1匹構成。まばらな上に草に隠れる。
ver: 5.4","2026-03-14 06:52:09","2026-03-21 12:53:11"
172,32,72,41,"[""B6""]",いつでも,1,多い,B-6辺りにそこそこです。1匹ずつ出ます。,1,"[""[\"1匹@B6\",\"南西のB-6に固まってたくさんいます\"] \/ 1匹@B6"",""南西のB-6に固まってたくさんいます""]

B-6辺りにそこそこ。1匹構成。
ver: 5.4","2026-03-14 06:52:09","2026-03-21 13:09:19"
173,36,72,41,"[""B6""]",いつでも,1,多い,B-6辺りに1匹で出ます。比的まとまっていますしてるので狩りやすい。,0,"[""[\"1匹@B6\",\"南西のB-6に固まってたくさんいます\"] \/ 1匹@B6"",""南西のB-6に固まってたくさんいます""]

B-6辺りに1匹構成。比的密集してるので狩りやすい。
ver: 5.4","2026-03-14 06:52:09","2026-03-21 13:12:10"
175,717,72,41,"[""D2"",""D3"",""E2"",""E3""]",いつでも,1,普通,村あたり〜知恵の社にいます。ただ間隔は広めです。村あたり＆北側の沿道では1匹で出ます。,0,"[""[\"1匹@村周辺＆北側の沿道\",\"ツスクルの村を出るとすぐにいます\"] \/ 1匹@村周辺＆北側の沿道"",""ツスクルの村を出るとすぐにいます""]

村周辺～知恵の社に生息。ただ間隔は広め。
ver: 5.4","2026-03-14 06:52:09","2026-04-02 08:26:14"
176,22,73,42,"[""A1"",""A2"",""A3"",""A4"",""A5"",""A6"",""A7"",""A8"",""B1"",""B2"",""B3"",""B4"",""B5"",""B6"",""B7"",""B8"",""C1"",""C2"",""C3"",""C4"",""C5"",""C6"",""C7"",""C8"",""D1"",""D2"",""D3"",""D4"",""D5"",""D6"",""D7"",""D8"",""E1"",""E2"",""E3"",""E4"",""E5"",""E6"",""E7"",""E8"",""F1"",""F2"",""F3"",""F4"",""F5"",""F6"",""F7"",""F8"",""G1"",""G2"",""G3"",""G4"",""G5"",""G6"",""G7"",""G8"",""H1"",""H2"",""H3"",""H4"",""H5"",""H6"",""H7"",""H8""]",いつでも,1,多い,北部にいっぱいです。1匹ずつ出ます。北のエリアに広範囲でずっといます。,0,"[""マップ北のエリアに広範囲でずっといます""]

北部にいっぱい。1匹構成。
ver: 5.4","2026-03-14 06:52:12","2026-03-21 12:53:11"
177,26,73,42,"[""B2"",""B3"",""C2"",""C3"",""D2"",""D3"",""E2"",""E3"",""F2"",""F3"",""G2"",""G3""]",いつでも,1,,地域・夜限定モンスター。。夜だけ世界樹で1匹で出ます。夜のみ北側のエリアで出現します。,1,"[""[\"夜･1匹@世界樹\",\"夜のみ北側のエリアで出現します\"] \/ 夜･1匹@世界樹"",""夜のみ北側のエリアで出現します""]

地域・夜限定モンスター。 入り口から世界樹の丘までの三叉路2か所、曲がり角2か所に湧く。 転生実装で湧きスピードがかなり速く調整されたらしく、3シンボルいる場所なら際限なく戦える。
ver: 6.0","2026-03-14 06:52:12","2026-03-21 13:00:27"
178,31,73,42,"[""D3""]",いつでも,1,普通,世界樹の丘周辺にいます。1匹ずつ出ます。,0,"[""北エリアのD-3あたりに出現します""]

世界樹の丘周辺にいる。1匹構成。
ver: 5.4","2026-03-14 06:52:12","2026-03-21 13:07:50"
179,32,73,42,"[""C2"",""B2""]",いつでも,1,少ない,北西にいます。1匹ずつ出ます。ちらほらといます。,0,"[""北エリアBC-2・3あたりにいます""]

北西に生息。1匹構成。少々まばら。
ver: 5.4","2026-03-14 06:52:12","2026-03-21 13:09:19"
180,42,73,42,"[""E3"",""D3"",""D4"",""E4""]",夜,1,普通,夜だけ出ます。世界樹の丘あたりの広場にいます。1匹ずつ出ます。,0,"[""[\"夜･1匹@世界樹\",\"夜のみ北エリアのD-3あたりに出現します\"] \/ 夜･1匹@世界樹"",""夜のみ北エリアのD-3あたりに出現します""]

夜限定。世界樹の丘周辺の広場に生息。1匹構成。
ver: 5.4","2026-03-14 06:52:12","2026-03-21 13:19:11"
181,220,73,42,"[""C5"",""C6"",""D5"",""D6"",""E5"",""E6"",""F5"",""F6"",""G5"",""G6"",""H5"",""H6""]",いつでも,1〜3,少ない,南部にいます。1〜3匹で出て、オークキングも混ざります。,0,"[""マップの南側のエリアに広範囲で出現します""]

南部に生息。1～3匹でオークキングと互いに混成する。シンボルは少ないがかっちゅうアリに2匹までつく。D-6辺りを走り回っているものは1匹構成。
ver: 5.4","2026-03-14 06:52:12","2026-03-23 19:30:45"
182,259,73,42,"[""C5"",""C6"",""D5"",""D6"",""E5"",""E6"",""F5"",""F6"",""G5"",""G6"",""H5"",""H6""]",いつでも,1〜3,多い,南部に大量にいます。1〜3匹でアカイライも2匹まで一緒に出ます。,0,"[""[\"1-3匹\",\"マップの南側のエリアに広範囲でたくさん出現します\"] \/ 1-3匹"",""マップの南側のエリアに広範囲でたくさん出現します""]

南部に大量にいる。1～3匹でアカイライも2匹までつく。
ver: 5.4","2026-03-14 06:52:12","2026-03-22 13:32:00"
183,283,73,42,"[""C5"",""C6"",""D5"",""D6"",""E5"",""E6"",""F5"",""F6"",""G5"",""G6"",""H5"",""H6""]",いつでも,1〜2,少ない,南部に1匹で出て、アカイライも混ざります。,0,"[""[\"1-2匹\",\"マップの南側のエリアに広範囲で出現、数は少なめ\"] \/ 1-2匹"",""マップの南側のエリアに広範囲で出現、数は少なめ""]

南部に1匹構成でアカイライと互いに混成する。数は少なめ。
ver: 5.4","2026-03-14 06:52:12","2026-03-22 15:15:01"
184,340,73,42,"[""H5""]",いつでも,1,1,H-5付近に1シンボルのみです。湧きも遅いです。,0,"[""H-5に1匹だけいます"",""[\"1匹\",\"H-5に1匹だけいます\"] \/ 1匹""]

H-5付近に1シンボルのみ。湧きも遅い。
ver: 5.4","2026-03-14 06:52:12","2026-03-26 14:31:06"
185,722,73,42,"[""D3""]",いつでも,1,普通,世界樹の丘周辺にいます。1匹ずつ出ます。,0,"[""北エリアのD-3あたりに出現します""]

世界樹の丘周辺にいる。1匹構成。
ver: 5.4","2026-03-14 06:52:12","2026-03-21 13:07:50"
186,2,76,44,"[""C6""]",いつでも,1,多い,町の前でよく見かけます。C-6では1匹で出ます。風の町アズランあたりに固まっています。,0,"[""[\"1匹@C6\",\"風の町アズラン周辺に固まっている\"] \/ 1匹@C6"",""風の町アズラン周辺に固まっている""]

町の前に多数。1匹構成。
ver: 5.4","2026-03-14 06:52:17","2026-04-02 08:32:14"
187,23,76,44,"[""D2""]",いつでも,1,多い,D-2〜3に大量です。1匹ずつ出ます。,0,"[""D-2・3あたりにいる"",""[\"1匹@D2-3\",\"D-2・3あたりにいる\"] \/ 1匹@D2-3""]

D-2～3に大量。1匹構成。
ver: 5.4","2026-03-14 06:52:17","2026-06-27 00:04:03"
188,50,76,44,"[""E3"",""E4"",""D4"",""D5"",""C6"",""D6"",""C1"",""C2"",""B2"",""D2"",""D1"",""D3""]",いつでも,1,多い,東部の川沿いを除く全域にいます。1匹ずつ出ます。,0,"[""[\"1匹@全域\",\"木かげの集落から風の町アズランまでずっといる、風泣き岬の方もいる\"] \/ 1匹@全域"",""木かげの集落から風の町アズランまでずっといる、風泣き岬の方もいる""]

東部の川沿いを除く全域に生息。1匹構成。
ver: 5.4","2026-03-14 06:52:17","2026-03-21 13:32:30"
189,56,76,44,"[""C4"",""C3"",""B3"",""B2"",""C2"",""B4""]",いつでも,1〜2,多い,地域限定。マップ西部の森部分にいます。1〜2匹で出て、どくやずきんも混ざります。,1,"[""[\"混1-2匹@西側\",\"風の町アズランから風泣き岬までマップの西側でたくさん出現します\"] \/ 混1-2匹@西側"",""風の町アズランから風泣き岬までマップの西側でたくさん出現します""]

地域限定・No.019(アズラン便せん)クエ対象。 マップ西部の森部分に生息。1～2匹構成でどくやずきんが混成する。
ver: 5.4","2026-03-14 06:52:17","2026-03-21 13:37:10"
190,58,76,44,"[""E2"",""E3"",""D5"",""D6"",""C5"",""C6"",""D4"",""E4"",""D3"",""D2"",""C4"",""C3"",""C2""]",いつでも,1〜2,多い,木かげの集落あたりと東の川沿いを除く全域にいます。1〜2匹で出ます。どんぐりベビーやふゆうじゅが一緒に出ます。,1,"[""[\"混1-2匹@全域\",\"木かげの集落から風の町アズランまでずっといる、風泣き岬の方もいる\"] \/ 混1-2匹@全域"",""木かげの集落から風の町アズランまでずっといる、風泣き岬の方もいる""]

木かげの集落周辺と東の川沿いを除く全域に生息。1～2匹構成でどんぐりベビーがつく。ふゆうじゅのお供にもなる。
ver: 5.4","2026-03-14 06:52:17","2026-03-21 13:39:44"
192,71,76,44,"[""B4"",""C2"",""C4"",""B2""]",いつでも,1,普通,地域限定。1匹ずつ出ます。,1,"[""BC-2とC-4あたりにいます"",""[\"1匹@西側\",\"BC-2とC-4あたりにいます\"] \/ 1匹@西側""]

地域限定・No.006（想いを花に込めて） No487（交わらぬ水魚）クエ対象。 西側の森部分に生息。天地雷鳴士のクエストの影響でD-2にシンボルが増量。B-2 、C-2、C-4では本物の狛犬のように2匹並んでいる。1匹構成。
ver: 5.4","2026-03-14 06:52:17","2026-03-21 13:59:19"
193,233,76,44,"[""F4"",""F5"",""G4"",""G5""]",いつでも,1〜2,多い,東部の川沿いにいます。1〜2匹で出てオークキングも一緒に出ます。,0,"[""[\"1-2匹@東側\",\"東の川沿いの強敵エリアでたくさん出現します\"] \/ 1-2匹@東側"",""東の川沿いの強敵エリアでたくさん出現します""]

No.170(美容院まっちゃ色追加)クエ対象 東部の川沿いに生息。1～2匹構成。オークキングにもつく。
ver: 5.4","2026-03-14 06:52:17","2026-03-22 12:42:43"
194,283,76,44,"[""F4"",""F5"",""G4"",""G5""]",いつでも,1〜2,多い,東部の川沿いにいます。1〜2匹で出ます。サンダーフロッグが一緒に出ます。,0,"[""[\"1-2匹@東側\",\"東の川沿いの強敵エリアでたくさん出現します\"] \/ 1-2匹@東側"",""東の川沿いの強敵エリアでたくさん出現します""]

東部の川沿いに生息。1～2匹でサンダーフロッグがつく。
ver: 5.4","2026-03-14 06:52:17","2026-03-22 15:15:01"
195,368,76,44,"[""F4"",""F5"",""F6"",""G4"",""G5""]",いつでも,1,1,東部の川沿いに1シンボルのみです。湧きも遅いです。,0,"[""F-6に1匹いる"",""[\"1匹@東側\",\"F-6に1匹いる\"] \/ 1匹@東側""]

東部の川沿いに1シンボルのみ。湧きも遅い。
ver: 5.4","2026-03-14 06:52:17","2026-03-26 14:31:31"
196,40,75,45,"[""C3"",""C4"",""C5"",""C6"",""D3"",""D4"",""D5"",""D6"",""E3"",""E4"",""E5"",""E6"",""F3"",""F4"",""F5"",""F6""]",いつでも,1,多い,道沿いにたくさんいます。1匹ずつ出ます。,0,"[""[\"1匹@中央の沿道\",\"マップの中央の広範囲でたくさん出現します\"] \/ 1匹@中央の沿道"",""マップの中央の広範囲でたくさん出現します""]

街道沿いに多数生息。1匹構成。
ver: 5.4","2026-03-14 06:52:20","2026-03-21 13:17:06"
197,48,75,45,"[""E4"",""E5""]",いつでも,1〜2,多い,道沿いにいます。1〜2匹で出ます。E-5の高台が多めで他はほとんどいないです。,0,"[""[\"1-2匹@中央の沿道\",\"マップの中央の広範囲で出現します\"] \/ 1-2匹@中央の沿道"",""マップの中央の広範囲で出現します""]

街道沿いに生息。1～2匹構成。E-5の高台が多めで他はほとんどいない。
ver: 5.4","2026-03-14 06:52:20","2026-03-21 13:28:40"
198,50,75,45,"[""C3"",""D3"",""E4"",""F4"",""F5""]",いつでも,1,少ない,道沿いにいます。1匹でシンボルも少なめです。,0,"[""[\"1匹@中央の沿道\",\"マップの中央の広範囲で出現します、数は少なめ\"] \/ 1匹@中央の沿道"",""マップの中央の広範囲で出現します、数は少なめ""]

街道沿いに生息。1匹構成でシンボルも少ない。
ver: 5.4","2026-03-14 06:52:20","2026-03-21 13:32:30"
199,53,75,45,"[""C3"",""D3""]",いつでも,1,多い,アズラン地方入口に結構な数です。1匹ずつ出ます。,0,"[""[\"1匹@C3\",\"木かげの集落から入った所のC-3に固まっている\"] \/ 1匹@C3"",""木かげの集落から入った所のC-3に固まっている""]

アズラン地方入口に結構な数。1匹構成。
ver: 5.4","2026-03-14 06:52:20","2026-03-21 13:35:54"
200,116,75,45,"[""F7"",""E7"",""E8"",""F8""]",いつでも,1〜2,普通,南の怪鳥の森に1〜2匹で出ます。アロエおに、リザードマン、ビッグフェイスと一緒に出ることもあります。,0,"[""[\"1-2匹@怪鳥の森\",\"マップ南のEF-7で出現します\"] \/ 1-2匹@怪鳥の森"",""マップ南のEF-7で出現します""]

南の怪鳥の森に1～2匹構成。アロエおに、リザードマン、ビッグフェイスのお供にもなる。
ver: 5.4","2026-03-14 06:52:20","2026-03-21 17:49:39"
201,134,75,45,"[""F7"",""E7""]",いつでも,1〜2,多い,南の怪鳥の森にいます。1〜2匹で出て、ベビーニュートも混ざります。,1,"[""[\"1-2匹@怪鳥の森\",\"マップ南のEF-7にたくさんいます\"] \/ 1-2匹@怪鳥の森"",""マップ南のEF-7にたくさんいます""]

南の怪鳥の森に生息。1～2匹構成でベビーニュートが混成する。ルーラポイントも近くおすすめ。
ver: 5.4","2026-03-14 06:52:20","2026-03-21 18:53:53"
202,135,75,45,"[""D2"",""D3"",""E2"",""E3"",""C3"",""C4"",""D4"",""E4"",""F4"",""D1"",""E1""]",いつでも,1〜3,多い,北部エリアに点々といます。１〜3匹で出ます。ベビーニュートが一緒に出ます。,0,"[""[\"混1-3匹@北側\",\"北部のDE-2あたりにたくさんいます\"] \/ 混1-3匹@北側"",""北部のDE-2あたりにたくさんいます""]

北部エリアにまばら。１～3匹でベビーニュートがつく。
ver: 5.4","2026-03-14 06:52:20","2026-03-21 18:55:07"
203,139,75,45,"[""E7"",""F7""]",いつでも,1〜2,普通,1匹でベビーニュートが混じります。,1,"[""[\"混1-2匹@怪鳥の森\",\"いちばん南の怪鳥の巣周辺で出現します\"] \/ 混1-2匹@怪鳥の森"",""いちばん南の怪鳥の巣周辺で出現します""]

南の怪鳥の森に生息。1匹構成でベビーニュートが混じる。怪鳥の巣付近では2匹までつく。ルーラポイントも近くおすすめ。
ver: 5.4","2026-03-14 06:52:20","2026-03-21 19:03:53"
204,340,75,45,"[""D3"",""D4""]",いつでも,1,1,道沿いに1シンボルのみです。,0,"[""D-3あたりで1匹だけいる"",""[\"1匹@D4\",\"D-3あたりで1匹だけいる\"] \/ 1匹@D4""]

街道沿いに1シンボルのみ。非アクティブでこちらが格下でも襲ってこない。
ver: 5.4","2026-03-14 06:52:20","2026-03-26 14:31:06"
205,725,75,45,"[""C3"",""C4"",""C5"",""C6"",""D3"",""D4"",""D5"",""D6"",""E3"",""E4"",""E5"",""E6"",""F3"",""F4"",""F5"",""F6""]",いつでも,1,多い,道沿いにたくさんいます。1匹ずつ出ます。,0,"[""[\"1匹@中央の沿道\",\"マップの中央の広範囲でたくさん出現します\"] \/ 1匹@中央の沿道"",""マップの中央の広範囲でたくさん出現します""]

街道沿いに多数生息。1匹構成。
ver: 5.4","2026-03-14 06:52:20","2026-03-21 13:17:06"
206,730,75,45,"[""E4"",""E5""]",いつでも,1〜2,多い,道沿いにいます。1〜2匹で出ます。E-5の高台が多めで他はほとんどいないです。,0,"[""[\"1-2匹@中央の沿道\",\"マップの中央の広範囲で出現します\"] \/ 1-2匹@中央の沿道"",""マップの中央の広範囲で出現します""]

街道沿いに生息。1～2匹構成。E-5の高台が多めで他はほとんどいない。
ver: 5.4","2026-03-14 06:52:20","2026-03-21 13:28:40"
207,74,79,46,"[""B7""]",いつでも,1,多い,レンジャー協会北から洞窟を抜けた先でよく見かけます。1匹ずつ出ます。,1,"[""B-7にたくさんいます""]

No.105(レンジャー1話)クエ対象。 レンジャー協会北から洞窟を抜けた先に多数。1匹構成。
ver: 5.4","2026-03-14 06:52:23","2026-03-21 14:12:32"
208,105,79,46,"[""C7"",""B7""]",いつでも,1,多い,1匹ずつ出ます。,0,"[""南のBC-7に出現します""]

南西B～C-7の所々に群れ。1匹構成。
ver: 5.4","2026-03-14 06:52:23","2026-03-21 17:37:09"
209,107,79,46,"[""C7"",""B7""]",いつでも,1,多い,1匹ずつ出てマジックフライが一緒に出ます。,0,"[""南のBC-7に出現します""]

南西B-7～Cｰ8に多数。1匹構成でマジックフライががつく。
ver: 5.4","2026-03-14 06:52:23","2026-03-21 17:39:17"
210,121,79,46,"[""C7"",""B7""]",いつでも,1〜2,少ない,南西B-7〜C-8にいます。1〜2匹で出て、オークも混ざります。オークやバアラックも一緒に出ます。,0,"[""南のBC-7に出現します""]

南西B-7～C-8に生息。1～2匹構成でオークが混成する。シンボルは少ないがオークやバアラックにもつく。
ver: 5.4","2026-03-14 06:52:23","2026-03-21 18:36:43"
211,127,79,46,"[""B5"",""C5"",""C4"",""B4""]",昼,1〜3,普通,昼だけ出ます。西部のモリナラ広場〜緑の聖域あたり一帯にいます。1〜3匹で出て、リザードマンが一緒に出ます。,0,"昼限定。西部のモリナラ広場～緑の聖域あたり一帯にいる。1～3匹構成でリザードマンがつく。
ver: 5.4","2026-03-14 06:52:23","2026-03-21 18:44:35"
212,138,79,46,"[""B5"",""C5""]",いつでも,1,ちらほら,B-5〜C-5の所々に群れです。1匹ずつ出ます。点々といる上に遠すぎるのが難点。,0,"[""BC-5・6で出現します"",""[\"1匹@B5付近\",\"BC-5・6で出現します\"] \/ 1匹@B5付近""]

B-5～C-5の所々に群れ。1匹構成。まばらな上に遠すぎる。
ver: 5.4","2026-03-14 06:52:23","2026-03-21 19:01:31"
213,139,79,46,"[""C5"",""B5"",""B4"",""C4"",""C6"",""B6""]",いつでも,1〜2,ちらほら,西部のB-4〜C-6にいます。遠いうえ点々といます。1〜2匹で出て、メイジキメラも混ざります。,0,"[""BC-5・6で出現します""]

西部のB-4～C-6に生息。遠いうえまばら。1～2匹構成でメイジキメラと互いに混成する。
ver: 5.4","2026-03-14 06:52:23","2026-03-21 19:03:53"
214,140,79,46,"[""B4"",""B5"",""C5"",""C4"",""B6"",""C6""]",夜,1〜2,普通,夜だけ出ます。西部のモリナラ広場〜緑の聖域あたり一帯にいます。1〜2匹で出ます。,0,"夜限定。西部のモリナラ広場～緑の聖域あたり一帯にいる。1～2匹構成。
ver: 5.4","2026-03-14 06:52:23","2026-03-21 19:06:34"
215,143,79,46,"[""C7"",""B7"",""C8"",""B8""]",いつでも,1,少ない,南西B-7〜C-8では数が少なめです。1匹で出て、マジックフライも混ざります。,0,"[""南のBC-7に出現します""]

南西B-7～C-8に少数。1匹構成でマジックフライと互いに混成する。
ver: 5.4","2026-03-14 06:52:23","2026-03-21 19:11:16"
216,144,79,46,"[""G4"",""G3"",""F4"",""F5"",""F6"",""G6"",""H6"",""H5"",""G5"",""F3""]",いつでも,1〜3,多い,東部に1〜3匹で出ます。げんじかぶとも混ざります。G-3の洞窟の先に埋まっているものは混成しないです。,1,"[""東のFG-4～6にたくさん出てきます""]

東部に1～3匹構成。げんじかぶとと互いに混成する。G-3の洞窟の先に埋まっているものは混成しない。
ver: 5.4","2026-03-14 06:52:23","2026-03-21 19:23:05"
217,162,79,46,"[""F3"",""F2"",""E2"",""E3""]",いつでも,1〜2,普通,北部に1〜2匹で出ます。北エリアのF-3のトンネルの先の広範囲で出現します。,0,"[""北エリア(F-3のトンネルの先)の広範囲で出現します""]

No.089(ガタラ外伝3話)クエ対象。 北部に1～2匹構成。
ver: 5.4","2026-03-14 06:52:23","2026-03-22 10:16:19"
218,174,79,46,"[""D5"",""F3""]",いつでも,1,少ない,神話の遺跡周辺に4シンボル、北部にも少なめです。1匹ずつ出ます。,1,"[""北エリア(F-3のトンネルの先)の広範囲で出現、数は少ない、D-5にもいる""]

神話の遺跡周辺に4シンボル、北部にも少数。1匹構成。 湧き範囲は狭いが、木が邪魔なのが難点。遺跡にルーラ地点ができたのでアクセスは良くなった。
ver: 7.3","2026-03-14 06:52:23","2026-03-22 10:47:12"
219,186,79,46,"[""F3"",""E3"",""E2"",""F2""]",いつでも,1〜2,普通,地域限定。北部にいます。1〜2匹で出て、げんじかぶとも混ざります。,1,"[""北エリア(F-3のトンネルの先)の広範囲で出現します""]

地域限定モンスター。北部にいる。1～2匹構成でげんじかぶとが混成する。
ver: 5.4","2026-03-14 06:52:23","2026-03-22 11:02:44"
220,208,79,46,"[""F2"",""G4"",""F3"",""F4"",""G3"",""G2""]",いつでも,1〜2,少ない,東部とF-2の洞窟の先で数が少なめです。東部では1匹で出て、たまねぎマンも混ざります。F-2では1〜2匹で出ます。北部はエビルチクリンも一緒に出ます。,0,"[""東のFG-4～6に少しいて、F-2のトンネルの先の狭い所にも少しいる""]

東部とF-2の洞窟の先に少数。東部では1匹構成でたまねぎマンと互いに混成する。F-2では1～2匹構成。北部のエビルチクリンにもつく。
ver: 5.4","2026-03-14 06:52:23","2026-03-22 11:52:04"
221,219,79,46,"[""C5"",""D5"",""E5"",""G5""]",いつでも,1,多い,マップ各地の石畳の上に座っているる。神話の遺跡前には2シンボルです。1匹で湧きも遅めです。,0,"[""D-5の神話の遺跡の前に1匹いる、あとはC-5、E-5、G-5にそれぞれ1匹ずつ""]

マップ各地の石畳の上に座っていることが多い。神話の遺跡前には2シンボル。1匹構成で湧きも遅め。
ver: 5.4","2026-03-14 06:52:23","2026-03-22 12:16:18"
222,371,79,46,"[""C1""]",いつでも,1,少ない,C-1に1シンボルのみ、湧きに4分ほどかかるです。,0,"[""C-1に1匹います"",""[\"1匹\",\"C-1に1匹います\"] \/ 1匹""]

C-1に1シンボルのみ、リポップに4分ほどかかる。今となっては論外。
ver: 5.4","2026-03-14 06:52:23","2026-03-23 06:55:38"
223,440,79,46,"[""B1""]",いつでも,1,1,A-1に1シンボルだけいます。湧きは約3分です。,0,"[""B-1に1匹います"",""[\"1匹\",\"B-1に1匹います\"] \/ 1匹""]

A-1に1シンボルだけいる。再沸きは約3分。
ver: 5.4","2026-03-14 06:52:23","2026-03-23 10:01:50"
224,474,79,46,"[""A4""]",いつでも,1,1,A4に1シンボルのみです。湧きは約3分です。,0,"[""A-4に1匹います"",""[\"1匹\",\"A-4に1匹います\"] \/ 1匹""]

A-4に1シンボルのみ。再沸きは約3分。
ver: 5.4","2026-03-14 06:52:23","2026-03-26 14:09:55"
225,58,77,47,"[""C4"",""C5"",""C6"",""D6"",""E6"",""F6"",""F5"",""G5"",""G6""]",いつでも,1〜2,多い,道沿いに大量です。1〜2匹で出ます。たけやりへい、くみひもこぞう、サイおとこも一緒に出ます。,0,"[""[\"混1-2匹@沿道\",\"アズラン地方からスイゼン湿原の方までずっといます、A-3・4あたりはいない\"] \/ 混1-2匹@沿道"",""アズラン地方からスイゼン湿原の方までずっといます、A-3・4あたりはいない""]

街道沿いに大量。1～2匹構成。たけやりへいと互いに混成し、くみひもこぞう、サイおとこにもつく。
ver: 5.4","2026-03-14 06:52:26","2026-03-21 13:39:44"
226,65,77,47,"[""B2"",""B4"",""B3"",""C5"",""C6"",""D6"",""E6"",""F6"",""G6""]",いつでも,1〜2,普通,道沿いにいます。1〜2匹で出て、、どくやずきんも混ざります。,1,"[""[\"混1-2匹@沿道\",\"アズラン地方からスイゼン湿原の方までずっといます、A-3・4あたりはいない\"] \/ 混1-2匹@沿道"",""アズラン地方からスイゼン湿原の方までずっといます、A-3・4あたりはいない""]

街道沿いに生息。1～2匹構成で、どくやずきんと互いに混成する。
ver: 5.4","2026-03-14 06:52:26","2026-03-21 13:52:12"
227,68,77,47,"[""C6"",""D5"",""D6"",""C5""]",いつでも,1〜2,多い,地域限定。山間の関所あたりにいます。1〜2匹で出て、どくやずきんも混ざります。,1,"[""[\"混1-2匹@C6付近\",\"山間の関所周辺のCD-5・6でたくさん出現します\"] \/ 混1-2匹@C6付近"",""山間の関所周辺のCD-5・6でたくさん出現します""]

地域限定モンスター。山間の関所周辺に生息。1～2匹構成でどくやずきんが混成する。
ver: 5.4","2026-03-14 06:52:26","2026-03-21 13:54:21"
228,86,77,47,"[""A3"",""A4""]",いつでも,1〜2,少ない,A-3〜4に点々といます。1〜2匹で出て、アローインプも混ざります。,0,"[""[\"混1-2匹@A3付近\",\"西のA-3・4あたりに固まっています\"] \/ 混1-2匹@A3付近"",""西のA-3・4あたりに固まっています""]

A-3～4にまばら。1～2匹構成でアローインプと互いに混成する。
ver: 5.4","2026-03-14 06:52:26","2026-03-21 15:13:53"
229,96,77,47,"[""A3""]",いつでも,1〜3,多い,A-3の木のまわりにまとまっていますしています。1〜3匹でキメラが2匹まで一緒に出ます。湧きも早いです。,1,"[""[\"混1-3匹@A3付近\",\"西のA-3・4あたりに固まっています\"] \/ 混1-3匹@A3付近"",""西のA-3・4あたりに固まっています""]

A-3の木のまわりに密集している。1～3匹でキメラが2匹までつく。湧きも早い。
ver: 5.4","2026-03-14 06:52:26","2026-03-21 15:59:03"
230,98,77,47,"[""C3"",""C4"",""C5"",""D5"",""B2"",""B3"",""E6"",""F6"",""F5"",""D6"",""C6""]",いつでも,1,ちらほら,道沿いに点々といます。橋の上にも湧きます。1匹ずつ出てどくやずきんが一緒に出ます。,0,"[""[\"1匹@橋\",\"アズラン地方からスイゼン湿原までポツポツといる、途中の橋の上に必ず1匹ずついる\"] \/ 1匹@橋"",""アズラン地方からスイゼン湿原までポツポツといる、途中の橋の上に必ず1匹ずついる""]

街道沿いにまばら。橋の上にも定点湧きする。1匹構成でどくやずきんがつく。
ver: 5.4","2026-03-14 06:52:26","2026-03-21 16:11:44"
231,268,77,47,"[""E7"",""F6"",""F7"",""G6"",""G7"",""H7"",""F8"",""E8"",""G8""]",いつでも,1〜3,多い,おすすめです。南東E-7〜H-7に1〜3匹で出ます。ボストロールに一緒に出ることもあります。,1,"[""[\"1-3匹@南東\",\"南東エリアE-7～H-7にたくさん出現します\"] \/ 1-3匹@南東"",""南東エリアE-7～H-7にたくさん出現します""]

おすすめ。南東E-7～H-7にに1～3匹構成。ルーラポイントから近く、他のモンスターもほとんどいない。ボストロールにくっつくことも。
ver: 5.4","2026-03-14 06:52:26","2026-03-22 14:39:36"
232,437,77,47,"[""F6"",""F7"",""G6"",""G7""]",いつでも,1,2,南東エリアに2シンボルのみです。広いし湧きも遅めです。ダークペルシャが2匹までついてくることがあります。,0,"[""G-8に1匹いた"",""[\"1匹@南東\",\"G-8に1匹いた\"] \/ 1匹@南東""]

南東エリアに2シンボルのみ。広いし湧きも遅め。ダークペルシャが2匹までくっついてくる。
ver: 5.4","2026-03-14 06:52:26","2026-03-23 09:53:39"
233,59,78,48,"[""E5"",""D5"",""E4"",""D4"",""D3"",""E3"",""C3"",""C4"",""C5"",""C6"",""D6"",""E6""]",いつでも,,普通,ぐんたいガニのお供のみです。ぐんたいガニのお供で出現します。,0,"[""ぐんたいガニのお供で出現します""]

ぐんたいガニのお供のみ。
ver: 5.4","2026-03-14 06:52:29","2026-03-21 13:42:59"
234,70,78,48,"[""B4"",""B5"",""C4"",""C5""]",いつでも,1〜3,多い,スイの塔より西側に1〜3匹で出ます。しびれくらげが一緒に出ます。,0,"[""[\"混1-3匹@西側\",\"スイの塔から西側全域でどこにでもいます\"] \/ 混1-3匹@西側"",""スイの塔から西側全域でどこにでもいます""]

スイの塔より西側に1～3匹構成。しびれくらげがつく。
ver: 5.4","2026-03-14 06:52:29","2026-03-21 13:58:31"
235,72,78,48,"[""A3"",""A4"",""A5"",""A6"",""B3"",""B4"",""B5"",""B6"",""C3"",""C4"",""C5"",""C6"",""D3"",""D4"",""D5"",""D6""]",いつでも,1〜3,多い,スイの塔より西にいます。1〜3匹で出ます。スイの塔から西側全域でどこにでもいます。,0,"[""スイの塔から西側全域でどこにでもいます""]

スイの塔より西に生息。1～3匹構成。
ver: 5.4","2026-03-14 06:52:29","2026-03-21 14:00:42"
236,73,78,48,"[""B5"",""B6"",""C5"",""C6""]",いつでも,1〜2,少ない,南西部のぬかるみにいます。1〜2匹で出ます。,0,"[""マップ南から西にかけての広範囲で出現します""]

南西部のぬかるみにいる。1～2匹構成。数は少ないがマップを頼りにするとわかりやすい。
ver: 5.4","2026-03-14 06:52:29","2026-03-21 14:10:48"
237,88,78,48,"[""F3"",""H5"",""H6"",""G6"",""G5"",""G4"",""F4"",""F5"",""F6"",""H4"",""G3"",""H3""]",いつでも,1〜2,多い,東エリアにいます。南部は1匹、北部は1〜2匹で出て、キャットバットも混ざります。南部はシンボルが少なくキャットバットにも絡まれるので北部推奨です。,1,"[""北東のエリアF-3からH-5・6あたりにたくさんいる""]

東エリアに生息。南部は1匹構成、北部は1～2匹構成でキャットバットが混成する。南部はシンボルが少なくキャットバットにも絡まれるので北部推奨。
ver: 5.4","2026-03-14 06:52:29","2026-03-21 15:33:07"
238,92,78,48,"[""H5"",""G6"",""F6"",""H6"",""G5"",""F5""]",いつでも,1〜2,多い,南東エリアでよく見かけます。1〜2匹で出て、タップデビルが一緒に出ます。北東ではシンボルはないがタップデビルと一緒に出ます。,0,"[""南東のH-5・6あたりにたくさんいます""]

南東エリアに多数。1～2匹でタップデビルがつく。北東ではシンボルはないがタップデビルにつく。
ver: 5.4","2026-03-14 06:52:29","2026-03-21 15:53:45"
239,104,78,48,"[""G3"",""F3"",""F4"",""G4""]",いつでも,1,少ない,北東のエリアでは数が少なめです。1匹湧きです。,0,"[""北東のエリアFG-3あたりで出現します""]

北東のエリアに少数。1匹湧き。
ver: 5.4","2026-03-14 06:52:29","2026-03-21 17:33:36"
240,167,78,48,"[""H6""]",いつでも,1,多い,沼周辺で1匹ずつ出ます。,0,"[""H-6に固まっています""]

No.221(美容院ミストグレー色)クエ対象。 H-6の沼周辺にわらわら。1匹構成。
ver: 5.4","2026-03-14 06:52:29","2026-03-22 10:26:41"
241,733,78,48,"[""B4"",""B5"",""C4"",""C5""]",いつでも,1〜3,多い,スイの塔より西側に1〜3匹で出ます。しびれくらげが一緒に出ます。,0,"[""[\"混1-3匹@西側\",\"スイの塔から西側全域でどこにでもいます\"] \/ 混1-3匹@西側"",""スイの塔から西側全域でどこにでもいます""]

スイの塔より西側に1～3匹構成。しびれくらげがつく。
ver: 5.4","2026-03-14 06:52:29","2026-03-21 13:58:31"
242,885,78,48,"[""H6""]",いつでも,1,多い,沼周辺で1匹ずつ出ます。,0,"[""H-6に固まっています""]

No.221(美容院ミストグレー色)クエ対象。 H-6の沼周辺にわらわら。1匹構成。
ver: 5.4","2026-03-14 06:52:29","2026-03-22 10:26:41"
243,83,81,49,"[""C3"",""D3"",""C4"",""D4"",""C5"",""D5"",""C6"",""D6"",""E5"",""F5"",""E6"",""F6"",""E3"",""F3"",""E4"",""F4""]",いつでも,1〜2,普通,1階にいます。1〜2匹で出て、わらいぶくろも混ざります。,0,"[""1階に出現します""]

1階に生息。1～2匹構成でわらいぶくろと互いに混成する。
ver: 5.4","2026-03-14 06:52:33","2026-03-21 14:55:54"
245,95,81,50,"[""C3"",""D3"",""C4"",""D4"",""E3"",""F3"",""E4"",""F4"",""E5"",""F5"",""E6"",""F6"",""C5"",""D5"",""C6"",""D6""]",いつでも,1〜2,普通,地域限定。1〜3匹で出て、ともしびこぞうも混ざります。,0,"[""2階に出現します"",""[\"1-2匹+供\",\"2階に出現します\"] \/ 1-2匹+供""]

地域限定モンスター。2階に生息。1～3匹でともしびこぞうと互いに混成する。
ver: 5.4","2026-03-14 06:52:33","2026-03-21 15:57:53"
246,737,81,50,"[""C3"",""D3"",""C4"",""D4"",""E3"",""F3"",""E4"",""F4"",""E5"",""F5"",""E6"",""F6"",""C5"",""D5"",""C6"",""D6""]",いつでも,1〜2,普通,地域限定。1〜3匹で出て、ともしびこぞうも混ざります。,0,"[""2階に出現します"",""[\"1-2匹+供\",\"2階に出現します\"] \/ 1-2匹+供""]

地域限定モンスター。2階に生息。1～3匹でともしびこぞうと互いに混成する。
ver: 5.4","2026-03-14 06:52:33","2026-03-21 15:57:53"
247,31,81,51,[],いつでも,,普通,スライムタワーのお供のみ出ます。,0,"[""お供"",""4階のあおだけ童子のお供で出現します""] / お供

3階のスライムタワーと4階のあおだけ童子のおともでのみ出現。
ver: 5.4","2026-03-14 06:52:33","2026-03-21 13:07:50"
248,85,81,51,"[""C3"",""D3"",""C4"",""D4"",""C5"",""D5"",""C6"",""D6"",""E5"",""F5"",""E6"",""F6"",""E3"",""F3"",""E4"",""F4""]",いつでも,1〜2,普通,1〜2匹で出ます。あおだけ童子やホイミスライムが一緒に出ます。,0,"[""3階に出現します"",""[\"1-2匹+供\",\"3階に出現します\"] \/ 1-2匹+供""]

3階に生息。1～2匹であおだけ童子やホイミスライムがつく。4階ではあおだけ童子につく。
ver: 5.4","2026-03-14 06:52:33","2026-03-21 15:06:20"
249,91,81,54,"[""C3"",""D3"",""C4"",""D4"",""E3"",""F3"",""E4"",""F4"",""E5"",""F5"",""E6"",""F6"",""C5"",""D5"",""C6"",""D6""]",いつでも,,普通,4階〜6階に出現します。,1,"[""4階～6階に出現します""]","2026-03-14 06:52:33","2026-03-21 15:44:29"
250,732,81,51,"[""C3"",""D3"",""C4"",""D4"",""C5"",""D5"",""C6"",""D6"",""E5"",""F5"",""E6"",""F6"",""E3"",""F3"",""E4"",""F4""]",いつでも,1〜2,普通,1〜2匹で出ます。あおだけ童子やホイミスライムが一緒に出ます。,0,"[""3階に出現します"",""[\"1-2匹+供\",\"3階に出現します\"] \/ 1-2匹+供""]

3階に生息。1～2匹であおだけ童子やホイミスライムがつく。4階ではあおだけ童子につく。
ver: 5.4","2026-03-14 06:52:33","2026-03-21 15:06:20"
251,31,81,52,[],いつでも,,普通,4階のあおだけ童子のお供で出現します。,0,"[""4階のあおだけ童子のお供で出現します"",""お供""]","2026-03-14 06:52:33","2026-03-21 13:07:50"
252,91,81,52,"[""C3"",""D3"",""C4"",""D4"",""E3"",""F3"",""E4"",""F4"",""E5"",""F5"",""E6"",""F6"",""C5"",""D5"",""C6"",""D6""]",いつでも,1〜2,普通,スライムタワーやホイミスライムが一緒に出ます。,1,"[""4階～6階に出現します""]

地域限定モンスター。4～6階に生息。1～2匹構成で、4階のみスライムタワーやホイミスライムがつく。スライムタワーとは互いに混成する。わらいぶくろも一緒に済ませておくとよい。
ver: 5.4","2026-03-14 06:52:33","2026-03-21 15:44:29"
253,91,81,53,"[""C3"",""D3"",""C4"",""D4"",""E3"",""F3"",""E4"",""F4"",""C5"",""D5"",""C6"",""D6"",""E5"",""F5"",""E6"",""F6""]",いつでも,,,,1,,"2026-03-14 06:52:33","2026-03-21 15:44:29"
255,178,81,54,"[""C4"",""D4"",""E4"",""F4""]",いつでも,1,1,6階の橋に1シンボルのみです。湧きは2分半です。,0,"[""6階の中央の橋に1匹います""]

6階の橋に1シンボルのみ。湧きは2分半。あおだけ童子のついでに狩る程度。
ver: 5.4","2026-03-14 06:52:33","2026-03-22 10:55:35"
256,89,83,59,"[""C5"",""C6"",""D5"",""D6"",""E5"",""E6"",""F5"",""F6"",""G5"",""G6"",""H5"",""H6""]",いつでも,1〜2,多い,北東、北西を除く全域にいます。1〜2匹で出て、マジカルハットも混ざります。,0,"[""[\"1-2匹@全域\",\"マップ中央から東にかけての広範囲でたくさん出現する\"] \/ 1-2匹@全域"",""マップ中央から東にかけての広範囲でたくさん出現する""]

北東、北西を除く全域に生息。1～2匹構成でマジカルハットが混成する。
ver: 5.4","2026-03-14 06:52:40","2026-03-21 15:35:24"
257,100,83,59,"[""C5"",""C6"",""D5"",""D6"",""E1"",""E2"",""E3"",""E4"",""E5"",""E6"",""F1"",""F2"",""F3"",""F4"",""F5"",""F6"",""G1"",""G2"",""G3"",""G4"",""G5"",""G6"",""H1"",""H2"",""H3"",""H4"",""H5"",""H6""]",いつでも,1〜2,多い,北西を除く全域にいます。E-3の橋を渡った北東エリアにまとまっていますしています。1〜2匹で出て、ピンクモーモンも混ざります。転生の分散狩りも狙うならよき。,1,"[""[\"1-2匹@全域\",\"ほぼ全域にたくさん出現する、北西の強敵エリアにはいない\"] \/ 1-2匹@全域"",""ほぼ全域にたくさん出現する、北西の強敵エリアにはいない""]

北西を除く全域に生息。E-3の橋を渡った北東エリアに密集している。1～2匹構成でピンクモーモンと互いに混成する。転生の分散狩りも狙うならこちら。
ver: 5.4","2026-03-14 06:52:40","2026-03-21 17:28:45"
258,118,83,59,"[""C6"",""G4"",""G5"",""H4"",""H5""]",いつでも,1〜2,少ない,堀より東側にいます。C-6辺りにも少なめです。1〜2匹で出ます。,1,"[""[\"1-2匹@東側\",\"マップ東のエリアとC-6に出現します\"] \/ 1-2匹@東側"",""マップ東のエリアとC-6に出現します""]

堀より東側に生息。C-6辺りにも少数。1～2匹構成。山間の関所から行くのが良いだろう。
ver: 5.4","2026-03-14 06:52:40","2026-03-21 18:29:52"
259,130,83,59,"[""C6"",""F4"",""F5"",""G4"",""G5""]",夜,1〜2,少ない,夜だけ出ます。堀より東にいます。C-6辺りにも少なめです。ベロベロと同じ湧き範囲です。1〜2匹で出ます。,1,"[""[\"夜·1-2匹@東側\",\"夜のみマップ東のエリアとC-6に出現します\"] \/ 夜·1-2匹@東側"",""夜のみマップ東のエリアとC-6に出現します""]

No.173(温泉解禁)クエ対象。 夜限定。堀より東に生息。C-6辺りにも少数。ベロベロと同じ湧き範囲。1～2匹構成。
ver: 5.4","2026-03-14 06:52:40","2026-03-21 18:49:16"
260,131,83,59,"[""E5""]",いつでも,1,1,E-5の橋に1シンボルのみです。湧きも遅いです。,0,"[""E-5の川に架かった橋の上に1匹います"",""[\"1匹@E5の橋\",\"E-5の川に架かった橋の上に1匹います\"] \/ 1匹@E5の橋""]

E-5の橋に1シンボルのみ。湧きも遅い。
ver: 5.4","2026-03-14 06:52:40","2026-03-21 18:50:44"
261,137,83,59,"[""G6"",""E4"",""E5"",""E6"",""D6"",""C6"",""C4"",""D4"",""D5"",""C5"",""F6"",""F5"",""F4"",""G4"",""G5"",""H4"",""H5"",""H6""]",いつでも,1,多い,広大な範囲に1匹しかポップしないです。,0,"[""[\"1匹@全域レア\",\"マップ中央から東にかけての広範囲で1匹いるらしい、G-6にいた\"] \/ 1匹@全域レア"",""マップ中央から東にかけての広範囲で1匹いるらしい、G-6にいた""]

ナギリ洞付近と西の川向う以外の全域に生息。広大な範囲に1匹しかポップしない。
ver: 5.5","2026-03-14 06:52:40","2026-03-21 18:59:35"
262,150,83,59,"[""E6"",""H6""]",いつでも,2,2,H-6のテテリ渓谷前に2シンボルです。1匹で湧きも遅いです。,0,"[""E-6の時雨の泉の入口に2匹立っている"",""[\"2匹@時雨の泉\",\"E-6の時雨の泉の入口に2匹立っている\"] \/ 2匹@時雨の泉""]

H-6のテテリ渓谷前に2シンボル。1匹構成で湧きも遅い。かつては時雨の泉前にいたが 7.3で時雨の泉前にいざないの石碑が設置され移動した。
ver: 7.3","2026-03-14 06:52:40","2026-03-21 19:29:01"
263,219,83,59,"[""E3"",""E4"",""E5"",""E6"",""F3"",""F4"",""F5"",""F6"",""G3"",""G4"",""G5"",""G6"",""H3"",""H4"",""H5"",""H6""]",いつでも,,2,広範囲に2シンボルほどしかいないです。,0,"[""マップ中央から東にかけての広範囲で出現するが、数は極めて少ない""]

広範囲に2シンボルほどしかいない。非推奨。
ver: 5.4","2026-03-14 06:52:40","2026-03-22 12:16:18"
264,263,83,59,"[""A3"",""A4""]",いつでも,1〜2,多い,B-4の橋を渡った北西部に大量です。1〜2匹でてっこうまじんにも2匹まで一緒に出ます。,0,"[""[\"1-2匹@西\",\"北西のA-3の強敵エリアにすごいいます\"] \/ 1-2匹@西"",""北西のA-3の強敵エリアにすごいいます""]

B-4の橋を渡った北西部に大量。1～2匹構成でてっこうまじんにも2匹までつく。
ver: 5.4","2026-03-14 06:52:40","2026-03-22 14:24:05"
265,293,83,59,"[""A3"",""B4""]",いつでも,1,少ない,B-4の橋の上に1、その先の北西エリアに2シンボルいます。1匹で橋以外ではマッドルーパーが2匹まで一緒に出ます。,0,"[""[\"1匹+供@西\",\"北西のA-3の強敵エリアにいる、数は少ない\"] \/ 1匹+供@西"",""北西のA-3の強敵エリアにいる、数は少ない""]

B-4の橋の上に1、その先の北西エリアに2シンボル生息。1匹構成で橋以外ではマッドルーパーが2匹までつく。
ver: 5.4","2026-03-14 06:52:40","2026-03-22 15:56:51"
266,736,83,59,"[""C5"",""C6"",""D5"",""D6"",""E5"",""E6"",""F5"",""F6"",""G5"",""G6"",""H5"",""H6""]",いつでも,1〜2,多い,北東、北西を除く全域にいます。1〜2匹で出て、マジカルハットも混ざります。,0,"[""[\"1-2匹@全域\",\"マップ中央から東にかけての広範囲でたくさん出現する\"] \/ 1-2匹@全域"",""マップ中央から東にかけての広範囲でたくさん出現する""]

北東、北西を除く全域に生息。1～2匹構成でマジカルハットが混成する。
ver: 5.4","2026-03-14 06:52:40","2026-03-21 15:35:24"
267,738,83,59,"[""C5"",""C6"",""D5"",""D6"",""E1"",""E2"",""E3"",""E4"",""E5"",""E6"",""F1"",""F2"",""F3"",""F4"",""F5"",""F6"",""G1"",""G2"",""G3"",""G4"",""G5"",""G6"",""H1"",""H2"",""H3"",""H4"",""H5"",""H6""]",いつでも,1〜2,多い,北西を除く全域にいます。E-3の橋を渡った北東エリアにまとまっていますしています。1〜2匹で出て、ピンクモーモンも混ざります。転生の分散狩りも狙うならよき。,1,"[""[\"1-2匹@全域\",\"ほぼ全域にたくさん出現する、北西の強敵エリアにはいない\"] \/ 1-2匹@全域"",""ほぼ全域にたくさん出現する、北西の強敵エリアにはいない""]

北西を除く全域に生息。E-3の橋を渡った北東エリアに密集している。1～2匹構成でピンクモーモンと互いに混成する。転生の分散狩りも狙うならこちら。
ver: 5.4","2026-03-14 06:52:40","2026-03-21 17:28:45"
268,743,83,59,"[""C6"",""F4"",""F5"",""G4"",""G5""]",夜,1〜2,少ない,夜だけ出ます。堀より東にいます。C-6辺りにも少なめです。ベロベロと同じ湧き範囲です。1〜2匹で出ます。,1,"[""[\"夜·1-2匹@東側\",\"夜のみマップ東のエリアとC-6に出現します\"] \/ 夜·1-2匹@東側"",""夜のみマップ東のエリアとC-6に出現します""]

No.173(温泉解禁)クエ対象。 夜限定。堀より東に生息。C-6辺りにも少数。ベロベロと同じ湧き範囲。1～2匹構成。
ver: 5.4","2026-03-14 06:52:40","2026-03-21 18:49:16"
269,89,84,60,"[""F5"",""G5"",""F6"",""G6""]",いつでも,1〜2,やや少なめ,川より東部にいます。1〜2匹で出てとうろうへいが一緒に出ます。,1,"[""[\"1-2匹+供@東\",\"王都から出てすぐの東エリアに広く出現します\"] \/ 1-2匹+供@東"",""王都から出てすぐの東エリアに広く出現します""]

川より東部に生息。1～2匹構成でとうろうへいがつく。領南よりは密度が薄い。
ver: 5.4","2026-03-14 06:52:43","2026-03-21 15:35:24"
270,118,84,60,"[""F5"",""G5"",""F6"",""G6""]",いつでも,1〜2,少ない,川より東部にいます。1〜2匹で出てとうろうへいが一緒に出ます。,0,"[""[\"1-2匹+供@東\",\"王都から出てすぐの東エリアに広く出現します\"] \/ 1-2匹+供@東"",""王都から出てすぐの東エリアに広く出現します""]

川より東部に生息。1～2匹構成でとうろうへいがつく。数は少なめ。
ver: 5.4","2026-03-14 06:52:43","2026-03-21 18:29:52"
271,122,84,60,"[""A3"",""B3"",""A4"",""B4"",""C3"",""D3"",""C4"",""D4"",""A2"",""B2"",""E5"",""F5"",""E6"",""F6"",""G5"",""H5"",""G6"",""H6"",""D5"",""D6""]",いつでも,1〜2,多い,地域限定。南西の竹林を除く、マップ全域にいます。1〜2匹で出て、西部ではコトブキーノも混ざります。東部ではピンクモーモンやベロベロに一緒に出ます。,1,"[""[\"混1-2匹@沿道\",\"王都から出て落葉の草原までずっといる、C-6はいない\"] \/ 混1-2匹@沿道"",""王都から出て落葉の草原までずっといる、C-6はいない""]

地域限定モンスター。南西の竹林を除く、マップ全域に生息。1～2匹構成で西部ではコトブキーノと互いに混成する。東部ではピンクモーモンやベロベロにつく。
ver: 5.4","2026-03-14 06:52:43","2026-03-21 18:37:34"
272,131,84,60,"[""B6"",""C6"",""D6"",""E6"",""D5"",""C5"",""B5"",""B3"",""C4""]",いつでも,1〜2,普通,カムイラの穴あたりにいます。B-3、C-4の橋の上のみ1〜2匹で出て、、それ以外では1匹でとうろうへいも混ざります。,1,"[""[\"混1-2匹@西の沿道\",\"マップ中央から北西の落葉の草原まで広く出現します\"] \/ 混1-2匹@西の沿道"",""マップ中央から北西の落葉の草原まで広く出現します""]

実質ここ限定。「カムイラの穴」周辺に生息。B-3、C-4の橋の上のみ1～2匹構成で、それ以外では1匹でとうろうへいと互いに混成する。ケセランパセランと湧き範囲が被るので見つけたら狩っておこう。
ver: 5.4","2026-03-14 06:52:43","2026-03-21 18:50:44"
273,137,84,60,"[""A1"",""A2"",""A3"",""A4"",""B1"",""B2"",""B3"",""B4"",""C1"",""C2"",""C3"",""C4"",""D1"",""D2"",""D3"",""D4"",""D5"",""D6"",""D7"",""D8"",""E1"",""E2"",""E3"",""E4"",""E5"",""E6"",""E7"",""E8"",""F1"",""F2"",""F3"",""F4"",""F5"",""F6"",""F7"",""F8"",""G1"",""G2"",""G3"",""G4"",""G5"",""G6"",""G7"",""G8"",""H1"",""H2"",""H3"",""H4"",""H5"",""H6"",""H7"",""H8""]",いつでも,1,多い,竹林をのぞく西部全域にいます。1度にポップする数は1つです。再湧きは1分くらいです。,0,"[""[\"1匹@全体\",\"マップ中央から北西の落葉の草原までの広い範囲に1匹いる\"] \/ 1匹@全体"",""マップ中央から北西の落葉の草原までの広い範囲に1匹いる""]

竹林をのぞく西部全域に生息。1度にポップする数は1つ。再湧きは1分くらい。 狩られにくいのか、湧きやすいのか、竹林の近くが出会いやすく感じる。
ver: 5.5","2026-03-14 06:52:43","2026-03-21 18:59:35"
274,144,84,60,"[""C3"",""C4""]",いつでも,1〜2,多い,C-3、4の畑に大量に植まってます。,0,"[""[\"1-2匹@畑\",\"イムイ地下空洞近くの畑C-3にたくさんいます\"] \/ 1-2匹@畑"",""イムイ地下空洞近くの畑C-3にたくさんいます""]

No.099(レンジャー解放)クエ対象。 C-3、4の畑に大量に植わってる。1～2匹構成。
ver: 5.4","2026-03-14 06:52:43","2026-03-21 19:23:05"
275,219,84,60,"[""E5"",""E6"",""F5"",""F6"",""G5"",""G6"",""H5"",""H6""]",いつでも,1,少ない,こちらも非常に広範囲にわたって湧くため、見つけにくい。全体では1匹で出ます。,0,"[""[\"1匹@全体\",\"マップ中央エリアと東のエリアに出現するが数は少ない\"] \/ 1匹@全体"",""マップ中央エリアと東のエリアに出現するが数は少ない""]

こちらも非常に広範囲にわたって湧くため、見つけにくい。
ver: 1.5","2026-03-14 06:52:43","2026-03-22 12:16:18"
276,238,84,60,"[""C6"",""B6""]",いつでも,1〜2,少ない,カムイラの穴あたりの竹林にいます。1〜2匹で出て、ダーティラビッツも混ざります。やや少なめです。,0,"[""C-6に固まっている"",""[\"混1-2匹@強敵エリア\",\"C-6に固まっている\"] \/ 混1-2匹@強敵エリア""]

カムイラの穴周辺の竹林に生息。1～2匹構成でダーティラビッツと互いに混成する。やや少なめ。
ver: 5.4","2026-03-14 06:52:43","2026-03-22 12:51:17"
277,258,84,60,"[""C6""]",いつでも,1〜3,多い,カムイラの穴あたりの竹林でよく見かけます。1〜3匹で出て、ゲリュオンも混ざります。,0,"[""C-6に固まっている"",""[\"混1-3匹@強敵エリア\",\"C-6に固まっている\"] \/ 混1-3匹@強敵エリア""]

カムイラの穴周辺の竹林に多数。1～3匹でゲリュオンと互いに混成する。
ver: 5.4","2026-03-14 06:52:43","2026-03-22 13:30:25"
278,395,84,60,"[""C6""]",いつでも,1,2,カムイラの穴付近の竹林に2シンボルのみです。1匹ずつ出ます。,0,"[""C-6に1匹いる"",""[\"1匹@強敵エリア\",\"C-6に1匹いる\"] \/ 1匹@強敵エリア""]

カムイラの穴付近の竹林に2シンボルのみ。1匹構成。
ver: 5.4","2026-03-14 06:52:43","2026-03-23 07:47:06"
279,736,84,60,"[""F5"",""G5"",""F6"",""G6""]",いつでも,1〜2,やや少なめ,川より東部にいます。1〜2匹で出てとうろうへいが一緒に出ます。,1,"[""[\"1-2匹+供@東\",\"王都から出てすぐの東エリアに広く出現します\"] \/ 1-2匹+供@東"",""王都から出てすぐの東エリアに広く出現します""]

川より東部に生息。1～2匹構成でとうろうへいがつく。領南よりは密度が薄い。
ver: 5.4","2026-03-14 06:52:43","2026-03-21 15:35:24"
281,145,85,61,"[""D5"",""F4"",""F5"",""C5""]",いつでも,1〜2,多い,川の西側やC-5辺りの低地にいます。1〜2匹で出て、スモールグールも混ざります。,0,"[""[\"1-2匹@東側\",\"東のG-4・5あたりにたくさん、CD-5あたりもいる\"] \/ 1-2匹@東側"",""東のG-4・5あたりにたくさん、CD-5あたりもいる""]

川の西側やC-5辺りの低地に生息。1～2匹構成でスモールグールと互いに混成する。
ver: 5.4","2026-03-14 06:52:47","2026-03-21 19:24:53"
282,170,85,61,"[""D5"",""D6"",""E6"",""F4"",""G4"",""E5""]",夜,1〜2,普通,南部の大木の周りに多くいます。1〜2匹で出て、サブナックも混ざります。,0,"[""[\"夜·1-2匹@南側＆東側\",\"夜のみG-4・5とEF-4、D-5・6あたりに出現します\"] \/ 夜·1-2匹@南側＆東側"",""夜のみG-4・5とEF-4、D-5・6あたりに出現します""]

No.065(魔法使い4話)対象。 深夜限定。南部の大木の周りに多くいる。1～2匹構成でサブナックが混成する。
ver: 5.4","2026-03-14 06:52:47","2026-03-22 10:37:07"
283,174,85,61,"[""F4"",""E4"",""D4"",""D5"",""E5"",""F5"",""F6"",""E6"",""D6"",""C6"",""C5"",""C4"",""B4"",""B5"",""B6""]",いつでも,1,少ない,南部では数が少なめです,0,"[""[\"1匹@南側\",\"マップの南からEF-4あたりまで出現するが数は少ない\"] \/ 1匹@南側"",""マップの南からEF-4あたりまで出現するが数は少ない""]

南部に少数。1匹構成。
ver: 5.4","2026-03-14 06:52:47","2026-03-22 10:47:12"
284,183,85,61,"[""D6"",""D7"",""E6"",""E7"",""H4"",""G4"",""F4""]",いつでも,1〜2,多い,南部の比較的高いところや捨てられた城の前にいます。1〜2匹で出て、ほねコウモリも混ざります。,0,"[""[\"1-2匹@南側＆東側\",\"マップの南からEF-4あたりまでたくさん出現します、H-4もいる\"] \/ 1-2匹@南側＆東側"",""マップの南からEF-4あたりまでたくさん出現します、H-4もいる""]

南部の比較的高いところや捨てられた城の前に生息。1～2匹構成でほねコウモリと互いに混成する。
ver: 5.4","2026-03-14 06:52:47","2026-03-22 11:00:22"
285,205,85,61,"[""D5"",""F4"",""F5"",""G4"",""G5""]",いつでも,1〜2,多い,川の西岸やC-5辺りの低地に倒れています。1〜2匹で出ます。落ち武者か,0,"[""[\"1-2匹@東側\",\"東のG-4・5あたりにたくさん、CD-5あたりもいる\"] \/ 1-2匹@東側"",""東のG-4・5あたりにたくさん、CD-5あたりもいる""]

川の西岸やC-5辺りの低地に倒れている。1～2匹構成。
ver: 5.4","2026-03-14 06:52:47","2026-03-22 11:48:34"
286,219,85,61,"[""D6"",""D7"",""E6"",""E7"",""F4"",""H4""]",夜,1,少ない,1匹ずつ出ます。夜はインキュバスも一緒に出ます。,0,"[""[\"1匹@南側\",\"マップの南からEF-4あたりまで出現、数は少なめ、H-4もいる\"] \/ 1匹@南側"",""マップの南からEF-4あたりまで出現、数は少なめ、H-4もいる""]

No.058(僧侶2話)クエ対象。 南部の比較的高いところや捨てられた城前にまばら。入口近くの祠や石塔の前にもいる。1匹構成。夜はインキュバスにもつく。
ver: 5.4","2026-03-14 06:52:47","2026-03-22 12:16:18"
287,248,85,61,"[""A1"",""A2"",""A3"",""B1"",""B2"",""B3"",""C1"",""C2"",""C3"",""D1"",""D2"",""D3"",""E2"",""E3""]",いつでも,1〜2,少ない,1〜2匹で出て、ブラックマンティスも混ざります。,0,"[""[\"1-2匹@北側\",\"北西エリアの広範囲で出現します\"] \/ 1-2匹@北側"",""北西エリアの広範囲で出現します""]

北部にまばら。1～2匹構成でブラックマンティスと互いに混成する。
ver: 5.4","2026-03-14 06:52:47","2026-03-22 13:12:15"
288,297,85,61,"[""A2"",""A3"",""B2"",""B3"",""C2"",""C3"",""D2"",""D3""]",いつでも,1〜2,,1〜2匹で出て、リュウイーソーも混ざります。転生狙いよき。,0,"[""[\"1-2匹@北側\",\"北西エリアの広範囲でたくさん出現します\"] \/ 1-2匹@北側"",""北西エリアの広範囲でたくさん出現します""]

北部にシンボル多数。1～2匹構成でリュウイーソーと互いに混成する。転生狙いならここ。
ver: 5.4","2026-03-14 06:52:47","2026-03-22 16:09:32"
289,314,85,61,"[""D3"",""C3""]",いつでも,1〜2,3,線路周辺に3シンボルのみです。1〜2匹で出ます。,0,"[""CD-3の線路の下に数匹います"",""[\"1-2匹@線路\",\"CD-3の線路の下に数匹います\"] \/ 1-2匹@線路""]

線路周辺に3シンボルのみ。1～2匹構成。七不思議以外で来ることはないだろう。
ver: 5.4","2026-03-14 06:52:47","2026-03-22 17:39:55"
290,617,85,61,"[""F6""]",いつでも,1,1,F6に1シンボルのみです。1分湧きです。,0,"[""F-6に1匹います"",""[\"1匹@F6\",\"F-6に1匹います\"] \/ 1匹@F6""]

F-6に1シンボルのみ。1分湧き。
ver: 5.4","2026-03-14 06:52:47","2026-03-23 16:59:48"
291,746,85,61,"[""D5"",""F4"",""F5"",""C5""]",いつでも,1〜2,多い,川の西側やC-5辺りの低地にいます。1〜2匹で出て、スモールグールも混ざります。,0,"[""[\"1-2匹@東側\",\"東のG-4・5あたりにたくさん、CD-5あたりもいる\"] \/ 1-2匹@東側"",""東のG-4・5あたりにたくさん、CD-5あたりもいる""]

川の西側やC-5辺りの低地に生息。1～2匹構成でスモールグールと互いに混成する。
ver: 5.4","2026-03-14 06:52:47","2026-03-21 19:24:53"
292,763,85,61,"[""A2"",""A3"",""B2"",""B3"",""C2"",""C3"",""D2"",""D3""]",いつでも,1〜2,,1〜2匹で出て、リュウイーソーも混ざります。転生狙いよき。,0,"[""[\"1-2匹@北側\",\"北西エリアの広範囲でたくさん出現します\"] \/ 1-2匹@北側"",""北西エリアの広範囲でたくさん出現します""]

北部にシンボル多数。1～2匹構成でリュウイーソーと互いに混成する。転生狙いならここ。
ver: 5.4","2026-03-14 06:52:47","2026-03-22 16:09:32"
293,772,85,61,"[""D3"",""C3""]",いつでも,1〜2,3,線路周辺に3シンボルのみです。1〜2匹で出ます。,0,"[""CD-3の線路の下に数匹います"",""[\"1-2匹@線路\",\"CD-3の線路の下に数匹います\"] \/ 1-2匹@線路""]

線路周辺に3シンボルのみ。1～2匹構成。七不思議以外で来ることはないだろう。
ver: 5.4","2026-03-14 06:52:47","2026-03-22 17:39:55"
294,150,88,62,"[""C6"",""C7""]",いつでも,1〜2,普通,入口から城内にかけています。止まっているものは1匹、城前にうろついているものは1〜2匹でイーブルフライも混ざります。からくりしょうぐんにも2匹一緒に出ます。,1,"[""BCD-6にいます""]

入口から城内にかけて生息。止まっているものは1匹、城前にうろついているものは1～2匹構成でイーブルフライと相互に混成する。からくりしょうぐんにも2匹つく。
ver: 5.4","2026-03-14 06:52:51","2026-03-21 19:29:01"
295,151,88,62,"[""B7"",""B6"",""C6"",""C7""]",夜,1〜2,普通,夜だけ出ます。入口あたりにいます。1〜2匹で出て、イーブルフライも混ざります。,0,"夜限定。入口付近に生息。1～2匹構成でイーブルフライと互いに混成する。イーブルフライには昼間でもつく。
ver: 5.4","2026-03-14 06:52:51","2026-03-22 09:35:18"
296,190,88,62,"[""A6"",""A7"",""B6"",""B7"",""C6"",""C7""]",いつでも,1〜2,少ない,入口〜城前に点々といます。1〜2匹で、下層部はがいこつが、上層部はからくりだいみょうがお供です。,0,"[""夢幻の森から入るとすぐにいる、南西エリアで出現""]

入口～城前にまばら。1～2匹構成で、下層部はがいこつが、上層部はからくりだいみょうがお供。
ver: 5.4","2026-03-14 06:52:51","2026-03-22 11:07:33"
297,234,88,62,"[""A4"",""B4"",""C4"",""D4"",""E4"",""F4"",""G4"",""H4"",""H3"",""G3"",""F3"",""D3"",""C3"",""B3"",""A3"",""A2"",""B2"",""C2"",""D2"",""E2"",""F2"",""G2"",""H2""]",いつでも,1〜2,多い,北部全域にいます。1〜2匹で出ます。オークキングとライノスキングに2匹までつき、フレイムドックも一緒に出ます。,0,"[""[\"1-2匹\",\"マップの北半分でどこにでもいる\"] \/ 1-2匹"",""マップの北半分でどこにでもいる""]

北部全域に生息。1～2匹構成。オークキングとライノスキングに2匹までつき、フレイムドックにもつく。
ver: 5.4","2026-03-14 06:52:51","2026-03-22 12:46:20"
299,271,88,62,"[""E2"",""E3"",""F2"",""F3"",""G2"",""G3"",""E4"",""F4"",""G4""]",いつでも,1〜2,普通,北東4つの住居跡にいます。1〜2匹で出ます。,1,"[""[\"1-2匹\",\"北東エリアにある建物の跡の周辺に出現します\"] \/ 1-2匹"",""北東エリアにある建物の跡の周辺に出現します""]

No.217(しぐさ「あやまる」)クエ対象。 北東4つの住居跡に生息。1～2匹構成。
ver: 5.4","2026-03-14 06:52:51","2026-03-22 14:44:00"
300,282,88,62,"[""E5"",""H5""]",夜,2,普通,ベホマスライムが一緒に出ます。湧きは早めです。,0,"[""E-5とH-5の住居跡に2匹ずついる"",""[\"1匹\",\"E-5とH-5の住居跡に2匹ずついる\"] \/ 1匹""]

E-5、H-4の住居跡に2シンボルずつ。1匹構成でベホマスライムがつく。夜は眠っていることもある。湧きは早め。夜はF-2、E-4に出現するドッグラマッコイにもつく。
ver: 5.4","2026-03-14 06:52:51","2026-03-22 15:11:53"
301,283,88,62,"[""B5"",""B4"",""C4"",""D4"",""E4"",""F4"",""G4"",""G3"",""F3"",""E3"",""D3"",""C3"",""B3"",""B2"",""C2"",""D2"",""E2"",""F2"",""G2""]",いつでも,1,普通,北部の高台にいます。1匹で出て、ベホマスライムが一緒に出ます。,0,"[""B-5あたりから東にずっといる、低所にはいない"",""[\"1匹\",\"B-5あたりから東にずっといる、低所にはいない\"] \/ 1匹""]

北部の高台に生息。1匹構成でベホマスライムがつく。
ver: 5,4","2026-03-14 06:52:51","2026-03-22 15:15:02"
302,289,88,62,"[""D3""]",いつでも,1,多い,北部の窪地でよく見かけます。1匹でベホマスライムが2匹ま一緒に出ます。,0,"[""[\"1匹\",\"北側低所BCD-3あたりの広い所にたくさんいます\"] \/ 1匹"",""北側低所BCD-3あたりの広い所にたくさんいます""]

北部の窪地に多数。1匹構成でベホマスライムが2匹まつく。
ver: 5.4","2026-03-14 06:52:51","2026-03-22 15:43:07"
303,294,88,62,"[""E6""]",いつでも,1,普通,地域限定。シンボルはE6の1つのみです。必ずからくりだいみょうが2匹一緒に出ます。湧きは4〜5分です。,0,"[""E-6の御殿の前に1匹いる"",""[\"1匹\",\"E-6の御殿の前に1匹いる\"] \/ 1匹""]

地域限定モンスター。 シンボルはE-6の1つのみ。必ずからくりだいみょうが2匹つく。再ポップは4～5分。
ver: 5.4","2026-03-14 06:52:51","2026-03-22 15:57:17"
304,164,86,63,"[""D6"",""D7"",""E6"",""E7"",""F6"",""F7"",""G7"",""G6""]",いつでも,1〜2,多い,南東〜南西エリアに大量です。1〜2匹で出て、バサラーナも混ざります。,0,"[""[\"1-2匹@南側\",\"マップの南半分でたくさん出現します\"] \/ 1-2匹@南側"",""マップの南半分でたくさん出現します""]

No.108(レンジャー4話)・No.187(賢者4話)クエ対象。 南東～南西エリアに大量。1～2匹構成でバサラーナと互いに混成する。
ver: 5.4","2026-03-14 06:52:58","2026-03-22 10:18:27"
305,184,86,63,"[""F7"",""F8"",""G7"",""G8"",""H7"",""H8"",""D4""]",いつでも,1〜2,普通,南東エリアに点々といます。基本は1〜2匹で出て、まだらイチョウも混ざります。またD-4やE-7の橋にもいます。こちらは混成しないです。,0,"[""[\"混1-2匹@南東\",\"南東エリアで広く出現します\"] \/ 混1-2匹@南東"",""南東エリアで広く出現します""]

南東エリアにまばら。基本は1～2匹でまだらイチョウと互いに混成する。またD-4やE-7の橋にもいる。こちらは混成しない。南側のススキで視界が悪いあたりのみバサラーナ3匹編成が出るようだ。
ver: 6.4","2026-03-14 06:52:58","2026-03-22 11:01:39"
306,207,86,63,"[""C4""]",いつでも,1,3,C-4に3シンボルのみです。1匹ずつ出ます。,0,"[""C-4あたりに少しいます"",""[\"1匹@C4\",\"C-4あたりに少しいます\"] \/ 1匹@C4""]

C-4に3シンボルのみ。1匹構成。神話篇実装前は光の河のほころび周辺にもいた。
ver: 5.4","2026-03-14 06:52:58","2026-03-22 11:51:00"
307,216,86,63,"[""A6"",""A7"",""A8"",""B6"",""B7"",""B8"",""C6"",""C7"",""C8"",""D6"",""D7"",""D8""]",いつでも,1,少ない,南西に点々といます。1匹ずつ出ます。,0,"[""[\"1匹@南西\",\"南西エリアで出現します、数は少なめ\"] \/ 1匹@南西"",""南西エリアで出現します、数は少なめ""]

No.187(賢者4話)クエ対象。 南西にまばら。1匹構成。白いので見つけるのは楽。
ver: 5.4","2026-03-14 06:52:58","2026-03-22 12:11:17"
308,259,86,63,"[""A6"",""A7"",""A8"",""B6"",""B7"",""B8"",""C6"",""C7"",""C8"",""D6"",""D7"",""D8""]",いつでも,1,少ない,南西エリアにいます。1匹で数も点々といます。,0,"[""[\"1匹@南西\",\"南西エリアで出現します\"] \/ 1匹@南西"",""南西エリアで出現します""]

南西エリアに生息。1匹構成で数もまばら。
ver: 5.4","2026-03-14 06:52:58","2026-03-22 13:32:00"
309,349,86,63,"[""F2"",""F3"",""G2"",""G3""]",いつでも,1〜2,多い,北東の湖周辺にかなりです。1〜2匹で出ます。ずしおうまるも一緒に出ます。,0,"[""[\"1-2匹@北東\",\"北東のFG-2あたりにたくさんいます\"] \/ 1-2匹@北東"",""北東のFG-2あたりにたくさんいます""]

北東の湖周辺にわんさか。1～2匹構成。ずしおうまるにもつく。
ver: 5.4","2026-03-14 06:52:58","2026-03-22 19:03:37"
310,387,86,63,"[""B2"",""B3"",""C2"",""C3""]",いつでも,1,多い,北西エリアにわさわさいます。1匹で出て、イエロバングルも混ざります。,1,"[""[\"1匹+供@北西\",\"北西のC-2・3でたくさん出現します\"] \/ 1匹+供@北西"",""北西のC-2・3でたくさん出現します""]

北西エリアにわさわさいる。1匹構成でイエロバングルと互いに混成する。
ver: 5.4","2026-03-14 06:52:58","2026-03-23 07:37:16"
311,394,86,63,"[""B2"",""B3"",""C2"",""C3""]",いつでも,1,多い,北西エリアにわさわさいます。1匹で出て、グリンバングルも混ざります。,0,"[""[\"1匹+供@北西\",\"北西のC-2・3でたくさん出現します\"] \/ 1匹+供@北西"",""北西のC-2・3でたくさん出現します""]

北西エリアにわさわさいる。1匹構成でグリンバングルと互いに混成する。
ver: 3.1","2026-03-14 06:52:58","2026-03-23 07:45:15"
312,423,86,63,"[""E1"",""E2"",""E3"",""F1"",""F2"",""F3"",""G1"",""G2"",""G3"",""H1"",""H2"",""H3""]",いつでも,2,少ない,北東エリアに点々といます。2匹で出ます。,0,"[""[\"2匹@北東\",\"北東エリアで広く出現します\"] \/ 2匹@北東"",""北東エリアで広く出現します""]

北東エリアにまばら。2匹構成。
ver: 5.4","2026-03-14 06:52:58","2026-03-23 09:16:49"
313,454,86,63,"[""F2"",""F3"",""G2"",""G3""]",いつでも,1,4,北東の湖周辺に4シンボルです。1匹ずつ出て、みずたまドラゴンが一緒に出ます。即湧き。,0,"[""[\"1匹+供@北東\",\"北東のFG-2あたりで出現します\"] \/ 1匹+供@北東"",""北東のFG-2あたりで出現します""]

北東の湖周辺に4シンボル。1匹構成でみずたまドラゴンがつく。即湧きだが遠い。
ver: 5.4","2026-03-14 06:52:58","2026-03-23 10:34:09"
314,194,87,64,"[""F5"",""F6"",""G5"",""G6"",""H4"",""H5"",""H6"",""C5"",""B4"",""E5""]",いつでも,1〜2,少ない,大樹の根っこの上や橋の上にいます。1〜2匹で出て、東部ではしりょうのきしも混ざります。,0,"[""マップ東のエリアに出現、あといろんな所にある橋の上にもいます、数は少なめ""]

東部にまばらにいる他、大樹の根っこの上にもいる。1～2匹構成で東部ではしりょうのきしが混成する。
ver: 5.4","2026-03-14 06:53:01","2026-03-22 11:12:36"
315,200,87,64,"[""D3"",""D6"",""G5""]",いつでも,1〜2,多い,おすすめです。マップ全域に点在する毒の沼地の中にいます。1〜2匹で出ます。,1,"[""低所の毒の沼地で出現します、G-5・6やD-3、D-6など""]

おすすめ。マップ全域に点在する毒の沼地の中にいる。1～2匹構成。1ヶ所で狩っていると枯れるので移動しながら。毒沼のダメージは少ないが、気になる場合はトラマナミストで無効化できる。
ver: 5.4","2026-03-14 06:53:01","2026-03-22 11:38:52"
316,212,87,64,"[""F5"",""F6"",""G5"",""G6"",""H5"",""H6"",""E5"",""E6""]",いつでも,1〜2,普通,東部にいます。1〜2匹構成でえんまのつかいも一緒に出ます。,0,"[""落葉の草原から入ってすぐの東のエリアで広く出現します""]

東部に生息。1～2匹構成でえんまのつかいにもつく。ウィッチネイルが呼び出すことも。
ver: 5.4","2026-03-14 06:53:01","2026-03-22 11:56:08"
317,215,87,64,"[""C5"",""C6"",""C7"",""C8"",""D5"",""D6"",""D7"",""D8""]",いつでも,1〜3,少ない,西部にいます。1〜3匹で出て、ウドラーも混ざります。シンボルは点々といます。,0,"[""マップ中央から南西エリアの広範囲で出現します""]

西部に生息。1～3匹でウドラーと互いに混成する。シンボルはまばら。
ver: 5.4","2026-03-14 06:53:01","2026-03-22 12:09:24"
318,284,87,64,"[""A5"",""A6"",""A7"",""A8"",""B5"",""B6"",""B7"",""B8"",""C5"",""C6"",""C7"",""C8"",""D5"",""D6"",""D7"",""D8""]",いつでも,1,多い,西部にたくさんいます。1匹で出て、きせいじゅも混ざります。,0,"[""[\"1匹\",\"マップ中央から南西エリアの広範囲で出現します\"] \/ 1匹"",""マップ中央から南西エリアの広範囲で出現します""]

No.125(美容院デビルレッド)クエ対象。 西部にたくさんいる。1匹構成できせいじゅと互いに混成する。
ver: 5.4","2026-03-14 06:53:01","2026-03-22 15:17:54"
319,426,87,64,"[""A1"",""A2"",""A3"",""B1"",""B2"",""B3"",""C1"",""C2"",""C3""]",いつでも,1,多い,北西部の強敵エリアにわさわさいます。1匹ずつ出ます。,0,"[""[\"1匹\",\"北西エリアにたくさんいます\"] \/ 1匹"",""北西エリアにたくさんいます""]

北西部の強敵エリアにわさわさいる。1匹構成。
ver: 5.4","2026-03-14 06:53:01","2026-03-23 09:30:40"
320,446,87,64,"[""A3"",""A4"",""B3"",""B4"",""C3"",""C4"",""D3"",""A2"",""B2"",""C2"",""D2"",""D4""]",いつでも,1,少ない,北西の強敵エリアに点々といます。1匹ずつ出ます。,0,"[""[\"1匹\",\"北西エリアに出現します、数は少なめ\"] \/ 1匹"",""北西エリアに出現します、数は少なめ""]

北西の強敵エリアにまばら。1匹構成。
ver: 5.4","2026-03-14 06:53:01","2026-03-23 10:12:30"
321,545,87,64,"[""D2""]",いつでも,1,1,北西部の強敵エリアに1シンボルのみ、湧きは5分。,0,"[""D-2に1匹いた"",""[\"1匹\",\"D-2に1匹いた\"] \/ 1匹""]

北西部の強敵エリアに1シンボルのみ、再ポップも5分と長くおすすめしない。
ver: 5.4","2026-03-14 06:53:01","2026-03-23 14:21:39"
322,547,87,64,"[""A3"",""C1""]",いつでも,1,少ない,1匹ずつ出ます。湧きは30秒と早めです。,0,"[""C-1とA-3に1匹ずついる"",""[\"1匹\",\"C-1とA-3に1匹ずついる\"] \/ 1匹""]

A-3やC-2の突き出た根っこのそばに転がっている。1匹構成。湧きは30秒と早め。
ver: 5.4","2026-03-14 06:53:01","2026-03-23 14:30:04"
323,1,91,67,"[""G1"",""H1"",""G2"",""H2""]",いつでも,1,多い,入口あたりでよく見かけます。1匹ずつ出ます。,0,"[""[\"1匹@入口\",\"アグラニの町から入るとすぐにいます\"] \/ 1匹@入口"",""アグラニの町から入るとすぐにいます""]

入口周辺に多数。1匹構成。ツンドラキー探し中にぶつかることも。
ver: 5.4","2026-03-14 06:53:05","2026-04-02 08:31:23"
332,1,89,68,"[""G7"",""H7"",""G8"",""H8""]",いつでも,1,多い,アグラニの町あたりでよく見かけます。1匹ずつ出ます。,0,"[""アグラニの町を出るとすぐいます""]

アグラニの町周辺に多数。1匹構成。
ver: 5.4","2026-03-14 06:53:08","2026-04-02 08:31:24"
333,10,89,68,"[""G7"",""H7"",""G8"",""H8"",""G5"",""H5"",""G6"",""H6""]",いつでも,1,普通,地域限定。アグラニの町周辺に点在です。1匹ずつ出ます。たまに端のほうに固まって湧いてしまうので注意です。アグラニの町を出るとすぐいます。,1,"[""アグラニの町を出るとすぐいます""]

地域限定モンスター。アグラニの町周辺に点在。1匹構成。たまに端のほうに固まって湧いてしまうので注意。
ver: 5.4","2026-03-14 06:53:08","2026-03-21 11:52:48"
335,12,89,68,"[""G5"",""H5""]",いつでも,1,多い,アグラニの町北のトンネルにいます。シンボル数は多いが1匹で出ます。,0,"[""G-5のトンネル内にたくさんいます""]

アグラニの町北のトンネルに生息。シンボル数は多いが1匹構成。
ver: 5.4","2026-03-14 06:53:08","2026-03-21 12:05:04"
336,15,89,68,"[""G3"",""G4""]",いつでも,1,多い,マップ中央の湖から東にかけています。1匹湧きです。メラリザードも一緒に狩るとよいです。,0,"[""G-3・4にたくさんいます""]

マップ中央の湖から東にかけて群生している。1匹湧き。メラリザードも一緒に狩るとよい。
ver: 5.4","2026-03-14 06:53:08","2026-03-21 12:10:13"
337,18,89,68,"[""E2""]",いつでも,,少ない,北側のトンネル内で光がさしているところのE-2にいます。,0,"[""北側のトンネル内で光がさしているところ(E-2)にいる""]

各地のトンネルの吹き抜け部分に少数。
ver: 5.4","2026-03-14 06:53:08","2026-03-21 12:35:26"
338,24,89,68,"[""F2"",""G3""]",夜,1,多い,G-3付近にまとまっています。1匹ずつ出ます。シンボル数が多くおすすめです。マップ北のトンネル外にもいます。夜は眠っている個体もいます。,1,"[""モガリム街道近くのG-3とF-2にもいます""]

G-3付近に密集している。1匹構成。シンボル数が多くおすすめ。マップ北のトンネル外にもいる。夜は眠っている個体もいる。
ver: 5.4","2026-03-14 06:53:08","2026-03-21 12:58:39"
339,36,89,68,"[""B2"",""C2"",""D2"",""E2"",""E5""]",夜,1,多い,マップ北とE-5のトンネル群にたくさんいます。1匹ずつ出ます。夜は眠っていることが多いです。,1,"[""北側のトンネル内(E-2～B-2)に出現、E-5にもいる""]

マップ北とE-5のトンネル群に多数生息。1匹構成。夜は眠っていることが多い。
ver: 5.4","2026-03-14 06:53:08","2026-03-21 13:12:10"
340,39,89,68,"[""B2"",""C2"",""D2"",""E2"",""E5""]",いつでも,,少ない,マップ北とE-5のトンネルにいます。シンボル数は少なめです。,0,"[""北側のトンネル内(E-2～B-2)に出現、E-5にもいる""]

マップ北とE-5のトンネルに生息。シンボル数は少なめ。
ver: 5.4","2026-03-14 06:53:08","2026-03-21 13:16:26"
341,204,89,68,"[""B4"",""C5""]",いつでも,1〜2,普通,B-4、C-5のトンネル部分にいます。1〜2匹で出ますて、しりょうのきしが一緒に出ます。,0,"[""[\"混1-2匹@B4&C5\",\"マップ南西のトンネル内(B-4・C-5)にいる\"] \/ 混1-2匹@B4&C5"",""マップ南西のトンネル内(B-4・C-5)にいる""]

B-4、C-5のトンネル部分に生息。1～2匹構成でしりょうのきしがつく。ルーラ地点すぐにそこそこの数がいるので便利。
ver: 5.5","2026-03-14 06:53:08","2026-03-22 11:47:43"
342,212,89,68,"[""B4"",""C5""]",いつでも,1〜2,普通,B-4、C-5のトンネルにいます。1〜2匹で出ます。パペットロープが一緒に出ます。,0,"[""マップ南西のトンネル内(B-4・C-5)にいる""]

B-4、C-5のトンネルに生息。1～2匹構成でパペットロープがつく。
ver: 5.4","2026-03-14 06:53:08","2026-03-22 11:56:09"
343,220,89,68,"[""B3"",""C4"",""B4""]",いつでも,1〜2,少ない,1〜2匹で出ます。マップ西側にいますが、シンボルが点々。,0,"[""マップ西側のB-3・C-4あたりに出現、数は少なめ""]

1～2匹構成。マップ西側にいるが、シンボルがまばらなので微妙か。
ver: 5.4","2026-03-14 06:53:08","2026-03-23 19:30:45"
344,291,89,68,"[""C6"",""D6""]",昼,1,普通,昼･1匹で出ます。,0,昼･1匹,"2026-03-14 06:53:08","2026-03-22 15:48:14"
345,301,89,68,"[""B3"",""C4"",""B4"",""C3""]",いつでも,1,普通,1匹で出ます。西側のB-3、C-4あたりにそこそこ出現します。,0,"[""[\"1匹\",\"マップ西側のB-3・C-4あたりにそこそこ出現します\"] \/ 1匹"",""マップ西側のB-3・C-4あたりにそこそこ出現します""]

マップ西側にそこそこの数がいる。
ver: 5.4","2026-03-14 06:53:08","2026-03-22 17:12:33"
346,303,89,68,"[""B3"",""C4""]",いつでも,1,少ない,マップ西側に1シンボルです。,0,"[""[\"1匹\",\"マップ西側のB-3・C-4あたりに1匹出現します\"] \/ 1匹"",""マップ西側のB-3・C-4あたりに1匹出現します""]

マップ西側に1シンボル。とても稼ぎには使えない。
ver: 5.4","2026-03-14 06:53:08","2026-03-22 17:17:48"
348,225,90,69,"[""D7"",""C4"",""F4"",""D3"",""E5"",""D5""]",いつでも,1〜2,多い,クレーターに大量にいます。1〜2匹で出ます。,0,"[""[\"1-2匹@穴\",\"中くらいと一番大きなクレーターの中にいる\"] \/ 1-2匹@穴"",""中くらいと一番大きなクレーターの中にいる""]

マップ東西の中型のクレーターに大量にいる。1～2匹構成。 Lv解放クエで大混雑したためVer1.1で大幅増量された。
ver: 5.4","2026-03-14 06:53:11","2026-03-22 12:28:21"
349,258,90,69,"[""A1"",""A2"",""A3"",""A4"",""A5"",""A6"",""A7"",""A8"",""B1"",""B2"",""B3"",""B4"",""B5"",""B6"",""B7"",""B8"",""C1"",""C2"",""C3"",""C4"",""C5"",""C6"",""C7"",""C8"",""D1"",""D2"",""D3"",""D4"",""D5"",""D6"",""D7"",""D8"",""E1"",""E2"",""E3"",""E4"",""E5"",""E6"",""E7"",""E8"",""F1"",""F2"",""F3"",""F4"",""F5"",""F6"",""F7"",""F8"",""G1"",""G2"",""G3"",""G4"",""G5"",""G6"",""G7"",""G8"",""H1"",""H2"",""H3"",""H4"",""H5"",""H6"",""H7"",""H8""]",いつでも,1〜2,ちらほら,フィールド全体(クレータ以外)にいます。密度は高くないです。1〜2匹でブラックマンティスも混ざります。,0,"[""[\"1-2匹@地上全体\",\"マップの全域に散らばっています。クレーター以外\"] \/ 1-2匹@地上全体"",""マップの全域に散らばっています。クレーター以外""]

フィールド全体に生息。密度は高くない。1～2匹構成でブラックマンティスと相互に混成する。
ver: 5.4","2026-03-14 06:53:11","2026-03-22 13:30:25"
350,297,90,69,"[""A8"",""B3"",""B4"",""B5"",""B6"",""B7"",""B8"",""C3"",""C5"",""C6"",""C7"",""C8"",""D3"",""D4"",""D6"",""D7"",""D8"",""E3"",""E4"",""E6"",""E7"",""E8"",""F3"",""F4"",""F5"",""F6"",""F7"",""F8"",""G3"",""G4"",""G5"",""G6"",""G7"",""G8"",""H3"",""H4"",""H5"",""H6"",""H7"",""H8"",""B1"",""B2"",""C1"",""D1"",""C2"",""D2"",""E1"",""F1"",""E2"",""F2"",""G1"",""H1"",""G2"",""H2"",""A1"",""A2"",""A3"",""A4"",""A5"",""A6"",""A7"",""C4"",""D5"",""E5""]",いつでも,1〜2,多い,クレーターの外にいます。1〜2匹でダーティラビッツも混ざります。地上全体では1〜2匹で出ます。,0,"[""[\"1-2匹@地上全体\",\"マップの全域にいるがダーティーラビッツより少なめ。クレーター以外\"] \/ 1-2匹@地上全体"",""マップの全域にいるがダーティーラビッツより少なめ。クレーター以外""]

クレーターの外に生息。シンボル密度は低い。1～2匹構成でダーティラビッツと相互に混成する。
ver: 5.4","2026-03-14 06:53:11","2026-03-22 16:09:32"
351,377,90,69,"[""D3"",""E5"",""D5"",""C4"",""C2"",""F4"",""G5"",""D7"",""D6""]",いつでも,1〜2,普通,各地のクレーターにいます。レッドイーターも混ざります。1ヶ所で狩っていると枯れやすいです。,0,"[""[\"混1-2匹@穴\",\"中くらいと一番大きなクレーターの中にいる\"] \/ 混1-2匹@穴"",""中くらいと一番大きなクレーターの中にいる""]

各地のクレーターに生息。レッドイーターと混成する。1ヶ所で狩っていると枯れてしまう。
ver: 5.4","2026-03-14 06:53:11","2026-03-23 07:17:19"
352,380,90,69,"[""D3"",""C4"",""C2"",""E5"",""D5"",""E7"",""D7"",""D6"",""E6"",""G5"",""F5"",""F4"",""G4""]",いつでも,1〜2,普通,各地のクレーターにいます。ブルーイーターも混ざります。1ヶ所で狩っていると枯れやすいです。穴では1〜2匹で出ます。ほかの敵も混ざります。中くらいと一番大きなクレーターの中にいます。,0,"[""[\"混1-2匹@穴\",\"中くらいと一番大きなクレーターの中にいる\"] \/ 混1-2匹@穴"",""中くらいと一番大きなクレーターの中にいる""]

各地のクレーターに生息。ブルーイーターと混成する。1ヶ所で狩っていると枯れてしまう。
ver: 5.4","2026-03-14 06:53:11","2026-03-23 07:23:12"
353,489,90,69,"[""D4"",""D5"",""E4"",""E5"",""D3"",""E3"",""D7"",""D6"",""E6"",""E7""]",いつでも,1,4,中央3つの巨大なクレーターに出ます。即湧きだがどのクレーターに湧くかはわからない。,0,"[""[\"1匹@中央の穴\",\"一番大きなクレーターの中にいるが少ない\"] \/ 1匹@中央の穴"",""一番大きなクレーターの中にいるが少ない""]

中央3つの巨大なクレーターに出現。即湧きだがどのクレーターに湧くかは勘で。4シンボルまで増え、かなり戦いやすくなった。1匹構成。
ver: 5.4","2026-03-14 06:53:11","2026-03-23 11:26:02"
354,547,90,69,"[""C4"",""G4"",""F4"",""C2""]",いつでも,1,普通,小さなクレーターの中にいます。1匹ずつ出ます。,0,"[""[\"1匹@小穴\",\"ちいさなクレーターの中にランダムでいます\"] \/ 1匹@小穴"",""ちいさなクレーターの中にランダムでいます""]

小さなクレーターの中に崩れた状態でいる。1匹構成。わざわざ狩りに行く意味は薄い。
ver: 5.4","2026-03-14 06:53:11","2026-03-23 14:30:04"
355,23,93,70,"[""C3"",""C4"",""D3"",""D4"",""E3"",""E4"",""F3"",""F4""]",いつでも,2,普通,モガレキャンプから東側の広範囲にいます。おすすめです。,1,"[""モガレキャンプから東側の広範囲にいます""]

おすすめ。モガレキャンプから東にかけて広く生息。モガレの洞くつ前では2匹出ることもある。
ver: 5.4","2026-03-14 06:53:15","2026-06-27 00:04:04"
356,39,93,70,"[""F2"",""F3"",""F4"",""F5"",""F6"",""F7"",""G2"",""G3"",""G4"",""G5"",""G6"",""G7"",""H2"",""H3"",""H4"",""H5"",""H6"",""H7"",""C3"",""C5"",""C6"",""C4""]",いつでも,1,多い,1匹湧きは、マップ中央から西部にかけてかなり多めいます。モガレキャンプの東から南にかけても大量にいます。,1,"[""モガレキャンプの東から南にかけて大量にいる""]

1匹湧きだが、マップ中央から西部にかけてうじゃうじゃいる。
ver: 5.4","2026-03-14 06:53:15","2026-03-21 13:16:26"
357,43,93,70,"[""B7"",""C6"",""F3"",""B8""]",いつでも,1〜2,多い,おすすめです。1〜2匹でマップ南西の坑道付近にシンボルたくさんいます。C-6や3Fの坑道前にも多少います。,1,"[""B-7・8にいっぱいいる、C-6とF-3のトンネル前にもいる。""]

おすすめ。1～2匹構成でマップ南西の坑道付近にシンボル多数。C6や3Fの坑道前にも多少いる。
ver: 5.4","2026-03-14 06:53:15","2026-03-21 13:20:07"
358,49,93,70,"[""B6"",""C5"",""C6"",""D6"",""D5""]",いつでも,1,多い,C-5から南西にかけてシンボルです。1匹で木の周りによくいます。,0,"[""ガタラ原野近くのB-6あたりにたくさんいます""]

C-5から南西にかけてシンボル。1匹構成で木の周りによくいる。
ver: 5.4","2026-03-14 06:53:15","2026-03-21 13:30:49"
359,53,93,70,"[""E2""]",いつでも,1,普通,モガレの洞くつに行く橋の上に3シンボルです。1匹ずつ出ます。湧き時間は30秒ほどで若干待たされます。,0,"[""E-2の橋の上にいます""]

モガレの洞くつに行く橋の上に3シンボル。1匹構成。湧き時間は30秒ほどで若干待たされる。
ver: 5.4","2026-03-14 06:53:15","2026-03-21 13:35:54"
360,66,93,71,"[""C5"",""D5"",""A7""]",夜,1,多い,マップ西側の坑道内にたくさんいます。1匹ずつ出ます。夜にはワイトキングと一緒にC-5あたりにも出ることがあります。,1,"[""夜のC-5・D-5あたりにいる、F-3から入るトンネル内や南側のトンネル内にもいる。""]

No.022(ガタラ便せん)クエ対象。 マップ西側の坑道内に多数生息。1匹構成。夜にはワイトキングと一緒にC-5あたりにも出没する。
ver: 5.4","2026-03-14 06:53:15","2026-03-21 13:53:10"
361,98,93,70,"[""B8""]",いつでも,1,少ない,マップ南西の洞窟前に1シンボルのみです。湧きも遅いです。,0,"[""少ないがB-8に1匹いた""]

マップ南西の洞窟前に1シンボルのみ。湧きも遅い。
ver: 5.4","2026-03-14 06:53:15","2026-03-21 16:11:44"
362,127,93,70,"[""G2"",""G3"",""G4"",""H2"",""H3"",""H4""]",いつでも,1〜2,多い,F-3の坑道を抜けて東側に行くといます。1〜2匹でオークも混ざります。,0,"[""マップの東側エリアにたくさんいます""]

F-3の坑道を抜けて東側に行くといる。1～2匹構成でオークと相互に混成する。
ver: 1.5","2026-03-14 06:53:15","2026-03-21 18:44:35"
363,136,93,70,"[""D4""]",いつでも,1〜2,多い,D-4の高い丘に固まっています。,0,"[""D-4の高い丘に固まっています"",""[\"1-2匹@D4\",\"D-4の高い丘に固まっています\"] \/ 1-2匹@D4""]

モガレキャンプ南東の崖の上に4シンボル。密集しているが、湧きは1分程度で多少待ちがある。1～2匹構成。たまに崖から落ちて自然消滅してしまう。
ver: 5.4","2026-03-14 06:53:15","2026-03-21 18:57:00"
364,143,93,70,"[""G2"",""G3"",""G4"",""H2"",""H3"",""H4""]",いつでも,1〜2,少ない,東側にいます。1〜2匹でメイジキメラも混ざります。シンボルは少なめです。,0,"[""マップの東側エリアにいます""]

No.073(盗賊2話)対象。 東側にいる。1～2匹構成でメイジキメラと相互に混成する。シンボルは少なめ。
ver: 5.4","2026-03-14 06:53:15","2026-03-21 19:11:16"
365,253,93,70,"[""D5"",""B8""]",夜,1,少ない,昼は西側の洞窟内におり、夜になると屋外のC-5あたりに出ます。お供はしのどれいが2匹までです。,1,"[""夜のD-5あたりに1匹いる、昼はB-8のトンネル内に1匹いる""]

昼は西側の洞窟内におり、夜になると屋外のC-5あたりに出現。お供はしのどれいが2匹まで。後者はおおよそ1分で再ポップ、拠点から近く範囲も狭いのでいちばんおすすめ。
ver: 5.4","2026-03-14 06:53:15","2026-03-22 13:20:54"
366,728,93,70,"[""B7"",""C6"",""F3"",""B8""]",いつでも,1〜2,多い,おすすめです。1〜2匹でマップ南西の坑道付近にシンボルたくさんいます。C-6や3Fの坑道前にも多少います。,1,"[""B-7・8にいっぱいいる、C-6とF-3のトンネル前にもいる。""]

おすすめ。1～2匹構成でマップ南西の坑道付近にシンボル多数。C6や3Fの坑道前にも多少いる。
ver: 5.4","2026-03-14 06:53:15","2026-03-21 13:20:07"
367,745,93,70,"[""D4""]",いつでも,1〜2,多い,D-4の高い丘に固まっています。,0,"[""D-4の高い丘に固まっています"",""[\"1-2匹@D4\",\"D-4の高い丘に固まっています\"] \/ 1-2匹@D4""]

モガレキャンプ南東の崖の上に4シンボル。密集しているが、湧きは1分程度で多少待ちがある。1～2匹構成。たまに崖から落ちて自然消滅してしまう。
ver: 5.4","2026-03-14 06:53:15","2026-03-21 18:57:00"
368,253,93,71,"[""C5"",""A7""]",いつでも,1,普通,昼は西側の洞窟内におり、夜になると屋外のC-5あたりに出ます。お供はしのどれいが2匹までです。,1,夜･1匹,"2026-03-14 06:53:15","2026-03-22 13:20:54"
369,259,93,70,"[""F7"",""G2"",""G3"",""G4"",""G5"",""G6"",""G7"",""H2"",""H3"",""H4"",""H5"",""H6"",""H7""]",いつでも,1,普通,マップ東側の洞窟にいます。1匹で数も多くはないです。,0,"[""[\"1匹\",\"東エリアの入り組んだトンネル内にいます\"] \/ 1匹"",""東エリアの入り組んだトンネル内にいます""]

マップ東側の洞窟に生息。1匹構成で数も多くはない。
ver: 5.4","2026-03-14 06:53:15","2026-03-22 13:32:00"
370,423,97,72,"[""A5"",""A6"",""B5"",""B6"",""C5"",""C6""]",いつでも,2,多い,おすすめです。川の西側に大量にいます。2匹で出ます。,1,"[""[\"2匹\",\"マップ中央から西側にたくさんいます、ガタラ原野から入るとすぐ\"] \/ 2匹"",""マップ中央から西側にたくさんいます、ガタラ原野から入るとすぐ""]

おすすめ。川の西側に大量に生息。2匹構成。
ver: 5.4","2026-03-14 06:53:18","2026-03-23 09:16:49"
371,485,97,72,"[""B5"",""C5""]",いつでも,1,普通,湧きは1分ほどですB-5とC-5の境目付近がおすすめです。,1,"[""[\"1匹\",\"マップの西側B-5あたりに3匹ほど固まっている\"] \/ 1匹"",""マップの西側B-5あたりに3匹ほど固まっている""]

西部に生息。1匹構成。解放クエのターゲットのためシンボルが大量に追加された。A6とB5の湖のほとりは固定湧き。1分→10分→1分と何度も湧き時間を変更された。今は一分ほど。あまり早く狩ると待ち時間が生じる。B5とC5の境目付近がおすすめ。
ver: 3.3","2026-03-14 06:53:18","2026-03-23 11:16:43"
372,509,97,72,"[""G5"",""G6"",""H5"",""H6""]",いつでも,1,多い,川の東側に大量にいます。1匹ずつ出ます。,0,"[""[\"1匹\",\"川から東側のエリアに出現します\"] \/ 1匹"",""川から東側のエリアに出現します""]

川の東側に大量に生息。1匹構成。
ver: 5.4","2026-03-14 06:53:18","2026-03-23 13:04:02"
373,517,97,72,"[""A1"",""A2"",""A3"",""A4"",""A5"",""A6"",""A7"",""A8"",""B1"",""B2"",""B3"",""B4"",""B5"",""B6"",""B7"",""B8"",""C1"",""C2"",""C3"",""C4"",""C5"",""C6"",""C7"",""C8"",""D1"",""D2"",""D3"",""D4"",""D5"",""D6"",""D7"",""D8"",""E1"",""E2"",""E3"",""E4"",""E5"",""E6"",""E7"",""E8"",""F1"",""F2"",""F3"",""F4"",""F5"",""F6"",""F7"",""F8"",""G1"",""G2"",""G3"",""G4"",""G5"",""G6"",""G7"",""G8"",""H1"",""H2"",""H3"",""H4"",""H5"",""H6"",""H7"",""H8""]",いつでも,1〜2,多い,全域におり、シンボルの多さは東部が上です。1〜2匹で出ます。,0,"[""[\"1-2匹\",\"マップのほぼ全域に出現します\"] \/ 1-2匹"",""マップのほぼ全域に出現します""]

全域におり、シンボルの多さは東部が上。1～2匹構成。
ver: 5.4","2026-03-14 06:53:18","2026-03-23 13:40:42"
374,616,97,72,"[""F5"",""G4""]",いつでも,1,普通,G4、F5の橋の上に出ます。2分くらいで再湧きします。,0,"[""G-4とF-5の橋の上に1匹ずついます"",""[\"1匹\",\"G-4とF-5の橋の上に1匹ずついます\"] \/ 1匹""]

G-4、F-5の橋の上に出現。2分くらいで再湧きする。
ver: 5.4","2026-03-14 06:53:18","2026-03-23 16:56:45"
375,2,94,73,"[""D3"",""G6""]",いつでも,1〜2,多い,町の前や南部の橋あたりでよく見かけます。南は1〜2匹で出ます。,0,"[""[\"1匹@D3＆G6\",\"岳都ガタラを出るとすぐいます\"] \/ 1匹@D3＆G6"",""岳都ガタラを出るとすぐいます""]

町の前や南部の橋周辺に多数。南部のものは1～2匹構成。
ver: 5.4","2026-03-14 06:53:21","2026-04-02 08:32:15"
376,49,94,73,"[""F7"",""F6"",""F5"",""F4"",""E4"",""E3"",""E5"",""E6"",""E7"",""F3""]",いつでも,1,普通,南北の道沿いに広い範囲でいます。1匹ずつ出ます。,0,"[""[\"1匹@沿道\",\"ガタラから出てサーマリ高原までずっと出る\"] \/ 1匹@沿道"",""ガタラから出てサーマリ高原までずっと出る""]

南北の街道沿いに広く生息。1匹構成。
ver: 5.4","2026-03-14 06:53:21","2026-03-21 13:30:49"
377,70,94,73,"[""B5""]",いつでも,1〜2,普通,B-5あたりの水辺にいます。1〜2匹で出ます。,0,"[""B-5の湖周辺に固まっています"",""[\"1-2匹@B5\",\"B-5の湖周辺に固まっています\"] \/ 1-2匹@B5""]

B-5あたりの水辺に生息。1～2匹構成。
ver: 5.4","2026-03-14 06:53:21","2026-03-21 13:58:31"
378,72,94,73,"[""B3"",""B4""]",いつでも,1〜3,普通,線路から西にいます。1〜3匹で出ます。また、バブリンも混ざります。,0,"[""[\"1-3匹@西\",\"ウルベア地下遺跡近くB-3・4あたりで出現\"] \/ 1-3匹@西"",""ウルベア地下遺跡近くB-3・4あたりで出現""]

線路から西に生息。1～3匹構成。また、地域限定モンスターのバブリンに混成する。
ver: 5.4","2026-03-14 06:53:21","2026-03-21 14:00:42"
379,74,94,73,"[""D3"",""E3"",""E4"",""F3"",""F5"",""F6""]",いつでも,1,普通,道沿いに広い範囲でいます。1匹ずつ出ます。地面の色と同化して若干見つけづらいです。,0,"[""[\"1匹@沿道\",\"マップ中央に出現します\"] \/ 1匹@沿道"",""マップ中央に出現します""]

No.303(どうぐ使い解放)クエ対象。 街道沿いに広く生息。1匹構成。地面の色と同化して若干見つけづらい。
ver: 5.4","2026-03-14 06:53:21","2026-03-21 14:12:32"
380,76,94,73,"[""F6""]",いつでも,1〜2,多い,沿道＆南高台では1〜2匹で出ます。,0,"[""[\"1-2匹@沿道＆南高台\",\"マップ中央に出現、F-6の高台に固まっている\"] \/ 1-2匹@沿道＆南高台"",""マップ中央に出現、F-6の高台に固まっている""]

No.303(どうぐ使い解放)クエ対象。 街道沿いに広く生息しており、南の高台には群生地もある。1～2匹構成。
ver: 5.4","2026-03-14 06:53:21","2026-03-21 14:18:42"
381,90,94,73,"[""B4"",""B5"",""C4"",""C5"",""C3"",""B3"",""A3"",""A4"",""A5""]",いつでも,1〜2,普通,地域限定。線路の西側に広くいます。1〜2匹で出て、ハンターフライも混ざります。,1,"[""[\"1-2匹@西\",\"鉄道の橋から西側に出現します\"] \/ 1-2匹@西"",""鉄道の橋から西側に出現します""]

地域限定モンスター。線路の西側に分布。1～2匹構成でハンターフライが混成する。
ver: 5.4","2026-03-14 06:53:21","2026-03-21 15:43:28"
383,823,94,73,"[""F4"",""H4""]",いつでも,1,2,F4の遺跡の森の近辺では1匹で出ます。湧きは遅いです。,0,"[""F-4の遺跡の森の近くに1匹いる、H-4にも1匹いる"",""[\"1匹@遺跡\",\"F-4の遺跡の森の近くに1匹いる、H-4にも1匹いる\"] \/ 1匹@遺跡""]

遺跡の森に2シンボル。1匹構成で湧きも遅い。
ver: 5.4","2026-03-14 06:53:21","2026-03-24 07:36:53"
384,259,94,73,"[""F4"",""F5""]",いつでも,1,多い,遺跡では1匹で出ます。遺跡の森あたりF-4〜5あたりに結構います。,0,"[""[\"1匹@遺跡\",\"遺跡の森周辺F-4・5あたりに結構いる\"] \/ 1匹@遺跡"",""遺跡の森周辺F-4・5あたりに結構いる""]

遺跡の森に結構いるが常に単体沸き。遺跡の森全域で湧きを共有しているので注意。
ver: 5.4","2026-03-14 06:53:21","2026-03-22 13:32:00"
385,733,94,73,"[""B5""]",いつでも,1〜2,普通,B-5あたりの水辺にいます。1〜2匹で出ます。,0,"[""B-5の湖周辺に固まっています"",""[\"1-2匹@B5\",\"B-5の湖周辺に固まっています\"] \/ 1-2匹@B5""]

B-5あたりの水辺に生息。1～2匹構成。
ver: 5.4","2026-03-14 06:53:21","2026-03-21 13:58:31"
386,734,94,73,"[""F6""]",いつでも,1〜2,多い,沿道＆南高台では1〜2匹で出ます。,0,"[""[\"1-2匹@沿道＆南高台\",\"マップ中央に出現、F-6の高台に固まっている\"] \/ 1-2匹@沿道＆南高台"",""マップ中央に出現、F-6の高台に固まっている""]

No.303(どうぐ使い解放)クエ対象。 街道沿いに広く生息しており、南の高台には群生地もある。1～2匹構成。
ver: 5.4","2026-03-14 06:53:21","2026-03-21 14:18:42"
387,87,101,77,"[""A1"",""A2"",""A3"",""A4"",""B1"",""B2"",""B3"",""B4"",""C1"",""C2"",""C3"",""C4"",""C5"",""C6"",""C7"",""C8"",""D1"",""D2"",""D3"",""D4"",""D5"",""D6"",""D7"",""D8"",""E1"",""E2"",""E3"",""E4"",""E5"",""E6"",""F1"",""F2"",""F3"",""F4"",""F5"",""F6"",""G3"",""G4"",""G5"",""G6"",""H3"",""H4"",""H5"",""H6""]",いつでも,1〜2,多い,地下1階のほぼ全域にいます。通路は1匹で出ます。開けた所では1〜2匹で出て、マジカルハットも混ざります。,0,"[""[\"混1-2匹@全域\",\"ガタラ原野から入って地下1階全域にいたくさんいる\"] \/ 混1-2匹@全域"",""ガタラ原野から入って地下1階全域にいたくさんいる""]

地下1階のほぼ全域に生息。通路は1匹構成。開けた所では1～2匹構成で、マジカルハットが混成する。
ver: 5.4","2026-03-14 06:53:29","2026-03-23 18:34:18"
388,100,101,77,"[""A1"",""A2"",""A3"",""A4"",""A5"",""A6"",""A7"",""A8"",""B1"",""B2"",""B3"",""B4"",""B5"",""B6"",""B7"",""B8"",""C1"",""C2"",""C3"",""C4"",""C5"",""C6"",""C7"",""C8"",""D1"",""D2"",""D3"",""D4"",""D5"",""D6"",""D7"",""D8"",""E1"",""E2"",""E3"",""E4"",""E5"",""E6"",""E7"",""E8"",""F1"",""F2"",""F3"",""F4"",""F5"",""F6"",""F7"",""F8"",""G1"",""G2"",""G3"",""G4"",""G5"",""G6"",""G7"",""G8"",""H1"",""H2"",""H3"",""H4"",""H5"",""H6"",""H7"",""H8""]",いつでも,1〜2,多い,地下1階全域にいます。1〜2匹で出ます。,0,"[""[\"1-2匹@全域\",\"ガタラ原野から入って地下1階全域にいたくさんいる\"] \/ 1-2匹@全域"",""ガタラ原野から入って地下1階全域にいたくさんいる""]

地下1階全域に生息。1～2匹構成。ずっと同じ場所で狩っているとそのうち涸れる。
ver: 5.4","2026-03-14 06:53:29","2026-03-21 17:28:45"
389,738,101,77,"[""A1"",""A2"",""A3"",""A4"",""A5"",""A6"",""A7"",""A8"",""B1"",""B2"",""B3"",""B4"",""B5"",""B6"",""B7"",""B8"",""C1"",""C2"",""C3"",""C4"",""C5"",""C6"",""C7"",""C8"",""D1"",""D2"",""D3"",""D4"",""D5"",""D6"",""D7"",""D8"",""E1"",""E2"",""E3"",""E4"",""E5"",""E6"",""E7"",""E8"",""F1"",""F2"",""F3"",""F4"",""F5"",""F6"",""F7"",""F8"",""G1"",""G2"",""G3"",""G4"",""G5"",""G6"",""G7"",""G8"",""H1"",""H2"",""H3"",""H4"",""H5"",""H6"",""H7"",""H8""]",いつでも,1〜2,多い,地下1階全域にいます。1〜2匹で出ます。,0,"[""[\"1-2匹@全域\",\"ガタラ原野から入って地下1階全域にいたくさんいる\"] \/ 1-2匹@全域"",""ガタラ原野から入って地下1階全域にいたくさんいる""]

地下1階全域に生息。1～2匹構成。ずっと同じ場所で狩っているとそのうち涸れる。
ver: 5.4","2026-03-14 06:53:29","2026-03-21 17:28:45"
390,18,101,78,"[""B3"",""E7""]",いつでも,1,少ない,地下1階F-5にいます。地下2階B-3、E-7に1匹ずついます。,0,"[""地下1階F-5、地下2階B-3とE-7に1匹ずついます""]","2026-03-14 06:53:29","2026-03-21 12:35:26"
391,111,101,78,"[""A1"",""A2"",""A3"",""A4"",""A5"",""A6"",""A7"",""A8"",""B1"",""B2"",""B3"",""B4"",""B5"",""B6"",""B7"",""B8"",""C1"",""C2"",""C3"",""C4"",""C5"",""C6"",""C7"",""C8"",""D1"",""D2"",""D3"",""D4"",""D5"",""D6"",""D7"",""D8"",""E1"",""E2"",""E3"",""E4"",""E5"",""E6"",""E7"",""E8"",""F1"",""F2"",""F3"",""F4"",""F5"",""F6"",""F7"",""F8"",""G1"",""G2"",""G3"",""G4"",""G5"",""G6"",""G7"",""G8"",""H1"",""H2"",""H3"",""H4"",""H5"",""H6"",""H7"",""H8""]",いつでも,1〜2,多い,地域限定。東側では通路上は1匹、開けた所では1〜2匹でどくどくゾンビと混成です。西側では1〜3体出ます,1,"[""地下2階の全域にたくさんいる""]

地域限定モンスター。地下2階東側では通路上は1匹、開けた所では1～2匹でどくどくゾンビと混成。西側では1～3体出現する。
ver: 5.4","2026-03-14 06:53:29","2026-03-21 17:42:51"
392,112,101,78,"[""B2"",""C6""]",いつでも,1,普通,地下2階B-2、C-6の開けた場所にまとまっています。1匹でベホイミスライムが1〜2匹一緒に出ます。湧きは遅めです。,0,"[""地下2階のB-2とC-6に数匹います""]

地下2階B-2、C-6の開けた場所にまとまっている。1匹構成でベホイミスライムが1～2匹くっつく。湧きは遅め。
ver: 5.4","2026-03-14 06:53:29","2026-03-21 17:43:23"
393,115,101,78,[],いつでも,1,お供,あくま神官のお供でのみ出現します。,0,"[""あくま神官のお供でのみ出現します""]","2026-03-14 06:53:29","2026-03-21 17:47:44"
394,129,101,78,"[""A2"",""A3"",""A4"",""A5"",""A6"",""A7"",""B2"",""B3"",""B4"",""B5"",""B6"",""B7"",""C2"",""C3"",""C4"",""C5"",""C6"",""C7""]",いつでも,1,多い,地下2階にいます。1匹で西側に数多く巡回しています。,0,"[""地下2階の西側に点在している""]

No.117(アズラン外伝3話)クエ対象。 地下2階に生息。1匹構成で西側に数多く巡回している。東側はほぼ見かけない。
ver: 5.4","2026-03-14 06:53:29","2026-03-23 08:37:08"
395,158,101,78,"[""A1"",""A2"",""A3"",""A4"",""A5"",""A6"",""A7"",""A8"",""B1"",""B2"",""B3"",""B4"",""B5"",""B6"",""B7"",""B8"",""C1"",""C2"",""C3"",""C4"",""C5"",""C6"",""C7"",""C8"",""D1"",""D2"",""D3"",""D4"",""D5"",""D6"",""D7"",""D8"",""E1"",""E2"",""E3"",""E4"",""E5"",""E6"",""E7"",""E8"",""F1"",""F2"",""F3"",""F4"",""F5"",""F6"",""F7"",""F8"",""G1"",""G2"",""G3"",""G4"",""G5"",""G6"",""G7"",""G8"",""H1"",""H2"",""H3"",""H4"",""H5"",""H6"",""H7"",""H8""]",いつでも,1〜2,多い,地下2階東側の通路上では1匹で出ます。開けたところでは1〜2匹でイエローシックルと混成もです。西側は1〜3匹で出ます。,1,"[""地下2階の全域にたくさんいる""]

地下2階東側の通路上では1匹。開けたところでは1～2匹でイエローシックルと混成も。西側は1～3匹構成。
ver: 5.4","2026-03-14 06:53:29","2026-03-21 11:03:14"
396,216,101,78,"[""F4"",""F5"",""F6"",""G4"",""G5"",""G6"",""H4"",""H5"",""H6""]",いつでも,,少ない,地下2階の東側にいますが数は少ないにいます。,0,"[""地下2階の東側にいるが数は少ない""]","2026-03-14 06:53:29","2026-03-22 12:11:17"
397,83,95,80,"[""C5"",""C6"",""D5"",""D6"",""E5"",""E6"",""F5"",""F6"",""C7"",""D7"",""C8"",""D8"",""E7"",""F7"",""E8"",""F8""]",いつでも,1〜3,多い,南エリアにかなり多めです。ガタラ原野〜カルデア洞穴辺りまでは1匹、それ以外では1〜3匹くらい。,1,"[""真ん中の橋から南のエリアに出現します""]

南エリアにうじゃうじゃ。ガタラ原野～カルデア洞穴辺りまでは1匹、それ以外では1～3匹出るようだ。
ver: 5.4","2026-03-14 06:53:32","2026-03-21 14:55:54"
398,99,95,80,"[""C3"",""C4"",""C5"",""C6"",""C7"",""C8"",""D3"",""D4"",""D5"",""D6"",""D7"",""D8"",""E3"",""E4"",""E5"",""E6"",""E7"",""E8"",""F3"",""F4"",""F5"",""F6"",""F7"",""F8""]",いつでも,1,多い,広範囲に分布しており、シンボルは多いです。1匹ずつ出ます。,0,"[""ほぼ全域に出現します、北の方はいない""]

広範囲に分布しており、シンボルは多い。1匹構成。
ver: 5.4","2026-03-14 06:53:32","2026-03-21 17:25:58"
399,104,95,80,"[""C5"",""C6"",""C7"",""D5"",""D6"",""D7"",""E5"",""E6"",""E7""]",いつでも,1〜2,多い,最北部以外の全域に湧くです。南部は1匹湧きで最も点々といます。D〜E-4は1〜2匹湧きでベホイミスライムも混ざります。D-2〜E-3は1〜2匹湧きでバアラックも混ざります。,1,"[""マップ中央から南側に出現、地中モンスターです""]

最北部以外の全域に湧く。南部は1匹湧きで最もまばら。D～E-4は1～2匹湧きでベホイミスライムが混成する。D-2～E-3は1～2匹湧きでバアラックが混成する。
ver: 1.4","2026-03-14 06:53:32","2026-03-21 17:33:36"
400,107,95,80,"[""D1"",""D2"",""D3"",""E1"",""E2"",""E3"",""D4"",""E4""]",いつでも,1〜3,多い,最北部は1〜3匹で出ます。そこから一つ橋を渡ったところは1〜2匹で出て、ベホイミスライムも混ざります。,1,"[""マップの北側にいます、ゴブル砂漠東から入るとすぐいる""]

No.184(賢者1話)対象。 最北部は1～3匹構成。そこから一つ橋を渡ったところは1～2匹構成でベホイミスライムが混成する。拠点からそこそこ近く、複数出るのでおすすめ。
ver: 5.4","2026-03-14 06:53:32","2026-03-21 17:39:17"
401,113,95,80,"[""E2"",""E4""]",いつでも,1〜2,少ない,橋の上とE-2、E-4の崖に数シンボルです。崖にいるものは1〜2匹で湧き時間はまあまあです。,0,"[""橋の上で出現、ダラズ採掘場前のシスター近くにもいます""]

No.029(ドルワーム便せん)クエ対象。 橋の上とE-2、E-4の崖に数シンボル。崖にいるものは1～2匹構成で湧き時間もそこそこ。
ver: 5.4","2026-03-14 06:53:32","2026-03-21 17:45:10"
402,115,95,80,"[""D3"",""D4"",""D2"",""E4"",""E2"",""E3""]",いつでも,1〜2,普通,南部では1匹でマッドフィンガーも混ざり、北部では1〜2匹でバアラックも混ざります。,0,"[""マップの中央D-3・4で出現します""]

北から1番目と3番目の橋のあいだにいる。南部では1匹構成でマッドフィンガーに混成し、北部では1～2匹構成でバアラックに混成する。
ver: 5.4","2026-03-14 06:53:32","2026-03-21 17:47:44"
403,333,95,80,"[""E2""]",いつでも,1,少ない,D-3あたりに1シンボルのみです。湧きも長いです。,0,"[""[\"1匹\",\"北の方E-2に1匹います\"] \/ 1匹"",""北の方E-2に1匹います""]

D-3あたりに1シンボルのみ。湧きも長い。
ver: 5.4","2026-03-14 06:53:32","2026-03-22 18:34:25"
404,202,98,81,"[""C4"",""C5"",""D4"",""D5"",""E5"",""E6"",""E7"",""E8"",""F5"",""F6"",""F7"",""F8"",""G5"",""G6"",""G7"",""G8"",""H5"",""H6"",""H7"",""H8""]",いつでも,1〜2,少ない,中央の小屋周辺から南東にかけて広くいます。間隔はやや点々といます。1〜2匹でサンダーフロッグも混ざります。,0,"[""中央の塩採りの小屋周辺から南東のエリアぐるっといる""]

中央の小屋周辺から南東にかけて広く生息。間隔はややまばら。1～2匹構成でサンダーフロッグと相互に混成する。
ver: 5.4","2026-03-14 06:53:36","2026-03-22 11:46:27"
405,207,98,81,"[""E6""]",いつでも,1〜2,少ない,E-6の橋に囲まれたエリアにいます。1〜2匹で出ます。数は少なめです。,0,"[""E-6に少しいる""]

E-6の橋に囲まれたエリアに生息。1～2匹構成。数は少ない。
ver: 5.4","2026-03-14 06:53:36","2026-03-22 11:51:00"
406,224,98,81,"[""D4"",""D5"",""E4"",""E5"",""F5"",""F6"",""F7"",""G5"",""G6"",""G7"",""E7"",""E6""]",いつでも,1〜2,ちらほら,中央の小屋付近から南東にかけて広くいます。1〜2匹で数は少なめです。,0,"[""中央の塩採りの小屋周辺から南東のエリアぐるっといる""]

中央の小屋付近から南東にかけて広く生息。1～2匹構成で数は少なめ。走り回っているものも。
ver: 5.4","2026-03-14 06:53:36","2026-03-22 12:24:12"
407,225,98,81,"[""E2"",""G2""]",いつでも,1〜2,少ない,塩湖をつなぐ洞窟では数が少なめです。1〜2匹で出ます。絶滅すぐする。,0,"[""北東の塩湖エリアにあるトンネル内にいます、数は少ない""]

塩湖をつなぐ洞窟に少数。1～2匹構成。全体で湧きを共有しておりすぐに涸れてしまう。
ver: 5.4","2026-03-14 06:53:36","2026-03-22 12:28:21"
408,230,98,81,"[""E2"",""E3"",""E4"",""F2"",""F3"",""F4"",""G2"",""G3"",""G4"",""H2"",""H3"",""H4"",""D1"",""D2"",""C2"",""C1""]",いつでも,1〜2,多い,塩湖にいます。1〜2匹で出て、マッドルーパーも混ざります。,0,"[""マップの北東の塩湖全域に生息しています""]

塩湖に生息。1～2匹構成でマッドルーパーと互いに混成する。
ver: 5.4","2026-03-14 06:53:36","2026-03-22 12:36:51"
409,233,98,81,"[""C4"",""C5"",""D4"",""D5"",""E5"",""E6"",""E7"",""F5"",""F6"",""F7"",""G2"",""G5"",""G6"",""G7"",""H2"",""G1"",""H1""]",いつでも,1〜3,普通,中央の小屋付近から南東にかけて広くいます。1〜3匹で、ドラゴンキッズも混ざります。,0,"[""中央の塩採りの小屋周辺から南東のエリアぐるっといる""]

中央の小屋付近から南東にかけて広く生息。v2.1から1～3匹構成となった。ドラゴンキッズと相互に混成する。
ver: 5.4","2026-03-14 06:53:36","2026-03-22 12:42:43"
410,263,98,81,"[""E1"",""E2"",""E3"",""E4"",""F1"",""F2"",""F3"",""F4"",""G1"",""G2"",""G3"",""G4"",""H1"",""H2"",""H3"",""H4"",""C1"",""D1"",""C2"",""D2""]",いつでも,1〜2,多い,塩湖にいます。1〜2匹で出て、チャンプスターも混ざります。,0,"[""[\"1-2匹\",\"マップの北東の塩湖全域に生息しています\"] \/ 1-2匹"",""マップの北東の塩湖全域に生息しています""]

塩湖に生息。1～2匹構成でチャンプスターと互いに混成する。
ver: 5.4","2026-03-14 06:53:36","2026-03-22 14:24:05"
411,324,98,81,"[""A6"",""A7"",""A8"",""B6"",""B7"",""B8"",""C6"",""C7"",""C8""]",いつでも,1〜2,多い,南西エリア全域にいます。1〜2匹で出ます。少々点々といます。,0,"[""[\"1-2匹\",\"つり橋から南西エリアにそこそこいます\"] \/ 1-2匹"",""つり橋から南西エリアにそこそこいます""]

南西エリア全域に生息。1～2匹構成。少々まばら。
ver: 5.4","2026-03-14 06:53:36","2026-03-22 18:19:55"
412,362,98,81,"[""C7"",""D7"",""C8"",""D8"",""A7"",""B7"",""A8"",""B8""]",昼,1〜2,普通,昼･1-2匹で出ます。,0,昼･1-2匹,"2026-03-14 06:53:36","2026-03-23 06:39:29"
413,381,98,81,"[""H4"",""G4"",""F4"",""F3"",""E3"",""E2"",""F2"",""G2"",""H2"",""H3"",""G3"",""E4""]",いつでも,1,1,塩湖に1匹のみです。全域にいるので探しにくい。,0,"[""[\"1匹\",\"広い塩湖エリアに2匹しかいなかった\"] \/ 1匹"",""広い塩湖エリアに2匹しかいなかった""]

塩湖に1匹のみ。全域にいるので探しにくい。
ver: 5.4","2026-03-14 06:53:36","2026-03-26 14:34:38"
414,399,98,81,"[""A7"",""A8"",""B7"",""B8"",""C7"",""C8""]",いつでも,1〜2,多い,南西部の強敵エリアにわらわらいます。1〜2匹で出ます。,1,"[""[\"1-2匹\",\"つり橋から南西エリアにそこそこいます\"] \/ 1-2匹"",""つり橋から南西エリアにそこそこいます""]

南西部の強敵エリアにわらわらいる。1～2匹構成。
ver: 5.4","2026-03-14 06:53:36","2026-03-23 08:13:34"
415,437,98,81,"[""B6""]",いつでも,1,1,B-6の湖のまわりに1シンボルです。1匹ずつ出ます。即湧きだが湧き範囲は広めです。,0,"[""B-6の池の周りに数匹います"",""[\"1匹\",\"B-6の池の周りに数匹います\"] \/ 1匹""]

B-6の湖のまわりに1シンボル。1匹構成。即湧きだが湧き範囲は広め。
ver: 5.4","2026-03-14 06:53:36","2026-03-23 09:53:39"
416,440,98,81,"[""A6"",""A7"",""A8"",""B6"",""B7"",""B8""]",いつでも,1,1,1匹ずつ出ます。南西エリア一帯に1シンボルしかいないです。,0,"[""[\"1匹\",\"南西エリアに1匹いるらしいが見つからない、ほんとにいる?\"] \/ 1匹"",""南西エリアに1匹いるらしいが見つからない、ほんとにいる?""]

ver1.5前期から出没。1匹構成。南西エリア一帯に1シンボルしかいない。
ver: 5.4","2026-03-14 06:53:36","2026-03-23 10:01:51"
417,473,98,81,"[""C7""]",いつでも,1,普通,おすすめです。C-7の池のまわりに１匹即湧きです。,1,"[""C-7の池の周りに1匹います"",""[\"1匹\",\"C-7の池の周りに1匹います\"] \/ 1匹""]

おすすめ。C-7の池のまわりに１匹即湧き。
ver: 5.4","2026-03-14 06:53:36","2026-03-23 11:01:57"
418,751,98,81,"[""C4"",""C5"",""D4"",""D5"",""E5"",""E6"",""E7"",""E8"",""F5"",""F6"",""F7"",""F8"",""G5"",""G6"",""G7"",""G8"",""H5"",""H6"",""H7"",""H8""]",いつでも,1〜2,少ない,中央の小屋周辺から南東にかけて広くいます。間隔はやや点々といます。1〜2匹でサンダーフロッグも混ざります。,0,"[""中央の塩採りの小屋周辺から南東のエリアぐるっといる""]

中央の小屋周辺から南東にかけて広く生息。間隔はややまばら。1～2匹構成でサンダーフロッグと相互に混成する。
ver: 5.4","2026-03-14 06:53:36","2026-03-22 11:46:27"
419,770,98,81,"[""A6"",""A7"",""A8"",""B6"",""B7"",""B8"",""C6"",""C7"",""C8""]",いつでも,1〜2,多い,南西エリア全域にいます。1〜2匹で出ます。少々点々といます。,0,"[""[\"1-2匹\",\"つり橋から南西エリアにそこそこいます\"] \/ 1-2匹"",""つり橋から南西エリアにそこそこいます""]

南西エリア全域に生息。1～2匹構成。少々まばら。
ver: 5.4","2026-03-14 06:53:36","2026-03-22 18:19:55"
420,274,99,82,"[""A1"",""A2"",""A3"",""A4"",""A5"",""A6"",""A7"",""A8"",""B1"",""B2"",""B3"",""B4"",""B5"",""B6"",""B7"",""B8"",""C1"",""C2"",""C3"",""C4"",""C5"",""C6"",""C7"",""C8"",""D1"",""D2"",""D3"",""D4"",""D5"",""D6"",""D7"",""D8"",""E1"",""E2"",""E3"",""E4"",""E5"",""E6"",""E7"",""E8"",""F1"",""F2"",""F3"",""F4"",""F5"",""F6"",""F7"",""F8"",""G1"",""G2"",""G3"",""G4"",""G5"",""G6"",""G7"",""G8"",""H1"",""H2"",""H3"",""H4"",""H5"",""H6"",""H7"",""H8""]",夜,1〜3,多い,夜だけ出ます。窪地以外の全域に湧きます。1〜3匹で出ます。,0,"[""[\"夜･1-3匹\",\"夜のみマップ全域の高い所に出現\"] \/ 夜･1-3匹"",""夜のみマップ全域の高い所に出現""]

夜限定。窪地以外の全域に湧く。1～3匹構成。
ver: 5.4","2026-03-14 06:53:40","2026-03-22 14:45:25"
422,319,99,82,"[""A1"",""A2"",""A3"",""A4"",""A5"",""A6"",""A7"",""A8"",""B1"",""B2"",""B3"",""B4"",""B5"",""B6"",""B7"",""B8"",""C1"",""C2"",""C3"",""C4"",""C5"",""C6"",""C7"",""C8"",""D1"",""D2"",""D3"",""D4"",""D5"",""D6"",""D7"",""D8"",""E1"",""E2"",""E3"",""E4"",""E5"",""E6"",""E7"",""E8"",""F1"",""F2"",""F3"",""F4"",""F5"",""F6"",""F7"",""F8"",""G1"",""G2"",""G3"",""G4"",""G5"",""G6"",""G7"",""G8"",""H1"",""H2"",""H3"",""H4"",""H5"",""H6"",""H7"",""H8""]",いつでも,1〜2,多い,全域にいます。1〜2匹で出ます。ヘルカッチャやウイングタイガーにも一緒に出ます。,0,"[""[\"1-2匹\",\"マップ全域の高い所(採掘中じゃないところ)に出現\"] \/ 1-2匹"",""マップ全域の高い所(採掘中じゃないところ)に出現""]

全域に生息。1～2匹構成。ヘルカッチャやウイングタイガーにもくっつく。
ver: 5.4","2026-03-14 06:53:40","2026-03-22 17:53:53"
423,324,99,82,"[""A1"",""A2"",""A3"",""A4"",""A5"",""A6"",""A7"",""A8"",""B1"",""B2"",""B3"",""B4"",""B5"",""B6"",""B7"",""B8"",""C1"",""C2"",""C3"",""C4"",""C5"",""C6"",""C7"",""C8"",""D1"",""D2"",""D3"",""D4"",""D5"",""D6"",""D7"",""D8"",""E1"",""E2"",""E3"",""E4"",""E5"",""E6"",""E7"",""E8"",""F1"",""F2"",""F3"",""F4"",""F5"",""F6"",""F7"",""F8"",""G1"",""G2"",""G3"",""G4"",""G5"",""G6"",""G7"",""G8"",""H1"",""H2"",""H3"",""H4"",""H5"",""H6"",""H7"",""H8""]",いつでも,1〜3,多い,大きい窪地の中腹にいるほか、上層を走っている個体もいます。前者は1匹、後者は1〜3体でシュプリンガーが一緒に出ます。B7/B5/F1で十数秒休憩するので、待ち伏せできます。,0,"[""[\"1-3匹\",\"マップ全域の高い所(採掘中じゃないところ)に出現、どこかに固まっていて全然見つからないこともある\"] \/ 1-3匹"",""マップ全域の高い所(採掘中じゃないところ)に出現、どこかに固まっていて全然見つからないこともある""]

大きい窪地の中腹にいるほか、上層を走っている個体もいる。前者は1匹構成、後者は1～3体でシュプリンガーがくっつく。定位置（B-7/B-5/F-1）で十数秒休憩するので、待ち伏せできる。
ver: 5.4","2026-03-14 06:53:40","2026-03-22 18:19:55"
424,413,99,82,"[""A1"",""A2"",""A3"",""A4"",""A5"",""A6"",""A7"",""A8"",""B1"",""B2"",""B3"",""B4"",""B5"",""B6"",""B7"",""B8"",""C1"",""C2"",""C3"",""C4"",""C5"",""C6"",""C7"",""C8"",""D1"",""D2"",""D3"",""D4"",""D5"",""D6"",""D7"",""D8"",""E1"",""E2"",""E3"",""E4"",""E5"",""E6"",""E7"",""E8"",""F1"",""F2"",""F3"",""F4"",""F5"",""F6"",""F7"",""F8"",""G1"",""G2"",""G3"",""G4"",""G5"",""G6"",""G7"",""G8"",""H1"",""H2"",""H3"",""H4"",""H5"",""H6"",""H7"",""H8""]",いつでも,1〜2,多い,窪地にいます。1〜2匹でシュプリンガーがよく一緒に出ます。ゴールドマン、ゴールデントーテムもまれに一緒に出ます。,0,"[""[\"1-2匹\",\"マップ全域で採掘されてる所(低い所)にランダムでいる\"] \/ 1-2匹"",""マップ全域で採掘されてる所(低い所)にランダムでいる""]

期間限定(鬼嫁への罪滅ぼし)クエ対象。 窪地にいる。1～2匹構成でシュプリンガーがよくくっつく。ゴールドマン、ゴールデントーテムもまれにくっつくが、他で会う機会も増えたのであえて狙うかは微妙。
ver: 5.4","2026-03-14 06:53:40","2026-03-23 09:00:05"
426,768,99,82,"[""A1"",""A2"",""A3"",""A4"",""A5"",""A6"",""A7"",""A8"",""B1"",""B2"",""B3"",""B4"",""B5"",""B6"",""B7"",""B8"",""C1"",""C2"",""C3"",""C4"",""C5"",""C6"",""C7"",""C8"",""D1"",""D2"",""D3"",""D4"",""D5"",""D6"",""D7"",""D8"",""E1"",""E2"",""E3"",""E4"",""E5"",""E6"",""E7"",""E8"",""F1"",""F2"",""F3"",""F4"",""F5"",""F6"",""F7"",""F8"",""G1"",""G2"",""G3"",""G4"",""G5"",""G6"",""G7"",""G8"",""H1"",""H2"",""H3"",""H4"",""H5"",""H6"",""H7"",""H8""]",いつでも,1〜2,多い,全域にいます。1〜2匹で出ます。ヘルカッチャやウイングタイガーにも一緒に出ます。,0,"[""[\"1-2匹\",\"マップ全域の高い所(採掘中じゃないところ)に出現\"] \/ 1-2匹"",""マップ全域の高い所(採掘中じゃないところ)に出現""]

全域に生息。1～2匹構成。ヘルカッチャやウイングタイガーにもくっつく。
ver: 5.4","2026-03-14 06:53:40","2026-03-22 17:53:53"
427,770,99,82,"[""A1"",""A2"",""A3"",""A4"",""A5"",""A6"",""A7"",""A8"",""B1"",""B2"",""B3"",""B4"",""B5"",""B6"",""B7"",""B8"",""C1"",""C2"",""C3"",""C4"",""C5"",""C6"",""C7"",""C8"",""D1"",""D2"",""D3"",""D4"",""D5"",""D6"",""D7"",""D8"",""E1"",""E2"",""E3"",""E4"",""E5"",""E6"",""E7"",""E8"",""F1"",""F2"",""F3"",""F4"",""F5"",""F6"",""F7"",""F8"",""G1"",""G2"",""G3"",""G4"",""G5"",""G6"",""G7"",""G8"",""H1"",""H2"",""H3"",""H4"",""H5"",""H6"",""H7"",""H8""]",いつでも,1〜3,多い,大きい窪地の中腹にいるほか、上層を走っている個体もいます。前者は1匹、後者は1〜3体でシュプリンガーが一緒に出ます。B7/B5/F1で十数秒休憩するので、待ち伏せできます。,0,"[""[\"1-3匹\",\"マップ全域の高い所(採掘中じゃないところ)に出現、どこかに固まっていて全然見つからないこともある\"] \/ 1-3匹"",""マップ全域の高い所(採掘中じゃないところ)に出現、どこかに固まっていて全然見つからないこともある""]

大きい窪地の中腹にいるほか、上層を走っている個体もいる。前者は1匹構成、後者は1～3体でシュプリンガーがくっつく。定位置（B-7/B-5/F-1）で十数秒休憩するので、待ち伏せできる。
ver: 5.4","2026-03-14 06:53:40","2026-03-22 18:19:55"
428,327,100,83,"[""B4"",""C4"",""B5"",""C5""]",いつでも,1,普通,1階E〜F3や2階B〜C4の環状通路にいます。1階のものは2匹で出て、ヒポせんしも混ざります。2階は1匹。,0,"[""2階の西側に出現します"",""[\"1匹\",\"2階の西側に出現します\"] \/ 1匹""]

1階E～F-3や2階B～C-4の環状通路に生息。2階は1匹、1階のものは2匹構成でヒポせんしと互いに混成する。
ver: 5.4","2026-03-14 06:53:43","2026-03-22 18:23:12"
429,345,100,83,"[""C6""]",いつでも,1〜2,少ない,2階C-6に2匹います。1-2匹で出ます。,0,"[""2階C-6に2匹います"",""[\"1-2匹\",\"2階C-6に2匹います\"] \/ 1-2匹""]","2026-03-14 06:53:43","2026-03-22 18:58:19"
430,359,100,83,"[""D3""]",いつでも,1〜2,2,動力室の先、2階D-3に2シンボルです。1〜2匹で湧きは早めです。,0,"[""2階の北側に出現します"",""[\"1-2匹\",\"2階の北側に出現します\"] \/ 1-2匹""]

動力室の先、2階D-3に2シンボル。1～2匹構成で湧きは早め。
ver: 5.4","2026-03-14 06:53:43","2026-03-23 06:32:36"
431,375,100,83,"[""B4"",""B5"",""B6"",""C4"",""C5"",""C6""]",いつでも,1〜2,普通,2階の西側に出現します。1-2匹で出ます。,0,"[""2階の西側に出現します"",""[\"1-2匹\",\"2階の西側に出現します\"] \/ 1-2匹""]","2026-03-14 06:53:43","2026-03-23 07:13:49"
432,378,100,83,"[""D7"",""D6"",""D5"",""C5"",""C6"",""B6"",""B5"",""B4"",""B3"",""C3"",""C4"",""D4"",""D3"",""E5"",""E6"",""F6"",""F5""]",いつでも,1〜2,普通,1-2匹で出ます。2階から1階にかけてよくいます。,0,"[""[\"1-2匹\",\"ダラズ採掘場から入るとすぐいて、2階から1階にかけてよくいます\"] \/ 1-2匹"",""ダラズ採掘場から入るとすぐいて、2階から1階にかけてよくいます""]","2026-03-14 06:53:43","2026-03-23 07:19:58"
433,398,100,83,"[""D3""]",いつでも,2〜3,多い,おすすめです。2〜3匹で出ます。マップ全体にいますが、2階D-3の立て札辺りはまとまっています。,1,"[""2階のD-3あたりに出現します"",""[\"2-3匹\",\"2階のD-3あたりに出現します\"] \/ 2-3匹""]

おすすめ。2～3匹構成。マップ全体にいるが、2階D-3の立て札辺りは密集しており涸れないのでそこがよいだろう。
ver: 5.4","2026-03-14 06:53:43","2026-03-23 08:11:34"
434,411,100,83,"[""D3"",""E1""]",いつでも,1〜2,2,動力室の先、2階D-3に2シンボルです。1〜2匹で出ます。湧きも遅めです。,0,"[""2階の北側に出現します"",""[\"1-2匹\",\"2階の北側に出現します\"] \/ 1-2匹""]

動力室の先、2階D-3に2シンボル。1～2匹構成。湧きも遅め。
ver: 5.4","2026-03-14 06:53:43","2026-03-23 08:57:38"
435,451,100,83,"[""C2"",""D2""]",いつでも,1,2,2階C-2の通路に2シンボルのみです。1匹ずつ出ます。,0,"[""2階の北側に出現します"",""[\"1匹\",\"2階の北側に出現します\"] \/ 1匹""]

2階C-2の通路に2シンボルのみ。1匹構成。
ver: 5.4","2026-03-14 06:53:43","2026-03-23 10:30:19"
436,510,100,83,"[""C6""]",いつでも,1,1,2階C-6の線路の上に1匹にいます。,0,"[""2階C-6の線路の上に1匹、1階の南側にも1匹いる"",""[\"1匹\",\"2階C-6の線路の上に1匹、1階の南側にも1匹いる\"] \/ 1匹""]","2026-03-14 06:53:43","2026-03-23 13:10:40"
437,327,100,84,"[""E2"",""E3"",""F3"",""F2""]",いつでも,1〜2,普通,1階E〜F3や2階B〜C4の環状通路にいます。1階のものは2匹で出て、ヒポせんしも混ざります。2階は1匹。,0,1-2匹,"2026-03-14 06:53:43","2026-03-22 18:23:12"
438,378,100,84,"[""E4"",""E3"",""E2"",""F2"",""F3"",""F4""]",いつでも,1〜2,普通,マップ全体にいます。,0,"[""1-2匹"",""ダラズ採掘場から入るとすぐいて、2階から1階にかけてよくいます""]

マップ全体に生息している。入り口などにいるものは1～2匹構成。地下1階E-7のものは2匹構成。
ver: 5.4","2026-03-14 06:53:43","2026-03-23 07:19:58"
440,399,100,84,"[""F3"",""E3"",""E4"",""F4""]",いつでも,1〜2,多い,1階の円形状通路に数シンボルです。まとまっていますしていて湧きが早く、二匹なので悪くないです。イーグルデビルがいる側はイーグルデビルも混ざります。,1,"[""1階の南側にいます"",""[\"1-2匹\",\"1階の南側にいます\"] \/ 1-2匹""]

1階の円形状通路に数シンボル。密集していて湧きが早く、二匹構成なので悪くない。イーグルデビルがいる側はイーグルデビルと混成する。
ver: 3.0","2026-03-14 06:53:43","2026-03-23 08:13:34"
441,510,100,84,"[""E4""]",いつでも,1〜2,1,1匹で出ます。,0,"[""1-2匹"",""2階C-6の線路の上に1匹、1階の南側にも1匹いる""]

動力室から戻ってくる線路の奥と、1階F-4の環状の通路にいる。後者は2匹構成。湧きは遅い。
ver: 5.4","2026-03-14 06:53:43","2026-03-23 13:10:40"
442,593,100,84,"[""F2""]",いつでも,1〜2,1,1階F-2の広場に1シンボルです。湧きはあまり早くないです。,0,"[""1階北側に1匹出現する"",""[\"1-2匹\",\"1階北側に1匹出現する\"] \/ 1-2匹""]

1階F-2の広場に1シンボル。湧きはあまり早くない。
ver: 5.4","2026-03-14 06:53:43","2026-03-23 15:45:30"
443,316,100,85,"[""C6"",""C7"",""D6"",""D7""]",いつでも,2,多い,混2匹で出ます。地下1階の南側でよく見かけます。,0,"[""[\"混2匹\",\"地下1階の南側にたくさんいます\"] \/ 混2匹"",""地下1階の南側にたくさんいます""]","2026-03-14 06:53:43","2026-07-29 10:32:44"
445,378,100,85,"[""E7""]",いつでも,2,普通,特になし,0,1-2匹,"2026-03-14 06:53:43","2026-03-23 07:19:58"
447,119,105,92,"[""A1"",""A2"",""A3"",""A4"",""A5"",""A6"",""A7"",""A8"",""B1"",""B2"",""B3"",""B4"",""B5"",""B6"",""B7"",""B8"",""C1"",""C2"",""C3"",""C4"",""C5"",""C6"",""C7"",""C8"",""D1"",""D2"",""D3"",""D4"",""D5"",""D6"",""D7"",""D8"",""E1"",""E2"",""E3"",""E4"",""E5"",""E6"",""E7"",""E8"",""F1"",""F2"",""F3"",""F4"",""F5"",""F6"",""F7"",""F8"",""G1"",""G2"",""G3"",""G4"",""G5"",""G6"",""G7"",""G8"",""H1"",""H2"",""H3"",""H4"",""H5"",""H6"",""H7"",""H8""]",いつでも,1〜2,多い,全域に点々といます。中〜南部は1〜2匹、北部は1匹で出ます。いろんなモンスターと一緒に出ます。,0,"[""[\"1-2匹@全域\",\"全域どこにでもいる\"] \/ 1-2匹@全域"",""全域どこにでもいる""]

全域にまばら。中～南部は1～2匹、北部は1匹構成。いろんなモンスターにくっつく。
ver: 5.4","2026-03-14 06:53:57","2026-03-21 18:34:17"
448,125,105,92,"[""C3"",""C4"",""C5"",""C6"",""D3"",""D4"",""D5"",""D6"",""E3"",""E4"",""E5"",""E6"",""F3"",""F4"",""F5"",""F6""]",いつでも,1,多い,マップ各地の砂山の上にいるほか、砂漠を走り回っている個体もいます。1匹ずつ出ます。たくさんいるが、まばらなので狩りにくい。,0,"[""[\"1匹@砂山\",\"マップ中央からほぼ全域にそこそこいる\"] \/ 1匹@砂山"",""マップ中央からほぼ全域にそこそこいる""]

マップ各地の砂山の上にいるほか、砂漠を走り回っている個体もいる。1匹構成。生息地がまばらで狩りにくい。
ver: 5.4","2026-03-14 06:53:57","2026-03-21 18:40:17"
449,126,105,92,"[""H3"",""H2"",""B5"",""B6"",""C2"",""C3""]",いつでも,1〜2,多い,H-2、B-5〜6の壁周辺やC-2〜3の丘にいます。1〜2匹で出ます。ケダモンが一緒に出ます。同じ場所で狩ってると絶滅します。,1,"[""[\"混1-2匹@丘\",\"北東のH-3あたりで固まっている\"] \/ 混1-2匹@丘"",""北東のH-3あたりで固まっている""]

H-2、B-5～6の壁周辺やC-2～3の丘にいる。1～2匹構成でケダモンがつく。1か所で狩ると枯れるが、それぞれの生息地が遠すぎる。
ver: 5.4","2026-03-14 06:53:57","2026-03-21 18:41:59"
450,134,105,92,"[""C4"",""C8"",""F7"",""C3""]",いつでも,1〜2,多い,北西のC-3〜4、南西のC-8、南東のF-8といったマップ端にいます。1〜2匹で出て、ケダモンも混ざります。F-8以外は一箇所で狩り続けると絶滅しやすい。,0,"[""F-7に固まってたくさんいる"",""[\"混1-2匹@C4＆C8＆F7\",\"F-7に固まってたくさんいる\"] \/ 混1-2匹@C4＆C8＆F7""]

北西(C-3～4)、南西(C-8)、南東(F-8)といったマップ端に生息。1～2匹構成でケダモンが混成する。F-8以外は一箇所で狩り続けると涸れやすい。
ver: 5.4","2026-03-14 06:53:57","2026-03-21 18:53:53"
452,195,105,92,"[""A1"",""A2"",""A3"",""A4"",""A5"",""A6"",""A7"",""A8"",""B1"",""B2"",""B3"",""B4"",""B5"",""B6"",""B7"",""B8"",""C1"",""C2"",""C3"",""C4"",""C5"",""C6"",""C7"",""C8"",""D1"",""D2"",""D3"",""D4"",""D5"",""D6"",""D7"",""D8"",""E1"",""E2"",""E3"",""E4"",""E5"",""E6"",""E7"",""E8"",""F1"",""F2"",""F3"",""F4"",""F5"",""F6"",""F7"",""F8"",""G1"",""G2"",""G3"",""G4"",""G5"",""G6"",""G7"",""G8"",""H1"",""H2"",""H3"",""H4"",""H5"",""H6"",""H7"",""H8""]",いつでも,1,多い,ほぼ全域にいます。1匹ずつ出てケダモンが一緒に出ます。シンボルの間隔が広いのでおすすめしないです。,0,"[""[\"1匹@全域\",\"マップ中央からほぼ全域にいるが数は少なめ\"] \/ 1匹@全域"",""マップ中央からほぼ全域にいるが数は少なめ""]

ほぼ全域に生息。1匹構成でケダモンがつく。シンボルの間隔が広いのでおすすめしない。
ver: 5.4","2026-03-14 06:53:57","2026-03-22 11:13:30"
453,823,105,92,"[""G2"",""F2""]",いつでも,1,5,北東の謎の半球体地帯で寝ています。それなりにいい場所。,1,"[""[\"1匹@G2付近\",\"マップの北東のF-2あたりで4～5匹寝ています\"] \/ 1匹@G2付近"",""マップの北東のF-2あたりで4～5匹寝ています""]

北東の謎の半球体地帯に崩れた状態でいる。1匹構成。拠点から近く、数もそこそこ。ただ、若干範囲は広い。
ver: 5.4","2026-03-14 06:53:57","2026-03-24 07:36:53"
454,451,105,92,"[""F2"",""B1"",""B3"",""E2""]",いつでも,3,多い,B1/B3/E2/F-2のトロッコからいける高台エリアにいるが、行くのが面倒。3匹で出ます。,0,"[""E-2やB-3などトロッコで行く場所にたくさんいる、行くのがめんどい"",""[\"3匹@B1＆B3\",\"E-2やB-3などトロッコで行く場所にたくさんいる、行くのがめんどい\"] \/ 3匹@B1＆B3""]

F-2のトロッコからいける高台エリアに多数。3匹構成。
ver: 5.4","2026-03-14 06:53:57","2026-03-23 10:30:19"
455,741,105,92,"[""H3"",""H2"",""B5"",""B6"",""C2"",""C3""]",いつでも,1〜2,多い,H-2、B-5〜6の壁周辺やC-2〜3の丘にいます。1〜2匹で出ます。ケダモンが一緒に出ます。同じ場所で狩ってると絶滅します。,1,"[""[\"混1-2匹@丘\",\"北東のH-3あたりで固まっている\"] \/ 混1-2匹@丘"",""北東のH-3あたりで固まっている""]

H-2、B-5～6の壁周辺やC-2～3の丘にいる。1～2匹構成でケダモンがつく。1か所で狩ると枯れるが、それぞれの生息地が遠すぎる。
ver: 5.4","2026-03-14 06:53:57","2026-03-21 18:41:59"
456,742,105,92,"[""A1"",""A2"",""A3"",""A4"",""A5"",""A6"",""A7"",""A8"",""B1"",""B2"",""B3"",""B4"",""B5"",""B6"",""B7"",""B8"",""C1"",""C2"",""C3"",""C4"",""C5"",""C6"",""C7"",""C8"",""D1"",""D2"",""D3"",""D4"",""D5"",""D6"",""D7"",""D8"",""E1"",""E2"",""E3"",""E4"",""E5"",""E6"",""E7"",""E8"",""F1"",""F2"",""F3"",""F4"",""F5"",""F6"",""F7"",""F8"",""G1"",""G2"",""G3"",""G4"",""G5"",""G6"",""G7"",""G8"",""H1"",""H2"",""H3"",""H4"",""H5"",""H6"",""H7"",""H8""]",いつでも,1〜2,多い,全域に点々といます。中〜南部は1〜2匹、北部は1匹で出ます。いろんなモンスターと一緒に出ます。,0,"[""[\"1-2匹@全域\",\"全域どこにでもいる\"] \/ 1-2匹@全域"",""全域どこにでもいる""]

全域にまばら。中～南部は1～2匹、北部は1匹構成。いろんなモンスターにくっつく。
ver: 5.4","2026-03-14 06:53:57","2026-03-21 18:34:17"
457,175,109,94,"[""G8""]",いつでも,,普通,特になし,0,"[""第1層G-8、第2層D-4、第3層F-1にいます、ルーラできる所です""]

1層G-8、2層D-4、3層F-1に生息。遠いが湧きは早い。
ver: 5.4","2026-03-14 06:54:04","2026-03-23 08:46:57"
458,211,109,94,"[""C4"",""C5"",""D4"",""D5"",""E4"",""E5""]",いつでも,1〜3,多い,ゴブル砂漠側の通路にいます。1〜3匹で出て、ヒートギズモも混ざります。,1,"[""第1層の細めの通路でたくさん出現します""]

No.084(グレン外伝3話)クエ対象。 ゴブル砂漠側の通路に生息。1～3匹でヒートギズモと互いに混成する。
ver: 5.4","2026-03-14 06:54:04","2026-03-22 11:54:52"
459,227,109,94,"[""E4"",""E7""]",いつでも,1〜3,普通,1〜3匹で出て、キラートーチも混ざります。,0,"[""第1層のE-4とE-7の通路で出現します""]

1層の崖沿いにシンボルが湧く。1～3匹でキラートーチと互いに混成する。
ver: 5.4","2026-03-14 06:54:04","2026-03-22 12:30:43"
461,239,109,96,"[""D3"",""D4"",""C4"",""C3"",""C1"",""D1"",""C2"",""D2"",""E1"",""F1"",""E2"",""F2"",""E3"",""F3"",""E4"",""F4"",""G3"",""H3"",""G4"",""H4"",""G1"",""H1"",""G2"",""H2"",""A3"",""B3"",""A4"",""B4"",""A1"",""B1"",""A2"",""B2""]",いつでも,1〜2,多い,第3層は全域で出現します。,0,"[""第1層と第2層は広くなっている所に、第3層は全域で出現します""]

期間限定（聖竜の神話）クエ対象。 ゴブル砂漠側では1～2匹、ラニアッカ側では1～3匹でべビルと互いに混成する。
ver: 5.4","2026-03-14 06:54:04","2026-03-22 12:52:55"
462,157,108,97,"[""A1"",""A2"",""A3"",""A4"",""A5"",""B1"",""B2"",""B3"",""B4"",""B5"",""C1"",""C2"",""C3"",""C4"",""C5"",""D1"",""D2"",""D3"",""D4"",""D5"",""D6"",""E1"",""E2"",""E3"",""E4"",""E5"",""E6"",""F1"",""F2"",""F3"",""F4"",""F5"",""G1"",""G2"",""G3"",""G4"",""G5"",""H1"",""H2"",""H3"",""H4"",""H5""]",いつでも,1〜3,少ない,光の河以北に点々といますに広くいます。1〜3匹でふくめんバニーが一緒に出ます。,0,"[""光の河の北側エリアの広範囲にいます""]

光の河以北にまばらに分布。1～3匹構成で、ふくめんバニーがつく。
ver: 5.4","2026-03-14 06:54:08","2026-03-22 10:09:19"
463,174,108,97,"[""A3"",""A4"",""B3"",""B4"",""C3"",""C4"",""A2"",""B2"",""C2""]",いつでも,1,少ない,西部で飛んでいます。1匹ずつ出ます。,0,"[""マップの北西で飛んでいるが数は少なめ""]

西部に少数飛んでいる。1匹構成。
ver: 5.4","2026-03-14 06:54:08","2026-03-22 10:47:12"
464,180,108,97,"[""A5"",""A6"",""A7"",""A8"",""B5"",""B6"",""B7"",""B8"",""C5"",""C6"",""C7"",""C8"",""D5"",""D6"",""D7"",""D8"",""E5"",""E6"",""E7"",""E8"",""F5"",""F6"",""F7"",""F8"",""G5"",""G6"",""G7"",""G8"",""H5"",""H6"",""H7"",""H8""]",いつでも,1〜2,普通,光の河より北に広い範囲でいます。1〜2匹で出て、おばけトマトも混ざります。,0,"[""光の河の北側エリアの広範囲にいます""]

光の河より北に広く生息。1～2匹構成でおばけトマトと互いに混成する。
ver: 4.2","2026-03-14 06:54:08","2026-03-22 10:57:46"
465,193,108,97,"[""A1"",""A2"",""A3"",""A4"",""B1"",""B2"",""B3"",""B4"",""C1"",""C2"",""C3"",""C4"",""D1"",""D2"",""D3"",""D4"",""E1"",""E2"",""E3"",""E4"",""F1"",""F2"",""F3"",""F4"",""G1"",""G2"",""G3"",""G4"",""H1"",""H2"",""H3"",""H4""]",夜,1〜2,少ない,夜だけ出ます。光の河より北に広くいますしているが、数は点々といます。1〜2匹で出ておばけトマトが一緒に出ます。,0,"[""夜になると北側エリアの広範囲に出現するが数が少ない""]

夜限定。光の河より北に広く生息しているが、数はまばら。1～2匹構成でおばけトマトがつく。
ver: 5.4","2026-03-14 06:54:08","2026-03-22 11:11:18"
466,199,108,97,"[""C3""]",いつでも,1〜3,普通,C-3の巨竜の霊丘に多くいます。北部の結晶のある所や洞窟にも少なめ。1〜3匹で出て、コープスフライも一緒に出ます。,1,"[""C-3の巨竜の霊丘とそれに続く洞くつ内にいる、北東エリアでは青いクリスタルがあるところにいます""]

C-3の巨竜の霊丘に多く生息。北部の結晶のある所や洞窟にも少数いる。1～3匹構成。コープスフライにもつく。
ver: 5.4","2026-03-14 06:54:08","2026-03-22 11:37:56"
467,213,108,97,"[""C3"",""G4""]",いつでも,1〜2,普通,洞窟内にいます。1〜2匹で出て、クリスタルハンドも混ざります。,0,"[""C-3とG-4の洞くつ内にいます""]

洞窟内にいる。1～2匹構成でクリスタルハンドが混成する。
ver: 5.4","2026-03-14 06:54:08","2026-03-22 12:01:50"
468,343,108,97,"[""E4"",""F2"",""F3"",""F5""]",いつでも,1,普通,E-4、F-2、F-3、F-5の大きな骨の下に2匹ずつです。1匹ずつ出ます。湧きは早いです。,0,"[""F-4の大きな骨の化石みたいなところの下にいる、同じようなところが北の方にもいくつかある"",""[\"1匹\",\"F-4の大きな骨の化石みたいなところの下にいる、同じようなところが北の方にもいくつかある\"] \/ 1匹""]

E-4、F-2、F-3、F-5の大きな骨の下に2匹ずつ。1匹構成。湧きは早い。
ver: 5.4","2026-03-14 06:54:08","2026-03-22 18:51:43"
469,349,108,97,"[""B7"",""B8"",""C7"",""C8"",""D7"",""D8"",""E7"",""E8"",""F7"",""F8"",""G7"",""G8""]",いつでも,1〜2,多い,南部にそこそこの数です。1〜2匹で出ます。ダークパンサーが一緒に出ます。,0,"[""[\"1-2匹\",\"光の河の南側エリアにたくさん生息\"] \/ 1-2匹"",""光の河の南側エリアにたくさん生息""]

南部にそこそこの数。1～2匹構成でダークパンサーがつく。
ver: 5.4","2026-03-14 06:54:08","2026-03-22 19:03:37"
470,379,108,97,"[""B7"",""B8"",""C7"",""C8"",""D7"",""D8"",""E7"",""E8"",""F7"",""F8"",""G7"",""G8""]",いつでも,2,多い,南部にいます。2匹で出ます。シンボルは少なめだが、みずたまドラゴンのお供として現れることがあります。,0,"[""[\"2匹\",\"光の河の南側エリアにたくさん生息\"] \/ 2匹"",""光の河の南側エリアにたくさん生息""]

南部に生息。2匹構成。シンボルは少なめだが、みずたまドラゴンのお供として現れることがある。
ver: 5.4","2026-03-14 06:54:08","2026-03-23 07:22:15"
471,464,108,97,"[""D6"",""F7"",""G6""]",いつでも,1〜2,普通,南部に点々とある高台にいます。2匹で出ます。,0,"[""[\"1-2匹\",\"南側エリアのD-6やF-7やG-6あたりの少し高い所に固まっています\"] \/ 1-2匹"",""南側エリアのD-6やF-7やG-6あたりの少し高い所に固まっています""]

南部に点々とある高台に生息。2匹構成。1ヶ所で狩っていると枯れる。
ver: 5.4","2026-03-14 06:54:08","2026-03-23 10:53:15"
472,544,108,97,"[""B7"",""B8"",""C7"",""C8"",""D7"",""D8"",""E7"",""E8"",""F7"",""F8"",""G7"",""G8""]",いつでも,1,少ない,南側のバザックスと同じところにいますが数は少なめです。,0,"[""[\"1匹\",\"南側のバザックスと同じところにいるが数は少ない\"] \/ 1匹"",""南側のバザックスと同じところにいるが数は少ない""]

南部のバザックスがいる高台に少数。1匹構成。
ver: 5.4","2026-03-14 06:54:08","2026-03-23 14:18:19"
473,221,106,98,"[""A1"",""A2"",""A3"",""A4"",""B1"",""B2"",""B3"",""B4"",""C1"",""C2"",""C3"",""C4"",""D1"",""D2"",""D3"",""D4"",""E1"",""E2"",""E3"",""E4"",""F1"",""F2"",""F3"",""F4"",""G1"",""G2"",""G3"",""G4"",""H1"",""H2"",""H3"",""H4""]",いつでも,2,少ない,北部一帯にいます。1〜3でグールが2匹まで一緒に出ます。,0,"[""マップの北側エリアの広範囲に出現します""]

北部一帯にいる。1～3でグールが2匹までつく。若干まばら。
ver: 5.4","2026-03-14 06:54:10","2026-03-22 12:18:24"
474,236,106,98,"[""B1"",""B2"",""B3"",""C1"",""C2"",""C3"",""D1"",""D2"",""D3"",""E1"",""E2"",""E3"",""F1"",""F2"",""F3"",""G1"",""G2"",""G3""]",いつでも,1〜2,多い,地域限定。グールのお供としてもよく出る。1〜2匹で出ます。崖下チェック。,0,"[""マップの北側エリアに出現、崖の下によくいる""]

地域限定モンスター。シンボル自体は北部の崖の下に少数だが、グールのおともとしてよく出現する。1～2匹構成。
ver: 5.4","2026-03-14 06:54:10","2026-03-22 12:48:50"
475,271,106,98,"[""A1"",""A2"",""A3"",""A4"",""B1"",""B2"",""B3"",""B4"",""C1"",""C2"",""C3"",""C4"",""D1"",""D2"",""D3"",""D4"",""E1"",""E2"",""E3"",""E4"",""F1"",""F2"",""F3"",""F4"",""G1"",""G2"",""G3"",""G4"",""H1"",""H2"",""H3"",""H4""]",いつでも,1〜3,多い,北部一帯にいます。1〜3匹でブラッドハンドが2匹まで一緒に出ます。,0,"[""[\"1-3匹\",\"マップの北側エリアの広範囲にたくさんいます\"] \/ 1-3匹"",""マップの北側エリアの広範囲にたくさんいます""]

北部一帯にいる。1～3匹でブラッドハンドが2匹までつく。
ver: 5.4","2026-03-14 06:54:10","2026-03-22 14:44:00"
476,281,106,98,"[""E7"",""D7"",""C7"",""B7"",""B6"",""A6""]",いつでも,1,多い,海岸付近にいます。1匹だが数は多めです。,0,"[""[\"1匹\",\"マップ南の海沿いに生息しています\"] \/ 1匹"",""マップ南の海沿いに生息しています""]

海岸付近にいる。1匹構成だが数は多め。
ver: 5.4","2026-03-14 06:54:10","2026-03-22 15:10:17"
477,291,106,98,"[""A5"",""B5"",""A6"",""B6"",""A3"",""B3"",""A4"",""B4"",""C3"",""D3"",""C4"",""D4""]",昼,1,普通,昼･1匹で出ます。,0,昼･1匹,"2026-03-14 06:54:10","2026-03-22 15:48:14"
478,301,106,98,"[""C2"",""C3"",""D3"",""D2"",""E2"",""E3"",""F3"",""F2""]",いつでも,1〜2,多い,北部の地層が見える岩のまわりにいますが数が少なめです。,0,"[""D-4の岩柱の周りにいることが多い"",""[\"1-2匹\",\"D-4の岩柱の周りにいることが多い\"] \/ 1-2匹""]

北部の地層が見える岩のまわりに少数。1～2匹構成。
ver: 5.4","2026-03-14 06:54:10","2026-03-22 17:12:33"
479,451,106,98,"[""E7"",""E8"",""F7"",""F8"",""G7"",""G8"",""H7"",""H8"",""C5"",""D5"",""C6"",""D6"",""E5"",""F5"",""E6"",""F6"",""G5"",""H5"",""G6"",""H6"",""C7"",""D7"",""C8"",""D8""]",いつでも,3,普通,南部にそこそこの数です。3匹で出ます。,0,"[""[\"3匹\",\"マップ南側エリアの広範囲に出現します\"] \/ 3匹"",""マップ南側エリアの広範囲に出現します""]

南部にそこそこの数。3匹構成。
ver: 5.4","2026-03-14 06:54:10","2026-03-23 10:30:19"
480,547,106,98,"[""B6"",""B7"",""B8"",""C6"",""C7"",""C8"",""D6"",""D7"",""D8"",""E6"",""E7"",""E8"",""F6"",""F7"",""F8"",""G6"",""G7"",""G8""]",いつでも,1,少ない,南側にいるが、数は少なめ。,0,"[""[\"1匹\",\"マップ南側エリアに出現するが数は少ない\"] \/ 1匹"",""マップ南側エリアに出現するが数は少ない""]

南部に少数。壁際では崩れた状態でいる。1匹構成。人の来ない東側にたまっている。
ver: 5.4","2026-03-14 06:54:10","2026-03-23 14:30:04"
481,215,107,99,"[""C3"",""D3"",""C4"",""D4"",""A3"",""B3"",""A4"",""B4"",""A1"",""B1"",""A2"",""B2"",""C1"",""D1"",""C2"",""D2""]",いつでも,1〜2,少ない,1〜2匹で出ます。少々点々といます。,0,"[""[\"1-2匹@中央&北西\",\"マップ東側半分に広く生息\"] \/ 1-2匹@中央&北西"",""マップ東側半分に広く生息""]

中央～北東エリアに生息。1～2匹構成。少々まばら。
ver: 5.4","2026-03-14 06:54:12","2026-03-22 12:09:24"
482,234,107,99,"[""B2"",""B3"",""C2"",""C3"",""C6"",""B6"",""B5"",""C5"",""D5"",""D4"",""D3""]",いつでも,1〜2,少ない,光の河の北から洞窟や崖までの広い範囲にぽつぽついます。1〜2匹で出て、ボーンファイターには2匹まで一緒に出ます。,0,"[""[\"1-2匹@中央&北西\",\"マップ南のエリアに広く出現\"] \/ 1-2匹@中央&北西"",""マップ南のエリアに広く出現""]

No.126(美容院ストロベリー)クエ対象。 光の河の北から洞窟や崖までの広い範囲にぽつぽついる。1～2匹構成。ボーンファイターには2匹までつく。
ver: 5.4","2026-03-14 06:54:12","2026-03-22 12:46:20"
483,240,107,99,"[""B2"",""B3"",""C2"",""C3""]",いつでも,1〜2,多い,北西エリアにいます。1〜2匹で出ます。ルバンカにも2匹まで一緒に出ます。,0,"[""B-3・C-2あたりの北西エリアにたくさんいます"",""[\"1-2匹@北西\",\"B-3・C-2あたりの北西エリアにたくさんいます\"] \/ 1-2匹@北西""]

北西エリアに生息。1～2匹構成。ルバンカにも2匹までつく。
ver: 5.4","2026-03-14 06:54:12","2026-03-22 12:56:34"
484,265,107,99,"[""B3"",""E3"",""D3"",""D4"",""E4""]",いつでも,1〜2,普通,中央のD-3〜E-4と北西B-3の溶岩地帯にいます。1〜2匹で出ます。,0,"[""E-3・4あたりの溶岩の周辺にいます"",""[\"1-2匹@中央&北西\",\"E-3・4あたりの溶岩の周辺にいます\"] \/ 1-2匹@中央&北西""]

中央のD-3～E-4と北西B-3の溶岩地帯に生息。1～2匹構成。
ver: 5.4","2026-03-14 06:54:12","2026-03-22 14:28:03"
485,282,107,99,"[""A5""]",いつでも,1,普通,A-5の洞窟内に2匹のみです。1匹で湧きも遅いです。,0,"[""A-5のトンネル内だけに少しいる"",""[\"1匹@A5の洞くつ\",\"A-5のトンネル内だけに少しいる\"] \/ 1匹@A5の洞くつ""]

A-5の洞窟内に2匹のみ。1匹構成で湧きも遅い。
ver: 5.4","2026-03-14 06:54:12","2026-03-22 15:11:53"
486,295,107,99,"[""F2"",""F3"",""G2"",""G3"",""F4"",""G4"",""D4"",""E4"",""E5"",""D5"",""C5"",""B5"",""B6"",""C6"",""D6""]",いつでも,1,少ない,北西以外のエリアに広い範囲でいます。少々点々といます。1匹で南部ではベホマスライムが2匹まで一緒に出ます。,1,"[""[\"1匹+供@中央&北東\",\"マップ南から東側の広範囲に出現します\"] \/ 1匹+供@中央&北東"",""マップ南から東側の広範囲に出現します""]

北西以外のエリアに広く生息。少々まばら。1匹構成で南部ではベホマスライムが2匹までつく。
ver: 5.4","2026-03-14 06:54:12","2026-03-22 16:03:19"
487,307,107,99,"[""B2"",""B3"",""C2"",""C3""]",いつでも,1,少ない,北西エリアに点々といます。1匹でスターキメラが2匹まで一緒に出ます。,0,"[""B-3・C-2あたりの北西エリアにまあまあいます"",""[\"1匹+供@北西\",\"B-3・C-2あたりの北西エリアにまあまあいます\"] \/ 1匹+供@北西""]

北西エリアにまばら。1匹構成でスターキメラが2匹までつく。
ver: 5.4","2026-03-14 06:54:12","2026-03-22 17:24:58"
488,345,107,99,"[""F2"",""F3"",""G2"",""G3""]",いつでも,1,2,東部全域に出ます。シンボルは2つと非常に少なく、1分湧きで、湧き範囲もかなり広いです。光の河を渡った先も湧き範囲なので注意です。,0,"[""[\"1匹@北東\",\"東側の広いエリアに2匹しかいない\"] \/ 1匹@北東"",""東側の広いエリアに2匹しかいない""]

東部全域に出現。シンボルは2つと非常に少なく、1分湧きで、湧き範囲もかなり広い。光の河を渡った先も湧き範囲なので注意。
ver: 1.4","2026-03-14 06:54:12","2026-03-22 18:58:19"
489,395,107,99,"[""F2"",""F3"",""G2"",""G3""]",いつでも,2,少ない,F〜G-3のヘドロの沼地では数が少なめです。1匹できせいじゅが二匹まで一緒に出ます。湧きは遅いです。,0,"[""F-3の沼地に2匹ほどいます"",""[\"1匹+供@北東の沼\",\"F-3の沼地に2匹ほどいます\"] \/ 1匹+供@北東の沼""]

F～G-3のヘドロの沼地に少数。1匹構成できせいじゅが二匹までつく。湧きは遅い。
ver: 5.4","2026-03-14 06:54:12","2026-03-23 07:47:06"
490,520,107,99,"[""C4""]",いつでも,1,1,C-4で1匹で出ます。,0,"[""C-4の細い通路に1匹だけいる"",""[\"1匹@C4\",\"C-4の細い通路に1匹だけいる\"] \/ 1匹@C4""]

C-4の谷に1シンボルのみ。
ver: 5.4","2026-03-14 06:54:12","2026-03-23 13:46:55"
491,756,107,99,"[""B2"",""B3"",""C2"",""C3""]",いつでも,1〜2,多い,北西エリアにいます。1〜2匹で出ます。ルバンカにも2匹まで一緒に出ます。,0,"[""B-3・C-2あたりの北西エリアにたくさんいます"",""[\"1-2匹@北西\",\"B-3・C-2あたりの北西エリアにたくさんいます\"] \/ 1-2匹@北西""]

北西エリアに生息。1～2匹構成。ルバンカにも2匹までつく。
ver: 5.4","2026-03-14 06:54:12","2026-03-22 12:56:34"
492,1,51,101,"[""F6"",""D5"",""D6"",""E6"",""E5"",""F5"",""C6"",""C5"",""B5"",""B6""]",いつでも,1〜2,多い,川より南にいます。C-6より東側は1匹、西側は1〜2匹構成でおむつっこりも一緒に出ます。おすすめです。,1,"[""[\"1匹@南東1-2匹@南西\",\"川から南の広範囲にたくさんいます\"] \/ 1匹@南東1-2匹@南西"",""川から南の広範囲にたくさんいます""]

川より南に生息。C-6より東側は1匹、西側は1～2匹構成でおむつっこりにもつく。おすすめ。
ver: 5.4","2026-03-14 06:54:21","2026-04-02 08:31:25"
493,6,51,101,"[""F6"",""G6"",""C5"",""D5"",""C6"",""D6"",""B5"",""B6"",""E5"",""F5"",""E6"",""G5""]",いつでも,1〜2,多い,川より南にいます。C-6より東側は1匹、西側は1〜2匹で出ます。スライムが一緒に出ます。,0,"[""[\"1匹@南東混1-2匹@南西\",\"川から南の広範囲にたくさんいます\"] \/ 1匹@南東混1-2匹@南西"",""川から南の広範囲にたくさんいます""]

川より南に生息。C-6より東側は1匹、西側は1～2匹構成でスライムがつく。
ver: 5.4","2026-03-14 06:54:21","2026-04-02 01:10:55"
494,9,51,101,"[""B4"",""F2"",""F3"",""G2"",""G3""]",いつでも,1〜2,多い,けがれの谷近辺やポーポラ地方近辺にいます。1〜2匹で出て、クックルーも混ざります。,0,"[""B-4と北東エリアにたくさん出現します"",""[\"混1-2匹@北東\",\"B-4と北東エリアにたくさん出現します\"] \/ 混1-2匹@北東""]

けがれの谷近くやポーポラ地方近くに生息。1～2匹構成で、クックルーと互いに混成する。
ver: 5.4","2026-03-14 06:54:21","2026-03-26 14:22:48"
496,14,51,101,"[""A6"",""A7"",""A8"",""B6"",""B7"",""B8"",""C6"",""C7"",""C8"",""D6"",""D7"",""D8"",""E1"",""E2"",""E3"",""F1"",""F2"",""F3"",""G1"",""G2"",""G3"",""H1"",""H2"",""H3""]",いつでも,1〜2,多い,地域限定。けがれの谷近くでは1〜2匹で出て、ファーラットも混ざります。南西の海岸近くはいっぱいいるが1匹で出ます。,1,"[""[\"1匹@海岸混1-2匹@北東\",\"北東のけがれの谷周辺と南西のププイアの穴周辺にたくさんいます\"] \/ 1匹@海岸混1-2匹@北東"",""北東のけがれの谷周辺と南西のププイアの穴周辺にたくさんいます""]

地域限定モンスター。 けがれの谷近くでは1～2匹構成でファーラットと互いに混成する。南西の海岸近くは結構な数がいるが1匹構成。
ver: 5.4","2026-03-14 06:54:21","2026-03-21 12:07:16"
497,196,51,101,"[""E3"",""C4"",""D3"",""C3"",""C2"",""D2"",""E2""]",いつでも,1,多い,C-4〜E-3の強敵エリアでよく見かけます。1匹ずつ出ます。,0,"[""[\"1匹@強敵エリア\",\"北の強敵エリアCDE-3あたりにいっぱいいます\"] \/ 1匹@強敵エリア"",""北の強敵エリアCDE-3あたりにいっぱいいます""]

No.207(プクレット外伝2話)クエ対象。 C-4～E-3の強敵エリアに多数。1匹構成。
ver: 5.4","2026-03-14 06:54:21","2026-03-22 11:30:16"
498,283,51,101,"[""E3"",""C4"",""D3"",""C3""]",いつでも,1,多い,C-4〜E-3の強敵エリアに点々といます。1匹ずつ出ます。,0,"[""[\"1匹@強敵エリア\",\"北の強敵エリアCDE-3あたりにいっぱいいます\"] \/ 1匹@強敵エリア"",""北の強敵エリアCDE-3あたりにいっぱいいます""]

C-4～E-3の強敵エリアにまばら。1匹構成。
ver: 5.4","2026-03-14 06:54:21","2026-03-22 15:15:02"
500,19,53,102,"[""F5"",""F6"",""F7"",""G5"",""G6"",""G7"",""H5"",""H6"",""H7"",""E7"",""D7"",""D8"",""C8"",""C7"",""B7"",""B8""]",いつでも,1,多い,地域限定。入口〜F-3までにたくさんいます。1匹ずつ出ます。,1,"[""入るとすぐいる、マップの南から東にかけてたくさん出現します""]

地域限定モンスター。入口～F-3までに多数生息。1匹構成。
ver: 5.4","2026-03-14 06:54:24","2026-03-21 12:36:23"
501,30,53,102,"[""C4"",""C5"",""C6"",""D4"",""D5"",""D6"",""E4"",""E5"",""E6"",""F4"",""F5"",""F6"",""F7"",""G4"",""G5"",""G6"",""G7"",""H4"",""H5"",""H6"",""H7""]",いつでも,1,多い,地域限定。入口〜大蛇の巣にいます。1匹ずつ出ます。E-5の広場に多いです。,1,"[""入ってすぐいる、マップ中央から東に広く出現します""]

地域限定モンスター。 入口～大蛇の巣に生息。1匹構成。E-5の広場に多い。
ver: 5.4","2026-03-14 06:54:24","2026-03-21 13:04:12"
502,31,53,102,"[""A1"",""A2"",""A3"",""A4"",""A5"",""A6"",""B1"",""B2"",""B3"",""B4"",""B5"",""B6"",""C1"",""C2"",""C3"",""C4"",""C5"",""C6"",""D1"",""D2"",""D3"",""D4"",""D5"",""E3"",""E4"",""E5"",""F3"",""F4"",""F5""]",いつでも,1,多い,E-5より奥にたくさんいます。1匹ずつ出ます。,0,"[""マップの北西エリアにたくさん出現します""]

E-5より奥にたくさんいる。1匹構成。
ver: 5.4","2026-03-14 06:54:24","2026-03-21 13:07:50"
503,32,53,102,"[""B8"",""D4"",""F3"",""H6""]",いつでも,1,少ない,倒木のまわりにいます。数は少なめです。1匹ずつ出ます。ところどころ固まっている感じです。,0,"[""ところどころ固まっている感じ、B-8、H-6、F-3、D-4などでいる""]

倒木のまわりに生息。数は少ない。1匹構成。
ver: 5.4","2026-03-14 06:54:24","2026-03-21 13:09:19"
504,42,53,102,"[""A2"",""A3"",""A4"",""A5"",""A6"",""B2"",""B3"",""B4"",""B5"",""B6"",""C2"",""C3"",""C4"",""C5"",""C6"",""D3"",""D4"",""D5"",""D6"",""E3"",""E4"",""E5"",""E6"",""D2"",""E2"",""B1"",""C1""]",いつでも,1,少ない,E-5より奥に点々といます。北部には出ないです。1匹ずつ出ます。,1,"[""マップ中央から西側で出現します""]

E-5より奥にまばら。北部には出ない。1匹構成。B-4から下ってA-4の崖から飛び降りるのを繰り返すのが良いか。時間を問わず狩れるのは〇。
ver: 5.4","2026-03-14 06:54:24","2026-03-21 13:19:11"
505,722,53,102,"[""A1"",""A2"",""A3"",""A4"",""A5"",""A6"",""B1"",""B2"",""B3"",""B4"",""B5"",""B6"",""C1"",""C2"",""C3"",""C4"",""C5"",""C6"",""D1"",""D2"",""D3"",""D4"",""D5"",""E3"",""E4"",""E5"",""F3"",""F4"",""F5""]",いつでも,1,多い,E-5より奥にたくさんいます。1匹ずつ出ます。,0,"[""マップの北西エリアにたくさん出現します""]

E-5より奥にたくさんいる。1匹構成。
ver: 5.4","2026-03-14 06:54:24","2026-03-21 13:07:50"
506,16,52,103,"[""F2"",""F3"",""F4"",""F5"",""F6"",""G2"",""G3"",""G4"",""G5"",""G6"",""H2"",""H3"",""H4"",""H5"",""H6""]",いつでも,1,多い,東の沼地にいます。水辺では1匹で出ます。,0,"[""[\"1匹@水辺\",\"マップの東側でたくさん出現します\"] \/ 1匹@水辺"",""マップの東側でたくさん出現します""]

東の沼地にいる。1匹構成。
ver: 5.4","2026-03-14 06:54:28","2026-03-21 12:14:32"
507,20,52,103,"[""G4"",""G5"",""G6"",""H5"",""H4"",""H6""]",いつでも,1,多い,東部の沼地にいます。水の上にしか出ないので湧きが偏りがちです。1匹ずつ出ます。,0,"[""[\"1匹@水辺\",\"東の湿地帯G-4・5にたくさんいます\"] \/ 1匹@水辺"",""東の湿地帯G-4・5にたくさんいます""]

東部の沼地に生息。水の上にしか出ないので湧きが偏りがち。1匹構成。
ver: 5,4","2026-03-14 06:54:28","2026-03-21 12:40:52"
508,35,52,103,"[""A1"",""A2"",""A3"",""B1"",""B2"",""B3"",""C1"",""C2"",""C3"",""C4"",""C5"",""C6"",""D1"",""D2"",""D3"",""D4"",""D5"",""D6"",""E3"",""E4"",""E5"",""E6"",""F3"",""F4"",""F5"",""F6""]",いつでも,1,多い,中央から北西にかけています。1匹ずつ出ます。,0,"[""[\"1匹@北西エリア\",\"マップ中央から北西全域にたくさんいます\"] \/ 1匹@北西エリア"",""マップ中央から北西全域にたくさんいます""]

中央から北西にかけて生息。1匹構成。
ver: 5.4","2026-03-14 06:54:28","2026-03-21 13:11:36"
509,38,52,103,"[""A3"",""B3"",""C2"",""C3"",""C4"",""C5"",""D3"",""D4"",""D5"",""A2"",""B2""]",いつでも,1,多い,地域限定。中央から北西にかけています。1匹ずつ出ます。,1,"[""[\"1匹@北西エリア\",\"マップ中央から北西全域にたくさんいます\"] \/ 1匹@北西エリア"",""マップ中央から北西全域にたくさんいます""]

地域限定モンスター。中央から北西にかけて生息。1匹構成。びっくりサタンと同時進行すると良い。
ver: 5.4","2026-03-14 06:54:28","2026-03-21 13:13:51"
510,54,52,103,"[""A2"",""A3"",""B2"",""B3"",""C2"",""C3"",""C4"",""B4""]",いつでも,1,多い,地域限定。中央から北西にかけてちらほらいます。1匹ずつ出ます。,1,"[""[\"1匹@北西エリア\",\"北西エリアでたくさん出現します\"] \/ 1匹@北西エリア"",""北西エリアでたくさん出現します""]

地域限定モンスター。 中央から北西にかけてまばらに生息。1匹構成。
ver: 5.4","2026-03-14 06:54:28","2026-03-21 13:36:28"
511,238,52,103,"[""B6"",""B7""]",いつでも,1,少ない,南部に点々といます。1匹ずつ出ます。,0,"[""[\"1匹@強敵エリア\",\"南の強敵エリアに出現します\"] \/ 1匹@強敵エリア"",""南の強敵エリアに出現します""]

南部にまばら。1匹構成。
ver: 5.4","2026-03-14 06:54:28","2026-03-22 12:51:17"
512,240,52,103,"[""C5"",""D5"",""E5"",""F5"",""C6"",""D6"",""E6"",""F6"",""E7"",""F7"",""E8"",""F8"",""C7"",""D7"",""C8"",""D8"",""A7"",""B7"",""A8"",""B8"",""A5"",""B5"",""A6"",""B6""]",いつでも,1〜2,多い,南部に大量です。1〜2匹で出ます。木が邪魔です。強敵エリアでは1〜2匹で出ます。,1,"[""[\"1-2匹@強敵エリア\",\"南の強敵エリアにたくさんいます\"] \/ 1-2匹@強敵エリア"",""南の強敵エリアにたくさんいます""]

No.208(プクレット外伝3話)クエ対象。 南部に大量。1～2匹構成。木が邪魔。
ver: 5.4","2026-03-14 06:54:28","2026-03-22 12:56:34"
513,381,52,103,"[""B6""]",いつでも,1,少ない,南部に1匹のみです。湧きも遅いです。,0,"[""[\"1匹@強敵エリア\",\"南の強敵エリアに出現、B-6に1匹いた\"] \/ 1匹@強敵エリア"",""南の強敵エリアに出現、B-6に1匹いた""]

南部に1匹のみ。湧きも遅い。
ver: 5.4","2026-03-14 06:54:28","2026-03-26 14:34:38"
514,718,52,103,"[""G4"",""G5"",""G6"",""H5"",""H4"",""H6""]",いつでも,1,多い,東部の沼地にいます。水の上にしか出ないので湧きが偏りがちです。1匹ずつ出ます。,0,"[""[\"1匹@水辺\",\"東の湿地帯G-4・5にたくさんいます\"] \/ 1匹@水辺"",""東の湿地帯G-4・5にたくさんいます""]

東部の沼地に生息。水の上にしか出ないので湧きが偏りがち。1匹構成。
ver: 5,4","2026-03-14 06:54:28","2026-03-21 12:40:52"
515,727,52,103,"[""A1"",""A2"",""A3"",""B1"",""B2"",""B3"",""C1"",""C2"",""C3"",""C4"",""C5"",""C6"",""D1"",""D2"",""D3"",""D4"",""D5"",""D6"",""E3"",""E4"",""E5"",""E6"",""F3"",""F4"",""F5"",""F6""]",いつでも,1,多い,中央から北西にかけています。1匹ずつ出ます。,0,"[""[\"1匹@北西エリア\",\"マップ中央から北西全域にたくさんいます\"] \/ 1匹@北西エリア"",""マップ中央から北西全域にたくさんいます""]

中央から北西にかけて生息。1匹構成。
ver: 5.4","2026-03-14 06:54:28","2026-03-21 13:11:36"
516,756,52,103,"[""C5"",""D5"",""E5"",""F5"",""C6"",""D6"",""E6"",""F6"",""E7"",""F7"",""E8"",""F8"",""C7"",""D7"",""C8"",""D8"",""A7"",""B7"",""A8"",""B8"",""A5"",""B5"",""A6"",""B6""]",いつでも,1〜2,多い,南部に大量です。1〜2匹で出ます。木が邪魔です。強敵エリアでは1〜2匹で出ます。,1,"[""[\"1-2匹@強敵エリア\",\"南の強敵エリアにたくさんいます\"] \/ 1-2匹@強敵エリア"",""南の強敵エリアにたくさんいます""]

No.208(プクレット外伝3話)クエ対象。 南部に大量。1～2匹構成。木が邪魔。
ver: 5.4","2026-03-14 06:54:28","2026-03-22 12:56:34"
517,175,54,104,"[""C3"",""E6"",""H4""]",いつでも,1,普通,C-3、E-6、H-4に埋まっています。1匹ずつ出ます。湧きは早いです。,0,"[""[\"1匹@小部屋\",\"ルーラができるポイントC-3、E-6、H-4に3匹くらいずついる\"] \/ 1匹@小部屋"",""ルーラができるポイントC-3、E-6、H-4に3匹くらいずついる""]

C-3、E-6、H-4に埋まっている。1匹構成。湧きは早い。
ver: 5.4","2026-03-14 06:54:31","2026-03-23 08:46:57"
518,242,54,104,"[""A1"",""A2"",""A3"",""A4"",""A5"",""A6"",""A7"",""A8"",""B1"",""B2"",""B3"",""B4"",""B5"",""B6"",""B7"",""B8"",""C1"",""C2"",""C3"",""C4"",""C5"",""C6"",""C7"",""C8"",""D1"",""D2"",""D3"",""D4"",""D5"",""D6"",""D7"",""D8"",""E1"",""E2"",""E3"",""E4"",""E5"",""E6"",""E7"",""E8"",""F1"",""F2"",""F3"",""F4"",""F5"",""F6"",""F7"",""F8"",""G1"",""G2"",""G3"",""G4"",""G5"",""G6"",""G7"",""G8"",""H1"",""H2"",""H3"",""H4"",""H5"",""H6"",""H7"",""H8""]",いつでも,1〜3,多い,毒沼の上にいます。1〜3匹で出ます。マッドルーパーも一緒に出ます。,0,"[""[\"1-3匹@沼\",\"マップのほぼ全域で出現します、数は少なめ\"] \/ 1-3匹@沼"",""マップのほぼ全域で出現します、数は少なめ""]

毒沼の上にいる。1～3匹構成。マッドルーパーにもつく。
ver: 5.4","2026-03-14 06:54:31","2026-03-22 13:02:34"
519,247,54,104,"[""D4"",""D5"",""E3"",""E4"",""E5"",""D3""]",いつでも,1〜3,普通,中央2部屋にいます。1〜3匹で出ます。,1,"[""DE-3・4の2箇所の広い所で出現します"",""[\"1-3匹@中央\",\"DE-3・4の2箇所の広い所で出現します\"] \/ 1-3匹@中央""]

No.168(美容院ミッドナイト色)クエ対象。 中央2部屋に生息。1～3匹構成。しにがみきぞくにもつくのでそちらを狩っていれば増える。
ver: 5.4","2026-03-14 06:54:31","2026-03-22 13:10:45"
520,263,54,104,"[""B4"",""C4"",""C3"",""A4"",""A3"",""B3"",""A2"",""B2"",""C2""]",いつでも,1〜2,多い,西部にたくさんいます。1〜2匹で、ましょうぐもが一緒に出ます。,0,"[""[\"1-2匹@西側\",\"マップ西側半分でたくさん出現します\"] \/ 1-2匹@西側"",""マップ西側半分でたくさん出現します""]

西部にたくさんいる。1～2匹構成でましょうぐもがつく。
ver: 5.4","2026-03-14 06:54:31","2026-03-22 14:24:05"
521,264,54,104,"[""F4"",""F5"",""G4"",""G5"",""F3"",""F2"",""G3"",""G2"",""F6"",""G6""]",いつでも,1〜2,普通,東部にいます。1〜2匹で出ます。,0,"[""[\"1-2匹@東側\",\"マップの東側で出現します\"] \/ 1-2匹@東側"",""マップの東側で出現します""]

No.210(プクレット外伝5話)クエ対象。 東部に生息。1～2匹構成。
ver: 5.4","2026-03-14 06:54:31","2026-03-22 14:25:59"
522,334,54,104,"[""D4"",""D5"",""E3"",""E4"",""E5""]",いつでも,1〜2,少ない,中央の2部屋に点々といます。1〜2匹で出ます。ダークナイトが一緒に出ます。ここのみ!,1,"[""DE-3・4の2箇所の広い所で出現します、数はそこそこいる"",""[\"1-2匹@中央\",\"DE-3・4の2箇所の広い所で出現します、数はそこそこいる\"] \/ 1-2匹@中央""]

ここしかまともに狩れない。中央の2部屋にまばら。1～2匹構成でダークナイトがつく。2PTの場合は部屋を移動しない方が効率がいい。
ver: 5.4","2026-03-14 06:54:31","2026-03-22 18:35:38"
523,2,57,107,"[""B7""]",いつでも,1,普通,オルフェアの町入口出た付近にいます。1匹ずつ出ます。,0,"[""[\"1匹@B7\",\"オルフェアの町を出たすぐの所にいます\"] \/ 1匹@B7"",""オルフェアの町を出たすぐの所にいます""]

オルフェアの町入口にいる。1匹構成。
ver: 5.4","2026-03-14 06:54:39","2026-04-02 08:32:16"
524,18,57,107,"[""F6"",""F7"",""G6"",""G7"",""H6""]",いつでも,1,多い,南東の畑に大量に植わっています。1匹ずつ出ます。,0,"[""[\"1匹@南東畑\",\"マップ東のH-6の畑にいます\"] \/ 1匹@南東畑"",""マップ東のH-6の畑にいます""]

南東の畑に大量に植わっている。1匹構成。
ver: 5.4","2026-03-14 06:54:39","2026-03-21 12:35:26"
525,23,57,107,"[""F4"",""G4""]",いつでも,1,多い,ピィピの宿屋から少し北西に行ったところにいます。1匹ずつ出ます。他のモンスターも多いうえ、地面と同色で見つけづらいです。,0,"[""F-4あたりにたくさんいます"",""[\"1匹@G4-5\",\"F-4あたりにたくさんいます\"] \/ 1匹@G4-5""]

ピィピの宿屋から少し北西に行ったところにいる。1匹構成。他のモンスターも多いうえ、地面と同色で見つけづらい。
ver: 5.4","2026-03-14 06:54:39","2026-06-27 00:04:06"
526,48,57,107,"[""E3"",""E4"",""F3"",""F4"",""G3"",""G4"",""H3"",""H4""]",いつでも,1〜2,多い,東西の道沿いに広い範囲でいます。ピィピのお宿北西にたくさんいます。1〜2匹で出ます。,0,"[""[\"1-2匹@沿道\",\"オルフェアの町を出てすぐからピィピのお宿のがあるエリアまで広範囲に出現\"] \/ 1-2匹@沿道"",""オルフェアの町を出てすぐからピィピのお宿のがあるエリアまで広範囲に出現""]

東西の街道沿いに広く生息。ピィピのお宿北西にたくさんいる。1～2匹構成。
ver: 5.4","2026-03-14 06:54:39","2026-03-21 13:28:40"
527,50,57,107,"[""F4"",""F5"",""G4"",""G5"",""G6"",""F6""]",いつでも,1,多い,東部にいます。南側に多いです。1匹ずつ出ます。,0,"[""[\"1匹@東\",\"ピィピのお宿のがある東エリアに広く出現する\"] \/ 1匹@東"",""ピィピのお宿のがある東エリアに広く出現する""]

東部に生息。南側に多い。1匹構成。
ver: 5.4","2026-03-14 06:54:39","2026-03-21 13:32:30"
528,62,57,107,"[""B6"",""B7"",""C6"",""C7"",""G4""]",夜,1〜2,少ない,夜だけ出ます。オルフェアの町あたりの木の下やピィピのお宿北西に点々といます。1〜2匹で出て、グレムリンも混ざります。,0,"[""[\"夜･混1-2匹@B7＆G4\",\"夜のみ南西からピィピのお宿周辺まで出現するが数は少ない\"] \/ 夜･混1-2匹@B7＆G4"",""夜のみ南西からピィピのお宿周辺まで出現するが数は少ない""]

夜限定。オルフェアの町周辺の木の下やピィピのお宿北西にまばら。1～2匹構成でグレムリンが混成する。
ver: 5.4","2026-03-14 06:54:39","2026-03-21 13:48:17"
529,69,57,107,"[""A5"",""A6"",""A7"",""A8"",""B5"",""B6"",""B7"",""B8"",""C5"",""C6"",""C7"",""C8"",""D5"",""D6"",""D7"",""D8"",""E1"",""E2"",""E3"",""E4"",""E5"",""E6"",""F1"",""F2"",""F3"",""F4"",""F5"",""F6"",""G3"",""G4"",""G5"",""G6"",""H3"",""H4"",""H5"",""H6""]",いつでも,1〜2,普通,東西に広い範囲でいます。西部が密度が高いです。南東の畑あたりでは1〜2匹で出ます。他は1匹で出ます。,0,"[""[\"1匹@沿道\",\"オルフェアの町を出てすぐからピィピのお宿のがあるエリアまで広範囲に出現\"] \/ 1匹@沿道"",""オルフェアの町を出てすぐからピィピのお宿のがあるエリアまで広範囲に出現""]

東西に広く生息。西部が密度が高い。南東の畑周辺では1～2匹構成。他は1匹構成。
ver: 5.4","2026-03-14 06:54:39","2026-03-21 13:55:49"
530,84,57,107,"[""D6""]",いつでも,1〜2,1,東西をつなぐ通路に1シンボルのみです。1〜2匹で出ます。2分湧きです。,0,"[""D-6の細い道に1匹いる"",""[\"1-2匹@D6\",\"D-6の細い道に1匹いる\"] \/ 1-2匹@D6""]

東西をつなぐ通路に1シンボルのみ。1～2匹構成。2分湧き。
ver: 5.4","2026-03-14 06:54:39","2026-03-21 15:02:12"
531,127,57,107,"[""B5"",""C5"",""C6"",""B6"",""A6"",""A5""]",いつでも,1〜2,多い,北西部にいます。木の近くに多いです。1〜2匹で出ます。,1,"[""[\"1-2匹@北西\",\"西エリアのB-5・6あたりにいっぱいいます\"] \/ 1-2匹@北西"",""西エリアのB-5・6あたりにいっぱいいます""]

No.157(オルフェア外伝2話)クエ対象。 北西部に生息。木の近くに多い。1～2匹構成。
ver: 5.4","2026-03-14 06:54:39","2026-03-21 18:44:35"
532,135,57,107,"[""B5"",""B6"",""A6"",""A5"",""C5"",""C6"",""C7"",""B7"",""A7""]",いつでも,1〜2,多い,北西にかなりの数です。1〜2匹で出ます。近くのサンダーフロッグも一緒に出ます。,0,"[""[\"1-2匹@北西\",\"西エリアのB-5・6あたりにいっぱいいます\"] \/ 1-2匹@北西"",""西エリアのB-5・6あたりにいっぱいいます""]

No.079(旅芸人3話)クエ対象。 北西にかなりの数。1～2匹構成。近くのサンダーフロッグにもつく。
ver: 5.4","2026-03-14 06:54:39","2026-03-21 18:55:07"
533,144,57,107,"[""F6"",""F7"",""G6"",""G7"",""H6""]",いつでも,1,多い,南東の畑に埋まっています。1匹ずつ出ます。大量にいるオニオーンが紛らわしいのが難点。,0,"[""[\"1匹@南東畑\",\"マップ東のH-6の畑にいます\"] \/ 1匹@南東畑"",""マップ東のH-6の畑にいます""]

南東の畑に埋まっている。1匹構成。大量にいるオニオーンが紛らわしい。
ver: 5.4","2026-03-14 06:54:39","2026-03-21 19:23:05"
534,178,57,107,"[""B5"",""B6""]",いつでも,1,少ない,北西では数が少なめです。1匹ずつ出ます。,0,"[""[\"1匹@北西\",\"西エリアのB-5・6あたりに出現する、数は少ない\"] \/ 1匹@北西"",""西エリアのB-5・6あたりに出現する、数は少ない""]

北西に少数。1匹構成。
ver: 5.4","2026-03-14 06:54:39","2026-03-22 10:55:35"
535,233,57,107,"[""B5"",""F2"",""E2""]",いつでも,1〜2,少ない,北西の泉の周りにも少なめです。1〜2匹で出ます。北西ではビッグフェイスが一緒に出ます。,0,"[""[\"1-2匹@北混1-2匹@北西\",\"北のEF-2あたりと西のB-5・6あたりに出現、数は少なめ\"] \/ 1-2匹@北混1-2匹@北西"",""北のEF-2あたりと西のB-5・6あたりに出現、数は少なめ""]

北部にまばらに生息。北西の泉の周りにも少数。1～2匹構成で北西ではビッグフェイスがつく。
ver: 5.4","2026-03-14 06:54:39","2026-03-22 12:42:43"
536,269,57,107,"[""E2"",""F2""]",いつでも,1,2,4分湧きです。,0,"[""[\"1匹@北\",\"北エリアのF-2あたりに少しいる\"] \/ 1匹@北"",""北エリアのF-2あたりに少しいる""]

北部に2シンボルのみ。4分湧き。
ver: 5.4","2026-03-14 06:54:39","2026-03-22 14:40:48"
537,437,57,107,"[""F5""]",いつでも,1,1,F-5に1シンボルのみです。湧きは10分以上です。,0,"[""F-5に1匹います"",""[\"1匹@F5\",\"F-5に1匹います\"] \/ 1匹@F5""]

F-5に1シンボルのみ。12分湧き。
ver: 5.4","2026-03-14 06:54:39","2026-03-23 09:53:39"
538,730,57,107,"[""E3"",""E4"",""F3"",""F4"",""G3"",""G4"",""H3"",""H4""]",いつでも,1〜2,多い,東西の道沿いに広い範囲でいます。ピィピのお宿北西にたくさんいます。1〜2匹で出ます。,0,"[""[\"1-2匹@沿道\",\"オルフェアの町を出てすぐからピィピのお宿のがあるエリアまで広範囲に出現\"] \/ 1-2匹@沿道"",""オルフェアの町を出てすぐからピィピのお宿のがあるエリアまで広範囲に出現""]

東西の街道沿いに広く生息。ピィピのお宿北西にたくさんいる。1～2匹構成。
ver: 5.4","2026-03-14 06:54:39","2026-03-21 13:28:40"
539,735,57,107,"[""D6""]",いつでも,1〜2,1,東西をつなぐ通路に1シンボルのみです。1〜2匹で出ます。2分湧きです。,0,"[""D-6の細い道に1匹いる"",""[\"1-2匹@D6\",\"D-6の細い道に1匹いる\"] \/ 1-2匹@D6""]

東西をつなぐ通路に1シンボルのみ。1～2匹構成。2分湧き。
ver: 5.4","2026-03-14 06:54:39","2026-03-21 15:02:12"
540,367,60,108,"[""B1"",""B7"",""D4"",""F3"",""G3""]",いつでも,1〜2,普通,B-7やH-6やB-4、G-3、D-5など、決まったところにほぼ湧きます。,0,"[""[\"1-2匹\",\"東エリアではB-7とF-3とG-3、西エリアではB-1とD-4などにいます\"] \/ 1-2匹"",""東エリアではB-7とF-3とG-3、西エリアではB-1とD-4などにいます""]

B-7やH-6やB-4、G-3、D-5など、決まったところにほぼ湧く。各出現箇所と多少リンクしているため、狩るPT数によってはたまに涸れる。枯れたら1～2分待つのが吉か。1～2匹構成で、ファンキードラゴに混成する。 討伐隊やモノクル狙いで未だに人が来る。ゴールデンタイムは外すのがいいかも。
ver: 2.4","2026-03-14 06:54:43","2026-03-23 06:46:47"
541,374,60,108,"[""E3"",""E4"",""F3"",""F4"",""G3"",""G4"",""H3"",""H4"",""E5"",""E6"",""F6"",""F7"",""G7"",""G6"",""H6"",""H5"",""G5"",""F5"",""E7"",""H7""]",いつでも,1〜2,多い,南西から北東にかけて点在しています。1〜2匹で出て、アモデウスも混ざります。,1,"[""[\"1-2匹\",\"川から東のエリア全域にたくさんいます\"] \/ 1-2匹"",""川から東のエリア全域にたくさんいます""]

南西から北東にかけて点在している。1～2匹構成でアモデウスが混成する。
ver: 5.4","2026-03-14 06:54:43","2026-03-23 07:08:55"
542,410,60,108,"[""D5"",""C5"",""C4"",""C3"",""C2"",""D2"",""D3"",""D4""]",いつでも,1〜2,多い,2つ目の橋を渡った先にいます。2匹組で現れることが多めです。,1,"[""[\"1-2匹\",\"川から西のエリア全域にたくさんいます\"] \/ 1-2匹"",""川から西のエリア全域にたくさんいます""]

No.239(そうびぶくろ2話)クエ対象。 2つ目の橋を渡った先にいる。2匹組で現れることが多め。一気にやるならばオススメ。
ver: 2.2","2026-03-14 06:54:43","2026-03-23 08:56:17"
543,458,60,108,"[""A1"",""A2"",""A3"",""A4"",""B1"",""B2"",""B3"",""B4"",""C1"",""C2"",""C3"",""C4"",""D1"",""D2"",""D3"",""D4"",""E1"",""E2"",""E3"",""E4"",""F1"",""F2"",""F3"",""F4""]",いつでも,1,多い,全域に出るが、シンボルは全体的に少なめです。橋を渡った先が若干多い。,0,"[""[\"1匹\",\"マップ全域に出現します、数はそれほど多くない\"] \/ 1匹"",""マップ全域に出現します、数はそれほど多くない""]

シンボルは全体的に少なめ。橋を渡った先が若干多いか。
ver: 1.5","2026-03-14 06:54:43","2026-03-23 10:37:56"
544,538,60,108,"[""C3"",""C5"",""F5""]",いつでも,1,普通,湧きまではそんなに時間はかからないです。,0,"[""F-5、C-3、C-5あたりにいます"",""[\"1匹\",\"F-5、C-3、C-5あたりにいます\"] \/ 1匹""]

Ver.4.4で三闘きのこの真下から傘の外付近に移動。その代わりシンボルが5つくらいに増えた。即湧きではないが、再ポップまではさほど時間はかからない。ルーラストーンも配置されたため狩りやすくなった。
ver: 4.4","2026-03-14 06:54:43","2026-03-23 14:09:45"
545,69,58,109,"[""A6"",""B6""]",いつでも,1〜2,普通,フェルアバの洞くつ前の畑の周りにいます。1〜2匹で出ます。,1,"[""[\"1-2匹@A6\",\"南西A-6あたりで出現します\"] \/ 1-2匹@A6"",""南西A-6あたりで出現します""]

フェルアバの洞くつ前の畑の周りにいる。1～2匹構成。ルーラ地点から近く密度も良くおすすめ。
ver: 5.4","2026-03-14 06:54:48","2026-03-21 13:55:49"
546,75,58,109,"[""A3"",""A4"",""A5"",""A6"",""B3"",""B4"",""B5"",""B6"",""C3"",""C4"",""C5"",""C6"",""D3"",""D4"",""D5"",""E3"",""E4"",""E5"",""F3"",""F4"",""F5"",""F6"",""G3"",""G4"",""G5"",""G6"",""H3"",""H4"",""H5"",""H6""]",いつでも,1〜2,多い,ほぼ全域にいます。1〜2匹で出ます。スライムタワーも一緒に出ます。,0,"[""[\"1-2匹@全域\",\"鉄道の西エリアも東エリアもどっちもたくさんいる\"] \/ 1-2匹@全域"",""鉄道の西エリアも東エリアもどっちもたくさんいる""]

No.023(オルフェア便せん)クエ対象。 ほぼ全域に生息。1～2匹構成。スライムタワーにもつく。
ver: 5.4","2026-03-14 06:54:48","2026-03-21 14:15:19"
548,85,58,109,"[""F4"",""F5"",""G4"",""G5"",""E4"",""D4"",""F3"",""E3"",""G3""]",いつでも,1〜2,普通,線路の東側に広くいます。1〜2匹で出ます。トンブレロが一緒に出ます。,0,"[""[\"1-2匹@東側\",\"鉄道から東のエリアで広範囲に出現します\"] \/ 1-2匹@東側"",""鉄道から東のエリアで広範囲に出現します""]

線路の東側に分布。1～2匹構成でトンブレロがつく。
ver: 5.4","2026-03-14 06:54:48","2026-03-21 15:06:20"
549,86,58,109,"[""F4"",""F5"",""G4"",""G5""]",いつでも,1〜2,普通,線路より東の木の近くにいます。1〜2匹で出ます。,0,"[""[\"1-2匹@東側\",\"鉄道から東のエリアで広範囲に出現します\"] \/ 1-2匹@東側"",""鉄道から東のエリアで広範囲に出現します""]

線路より東の木の近くにいる。1～2匹構成。
ver: 5.4","2026-03-14 06:54:48","2026-03-21 15:13:53"
551,136,58,109,"[""C5"",""C4""]",いつでも,1〜2,5,C-4〜5の果樹園に5シンボルです。湧きは早いです。1〜2匹で出ます。,0,"[""[\"1-2匹@果樹園\",\"鉄道より西のC-5あたりで固まっています\"] \/ 1-2匹@果樹園"",""鉄道より西のC-5あたりで固まっています""]

C-4～5の果樹園に5シンボル。若干まばらだが湧きは早い。1～2匹構成。
ver: 5.4","2026-03-14 06:54:48","2026-03-21 18:57:00"
552,144,58,109,"[""A6"",""B6""]",いつでも,1,多い,フェルアバの洞くつ前の畑に大量です。1匹ずつ出ます。,0,"[""[\"1匹@A6の畑\",\"南西A-6にある畑にたくさんいます\"] \/ 1匹@A6の畑"",""南西A-6にある畑にたくさんいます""]

フェルアバの洞くつ前の畑に大量。1匹構成。
ver: 5.4","2026-03-14 06:54:48","2026-03-21 19:23:05"
553,224,58,109,"[""G5""]",いつでも,1,ちらほら,南東のオルファの丘前に点々といます。1匹ずつ出ます。,0,"[""[\"1匹@G5付近\",\"オルファの丘方面のFG-5に少しいます\"] \/ 1匹@G5付近"",""オルファの丘方面のFG-5に少しいます""]

南東のオルファの丘前にまばら。1匹構成。
ver: 5.4","2026-03-14 06:54:48","2026-03-22 12:24:12"
554,233,58,109,"[""E4""]",いつでも,1〜2,少ない,E-4の離れ小島に点々といます。1〜2匹で出ます。,0,"[""E-4の右下の小さい島に固まっています"",""[\"1-2匹@E4の小島\",\"E-4の右下の小さい島に固まっています\"] \/ 1-2匹@E4の小島""]

E-4の離れ小島にまばら。1～2匹構成。
ver: 5.4","2026-03-14 06:54:48","2026-03-22 12:42:43"
555,284,58,109,"[""G5""]",いつでも,1,ちらほら,南東のオルファの丘前に点々といます。1匹ずつ出ます。,0,"[""[\"1匹@G5付近\",\"オルファの丘方面のFG-5にたくさんいます\"] \/ 1匹@G5付近"",""オルファの丘方面のFG-5にたくさんいます""]

No.253(ドルワーム外伝2話)クエ対象。 南東のオルファの丘前にまばら。1匹構成。
ver: 5.4","2026-03-14 06:54:48","2026-03-22 15:17:54"
556,732,58,109,"[""F4"",""F5"",""G4"",""G5"",""E4"",""D4"",""F3"",""E3"",""G3""]",いつでも,1〜2,普通,線路の東側に広くいます。1〜2匹で出ます。トンブレロが一緒に出ます。,0,"[""[\"1-2匹@東側\",\"鉄道から東のエリアで広範囲に出現します\"] \/ 1-2匹@東側"",""鉄道から東のエリアで広範囲に出現します""]

線路の東側に分布。1～2匹構成でトンブレロがつく。
ver: 5.4","2026-03-14 06:54:48","2026-03-21 15:06:20"
557,745,58,109,"[""C5"",""C4""]",いつでも,1〜2,5,C-4〜5の果樹園に5シンボルです。湧きは早いです。1〜2匹で出ます。,0,"[""[\"1-2匹@果樹園\",\"鉄道より西のC-5あたりで固まっています\"] \/ 1-2匹@果樹園"",""鉄道より西のC-5あたりで固まっています""]

C-4～5の果樹園に5シンボル。若干まばらだが湧きは早い。1～2匹構成。
ver: 5.4","2026-03-14 06:54:48","2026-03-21 18:57:00"
558,79,58,109,"[""C4"",""E4"",""F4"",""G4"",""E5"",""C5""]",いつでも,1〜2,多い,夜は鉄道から東エリアの広範囲にいます。昼はC4/5の鉄道の下のトンネル内にいます。,0,"[""[\"1匹@線路下\",\"夜は鉄道から東エリアの広範囲にいる、昼はC-4・5の鉄道の下のトンネル内にいます\"] \/ 1匹@線路下"",""夜は鉄道から東エリアの広範囲にいる、昼はC-4・5の鉄道の下のトンネル内にいます""]

昼は線路下の地下通路に少数おり1匹構成、夜は線路より東に多数出現し構成も1～2匹に増える。
ver: 5.4","2026-03-14 06:54:48","2026-03-21 14:45:36"
559,92,58,109,"[""B3"",""B5"",""C4"",""B4"",""B6"",""A6"",""A5"",""A4"",""A3""]",いつでも,1〜2,多い,昼間は穴の中では数が少なめです。夜には線路の西側にいます。1〜2匹で出ます。,0,"[""[\"1-2匹@B3-5\",\"夜は鉄道から西のエリア、昼はC-4とAB-5とB-6から入れる短い洞くつの中にいます\"] \/ 1-2匹@B3-5"",""夜は鉄道から西のエリア、昼はC-4とAB-5とB-6から入れる短い洞くつの中にいます""]

線路の西側に生息。昼間は穴の中に少数。夜にはエリアの野外全域に出現するようになる。1～2匹構成。
ver: 5.4","2026-03-14 06:54:48","2026-03-21 15:53:45"
560,105,61,111,"[""E5"",""E6"",""F5"",""G5""]",いつでも,1〜2,多い,E6のみ単独で、他は1〜2匹で出ます。,1,"[""森に入ってすぐのE-5・6にいっぱいいます""]

小屋がある広場とその広場の南と東の通路にいる。広場の南通路のみ単独出現で、他は1～2匹構成。
ver: 2.3","2026-03-14 06:54:51","2026-03-21 17:37:09"
561,106,61,111,"[""H6""]",いつでも,1〜2,普通,1〜2匹沸きかウッディアイと混成です。,0,"[""フォスティル広場の前の通路H-6あたりにいます""]

フォステイル広場前の通路。１〜２匹沸きかウッディアイと混成。
ver: 1.1","2026-03-14 06:54:51","2026-03-21 17:38:10"
562,109,61,111,"[""G6"",""H6""]",いつでも,,多い,ポポラパの方がよき。,0,"[""フォスティル広場方面のG-6あたりにいっぱいいます""]

フォステイル広場手前の通路にいる。ポポラパの方がいい。
ver: 1.1","2026-03-14 06:54:51","2026-03-21 17:41:40"
563,121,61,111,"[""E5"",""E6""]",いつでも,1〜2,多い,小屋のある広場の手前までは1匹で出ます。以降は1〜2匹で出て、メランザーナも混ざります。,0,"[""森に入ってすぐのE-5・6にいっぱいいます""]

小屋のある広場の手前までは単独出現。以降は1～2匹構成でメランザーナが混成する。
ver: 2.3","2026-03-14 06:54:51","2026-03-21 18:36:43"
564,128,61,111,"[""G6"",""F5"",""G5"",""F6""]",いつでも,1〜2,多い,F-5の広場の南の通路では1〜2匹でベビーマジシャンも混ざります。,0,"[""フォスティル広場方面のG-6あたりにいっぱいいます""]

F-5の広場の南の通路では1～2匹構成でベビーマジシャンと相互に混成する。フォスティル広場南の通路ではピクシーと一緒にシンボルが湧き、混成もする。
ver: 1.3","2026-03-14 06:54:51","2026-03-21 18:45:37"
565,157,61,111,"[""C4"",""B4"",""B5"",""C5"",""E3"",""D3"",""D2"",""E2"",""E4""]",いつでも,1〜2,多い,北と西の強敵エリアに広くいます。1〜2匹で出ます。E-4の通路だとグリーンシザーがついてこないです。,0,"[""E-4から北のエリアとD-5から西のエリアでいっぱいいます""]

北と西の強敵エリアに分布。1～2匹構成。E-4の通路だとグリーンシザーがついてこない。
ver: 1.1","2026-03-14 06:54:51","2026-03-22 10:09:19"
566,162,61,111,"[""E4"",""E3"",""D3"",""D2"",""E2""]",いつでも,1〜2,少ない,北部の強敵ゾーンにいます。1〜2匹で出ます。お供におばけトマトがついてきます。,0,"[""E-4から北のエリアでいっぱいいます""]

北部の強敵ゾーンに生息。1～2匹構成。お供におばけトマトがついてくる。シンボルがやや少ないか。業者もうざい。
ver: 2.1","2026-03-14 06:54:51","2026-03-22 10:16:19"
567,166,61,111,"[""D5"",""C5"",""A6"",""A5"",""B5"",""B6"",""C6"",""D6""]",いつでも,,多い,D-5から西のエリアでよく見かけます。,0,"[""D-5から西のエリアでいっぱいいます""]

No.128(ドレスアップ屋)クエ対象。ベルフェゴルの沸き待ち兼MP吸収要員としてどうぞ。
ver: 1.1","2026-03-14 06:54:51","2026-03-22 10:23:22"
568,172,61,111,"[""H3"",""F3"",""G3"",""H4"",""F4"",""G4""]",いつでも,,多い,F4は単体,1,"[""北東エリアFGH-3・4でたくさん出現します""]

No.158(オルフェア外伝3話)クエ対象。 F4辺りの通路だとこいつ単体で出るため、単体で狩りたいならそこがおすすめ。それ以外だとゴールドオークのお供でも出やすく、生息域も被るので一緒に伸ばすのも手か。
ver: 1.2","2026-03-14 06:54:51","2026-03-22 10:40:40"
569,179,61,111,"[""D5"",""C5"",""B5"",""A5"",""A6"",""B6"",""C6"",""D6""]",いつでも,,普通,間隔が広いです。D-5から西のエリアで広く出現します。,0,"[""D-5から西のエリアで広く出現します""]

No.070(武闘家4話)クエ対象。 間隔が広い。
ver: 1.1","2026-03-14 06:54:51","2026-06-26 23:46:13"
570,222,61,111,"[""H3"",""G3"",""F3""]",いつでも,1,少ない,北東の強敵エリアにいます。ベホイムスライムが1匹一緒に出ます。,0,"[""北東のFGH-3あたりで出現します""]

北東の強敵エリアにいる。シンボル数少なめか。ベホイムスライムが1匹くっつく。
ver: 1.1","2026-03-14 06:54:51","2026-03-22 12:21:17"
571,427,61,111,"[""B3"",""B6""]",いつでも,1,少ない,西端の北部と南部に1体ずつです。約5分湧きです。,1,"[""B-3とB-6に1匹ずついます"",""[\"1匹\",\"B-3とB-6に1匹ずついます\"] \/ 1匹""]

西端の北部と南部に1体ずつ。約5分湧き。エモノ呼び推奨。持っていない場合は湧きポイントを往復するといい。
ver: 2.0","2026-03-14 06:54:51","2026-03-23 09:32:53"
572,86,59,112,"[""A1"",""A2"",""A3"",""A4"",""B1"",""B2"",""B3"",""B4"",""C1"",""C2"",""C3"",""C4"",""D1"",""D2"",""D3"",""D4""]",いつでも,1〜2,多い,西部の木の下にいます。1〜2匹で出ます。タップデビルも一緒に出ます。,0,"[""北西エリア全域にたくさん出現します""]

西部の木の下にいる。1～2匹構成。タップデビルにもつく。
ver: 5.4","2026-03-14 06:54:56","2026-03-21 15:13:53"
573,88,59,112,"[""B3"",""B4"",""A4"",""A3""]",いつでも,1,多い,銀の丘前にたくさんいます。1匹ずつ出てキメラが一緒に出ます。,0,"[""銀の丘の近くB-3・4にたくさんいます""]

No.151(スパ職1話)クエ対象。 銀の丘前にたくさんいる。1匹構成でキメラがつく。
ver: 5.4","2026-03-14 06:54:56","2026-03-21 15:33:07"
574,96,59,112,"[""C2"",""B2""]",いつでも,1〜2,多い,別荘跡周辺にたくさんいます。1〜2匹で出ます。入ってすぐのBC-2あたりでよく見かけます。,0,"[""入ってすぐのBC-2あたりにたくさんいます""]

別荘跡周辺にたくさんいる。1～2匹構成。
ver: 5.4","2026-03-14 06:54:56","2026-03-21 15:59:03"
575,139,59,112,"[""C2"",""B2"",""B3"",""C3""]",いつでも,1,少ない,別荘跡近辺では数が少なめです。1匹ずつ出ます。,0,"[""BC-2あたりに出現します""]

別荘跡近くに少数。1匹構成。
ver: 5.4","2026-03-14 06:54:56","2026-03-21 19:03:53"
576,141,59,112,"[""A1"",""A2"",""A3"",""A4"",""B1"",""B2"",""B3"",""B4"",""C1"",""C2"",""C3"",""C4""]",夜,1,少ない,夜だけ出ます。西部に湧くがかなり少なめです。1匹ずつ出ます。,0,"[""北西エリア全域に出現、数は少ない""]

夜限定。西部に湧くがかなり少ない。1匹構成。
ver: 5.4","2026-03-14 06:54:56","2026-03-21 19:08:00"
577,173,59,112,"[""D2""]",いつでも,1,1,1匹で10分湧きです。,0,"[""D-2の端っこに1匹います""]

アルウェ王妃の別荘跡の北東に1シンボルのみ。1匹構成で10分湧き。
ver: 5.4","2026-03-14 06:54:56","2026-03-22 10:43:35"
578,268,59,112,"[""D4"",""E4"",""E3"",""F3"",""F4"",""G4"",""H3"",""G3"",""F2"",""E2""]",いつでも,1〜2,ちらほら,東部に点々といます。1〜3匹でキラージャックが2匹まで一緒に出ます。,0,"[""D-4から南東の広いエリアにたくさん出現します"",""[\"1-2匹\",\"D-4から南東の広いエリアにたくさん出現します\"] \/ 1-2匹""]

東部にまばら。1～3匹構成でキラージャックが2匹までつく。北東部は人がこないためか密度高め。
ver: 1.3","2026-03-14 06:54:56","2026-03-22 14:39:36"
579,299,59,112,"[""D4""]",夜,1〜2,普通,深夜限定です。東部にそこそこです。1〜2匹で出ます。,0,"[""[\"夜･1-2匹\",\"夜のみD-4から南東の広いエリアに出現します\"] \/ 夜･1-2匹"",""夜のみD-4から南東の広いエリアに出現します""]

深夜限定。東部にそこそこ。1～2匹構成。ダークペルシャのシンボルにお供で来る事もあり、こちらは昼でも可能。
ver: 5.4","2026-03-14 06:54:56","2026-03-22 16:21:18"
580,315,59,112,"[""F5""]",いつでも,1,多い,ソーダの泉周辺にそれなりの数です。1匹ずつ出ます。,0,"[""F-5のソーダの泉の前に固まっている"",""[\"1匹\",\"F-5のソーダの泉の前に固まっている\"] \/ 1匹""]

No.096(しぐさ：サイクロンダンス)クエ対象。 ソーダの泉周辺にそれなりの数。1匹構成。
ver: 5.4","2026-03-14 06:54:56","2026-07-29 10:29:27"
581,319,59,112,"[""E2"",""F2"",""F3"",""E3""]",いつでも,1,多い,北東に大量です。橋の上は即湧きです。1匹ずつ出ます。,1,"[""[\"1匹\",\"北東E-2・3あたりにいっぱいいる\"] \/ 1匹"",""北東E-2・3あたりにいっぱいいる""]

北東に大量。橋の上は即湧き。1匹構成。
ver: 5.4","2026-03-14 06:54:56","2026-03-22 17:53:53"
582,324,59,112,"[""D4"",""E4"",""E5"",""F5"",""F4"",""E6"",""F6"",""G6"",""G4"",""G5""]",いつでも,1,少ない,東部では数が少なめです。1匹ずつ出ます。,0,"[""D-4から南東の広いエリアに出現します"",""[\"1匹\",\"D-4から南東の広いエリアに出現します\"] \/ 1匹""]

東部に少数。1匹構成。
ver: 5.4","2026-03-14 06:54:56","2026-03-22 18:19:55"
583,508,59,112,"[""E2""]",いつでも,1,1,E-2に1シンボルのみです。1匹ずつ出ます。遠い上に湧きも10分と長いです。,0,"[""E-2に1匹います"",""[\"1匹\",\"E-2に1匹います\"] \/ 1匹""]

E-2に1シンボルのみ。1匹構成。遠い上に湧きも10分と長い。
ver: 5.4","2026-03-14 06:54:56","2026-03-23 12:46:40"
584,768,59,112,"[""E2"",""F2"",""F3"",""E3""]",いつでも,1,多い,北東に大量です。橋の上は即湧きです。1匹ずつ出ます。,1,"[""[\"1匹\",\"北東E-2・3あたりにいっぱいいる\"] \/ 1匹"",""北東E-2・3あたりにいっぱいいる""]

北東に大量。橋の上は即湧き。1匹構成。
ver: 5.4","2026-03-14 06:54:56","2026-03-22 17:53:53"
585,770,59,112,"[""D4"",""E4"",""E5"",""F5"",""F4"",""E6"",""F6"",""G6"",""G4"",""G5""]",いつでも,1,少ない,東部では数が少なめです。1匹ずつ出ます。,0,"[""D-4から南東の広いエリアに出現します"",""[\"1匹\",\"D-4から南東の広いエリアに出現します\"] \/ 1匹""]

東部に少数。1匹構成。
ver: 5.4","2026-03-14 06:54:56","2026-03-22 18:19:55"
586,322,71,113,"[""C7"",""D7""]",いつでも,3〜4,普通,C7、D7の開けた部分に複数シンボルです。3〜4匹です。,0,"[""CD-7で固まって飛んでいます"",""[\"3-4匹@C7付近\",\"CD-7で固まって飛んでいます\"] \/ 3-4匹@C7付近""]

C-7とD-7の開けた部分に複数シンボル。3～4匹構成。
ver: 5.4","2026-03-14 06:54:59","2026-03-22 18:13:24"
587,412,71,113,"[""F5"",""G5"",""E3"",""E4"",""F6"",""G6""]",いつでも,3〜4,多い,南東エリアと北東エリアにシンボルたくさんいます。北東エリアは湖の周辺にシンボルはいないので注意です。3〜5匹です。,0,"[""[\"3-4匹@東\",\"マップ東側半分で広範囲に出現します\"] \/ 3-4匹@東"",""マップ東側半分で広範囲に出現します""]

南東エリアと北東エリアにシンボル多数。北東エリアは湖の周辺にシンボルはいないので注意。3～5匹構成。
ver: 5.4","2026-03-14 06:54:59","2026-03-23 08:58:40"
588,449,71,113,"[""E6"",""E7"",""F6"",""F7"",""G6"",""G7""]",いつでも,3〜4,普通,銀の丘から入ってすぐの南東エリアにシンボルです。3〜4匹です。,0,"[""[\"3-4匹@南東\",\"南東エリアで広く出現します\"] \/ 3-4匹@南東"",""南東エリアで広く出現します""]

銀の丘から入ってすぐの南東エリアにシンボル。3～4匹構成。
ver: 5.4","2026-03-14 06:54:59","2026-03-23 10:16:22"
589,523,71,113,"[""F2"",""F3"",""G2"",""G3""]",いつでも,3〜4,少ない,北東エリアにシンボルです。3〜4匹です。,0,"[""[\"3-4匹@北東\",\"北東エリアで出現します\"] \/ 3-4匹@北東"",""北東エリアで出現します""]

北東エリアにシンボル。ランタンこぞうのシンボルよりは若干少なめ。3～4匹構成。
ver: 5.4","2026-03-14 06:54:59","2026-03-23 13:50:30"
590,527,71,113,"[""F2"",""F3"",""F5"",""G2"",""G3""]",いつでも,3〜4,普通,E5にも一応いる。,1,"[""[\"3-4匹@北東\",\"東のエリアの池の周りに出現、F-5やF-3あたりにいる\"] \/ 3-4匹@北東"",""東のエリアの池の周りに出現、F-5やF-3あたりにいる""]

北東部の湖のほとりにいる。3～4匹構成。F-3～G-3にかけての北岸がいいか。一応E-5あたりの湖のほとりにもいるがあまり気にしなくていいだろう。
ver: 5.4","2026-03-14 06:54:59","2026-03-23 13:56:28"
591,532,71,113,"[""B6"",""B7"",""C6"",""C7""]",いつでも,3〜4,少ない,南西エリアにシンボルです。フェアリーバットのシンボルよりだいぶ少なめです。同種3〜4匹です。,0,"[""[\"3-4匹@南西\",\"マップの西側エリアの広範囲でまばらにいます\"] \/ 3-4匹@南西"",""マップの西側エリアの広範囲でまばらにいます""]

南西エリアにシンボル。フェアリーバットのシンボルよりだいぶ少なめ。同種3～4匹構成。
ver: 5.4","2026-03-14 06:54:59","2026-03-20 18:53:47"
592,554,71,113,"[""C5"",""D6"",""C6""]",いつでも,3〜4,普通,D6かC5に3〜4匹です。,0,"[""C-5とD-6あたりで池の周りに出現します"",""[\"3-4匹@南西\",\"C-5とD-6あたりで池の周りに出現します\"] \/ 3-4匹@南西""]

南西エリアの湖のほとりにシンボル。ただし女神像の周辺にはいないため、D-6かC-5ということになる。3～4匹構成。
ver: 5.4","2026-03-14 06:54:59","2026-03-23 14:42:15"
593,675,71,113,"[""B6"",""B7"",""C6"",""C7""]",いつでも,2〜3,多い,南西エリアにシンボルたくさんいます。同種2〜3匹で出ます。,0,"[""[\"2-3匹@南西\",\"マップの西側エリアの広範囲でまばらにいます\"] \/ 2-3匹@南西"",""マップの西側エリアの広範囲でまばらにいます""]

南西エリアにシンボル多数。同種2～3匹構成。B-5～B-6あたりが拠点に近くて楽。
ver: 5.4","2026-03-14 06:54:59","2026-03-23 18:07:07"
594,773,71,113,"[""C7"",""D7""]",いつでも,3〜4,普通,C7、D7の開けた部分に複数シンボルです。3〜4匹です。,0,"[""CD-7で固まって飛んでいます"",""[\"3-4匹@C7付近\",\"CD-7で固まって飛んでいます\"] \/ 3-4匹@C7付近""]

C-7とD-7の開けた部分に複数シンボル。3～4匹構成。
ver: 5.4","2026-03-14 06:54:59","2026-03-22 18:13:24"
595,786,71,113,"[""F2"",""F3"",""G2"",""G3""]",いつでも,3〜4,少ない,北東エリアにシンボルです。3〜4匹です。,0,"[""[\"3-4匹@北東\",\"北東エリアで出現します\"] \/ 3-4匹@北東"",""北東エリアで出現します""]

北東エリアにシンボル。ランタンこぞうのシンボルよりは若干少なめ。3～4匹構成。
ver: 5.4","2026-03-14 06:54:59","2026-03-23 13:50:30"
596,838,71,113,"[""F2"",""F3"",""F5"",""G2"",""G3""]",いつでも,3〜4,普通,E5にも一応いる。,1,"[""[\"3-4匹@北東\",\"東のエリアの池の周りに出現、F-5やF-3あたりにいる\"] \/ 3-4匹@北東"",""東のエリアの池の周りに出現、F-5やF-3あたりにいる""]

北東部の湖のほとりにいる。3～4匹構成。F-3～G-3にかけての北岸がいいか。一応E-5あたりの湖のほとりにもいるがあまり気にしなくていいだろう。
ver: 5.4","2026-03-14 06:54:59","2026-03-23 13:56:28"
597,6,65,120,"[""F4""]",いつでも,1〜3,少ない,町の近くは1匹湧きです。風車の丘からエピステーサ丘陵に繋がる道沿いにいるシンボルは1〜3匹出るが、数はあまり多くないです。,0,"[""F-4から西側の広範囲で出現します""]

町の近くは1匹湧き。風車の丘からエピステーサ丘陵に繋がる道沿いにいるシンボルは1～3匹出現するが、数はあまり多くない。
ver: 2.2","2026-03-14 06:55:10","2026-04-02 01:10:56"
598,133,65,120,"[""F4"",""E4"",""D4"",""C4"",""B4"",""B5"",""C5"",""D5"",""E5"",""F5""]",いつでも,1,多い,1匹ずつ出ます。F-4から西側の広範囲でたくさん出現します。,0,"[""F-4から西側の広範囲でたくさん出現します""]

期間限定(ププナ☆お天気レポート)クエ対象。1匹構成。
ver: 1.5","2026-03-14 06:55:10","2026-03-21 18:53:11"
599,139,65,120,"[""C4"",""D4"",""B4""]",いつでも,,多い,メギストリスの都を出たすぐの広い所でたくさんいます。,0,"[""メギストリスの都を出たすぐの広い所でたくさんいます""]

駅から近い。
ver: 1.4","2026-03-14 06:55:10","2026-03-21 19:03:53"
600,181,65,120,"[""F4"",""E4"",""D4"",""C4"",""B4"",""B5"",""C5"",""D5"",""E5"",""F5""]",いつでも,1〜2,多い,大体ピンクの花をつけた低い木の近くにおいる。,0,"[""F-4から西側の広範囲で出現、木の下によくいる感じ""]

主にピンクの花をつけた低い木の近くにおり、順番に木を探せば容易に狩れる。1～2匹構成。ブルベリーノの暇つぶしに。あらくれチャッピーが終わっているならこちらでもいい。
ver: 1.5","2026-03-14 06:55:10","2026-03-22 10:58:45"
601,209,65,120,"[""F4"",""E4"",""D4"",""C4"",""B4"",""B5"",""C5"",""D5"",""E5"",""F5""]",いつでも,,少ない,数は少なめです。飛んでるのはやはりうざい。,0,"[""F-4から西側の広範囲で飛んでいる、数は少ない""]

かなり広いのでそのぶん見つけにくいか。なぜか普段の移動速度が異様に早いため、その意味でもこちらは大変。
ver: 1.5","2026-03-14 06:55:10","2026-03-22 11:53:17"
602,248,65,120,"[""G4"",""G5""]",いつでも,,少ない,特になし,1,"[""東のG-4・5あたりで出現します""]

業者やデビルロード狙いで飽和状態だったが、獲得ゴールド減少や黒アイパッチの別入手法などによって一時期より人は少ない。十分な量はいるが、それでもつらいようなら別のところで狩ろう。なお、マジックアーマーにくっつく。しつこいシルバーデビルに注意。
ver: 1.5","2026-03-14 06:55:10","2026-03-22 13:12:15"
603,322,65,120,"[""G4"",""G5""]",いつでも,1,少ない,1匹で出ます。東のG-4〜5あたりで飛んでいます。数は少なめです。,0,"[""[\"1匹\",\"東のG-4・5あたりで飛んでいる、数は少ない\"] \/ 1匹"",""東のG-4・5あたりで飛んでいる、数は少ない""]

強敵エリアにごく小数のみ。ラギ雪原より視界はいいが、非常に高いところを飛んでいて正面に回っても襲いかかってきてくれない時がある。リュウイーソー狙いの業者もいまだに多く、ストレスばかり溜まるのでおすすめできない。
ver: 3.0","2026-03-14 06:55:10","2026-03-22 18:13:24"
604,344,65,120,"[""G4"",""G5""]",いつでも,1〜2,普通,2匹出たりリュウイーソーも混ざります。,0,"[""[\"1-2匹\",\"東のG-4・5あたりで出現します\"] \/ 1-2匹"",""東のG-4・5あたりで出現します""]

2匹出たりリュウイーソーと混成することがある。よくシルバーデビルにリンクされるのに注意。
ver: 1.3","2026-03-14 06:55:10","2026-03-22 18:54:55"
605,128,64,121,"[""G7"",""H7"",""H6"",""G6""]",いつでも,1〜2,多い,鉄道と川の間のエリアとG-7の井戸がある所でよく見かけます。1〜2匹で出て、ベロニャーゴも混ざります。,1,"[""鉄道と川の間のエリアとG-7の井戸がある所にたくさんいます""]

非強敵エリアの川の外周側の木の付近では1～2匹構成でベロニャーゴが混成する。 G-7ではベロニャーゴがくっつかない。ウドラーの再ポップ待ちに狩れる。
ver: 1.3","2026-03-14 06:55:14","2026-03-21 18:45:37"
606,132,64,121,"[""E4"",""E5"",""F4"",""F5"",""E6"",""F6"",""G6"",""G5"",""G4""]",いつでも,,多い,線路のすぐ内側にいます。ウッディアイが混ざります。,0,"[""鉄道と川の間のエリアにたくさんいます""]

No.068(武闘家2話)クエ対象。 線路のすぐ内側にいる。ウッディアイが混ざるので、ウッディまだならこちらで。
ver: 1.1","2026-03-14 06:55:14","2026-03-21 18:52:16"
607,140,64,121,"[""G4"",""G5"",""F5"",""F4"",""E4"",""E5"",""E6"",""F6"",""G6""]",いつでも,,普通,川内側のエリアに広く出現します。,0,"[""大風車塔を出てすぐの川から内側のエリアに広く出現します""]

キラキラ大風車塔付近にそこそこ。
ver: 1.1","2026-03-14 06:55:14","2026-03-21 19:06:34"
608,146,64,121,"[""E4"",""E5"",""E6"",""F6"",""G6"",""G5"",""F5"",""F4"",""G4""]",いつでも,1〜2,普通,地域限定。風車塔周囲の川の内側に広くいます。1〜2匹で出て、ドラキーマも混ざります。,1,"[""大風車塔を出てすぐの川から内側のエリアに広く出現します""]

地域限定・No.145(スーパースター解放)クエ対象。 風車塔周囲の川の内側に分布。1～2匹構成でドラキーマが混成する。
ver: 2.2","2026-03-14 06:55:14","2026-03-21 19:25:23"
609,147,64,121,"[""E3"",""E4"",""E5"",""E6"",""F3"",""F4"",""F5"",""F6"",""G3"",""G4"",""G5"",""G6"",""H3"",""H4"",""H5"",""H6""]",いつでも,1,普通,風車塔周囲の川の内側でシンボルがやたらと走り回っている上に1匹なので、やや狩りにくいかもです。,0,"[""鉄道の内側エリアに広範囲で出現します""]

宿からは近いが、風車塔周囲の川の内側ではシンボルがやたらと走り回っている上に1匹構成なので、やや狩りにくいかも。
ver: 2.3","2026-03-14 06:55:14","2026-03-21 19:27:08"
610,284,64,121,"[""G7"",""H7""]",いつでも,1,普通,1匹で出ます。南東G-7の井戸がある所に数匹います。,1,"[""[\"1匹\",\"南東G-7の井戸がある所に数匹います\"] \/ 1匹"",""南東G-7の井戸がある所に数匹います""]

即湧きは潰されたが、井戸での鯖変えは健在。しかし、レベル75開放クエのために井戸へ足を運ぶ人が増えたのでここで狩るのは今はもうやめたほうがいい。
ver: 1.5","2026-03-14 06:55:14","2026-03-22 15:17:54"
611,334,64,121,"[""F6""]",夜,1,1,夜だけ出ます。夜だけ沿道を移動で1匹で出ます。1シンボルなのでおすすめできないです。,0,"[""[\"夜·1匹@沿道を移動\",\"夜のみF-6の道を1匹走っている\"] \/ 夜·1匹@沿道を移動"",""夜のみF-6の道を1匹走っている""]

夜限定。1シンボルなのでおすすめできない。以前はここだけ転生が出なかった。
ver: 1.5","2026-03-14 06:55:14","2026-03-22 18:35:38"
612,350,64,121,"[""B4"",""B5"",""C4"",""C5""]",昼,1,普通,西部に出ます。昼のみで一匹です。,0,"[""[\"昼·1匹@強敵エリア西側\",\"昼のみマップ西の広いエリアに出現します\"] \/ 昼·1匹@強敵エリア西側"",""昼のみマップ西の広いエリアに出現します""]

西部に出現。昼のみで一匹構成。メッサーラやしにがみのきし狙いのパーティに絡みまくる。
ver: 1.5","2026-03-14 06:55:14","2026-03-22 19:06:02"
613,365,64,121,"[""A3"",""A4"",""A5"",""A6"",""B3"",""B4"",""B5"",""B6"",""C3"",""C4"",""C5"",""C6"",""D3"",""D4"",""D5"",""D6""]",いつでも,2,多い,基本2匹組です。バロンナイトに一緒に出ます。強敵エリアでは2匹で出ます。,0,"[""[\"2匹@強敵エリア\",\"マップ西から北東エリアの広範囲で出現します\"] \/ 2匹@強敵エリア"",""マップ西から北東エリアの広範囲で出現します""]

柵の向こうに出現する。シンボルはまばらだが少なくはない。ただし日替わり討伐でそれなりに人は多い。基本2匹組。バロンナイトにくっつく。
ver: 1.5","2026-03-14 06:55:14","2026-03-23 06:44:36"
614,451,64,121,"[""F2"",""F3"",""G2"",""G3""]",いつでも,3,多い,強敵エリア北東側では3匹で出ます。,1,"[""[\"3匹@強敵エリア北東側\",\"北東エリアFG-3あたりでたくさん出現します\"] \/ 3匹@強敵エリア北東側"",""北東エリアFG-3あたりでたくさん出現します""]

東側強敵エリアにぽつぽついる。クエスト受注も兼ねられるため、日替わり討伐で人気のポイント。
ver: 2.3","2026-03-14 06:55:14","2026-03-23 10:30:19"
615,470,64,121,"[""B4"",""B5"",""C4"",""C5""]",いつでも,1,,箱舟の線路の外側の、川の西側にいます。1匹なので転生狩りに向いています。,1,"[""[\"1匹@強敵エリア西側\",\"マップ西の広いエリアに出現します\"] \/ 1匹@強敵エリア西側"",""マップ西の広いエリアに出現します""]

箱舟の線路の外側の、川の西側にいる。1匹なので転生狩りに向いている。
ver: 5.5","2026-03-14 06:55:14","2026-03-23 10:57:45"
616,483,64,121,"[""A3"",""A4"",""B3"",""B4"",""C3"",""C4"",""D3"",""D4""]",いつでも,1,少ない,メッサーラが高確率でお供に一緒に出ます。,1,"[""[\"1匹@強敵エリア\",\"マップ西から北東エリアの広範囲で出現、数は少なめ\"] \/ 1匹@強敵エリア"",""マップ西から北東エリアの広範囲で出現、数は少なめ""]

強敵エリアに生息。MPが吸えないので長居は難しい。かつては東部に2シンボル、西部に数シンボルの驚異的な会いづらさだった。 2.3後期から日替わり討伐の高額依頼対象に追加され、2.4で相当シンボル数が増えたがそれでも少ない。 メッサーラが高確率でお供にくっつく。
ver: 3.1","2026-03-14 06:55:14","2026-03-23 11:13:40"
617,778,64,121,"[""F6""]",夜,1,1,夜だけ出ます。夜だけ沿道を移動で1匹で出ます。1シンボルなのでおすすめできないです。,0,"[""[\"夜·1匹@沿道を移動\",\"夜のみF-6の道を1匹走っている\"] \/ 夜·1匹@沿道を移動"",""夜のみF-6の道を1匹走っている""]

夜限定。1シンボルなのでおすすめできない。以前はここだけ転生が出なかった。
ver: 1.5","2026-03-14 06:55:14","2026-03-22 18:35:38"
618,780,64,121,"[""B4"",""B5"",""C4"",""C5""]",いつでも,1,,箱舟の線路の外側の、川の西側にいます。1匹なので転生狩りに向いています。,1,"[""[\"1匹@強敵エリア西側\",\"マップ西の広いエリアに出現します\"] \/ 1匹@強敵エリア西側"",""マップ西の広いエリアに出現します""]

箱舟の線路の外側の、川の西側にいる。1匹なので転生狩りに向いている。
ver: 5.5","2026-03-14 06:55:14","2026-03-23 10:57:45"
619,6,66,125,"[""F6""]",いつでも,1〜2,多い,聖地パサラン団子山に複数出ます。まとまっていまするがやや遠目。団子山では1〜2匹で出ます。,1,"[""F-6のパラサン団子山がある島で出現します"",""[\"1-2匹@団子山\",\"F-6のパラサン団子山がある島で出現します\"] \/ 1-2匹@団子山""]

聖地パサラン団子山に複数出現で密集しているが遠すぎる。
ver: 1.4","2026-03-14 06:55:21","2026-04-02 01:10:57"
620,50,66,125,"[""F6""]",いつでも,1〜2,多い,聖地パサラン団子山にいます。複数出ることがあります。モコフルと混成することがあります。,1,"[""F-6のパラサン団子山の周りにいっぱいいます"",""[\"混1-2匹@団子山\",\"F-6のパラサン団子山の周りにいっぱいいます\"] \/ 混1-2匹@団子山""]

聖地パサラン団子山に生息。複数出ることがある。モコフルと相互に混成することがある。
ver: 1.4","2026-03-14 06:55:21","2026-03-21 13:32:30"
621,138,66,125,"[""F6""]",いつでも,1〜2,多い,密度、数ともよきだが、ものすごく遠いのが難点です。1〜2匹で出ます。どんぐりベビーが一緒に出ます。,1,"[""F-6のパラサン団子山の周りにいっぱいいます"",""[\"混1-2匹@団子山\",\"F-6のパラサン団子山の周りにいっぱいいます\"] \/ 混1-2匹@団子山""]

No.026(メギストリス便せん)クエ対象。 密度、数とも申し分ないが、ものすごく遠いのが難点。1～2匹構成。どんぐりベビーがくっつく。
ver: 1.1","2026-03-14 06:55:21","2026-03-21 19:01:31"
622,198,66,125,"[""G4"",""F4"",""G5"",""F5"",""G3"",""F3""]",いつでも,1〜2,多い,あまい,1,"[""[\"1-2匹@ハニーレイク\",\"東のG-4・5にあるハニーレイクの中で出現します\"] \/ 1-2匹@ハニーレイク"",""東のG-4・5にあるハニーレイクの中で出現します""]

さほど広くない範囲にうじゃうじゃいる。 荒野の休息所側から入って比較的近い位置にハニーレイクがあるので、ルーラストーンがあるなら狩場までは遠くは無い。 3.0あたりからBOT（業者）らしきキャラが増えている
ver: 3.0","2026-03-14 06:55:21","2026-03-22 11:36:57"
623,217,66,125,"[""D4""]",いつでも,1〜2,多い,底なし穴の周辺にいます。1〜2匹で出ます。,1,"[""D-4の底なし穴の周りでたくさんいます"",""[\"1-2匹@穴周辺\",\"D-4の底なし穴の周りでたくさんいます\"] \/ 1-2匹@穴周辺""]

底なし穴の周辺にいる。ルーラ地点の目の前でシンボル数も十分。
ver: 7.3","2026-03-14 06:55:21","2026-03-22 12:13:21"
624,220,66,125,"[""B4"",""B5"",""C4"",""C5"",""B3"",""C3"",""B2"",""C2"",""B6"",""C6"",""D4"",""D5"",""D6""]",いつでも,1,多い,ライノスキングに一匹まで一緒に出ます。西側では1匹で出ます。西側の広大なエリアでたくさんいます。,1,"[""[\"1匹@西側\",\"マップ西側の広大なエリアでたくさんいます\"] \/ 1匹@西側"",""マップ西側の広大なエリアでたくさんいます""]

シンボルが多く、どこからでも見つけてエンカウントしてくる。宿からも近いので悪くはない。ただ、広すぎてエンカウントしにくい場合も。ライノスキングに一匹までくっつく。
ver: 1.3","2026-03-14 06:55:21","2026-03-23 19:30:45"
625,247,66,125,"[""F4"",""F5"",""G4"",""G5""]",夜,1〜2,普通,夜だけ出ます。,0,"[""[\"夜·1-2匹@東側\",\"夜のみ東のG-4・5あたりのエリアに出現します\"] \/ 夜·1-2匹@東側"",""夜のみ東のG-4・5あたりのエリアに出現します""]

夜限定。ハニーレイク周辺のためちょっと遠いのがつらい。物量的に賢者の隠れ家が無理ならこちらで。1,2匹の構成で出現する。
ver: 1.4","2026-03-14 06:55:21","2026-03-22 13:10:45"
626,253,66,125,"[""G4"",""G3"",""F4"",""F3"",""F5"",""G5""]",夜,1,2,夜だけ出ます。ハニーレイク近辺に即湧き。単体も多いが、かげのきしが二匹まで一緒に出ます。,0,"[""[\"夜·1匹+供@ハニーレイク周辺\",\"夜のみ東のG-4・5にあるハニーレイクの周辺に出現する、数は少ない\"] \/ 夜·1匹+供@ハニーレイク周辺"",""夜のみ東のG-4・5にあるハニーレイクの周辺に出現する、数は少ない""]

夜限定。ハニーレイク近辺に即湧きするようだ。単体も多いが、かげのきしが二匹までくっつく。近くの敵が感知範囲が広かったり、高レベルでも感知する敵がいたりして厄介。なお、シンボルは2匹分あるようだ。
ver: 3.3","2026-03-14 06:55:21","2026-03-22 13:20:55"
627,262,66,125,"[""F4"",""F5"",""G4"",""G5""]",夜,1〜2,普通,夜だけ出ます。荒野の休息所からならそこそこ近いです。ワイトキングについてくることがあります。,0,"[""[\"夜·1-2匹@東側\",\"夜のみ東のG-4・5あたりのエリアに出現します\"] \/ 夜·1-2匹@東側"",""夜のみ東のG-4・5あたりのエリアに出現します""]

夜限定。荒野の休息所からならそこそこ近い。ワイトキングにくっついてくる。
ver: 1.5","2026-03-14 06:55:21","2026-03-22 14:13:38"
628,283,66,125,"[""B4"",""B5"",""C4"",""C5"",""D5"",""D4"",""B3"",""C3"",""D3""]",いつでも,1,多い,西半分にまばらにいます。D5､D7､E7あたりは比較的シンボルが多いです。,1,"[""[\"1匹@西側\",\"マップ西側の広大なエリアで出現します\"] \/ 1匹@西側"",""マップ西側の広大なエリアで出現します""]

西半分にまばらに生息。D-5､D-7､E-7あたりは比較的シンボルが多い。アカイライが多数邪魔してくるのが難点。
ver: 1.5","2026-03-14 06:55:21","2026-03-22 15:15:02"
629,289,66,125,"[""A2"",""B4"",""B5"",""C4"",""C5"",""F7"",""D4"",""D5"",""E4"",""E5""]",いつでも,1,多い,A-2〜4の海沿いによく見かけます。西側の海岸では1匹で出ます。海岸線沿いにそこそこの数です。アカイライが一緒に出ます。,1,"[""A-2～4の海沿いにいっぱいいる、F-7にも1匹いる"",""[\"1匹@西側の海岸\",\"A-2～4の海沿いにいっぱいいる、F-7にも1匹いる\"] \/ 1匹@西側の海岸""]

海岸線沿いにそこそこの数。アカイライがくっつく。底なし穴のやつは消えてしまった。今ではより良い討伐対象がいるので空いている。
ver: 2.4","2026-03-14 06:55:21","2026-03-22 15:43:07"
631,388,66,125,"[""F4"",""F5"",""G4"",""G5""]",夜,1,2,ハニーレイク周辺にいます。木のある所にいることが多いです。,0,"[""[\"1匹@東側\",\"東のG-4・5あたりのエリアに出現します、数は少ない\"] \/ 1匹@東側"",""東のG-4・5あたりのエリアに出現します、数は少ない""]

ハニーレイク周辺にいる。木のある所にいることが多い。シンボルは2つで、出現は単独。どこも大差ないがここがいくらか探し易いほうだろうか。ただし、夜間に出現するかげのきしがレベル差無視で襲ってくるため、少々煩わしい。
ver: 2.3","2026-03-14 06:55:21","2026-03-23 07:39:30"
632,831,66,125,"[""D4""]",いつでも,1〜2,多い,底なし穴の周辺にいます。1〜2匹で出ます。,1,"[""D-4の底なし穴の周りでたくさんいます"",""[\"1-2匹@穴周辺\",\"D-4の底なし穴の周りでたくさんいます\"] \/ 1-2匹@穴周辺""]

底なし穴の周辺にいる。ルーラ地点の目の前でシンボル数も十分。
ver: 7.3","2026-03-14 06:55:21","2026-03-22 12:13:21"
633,322,67,126,"[""D4""]",いつでも,1〜3,少ない,1階のD4で2シンボル寝ています。1〜3匹だが、次に湧くまでに2分ほどかかる。,0,"[""[\"1-3匹@D4\",\"地下1階D－4に2匹寝ている\"] \/ 1-3匹@D4"",""地下1階D－4に2匹寝ている""]

1階のD-4で2シンボル寝ている。1～3匹構成だが、次に湧くまでに2分ほどかかる。
ver: 4.4","2026-03-14 06:55:24","2026-03-22 18:13:24"
634,383,67,126,"[""E2"",""D2""]",いつでも,1〜3,普通,地下1階の北側通路に数匹います。1FのE-2〜D-2の通路に3シンボルほどあります。湧きは2分くらい。,0,"[""地下1階の北側通路に数匹いる""]

1FのE2～D2の通路に3シンボルほど存在する。1～3匹構成だが、あまりたくさんは出てこないし、湧きも2分くらいかかるのでいまいち。ベノムピードが1匹くっついてくることがある。
ver: 4.4","2026-03-14 06:55:24","2026-03-23 07:32:55"
635,475,67,126,"[""D3"",""E3"",""D2""]",いつでも,1〜3,多い,1FのE3〜D2にかけていて、1〜3匹で出ます。,0,"[""地下1階にたくさんいる""]

1FのE-3～D-2にかけていくつかのシンボルが存在。1～3匹構成。
ver: 4.4","2026-03-14 06:55:24","2026-03-23 11:05:00"
636,242,67,127,"[""B3""]",いつでも,1〜3,普通,地下1階〜地下2階への通路にもいて1〜3匹、地下2階〜地下3階の通路では2〜3匹で出ます。湧き1分。おすすめ,1,"[""地下2階B-3、地下3階F-8にいます""]","2026-03-14 06:55:25","2026-03-22 13:02:34"
637,506,67,127,"[""C5""]",いつでも,2〜3,多い,"地下2階の陥没穴付近いる。
湧きも悪くないです。ダークファンタズマのお供として出るときもある。",1,"[""地下2階C-5あたりと地下3階の通路に出現します""]

地下2階の陥没穴付近と地下3階のE6～C8にシンボル多数。前者は2～3匹構成、後者は1～4匹構成で4匹構成多め。湧きも悪くない。ダークファンタズマのお供としても出て来る。
ver: 4.4","2026-03-14 06:55:25","2026-03-23 12:34:11"
638,242,67,128,"[""F8""]",いつでも,,普通,特になし,1,"[""地下2階B-3、地下3階F-8にいます""]","2026-03-14 06:55:25","2026-03-22 13:02:34"
639,506,67,128,"[""C6"",""D6"",""E6""]",いつでも,1〜4,普通,湧きも悪くないです。ダークファンタズマのお供としても出て来る。,1,"[""地下2階C-5あたりと地下3階の通路に出現します""]","2026-03-14 06:55:25","2026-03-23 12:34:11"
640,532,67,128,"[""C3"",""C4"",""C5"",""D3"",""D4"",""D5"",""E3"",""E4"",""E5"",""F3"",""F4"",""F5""]",いつでも,1〜3,多い,地下3階のE-7以西に数シンボル存在です。シンボルの配置のされ方がベノムピードに似ています。1〜3匹でディアブラダが1匹一緒に出ることもあります。,0,"[""地下3階にたくさんいます""]

地下3階のE7以西に数シンボル存在。シンボルの配置のされ方がベノムピードに似ている。1～3匹構成でディアブラダが1匹くっつくことも。
ver: 4.4","2026-03-14 06:55:25","2026-03-20 18:53:47"
641,674,67,128,"[""D7""]",いつでも,1,少ない,地下3階の中央に1シンボル存在です。湧き1分。,0,"[""地下3階D-7に1匹います""]

地下3階の中央に1シンボル存在。1匹構成。再湧きまで1分くらいかかるのでダークファンタズマと交互に狩るようにしよう。
ver: 4.4","2026-03-14 06:55:25","2026-03-23 18:06:45"
643,362,68,130,"[""F5"",""D6"",""C6"",""B6"",""B5"",""C5"",""D5""]",昼,1,普通,昼のみの西側の広範囲と東側はF-5〜6あたりを飛んでいます。西側はそこそこの数が出ます。,1,"[""[\"昼･1匹\",\"昼のみマップの西側の広範囲と東側はF-5・6あたりを飛んでいます\"] \/ 昼･1匹"",""昼のみマップの西側の広範囲と東側はF-5・6あたりを飛んでいます""]

昼限定。西側はそこそこの数が出現。割と宿も近いためおすすめできる。東側はバザックス狩りの配慮なのか明らかにシンボルが減っており、リンクする索敵範囲も狭まった感がある。
ver: 1.5","2026-03-14 06:55:27","2026-03-23 06:39:29"
644,376,68,130,"[""F7"",""H4"",""G4"",""G3"",""H3""]",夜,1〜2,多い,夜限定。崩れゆく廃墟の周辺は2匹。,0,"[""[\"夜･1匹廃墟･夜･1-2匹\",\"夜のみF-7のお墓があるエリアと北東の崩れゆく廃墟の周辺にたくさんいる\"] \/ 夜･1匹廃墟･夜･1-2匹"",""夜のみF-7のお墓があるエリアと北東の崩れゆく廃墟の周辺にたくさんいる""]

深夜限定(AST19:00-)。強敵エリアの柵の向こうは1匹なので戦いやすいが、日替わり討伐の影響で出会いにくいかもしれない。くずれゆく廃墟にいるものは2匹出るので注意。
ver: 1.5","2026-03-14 06:55:27","2026-03-23 07:15:34"
645,402,68,130,"[""A3"",""A4"",""A5"",""A6"",""B3"",""B4"",""B5"",""B6"",""C3"",""C4"",""C5"",""C6""]",いつでも,1,多い,西部全域にそこそこの数がうろついているほか、C-5などの木の近くに固定湧きします。,0,"[""[\"1匹\",\"荒野の休息所から西側の広いエリアで出現します\"] \/ 1匹"",""荒野の休息所から西側の広いエリアで出現します""]

西部全域にそこそこの数がうろついているほか、C5などの木の近くに固定湧きする。
ver: 1.3","2026-03-14 06:55:27","2026-03-23 08:17:33"
646,431,68,130,"[""A3"",""A4"",""A5"",""A6"",""B3"",""B4"",""B5"",""B6"",""C3"",""C4"",""C5"",""C6"",""D3"",""D4"",""D5"",""D6""]",いつでも,1〜2,多い,西側にいます。,0,"[""[\"1-2匹\",\"荒野の休息所から西側全域に出現します\"] \/ 1-2匹"",""荒野の休息所から西側全域に出現します""]

西側に生息。シンボル位置がまばらなので、探すのに手間がかかるのが難点。最大の利点はルーラポイント直結。
ver: 1.5","2026-03-14 06:55:27","2026-03-23 09:42:26"
647,437,68,130,"[""B4""]",いつでも,1,1,エピステーサ丘陵へ行く付近の高台にいます。湧き1〜2分かかります。1匹で出ます。,0,"[""B-4の高台に1匹います"",""[\"1匹\",\"B-4の高台に1匹います\"] \/ 1匹""]

エピステーサ丘陵へ行く付近の高台にいる。再ポップには1～2分を要する。
ver: 2.0","2026-03-14 06:55:27","2026-03-23 09:53:39"
648,464,68,130,"[""E5"",""E6"",""F5"",""F6"",""G5"",""G6"",""H5"",""H6""]",夜,2,多い,ほぼ2匹で出ます。,1,"[""[\"2匹\",\"荒野の休息所から東に入ったエリアに広範囲でいっぱいいる\"] \/ 2匹"",""荒野の休息所から東に入ったエリアに広範囲でいっぱいいる""]

ほぼ2匹構成。とにかく宿から近いので、覚醒魔で狩りまくれる。 レベル上げのメッカであったが、真ワルド水源にかなり人は流れていったようだ。 ケツァルコアトルスに絡まれたくない場合は夜にすること。
ver: 2.2","2026-03-14 06:55:27","2026-03-23 10:53:15"
649,473,68,130,"[""F3"",""F4"",""F5"",""F6"",""G3"",""G4"",""G5"",""G6"",""E5"",""E6""]",いつでも,1,少ない,1匹で出ます。荒野の休息所から東側にいます。,0,"[""[\"1匹\",\"荒野の休息所から東側にいます、広いエリアに数は少ない\"] \/ 1匹"",""荒野の休息所から東側にいます、広いエリアに数は少ない""]

荒野の休息所より東に出現。湧き場所が広いので、探し回る必要がある。
ver: 1.3","2026-03-14 06:55:27","2026-03-23 11:01:57"
650,520,68,130,"[""G3"",""G4"",""H3"",""H4""]",いつでも,1,普通,崩れゆく廃墟あたりにいます。,0,"[""[\"1匹\",\"いちばん東の崩れゆく廃墟の周辺にそこそこいる\"] \/ 1匹"",""いちばん東の崩れゆく廃墟の周辺にそこそこいる""]

崩れゆく廃墟周辺に生息。宿からそこそこの距離。シンボルはすぐ見つかる。エモノ呼び無しの乱獲ならここだろう。
ver: 1.3","2026-03-14 06:55:27","2026-03-23 13:46:55"
651,1,1,134,"[""C4"",""D4"",""D5"",""E4"",""E5""]",いつでも,1,多い,中央全域では1匹で出ます。BC-4あたりまでいます。,0,"[""[\"1匹@中央全域\",\"レーンの村を出たらすぐいる、BC-4あたりまでいます\"] \/ 1匹@中央全域"",""レーンの村を出たらすぐいる、BC-4あたりまでいます""]

ほかの限定モンスターの数が多いので、つなぎに狩ることもないだろう。
ver: 1.4","2026-03-14 06:55:37","2026-04-02 08:31:25"
652,7,1,134,"[""D4"",""D5"",""E4"",""E5""]",いつでも,1,多い,強敵エリアと海岸沿いを除く全域にいます。レーンの村付近は密度が低めです。混成はせず単独で出ます。シンボルは多いが他のモンスターも多いのがたまにきず。,1,"[""[\"1匹@中央全域\",\"平地では全域でたくさん出現します、崖の下はいない\"] \/ 1匹@中央全域"",""平地では全域でたくさん出現します、崖の下はいない""]

強敵エリアと海岸沿いを除く全域に生息。レーンの村付近は密度が低め。 単独出現で混成はしない。シンボルは多いが他のモンスターも多いので、ぶつからないように。
ver: 2.4","2026-03-14 06:55:37","2026-03-26 14:24:33"
654,13,1,134,"[""G5"",""B7"",""B6"",""C6"",""C7"",""F5""]",いつでも,1,多い,地域限定。海岸部にたくさんいて、基本1匹湧きです。南西の慰霊の浜のあたりと浜辺の洞くつあたりFG-5あたりにもよくいる。,1,"[""[\"1匹@海岸\",\"南西の慰霊の浜の周辺と浜辺の洞くつ周辺FG-5あたりにもいっぱいいる\"] \/ 1匹@海岸"",""南西の慰霊の浜の周辺と浜辺の洞くつ周辺FG-5あたりにもいっぱいいる""]

地域限定モンスター。海岸部に多数生息しており、基本1匹湧き。
ver: 1.4","2026-03-14 06:55:37","2026-03-21 12:06:17"
655,17,1,134,"[""B2"",""B3"",""C2"",""C3"",""C4"",""B4""]",いつでも,1,普通,北西では1匹で出ます。,0,"[""[\"1匹@北西\",\"マップの北側で出現する、BC-4くらいまでいる\"] \/ 1匹@北西"",""マップの北側で出現する、BC-4くらいまでいる""]

どちらで狩ってもそう差はない。こっちならモーモンと一緒に。
ver: 1.4","2026-03-14 06:55:37","2026-03-21 12:22:41"
656,20,1,134,"[""A4"",""G6""]",いつでも,1,多い,南西部などの海岸部にまとまっていますしている。A-4、G-6の浜辺でたくさん出現します。海岸では1匹で出ます。,0,"[""A-4とG-6の浜辺でたくさん出現します"",""[\"1匹@海岸\",\"A-4とG-6の浜辺でたくさん出現します\"] \/ 1匹@海岸""]

南西部などの海岸部に密集しているが、こちらで狩る必要はあまりない。
ver: 1.5","2026-03-14 06:55:37","2026-03-21 12:40:52"
657,233,1,134,"[""G4"",""F4""]",いつでも,1,多い,北東部の強敵エリアにいます。,0,"[""[\"1匹@強敵エリア\",\"北東エリアFG-4あたりでたくさん出現します\"] \/ 1匹@強敵エリア"",""北東エリアFG-4あたりでたくさん出現します""]

北東部の強敵エリアに生息。宿からは若干近い。
ver: 2.2","2026-03-14 06:55:37","2026-03-22 12:42:43"
658,289,1,134,"[""G4"",""F4"",""F3"",""G3""]",いつでも,1,普通,強敵エリアでは1匹で出ます。強敵ゾーンの泉の周囲が即湧きです。,0,"[""[\"1匹@強敵エリア\",\"北東エリアのG-4の池の周りに3匹くらいいる\"] \/ 1匹@強敵エリア"",""北東エリアのG-4の池の周りに3匹くらいいる""]

強敵ゾーンの泉の周囲が即湧き。1匹湧き。特訓対象ではなくなったが混んでいる。3人いたら鯖を変えること。
ver: 1.3","2026-03-14 06:55:37","2026-03-22 15:43:07"
659,301,1,134,"[""G4"",""F4""]",いつでも,1,少ない,強敵ゾーンにちらほらです。,0,"[""[\"1匹@強敵エリア\",\"北東エリアFG-4あたりで出現、数は少なめ\"] \/ 1匹@強敵エリア"",""北東エリアFG-4あたりで出現、数は少なめ""]

強敵ゾーンにちらほら。
ver: 1.1","2026-03-14 06:55:37","2026-03-22 17:12:33"
661,718,1,134,"[""A4"",""G6""]",いつでも,1,多い,南西部などの海岸部にまとまっていますしている。A-4、G-6の浜辺でたくさん出現します。海岸では1匹で出ます。,0,"[""A-4とG-6の浜辺でたくさん出現します"",""[\"1匹@海岸\",\"A-4とG-6の浜辺でたくさん出現します\"] \/ 1匹@海岸""]

南西部などの海岸部に密集しているが、こちらで狩る必要はあまりない。
ver: 1.5","2026-03-14 06:55:37","2026-03-21 12:40:52"
662,719,1,134,"[""B2"",""B3"",""C2"",""C3"",""C4"",""B4""]",いつでも,1,普通,北西では1匹で出ます。,0,"[""[\"1匹@北西\",\"マップの北側で出現する、BC-4くらいまでいる\"] \/ 1匹@北西"",""マップの北側で出現する、BC-4くらいまでいる""]

どちらで狩ってもそう差はない。こっちならモーモンと一緒に。
ver: 1.4","2026-03-14 06:55:37","2026-03-21 12:22:41"
663,721,1,134,"[""G5"",""B7"",""B6"",""C6"",""C7"",""F5""]",いつでも,1,多い,地域限定。海岸部にたくさんいて、基本1匹湧きです。,1,"[""[\"1匹@海岸\",\"南西の慰霊の浜の周辺と浜辺の洞くつ周辺FG-5あたりにもいっぱいいる\"] \/ 1匹@海岸"",""南西の慰霊の浜の周辺と浜辺の洞くつ周辺FG-5あたりにもいっぱいいる""]

地域限定モンスター。海岸部に多数生息しており、基本1匹湧き。
ver: 1.4","2026-03-14 06:55:37","2026-03-24 06:53:24"
664,17,2,135,"[""E1"",""E2"",""E3"",""F1"",""F2"",""F3"",""G1"",""G2"",""G3"",""H1"",""H2"",""H3""]",いつでも,1,多い,祈りの宿北東にいます。1匹湧きです。おすすめです。,1,"[""[\"1匹@北東\",\"祈りの宿の北東のエリアでたくさん出現します\"] \/ 1匹@北東"",""祈りの宿の北東のエリアでたくさん出現します""]

祈りの宿北東に生息。1匹湧き。そこそこ密集している。
ver: 1.4","2026-03-14 06:55:41","2026-03-21 12:22:41"
665,20,2,135,"[""G2"",""F2"",""E4""]",いつでも,1,多い,北東部にシンボルがいるが、あまり多くないです。E4は密集しているのでおすすめ。,1,"[""[\"1匹@湖周辺\",\"北東FG-2あたりとE-4にたくさんいます\"] \/ 1匹@湖周辺"",""北東FG-2あたりとE-4にたくさんいます""]

北東部にシンボルがいるが、あまり多くない。祈りの宿の南西・南東は密集しているのでおすすめ。
ver: 1.5","2026-03-14 06:55:41","2026-03-21 12:40:52"
666,23,2,135,"[""E5"",""F5"",""G5"",""A4""]",いつでも,1,多い,祈りの宿から少し南に進むといます。後は西の隅っこの方にも少しだけいます。東側の沿道では1匹で出ます。E-5にまとまっています。,0,"[""[\"1匹@東側の沿道\",\"祈りの宿から南側で広く出現する、E-5に結構固まっている\"] \/ 1匹@東側の沿道"",""祈りの宿から南側で広く出現する、E-5に結構固まっている""]

祈りの宿から少し南に進むといる。後は西の隅っこの方にも少しだけいる。
ver: 1.3","2026-03-14 06:55:41","2026-06-27 00:04:07"
667,25,2,135,"[""F4"",""F5"",""G4"",""G5""]",いつでも,1,多い,地域限定。南東に比較的散らばっていますしています。1匹湧きです。,1,"[""[\"1匹@東側の沿道\",\"祈りの宿から南側のエリアでたくさんいます\"] \/ 1匹@東側の沿道"",""祈りの宿から南側のエリアでたくさんいます""]

地域限定モンスター。南東に比較的散らばって生息している。1匹湧き。
ver: 1.1","2026-03-14 06:55:41","2026-03-21 12:59:05"
668,31,2,135,"[""B5"",""D6"",""D7"",""C6"",""C7"",""B6"",""B7"",""E3"",""E4""]",いつでも,1,多い,"DE-4、B-5にいます。南側の沿道では1匹で出ます。西側にいます。特に南西部〜西部のあたりに多いです。E3,4はすぐ枯れる。",1,"[""DE-4とB-5・6、CD-6でもかなりいる"",""[\"1匹@南側の沿道\",\"DE-4とB-5・6、CD-6でもかなりいる\"] \/ 1匹@南側の沿道""]

西側に生息。特に南西部～西部のあたりに多い。祈りの宿を出てすぐ西側にもいるが、涸れてしまう。
ver: 1.5","2026-03-14 06:55:41","2026-03-21 13:07:50"
669,35,2,135,"[""B4"",""B5"",""C4"",""C5"",""B6"",""C6"",""C3"",""B3""]",いつでも,1,多い,西側に大量です。西側の沿道では1匹で出ます。,1,"[""[\"1匹@西側の沿道\",\"マップの西側一帯にたくさんいます\"] \/ 1匹@西側の沿道"",""マップの西側一帯にたくさんいます""]

西側に大量。生息域がかぶってるのでアルミラージやホイミスライムも同時に進められる。 ついでに地域限定のタホドラキー(南東側に生息)も倒していくといい。
ver: 1.2","2026-03-14 06:55:41","2026-03-21 13:11:36"
670,48,2,135,"[""B2"",""B3"",""C2"",""C3""]",いつでも,1,普通,北西では1匹で出ます。リリパットと一緒に転生を狙おう。,1,"[""[\"1匹@北西\",\"北西エリアにたくさんいる\"] \/ 1匹@北西"",""北西エリアにたくさんいる""]

こちらも宿に近い。船で西側に行けばリリパットと一緒にいっぱいいる(ただし混成はしない)。 リリパット共々転生を狙えるいい場所。
ver: 1.2","2026-03-14 06:55:41","2026-03-21 13:28:40"
671,49,2,135,"[""B2"",""B3"",""C2"",""C3"",""D4""]",いつでも,1,多い,北西の隅あたりにいます。数は多くないです。北西では1匹で出ます。北西エリアでに出ます。D-4にまとまっています。,0,"[""[\"1匹@北西\",\"北西エリアで出現、D-4に固まっている\"] \/ 1匹@北西"",""北西エリアで出現、D-4に固まっている""]

北西の隅あたりに生息。数は多くない。
ver: 1.4","2026-03-14 06:55:41","2026-03-21 13:30:49"
672,171,2,135,"[""C7"",""D7"",""E8"",""D8"",""E7"",""C8"",""B8"",""B7""]",いつでも,1〜3,普通,地域限定。強敵エリアにいます。1〜3匹で出て、ライノソルジャーも混ざります。,1,"[""[\"1-3匹@強敵エリア\",\"南の低所C-7から東で出現します\"] \/ 1-3匹@強敵エリア"",""南の低所C-7から東で出現します""]

地域限定･No.169(美容院ローズ色追加)クエ対象。 強敵エリアにいる。1～3匹構成でライノソルジャーが混成する。また、ライノソルジャーに1～2匹くっつく。
ver: 1.3","2026-03-14 06:55:41","2026-03-22 10:37:28"
673,823,2,135,"[""D7"",""D8""]",いつでも,1,1,強敵エリアでは1匹で出ます。,0,"[""[\"1匹@強敵エリア\",\"南の強敵エリアD-7・8あたりに少しいる\"] \/ 1匹@強敵エリア"",""南の強敵エリアD-7・8あたりに少しいる""]

数が少なめ。宿から近いメリットはある。
ver: 1.3","2026-03-14 06:55:41","2026-03-24 07:36:53"
674,223,2,135,"[""D7""]",いつでも,1〜2,2,強敵エリア東部の狭い範囲に2シンボルです。湧きは速いです。きりさきピエロも混ざります。,1,"[""[\"1匹+供@強敵エリア\",\"南の強敵エリアD-7・8あたりに少しいる\"] \/ 1匹+供@強敵エリア"",""南の強敵エリアD-7・8あたりに少しいる""]

強敵エリア東部の狭い範囲に2シンボル。湧きは速い。1匹湧きできりさきピエロが1～2匹くっつく。また、きりさきピエロに混成する。きりさきピエロが地域限定なので一緒に終わらせたい。
ver: 3.0","2026-03-14 06:55:41","2026-03-22 12:22:39"
675,718,2,135,"[""G2"",""F2"",""E4""]",いつでも,1,多い,北東部にシンボルがいるが、あまり多くないです。E4は密集しているのでおすすめ。,1,"[""[\"1匹@湖周辺\",\"北東FG-2あたりとE-4にたくさんいます\"] \/ 1匹@湖周辺"",""北東FG-2あたりとE-4にたくさんいます""]

北東部にシンボルがいるが、あまり多くない。祈りの宿の南西・南東は密集しているのでおすすめ。
ver: 1.5","2026-03-14 06:55:41","2026-03-21 12:40:52"
676,719,2,135,"[""E1"",""E2"",""E3"",""F1"",""F2"",""F3"",""G1"",""G2"",""G3"",""H1"",""H2"",""H3""]",いつでも,1,多い,祈りの宿北東にいます。1匹湧きです。おすすめです。,1,"[""[\"1匹@北東\",\"祈りの宿の北東のエリアでたくさん出現します\"] \/ 1匹@北東"",""祈りの宿の北東のエリアでたくさん出現します""]

祈りの宿北東に生息。1匹湧き。そこそこ密集している。
ver: 1.4","2026-03-14 06:55:41","2026-03-21 12:22:41"
677,722,2,135,"[""B5"",""D6"",""D7"",""C6"",""C7"",""B6"",""B7"",""E3"",""E4""]",いつでも,1,多い,"DE-4、B-5にいます。南側の沿道では1匹で出ます。西側にいます。特に南西部〜西部のあたりに多いです。E3,4はすぐ枯れる。",1,"[""DE-4とB-5・6、CD-6でもかなりいる"",""[\"1匹@南側の沿道\",\"DE-4とB-5・6、CD-6でもかなりいる\"] \/ 1匹@南側の沿道""]

西側に生息。特に南西部～西部のあたりに多い。祈りの宿を出てすぐ西側にもいるが、涸れてしまう。
ver: 1.5","2026-03-14 06:55:41","2026-03-21 13:07:50"
678,727,2,135,"[""B4"",""B5"",""C4"",""C5"",""B6"",""C6"",""C3"",""B3""]",いつでも,1,多い,西側に大量です。西側の沿道では1匹で出ます。,1,"[""[\"1匹@西側の沿道\",\"マップの西側一帯にたくさんいます\"] \/ 1匹@西側の沿道"",""マップの西側一帯にたくさんいます""]

西側に大量。生息域がかぶってるのでアルミラージやホイミスライムも同時に進められる。 ついでに地域限定のタホドラキー(南東側に生息)も倒していくといい。
ver: 1.2","2026-03-14 06:55:41","2026-03-21 13:11:36"
679,730,2,135,"[""B2"",""B3"",""C2"",""C3""]",いつでも,1,普通,北西では1匹で出ます。リリパットと一緒に転生を狙おう。,1,"[""[\"1匹@北西\",\"北西エリアにたくさんいる\"] \/ 1匹@北西"",""北西エリアにたくさんいる""]

こちらも宿に近い。船で西側に行けばリリパットと一緒にいっぱいいる(ただし混成はしない)。 リリパット共々転生を狙えるいい場所。
ver: 1.2","2026-03-14 06:55:41","2026-03-21 13:28:40"
680,248,3,136,"[""B4"",""B5"",""C4"",""C5"",""D4"",""D5""]",いつでも,1〜3,多い,ダークペルシャが高確率でついてくることがあります。,0,"[""[\"混1-3匹@西側\",\"マップ西側エリアで広く出現します\"] \/ 混1-3匹@西側"",""マップ西側エリアで広く出現します""]

宿に近く、3匹出ることもあるがダークペルシャが高確率でくっついてくる。逆もしかり。人が多いと入り口付近にはいないかも。
ver: 1.5","2026-03-14 06:55:44","2026-03-22 13:12:15"
681,268,3,136,"[""B4"",""B5"",""C4"",""C5""]",いつでも,1〜2,多い,リュウイーソーと一緒に出ます。,0,"[""[\"混1-2匹@西側\",\"マップ西側エリアで広く出現します\"] \/ 混1-2匹@西側"",""マップ西側エリアで広く出現します""]

宿から近くシンボル数も多いがエリアが広く、密度はあまり高くない。リュウイーソーと相互にくっつく。
ver: 3.1","2026-03-14 06:55:44","2026-03-22 14:39:36"
682,313,3,136,"[""E4"",""G4"",""B5"",""B4""]",いつでも,1〜2,,橋のところに2シンボルずつ固定です。西側にもいる。沸き間隔が長い。,1,"[""E-4とG-4の橋の上にも2匹ずついる、マップ西側エリアにもいるが数は少ない"",""[\"1匹@橋1-2匹@西側\",\"E-4とG-4の橋の上にも2匹ずついる、マップ西側エリアにもいるが数は少ない\"] \/ 1匹@橋1-2匹@西側""]

橋のところに2シンボルずつ固定。西側をうろついてるやつは2匹出るが、シンボルが少ない。固定湧きする3箇所の橋を往復しながら倒すのがおすすめ。沸き間隔が長く、最奥地まで倒しても入口付近の沸き待ちになってしまうので、高火力・転生狙いには向いてない
ver: 1.4","2026-03-14 06:55:44","2026-03-22 17:37:29"
683,352,3,136,"[""F5"",""F4"",""G4"",""G5"",""H5"",""H4""]",いつでも,1〜3,多い,マップ東にかなり多めいます。1〜3匹で、キラーデーモンが1匹混成することがあります。,1,"[""[\"1-3匹@中央＆東側\",\"マップの東側のエリアにたくさん出現します\"] \/ 1-3匹@中央＆東側"",""マップの東側のエリアにたくさん出現します""]

期間限定(交差する想い：神話編エピローグ)クエ対象。 マップ東にうじゃうじゃいる。1～3匹構成で、キラーデーモンが1匹混成することがある。
ver: 1.4","2026-03-14 06:55:44","2026-03-23 06:25:06"
684,358,3,136,"[""H5"",""G5"",""F5"",""F4"",""G4"",""H4""]",いつでも,1,少ない,マップ東に広くいます。1匹ずつ出て、じごくのつかいに1匹混成することがあります。,0,"[""[\"1匹@中央南側\",\"マップの東側のエリアに出現します、数は少なめ\"] \/ 1匹@中央南側"",""マップの東側のエリアに出現します、数は少なめ""]

マップ東に分布。1匹構成。じごくのつかいに1匹混成することがある。
ver: 2.2","2026-03-14 06:55:44","2026-03-23 06:30:39"
696,733,339,139,"[""E4"",""E5"",""D7"",""D8"",""F2"",""G2"",""G1"",""F1""]",いつでも,,転生,,0,転生,"2026-03-14 06:56:00","2026-03-19 10:08:24"
697,84,9,140,"[""F2"",""F3"",""G2"",""G3""]",いつでも,1〜2,多い,王島東部にそこそこいます。1〜2匹で出ます。,0,"[""[\"1-2匹@北東\",\"北東のFG-2・3あたりでたくさん出現します\"] \/ 1-2匹@北東"",""北東のFG-2・3あたりでたくさん出現します""]

ミューズ海岸からお引越し。王島東部にそこそこいる。1～2匹構成。
ver: 1.3","2026-03-14 06:56:06","2026-03-21 15:02:12"
698,85,9,140,"[""D2"",""D3"",""E2"",""E3"",""F2"",""F3"",""G3"",""G2""]",いつでも,1,,北側では1匹で出ます。,1,"[""[\"1匹+供@北側\",\"北のエリアの広範囲で出現します\"] \/ 1匹+供@北側"",""北のエリアの広範囲で出現します""]

こちらもやや遠いが船着場から遠くない場所に群生しているのでイチオシだった。 だが、転生のももいろ三姉妹が出るようになったのをきっかけに、業者の格好のエモノに。 [2.1]では四六時中業者が棲み着いており討伐にも支障を来すレベルであったが、[2.2前期]中のVUによりシンボル数が大幅に削減され、単独もしくはスライムタワー1匹＋シードッグ1匹の出現パターンとなり、2匹出現のパターンはなくなった模様。このため、大半の業者は撤退したようだ。（少数がしぶとく残っている） 業者撤退は結構なことだが、討伐数稼ぎという点では微妙になってしまった。 なお、業者を発見したら通報しておこう。地道な駆除が大事。
ver: 2.2","2026-03-14 06:56:06","2026-03-21 15:06:20"
699,97,9,140,"[""C3"",""D2"",""D3"",""E2"",""E3""]",いつでも,1〜2,ちらほら,北部の海岸にいます。1〜2匹で出て、タップペンギーも混ざります。,0,"[""C-3の砂浜の波打ち際にたくさんいます"",""[\"1-2匹@北側海岸\",\"C-3の砂浜の波打ち際にたくさんいます\"] \/ 1-2匹@北側海岸""]

北部の海岸にいる。1～2匹構成。タップペンギーに混成する。シンボルは少々まばら。
ver: 1.4","2026-03-14 06:56:06","2026-03-21 16:07:25"
700,102,9,140,"[""D2"",""D3"",""E2"",""E3"",""F2"",""F3"",""G3"",""G2""]",いつでも,1,多い,北側では1匹で出ます。お供つきです。,0,"[""[\"1匹+供@北側\",\"北のエリアの広範囲でたくさん出現します\"] \/ 1匹+供@北側"",""北のエリアの広範囲でたくさん出現します""]

No.021(ジュレット便せん)クエ対象。 島北全体にわたって生息し、スライムタワーが混生する。
ver: 1.1","2026-03-14 06:56:06","2026-03-21 17:30:51"
701,114,9,140,"[""C3"",""C2"",""C4""]",いつでも,1〜2,多い,地域限定。1〜2匹で出て、だいおうキッズも混ざります。,1,"[""C-3の砂浜の波打ち際にたくさんいます"",""[\"混1-2匹@北側海岸\",\"C-3の砂浜の波打ち際にたくさんいます\"] \/ 混1-2匹@北側海岸""]

地域限定・No.008(流れ着いた愛の詩)対象。 海岸に生息。1～2匹構成でだいおうキッズが混成する。密集具合はかなりのものだが、こちらにも業者が湧く。要通報。
ver: 1.4","2026-03-14 06:56:06","2026-03-21 17:46:32"
702,173,9,140,"[""C6"",""B6"",""B7"",""C7"",""E2"",""E3"",""F3"",""F2"",""G2"",""G3""]",いつでも,1,多い,おすすめです。北側高台&南西では1匹で出ます。南西にたくさんいます。,1,"[""[\"1匹@北側高台&南西\",\"南エリアの広範囲で結構いる、あと北のエリアに点在する小さい舞台の上にランダムで出現する\"] \/ 1匹@北側高台&南西"",""南エリアの広範囲で結構いる、あと北のエリアに点在する小さい舞台の上にランダムで出現する""]

北部の高台群のいずれかに湧く。一人で狩ると移動距離が長くなるのでエモノ呼びか分散狩り推奨。青宝箱も湧くので袋に余裕を持たせておくといい。クイーンスライムと湧き範囲が被るので狩れるならついでに狩ろう。なお、クイーンスライムと抽選ポップのようで、こいつのいる台座にはクイーンスライムはいない。3.3からさらに南西の強敵地帯にうじゃうじゃ出るようになった。おすすめ。
ver: 3.3","2026-03-14 06:56:06","2026-03-22 10:43:35"
703,197,9,140,"[""D2"",""D3"",""E2"",""E3"",""E4"",""F2"",""G2"",""G3"",""F3""]",夜,1,多い,夜にはE-4に大量・即湧きする。北エリアで出現するが数は少なめです。E-4の砂の所には必ずいるらしい。,0,"[""[\"1匹@北側\",\"北エリアで出現するが数は少ない、E-4の砂の所には必ずいるみたいです、\"] \/ 1匹@北側"",""北エリアで出現するが数は少ない、E-4の砂の所には必ずいるみたいです、""]

ここで狩る必要はない。夜にはE4に大量・即湧きポイントがあるので、何かのついでに狩るのはアリ。
ver: 3.4","2026-03-14 06:56:06","2026-03-26 14:27:29"
704,240,9,140,"[""C3"",""C4"",""C5"",""C6"",""D3"",""D4"",""D5"",""D6"",""E3"",""E4"",""E5"",""E6"",""F3"",""F4"",""F5"",""F6""]",いつでも,1〜3,多い,中央では1〜3匹で出ます。南部は確実に1匹。,1,"[""[\"1-3匹@中央\",\"中央エリアと南エリアの広範囲でたくさん出現します\"] \/ 1-3匹@中央"",""中央エリアと南エリアの広範囲でたくさん出現します""]

中部はてっこうまじんのシンボルに2匹までくっつき、こいつのシンボルにはシュプリンガーが2匹までくっつく。南部は確実に1匹の構成だがシンボル数はポーポラ地方より少ない。
ver: 2.0","2026-03-14 06:56:06","2026-03-22 12:56:34"
705,263,9,140,"[""E5"",""E6"",""F5"",""G6"",""G5"",""F6""]",いつでも,1〜2,多い,天流輪&地流輪にたくさんいます。,0,"[""[\"1-2匹@天流輪&地流輪\",\"中央エリアの天流輪と地流輪の舞台の上にたくさん出現します\"] \/ 1-2匹@天流輪&地流輪"",""中央エリアの天流輪と地流輪の舞台の上にたくさん出現します""]

No.174(どうぐ拡張クエ2話)対象。 天流輪・地流輪の外周にいる。片方で狩ってると涸れるので移動する必要がある。
ver: 1.3","2026-03-14 06:56:06","2026-03-22 14:24:05"
706,293,9,140,"[""E6"",""G5"",""E5"",""F5"",""F6"",""G6""]",いつでも,1〜2,普通,天流輪・地流輪の舞台にいます。各地の袋小路にも数匹湧いています。スターキメラが1〜2匹ついてくることがあります。,0,"[""[\"1匹+供@天流輪&地流輪\",\"中央エリアの天流輪と地流輪の舞台の上に出現する、G-5とE-6の飛び出た所にも少しいる\"] \/ 1匹+供@天流輪&地流輪"",""中央エリアの天流輪と地流輪の舞台の上に出現する、G-5とE-6の飛び出た所にも少しいる""]

No.247(ヴェリナード外伝1話)クエ対象モンスターだったが現在はベホイムスライムに変更されている。天流輪・地流輪の舞台にいる。また、各地の袋小路にも数匹湧いている。必ずスターキメラが1～2匹くっついてくる。即湧きではなくなったようだが、そのぶん全体的に数が増えた。
ver: 2,1","2026-03-14 06:56:06","2026-03-22 15:56:52"
707,319,9,140,"[""D4"",""D5"",""E4"",""E5"",""G6""]",いつでも,1〜2,多い,D5、G6の砂浜に固まって出現します。中央海岸では1〜2匹で出ます。,0,"[""D-5とG-6の砂浜に固まって出現します"",""[\"1-2匹@中央海岸\",\"D-5とG-6の砂浜に固まって出現します\"] \/ 1-2匹@中央海岸""]

島内中部の東西の海岸沿いに大量にいる。スターキメラと混成し、またスターキメラのシンボルにもくっついてきたりする。
ver: 1.5","2026-03-14 06:56:06","2026-03-22 17:53:53"
708,381,9,140,"[""D6"",""D7"",""C7"",""C6"",""B6"",""B7""]",いつでも,1,普通,シンボル数がそこそこなのでおすすめです。探しエリアは広い。,1,"[""[\"1匹@南側\",\"南エリアの広範囲でそこそこいる\"] \/ 1匹@南側"",""南エリアの広範囲でそこそこいる""]

南部の強敵ゾーンにいる。シンボル数がそこそこなのでおすすめ。ただし他の場所同様に生息域は広いし、海岸以外では岩陰に遮蔽されて探しにくい。ジュレットからの馬車で行けるようになり、遠さは多少解消された。
ver: 3.1","2026-03-14 06:56:06","2026-03-26 14:34:38"
709,388,9,140,"[""E5"",""E6"",""F5"",""F6"",""G6"",""G5""]",いつでも,1,普通,中央のエリア（天流輪・地流輪の舞台のあるエリア）のほぼ全域が出ます範囲です。,1,"[""[\"1匹@中央\",\"マップの中央のエリアに出現する、広い範囲だけど出るのは2匹ほど\"] \/ 1匹@中央"",""マップの中央のエリアに出現する、広い範囲だけど出るのは2匹ほど""]

中央のエリア（天流輪・地流輪の舞台のあるエリア）のほぼ全域が出現範囲。シンボル数は1か2程度で、出現は単独。E6やG5にあるてっこうまじんが現れる袋小路や、北の小屋側から下ったすぐのところにもいたりするので、こまめに覗いておこう。出現範囲の広さ的にはオルセコ高地よりも狭いが、視界を遮る大岩が点在することと、似たような体色のスターキメラがうようよいることから、うっかり見逃してしまうことも多く、ストレスが溜まるかもしれない。
ver: 2.3","2026-03-14 06:56:06","2026-03-23 07:39:30"
710,508,9,140,"[""D3"",""E2"",""E3"",""D2"",""F2"",""F3"",""G3"",""G2""]",いつでも,1,少ない,キングスライムと同じく高台のどれかに湧いています。他の場所がよき。,0,"[""[\"1匹@北側高台\",\"北のエリアに点在する小さい舞台の上にランダムで出現する\"] \/ 1匹@北側高台"",""北のエリアに点在する小さい舞台の上にランダムで出現する""]

キングスライムと同じく高台のどれかに湧いている。およそ10分湧き 端っこにキングスライムをまとめておくと全部の台を探しに行かなくて済むので楽。
ver: 3.0","2026-03-14 06:56:06","2026-03-23 12:46:40"
711,617,9,140,"[""C7""]",いつでも,1,少ない,C-7あたりにいて、1分湧きです。,0,"[""[\"1匹@南側\",\"南エリアのC-7に1匹います\"] \/ 1匹@南側"",""南エリアのC-7に1匹います""]

南部の中央付近、だいたいC7あたりに出現。一分湧き。出現範囲はちょい広め。
ver: 2.2","2026-03-14 06:56:06","2026-03-23 16:59:48"
712,732,9,140,"[""D2"",""D3"",""E2"",""E3"",""F2"",""F3"",""G3"",""G2""]",いつでも,1,,北側では1匹で出ます。,1,"[""[\"1匹+供@北側\",\"北のエリアの広範囲で出現します\"] \/ 1匹+供@北側"",""北のエリアの広範囲で出現します""]

こちらもやや遠いが船着場から遠くない場所に群生しているのでイチオシだった。 だが、転生のももいろ三姉妹が出るようになったのをきっかけに、業者の格好のエモノに。 [2.1]では四六時中業者が棲み着いており討伐にも支障を来すレベルであったが、[2.2前期]中のVUによりシンボル数が大幅に削減され、単独もしくはスライムタワー1匹＋シードッグ1匹の出現パターンとなり、2匹出現のパターンはなくなった模様。このため、大半の業者は撤退したようだ。（少数がしぶとく残っている） 業者撤退は結構なことだが、討伐数稼ぎという点では微妙になってしまった。 なお、業者を発見したら通報しておこう。地道な駆除が大事。
ver: 2.2","2026-03-14 06:56:06","2026-03-21 15:06:20"
713,735,9,140,"[""F2"",""F3"",""G2"",""G3""]",いつでも,1〜2,多い,王島東部にそこそこいます。1〜2匹で出ます。,0,"[""[\"1-2匹@北東\",\"北東のFG-2・3あたりでたくさん出現します\"] \/ 1-2匹@北東"",""北東のFG-2・3あたりでたくさん出現します""]

ミューズ海岸からお引越し。王島東部にそこそこいる。1～2匹構成。
ver: 1.3","2026-03-14 06:56:06","2026-03-21 15:02:12"
714,813,9,140,"[""C3"",""D2"",""D3"",""E2"",""E3""]",いつでも,1〜2,ちらほら,北部の海岸にいます。1〜2匹で出て、タップペンギーも混ざります。,0,"[""C-3の砂浜の波打ち際にたくさんいます"",""[\"1-2匹@北側海岸\",\"C-3の砂浜の波打ち際にたくさんいます\"] \/ 1-2匹@北側海岸""]

北部の海岸にいる。1～2匹構成。タップペンギーに混成する。シンボルは少々まばら。
ver: 1.4","2026-03-14 06:56:06","2026-03-21 16:07:25"
715,756,9,140,"[""C3"",""C4"",""C5"",""C6"",""D3"",""D4"",""D5"",""D6"",""E3"",""E4"",""E5"",""E6"",""F3"",""F4"",""F5"",""F6""]",いつでも,1〜3,多い,中央では1〜3匹で出ます。南部は確実に1匹。,1,"[""[\"1-3匹@中央\",\"中央エリアと南エリアの広範囲でたくさん出現します\"] \/ 1-3匹@中央"",""中央エリアと南エリアの広範囲でたくさん出現します""]

中部はてっこうまじんのシンボルに2匹までくっつき、こいつのシンボルにはシュプリンガーが2匹までくっつく。南部は確実に1匹の構成だがシンボル数はポーポラ地方より少ない。
ver: 2.0","2026-03-14 06:56:06","2026-03-22 12:56:34"
716,768,9,140,"[""D4"",""D5"",""E4"",""E5"",""G6""]",いつでも,1〜2,多い,D5、G6の砂浜に固まって出現します。中央海岸では1〜2匹で出ます。,0,"[""D-5とG-6の砂浜に固まって出現します"",""[\"1-2匹@中央海岸\",\"D-5とG-6の砂浜に固まって出現します\"] \/ 1-2匹@中央海岸""]

島内中部の東西の海岸沿いに大量にいる。スターキメラと混成し、またスターキメラのシンボルにもくっついてきたりする。
ver: 1.5","2026-03-14 06:56:06","2026-03-22 17:53:53"
717,82,12,141,"[""C1"",""C2"",""C3"",""C4"",""D1"",""D2"",""D3"",""D4"",""E3"",""E4"",""E5"",""F3"",""F4"",""F5""]",いつでも,1〜2,多い,1〜2匹でキャットバットが混成するときもあります。,1,"[""マップの北側半分くらいでたくさん出現します""]

人の少ないこちらがおすすめ。1～2匹構成でキャットバットが混じる時も。プリズニャンの待ち時間にどうぞ。
ver: 1.4","2026-03-14 06:56:09","2026-03-21 14:54:29"
718,92,12,141,"[""C1"",""C2"",""C3"",""D1"",""D2"",""D3"",""E1"",""E2"",""E3"",""F1"",""F2"",""F3""]",いつでも,2,多い,北側にいます。ジャガーメイジと一緒に出ます。,0,"[""マップの北側半分くらいでたくさん出現します""]

北側に生息、プリズニャンのついでに。2匹構成も。ジャガーメイジにくっつく。
ver: 1.2","2026-03-14 06:56:09","2026-03-21 15:53:45"
719,108,12,141,"[""C3"",""F5"",""E5"",""D5"",""C5"",""C4"",""D4"",""D3"",""E4"",""F4"",""F3"",""E3""]",いつでも,1〜3,普通,北はC-3の分岐点、南は巨猫の巣前の池の手前の通路までです。花の上でごろごろ眠ってるのは1匹で出ます。,0,"[""C-3からEF-5まで出現します""]

北はC-3の分岐点、南は巨猫の巣前の池の手前の通路まで。花の上でごろごろ眠ってるのは1匹構成。巡回しているシンボルは1～3匹構成。
ver: 1.5","2026-03-14 06:56:09","2026-03-21 17:40:39"
720,120,12,141,"[""F5"",""E5"",""E6"",""F6"",""F7"",""F8"",""E8"",""E7"",""G8"",""G7"",""G6"",""G5""]",いつでも,1〜3,多い,地域限定。1〜3匹でキャットフライも混ざります。,1,"[""EF-5から南で出現します""]

地域限定モンスター。 EF-5の池の岸から南に分布。1～3匹構成でキャットフライと相互に混成する。キャットフライの転生を倒していると勝手に討伐数が増えるので狙う必要がない。
ver: 4.5","2026-03-14 06:56:09","2026-03-21 18:35:07"
721,123,12,141,"[""F5"",""E5"",""E6"",""F6"",""F7"",""E7""]",いつでも,1〜3,,地域限定。1〜3匹でベンガルクーンも混ざります。,1,"[""EF-5から南で出現します""]

地域限定モンスター。 EF-5の池の岸から南に分布。1～3匹構成でベンガルクーンと相互に混成する。転生を狙えばベンガルクーンも勝手に終わる。
ver: 4.5","2026-03-14 06:56:09","2026-03-21 18:38:10"
722,126,7,142,"[""A1"",""A2"",""A3"",""B1"",""B2"",""B3"",""C1"",""C2"",""C3"",""D1"",""D2"",""D3""]",いつでも,1〜2,普通,岩がむき出しになっているところにいます。1〜2匹で出ます。岩だけ狩るならここがよき。,1,"[""[\"1-2匹@北西の岩\",\"北西エリアに出現、ちょっと高くなっている所にいる感じです\"] \/ 1-2匹@北西の岩"",""北西エリアに出現、ちょっと高くなっている所にいる感じです""]

岩がむき出しになっているところにいる。そこそこ間断なく狩れる。1～2匹構成。
ver: 1.4","2026-03-14 06:56:13","2026-03-21 18:41:59"
723,138,7,142,"[""A1"",""A2"",""A3"",""B1"",""B2"",""B3"",""C1"",""C2"",""C3"",""D1"",""D2"",""D3""]",いつでも,1〜2,多い,北西では1〜2匹で出ます。北西エリアでたくさん出現します。1〜2匹で出ます。,0,"[""[\"1-2匹@北西\",\"北西エリアでたくさん出現します\"] \/ 1-2匹@北西"",""北西エリアでたくさん出現します""]

駅から近く、シンボル数もそこそこ。1～2体で出現。ドラキーマの近くで接触するとくっつかれることがある。
ver: 1.4","2026-03-14 06:56:13","2026-03-21 19:01:31"
724,139,7,142,"[""A1"",""A2"",""A3"",""B1"",""B2"",""B3"",""C1"",""C2"",""C3"",""D1"",""D2"",""D3""]",いつでも,1,少ない,湧きは微妙です。,0,"[""[\"1匹@北西\",\"北西エリアで出現します、数は少なめ\"] \/ 1匹@北西"",""北西エリアで出現します、数は少なめ""]

No.036(どうぐかばん1話)クエ対象。 駅から近い。モコフルやドラキーマなどレベルが近いモンスターと同時に狩れる。ただし湧きは微妙。
ver: 1.4","2026-03-14 06:56:13","2026-03-21 19:03:53"
725,140,7,142,"[""A1"",""A2"",""A3"",""B1"",""B2"",""B3"",""C1"",""C2"",""C3"",""D1"",""D2"",""D3""]",いつでも,1〜2,多い,木の周りを飛んでます。1カ所で狩っているとすぐ絶滅します。モコフルも混ざります。,0,"[""[\"混1-2匹@北西の木\",\"北西エリアに出現、大きめの木の下で固まっている感じです\"] \/ 混1-2匹@北西の木"",""北西エリアに出現、大きめの木の下で固まっている感じです""]

特定の何本かの木の回りにわく。一カ所で狩っているとすぐ涸れる。モコフルに混成する。
ver: 1.1","2026-03-14 06:56:13","2026-03-21 19:06:34"
726,281,7,142,"[""D7"",""F4""]",いつでも,1,普通,滝あたりでは1匹で出ます。,0,"[""F-4とD-7のガケから水が流れている所にいます"",""[\"1匹@滝付近\",\"F-4とD-7のガケから水が流れている所にいます\"] \/ 1匹@滝付近""]

高台から水がおちてるところにいるようだ。
ver: 4.5","2026-03-14 06:56:13","2026-03-22 15:10:17"
727,349,7,142,"[""B7"",""B8"",""C7"",""C8"",""D7"",""D8"",""E7"",""E8"",""F6"",""F5"",""F4"",""F3"",""G3"",""G4"",""G5"",""G6""]",いつでも,1〜2,多い,強敵エリア全域では1〜2匹で出ます。,1,"[""[\"1-2匹@強敵エリア全域\",\"マップ中央からやや東側でたくさん出現します、南の方にも結構いる\"] \/ 1-2匹@強敵エリア全域"",""マップ中央からやや東側でたくさん出現します、南の方にも結構いる""]

南から東にかけての強敵エリア全域に多数生息。2匹で出ることもある。街に近いのでこちらもおすすめ。
ver: 1.5","2026-03-14 06:56:13","2026-03-22 19:03:37"
728,415,7,142,"[""E2"",""E6"",""F4"",""G2""]",いつでも,1〜2,4,強敵ゾーン東側の丘の上（G-2・F-4・E-5）に4シンボル即湧きです。,1,"[""E-6、F-4、G-2の小高い丘の上で数匹いる、どこかに集まってていないときもある"",""[\"1-2匹@E6＆F4＆E2\",\"E-6、F-4、G-2の小高い丘の上で数匹いる、どこかに集まってていないときもある\"] \/ 1-2匹@E6＆F4＆E2""]

強敵ゾーン東側の丘の上（G2・F4・E5）に4シンボル即湧き。3ヶ所あるが、湧きは連動しているようだ
ver: 1.5","2026-03-14 06:56:13","2026-03-23 09:04:07"
729,454,7,142,"[""E7"",""F5"",""G3""]",いつでも,1,少ない,東側＆E-7で1匹で出ます。東の海岸線に沿って出現するのG-3とかF-5とかにいます。数は少なめです。,0,"[""[\"1匹@東側＆E7\",\"東の海岸線に沿って出現する(G-3とかF-5とか)、数は少ない\"] \/ 1匹@東側＆E7"",""東の海岸線に沿って出現する(G-3とかF-5とか)、数は少ない""]

東部の崖沿いに点在している。1匹出現なので倒しやすいが、生息域の広さの割にシンボル数が少ない。
ver: 3.0","2026-03-14 06:56:13","2026-03-23 10:34:09"
730,520,7,142,"[""F2"",""F3"",""F4"",""F5"",""G2"",""G3"",""G4"",""G5""]",いつでも,1,1,噴水あたりで1匹で出ます。,0,"[""[\"1匹@噴水付近\",\"マップ東側に点在している水が湧き出ているところによくいる\"] \/ 1匹@噴水付近"",""マップ東側に点在している水が湧き出ているところによくいる""]

強敵エリア内の噴水（碁石を積み重ねたような、塔状の岩）の付近に湧く。宿から近いが生息域が広くなかなか見つからないことも。
ver: 2.0","2026-03-14 06:56:13","2026-03-23 13:46:55"
731,741,7,142,"[""A1"",""A2"",""A3"",""B1"",""B2"",""B3"",""C1"",""C2"",""C3"",""D1"",""D2"",""D3""]",いつでも,1〜2,普通,岩がむき出しになっているところにいます。1〜2匹で出ます。岩だけ狩るならここがよき。,1,"[""[\"1-2匹@北西の岩\",\"北西エリアに出現、ちょっと高くなっている所にいる感じです\"] \/ 1-2匹@北西の岩"",""北西エリアに出現、ちょっと高くなっている所にいる感じです""]

岩がむき出しになっているところにいる。そこそこ間断なく狩れる。1～2匹構成。
ver: 1.4","2026-03-14 06:56:13","2026-03-21 18:41:59"
732,153,11,143,"[""A3"",""A4"",""A5"",""B3"",""B4"",""B5"",""C3"",""C4"",""C5""]",いつでも,1〜3,多い,イチオシです。1〜3匹でサマーウルフと混ざります。,1,"[""西側のエリアにいっぱいいます""]

イチオシ。1～3匹構成でサマーウルフと相互に混成し、どんなに人がいても涸れない。botのせいで常に重いので、暇があれば業者を駆逐するのも良い。
ver: 2.2","2026-03-14 06:56:16","2026-03-22 10:02:50"
733,155,11,143,"[""A3"",""A4"",""A5"",""A6"",""B3"",""B4"",""B5"",""B6"",""C3"",""C4"",""C5"",""C6"",""D3"",""D4"",""D5"",""D6"",""E3"",""E4"",""E5"",""E6"",""F3"",""F4"",""F5"",""F6"",""G3"",""G4"",""G5"",""G6"",""H3"",""H4"",""H5"",""H6""]",いつでも,,多い,西側にも東側にもかなりの数のシンボル。タコメットや岩とびあくまも混ざります。,1,"[""全域にたくさんいる""]

西側にも東側にもかなりの数のシンボルがあり、低レベルだと絡まれやすい。タコメットや岩とびあくまに混成する。
ver: 1.3","2026-03-14 06:56:16","2026-03-22 10:04:20"
734,165,11,143,"[""D4"",""F4"",""E4"",""F5"",""E5"",""D5"",""C4"",""B4"",""B5"",""C5""]",いつでも,1〜2,多い,波打ち際にいる。1〜2匹で出て、タコメットも混ざります。,1,"[""全体的に海岸の波打ち際でたくさん出現します""]

波打ち際に密集している。1～2匹構成でタコメットが混成する。人が多すぎてシンボルが見えないことがあるのでタコメット側ではなく岩とびあくま側の海岸へ行ってもいいだろう。
ver: 1.3","2026-03-14 06:56:16","2026-03-22 10:19:33"
735,206,11,143,"[""F4"",""F5"",""G4"",""G5"",""H4"",""H5""]",いつでも,,多い,東側にいます。,0,"[""東側のエリアにいっぱいいます""]

東側にいる。レベル上げのメッカなのでゴールデンタイムは避けること。
ver: 1.3","2026-03-14 06:56:16","2026-03-22 11:49:31"
736,152,16,148,"[""D2"",""D3"",""E3"",""F3"",""F4"",""G4"",""G5"",""F5"",""F6"",""E6"",""E7""]",いつでも,2〜3,普通,おすすめです。海辺の交易所とヴェリナード城付近にいます。2〜3匹で出ます。,1,"[""ヴェリナード城下町から海辺の交易所までずっといる感じです""]

No.144(魔法戦士解放)クエ対象。 おすすめ。海辺の交易所とヴェリナード城付近にいる。2～3匹構成。真のコニウェア平原に人が流れたため混雑は緩和されている。宿からは近い。
ver: 2.2","2026-03-14 06:56:30","2026-03-22 09:56:07"
737,156,16,148,"[""E3"",""E6"",""F3"",""F4"",""G4"",""G5"",""F5"",""F6""]",いつでも,,普通,マリンスライムやネイルビーストお供に出てくる。,1,"[""E-3あたりから南へ道なりにE-6あたりまでずっといる""]

No.074(盗賊職3話)クエ対象。 拠点出て坂を一つ越えるといる。近くて楽。マリンスライムがお供に出てくるほか、ネイルビーストに混成する。
ver: 1.4","2026-03-14 06:56:30","2026-03-22 10:06:00"
738,189,16,148,"[""G4"",""G5"",""F5""]",いつでも,1〜2,普通,地域限定。マップ右、G-4からF-5のあたりにいます。ホタテワラビーも混ざります。海藻と同化している。,1,"[""G-4・5あたりで出現します""]

地域限定・No.027(ヴェリナード便せん)クエ対象。 マップ右、G-4からF-5のあたりに生息。よく海藻に隠れているので注意深く探そう。1～2匹構成でホタテワラビーが混成する。
ver: 6.3","2026-03-14 06:56:30","2026-03-22 11:04:49"
739,192,16,148,"[""F4"",""F5"",""G4"",""G5"",""F6"",""G6"",""F3"",""E3""]",いつでも,1,普通,海辺の交易所から2番目の橋〜カバリアーがいるところで出るです。,0,"[""F-4とF-5・6で出現します""]

緑の海藻のような床を踏むと出現。海辺の交易所から2番目の橋～カバリアーがいるところで出る。地中ゴーグルがあったほうが楽。なお、1体ずつしかでない。
ver: 2.0","2026-03-14 06:56:30","2026-03-22 11:10:32"
740,199,16,148,"[""F1"",""G2"",""F2"",""G1""]",いつでも,,多い,北東エリアのF-1からG-2にたくさん出現します。,0,"[""北東エリアのF-1からG-2にたくさん出現します""]

No.037(盗賊の鍵)クエ対象。 数が少ないのでおすすめはしない。
ver: 1.5","2026-03-14 06:56:30","2026-03-22 11:37:56"
741,249,16,148,"[""F1"",""G2"",""F2"",""G1""]",いつでも,1〜2,普通,1〜2匹で出ます。,0,"[""北東エリアのF-1からG-2に出現する""]

ヴェリナードを出てすぐ東にある柵の先、クリスタルハンドのいるエリアに数シンボル。1～2匹構成。
ver: 1.3","2026-03-14 06:56:30","2026-03-22 13:14:34"
742,281,16,148,"[""B6""]",いつでも,1,普通,1匹で出ます。ヴェリナード領西から入るエリアB-6にいます。,0,"[""[\"1匹\",\"ヴェリナード領西から入るエリアB-6・7に出現する、そんなに多くはいない\"] \/ 1匹"",""ヴェリナード領西から入るエリアB-6・7に出現する、そんなに多くはいない""]

南西の離れ小島なので遠すぎる。デスゴーゴンの待ち時間に狩るのもあり。
ver: 4.5","2026-03-14 06:56:30","2026-03-22 15:10:17"
743,337,16,148,"[""F1"",""G2""]",いつでも,1,少ない,1匹で出ます。,0,"[""[\"1匹\",\"北東エリアのF-1からG-2にいるが数は少ない\"] \/ 1匹"",""北東エリアのF-1からG-2にいるが数は少ない""]

拠点からは近いがシンボルの数が非常に少ない。
ver: 1.1","2026-03-14 06:56:30","2026-03-22 18:40:50"
744,391,16,148,"[""G4"",""G5""]",いつでも,1,普通,1匹で出ます。ヴェリナード領南の通路に3シンボルです。湧き時間が少し長い。,0,"[""G-4とG-5の坂道の所に1匹ずつ立っている"",""[\"1匹\",\"G-4とG-5の坂道の所に1匹ずつ立っている\"] \/ 1匹""]

ヴェリナード領南の通路に3シンボル。湧き時間が少し長いので、別のところで狩るのがいいだろう。
ver: 2.0","2026-03-14 06:56:30","2026-03-23 07:42:58"
745,431,16,148,"[""G4""]",いつでも,1,1,1匹湧きで、遅い。,0,"[""G-4に1匹いる"",""[\"1匹\",\"G-4に1匹いる\"] \/ 1匹""]

1匹湧き。しかも時間湧き。素直に他に行こう。
ver: 1.5","2026-03-14 06:56:30","2026-03-23 09:42:26"
746,615,16,148,"[""B6""]",いつでも,1,普通,10分〜15分湧きにかかります。昔は強敵だったそうな。,0,"[""[\"1匹\",\"ヴェリナード領西から入るエリアB-6・7に出現する、1匹だけ\"] \/ 1匹"",""ヴェリナード領西から入るエリアB-6・7に出現する、1匹だけ""]

ヴェリナード領西から回りこんでいった先に1匹だけいる超難関モンスター。 再ポップまでが非常に長い（10分～15分）、この魔物自体がタフ、拠点から遠い、と三拍子揃っためんどくささ。最近では釣りでたまに人がいる。炎の領界にいけるならそっちに行った方がいい。
ver: 3.1","2026-03-14 06:56:30","2026-03-23 16:55:05"
747,163,17,149,"[""B2"",""B3"",""B4""]",いつでも,1〜2,多い,おすすめです。ベホイムスライムも混ざります。北西エリアB-2にいます。,1,"[""北西エリアB-2・3・4にたくさん出現します""]

おすすめ。1～2匹構成で宿からも近い。ベホイムスライムが混成する。
ver: 1.5","2026-03-14 06:56:38","2026-03-22 10:17:01"
748,172,17,149,"[""A3"",""A4"",""B3"",""B4"",""C3"",""C4"",""D3"",""D4"",""E5"",""E6"",""F5"",""F6"",""G5"",""G6"",""G7"",""G8"",""H5"",""H6"",""H7"",""H8"",""A1"",""B1"",""A2"",""B2""]",いつでも,1〜2,多い,強敵エリア以外なら満遍なく広範囲にいます。1〜2匹で出ます。デッドペッカーに一匹まで、ゴールドオークに二匹までついてくることがあります。,0,"[""ほぼ全域でたくさん出現します、南東エリアにはいない""]

強敵エリア以外なら満遍なく広範囲に生息。1～2匹構成。デッドペッカーに一匹まで、ゴールドオークに二匹までくっついてくる。
ver: 1.3","2026-03-14 06:56:38","2026-03-22 10:40:40"
749,179,17,149,"[""F2"",""F3"",""F4"",""F5"",""F6"",""F7"",""G2"",""G3"",""G4"",""G5"",""G6"",""G7"",""H2"",""H3"",""H4"",""H5"",""H6"",""H7""]",いつでも,1,4,おすすめです。範囲即湧きです。北東部に4シンボルあり、それぞれが近いので狩りやすい。1匹湧きです。,1,"[""マップ中央から東にかけて出現する、数は少なめ""]

おすすめ。範囲即湧き。北東部に4シンボルあり、それぞれが近いので狩りやすい。1匹湧き。
ver: 1.1","2026-03-14 06:56:38","2026-06-26 23:46:14"
750,185,17,149,"[""A1"",""A2"",""A3"",""A4"",""B1"",""B2"",""B3"",""B4"",""C1"",""C2"",""C3"",""C4""]",いつでも,1〜2,多い,地域限定。主に西部の木の近くにいるほか、永遠の地下迷宮西に即湧きでいる。,1,"[""マップ中央から北西エリアにかけてたくさん出現します""]

地域限定モンスター。主に西部の樹木の近くにいるほか、永遠の地下迷宮西に即湧きで群生してる。許容量は4PTまで。1～2匹構成。
ver: 1.5","2026-03-14 06:56:38","2026-03-22 11:02:19"
751,215,17,149,"[""H7"",""G7""]",いつでも,,多い,南東エリアGH-7にたくさん出現します。,1,"[""南東エリアGH-7にたくさん出現します""]

十分な数がいるが、結晶狙い業者が増えていて狩りにくいかもしれない。アサシンエミューの即死に注意。
ver: 1.1","2026-03-14 06:56:38","2026-03-22 12:09:24"
752,222,17,149,"[""G3"",""F3"",""H3""]",いつでも,1,多い,ベホイムスライムが一緒に出ることが多いです。,1,"[""マップの東のエリアG-3・4・5で出現します""]

宿近ではあるが、少々まばら。キラーファングやスマイルリザードのオマケ程度に。生息域が広いので移動狩りになる。ライバルがいなければ静寂のほこら前をぐるぐる回るだけで狩り続けることは可能。ベホイムスライムがくっつくことが多い。
ver: 1.4","2026-03-14 06:56:38","2026-03-22 12:21:17"
753,224,17,149,"[""H7"",""G7""]",いつでも,1〜2,普通,"G,H-7にそこそこの数が湧きます。。1〜2匹で出ます。きせいじゅに一緒に出ます。",1,"[""南東エリアGH-7にそこそこ出現します""]

G,H-7にそこそこの数が湧き、拠点から近いが業者の巣窟。1～2匹構成。きせいじゅにくっつく。
ver: 1.3","2026-03-14 06:56:38","2026-03-22 12:24:12"
754,340,17,149,"[""G7""]",いつでも,1,1,南東のG-7あたりでは1匹で出ます。,0,"[""[\"1匹\",\"南東のG-7あたりに1匹いる\"] \/ 1匹"",""南東のG-7あたりに1匹いる""]

きせいじゅやアサシンエミューのついでにでも。結構離れたところに湧いたりするので、湧き間隔をつかみにくい。
ver: 3.0","2026-03-14 06:56:38","2026-03-26 14:31:06"
755,349,21,150,"[""A7"",""A8"",""B7"",""B8"",""C7"",""C8"",""D7"",""D8"",""E7"",""E8"",""F7"",""F8"",""G7"",""G8"",""H7"",""H8"",""C5"",""D5"",""C6"",""D6"",""E5"",""F5"",""E6"",""F6"",""G5"",""H5"",""G6"",""H6"",""C3"",""D3"",""C4"",""D4"",""E3"",""F3"",""E4"",""F4"",""G3"",""H3"",""G4"",""H4""]",いつでも,1〜2,多い,"浜辺以外のエリアに湧く。1〜2匹で出ます。C,D-6付近にそこそこ集中しています。",0,"[""[\"1-2匹\",\"ほぼ全域に出現する、数も多い\"] \/ 1-2匹"",""ほぼ全域に出現する、数も多い""]

No.131(しぐさ:ひざまずく)クエ対象。浜辺以外のエリアに湧く。1～2匹構成。C,D-6付近にそこそこ集中している。
ver: 1.5","2026-03-14 06:56:41","2026-03-22 19:03:37"
756,365,21,150,"[""A1"",""A2"",""A3"",""A4"",""A5"",""A6"",""A7"",""A8"",""B1"",""B2"",""B3"",""B4"",""B5"",""B6"",""B7"",""B8"",""C1"",""C2"",""C3"",""C4"",""C5"",""C6"",""C7"",""C8"",""D1"",""D2"",""D3"",""D4"",""D5"",""D6"",""D7"",""D8"",""E1"",""E2"",""E3"",""E4"",""E5"",""E6"",""E7"",""E8"",""F1"",""F2"",""F3"",""F4"",""F5"",""F6"",""F7"",""F8"",""G1"",""G2"",""G3"",""G4"",""G5"",""G6"",""G7"",""G8"",""H1"",""H2"",""H3"",""H4"",""H5"",""H6"",""H7"",""H8""]",いつでも,2,多い,2匹で出ます。ほぼ全域に出て探すのに苦労する。数は少なめです。,0,"[""[\"2匹\",\"ほぼ全域に出現する、数は少ない\"] \/ 2匹"",""ほぼ全域に出現する、数は少ない""]

おおよそ2匹組。とにかくシンボルが少なく、出会うのに苦労するのでおすすめしない。討伐隊に出た場合、報酬が高くてもスルーして問題ないレベル。
ver: 1.5","2026-03-14 06:56:41","2026-03-23 06:44:36"
757,379,21,150,"[""B6"",""B7"",""B8"",""C6"",""C7"",""C8"",""D6"",""D7"",""D8"",""E6"",""E7"",""E8"",""F6"",""F7"",""F8"",""G6"",""G7"",""G8""]",いつでも,2,多い,南部の砂浜周辺に特に固まっています。ベコンよりはシンボルがずっと少ないものの、ここでも基本2匹組です。,1,"[""[\"2匹\",\"マップの南側で多く出現する感じです\"] \/ 2匹"",""マップの南側で多く出現する感じです""]

南部の砂浜周辺に特に固まっている。ベコンよりはシンボルがずっと少ないものの、ここでも基本2匹組。
ver: 1.2","2026-03-14 06:56:41","2026-03-23 07:22:15"
758,451,21,150,"[""D3"",""C3"",""C4"",""D4""]",いつでも,3,少ない,CD-3〜4あたりで出現します。3匹で出ます。,0,"[""CD-3・4あたりで出現します"",""[\"3匹\",\"CD-3・4あたりで出現します\"] \/ 3匹""]

北部にぽつぽついる。あんまりシンボル数が多くないが、人いなければそこそこ見つかる。
ver: 1.3","2026-03-14 06:56:41","2026-03-23 10:30:20"
759,454,21,150,"[""F6""]",いつでも,4,4,1匹で出ます。即湧きではないが、狩り続けられます。,1,"[""F-6の波打ち際で4匹くらいいる"",""[\"1匹\",\"F-6の波打ち際で4匹くらいいる\"] \/ 1匹""]

「そよ風の浜辺」の隣の砂浜に4シンボルほどおり、1匹出現固定。即湧きではなく少し時間がかかる感じだが狩り続けるには充分。
ver: 3.0","2026-03-14 06:56:41","2026-03-23 10:34:09"
760,156,22,151,"[""C4"",""D4"",""D5"",""C5"",""E5""]",いつでも,2〜3,多い,南の川辺にいます。2〜3匹で出ます。近くのアサシンクローも一緒に出ます。,0,"[""湖の周りの低所にたくさん出現します""]

南の川辺に生息。2～3匹構成。近くのアサシンクローにもつく。
ver: 6.4","2026-03-14 06:56:44","2026-03-22 10:06:00"
761,179,22,151,"[""C6"",""D6"",""E6"",""F6""]",いつでも,1〜2,多い,入口〜守護騎士団本部までの高台にいます。入口あたりでは1〜2匹、守護騎士団本部あたりでは3〜4匹で出ます。近くのアサシンクローも一緒に出ます。,1,"[""マップの南側の高所にたくさん出現します""]

入口～守護騎士団本部までの高台に生息。入口付近では1～2匹、守護騎士団本部付近では3～4匹構成。近くのアサシンクローにもつく。
ver: 6.4","2026-03-14 06:56:44","2026-06-26 23:46:15"
762,250,22,151,"[""A1"",""A2"",""A3"",""A4"",""A5"",""A6"",""A7"",""A8"",""B1"",""B2"",""B3"",""B4"",""B5"",""B6"",""B7"",""B8"",""C1"",""C2"",""C3"",""C4"",""C5"",""C6"",""C7"",""C8"",""D1"",""D2"",""D3"",""D4"",""D5"",""D6"",""D7"",""D8"",""E1"",""E2"",""E3"",""E4"",""E5"",""E6"",""E7"",""E8"",""F1"",""F2"",""F3"",""F4"",""F5"",""F6"",""F7"",""F8"",""G1"",""G2"",""G3"",""G4"",""G5"",""G6"",""G7"",""G8"",""H1"",""H2"",""H3"",""H4"",""H5"",""H6"",""H7"",""H8""]",いつでも,1〜2,普通,入口〜荒野前あたりまで広い範囲にいます。入口付近では1〜2匹で出ます。キラーファングが、橋の南側低地では1〜3匹でホタテワラビーが一緒に出ます。荒野前では混成なしの3〜4匹です。,0,"[""マップ全体にわたって出現します""]

入口～荒野前まで広く生息。入口付近では1～2匹でキラーファングが、橋の南側低地では1～3匹でホタテワラビーがつく。荒野前では混成なしの3～4匹構成。
ver: 6.4","2026-03-14 06:56:44","2026-03-22 13:15:41"
763,262,22,151,"[""B4""]",夜,2〜4,普通,夜のみ。西の墓地あたりにいます。,0,"[""西のB-4あたりの墓地に数匹います""]

西の墓地周辺に生息。夜限定ではあるが、2〜4匹構成でルーラ地点も近い。
ver: 6.4","2026-03-14 06:56:44","2026-03-22 14:13:38"
764,368,22,151,"[""D6""]",いつでも,1,1,D-6の高台に1シンボルのみです。湧きも4分と遅いです。,0,"[""D-6の高所に1匹います""]

D-6の高台に1シンボルのみ。湧きも4分と遅い。
ver: 6.4","2026-03-14 06:56:44","2026-03-26 14:31:31"
765,154,18,152,"[""C3"",""D3"",""E3"",""F3"",""C4""]",いつでも,1〜2,多い,地域限定。強敵エリア以外の川にいます。1〜2匹で出ます。,1,"[""北のエリアに流れている川の中にたくさんいます""]

地域限定モンスター。強敵エリア以外の川に生息。1～2匹構成。川上～川下を往復していれば断続的にエンカウントできる。
ver: 1.3","2026-03-14 06:56:48","2026-03-22 10:03:30"
766,166,18,152,"[""A1"",""B1"",""A2"",""B2"",""C1"",""D1"",""C2"",""D2"",""E1"",""F1"",""E2"",""F2"",""G1"",""H1"",""G2"",""H2"",""G3"",""H3"",""G4"",""H4"",""E3"",""F3"",""E4"",""F4"",""C3"",""D3"",""C4"",""D4"",""A3"",""B3"",""A4"",""B4""]",いつでも,3,多い,"F-2,3の境より北以外ではビッグスロースが一緒に出ます。",1,"[""マップの北側のエリアの広範囲でたくさん出現します""]

全体的に多い上に3匹出るのでイチオシ。F-2,3の境より北以外ではビッグスロースがくっつく。
ver: 2.0","2026-03-14 06:56:48","2026-03-22 10:23:22"
767,167,18,152,"[""C2"",""D2"",""C3"",""D3"",""E3"",""F3"",""F2"",""E2"",""B3"",""B2""]",いつでも,3,普通,最大3匹で出ます。川付近にそこそこです。北西部のあたりがおすすめ。,1,"[""北のエリアに流れている川に沿って出現します""]

最大3匹で出現。川付近にそこそこ。北西部のあたりが最も密度が高いか。おそらくいちばん数が多いはず。
ver: 1.5","2026-03-14 06:56:48","2026-03-22 10:26:41"
768,175,18,152,"[""F2""]",いつでも,1〜2,多い,北東部に大量に埋まっています。おすすめです。1〜2匹出ます。,1,"[""北のエリアに流れている川に沿って出現する、あとF-2の高い所に固まっています""]

No.014(憎らしいヨメ)クエ対象。 北東部に大量に埋まっている。おすすめ。1～2匹出現。
ver: 1.3","2026-03-14 06:56:48","2026-03-23 08:46:57"
769,201,18,152,"[""A1"",""A2"",""A3"",""A4"",""B1"",""B2"",""B3"",""B4"",""C1"",""C2"",""C3"",""C4"",""D1"",""D2"",""D3"",""D4"",""E1"",""E2"",""E3"",""E4"",""F1"",""F2"",""F3"",""F4"",""G1"",""G2"",""G3"",""G4"",""H1"",""H2"",""H3"",""H4""]",いつでも,,多い,C-3あたりが割と多いです。F-2の川より北以外ではマザーウッドに一緒に出ます。,0,"[""マップの北側のエリアの広範囲でそこそこ出現します""]

橋の即湧きは潰れてしまった。C3あたりが割と多い。 シンボルは多いが湧きは悪い方だと思う。サイレスなどと同時にやるか、またはある程度倒したらサーバ変更したほうが効率いい。F2の川より北以外ではマザーウッドにくっつく。
ver: 1.5","2026-03-14 06:56:48","2026-03-22 11:40:49"
770,209,18,152,"[""D3"",""F3"",""E3"",""E4"",""F4""]",いつでも,,少ない,数は少なめです。,0,"[""D-3あたりから東にF-3くらいまでで飛んでいる、数は少なめ""]

メギストリス領よりはマシ。特に理由がないならローヌ樹林帯に行くほうがいい。
ver: 2.0","2026-03-14 06:56:48","2026-03-22 11:53:17"
771,314,18,152,"[""H3"",""G3""]",いつでも,1〜2,普通,特になし,0,"[""GH-3に固まって出現します"",""[\"1-2匹\",\"GH-3に固まって出現します\"] \/ 1-2匹""]

強敵エリアの北東部にいる。1～2匹編成。地形の関係上索敵しづらい。ラギ雪原に配備されたドラゴンゾンビの影響か、最近はこちらにもBOT業者がなだれ込んできている。
ver: 2.2","2026-03-14 06:56:48","2026-03-22 17:39:55"
772,324,18,152,"[""E5"",""E6"",""E7"",""F5"",""F6"",""F7"",""G5"",""G6"",""G7"",""H5"",""H6"",""H7"",""D5"",""D6"",""D7""]",いつでも,1,多い,強敵エリア全体にいて、南東部が特に多いです。1匹しかないが、場所によってはボストロールが一緒に出る。,1,"[""[\"1匹\",\"マップの南のエリアの広範囲で出現する、たくさんいるって程でもない\"] \/ 1匹"",""マップの南のエリアの広範囲で出現する、たくさんいるって程でもない""]

強敵エリア全体にいて、南東部が特に多い。1匹構成しかないが、場所によってはボストロールが絡むので、それを望まない場合はボストロールがいないエリアでやつざきアニマルを探しながらもおすすめ。なお、同じ場所でずっと狩っていると涸れるので注意。
ver: 1.5","2026-03-14 06:56:48","2026-03-22 18:19:55"
773,437,18,152,"[""A5"",""A6"",""A7"",""A8"",""B5"",""B6"",""B7"",""B8"",""C5"",""C6"",""C7"",""C8"",""D5"",""D6"",""D7"",""D8"",""E5"",""E6"",""E7"",""E8"",""F5"",""F6"",""F7"",""F8"",""G5"",""G6"",""G7"",""G8"",""H5"",""H6"",""H7"",""H8""]",いつでも,1,多い,数はそこそこいます。,0,"[""[\"1匹\",\"マップの南のエリアの広範囲で出現する、数はそこそこいる\"] \/ 1匹"",""マップの南のエリアの広範囲で出現する、数はそこそこいる""]

南部の強敵エリア全体に多数出現するが生息が広範囲なため探すのは手間取る。高額の日替わり討伐対象であるためゴールデンタイムは混んでいることもあるので注意。
ver: 2.0","2026-03-14 06:56:48","2026-03-23 09:53:39"
774,440,18,152,"[""F7"",""G4""]",いつでも,1,1,即湧きではないです。,0,"[""F-7とG-4に1匹ずついた"",""[\"1匹\",\"F-7とG-4に1匹ずついた\"] \/ 1匹""]

強敵エリア南東部と北東部（キラーマシン地帯）に1シンボルずつ。即湧きではない。3分くらい？ ウイングタイガーに絡まれまくるうえに地形が複雑だが、ブロンドボーイを狩るついでに遭遇できる。
ver: 1.5","2026-03-14 06:56:48","2026-03-23 10:01:51"
775,885,18,152,"[""C2"",""D2"",""C3"",""D3"",""E3"",""F3"",""F2"",""E2"",""B3"",""B2""]",いつでも,3,普通,最大3匹で出ます。川付近にそこそこです。北西部のあたりがおすすめ。,1,"[""北のエリアに流れている川に沿って出現します""]

最大3匹で出現。川付近にそこそこ。北西部のあたりが最も密度が高いか。おそらくいちばん数が多いはず。
ver: 1.5","2026-03-14 06:56:48","2026-03-22 10:26:41"
776,770,18,152,"[""E5"",""E6"",""E7"",""F5"",""F6"",""F7"",""G5"",""G6"",""G7"",""H5"",""H6"",""H7"",""D5"",""D6"",""D7""]",いつでも,1,多い,強敵エリア全体にいて、南東部が特に多いです。1匹しかないが、場所によってはボストロールが一緒に出る。,1,"[""[\"1匹\",\"マップの南のエリアの広範囲で出現する、たくさんいるって程でもない\"] \/ 1匹"",""マップの南のエリアの広範囲で出現する、たくさんいるって程でもない""]

強敵エリア全体にいて、南東部が特に多い。1匹構成しかないが、場所によってはボストロールが絡むので、それを望まない場合はボストロールがいないエリアでやつざきアニマルを探しながらもおすすめ。なお、同じ場所でずっと狩っていると涸れるので注意。
ver: 1.5","2026-03-14 06:56:48","2026-03-22 18:19:55"
777,772,18,152,"[""H3"",""G3""]",いつでも,1〜2,普通,特になし,0,"[""GH-3に固まって出現します"",""[\"1-2匹\",\"GH-3に固まって出現します\"] \/ 1-2匹""]

強敵エリアの北東部にいる。1～2匹編成。地形の関係上索敵しづらい。ラギ雪原に配備されたドラゴンゾンビの影響か、最近はこちらにもBOT業者がなだれ込んできている。
ver: 2.2","2026-03-14 06:56:48","2026-03-22 17:39:55"
778,162,19,153,"[""F6"",""E6"",""D6"",""D7"",""E7""]",いつでも,1〜2,多い,ヴァース大山林からF-6の橋の少し西までの間に広くいます。1〜2匹で出ます。,1,"[""[\"1-2匹@南西\",\"ヴァース大山林から入ってすぐいて東にF-6あたりまでたくさんいます\"] \/ 1-2匹@南西"",""ヴァース大山林から入ってすぐいて東にF-6あたりまでたくさんいます""]

No.124(美容院ジャングル色追加)クエ対象モンスター。 宿から近くおすすめ。ヴァース大山林からF-6の橋の少し西までの間に分布。1～2匹構成。Dの半分より西側のエリアではりゅうき兵に煩わされずに狩れる。
ver: 2.1","2026-03-14 06:56:51","2026-03-22 10:16:19"
779,196,19,153,"[""D4"",""D5"",""D6"",""E4"",""E5"",""E6"",""F6"",""F5"",""F4""]",いつでも,1〜2,多い,1匹湧きです。F-6の橋を北へ渡った所では1〜2匹で出ます。F以降東ではこのモンスターのシンボルのみです。,1,"[""[\"1匹@南西1-2匹@中央\",\"マップの中央エリアでたくさん出現します\"] \/ 1匹@南西1-2匹@中央"",""マップの中央エリアでたくさん出現します""]

宿から近いのでおすすめ。詩歌の遺跡の北の橋を当たった所ではDの中央より東からFの中央より西に湧き、1匹湧き。F-6の橋を北へ渡った所では1～2匹構成。F以東ではこのモンスターのシンボルのみ。今でも業者がうろついているが、分散が進んでいるようなので妨げになるほどではない。
ver: 3.3","2026-03-14 06:56:51","2026-03-22 11:30:16"
780,216,19,153,"[""D4"",""D5"",""E4"",""E5""]",いつでも,1〜2,普通,密林の野営地真北の橋を渡って西側にいます。,1,"[""[\"1-2匹@中央西側\",\"マップの中央DE-5の広い所で出現します\"] \/ 1-2匹@中央西側"",""マップの中央DE-5の広い所で出現します""]

密林の野営地真北の橋を渡って西側にいる。数が多く宿が近いが海のとける洞くつから移動した業者が激増。狩れないこともないがストレスが溜まる。
ver: 2.2","2026-03-14 06:56:51","2026-03-22 12:11:17"
781,250,19,153,"[""D4"",""D5"",""E4"",""E5""]",いつでも,1〜3,普通,湧き速度おそめ。,0,"[""[\"1-3匹@中央西側\",\"マップの中央DE-5の広い所で出現します\"] \/ 1-3匹@中央西側"",""マップの中央DE-5の広い所で出現します""]

密林の野営地北の橋を渡って西の広いところに湧く。(確か)最大3匹構成。 Ver1.1までは2シンボル即湧きだったが、Ver1.3で時間湧きの3シンボル、1.4で4シンボルとなったようだ。湧き具合から日替わり討伐はおすすめできない。
ver: 1.5","2026-03-14 06:56:51","2026-03-22 13:15:42"
782,297,19,153,"[""E3"",""F3""]",いつでも,1〜3,少ない,シンボル数は少ないが、一度に3匹まで出ます。,1,"[""[\"1-3匹@E3付近\",\"北のエリアのDEF-3あたりで出現します\"] \/ 1-3匹@E3付近"",""北のエリアのDEF-3あたりで出現します""]

宿から非常に近く、同地域にウィングデビル、トロルがいる。シンボル数は少ないが、一度に3匹まで出る。混成にはならない。1.4からトロルの配置が変更されたことで絡まれやすくなったのは難。
ver: 1.4","2026-03-14 06:56:51","2026-03-22 16:09:32"
783,303,19,153,"[""C8"",""D8""]",いつでも,1,少ない,C-7の橋周辺にちらほらです。即湧きではないので、,0,"[""C-8あたりで固まっています"",""[\"1匹@C8付近\",\"C-8あたりで固まっています\"] \/ 1匹@C8付近""]

C-7の橋周辺にちらほら。即湧きではないので、2PTいると涸れる。
ver: 5.3","2026-03-14 06:56:51","2026-03-22 17:17:48"
784,340,19,153,"[""E8""]",いつでも,1,1,E-8では1匹で出ます。,0,"[""[\"1匹@E8\",\"南の詩歌の遺跡の前に1匹いる\"] \/ 1匹@E8"",""南の詩歌の遺跡の前に1匹いる""]

詩歌の遺跡前に湧く。かつては取り合いになっていたが、現在は他にもっと狩りやすい場所ができたのでトラブルになることはない。ここで狩るならエモノ呼びをおこなうか、野営地と住宅村をルーラして鯖変えして戦うのがいいだろう。たまに通行人に倒されて居ないときがあるので注意。
ver: 3.0","2026-03-14 06:56:51","2026-03-26 14:31:06"
785,359,19,153,"[""D2"",""D3"",""E2"",""E3"",""F3"",""F2""]",いつでも,1,多い,北側では1匹で出ます。,1,"[""[\"1匹@北側\",\"渡し船に乗って行く北のエリアにたくさんいます\"] \/ 1匹@北側"",""渡し船に乗って行く北のエリアにたくさんいます""]

No.234(メギストリス外伝3話)クエ対象。 1.5から北部全域に多数出現するようになったため数を稼ぐのは容易になった。
ver: 1.5","2026-03-14 06:56:51","2026-03-23 06:32:36"
786,395,19,153,"[""E2"",""E3"",""F2"",""F3""]",いつでも,1,普通,北側では1匹で出ます。,1,"[""[\"1匹@北側\",\"渡し船に乗って行く北のエリアにそこそこいます\"] \/ 1匹@北側"",""渡し船に乗って行く北のエリアにそこそこいます""]

No.234(メギストリス外伝3話)クエ対象。 1.4からは北部全域で生息する。そのため以前のように涸れてしまうことはなくなったのもあり、宿からも近いのでグレン領東よりおすすめになったかもしれない。
ver: 1.5","2026-03-14 06:56:51","2026-03-23 07:47:06"
787,256,20,154,"[""C3"",""F5"",""B3"",""E5"",""E6"",""F6"",""B4"",""C4""]",いつでも,1〜2,多い,おすすめ,1,"[""BC-3・4とEF-5・6の島にたくさん出現します"",""[\"1-2匹\",\"BC-3・4とEF-5・6の島にたくさん出現します\"] \/ 1-2匹""]

川で区切られた北西と南東部の2箇所(れんごくちょうがいない所)にいる。
ver: 1.5","2026-03-14 06:56:56","2026-03-22 13:25:07"
788,331,20,154,"[""F3"",""F4""]",いつでも,1〜2,多い,1-2匹で出ます。れんごくちょうのお供でたまについてくることがあります。,0,"[""[\"1-2匹\",\"れんごくちょうがいるエリアで出ます、F-3・4に多くいる感じ\"] \/ 1-2匹"",""れんごくちょうがいるエリアで出ます、F-3・4に多くいる感じ""]

れんごくちょうの数が非常に多く遭遇が困難だが、たまにお供でくっついてくる。 木の周りに固定湧きする部分がある。F3-F4は出会いやすく、1匹構成が多い
ver: 3.4","2026-03-14 06:56:56","2026-06-26 23:43:17"
789,350,20,154,"[""A1"",""A2"",""A3"",""A4"",""A5"",""A6"",""A7"",""A8"",""B1"",""B2"",""B3"",""B4"",""B5"",""B6"",""B7"",""B8"",""C1"",""C2"",""C3"",""C4"",""C5"",""C6"",""C7"",""C8"",""D1"",""D2"",""D3"",""D4"",""D5"",""D6"",""D7"",""D8"",""E1"",""E2"",""E3"",""E4"",""E5"",""E6"",""E7"",""E8"",""F1"",""F2"",""F3"",""F4"",""F5"",""F6"",""F7"",""F8"",""G1"",""G2"",""G3"",""G4"",""G5"",""G6"",""G7"",""G8"",""H1"",""H2"",""H3"",""H4"",""H5"",""H6"",""H7"",""H8""]",いつでも,1〜2,多い,昼夜問わず出るのでおすすめです。最大2匹でヘルシーサーも混ざります。こうていタップとは喧嘩中らしく近くにはいない。,1,"[""[\"1-2匹\",\"こうていタップがいないエリア全域でたくさんいます\"] \/ 1-2匹"",""こうていタップがいないエリア全域でたくさんいます""]

昼夜問わず出現するのでおすすめ。宿から非常に近い上に遭遇が容易。最大2匹構成でヘルシーサーと混成する。他の敵にリンクしやすく、また逆にカバリアーやベルフェゴルなどがリンクしてきやすい。
ver: 2.2","2026-03-14 06:56:56","2026-03-22 19:06:02"
790,391,20,154,"[""F5"",""E5"",""D5"",""C4"",""C3"",""D3"",""C5"",""E3"",""D4"",""E4"",""F4"",""F3""]",いつでも,1,少ない,れんごくちょうのいるところに点々とにいます。ヘルシーサーより少なめです。1匹で出ます。,0,"[""[\"1匹\",\"れんごくちょうがいるエリアで出ます、数は少なめ\"] \/ 1匹"",""れんごくちょうがいるエリアで出ます、数は少なめ""]

れんごくちょうのいるところにまばらにいる。ヘルシーサーより少ない。
ver: 2.0","2026-03-14 06:56:56","2026-03-23 07:42:58"
791,427,20,154,"[""F6"",""E6"",""D6"",""D5"",""C5"",""C4"",""D4"",""E4"",""F4"",""F5"",""E5"",""C6""]",いつでも,1,2,かなり数が少ない（おそらく2シンボル）うえに湧き範囲が広い。,0,"[""[\"1匹\",\"れんごくちょうがいるエリアで出ます、数は極めて少ない\"] \/ 1匹"",""れんごくちょうがいるエリアで出ます、数は極めて少ない""]

かなり数が少ない（おそらく2シンボル）うえに湧き範囲が広く、れんごくちょうが大量にからんできてやりづらい。また地形的にも複雑なので探しにくい。 再湧き自体は早いので、れんごくちょうとヘルシーサー、カバリアーを狩るついでに数を伸ばしておこう。
ver: 1.5","2026-03-14 06:56:56","2026-03-23 09:32:53"
792,521,20,154,"[""C3"",""F5"",""B3"",""E5""]",いつでも,1,少ない,こうていタップと中が悪いのか、ぺんぎんの近くにはいない。,1,"[""BC-3・4とEF-5・6の島に出現します、数は少なめ"",""[\"1匹\",\"BC-3・4とEF-5・6の島に出現します、数は少なめ\"] \/ 1匹""]

こうていタップのいるところに少数。こうていタップでMP補給しながら戦うといいだろう。宿からもそこそこ近い。
ver: 1.5","2026-03-14 06:56:56","2026-03-23 13:48:37"
801,316,149,158,"[""D1"",""D2"",""D3"",""E1"",""E2"",""E3""]",いつでも,2〜3,多い,デザートゴルバとも混ざり、合わせて低地では2〜3匹、高台では1〜2匹になるります。,0,"[""マップの北のエリアに広範囲でたくさんいます、1つ目の川までいる""]

北の川以北に多数生息。デザートゴルバと混成し、合わせて低地では2～3匹、高台では1～2匹構成になる。
ver: 5.2","2026-03-14 06:57:09","2026-07-29 10:32:45"
802,317,149,158,"[""A1"",""A2"",""A3"",""A4"",""A5"",""A6"",""A7"",""A8"",""B1"",""B2"",""B3"",""B4"",""B5"",""B6"",""B7"",""B8"",""C1"",""C2"",""C3"",""C4"",""C5"",""C6"",""C7"",""C8"",""D1"",""D2"",""D3"",""D4"",""D5"",""D6"",""D7"",""D8"",""E1"",""E2"",""E3"",""E4"",""E5"",""E6"",""E7"",""E8"",""F1"",""F2"",""F3"",""F4"",""F5"",""F6"",""F7"",""F8"",""G1"",""G2"",""G3"",""G4"",""G5"",""G6"",""G7"",""G8"",""H1"",""H2"",""H3"",""H4"",""H5"",""H6"",""H7"",""H8""]",いつでも,2〜3,多い,デザートガルバとも混ざり、合わせて低地では2〜3匹、高台では1〜2匹になるります。,0,"[""マップの北のエリアに広範囲でたくさんいます、1つ目の川までいる""]

北の川以北に多数生息。デザートガルバと混成し、合わせて低地では2～3匹、高台では1～2匹構成になる。
ver: 5.2","2026-03-14 06:57:09","2026-07-29 10:32:21"
803,441,149,158,"[""C4"",""C5"",""D4"",""D5"",""E4"",""E5"",""E6""]",いつでも,1〜2,多い,マップ中央の2つの川に挟まれた地点にたくさんいます。1〜2匹で出ます。近くのヒッポキングも混ざります。,0,"[""マップ中央のエリアにたくさんいます、2つの川と川の間のエリアです""]

マップ中央の二つの川に挟まれた地点に多数生息。1～2匹構成。近くのヒッポキングにも混成する。
ver: 5.2","2026-03-14 06:57:09","2026-03-23 10:04:10"
804,446,149,158,"[""E5"",""D5"",""D4"",""D3"",""D2"",""E2"",""E3"",""E4""]",いつでも,1〜2,普通,各所の温泉に1〜3シンボルです。1〜2匹で出ます。,0,"[""いろんなところにある温泉に数匹ずついます""]

各所の温泉に1～3シンボル。1～2匹構成。湧きを共有しており、一つの温泉ではすぐに枯れる。
ver: 5.4","2026-03-14 06:57:09","2026-03-23 10:12:30"
805,509,149,158,"[""C4"",""C5"",""D4"",""D5"",""E4"",""E5""]",いつでも,1,多い,マップ中央の川に挟まれた部分にたくさんいます。1匹でアッシュリザードが1匹一緒に出ることもあります。,0,"[""マップ中央のエリアにたくさんいます、2つの川と川の間のエリアです""]

マップ中央の川に挟まれた部分に多数生息。1匹構成でアッシュリザードが1匹くっつくことも。
ver: 5.2","2026-03-14 06:57:09","2026-03-23 13:04:02"
806,512,149,158,"[""D6"",""C6"",""E6""]",いつでも,2,少ない,南の川より南にいます。1匹ずつ出ます。,1,"[""CD-6あたりに2匹ほどいる、ちょっと北の高台にも少しいる""]

南の川以南に生息。1匹構成。D-5西の高台が出現範囲が狭く狩りやすい。
ver: 5.2","2026-03-14 06:57:09","2026-03-23 13:15:59"
807,515,149,158,"[""C6"",""C7"",""D6"",""D7"",""E6"",""E7""]",いつでも,1〜2,多い,南の川より下にたくさんいます。1〜2匹で出ます。,0,"[""南の川から南側にたくさんいる""]

南の川以南に多数生息。1～2匹構成。
ver: 5.2","2026-03-14 06:57:09","2026-03-23 13:35:43"
808,567,149,158,"[""C1"",""C2"",""D1"",""D2"",""E1"",""E2"",""E3"",""D3"",""C3""]",いつでも,1,少ない,北の川より上にまばらにいます。1匹ずつ出ます。,0,"[""マップ北側のエリアの低地で出現、数は少ない""]

北の川以北にまばらに生息。1匹構成。
ver: 5.2","2026-03-14 06:57:09","2026-03-23 15:09:54"
809,1267,149,158,"[""D4"",""D5""]",いつでも,1,2,1体前後で出ることが多いです。,0,"[""D-4とD-5に1匹ずついる""]","2026-03-14 06:57:09","2026-03-26 14:50:05"
832,161,127,162,"[""E2""]",いつでも,1,多い,1Fの水路部分に出ます。1匹多めです。間隔もそこそこ離れています。。,0,"[""[\"1匹@水路\",\"入ってすぐの第1層の水路にいます\"] \/ 1匹@水路"",""入ってすぐの第1層の水路にいます""]

1Fの水路部分に出現。1匹構成多め。間隔もそこそこ離れている。
ver: 2.2","2026-03-14 06:57:20","2026-03-22 10:14:26"
833,254,127,162,"[""A1"",""A2"",""A3"",""A4"",""A5"",""A6"",""A7"",""A8"",""B1"",""B2"",""B3"",""B4"",""B5"",""B6"",""B7"",""B8"",""C1"",""C2"",""C3"",""C4"",""C5"",""C6"",""C7"",""C8"",""D1"",""D2"",""D3"",""D4"",""D5"",""D6"",""D7"",""D8"",""E1"",""E2"",""E3"",""E4"",""E5"",""E6"",""E7"",""E8"",""F1"",""F2"",""F3"",""F4"",""F5"",""F6"",""F7"",""F8"",""G1"",""G2"",""G3"",""G4"",""G5"",""G6"",""G7"",""G8"",""H1"",""H2"",""H3"",""H4"",""H5"",""H6"",""H7"",""H8""]",いつでも,,多い,第1層の通路と第2層全域に出ます。,1,"[""第1層の通路と第2層全域に出現""]","2026-03-14 06:57:20","2026-03-22 13:22:29"
834,279,127,162,"[""C2"",""C3"",""D2"",""D3"",""E1"",""E2"",""E3""]",いつでも,1〜2,多い,第1層の通路と第2層全域に出ます。,1,"[""[\"1-2匹@通路 \\\/ 混1-3匹@全体\",\"第1層の通路と第2層全域に出現\"] \/ 1-2匹@通路 \/ 混1-3匹@全体"",""第1層の通路と第2層全域に出現""]

地域限定モンスター。一層の水路部分以外の場所や、二層にうじゃうじゃ。一層では1～2匹構成。二層では最大1～3匹であやしいかげが混成する。ヘルゴーストに混成し、あやしいかげに1～2匹くっつく。
ver: 2.0","2026-03-14 06:57:20","2026-03-22 14:50:54"
835,563,127,162,"[""C2"",""E1""]",いつでも,1,普通,"第1層の各小部屋、第3層の小部屋（D-3,F-5,6）とE-6にシンボルが湧きます。",0,"[""[\"1匹@小部屋\",\"第1層と第3層の小部屋にランダムで出現する、第1層E－1など\"] \/ 1匹@小部屋"",""第1層と第3層の小部屋にランダムで出現する、第1層E－1など""]

第1層の各小部屋、第3層の小部屋（D-3,F-5,6）とE-6にシンボルが湧く。やや遠いがエモノ呼びしないならここがおすすめ。
ver: 2.0","2026-03-14 06:57:20","2026-03-23 15:06:00"
836,747,127,162,"[""E2""]",いつでも,1,多い,1Fの水路部分に出ます。1匹多めです。間隔もそこそこ離れています。。,0,"[""[\"1匹@水路\",\"入ってすぐの第1層の水路にいます\"] \/ 1匹@水路"",""入ってすぐの第1層の水路にいます""]

1Fの水路部分に出現。1匹構成多め。間隔もそこそこ離れている。
ver: 2.2","2026-03-14 06:57:20","2026-03-22 10:14:26"
837,873,127,162,"[""A1"",""A2"",""A3"",""A4"",""A5"",""A6"",""A7"",""A8"",""B1"",""B2"",""B3"",""B4"",""B5"",""B6"",""B7"",""B8"",""C1"",""C2"",""C3"",""C4"",""C5"",""C6"",""C7"",""C8"",""D1"",""D2"",""D3"",""D4"",""D5"",""D6"",""D7"",""D8"",""E1"",""E2"",""E3"",""E4"",""E5"",""E6"",""E7"",""E8"",""F1"",""F2"",""F3"",""F4"",""F5"",""F6"",""F7"",""F8"",""G1"",""G2"",""G3"",""G4"",""G5"",""G6"",""G7"",""G8"",""H1"",""H2"",""H3"",""H4"",""H5"",""H6"",""H7"",""H8""]",いつでも,,多い,第1層の通路と第2層全域に出ます。,1,"[""第1層の通路と第2層全域に出現""]","2026-03-14 06:57:20","2026-03-22 13:22:29"
929,432,151,185,"[""C3"",""C4"",""C5"",""C6"",""D3"",""D6"",""E3"",""E6"",""F3"",""F4"",""F5"",""F6""]",いつでも,2〜3,多い,広場では2〜3匹で出ます。,0,"[""[\"2-3匹@広場\",\"中央の研究所の外にぐるっと1周たくさんいる\"] \/ 2-3匹@広場"",""中央の研究所の外にぐるっと1周たくさんいる""]

屋外にシンボル多数。2～3匹構成。
ver: 5.2","2026-03-14 06:57:59","2026-03-23 09:43:23"
930,471,151,185,"[""H3"",""G3"",""F3"",""C3"",""B3"",""B2"",""C2"",""D2"",""E2"",""F2"",""G2"",""H2""]",いつでも,1〜2,少ない,洞窟内にシンボル少なめです。1〜2匹で出ます。,0,"[""[\"1-2匹@洞くつ\",\"周りの洞くつエリアにいます、数は少なめ\"] \/ 1-2匹@洞くつ"",""周りの洞くつエリアにいます、数は少なめ""]

洞窟内にシンボル少数。1～2匹構成。
ver: 5.2","2026-03-14 06:57:59","2026-03-23 10:58:18"
931,483,151,185,"[""C3"",""C4"",""C5"",""C6"",""D3"",""D6"",""E3"",""E6"",""F3"",""F4"",""F5"",""F6""]",いつでも,1〜2,多い,広場で1〜2匹で出ます。,0,"[""[\"1-2匹@広場\",\"中央の研究所の外にぐるっと1周たくさんいる\"] \/ 1-2匹@広場"",""中央の研究所の外にぐるっと1周たくさんいる""]

屋外にシンボル多数。1～2匹構成。
ver: 5.2","2026-03-14 06:57:59","2026-03-23 11:13:40"
932,498,151,185,"[""C4"",""C5"",""C6"",""D6"",""E6"",""F6"",""F5"",""F4"",""F3"",""E3"",""D3"",""C3""]",昼,1,普通,昼限定、屋外にシンボルです。1匹で高所に飛んでいて大変だぞ。,1,"[""[\"昼･1匹@広場\",\"昼のみ研究所の外で飛んでいます\"] \/ 昼･1匹@広場"",""昼のみ研究所の外で飛んでいます""]

昼限定、屋外にシンボル。1匹構成のうえ高所に飛んでいるので早めに図鑑登録できるくらいしかメリットがない。
ver: 5.2","2026-03-14 06:57:59","2026-03-23 11:38:54"
933,522,151,185,"[""D7"",""C3"",""B3"",""B2"",""C2"",""F2"",""F3"",""G3"",""H3"",""H2"",""G2"",""D8"",""C8"",""C7""]",いつでも,1〜2,普通,洞窟内にシンボルそこそこです。1〜2匹で出ます。,0,"[""[\"1-2匹@洞くつ\",\"周りの洞くつエリアにいます、D-7の空間は結構いる\"] \/ 1-2匹@洞くつ"",""周りの洞くつエリアにいます、D-7の空間は結構いる""]

洞窟内にシンボルそこそこ。1～2匹構成。
ver: 5.2","2026-03-14 06:57:59","2026-03-23 13:49:34"
934,558,151,185,"[""F2""]",いつでも,1,2,洞窟内にごく少なめ。1匹ずつ出ます。,0,"[""[\"1匹@洞くつ\",\"洞くつ内のF-2に2匹ほどいる\"] \/ 1匹@洞くつ"",""洞くつ内のF-2に2匹ほどいる""]

洞窟内にごく少数いる。1匹構成。
ver: 5.2","2026-03-14 06:57:59","2026-03-23 14:58:03"
935,615,151,185,"[""C4"",""C5"",""C6"",""D6"",""E6"",""F6"",""F5"",""F4"",""F3"",""E3"",""D3"",""C3""]",いつでも,1,2,屋外にごく少なめです。1匹で湧きも遅いです。,0,"[""[\"1匹@広場\",\"研究所の外に2匹ほどいる\"] \/ 1匹@広場"",""研究所の外に2匹ほどいる""]

屋外にごく少数。1匹構成で湧きも遅い。
ver: 5.2","2026-03-14 06:57:59","2026-03-23 16:55:05"
1034,202,150,212,"[""E2""]",いつでも,4〜5,多い,巣では4〜5匹で出ます。第1層E-2にいます。真と同じく巣の中にいます。,0,"[""4-5匹@巣"",""第1層E-2、B-6と第2層E-3と第3層C-8やEF-7にも少しいる""]

真と同じく巣の中にいる。出現数は4～5匹と多いが、枯れやすいのも同じ。
ver: 5.3","2026-03-14 06:58:52","2026-03-22 11:46:27"
1042,751,150,212,"[""E2""]",いつでも,4〜5,多い,巣では4〜5匹で出ます。第1層E-2にいます。真と同じく巣の中にいます。,0,"[""4-5匹@巣"",""第1層E-2、B-6と第2層E-3と第3層C-8やEF-7にも少しいる""]

真と同じく巣の中にいる。出現数は4～5匹と多いが、枯れやすいのも同じ。
ver: 5.3","2026-03-14 06:58:52","2026-03-22 11:46:27"
1058,383,148,216,"[""C3"",""C4"",""C5"",""C6"",""D3"",""D4"",""D5"",""D6"",""E3"",""E4"",""E5"",""E6"",""F3"",""F4"",""F5"",""F6""]",いつでも,1,多い,悪しき水の洞くつの全域と虚の産道の毒の沼地の中にいます。悪しき水の洞くつはシンボル数も多い。,1,"[""1匹"",""入ってすぐのマップ全域に出現、あと虚の産道にいくつかある毒の沼地の所で出現""] / 1匹

悪しき水の洞くつの全域と虚の産道の毒の沼地の中にいる。悪しき水の洞くつはシンボル数も多く、ここでは毒の沼地内で戦闘してもサポがキアリーを連発しないのでおすすめ。
ver: 3.1","2026-03-14 06:59:03","2026-03-23 07:32:55"
1059,366,148,217,"[""A7"",""B7"",""C7"",""D2"",""D3"",""C3""]",いつでも,1,多い,1匹で出ます。魔の断崖から虚の産道にかけて大量にでます。,0,"[""1匹"",""虚の産道の北西の通路と魔の断崖にたくさんいる""] / 1匹

魔の断崖から虚の産道にかけて大量に出現する。ダークプラネット狩りで減ったMPの補充に使える。
ver: 3.1","2026-03-14 06:59:03","2026-03-23 06:46:06"
1060,415,148,217,"[""C4""]",いつでも,1,4,虚の産道西部に4シンボルです。まとまっていますしてはいるが遠いです。,0,"[""1匹"",""虚の産道C-4に固まっている""] / 1匹

虚の産道西部に4シンボル。密集してはいるが遠い。また、リンクさせることはできない。ここでの戦闘は逃げることができないため、痛恨で事故らないように対策が必要。
ver: 3.1","2026-03-14 06:59:03","2026-03-23 09:04:07"
1061,465,148,217,"[""F6"",""F5"",""F4"",""F3""]",いつでも,1,普通,虚の産道に入ったところにいます。,1,"[""1匹"",""虚の産道に入ってすぐの東側エリアに広く出現する""] / 1匹

虚の産道に入ったところにいる。同じところでずっと狩っていると湧かなくなるので注意。
ver: 3.1","2026-03-14 06:59:03","2026-03-23 10:54:01"
1062,466,148,217,"[""F3"",""F4"",""F5"",""F6""]",いつでも,1,普通,虚の産道に入ったところにいます。,0,"[""1匹"",""虚の産道に入ってすぐの東側エリアに広く出現する""] / 1匹

虚の産道に入ったところにいる。同じところでずっと狩っていると湧かなくなるので注意。
ver: 3.1","2026-03-14 06:59:03","2026-03-23 10:54:39"
1063,643,148,217,"[""E4"",""D4""]",いつでも,1,多い,1匹で出ます。,0,"[""1匹"",""虚の産道の中央DE-4にたくさんいる""] / 1匹","2026-03-14 06:59:03","2026-03-23 17:27:07"
1064,480,148,218,"[""C3"",""D3"",""C4"",""D4"",""C5"",""D5"",""C6"",""D6"",""E5"",""F5"",""E6"",""F6"",""E3"",""F3"",""E4"",""F4""]",いつでも,1,普通,1匹で出ます。,0,"[""1匹"",""魔の断崖にいる""] / 1匹","2026-03-14 06:59:03","2026-03-23 11:09:28"
1065,152,153,219,"[""A1"",""A2"",""A3"",""A4"",""A5"",""A6"",""A7"",""A8"",""B1"",""B2"",""B3"",""B4"",""B5"",""B6"",""B7"",""B8"",""C1"",""C2"",""C3"",""C4"",""C5"",""C6"",""C7"",""C8"",""D1"",""D2"",""D3"",""D4"",""D5"",""D6"",""D7"",""D8"",""E1"",""E2"",""E3"",""E4"",""E5"",""E6"",""E7"",""E8"",""F1"",""F2"",""F3"",""F4"",""F5"",""F6"",""F7"",""F8"",""G1"",""G2"",""G3"",""G4"",""G5"",""G6"",""G7"",""G8"",""H1"",""H2"",""H3"",""H4"",""H5"",""H6"",""H7"",""H8""]",いつでも,4,多い,全体的に分布しており、最大4匹。,0,"[""マップほぼ全域にだいたいいる""]

全体的に分布しており、最大4匹出現する。タコメットと一緒にレベル上げに使われている。
ver: 2.2","2026-03-14 06:59:07","2026-03-22 09:56:07"
1066,153,153,219,"[""F2"",""B3"",""C3"",""D3""]",いつでも,4,普通,海岸地域に広くいます。最大4匹出るです。,1,"[""ココラタの浜辺を出たすぐの海沿いとEF-2あたりもいる""]

海岸地域に分布。最大4匹出現する。真レンダーシアに行けるならこちらで。こんぶ大将がやや邪魔か。
ver: 2.2","2026-03-14 06:59:07","2026-03-22 10:02:50"
1067,201,153,219,"[""A3"",""A4"",""A5"",""A6"",""A7"",""A8"",""B3"",""B4"",""B5"",""B6"",""B7"",""B8"",""C3"",""C4"",""C5"",""C6"",""C7"",""C8"",""D2"",""E2"",""F2"",""G2"",""G3"",""F3"",""D3"",""E3""]",いつでも,1〜2,多い,平原部分全体にいますが、中央〜三門近辺はまばらで、南西の温泉峡寄りにまとまって出ます。1度に最大3匹まで出るが、大半はマリンスライムとの混成で、ビッグスロース自体は1〜2匹のことが多いです。,0,"[""難破船がある所の広いエリアとモンセロ温泉郷方面の南西エリアに広く出現""]

No.335(Ver2.2ストーリー)クエ対象。 平原部分全体にいるが、中央～三門近辺はまばらで、南西の温泉峡寄りに密集。1度に最大3匹まで出現するが、大半はマリンスライムとの混成で、ビッグスロース自体は1～2匹のことが多い。それでもヴァース大山林よりは数を稼ぎやすいか。
ver: 6.3","2026-03-14 06:59:07","2026-03-22 11:40:49"
1068,281,153,219,"[""B4""]",いつでも,1,少ない,マップをつなぐ洞窟部分の水場にいます。,0,"[""B-4湯D－5のトンネル内と南西エリアの水がある所にいる"",""[\"1匹\",\"B-4湯D－5のトンネル内と南西エリアの水がある所にいる\"] \/ 1匹""]

No.336(Ver2.2ストーリー)クエ対象。 マップをつなぐ洞窟部分の水場にいる。シンボル数は少なめ。
ver: 2.1","2026-03-14 06:59:07","2026-03-22 15:10:17"
1069,360,153,219,"[""F2"",""B3"",""C3"",""D3"",""E2"",""D2""]",いつでも,1〜2,少ない,1-2匹で出ます。海岸部分に出ます。,0,"[""[\"1-2匹\",\"ココラタの浜辺を出たすぐの海沿いとEF-2あたりもいる\"] \/ 1-2匹"",""ココラタの浜辺を出たすぐの海沿いとEF-2あたりもいる""]

No.328クエ対象。 海岸部分に出現。ただし、やはりシンボル少なめ。1～2匹構成。
ver: 2.1後","2026-03-14 06:59:07","2026-03-23 06:34:58"
1071,426,153,219,"[""C6"",""F4"",""E4""]",いつでも,1,少ない,数は少なめで船の中にいます。1匹で出ます。,0,"[""EF-4の難破船とC-6の朽ちた船の中にいる、数は少ない"",""[\"1匹\",\"EF-4の難破船とC-6の朽ちた船の中にいる、数は少ない\"] \/ 1匹""]

大きめの難破船内部に出現する。ドルマージュが2匹までくっついてくることも。ただしシンボル数は少ない。
ver: 2.1","2026-03-14 06:59:07","2026-03-23 09:30:40"
1072,775,153,219,"[""F2"",""B3"",""C3"",""D3"",""E2"",""D2""]",いつでも,1〜2,少ない,1-2匹で出ます。海岸部分に出ます。,0,"[""[\"1-2匹\",\"ココラタの浜辺を出たすぐの海沿いとEF-2あたりもいる\"] \/ 1-2匹"",""ココラタの浜辺を出たすぐの海沿いとEF-2あたりもいる""]

No.328クエ対象。 海岸部分に出現。ただし、やはりシンボル少なめ。1～2匹構成。
ver: 2.1後","2026-03-14 06:59:07","2026-03-23 06:34:58"
1073,263,154,221,"[""D6"",""D7"",""E6"",""E7""]",いつでも,2〜3,多い,オススメです。,1,"[""[\"2-3匹\",\"南の川から南側にたくさんいます\"] \/ 2-3匹"",""南の川から南側にたくさんいます""]

南の川の南方にかなりの数のシンボル。2～3匹出現でオススメ。サイクロプスやヘルジュラシックに絡まれるのには注意。
ver: 2.3","2026-03-14 06:59:16","2026-03-22 14:24:05"
1074,315,154,221,"[""D5"",""E5"",""E4"",""D4"",""D2"",""D3"",""E3"",""E2""]",いつでも,1〜3,普通,"マップ各地に存在する小さな水場の周りに大体3,4シンボルほどいます。マップ中央付近の水場では2〜3匹。",0,"[""[\"1-3匹\",\"いろんなところにある温泉に数匹ずついる\"] \/ 1-3匹"",""いろんなところにある温泉に数匹ずついる""]

マップ各地に存在する小さな水場の周りに大体3,4シンボルほど生息。マップ中央付近の水場では2～3匹構成になる。行くのが面倒なエリアだがその分BOT業者の心配がない。試練の門を突破できる(できた)ならばこちらがおすすめ。2.3から試練の門の仕様変更や飛竜の入手でアクセスしやすくなった。
ver: 2.3","2026-03-14 06:59:16","2026-07-29 10:29:27"
1075,319,154,221,"[""C4"",""D4"",""E4"",""F4"",""C5"",""D5"",""E5"",""F5""]",いつでも,1〜2,多い,2本の川にはさまれた地域に点在です。1〜2匹で出ます。,0,"[""[\"1-2匹\",\"中央エリア(2本の川と川の間の所)にたくさん出現する\"] \/ 1-2匹"",""中央エリア(2本の川と川の間の所)にたくさん出現する""]

2本の川にはさまれた地域に点在。1～2匹構成。
ver: 2.2","2026-03-14 06:59:16","2026-03-22 17:53:53"
1076,340,154,221,"[""D4"",""D5""]",いつでも,2,少ない,中部と南部のほうに数シンボルです。見つけやすく湧き範囲も狭いのでもっともおすすめです。D-4に2匹にいます。D-5では1匹で出ます。,1,"[""D-4に2匹、D-5に1匹いる"",""[\"1匹\",\"D-4に2匹、D-5に1匹いる\"] \/ 1匹""]

中部と南部のほうに数シンボル。見つけやすく湧き範囲も狭いのでもっともおすすめ。
ver: 3.0","2026-03-14 06:59:16","2026-03-26 14:31:06"
1077,387,154,221,"[""C1"",""C2"",""C3"",""D1"",""D2"",""D3"",""E1"",""E2"",""E3"",""F1"",""F2"",""F3""]",いつでも,1〜3,多い,南の川より北にわらわらといますしています。イエロと合わせて2〜3匹で出ます。高台の上などは1〜2匹で出ます。,1,"[""[\"1-3匹\",\"マップ北のエリアに広範囲でたくさんいる、1本目の川までいる\"] \/ 1-3匹"",""マップ北のエリアに広範囲でたくさんいる、1本目の川までいる""]

南の川より北にわらわらと生息している。イエロと合わせて2～3匹構成。高台の上などは1～2匹構成。特訓稼ぎの際にはギガントドラゴンが付近にいることも多く少々邪魔なので注意。
ver: 3.1","2026-03-14 06:59:16","2026-03-23 07:37:16"
1078,391,154,221,"[""D4"",""D5"",""E4"",""E5""]",いつでも,1〜3,多い,1-3匹で出ます。中央エリアの2本の川と川の間の所にたくさん出現するにいます。,0,"[""[\"1-3匹\",\"中央エリア(2本の川と川の間の所)にたくさん出現する\"] \/ 1-3匹"",""中央エリア(2本の川と川の間の所)にたくさん出現する""]

2本の川の間のエリア全体で湧きを共有している。1～3匹構成でシュプリンガーが1～2匹混成する。ルーラポイントから微妙に遠いが、飛竜で来ると楽。
ver: 2.2","2026-03-14 06:59:16","2026-03-23 07:42:58"
1079,394,154,221,"[""C3"",""D3"",""C4"",""D4"",""E3"",""F3"",""E4"",""F4"",""C1"",""D1"",""C2"",""D2"",""E1"",""F1"",""E2"",""F2""]",いつでも,1〜3,多い,"南の川より北にわらわらといますしています。グリンと合わせて2,3匹で出ます。",0,"[""[\"1-3匹\",\"マップ北のエリアに広範囲でたくさんいる、1本目の川までいる\"] \/ 1-3匹"",""マップ北のエリアに広範囲でたくさんいる、1本目の川までいる""]

南の川より北にわらわらと生息している。グリンと合わせて2,3匹構成。高台の上などは1～2匹構成。
ver: 2.2","2026-03-14 06:59:16","2026-03-23 07:45:15"
1080,402,154,221,"[""C6"",""C7"",""D6"",""D7"",""E6"",""E7"",""F6"",""F7""]",いつでも,1,多い,南部で点々といますにうろうろしています。1匹で出ます。,0,"[""[\"1匹\",\"南の川から南側にたくさんいます\"] \/ 1匹"",""南の川から南側にたくさんいます""]

南部でまばらにうろうろしている。
ver: 2.2","2026-03-14 06:59:16","2026-03-23 08:17:33"
1081,474,154,221,"[""D1"",""D2"",""E2"",""F2"",""F1"",""E1""]",いつでも,1,普通,入ってすぐの低地のところにシンボルです。おすすめ。,1,"[""[\"1匹\",\"マップ北のエリア(1本目の川まで)の低地で出現します\"] \/ 1匹"",""マップ北のエリア(1本目の川まで)の低地で出現します""]

入ってすぐのところにシンボル。教会から近く数も悪くないのでおすすめ。普段はバングル狩りの邪魔という印象のほうが強いかも。
ver: 3.0","2026-03-14 06:59:16","2026-03-26 14:09:55"
1082,768,154,221,"[""C4"",""D4"",""E4"",""F4"",""C5"",""D5"",""E5"",""F5""]",いつでも,1〜2,多い,2本の川にはさまれた地域に点在です。1〜2匹で出ます。,0,"[""[\"1-2匹\",\"中央エリア(2本の川と川の間の所)にたくさん出現する\"] \/ 1-2匹"",""中央エリア(2本の川と川の間の所)にたくさん出現する""]

2本の川にはさまれた地域に点在。1～2匹構成。
ver: 2.2","2026-03-14 06:59:16","2026-03-22 17:53:53"
1083,256,155,224,"[""B5"",""B6"",""A5"",""A6""]",いつでも,1〜2,多い,1-2匹で出ます。,0,"[""AB-5あたりの水際とB-6東の狭い所に固まっている"",""[\"1-2匹\",\"AB-5あたりの水際とB-6東の狭い所に固まっている\"] \/ 1-2匹""]

偽りのワルド水源でのキラークラブの分布に近い。
ver: 2.1","2026-03-14 06:59:23","2026-03-22 13:25:08"
1084,354,155,224,"[""B2"",""D5"",""D6""]",いつでも,1〜2,多い,広範囲に広くいます。最大2匹だが、三門の関所付近、偽のワルド水源のどろにんぎょうがいた辺りでは混成無しでおすすめです。メルサンディ穀倉帯付近とD-5付近の陸地ではバザックスも混ざります。,1,"[""[\"1-2匹\",\"三門の関所を出たすぐの所B-2にたくさんいる、あとはD-5・6や西のエリアの陸地にはだいたいいる\"] \/ 1-2匹"",""三門の関所を出たすぐの所B-2にたくさんいる、あとはD-5・6や西のエリアの陸地にはだいたいいる""]

広範囲に分布。最大2匹構成だが、三門の関所付近、偽のワルド水源のどろにんぎょうがいた辺りでは混成無しでおすすめ。メルサンディ穀倉帯付近とD5付近の陸地ではバザックスが混成する。
ver: 2.1","2026-03-14 06:59:23","2026-03-23 06:27:52"
1085,368,155,224,"[""B2"",""D5""]",いつでも,1,少ない,1匹で出ます。三門の関所を出たすぐの所B-2あたりとD-5にいます。,0,"[""[\"1匹\",\"三門の関所を出たすぐの所B-2あたりとD-5・6にいる、数は少ない\"] \/ 1匹"",""三門の関所を出たすぐの所B-2あたりとD-5・6にいる、数は少ない""]

B-2、D-5など。まいまいテイルがお供に付く事がある。湧きポイントを行き来するのが非常に面倒なため非推奨。
ver: 2.1","2026-03-14 06:59:23","2026-03-26 14:31:31"
1086,379,155,224,"[""A7"",""D5"",""G5""]",いつでも,1〜3,多い,湖上の休息所以南の色々なところにいますが、東側に特に多い2〜3匹で出ます。,0,"[""[\"1-3匹\",\"マップの東エリアG-5と中央のD-5・6や西のエリアではA-7などに少しずついる\"] \/ 1-3匹"",""マップの東エリアG-5と中央のD-5・6や西のエリアではA-7などに少しずついる""]

湖上の休息所以南の色々なところにいるが、東側に特に多い2～3匹構成。ヒッポキングはLv90でも絡んでくるので注意。
ver: 2.1","2026-03-14 06:59:23","2026-03-23 07:22:15"
1087,381,155,224,"[""C3""]",いつでも,1,普通,特になし。,0,"[""[\"1匹\",\"湖上の休息所の東のエリアC－3あたりに数匹いる\"] \/ 1匹"",""湖上の休息所の東のエリアC－3あたりに数匹いる""]

湖上の休息所北東のバザックス地帯に1,2シンボル。バザックスに絡まれながらココで倒すくらいなら他に行くべき。
ver: 3.1","2026-03-14 06:59:23","2026-03-26 14:34:38"
1088,417,155,224,"[""G5""]",いつでも,1,普通,1匹で出ます。橋の上にも広くいます。,0,"[""[\"1匹\",\"マップの東エリアG-5あたりに広くいる、あと全体に渡してある木の橋の上にちょいちょいいる\"] \/ 1匹"",""マップの東エリアG-5あたりに広くいる、あと全体に渡してある木の橋の上にちょいちょいいる""]

橋の上に分布。
ver: 2.1","2026-03-14 06:59:23","2026-03-23 09:07:09"
1089,422,155,224,"[""E5"",""G5"",""E6""]",いつでも,1,多い,E-5にいます。G5にもすこし。,0,"[""E-5・6の狭いエリアに固まっている、G-5にも少しいる"",""[\"1匹\",\"E-5・6の狭いエリアに固まっている、G-5にも少しいる\"] \/ 1匹""]

東側のエリアに出現する。小島にはこいつのみが密集しているが、ホネ狙いの盗賊だらけで狩りにならない。ヒッポキングがいるエリアは空いているがかなりまばら。
ver: 2.2","2026-03-14 06:59:23","2026-03-23 09:15:34"
1090,464,155,224,"[""C3""]",いつでも,2〜3,多い,湖上の休憩所東の強敵エリアにいます。,0,"[""[\"2-3匹\",\"湖上の休息所の東のエリアC－3あたりにたくさんいる\"] \/ 2-3匹"",""湖上の休息所の東のエリアC－3あたりにたくさんいる""]

湖上の休憩所東の強敵エリアに生息。3匹構成がある上に宿が近いためすさまじく混んでいる。
ver: 2.2","2026-03-14 06:59:23","2026-03-23 10:53:15"
1091,509,155,224,"[""G5"",""G6"",""H6"",""H5"",""H4"",""G4""]",いつでも,1,多い,1匹で出ます。,0,"[""[\"1匹\",\"マップの東エリアG-5を中心に広範囲でたくさんいる\"] \/ 1匹"",""マップの東エリアG-5を中心に広範囲でたくさんいる""]

真のデフェル荒野へ向かう付近にシンボル。ダークパンサーが2匹もくっついてくるので、かなり危険。
ver: 2.1","2026-03-14 06:59:23","2026-03-23 13:04:02"
1092,268,157,225,"[""D4"",""D5"",""E4"",""E5"",""D6"",""D7"",""E7"",""F7"",""F6"",""E6"",""D8"",""E8"",""F8""]",いつでも,1〜3,少ない,ミニデーモンが一緒に出ます。橋より南側のシンボルならば混成しないです。,0,"[""[\"混1-3匹@中央1-3匹@南側\",\"メルサンディ村から南のエリアに広範囲でいる、数は少なめ\"] \/ 混1-3匹@中央1-3匹@南側"",""メルサンディ村から南のエリアに広範囲でいる、数は少なめ""]

シンボル数はそこそこだし一度に3匹まで出現するが生息域が広いため、あまり密度は高くない上にミニデーモンがくっつくのでいまいちおすすめできない。橋より南側のシンボルならば混成しない。
ver: 3.1","2026-03-14 06:59:26","2026-03-22 14:39:36"
1093,283,157,225,"[""C2"",""B2"",""B1"",""C1""]",いつでも,1〜3,普通,真のメルン水車郷前に広くいます。1〜3匹で出て、まいまいテイルも混ざります。,0,"[""[\"混1-3匹@北側\",\"いちばん北のエリアのメルン水車郷近くにいます\"] \/ 混1-3匹@北側"",""いちばん北のエリアのメルン水車郷近くにいます""]

真のメルン水車郷前に分布。1～3匹構成で、湧き範囲内のまいまいテイルと互いに混成する。
ver: 2.1","2026-03-14 06:59:26","2026-03-22 15:15:02"
1094,314,157,225,"[""D7"",""E7"",""C7"",""C8"",""D8"",""F7"",""E8"",""F8""]",いつでも,1〜3,少ない,南側では1〜3匹で出ます。マップが大きく数は少なめです。混成無ない。,0,"[""[\"1-3匹@南側\",\"メルサンディ村から南のエリアに広範囲でいる、数は少ない\"] \/ 1-3匹@南側"",""メルサンディ村から南のエリアに広範囲でいる、数は少ない""]

混成無しの1～3匹編成だが数は多くないし範囲が広くて見つけ難い。
ver: 2.1","2026-03-14 06:59:26","2026-03-22 17:39:55"
1095,348,157,225,"[""D4"",""D5"",""E4"",""E5""]",いつでも,1〜2,少ない,地域限定。小麦畑に広くいます。シンボルは点々といます。,1,"[""[\"1-2匹@中央1-3匹@南側\",\"メルサンディ村から南のエリアに広範囲でいる\"] \/ 1-2匹@中央1-3匹@南側"",""メルサンディ村から南のエリアに広範囲でいる""]

地域限定・No.310(童話の村で：真のメルサンディ1話)クエ対象。 小麦畑に分布。シンボルはまばら。その上小麦に隠れたり、保護色で農道に隠れていたりして見つけづらい。メルサンディ村周辺では最大2匹、南の橋を渡った先では最大3匹、混成無しで出現する。 開幕数ターンの内に高確率でかがやくいきを放ってくるが、怒るとふしぎなおどりが多くなる。開幕の位置取りに注意。
ver: 2.1","2026-03-14 06:59:27","2026-03-22 18:59:41"
1096,354,157,225,"[""B1"",""B2"",""B3"",""C1"",""C2"",""C3"",""B4"",""C4""]",いつでも,1〜2,普通,こもれびでは1〜2匹で出ます。北側では1〜3匹で出ます。ほかの敵も混ざります。,0,"[""[\"1-2匹@こもれび混1-3匹@北側\",\"マップ北西のこもれびの広場から北側にずっといます\"] \/ 1-2匹@こもれび混1-3匹@北側"",""マップ北西のこもれびの広場から北側にずっといます""]

No.280(真メルサンディ便せん)クエ対象 メルン水車郷付近の斜面では1～3匹構成でオークキングと混成し、斜面南の川からこもれびの広場にかけては1～2匹構成で混成無し。
ver: 2.1","2026-03-14 06:59:27","2026-03-23 06:27:52"
1097,772,157,225,"[""D7"",""E7"",""C7"",""C8"",""D8"",""F7"",""E8"",""F8""]",いつでも,1〜3,少ない,南側では1〜3匹で出ます。マップが大きく数は少なめです。混成無ない。,0,"[""[\"1-3匹@南側\",\"メルサンディ村から南のエリアに広範囲でいる、数は少ない\"] \/ 1-3匹@南側"",""メルサンディ村から南のエリアに広範囲でいる、数は少ない""]

混成無しの1～3匹編成だが数は多くないし範囲が広くて見つけ難い。
ver: 2.1","2026-03-14 06:59:27","2026-03-22 17:39:55"
1098,257,156,227,"[""D2"",""D3"",""E2"",""E3""]",いつでも,1〜2,普通,北側低地では1〜2匹で出ます。,0,"[""[\"1-2匹@北側低地\",\"北側のエリアでD-2やE-3などの低地の通路に沿っている\"] \/ 1-2匹@北側低地"",""北側のエリアでD-2やE-3などの低地の通路に沿っている""]

出現場所、構成が偽と大体同じ。
ver: 2.1","2026-03-14 06:59:32","2026-03-22 13:27:06"
1099,305,156,227,"[""C3"",""C4"",""D3"",""D4"",""E3"",""E4"",""C2"",""D2"",""E2""]",いつでも,1〜3,普通,強敵エリアを除くエリアに広くいます。地域限定のエビルソーサラーやエビルトレントのお供として2匹まで一緒に出ます。,1,"[""[\"1-3匹@北側＆中央\",\"マップの北から中央の黄葉商店周辺までずっといる\"] \/ 1-3匹@北側＆中央"",""マップの北から中央の黄葉商店周辺までずっといる""]

強敵エリアを除くエリアに分布。地域限定のエビルソーサラーやエビルトレントのお供として2匹までくっつくので、そちらを優先してこちらは無視してもいい。
ver: 2.1","2026-03-14 06:59:32","2026-03-22 17:22:28"
1100,396,156,227,"[""D5"",""D6""]",いつでも,1,多い,D-5-D-6では1匹で出ます。お供つきです。,1,"[""[\"1匹+供@D5-D6\",\"黄葉商店の周辺の中央エリアにたくさんいる\"] \/ 1匹+供@D5-D6"",""黄葉商店の周辺の中央エリアにたくさんいる""]

黄葉商店からトンネルまでの区画にいる。1匹湧きな上にパペットマンが2匹までくっつくのでなかなか討伐数が伸びない。パペットマンのシンボルにもくっついてくる。
ver: 2.4","2026-03-14 06:59:32","2026-03-23 07:48:29"
1101,434,156,227,"[""D2"",""D3"",""E2"",""E3""]",いつでも,1,普通,1匹湧きでパペットマンが2体まで一緒に出ます。,0,"[""[\"1匹+供@北側高台\",\"マップの北側のエリアD-1からE-3くらいまでいる\"] \/ 1匹+供@北側高台"",""マップの北側のエリアD-1からE-3くらいまでいる""]

黄葉商店北のトンネルより北側に生息。1匹湧きでパペットマンが2体までくっつく。
ver: 3.5","2026-03-14 06:59:32","2026-03-23 09:45:28"
1102,437,156,227,"[""D4"",""D5""]",いつでも,1,少ない,基本的に偽と同じです。D-4〜5あたりにいますが数は少なめです。洞くつでは1匹で出ます。,0,"[""D-4・5あたりにいるが数は少ない"",""[\"1匹@洞くつ\",\"D-4・5あたりにいるが数は少ない\"] \/ 1匹@洞くつ""]

基本的に偽と同じ。
ver: 2.1","2026-03-14 06:59:32","2026-03-23 09:53:39"
1103,473,156,227,"[""E7"",""F7""]",いつでも,1,普通,1匹で出て、数匹うろついてます。,0,"[""[\"1匹@南側\",\"南側のエリアEF-7あたりに数匹いる\"] \/ 1匹@南側"",""南側のエリアEF-7あたりに数匹いる""]

数が少なく周囲にトリカトラプスやブルサベージがいるが、宿からは近い。
ver: 3.0","2026-03-14 06:59:32","2026-03-23 11:01:58"
1104,517,156,227,"[""D6"",""D7"",""E6"",""E7"",""F7""]",いつでも,1〜3,多い,南側では1〜3匹で出ます。,0,"[""[\"1-3匹@南側\",\"南側のエリアEF-7あたりにたくさんいる\"] \/ 1-3匹@南側"",""南側のエリアEF-7あたりにたくさんいる""]

1匹～3匹まで出る上に、ブルサベージが混じることもある。しかし、飛竜に乗れれば拠点にルーラで飛んで5秒でいけるのは強み。
ver: 2.1","2026-03-14 06:59:32","2026-03-23 13:40:42"
1105,521,156,227,"[""E6"",""E7""]",いつでも,1〜2,多い,南側では1〜2匹で出ます。,1,"[""[\"1-2匹@南側\",\"南側のエリアEF-7あたりにたくさんいる\"] \/ 1-2匹@南側"",""南側のエリアEF-7あたりにたくさんいる""]

強敵エリアにそこそこ出現。トリカトラプスにくっついてきたりする。飛竜に乗ればすぐ。
ver: 3.0","2026-03-14 06:59:32","2026-03-23 13:48:37"
1106,200,159,228,"[""C5"",""C6"",""D5"",""D6"",""E3"",""E4"",""E5"",""E6"",""F3"",""F4"",""F5"",""F6"",""G3"",""G4"",""G5"",""G6"",""H3"",""H4"",""H5"",""H6"",""C3"",""D3"",""C4"",""D4""]",いつでも,2,多い,低地で細くなっている通路に出現する感じです。シャドーが2匹でる。,0,"[""低地で細くなっている通路に出現する感じです、ほぼ全域""]

窪地にいるがシンボルは多くない。シャドーが2匹くっつくのを確認。この地方のシンボルは移動する。
ver: 2.1","2026-03-14 06:59:36","2026-03-22 11:38:52"
1107,267,159,228,"[""A1"",""A2"",""A3"",""A4"",""A5"",""A6"",""A7"",""A8"",""B1"",""B2"",""B3"",""B4"",""B5"",""B6"",""B7"",""B8"",""C3"",""C4"",""C5"",""C6"",""C7"",""C8"",""D3"",""D4"",""D5"",""D6"",""D7"",""D8"",""E3"",""E4"",""E5"",""E6"",""E7"",""E8"",""F3"",""F4"",""F5"",""F6"",""F7"",""F8"",""G1"",""G2"",""G3"",""G4"",""G5"",""G6"",""G7"",""G8"",""H1"",""H2"",""H3"",""H4"",""H5"",""H6"",""H7"",""H8""]",いつでも,1〜2,多い,昼夜問わないのでおすすめです。夜宴館南の広い所と窪地以外に湧きます。,1,"[""[\"1-2匹\",\"ほぼ全域にたくさんいます、北の方はいない\"] \/ 1-2匹"",""ほぼ全域にたくさんいます、北の方はいない""]

昼夜問わないのでおすすめ。夜宴館南の広い所と窪地以外に湧く。最大2匹構成。マップをくまなく巡ればそこそこ倒せる。
ver: 3.0","2026-03-14 06:59:36","2026-03-22 14:30:14"
1108,341,159,228,"[""D6"",""D7"",""E6"",""E7"",""F7"",""F6"",""G6"",""H6"",""H7"",""G7"",""C7"",""C6"",""C5"",""D5"",""E5"",""F5"",""G5"",""H5""]",いつでも,1〜3,多い,1〜3匹で出て、通路部位ではドッグラマッコイも混ざります。ウィッチネイルに2匹一緒に出ます。,0,"[""[\"1-3匹@南側\",\"ほぼ全域にたくさんいます、北の方はいない\"] \/ 1-3匹@南側"",""ほぼ全域にたくさんいます、北の方はいない""]

マップ全域に湧く。シンボルは密集してはいないが結構多い。1～3匹構成で、通路部位ではドッグラマッコイが混成する。ウィッチネイルに2匹くっつく。
ver: 2.1","2026-03-14 06:59:36","2026-03-22 18:48:22"
1109,365,159,228,"[""D3"",""E3""]",いつでも,1〜3,多い,夜宴館南の広い所にいます。1〜3匹で出て、めいふのばんにんも混ざります。,0,"[""[\"1-3匹@北側\",\"マップ北側のD-2・3あたりにいっぱいいる\"] \/ 1-3匹@北側"",""マップ北側のD-2・3あたりにいっぱいいる""]

夜宴館南の広い所にいる。1～3匹構成でめいふのばんにんと互いに混成する。
ver: 2.1","2026-03-14 06:59:36","2026-03-23 06:44:36"
1110,386,159,228,"[""C5""]",いつでも,1〜2,1,C-5では1〜2匹で出て、1シンボルです。再湧きに3〜4分程度かかります。,0,"[""C-5の墓場に数匹いる"",""[\"1-2匹@C5\",\"C-5の墓場に数匹いる\"] \/ 1-2匹@C5""]

C-5に1シンボル。再湧きに3～4分程度かかる。マミーが2匹くっついてくるので、ここで狩る場合は余所でマミーの狩りをする必要はないだろう。たまになぜかF-8北西の角にマミー共々湧いていることがある。
ver: 2.2","2026-03-14 06:59:36","2026-03-23 07:36:00"
1111,406,159,228,"[""D2"",""D3"",""E2"",""E3"",""E5"",""E7""]",夜,1〜3,多い,夜宴館前は1〜3匹で出て、メッサーラも混ざります。並木付近はシャドーが2匹までついてくることがあります。,1,"[""[\"1-3匹@北側\",\"マップ北側のD-2・3にたくさんと、E-5やE-7あたりに少しいる\"] \/ 1-3匹@北側"",""マップ北側のD-2・3にたくさんと、E-5やE-7あたりに少しいる""]

夜宴館前と並木になっている所にいる。特に夜宴館前が多い。夜宴館前は1～3匹構成でメッサーラと互いに混成する。並木付近はシャドーが2匹までくっついてくる。
ver: 2.1","2026-03-14 06:59:36","2026-03-23 08:52:10"
1112,445,159,228,"[""C5""]",いつでも,2〜3,多い,おすすめです。C-5にたくさんいます。デスプリーストに2匹一緒に出ます。,1,"[""C-5の墓場にたくさんいる"",""[\"2-3匹@C5\",\"C-5の墓場にたくさんいる\"] \/ 2-3匹@C5""]

おすすめ。C-5に多数のシンボル。2～3匹構成。デスプリーストに2匹くっつく。
ver: 2.1","2026-03-14 06:59:36","2026-03-23 10:11:25"
1113,293,160,230,"[""F4""]",いつでも,1,少ない,東の橋のたもとにごく少なめですいます。F4の高所に固まっています。,0,"[""F-4の高所に固まっています"",""[\"1匹\",\"F-4の高所に固まっています\"] \/ 1匹""]

東の橋のたもとにごく少数いる。
ver: 2.1","2026-03-14 06:59:41","2026-03-22 15:56:52"
1114,303,160,230,"[""C2"",""F2"",""D2"",""E2""]",いつでも,1,少ない,1匹でコサックシープが一緒に出ます。,0,"[""[\"1匹\",\"北西のBC-2と南東エリアやF-2などで出現、いずれも数は少なめ\"] \/ 1匹"",""北西のBC-2と南東エリアやF-2などで出現、いずれも数は少なめ""]

ベリルのほら穴周辺から真のリャナ荒涼地帯にかけてまばらに存在（ただし強敵地帯、洞くつ部分を除く）。1匹構成でコサックシープがくっつく。
ver: 2.1","2026-03-14 06:59:41","2026-03-22 17:17:48"
1115,333,160,230,"[""F4""]",いつでも,1,普通,ベヒードスのいる石橋の下あたりに1シンボルです。だいたい5分ほどで湧く。,0,"[""F-4の橋の下に1匹いる"",""[\"1匹\",\"F-4の橋の下に1匹いる\"] \/ 1匹""]

ベヒードスのいる石橋の下あたりに1シンボル。だいたい5分ほどでリポップ。
ver: 2.1","2026-03-14 06:59:41","2026-03-22 18:34:25"
1116,363,160,230,"[""C2"",""G3"",""B2""]",いつでも,1〜2,多い,セレドの町を出たすぐの広い所でたくさん出現です。BC-2やG-3にいます。,0,"[""[\"1-2匹強AREA･2-3匹\",\"セレドの町を出たすぐの広い所でたくさん出現、あとBC-2やG-3・4などでいっぱいいる\"] \/ 1-2匹強AREA･2-3匹"",""セレドの町を出たすぐの広い所でたくさん出現、あとBC-2やG-3・4などでいっぱいいる""]

No.315(真セレド1話)クエ対象。 山道全体に広く分布する。北西部、東部の強敵地帯では2～3匹構成、南部、西部では最大2匹構成。西部とセレドの町南東のごく狭い範囲ではコサックシープが混成するが非常に稀。
ver: 2.2","2026-03-14 06:59:41","2026-03-23 06:41:07"
1117,382,160,230,"[""E6"",""F7"",""E7"",""F6"",""D7"",""C7"",""C6"",""B6"",""B5"",""C5"",""D5"",""D6"",""B7"",""F5"",""E5"",""G4"",""F4"",""E4"",""D4"",""C4"",""B4"",""B3"",""B2"",""C2"",""D2"",""E2"",""F2"",""G2"",""G3"",""F3"",""E3"",""D3"",""C3"",""G5"",""G6"",""G7""]",いつでも,1〜3,多い,広範囲で出現するが、南東がおおい。最大3匹でテラノライナーが1匹混成することがあります。西部ではヒイラギどうじに混成するが稀です。,1,"[""[\"1-3匹\",\"マップ内の広範囲で出現するが南東エリア(E-6、F-7など)にたくさんいる感じです\"] \/ 1-3匹"",""マップ内の広範囲で出現するが南東エリア(E-6、F-7など)にたくさんいる感じです""]

No.317(真セレド3話)クエ対象。 ベリルの洞くつ周辺から真のリャナ荒涼地帯にかけてかなりの数（ただし強敵地帯、洞くつ部分を除く）。最大3匹構成でテラノライナーが1匹混成することがある。西部ではヒイラギどうじに混成するが稀。
ver: 2.1","2026-03-14 06:59:41","2026-03-23 07:28:48"
1118,395,160,230,"[""B3"",""D6"",""C6""]",いつでも,1,多い,セレドの町南部からリンジャハル海岸方面にかけての西側にそこそこの数です。,1,"[""[\"1匹\",\"セレドの町を出たすぐの広い所でたくさん出現、あとB-3・4あたりもいる\"] \/ 1匹"",""セレドの町を出たすぐの広い所でたくさん出現、あとB-3・4あたりもいる""]

セレドの町南部からリンジャハル海岸方面にかけての西側にそこそこの数。真レンダーシアに行けるなら、かなりおすすめ。
ver: 2.1","2026-03-14 06:59:41","2026-03-23 07:47:06"
1119,398,160,230,"[""B3"",""E2""]",いつでも,1〜2,普通,1匹E-2･1-2匹にいます。E-2の滝付近のシンボルのみ最大2匹でその他では1匹で出ます。1か所で狩っていると枯れやすいです。,0,"[""[\"1匹E2･1-2匹\",\"トンネル内で出現します、B-3やE-2など\"] \/ 1匹E2･1-2匹"",""トンネル内で出現します、B-3やE-2など""]

西と北の洞窟内に生息。西の方は北で狩る人がいないとすぐ涸れるようである。E-2の滝付近のシンボルのみ最大2匹でその他では1匹。
ver: 2.1","2026-03-14 06:59:41","2026-03-23 08:11:34"
1120,417,160,230,"[""E3""]",いつでも,1〜2,普通,北の橋の所にいます。最大2匹で出ます。,0,"[""E-3のつり橋の所に1匹いる"",""[\"1-2匹\",\"E-3のつり橋の所に1匹いる\"] \/ 1-2匹""]

北の橋の所にいる。最大2匹構成。
ver: 2.1","2026-03-14 06:59:41","2026-03-23 09:07:09"
1121,437,160,230,"[""D8"",""F7""]",いつでも,1,普通,D-8トロルキングのいる花畑周辺に5体ほどとG-7の窪地に4体います。それぞれ湧きに時間はかかる。,0,"[""D-8とF-7の低い所にそこそこいます"",""[\"1匹\",\"D-8とF-7の低い所にそこそこいます\"] \/ 1匹""]

D-8トロルキングのいる花畑周辺とG-7の窪地にいる。前者には5シンボル、後者には4シンボルほどがいるが即湧きではなく再ポップに少し時間を要するため、エモノ呼びをしない乱獲だと2PT以上の許容は難しい場合も。
ver: 3.1","2026-03-14 06:59:41","2026-03-23 09:53:39"
1122,638,160,230,"[""G3"",""G4""]",いつでも,1,多い,G3/4にいます。,1,"[""G-3・4に結構いる"",""[\"1匹\",\"G-3・4に結構いる\"] \/ 1匹""]

東部強敵エリア、つまり橋の下あたりにいる。数は多く、一番狩りやすくておすすめ。ただしリンクに注意。
ver: 2.1","2026-03-14 06:59:41","2026-03-26 14:43:43"
1123,643,160,230,"[""D8""]",いつでも,1,1,湧き10分かかるのでおすすめできないです。1匹で出ます。,0,"[""[\"1匹\",\"いちばん南のD-8に1匹います\"] \/ 1匹"",""いちばん南のD-8に1匹います""]

セレド南部の花畑、偽でクイーンスライムがいる場所。リポップには10分かかるのでおすすめできない。
ver: 3.1","2026-03-14 06:59:41","2026-03-23 17:27:07"
1124,326,161,238,"[""A1"",""A2"",""A3"",""A4"",""A5"",""A6"",""A7"",""A8"",""B1"",""B2"",""B3"",""B4"",""B5"",""B6"",""B7"",""B8"",""C1"",""C2"",""C3"",""C4"",""C5"",""C6"",""C7"",""C8"",""D1"",""D2"",""D3"",""D4"",""D5"",""D6"",""D7"",""D8"",""E1"",""E2"",""E3"",""E4"",""E5"",""E6"",""E7"",""E8"",""F1"",""F2"",""F3"",""F4"",""F5"",""F6"",""F7"",""F8"",""G1"",""G2"",""G3"",""G4"",""G5"",""G6"",""G7"",""G8"",""H1"",""H2"",""H3"",""H4"",""H5"",""H6"",""H7"",""H8""]",いつでも,1〜3,多い,"F6,G6の高台の上では2〜3匹でお勧めです。ヘルカッチャも一緒に出る。",1,"[""[\"1-3匹高台2-3匹\",\"南東エリアに広範囲でたくさんいます\"] \/ 1-3匹高台2-3匹"",""南東エリアに広範囲でたくさんいます""]

強敵エリア(海岸遺跡を除く)にいる。F,G-6の高台の上では2～3匹構成でお勧め。ヘルカッチャの湧き範囲では1～2匹構成でヘルカッチャが混成する(っぽい)。
ver: 2.1","2026-03-14 06:59:51","2026-03-22 18:21:55"
1125,345,161,238,"[""G6"",""F6""]",いつでも,1,少ない,強敵エリアの広場部分に少なめですシンボルです。,0,"[""FG-6の広い台地になっている場所に数匹いる"",""[\"1匹\",\"FG-6の広い台地になっている場所に数匹いる\"] \/ 1匹""]

強敵エリアの広場部分に少数シンボル。微妙に広いので、デフェル荒野に行った方がいいだろう。
ver: 2.1","2026-03-14 06:59:51","2026-03-22 18:58:19"
1126,358,161,238,"[""B2"",""B3"",""B4"",""B5"",""B6"",""B7"",""C2"",""C3"",""C4"",""C5"",""C6"",""C7"",""D2"",""D3"",""D4"",""D5"",""D6"",""D7"",""E2"",""E3"",""E4"",""E5"",""E6"",""E7"",""F2"",""F3"",""F4"",""F5"",""F6"",""F7"",""G2"",""G3"",""G4"",""G5"",""G6"",""G7""]",いつでも,1,普通,西側にそこそこシンボルがいます。ヘルカッチャも混ざります。,1,"[""[\"1匹\",\"南西エリアに広範囲でいます\"] \/ 1匹"",""南西エリアに広範囲でいます""]

こいつだけを狙うならここ。西側にそこそこシンボルがいる。ヘルカッチャと混成する。
ver: 2.2","2026-03-14 06:59:51","2026-03-23 06:30:39"
1127,413,161,238,"[""A5"",""A6"",""A7"",""A8"",""B5"",""B6"",""B7"",""B8"",""C5"",""C6"",""C7"",""C8"",""D5"",""D6"",""D7"",""D8"",""E5"",""E6"",""E7"",""E8"",""F5"",""F6"",""F7"",""F8"",""G5"",""G6"",""G7"",""G8"",""H5"",""H6"",""H7"",""H8""]",いつでも,1〜3,多い,1-3匹で出ます。ほぼ全域でよく見かけます。海沿いはいないです。ゴールデントーテムやゴールドマン、キラーデーモンも混ざります。,1,"[""[\"1-3匹\",\"ほぼ全域にたくさんいます、海沿いはいない\"] \/ 1-3匹"",""ほぼ全域にたくさんいます、海沿いはいない""]

海岸遺跡以外の部分に広く分布。ゴールデントーテムやゴールドマン、キラーデーモンと混成する。D-4,5あたりは1匹出現が多く、E-5以東では2～3匹出現しやすく、こちらではホラービーストが最大2匹混成する。
ver: 2.3","2026-03-14 06:59:51","2026-03-23 09:00:05"
1128,425,161,238,"[""D3"",""G2"",""C3""]",いつでも,1〜3,多い,西の方は1〜2匹、東（強敵エリア）の方は3匹で出て、セルゲイナスも混ざります。,1,"[""[\"1-3匹\",\"海岸遺跡CD-3にいっぱいいてG-2の狭いエリアにもたくさんいるいる\"] \/ 1-3匹"",""海岸遺跡CD-3にいっぱいいてG-2の狭いエリアにもたくさんいるいる""]

No.348(祈りの時は来たりて：Ver2.2ストーリー)クエ対象モンスター。 海岸遺跡にまばらに分布。西の方は1～2匹構成、東（強敵エリア）の方は3匹構成でセルゲイナスが混成する。どちらで狩るかはPTの総合力と相談。
ver: 2.2","2026-03-14 06:59:51","2026-03-23 09:28:26"
1129,485,161,238,"[""D3"",""G2""]",いつでも,1〜3,少ない,ツイストーチも混ざります。,0,"[""[\"1-3匹\",\"海岸遺跡CD-3とG-2の狭いエリアにいる\"] \/ 1-3匹"",""海岸遺跡CD-3とG-2の狭いエリアにいる""]

海岸遺跡にまばらに分布。強敵エリアでは3匹も出るので非常に危険。ツイストーチと混成する。
ver: 2.1","2026-03-14 06:59:51","2026-03-23 11:16:43"
1130,784,161,238,"[""D3"",""G2""]",いつでも,1〜3,少ない,ツイストーチも混ざります。,0,"[""[\"1-3匹\",\"海岸遺跡CD-3とG-2の狭いエリアにいる\"] \/ 1-3匹"",""海岸遺跡CD-3とG-2の狭いエリアにいる""]

海岸遺跡にまばらに分布。強敵エリアでは3匹も出るので非常に危険。ツイストーチと混成する。
ver: 2.1","2026-03-14 06:59:51","2026-03-23 11:16:43"
1131,280,162,240,"[""F6""]",いつでも,2,少ない,2階F-6に2匹ほどいます。1匹で出ます。,0,"[""2階F-6に2匹ほどいます"",""[\"1匹\",\"2階F-6に2匹ほどいます\"] \/ 1匹""]","2026-03-14 06:59:54","2026-03-22 15:06:26"
1132,299,162,240,"[""D5"",""D4"",""E5"",""E4""]",いつでも,,普通,2階です。3階です。4階にいます。,0,"[""2階、3階、4階にいる""]","2026-03-14 06:59:54","2026-03-22 16:21:18"
1133,411,162,240,"[""C3"",""D3"",""C4"",""D4"",""C5"",""D5"",""C6"",""D6"",""E5"",""F5"",""E6"",""F6"",""E3"",""F3"",""E4"",""F4""]",いつでも,1〜2,普通,"シンボルは2〜5階に湧き、3,5階は最大3匹で、2,4階は最大2匹で出ます。キラージャックやサイコマスターに一緒に出ます。サイコマスターには1〜2匹一緒に出ます。",1,"[""2階から5階までいる"",""[\"1-2匹\",\"2階から5階までいる\"] \/ 1-2匹""]","2026-03-14 06:59:54","2026-03-23 08:57:38"
1134,563,162,240,"[""F4""]",いつでも,1,普通,2階F4にいます。3階F4、E6にランダムで出現します。1匹で出ます。,0,"[""2階F-4、3階F-4とE-6にランダムで出現する"",""[\"1匹\",\"2階F-4、3階F-4とE-6にランダムで出現する\"] \/ 1匹""]","2026-03-14 06:59:54","2026-03-23 15:06:00"
1135,299,162,241,[],いつでも,1〜2,普通,1-2匹で出ます。2階です。3階です。4階にいます。,0,"[""1-2匹"",""2階、3階、4階にいる""]","2026-03-14 06:59:55","2026-03-22 16:21:18"
1136,411,162,241,"[""C3"",""D3"",""C4"",""D4"",""E3"",""F3"",""E4"",""F4"",""E5"",""F5"",""E6"",""F6"",""C5"",""D5"",""C6"",""D6""]",いつでも,1〜3,普通,"シンボルは2〜5階に湧き、3,5階は最大3匹で、2,4階は最大2匹で出ます。キラージャックやサイコマスターに一緒に出ます。サイコマスターには1〜2匹一緒に出ます。",1,1-2匹,"2026-03-14 06:59:55","2026-03-23 08:57:38"
1137,415,162,241,"[""D4"",""D5"",""E4"",""E5""]",いつでも,1,普通,偽と同じく、3階中央の広いところにいます。1シンボルで湧きに少し時間がかかります。,0,"[""3階の中央の部屋に1匹いる"",""[\"1匹\",\"3階の中央の部屋に1匹いる\"] \/ 1匹""]

偽と同じく、3階中央の広いところにいる。1シンボルで再ポップに少し時間がかかる。
ver: 2.1","2026-03-14 06:59:55","2026-03-23 09:04:07"
1138,563,162,241,"[""E6"",""F4""]",いつでも,1,普通,2階F-4にいます。3階F-4、E-6にランダムで出現します。1匹で出ます。,0,"[""1匹"",""2階F-4、3階F-4とE-6にランダムで出現する""]","2026-03-14 06:59:55","2026-03-23 15:06:00"
1139,299,162,242,[],いつでも,1〜2,普通,2〜4階にいます。1-2匹で出ます。2階です。3階です。4階にいます。,0,"[""1-2匹"",""2階、3階、4階にいる""]

2～4階にいる。
ver: 2.1","2026-03-14 06:59:55","2026-03-22 16:21:19"
1140,411,162,242,"[""C3"",""D3"",""C4"",""D4"",""E3"",""F3"",""E4"",""F4"",""E5"",""F5"",""E6"",""F6"",""C5"",""D5"",""C6"",""D6""]",いつでも,1〜2,普通,"シンボルは2〜5階に湧き、3,5階は最大3匹で、2,4階は最大2匹で出ます。キラージャックやサイコマスターに一緒に出ます。サイコマスターには1〜2匹一緒に出ます。",1,"1-2匹

シンボルは2～5階に湧き、3,5階は最大3匹構成で、2,4階は最大2匹構成。キラージャックやサイコマスターにくっつく。サイコマスターには1～2匹くっつく。 同じく地域限定モンスターであるサイコマスターを狩っていれば討伐数は勝手に伸びていく。
ver: 2.1","2026-03-14 06:59:55","2026-03-23 08:57:38"
1141,411,162,243,"[""C3"",""D3"",""C4"",""D4"",""C5"",""D5"",""C6"",""D6"",""E5"",""F5"",""E6"",""F6"",""E3"",""F3"",""E4"",""F4""]",いつでも,1〜3,普通,"シンボルは2〜5階に湧き、3,5階は最大3匹で、2,4階は最大2匹で出ます。キラージャックやサイコマスターに一緒に出ます。サイコマスターには1〜2匹一緒に出ます。",1,"[""1-3匹"",""2階から5階までいる""]","2026-03-14 06:59:55","2026-03-23 08:57:38"
1142,455,162,243,"[""A7"",""B7"",""C3"",""C4"",""C7""]",いつでも,1,普通,5階と6階の北西にいます。1匹で出ます。即湧き,1,"[""5階と6階の北西にいる"",""[\"1匹\",\"5階と6階の北西にいる\"] \/ 1匹""]","2026-03-14 06:59:55","2026-03-23 10:35:45"
1143,455,162,244,"[""A1"",""A2"",""A3"",""B1"",""B2"",""B3"",""C1"",""C2"",""C3"",""D1"",""D2"",""D3""]",いつでも,1,普通,5階と6階の北西にいます。1匹で出ます。即湧き,1,"[""1匹"",""5階と6階の北西にいる""]

5～6階にそれぞれ2シンボルいて、倒すと短時間で次が湧く。とげジョボーが2匹までくっつくので即死ガードは必須。 同種でリンクさせるとサイコ2匹・とげジョボー2匹となることがあり危険。バイキルトがとげジョボーにかかったら即消そう。
ver: 2.1","2026-03-14 06:59:55","2026-03-23 10:35:45"
1144,258,163,245,"[""D2"",""D3"",""E2"",""E3""]",いつでも,1〜3,多い,。が多く、しにがみのきしが一緒に出る事もあります。,0,"[""1-3匹@北側"",""北のエリアE-2・3あたりにたくさんいる""]

No.374(セレドの町外伝2話)クエ対象。アラハギーロ地方から入ってすぐの場所にいる。数が多く、一度に3匹まで出現するがしにがみのきしがくっつく事も。
ver: 3.2","2026-03-14 06:59:57","2026-03-22 13:30:25"
1145,281,163,245,"[""C4"",""D4"",""E5"",""E6"",""E7""]",いつでも,1,普通,偽と同じく川の部分に広い範囲でいます。川では1匹で出ます。中の川に沿ってずっといます。,0,"[""1匹@川"",""マップ中の川に沿ってずっといます""]

偽と同じく川の部分に広く生息。
ver: 2.1","2026-03-14 06:59:58","2026-03-22 15:10:17"
1146,283,163,245,"[""C3"",""C6"",""C4"",""C5""]",いつでも,2〜3,多い,灯台あたりに出ます。3匹まで出るがトリカトラプスが一緒に出ますのが微妙です。,0,"[""2-3匹@C6"",""西の海沿いのエリアC-3からC-6にたくさん出現します""]

灯台周辺に出現。3匹まで出るがトリカトラプスがくっつくのが微妙。
ver: 2.1","2026-03-14 06:59:58","2026-03-22 15:15:02"
1147,295,163,245,"[""C6""]",いつでも,1,普通,1匹湧きです。湧きは悪いです。,0,"[""1匹@C6"",""C-6の灯台周辺に数匹います""]

まもりのたねの宝箱がある崩れた灯台の前（C-6）に数シンボル。1匹湧き。湧きは悪い。
ver: 2.1","2026-03-14 06:59:58","2026-03-22 16:03:19"
1148,303,163,245,"[""E4"",""E5"",""D5"",""D4""]",いつでも,1,少ない,1匹ずつ出ます。,0,"[""1匹@集落付近"",""滝を臨む集落周辺の広い所に出現する""]

滝を臨む集落周辺に少数シンボル。1匹構成。
ver: 5.3","2026-03-14 06:59:58","2026-03-22 17:17:48"
1149,417,163,245,"[""D2"",""D3"",""E2"",""E3""]",いつでも,1,普通,偽リャナ荒涼地帯でライノスキングがいる北部の橋の中継島に1シンボルです。,0,"[""1匹@北側の橋"",""D-3のつり橋の間に1匹いる""]

偽リャナ荒涼地帯でライノスキングがいる北部の橋の中継島に1シンボル。わざわざここで戦うこともないだろう。
ver: 2.1","2026-03-14 06:59:58","2026-03-23 09:07:09"
1150,422,163,245,"[""E6"",""E7""]",いつでも,1〜2,普通,おすすめです。真のセレドット山道から滝を臨む集落周辺にかけて広くいます。シンボル数は多く、1〜2匹で出ます。,1,"[""1-2匹@集落付近～南側"",""滝を臨む集落周辺から南の端までいる""]

No.318(真セレド4話)クエ対象。おすすめ。真のセレドット山道から滝を臨む集落周辺にかけて分布。シンボル数は多く、1～2匹構成。同じところで狩り続けると涸れる。
ver: 2.1","2026-03-14 06:59:58","2026-03-23 09:15:34"
1151,432,163,245,"[""E6"",""E7""]",いつでも,1〜3,普通,1〜3匹で出ます。,1,"[""1-3匹@集落付近～南側"",""滝を臨む集落周辺から南の端までいる""]

No.342(Ver2.2ストーリー)クエ対象。 真のセレドット山道から滝を臨む集落周辺にかけて生息。1～3匹構成。3匹同時に怒らせて集中攻撃されると危険なので、各個撃破していくとよい。
ver: 3.5","2026-03-14 06:59:58","2026-03-23 09:43:23"
1152,470,163,245,"[""D2"",""D3"",""E2"",""E3""]",いつでも,1〜3,,北の柵下。1〜3匹で出て、ダーティラビッツも混ざります。,1,"[""1-3匹@北側2-3匹@北側の柵の下"",""北のエリアDE-2・3にたくさん出現します""]

北部（D,E-2,3）に出現。そこそこ密集している。1～3匹構成でダーティラビッツと互いに混成する。柵の下だとしにがみのきし2～3匹構成。基本転生狩りには不向きだが、圧倒的な火力があるなら選択肢にも入る。
ver: 3.0","2026-03-14 06:59:58","2026-03-23 10:57:45"
1153,517,163,245,"[""C3"",""C6"",""C5"",""C4""]",いつでも,1〜2,多い,西の海沿いのエリアC-3からC-6にたくさん出現します。,0,"[""1-2匹@南西"",""西の海沿いのエリアC-3からC-6にたくさん出現します""]

強敵ゾーンに大量に生息。オークキングとお互い混生する。
ver: 2.1","2026-03-14 06:59:58","2026-03-23 13:40:42"
1154,758,163,245,"[""C6""]",いつでも,1,普通,1匹湧きです。湧きは悪いです。,0,"[""1匹@C6"",""C-6の灯台周辺に数匹います""]

まもりのたねの宝箱がある崩れた灯台の前（C-6）に数シンボル。1匹湧き。湧きは悪い。
ver: 2.1","2026-03-14 06:59:58","2026-03-22 16:03:19"
1155,780,163,245,"[""D2"",""D3"",""E2"",""E3""]",いつでも,1〜3,,北の柵下。1〜3匹で出て、ダーティラビッツも混ざります。,1,"[""1-3匹@北側2-3匹@北側の柵の下"",""北のエリアDE-2・3にたくさん出現します""]

北部（D,E-2,3）に出現。そこそこ密集している。1～3匹構成でダーティラビッツと互いに混成する。柵の下だとしにがみのきし2～3匹構成。基本転生狩りには不向きだが、圧倒的な火力があるなら選択肢にも入る。
ver: 3.0","2026-03-14 06:59:58","2026-03-23 10:57:45"
1156,262,163,943,"[""C5"",""C6"",""D5"",""D6"",""C3"",""D3"",""C4"",""D4""]",夜,1〜2,多い,昼夜問わず灯台の地下通路部分と、偽と同じ黒宝箱の部分に出ます。ダーティラビッツがともにでます,0,"[""1-2匹"",""下層全域に出現します""] / 1-2匹

昼夜問わず灯台の地下通路部分と、偽と同じ黒宝箱の部分に出現。最大2匹構成。狭いので回避しにくい。ダーティラビッツが結構混ざる。
ver: 2.3","2026-03-14 06:59:58","2026-03-22 14:13:38"
1157,264,164,246,"[""E5"",""E7"",""E6""]",いつでも,1〜2,多い,第一の魔峡でよく見かけます。1〜2匹でたまにろうごくのぬしと混成です。,1,"[""[\"1-2匹\",\"第一の魔狭E-5からE-7にたくさんいる\"] \/ 1-2匹"",""第一の魔狭E-5からE-7にたくさんいる""]

第一の魔峡に多数。1～2匹で出現し、たまにろうごくのぬしと混成。ストーリーを進行させねばならないが現状では一番おすすめ。（ただしろうごくのぬしに追われるレベルでは面倒。）
ver: 2.4","2026-03-14 07:00:01","2026-03-22 14:25:59"
1158,298,164,246,"[""E5"",""E7"",""D7"",""D6"",""E6"",""D5""]",いつでも,1〜2,多い,1-2匹で出て、第一の魔峡に大量にいます。,0,"[""[\"1-2匹\",\"第一の魔狭E-5からE-7にたくさんいる\"] \/ 1-2匹"",""第一の魔狭E-5からE-7にたくさんいる""]

第一の魔峡に大量にいる。
ver: 2.2","2026-03-14 07:00:01","2026-03-22 16:19:42"
1159,313,164,246,"[""D6""]",いつでも,1,少ない,外の橋の上にいます。１匹固定なうえ遠いので微妙です。,0,"[""[\"1匹 \\\/ 1匹@E6の橋\",\"第一と第二の魔狭の橋みたいな通路にポツポツいる\"] \/ 1匹 \/ 1匹@E6の橋"",""第一と第二の魔狭の橋みたいな通路にポツポツいる""]

外の橋の上にいる。１匹固定なうえ遠いので微妙。
ver: 2.2","2026-03-14 07:00:01","2026-03-22 17:37:29"
1160,315,164,246,"[""D6"",""D7""]",いつでも,1〜2,多い,第一の魔峡の西側。1〜2匹で出ます。。,1,"[""[\"1-2匹\",\"第一の魔狭D-6・7にたくさんいる、第二のF-6にもいる\"] \/ 1-2匹"",""第一の魔狭D-6・7にたくさんいる、第二のF-6にもいる""]

第一の魔峡の西側、第二の魔峡の地上部分にまばらにいる。1～2匹構成。試練の門の仕様変更によりモンセロを回避してわざわざこちらでやる必要も特になくなった。
ver: 2.3","2026-03-14 07:00:01","2026-07-29 10:29:27"
1161,329,164,246,"[""D6""]",いつでも,1〜2,多い,第一の魔狭D-6と第二の魔峡でよく見かけます。1〜2匹で出ます。,0,"[""[\"1-2匹\",\"第一の魔狭D-6・7にたくさんいる、第二のF-6にもいる\"] \/ 1-2匹"",""第一の魔狭D-6・7にたくさんいる、第二のF-6にもいる""]

第二の魔峡に多数。1～2匹。まったり倒すなら来る価値あるかも。
ver: 2.2","2026-03-14 07:00:01","2026-03-22 18:25:01"
1162,345,164,247,"[""F6""]",いつでも,1,少ない,1匹で出ます。,0,"[""1匹"",""第二の魔狭F-6に1匹いた""] / 1匹","2026-03-14 07:00:01","2026-03-22 18:58:19"
1163,480,164,246,"[""E5""]",いつでも,1,多い,第一の魔峡の北部にぽつぽつと存在です。,1,"[""[\"1匹\",\"第一の魔狭E-5にいる\"] \/ 1匹"",""第一の魔狭E-5にいる""]

第一の魔峡の北部にぽつぽつと存在。シンボルはややこちらのほうが多めか。エモノ呼びができるのと、ドルボードが使える点でこちらのほうが断然上。
ver: 2.2","2026-03-14 07:00:01","2026-03-23 11:09:28"
1173,254,183,250,"[""B2"",""B3"",""C3"",""D3"",""E3"",""F3"",""G3"",""G2"",""F2"",""E2"",""D2"",""C2"",""C7"",""D7"",""D8"",""C8""]",いつでも,1〜3,普通,洞窟内に出ます。1〜3匹で出ます。,0,"[""高所の洞くつエリアに出現します""]

洞窟内に出現。1～3匹構成。そこそこ見かける。
ver: 2.3","2026-03-14 07:00:04","2026-03-22 13:22:29"
1174,291,183,250,"[""C5"",""D5"",""C6"",""D6"",""C3"",""D3"",""C4"",""D4"",""E3"",""F3"",""E4"",""F4"",""E5"",""F5"",""E6"",""F6""]",昼,1,普通,昼･1匹で出ます。昼のみ風穴の研究所の外の低所で出現します。,0,"[""[\"昼･1匹\",\"昼のみ風穴の研究所の外の低所で出現します\"] \/ 昼･1匹"",""昼のみ風穴の研究所の外の低所で出現します""]

屋外に出現。一匹構成。昼限定だが、マップが狭いのでシンボルは見つけやすい。
ver: 2.3","2026-03-14 07:00:04","2026-03-22 15:48:14"
1175,323,183,250,"[""G3"",""F3"",""F2"",""G2"",""H2"",""H3"",""C3"",""C2"",""B2"",""B3"",""G6"",""G7"",""D7"",""C7"",""E7""]",いつでも,1〜2,普通,あやしいかげと同じくらいのシンボル密度で洞窟全体で湧きを共有しているようです。,1,"[""[\"1-2匹\",\"高所の洞くつエリアに出現します\"] \/ 1-2匹"",""高所の洞くつエリアに出現します""]

洞窟内に出現する。あやしいかげと同じくらいのシンボル密度で洞窟全体で湧きを共有しているようだ。1～2匹構成。
ver: 2.3","2026-03-14 07:00:04","2026-03-22 18:15:05"
1176,325,183,250,[],いつでも,1,普通,屋外に2シンボルです。やはり再湧きまでは時間がかかるので数は稼ぎにくい。フライングデスが邪魔。,0,"[""[\"1匹\",\"風穴の研究所の外の低所で1匹います\"] \/ 1匹"",""風穴の研究所の外の低所で1匹います""]

屋外に2シンボル。やはり再湧きまでは時間がかかるので数は稼ぎにくい。フライングデスがうざいので探すなら夜。エモノ呼びで狩るなら２シンボルとも狩った後に鯖変え、リンジャなどから飛竜で飛んで行く、というサイクルがオススメ。
ver: 2.3","2026-03-14 07:00:04","2026-03-22 18:20:46"
1177,345,183,250,"[""G3"",""G2"",""H2"",""H3"",""F3"",""F2"",""E2"",""C3"",""C2"",""B2"",""B3"",""C7"",""C8"",""D8"",""D7""]",いつでも,1,少ない,洞窟内に出ます。シンボルは多くないし、洞窟は移動がしにくいのであまりおすすめできないです。一匹です。,0,"[""[\"1匹\",\"高所の洞くつエリアに出現します、数は少ない\"] \/ 1匹"",""高所の洞くつエリアに出現します、数は少ない""]

洞窟内に出現。シンボルは多くないし、洞窟は移動がしにくいのであまりおすすめできない。一匹構成。
ver: 2.3","2026-03-14 07:00:04","2026-03-22 18:58:19"
1178,354,183,250,"[""C4"",""C5"",""D3"",""E3"",""F4"",""F5"",""D6"",""E6""]",いつでも,2〜3,多い,屋外にシンボルたくさんいます。1〜3匹なので、集中的に数を稼ぎたいならここでです。,0,"[""[\"2-3匹\",\"風穴の研究所の外の低所で出現します\"] \/ 2-3匹"",""風穴の研究所の外の低所で出現します""]

屋外にシンボル多数。1～3匹構成なので、集中的に数を稼ぎたいならここで。
ver: 2.3","2026-03-14 07:00:04","2026-03-23 06:27:52"
1179,413,183,250,"[""F6"",""E6"",""D6"",""C6"",""C5"",""C4"",""C3"",""D3"",""E3"",""F3"",""F4"",""F5""]",いつでも,1〜2,多い,1-2匹で出ます。風穴の研究所の外の低所で出現します。,0,"[""[\"1-2匹\",\"風穴の研究所の外の低所で出現します\"] \/ 1-2匹"",""風穴の研究所の外の低所で出現します""]

屋外にシンボル多数。1～2匹構成。
ver: 2.3","2026-03-14 07:00:04","2026-03-23 09:00:05"
1180,873,183,250,"[""B2"",""B3"",""C3"",""D3"",""E3"",""F3"",""G3"",""G2"",""F2"",""E2"",""D2"",""C2"",""C7"",""D7"",""D8"",""C8""]",いつでも,1〜3,普通,洞窟内に出ます。1〜3匹で出ます。,0,"[""高所の洞くつエリアに出現します""]

洞窟内に出現。1～3匹構成。そこそこ見かける。
ver: 2.3","2026-03-14 07:00:04","2026-03-22 13:22:29"
1181,138,165,251,"[""D2"",""C3"",""C4"",""D3"",""D4""]",いつでも,2〜3,多い,特になし,1,"[""[\"2-3匹@町周辺\",\"アラハギーロ王国を出てすぐの広い所に出現、西のB-4や北のD-2あたりまでいる\"] \/ 2-3匹@町周辺"",""アラハギーロ王国を出てすぐの広い所に出現、西のB-4や北のD-2あたりまでいる""]

真アラハギーロ王国周辺にものすごく大量にいる。2～3匹構成。真レンダーシアに来れるならここ一択だが、レッドオーガやマーズフェイスのリンクに注意。
ver: 2.1","2026-03-14 07:00:07","2026-03-21 19:01:31"
1182,176,165,251,"[""C4""]",いつでも,1〜3,普通,高台部分に出ます。ヘルジュラシックが二匹まで混ざる。,0,"[""[\"混1-3匹@高台\",\"南エリアに行く途中の高所C-4・5あたりと北の端に少しいる\"] \/ 混1-3匹@高台"",""南エリアに行く途中の高所C-4・5あたりと北の端に少しいる""]

高台部分に出現。3匹構成まであり、ヘルジュラシックが二匹まで混ざる。
ver: 2.1","2026-03-14 07:00:07","2026-03-22 10:53:28"
1183,282,165,251,"[""F4"",""F5"",""G4"",""G5"",""C7"",""C6"",""B6"",""B7""]",いつでも,1〜3,多い,数、湧きともにおすすめです。南部の湖あたりと東部に出ます。東部は1〜3匹のほか、ネクロバルサも混ざります。,1,"[""[\"1-3匹@東側＆湖周辺\",\"南エリアの湖の周りの陸地に出現、あと東の砂漠エリアFG-4にもたくさんいる\"] \/ 1-3匹@東側＆湖周辺"",""南エリアの湖の周りの陸地に出現、あと東の砂漠エリアFG-4にもたくさんいる""]

数、湧きともにおすすめ。南部の湖周辺と東部に出現。東部は1～3匹構成のほか、ネクロバルサと混成する。
ver: 3.0","2026-03-14 07:00:07","2026-03-22 15:11:53"
1184,362,165,251,"[""B5"",""B6"",""B7"",""C7"",""C6"",""C5""]",昼,1,少ない,昼だけ湖あたりで1匹で出ます。,0,"[""[\"昼·1匹@湖周辺\",\"昼のみ南のエリアの湖の周りで飛んでいるが少ない\"] \/ 昼·1匹@湖周辺"",""昼のみ南のエリアの湖の周りで飛んでいるが少ない""]

昼限定。湖周辺に出現する。
ver: 2.1","2026-03-14 07:00:07","2026-03-23 06:39:29"
1185,402,165,251,"[""C4"",""D1"",""C5"",""D5"",""D6""]",いつでも,1,少ない,D-1の高台、C-4〜5、D-5〜6の高台。,0,"[""[\"1匹@高台\",\"南エリアに行く途中の高所C-4・5あたりと北の端にいる、いずれも数は少ない\"] \/ 1匹@高台"",""南エリアに行く途中の高所C-4・5あたりと北の端にいる、いずれも数は少ない""]

D-1の高台、C-4～5、D-5～6の高台、ブラッドソードと同じ生息域だが、広範囲に少数シンボルしかいないのでお供に付いてくるのを狙った方が良いだろう。
ver: 3.0","2026-03-14 07:00:07","2026-03-23 08:17:33"
1186,465,165,251,"[""B4"",""D2"",""D3""]",いつでも,1,普通,王国周辺にそれなりにシンボルありです。ほぼレッドオーガとセットで出ます。,0,"[""[\"1匹+レッド@D3周辺\",\"アラハギーロ王国を出てすぐの広い所に出現、西のB-4や北のD-2あたりまでいる\"] \/ 1匹+レッド@D3周辺"",""アラハギーロ王国を出てすぐの広い所に出現、西のB-4や北のD-2あたりまでいる""]

王国周辺にそれなりにシンボルあり。ほぼレッドオーガとセットで出現する。
ver: 2.1","2026-03-14 07:00:07","2026-03-23 10:54:01"
1187,466,165,251,"[""B4"",""D2"",""D3""]",いつでも,1,普通,王国周辺にそれなりにいて、ほぼブルファングとセットです。,1,"[""[\"1匹+ブル@D3周辺\",\"アラハギーロ王国を出てすぐの広い所に出現、西のB-4や北のD-2あたりまでいる\"] \/ 1匹+ブル@D3周辺"",""アラハギーロ王国を出てすぐの広い所に出現、西のB-4や北のD-2あたりまでいる""]

王国周辺にそれなりにシンボルあり。ほぼブルファングとセットで出現する。非常に幻惑が効きやすいので、エモノ呼びするならムチ装備がおすすめ。
ver: 2.1","2026-03-14 07:00:07","2026-03-23 10:54:39"
1188,510,165,251,"[""C5"",""C7"",""B7"",""B6"",""B5"",""C6""]",いつでも,1,ちらほら,湖では1匹で出ます。,1,"[""[\"1匹@湖\",\"南のエリアの湖面にたくさんいる\"] \/ 1匹@湖"",""南のエリアの湖面にたくさんいる""]

No.321(真アラハギーロ2話)クエ対象。 南部の湖面上に分布。シンボルはまばらで1匹湧き。なぜかE-4にも1シンボルいたりする。
ver: 2.3","2026-03-14 07:00:07","2026-03-23 13:10:40"
1190,547,165,251,"[""G4"",""F4""]",いつでも,1,少ない,数は少なめです。,0,"[""[\"1匹@砂漠\",\"東の砂漠エリアFG-4にいる、数は少ない\"] \/ 1匹@砂漠"",""東の砂漠エリアFG-4にいる、数は少ない""]

東部に少数シンボル。夜になると動き出す。
ver: 2.1","2026-03-14 07:00:07","2026-03-23 14:30:04"
1191,598,165,251,"[""G4"",""F4""]",いつでも,1〜2,少ない,フレイムドックも混ざります。,0,"[""[\"1-2匹@砂漠\",\"東の砂漠エリアFG-4にいる\"] \/ 1-2匹@砂漠"",""東の砂漠エリアFG-4にいる""]

東部の砂漠地帯に少数シンボル。2匹出るので非常に危険。フレイムドックと混成する。
ver: 2.1","2026-03-14 07:00:07","2026-03-23 15:50:07"
1192,295,165,252,"[""F4"",""F5""]",いつでも,1〜2,普通,地下通路部分にそこそこのシンボルです。結構な頻度でろうごくのぬしが1〜2匹お供で一緒に出ます。,0,"[""[\"1匹+供@全体\",\"地下洞に出現します\"] \/ 1匹+供@全体"",""地下洞に出現します""]

地下通路部分にそこそこのシンボル。結構な頻度でろうごくのぬしが1～2匹お供でくっつく。ろうごくのぬしに絡まれるレベルのうちはこいつだけを狙うのは面倒。破呪のリングを狙うならここ。なお密度的に東側がおすすめ。わざわざ南側に行かなくてもよい。
ver: 2.1","2026-03-14 07:00:07","2026-03-22 16:03:19"
1193,298,165,252,"[""F5"",""F4""]",いつでも,1〜2,多い,地下通路部分に大量にいます。1〜2匹で、稀に1匹+ボーンファイター1匹のです。,1,"[""[\"1-2匹@全体\",\"地下洞に出現します\"] \/ 1-2匹@全体"",""地下洞に出現します""]

地下通路部分に大量にいる。1～2匹構成で、稀に1匹+ボーンファイター1匹の構成。ボーンファイターには1～2匹くっつく。なお密度的に東側がおすすめ。わざわざ南側に行かなくてもよい。
ver: 2.2","2026-03-14 07:00:07","2026-03-22 16:19:42"
1194,758,165,252,"[""F4"",""F5""]",いつでも,1〜2,普通,地下通路部分にそこそこのシンボルです。結構な頻度でろうごくのぬしが1〜2匹お供で一緒に出ます。,0,"[""[\"1匹+供@全体\",\"地下洞に出現します\"] \/ 1匹+供@全体"",""地下洞に出現します""]

地下通路部分にそこそこのシンボル。結構な頻度でろうごくのぬしが1～2匹お供でくっつく。ろうごくのぬしに絡まれるレベルのうちはこいつだけを狙うのは面倒。破呪のリングを狙うならここ。なお密度的に東側がおすすめ。わざわざ南側に行かなくてもよい。
ver: 2.1","2026-03-14 07:00:07","2026-03-22 16:03:19"
1195,352,169,259,"[""D4"",""E4"",""E2"",""F2""]",いつでも,1〜3,普通,広場にそこそこです。じごくのもんばんに1〜2匹一緒に出ます。,1,"[""[\"1-3匹\",\"広くなっている部屋で出現します\"] \/ 1-3匹"",""広くなっている部屋で出現します""]

広場にそこそこ。じごくのもんばんに1～2匹くっつく。まおうのつかいやじごくのもんばんも狙える。
ver: 2.1","2026-03-14 07:00:16","2026-03-23 06:25:06"
1196,371,169,259,"[""C6"",""C7"",""D6"",""D7"",""E7"",""F7"",""E6"",""F6""]",いつでも,1,普通,じごくのもんばんやリビングデッドが2匹まで一緒に出ます。1匹で出ます。,0,"[""[\"1匹\",\"マップ南側の広くなっている部屋で出現します\"] \/ 1匹"",""マップ南側の広くなっている部屋で出現します""]

じごくのもんばんのシンボルと一緒にいる。リビングデッドが2匹までくっつく。
ver: 2.2","2026-03-14 07:00:16","2026-03-23 06:55:38"
1197,388,169,259,"[""F2"",""E4"",""D5"",""F7""]",いつでも,1〜2,少ない,少なめです。じごくのつかいが1〜2匹一緒に出ます。,1,"[""[\"1匹\",\"広くなっている部屋で出現します\"] \/ 1匹"",""広くなっている部屋で出現します""]

開けた空間に少数のシンボル。じごくのつかいが1～2匹くっつく。じごくのつかいのシンボルにもくっついてくる。通路移動時のリビングデッドがうざいが、恐らくここが一番遭遇しやすい。
ver: 2.1","2026-03-14 07:00:16","2026-03-23 07:39:30"
1198,407,169,259,"[""B2"",""B3"",""B4"",""B5"",""B6"",""B7"",""C2"",""C3"",""C4"",""C5"",""C6"",""C7"",""D2"",""D3"",""D4"",""D5"",""D6"",""D7"",""E2"",""E3"",""E4"",""E5"",""E6"",""E7"",""F2"",""F3"",""F4"",""F5"",""F6"",""F7"",""G2"",""G3"",""G4"",""G5"",""G6"",""G7""]",いつでも,1〜3,多い,通路部分にいて、最大3匹で出ます。まおうのつかいに2匹までついてくることもです。,1,"[""[\"1-3匹\",\"マップ全域の通路で出現します\"] \/ 1-3匹"",""マップ全域の通路で出現します""]

通路部分に生息して最大3匹構成。レベル80でも絡んでくるのでこいつ以外が狙いの時は厄介。まおうのつかいに2匹までついてくることも。
ver: 2.3","2026-03-14 07:00:16","2026-03-23 08:54:16"
1199,295,166,260,"[""A4"",""F4"",""F5"",""G4"",""G5""]",いつでも,1,普通,西部の一段上ったところや、東部の荒地部分に出ます。,0,"[""[\"1匹+供@西側の高台&東側\",\"中央のシスターがいるあたりとか西のA-4・5あたりと砂漠エリアの南端にもいる\"] \/ 1匹+供@西側の高台&東側"",""中央のシスターがいるあたりとか西のA-4・5あたりと砂漠エリアの南端にもいる""]

西部の一段上ったところや、東部の荒地部分に出現。シルエトと混成するのでそれだけでもうおすすめできない。
ver: 2.1","2026-03-14 07:00:19","2026-03-22 16:03:19"
1200,345,166,260,"[""B4"",""B5"",""C4"",""C5""]",いつでも,1,多い,低所でたくさん出現する,1,"[""B-4、C-5の低所でたくさん出現する"",""[\"1匹@西側の低地\",\"B-4、C-5の低所でたくさん出現する\"] \/ 1匹@西側の低地""]

ワルド水源から見て最初の橋をくぐった先の広い場所に数シンボル。そこから東へ通路沿いにも少数いる。レベルが低いとウィングデビルが絡んでくる。
ver: 2.1","2026-03-14 07:00:19","2026-03-22 18:58:19"
1201,359,166,260,"[""B4"",""B5"",""C4"",""C5""]",いつでも,1〜2,多い,B-4、C-5の低所でたくさん出現するにいます。,0,"[""B-4、C-5の低所でたくさん出現する"",""[\"1-2匹@西側の低地\",\"B-4、C-5の低所でたくさん出現する\"] \/ 1-2匹@西側の低地""]

ワルド水源からシスターのいる場所にかけて出現。お供に出てくるランプのまじんに注意。
ver: 2.1","2026-03-14 07:00:19","2026-03-23 06:32:36"
1202,451,166,260,"[""F4"",""F5"",""G4"",""G5""]",いつでも,1〜3,多い,東部の砂漠に多くいます。1〜2匹で出ます。,0,"[""[\"1-3匹@東側の砂漠\",\"東の砂漠エリア全域に出現します\"] \/ 1-3匹@東側の砂漠"",""東の砂漠エリア全域に出現します""]

東部の砂漠に多く生息。1～2匹。いつも空いているがお供で加わるシルエトが強い。
ver: 2.1","2026-03-14 07:00:19","2026-03-23 10:30:20"
1203,490,166,260,"[""B6""]",いつでも,1,普通,ウィングデビルにもついてくることがあります。塔あたりでは1匹で出ます。高所で出現するが、すぐ絶滅する。,0,"[""[\"1匹@塔周辺\",\"不思議の魔塔周辺の高所で出現します\"] \/ 1匹@塔周辺"",""不思議の魔塔周辺の高所で出現します""]

不思議の魔塔周辺の高台のほか、ウィングデビルにもくっついてくる。
ver: 2.1","2026-03-14 07:00:19","2026-03-23 11:28:10"
1205,615,166,260,"[""F4"",""F5"",""G4"",""G5""]",いつでも,1,少ない,砂漠地帯にいるが、なかなかみつからぬい。,0,"[""[\"1匹@東側の砂漠\",\"東の砂漠エリアで出現するが数が少なくてなかなか見つからない\"] \/ 1匹@東側の砂漠"",""東の砂漠エリアで出現するが数が少なくてなかなか見つからない""]

砂漠地帯に出現。探せばなんとか見つかる程度の数だが、相変わらず少ない。炎の領界までいったほうがいい。
ver: 3.1","2026-03-14 07:00:19","2026-03-23 16:55:06"
1206,758,166,260,"[""A4"",""F4"",""F5"",""G4"",""G5""]",いつでも,1,普通,西部の一段上ったところや、東部の荒地部分に出ます。,0,"[""[\"1匹+供@西側の高台&東側\",\"中央のシスターがいるあたりとか西のA-4・5あたりと砂漠エリアの南端にもいる\"] \/ 1匹+供@西側の高台&東側"",""中央のシスターがいるあたりとか西のA-4・5あたりと砂漠エリアの南端にもいる""]

西部の一段上ったところや、東部の荒地部分に出現。シルエトと混成するのでそれだけでもうおすすめできない。
ver: 2.1","2026-03-14 07:00:19","2026-03-22 16:03:19"
1207,337,168,261,"[""F3"",""F4"",""F5""]",いつでも,1〜2,普通,"1階のF-3〜5、2階のC-3〜6、D,E-6、最上階の4以下の屋内にいます。1〜2匹で出て、、最上階のみマミーも混ざります。",0,"[""1-2匹"",""2階C-4・5あたりと最上階の太陽の石室周辺の通路にいる、あと2階のF-3・4あたりもいる""] / 1-2匹

1階のF-3～5、2階のC-3～6、D,E-6、最上階の4以下(屋内)にいる。1～2匹構成で、最上階のみマミーが混成する。
ver: 2.2","2026-03-14 07:00:47","2026-03-22 18:40:50"
1208,339,168,261,"[""C3"",""C4"",""C5"",""C6"",""D3"",""D4"",""D5"",""D6"",""E3"",""E4"",""E5"",""E6"",""F3"",""F4"",""F5"",""F6""]",いつでも,1〜2,多い,地下1階と1階の中央の部屋にいます。1〜2匹で出て、1階ではシャドーも混ざります。密度はこちらの方が高い。,0,"[""1階中央の広い所にいっぱい、地下1階も広い所にいっぱい"",""[\"1-2匹\",\"1階中央の広い所にいっぱい、地下1階も広い所にいっぱい\"] \/ 1-2匹""]

地下1階と1階の中央の部屋にいる。1～2匹構成で、1階ではシャドーが混成する。密度はこちらの方が高いか。
ver: 2.2","2026-03-14 07:00:47","2026-03-22 18:43:26"
1209,341,168,263,"[""F3"",""D4"",""D3"",""E5"",""D5"",""E3"",""E4"",""F5"",""F4""]",いつでも,1〜2,普通,中央の吹き抜け部分の1階と2階に十分な数のシンボルです。1〜2匹。,1,"[""1階中央の広い所にいて、あとは2階C-4・5とF-3・4あたりもいる"",""[\"1-2匹\",\"1階中央の広い所にいて、あとは2階C-4・5とF-3・4あたりもいる\"] \/ 1-2匹""]

中央の吹き抜け部分の1階と2階に十分な数のシンボル。1～2匹構成で、ミイラ男とリビングスタチューに絡まれないレベルだと他のモンスターとも混成しないのでオススメ。
ver: 2.2","2026-03-14 07:00:47","2026-03-22 18:48:22"
1211,245,168,263,"[""A2"",""A3"",""A4"",""A5"",""A6"",""A7"",""B2"",""B3"",""B4"",""B5"",""B6"",""B7"",""C2"",""C3"",""C4"",""C5"",""C6"",""C7"",""D2"",""D3"",""D4"",""D5"",""D6"",""D7"",""E1"",""E2"",""E3"",""E4"",""E5"",""E6"",""E7"",""F1"",""F2"",""F3"",""F4"",""F5"",""F6"",""F7"",""G1"",""G2"",""G3"",""G4"",""G5"",""G6"",""G7"",""H1"",""H2"",""H3"",""H4"",""H5"",""H6"",""H7""]",いつでも,,普通,1階北の通路と2階西の通路にいます。,0,"[""1階北の通路と2階西の通路にいる、2階北東の通路にもいる""]","2026-03-14 07:00:47","2026-03-24 17:33:37"
1212,337,168,,"[""C4"",""F3""]",いつでも,1〜2,普通,1-2匹で出ます。2階C-4〜5あたりと最上階の太陽の石室あたりの通路にいます。あと2階のF-3〜4あたりもいます。,0,"[""1-2匹"",""2階C-4・5あたりと最上階の太陽の石室周辺の通路にいる、あと2階のF-3・4あたりもいる""]","2026-03-14 07:00:47","2026-03-20 18:53:47"
1213,341,168,261,"[""F3"",""D5"",""D4"",""D3"",""E3"",""E4"",""E5"",""F5"",""F4""]",いつでも,1〜2,普通,中央の吹き抜け部分の1階と2階に十分な数のシンボルです。1〜2匹。,0,"[""1-2匹"",""1階中央の広い所にいて、あとは2階C-4・5とF-3・4あたりもいる""]","2026-03-14 07:00:47","2026-03-22 18:48:22"
1214,461,168,261,"[""E1"",""F1"",""G1"",""H1"",""B1"",""C1"",""D1""]",いつでも,2,普通,1階北の通路と2階西の通路にいます。2匹で出ます。,0,"[""1階北の通路と2階西の通路にいる、2階北東の通路にもいる"",""[\"2匹\",\"1階北の通路と2階西の通路にいる、2階北東の通路にもいる\"] \/ 2匹""]","2026-03-14 07:00:47","2026-03-23 10:41:51"
1215,490,168,263,"[""B3"",""B4""]",いつでも,1〜2,多い,上層部の外周でよく見かけます。。2階南のD-7の階段の所と最上階西のB-3〜B-7にいます。2階東の外H-3にいます。,1,"[""2階南のD-7の階段の所と最上階西のB-3～B-7にいます、2階東の外H-3・4にもいる"",""[\"1-2匹\",\"2階南のD-7の階段の所と最上階西のB-3～B-7にいます、2階東の外H-3・4にもいる\"] \/ 1-2匹""]

上層部の外周に多数。未クリア者にとっては嫌がらせのようにからんでくるが、倒したい人にはお勧め。
ver: 2.2","2026-03-14 07:00:47","2026-03-23 11:28:10"
1216,445,168,944,"[""E5"",""D5"",""D4"",""D3"",""E3"",""E4""]",いつでも,1〜2,普通,最上階と石碑の地下1Fの中央にかなり多めです。,0,1-2匹,"2026-03-14 07:00:47","2026-03-23 10:11:26"
1219,320,168,261,"[""G2""]",いつでも,1〜2,普通,1-2匹で出ます。,1,"[""1-2匹"",""地下1階B-4とD-7、1階G-2に出現する""] / 1-2匹","2026-03-14 07:00:47","2026-03-23 08:41:00"
1222,445,168,263,"[""C5"",""D5"",""C6"",""D6"",""E5"",""F5"",""E6"",""F6""]",いつでも,1〜2,普通,最上階と石碑の地下1Fの中央にかなり多めです。,0,1-2匹,"2026-03-14 07:00:47","2026-03-23 10:11:26"
1226,175,167,264,"[""D6"",""G5""]",いつでも,,普通,偽と同じ,0,"[""G-5の広場で出現する、あとD-6の細い道の突き当りにもいる""]

偽と同じところにいる。
ver: 2.1","2026-03-14 07:00:54","2026-03-23 08:46:57"
1227,302,167,264,"[""A1"",""A2"",""A3"",""A4"",""A5"",""A6"",""A7"",""A8"",""B1"",""B2"",""B3"",""B4"",""B5"",""B6"",""B7"",""B8"",""C1"",""C2"",""C3"",""C4"",""C5"",""C6"",""C7"",""C8"",""D1"",""D2"",""D3"",""D4"",""D5"",""D6"",""D7"",""D8""]",いつでも,1,多い,D列から東側全域に出現します。そこそこいます。,0,"[""D列から東側全域に出現する、そこそこいます"",""[\"1匹\",\"D列から東側全域に出現する、そこそこいます\"] \/ 1匹""]

遠く、全体的にぽつぽつ。一箇所で狩っていると涸れるので注意。他に人がいる場合はローヌより断然遭遇しやすい。シーザーレインボー狩りの合間のMP補給にでも。
ver: 2.2","2026-03-14 07:00:54","2026-03-22 17:15:39"
1228,387,167,264,"[""C3""]",いつでも,1〜2,普通,1〜2匹で出ます。偽りのジャイラ密林から勇気の石塔経由でしか行けない西側にいますが、現在は飛竜でも進入可能です。,0,"[""[\"1-2匹\",\"西のエリアBC-3・4に出現します、行くには飛竜か偽から勇気の石塔で\"] \/ 1-2匹"",""西のエリアBC-3・4に出現します、行くには飛竜か偽から勇気の石塔で""]

No.279(大とうぞくのカギ)クエ対象。1～2匹構成。 偽りのジャイラ密林から勇気の石塔経由でしか行けない西側にいるが、現在は飛竜でも進入可能。
ver: 3.1","2026-03-14 07:00:54","2026-03-23 07:37:16"
1229,394,167,264,"[""C3""]",いつでも,1〜2,普通,偽りのジャイラ密林からブレイブポイント経由でしか行けない西側にいます。1〜2匹で出ます。,1,"[""[\"1-2匹\",\"西のエリアBC-3・4に出現します、行くには飛竜か偽から勇気の石塔で\"] \/ 1-2匹"",""西のエリアBC-3・4に出現します、行くには飛竜か偽から勇気の石塔で""]

No.279(大とうぞくのカギ)クエ対象。 偽りのジャイラ密林からブレイブポイント経由でしか行けない西側にいる。1～2匹構成。
ver: 2.1","2026-03-14 07:00:54","2026-03-23 07:45:15"
1230,410,167,264,"[""E1"",""E2"",""E3"",""E4"",""E5"",""E6"",""E7"",""E8"",""F1"",""F2"",""F3"",""F4"",""F5"",""F6"",""F7"",""F8"",""G1"",""G2"",""G3"",""G4"",""G5"",""G6"",""G7"",""G8"",""H1"",""H2"",""H3"",""H4"",""H5"",""H6"",""H7"",""H8""]",いつでも,1〜3,多い,全体的に広く広くいます。最大3匹なのでおすすめです。,0,"[""D列から東側全域に出現する、たくさんいます"",""[\"1-3匹\",\"D列から東側全域に出現する、たくさんいます\"] \/ 1-3匹""]

全体的に広く分布。最大3匹構成なのでおすすめ。名声も入りやすい。宿から遠くMPが切れやすいのでそこには注意。
ver: 2.2","2026-03-14 07:00:54","2026-03-23 08:56:17"
1231,427,167,264,"[""F4"",""F3"",""F5""]",いつでも,1,多い,"湖周辺、G-3,5辺りにいます。シンボル数自体は他地域より多いものの密度は低いです。",0,"[""D列から東側全域に出現する、数は少ない"",""[\"1匹\",\"D列から東側全域に出現する、数は少ない\"] \/ 1匹""]

湖周辺、G-3,5辺りにいる。シンボル数自体は他地域より多いものの密度は低い。1匹湧きだが、大量にいるシーザーレインボーやエメラルドーンが絡みやすい。
ver: 2.1","2026-03-14 07:00:54","2026-03-23 09:32:53"
1232,573,167,264,"[""G3"",""G4"",""G5"",""H3"",""H4"",""H5""]",いつでも,1,多い,Dより東の開けた場所に広くいます。,1,"[""D列から東側全域に出現する、数は少なめ"",""[\"1匹\",\"D列から東側全域に出現する、数は少なめ\"] \/ 1匹""]

D以東の開けた場所に分布。見つけるのには苦労しない。シーザーレインボーと生息域が被るので絡みやすい。堅いし強いので十分な準備を。
ver: 3.5","2026-03-14 07:00:54","2026-03-26 15:07:30"
1233,771,167,264,"[""A1"",""A2"",""A3"",""A4"",""A5"",""A6"",""A7"",""A8"",""B1"",""B2"",""B3"",""B4"",""B5"",""B6"",""B7"",""B8"",""C1"",""C2"",""C3"",""C4"",""C5"",""C6"",""C7"",""C8"",""D1"",""D2"",""D3"",""D4"",""D5"",""D6"",""D7"",""D8""]",いつでも,1,多い,D列から東側全域に出現します。そこそこいます。,0,"[""D列から東側全域に出現する、そこそこいます"",""[\"1匹\",\"D列から東側全域に出現する、そこそこいます\"] \/ 1匹""]

遠く、全体的にぽつぽつ。一箇所で狩っていると涸れるので注意。他に人がいる場合はローヌより断然遭遇しやすい。シーザーレインボー狩りの合間のMP補給にでも。
ver: 2.2","2026-03-14 07:00:54","2026-03-22 17:15:39"
1234,190,170,265,"[""E3"",""D3"",""D4"",""C4"",""C5"",""D5"",""E5"",""D6"",""C6"",""C7"",""D7"",""E7"",""E6""]",いつでも,4,多い,シンボルも多くオススメです。シールドオーガがお供で。ごくまれに4匹ありです。,1,"[""E-3から南のどこにでもいる""]

シンボルも多くオススメ。シールドオーガがやたらとくっついてくる。 逆にシールドオーガやダーティラビッツにくっつきもするのでそちらを先にやったほうがいいかもしれない。 ごくまれに4匹構成あり。
ver: 2.4","2026-03-14 07:01:00","2026-03-22 11:07:33"
1235,258,170,265,"[""D7"",""D6"",""C6"",""E6"",""E7"",""C7""]",いつでも,1〜2,多い,1〜2匹でイーブルフライが一緒に出ます。,0,"[""[\"1-2匹\",\"いちばん南の三門の関所を出たところに固まっている\"] \/ 1-2匹"",""いちばん南の三門の関所を出たところに固まっている""]

三門の関所を出てすぐの場所にいる。1～2匹出現でイーブルフライがくっつく。
ver: 2.1","2026-03-14 07:01:00","2026-03-22 13:30:25"
1236,266,170,265,"[""E3"",""D3"",""D4"",""D5"",""D6"",""D7""]",いつでも,1,多い,おすすめです。1匹湧きでイーブルフライが2匹まで一緒に出ます。,1,"[""E-3から南の低所にたくさん出現します"",""[\"1匹\",\"E-3から南の低所にたくさん出現します\"] \/ 1匹""]

おすすめ。平地に出現。1匹湧きでイーブルフライが2匹までくっつく。イーブルフライのおともとして最大3匹まで湧く。
ver: 2.1","2026-03-14 07:01:00","2026-03-22 14:29:20"
1237,284,170,265,"[""C3"",""F3"",""G3""]",いつでも,1〜2,多い,1〜2匹湧きでほかの敵は混ざりません。,1,"[""[\"1-2匹\",\"北東エリアBC-3にたくさんいる\"] \/ 1-2匹"",""北東エリアBC-3にたくさんいる""]

北部の遺跡地帯を抜けた先にわらわら居る。1～2匹湧きで混成無し。行けるのならばここで狩るのが一番早い。
ver: 2.1","2026-03-14 07:01:00","2026-03-22 15:17:54"
1238,364,170,265,"[""E2"",""D2""]",いつでも,1,多い,遺跡地帯にそこそこのシンボルありです。1匹ずつ出ます。,0,"[""DE-2の遺跡地帯にたくさんいます"",""[\"1匹\",\"DE-2の遺跡地帯にたくさんいます\"] \/ 1匹""]

遺跡地帯にそこそこのシンボルあり。1匹構成。だいまじんが絡んでくるので注意。また、エモノ呼びをおこなうときは転び耐性をしっかりつけないととても面倒くさいことになる。
ver: 2.1","2026-03-14 07:01:00","2026-03-23 06:42:47"
1239,422,170,265,"[""C3"",""E5"",""B3"",""C5"",""D5""]",いつでも,1,少ない,BC3にも少し、CD5とE5の高所にいる一匹です。,0,"[""CD-5とE-5の高所にいる、北東エリアBC-3にも少しいる"",""[\"1匹\",\"CD-5とE-5の高所にいる、北東エリアBC-3にも少しいる\"] \/ 1匹""]

中央の崖上やウドラーのいるエリアに出現する。一匹構成。ウドラーのいるエリアはかなりまばら。
ver: 2.1","2026-03-14 07:01:00","2026-03-23 09:15:35"
1240,580,170,265,"[""E2"",""D2""]",いつでも,1,4,おすすめです。DE-2の遺跡地帯にいます。,1,"[""DE-2の遺跡地帯にいます、数は少ない"",""[\"1匹\",\"DE-2の遺跡地帯にいます、数は少ない\"] \/ 1匹""]

おすすめ。オリエンタシス追加で偽のほうは人がいることがある。そっちに絡んだりするので、真のほうが若干楽。飛竜からのアクセスもよい。
ver: 2.1","2026-03-14 07:01:00","2026-03-23 15:22:48"
1241,202,171,266,"[""B4"",""B5"",""C5"",""C4""]",いつでも,,多い,西部飛び地に大量にいます。,1,"[""西のエリアB-4・5にいます""]

西部飛び地に大量にいる。アックスドラゴンに追い掛けられるレベルだとやりづらいので注意。
ver: 2.1","2026-03-14 07:01:07","2026-03-22 11:46:27"
1242,293,171,266,"[""D1"",""D2"",""D3"",""E1"",""E2"",""E3"",""D4"",""E4""]",いつでも,1〜3,多い,"1-3匹で出ます。数は多いです。北部の平地、高台の北の方(D4,5、E4)にいます。D1,2は1匹固定です。",0,"[""1-3匹"",""マップの北側で出現する、数は多い""]

北部の平地、高台の北の方(D-4,5、E-4)にいる。D-1,2は1匹固定。E,F-4の遺跡っぽい所のみ(?)1～2匹構成。その他では1～3匹構成で、エルダードラゴンが1匹混成する。
ver: 2.1","2026-03-14 07:01:07","2026-03-22 15:56:52"
1243,393,171,266,"[""B4"",""D7"",""D6"",""C6"",""C5"",""D5"",""C7"",""E5"",""E6"",""E7""]",いつでも,1〜2,多い,狩るならここが一番です。西部にいます。1〜2匹でシンボル密度はやや薄めです。南部には大量にいますが、こちらはエルダードラゴンも混ざりますことがあります。,1,"[""1-2匹"",""マップ中央から南にたくさんいます、西エリアB-4・5にもいます""]

狩るならここが一番。西部にいる。1～2匹構成でシンボル密度はやや薄め。南部には大量にいるが、こちらはエルダードラゴンと混成することがある。
ver: 2.1","2026-03-14 07:01:07","2026-03-23 07:44:13"
1244,422,171,266,"[""D3"",""E5"",""E6"",""D6"",""D5"",""D4""]",いつでも,1,少ない,てっこうまじんやアックスドラゴンも混ざります。1匹で出ます。,0,"[""1匹"",""D-3あたりから南に広範囲で出現する、そんなに多くいる感じではない""]

東部に広く分布。てっこうまじんやアックスドラゴンと混成する。
ver: 2.1","2026-03-14 07:01:07","2026-03-23 09:15:35"
1245,617,171,266,"[""B4""]",いつでも,1,普通,偽と同じです。転生ついでに。,1,"[""1匹"",""西のエリアB-4・5にいます、2匹くらい""]

偽と同じ。バトルレックスと一緒に狙うかアックスドラゴンと一緒に狙うかをお好みで。
ver: 2.2","2026-03-14 07:01:07","2026-03-23 16:59:48"
1246,751,171,266,"[""B4"",""B5"",""C5"",""C4""]",いつでも,,多い,西部飛び地に大量にいます。,1,"[""西のエリアB-4・5にいます""]

西部飛び地に大量にいる。アックスドラゴンに追い掛けられるレベルだとやりづらいので注意。
ver: 2.1","2026-03-14 07:01:07","2026-03-22 11:46:27"
1247,249,175,267,"[""E5"",""F4"",""A4"",""E4"",""D5""]",いつでも,2,普通,おすすめです。2匹で、じめじめバブルも混ざります。,1,"[""西の入り口から入ってすぐとEF-4とDE-5の通路にもいる""]

おすすめ。真レビュール街道北入口から真のグランゼドーラ城までの通路上にそこそこいる。2匹構成で、じめじめバブルに混成する。他の所のシンボルと違って移動する。地中ゴーグルの着用を忘れると踏んでしまう。
ver: 2.1","2026-03-14 07:01:15","2026-03-22 13:14:34"
1248,357,175,267,"[""B5"",""A5"",""C5"",""A6""]",いつでも,1〜2,多い,"A-5の小部屋、B,C-5の橋に2シンボルです。A-6の広い空間に4シンボルです。",1,"[""[\"1-2匹\",\"西AB-5とA-6の広間にたくさんいる\"] \/ 1-2匹"",""西AB-5とA-6の広間にたくさんいる""]

A-5の小部屋、B,C-5の橋に2シンボル。A-6の広い空間に4シンボル。いずれの場所でも2PTで狩らない限り連続で戦闘できる。おすすめはおうえんを期待できる2シンボル地点。1～2匹構成で、A-6ではじめじめバブルに混成する。
ver: 2.4","2026-03-14 07:01:15","2026-03-23 06:29:47"
1249,383,175,267,"[""A6"",""B5"",""E5"",""F4"",""F5"",""G4"",""G5"",""A5""]",いつでも,1〜2,多い,D-4からGにかけては1〜3匹で出て、うみぼうずやじこくのよろいが混ざります。,0,"[""[\"1-2匹東AREA･1-3匹\",\"西AB-5とA-6の広間、EF-4とDE-5の通路にもたくさんいる\"] \/ 1-2匹東AREA･1-3匹"",""西AB-5とA-6の広間、EF-4とDE-5の通路にもたくさんいる""]

D-4からGにかけては1～3匹構成でうみぼうずが混成する。真レビュール街道北入口から試練の門までは1～2匹構成で、A-6でのみじごくのよろいが混成する。シンボルはややまばら。
ver: 2.1","2026-03-14 07:01:15","2026-03-23 07:32:55"
1250,386,175,267,"[""C4"",""F6""]",いつでも,1〜3,少ない,下層部分では数が少なめです。1〜3匹で出て、クリムゾングレイブも混ざることがある。,1,"[""C-4とF-6の広間とそれをつなぐ通路(南とC列)に出現する、数は少なめ"",""[\"1-3匹\",\"C-4とF-6の広間とそれをつなぐ通路(南とC列)に出現する、数は少なめ\"] \/ 1-3匹""]

下層部分に少数生息。1～3匹でクリムゾングレイブが混成することがある。
ver: 6.5","2026-03-14 07:01:15","2026-03-23 07:36:00"
1251,545,175,267,"[""C4"",""F6""]",いつでも,1,1,それぞれ1匹ずついます。,0,"[""C-4とF-6の広間に1匹ずついる"",""[\"1匹\",\"C-4とF-6の広間に1匹ずついる\"] \/ 1匹""]

CD-34あたりの広い空間にいる。湧き待ちにデスプリーストやクリムゾングレイブを狩れる。
ver: 2.1","2026-03-14 07:01:15","2026-03-23 14:21:39"
1252,547,175,267,"[""F6"",""E6""]",いつでも,1〜2,2,EF-6の通路の橋にいる。,0,"[""EF-6の通路の橋の所に2匹寝ている、あとはそこの通路でたまにいる"",""[\"1-2匹\",\"EF-6の通路の橋の所に2匹寝ている、あとはそこの通路でたまにいる\"] \/ 1-2匹""]

試練の門回避ルートにいる。クリムゾングレイブが絡んでうざい。
ver: 2.1","2026-03-14 07:01:15","2026-03-23 14:30:04"
1253,563,175,267,"[""C3"",""D3"",""E3"",""F3"",""F4"",""E4"",""D4"",""C4"",""C5"",""D5"",""E5"",""F5""]",いつでも,1,多い,1匹で出ます。全域にランダムで出現。,0,"[""[\"1匹\",\"マップ全域にランダムとのこと、C-3・4の広間に数匹いた\"] \/ 1匹"",""マップ全域にランダムとのこと、C-3・4の広間に数匹いた""]

2.4後期から新たに配置された。偽と同様、3.0よりレビュール北側の入り口から入ってすぐのA5小部屋1分湧きはなくなり、洞くつ内全域の湧きになってしまったのでおすすめできない。
ver: 3.0","2026-03-14 07:01:15","2026-03-23 15:06:00"
1254,595,175,267,"[""C4"",""F6""]",いつでも,1〜2,多い,デスプリースト最大二匹と混成。,0,"[""C-4とF-6の広間とそれをつなぐ通路(南とC列)にたくさん出現する"",""[\"1-2匹\",\"C-4とF-6の広間とそれをつなぐ通路(南とC列)にたくさん出現する\"] \/ 1-2匹""]

遠回りルート上に飽きるほどいる。一度に二匹出ることがあるので注意。まかいじゅうがいる一帯ではデスプリースト最大二匹と混成、こちらでは二匹出現はない。
ver: 2.1","2026-03-14 07:01:15","2026-03-23 15:47:11"
1255,647,175,267,"[""F4""]",いつでも,1,普通,東北部の通路に3シンボルほどです。やや湧き範囲が広く、通路が狭いので背後を取りづらいです。1匹で出ます。北の通路EF-4に出現します。,0,"[""[\"1匹\",\"北の通路EF-4に出現します\"] \/ 1匹"",""北の通路EF-4に出現します""]

東北部の通路に3シンボルほど。やや湧き範囲が広く、通路が狭いので背後を取りづらい。
ver: 4.0","2026-03-14 07:01:15","2026-03-23 17:33:44"
1256,300,172,268,"[""C5"",""C6"",""C8"",""D5"",""D6"",""D8"",""E5"",""E6"",""F5"",""F6"",""E3"",""F3"",""E4"",""F4"",""C3"",""D3"",""C4"",""D4""]",いつでも,1〜3,多い,南部の橋以外に広くいます。最大3匹で出て、ブラックチャックも混ざります。,0,"[""[\"1-3匹\",\"マップのほぼ全域にたくさんいます、見張り塔の方はいない\"] \/ 1-3匹"",""マップのほぼ全域にたくさんいます、見張り塔の方はいない""]

南部の橋以外に分布。シンボル密度は高くないが数は結構ある。最大3匹構成でブラックチャックが混成する。逆に、ブラックチャックにも混成する。
ver: 3.0","2026-03-14 07:01:21","2026-03-22 17:09:44"
1257,302,172,268,"[""F3"",""G2"",""G3"",""E3"",""E4"",""D4"",""D3"",""D2"",""E2"",""F2"",""C2"",""C1"",""D1"",""D5"",""D6"",""E6"",""E5""]",いつでも,1,多い,F-3に多くいます。1匹で出ます。,0,"[""F-3、G-2あたりにたくさんいる"",""[\"1匹\",\"F-3、G-2あたりにたくさんいる\"] \/ 1匹""]

No.283(真グランゼドーラ便せん)対象。 南部の橋以外に分布。かなりまばらでおすすめしない。出てすぐ東の広いところには少数シンボルが点在する。
ver: 2.2","2026-03-14 07:01:21","2026-03-22 17:15:39"
1258,353,172,268,"[""C1"",""C2"",""C3"",""C4"",""C5"",""C6"",""D1"",""D2"",""D3"",""D4"",""D5"",""D6"",""E1"",""E2"",""E3"",""E4"",""E5"",""F1"",""F2"",""F3"",""F4"",""F5"",""G1"",""G2"",""G3"",""G4"",""G5"",""E6""]",いつでも,1〜3,多い,南部の橋以外に広くいます。最大3匹で出て、プークプックも混ざります。,0,"[""[\"1-3匹\",\"マップのほぼ全域にたくさんいます、見張り塔の方はいない\"] \/ 1-3匹"",""マップのほぼ全域にたくさんいます、見張り塔の方はいない""]

南部の橋以外に分布。最大3匹構成でプークプックと互いに混成する。
ver: 3.5","2026-03-14 07:01:21","2026-03-23 06:26:12"
1259,356,172,268,"[""E3"",""E6"",""E5"",""E4""]",いつでも,1,少ない,地域限定。南部の橋以外に広くいます。E-3からE-6あたりに飛んでいるが数は少ない。1匹で出ます。,1,"[""E-3からE-6あたりに飛んでいるが数は少ない"",""[\"1匹\",\"E-3からE-6あたりに飛んでいるが数は少ない\"] \/ 1匹""]

地域限定モンスター。南部の橋以外に分布。偽りのフライングデスより見つけづらい。南側が見つけやすい傾向があるか。
ver: 2.1","2026-03-14 07:01:21","2026-03-23 06:28:47"
1260,375,172,268,"[""F6"",""F7"",""F8""]",いつでも,1〜3,多い,南東の橋地帯にいます。1〜3匹で出ます。,0,"[""[\"1-3匹@見張り塔\",\"南の見張り塔の方F-6・7あたりにたくさんいる\"] \/ 1-3匹@見張り塔"",""南の見張り塔の方F-6・7あたりにたくさんいる""]

No.326(ユリア妃の願い：真グランゼドーラストーリー)クエ対象。 南東の橋地帯にいる。1～3匹構成。
ver: 2.1","2026-03-14 07:01:21","2026-03-23 07:13:49"
1261,638,172,268,"[""D1"",""D2"",""D3"",""D4"",""D5"",""D6"",""D7"",""E1"",""E2"",""E3"",""E4"",""E5"",""E6"",""E7"",""F1"",""F2"",""F3"",""F4"",""F5"",""G1"",""G2"",""G3"",""G4""]",いつでも,1,少なめ,南東部の見張り塔あたり以外にいます。シンボル少なめです。,0,"[""[\"1匹\",\"マップのほぼ全域に出現する、数は少なめ\"] \/ 1匹"",""マップのほぼ全域に出現する、数は少なめ""]

南東部の見張り塔周辺以外に生息。シンボル少数。むしろ絡まれないように注意。
ver: 2.1","2026-03-14 07:01:21","2026-03-26 14:43:43"
1262,771,172,268,"[""F3"",""G2"",""G3"",""E3"",""E4"",""D4"",""D3"",""D2"",""E2"",""F2"",""C2"",""C1"",""D1"",""D5"",""D6"",""E6"",""E5""]",いつでも,1,多い,F-3に多くいます。1匹で出ます。,0,"[""F-3、G-2あたりにたくさんいる"",""[\"1匹\",\"F-3、G-2あたりにたくさんいる\"] \/ 1匹""]

No.283(真グランゼドーラ便せん)対象。 南部の橋以外に分布。かなりまばらでおすすめしない。出てすぐ東の広いところには少数シンボルが点在する。
ver: 2.2","2026-03-14 07:01:21","2026-03-22 17:15:39"
1263,4,173,276,"[""D3""]",いつでも,2〜3,多い,樹天の回廊下にいます。,1,"[""CD-3の樹天の連橋の下にたくさんいる""]

樹天の回廊下に生息。2～3匹構成なので、真レンダーシアに来れるならこちらがおすすめ。
ver: 2.1","2026-03-14 07:01:58","2026-03-21 11:40:04"
1264,8,173,276,"[""D3""]",いつでも,2〜3,多い,樹天の回廊下にいます。2〜3匹で出ます。オススメ。,1,"[""CD-3の樹天の連橋の下にたくさんいる""]

樹天の回廊下に生息。2～3匹構成。こいつだけを狙うならこちら。
ver: 2.2","2026-03-14 07:01:58","2026-03-26 14:25:24"
1265,49,173,276,"[""D3"",""C3""]",いつでも,2〜3,多い,樹天の回廊下にいます。,1,"[""CD-3の樹天の連橋の下にたくさんいる""]

樹天の回廊下に生息。2～3匹構成なので、ここまで来れるならここ一択だろう。
ver: 3.3","2026-03-14 07:01:58","2026-03-21 13:30:49"
1266,291,173,276,"[""D4"",""E3"",""D3""]",昼,1,少ない,昼のみ出現で数は少なめです。,0,"[""[\"昼･1匹\",\"昼のみ出現で数は少ない、E-3とD-4で見かけた\"] \/ 昼･1匹"",""昼のみ出現で数は少ない、E-3とD-4で見かけた""]

ver: 2.1","2026-03-14 07:01:58","2026-03-22 15:48:14"
1267,417,173,276,"[""D3""]",いつでも,1,多い,ゼドラ洞手前のつり橋と樹天の連橋にいます。1匹湧きです。シンボルが比較的まとまっていますしていてやりやすい。,1,"[""CD-3の樹天の連橋の上にたくさんいる"",""[\"1匹\",\"CD-3の樹天の連橋の上にたくさんいる\"] \/ 1匹""]

ゼドラ洞手前のつり橋と樹天の連橋にいる。1匹湧き。シンボルが比較的密集していてやりやすい。宿からは遠いが、飛竜があれば勇者姫の石経由で割と早く来られる。
ver: 2.1","2026-03-14 07:01:58","2026-03-23 09:07:09"
1268,422,173,276,"[""E6"",""E7"",""E8"",""E2"",""E3"",""D4""]",いつでも,1〜2,普通,北部はややシンボルが増えており、1〜2匹になっています。,0,"[""[\"1-2匹\",\"北のエリアE2・3と中央のD－4と南のエリアE-6～E-8に出現\"] \/ 1-2匹"",""北のエリアE2・3と中央のD－4と南のエリアE-6～E-8に出現""]

偽とシンボルの場所は同じ。北部はややシンボルが増えており、1～2匹構成になっている。
ver: 2.1","2026-03-14 07:01:58","2026-03-23 09:15:35"
1269,431,173,276,"[""E6"",""E7"",""E8"",""E2"",""E3"",""D4""]",いつでも,1〜2,多い,1-2匹で出ます。北のエリアE-2にいます。3と中央のD－4と南のエリアE-6〜E-8に出ます。,1,"[""[\"1-2匹\",\"北のエリアE2・3と中央のD－4と南のエリアE-6～E-8に出現\"] \/ 1-2匹"",""北のエリアE2・3と中央のD－4と南のエリアE-6～E-8に出現""]

かなりの数がいるのだが、BOTの巣窟になっているので微妙かもしれない。
ver: 2.2","2026-03-14 07:01:58","2026-03-23 09:42:26"
1270,638,173,276,"[""B1"",""B2"",""C1"",""C2""]",いつでも,1,多い,1匹で出ます。レビュール街道に続く洞窟内です。,0,"[""[\"1匹\",\"北西の清めの洞くつ内に3匹くらいいる\"] \/ 1匹"",""北西の清めの洞くつ内に3匹くらいいる""]

レビュール街道に続く洞窟内。偽でおにこんぼうがいた部分に現れる。数が多いように見えるが、しばらく狩ると涸れるのでおすすめできない。
ver: 2.2","2026-03-14 07:01:58","2026-03-26 14:43:43"
1271,192,174,277,"[""A3"",""A4"",""A5"",""A6"",""B3"",""B4"",""B5"",""B6"",""C3"",""C4"",""C5"",""C6"",""D3"",""D4"",""D5"",""D6"",""E1"",""E2"",""E3"",""E4"",""E5"",""E6"",""E7"",""E8"",""F1"",""F2"",""F3"",""F4"",""F5"",""F6"",""F7"",""F8"",""G1"",""G2"",""G3"",""G4"",""G5"",""G6"",""G7"",""G8"",""H1"",""H2"",""H3"",""H4"",""H5"",""H6"",""H7"",""H8""]",いつでも,1〜2,多い,1〜2匹で出ます。全域に大体います。,0,"[""全域に大体いる""]

1～2体で出現。同じ所にくろカビこぞうがいるのでそちら優先でも。
ver: 2.1","2026-03-14 07:02:06","2026-03-22 11:10:32"
1272,341,174,277,"[""A1"",""A2"",""A3"",""A4"",""A5"",""A6"",""A7"",""A8"",""B1"",""B2"",""B3"",""B4"",""B5"",""B6"",""B7"",""B8"",""C1"",""C2"",""C3"",""C4"",""C5"",""C6"",""C7"",""C8"",""D1"",""D2"",""D3"",""D4"",""D5"",""D6"",""D7"",""D8"",""E1"",""E2"",""E3"",""E4"",""E5"",""E6"",""E7"",""E8"",""F1"",""F2"",""F3"",""F4"",""F5"",""F6"",""F7"",""F8"",""G1"",""G2"",""G3"",""G4"",""G5"",""G6"",""G7"",""G8"",""H1"",""H2"",""H3"",""H4"",""H5"",""H6"",""H7"",""H8""]",いつでも,1〜2,多い,通路部分にいるほか、くろカビこぞうやスライムエンペラーに一緒に出ます。,0,"[""[\"1-2匹\",\"全域に大体いる\"] \/ 1-2匹"",""全域に大体いる""]

通路部分にいるほか、くろカビこぞうやスライムエンペラーにくっつく。スライムエンペラーの分だけで討伐数は稼げるだろう。
ver: 2.2","2026-03-14 07:02:06","2026-03-22 18:48:23"
1273,385,174,277,"[""A1"",""A2"",""A3"",""A4"",""A5"",""A6"",""A7"",""A8"",""B1"",""B2"",""B3"",""B4"",""B5"",""B6"",""B7"",""B8"",""C1"",""C2"",""C3"",""C4"",""C5"",""C6"",""C7"",""C8"",""D1"",""D2"",""D3"",""D4"",""D5"",""D6"",""D7"",""D8"",""E1"",""E2"",""E3"",""E4"",""E5"",""E6"",""E7"",""E8"",""F1"",""F2"",""F3"",""F4"",""F5"",""F6"",""F7"",""F8"",""G1"",""G2"",""G3"",""G4"",""G5"",""G6"",""G7"",""G8"",""H1"",""H2"",""H3"",""H4"",""H5"",""H6"",""H7"",""H8""]",いつでも,1〜2,多い,1-2匹で出ます。全域にたくさんいます。おすすめです。スライムエンペラーの近くのものは同種1〜2匹、通路のものはシャドーも混ざります。,1,"[""[\"1-2匹\",\"マップ全域にたくさんいる\"] \/ 1-2匹"",""マップ全域にたくさんいる""]

おすすめ。勇者姫の石から、竜に乗ってすぐ来れる利点がある。モンスター自体は洞窟内のほとんどの場所に生息。スライムエンペラーの近くのものは同種1～2匹構成、通路のものはシャドーと混成する。スライムエンペラーの湧き待ち時間に狩るのがおすすめ。
ver: 2.2","2026-03-14 07:02:06","2026-03-23 07:34:13"
1274,625,174,277,"[""A3"",""B6"",""F7"",""H5""]",いつでも,1,普通,A3、B6、F7、H5にいます1匹ずついます。,0,"[""[\"各広場@1匹+混\",\"ちょっと広くなっているところに1匹ずついる、A-3とB-6とF-7とH-5\"] \/ 各広場@1匹+混"",""ちょっと広くなっているところに1匹ずついる、A-3とB-6とF-7とH-5""]

偽でキマイラロードがいた場所にいる。シャドーが2匹までくっつく。
ver: 2.2","2026-03-14 07:02:06","2026-03-23 17:07:29"
1286,190,176,278,"[""D5""]",いつでも,,普通,特になし,0,"[""第1層D-5、第2層D-4、第3層の西の通路C-5～7あたりで見かける""]","2026-03-14 07:02:16","2026-03-22 11:07:34"
1287,202,176,278,"[""D1"",""F3""]",いつでも,1〜3,普通,第1層D-1、F-3にいます。,0,"[""いろんなところにいる、第1層D-1とF-3、第3層C-8とEF-7など""]

第一層や第三層の、タマゴのある巣の中にいる。1～3匹構成だが、枯れるのでおすすめできない。
ver: 2.3","2026-03-14 07:02:16","2026-03-22 11:46:27"
1292,751,176,278,"[""D1"",""F3""]",いつでも,1〜3,普通,第1層D-1、F-3にいます。,0,"[""いろんなところにいる、第1層D-1とF-3、第3層C-8とEF-7など""]

第一層や第三層の、タマゴのある巣の中にいる。1～3匹構成だが、枯れるのでおすすめできない。
ver: 2.3","2026-03-14 07:02:16","2026-03-22 11:46:27"
1294,1,178,280,"[""B6"",""B7"",""B8"",""C6"",""C7"",""C8"",""D6"",""D7"",""D8"",""E6"",""E7"",""E8"",""F6"",""F7"",""F8"",""G6"",""G7"",""G8""]",いつでも,,多い,村から出たところに大量にいます。の南側に出現します。,0,"[""マップの南側に出現します""]

村から出たところに大量にいる。
ver: 2.3","2026-03-14 07:02:39","2026-04-02 08:31:26"
1295,7,178,280,"[""B6"",""B7"",""B8"",""C6"",""C7"",""C8"",""D6"",""D7"",""D8"",""E6"",""E7"",""E8"",""F6"",""F7"",""F8"",""G6"",""G7"",""G8""]",いつでも,,少ない,エリアの南半分がいます。混成はせず単独です。,0,"[""マップの南側に出現します""]

エリアの南半分が生息範囲。単独出現で混成はしない。シンボルの間隔が離れているため、微妙に探し回る必要がある。
ver: 4.4","2026-03-14 07:02:39","2026-03-26 14:24:34"
1296,8,178,280,"[""B1"",""B2"",""B3"",""C1"",""C2"",""C3"",""D1"",""D2"",""D3"",""E1"",""E2"",""E3"",""F1"",""F2"",""F3"",""G1"",""G2"",""G3""]",いつでも,,普通,北側で出現します。,0,"[""マップの北側で出現します""]

ver: 4.5","2026-03-14 07:02:39","2026-03-26 14:25:24"
1297,15,178,280,"[""D1"",""D2"",""D3"",""E1"",""E2"",""E3"",""F1"",""F2"",""F3""]",いつでも,,普通,北側で出現します。,0,"[""マップの北側で出現します""]

ver: 4.5後","2026-03-14 07:02:39","2026-03-21 12:10:13"
1298,18,178,280,"[""F4"",""G4""]",いつでも,1,少ない,F-4では1匹で出ます。,0,"[""F-4に1匹いる""]

ver: 4.5後","2026-03-14 07:02:39","2026-03-21 12:35:26"
1299,84,178,280,"[""E2""]",いつでも,1,少ない,E-2の柵の所で1匹で出ます。,0,"[""E-2の柵の所に1匹いる""]

名もなき草原に出るところで1シンボルが通せんぼしているが、ここで狩るよりは名もなき草原に行くほうがいい。
ver: 2.3","2026-03-14 07:02:39","2026-03-21 15:02:12"
1300,735,178,280,"[""E2""]",いつでも,1,少ない,E-2の柵の所で1匹で出ます。,0,"[""E-2の柵の所に1匹いる""]

名もなき草原に出るところで1シンボルが通せんぼしているが、ここで狩るよりは名もなき草原に行くほうがいい。
ver: 2.3","2026-03-14 07:02:39","2026-03-21 15:02:12"
1301,69,177,281,"[""C6"",""C7"",""D6"",""D7"",""E6"",""E7"",""F6"",""F7""]",いつでも,1〜2,普通,数、湧きともに悪くないです。1〜2匹で出て、、時々スライムナイトも混ざります。,0,"[""マップの南側で出現します""]

数、湧きともに悪くない。1～2匹構成で、時々スライムナイトが混成する。
ver: 2.3","2026-03-14 07:02:56","2026-03-21 13:55:49"
1302,84,177,281,"[""B6"",""B7"",""C6"",""C7"",""D6"",""D7"",""E6"",""E7"",""F6"",""F7""]",いつでも,1〜2,普通,数、湧きともに悪くないです。1〜2匹で、時々グレムリンが混じる。,1,"[""マップの南側で出現します""]

数、湧きともに悪くない。1～2匹構成で、時々グレムリンが混じる。
ver: 2.3","2026-03-14 07:02:56","2026-03-21 15:02:12"
1303,86,177,281,"[""D2"",""D3"",""E1"",""E2"",""E3"",""D1"",""D4"",""E4"",""F4"",""F3""]",いつでも,1〜2,多い,シンボル数は多いが出現数が微妙です。,0,"[""マップの北側で出現します""]

シンボル数は多いが数が微妙か。他のところのほうがいいかも。
ver: 2.3","2026-03-14 07:02:56","2026-03-21 15:13:53"
1304,136,177,281,"[""D4"",""F7"",""E7""]",いつでも,,少ない,おすすめです。北西部にシンボル1つの即湧き、南東部にシンボル3つの範囲即湧きです。,1,"[""EF-7とD-4にいます""]

おすすめ。北西部にシンボル1つの即湧き、南東部にシンボル3つの範囲即湧き。ルーラポイントが近くにないので人は少ないか。
ver: 2.4","2026-03-14 07:02:56","2026-03-21 18:57:00"
1305,143,177,281,"[""D1"",""D2"",""D3"",""E1"",""E2"",""E3"",""F3"",""G3""]",いつでも,1,多い,おすすめです。一匹ではあるものの、シンボルの密度がよいです。,1,"[""マップの北側で出現します""]

おすすめ。一匹構成ではあるものの、シンボルの密度がよい。
ver: 2.3","2026-03-14 07:02:56","2026-03-21 19:11:16"
1306,735,177,281,"[""B6"",""B7"",""C6"",""C7"",""D6"",""D7"",""E6"",""E7"",""F6"",""F7""]",いつでも,1〜2,普通,数、湧きともに悪くないです。1〜2匹で、時々グレムリンが混じる。,1,"[""マップの南側で出現します""]

数、湧きともに悪くない。1～2匹構成で、時々グレムリンが混じる。
ver: 2.3","2026-03-14 07:02:56","2026-03-21 15:02:12"
1307,745,177,281,"[""D4"",""F7"",""E7""]",いつでも,,少ない,おすすめです。北西部にシンボル1つの即湧き、南東部にシンボル3つの範囲即湧きです。,1,"[""EF-7とD-4にいます""]

おすすめ。北西部にシンボル1つの即湧き、南東部にシンボル3つの範囲即湧き。ルーラポイントが近くにないので人は少ないか。
ver: 2.4","2026-03-14 07:02:56","2026-03-21 18:57:00"
1308,12,179,282,"[""D4""]",いつでも,2〜3,多い,おすすめです。2〜3匹が多い上に、シンボルも多いです。マドハンドも混ざることがあります。入口近くは1匹もいる。,1,"[""入ってすぐからD-4くらいまでいる""]

おすすめ。2～3匹構成が多い上に、シンボルも多い。マドハンドと混成することがある。入口近くは1匹構成あり。
ver: 3.3","2026-03-14 07:03:12","2026-03-21 12:05:04"
1309,31,179,282,"[""D5"",""F2""]",いつでも,1〜2,普通,1〜2匹で出ます。南部から北部にかけて出ます。,0,"[""D-5とF-2あたりで出現します""]

1～2匹構成。南部から北部にかけて出現する。
ver: 2.3","2026-03-14 07:03:12","2026-03-21 13:07:50"
1310,47,179,282,"[""B3"",""G3"",""C3"",""B4"",""C4"",""G4"",""H4"",""H3""]",いつでも,2〜3,普通,奥の方B-3にいます。4とG-3〜4あたりにいます。北部に出ますし、2〜3匹で現れるです。分散よき。,0,"[""奥の方B-3・4とG-3・4あたりにいます""]

北部に出現し、2～3匹構成で現れる。くさった死体と混成することもある。
ver: 2.3","2026-03-14 07:03:12","2026-03-21 13:25:27"
1311,61,179,282,"[""D4""]",いつでも,2〜3,多い,2〜3匹が多く、シンボルも多いです。メラゴーストも混ざります。,1,"[""入ってすぐからD-4くらいまでいる""]

2～3匹構成が多く、シンボルも多い。メラゴーストと混成することがあるので、ここが一番のおすすめ。
ver: 3.3","2026-03-14 07:03:12","2026-03-21 13:44:34"
1312,130,179,282,"[""B3"",""G3"",""B4"",""G4""]",いつでも,2〜3,多い,2〜3匹が多いです。ギズモも混ざることがあります。ギズモといっしょに転生を狩ろう。,0,"[""奥の方B-3・4とG-3・4あたりにいます""]

2～3匹構成が多い。ギズモと混成することがある。
ver: 2.3","2026-03-14 07:03:12","2026-03-21 18:49:16"
1313,722,179,282,"[""D5"",""F2""]",いつでも,1〜2,普通,1〜2匹で出ます。南部から北部にかけて出ます。,0,"[""D-5とF-2あたりで出現します""]

1～2匹構成。南部から北部にかけて出現する。
ver: 2.3","2026-03-14 07:03:12","2026-03-21 13:07:50"
1314,1,180,284,"[""E2""]",いつでも,2,多い,ナルビアから出たところに大量におり、3匹のこともあるので一番のおすすめです。E-2あたりにいます。町あたりでは2匹で出ます。,1,"[""E-2あたりにいます"",""[\"2匹@町周辺\",\"E-2あたりにいます\"] \/ 2匹@町周辺""]

ナルビアから出たところに大量におり、三匹構成のこともあるので一番のおすすめ。
ver: 2.3","2026-03-14 07:03:36","2026-04-02 08:31:27"
1315,5,180,284,"[""E2"",""E3""]",いつでも,1,普通,ナルビアから出たところにいます。こちらも間隔少々広めです。少し南にいくと二匹になったりプリズニャンも混ざります。E-2からDE-3あたりに出現します。町あたりでは1匹で出ます。,1,"[""E-2からDE-3あたりに出現します"",""[\"1匹@町周辺\",\"E-2からDE-3あたりに出現します\"] \/ 1匹@町周辺""]

ナルビアから出たところにいる。こちらも間隔少々広め。少し南にいくと二匹構成になったりプリズニャンが混成する。
ver: 3.1","2026-03-14 07:03:36","2026-04-02 08:26:17"
1317,20,180,284,"[""F3""]",いつでも,1〜2,普通,密度はそこそこでバブルスライムが一緒に出ます。F-3の浜辺に出現する。それなりに即湧き。,0,"[""F-3の浜辺に出現する"",""[\"混1-2匹@北の海岸\",\"F-3の浜辺に出現する\"] \/ 混1-2匹@北の海岸""]

青のほこらの北側の海岸線沿いにいる。密度はそこそこでバブルスライムがくっつく。
ver: 2.3","2026-03-14 07:03:36","2026-03-21 12:40:52"
1318,23,180,284,"[""E2"",""E3"",""F3""]",いつでも,1〜2,普通,北の海岸では1〜2匹で出ます。スライムつむりが混ざります。湧きは早いです。,0,"[""F-3の浜辺に出現する"",""[\"混1-2匹@北の海岸\",\"F-3の浜辺に出現する\"] \/ 混1-2匹@北の海岸""]

青のほこらの北側の海岸線沿いにいる。湧きは早い。2匹出ることもある。スライムつむりと混成する。
ver: 3.5","2026-03-14 07:03:36","2026-06-27 00:04:08"
1319,37,180,284,"[""E4"",""F4""]",いつでも,1,普通,F-4の丘に上がる所に1匹とE-4の橋の上では1匹で出ます。,0,"[""F-4の丘に上がる所に1匹とE-4の橋の上に1匹いる"",""[\"1匹@E4の橋\",\"F-4の丘に上がる所に1匹とE-4の橋の上に1匹いる\"] \/ 1匹@E4の橋""]

青のほこらにつながる部分の道をとおせんぼしているが、ここで狩るよりは獅子門に行くほうがいい。
ver: 2.3","2026-03-14 07:03:36","2026-03-21 13:12:51"
1320,39,180,284,"[""C4"",""C5"",""D3"",""C3"",""D4"",""D5""]",いつでも,1〜2,普通,D-3あたりにいます。西側では1〜2匹で出ます。,0,"[""D-3あたりにいます"",""[\"1-2匹@西側\",\"D-3あたりにいます\"] \/ 1-2匹@西側""]

青のほこらからポルネア山への道にかけて生息するが、わざわざここで狩らなくてもモガリムでいいだろう。
ver: 2.3","2026-03-14 07:03:36","2026-03-21 13:16:26"
1321,59,180,284,"[""D6"",""D7"",""E6"",""E7"",""G5""]",いつでも,1,少ない,谷間の広場の北の海岸線沿いにいます。数が少ないので微妙です。,0,"[""G-5～7の浜辺にたくさんいます"",""[\"1匹@南の海岸\",\"G-5～7の浜辺にたくさんいます\"] \/ 1匹@南の海岸""]

谷間の広場の北の海岸線沿いにいる。数が少ないので微妙。
ver: 2.3","2026-03-14 07:03:36","2026-03-21 13:42:59"
1322,70,180,284,"[""D6"",""D7"",""E6"",""E7"",""G5""]",いつでも,1,多い,谷間の広場の北の海岸線沿いにいます。数が少ないので微妙です。G-5〜7の浜辺でよく見かけます。南の海岸では1匹で出ます。,0,"[""G-5～7の浜辺にたくさんいます"",""[\"1匹@南の海岸\",\"G-5～7の浜辺にたくさんいます\"] \/ 1匹@南の海岸""]

谷間の広場の北の海岸線沿いにいる。数が少ないので微妙。
ver: 2.3","2026-03-14 07:03:36","2026-03-21 13:58:31"
1323,84,180,284,"[""F5"",""F6"",""F7""]",いつでも,1〜2,普通,谷間の広場の北側の草原地帯にいます。1〜2匹で出て、キメラも混ざります。,0,"[""F-5～7に出現します"",""[\"混1-2匹@南側\",\"F-5～7に出現します\"] \/ 混1-2匹@南側""]

谷間の広場の北側の草原地帯にいる。1～2匹構成でキメラが混成する。
ver: 2.3","2026-03-14 07:03:36","2026-03-21 15:02:12"
1324,86,180,284,"[""D6"",""D7"",""E6"",""E7"",""F5""]",いつでも,1〜2,普通,谷間の広場の北側の草原地帯にいます。1〜2匹で出て、スライムナイトも混ざります。,0,"[""F-5～7に出現します"",""[\"混1-2匹@南側\",\"F-5～7に出現します\"] \/ 混1-2匹@南側""]

谷間の広場の北側の草原地帯にいる。1～2匹構成でスライムナイトが混成する。
ver: 2.3","2026-03-14 07:03:36","2026-03-21 15:13:53"
1325,108,180,284,"[""E3""]",いつでも,1〜2,普通,1〜2匹で出て、ナスビナーラも混ざります。たまに寝ています。,0,"[""E-3あたりにいます"",""[\"1匹@E3\",\"E-3あたりにいます\"] \/ 1匹@E3""]

青のほこらの北側（E-3付近）にいる。1～2匹構成でナスビナーラが混成する。たまに寝ている。
ver: 2.3","2026-03-14 07:03:36","2026-03-21 17:40:39"
1326,136,180,284,"[""D6""]",いつでも,1,普通,D-6あたりに複数シンボルです。密度なら一番で、アクセスも悪くないです。,0,"[""D-6あたりに出現します"",""[\"1匹@D6付近\",\"D-6あたりに出現します\"] \/ 1匹@D6付近""]

D-6あたりに複数シンボル。密度なら一番と思われる。アクセスも悪くない。
ver: 2.3","2026-03-14 07:03:36","2026-03-21 18:57:00"
1327,173,180,284,"[""E4"",""D4""]",いつでも,1,1,D-4の高台に１シンボル出ます。,0,"[""DE-4の丘の上に1匹います"",""[\"1匹@E5の高台\",\"DE-4の丘の上に1匹います\"] \/ 1匹@E5の高台""]

D-4の高台に１シンボル出現。エモノ呼びで狩るなら連続して狩れる上に移動距離も短いのでおすすめ。
ver: 3.0","2026-03-14 07:03:36","2026-03-22 10:43:35"
1328,823,180,284,"[""B3""]",いつでも,1,少ない,B3では1匹で出ます。ただただ邪魔。,0,"[""B-3に1匹います"",""[\"1匹@B3\",\"B-3に1匹います\"] \/ 1匹@B3""]

ポルネア山に向かう先にぽつんと１シンボル。オフの通せんぼ的役割なのでここで狩る意味はない。
ver: 2.3","2026-03-14 07:03:36","2026-03-24 07:36:53"
1329,381,180,284,"[""C4"",""C5""]",いつでも,1,1,C-4あたりに１シンボルです。,0,"[""C-4あたりに1匹いる"",""[\"1匹@C5\",\"C-4あたりに1匹いる\"] \/ 1匹@C5""]

C-4あたりに１シンボル。オフと同じ構成なので、ここでわざわざ狩る必要はない。
ver: 2.3","2026-03-14 07:03:36","2026-03-26 14:34:38"
1331,717,180,284,"[""E2"",""E3""]",いつでも,1,普通,ナルビアから出たところにいます。こちらも間隔少々広めです。少し南にいくと二匹になったりプリズニャンも混ざります。E-2からDE-3あたりに出現します。町あたりでは1匹で出ます。,1,"[""E-2からDE-3あたりに出現します"",""[\"1匹@町周辺\",\"E-2からDE-3あたりに出現します\"] \/ 1匹@町周辺""]

ナルビアから出たところにいる。こちらも間隔少々広め。少し南にいくと二匹構成になったりプリズニャンが混成する。
ver: 3.1","2026-03-14 07:03:36","2026-04-02 08:26:17"
1332,718,180,284,"[""F3""]",いつでも,1〜2,普通,密度はそこそこでバブルスライムが一緒に出ます。F-3の浜辺に出現する。それなりに即湧き。,0,"[""F-3の浜辺に出現する"",""[\"混1-2匹@北の海岸\",\"F-3の浜辺に出現する\"] \/ 混1-2匹@北の海岸""]

青のほこらの北側の海岸線沿いにいる。密度はそこそこでバブルスライムがくっつく。
ver: 2.3","2026-03-14 07:03:36","2026-03-21 12:40:52"
1333,733,180,284,"[""D6"",""D7"",""E6"",""E7"",""G5""]",いつでも,1,多い,谷間の広場の北の海岸線沿いにいます。数が少ないので微妙です。G-5〜7の浜辺でよく見かけます。南の海岸では1匹で出ます。,0,"[""G-5～7の浜辺にたくさんいます"",""[\"1匹@南の海岸\",\"G-5～7の浜辺にたくさんいます\"] \/ 1匹@南の海岸""]

谷間の広場の北の海岸線沿いにいる。数が少ないので微妙。
ver: 2.3","2026-03-14 07:03:36","2026-03-21 13:58:31"
1334,735,180,284,"[""F5"",""F6"",""F7""]",いつでも,1〜2,普通,谷間の広場の北側の草原地帯にいます。1〜2匹で出て、キメラも混ざります。,0,"[""F-5～7に出現します"",""[\"混1-2匹@南側\",\"F-5～7に出現します\"] \/ 混1-2匹@南側""]

谷間の広場の北側の草原地帯にいる。1～2匹構成でキメラが混成する。
ver: 2.3","2026-03-14 07:03:36","2026-03-21 15:02:12"
1335,31,181,285,"[""F5"",""G4"",""G5"",""F4""]",いつでも,,普通,オークのお供でたまに出現します。,0,"[""[\"お共@東側\",\"オークのお供でたまに出現します\"] \/ お共@東側"",""オークのお供でたまに出現します""]

オークにくっついてくることがある。
ver: 2.3","2026-03-14 07:03:54","2026-03-21 13:07:50"
1336,35,181,285,"[""F4"",""F5"",""G4"",""G5""]",いつでも,1〜3,多い,入ってすぐのところに出ます。オークとも混ざり、3匹まで出てくることがあります。東側では1〜3匹で出ます。,0,"[""[\"混1-3匹@東側\",\"マップ東の広い所にいっぱいいます\"] \/ 混1-3匹@東側"",""マップ東の広い所にいっぱいいます""]

入ってすぐのところに出現。オークと混成し、3匹まで出てくることがある。
ver: 2.3","2026-03-14 07:03:54","2026-03-21 13:11:36"
1337,99,181,285,"[""E7"",""D7"",""D8"",""E8"",""F8"",""F7"",""G8"",""G7"",""G6""]",いつでも,1,ちらほら,洞窟内にいますが、1匹でシンボルも点々といます。洞くつでは1匹で出ます。南のトンネル内にたくさん出現します。,0,"[""[\"1匹@洞くつ\",\"南のトンネル内にたくさん出現します\"] \/ 1匹@洞くつ"",""南のトンネル内にたくさん出現します""]

洞窟内にいるが、1匹構成でシンボルもまばら。
ver: 2.3","2026-03-14 07:03:54","2026-03-21 17:25:58"
1338,142,181,285,"[""E7"",""F7"",""G7""]",いつでも,1,ちらほら,洞くつでは1匹で出ます。南のトンネル内E-7あたりにいます。,0,"[""[\"1匹@洞くつ\",\"南のトンネル内E-7あたりにいます\"] \/ 1匹@洞くつ"",""南のトンネル内E-7あたりにいます""]

洞窟内にいるが、1匹構成でシンボルもまばら。
ver: 2.3","2026-03-14 07:03:54","2026-03-21 19:09:21"
1339,143,181,285,"[""F4"",""F5"",""G4"",""G5""]",いつでも,1〜3,多い,東側では1〜3匹で出ます。ほかの敵も混ざります。ホイミスライムも混ざります。,0,"[""[\"混1-3匹@東側\",\"マップ東の広い所にいっぱいいます\"] \/ 混1-3匹@東側"",""マップ東の広い所にいっぱいいます""]

入ってすぐのところにいる。ホイミスライムと混成することも。リリパットのシンボルにもくっついてくるため、レッドアーチャーのついでに倒すのもあり。
ver: 2.3","2026-03-14 07:03:54","2026-03-21 19:11:16"
1340,240,181,285,"[""D5"",""D6"",""D4""]",いつでも,1〜2,多い,洞窟を抜けた先の部分に少なめです出ます。1〜2匹で出ます。,0,"[""[\"1-2匹@西側\",\"マップ中央D-5・6あたりにいっぱいいます\"] \/ 1-2匹@西側"",""マップ中央D-5・6あたりにいっぱいいます""]

洞窟を抜けた先の部分に少数出現。1〜2匹構成。
ver: 2.3","2026-03-14 07:03:54","2026-03-22 12:56:34"
1341,322,181,285,"[""B2"",""B3""]",いつでも,1,多い,1匹です。北西エリアB-2〜3あたりでたくさん飛んでいます。,0,"[""[\"1匹@西側\",\"北西エリアB-2・3あたりでたくさん飛んでいる\"] \/ 1匹@西側"",""北西エリアB-2・3あたりでたくさん飛んでいる""]

ストーリーで戦う必要が出たため、シンボルが大量に追加。一匹構成。
ver: 4.0","2026-03-14 07:03:54","2026-03-22 18:13:24"
1342,437,181,285,"[""B2"",""B3""]",いつでも,1,1,洞窟を抜けた先の部分の柵の向こうに1シンボルです。湧きに時間かかります。,0,"[""[\"1匹@西側\",\"北西エリアB-2・3あたりに1匹いる\"] \/ 1匹@西側"",""北西エリアB-2・3あたりに1匹いる""]

洞窟を抜けた先の部分の柵の向こうに１シンボル。一匹構成で、再出現まで時間がかかる。
ver: 2.3","2026-03-14 07:03:54","2026-03-23 09:53:39"
1343,722,181,285,"[""F5"",""G4"",""G5"",""F4""]",いつでも,,普通,オークのお供でたまに出現します。,0,"[""[\"お共@東側\",\"オークのお供でたまに出現します\"] \/ お共@東側"",""オークのお供でたまに出現します""]

オークにくっついてくることがある。
ver: 2.3","2026-03-14 07:03:54","2026-03-21 13:07:50"
1344,727,181,285,"[""F4"",""F5"",""G4"",""G5""]",いつでも,1〜3,多い,入ってすぐのところに出ます。オークとも混ざり、3匹まで出てくることがあります。東側では1〜3匹で出ます。,0,"[""[\"混1-3匹@東側\",\"マップ東の広い所にいっぱいいます\"] \/ 混1-3匹@東側"",""マップ東の広い所にいっぱいいます""]

入ってすぐのところに出現。オークと混成し、3匹まで出てくることがある。
ver: 2.3","2026-03-14 07:03:54","2026-03-21 13:11:36"
1345,756,181,285,"[""D5"",""D6"",""D4""]",いつでも,1〜2,多い,洞窟を抜けた先の部分に少なめです出ます。1〜2匹で出ます。,0,"[""[\"1-2匹@西側\",\"マップ中央D-5・6あたりにいっぱいいます\"] \/ 1-2匹@西側"",""マップ中央D-5・6あたりにいっぱいいます""]

洞窟を抜けた先の部分に少数出現。1〜2匹構成。
ver: 2.3","2026-03-14 07:03:54","2026-03-22 12:56:34"
1346,16,182,287,"[""A1"",""A2"",""A3"",""A4"",""A5"",""A6"",""A7"",""A8"",""B1"",""B2"",""B3"",""B4"",""B5"",""B6"",""B7"",""B8"",""C1"",""C2"",""C3"",""C4"",""C5"",""C6"",""C7"",""C8"",""D1"",""D2"",""D3"",""D4"",""D5"",""D6"",""D7"",""D8"",""E1"",""E2"",""E3"",""E4"",""E5"",""E6"",""E7"",""E8"",""F1"",""F2"",""F3"",""F4"",""F5"",""F6"",""F7"",""F8"",""G1"",""G2"",""G3"",""G4"",""G5"",""G6"",""G7"",""G8"",""H1"",""H2"",""H3"",""H4"",""H5"",""H6"",""H7"",""H8""]",いつでも,6〜8,多い,おすすめです。中央の木のあたりで一度に6〜8匹出る上に拠点から近く、シンボルも多いです。,1,"[""[\"6-8匹@海\",\"マップ中央の円形の砂浜に広範囲で出現します\"] \/ 6-8匹@海"",""マップ中央の円形の砂浜に広範囲で出現します""]

おすすめどころか。ここ一択。中央の木のあたりで一度に6～8匹出る上に拠点から近く、シンボルも多い。範囲攻撃の準備を。
ver: 2.3","2026-03-14 07:04:13","2026-03-21 12:14:32"
1347,31,182,287,"[""C3"",""C4"",""D3"",""D4"",""E3"",""E4"",""F3"",""F4"",""C5"",""D5"",""C6"",""D6"",""E5"",""F5"",""E6"",""F6""]",いつでも,6〜8,多い,海では6〜8匹で出ます。中央の円形の砂浜に広範囲で出現します。,1,"[""[\"6-8匹@海\",\"マップ中央の円形の砂浜に広範囲で出現します\"] \/ 6-8匹@海"",""マップ中央の円形の砂浜に広範囲で出現します""]

おすすめどころか、ここ一択。一度に6～8匹出る上に拠点から近く、シンボルも多い。範囲攻撃の準備を。
ver: 2.3","2026-03-14 07:04:13","2026-03-21 13:07:50"
1348,48,182,287,"[""F7"",""A7""]",いつでも,3〜4,,座標7〜8の木の生えてるところにいます。,1,"[""A-7とF-7の南の方にいる"",""[\"3-4匹@陸地\",\"A-7とF-7の南の方にいる\"] \/ 3-4匹@陸地""]

座標7～8の木の生えてるところにいる。3～4匹構成で討伐数稼ぎにはおすすめ。転生狙いなら他の場所へ。
ver: 2.3","2026-03-14 07:04:13","2026-03-21 13:28:40"
1349,59,182,287,"[""C3"",""C4"",""C5"",""C6"",""D3"",""D4"",""D5"",""D6"",""E3"",""E4"",""E5"",""E6"",""F3"",""F4"",""F5"",""F6""]",いつでも,6〜8,多い,おすすめ。,1,"[""[\"6-8匹@海\",\"マップ中央の円形の砂浜に広範囲で出現します\"] \/ 6-8匹@海"",""マップ中央の円形の砂浜に広範囲で出現します""]

おすすめどころか。ここ一択。中央の木のあたりで一度に6～8匹出る上に拠点から近く、シンボルも多い。範囲攻撃の準備を。
ver: 2.3","2026-03-14 07:04:13","2026-03-21 13:42:59"
1350,108,182,287,"[""A7"",""F7""]",いつでも,3〜4,普通,おすすめです。3〜4匹です。ケセランパセランの待ち時間に狙うのが賢いです。陸地では3〜4匹で出ます。,1,"[""A-7とF-7の南の方にいる"",""[\"3-4匹@陸地\",\"A-7とF-7の南の方にいる\"] \/ 3-4匹@陸地""]

おすすめ。座標７～８の木の生えてるところにいる。3～4匹構成。ケセランパセランの待ち時間に狙うのが賢い。
ver: 4.5","2026-03-14 07:04:13","2026-03-21 17:40:39"
1351,116,182,287,"[""A7"",""F7""]",いつでも,1〜3,4,おすすめです。A-7、F-7〜8の木の生えてるところにいます。,1,"[""A-7とF-7の南の方にいる"",""[\"1-3匹@南西\",\"A-7とF-7の南の方にいる\"] \/ 1-3匹@南西""]

おすすめ。A-7とF-7～8の木の生えてるところにいる。 合計4シンボル程で湧きを共有してるので、片方で枯れたらもう片方へ。 ケセランパセランにもついでにあたっておくといいかも。1～3匹構成。
ver: 2.3","2026-03-14 07:04:13","2026-03-21 17:49:39"
1352,137,182,287,"[""A7"",""F8"",""F7""]",いつでも,1,普通,探す範囲が狭くてすむのでおすすめです。A-7かF-7〜8の木の生えてるところにいます。再湧きは1分なので、少し待って出なかったら逆へ。。,1,"[""A-7かF-8のどちらかに1匹いる"",""[\"1匹@A7かF8\",\"A-7かF-8のどちらかに1匹いる\"] \/ 1匹@A7かF8""]

探す範囲が狭くてすむのでおすすめ。A-7かF-7～8の木の生えてるところにいる。 再湧きは1分なので、少し待って出なかったら逆側に走ろう。待ち時間はベビーニュートかプリズニャンを狩るといい。
ver: 4.5","2026-03-14 07:04:13","2026-03-21 18:59:35"
1353,263,182,287,"[""B5"",""G6"",""F6"",""A5""]",いつでも,1〜2,普通,1〜2匹で出ます。それなりにおすすめ。,1,"[""FG-6とAB-5の砂浜にいる"",""[\"1-2匹@陸地\",\"FG-6とAB-5の砂浜にいる\"] \/ 1-2匹@陸地""]

西部や東部の海岸沿いに生息し、1～2匹構成。単純に距離でいえば最も近い。
ver: 2.3","2026-03-14 07:04:13","2026-03-22 14:24:05"
1354,349,182,287,"[""B5"",""G6"",""A5"",""F6""]",いつでも,1〜2,普通,西部や東部の海岸沿いにいますし、1〜2匹で出ます。,0,"[""FG-6とAB-5の砂浜にいる"",""[\"1-2匹@陸地\",\"FG-6とAB-5の砂浜にいる\"] \/ 1-2匹@陸地""]

西部や東部の海岸沿いに生息し、1～2匹構成。単純に距離でいえば最も近い。
ver: 2.3","2026-03-14 07:04:13","2026-03-22 19:03:37"
1355,351,182,287,"[""B5"",""G6""]",夜,1〜2,多い,夜だけ1〜2匹で出ます。す。シンボルの数はかなり多いです。,0,"[""[\"夜·1-2匹@B5付近＆町付近\",\"夜のみFG-6とAB-5の砂浜にいる\"] \/ 夜·1-2匹@B5付近＆町付近"",""夜のみFG-6とAB-5の砂浜にいる""]

夜限定。1～2匹構成。ナルビアの近くとB-5付近によくいる。シンボルの数はかなり多い。
ver: 3.2","2026-03-14 07:04:13","2026-03-23 06:22:38"
1356,722,182,287,"[""C3"",""C4"",""D3"",""D4"",""E3"",""E4"",""F3"",""F4"",""C5"",""D5"",""C6"",""D6"",""E5"",""F5"",""E6"",""F6""]",いつでも,6〜8,多い,海では6〜8匹で出ます。中央の円形の砂浜に広範囲で出現します。,1,"[""[\"6-8匹@海\",\"マップ中央の円形の砂浜に広範囲で出現します\"] \/ 6-8匹@海"",""マップ中央の円形の砂浜に広範囲で出現します""]

おすすめどころか、ここ一択。一度に6～8匹出る上に拠点から近く、シンボルも多い。範囲攻撃の準備を。
ver: 2.3","2026-03-14 07:04:13","2026-03-21 13:07:50"
1357,730,182,287,"[""F7"",""A7""]",いつでも,3〜4,,座標7〜8の木の生えてるところにいます。,1,"[""A-7とF-7の南の方にいる"",""[\"3-4匹@陸地\",\"A-7とF-7の南の方にいる\"] \/ 3-4匹@陸地""]

座標7～8の木の生えてるところにいる。3～4匹構成で討伐数稼ぎにはおすすめ。転生狙いなら他の場所へ。
ver: 2.3","2026-03-14 07:04:13","2026-03-21 13:28:40"
1359,265,192,293,"[""A1"",""A2"",""A3"",""A4"",""A5"",""A6"",""A7"",""A8"",""B1"",""B2"",""B3"",""B4"",""B5"",""B6"",""B7"",""B8"",""C1"",""C2"",""C3"",""C4"",""C5"",""C6"",""C7"",""C8"",""D1"",""D2"",""D3"",""D4"",""D5"",""D6"",""D7"",""D8"",""E1"",""E2"",""E3"",""E4"",""E5"",""E6"",""E7"",""E8"",""F1"",""F2"",""F3"",""F4"",""F5"",""F6"",""F7"",""F8"",""G1"",""G2"",""G3"",""G4"",""G5"",""G6"",""G7"",""G8"",""H1"",""H2"",""H3"",""H4"",""H5"",""H6"",""H7"",""H8""]",いつでも,2〜3,多い,2〜3匹で出ます。熔岩のまわりにシンボル。,1,"[""[\"2-3匹@全域\",\"マップ全域のマグマだまりに出現します\"] \/ 2-3匹@全域"",""マップ全域のマグマだまりに出現します""]

2～3匹構成。熔岩のまわりにシンボルあり。とはいえ、大量にシンボルがあるわけではないので地中ゴーグルは着けておこう。全域にいるが、B5あたりが熔岩が多いのでシンボルも多めか。
ver: 3.1","2026-03-14 07:05:12","2026-03-22 14:28:03"
1360,345,192,293,"[""B5"",""H5""]",いつでも,1〜2,多い,大体一分湧きくらいです。1〜2匹で出ます。,0,"[""[\"1-2匹@聖都前1-2匹@円盤前\",\"聖都エジャルナから出てすぐB-5と円盤の遺跡H-5あたりにもいる\"] \/ 1-2匹@聖都前1-2匹@円盤前"",""聖都エジャルナから出てすぐB-5と円盤の遺跡H-5あたりにもいる""]

聖都エジャルナ付近や、南東部の円盤の遺跡付近。探せばすぐ見つかる程度の数。大体一分湧きくらい。1～2匹構成。
ver: 3.1","2026-03-14 07:05:12","2026-03-22 18:58:19"
1361,384,192,293,"[""B5"",""H5""]",いつでも,1〜2,普通,1〜2匹で出ます。,0,"[""[\"1-2匹@聖都前1-2匹@円盤前\",\"聖都エジャルナから出てすぐB-5と円盤の遺跡H-5あたりにもいる\"] \/ 1-2匹@聖都前1-2匹@円盤前"",""聖都エジャルナから出てすぐB-5と円盤の遺跡H-5あたりにもいる""]

聖都エジャルナ付近や、南東部の別の領界からのつながる祭壇のある地域付近の植物のまわりに群がっている。1～2匹構成。
ver: 3.1","2026-03-14 07:05:12","2026-03-23 07:33:33"
1362,439,192,293,"[""C5"",""B5"",""D5"",""D4"",""E4"",""F4""]",いつでも,1〜2,多い,煉獄の谷〜聖都エジャルナにかかる橋までの広い範囲に出ます。1〜2匹。,1,"[""C-5の橋から北東側～煉獄の谷の方までずっとたくさんいる"",""[\"1-2匹@沿道\",\"C-5の橋から北東側～煉獄の谷の方までずっとたくさんいる\"] \/ 1-2匹@沿道""]

煉獄の谷～聖都エジャルナにかかる橋までの広い範囲に出現。1～2匹構成でシンボルの数は申し分なし。
ver: 3.1","2026-03-14 07:05:12","2026-03-23 09:54:59"
1363,447,192,293,"[""C5"",""D5"",""D4"",""E4"",""F4""]",いつでも,1〜2,多い,1〜2匹で出ます。大量!,1,"[""C-5の橋から北東側～煉獄の谷の方までずっとたくさんいる"",""[\"1-2匹@沿道\",\"C-5の橋から北東側～煉獄の谷の方までずっとたくさんいる\"] \/ 1-2匹@沿道""]

煉獄の谷～聖都エジャルナにかかる橋までの広い範囲に出現。1～2匹構成。あまりにシンボルが多かったため減らされたが、それでも十分な数。
ver: 3.1","2026-03-14 07:05:12","2026-03-23 10:13:50"
1364,636,192,293,"[""E5"",""E6""]",いつでも,1,多い,炎樹の丘の方E-5あたりにいます。,1,"[""[\"1匹@丘前\",\"炎樹の丘の方E-5あたりにいます\"] \/ 1匹@丘前"",""炎樹の丘の方E-5あたりにいます""]

炎樹の谷前の森（？）の部分に、シンボル多数。拠点から近いのも○。一匹構成なので慌てずに狩ろう。リンクは少々危険。
ver: 3.1","2026-03-14 07:05:12","2026-03-23 17:17:37"
1365,647,192,293,"[""E3"",""F5""]",いつでも,1,1〜2,E3のトンネル内に1匹、F-5のトンネル内に2匹いる。,1,"[""E-3のトンネル内に1匹、F-5のトンネル内に2匹いる"",""[\"1匹@洞くつ\",\"E-3のトンネル内に1匹、F-5のトンネル内に2匹いる\"] \/ 1匹@洞くつ""]","2026-03-14 07:05:12","2026-03-23 17:33:44"
1366,649,192,293,"[""F4"",""F5"",""G4"",""G5"",""E5"",""E4"",""D4"",""D5""]",いつでも,1,多い,特になし。,0,"[""[\"1匹@東西の沿道\",\"マップのほぼ全域にポツポツいます、炎樹の丘の方はいない\"] \/ 1匹@東西の沿道"",""マップのほぼ全域にポツポツいます、炎樹の丘の方はいない""]

アペカの村～煉獄の谷までの広い範囲に少数シンボル。後期からは南東部や西部にも出現するようになった。
ver: 3.3","2026-03-14 07:05:12","2026-03-23 17:37:47"
1367,304,194,294,"[""G5"",""H5"",""G6"",""H6""]",いつでも,1〜2,普通,洞くつでは1〜2匹で出ます。それぞれの階層をつなぐトンネル内にいます。,0,"[""1-2匹@洞くつ"",""それぞれの階層をつなぐトンネル内にいます""] / 1-2匹@洞くつ","2026-03-14 07:05:24","2026-03-22 17:20:31"
1368,393,194,294,"[""C3"",""C4"",""C5"",""D3"",""D4"",""D5"",""E3"",""E4"",""E5"",""F3"",""F4"",""F5""]",いつでも,1,多い,入ってすぐ、上層部に大量にシンボルです。一匹だが逃げられないので注意です。,0,"[""[\"1匹@道\",\"煉獄の谷に入ってすぐの上層にたくさんいます\"] \/ 1匹@道"",""煉獄の谷に入ってすぐの上層にたくさんいます""]

入ってすぐ、上層部に大量にシンボル。一匹構成だが逃げられないので注意。
ver: 3.1","2026-03-14 07:05:24","2026-03-23 07:44:13"
1369,595,194,294,"[""G5"",""H5"",""G6"",""H6""]",いつでも,1,普通,洞窟部分に複数シンボルです。湧きもそこそこ早い。上層部東側の洞窟部分は1匹で、他は1〜2匹で出ます。,1,"[""1-2匹@洞くつ"",""それぞれの階層をつなぐトンネル内にいます""] / 1-2匹@洞くつ

洞窟部分に複数シンボル。湧きもそこそこ早く、キラキラマラソン勢に絡みまくる。上層部東側の洞窟部分は1匹構成で、他は1～2匹構成。
ver: 3.1","2026-03-14 07:05:24","2026-03-23 15:47:11"
1370,617,194,294,"[""F5"",""G5""]",いつでも,1,多い,上層部のF5やG5のようなちょっと広いところに2シンボルずつありです。カイザードラゴンもいる。大体90秒くらいで湧きます。,0,"[""[\"1匹@広場\",\"上層のところどころにある少し広くなっている所にいます\"] \/ 1匹@広場"",""上層のところどころにある少し広くなっている所にいます""]

上層部のF-5やG-5のようなちょっと広いところに2シンボルずつあり。カイザードラゴンも近くにいることが多い。大体90秒くらいで次が湧く。
ver: 3.1","2026-03-14 07:05:24","2026-03-23 16:59:48"
1371,648,194,294,"[""F5"",""G5""]",いつでも,1,多い,上層部のF5やG5のようなちょっと広いところに1シンボルずつありです。大体90秒が湧きです。,0,"[""[\"1匹@広場\",\"上層のところどころにある少し広くなっている所にいます\"] \/ 1匹@広場"",""上層のところどころにある少し広くなっている所にいます""]

上層部のF-5やG-5のようなちょっと広いところに1シンボルずつあり。キングリザードも近くにいることが多い。大体90秒くらいで次が湧く。
ver: 3.1","2026-03-14 07:05:24","2026-03-23 17:35:41"
1372,304,194,295,"[""E2"",""F2"",""B5"",""B6"",""A6"",""A5"",""G6""]",いつでも,1〜2,普通,洞窟部分に埋まっています。シンボルの間隔はそこそこで1〜2匹で出ます。,0,"1-2匹@洞くつ

洞窟部分に埋まっている。シンボルの間隔はそこそこで1～2匹構成。ただしクリムゾングレイブが多く、非常に絡まれやすいのには注意しよう。
ver: 3.1","2026-03-14 07:05:24","2026-03-22 17:20:31"
1373,428,194,295,"[""E4"",""E3"",""F4"",""F3""]",いつでも,2,多い,中層でよく見かけます。,0,"[""[\"2匹@中央\",\"中層にたくさんいます\"] \/ 2匹@中央"",""中層にたくさんいます""]

中層に大量にシンボルあり。2匹構成固定のようだ。
ver: 3.1","2026-03-14 07:05:24","2026-03-23 09:34:32"
1374,595,194,295,"[""A5"",""B5"",""A6"",""B6"",""G5"",""H5"",""G6"",""H6"",""E1"",""F1"",""E2"",""F2""]",いつでも,1〜2,普通,洞窟部分に複数シンボルです。湧きもそこそこ早い。上層部東側の洞窟部分は1匹で、他は1〜2匹で出ます。,0,1-2匹@洞くつ,"2026-03-14 07:05:24","2026-03-23 15:47:11"
1375,616,194,295,"[""C4"",""E6""]",いつでも,1,少ない,C4、E6の中層のちょっと広くなっているところに、1シンボルずつです。,0,"[""[\"1匹@広場\",\"中層のところどころにある少し広くなっている所にいます\"] \/ 1匹@広場"",""中層のところどころにある少し広くなっている所にいます""]

C-4、E-6といった中層のちょっと広くなっているところに1シンボルずつ。2匹出て来ることもある。
ver: 3.1","2026-03-14 07:05:24","2026-03-23 16:56:45"
1376,238,194,296,"[""D4"",""D5""]",いつでも,3,多い,下層にたくさんいます。3匹固定です。遠い。。,0,"[""[\"3匹@中央\",\"下層にたくさんいる\"] \/ 3匹@中央"",""下層にたくさんいる""]

下層にたくさんいる。3匹固定。遠いのが難点か。
ver: 3.1","2026-03-14 07:05:24","2026-03-22 12:51:17"
1378,595,194,296,"[""C1"",""D1"",""C2"",""D2"",""A5"",""B5"",""A6"",""B6"",""A7"",""B7"",""A8"",""B8""]",いつでも,1〜2,普通,洞窟部分に複数シンボルです。湧きもそこそこ早い。上層部東側の洞窟部分は1匹で、他は1〜2匹で出ます。,0,1-2匹@洞くつ,"2026-03-14 07:05:24","2026-03-23 15:47:11"
1379,785,194,296,"[""D4"",""D5""]",いつでも,1〜2,普通,1〜2匹で出ます。下層にいます。,1,"[""[\"1-2匹@中央\",\"下層にいる\"] \/ 1-2匹@中央"",""下層にいる""]","2026-03-14 07:05:24","2026-08-03 09:46:34"
1380,964,194,296,"[""D4"",""D5""]",いつでも,1〜2,普通,1〜2匹で出ます。下層にいます。,1,"[""[\"1-2匹@中央\",\"下層にいる\"] \/ 1-2匹@中央"",""下層にいる""]","2026-03-14 07:05:24","2026-07-27 16:01:17"
1381,215,193,299,"[""D6"",""D7"",""E6"",""E7""]",いつでも,2〜3,多い,南では2〜3匹で出ます。南部の熔岩上の広めの陸地部分に広く分布する。,0,"[""E-6から南側エリアにいる、業炎の聖塔周辺にいっぱいいる"",""[\"2-3匹@南\",\"E-6から南側エリアにいる、業炎の聖塔周辺にいっぱいいる\"] \/ 2-3匹@南""]

南部の熔岩上の広めの陸地部分に広く分布するが、シンボルははっきりいってまばら。一応2～3匹構成だが、わざわざここで倒す必要はないだろう。
ver: 3.1","2026-03-14 07:05:38","2026-03-22 12:09:24"
1382,265,193,299,"[""C7"",""C8"",""B8"",""B7""]",いつでも,2〜3,多い,業炎の聖塔のまわりのマグマの中にいます。2〜3匹でおすすめ。,1,"[""[\"2-3匹@塔付近\",\"業炎の聖塔周辺のマグマの所にいっぱいいる、\"] \/ 2-3匹@塔付近"",""業炎の聖塔周辺のマグマの所にいっぱいいる、""]

業炎の聖塔のまわりのマグマの中にいる。2～3匹構成で、シスターからすぐで、かつシンボルも狭い範囲にそこそこで非常に戦いやすい。
ver: 3.1","2026-03-14 07:05:38","2026-03-22 14:28:03"
1383,405,193,299,"[""E6"",""C8"",""D8"",""C7"",""D7""]",いつでも,1〜2,多い,業炎の聖塔あたりによく見かけます。塔あたりでは1〜2匹で出ます。,0,"[""E-6から南側エリアにいる、業炎の聖塔周辺にいっぱいいる"",""[\"1-2匹@塔付近\",\"E-6から南側エリアにいる、業炎の聖塔周辺にいっぱいいる\"] \/ 1-2匹@塔付近""]

南部の熔岩上の広めの陸地部分に広く分布する。1～2匹構成だが、2匹が若干多め。業炎の聖塔のまわりが一番戦いやすいだろう。
ver: 3.1","2026-03-14 07:05:38","2026-03-23 08:50:34"
1384,424,193,299,"[""D3"",""E2"",""E3""]",いつでも,1〜2,多い,1〜2匹だが2匹で出ること多い。,0,"[""[\"1-2匹@北\",\"マティルの村から北のエリアにいます\"] \/ 1-2匹@北"",""マティルの村から北のエリアにいます""]

マティルの村の東部から北部にかけてシンボル多数。1～2匹構成だが2匹で出ること多め。フェザリアス山に近いあたりになるといなくなる。
ver: 3.1","2026-03-14 07:05:38","2026-03-23 09:27:44"
1385,441,193,299,"[""D4"",""D5"",""E4"",""E5"",""F4""]",いつでも,1〜2,多い,聖都エジャルナを出てすぐにかなり多めです。中央では1〜2匹で出ます。,0,"[""[\"1-2匹@中央\",\"マップ中央エリアにたくさんいます、聖都エジャルナから出るとすぐいる\"] \/ 1-2匹@中央"",""マップ中央エリアにたくさんいます、聖都エジャルナから出るとすぐいる""]

聖都エジャルナを出てすぐにうじゃうじゃ。
ver: 3.1","2026-03-14 07:05:38","2026-03-23 10:04:10"
1386,446,193,299,"[""D4"",""D5"",""E4"",""E5""]",いつでも,1〜2,多い,D-5の外周部分やE-5の中央の部分にいくつかシンボルがあり、1〜2匹で出ます。近いが地形が複雑なのと、,0,"[""[\"1-2匹@中央高台\",\"マップ中央のエリアにいるが数は少なめ、E-5の高い所あたりとかにいます\"] \/ 1-2匹@中央高台"",""マップ中央のエリアにいるが数は少なめ、E-5の高い所あたりとかにいます""]

D-5の外周部分やE5の中央の部分にいくつかシンボルがあり、1～2匹構成。近いが地形が複雑なのと、大量のアッシュリザードにリンクされるのには留意しよう。
ver: 3.1","2026-03-14 07:05:38","2026-03-23 10:12:30"
1387,461,193,299,"[""D2"",""D3"",""E2"",""E3""]",いつでも,1〜3,多い,1〜3匹で出ます。,1,"[""[\"1-3匹@北\",\"マティルの村から北のエリアにいます\"] \/ 1-3匹@北"",""マティルの村から北のエリアにいます""]

マティルの村付近からフェザリアス山にかけて大量にいる。小さい上に保護色で見づらい。1～3匹構成。なお、キラークリムゾンにリンクさせられる。
ver: 3.1","2026-03-14 07:05:38","2026-03-23 10:41:51"
1388,615,193,299,"[""D8"",""E7""]",いつでも,1〜3,普通,南のE7やD8の少し広くなっているところにいます。1〜3匹で出ます。,1,"[""[\"1-3匹@南\",\"南のE-7やD-8の少し広くなっているところにいる\"] \/ 1-3匹@南"",""南のE-7やD-8の少し広くなっているところにいる""]

南部の熔岩上の広めの陸地部分に広く分布する。1～3匹構成。業炎の聖塔近くのシンボルはガメゴンロードに駆逐された。
ver: 3.3","2026-03-14 07:05:38","2026-03-23 16:55:06"
1389,616,193,299,"[""D7"",""E7""]",いつでも,2,普通,2匹います。南部の熔岩上の細い陸地部分で道を塞いでいます。,0,"[""E-7の橋をふさぐ感じで立っている、2匹いる"",""[\"1匹@南\",\"E-7の橋をふさぐ感じで立っている、2匹いる\"] \/ 1匹@南""]

南部の熔岩上の細い陸地部分で道を塞いでいる。1匹構成。
ver: 3.1","2026-03-14 07:05:38","2026-03-23 16:56:45"
1390,649,193,299,"[""C8""]",いつでも,1,多い,業炎の聖塔あたりC8あたりにいる。,1,"[""[\"1匹@塔付近\",\"業炎の聖塔周辺C-8あたりにいっぱいいる\"] \/ 1匹@塔付近"",""業炎の聖塔周辺C-8あたりにいっぱいいる""]

業炎の聖塔のまわりに数シンボル。一番手軽だが、クエストに来ている人もいるので注意。
ver: 3.3","2026-03-14 07:05:38","2026-03-23 17:37:47"
1391,710,193,299,"[""F2""]",いつでも,2,1,マティルの村東に1シンボルです。11分湧きです。,1,"[""F-2あたりにいます"",""[\"2匹@F2\",\"F-2あたりにいます\"] \/ 2匹@F2""]

マティルの村東に1シンボル。通りすがりの冒険者を虐殺している。ちなみに一分湧き。
ver: 3.1","2026-03-14 07:05:38","2026-03-24 06:42:56"
1392,168,195,300,"[""F5"",""F6"",""G6"",""G5""]",いつでも,2,多い,南では2匹で出ます。第一層〜第二層の熔岩トンネル前までの場所に大量にいます。,1,"[""[\"2匹 \\\/ 2匹@南\",\"フェザリアス山に入ってすぐ第1層から2層にたくさん出現する\"] \/ 2匹 \/ 2匹@南"",""フェザリアス山に入ってすぐ第1層から2層にたくさん出現する""]

第一層～第二層の熔岩トンネル前までの場所に大量に生息。拠点からも近く、2匹構成なのでおすすめ。
ver: 3.1","2026-03-14 07:05:50","2026-03-22 10:31:48"
1393,416,195,300,"[""D6"",""D7"",""E6"",""E7""]",いつでも,3,多い,フェザリアス山に入ってすぐ第1層から2層にたくさん出現します。,1,"[""[\"3匹 \\\/ 3匹@南\",\"フェザリアス山に入ってすぐ第1層から2層にたくさん出現する\"] \/ 3匹 \/ 3匹@南"",""フェザリアス山に入ってすぐ第1層から2層にたくさん出現する""]

第一層～第二層の熔岩トンネル前までの場所に大量のシンボル。3匹固定なのでまものつかいがいなくても問題ないだろう。ただし、一箇所で狩っていると涸れるのと、グーシオンのリンクに注意。結晶作成している人が多いので、狩りに行く時間は考えよう。
ver: 3.1","2026-03-14 07:05:50","2026-03-23 09:05:05"
1394,486,195,300,"[""F5""]",いつでも,1,普通,第1層F5、第2層のE3/F5/F6などにいます。,0,"[""[\"1匹 \\\/ 1匹@F6\",\"第1層や第2層のF-5あたりの上空を飛んでいます、第3層E-3でも飛んでる\"] \/ 1匹 \/ 1匹@F6"",""第1層や第2層のF-5あたりの上空を飛んでいます、第3層E-3でも飛んでる""]

保護色になっているうえに上空を飛んでいるため非常に見つけづらい。またシンボルも非常に少なく、一匹構成の上、再湧きに約一分ほどかかるのでエモノ呼び必須。一番早いのは第一層F5だろう。他、第二層のF6やF5、E3などにもいる。
ver: 3.1","2026-03-14 07:05:50","2026-03-23 11:19:40"
1396,282,195,302,"[""C3"",""D3"",""E3""]",いつでも,1〜3,普通,熱そうなトンネルの中にいる。,0,"[""1匹@トンネル \/ 1-3匹@トンネル"",""第2層と3層の熱そうなトンネル内にいます""] / 1匹@トンネル / 1-3匹@トンネル","2026-03-14 07:05:50","2026-03-22 15:11:53"
1399,254,196,305,"[""C3"",""C4"",""C5"",""C6"",""D3"",""D4"",""D5"",""D6"",""E3"",""E4"",""E5"",""E6"",""F3"",""F4"",""F5"",""F6""]",いつでも,2,多い,2階の広間に複数のシンボルです。2匹で密度も多いです。,1,"[""2階の中央の大きな部屋にいる"",""[\"2匹@中央\",\"2階の中央の大きな部屋にいる\"] \/ 2匹@中央""]

2階の広間に複数のシンボル。2匹構成で密度も多い。
ver: 3.1","2026-03-14 07:06:24","2026-03-22 13:22:29"
1400,313,196,305,"[""C4"",""C5"",""D4"",""D5"",""E4"",""E5"",""D6"",""E6"",""C6"",""C3"",""D3"",""E3""]",いつでも,1〜2,,2階の広間にいます。1〜2匹で混成はなしです。E-3の通路側にも湧くことがあるらしい。,0,"[""2階の中央の大きな部屋にいる"",""[\"1-2匹@中央\",\"2階の中央の大きな部屋にいる\"] \/ 1-2匹@中央""]

2階の広間にいる。1～2匹構成で混成はなし。シンボルが密集しているわけではないが転生探しには最有力か。間違って他のモンスターにぶつかると逃げられないので注意。なお、E3の通路側に湧くことがあるので、どうも当たりづらいと感じたら確認してみよう。
ver: 3.2","2026-03-14 07:06:24","2026-03-22 17:37:29"
1401,336,196,305,"[""C3"",""C4"",""C5"",""C6"",""D3"",""D4"",""D5"",""D6"",""E3"",""E4"",""E5"",""E6"",""F3"",""F4"",""F5"",""F6""]",いつでも,1〜2,多い,1〜2匹で出ます。,0,"[""2階の中央の大きな部屋にいる"",""[\"1-2匹@中央\",\"2階の中央の大きな部屋にいる\"] \/ 1-2匹@中央""]

２階の広場に多数のシンボル。1～2匹構成。エンゼルアーマーを討伐していると、結構な頻度でぶつかってしまうと思われる。
ver: 3.2","2026-03-14 07:06:24","2026-03-22 18:38:06"
1402,636,196,305,"[""B4""]",いつでも,2,普通,2階と4階のB4の部屋にいます。,0,"[""2階と4階のB-4の部屋にいる"",""[\"2匹@B4\",\"2階と4階のB-4の部屋にいる\"] \/ 2匹@B4""]

2Fの黒箱取って落ちてきた先の部屋や4Fの黒箱のある部屋にシンボルあり。2匹出て来る。トラップ的な位置づけ。
ver: 3.1","2026-03-14 07:06:24","2026-03-23 17:17:37"
1403,873,196,305,"[""C3"",""C4"",""C5"",""C6"",""D3"",""D4"",""D5"",""D6"",""E3"",""E4"",""E5"",""E6"",""F3"",""F4"",""F5"",""F6""]",いつでも,2,多い,2階の広間に複数のシンボルです。2匹で密度も多いです。,1,"[""2階の中央の大きな部屋にいる"",""[\"2匹@中央\",\"2階の中央の大きな部屋にいる\"] \/ 2匹@中央""]

2階の広間に複数のシンボル。2匹構成で密度も多い。
ver: 3.1","2026-03-14 07:06:24","2026-03-22 13:22:29"
1404,462,196,307,"[""C3"",""C4"",""C5"",""C6"",""D3"",""D4"",""D5"",""D6"",""E3"",""E4"",""E5"",""E6"",""F3"",""F4"",""F5"",""F6""]",いつでも,1〜2,少ない,中央に出る。,0,"[""4階の中央で出現します"",""[\"1-2匹\",\"4階の中央で出現します\"] \/ 1-2匹""]

4階の通路にシンボルあり。キラーアーマーと比べるとシンボル少なめ。1～2匹構成。
ver: 3.1","2026-03-14 07:06:24","2026-03-23 10:50:03"
1405,539,196,307,"[""D4"",""D5"",""E4"",""E5""]",いつでも,1〜2,普通,1〜2匹で出ます。,0,"[""4階の中央で出現します"",""[\"1-2匹@中央\",\"4階の中央で出現します\"] \/ 1-2匹@中央""]

4階の通路にいくつかのシンボル。1～2匹構成。
ver: 4.2","2026-03-14 07:06:24","2026-03-23 14:10:46"
1406,636,196,307,"[""B4""]",いつでも,2,普通,2階と4階のB4の部屋にいます。,0,"[""2匹@B4"",""2階と4階のB-4の部屋にいる""]","2026-03-14 07:06:24","2026-03-23 17:17:37"
1407,78,198,312,"[""B2"",""B3"",""C2"",""C3"",""E2""]",いつでも,1〜4,多い,E-2あたりにいます。北西では1〜4匹で出ます。ほかの敵も混ざります。北西部の低地にもいます。,1,"[""E-2あたりにいます"",""[\"混1-4匹@北西\",\"E-2あたりにいます\"] \/ 混1-4匹@北西""]

北西部の低地に出現する。4匹まで出てくるようだ。こいつ自体は弱いが、スライムブレスが大量にくっついてくるので注意。高速で巡回しているシンボルもおり、なかなか避けにくい。
ver: 3.2","2026-03-14 07:06:45","2026-03-21 14:39:51"
1408,173,198,312,"[""G7""]",いつでも,1,少ない,クイーンスライムとデートをしています。邪魔したらだめ!,0,"[""[\"1匹@G7\",\"アヴィーロ遺跡の近くG-7に1匹います\"] \/ 1匹@G7"",""アヴィーロ遺跡の近くG-7に1匹います""]

アヴィーロ遺跡の入り口の北側でクイーンスライムとデートをしている。戦闘は一匹ずつ。
ver: 3.2","2026-03-14 07:06:45","2026-03-22 10:43:35"
1409,213,198,312,[],いつでも,,お供,コキュードスのお供のみです。,0,"[""[\"お供@コキュードス\",\"コキュードスのお供でのみ出現します\"] \/ お供@コキュードス"",""コキュードスのお供でのみ出現します""]

コキュードスのお供のみ。
ver: 3.2","2026-03-14 07:06:45","2026-03-22 12:01:50"
1410,244,198,312,"[""B2"",""B3"",""C2"",""C3"",""E2""]",いつでも,2〜4,普通,E-2あたりにいます。北西では2〜4匹で低地に徘徊しています。スライムブレスやくびなが大師が一緒に出ることもあります。,1,"[""E-2あたりにいます"",""[\"2-4匹@北西\",\"E-2あたりにいます\"] \/ 2-4匹@北西""]

北西部の低地に徘徊している。お供も合わせて、2～4匹構成になる。スライムブレスやくびなが大師がくっつくことも。ちなみにこの二種が同時にくっついてくることもある。
ver: 3.2","2026-03-14 07:06:45","2026-03-22 13:05:12"
1411,270,198,312,"[""C3""]",いつでも,1〜3,多い,C-3にまとまっています。C-3では1〜3匹で出ます。おすすめです。,1,"[""C-3に固まっている"",""[\"1-3匹@C3\",\"C-3に固まっている\"] \/ 1-3匹@C3""]

おすすめ。C-3付近にそこそこのシンボル。一度に現れる数は1～3匹。スライムブレスが2匹までくっついてきて、合計2～3匹構成になる。
ver: 3.2","2026-03-14 07:06:45","2026-03-22 14:41:58"
1412,472,198,312,"[""E2"",""F2"",""D2"",""C3""]",いつでも,2〜3,多い,2〜3匹で出ます。おすすめ。,1,"[""G-1の円盤の遺跡から西D-2くらいまでたくさんいる、C-3にもいる"",""[\"2-3匹@北\",\"G-1の円盤の遺跡から西D-2くらいまでたくさんいる、C-3にもいる\"] \/ 2-3匹@北""]

北部に広く出現。F～GやCにかけては2～3匹構成、Eだと1～3匹に加えてつららスライムがくっついてくることがある。単体では出現しないと思われる。また、Dあたりのスノーモンに3匹までくっついてくるほか、つららスライムやアイスボンバーに2匹までくっついてくる。
ver: 3.2","2026-03-14 07:06:45","2026-03-23 10:59:40"
1413,487,198,312,"[""B6"",""B7"",""C6"",""C7"",""E7"",""D7"",""D6""]",いつでも,2〜4,多い,1〜4匹です。おすすめ。,1,"[""[\"2-4匹@南西\",\"イーサの村を出てすぐ、東にE-7あたりまでいます\"] \/ 2-4匹@南西"",""イーサの村を出てすぐ、東にE-7あたりまでいます""]

イーサの村からカーレルの氷雪洞にかけてシンボル多数。1～4匹構成。周りのモンスターのリンクには注意。ダースギズモにリンクされると5匹構成になることもある。トロルキングにくっつくこともある。
ver: 3.2","2026-03-14 07:06:45","2026-03-23 11:21:06"
1414,492,198,312,"[""B6"",""B7"",""C6"",""C7"",""D7"",""D6""]",いつでも,1〜3,普通,イーサの村〜カーレルの氷雪洞にかけて出ます。1〜3匹で出ます。,0,"[""[\"1-3匹@南西\",\"イーサの村を出てすぐ、東にE-7あたりまでいます\"] \/ 1-3匹@南西"",""イーサの村を出てすぐ、東にE-7あたりまでいます""]

イーサの村～カーレルの氷雪洞にかけて出現。1～3匹構成。
ver: 3.2","2026-03-14 07:06:45","2026-03-23 11:29:09"
1415,499,198,312,"[""F6"",""F7"",""G6"",""G7""]",いつでも,2〜3,多い,2〜3匹で出ます。メガンテ!,0,"[""[\"2-3匹@南東\",\"アヴィーロ遺跡周辺FG-7にたくさんいる\"] \/ 2-3匹@南東"",""アヴィーロ遺跡周辺FG-7にたくさんいる""]

アヴィーロ遺跡の近辺にごろごろ転がっている。2～3匹構成。結構メガンテを使うので対策を忘れずに。
ver: 3.2","2026-03-14 07:06:45","2026-03-23 11:39:58"
1416,508,198,312,"[""G7""]",いつでも,1,少ない,アヴィーロ遺跡の入り口の北側でキングスライムとデートをしていますが、血気盛んで襲ってきます。デートしておけ。1分で湧きます。,0,"[""[\"1匹@G7\",\"アヴィーロ遺跡の近くG-7に1匹います\"] \/ 1匹@G7"",""アヴィーロ遺跡の近くG-7に1匹います""]

アヴィーロ遺跡の入り口の北側でキングスライムとデートをしている。ただしこちらを発見すると向かってくる。約1分湧き。
ver: 4.0","2026-03-14 07:06:45","2026-03-23 12:46:40"
1417,535,198,312,"[""C2""]",いつでも,1〜2,多い,C-2の高所にまとまっています。ちょっと遠い。,0,"[""C-2の高所に固まっている"",""[\"1-2匹@C2\",\"C-2の高所に固まっている\"] \/ 1-2匹@C2""]

C-2の部分に出現する。1～2匹構成で、コープスフライが2匹までくっついて合計で2～3匹構成になる。
ver: 3.2","2026-03-14 07:06:45","2026-03-26 14:35:24"
1418,551,198,312,"[""D2"",""E2"",""G1"",""F2""]",いつでも,1〜2,多い,北部の低地に出ます。シンボルはそこそこです。1〜2匹のほか、スライムブレスが一緒に出ることもあります。,1,"[""G-1の円盤の遺跡から西D-2くらいまでたくさんいる"",""[\"1-2匹@北\",\"G-1の円盤の遺跡から西D-2くらいまでたくさんいる\"] \/ 1-2匹@北""]

北部の低地に出現する。シンボルはそこそこ。1～2匹構成のほか、スライムブレスがくっつくことも。また、つららスライムのお供に現れることもある。
ver: 3.2","2026-03-14 07:06:45","2026-03-23 14:39:29"
1419,570,198,312,"[""F7"",""G7""]",いつでも,1〜2,多い,南東では1〜2匹で出ます。2匹で出ます。,1,"[""[\"1-2匹@南東\",\"アヴィーロ遺跡周辺FG-7にたくさんいる\"] \/ 1-2匹@南東"",""アヴィーロ遺跡周辺FG-7にたくさんいる""]

2匹構成。氷晶の聖塔のほうはダースギズモがうざいので、こいつだけを狙うのであればこちら。
ver: 3.2","2026-03-14 07:06:45","2026-03-23 15:13:27"
1420,643,198,312,"[""B6"",""B7"",""C6"",""C7""]",いつでも,1〜2,少ない,数は少なめです。南西では1〜2匹で出ます。お供つきです。,0,"[""C-6やD－7あたりにいる、数は少なめ"",""[\"1-2匹+供@南西\",\"C-6やD－7あたりにいる、数は少なめ\"] \/ 1-2匹+供@南西""]

イーサの村からカーレルの氷雪洞にかけて出現する。2～3匹構成もあり、フラッペリンがくっついてくることもある。遠くからもリンクするので注意。
ver: 3.2","2026-03-14 07:06:45","2026-03-23 17:27:07"
1421,81,201,315,"[""C7"",""D5"",""D6"",""C6"",""C5""]",いつでも,2〜4,普通,湧きそこそこ早いです。イエティにも1〜2匹ついてくることがあります。,1,"[""1階の南西エリアD-5からC-7にいます""]

D-5～C-7にかけて出現。湧きもそこそこ早い。こいつ自体は2～4匹だが、イエティがくっついて必ず4匹構成で現れるようだ。イエティにも1～2匹くっついてくる。
ver: 3.2","2026-03-14 07:07:04","2026-03-21 14:47:43"
1422,97,201,315,"[""E3"",""E4"",""E5"",""F3"",""F4"",""F5"",""G5"",""G4"",""G3""]",いつでも,1〜2,多い,入ってすぐの広場と次の広場でよく見かけます。1階のE〜Gにかけています。,0,"[""入ってすぐの広い所と次の広い所にたくさんいます""]

1階のE～Gにかけて生息。こいつ自体は1～2匹。メーダクインやブリザードマンがくっついて2～3匹構成となる。F5などでは両方くっついて4匹構成になることも。
ver: 3.2","2026-03-14 07:07:04","2026-03-21 16:07:25"
1423,124,201,315,"[""C7"",""D5"",""C5"",""C6"",""D6"",""D7""]",いつでも,2〜4,普通,湧きはまあまあ早いです。モコモコじゅうにも1〜2匹ついてくることがあります。,1,"[""1階の南西エリアD-5からC-7にいます""]

D-5～C-7にかけて出現。湧きもそこそこ早い。こいつ自体は2～4匹だが、モコモコじゅうがくっついて必ず4匹構成で現れるようだ。モコモコじゅうにも1～2匹くっついてくる。
ver: 3.2","2026-03-14 07:07:04","2026-03-21 18:38:59"
1424,161,201,315,"[""E3"",""E4"",""F3"",""F4"",""G3"",""G4"",""E5"",""F5"",""G5"",""G6"",""F6"",""E6""]",いつでも,1〜3,多い,1階のE〜Gにかけています。ブリザードマンのシンボルにもついてくることがあります。,0,"[""入ってすぐの広い所と次の広い所にたくさんいます""]

1階のE～Gにかけて生息。こいつ自体は1～3匹。ブリザードマンがくっついて2～3匹構成となる。ブリザードマンのシンボルにもくっついてくる。
ver: 3.2","2026-03-14 07:07:04","2026-03-22 10:14:26"
1425,503,201,315,"[""E3"",""E4"",""F3"",""F4"",""G3"",""G4""]",いつでも,1〜3,多い,1階のE〜Gにかけています。2〜3匹でメーダクインが一緒に出ます。また、だいおうキッズやメーダクインについてくることがあります。,0,"[""[\"1-3匹\",\"入ってすぐの広い所と次の広い所にたくさんいます\"] \/ 1-3匹"",""入ってすぐの広い所と次の広い所にたくさんいます""]

1階のE～Gにかけて生息。2～3匹構成でメーダクインがくっつく。また、だいおうキッズやメーダクインにくっついてくる。
ver: 3.2","2026-03-14 07:07:04","2026-03-23 12:12:03"
1426,813,201,315,"[""E3"",""E4"",""E5"",""F3"",""F4"",""F5"",""G5"",""G4"",""G3""]",いつでも,1〜2,多い,入ってすぐの広場と次の広場でよく見かけます。1階のE〜Gにかけています。,0,"[""入ってすぐの広い所と次の広い所にたくさんいます""]

1階のE～Gにかけて生息。こいつ自体は1～2匹。メーダクインやブリザードマンがくっついて2～3匹構成となる。F5などでは両方くっついて4匹構成になることも。
ver: 3.2","2026-03-14 07:07:04","2026-03-21 16:07:25"
1427,263,201,316,"[""A1"",""A2"",""A3"",""A4"",""A5"",""A6"",""A7"",""A8"",""B1"",""B2"",""B3"",""B4"",""B5"",""B6"",""B7"",""B8"",""C1"",""C2"",""C3"",""C4"",""C5"",""C6"",""C7"",""C8"",""D1"",""D2"",""D3"",""D4"",""D5"",""D6"",""D7"",""D8"",""E1"",""E2"",""E3"",""E4"",""E5"",""E6"",""E7"",""E8"",""F1"",""F2"",""F3"",""F4"",""F5"",""F6"",""F7"",""F8"",""G1"",""G2"",""G3"",""G4"",""G5"",""G6"",""G7"",""G8"",""H1"",""H2"",""H3"",""H4"",""H5"",""H6"",""H7"",""H8""]",いつでも,1〜2,普通,1-2匹で出ます。地底湖エリア一帯にいます。,0,"[""1-2匹"",""地底湖エリア一帯にいます""] / 1-2匹","2026-03-14 07:07:04","2026-03-22 14:24:05"
1428,546,201,316,"[""A1"",""A2"",""A3"",""A4"",""A5"",""A6"",""A7"",""A8"",""B1"",""B2"",""B3"",""B4"",""B5"",""B6"",""B7"",""B8"",""C1"",""C2"",""C3"",""C4"",""C5"",""C6"",""C7"",""C8"",""D1"",""D2"",""D3"",""D4"",""D5"",""D6"",""D7"",""D8"",""E1"",""E2"",""E3"",""E4"",""E5"",""E6"",""E7"",""E8"",""F1"",""F2"",""F3"",""F4"",""F5"",""F6"",""F7"",""F8"",""G1"",""G2"",""G3"",""G4"",""G5"",""G6"",""G7"",""G8"",""H1"",""H2"",""H3"",""H4"",""H5"",""H6"",""H7"",""H8""]",いつでも,2〜3,普通,2-3匹で出ます。地底湖エリア一帯にいます。まあ遠いがおすすめ。,1,"[""2-3匹"",""地底湖エリア一帯にいます""] / 2-3匹","2026-03-14 07:07:04","2026-03-23 14:22:34"
1429,304,199,317,"[""F6""]",いつでも,2〜4,多い,F-6部分に大量に埋まっています。1〜4匹です。,1,"[""F-6の飛び出した島みたいなところにいます"",""[\"2-4匹@F6\",\"F-6の飛び出した島みたいなところにいます\"] \/ 2-4匹@F6""]

F-6部分に大量に埋まっている。1～4匹構成。
ver: 3.2","2026-03-14 07:07:13","2026-03-22 17:20:31"
1430,369,199,317,"[""D4"",""D5""]",いつでも,2〜3,普通,おすすめです。D-4〜D-5にかけてそこそこのシンボルです。2〜3匹で出ます。,1,"[""D-4あたりに出現"",""[\"2-3匹@中央\",\"D-4あたりに出現\"] \/ 2-3匹@中央""]

おすすめ。D-4～D-5にかけてそこそこのシンボル。2～3匹構成。
ver: 3.2","2026-03-14 07:07:13","2026-03-23 06:50:11"
1431,476,199,317,"[""F6"",""F7""]",いつでも,3〜4,多い,3〜4匹で、アバランチャーに1〜3匹ついてくることがあります。,1,"[""[\"3-4匹@南東\",\"南の氷晶の聖塔から円盤の遺跡まですごいいます\"] \/ 3-4匹@南東"",""南の氷晶の聖塔から円盤の遺跡まですごいいます""]

No.411(氷の上のぬくもり)クエ対象 氷晶の聖塔から南東に向かうとシンボルうじゃうじゃ。3～4匹構成で、アバランチャーに1～3匹くっついてくる。
ver: 3.2","2026-03-14 07:07:13","2026-03-23 11:06:08"
1432,477,199,317,"[""D2"",""D3"",""E2"",""E3""]",いつでも,2〜4,多い,2〜4匹です。恵みの木からD-3にかけて大量にいます。,1,"[""D-3あたりに固まっています"",""[\"2-4匹@北\",\"D-3あたりに固まっています\"] \/ 2-4匹@北""]

2～4匹構成。恵みの木からD-3にかけて大量にいる。
ver: 3.2","2026-03-14 07:07:13","2026-03-23 11:06:49"
1433,559,199,317,"[""F6"",""F7"",""G6"",""G7"",""C4""]",いつでも,1〜2,多い,ぬくぬくどりが3匹までついてくることがあります。C4氷柱のまわりは2シンボルがそれなりに早く湧くので戦いやすい。,0,"[""[\"1-2匹+供@南東\",\"南の氷晶の聖塔から円盤の遺跡までたくさんいます\"] \/ 1-2匹+供@南東"",""南の氷晶の聖塔から円盤の遺跡までたくさんいます""]

氷晶の聖塔から南東へ向かうとそこそこのシンボルがいる。こいつ自体は1～2匹現れ、ぬくぬくどりが3匹までくっついてくる。大魔獣イーギュアと戦う時にリンクされないように注意。C-4氷柱のまわりは2シンボルがそれなりに早く湧くので戦いやすい。
ver: 3.2","2026-03-14 07:07:13","2026-03-23 15:00:02"
1434,635,199,317,"[""D4"",""D5"",""D3""]",いつでも,1〜2,4,D3〜5にかけて4シンボルほどです。1〜2匹で出ます。,0,"[""D-4あたりに出現"",""[\"1-2匹@中央\",\"D-4あたりに出現\"] \/ 1-2匹@中央""]

D-3～5にかけて4シンボルほど。1～2匹構成。
ver: 3.2","2026-03-14 07:07:13","2026-03-23 17:16:22"
1435,711,199,317,"[""C4"",""E6""]",いつでも,3,少ない,それぞれ1シンボルです。,1,"[""[\"3匹@E4&F7\",\"ナドラガ神のほこらのそばE-4にいます\"] \/ 3匹@E4&F7"",""ナドラガ神のほこらのそばE-4にいます""]

E-4とF-7にそれぞれ1シンボル。特に南部はキラキラポイント付近にいるため、キラキラマラソンをするプレイヤーの脅威となっている。
ver: 3.2","2026-03-14 07:07:13","2026-03-24 06:42:47"
1438,556,202,1033,"[""C2""]",いつでも,1〜3,普通,苗木の層の下C-2の小部屋にいます。,0,"[""1-3匹@C2"",""苗木の層(下)C-2の小部屋にいる""] / 1-3匹@C2","2026-03-14 07:07:19","2026-03-23 14:44:32"
1440,246,202,1034,"[""F6""]",いつでも,4,3,若木の層F-6のところに3シンボルです。4匹です。湧きはよくなく、すぐに涸れるので注意です。,1,"[""4匹@F6"",""若木の層(下)F-6の中部屋にいる""] / 4匹@F6

若木の層F-6のところに3シンボル。4匹構成。湧きはよくなく、すぐに涸れるので注意。
ver: 3.2","2026-03-14 07:07:19","2026-03-23 08:31:49"
1441,492,202,1035,"[""D4"",""D5"",""E4"",""E5""]",いつでも,2〜3,多い,中央では2〜3匹で出ます。若木の層の上の大部屋でよく見かけます。,0,"[""2-3匹@中央"",""若木の層(上)の大部屋にたくさんいます""] / 2-3匹@中央

若木の層下層部に出現。こいつ自体は2～3匹。これにデスマーキュリーがくっついて最大4匹構成。敵の攻撃が激しいので一気に殲滅できないとつらい。
ver: 3.2","2026-03-14 07:07:19","2026-03-23 11:29:09"
1442,570,202,1035,"[""D4"",""D5"",""E4"",""E5""]",いつでも,1〜2,多い,1〜2匹にカーディナルナイトが一緒に出ます。ダースギズモやカーディナルナイトにもくっついて出てきます。,1,"[""1-2匹@中央"",""若木の層(上)の大部屋にたくさんいます""] / 1-2匹@中央

若木の層の下層側に出現する。1～2匹構成にカーディナルナイトがくっつくほか、ダースギズモや同層のカーディナルナイトのシンボルにもくっついてくる。
ver: 3.2","2026-03-14 07:07:19","2026-03-23 15:13:27"
1443,306,202,1036,"[""C6""]",いつでも,1〜2,普通,湧きが大変悪いです。,0,"[""1-2匹@C6"",""成木の層(下)C-6の中部屋にいる""] / 1-2匹@C6

成木の層C-6に3シンボル。1～2匹構成。湧きが大変悪い。
ver: 3.2","2026-03-14 07:07:19","2026-03-23 08:34:12"
1450,284,203,320,"[""D2""]",いつでも,1〜2,多い,1〜2匹で出て、スピリットフレイムかデスストーカーも混ざります。,0,"[""D-2に固まっている"",""[\"1-2匹@D2\",\"D-2に固まっている\"] \/ 1-2匹@D2""]

D2に少数のシンボルが密集している。1～2匹構成で、スピリットフレイムかデスストーカーが混成する。
ver: 3.3","2026-03-14 07:07:33","2026-03-22 15:17:54"
1451,318,203,320,"[""D6"",""D7"",""E6"",""E7"",""D8"",""E4"",""E5"",""F4"",""F5"",""F6"",""F7"",""E8""]",いつでも,1〜3,多い,E-8まで1〜3匹で出ます。E5あたりからは2〜3匹で、くびかりぞくが2匹まで一緒に出ることがあります。,1,"[""[\"1-3匹+供@南\",\"円盤の遺跡からすぐ出現して北にE－4あたりまでいます\"] \/ 1-3匹+供@南"",""円盤の遺跡からすぐ出現して北にE－4あたりまでいます""]

D-8からF-4にかけて多数のシンボル。E-8までは1～3匹構成。E-5あたりからは2～3匹構成で、くびかりぞくが2匹までくっつくことがある。
ver: 3.3","2026-03-14 07:07:33","2026-03-22 17:51:31"
1452,360,203,320,"[""C2""]",いつでも,2〜3,普通,2〜3匹で出ます。一人でゆっくりやると永遠に狩れます。,1,"[""C-2あたりにいます"",""[\"2-3匹@C2\",\"C-2あたりにいます\"] \/ 2-3匹@C2""]

C2に少数のシンボル。2～3匹構成。それなりにリポップは早い。密集度はここが一番。
ver: 3.3","2026-03-14 07:07:33","2026-03-23 06:34:58"
1453,493,203,320,"[""C2"",""C3""]",いつでも,1〜3,多い,北西では1〜3匹で出てほかの敵も混ざります。,1,"[""C-2・3にいっぱいいます"",""[\"混1-3匹@北西\",\"C-2・3にいっぱいいます\"] \/ 混1-3匹@北西""]

D-2～3に多数のシンボル。1～3匹構成で、デスストーカーが混成する。また、ウドラーのシンボルにくっついてくることがある。デスストーカーのいるエリアとそれ以外とでは構成が異なり、前者では単体出現することがなく、後者ではデスストーカーが混成することがない。
ver: 3.3","2026-03-14 07:07:33","2026-03-23 11:30:40"
1454,495,203,320,"[""E4"",""F4""]",いつでも,1〜3,多い,F6は1〜2匹、F5は3匹で出ます。亡者のひとだまに2匹まで一緒に出てくることがある。,1,"[""E-4・5・6あたりで出現します"",""[\"1-3匹@F4付近\",\"E-4・5・6あたりで出現します\"] \/ 1-3匹@F4付近""]

F-4にかけて多数のシンボル。F-6あたりは1～2匹構成。F-5あたりでは3匹構成。亡者のひとだまに2匹までくっつくことがある。
ver: 3.3","2026-03-14 07:07:33","2026-03-23 11:32:55"
1455,507,203,320,"[""B2"",""B3"",""C2"",""C3"",""D4"",""D3""]",いつでも,1〜3,少ない,1〜3匹で出ます。スピリットフレイムやウドラーも混ざります。,1,"[""D-4から北側に出現します"",""[\"1-3匹@北西\",\"D-4から北側に出現します\"] \/ 1-3匹@北西""]

D-4あたりにシンボルが少数のほか、D-2までの間を徘徊しているものもある。1～3匹構成。スピリットフレイムやウドラーに混成する。
ver: 3.3","2026-03-14 07:07:33","2026-03-23 12:39:39"
1456,615,203,320,"[""B4""]",いつでも,1〜2,2,B4に2シンボルです。1〜2匹で出ます。それなりに早く湧きます。すぐに見つかるのがよき。,1,"[""B-4にいます"",""[\"1-2匹@B4\",\"B-4にいます\"] \/ 1-2匹@B4""]

B-4に2シンボル。1～2匹構成。それなりに早く湧く。一度に出る数は少ないが、探さなくていいためおすすめ。
ver: 3.3","2026-03-14 07:07:33","2026-03-23 16:55:06"
1457,775,203,320,"[""C2""]",いつでも,2〜3,普通,2〜3匹で出ます。一人でゆっくりやると永遠に狩れます。,1,"[""C-2あたりにいます"",""[\"2-3匹@C2\",\"C-2あたりにいます\"] \/ 2-3匹@C2""]

C2に少数のシンボル。2～3匹構成。それなりにリポップは早い。密集度はここが一番。
ver: 3.3","2026-03-14 07:07:33","2026-03-23 06:34:58"
1458,420,204,323,"[""B3"",""D4"",""C4"",""C3""]",いつでも,2〜4,普通,カーラモーラ村から入ってすぐの上層B-3からD-4までいます。,1,"[""[\"単2-4匹@西単3-4匹@D4\",\"カーラモーラ村から入ってすぐの上層B-3からD-4までいます\"] \/ 単2-4匹@西単3-4匹@D4"",""カーラモーラ村から入ってすぐの上層B-3からD-4までいます""]","2026-03-14 07:07:58","2026-03-23 09:10:05"
1459,429,204,323,"[""E6""]",いつでも,2〜4,普通,上層のE-6に固まっています。お供付き。,0,"[""[\"2-4匹+供@E6\",\"上層のE-6に固まっています\"] \/ 2-4匹+供@E6"",""上層のE-6に固まっています""]","2026-03-14 07:07:58","2026-03-23 09:36:11"
1460,674,204,323,"[""E5""]",いつでも,1〜3,2,上層E5に2シンボルです。ドラゴスライムが1〜3匹ついてくることがあります。1分湧きです。,0,"[""[\"1匹+供@E6\",\"上層のE-6に2匹います\"] \/ 1匹+供@E6"",""上層のE-6に2匹います""]

上層E-5に2シンボル。たまに寝ている。ドラゴスライムが1～3匹くっついてくる。1分湧き。
ver: 5.5","2026-03-14 07:07:58","2026-03-23 18:06:45"
1461,62,204,324,"[""F4"",""F5"",""G4"",""G5"",""G6"",""F6""]",いつでも,1〜3,普通,下層F-5からG-6にかけてかなりのシンボルです。1〜3匹でシルエトが2匹まで混ざり、4匹です。,1,"[""[\"1-3匹+供@東\",\"下層FG-5にいます\"] \/ 1-3匹+供@東"",""下層FG-5にいます""]

下層F5からG6にかけてかなりのシンボルが徘徊。1～3匹構成でシルエトが2匹まで混ざり、4匹構成。
ver: 3.3","2026-03-14 07:07:58","2026-03-21 13:48:17"
1462,312,204,324,"[""E5"",""E6""]",いつでも,1〜2,普通,お供つきです。,0,"[""[\"1-2匹+供@E5\",\"下層E-6あたりにいる\"] \/ 1-2匹+供@E5"",""下層E-6あたりにいる""]","2026-03-14 07:07:58","2026-03-22 17:35:07"
1463,469,204,324,"[""C4"",""C5"",""C3"",""E7"",""E5"",""E6"",""D6"",""D5""]",いつでも,1〜2,多い,下層の全域に出現します。C3〜F7にシンボルがたくさんいます。1〜2匹で出ます。,1,"[""[\"1-2匹@西＆中\",\"下層の全域に出現します\"] \/ 1-2匹@西＆中"",""下層の全域に出現します""]

下層のC3～F7にかけてシンボル多数。1～2匹構成。ダークキャンドルやブラックベジターにくっついてくることも。
ver: 3.3","2026-03-14 07:07:58","2026-03-23 10:56:03"
1464,478,204,324,"[""C3""]",いつでも,1〜2,普通,C-3では1〜2匹で出て、ケミカルゼリーがついてくることがあります。ナイトメアリーフを乱獲しよう!,1,"[""[\"1-2匹+供@C3\",\"下層C-3にいる\"] \/ 1-2匹+供@C3"",""下層C-3にいる""]

下層C-3あたりにシンボルがいくつかある。1～2匹構成で、ケミカルゼリーがくっついてくる。ナイトメアリーフで大人気。
ver: 3.3","2026-03-14 07:07:58","2026-03-23 11:08:14"
1465,481,204,324,"[""F6""]",いつでも,1,普通,お供つきです。下層F-6あたりにいます。,0,"[""[\"1匹+供@中\",\"下層F-6あたりにいる\"] \/ 1匹+供@中"",""下層F-6あたりにいる""]","2026-03-14 07:07:58","2026-03-23 11:10:19"
1466,514,204,324,"[""C4"",""F5""]",いつでも,1〜2,普通,お供つきです。下層C-4、F-5にいます。,1,"[""[\"1-2匹+供@東\",\"下層C-4とF-5にいる\"] \/ 1-2匹+供@東"",""下層C-4とF-5にいる""]","2026-03-14 07:07:58","2026-03-23 13:34:18"
1467,766,204,324,"[""E5"",""E6""]",いつでも,1〜2,普通,お供つきです。,0,"[""[\"1-2匹+供@E5\",\"下層E-6あたりにいる\"] \/ 1-2匹+供@E5"",""下層E-6あたりにいる""]","2026-03-14 07:07:58","2026-03-22 17:35:07"
1468,29,205,325,"[""G5"",""D7"",""E7"",""E8"",""D8"",""F5""]",いつでも,1〜4,普通,上弦では1〜4匹で出ます。お供つきです。満月では1〜2匹で出ます。南の満月の環と東の上弦の環にいます。上弦の環と満月の環にシンボルです。,1,"[""[\"1-4匹+供@上弦1-2匹+供@満月\",\"南の満月の環と東の上弦の環にいます\"] \/ 1-4匹+供@上弦1-2匹+供@満月"",""南の満月の環と東の上弦の環にいます""]

上弦の環と満月の環にシンボル。上弦の環では1～4匹構成で、メタルドラゴンが2匹までくっついたりする。満月の環にでは1～2匹構成なのに加え、メカバーンが3匹までくっついてくる。メカバーンのシンボルについてくることもある。お供の種類を考えると、上弦の環がいいだろう。
ver: 3.3","2026-03-14 07:08:08","2026-03-21 13:03:40"
1469,76,205,325,"[""B5"",""C5""]",いつでも,1〜3,普通,1〜3匹なのに加え、メタルドラゴンが2匹までついてくることがあります。,0,"[""[\"混1-4匹@下弦\",\"西の下弦の環にいます\"] \/ 混1-4匹@下弦"",""西の下弦の環にいます""]

下弦の環に出現する。1～3匹構成なのに加え、メタルドラゴンが2匹までくっついてくる。
ver: 3.3","2026-03-14 07:08:08","2026-03-21 14:18:42"
1470,129,205,325,"[""B4"",""C4"",""C3"",""B3"",""B6"",""C6"",""C7"",""B7"",""F7"",""F6"",""G6"",""G7"",""G4"",""F4"",""F3"",""G3""]",いつでも,1〜4,多い,各輪をつなぐ回廊部分の北西部と南東部に出ます。1〜4匹でダースギズモが混ざることがあります。南東部分にシンボル多めです。,1,"[""[\"混1-4匹@回廊\",\"南東の通路にたくさんいて、北西の通路に少しいる\"] \/ 混1-4匹@回廊"",""南東の通路にたくさんいて、北西の通路に少しいる""]

各輪をつなぐ回廊部分の北西部と南東部に出現する。1～4匹構成でダースギズモが混ざることがある。南東部分にシンボル多め。
ver: 3.3","2026-03-14 07:08:08","2026-03-23 08:37:08"
1471,204,205,325,"[""C3"",""B4"",""B6"",""C7""]",いつでも,1〜3,多い,各環をつなぐ回廊の北西部と南西部にシンボルです。南西部がシンボル多めです。,1,"[""[\"1-3匹+供@回廊\",\"南西の通路にたくさんいて、北西の通路に少しいる\"] \/ 1-3匹+供@回廊"",""南西の通路にたくさんいて、北西の通路に少しいる""]

各環をつなぐ回廊の北西部と南西部にシンボル。南西部がシンボル多めか。1～3匹構成なのに加え、ダースギズモが2匹までくっついてくる。リンクすると5匹構成もある。
ver: 3.3","2026-03-14 07:08:08","2026-03-22 11:47:43"
1472,241,205,325,"[""C3"",""C4"",""F3"",""F4"",""G3"",""G4"",""B4"",""B3""]",いつでも,1〜2,多い,回廊では1〜2匹で出ます。お供つきです。北東の通路にたくさんいる。,0,"[""[\"1-2匹+供@回廊\",\"北東の通路にたくさんいて、北西の通路に少しいる\"] \/ 1-2匹+供@回廊"",""北東の通路にたくさんいて、北西の通路に少しいる""]

各環をつなぐ回廊の北西部と北東部にシンボル。1～2匹構成で、ダースギズモが2匹ほどくっつくこともある。北東部がシンボル多め。
ver: 3.3","2026-03-14 07:08:08","2026-03-22 12:57:54"
1473,492,205,325,"[""D3"",""F3"",""F4"",""G4"",""G3"",""D4"",""C4"",""C3""]",いつでも,2〜3,多い,各輪をつなぐ回廊にいる。まわりにいるおどるほうせきやパペットロープ、ニードルマンに混ざることがあります。北西部にシンボルたくさんいます。,1,"[""[\"2-3匹@回廊\",\"環をつなぐ4つの通路のどこにでもいる\"] \/ 2-3匹@回廊"",""環をつなぐ4つの通路のどこにでもいる""]

各輪をつなぐ回廊部分に出現する。こいつのシンボルにぶつかった場合は2～3匹構成。まわりにいるおどるほうせきやパペットロープ、ニードルマンに混ざることがある。北西部にシンボル多数。
ver: 3.3","2026-03-14 07:08:08","2026-03-23 11:29:09"
1474,530,205,325,"[""B5"",""G5""]",いつでも,1〜2,普通,1〜2匹なのに加え、B5ではガチャコッコが、G5ではメタッピーがついてくることがあります。湧きも早いので転生などに。,1,"[""[\"1-2匹+供@上＆下弦\",\"西の下弦の環と東の上弦の環にいます\"] \/ 1-2匹+供@上＆下弦"",""西の下弦の環と東の上弦の環にいます""]

上弦の環と下弦の環にそこそこのシンボル。1～2匹構成なのに加え、下弦の環ではガチャコッコが、上弦の環ではメタッピーがくっついてくる。それぞれのシンボルにぶつかったときも2匹までくっつくことがある。
ver: 3.3","2026-03-14 07:08:08","2026-03-23 14:01:32"
1475,593,205,325,"[""E7"",""D7"",""D8"",""E8""]",いつでも,1〜3,多い,1〜3匹で出ます。メタッピーがついてくることがあります。,1,"[""[\"1-3匹+供@満月\",\"南の満月の環にいます\"] \/ 1-3匹+供@満月"",""南の満月の環にいます""]

シナリオで13匹倒す必要がある。満月の環にシンボル多数。1～3匹構成なのに加え、メタッピーがくっついてくる。メタッピーのシンボルにも3匹までついてくることもある。
ver: 3.3","2026-03-14 07:08:08","2026-03-23 15:45:30"
1476,734,205,325,"[""B5"",""C5""]",いつでも,1〜3,普通,1〜3匹なのに加え、メタルドラゴンが2匹までついてくることがあります。,0,"[""[\"混1-4匹@下弦\",\"西の下弦の環にいます\"] \/ 混1-4匹@下弦"",""西の下弦の環にいます""]

下弦の環に出現する。1～3匹構成なのに加え、メタルドラゴンが2匹までくっついてくる。
ver: 3.3","2026-03-14 07:08:08","2026-03-21 14:18:42"
1477,753,205,325,"[""C3"",""B4"",""B6"",""C7""]",いつでも,1〜3,多い,各環をつなぐ回廊の北西部と南西部にシンボルです。南西部がシンボル多めです。,1,"[""[\"1-3匹+供@回廊\",\"南西の通路にたくさんいて、北西の通路に少しいる\"] \/ 1-3匹+供@回廊"",""南西の通路にたくさんいて、北西の通路に少しいる""]

各環をつなぐ回廊の北西部と南西部にシンボル。南西部がシンボル多めか。1～3匹構成なのに加え、ダースギズモが2匹までくっついてくる。リンクすると5匹構成もある。
ver: 3.3","2026-03-14 07:08:08","2026-03-22 11:47:43"
1478,757,205,325,"[""C3"",""C4"",""F3"",""F4"",""G3"",""G4"",""B4"",""B3""]",いつでも,1〜2,多い,回廊では1〜2匹で出ます。お供つきです。北東の通路にたくさんいる。,0,"[""[\"1-2匹+供@回廊\",\"北東の通路にたくさんいて、北西の通路に少しいる\"] \/ 1-2匹+供@回廊"",""北東の通路にたくさんいて、北西の通路に少しいる""]

各環をつなぐ回廊の北西部と北東部にシンボル。1～2匹構成で、ダースギズモが2匹ほどくっつくこともある。北東部がシンボル多め。
ver: 3.3","2026-03-14 07:08:08","2026-03-22 12:57:54"
1479,261,206,326,"[""B5"",""C5"",""D7""]",いつでも,1,普通,ミステリドールと1匹ずつの混成です。,0,"[""7階西D-7に4体いる"",""[\"1匹+供@宝物庫\",\"7階西D-7に4体いる\"] \/ 1匹+供@宝物庫""]

7階の宝物庫前に待望のシンボル。ミステリドールと1匹ずつの混成。
ver: 5.5","2026-03-14 07:08:36","2026-03-22 13:35:53"
1480,462,206,326,"[""B5"",""C5""]",いつでも,2,多い,7階の宝物庫の宝のそばに2匹で出ます。,0,"[""7階西C-4にたくさんいる"",""[\"2匹@回廊\",\"7階西C-4にたくさんいる\"] \/ 2匹@回廊""]

7階の宝物庫の宝のそばにシンボル。2匹構成。
ver: 3.3","2026-03-14 07:08:36","2026-03-23 10:50:03"
1481,488,206,327,"[""D4"",""D5"",""E4"",""E5""]",いつでも,2,多い,6階の中央に固まっています。,1,"[""6階の中央に固まっています"",""[\"2匹@中央\",\"6階の中央に固まっています\"] \/ 2匹@中央""]

6階に多数のシンボルで、2匹構成。うごくせきぞうにくっつくこともある。シンボルも密集している。
ver: 3.3","2026-03-14 07:08:36","2026-03-23 11:22:01"
1482,535,206,329,"[""D7""]",いつでも,2〜3,3,4階D-7にいます。遠いが、湧きはよき。,0,"[""4階D-7にいます"",""[\"2-3匹@D7付近\",\"4階D-7にいます\"] \/ 2-3匹@D7付近""]","2026-03-14 07:08:36","2026-03-26 14:35:24"
1483,345,206,331,"[""E7"",""D7""]",いつでも,2〜3,普通,2階E-7の広い部屋に4体います。2-3匹で出ます。2階の穴に落ちた先に4シンボルです。2〜3匹で出ます。,0,"[""2階E-7の広い部屋に4体います"",""[\"2-3匹\",\"2階E-7の広い部屋に4体います\"] \/ 2-3匹""]

2階の穴に落ちた先に4シンボル。2～3匹構成。4匹並んでいるせいでものすごい威圧感がある。
ver: 3.3","2026-03-14 07:08:36","2026-03-22 18:58:19"
1484,497,208,334,"[""C3"",""C4"",""C5"",""C6"",""D3"",""D4"",""D5"",""D6"",""E3"",""E4"",""E5"",""E6"",""F2"",""F3"",""F4"",""G2"",""G3"",""G4"",""H2"",""H3"",""H4""]",いつでも,1〜2,多い,1〜2匹で出ます。なお、北東部の石碑あたりが湧きも早いのでおすすめです。転生がりだ!,1,"[""[\"単1-2匹\",\"マップ中央から東に多くいる\"] \/ 単1-2匹"",""マップ中央から東に多くいる""]

円盤の遺跡から少し進むとシンボルがまばらに存在。1～2匹構成。なお、北東部の石碑あたりはこいつのシンボルだけで湧きも早いのでおすすめ。
ver: 3.4","2026-03-14 07:08:52","2026-03-23 11:37:03"
1485,613,208,334,"[""A2"",""A3"",""A4"",""A5"",""A6"",""A7"",""B2"",""B3"",""B4"",""B5"",""B6"",""B7"",""C2"",""C3"",""C4"",""C5"",""C6"",""C7"",""D3"",""D4"",""D5"",""D6""]",いつでも,1〜2,普通,1〜2匹で出ます。,1,"[""[\"単1-2匹\",\"マップ中央から西に多くいる\"] \/ 単1-2匹"",""マップ中央から西に多くいる""]

円盤の遺跡周辺～F4あたりにかけてシンボルがそこそこある。1～2匹構成。円盤の遺跡周辺はこいつのシンボルだけなのでおすすめ。
ver: 3.4","2026-03-14 07:08:52","2026-03-23 16:01:43"
1486,781,208,334,"[""C3"",""C4"",""C5"",""C6"",""D3"",""D4"",""D5"",""D6"",""E3"",""E4"",""E5"",""E6"",""F2"",""F3"",""F4"",""G2"",""G3"",""G4"",""H2"",""H3"",""H4""]",いつでも,1〜2,多い,1〜2匹で出ます。なお、北東部の石碑あたりが湧きも早いのでおすすめです。転生がりだ!,1,"[""[\"単1-2匹\",\"マップ中央から東に多くいる\"] \/ 単1-2匹"",""マップ中央から東に多くいる""]

円盤の遺跡から少し進むとシンボルがまばらに存在。1～2匹構成。なお、北東部の石碑あたりはこいつのシンボルだけで湧きも早いのでおすすめ。
ver: 3.4","2026-03-14 07:08:52","2026-03-23 11:37:03"
1487,16,209,335,"[""G5""]",いつでも,2〜3,多い,豊かの海にシンボルたくさんいます。2〜3匹です。,1,"[""G-5あたりの豊の海にいます"",""[\"2-3匹@豊か\",\"G-5あたりの豊の海にいます\"] \/ 2-3匹@豊か""]

豊かの海にシンボル多数。2～3匹構成だが、いまさらここで狙う意味はない。
ver: 3.4","2026-03-14 07:09:04","2026-03-21 12:14:32"
1488,20,209,335,"[""G4""]",いつでも,2〜3,多い,海底花畑にシンボルたくさんいます。2〜3匹で出ます。,0,"[""G-4の海底花畑にいます"",""[\"2-3匹@花畑\",\"G-4の海底花畑にいます\"] \/ 2-3匹@花畑""]

海底花畑にシンボル多数。2～3匹構成。こいつの数だけを稼ぐならここもありだろう。
ver: 3.4","2026-03-14 07:09:04","2026-03-21 12:40:52"
1489,59,209,335,"[""C7"",""G4""]",いつでも,2〜3,多い,花畑では2〜3匹でシンボルたくさん出ます。,1,"[""C-7あたりの眠りの海にいる、G-4の海底花畑にもいる"",""[\"2-3匹@花畑\",\"C-7あたりの眠りの海にいる、G-4の海底花畑にもいる\"] \/ 2-3匹@花畑""]

晴れの海と海底花畑に多数のシンボル。2～3匹構成とはいえ、もはやここで狩る価値はない。
ver: 3.4","2026-03-14 07:09:04","2026-03-21 13:42:59"
1490,70,209,335,"[""G5""]",いつでも,2〜3,多い,豊かの海にシンボルたくさんいおり、2〜3匹で出ます。おすすめです。,1,"[""G-5あたりの豊の海にいます"",""[\"2-3匹@豊か\",\"G-5あたりの豊の海にいます\"] \/ 2-3匹@豊か""]

豊かの海にシンボル多数で、2～3匹構成。おすすめ。
ver: 3.4","2026-03-14 07:09:04","2026-03-21 13:58:31"
1491,97,209,335,"[""D7"",""D8"",""E8"",""E7"",""C7""]",いつでも,2〜3,多い,おすすめです。晴れと眠りの海にいます。晴れがおすすめ。,1,"[""C-7あたりの眠りの海にいます"",""[\"2-3匹@晴れ\",\"C-7あたりの眠りの海にいます\"] \/ 2-3匹@晴れ""]

晴れの海に多数のシンボル。こいつだけでの2～3匹構成なのでおすすめ
ver: 3.4","2026-03-14 07:09:04","2026-03-21 16:07:25"
1492,148,209,335,"[""B4"",""B5"",""C4"",""C5""]",いつでも,2〜3,多い,静かの海〜迷いの海間の海底火山内にシンボルたくさんいます。2〜3匹なのでおすすめ。,1,"[""BC-4の洞くつエリアにいます"",""[\"2-3匹@西火山\",\"BC-4の洞くつエリアにいます\"] \/ 2-3匹@西火山""]

静かの海～迷いの海間の海底火山内にシンボル多数。2～3匹構成なのでおすすめだが、トラマナミストがないとかなりわずらわしい。
ver: 3.4","2026-03-14 07:09:04","2026-03-21 19:28:12"
1493,152,209,335,"[""G7"",""G6"",""H6"",""H7""]",いつでも,2〜3,多い,和みの海にシンボルです。2〜3匹で出ます。,0,"[""G-7あたりの和みの海にいます"",""[\"2-3匹@和み\",\"G-7あたりの和みの海にいます\"] \/ 2-3匹@和み""]

和みの海にシンボル。2～3匹構成。シンボルは多いが、ここで狩る意味はあまりないか。
ver: 3.4","2026-03-14 07:09:04","2026-03-22 09:56:07"
1494,215,209,335,"[""B6"",""B5"",""C5"",""C6""]",いつでも,2〜3,多い,迷いの海に大量のシンボルです。2〜3匹で出ます。,1,"[""B-6あたりの迷いの海にいます"",""[\"2-3匹@迷い\",\"B-6あたりの迷いの海にいます\"] \/ 2-3匹@迷い""]

迷いの海に大量のシンボル。2～3匹構成。アクセスも非常によいため、おすすめ。
ver: 3.4","2026-03-14 07:09:04","2026-03-22 12:09:24"
1495,218,209,335,"[""G5"",""G4""]",いつでも,1〜2,少ない,豊かの海にシンボルです。,1,"[""G-5あたりの豊の海にいます"",""[\"1-2匹@豊か\",\"G-5あたりの豊の海にいます\"] \/ 1-2匹@豊か""]

豊かの海にシンボル。気持ち少なめ。1～2匹構成。エモノ呼びしたほうがいいかも。
ver: 3.4","2026-03-14 07:09:04","2026-03-22 12:14:01"
1496,225,209,335,"[""F6"",""F7""]",いつでも,2〜3,多い,特になし,1,"[""F-6・7の洞くつエリアにいます"",""[\"2-3匹@南火山\",\"F-6・7の洞くつエリアにいます\"] \/ 2-3匹@南火山""]

晴れの海～豊かの海間の海底火山内にシンボル多数。2～3匹構成なのでおすすめだが、トラマナミストがないとかなりわずらわしい。
ver: 3.4","2026-03-14 07:09:04","2026-03-22 12:28:21"
1497,230,209,335,"[""E5"",""E4"",""D5"",""F4""]",いつでも,2〜3,多い,ルシュカ近くは2匹、少し南にいくと2〜3匹で出ます。,0,"[""[\"2-3匹@町近く\",\"ルシュカから出たすぐのEF-4からDE-5にいます\"] \/ 2-3匹@町近く"",""ルシュカから出たすぐのEF-4からDE-5にいます""]

ルシュカ周辺に多数のシンボル。ルシュカ近くは2匹構成、少し南にいくと2～3匹構成。
ver: 3.4","2026-03-14 07:09:04","2026-03-22 12:36:51"
1498,234,209,335,"[""G4""]",いつでも,2〜3,多い,おすすめ,1,"[""G-4の海底花畑にいます"",""[\"2-3匹@花畑\",\"G-4の海底花畑にいます\"] \/ 2-3匹@花畑""]

海底花畑にシンボル多数で、2～3匹構成。こいつだけ狙うのであればおすすめ。
ver: 3.4","2026-03-14 07:09:04","2026-03-22 12:46:20"
1499,239,209,335,"[""E4"",""D3"",""D4""]",いつでも,2〜3,多い,2〜3匹でおすすめです。,1,"[""D-3・4の洞くつエリアにいます"",""[\"2-3匹@北火山\",\"D-3・4の洞くつエリアにいます\"] \/ 2-3匹@北火山""]

ルシュカ～静かの海間の海底火山内にシンボル多数。2～3匹構成でおすすめ。ガメゴンロードのリンクに注意。
ver: 3.4","2026-03-14 07:09:04","2026-03-22 12:52:55"
1500,265,209,335,"[""B4"",""B5"",""C4"",""C5""]",いつでも,2〜3,多い,2〜3匹で出ます。,0,"[""BC-4の洞くつエリアにいます"",""[\"2-3匹@西火山\",\"BC-4の洞くつエリアにいます\"] \/ 2-3匹@西火山""]

静かの海～迷いの海間の海底火山内にシンボル多数。2～3匹構成。ダメージ床がわずらわしいので、炎の領界のほうがいいだろう。
ver: 3.4","2026-03-14 07:09:04","2026-03-22 14:28:03"
1501,281,209,335,"[""C7""]",いつでも,1〜3,多い,1〜3匹で出ます。おすすめです。,1,"[""C-7あたりの眠りの海にいます"",""[\"1-3匹@眠り\",\"C-7あたりの眠りの海にいます\"] \/ 1-3匹@眠り""]

眠りの海に多数のシンボル。1～3匹構成。おすすめ。
ver: 3.4","2026-03-14 07:09:04","2026-03-22 15:10:17"
1502,389,209,335,"[""E5"",""F4"",""E4""]",いつでも,2,多い,2匹で出ます。町近辺では2匹で出ます。,1,"[""[\"2匹@町近く\",\"ルシュカから出たすぐのEF-4からDE-5にいます\"] \/ 2匹@町近く"",""ルシュカから出たすぐのEF-4からDE-5にいます""]

ルシュカ周辺に多数のシンボル。2匹構成。
ver: 3.4","2026-03-14 07:09:04","2026-03-23 07:40:13"
1503,561,209,335,"[""F4"",""G7"",""E4"",""E5""]",いつでも,1〜2,多い,町近辺では1〜2匹で出ます。,1,"[""[\"1-2匹@町近く\",\"ルシュカから出たすぐのEF-4からDE-5とG-7の和みの海にもいる\"] \/ 1-2匹@町近く"",""ルシュカから出たすぐのEF-4からDE-5とG-7の和みの海にもいる""]

和みの海やルシュカの周辺にまばらにシンボルがある。1～2匹構成、2匹が若干多めか？
ver: 3.4","2026-03-14 07:09:04","2026-03-23 15:00:58"
1504,583,209,335,"[""B6"",""B5"",""C5"",""C6""]",いつでも,1〜2,少ない,迷いの海に1〜2匹で出ます。,1,"[""B-6あたりの迷いの海にいます"",""[\"1-2匹@迷い\",\"B-6あたりの迷いの海にいます\"] \/ 1-2匹@迷い""]

迷いの海に少数のシンボルで1～2匹構成。
ver: 3.4","2026-03-14 07:09:04","2026-03-23 15:24:34"
1505,599,209,335,"[""F6"",""F7""]",いつでも,1〜2,少ない,晴れの海〜豊かの海間の海底火山内にシンボル少なめです。,1,"[""F-6・7の洞くつエリアにいます"",""[\"1-2匹@南火山\",\"F-6・7の洞くつエリアにいます\"] \/ 1-2匹@南火山""]

晴れの海～豊かの海間の海底火山内にシンボル少数。トラマナミストがないとかなりわずらわしい。1～2匹構成。
ver: 4.0","2026-03-14 07:09:04","2026-03-23 15:50:35"
1506,645,209,335,"[""D7"",""E7""]",いつでも,1,少ない,晴れの海にぼちぼちいます。,1,"[""D-7あたりの晴れの海にいます"",""[\"1匹@晴れ\",\"D-7あたりの晴れの海にいます\"] \/ 1匹@晴れ""]

晴れの海にまばらにシンボルあり。一匹構成なのでエモノ呼びしたほうがいい。
ver: 3.4","2026-03-14 07:09:04","2026-03-23 17:28:14"
1507,649,209,335,"[""D3""]",いつでも,1〜2,普通,ルシュカ〜静かの海間の海底火山内にシンボルそこそこです。1〜2匹で出ます。,0,"[""D-3・4の洞くつエリアにいます"",""[\"1-2匹@北火山\",\"D-3・4の洞くつエリアにいます\"] \/ 1-2匹@北火山""]

ルシュカ～静かの海間の海底火山内にシンボルそこそこ。1～2匹構成。地形ダメージもあるので結構つらい。
ver: 3.4","2026-03-14 07:09:04","2026-03-23 17:37:47"
1508,672,209,335,"[""C7""]",いつでも,1,少ない,眠りの海に1匹ずつ出ます。30秒湧き。,1,"[""C-7あたりの眠りの海にいます"",""[\"1匹@眠り\",\"C-7あたりの眠りの海にいます\"] \/ 1匹@眠り""]

眠りの海に少数のシンボル。1匹構成。Ｃ－６､７の高台のほうにはいないようだ。だいたい30秒くらいで次が湧く。
ver: 3.4","2026-03-14 07:09:04","2026-03-23 18:04:31"
1509,690,209,335,"[""B2"",""C5""]",いつでも,1,普通,静かの海の北側の低地と、迷いの海へと道なりに進む道中にシンボルです。ほぼ即湧きです。,1,"[""[\"1匹@迷い\",\"静かの海B-2と3の低地に1匹ずついる\"] \/ 1匹@迷い"",""静かの海B-2と3の低地に1匹ずついる""]

静かの海の北側と、迷いの海へと道なりに進む道中にシンボル。ほぼ即湧き。
ver: 3.4","2026-03-14 07:09:04","2026-03-23 18:23:00"
1510,718,209,335,"[""G4""]",いつでも,2〜3,多い,海底花畑にシンボルたくさんいます。2〜3匹で出ます。,0,"[""G-4の海底花畑にいます"",""[\"2-3匹@花畑\",\"G-4の海底花畑にいます\"] \/ 2-3匹@花畑""]

海底花畑にシンボル多数。2～3匹構成。こいつの数だけを稼ぐならここもありだろう。
ver: 3.4","2026-03-14 07:09:04","2026-03-21 12:40:52"
1511,733,209,335,"[""G5""]",いつでも,2〜3,多い,豊かの海にシンボルたくさんいおり、2〜3匹で出ます。おすすめです。,1,"[""G-5あたりの豊の海にいます"",""[\"2-3匹@豊か\",\"G-5あたりの豊の海にいます\"] \/ 2-3匹@豊か""]

豊かの海にシンボル多数で、2～3匹構成。おすすめ。
ver: 3.4","2026-03-14 07:09:04","2026-03-21 13:58:31"
1512,813,209,335,"[""D7"",""D8"",""E8"",""E7"",""C7""]",いつでも,2〜3,多い,おすすめです。晴れと眠りの海にいます。晴れがおすすめ。,1,"[""C-7あたりの眠りの海にいます"",""[\"2-3匹@晴れ\",\"C-7あたりの眠りの海にいます\"] \/ 2-3匹@晴れ""]

晴れの海に多数のシンボル。こいつだけでの2～3匹構成なのでおすすめ
ver: 3.4","2026-03-14 07:09:04","2026-03-21 16:07:25"
1513,793,209,335,"[""D3""]",いつでも,1〜2,普通,ルシュカ〜静かの海間の海底火山内にシンボルそこそこです。1〜2匹で出ます。,0,"[""D-3・4の洞くつエリアにいます"",""[\"1-2匹@北火山\",\"D-3・4の洞くつエリアにいます\"] \/ 1-2匹@北火山""]

ルシュカ～静かの海間の海底火山内にシンボルそこそこ。1～2匹構成。地形ダメージもあるので結構つらい。
ver: 3.4","2026-03-14 07:09:04","2026-03-23 17:37:47"
1527,304,212,345,"[""C5"",""D4"",""D5"",""C4""]",いつでも,3〜6,多い,おすすめです。C〜D-5にいます。洞窟内は歩き回っているシンボルがいるが、こちらは3〜6匹と大変おすすめです。屋外のシンボルは土の中に埋まっており、こちらは2〜3匹で出ます。,1,"[""C-5のトンネルの中にいっぱい、外にもいる"",""[\"3-6匹@中央の洞くつ2-3匹@埋り\",\"C-5のトンネルの中にいっぱい、外にもいる\"] \/ 3-6匹@中央の洞くつ2-3匹@埋り""]

おすすめ。C～D-5にいる。洞窟内は歩き回っているシンボルがいるが、こちらは3～6匹構成と大変おすすめ。屋外のシンボルは土の中に埋まっており、こちらは2～3匹構成。
ver: 3.5","2026-03-14 07:10:39","2026-03-22 17:20:31"
1528,327,212,345,"[""C5"",""D4"",""D5"",""E4"",""E5""]",いつでも,2〜4,普通,2〜4匹です。C〜D5の屋外にいますが、C5のほうがシンボルが多くおすすめです。,1,"[""C-5あたりを飛んでいる"",""[\"2-4匹@中央\",\"C-5あたりを飛んでいる\"] \/ 2-4匹@中央""]

2～4匹構成。C～D-5の屋外にいるが、C-5のほうがシンボルが多くおすすめ。
ver: 3.5","2026-03-14 07:10:39","2026-03-22 18:23:12"
1529,375,212,345,"[""D6"",""D7"",""E6"",""E7""]",いつでも,1〜3,多い,ムストの町を出てすぐのところに大量にいます。西の端のほうまでシンボルは存在するが、あまり南に行き過ぎるといないです。2〜3匹でアクセス良好・シンボル数充分です。,1,"[""C－7とムストの町の近くにたくさんいる"",""[\"1-3匹@南\",\"C－7とムストの町の近くにたくさんいる\"] \/ 1-3匹@南""]

ムストの町を出てすぐのところに大量に生息。西の端のほうまでシンボルは存在するが、あまり南に行き過ぎるといない。2～3匹構成でアクセス良好・シンボル数充分。
ver: 3.5","2026-03-14 07:10:39","2026-03-23 07:13:49"
1530,402,212,345,"[""E1"",""F2"",""F3"",""G2"",""G3""]",いつでも,2〜3,普通,D-1以東にシンボルありで、2〜3匹で出ます。シンボル密度もそこまで悪くはないです。,0,"[""[\"2-3匹@北東\",\"北東のエリアE-1・F-2あたりに結構いる\"] \/ 2-3匹@北東"",""北東のエリアE-1・F-2あたりに結構いる""]

D-1以東にシンボルありで、2～3匹構成。シンボル密度もそこまで悪くはない。
ver: 3.5","2026-03-14 07:10:39","2026-03-23 08:17:33"
1531,420,212,345,"[""D1"",""D2""]",いつでも,2〜3,多い,2〜3匹となっています。シンボルはかなり多いです。,0,"[""D-1・2のトンネル内にたくさんいる"",""[\"単2-3匹@北の洞くつ\",\"D-1・2のトンネル内にたくさんいる\"] \/ 単2-3匹@北の洞くつ""]

D1～D2の洞くつ部分に出現。2～3匹構成となっている。シンボルはかなり多い。
ver: 3.5","2026-03-14 07:10:39","2026-03-23 09:10:05"
1532,429,212,345,"[""C6"",""D4"",""E7""]",いつでも,3〜5,多い,南側の島の南東部の低くなっているところにもいるが、基本的にはC〜D-6の高台の上やD-3〜4にいます。,0,"[""[\"3-5匹@D4等\",\"南ではC-6とE-7、中央のD-4あたりにもいっぱいいる\"] \/ 3-5匹@D4等"",""南ではC-6とE-7、中央のD-4あたりにもいっぱいいる""]

南側の島の南東部の低くなっているところにもいるが、基本的にはC～D-6の高台の上やD-3～4にいる。3～5匹構成で攻撃が激しいので注意しよう。
ver: 3.5","2026-03-14 07:10:39","2026-03-23 09:36:11"
1533,430,212,345,"[""D5"",""C7"",""B7"",""B6"",""C6"",""C5""]",いつでも,3〜6,多い,マップ南西にもいるが、D-5のトンネル前が他の敵がほぼおらずおすすめです。3〜6匹です。,1,"[""[\"3-6匹@南やD5\",\"マップ南のエリアに広範囲で出現する、D-5にもいる\"] \/ 3-6匹@南やD5"",""マップ南のエリアに広範囲で出現する、D-5にもいる""]

マップ南西にもいるが、D-5のトンネル前が他の敵がほぼおらずおすすめ。3～6匹構成。一度に出る数が多いので集中攻撃には注意。 実装から2年以上取り合いが発生するほどのレベル上げスポットだったが、新モンスターの経験値が引き上げられた今では狩る人はほとんどいないようだ。
ver: 5.5","2026-03-14 07:10:39","2026-03-23 09:36:51"
1534,531,212,345,"[""D6"",""D7""]",いつでも,1〜2,多い,1〜2匹で出ます。レアドロップ狙いで人が多い。,1,"[""D-6・7あたりにたくさんいる"",""[\"1-2匹@南\",\"D-6・7あたりにたくさんいる\"] \/ 1-2匹@南""]

嵐の領界に入ってすぐ、C-7～D-6にかけて大量にシンボルをみかける。1～2匹構成。レアドロップ狙いで人が多いので注意。
ver: 3.5","2026-03-14 07:10:39","2026-03-23 14:03:01"
1535,545,212,345,"[""D6"",""D7"",""C7""]",いつでも,3,普通,おすすめ。けっこういる。,1,"[""D-6・7あたりに3匹くらいいる"",""[\"2匹@南\",\"D-6・7あたりに3匹くらいいる\"] \/ 2匹@南""]

嵐の領界に入ってすぐ、C-7～D-6にかけてシンボルをみかける。道に沿って歩いていけばそれなりに見つかるのでおすすめ。なお、2匹構成。
ver: 3.5","2026-03-14 07:10:39","2026-03-23 14:21:39"
1536,552,212,345,"[""C2"",""D3"",""C3""]",いつでも,1〜2,多い,聖塔の周辺にいっぱいいる。柱の外側です。,1,"[""[\"1-2匹@塔付近\",\"翠嵐の聖塔の近くC-2・3あたりにいっぱいいる\"] \/ 1-2匹@塔付近"",""翠嵐の聖塔の近くC-2・3あたりにいっぱいいる""]

聖塔の周辺に大量にシンボルあり。柱の外側。D3なんかが特に見つけやすい。
ver: 3.5","2026-03-14 07:10:39","2026-03-23 14:40:05"
1537,556,212,345,"[""D1"",""C2"",""C3"",""D3""]",いつでも,2〜3,多い,聖塔のまわりの石畳の部分に大量います。D1にもいっぱいいる。,1,"[""[\"2-3匹@塔付近やD1\",\"翠嵐の聖塔の周りにぐるっといる\"] \/ 2-3匹@塔付近やD1"",""翠嵐の聖塔の周りにぐるっといる""]

聖塔のまわりの石畳の部分に大量生息。2～3匹構成で、邪魔も入らず、ルーラしてから5秒で見つかるためおすすめ。一応、D1の屋外部分にも大量にシンボルがいる。
ver: 3.5","2026-03-14 07:10:39","2026-03-23 14:44:32"
1538,641,212,345,"[""E1"",""F2"",""F3"",""G2"",""G3""]",いつでも,1〜2,普通,D1より東にシンボルそこそこです。一匹です。,0,"[""[\"1-2匹@北東\",\"北東のエリアE-1・F-2あたりに結構いる\"] \/ 1-2匹@北東"",""北東のエリアE-1・F-2あたりに結構いる""]

D-1以東にシンボルそこそこ。一匹構成。
ver: 3.5","2026-03-14 07:10:39","2026-03-23 17:23:10"
1539,677,212,345,"[""C6"",""D4"",""E8""]",いつでも,1,少ない,ドラゴスライムと仲良し。,0,"[""[\"1匹@高台\",\"南ではE-8に1匹、C-6に数匹います。中央D-4に2匹いる\"] \/ 1匹@高台"",""南ではE-8に1匹、C-6に数匹います。中央D-4に2匹いる""]

基本的にはドラゴスライムと同じ生息域を持ち、高台の上にいる。E-8の高台にいたり、D-6～B-6の端っこにいるのでしっかり探そう。北側の島ではD-4に生息。なお、E-8は30秒ほどで固定湧きするほか、D-4は2シンボルが30秒ほどで湧くようである。ソロ狩りならD-4がおすすめ。
ver: 3.5","2026-03-14 07:10:39","2026-03-23 18:09:55"
1540,769,212,345,"[""C6"",""D4"",""E7""]",いつでも,3〜5,多い,南側の島の南東部の低くなっているところにもいるが、基本的にはC〜D-6の高台の上やD-3〜4にいます。,0,"[""[\"3-5匹@D4等\",\"南ではC-6とE-7、中央のD-4あたりにもいっぱいいる\"] \/ 3-5匹@D4等"",""南ではC-6とE-7、中央のD-4あたりにもいっぱいいる""]

南側の島の南東部の低くなっているところにもいるが、基本的にはC～D-6の高台の上やD-3～4にいる。3～5匹構成で攻撃が激しいので注意しよう。
ver: 3.5","2026-03-14 07:10:39","2026-03-23 09:36:11"
1541,280,213,346,"[""D2""]",いつでも,2〜3,少ない,北部の墓場あたりにシンボル少なめです。2〜3匹で出ます。,0,"[""D-2の墓場あたりにいます"",""[\"2-3匹@墓場\",\"D-2の墓場あたりにいます\"] \/ 2-3匹@墓場""]

北部の墓場あたりにシンボル少数。2～3匹構成。
ver: 3.5","2026-03-14 07:10:44","2026-03-22 15:06:26"
1542,318,213,346,"[""D2""]",いつでも,2〜3,普通,北部の墓場あたりにシンボルそこそこです。2〜3匹で出ます。,0,"[""D-2の墓場あたりにいます"",""[\"2-3匹@墓場\",\"D-2の墓場あたりにいます\"] \/ 2-3匹@墓場""]

北部の墓場あたりにシンボルそこそこ。2～3匹構成。
ver: 3.5","2026-03-14 07:10:44","2026-03-22 17:51:31"
1543,440,213,346,"[""D2"",""D3"",""E2"",""E3""]",いつでも,1〜2,多い,北部の墓場に至る道中にシンボル少なめです。1〜2匹で出ます。湧きは悪くなく、まとまっています。,1,"[""[\"1-2匹@北\",\"北側のエリアD-3あたりにいる\"] \/ 1-2匹@北"",""北側のエリアD-3あたりにいる""]

北部の墓場に至る道中にシンボル少数。1～2匹構成。湧きは悪くなく、密集度もそこそこ。
ver: 3.5","2026-03-14 07:10:44","2026-03-23 10:01:51"
1544,489,213,346,"[""F6"",""E6"",""D6"",""D5"",""E5"",""F5"",""F4"",""E4"",""D4""]",いつでも,1〜2,多い,北部の墓場を除くあちこちにいます。1〜2匹で出ます。かわいそうな街だがおすすめ。,1,"[""[\"1-2匹\",\"教会跡から南に広くいます\"] \/ 1-2匹"",""教会跡から南に広くいます""]

北部の墓場を除くあちこちにいる。1～2匹構成。拠点からも近いのでおすすめ。
ver: 3.5","2026-03-14 07:10:44","2026-03-23 11:26:02"
1545,509,213,346,"[""D4"",""D6"",""D7"",""E6"",""E7""]",いつでも,1〜2,多い,南部と西部に多めです。D-4の噴水まわりや、1〜2匹で出ます。,0,"[""D-4の少し広い所に必ずいて、あとは南の方を歩いている"",""[\"1-2匹@南\",\"D-4の少し広い所に必ずいて、あとは南の方を歩いている\"] \/ 1-2匹@南""]

南部と西部に多め。D-4の噴水まわりや、錬金工房の南側などでそこそこ見かける。1～2匹構成。
ver: 3.5","2026-03-14 07:10:44","2026-03-23 13:04:02"
1546,541,213,346,"[""A1"",""A2"",""A3"",""A4"",""A5"",""A6"",""A7"",""A8"",""B1"",""B2"",""B3"",""B4"",""B5"",""B6"",""B7"",""B8"",""C1"",""C2"",""C3"",""C4"",""C5"",""C6"",""C7"",""C8"",""D1"",""D2"",""D3"",""D4"",""D5"",""D6"",""D7"",""D8"",""E1"",""E2"",""E3"",""E4"",""E5"",""E6"",""E7"",""E8"",""F1"",""F2"",""F3"",""F4"",""F5"",""F6"",""F7"",""F8"",""G1"",""G2"",""G3"",""G4"",""G5"",""G6"",""G7"",""G8"",""H1"",""H2"",""H3"",""H4"",""H5"",""H6"",""H7"",""H8""]",いつでも,1〜2,多い,そこらじゅうにかなり多めいます。1〜2匹で出ます。,0,"[""[\"1-2匹\",\"マップ全体にいつもいる感じです\"] \/ 1-2匹"",""マップ全体にいつもいる感じです""]

そこらじゅうにうじゃうじゃいる。1～2匹構成。北部は2～3匹構成。
ver: 3.5","2026-03-14 07:10:44","2026-03-23 14:13:33"
1547,761,213,346,"[""D2""]",いつでも,2〜3,少ない,北部の墓場あたりにシンボル少なめです。2〜3匹で出ます。,0,"[""D-2の墓場あたりにいます"",""[\"2-3匹@墓場\",\"D-2の墓場あたりにいます\"] \/ 2-3匹@墓場""]

北部の墓場あたりにシンボル少数。2～3匹構成。
ver: 3.5","2026-03-14 07:10:44","2026-03-22 15:06:26"
1548,1267,213,346,"[""E5""]",いつでも,1,普通,教会跡の前の広場E-5にいます。,1,"[""[\"1匹@中央\",\"教会跡の前の広場E-5にいます\"] \/ 1匹@中央"",""教会跡の前の広場E-5にいます""]","2026-03-14 07:10:44","2026-03-26 14:50:05"
1558,353,214,347,"[""F4"",""F5"",""G4"",""G5"",""E6""]",いつでも,2〜3,多い,下層の坑道東側に数シンボルです。E-6の分岐路に多めだが、そのほかの通路にもちらほらいます。2〜3匹で出ます。,1,"[""[\"2-3匹@東\",\"下層E－6に固まっている\"] \/ 2-3匹@東"",""下層E－6に固まっている""]

下層の坑道東側に数シンボル。E-6の分岐路に多めだが、そのほかの通路にもちらほら存在する。2～3匹構成。
ver: 3.5","2026-03-14 07:10:53","2026-03-23 06:26:12"
1559,398,214,347,"[""B5"",""C5"",""C6""]",いつでも,2〜3,多い,下層のムストの町・地下から入るほうにシンボルたくさんいます。2〜3匹で出ます。,0,"[""[\"2-3匹@西\",\"下層の西側BC-6あたりにいる、ムストの町の地下から入ってすぐいる\"] \/ 2-3匹@西"",""下層の西側BC-6あたりにいる、ムストの町の地下から入ってすぐいる""]

下層のムストの町・地下から入るほうにシンボル多数。2～3匹構成。
ver: 3.5","2026-03-14 07:10:53","2026-03-23 08:11:34"
1560,416,214,347,"[""D5""]",いつでも,2〜3,多い,下層D－5にまとまっています。,0,"[""[\"2-3匹@北\",\"下層D－5に固まっている\"] \/ 2-3匹@北"",""下層D－5に固まっている""]","2026-03-14 07:10:53","2026-03-23 09:05:05"
1561,461,214,347,"[""D4""]",いつでも,2〜3,少ない,シンボル数は少ないがまとまっていますしていて湧きもよいので狩りやすい。2〜3匹で出ます。,1,"[""[\"2-3匹@北\",\"下層D-4に固まっている\"] \/ 2-3匹@北"",""下層D-4に固まっている""]

下層のムストの町・地下から入り、トロッコに乗っていった先にいる。シンボル数は少ないが密集していて湧きもよいので狩りやすい。2～3匹構成。
ver: 3.5","2026-03-14 07:10:53","2026-03-23 10:41:51"
1562,507,214,347,"[""E7""]",いつでも,1〜2,多い,1〜2匹で出ます。湧きはよいです。,1,"[""[\"1-2匹@外\",\"下層E-7の外に出た少し広い所に固まっている\"] \/ 1-2匹@外"",""下層E-7の外に出た少し広い所に固まっている""]

下層D-7～E-7の浮島に数シンボル。1～2匹構成。密集度と湧きはよい。
ver: 3.5","2026-03-14 07:10:53","2026-03-23 12:39:39"
1563,517,214,347,"[""E7"",""D7""]",いつでも,1〜2,普通,下層D-7〜E-7のに数シンボルです。1〜2匹で出ます。湧きはよき。,0,"[""[\"1-2匹@外\",\"下層E-7の外に出た少し広い所に固まっている\"] \/ 1-2匹@外"",""下層E-7の外に出た少し広い所に固まっている""]

下層D7～E7の浮島に数シンボル。1～2匹構成。密集度と湧きはよい。
ver: 3.5","2026-03-14 07:10:53","2026-03-23 13:40:42"
1564,49,215,348,"[""B6""]",いつでも,2〜3,普通,下層のA-2に数シンボルです。2〜3匹で出ます。,0,"[""[\"2-3匹@A2\",\"下層A-2にいる\"] \/ 2-3匹@A2"",""下層A-2にいる""]

下層のA-2に数シンボル。2～3匹構成。
ver: 3.5","2026-03-14 07:11:05","2026-03-21 13:30:49"
1565,330,215,348,"[""B6""]",いつでも,1〜2,普通,下層に数シンボルです。1〜2匹で出ます。,0,"[""[\"1-2匹@A2\",\"下層A-2にいる\"] \/ 1-2匹@A2"",""下層A-2にいる""]

下層のA2に数シンボル。ドルボードが使える分、ゴズ渓谷より楽か。1～2匹構成。
ver: 3.5","2026-03-14 07:11:05","2026-03-22 18:27:33"
1566,363,215,348,"[""C4"",""D4"",""D5"",""E4"",""E5"",""C5""]",いつでも,1〜2,普通,下層のC-4からD-5にかけて数シンボルです。,0,"[""[\"1-2匹@中央\",\"下層C-4・D-5にいる\"] \/ 1-2匹@中央"",""下層C-4・D-5にいる""]

下層のC-4からD-5にかけて数シンボル。セレドット山道でいいだろう。
ver: 3.5","2026-03-14 07:11:05","2026-03-23 06:41:07"
1567,442,215,348,"[""C5"",""C6""]",いつでも,1〜2,多い,下層に2〜4シンボル固まっている。1〜2匹で出ます。。,0,"[""1-2匹"",""入ってすぐ出てきます、まっすぐ行くとしばらくいる""] / 1-2匹

下層に2～4シンボル固まっているが、二段降りるといないので注意。1～2匹構成。できればエモノ呼びしたほうがいい。
ver: 3.5","2026-03-14 07:11:05","2026-03-23 10:07:17"
1568,138,215,349,"[""D2""]",いつでも,2〜3,5,中層のD-2の泉のまわりに5シンボルほどです。2〜3匹で出ます。,0,"[""[\"2-3匹@泉\",\"中層D－2にいる\"] \/ 2-3匹@泉"",""中層D－2にいる""]

中層のD-2の泉のまわりに5シンボルほど。2～3匹構成。
ver: 3.5","2026-03-14 07:11:05","2026-03-21 19:01:31"
1569,168,215,349,"[""E3"",""E2"",""F3"",""F2"",""E4"",""F4""]",いつでも,1〜2,普通,中層D－3にいます。,0,"[""[\"1-2匹@東\",\"中層D－3にいる\"] \/ 1-2匹@東"",""中層D－3にいる""]","2026-03-14 07:11:05","2026-03-22 10:31:48"
1570,478,215,349,"[""G3""]",いつでも,1,普通,中層のG-3、洞くつになっている部分に数シンボルです。それなりにおすすめ。,0,"[""[\"1匹@洞くつ\",\"中層G－3にいる\"] \/ 1匹@洞くつ"",""中層G－3にいる""]

中層のG-3、洞くつになっている部分に数シンボル。涸れはしないが割と走り回ることになる。1匹構成。
ver: 3.5","2026-03-14 07:11:05","2026-03-23 11:08:15"
1571,378,216,351,"[""D3"",""E3"",""C3"",""F3""]",いつでも,2〜3,多い,1階北側の回廊にシンボルたくさんです。,0,"[""1階北側の通路と3階F-2の小部屋にいる"",""[\"2-3匹@回廊\",\"1階北側の通路と3階F-2の小部屋にいる\"] \/ 2-3匹@回廊""]

1階北側の回廊にシンボルたくさん。また、3階のF-3北側の部屋にも何匹かいる。2～3匹構成。天水の聖塔とどっちがいいかは人次第。
ver: 3.5","2026-03-14 07:11:36","2026-03-23 07:19:59"
1572,493,216,351,"[""C3"",""D3"",""E3"",""F3""]",いつでも,2〜3,2,1階北側の回廊に2シンボルほどです。2〜3匹だが、湧きには少し時間がかかる。,0,"[""1階北側の通路に出現します"",""[\"2-3匹@回廊\",\"1階北側の通路に出現します\"] \/ 2-3匹@回廊""]

1階北側の回廊に2シンボルほど。2～3匹構成だが、再湧きには少し時間がかかるため狩るには微妙。
ver: 3.5","2026-03-14 07:11:36","2026-03-23 11:30:40"
1573,338,216,352,"[""F4"",""F5"",""G4"",""G5"",""C3""]",いつでも,2〜3,普通,2階東側の回廊や、西側のC-3西側の部屋に数シンボルです。部屋のほうは涸れることがあります。2〜3匹で出ます。,0,"[""2階・東の通路と2階・西B-2の小部屋にいます"",""[\"2-3匹@東回廊\",\"2階・東の通路と2階・西B-2の小部屋にいます\"] \/ 2-3匹@東回廊""]

2階東側の回廊や、西側のC3西側の部屋に数シンボル。部屋のほうは涸れることがある。2～3匹構成。
ver: 3.5","2026-03-14 07:11:36","2026-03-23 08:36:32"
1574,344,216,352,"[""B4"",""B5"",""C4"",""C5""]",いつでも,1,少ない,1匹なので微妙です。,0,"[""2階・西の通路にいる"",""[\"1匹@西回廊\",\"2階・西の通路にいる\"] \/ 1匹@西回廊""]

2階の西側回廊に出現する。一匹構成なので微妙。
ver: 3.5","2026-03-14 07:11:36","2026-03-22 18:54:55"
1575,530,216,352,"[""B6"",""C2""]",いつでも,1,普通,2階です。西C-2の小部屋にいます。3階G－3とB-6の小部屋にいます。1匹で出ます。,0,"[""2階・西C-2の小部屋、3階G－3とB-6の小部屋にいます"",""[\"1匹\",\"2階・西C-2の小部屋、3階G－3とB-6の小部屋にいます\"] \/ 1匹""]","2026-03-14 07:11:36","2026-03-23 14:01:32"
1576,567,216,352,"[""C4"",""C5""]",いつでも,1,普通,2階の西側通路や3階のF3北側の部屋、C7南側の部屋に出ます。1匹ずつ出ます。,0,"[""2階・西の通路と3階F-2とC-7の小部屋にいます"",""[\"1匹@西回廊\",\"2階・西の通路と3階F-2とC-7の小部屋にいます\"] \/ 1匹@西回廊""]

2階の西側通路や３階のF-3北側の部屋、C-7南側の部屋に出現する。1匹構成。
ver: 3.5","2026-03-14 07:11:36","2026-03-23 15:09:54"
1577,571,216,352,"[""F6"",""E3""]",いつでも,1,普通,２階の-6の部屋や東側通路の先に出る。1匹ずつ出ます。,1,"[""2階・東のF-6の小部屋にいる"",""[\"1匹@F6\",\"2階・東のF-6の小部屋にいる\"] \/ 1匹@F6""]

２階のF-6の部屋や東側通路の先に出現する。1匹構成。
ver: 3.5","2026-03-14 07:11:36","2026-03-23 15:14:14"
1578,378,216,353,"[""F2"",""F3""]",いつでも,2〜3,普通,1階北側の通路と3階F-2の小部屋にいます。F-3では2〜3匹で出ます。,0,"[""1階北側の通路と3階F-2の小部屋にいる"",""2-3匹@F3""]","2026-03-14 07:11:36","2026-03-23 07:19:59"
1579,567,216,353,"[""C7"",""F2""]",いつでも,1,普通,2階の西側通路や3階のF2北側の部屋、C7南側の部屋に出ます。1匹ずつ出ます。,0,"[""1匹"",""2階・西の通路と3階F-2とC-7の小部屋にいます""]","2026-03-14 07:11:36","2026-03-23 15:09:54"
1580,613,216,353,"[""C4"",""D6"",""E6"",""C5"",""C3"",""D3"",""E3"",""F3"",""F4""]",いつでも,1,普通,３階回廊に数シンボルです。1匹ずつ出ます。,0,"[""3階の通路に出現する"",""[\"1匹@回廊\",\"3階の通路に出現する\"] \/ 1匹@回廊""]

３階回廊に数シンボル。1匹構成。
ver: 3.5","2026-03-14 07:11:36","2026-03-23 16:01:43"
1581,486,216,355,"[""E5"",""D5"",""D4"",""E4""]",いつでも,2〜3,普通,ギミックが面倒で行くのに面倒だが、シンボルがまとまっていますしている上に低空を飛んでいて、かつ2〜3匹なのでおすすめです。,0,"[""2-3匹@第四塔"",""北の第四の召雷塔の周りにいます""] / 2-3匹@第四塔","2026-03-14 07:11:36","2026-03-23 11:19:40"
1583,570,216,353,"[""B4"",""B5"",""B6"",""C4"",""C5"",""C6""]",いつでも,1〜2,普通,第三塔では1〜2匹で出ます。西の第三の召雷塔の周りにいます。,0,"[""1-2匹@第三塔"",""西の第三の召雷塔の周りにいます""] / 1-2匹@第三塔","2026-03-14 07:11:36","2026-03-23 15:13:27"
1584,573,216,352,"[""E5"",""D5""]",いつでも,1,普通,第ニ塔では1匹で出ます。南の第二の召雷塔の周りにいます。,0,"[""1匹@第ニ塔"",""南の第二の召雷塔の周りにいます""] / 1匹@第ニ塔","2026-03-14 07:11:36","2026-03-26 15:07:31"
1827,175,187,406,"[""E8"",""F8"",""G8""]",いつでも,2,普通,湖では2匹で出ます。,0,"[""[\"2匹@湖\",\"マップの南東側の湖周辺にいます。\"] \/ 2匹@湖"",""マップの南東側の湖周辺にいます。""]","2026-03-14 07:16:16","2026-03-23 08:46:57"
1828,302,187,406,"[""E4""]",いつでも,1,少ない,詰所では1匹で出ます。お供つきです。,0,"[""E-4あたりにいるが数は極めて少ない"",""[\"1匹+供@詰所\",\"E-4あたりにいるが数は極めて少ない\"] \/ 1匹+供@詰所""]","2026-03-14 07:16:16","2026-03-22 17:15:39"
1829,333,187,406,"[""B5""]",いつでも,1,普通,ほら穴では1匹で出ます。,0,"[""[\"1匹@ほら穴\",\"辺境のほら穴の近くのB-5に結構います\"] \/ 1匹@ほら穴"",""辺境のほら穴の近くのB-5に結構います""]","2026-03-14 07:16:16","2026-03-22 18:34:25"
1830,349,187,406,"[""B7""]",いつでも,1,普通,湖では1匹で出ます。お供つきです。,0,"[""[\"1匹+供@湖\",\"北西のB-7あたりの水場にいます\"] \/ 1匹+供@湖"",""北西のB-7あたりの水場にいます""]","2026-03-14 07:16:16","2026-03-22 19:03:37"
1831,368,187,406,"[""G1"",""G2"",""F1"",""F2""]",いつでも,1,普通,右上の離れたエリアの転送装置で行く所にいます。お供もつきます。,1,"[""[\"1匹+供@北東\",\"マップ右上の離れたエリア(転送装置で行く所)にいる\"] \/ 1匹+供@北東"",""マップ右上の離れたエリア(転送装置で行く所)にいる""]","2026-03-14 07:16:16","2026-03-26 14:31:31"
1832,399,187,406,"[""D6"",""D7"",""E6"",""E7""]",いつでも,3,多い,沿道南では3匹で出ます。少し入り組んでいて分かりづらいのが難点。,0,"[""[\"3匹@沿道南\",\"マップ中央E-5あたりから南東に広く出現、たくさんいます\"] \/ 3匹@沿道南"",""マップ中央E-5あたりから南東に広く出現、たくさんいます""]","2026-03-14 07:16:16","2026-03-23 08:13:34"
1833,406,187,406,"[""B5"",""C4""]",いつでも,2,多い,ほら穴では2匹で出ます。,0,"[""[\"2匹@ほら穴\",\"辺境のほら穴の近くB-5からC-4あたりに固まっている\"] \/ 2匹@ほら穴"",""辺境のほら穴の近くB-5からC-4あたりに固まっている""]","2026-03-14 07:16:16","2026-03-23 08:52:10"
1834,420,187,406,"[""F1"",""F2"",""G1"",""G2""]",いつでも,1,3,北東では3匹で出ます。右上の離れたエリアの転送装置で行く所にいます。たくさんいます。,0,"[""[\"単3匹@北東\",\"マップ右上の離れたエリア(転送装置で行く所)にいる。たくさんいます\"] \/ 単3匹@北東"",""マップ右上の離れたエリア(転送装置で行く所)にいる。たくさんいます""]","2026-03-14 07:16:16","2026-03-23 09:10:05"
1835,434,187,406,"[""C2"",""E2"",""D2""]",いつでも,1〜2,普通,北西では1〜2匹で出ます。,0,"[""[\"1-2匹@北西\",\"北西のドミネウス邸周辺からE-2くらいまでいます\"] \/ 1-2匹@北西"",""北西のドミネウス邸周辺からE-2くらいまでいます""]","2026-03-14 07:16:16","2026-03-23 09:45:28"
1836,442,187,406,"[""A6"",""A7"",""A8"",""B6"",""B7"",""B8"",""C6"",""C7"",""C8""]",いつでも,2〜4,普通,湖で2〜4匹で出ます。,0,"[""[\"2-4匹@湖\",\"マップの南西側にある水場から中央まで続く小川まで広く出現します\"] \/ 2-4匹@湖"",""マップの南西側にある水場から中央まで続く小川まで広く出現します""]","2026-03-14 07:16:16","2026-03-23 10:07:17"
1837,509,187,406,"[""E5"",""E7"",""F6"",""F7"",""E6""]",いつでも,1〜3,少ない,ほかの敵も混ざります。中央E-5あたりから南東に広くに出ます。数は少なめです。,0,"[""[\"混1-3匹@沿道南\",\"マップ中央E-5あたりから南東に広く出現、数は少なめ\"] \/ 混1-3匹@沿道南"",""マップ中央E-5あたりから南東に広く出現、数は少なめ""]","2026-03-14 07:16:16","2026-03-23 13:04:02"
1838,523,187,406,"[""D5"",""F4"",""F3"",""E3"",""E4""]",いつでも,2,多い,詰所では2匹で出ます。,1,"[""[\"2匹@詰所\",\"辺境警備隊詰所を出た所の広い場所とD-5あたりにもたくさんいる\"] \/ 2匹@詰所"",""辺境警備隊詰所を出た所の広い場所とD-5あたりにもたくさんいる""]","2026-03-14 07:16:16","2026-03-23 13:50:30"
1839,528,187,406,"[""D2"",""D3"",""D5"",""E2"",""E3""]",いつでも,1〜2,少ない,北では1〜2匹で出ます。数は少なめです。古代と同じです。,0,"[""[\"1-2匹@北\",\"辺境警備隊詰所を出た所の広い場所とD-5あたりにもいる、数は少なめ\"] \/ 1-2匹@北"",""辺境警備隊詰所を出た所の広い場所とD-5あたりにもいる、数は少なめ""]

古代と同じ。","2026-03-14 07:16:16","2026-03-23 13:59:02"
1840,613,187,406,"[""C8"",""D2"",""D3"",""E2"",""E3""]",いつでも,1〜2,普通,沿道北では1〜2匹で出ます。,0,"[""[\"1-2匹@沿道北\",\"北側DE-2あたりと南側のC-8あたりに固まってます\"] \/ 1-2匹@沿道北"",""北側DE-2あたりと南側のC-8あたりに固まってます""]","2026-03-14 07:16:16","2026-03-23 16:01:44"
1841,647,187,406,"[""D6"",""D7""]",いつでも,1,普通,D6に1匹とD7に2匹にいます。水場にいます。,0,"[""D-6に1匹とD-7に2匹、水場にいます"",""[\"1匹@湖\",\"D-6に1匹とD-7に2匹、水場にいます\"] \/ 1匹@湖""]","2026-03-14 07:16:16","2026-03-23 17:33:44"
1842,771,187,406,"[""E4""]",いつでも,1,少ない,詰所では1匹で出ます。お供つきです。,0,"[""E-4あたりにいるが数は極めて少ない"",""[\"1匹+供@詰所\",\"E-4あたりにいるが数は極めて少ない\"] \/ 1匹+供@詰所""]","2026-03-14 07:16:16","2026-03-22 17:15:39"
1843,1,188,409,"[""C1"",""D1"",""C2"",""D2""]",いつでも,1〜3,普通,町近辺では1〜3匹で出ます。王都キィンベルを出るとすぐいます。,0,"[""[\"1-3匹@町近く\",\"王都キィンベルを出るとすぐいます\"] \/ 1-3匹@町近く"",""王都キィンベルを出るとすぐいます""]

ver: 4.5後","2026-03-14 07:16:31","2026-04-02 08:31:28"
1844,16,188,409,"[""C7"",""D7"",""E7"",""E8"",""D8"",""C8""]",いつでも,1,普通,海岸では1匹で出ます。お供つきです。,0,"[""[\"1匹+供@海岸\",\"マップ南の海沿いにいる\"] \/ 1匹+供@海岸"",""マップ南の海沿いにいる""]

ver: 4.5後","2026-03-14 07:16:31","2026-03-21 12:14:32"
1845,206,188,409,"[""C8"",""D8"",""E8""]",いつでも,2,多い,海岸では2匹で出ます。南の海沿いにたくさんいます。,0,"[""[\"2匹@海岸\",\"マップ南の海沿いにたくさんいる\"] \/ 2匹@海岸"",""マップ南の海沿いにたくさんいる""]","2026-03-14 07:16:31","2026-03-22 11:49:31"
1846,240,188,409,"[""C5"",""D6"",""D7"",""E6"",""E7"",""C6"",""D5"",""E5"",""C7"",""B3"",""B4"",""B5""]",いつでも,2,普通,南では2匹で出ます。C-5あたりは特にいます。,0,"[""[\"2匹@南\",\"マップ中央から北西にかけて広くいる、C-5あたりは特にいる\"] \/ 2匹@南"",""マップ中央から北西にかけて広くいる、C-5あたりは特にいる""]","2026-03-14 07:16:31","2026-03-22 12:56:34"
1847,281,188,409,"[""C2"",""C3"",""C4"",""D4"",""D5"",""D6"",""E7""]",いつでも,1〜3,普通,川沿いでは1〜3匹で出ます。内を流れる川に沿ってずっといます。,0,"[""[\"1-3匹@川沿い\",\"マップ内を流れる川に沿ってずっといる\"] \/ 1-3匹@川沿い"",""マップ内を流れる川に沿ってずっといる""]","2026-03-14 07:16:31","2026-03-22 15:10:17"
1848,332,188,409,"[""G2"",""G3""]",いつでも,1,普通,エテーネ王国領と同じです。北東では1匹で出ます。北東のトンネルの先のG-3のエリアに固まっています。,0,"[""[\"1匹@北東\",\"北東のトンネルの先のG-3のエリアに固まっています\"] \/ 1匹@北東"",""北東のトンネルの先のG-3のエリアに固まっています""]

エテーネ王国領と同じ。
ver: 5.2","2026-03-14 07:16:31","2026-03-22 18:32:12"
1849,398,188,409,"[""F3"",""G4""]",いつでも,2〜3,普通,洞くつでは2〜3匹で出ます。,0,"[""[\"2-3匹@洞くつ\",\"マップの東側にあるトンネル内(F-3やG-4)にいる\"] \/ 2-3匹@洞くつ"",""マップの東側にあるトンネル内(F-3やG-4)にいる""]","2026-03-14 07:16:31","2026-03-23 08:11:34"
1850,405,188,409,"[""D6"",""D7"",""E6"",""E7"",""D2"",""D3"",""D4"",""D5"",""E5"",""E4"",""E3"",""E2""]",いつでも,2〜3,普通,王都キィンベルから出れば大体すぐにいます。,0,"[""[\"2-3匹@南等\",\"マップの北側からDEの列を下までずっと広範囲にいます、王都キィンベルから出れば大体すぐにいる\"] \/ 2-3匹@南等"",""マップの北側からDEの列を下までずっと広範囲にいます、王都キィンベルから出れば大体すぐにいる""]","2026-03-14 07:16:31","2026-03-23 08:50:34"
1851,459,188,409,"[""B3"",""C3"",""C4"",""C5"",""C6"",""D3"",""D4"",""D5"",""D6"",""E3"",""E4"",""E5"",""E6""]",いつでも,1〜2,普通,中央＆B-3では1〜2匹で出ます。,0,"[""[\"1-2匹@中央＆B3\",\"マップ中央から北西にかけて広くいる\"] \/ 1-2匹@中央＆B3"",""マップ中央から北西にかけて広くいる""]

ver: 5.4","2026-03-14 07:16:31","2026-03-23 10:38:30"
1852,473,188,409,"[""F5"",""F6""]",いつでも,1,普通,お供つきです。東のトンネルの先F-5あたりに数匹います。,0,"[""[\"1匹+供@南東\",\"東のトンネルの先F-5あたりに数匹います\"] \/ 1匹+供@南東"",""東のトンネルの先F-5あたりに数匹います""]","2026-03-14 07:16:31","2026-03-23 11:01:58"
1853,536,188,409,"[""C1"",""C2"",""C3"",""C4"",""D1"",""D2"",""D3"",""D4"",""E1"",""E2"",""E3"",""E4"",""F1"",""F2"",""F3"",""F4""]",いつでも,2,普通,王都キィンベルから出ればすぐにいます。,0,"[""[\"2匹@町近く等\",\"マップの北側から東側半分くらい広範囲にいます、王都キィンベルから出れば大体すぐにいる\"] \/ 2匹@町近く等"",""マップの北側から東側半分くらい広範囲にいます、王都キィンベルから出れば大体すぐにいる""]","2026-03-14 07:16:31","2026-03-23 14:06:44"
1854,690,188,409,"[""D8""]",いつでも,1,1,海岸で1匹で出ます。湧き2分。,0,"[""[\"1匹@海岸\",\"南の海岸線D-8にポツンと1匹いた\"] \/ 1匹@海岸"",""南の海岸線D-8にポツンと1匹いた""]

古代と同じ。
ver: 6.3","2026-03-14 07:16:31","2026-03-23 18:23:00"
1855,756,188,409,"[""C5"",""D6"",""D7"",""E6"",""E7"",""C6"",""D5"",""E5"",""C7"",""B3"",""B4"",""B5""]",いつでも,2,普通,南では2匹で出ます。C-5あたりは特にいます。,0,"[""[\"2匹@南\",\"マップ中央から北西にかけて広くいる、C-5あたりは特にいる\"] \/ 2匹@南"",""マップ中央から北西にかけて広くいる、C-5あたりは特にいる""]","2026-03-14 07:16:31","2026-03-22 12:56:34"
1856,779,188,409,"[""B3"",""C3"",""C4"",""C5"",""C6"",""D3"",""D4"",""D5"",""D6"",""E3"",""E4"",""E5"",""E6""]",いつでも,1〜2,普通,中央＆B-3では1〜2匹で出ます。,0,"[""[\"1-2匹@中央＆B3\",\"マップ中央から北西にかけて広くいる\"] \/ 1-2匹@中央＆B3"",""マップ中央から北西にかけて広くいる""]

ver: 5.4","2026-03-14 07:16:31","2026-06-27 09:21:58"
1857,342,189,411,"[""D4"",""D5"",""D6""]",いつでも,2〜3,普通,D-5から中央の低い場所にいます。,0,"[""D-5からマップ中央の低い場所にいる"",""[\"2-3匹@中央\",\"D-5からマップ中央の低い場所にいる\"] \/ 2-3匹@中央""]","2026-03-14 07:16:45","2026-03-22 18:49:40"
1858,362,189,411,"[""C6"",""D6"",""D7""]",昼,1〜2,1,昼だけ出ます。キィンベル北東門付近に1シンボルのみで、1〜2匹で出ます。湧きも2分かかります。,0,"[""[\"昼･1-2匹@南\",\"昼のみキィンベルを出たすぐの広い所C-6にいる、数は少ない\"] \/ 昼･1-2匹@南"",""昼のみキィンベルを出たすぐの広い所C-6にいる、数は少ない""]

昼限定。キィンベル北東門付近に1シンボルのみ。湧きも2分かかる。1〜2匹構成。
ver: 6.3","2026-03-14 07:16:45","2026-03-23 06:39:29"
1859,363,189,411,"[""D7"",""D6"",""C6"",""C5"",""D5"",""C7"",""B4"",""C4"",""D4"",""E4"",""F4"",""G4""]",いつでも,2〜4,普通,2-4匹です。王都キィンベルを出てすぐにいます。北のエリアを除いてほぼすべての場所にいます。,0,"[""[\"2-4匹\",\"王都キィンベルを出てすぐにいる、北のエリアを除いてほぼすべての場所にいます\"] \/ 2-4匹"",""王都キィンベルを出てすぐにいる、北のエリアを除いてほぼすべての場所にいます""]","2026-03-14 07:16:45","2026-03-23 06:41:07"
1860,382,189,411,"[""D2"",""D3"",""E2"",""E3""]",いつでも,2,多い,北では2匹で出ます。,0,"[""[\"2匹@北\",\"星落ちる谷方面のD-3にたくさんいる\"] \/ 2匹@北"",""星落ちる谷方面のD-3にたくさんいる""]","2026-03-14 07:16:45","2026-03-23 07:28:48"
1861,383,189,411,"[""D4"",""D6""]",いつでも,1〜3,普通,洞くつでは1〜3匹で出ます。中のいくつかあるトンネル内に必ずいます。,0,"[""[\"1-3匹@洞くつ\",\"マップ中のいくつかあるトンネル内に必ずいます\"] \/ 1-3匹@洞くつ"",""マップ中のいくつかあるトンネル内に必ずいます""]","2026-03-14 07:16:45","2026-03-23 07:32:55"
1862,387,189,411,"[""D3""]",いつでも,1〜4,多い,星谷では1〜4匹で出ます。ほかの敵も混ざります。,0,"[""[\"混1-4匹@星谷\",\"星落ちる谷周辺のエリアD-3あたりに固まっている\"] \/ 混1-4匹@星谷"",""星落ちる谷周辺のエリアD-3あたりに固まっている""]","2026-03-14 07:16:45","2026-03-23 07:37:16"
1863,394,189,411,"[""D3""]",いつでも,1〜4,多い,星谷では1〜4匹で出ます。ほかの敵も混ざります。,0,"[""[\"混1-4匹@星谷\",\"星落ちる谷周辺のエリアD-3あたりに固まっている\"] \/ 混1-4匹@星谷"",""星落ちる谷周辺のエリアD-3あたりに固まっている""]","2026-03-14 07:16:45","2026-03-23 07:45:15"
1864,395,189,411,"[""C6""]",いつでも,1〜2,多い,南では1〜2匹で出ます。お供つきです。,0,"[""[\"1-2匹+供@南\",\"王都キィンベルの北東の門を出るとすぐC-6あたりにたくさんいる\"] \/ 1-2匹+供@南"",""王都キィンベルの北東の門を出るとすぐC-6あたりにたくさんいる""]","2026-03-14 07:16:45","2026-03-23 07:47:06"
1865,417,189,411,"[""F3"",""F4"",""F5"",""G3"",""G4"",""G5"",""H3"",""H4"",""H5""]",いつでも,1〜3,多い,東のエリア自由人の集落から黒曜の隕石孔までたくさんいます。,0,"[""[\"1-3匹@自由\",\"東のエリア自由人の集落から黒曜の隕石孔までたくさんいる\"] \/ 1-3匹@自由"",""東のエリア自由人の集落から黒曜の隕石孔までたくさんいる""]","2026-03-14 07:16:45","2026-03-23 09:07:09"
1866,447,189,411,"[""D3""]",いつでも,2,多い,2匹で出ます。,0,"[""[\"2匹@星谷\",\"星落ちる谷周辺のエリアD-3あたりに固まっている\"] \/ 2匹@星谷"",""星落ちる谷周辺のエリアD-3あたりに固まっている""]","2026-03-14 07:16:45","2026-03-23 10:13:50"
1867,486,189,411,"[""E7""]",いつでも,1〜2,普通,トンネルの先E-7のエリアの上空を飛んでいます。,0,"[""[\"1-2匹@王国領\",\"トンネルの先E-7のエリアの上空を飛んでいる\"] \/ 1-2匹@王国領"",""トンネルの先E-7のエリアの上空を飛んでいる""]","2026-03-14 07:16:45","2026-03-23 11:19:40"
1868,559,189,411,"[""C3"",""D4""]",いつでも,1〜2,普通,出てくる数は2体が多く、お供がいる。,0,"[""D-4あたりの高い場所とC-3にも多くいる"",""[\"1-2匹+お供@北\",\"D-4あたりの高い場所とC-3にも多くいる\"] \/ 1-2匹+お供@北""]","2026-03-14 07:16:45","2026-03-23 15:00:02"
1869,568,189,411,"[""B4"",""C3"",""D3""]",いつでも,1,多い,西にあるマデ神殿あたりB-4あたりにまとまっています。,1,"[""[\"1匹@北西\",\"西にあるマデ神殿周辺B-4あたりに固まっている\"] \/ 1匹@北西"",""西にあるマデ神殿周辺B-4あたりに固まっている""]

かつてのマデ遺跡までの道のりのほか、現・星落ちる谷の近くにも数シンボル出現している。1匹構成。
ver: 4.5","2026-03-14 07:16:45","2026-03-23 15:10:59"
1870,573,189,411,"[""B5""]",いつでも,1,普通,バントリユでは1匹で出ます。お供つきです。,0,"[""[\"1匹+供@バントリユ\",\"トンネルを抜けたB-5から先にいる\"] \/ 1匹+供@バントリユ"",""トンネルを抜けたB-5から先にいる""]","2026-03-14 07:16:45","2026-03-26 15:07:31"
1871,390,252,413,"[""D2"",""D3"",""D5"",""E2"",""E3""]",いつでも,1〜2,少ない,岩穴の廃墟周辺に1〜2匹と大審門前2〜4匹にいます。,0,"[""[\"1-2匹@岩穴北\",\"大審門を出てすぐとD-5あたりにもいる\"] \/ 1-2匹@岩穴北"",""大審門を出てすぐとD-5あたりにもいる""]

岩穴の廃墟周辺と大審門前にいる。前者は1〜2匹、後者は2～4匹構成。どちらもシンボルは少ない。
ver: 5.5","2026-03-14 07:16:57","2026-03-25 18:49:00"
1872,400,252,413,"[""D6"",""D7"",""E6"",""E7"",""C7"",""B7"",""B6"",""C6"",""F6"",""F7""]",いつでも,2〜3,多い,砂漠の関所前では2〜3匹で出て、キメラ・強も混ざります。岩穴の廃墟周辺は2〜3匹で出ます。南側柵内では2〜4匹で出ます。,1,"[""[\"2-3匹@岩穴2-4匹@南側柵内\",\"岩穴の廃屋の周辺などマップの南部に広範囲でいます\"] \/ 2-3匹@岩穴2-4匹@南側柵内"",""岩穴の廃屋の周辺などマップの南部に広範囲でいます""]

南部の低地に広く生息しているが、ジャリムバハ砂漠の関所東の馬小屋周辺がシンボルも多く出現数も2～4匹と多いのでここ一択。砂漠の関所前では2～3匹構成でキメラ・強が混成する。岩穴の廃墟周辺は1～3匹構成。
ver: 5.5","2026-03-14 07:16:57","2026-03-23 08:14:21"
1873,408,252,413,"[""B5"",""B6"",""C5""]",いつでも,3〜5,多い,岩穴西では3〜5匹で出ます。ネクロデア入口付近に大量です。3〜5匹です。,1,"[""[\"3-5匹@岩穴西\",\"マップの南西B-6・7あたりにたくさんいる\"] \/ 3-5匹@岩穴西"",""マップの南西B-6・7あたりにたくさんいる""]

ネクロデア入口付近に大量。3～5匹構成。オーク・強に1匹くっつくこともある。
ver: 5.5","2026-03-14 07:16:57","2026-03-23 08:54:31"
1874,409,252,413,"[""D4"",""D5"",""E4"",""E5"",""F3"",""G3""]",いつでも,2〜3,少ない,バルディア山岳地帯関所あたりやならずもののねぐらあたりにいます。いずれも2〜3匹でやや点々といます。関所付近ではもみじこぞう・強につき、ねぐら付近では沼上にはほぼおらず、ズッキーニャも混ざります。また、大審門付近のオーク・強も一緒に出ます。,1,"[""[\"2-3匹@中央\",\"ならず者のねぐら周辺とD-4あたりにいる\"] \/ 2-3匹@中央"",""ならず者のねぐら周辺とD-4あたりにいる""]

バルディア山岳地帯関所付近やならずもののねぐら付近に生息。いずれも2～3匹構成でややまばら。関所付近ではもみじこぞう・強につき、ねぐら付近では沼上にはほぼおらず、ズッキーニャと互いに混成する。ねぐらから少し離れた坂の方にもいるがごく少数。また、大審門付近のオーク・強にもつく。数だけならネリもののふ狩りのついでに。
ver: 5.5","2026-03-14 07:16:57","2026-03-23 08:55:03"
1875,412,252,413,"[""E3"",""E4"",""E5"",""F5"",""F4""]",いつでも,3〜5,普通,べルヴァインの森入口〜グラデル台地前までの広範囲にいます。3〜5匹です。周囲のしのどれい・強やきりさきピエロ・強、リリパット・強に混成することがあります。E-5付近の広場ではもみじこぞう・強が一緒に出ます。ベルヴァインの森の関所前では強敵ギガンテス・強がついてくることもある。,1,"[""[\"3-5匹@中央＆東側\",\"ベルヴァインの森への関所周辺からE-3・4・5あたりの広範囲にいます\"] \/ 3-5匹@中央＆東側"",""ベルヴァインの森への関所周辺からE-3・4・5あたりの広範囲にいます""]

べルヴァインの森入口～グラデル台地前までの広範囲に生息。3～5匹構成。 周囲のしのどれい・強やきりさきピエロ・強、リリパット・強に混成することがある。 E-5付近の広場ではもみじこぞう・強がつく。ベルヴァインの森の関所前では強敵ギガンテス・強がついてくるので要注意。
ver: 5.5","2026-03-14 07:16:57","2026-03-23 08:58:40"
1876,453,252,413,"[""D4"",""D5"",""E4"",""E5"",""F4"",""C4"",""C5""]",いつでも,3〜5,多い,他の敵が少ない岩穴の廃屋周辺の高台がおすすめです。3〜5匹です。中央の広まったところでは3〜4匹で出て、ランタンこぞうも混ざります。バルディア山岳地帯の関所付近では1〜3匹で出て、オーク・強やねこまどう・強も混ざります。,1,"[""[\"混3-5匹@中央3-5匹@岩穴周辺\",\"岩穴の廃屋の周辺とD-4やF-4・5あたりにもたくさんいます\"] \/ 混3-5匹@中央3-5匹@岩穴周辺"",""岩穴の廃屋の周辺とD-4やF-4・5あたりにもたくさんいます""]

南部に広く生息。他の敵が少ない岩穴の廃屋周辺の高台がおすすめ。3～5匹構成。中央の広まったところでは3～4匹でランタンこぞうと互いに混成する。バルディア山岳地帯の関所付近では1～3匹でオーク・強やねこまどう・強が混成する。
ver: 5.5","2026-03-14 07:16:57","2026-03-23 10:31:52"
1877,457,252,413,"[""F3"",""F4"",""F5"",""G5"",""E3"",""E4""]",いつでも,2〜3,普通,E3〜F3やE4〜F4の橋の東西ではズッキーニャが1匹、G5ではランタンこぞうが一緒にでることがある。,1,"[""[\"2-3匹@東側\",\"ベルヴァインの森への関所周辺とF-3あたりにいる\"] \/ 2-3匹@東側"",""ベルヴァインの森への関所周辺とF-3あたりにいる""]

E3～F3やE4～F4の橋の東西ではズッキーニャが一匹くっつくことがある。 G5付近のベルヴァインの森関所付近ではランタンこぞうがくっつくことがある。いずれも2～3匹構成。
ver: 5.0","2026-03-14 07:16:57","2026-03-23 10:36:58"
1878,470,252,413,"[""C2"",""C3"",""D3"",""D2""]",いつでも,2〜5,多い,D-4のギガンテス・強に混成することがあります。,0,"[""[\"2-5匹@北西\",\"大審門を出てすぐにたくさんいます\"] \/ 2-5匹@北西"",""大審門を出てすぐにたくさんいます""]

大審門付近にまばら。2～5匹構成。また、D-4のギガンテス・強に混成することがある。破魔石と魔因細胞が同時に狩れるため、ときおり先客がいることがある。
ver: 5.5","2026-03-14 07:16:57","2026-03-23 10:57:45"
1879,502,252,413,"[""D4"",""D5"",""E4"",""F4"",""F5"",""E5""]",いつでも,3〜5,少ない,中央の広まったところに点々といます。2〜4匹です。ランタンこぞうが一緒に出ます。,0,"[""F-4からE-5あたりにいる"",""[\"混3-5匹@中央低地\",\"F-4からE-5あたりにいる\"] \/ 混3-5匹@中央低地""]

中央の広まったところにまばら。2～4匹構成でランタンこぞうがつく。
ver: 5.5","2026-03-14 07:16:57","2026-03-23 12:10:44"
1880,548,252,413,"[""D6"",""D7"",""E6"",""E7"",""F7"",""F6""]",いつでも,2〜3,少ない,2〜3匹で、いっかくウサギ・強も混ざります。,1,"[""[\"2-3匹@南側\",\"ジャリムバハ砂漠への関所周辺\"] \/ 2-3匹@南側"",""ジャリムバハ砂漠への関所周辺""]

ジャリムバハ砂漠の関所付近にシンボルが少数。2～3匹構成で、周辺のいっかくウサギ・強に混成する。
ver: 5.0","2026-03-14 07:16:57","2026-03-23 14:32:22"
1881,562,252,413,"[""E5"",""F5""]",いつでも,1〜2,少ない,中央の広まったところに飛んでいるが、シンボルは少ないのでエモノ呼び推奨です。,1,"[""E-5からF-5あたりに飛んでいます"",""[\"1-2匹@中央\",\"E-5からF-5あたりに飛んでいます\"] \/ 1-2匹@中央""]

中央の広まったところに飛んでいるが、シンボルは少ないのでエモノ呼び推奨。なお、夜でも飛んでいる。1～2匹構成。
ver: 5.5","2026-03-14 07:16:57","2026-03-23 15:01:19"
1882,569,252,413,"[""F3"",""G3""]",いつでも,1〜3,普通,1〜3匹で出て、周囲のねこまどう・強とは互いも混ざりますが、沼の上では混成しないです。,1,"[""[\"混1-3匹@北東\",\"ならず者のねぐら周辺\"] \/ 混1-3匹@北東"",""ならず者のねぐら周辺""]

ならず者のねぐら前にシンボル。1～3匹構成で周囲のねこまどう・強とは互いに混成するが、沼の上では混成しない。ねこまどう・強には2匹までくっつく。 E3～F3やE4～F4の橋の東西では同種構成の2～3匹構成。リリパット・強に混成する。
ver: 5.0","2026-03-14 07:16:57","2026-03-23 15:11:55"
1883,605,252,413,"[""B6"",""C2"",""C3"",""C6"",""C5"",""C4""]",いつでも,2〜3,多い,大審門を出てすぐとの南西B6〜7あたりにたくさんいます。ねこまどう・強者が混ざることがあります。,1,"[""[\"2-3匹@北西\",\"大審門を出てすぐとマップの南西B-6・7あたりにたくさんいる\"] \/ 2-3匹@北西"",""大審門を出てすぐとマップの南西B-6・7あたりにたくさんいる""]

大審門付近やネクロデア入口に生息する。前者は1～3匹構成でシンボル潤沢、ねこまどう・強が混成する。後者はシンボル自体はあまり多くなく、2～3匹構成でバブルスライム・強がつく。また、バルディア関所近くのもみじこぞう・強にもつく。
ver: 5.5","2026-03-14 07:16:57","2026-03-23 15:54:58"
1884,614,252,413,"[""D2"",""D3"",""E2"",""E3"",""E6"",""E7""]",いつでも,2〜3,普通,北側では2〜3匹で、ランタンこぞうが一緒に出ます。南側では2匹で出るが、シンボル少なめ。,1,"[""[\"2匹@南側2-3匹@北側\",\"ジャリムバハ砂漠への関所周辺とE-3・4あたり\"] \/ 2匹@南側2-3匹@北側"",""ジャリムバハ砂漠への関所周辺とE-3・4あたり""]

グラデル台地前の広場と、ジャリムバハ関所付近にシンボル。前者は1～3匹構成でランタンこぞうがつく。後者は混成なしの2匹構成だが2シンボルしかいない。
ver: 5.5","2026-03-14 07:16:57","2026-03-23 16:02:45"
1885,696,252,413,"[""D4"",""D5"",""E4"",""E5"",""F5"",""F4"",""D3"",""E3"",""F3""]",いつでも,1,6,中部〜北部の平らな広い場所に計6シンボルでいずれも2分湧きです。,1,"[""E-5・F-5、その他比較的平らな場所に点在しています"",""[\"1匹@中央\",\"E-5・F-5、その他比較的平らな場所に点在しています\"] \/ 1匹@中央""]

中部～北部の広い場所に計6シンボルでいずれも2分湧き。D-4北東部の城壁の上にいるものはしにがみのきしがつく。ベルヴァイン関所付近のランタンこぞうに1/3ほどの確率でくっつくことがあるので、ここで稼ぐのもいいだろう。
ver: 5.5","2026-03-14 07:16:57","2026-03-26 14:34:53"
1886,791,252,413,"[""F3"",""G3""]",いつでも,1〜3,普通,1〜3匹で出て、周囲のねこまどう・強とは互いも混ざりますが、沼の上では混成しないです。,1,"[""[\"混1-3匹@北東\",\"ならず者のねぐら周辺\"] \/ 混1-3匹@北東"",""ならず者のねぐら周辺""]

ならず者のねぐら前にシンボル。1～3匹構成で周囲のねこまどう・強とは互いに混成するが、沼の上では混成しない。ねこまどう・強には2匹までくっつく。 E3～F3やE4～F4の橋の東西では同種構成の2～3匹構成。リリパット・強に混成する。
ver: 5.0","2026-03-14 07:16:57","2026-03-23 15:11:55"
1887,397,257,414,"[""E4"",""E6"",""F3"",""F4"",""H6""]",いつでも,3〜5,多い,ドラキー・強やじんめんじゅ・強も一緒に出ます。南部では東側は2〜3匹でダックスビルがつき、フォンデュ・強も混ざります。西側は3〜4匹です。,0,"[""E-4・F-4の湿地帯とE-6あたりにいる"",""[\"3-5匹@北東混2-3匹@南東\",\"E-4・F-4の湿地帯とE-6あたりにいる\"] \/ 3-5匹@北東混2-3匹@南東""]

北部のE以東と南部の屋外に広く生息。 北部ではE-4、F-4の水たまりに密集しており数も3～5匹と多いが、湧きを共有しているため片方だけで狩っていると減ってしまう。その他の地点では3～4匹でシンボルも少ない。また道路沿いのドラキー・強やじんめんじゅ・強にもつく。 南部では東側は2～3匹構成でダックスビルがつき、フォンデュ・強に混成する。西側は3～4匹構成。
ver: 5.5","2026-03-14 07:17:04","2026-03-23 07:49:36"
1888,404,257,414,"[""F2"",""F3"",""G2"",""G3"",""E3"",""D3"",""D2"",""E2"",""C2"",""C3""]",いつでも,2〜4,少ない,マップ北の川より西にいますが数は少なめです。道路沿いでは2〜4匹で出ます。モーモン・強が、D以東の草むらでは2〜4匹です。おばけキノコが一緒に出ます。入口周辺の草むらでは混成なしの2〜3匹で出ます。,1,"[""[\"混2-4匹@北西＆北東\",\"ゲルヘナ幻野から入ってすぐ、滝見の広場くらいまでいます\"] \/ 混2-4匹@北西＆北東"",""ゲルヘナ幻野から入ってすぐ、滝見の広場くらいまでいます""]

マップ北の川より西にいるが数は少なめ。道路沿いでは2～4匹構成でモーモン・強が、D以東の草むらでは2～4匹でおばけキノコがつく。入口周辺の草むらでは混成なしの2～3匹。
ver: 5.5","2026-03-14 07:17:04","2026-03-23 08:48:41"
1889,511,257,414,"[""F6"",""F7"",""G6"",""G7""]",いつでも,2〜4,多い,2〜4匹です。洞窟内では同種のみ、屋外ではフォンデュ・強やモーモン・強も一緒に出ます。,0,"[""[\"混2-4匹@南東2-4匹@洞くつ\",\"南東のエリアG-6あたりにいます\"] \/ 混2-4匹@南東2-4匹@洞くつ"",""南東のエリアG-6あたりにいます""]

ベルヴァイン湖周辺にシンボル多数。2～4匹構成。洞窟内では同種のみ、屋外ではフォンデュ・強が混ざる。周辺のモーモン・強にもつく。
ver: 5.0","2026-03-14 07:17:04","2026-03-23 13:15:20"
1890,516,257,414,"[""E3"",""E4"",""G7"",""F6"",""G6""]",いつでも,3〜4,普通,中央の川と南東エリアの川にいます。,0,"[""[\"3-4匹@川\",\"マップ中央の川と南東エリアの川、南西の大公領地の水路にもいる\"] \/ 3-4匹@川"",""マップ中央の川と南東エリアの川、南西の大公領地の水路にもいる""]

マップ一帯の川に生息。他のモンスターが寄り付かないオジャロス大公の領地の川にもいる。3～4匹構成。
ver: 5.5","2026-03-14 07:17:04","2026-03-23 13:37:40"
1891,537,257,414,"[""F3"",""E3"",""D3"",""C2"",""D2"",""E2"",""C3"",""C4"",""D4"",""E4"",""F4"",""G4""]",いつでも,3〜4,多い,北部全域でどこも3〜4匹で、ドラキー・強に一緒に出ます。,0,"[""[\"3-4匹@北西＆北東\",\"ゲルヘナ幻野から入ってすぐ、北側エリア全域に出現します\"] \/ 3-4匹@北西＆北東"",""ゲルヘナ幻野から入ってすぐ、北側エリア全域に出現します""]

北部全域で見かける。どこも3～4匹構成で、D以東のドラキー・強にくっつく。
ver: 5.5","2026-03-14 07:17:04","2026-03-23 14:08:04"
1892,602,257,414,"[""E3"",""D3""]",いつでも,2〜3,多い,北部の低地にいます。2〜3匹で出ますてモーモン・強が一緒に出ます。,1,"[""E-3・4あたりにたくさんいる"",""[\"2-3匹@北東\",\"E-3・4あたりにたくさんいる\"] \/ 2-3匹@北東""]

北部の低地にいる。2～3匹構成でモーモン・強がつく。
ver: 5.5","2026-03-14 07:17:04","2026-03-23 15:52:09"
1893,637,257,414,"[""D4"",""E6""]",いつでも,2〜3,多い,D4/E6あたりにいます。,1,"[""D-4の細いエリアとE-6あたりにいる"",""[\"2-3匹@石碑混1-4匹@南東2-4匹@南中\",\"D-4の細いエリアとE-6あたりにいる\"] \/ 2-3匹@石碑混1-4匹@南東2-4匹@南中""]

オジャロス大公の領地手前は2～4匹構成でおすすめ。 その他、D-3の分かれ道から石碑のほうに進むとシンボルが密集している。2～3匹構成。 ベルヴァイン湖周辺は1～4匹構成な代わりにシンボルが少なめ。ダックスビルにくっついてきて、またモーモン・強が混ざる。
ver: 5.0","2026-03-14 07:17:04","2026-03-23 17:18:31"
1894,392,262,416,"[""F6"",""G5"",""F7""]",いつでも,3〜4,普通,G-5のトンネル内のほか、F-6〜7のブラニック採石場付近にも少量います。いずれも3〜4匹です。,1,"[""3-4匹@洞くつ＆採掘前"",""ブラニック採石場の周辺F-6あたりとG-5のトンネル内にいる""]

G-5のトンネル内のほか、F-6～7のブラニック採石場付近にも少量いる。いずれも3～4匹構成。
ver: 5.5","2026-03-14 07:17:18","2026-03-23 07:43:23"
1895,403,262,416,"[""D2"",""D3"",""E2"",""E3""]",いつでも,4〜5,少ない,北東部の月明かりの谷やターボル峡谷あたりにいます。,1,"[""4-5匹@北側"",""月明かりの谷周辺D-3あたりにいます""]

北東部の月明かりの谷やターボル峡谷周辺に生息。まばらだが出現数とドロップが美味しいのでそこそこ人気。4～5匹構成。
ver: 5.5","2026-03-14 07:17:18","2026-03-23 08:47:37"
1896,450,262,416,"[""F6""]",いつでも,2〜3,普通,ブラニック採石場前にそこそこの量のシンボルです。2〜3匹で出ます。,1,"[""2-3匹@採掘前"",""ブラニック採石場の周辺F-6あたりにいます""]

ブラニック採石場前にそこそこの量のシンボル。2～3匹構成。
ver: 5.5","2026-03-14 07:17:18","2026-03-23 10:16:46"
1897,456,262,416,"[""B2"",""B3"",""C2"",""C3""]",いつでも,3,普通,北西の川向こう側にいます。3匹で出てベノムピードも一緒に出ます。,1,"[""3匹@北西"",""マップの北西B-2あたりにいる""]

北西の川向うに生息。3匹構成。ベノムピードにもつく。
ver: 5.5","2026-03-14 07:17:18","2026-03-23 10:36:12"
1898,467,262,416,"[""A7"",""D6"",""D7"",""C6"",""C7"",""B7"",""B6""]",いつでも,3,普通,採石場あたりを除く南部一帯に広い範囲でいます。3匹で出ます。,1,"[""3匹@南側"",""マップの南側A-7からE-7あたりにいる""]

採石場付近を除く南部一帯に広く生息。3匹構成。
ver: 5.5","2026-03-14 07:17:18","2026-03-23 10:55:02"
1899,468,262,416,"[""E4"",""F4"",""D4""]",いつでも,3,普通,F-5のトンネルを出たところからターボル峡谷にかけています。3匹で出ます。周囲のプリズニャン・強も一緒に出ます。,1,"[""3匹@北側＆中央"",""ターボル峡谷からマップ中央、F-4あたりまでの広範囲にいます""]

F-5のトンネルを出たところからターボル峡谷にかけて生息。3匹構成。周囲のプリズニャン・強にもつく。
ver: 5.5","2026-03-14 07:17:18","2026-03-23 10:55:31"
1900,475,262,416,"[""B2"",""B3""]",いつでも,1〜3,普通,北西の川向こうにいます。1〜3匹でおにこぞう・強が混ざることがあります。,0,"[""マップの北西B-2あたりにいる"",""混1-3匹@北西""]

北西の川向うに生息。1～3匹構成でおにこぞう・強が混ざることがある。
ver: 5.5","2026-03-14 07:17:18","2026-03-23 11:05:00"
1901,528,262,416,"[""C2"",""C3"",""B3"",""B2""]",いつでも,2,少ない,マップ北西部の南北に通る道にぽつぽつといます。2匹で出ます。みつけづらい。,0,"[""2匹@北西"",""マップの北西B-2あたりにいる""]

マップ北西部の南北に通る道にぽつぽつといる。2匹構成。
ver: 5.5","2026-03-14 07:17:18","2026-03-23 13:59:02"
1902,536,262,416,"[""D4"",""D5"",""E4"",""E5"",""F4""]",いつでも,2〜3,少ない,F-5のトンネルを出たところからバルティスタ要塞にかけて点々といます。要塞前に湧きやすい。2〜3匹で出ます。,0,"[""2-3匹@中央"",""バルディスタ要塞からマップ中央、F-4あたりまでいます""]

F-5のトンネルを出たところからバルティスタ要塞にかけてまばら。要塞前に湧きやすい。2～3匹構成。
ver: 5.5","2026-03-14 07:17:18","2026-03-23 14:06:44"
1903,565,262,416,"[""C6"",""D6"",""D7"",""E6"",""E7"",""C7""]",いつでも,2,少ない,間隔はかなり離れて南側にいます。2匹で出ます。,0,"[""2匹@南側"",""マップの南側C-6からE-7あたりにいる""]

南部中央にまばらに見かける。間隔はかなり離れ気味。2匹構成。
ver: 5.5","2026-03-14 07:17:18","2026-03-23 15:07:33"
1904,566,262,416,"[""D4"",""D5"",""E4"",""E5"",""G5""]",いつでも,2〜3,普通,ゲルヘナ原野側から入って、バルディスタ要塞までの屋外にシンボルです。2〜3匹で出ます。F-5のトンネル内からバルティスタ要塞にかけてのシンボルはおおくちばし・強がついてくることもです。,1,"[""2-3匹@中央＆東側"",""ゲルヘナ幻野から入ってすぐのG-5からマップ中央まで広範囲にいます""]

ゲルヘナ原野側から入って、バルディスタ要塞までの屋外にシンボル。2～3匹構成。F-5のトンネル内からバルティスタ要塞にかけてのシンボルはおおくちばし・強がついてくることも。
ver: 5.0","2026-03-14 07:17:18","2026-03-21 11:03:16"
1905,605,262,416,"[""G5""]",いつでも,2,少ない,特になし。,0,"[""2匹@東側"",""ゲルヘナ幻野から入ってすぐG-5あたりにいます""]

ゲルヘナ幻野付近に少量。2匹構成。
ver: 5.5","2026-03-14 07:17:18","2026-03-23 15:54:58"
1906,649,262,416,"[""B6"",""B7"",""C6"",""C7"",""D6"",""D7""]",いつでも,2,2,散っているが、シンボルはまあOK。2匹で出ます。,0,"[""2匹@南西"",""マップの南西リシーの洞くつ周辺にいます""]

ザハディガル岩峰入口～リシーの洞くつにかけて生息。少々まばらだが湧きは申し分ない。2匹構成。
ver: 5.5","2026-03-14 07:17:18","2026-03-23 17:37:48"
1907,418,266,418,"[""D6"",""D7"",""E6"",""E7"",""E5""]",いつでも,2〜3,多い,2〜3匹で出ます。沿道南では2〜3匹で出ます。,0,"[""[\"2-3匹@沿道南\",\"砂の都ファラザードからティンガ交易所の門あたりまで出現\"] \/ 2-3匹@沿道南"",""砂の都ファラザードからティンガ交易所の門あたりまで出現""]

ディンガの関所からザード遺跡までの範囲にシンボル多数。2～3匹構成。
ver: 5.0","2026-03-14 07:17:30","2026-03-23 09:07:45"
1908,419,266,418,"[""B7"",""A7""]",いつでも,2〜3,多い,海あたりでは2〜3匹で出ます。クラーゴンにも二匹まで一緒に出ます。,1,"[""[\"2-3匹@海周辺\",\"南西の海沿いB-7あたりにいます\"] \/ 2-3匹@海周辺"",""南西の海沿いB-7あたりにいます""]

B7～H8の低地部分に多数のシンボル。2～3匹構成で、おばけヒトデ・強がくっついてくることも。また、クラーゴンにも二匹までくっつく。
ver: 5.0","2026-03-14 07:17:30","2026-03-23 09:08:37"
1909,489,266,418,"[""B3"",""C3"",""C4"",""B4""]",いつでも,2,少ない,C-4〜B-4にかけてごく少なめですのシンボルです。2匹で出ます。,0,"[""C-4あたりにいます"",""[\"2匹@北西\",\"C-4あたりにいます\"] \/ 2匹@北西""]

C-4～B-4にかけてごく少数のシンボル。2匹構成。別の場所のほうが戦うのは楽。
ver: 5.0","2026-03-14 07:17:30","2026-03-23 11:26:02"
1910,496,266,418,"[""B7""]",いつでも,2〜3,多い,低地部分にたくさんいまます。2〜3匹で、プチアーノン・強に一緒に出ることもあります。,0,"[""2階の通路にいます"",""[\"2-3匹@海周辺\",\"2階の通路にいます\"] \/ 2-3匹@海周辺""]

B-7～H-8の低地部分に多数のシンボル。2～3匹構成で、プチアーノン・強にくっつくことも。
ver: 5.0","2026-03-14 07:17:30","2026-03-24 18:04:28"
1911,504,266,418,"[""F2"",""G3"",""G4"",""G2""]",昼,1〜2,普通,昼だけ出ます。F-2〜G-4北東部の屋外にいます。,0,"[""[\"昼･1-2匹@東側\",\"昼のみ、真っ赤な洞くつから南G-3・4やF-2あたりもいます\"] \/ 昼･1-2匹@東側"",""昼のみ、真っ赤な洞くつから南G-3・4やF-2あたりもいます""]

昼限定。F-2～G-4北東部の屋外に生息。ヘルプラネットと共存する時間帯もあり、完全に夜になるとシンボルが消える。ズムウル峠までいくといなくなるので注意。1～2匹構成。
ver: 5.0","2026-03-14 07:17:30","2026-03-23 12:13:16"
1912,506,266,418,"[""C6"",""D4"",""D5"",""C5""]",いつでも,3〜4,多い,C-5〜B-7の坂範囲にいる。3〜4匹です。近くのまじんブドゥにも1〜2匹ついてくるきます。,0,"[""C-6あたりにいる"",""[\"3-4匹@西側中央\",\"C-6あたりにいる\"] \/ 3-4匹@西側中央""]

C-5～B-7の傾斜範囲にシンボル多数。3～4匹構成。近くのまじんブドゥにも1～2匹ついてくる。
ver: 5.0","2026-03-14 07:17:30","2026-03-23 12:34:11"
1913,526,266,418,"[""D5"",""E2"",""E3"",""E4"",""D4"",""D6""]",いつでも,1〜2,普通,E4あたりはキメラ・強が、D6はおおがらすも混ざることがある。,1,"[""E-3・4からD-5あたりにいます"",""[\"1-2匹@沿道北＆古巣\",\"E-3・4からD-5あたりにいます\"] \/ 1-2匹@沿道北＆古巣""]

E2～ディンガの関所までの範囲と、ディンガの関所～大甲虫の古巣の範囲に出現。1～2匹構成で、前者はキメラ・強が、後者はおおがらすが混成することがある。
ver: 5.0","2026-03-14 07:17:30","2026-03-23 13:54:53"
1914,529,266,418,"[""C4"",""C5"",""C6"",""D4"",""D5"",""D6""]",いつでも,3〜4,多い,3〜4匹です。おおさそりのお供に現れることがあります。,1,"[""[\"3-4匹@沿道南＆古巣\",\"砂の都ファラザードからマップ中央まで広範囲にいます\"] \/ 3-4匹@沿道南＆古巣"",""砂の都ファラザードからマップ中央まで広範囲にいます""]

ディンガの関所からザード遺跡までの範囲と、ディンガの関所～大甲虫の古巣までの範囲にシンボル多数。3～4匹構成。後者ではおおさそりのお供に現れることがある。
ver: 5.0","2026-03-14 07:17:30","2026-03-23 13:59:49"
1915,548,266,418,"[""E3"",""G4"",""E4""]",いつでも,2〜3,普通,2〜3匹で出ます。,0,"[""[\"2-3匹@沿道北＆峠\",\"ゲルヘナ幻野から入ってすぐからE-3・4とG-4あたりもいます\"] \/ 2-3匹@沿道北＆峠"",""ゲルヘナ幻野から入ってすぐからE-3・4とG-4あたりもいます""]

E2～ディンガの関所までの範囲に出現。2～3匹構成。おおさそりに混成することもある。
ver: 5.0","2026-03-14 07:17:30","2026-03-23 14:32:22"
1916,549,266,418,"[""C6""]",いつでも,1〜2,少ない,ディアブラダが1〜2匹ついてきます。,1,"[""C-6あたりにいる"",""[\"1匹+供@西側中央\",\"C-6あたりにいる\"] \/ 1匹+供@西側中央""]

C-5～B-7の傾斜範囲に少数のシンボル。1匹構成で、ディアブラダが1～2匹ついてくる。ディアブラダを倒したくないなら、天ツ風の原でいい。
ver: 5.0","2026-03-14 07:17:30","2026-03-23 14:34:52"
1917,553,266,418,"[""F4"",""G4""]",いつでも,2〜3,普通,F-4やG-4の高台あたりにいます。キリンの邪魔。,1,"[""F-4やG-4の高台あたりにいます"",""[\"2-3匹@F4＆峠\",\"F-4やG-4の高台あたりにいます\"] \/ 2-3匹@F4＆峠""]

F-4～G-4のズムウル峠に生息。2～3匹構成で、闇のキリンジにくっついてくることもある。
ver: 5.0","2026-03-14 07:17:30","2026-03-23 14:40:37"
1918,594,266,418,"[""C4"",""B4""]",いつでも,2〜3,普通,B〜C-4にかけてそこそこのシンボルです。2〜3匹で出ます。,0,"[""C-4あたりにいます"",""[\"2-3匹@北西\",\"C-4あたりにいます\"] \/ 2-3匹@北西""]

B～C-4にかけてそこそこのシンボル。2～3匹構成。
ver: 5.0","2026-03-14 07:17:30","2026-03-23 15:45:59"
1919,644,266,418,"[""F2"",""F4"",""F5"",""G3"",""G4"",""G5""]",夜,1〜2,普通,夜だけ東側で1〜2匹で出ます。,1,"[""[\"夜･1-2匹@東側\",\"夜のみ、真っ赤な洞くつから南G-3・4やF-2あたりもいます\"] \/ 夜･1-2匹@東側"",""夜のみ、真っ赤な洞くつから南G-3・4やF-2あたりもいます""]

夜限定。夕方の時点でシンボルが現れ、シャイニングと共存する時間帯もある。F2～G4北東部の屋外に生息。ズムウル峠までいくといなくなるので注意。1～2匹構成。
ver: 5.0","2026-03-14 07:17:30","2026-03-23 17:27:41"
1920,646,266,418,"[""F2"",""F3"",""G2"",""G3""]",いつでも,2〜3,多い,特になし。,0,"[""1階C-6とF-6の小部屋に固まっている"",""[\"2-3匹@北東＆東側\",\"1階C-6とF-6の小部屋に固まっている\"] \/ 2-3匹@北東＆東側""]","2026-03-14 07:17:30","2026-03-23 17:31:50"
1921,682,266,418,"[""B7""]",いつでも,1,少ない,B-7〜H-8の低地部分に子分といっしょに。湧き自体は早いです。,1,"[""[\"1匹+供@海周辺\",\"南西の海沿いB-7あたりにいます\"] \/ 1匹+供@海周辺"",""南西の海沿いB-7あたりにいます""]

B-7～H-8の低地部分に少数のシンボル。湧き自体は早い。こいつ1匹に、プチアーノン・強が2匹までついてくることもある。
ver: 5.0","2026-03-14 07:17:30","2026-03-23 18:14:43"
1922,700,266,418,"[""F4"",""G4""]",いつでも,1,普通,F4のズムウル峠にいます。サイおとこ・強が一匹ついてくることがあります。,1,"[""G-4の高台の一番上にいます"",""[\"1匹+供@F4\",\"G-4の高台の一番上にいます\"] \/ 1匹+供@F4""]

F-4のズムウル峠に生息。サイおとこ・強が一匹ついてくることがある。
ver: 5.0","2026-03-14 07:17:30","2026-03-23 18:28:47"
1923,702,266,418,"[""C4"",""B4""]",いつでも,1,普通,C-4〜B-4にかけて1シンボルずつです。1匹ずつ出ます。つおい,1,"[""C-4あたりにいます"",""[\"1匹@北西\",\"C-4あたりにいます\"] \/ 1匹@北西""]

C4～B4にかけて1シンボルずつ。1匹構成。即湧きする。
ver: 5.0","2026-03-14 07:17:30","2026-03-24 06:25:18"
1924,792,266,418,"[""C4"",""C5"",""C6"",""D4"",""D5"",""D6""]",いつでも,3〜4,多い,3〜4匹です。おおさそりのお供に現れることがあります。,1,"[""[\"3-4匹@沿道南＆古巣\",\"砂の都ファラザードからマップ中央まで広範囲にいます\"] \/ 3-4匹@沿道南＆古巣"",""砂の都ファラザードからマップ中央まで広範囲にいます""]

ディンガの関所からザード遺跡までの範囲と、ディンガの関所～大甲虫の古巣までの範囲にシンボル多数。3～4匹構成。後者ではおおさそりのお供に現れることがある。
ver: 5.0","2026-03-14 07:17:30","2026-03-23 13:59:49"
1925,414,269,420,"[""B6"",""C4"",""F2"",""F3"",""F4"",""G2"",""G3""]",いつでも,3〜5,多い,C-7付近にシンボルです。F-5〜E-4は2〜3匹、D-5〜C-4は2〜4匹で、いずれもメーダ・強に2匹まで一緒に出ます。F-2付近は1〜2匹でいしにんぎょう・強が2匹までついてくることがあります。,0,"[""[\"3-5匹@南西・中央混2-3匹@北東\",\"北東エリアF-2にたくさん、BC-4やEF-4にもたくさん、B-6・7にもいる\"] \/ 3-5匹@南西・中央混2-3匹@北東"",""北東エリアF-2にたくさん、BC-4やEF-4にもたくさん、B-6・7にもいる""]

C-7付近にシンボル。一度に出る数は4～5匹構成と多いが、ちょっと遠い。F-5～E-4は2～3匹構成、D-5～C-4は2～4匹構成で、いずれもメーダ・強に2匹までくっつく。F-2付近は1～2匹構成でいしにんぎょう・強が2匹までくっついてくる。
ver: 5.1","2026-03-14 07:17:44","2026-03-23 09:02:19"
1926,433,269,420,"[""C4"",""D3"",""D4"",""D5"",""E4"",""E5"",""F4""]",いつでも,2〜3,多い,中央では2〜4匹で出ます。E-5付近は1〜3匹でパペットマン・強が一匹ついてくることがあります。,1,"[""BC-4やEF-4あたりにたくさんいる、D-3にもいます"",""[\"混2-3匹@北中混2-4匹@中央\",\"BC-4やEF-4あたりにたくさんいる、D-3にもいます\"] \/ 混2-3匹@北中混2-4匹@中央""]

E5付近は1～3匹構成でパペットマン・強が一匹くっついてくる。F5～E4付近ではゴースト・強が1～2匹くっついてくることもある。D4～C4付近はこいつ自体は1～2匹構成で、ゴースト・強が1～2匹くっついてくることもある。F5～E4付近がシンボル多くておすすめ。
ver: 5.1","2026-03-14 07:17:44","2026-03-23 09:43:57"
1927,500,269,420,"[""C3"",""C6"",""F3"",""D5""]",いつでも,2〜4,普通,橋の上に、2〜4匹でおすすめです。,1,"[""[\"2-4匹@橋\",\"マップに4か所ある塔みたいな建物の通路に出現します、C-3やC-6など\"] \/ 2-4匹@橋"",""マップに4か所ある塔みたいな建物の通路に出現します、C-3やC-6など""]

橋の上にシンボルあり。2～4匹構成でおすすめ。
ver: 5.1","2026-03-14 07:17:44","2026-03-23 11:40:45"
1928,520,269,420,"[""B2"",""B3"",""C2"",""C3""]",いつでも,2〜3,多い,B-2〜3にシンボルです。まあまあよい場所。,0,"[""B-3あたりにたくさんいます"",""[\"2-3匹@北西\",\"B-3あたりにたくさんいます\"] \/ 2-3匹@北西""]

B-2～3にシンボル。2～3匹構成。近いので悪くない。
ver: 5.1","2026-03-14 07:17:44","2026-03-23 13:46:55"
1929,538,269,420,"[""D2"",""D3"",""E2"",""E3"",""C2"",""C3""]",いつでも,1〜2,普通,C2～C3にいるものはばくだんサーカスが2匹までくっついてくる。,0,"[""D-3あたりにいます"",""[\"1-2匹+供@北中\",\"D-3あたりにいます\"] \/ 1-2匹+供@北中""]

D-3～C-2にかけてシンボルそこそこ。D-3～D-2にいるものは、1～2匹構成でメーダ・強に1匹くっついてくることがある。C-3～C-2にいるものはばくだんサーカスが2匹までくっついてくる。
ver: 5.1","2026-03-14 07:17:44","2026-03-23 14:09:45"
1930,543,269,420,"[""C3"",""D3""]",いつでも,1〜3,多い,1〜3匹で、まわりのクラウンヘッドに2匹まで一緒に出ます。,0,"[""C-3あたりにいる"",""[\"1-3匹@北中\",\"C-3あたりにいる\"] \/ 1-3匹@北中""]

D3～C2にかけてシンボル多め。1～3匹構成で、まわりのクラウンヘッドに2匹までくっつく。
ver: 5.1","2026-03-14 07:17:44","2026-03-23 14:16:30"
1931,612,269,420,"[""D6"",""D7"",""E6"",""E7"",""F7"",""F6"",""G6"",""G7""]",いつでも,2〜4,多い,南では2〜4匹で出ます。入り口周辺は2匹で出ます。,1,"[""[\"2-4匹@南\",\"魔幻都市ゴーラ跡・入口に飛んですぐのF-7やD-6・7あたりにたくさんいます\"] \/ 2-4匹@南"",""魔幻都市ゴーラ跡・入口に飛んですぐのF-7やD-6・7あたりにたくさんいます""]

入り口周辺は2匹構成。D7周辺は2～4匹構成。C6～E6にかけては2匹構成でいしにんぎょう・強がくっつくほか、いしにんぎょう・強に2匹まで混成する。
ver: 5.1","2026-03-14 07:17:44","2026-03-23 16:00:07"
1932,642,269,420,"[""B2"",""B3"",""B7"",""F7""]",いつでも,3〜4,普通,入り口周辺は3匹、C7付近は2〜4匹です。B2〜B3は、こちらは2〜4匹です。,1,"[""F-7とB-7、B-3にもいる"",""[\"3-4匹@北西2-4匹@南\",\"F-7とB-7、B-3にもいる\"] \/ 3-4匹@北西2-4匹@南""]

入り口周辺は3匹構成、C7付近は2～4匹構成。B2～B3にもいて、こちらは2～4匹構成。B2～B3が拠点から近くておすすめ。
ver: 5.1","2026-03-14 07:17:44","2026-03-23 17:24:26"
1933,650,269,420,"[""D6"",""E4"",""F2"",""F3"",""C6""]",いつでも,2〜3,多い,F2にいっぱい。中央では2匹で出ます。C6〜E6は、1匹でグリーンシザー・強とパペットマン・強が出る。,1,"[""[\"混2匹@中央混2-3匹@北東\",\"北東エリアF-2にたくさん、E-4やD-6にもいる\"] \/ 混2匹@中央混2-3匹@北東"",""北東エリアF-2にたくさん、E-4やD-6にもいる""]

C6～E6にかけて、1匹構成でグリーンシザー・強とパペットマン・強に互いに混成する。E5あたりはパペットマン・強がくっついてくるのみ。F2付近は1～2匹構成でゴースト・強が2匹までくっついてくる。
ver: 5.1","2026-03-14 07:17:44","2026-03-23 17:38:34"
1934,667,269,420,"[""B2"",""B3"",""C2"",""C3"",""E5"",""E6"",""C8"",""C7"",""B7"",""B8""]",いつでも,2〜3,普通,北西では2〜3匹、中央では2匹、南では2〜4匹で出ます。,1,"[""[\"2-3匹@北西2匹@中央2-4匹@南\",\"マップの南西エリアに広範囲で出現します、B-3にもいる\"] \/ 2-3匹@北西2匹@中央2-4匹@南"",""マップの南西エリアに広範囲で出現します、B-3にもいる""]

南部に広くシンボルあり。E6あたりのT字路付近は2匹構成、C7～B7あたりは2～4匹構成、B6～B7付近は3～4匹構成。C6～E6にかけては2匹構成でいしにんぎょう・強がくっつくほか、いしにんぎょう・強に2匹まで混成する。E5あたりは2匹構成でいしにんぎょう・強やメーダ・強にくっつく。B2～B3は2～3匹構成。基本的にはB6～B7付近がいいか。
ver: 5.1","2026-03-14 07:17:44","2026-03-24 18:02:03"
1935,678,269,420,"[""B2"",""C2""]",いつでも,1,少ない,B2、C2の石畳部分にシンボルです。,0,"[""B-2とC－2に1匹ずついます"",""[\"1匹@宮殿付近\",\"B-2とC－2に1匹ずついます\"] \/ 1匹@宮殿付近""]

B-2、C-2の石畳部分にシンボル。
ver: 5.1","2026-03-14 07:17:44","2026-03-23 18:10:27"
1936,694,269,420,"[""E5""]",いつでも,1,普通,E5の黒箱の前に固定シンボルです。だいたい30秒くらいで湧きます。,0,"[""E-5にいます"",""[\"1匹@E5\",\"E-5にいます\"] \/ 1匹@E5""]

E-5の黒箱の前に固定シンボル。だいたい10秒くらいで湧く。
ver: 5.1","2026-03-14 07:17:44","2026-03-23 18:25:26"
1937,538,270,886,"[""D4"",""E4"",""E5"",""E6"",""D6"",""D5""]",いつでも,,普通,回転木馬の広場にいます。,0,"[""回転木馬の広場にいる""]","2026-03-14 07:18:00","2026-03-23 14:09:45"
1939,667,270,886,"[""C3"",""D3"",""C4"",""D4"",""E3"",""F3"",""E4"",""F4"",""E5"",""F5"",""E6"",""F6"",""C5"",""D5"",""C6"",""D6"",""C7"",""D7"",""C8"",""D8"",""E7"",""F7"",""E8"",""F8""]",いつでも,2〜4,普通,回転木馬の広場にシンボルそこそこです。2〜4匹です。,0,"[""回転木馬の広場にいる""]

回転木馬の広場にシンボルそこそこ。2～4匹構成。
ver: 5.1","2026-03-14 07:18:00","2026-03-24 18:02:03"
1940,575,270,884,"[""D4"",""D5"",""E5"",""E4""]",いつでも,,少ない,美術館にいます。,1,"[""美術館にいます""]","2026-03-14 07:18:00","2026-03-23 15:17:25"
1956,419,254,428,"[""C5"",""D6"",""C6""]",いつでも,2〜5,普通,C-5からD-6にいます。,0,"[""C-5からD-6にいる"",""[\"2-5匹@海底中\",\"C-5からD-6にいる\"] \/ 2-5匹@海底中""]

C5～D6にシンボル。シンボルでは2～5匹構成、わかめ王子・強に2～4匹くっついたりビッグファングに1～2匹くっつく。
ver: 5.1","2026-03-14 07:18:18","2026-03-23 09:08:37"
1957,444,254,428,"[""G5""]",いつでも,2〜4,普通,G-5の地下通路みたいなところにいます。他のモンスターも混ざります。,0,"[""G-5の地下通路みたいなところにいる"",""[\"混2-4匹@城通路\",\"G-5の地下通路みたいなところにいる\"] \/ 混2-4匹@城通路""]

ファラザード城の下水道部分にシンボル。1～3匹構成ではりつきあくまと互いに1～2匹混成する。
ver: 5.1","2026-03-14 07:18:18","2026-03-23 10:08:45"
1958,496,254,428,"[""B5"",""E5"",""F4"",""F5"",""G4"",""G5"",""C4""]",いつでも,2〜4,普通,ほこらのした。2〜4匹でわかめ王子・強に1匹一緒に出ることもあります。C4のトンネルはは1〜3匹でマリンスライム・強が1〜2匹ついてくることがあります。E5付近ではぐんたいガニ・強と1〜2匹混成するほか、ビッグファングにも一匹ついてくることがあります。,1,"[""B-5からE-5あたりまで広範囲にいる"",""[\"2-4匹@海底西混3-4匹@海底東\",\"B-5からE-5あたりまで広範囲にいる\"] \/ 2-4匹@海底西混3-4匹@海底東""]

鉄のほこら下りてすぐにシンボル。2～4匹構成でわかめ王子・強に1匹くっつくことも。C4のトンネルでは1～3匹構成でマリンスライム・強が1～2匹くっついてくる。E5付近ではぐんたいガニ・強と1～2匹混成するほか、ビッグファングにも一匹くっついてくる。
ver: 5.1","2026-03-14 07:18:18","2026-03-24 18:04:28"
1959,516,254,428,"[""B5"",""E5""]",いつでも,2〜4,普通,鉄のほこらを降りたらいます。2〜4匹でわかめ王子・強に1匹一緒に出ることもあります。E-5のトンネルでは2〜3匹でマリンスライム・強が2匹までついてくることがあります。E5付近の屋外ではおばけヒトデ・強と1〜2匹混成するほか、ビッグファングにも一匹ついてくることがあります。,1,"[""B-5とE-5あたりにいる"",""[\"2-4匹@海底西混2-3匹@海底東混3-5@洞窟東\",\"B-5とE-5あたりにいる\"] \/ 2-4匹@海底西混2-3匹@海底東混3-5@洞窟東""]

鉄のほこら下りてすぐにシンボル。2～4匹構成でわかめ王子・強に1匹くっつくことも。E-5のトンネルでは2～3匹構成でマリンスライム・強が2匹までくっついてくる。E-5付近の屋外ではおばけヒトデ・強と1～2匹混成するほか、ビッグファングにも一匹くっついてくる。
ver: 5.1","2026-03-14 07:18:18","2026-03-23 13:37:40"
1960,526,254,428,"[""F5""]",いつでも,2〜3,多い,お供つきです。,1,"[""F-5にたくさんいる"",""[\"2-3匹+供@城前\",\"F-5にたくさんいる\"] \/ 2-3匹+供@城前""]

東側の砂漠地帯F5あたりにシンボル。2～3匹構成でさらにキメラ・強と1～2匹混成する。
ver: 5.1","2026-03-14 07:18:18","2026-03-23 13:54:53"
1961,540,254,428,"[""G5""]",いつでも,3〜4,普通,G-5の通路にいます。,0,"[""G-5の地下通路みたいなところにいる"",""[\"混3-4匹@城通路\",\"G-5の地下通路みたいなところにいる\"] \/ 混3-4匹@城通路""]

ファラザード城の下水道部分にシンボル。1～2匹構成でメタッピー・強と互いに1～2匹混成する。
ver: 5.1","2026-03-14 07:18:18","2026-03-23 14:11:42"
1962,548,254,428,"[""F5""]",いつでも,3〜5,多い,ほかの敵も混ざります。,0,"[""F-5にたくさんいる"",""[\"混3-5匹@城前\",\"F-5にたくさんいる\"] \/ 混3-5匹@城前""]

東側の砂漠地帯F5あたりにシンボル。1～3匹構成でさらにおおさそりと1～2匹混成する。
ver: 5.1","2026-03-14 07:18:18","2026-03-23 14:32:22"
1963,609,254,428,"[""C4"",""E5""]",いつでも,3〜5,普通,トンネルの中にいます。3〜5匹です。C-5ではおばけヒトデ・強に、E-5ではぐんたいガニ・強に2匹までくっついてくることがあります。,1,"[""C-4やE-5のトンネルの中にいます"",""[\"3-5匹@洞窟\",\"C-4やE-5のトンネルの中にいます\"] \/ 3-5匹@洞窟""]

トンネルの中にいる。3～5匹構成。C5ではおばけヒトデ・強に、E5ではぐんたいガニ・強に2匹までくっついてくる。
ver: 5.1","2026-03-14 07:18:18","2026-03-23 15:56:39"
1964,618,254,428,"[""B4""]",いつでも,2〜3,普通,入り口にあたる西側の緑地部分にシンボルです。2〜3匹で出ます。,0,"[""[\"2-3匹@ネクロ\",\"マップの西側B-4あたりにいる\"] \/ 2-3匹@ネクロ"",""マップの西側B-4あたりにいる""]

入り口にあたる西側の緑地部分にシンボル。2～3匹構成。
ver: 5.1","2026-03-14 07:18:18","2026-03-23 17:01:24"
1965,634,254,428,"[""B4"",""B5"",""C4"",""C5"",""D5""]",いつでも,1〜2,普通,鉄のほこら下りるといる。1〜2匹か、おばけヒトデ・強とぐんたいガニ・強が1匹ずつ一緒に出ます。,0,"[""[\"1-2匹+供@海底西1匹+供2-4@海底中\",\"マップ中央に広範囲にいる、C-5・D-5あたりとか\"] \/ 1-2匹+供@海底西1匹+供2-4@海底中"",""マップ中央に広範囲にいる、C-5・D-5あたりとか""]

鉄のほこら下りてすぐにシンボル。1～2匹構成か、おばけヒトデ・強とぐんたいガニ・強が1匹ずつくっついてくる。C5～D5にかけてはプチアーノン・強が2～4匹くっついてくる。
ver: 5.1","2026-03-14 07:18:18","2026-03-23 17:14:25"
1966,653,254,428,"[""E6"",""F6"",""F5""]",いつでも,1〜3,普通,1〜3匹で出ます。近くのクラーゴンにも1匹ついてくることがあります。,0,"[""E-6・F-6あたりにいる"",""[\"1-3匹@城前\",\"E-6・F-6あたりにいる\"] \/ 1-3匹@城前""]

砂のほこらの周辺にシンボル。1～3匹構成。近くのクラーゴンにも1匹くっついてくる。
ver: 5.1","2026-03-14 07:18:18","2026-03-23 17:41:01"
1967,665,254,428,"[""B4""]",いつでも,2〜3,普通,入り口にあたる西側の緑地部分にシンボルです。,1,"[""[\"2-3匹@ネクロ\",\"マップの西側B-4あたりにいる\"] \/ 2-3匹@ネクロ"",""マップの西側B-4あたりにいる""]

入り口にあたる西側の緑地部分にシンボル。目立つので見つけやすい。1～3匹構成。
ver: 5.1","2026-03-14 07:18:18","2026-03-23 17:59:35"
1968,679,254,428,"[""D5"",""E5"",""D6"",""C5""]",いつでも,1〜2,普通,"E5付近ではぐんたいガニ・強やおばけヒトデ・強を1匹が一緒に登場
。C5〜D5付近ではプチアーノン・強を1〜2匹登場",1,"[""D-5・6とE-5にいる"",""[\"1-2匹+供@海底\",\"D-5・6とE-5にいる\"] \/ 1-2匹+供@海底""]

E-5付近ではぐんたいガニ・強やおばけヒトデ・強を1匹ずつ引き連れて現れる。C-5～D-5付近ではプチアーノン・強を1～2匹引き連れて出てくる。D-6付近は2匹現れるが、全滅の危険もあるので注意。
ver: 5.1","2026-03-14 07:18:18","2026-03-23 18:12:05"
1969,682,254,428,"[""E6"",""F6""]",いつでも,1,普通,E6、F6あたりにいます。城前では1匹で出ます。お供つきです。,0,"[""E-6・F-6あたりにいる"",""[\"1匹+供@城前\",\"E-6・F-6あたりにいる\"] \/ 1匹+供@城前""]

砂のほこらの周辺にシンボル。1匹構成。近くのマッドルーパー・強が1匹くっつくこともある。
ver: 5.1","2026-03-14 07:18:18","2026-03-23 18:14:43"
1970,397,259,429,"[""B4"",""F5"",""F6"",""F7""]",いつでも,3〜5,普通,B-4やF-5の水たまりが3〜5匹でたんまりいるのでおすすめです。他に主に南部の東側にいます。2〜4匹です。キャタピラー・強が一緒に出ます。またE-4の木の中では2匹で出て、キングスライム・強も混ざります。,1,"[""B-4やF-5の湿地帯の所に固まっています"",""[\"3-5匹@池混2-5匹@南東\",\"B-4やF-5の湿地帯の所に固まっています\"] \/ 3-5匹@池混2-5匹@南東""]

B-4やF-5の水たまりが3～5匹構成でたんまりいるのでおすすめ。他には主に南部の東側に生息。2～4匹でキャタピラー・強がつく。またE-4の木の中では2匹でキングスライム・強と互いに混成する。
ver: 5.5","2026-03-14 07:18:25","2026-03-23 07:49:36"
1971,452,259,429,"[""C3"",""F5"",""E5"",""C4""]",いつでも,2〜5,多い,"EF5あたりにシンボル多めで,2〜4匹構成でモーモン・強と互いに混成するほか、近くのまかいじゅうも一緒に出ます。C34では2〜5匹で出ます。",1,"[""EF-5にたくさんいる、レビンの洞くつの方にもいる"",""[\"2-5匹@北西混2-5匹@南東\",\"EF-5にたくさんいる、レビンの洞くつの方にもいる\"] \/ 2-5匹@北西混2-5匹@南東""]

南部の東側とトポルの村西部にシンボル。F-5あたりにシンボル多め。南部では2～4匹構成でモーモン・強と互いに混成するほか、近くのまかいじゅうにもつく。村西部では2～5匹構成。
ver: 5.5","2026-03-14 07:18:25","2026-03-23 10:31:14"
1972,511,259,429,"[""D5""]",いつでも,2〜4,普通,D-5のトンネル内にいて、1〜3匹でおばけキノコが1匹ついてくることがあります。,1,"[""D-5のトンネル内にいます"",""[\"混2-4匹@南西2-4匹@洞窟\",\"D-5のトンネル内にいます\"] \/ 混2-4匹@南西2-4匹@洞窟""]

B-5からトンネルまでのエリアは1～3匹構成でおばけキノコが1匹くっついてくる。トンネル内は同種のみ2～4匹構成だがシンボルの間隔が広めで少し走り回る必要がある。
ver: 5.2","2026-03-14 07:18:25","2026-03-23 13:15:20"
1973,537,259,429,"[""C5"",""D5"",""E5""]",いつでも,2〜4,多い,"入口あたりにいます。エリアは1〜3匹でダックスビルが1匹ついてくることがあります。
C5あたりは1～3匹構成でダックスビルが1匹くっついてくるときもある。",1,"[""[\"2-4匹@南西\",\"入ってすぐBC-5にたくさんいます\"] \/ 2-4匹@南西"",""入ってすぐBC-5にたくさんいます""]

入口付近に生息。入口北は同種のみ2～4匹構成。東に向かってトンネルまでのエリアは1～3匹構成でダックスビルが1匹くっついてくる。
ver: 5.2","2026-03-14 07:18:25","2026-03-23 14:08:04"
1974,545,259,429,"[""E5"",""F5"",""F4"",""F3"",""B4""]",いつでも,1,少ない,"キャタピラー・強が2匹ついたり、G4は2シンボルでパンプキッズ・強が2匹、B4には1シンボルでくらやみハーピーが2匹までつきます。
湧きは3分ほど。",0,"[""[\"1匹+供2@池付近\",\"マップ全体的に散らばっている感じ、E-5・G-4・B-4にいた\"] \/ 1匹+供2@池付近"",""マップ全体的に散らばっている感じ、E-5・G-4・B-4にいた""]

E-5からF-4にシンボル2つ。キャタピラー・強が2匹までつく。G-4には2シンボルでパンプキッズ・強が2匹までつく。また、B-4には1シンボルでくらやみハーピーが2匹までつく。いずれも3分湧きと遅め。
ver: 5.5","2026-03-14 07:18:25","2026-03-23 14:21:39"
1975,658,259,429,"[""C5"",""D5"",""B5"",""G3"",""F3"",""D3"",""C3""]",いつでも,2〜4,多い,B5あたりとD3あたりは2〜4匹で単体、G3あたりは2〜3匹でパンプキッズ・強も混ざります。,1,"[""[\"2-4匹@全体\",\"入ってすぐBC-5やトポルの村側にもたくさんいます\"] \/ 2-4匹@全体"",""入ってすぐBC-5やトポルの村側にもたくさんいます""]

入口からトンネルまでのエリアや、トポルの村西では同種のみ2～4匹構成。呪いの泉周辺は2～3匹構成で、パンプキッズ・強と互いに混成する。B-3のまかいじゅうにもつく。
ver: 5.2","2026-03-14 07:18:25","2026-03-23 17:55:17"
1976,664,259,429,"[""F3"",""G3"",""E3""]",いつでも,2〜4,多い,E3あたりは2〜4匹、G3あたりは2〜3匹にくらやみハーピーやまかいじゅうにも2匹まで一緒に出ます。,1,"[""[\"2-4匹@村前混2-4匹@北東\",\"トポルの村周辺から東の呪いの泉までたくさんいる\"] \/ 2-4匹@村前混2-4匹@北東"",""トポルの村周辺から東の呪いの泉までたくさんいる""]

トポルの村～呪いの泉までの間にシンボル。村周辺では2～4匹構成、泉周辺では2～3匹構成にくらやみハーピーと混成するほか、近くのまかいじゅうにも2匹までつく。
ver: 5.2","2026-03-14 07:18:25","2026-03-23 17:59:04"
1977,689,259,429,"[""E4""]",いつでも,2,2,E-4にシンボル2で、2分湧きです。モーモン・強が2匹まで一緒に出ます。,1,"[""E-4の大きな切り株の中に2匹います"",""[\"1匹+供2@中央\",\"E-4の大きな切り株の中に2匹います\"] \/ 1匹+供2@中央""]

E-4にシンボル2つ。2分湧き。モーモン・強が2匹までつく。ほぼ即湧きする近くのモーモン・強につくこともあるので、合わせて狙うといいだろう。
ver: 5.5","2026-03-14 07:18:25","2026-03-23 18:21:20"
1978,390,249,431,"[""D2"",""D3"",""E2"",""E3""]",いつでも,3〜5,普通,北では3〜5匹で出ます。大魔王城あたりに出現します。,0,"[""[\"3-5匹@北\",\"大魔王城周辺に出現します\"] \/ 3-5匹@北"",""大魔王城周辺に出現します""]

大魔王城を出てすぐにそこそこのシンボル。3～5匹構成。地形の関係でシンボルがちょっと見えにくい。
ver: 5.2","2026-03-14 07:18:36","2026-03-25 18:49:00"
1979,534,249,431,"[""F7"",""G7"",""E7"",""F6"",""G6"",""E5"",""D5"",""C5"",""B5"",""B4"",""B3"",""C3"",""D2"",""E2"",""E3"",""E4"",""D4"",""C4"",""D3"",""C2"",""B2""]",いつでも,3〜5,多い,北東部以外ならどこでもシンボルがいます。3〜5匹です。盾を狙うぞ!,1,"[""[\"3-5匹@全体\",\"大魔王城のエリアと中央のエリア広範囲にいる、南東のEF-7あたりにもたくさんいます\"] \/ 3-5匹@全体"",""大魔王城のエリアと中央のエリア広範囲にいる、南東のEF-7あたりにもたくさんいます""]

北東部以外ならどこでもシンボルがいる。3～5匹構成。
ver: 5.2","2026-03-14 07:18:37","2026-03-23 14:03:45"
1980,631,249,431,"[""F5"",""F6""]",いつでも,1,少ない,1匹なうえに空を飛んでいて、なかなか狩れない。東のエリアF-5〜6あたりを飛んでいます。,1,"[""[\"1匹@東\",\"東のエリアF-5・6あたりを飛んでいます\"] \/ 1匹@東"",""東のエリアF-5・6あたりを飛んでいます""]

東部に少数のシンボル。1匹構成なうえに空を飛んでいるため、エモノ呼び推奨。
ver: 5.2","2026-03-14 07:18:37","2026-03-23 17:11:47"
1981,661,249,431,"[""D2"",""D3"",""E2"",""E3"",""C2"",""C3""]",いつでも,2,少ない,大魔王城出てすぐのエリアにシンボル点在です。2匹で出ます。,1,"[""[\"2匹@北\",\"大魔王城側のエリアにいます\"] \/ 2匹@北"",""大魔王城側のエリアにいます""]

大魔王城出てすぐのエリアにシンボル点在。2匹構成。
ver: 5.2","2026-03-14 07:18:37","2026-03-23 17:57:34"
1982,683,249,431,"[""F4"",""F5"",""G4"",""G5""]",いつでも,2〜4,多い,東部にシンボルたくさんいます。2〜4匹です。,1,"[""[\"2-4匹@東\",\"東のエリアに広くいます\"] \/ 2-4匹@東"",""東のエリアに広くいます""]

東部にシンボル多数。2～4匹構成。タフなので注意。
ver: 5.2","2026-03-14 07:18:37","2026-03-23 18:15:17"
1983,695,249,431,"[""C4"",""C5"",""D4"",""D5"",""E4"",""E5"",""B4""]",いつでも,1〜2,少ない,B4からE5にかけてシンボルが点在です。1〜2匹で出ます。,1,"[""[\"1-2匹@南\",\"マップ中央のエリアにいます\"] \/ 1-2匹@南"",""マップ中央のエリアにいます""]

B-4からE-5にかけてシンボルが点在。1～2匹構成。E-5のでっぱりの上には光の河を見ている固定シンボルがいる。
ver: 5.2","2026-03-14 07:18:37","2026-03-23 18:26:30"
1984,699,249,431,"[""B2"",""B3"",""B4"",""B5"",""C2"",""C3"",""C4"",""C5"",""D2"",""D3"",""D4"",""D5"",""E2"",""E3"",""E4"",""E5"",""F2"",""F3"",""F4"",""F5"",""G2"",""G3"",""G4"",""G5""]",いつでも,1,多い,南東部以外に広くシンボルが広くいます。F4で眠っているシンボルがおり、こちらは1分くらいで湧きます。,1,"[""[\"1匹@突起\",\"マップのほぼ全域に広範囲でいます、南東はいない\"] \/ 1匹@突起"",""マップのほぼ全域に広範囲でいます、南東はいない""]

南東部以外に広くシンボルが分布。F4でも眠っているシンボルがおり、こちらは1分くらいで湧く。
ver: 5.2","2026-03-14 07:18:37","2026-03-23 18:28:33"
1985,261,255,432,"[""C6"",""A3"",""B3"",""A4"",""B4"",""C3"",""D3"",""C4"",""D4"",""E3"",""F3"",""E4"",""F4"",""G3"",""H3"",""G4"",""H4"",""A5"",""B5"",""A6"",""B6"",""C5"",""D5"",""D6"",""E5"",""F5"",""E6"",""F6"",""G5"",""H5"",""G6"",""H6"",""A7"",""B7"",""A8"",""B8"",""C7"",""D7"",""C8"",""D8"",""E7"",""F7"",""E8"",""F8"",""G7"",""H7"",""G8"",""H8""]",いつでも,1〜2,普通,"C6がおすすめだが全体的にいる。
南西のは珍1〜2匹だが、トンブレロ・強が2匹まで一緒に出ます。
入口付近の島の固定湧きは1匹で出ます。西部の低地では1匹にファーラット・強やトンブレロ・強が2匹まで一緒に出ますが、シンボルは少なめです。",0,"[""C-6あたりに固まっていますが、全体的にところどころいる"",""[\"1-2匹+供@全域\",\"C-6あたりに固まっていますが、全体的にところどころいる\"] \/ 1-2匹+供@全域""]

西部に生息。南西の丘では珍しく1～2匹構成だが、トンブレロ・強が2匹までつく。入口付近の島の固定湧きは1匹構成。西部の低地では1匹にファーラット・強やトンブレロ・強が2匹までつくが、シンボルは少ない。
ver: 5.5","2026-03-14 07:18:43","2026-03-22 13:35:53"
1986,333,255,432,"[""B4"",""D2"",""D3"",""E2"",""E3""]",いつでも,1,普通,大魔王顔壁の入口に3シンボルです。北西の高台にも1匹います。1匹ずつ出ます。90秒湧きです。,0,"[""[\"1匹@北側\",\"北の大魔王顔壁近くDE-3に複数いる、B-4あたりにもいる\"] \/ 1匹@北側"",""北の大魔王顔壁近くDE-3に複数いる、B-4あたりにもいる""]

大魔王顔壁の入口に3シンボル。北西の高台にも1匹いる。1匹構成。90秒湧き。
ver: 5.5","2026-03-14 07:18:43","2026-03-22 18:34:25"
1987,401,255,432,"[""D4"",""D5"",""E4"",""E5"",""E6"",""D6"",""D7"",""E7"",""F7"",""G7"",""G6"",""F6"",""F5"",""F4"",""G4"",""G5""]",いつでも,3〜4,普通,池あたりでは3〜4匹で出ます。低地部分に広い範囲でいます。マップ中央が多くおすすめです。3〜4匹です。,1,"[""[\"3-4匹@池周辺\",\"マップ中央から南の広範囲にいる、高い所にはいない\"] \/ 3-4匹@池周辺"",""マップ中央から南の広範囲にいる、高い所にはいない""]

低地部分に広く生息。マップ中央が多くおすすめ。3～4匹構成。周辺のうごくせきぞうに2匹までくっついてくることがある。
ver: 5.5","2026-03-14 07:18:43","2026-03-23 08:15:00"
1988,418,255,432,"[""B4"",""D2"",""D3"",""E2"",""E3""]",いつでも,3〜4,普通,北側では3〜4匹で出ます。中〜北部の高台に広い範囲でいます。,1,"[""E-3あたりとB-4あたりにいる、東の海沿いにもいる"",""[\"3-4匹@北側\",\"E-3あたりとB-4あたりにいる、東の海沿いにもいる\"] \/ 3-4匹@北側""]

中～北部の高台に広く生息。大魔王顔壁付近が他シンボルが少なくおすすめ。3～4匹構成。
ver: 5.5","2026-03-14 07:18:43","2026-03-23 09:07:45"
1989,467,255,432,"[""F4"",""F5"",""G4"",""G5""]",いつでも,3〜4,普通,東部に広い範囲でいます。3〜4匹です。,0,"[""[\"3-4匹@東側\",\"マップの東側半分くらいの広範囲に出現します\"] \/ 3-4匹@東側"",""マップの東側半分くらいの広範囲に出現します""]

東部に広く生息。3～4匹構成。
ver: 5.5","2026-03-14 07:18:43","2026-03-23 10:55:02"
1990,514,255,432,"[""B6"",""B7"",""C6"",""C7""]",いつでも,2,少ない,南西の丘にいま。2匹で、トンブレロ・強が2匹まで一緒に出ます。,0,"[""C-6に固まっています"",""[\"2匹+供@南西\",\"C-6に固まっています\"] \/ 2匹+供@南西""]

南西の丘に少数のシンボル。2匹構成で、トンブレロ・強が2匹までつく。
ver: 5.3","2026-03-14 07:18:43","2026-03-23 13:34:18"
1991,516,255,432,"[""D5"",""E6"",""D6"",""E5"",""D4"",""E4"",""F6"",""G6""]",いつでも,3〜4,普通,水場に広い範囲でいます。3〜4匹です。,0,"[""[\"3-4匹@池\",\"マップ中の水場にいます、D-5やE-6など\"] \/ 3-4匹@池"",""マップ中の水場にいます、D-5やE-6など""]

水場に広く生息。3～4匹構成。
ver: 5.3","2026-03-14 07:18:43","2026-03-23 13:37:40"
1992,518,255,432,"[""B6"",""B7"",""C6"",""C7""]",いつでも,3〜4,多い,南西の丘にシンボルたくさんいます。3〜4匹です。マーズフェイスやうごくせきぞうにも2匹まで一緒に出てきます。,1,"[""BC-6あたりに固まっています"",""[\"3-4匹@南西\",\"BC-6あたりに固まっています\"] \/ 3-4匹@南西""]

南西の丘にシンボル多数。3～4匹構成。まわりのマーズフェイスやうごくせきぞうにも2匹までくっつく。
ver: 5.3","2026-03-14 07:18:43","2026-03-23 13:41:59"
1993,629,255,432,"[""C4"",""B4""]",いつでも,3,多い,北西の丘の上にシンボルたくさんいます。3匹で出ます。,1,"[""BC-4に固まっています、あと全体的に走ってるのを見かける"",""[\"3匹@北西\",\"BC-4に固まっています、あと全体的に走ってるのを見かける\"] \/ 3匹@北西""]

北西の丘の上にシンボル多数。少数北の水辺を走り回っている者もいる。どちらも3匹構成。
ver: 5.5","2026-03-14 07:18:43","2026-03-23 17:10:48"
1994,671,255,432,"[""F3"",""F4"",""F5"",""F6"",""G3"",""G4"",""G5"",""G6""]",いつでも,3,普通,橋より東側の水場の上空や、東の海岸沿い、G3上空を飛んでいます。3匹で出ます。,1,"[""[\"3体@池周辺\",\"水場の上でよく飛んでいる感じ、東側の海沿いにも飛んでいます\"] \/ 3体@池周辺"",""水場の上でよく飛んでいる感じ、東側の海沿いにも飛んでいます""]

シンボルが少なく、上空を飛んでいるため見つけにくい。だいたい橋より東側の水場の上空や、東の海岸沿い、G-3上空と考えておけばいい。3匹構成。
ver: 5.3","2026-03-14 07:18:43","2026-03-23 18:03:58"
1995,696,255,432,"[""B7"",""F5""]",いつでも,1,2,橋の先と鍵扉前に固定シンボルです。1匹ずつ出ます。,0,"[""B-7に1匹、F-5あたりにも数匹いる"",""[\"1匹@池周辺\",\"B-7に1匹、F-5あたりにも数匹いる\"] \/ 1匹@池周辺""]

橋の先と鍵扉前に固定シンボル。1匹構成。
ver: 5.5","2026-03-14 07:18:43","2026-03-26 14:34:53"
1996,392,265,433,"[""C4"",""D7""]",いつでも,3〜4,少ない,C-4やD-7のトンネルにいます。D-7の方はあまりいないです。3〜4匹です。,0,"[""C-4のトンネル内にいる、南エリアのトンネル内にもいる"",""[\"3-4匹@洞くつ \\\/ 3-4匹\",\"C-4のトンネル内にいる、南エリアのトンネル内にもいる\"] \/ 3-4匹@洞くつ \/ 3-4匹""]

C-4やD-7のトンネルに生息。D-7の方はあまりいない。3～4匹構成。
ver: 5.5","2026-03-14 07:18:49","2026-03-23 07:43:23"
1997,460,265,433,"[""B6"",""D2"",""C2""]",いつでも,4〜5,普通,入口から橋を渡ったところや、南西の滝壺あたりにいます。4〜5匹構成で、ごうけつぐまも一緒に出ます。,1,"[""[\"4-5匹@北側&池周辺\",\"マップ北エリア(ザハディカル岩峰・入口)にいます、B-6にもいる\"] \/ 4-5匹@北側&池周辺"",""マップ北エリア(ザハディカル岩峰・入口)にいます、B-6にもいる""]

入口から橋を渡ったところや、南西の滝壺付近に生息。4～5匹構成で、ごうけつぐまにもつく。
ver: 5.5","2026-03-14 07:18:49","2026-03-23 10:38:52"
1998,519,265,433,"[""D6"",""E6""]",いつでも,3〜4,多い,南部の低地にいます。3〜4匹です。,0,"[""D-6から東側に出現します"",""[\"3-4匹@南低地\",\"D-6から東側に出現します\"] \/ 3-4匹@南低地""]

南部の低地に生息。3～4匹構成。他の敵が多いので微妙。
ver: 5.5","2026-03-14 07:18:49","2026-03-23 13:43:21"
1999,560,265,433,"[""D6"",""E6"",""F6""]",いつでも,3〜4,普通,南部の低地にいます。3〜4匹です。,1,"[""D-6から東側に出現します"",""[\"3-4匹@南低地\",\"D-6から東側に出現します\"] \/ 3-4匹@南低地""]

南部の低地に生息。3～4匹構成。
ver: 5.5","2026-03-14 07:18:49","2026-03-23 15:00:29"
2000,565,265,433,"[""D2"",""D3"",""E2"",""E3""]",いつでも,1〜2,少ない,入口から橋を渡ったところに点々といます。1〜2匹で出て、どくろあらい・強が一緒に出ます。,0,"[""[\"1-2匹@北側\",\"マップ北エリア(ザハディカル岩峰・入口)にいます\"] \/ 1-2匹@北側"",""マップ北エリア(ザハディカル岩峰・入口)にいます""]

入口から橋を渡ったところにまばら。1～2匹構成でどくろあらい・強がつく。生息域は狭めだが、高低差があることや地面と同化して見つけにくい。
ver: 5.5","2026-03-14 07:18:49","2026-03-23 15:07:34"
2001,600,265,433,"[""E7"",""F7"",""D7""]",いつでも,3,普通,南部の高台にいます。3匹で出ます。、ホースデビル・強が一緒に出ることもあります。またホースデビル・強の方も一緒に出ます。盾がほしいぞ!,1,"[""[\"3匹+供@南高台\",\"トンネルの先の南側エリア一帯にいます、E-7など\"] \/ 3匹+供@南高台"",""トンネルの先の南側エリア一帯にいます、E-7など""]

南部の高台に生息。3匹構成で、ホースデビル・強がつくことも。またホースデビル・強の方にもつく。
ver: 5.5","2026-03-14 07:18:49","2026-03-23 15:51:07"
2002,621,265,433,"[""D7"",""E7"",""F7""]",いつでも,3,多い,南低地では3匹で出ます。南高台では2匹で出ます。お供つきです。ふん!,1,"[""D-6から東側やD-7の南側にいる、F-7の離れたエリアにもたくさんいる"",""[\"3匹@南低地2匹+供@南高台\",\"D-6から東側やD-7の南側にいる、F-7の離れたエリアにもたくさんいる\"] \/ 3匹@南低地2匹+供@南高台""]

南部一帯に生息。3匹構成。高台のリザードマン・強がいる部分だと1匹リザードマン・強に変わることがある。また、リザードマン・強やデスカイザーにもつく。
ver: 5.5","2026-03-14 07:18:49","2026-03-23 17:02:13"
2003,652,265,433,"[""F7""]",いつでも,1〜2,普通,外に1シンボル、各ほら穴の中にも1シンボルずつ隠れています。ホースデビル・強が一緒に出ます。湧きに15秒。,1,"[""F-7の離れたエリア"",""[\"1-2匹+供@F7\",\"F-7の離れたエリア\"] \/ 1-2匹+供@F7""]

F-7に生息。外に1シンボル、各ほら穴の中にも1シンボルずつ存在する。1～2匹構成でホースデビル・強がつく。湧きに15秒ほどかかる。
ver: 5.5","2026-03-14 07:18:49","2026-03-23 17:40:14"
2004,656,265,433,"[""B6"",""B5""]",いつでも,1〜2,多い,南西の滝壺付近にシンボルです。1〜2匹で出ます。,1,"[""B-6のエリアに固まっている"",""[\"1-2匹@池周辺\",\"B-6のエリアに固まっている\"] \/ 1-2匹@池周辺""]

南西の滝壺付近にシンボル。1～2匹構成。
ver: 5.5","2026-03-14 07:18:49","2026-03-23 17:44:06"
2005,790,265,433,"[""D2"",""D3"",""E2"",""E3""]",いつでも,1〜2,少ない,入口から橋を渡ったところに点々といます。1〜2匹で出て、どくろあらい・強が一緒に出ます。,0,"[""[\"1-2匹@北側\",\"マップ北エリア(ザハディカル岩峰・入口)にいます\"] \/ 1-2匹@北側"",""マップ北エリア(ザハディカル岩峰・入口)にいます""]

入口から橋を渡ったところにまばら。1～2匹構成でどくろあらい・強がつく。生息域は狭めだが、高低差があることや地面と同化して見つけにくい。
ver: 5.5","2026-03-14 07:18:49","2026-03-23 15:07:34"
2025,634,256,444,"[""D5"",""D6"",""E5"",""E6""]",いつでも,1〜2,普通,1階広間に3シンボル即湧きです。1〜2匹で出ます。,1,"[""1階中央の広い所に3匹くらいいる""]

1階広間に3シンボル即湧き。1～2匹構成。
ver: 5.5前","2026-03-14 07:19:37","2026-03-23 17:14:25"
2026,679,256,444,"[""D5"",""D6"",""E5"",""E6""]",いつでも,1〜2,普通,1階広間に2シンボル即湧きです。1〜2匹で出ます。,0,"[""1階中央の広い所に2匹くらいいる""]

1階広間に2シンボル即湧き。1～2匹構成。
ver: 5.5前","2026-03-14 07:19:37","2026-03-23 18:12:05"
2027,419,256,445,"[""D2"",""D3"",""E2"",""E3"",""C4"",""B4""]",いつでも,2〜3,普通,2階通路にいます。2〜3匹で出ます。,0,"[""2階の通路にいます""]

2階通路に生息。2～3匹構成。
ver: 5.5前","2026-03-14 07:19:37","2026-03-23 09:08:37"
2028,496,256,445,"[""C4""]",いつでも,2〜3,普通,2階通路にいます。2〜3匹で出ます。,0,"[""南西の海沿いB-7あたりにいます""]

2階通路に生息。2～3匹構成。
ver: 5.5前","2026-03-14 07:19:37","2026-03-24 18:04:28"
2029,642,256,445,"[""D3"",""E2"",""E3"",""C3"",""B3""]",いつでも,1〜3,普通,3階通路や2階の部屋部分にいます。1〜3匹で出ます。,0,"[""2階の広めの部屋と3階の通路に出現""]

3階通路や2階の部屋部分にいる。1～3匹構成。
ver: 5.5前","2026-03-14 07:19:37","2026-03-23 17:24:26"
2030,678,256,445,"[""C3"",""E2""]",いつでも,1,2,2階の部屋部分に1匹ずついます。湧きが30秒と早くおすすめです。,1,"[""2階の広くなっている部屋に出現する"",""[\"1匹@各部屋\",\"2階の広くなっている部屋に出現する\"] \/ 1匹@各部屋""]

2階の部屋部分に1匹ずついる。湧きが30秒と早くおすすめ。
ver: 5.5前","2026-03-14 07:19:37","2026-03-23 18:10:27"
2031,589,256,446,"[""B5"",""C5"",""F5"",""F6""]",いつでも,,普通,3階と4階の通路にいます。,0,"[""3階と4階の通路にいる""]","2026-03-14 07:19:37","2026-03-23 15:32:02"
2032,642,256,446,"[""B5"",""C5"",""F6"",""F5""]",いつでも,,普通,3階通路や2階の部屋部分にいます。1〜3匹で出ます。,0,"[""2階の広めの部屋と3階の通路に出現""]","2026-03-14 07:19:37","2026-03-23 17:24:26"
2033,676,256,446,"[""F5"",""F7""]",いつでも,2,普通,3〜4階の部屋部分に2シンボルずついます。1匹ずつ出ます。湧きは早めです。,0,"[""3階と4階の広めの部屋に2匹ずついる"",""[\"@部屋\",\"3階と4階の広めの部屋に2匹ずついる\"] \/ @部屋""]","2026-03-14 07:19:37","2026-03-23 18:08:19"
2034,589,256,447,"[""C5"",""C6"",""D7"",""E7"",""D8"",""E8""]",いつでも,2〜3,普通,3〜4階の通路にいます。,0,"[""3階と4階の通路にいる""]

3～4階の通路に生息。2～3匹構成。
ver: 5.5前","2026-03-14 07:19:37","2026-03-23 15:32:02"
2035,646,256,447,"[""E4"",""E3"",""D4"",""D3"",""C5"",""C6""]",いつでも,2,普通,4階通路にいます。2匹で出ます。,0,"[""北東の真っ赤な洞くつ周辺からF-2あたりもいます""]

4階通路に生息。2匹構成。
ver: 5.5前","2026-03-14 07:19:37","2026-03-23 17:31:50"
2036,676,256,447,"[""C8"",""B6""]",いつでも,2,普通,3〜4階の部屋部分に2シンボルずついます。1匹ずつ出ます。湧きは早めです。,1,"[""3階と4階の広めの部屋に2匹ずついる"",""@部屋""]

3～4階の部屋部分に2シンボルずつ生息。1匹構成。湧きは早め。
ver: 5.5前","2026-03-14 07:19:37","2026-03-23 18:08:19"
2037,527,279,455,"[""C7"",""D7"",""C6""]",いつでも,3〜4,普通,スーパーテンツクやラストテンツクに1〜2匹ついてきます。,0,"[""[\"混3-4匹@南西\",\"マップの南から西のルートを行くといる、E-7やC-7やC-5など\"] \/ 混3-4匹@南西"",""マップの南から西のルートを行くといる、E-7やC-7やC-5など""]

入口から汚染区画に入ってすぐのところにシンボル。こいつのシンボルは同種の3～4匹構成だが、スーパーテンツクやラストテンツクに1～2匹ついてくる。
ver: 6.0","2026-03-14 07:20:14","2026-03-23 13:56:28"
2038,554,279,455,"[""C6"",""C7"",""E7"",""D7""]",いつでも,3〜4,普通,ほかの敵も混ざります。,0,"[""[\"混3-4匹@南西\",\"マップの南から西のルートを行くといる、E-7やC-7やC-5など\"] \/ 混3-4匹@南西"",""マップの南から西のルートを行くといる、E-7やC-7やC-5など""]

入口から汚染区画に入ってすぐのところにシンボル。同種の2～3匹構成で、テンツクが1～2匹くっついて合計4匹になる。ラストテンツクに1～2匹ついてくることも。
ver: 6.0","2026-03-14 07:20:14","2026-03-23 14:42:15"
2039,590,279,455,"[""C1"",""C3"",""C4""]",いつでも,2〜3,普通,C1/C3/C4数シンボルです。即湧きの2〜3匹で出ます。,1,"[""[\"2-3匹@北西\",\"マップの北西エリアC-1やC-4あたりにいる\"] \/ 2-3匹@北西"",""マップの北西エリアC-1やC-4あたりにいる""]

C3やC4、C1に数シンボル。即湧きの2～3匹構成。
ver: 6.0","2026-03-14 07:20:14","2026-07-27 14:51:37"
2040,607,279,455,"[""C6"",""C7"",""E7"",""D7""]",いつでも,3〜4,普通,南西では3〜4匹で出ます。,0,"[""[\"混3-4匹@南西\",\"マップの南から西のルートを行くといる、E-7やC-7やC-5など\"] \/ 混3-4匹@南西"",""マップの南から西のルートを行くといる、E-7やC-7やC-5など""]

入口から西側に入ってすぐにシンボル。清浄区画の燭台から西に向かったところでもよい。同種1～2匹にテンツクやスーパーテンツクが1～2匹くっついて最大4匹になる。即湧き。
ver: 6.1","2026-03-14 07:20:14","2026-03-23 15:55:45"
2041,654,279,455,"[""G6"",""G7"",""G8"",""E5""]",いつでも,2〜3,普通,G6〜G8にかけています。E-5付近にもいます。2〜3匹で出ます。,0,"[""[\"2-3匹@南東\",\"外郭から入ってすぐの南東エリアで出現する\"] \/ 2-3匹@南東"",""外郭から入ってすぐの南東エリアで出現する""]

G8～G6にかけて生息。E5付近にもいる。入ってすぐの部分で十分。2～3匹構成。
ver: 6.0","2026-03-14 07:20:14","2026-03-23 17:42:48"
2042,666,279,455,"[""G6"",""G7"",""G8"",""E5""]",いつでも,1〜2,普通,入口付近のG8〜G6にかけています。即湧きです。,1,"[""[\"1-2匹@南東\",\"外郭から入ってすぐの南東エリアで出現する\"] \/ 1-2匹@南東"",""外郭から入ってすぐの南東エリアで出現する""]

入口付近のG-8～G-6にかけて生息。一応即湧き。E-5付近にも１匹ポツンといる。1～2匹構成。背景と同化していて分かりづらい。
ver: 6.1","2026-03-14 07:20:14","2026-03-23 18:00:06"
2043,681,279,455,"[""F4"",""F5"",""G4"",""G5"",""E4"",""E5""]",いつでも,1〜2,普通,東側のG5〜E4にかけての通路やE-3近辺にいます。1〜2匹で出ます。各燭台から戻るのが近いです。,1,"[""F-4・5あたりに結構います"",""[\"1-2匹@東\",\"F-4・5あたりに結構います\"] \/ 1-2匹@東""]

東側のG-5～E-4にかけての通路やE-3近辺に生息。1～2匹構成。各燭台から戻るのが近い。
ver: 6.0","2026-03-14 07:20:14","2026-03-23 18:13:57"
2044,708,279,455,"[""C4"",""C1""]",いつでも,1,普通,西側のC1/C4に1シンボルずつです。1匹で湧きも2分前後と長めです。,0,"[""[\"1匹@北西\",\"マップの北西エリアC-1とC-4に数匹いる\"] \/ 1匹@北西"",""マップの北西エリアC-1とC-4に数匹いる""]

西側のC-3やC-4、C-1に1シンボルずつ。1匹構成で湧きも2分前後と長め。
ver: 6.1","2026-03-14 07:20:14","2026-03-24 06:39:46"
2045,838,279,455,"[""C7"",""D7"",""C6""]",いつでも,3〜4,普通,スーパーテンツクやラストテンツクに1〜2匹ついてきます。,0,"[""[\"混3-4匹@南西\",\"マップの南から西のルートを行くといる、E-7やC-7やC-5など\"] \/ 混3-4匹@南西"",""マップの南から西のルートを行くといる、E-7やC-7やC-5など""]

入口から汚染区画に入ってすぐのところにシンボル。こいつのシンボルは同種の3～4匹構成だが、スーパーテンツクやラストテンツクに1～2匹ついてくる。
ver: 6.0","2026-03-14 07:20:14","2026-03-23 13:56:28"
2046,2,283,456,"[""B6"",""B7"",""C6"",""C7""]",いつでも,3〜4,普通,南西のC-7の浮島でそれなりに出現します。3〜4匹でおすすめです。,1,"[""[\"@南西島\",\"南西のC-7の浮島で出現します\"] \/ @南西島"",""南西のC-7の浮島で出現します""]

C-7にそこそこ。3～4匹構成でおすすめ。スライムベホマズンにも1～2匹混成する。
ver: 6.2","2026-03-14 07:20:21","2026-04-02 08:32:17"
2048,405,283,456,"[""F4"",""F5"",""G4"",""H4""]",いつでも,2〜4,多い,2〜4匹でおすすめです。GH45の浮島にもシンボルがそこそこおり、ここでは1〜3匹でマダムコーンが1匹混成しての2〜3匹で出ます。,1,"[""[\"@東島\",\"中央の大きな浮島の低所の外周F-4あたりと東のG-4の浮島にもいる\"] \/ @東島"",""中央の大きな浮島の低所の外周F-4あたりと東のG-4の浮島にもいる""]

F-34にシンボル多数で2～4匹構成でおすすめ。GH-45にもシンボルがそこそこおり、ここでは1～3匹構成でマダムコーンが1匹混成しての2～3匹構成。
ver: 6.2","2026-03-14 07:20:21","2026-03-23 08:50:34"
2049,420,283,456,"[""F2"",""F3"",""G2"",""G3""]",いつでも,2〜4,少ない,北東のF-2の浮島で出現します。,0,"[""[\"@北東島\",\"北東のF-2の浮島で出現します\"] \/ @北東島"",""北東のF-2の浮島で出現します""]

F-2にシンボル少数。2～4匹構成でスピリットフレイムが1匹混成する。
ver: 6.2","2026-03-14 07:20:21","2026-03-23 09:10:05"
2050,429,283,456,"[""B5""]",いつでも,2〜4,普通,B-5の高台にシンボルがそこそこです。2〜4匹です。,1,"[""[\"2-4匹@西島の高台\",\"西のB-5の浮島の高所で出現します\"] \/ 2-4匹@西島の高台"",""西のB-5の浮島の高所で出現します""]

B-5の高台にシンボルがそこそこ。2～4匹構成。
ver: 6.2","2026-03-14 07:20:21","2026-03-23 09:36:11"
2051,430,283,456,"[""D2"",""E2""]",いつでも,2〜4,多い,。2〜4匹です。,0,"[""[\"@北島の高台\",\"北のD-2の浮島の高所にたくさんいる\"] \/ @北島の高台"",""北のD-2の浮島の高所にたくさんいる""]

D-23の高台にそこそこ。悪くはないが迅雷の丘の方がシンボル数も出現数も多い。2～4匹構成。
ver: 6.2","2026-03-14 07:20:21","2026-03-23 09:36:51"
2052,441,283,456,"[""B5""]",いつでも,2〜4,少ない,B-5の高台にいます。2〜4匹です。,0,"[""[\"@西島の高台\",\"西のB-5の浮島の高所で出現します\"] \/ @西島の高台"",""西のB-5の浮島の高所で出現します""]

B-5の高台に生息。数は他より微妙に少なめ。2～4匹構成。
ver: 6.2","2026-03-14 07:20:21","2026-03-23 10:04:10"
2053,458,283,456,"[""C7""]",いつでも,1〜2,普通,C7にシンボルがそこそこ存在です。1〜2匹でスライムベスが1〜2匹も混ざり、合わせて1〜4匹です。,0,"[""[\"@南西島\",\"南西のC-7の浮島で出現します\"] \/ @南西島"",""南西のC-7の浮島で出現します""]

C-7にシンボルがそこそこ存在。1～2匹構成でスライムベスが1～2匹混成し、合わせて1～4匹構成。
ver: 6.2","2026-03-14 07:20:21","2026-03-23 10:37:56"
2054,493,283,456,"[""F2"",""F3"",""G2"",""G3""]",いつでも,2〜3,多い,北東のF-2の浮島にたくさん出現します。,1,"[""[\"@北東島\",\"北東のF-2の浮島にたくさん出現します\"] \/ @北東島"",""北東のF-2の浮島にたくさん出現します""]

FG-23にシンボル多数。2～3匹構成。ドルイドにもこいつが1匹混成する。
ver: 6.2","2026-03-14 07:20:21","2026-03-23 11:30:40"
2055,495,283,456,"[""B5""]",いつでも,2〜3,多い,西のB-5の浮島の低所で出現します。,1,"[""[\"@西島の低地\",\"西のB-5の浮島の低所で出現します\"] \/ @西島の低地"",""西のB-5の浮島の低所で出現します""]

AB-45外周にシンボル多数。2～3匹構成で、デスゴーゴンにも1匹混成する。
ver: 6.2","2026-03-14 07:20:21","2026-03-23 11:32:55"
2056,528,283,456,"[""D4"",""D5"",""E3"",""E4"",""E5""]",いつでも,1〜3,多い,DE-3の低いところにシンボルたくさんいます。1〜3匹で出ます。,0,"[""[\"@中央島北側\",\"中央の大きな浮島の低所の外周E-3あたりにたくさんいます\"] \/ @中央島北側"",""中央の大きな浮島の低所の外周E-3あたりにたくさんいます""]

DE-3にシンボル多数。数は少ないものの、近くのマーブルヴォルクには注意。1～3匹構成。
ver: 6.2","2026-03-14 07:20:21","2026-03-23 13:59:03"
2057,536,283,456,"[""C5"",""C4"",""C6""]",いつでも,2〜4,多い,2〜4匹でおすすめ。,1,"[""[\"@中央島西側\",\"中央の大きな浮島の低所の外周C-5あたりにたくさんいます\"] \/ @中央島西側"",""中央の大きな浮島の低所の外周C-5あたりにたくさんいます""]

C-456にシンボル多数。2～4匹構成でおすすめだが、近くのマーブルヴォルクには注意。
ver: 6.2","2026-03-14 07:20:21","2026-03-23 14:06:44"
2058,551,283,456,"[""F6""]",いつでも,1〜2,少ない,南東のF-6の浮島に出現します。ルジャーブがたまに一緒に出る。,0,"[""[\"@南東島\",\"南東のF-6の浮島に出現します\"] \/ @南東島"",""南東のF-6の浮島に出現します""]

F-6にシンボル少数。1～2匹でソルジャーブル1匹の1～3匹構成。ソルジャーブルにも1匹混成する。
ver: 6.2","2026-03-14 07:20:21","2026-03-23 14:39:29"
2059,556,283,456,"[""D2"",""D3"",""E2"",""E3""]",いつでも,2〜3,多い,DE-23外周にシンボルたくさんいます。2〜4匹です。,0,"[""[\"2-3匹@北島の低地\",\"北のD-2の浮島の低所にたくさんいる\"] \/ 2-3匹@北島の低地"",""北のD-2の浮島の低所にたくさんいる""]

DE-23外周にシンボル多数。2～4匹構成。
ver: 6.2","2026-03-14 07:20:21","2026-03-23 14:44:32"
2060,567,283,456,"[""D2""]",いつでも,2,2,D23高台に2シンボルいます。湧きは30秒ほどです。1匹ずつ出ます。,0,"[""[\"@北島の高台\",\"北のD-2の浮島の高所に2匹ほどいる\"] \/ @北島の高台"",""北のD-2の浮島の高所に2匹ほどいる""]

D-23高台に2シンボル生息。再沸きは30秒ほど。1匹構成。
ver: 6.2","2026-03-14 07:20:21","2026-03-23 15:09:54"
2061,613,283,456,"[""F6""]",いつでも,1〜3,普通,南東のF-6の浮島に出現します。くびなが大師と仲良し。,0,"[""[\"@南東島\",\"南東のF-6の浮島に出現します\"] \/ @南東島"",""南東のF-6の浮島に出現します""]

F-6にシンボルそこそこ。1～3匹にくびなが大師1匹の2～3匹構成。くびなが大師にも1匹混成する。
ver: 6.2","2026-03-14 07:20:21","2026-03-23 16:01:44"
2062,615,283,456,"[""B4"",""B5""]",いつでも,1〜2,少ない,下の場所にいます。くびかりぞくが一緒に出ることもあります。,0,"[""[\"@西島の低地\",\"西のB-5の浮島の低所で出現します\"] \/ @西島の低地"",""西のB-5の浮島の低所で出現します""]

AB-45外周にシンボル少数。1～2匹にくびかりぞく1匹の1～2匹構成。
ver: 6.2","2026-03-14 07:20:21","2026-03-23 16:55:06"
2063,891,283,456,"[""E5"",""G4"",""G5"",""H4"",""H5""]",いつでも,2〜4,多い,東の浮島にたくさんいて2〜4匹です。E5の高台にも2シンボルおり、そちらは1〜2匹で出ます。,1,"[""[\"@東島\",\"東のG-4の浮島にたくさん出現します、中央の大きな浮島のE-5の高所にも数匹いる\"] \/ @東島"",""東のG-4の浮島にたくさん出現します、中央の大きな浮島のE-5の高所にも数匹いる""]

GH-45にシンボル多数。2～4匹構成。ぶっちズキーニャにも1匹混成する。E-5の高台にも2シンボルおり、そちらは1～2匹構成。
ver: 6.2","2026-03-14 07:20:21","2026-03-24 09:41:50"
2064,890,283,456,"[""D4"",""D5"",""E4"",""E5"",""C4"",""C5"",""C6"",""D6"",""E6"",""F5"",""F4"",""F3"",""E3""]",いつでも,2〜3,多い,中央の島にいます。大体2〜3匹だが、F4付近の高台は1〜3匹の模様です。,1,"[""[\"2-3匹@中央島全域\",\"中央の大きな浮島の全域にいます、高所は特にたくさんいる\"] \/ 2-3匹@中央島全域"",""中央の大きな浮島の全域にいます、高所は特にたくさんいる""]

中央の島に生息。入口付近がシンボルがそこそこで戦いやすい。マッドファルコンやドラゴンソルジャーが生息している場所にもいるが、そちらは数が少ない。大体2～3匹構成だが、F-4付近の高台は1～3匹構成の模様。
ver: 6.2","2026-03-14 07:20:21","2026-03-24 09:40:34"
2065,648,283,456,"[""B4"",""B5""]",いつでも,1,普通,B5高台に1シンボルです。1匹ずつ出ます。湧きは30秒ほど。,1,"[""[\"@西島の高台\",\"西のB-5の浮島の高所に1匹います\"] \/ @西島の高台"",""西のB-5の浮島の高所に1匹います""]

B-5高台に1シンボル。1匹構成。再沸きには30秒ほどかかる。
ver: 6.2","2026-03-14 07:20:21","2026-03-23 17:35:41"
2066,859,283,456,"[""B7"",""C7""]",いつでも,1,2,C7に2シンボル存在です。1匹ずつ出ます。湧き1分。,0,"[""[\"@南西島\",\"南西のC-7の浮島で出現します\"] \/ @南西島"",""南西のC-7の浮島で出現します""]

C-7に2シンボル存在。1匹構成。再沸きには1分ほどかかる。
ver: 6.2","2026-03-14 07:20:21","2026-03-24 08:08:07"
2067,769,283,456,"[""B5""]",いつでも,2〜4,普通,B-5の高台にシンボルがそこそこです。2〜4匹です。,1,"[""[\"2-4匹@西島の高台\",\"西のB-5の浮島の高所で出現します\"] \/ 2-4匹@西島の高台"",""西のB-5の浮島の高所で出現します""]

B-5の高台にシンボルがそこそこ。2～4匹構成。
ver: 6.2","2026-03-14 07:20:21","2026-03-23 09:36:11"
2068,463,287,458,"[""C3"",""D6""]",いつでも,1〜3,少ない,南部では1〜3匹で出て、コットンキャンディも混ざります。北部では混成なしの2〜3匹で出ます。,0,"[""D-6とC-3あたりに数匹ずついます""]

マップ南部と北部にぽつぽつ。南部では1～3匹でコットンキャンディと互いに混成する。北部では混成なしの2～3匹構成。
ver: 6.5前","2026-03-14 07:20:27","2026-07-29 10:34:33"
2069,588,287,458,"[""E5"",""E6"",""D6"",""D5""]",いつでも,2〜3,2,マップ中央付近に2シンボルです。2〜3匹で出ます。,0,"[""E-5あたりに2～3匹います""]

マップ中央付近に2シンボル。2～3匹構成。
ver: 6.5前","2026-03-14 07:20:27","2026-03-23 15:31:10"
2070,826,287,458,"[""C6"",""C7"",""D6"",""D7"",""E6"",""E7"",""F6"",""F7""]",いつでも,1〜3,多い,マップ南部〜中央でよく見かけます。1〜3匹で出て、グリゴリぼうずも混ざります。,1,"[""マップ全体的にたくさんいます""]

マップ南部～中央に多数。1～3匹でグリゴリぼうずと互いに混成する。
ver: 6.5前","2026-03-14 07:20:27","2026-03-24 07:39:27"
2071,680,287,458,"[""C3"",""E5""]",いつでも,1,2,マップ西側に2シンボルです。1匹ずつ出て、1分湧きです。,0,"[""E-5とC-3に1匹ずついます""]

マップ西側に2シンボル。1匹構成。1分湧き。
ver: 6.5前","2026-03-14 07:20:27","2026-03-23 18:13:17"
2072,442,288,460,"[""C5"",""C2""]",いつでも,1〜3,普通,1-3匹で出ます。南のエリアではC-5あたりと北西の丘にも出現します。,0,"[""[\"1-3匹\",\"南のエリアではC-5あたりと北西の丘にも出現します\"] \/ 1-3匹"",""南のエリアではC-5あたりと北西の丘にも出現します""]","2026-03-14 07:20:33","2026-03-23 10:07:17"
2073,476,288,460,"[""D5"",""D6"",""E5"",""E6""]",いつでも,1〜3,多い,投影機〜女神像あたりにいます。1〜3匹で出ます。,0,"[""[\"1-3匹\",\"マップの南側でたくさん出現します\"] \/ 1-3匹"",""マップの南側でたくさん出現します""]

投影機～女神像周辺に生息。1～3匹構成。
ver: 6.5前","2026-03-14 07:20:33","2026-03-23 11:06:08"
2074,510,288,460,"[""E5"",""D5"",""D4"",""E4""]",いつでも,1〜3,普通,投影機の近くに3匹くらいいます。すぐ湧くのでおすすめ。,1,"[""[\"1-3匹@投影機\",\"マップの南のエリアでまばらに出現、3匹くらいいます\"] \/ 1-3匹@投影機"",""マップの南のエリアでまばらに出現、3匹くらいいます""]","2026-03-14 07:20:33","2026-03-23 13:10:40"
2075,826,288,460,"[""F4"",""F5""]",いつでも,1〜3,多い,女神像あたりにいます。1〜3匹で出ます。,0,"[""[\"1-3匹\",\"マップの東側、F-4～F-5にたくさんいます\"] \/ 1-3匹"",""マップの東側、F-4～F-5にたくさんいます""]

女神像周辺に生息。1～3匹構成。
ver: 6.5前","2026-03-14 07:20:33","2026-03-24 07:39:27"
2076,635,288,460,"[""F4"",""C2""]",いつでも,1〜3,2,F4に1匹、北西のC2雲の上に2シンボル即湧きです。1〜2匹で出ます。,1,"[""F-4に1匹と北西の丘に行くと2～3匹います"",""[\"1-2匹\",\"F-4に1匹と北西の丘に行くと2～3匹います\"] \/ 1-2匹""]

南東の女神像周辺に1、北西の雲の上に2シンボル即湧き。1～2匹構成。
ver: 6.5前","2026-03-14 07:20:33","2026-03-23 17:16:22"
2077,787,288,460,"[""E5"",""D5"",""D4"",""E4""]",いつでも,1〜3,普通,投影機の近くに3匹くらいいます。すぐ湧くのでおすすめ。,1,"[""[\"1-3匹@投影機\",\"マップの南のエリアでまばらに出現、3匹くらいいます\"] \/ 1-3匹@投影機"",""マップの南のエリアでまばらに出現、3匹くらいいます""]","2026-03-14 07:20:33","2026-03-23 13:10:40"
2078,398,288,461,"[""C4"",""D4"",""C3"",""D3"",""C2"",""D2""]",いつでも,,普通,中央の洞くつ内にかたまっています。,0,"[""中央の洞くつ内にかたまっています""]","2026-03-14 07:20:33","2026-03-23 08:11:34"
2079,442,289,463,"[""E4"",""E5""]",いつでも,1〜3,普通,東島の西側では1〜3匹で出ます。,0,"[""[\"1-3匹@東島の西側\",\"東の大きな島の中で出現\"] \/ 1-3匹@東島の西側"",""東の大きな島の中で出現""]

ver: 6.5前","2026-03-14 07:20:40","2026-03-23 10:07:17"
2080,463,289,463,"[""D2"",""C2"",""C1"",""D1""]",いつでも,1〜3,普通,1〜3匹で出ます。,0,"[""[\"1-3匹@北島\",\"北の大きな島で出現します\"] \/ 1-3匹@北島"",""北の大きな島で出現します""]

西の島、川から水門西側にかけて生息。1～3匹構成。
ver: 6.5前","2026-03-14 07:20:40","2026-07-29 10:34:33"
2081,476,289,463,"[""F5"",""G4"",""G5""]",いつでも,2〜3,普通,東の島東部〜南端にいます。,0,"[""[\"2-3匹@東島の南東側\",\"東の大きな島の中で出現\"] \/ 2-3匹@東島の南東側"",""東の大きな島の中で出現""]

東の島東部～南端に生息。2～3匹構成。
ver: 6.5前","2026-03-14 07:20:40","2026-03-23 11:06:08"
2082,510,289,463,"[""F4""]",いつでも,1〜2,普通,東の島中央の遺跡あたりにいます。1〜2匹で出ます。即湧きです。,0,"[""[\"1-2匹@東島の中央\",\"東の大きな島の中で出現\"] \/ 1-2匹@東島の中央"",""東の大きな島の中で出現""]

東の島中央の遺跡周辺に生息。1～2匹構成。即湧き。
ver: 6.5前","2026-03-14 07:20:40","2026-03-23 13:10:41"
2083,588,289,463,"[""D3""]",いつでも,1〜3,普通,西の島、川から水門東側にかけています。1〜3匹で出ます。,0,"[""[\"1-3匹@北島の南側\",\"北の大きな島で出現します\"] \/ 1-3匹@北島の南側"",""北の大きな島で出現します""]

西の島、川から水門東側にかけて生息。1～3匹構成。
ver: 6.5前","2026-03-14 07:20:40","2026-03-23 15:31:10"
2084,826,289,463,"[""F4"",""F5"",""D3""]",いつでも,1〜3,多い,東の島中央の遺跡あたりや西の島中央〜南部にいます。1〜3匹で出ます。,0,"[""[\"1-3匹@東島の中央・北島の南側\",\"北の大きな島と東の大きな島にたくさんいる\"] \/ 1-3匹@東島の中央・北島の南側"",""北の大きな島と東の大きな島にたくさんいる""]

東の島中央の遺跡周辺や西の島中央～南部に生息。1～3匹構成。
ver: 6.5前","2026-03-14 07:20:40","2026-03-24 07:39:27"
2085,891,289,463,"[""C6"",""C7"",""D6"",""D7""]",いつでも,2〜3,多い,南の島全域にいます。2〜3匹で出ます。,0,"[""[\"2-3匹@南島\",\"南の大きな島(C-6～D-7)でたくさん出現します\"] \/ 2-3匹@南島"",""南の大きな島(C-6～D-7)でたくさん出現します""]

南の島全域に生息。2～3匹構成。
ver: 6.5前","2026-03-14 07:20:40","2026-03-24 09:41:50"
2086,635,289,463,"[""F4"",""F5""]",いつでも,2〜3,普通,東の大きな島の中で出現です。,0,"[""[\"2-3匹@東島の西側\",\"東の大きな島の中で出現\"] \/ 2-3匹@東島の西側"",""東の大きな島の中で出現""]","2026-03-14 07:20:40","2026-03-23 17:16:22"
2087,673,289,463,"[""B6"",""B7"",""C3"",""C6"",""C7""]",いつでも,1〜3,普通,西の島、南西の雲の上にいます。1〜3匹で出ます。,0,"[""[\"1-3匹@北島の南西側\",\"北の大きな島のC-3の高所に出現します\"] \/ 1-3匹@北島の南西側"",""北の大きな島のC-3の高所に出現します""]

西の島、南西の雲の上に生息。1～3匹構成。
ver: 6.5前","2026-03-14 07:20:40","2026-03-23 18:06:07"
2088,680,289,463,"[""D3""]",いつでも,1,普通,特になし,0,"[""[\"1匹@北島の南側\",\"北の大きな島で出現します\"] \/ 1匹@北島の南側"",""北の大きな島で出現します""]

西の島、川から水門東側にかけて生息。1匹構成で即湧き。
ver: 6.5前","2026-03-14 07:20:40","2026-03-23 18:13:17"
2089,800,289,463,"[""F4"",""F5"",""G4"",""G5""]",いつでも,1〜2,多い,東の島の東側〜南端までシンボルたくさんいます。多くは1〜2匹だが南端は1匹で出ます。即湧きです。,1,"[""[\"1-2匹@東島の南東側1匹@F5左\",\"東の島のG-4～F-5の高所で出現します\"] \/ 1-2匹@東島の南東側1匹@F5左"",""東の島のG-4～F-5の高所で出現します""]

東の島の東側～南端までシンボル多数。多くは1～2匹構成だが南端は1匹構成。即湧き。
ver: 6.5前","2026-03-14 07:20:40","2026-03-24 07:18:52"
2090,690,289,463,"[""B6"",""D3""]",いつでも,1,2,B6の浜辺やD3の池にいます。湧きに7分。,0,"[""B-6の海沿い?に1匹とD-3の泉に1匹います"",""[\"1匹@B6・D3\",\"B-6の海沿い?に1匹とD-3の泉に1匹います\"] \/ 1匹@B6・D3""]

B-6の浜辺やD-3の池に生息。湧きに7分もかかる。
ver: 6.5前","2026-03-14 07:20:40","2026-03-23 18:23:00"
2091,704,289,463,"[""D1""]",いつでも,1,普通,1匹ずつ出ます。湧きは非常に遅いです。北の大きな島C1〜D1の高所に少しいます。,0,"[""[\"1匹@D1\",\"北の大きな島C-1～D-1の高所に少しいます\"] \/ 1匹@D1"",""北の大きな島C-1～D-1の高所に少しいます""]

西の島北部に2シンボル。1匹構成。湧きが非常に遅い。
ver: 6.5前","2026-03-14 07:20:40","2026-03-24 06:27:46"
2092,859,289,463,"[""D6"",""D7""]",いつでも,1,2,南の島高台に2シンボルです。1匹ずつ出ます。湧きに7分。,0,"[""[\"1匹@D6付近\",\"南の島D-7あたりの高所に2匹ほどいます\"] \/ 1匹@D6付近"",""南の島D-7あたりの高所に2匹ほどいます""]

南の島高台に2シンボル。1匹構成。湧きに7分かかる。
ver: 6.5前","2026-03-14 07:20:40","2026-03-24 08:08:07"
2093,848,289,463,"[""E4"",""E5""]",いつでも,1,2,E4/E5の高い場所に2匹出ます。湧きに8分。,0,"[""[\"1匹@E4高台・E5高台\",\"東の島E-4～E-5の高所に2匹ほどいます\"] \/ 1匹@E4高台・E5高台"",""東の島E-4～E-5の高所に2匹ほどいます""]

西の島の北西と西部の高台に1シンボルづつ。1匹構成。湧きに8分かかる。
ver: 6.5前","2026-03-14 07:20:40","2026-03-26 14:46:06"
2094,787,289,463,"[""F4""]",いつでも,1〜2,普通,東の島中央の遺跡あたりにいます。1〜2匹で出ます。即湧きです。,0,"[""[\"1-2匹@東島の中央\",\"東の大きな島の中で出現\"] \/ 1-2匹@東島の中央"",""東の大きな島の中で出現""]

東の島中央の遺跡周辺に生息。1～2匹構成。即湧き。
ver: 6.5前","2026-03-14 07:20:40","2026-03-23 13:10:41"
2095,398,289,464,"[""E4""]",いつでも,2〜3,普通,E-4では2〜3匹で出ます。東の大きな島の洞くつ内に出現します。,0,"[""[\"2-3匹@E4\",\"東の大きな島の洞くつ内に出現します\"] \/ 2-3匹@E4"",""東の大きな島の洞くつ内に出現します""]","2026-03-14 07:20:40","2026-03-23 08:11:34"
2096,330,272,467,"[""D5""]",いつでも,2〜3,普通,聖天のつばさで行けるD-5北部の高台にそこそこです。2〜3匹でおすすめです。,1,"[""D-5の高所で出現します"",""[\"2-3匹@D5高台\",\"D-5の高所で出現します\"] \/ 2-3匹@D5高台""]

聖天のつばさで行けるD-5北部の高台にそこそこ。2～3匹構成でおすすめ。
ver: 6.2","2026-03-14 07:20:53","2026-03-22 18:27:33"
2097,569,272,467,"[""B3"",""B4"",""B5"",""C4"",""C5"",""D5""]",いつでも,3〜4,多い,魂の燭台からトンネルを通ってすぐの中層部分にシンボルたくさんいます。3〜4匹です。付近のC-4、E-6の高台にもおり3匹で出ます。,0,"[""CD-5あたりからB-3くらいまでいる"",""[\"3-4匹@西\",\"CD-5あたりからB-3くらいまでいる\"] \/ 3-4匹@西""]

魂の燭台からトンネルを通ってすぐの中層部分にシンボル多数。3～4匹構成。 付近のC-4、E-6の高台にもおり3匹構成。
ver: 7.4","2026-03-14 07:20:53","2026-03-23 15:11:55"
2098,578,272,467,"[""D2"",""B4"",""A4"",""A3"",""B3"",""C7"",""D7"",""E7"",""F7""]",いつでも,2〜4,普通,南部の小島地帯に多くいます。フィットネス対象の西の浮島にもいます。2〜4匹です。,0,"[""[\"2-4匹@南&西の浮島 \\\/ 2-3匹@中央以外\",\"主にマップの南部で出現する、通路や西の浮島にもいます\"] \/ 2-4匹@南&西の浮島 \/ 2-3匹@中央以外"",""主にマップの南部で出現する、通路や西の浮島にもいます""]

南部の小島地帯に多く生息。フィットネス対象の西の浮島にもいる。2～4匹構成。 そなえの場入口すぐの小島では2～3匹構成。 南や北東のトンネルにもおり2～3匹構成。
ver: 7.4","2026-03-14 07:20:53","2026-03-23 15:20:05"
2099,582,272,467,"[""C7"",""D7"",""E7"",""F7"",""C5"",""E5""]",いつでも,3〜4,多い,C-5やE-5の高台に少なめですおり2〜3匹で出ます。ほかは南部。,0,"[""3-4匹@南 \/ 2-3匹@中央以外"",""マップの南部にたくさんいる、通路にも少しいる""] / 3-4匹@南 / 2-3匹@中央以外

南部の浮島に多くおり3～4匹構成でおすすめ。高所の島にはいない。 そなえの場入口の島では2～3匹構成。 西や北東のトンネルにもおり2～3匹構成。 C-5やE-5の高台にも少数おり2～3匹構成。
ver: 7.4","2026-03-14 07:20:53","2026-03-23 15:24:14"
2100,587,272,467,"[""C5"",""D2"",""D3"",""E2"",""E3""]",いつでも,2,少ない,マップの北側半分の雪原に広くいるC5の一番高い高台にもいます。いずれも2匹で出ます。,0,"[""[\"2匹@北\",\"マップの北側半分の雪原に広くいる、C-5の高所にもいる\"] \/ 2匹@北"",""マップの北側半分の雪原に広くいる、C-5の高所にもいる""]

北部の道なりに広く生息。シンボルは少しまばら。 D-4の一番高い高台にもいる。 いずれも2匹構成。
ver: 7.4","2026-03-14 07:20:53","2026-03-23 15:29:55"
2101,603,272,467,"[""D4""]",いつでも,2,普通,飛行してD4の一番高い高台にいます。湧きはそこそこ早めです。2匹で出ます。,0,"[""D-4あたりの高所に出現します"",""[\"2匹@D4高台\",\"D-4あたりの高所に出現します\"] \/ 2匹@D4高台""]

要飛行。D-4の一番高い高台に生息。沸きはそこそこ早め。2匹構成。
ver: 7.4","2026-03-14 07:20:53","2026-03-23 15:52:56"
2102,624,272,467,"[""D3"",""C3"",""C2"",""D2""]",いつでも,2〜3,普通,北部の道なりの雪原に広くいます。2〜3匹で出ます。,1,"[""[\"2-3匹@北\",\"マップの北側半分の雪原に広くいる\"] \/ 2-3匹@北"",""マップの北側半分の雪原に広くいる""]

北部の道なりに広く生息。2～3匹構成。 北端D-2の道が細くなった辺りが他シンボルがおらずおすすめ。
ver: 7.4","2026-03-14 07:20:53","2026-03-23 17:05:12"
2103,628,272,467,"[""D5"",""D8"",""B4"",""A4""]",いつでも,2〜3,普通,西の浮島や、南部高所の浮島にもいます。いずれも2〜3匹で出ます。,0,"[""[\"2-3匹@南&D5&西の浮島\",\"主にマップの西側で広く出現する、西の浮島にもいます\"] \/ 2-3匹@南&D5&西の浮島"",""主にマップの西側で広く出現する、西の浮島にもいます""]

南部の西側の浮島に生息。敵の種類が多く草が保護色にもなりやや見つけにくい。 トンネルを北上した中層ではシンボル数潤沢。 フィットネス対象の西の浮島や、南部高所の浮島にもいる。 いずれも2～3匹構成。
ver: 7.4","2026-03-14 07:20:53","2026-03-23 17:10:05"
2104,635,272,467,"[""D4""]",いつでも,1〜2,3,飛んでいく、D-4北部の高台に3シンボル程います。恐即沸きです。,0,"[""[\"1-2匹@D4高台\",\"儀礼場への洞くつの入り口からまっすぐ上がった高所に固まっている\"] \/ 1-2匹@D4高台"",""儀礼場への洞くつの入り口からまっすぐ上がった高所に固まっている""]

要飛行。D-4北部の高台に3シンボル程生息。恐らく即沸き。1～2匹構成。
ver: 6.2","2026-03-14 07:20:53","2026-03-23 17:16:22"
2105,673,272,467,"[""D2"",""D3"",""E2"",""E3"",""B6"",""B7""]",いつでも,1〜2,多い,飛んで、北西の高台やピラーの東・南西の高台にいます。1〜2匹で出ます。,0,"[""[\"1-2匹@北の高台\",\"マップ北側の白灰のピラー周辺の高所(一番高い所)にたくさんいます\"] \/ 1-2匹@北の高台"",""マップ北側の白灰のピラー周辺の高所(一番高い所)にたくさんいます""]

要飛行。北西の高台やピラーの東・南西の高台に生息。1～2匹構成。
ver: 7.4","2026-03-14 07:20:53","2026-03-23 18:06:07"
2106,685,272,467,"[""C4"",""D5"",""C5""]",いつでも,1,多い,C4やC5の高所にたくさん。1匹ずつ出ます。,0,"[""[\"1-2匹@南&D5\",\"主にマップの西側で出現、C-4やC－5の高所に飛ぶといっぱいいる\"] \/ 1-2匹@南&D5"",""主にマップの西側で出現、C-4やC－5の高所に飛ぶといっぱいいる""]

南部小島地帯の西側にぽつぽつ。1匹構成。 そこからトンネルを抜けた中層やその近く、C-5の高台にもおりこちらは1～2匹構成。
ver: 7.4","2026-03-14 07:20:53","2026-03-23 18:17:40"
2107,704,272,467,"[""D2"",""D3"",""E2"",""E3"",""C3"",""B3"",""B2"",""C2""]",いつでも,1,少ない,北西やピラー東の高台の雪原に2シンボルずついます。北西の高台の山頂部が湧き範囲が狭く稼ぎやすい。いずれも1匹で出ます。,1,"[""[\"1匹@北\",\"マップの北側半分の雪原に出現、高所にもいます\"] \/ 1匹@北"",""マップの北側半分の雪原に出現、高所にもいます""]

北部の道なりに広く生息。かなりまばらだがE-3が他シンボルがおらずある程度湧き範囲も狭いのでおすすめ。 北西やピラー東の高台にも2シンボルずつ生息。こちらは近くにホワイトパンサーが多くいるが、北西の高台の山頂部が湧き範囲が狭く稼ぎやすい。 いずれも1匹構成。
ver: 7.4","2026-03-14 07:20:53","2026-03-24 06:27:46"
2108,791,272,467,"[""B3"",""B4"",""B5"",""C4"",""C5"",""D5""]",いつでも,3〜4,多い,魂の燭台からトンネルを通ってすぐの中層部分にシンボルたくさんいます。3〜4匹です。付近のC-4、E-6の高台にもおり3匹で出ます。,0,"[""CD-5あたりからB-3くらいまでいる"",""[\"3-4匹@西\",\"CD-5あたりからB-3くらいまでいる\"] \/ 3-4匹@西""]

魂の燭台からトンネルを通ってすぐの中層部分にシンボル多数。3～4匹構成。 付近のC-4、E-6の高台にもおり3匹構成。
ver: 7.4","2026-03-14 07:20:53","2026-03-23 15:11:55"
2109,591,272,468,"[""C1"",""D1"",""C2"",""D2"",""C3"",""D3"",""C4"",""D4"",""C5"",""D5"",""C6"",""D6"",""E1"",""F1"",""E2"",""F2""]",いつでも,2〜3,普通,各通路では2〜3匹で出ます。,0,"[""2-3匹@各通路"",""通路のトンネル全体で出現します""] / 2-3匹@各通路","2026-03-14 07:20:53","2026-03-23 15:43:04"
2111,578,277,469,"[""F4"",""G4""]",いつでも,3〜4,多い,地上1階に2シンボルです。入り口から非常に近く、3〜4匹・即湧きでおすすめです。,1,"[""3-4匹"",""洞くつに入るとすぐいる、地下1階と地下3階にも出現する""] / 3-4匹

地上1階に2シンボル。入り口から非常に近く、3～4匹構成・即湧きでおすすめ。 地下1階南の部屋では蒼炎の使徒との混成3～4匹構成。 地下3階の部屋部分でも同じく蒼炎の使徒との混成3～4匹構成。 地下3階通路では1～2匹構成。
ver: 7.4","2026-03-14 07:21:06","2026-03-23 15:20:05"
2112,578,277,470,"[""D6"",""E6""]",いつでも,3-4,多い,地下1階南の部屋では蒼炎の使徒との混成3〜4匹です。,1,"[""洞くつに入るとすぐいる、地下1階と地下3階にも出現する""]","2026-03-14 07:21:06","2026-03-23 15:20:05"
2113,591,277,470,"[""C5"",""D5"",""C6"",""D6"",""C7"",""D7"",""C8"",""D8""]",いつでも,,多い,地下1階〜地下3階までどこにでもいます。,1,"[""地下1階～地下3階までどこにでもいる""]","2026-03-14 07:21:06","2026-03-23 15:43:04"
2114,591,277,471,"[""C3"",""D3"",""C4"",""D4"",""E3"",""F3"",""E4"",""F4"",""E5"",""F5"",""E6"",""F6"",""C5"",""D5"",""C6"",""D6"",""B5"",""B6"",""B3"",""B4""]",いつでも,,,地下1階〜地下3階までどこにでもいます。,1,,"2026-03-14 07:21:06","2026-03-23 15:43:04"
2115,687,277,471,"[""D3"",""D4"",""E3"",""E4"",""F3"",""F4""]",いつでも,2〜3,多い,地下2階の通路や北の部屋に広い範囲でいます。蒼炎の使徒にも1〜2匹一緒に出ます。,0,"[""[\"2-3匹\",\"地下2階にたくさんいる\"] \/ 2-3匹"",""地下2階にたくさんいる""]

地下2階の通路や北の部屋に広く生息。2～3匹構成。同階層の蒼炎の使徒にも1～2匹つく。
ver: 7.4","2026-03-14 07:21:06","2026-03-23 18:19:42"
2116,688,277,471,"[""F4"",""E4"",""D4"",""C4"",""C3"",""D3"",""D2"",""E2"",""F2"",""F3"",""E3"",""C2""]",いつでも,1〜2,3,地下2階に3シンボルおり30秒沸きです。中央の燭台あたりでは1匹で出ます。北東と南東の部屋では1〜2匹で出ます。,0,"[""[\"1匹\",\"地下2階に数匹いる\"] \/ 1匹"",""地下2階に数匹いる""]

地下2階に3シンボルおり30秒沸き。 中央の燭台付近では1匹構成。 北東と南東の部屋では1～2匹構成。
ver: 7.4","2026-03-14 07:21:06","2026-06-26 23:50:38"
2117,578,277,472,[],いつでも,1〜2,多い,蒼炎の使徒との混成3〜4匹です。地下3階通路では1〜2匹で出ます。,1,"[""洞くつに入るとすぐいる、地下1階と地下3階にも出現する""]","2026-03-14 07:21:06","2026-03-23 15:20:05"
2118,591,277,472,"[""C3"",""D3"",""C4"",""D4""]",いつでも,,多い,地下1階〜地下3階までどこにでもいます。,1,"[""地下1階～地下3階までどこにでもいる""]","2026-03-14 07:21:06","2026-03-23 15:43:04"
2119,378,273,473,"[""G5"",""G6"",""H6"",""H5""]",いつでも,3,普通,フィットネス対象である南東の浮島の西部にいます。3匹で出ます。,1,"[""[\"3匹@東島\",\"東の浮島のG-5・6に出現します\"] \/ 3匹@東島"",""東の浮島のG-5・6に出現します""]

要飛行。フィットネス対象である南東の浮島の西部に生息。3匹構成。
ver: 7.4","2026-03-14 07:21:13","2026-03-23 07:19:59"
2120,472,273,473,"[""B2"",""C2""]",いつでも,2〜4,少ない,泉の周辺にシンボルです。2〜4匹です。,0,"[""[\"2-4匹@泉\",\"北西の泉周辺にいます\"] \/ 2-4匹@泉"",""北西の泉周辺にいます""]

泉の周辺にシンボル。2～4匹構成。シンボル数はやや少ない。
ver: 7.4","2026-03-14 07:21:13","2026-03-23 10:59:40"
2121,568,273,473,"[""D4"",""D5""]",いつでも,2〜3,普通,2〜3匹で出ます。中央D-4あたりにいます。,0,"[""[\"2-3匹@中央\",\"マップ中央D-4あたりにいる\"] \/ 2-3匹@中央"",""マップ中央D-4あたりにいる""]

ファボル鉱山前の燭台から北に向かって生息。泉から東の飛び地にもいる。2～3匹構成。
ver: 7.4","2026-03-14 07:21:13","2026-03-23 15:10:59"
2122,572,273,473,"[""H6""]",いつでも,3,普通,要飛行です。3匹なので大変おすすめです。,1,"[""[\"3匹@H6\",\"東の浮島のH-6あたりにいます\"] \/ 3匹@H6"",""東の浮島のH-6あたりにいます""]

要飛行。フィットネス対象である南東の浮島の東端に群れあり。3匹構成なので大変おすすめ。
ver: 7.4","2026-03-14 07:21:13","2026-03-23 15:15:00"
2123,584,273,473,"[""D7"",""E7"",""D8"",""E8""]",いつでも,2〜3,多い,果樹園のある南の浮島全域でよく見かけます。2〜3匹で出ます。,0,"[""[\"2-3匹@南\",\"マップ南部の果樹園周辺にたくさんいます\"] \/ 2-3匹@南"",""マップ南部の果樹園周辺にたくさんいます""]

果樹園のある南の浮島全域に多数。2～3匹構成。
ver: 7.4","2026-03-14 07:21:13","2026-03-23 15:25:20"
2124,604,273,473,"[""E4"",""E5"",""F4"",""F5"",""E3""]",いつでも,2〜3,多い,西端を除く中央の浮島全域にシンボルたくさんいます。2〜3匹で出ます。,1,"[""[\"2-3匹@東&中央&泉\",\"マップ中央から北の泉の方までたくさんいる\"] \/ 2-3匹@東&中央&泉"",""マップ中央から北の泉の方までたくさんいる""]

西端を除く中央の浮島全域にシンボル多数。2～3匹構成。 泉の燭台の南の飛び地では他のモンスターがおらずおすすめ。
ver: 7.4","2026-03-14 07:21:13","2026-03-23 15:53:48"
2125,610,273,473,"[""C4"",""C5"",""D4"",""D5"",""E4"",""E5"",""F4"",""F5""]",いつでも,1〜2,少なめ,北部を除く中央の浮島全域に広く見かけるがシンボルは少なめです。1〜2匹で出ます。,1,"[""[\"1-2匹@東&中央\",\"マップ中央に出現、数は少なめ\"] \/ 1-2匹@東&中央"",""マップ中央に出現、数は少なめ""]

北部を除く中央の浮島全域に広く見かけるがシンボルは少ない。1～2匹構成。 フィットネス対象である南東の浮島の南端では3匹構成で数も多くおすすめ。
ver: 7.4","2026-03-14 07:21:13","2026-03-23 15:59:06"
2126,618,273,473,"[""B2"",""C2""]",いつでも,2〜3,普通,泉のあたりにいます。比較的高所に多くいます。2〜4匹です。,0,"[""[\"2-3匹@泉\",\"北西の泉周辺にいます\"] \/ 2-3匹@泉"",""北西の泉周辺にいます""]

泉の周辺に生息。比較的高所に多くいる。2～4匹構成。
ver: 7.4","2026-03-14 07:21:13","2026-03-23 17:01:24"
2127,623,273,473,"[""D6"",""D7"",""E6"",""E7"",""C5"",""D5"",""E5"",""F5"",""F4"",""E4"",""D4"",""C4""]",いつでも,3〜4,多い,北部を除く中央の島全域にいます。南が探しやすい。,1,"[""[\"3-4匹@東&南\",\"転送の門から入ってすぐいる、南の果樹園の方までいる\"] \/ 3-4匹@東&南"",""転送の門から入ってすぐいる、南の果樹園の方までいる""]

北部を除く中央の島全域に生息。 果樹園のある南の浮島では、果樹園付近の高台を除く全域にいる。3～4匹構成。 いずれもややまばら。南の浮島南部の高台が見つけやすいか。
ver: 7.4","2026-03-14 07:21:13","2026-03-23 17:04:40"
2128,843,273,473,"[""G6"",""G5""]",いつでも,3,普通,飛んでゆく南東の浮島の西部にいます。3匹で出ます。,1,"[""[\"3匹@東島\",\"東の浮島のG-5・6に出現します\"] \/ 3匹@東島"",""東の浮島のG-5・6に出現します""]

要飛行。フィットネス対象である南東の浮島の西部に生息。3匹構成。
ver: 7.4","2026-03-14 07:21:13","2026-03-24 07:55:02"
2129,676,273,473,"[""G5"",""H6"",""G6"",""H5""]",いつでも,3,多い,南東の浮島の東部、北方面に群れありです。3匹なので大変おすすめです。,1,"[""[\"3匹@東島\",\"東の浮島のH-6あたりにいます\"] \/ 3匹@東島"",""東の浮島のH-6あたりにいます""]

フィットネス対象である南東の浮島の東部、北方面に群れあり。3匹構成なので大変おすすめ。
ver: 7.4","2026-03-14 07:21:13","2026-03-23 18:08:19"
2130,680,273,473,"[""D6"",""D7"",""E6"",""E7""]",いつでも,1〜2,多い,南端の高台を除く南の浮島全域にいます。1〜2匹で出ます。果樹園付近の高台が見つけやすい。,1,"[""[\"1-2匹@南\",\"マップ南部の果樹園周辺に出現する\"] \/ 1-2匹@南"",""マップ南部の果樹園周辺に出現する""]

南端の高台を除く南の浮島全域に生息。1～2匹構成。 果樹園付近の高台が見つけやすい。
ver: 7.4","2026-03-14 07:21:13","2026-03-23 18:13:17"
2131,484,274,474,"[""A1"",""A2"",""A3"",""A4"",""A5"",""A6"",""A7"",""A8"",""B1"",""B2"",""B3"",""B4"",""B5"",""B6"",""B7"",""B8"",""C1"",""C2"",""C3"",""C4"",""C5"",""C6"",""C7"",""C8"",""D1"",""D2"",""D3"",""D4"",""D5"",""D6"",""D7"",""D8"",""E1"",""E2"",""E3"",""E4"",""E5"",""E6"",""E7"",""E8"",""F1"",""F2"",""F3"",""F4"",""F5"",""F6"",""F7"",""F8"",""G1"",""G2"",""G3"",""G4"",""G5"",""G6"",""G7"",""G8"",""H1"",""H2"",""H3"",""H4"",""H5"",""H6"",""H7"",""H8""]",いつでも,3〜4,多い,全域にシンボルです。4匹です。,0,"[""[\"3-4匹@全体\",\"マップ全体で出現します\"] \/ 3-4匹@全体"",""マップ全体で出現します""]

全域にシンボル。4匹構成。
ver: 6.0","2026-03-14 07:21:21","2026-03-23 11:14:33"
2132,592,274,474,"[""A1"",""A2"",""A3"",""A4"",""A5"",""A6"",""A7"",""A8"",""B1"",""B2"",""B3"",""B4"",""B5"",""B6"",""B7"",""B8"",""C1"",""C2"",""C3"",""C4"",""C5"",""C6"",""C7"",""C8"",""D1"",""D2"",""D3"",""D4"",""D5"",""D6"",""D7"",""D8"",""E1"",""E2"",""E3"",""E4"",""E5"",""E6"",""E7"",""E8"",""F1"",""F2"",""F3"",""F4"",""F5"",""F6"",""F7"",""F8"",""G1"",""G2"",""G3"",""G4"",""G5"",""G6"",""G7"",""G8"",""H1"",""H2"",""H3"",""H4"",""H5"",""H6"",""H7"",""H8""]",いつでも,3〜4,多い,全域にシンボルです。3〜4匹です。,0,"[""[\"3-4匹@全体\",\"マップ全体で出現します\"] \/ 3-4匹@全体"",""マップ全体で出現します""]

全域にシンボル。3～4匹構成。
ver: 6.0","2026-03-14 07:21:21","2026-03-23 15:43:55"
2133,198,275,475,"[""D7""]",いつでも,3〜5,多い,D-7のハチの巣付近にシンボルまとまっています。4〜5匹なので悪くはないです。,1,"[""D-7のハチの巣の周辺に少しいる"",""[\"3-5匹@D7\",\"D-7のハチの巣の周辺に少しいる\"] \/ 3-5匹@D7""]

D7のハチの巣付近にシンボル密集。4～5匹構成なので悪くはない。
ver: 6.0","2026-03-14 07:21:30","2026-03-22 11:36:57"
2134,432,275,475,"[""G2"",""G1"",""F1"",""F2""]",いつでも,2〜3,普通,聖天のつばさで行けるG-2の高台にそこそこです。2〜3匹で出ます。,0,"[""[\"@北東島の高台\",\"北東の浮島の高所にいる\"] \/ @北東島の高台"",""北東の浮島の高所にいる""]

聖天のつばさで行けるG-2の高台にそこそこ。2～3匹構成。
ver: 6.2","2026-03-14 07:21:30","2026-03-23 09:43:23"
2135,442,275,475,"[""D2"",""D3"",""E2"",""E3""]",いつでも,4〜5,多い,北部に広い範囲でいます。,0,"[""[\"4-5匹@北\",\"マップの北部で出現します\"] \/ 4-5匹@北"",""マップの北部で出現します""]

北部に広く生息。北西部は特に多い。5匹構成。
ver: 6.0","2026-03-14 07:21:30","2026-03-23 10:07:17"
2136,473,275,475,"[""D7""]",いつでも,1〜2,2,D-7の低地に2シンボルです。即湧き。おすすめ。,1,"[""D-7の広い所に数匹います"",""[\"1-2匹@D7\",\"D-7の広い所に数匹います\"] \/ 1-2匹@D7""]

D-7の低地に2シンボル。1～2匹構成。シンボル間隔は広いが、即湧きで障害物もないので悪くない。
ver: 6.0","2026-03-14 07:21:30","2026-03-23 11:01:58"
2137,475,275,475,"[""C4"",""C5"",""D4"",""D5"",""E4"",""E5""]",いつでも,3〜4,少ない,入口から生誕の花園にかけてのエリア、高い所にいますにいます。3〜4匹です。,1,"[""[\"3-4匹@中央\",\"マップの中央に出現、高い所にもいます\"] \/ 3-4匹@中央"",""マップの中央に出現、高い所にもいます""]

入口から生誕の花園にかけてのエリアにシンボルがまばらに存在。3～4匹構成。
ver: 6.0","2026-03-14 07:21:30","2026-03-23 11:05:00"
2138,533,275,475,"[""D4"",""E3""]",いつでも,2〜3,普通,E-3〜E-4にシンボルです。2〜3匹で出ます。,1,"[""D-4の高所に固まっています"",""[\"2-3匹@E3-4\",\"D-4の高所に固まっています\"] \/ 2-3匹@E3-4""]

E3～E4にシンボル。2～3匹構成。
ver: 6.0","2026-03-14 07:21:30","2026-03-21 11:03:16"
2139,542,275,475,"[""D6"",""D7"",""E6"",""E7"",""C6"",""C7"",""F6"",""F7"",""G7"",""G6"",""C5"",""D5""]",いつでも,3〜4,普通,南側の高所に出現。3〜4匹です。,1,"[""[\"3-4匹@南\",\"生誕の花園から南側の高所に出現、命脈の神殿周辺にもいる\"] \/ 3-4匹@南"",""生誕の花園から南側の高所に出現、命脈の神殿周辺にもいる""]

生誕の花園から命脈への神殿の道のりに広く生息。3～4匹構成。
ver: 6.0","2026-03-14 07:21:30","2026-03-23 14:14:43"
2140,584,275,475,"[""E1"",""E2"",""F1"",""F2"",""G1"",""G2""]",いつでも,2〜3,普通,豊穣の密林・北の燭台から北東部にかけて広くいます。2〜3匹で出ます。,1,"[""[\"2-3匹@北\",\"マップの北部で出現します、北東の浮島の高所にもいる\"] \/ 2-3匹@北"",""マップの北部で出現します、北東の浮島の高所にもいる""]

豊穣の密林・北の燭台から北東部にかけて広く生息。2～3匹構成。一応北西の離れ小島にもシンボルがいる。
ver: 6.0","2026-03-14 07:21:30","2026-03-23 15:25:21"
2141,588,275,475,"[""C6""]",いつでも,2〜3,多い,C6の高台にシンボルたくさんいます。2〜3匹で出ます。,1,"[""C-6の高所にぐるっと出現します"",""[\"2-3匹@C6\",\"C-6の高所にぐるっと出現します\"] \/ 2-3匹@C6""]

C6の高台にシンボル多数。2～3匹構成。ノータイムで打ってくる投げキッスに注意。
ver: 6.0","2026-03-14 07:21:30","2026-03-23 15:31:10"
2142,622,275,475,"[""G1"",""C6"",""G2"",""F2"",""F1"",""F6"",""E6"",""F7"",""E7"",""D5"",""C5"",""D6""]",いつでも,2,少ない,"生誕の花園から南側の高所生息。
2匹で出ます。C-6高台にもいるがここはシンボル少なめです。",1,"[""[\"2匹@中央東&南\",\"生誕の花園から南側の高所に出現、命脈の神殿周辺、北東の浮島にもいる\"] \/ 2匹@中央東&南"",""生誕の花園から南側の高所に出現、命脈の神殿周辺、北東の浮島にもいる""]

生誕の花園から命脈への神殿の道のりに広く生息。2匹構成。C6高台にもいるがここはシンボル少なめ。
ver: 6.0","2026-03-14 07:21:30","2026-03-23 17:03:20"
2143,628,275,475,"[""C3"",""E4"",""C4"",""E3""]",いつでも,2〜3,普通,C3〜C4、E3〜E4にシンボルです。2〜3匹で出ます。,1,"[""D-4の高所やC-3、北東の浮島にもいる"",""[\"2-3匹@中央\",\"D-4の高所やC-3、北東の浮島にもいる\"] \/ 2-3匹@中央""]

C3～C4、E3～E4にシンボル。2～3匹構成。
ver: 6.0","2026-03-14 07:21:30","2026-03-23 17:10:05"
2144,640,275,475,"[""D7""]",いつでも,2〜3,多い,D7の広場にシンボルたくさんいます。2〜3匹で出ます。,1,"[""D-7の広い所にたくさんいます"",""[\"2-3匹@D7\",\"D-7の広い所にたくさんいます\"] \/ 2-3匹@D7""]

D7の広場にシンボル多数。2～3匹構成。
ver: 6.0","2026-03-14 07:21:30","2026-03-23 17:21:37"
2145,673,275,475,"[""C3"",""C4"",""C5"",""C6"",""D3"",""D4"",""D5"",""D6"",""E3"",""E4"",""E5"",""E6""]",いつでも,1〜2,多い,中央部の低地。1〜2匹で出ます。,1,"[""[\"1-2匹@中央低地\",\"転送の門から入るとすぐにいてマップ中央の低所にたくさんいます\"] \/ 1-2匹@中央低地"",""転送の門から入るとすぐにいてマップ中央の低所にたくさんいます""]

入口から生誕の花園にかけてのエリアにシンボルがそこそこ存在。1～2匹構成。C3～C4にかけてもシンボルがいる。
ver: 6.0","2026-03-14 07:21:30","2026-03-23 18:06:07"
2146,693,275,475,"[""C2"",""D2"",""D3"",""E2"",""E3""]",いつでも,1,普通,豊穣の密林・北の燭台から西にいます。ウキー,1,"[""[\"1匹@北\",\"北部のC-2からE-2あたりで出現します\"] \/ 1匹@北"",""北部のC-2からE-2あたりで出現します""]

北部数か所にまとまってシンボルあり。豊穣の密林・北の燭台から西にいけばだいたい見つかる。
ver: 6.0","2026-03-14 07:21:30","2026-03-23 18:24:40"
2147,585,278,477,"[""D6"",""E6"",""F6"",""F7"",""F8"",""E8"",""D8"",""D7"",""E7""]",いつでも,2〜3,普通,2-3匹で出ます。地下1階と地下2階どっちも出ます。,0,"[""[\"2-3匹\",\"地下1階と地下2階どっちも出現する\"] \/ 2-3匹"",""地下1階と地下2階どっちも出現する""]","2026-03-14 07:21:41","2026-03-23 15:26:19"
2148,590,278,477,"[""C6"",""D6"",""E6"",""F6"",""F7"",""E7"",""D7"",""C7"",""C8"",""D8"",""E8"",""F8""]",いつでも,3〜4,普通,B1Fの部屋にいます。3〜4匹です。,0,"[""[\"3-4匹\",\"地下1階に出現する\"] \/ 3-4匹"",""地下1階に出現する""]

B1Fの部屋部分に生息。3～4匹構成。
ver: 6.0","2026-03-14 07:21:41","2026-07-27 14:51:37"
2149,524,278,478,"[""E2"",""D2"",""C2"",""C1"",""D1"",""E1""]",いつでも,3〜4,普通,地下2階の部屋部分にいます。3〜4匹です。,0,"[""[\"3-4匹\",\"地下2階に出現する\"] \/ 3-4匹"",""地下2階に出現する""]

地下2階の部屋部分に生息。3～4匹構成。
ver: 6.0","2026-03-14 07:21:41","2026-03-23 13:52:00"
2150,585,278,478,"[""E3"",""D3"",""D2"",""C2"",""C1"",""D1"",""E1"",""E2"",""C3""]",いつでも,2〜3,普通,2-3匹で出ます。地下1階と地下2階どっちも出ます。,0,"[""2-3匹"",""地下1階と地下2階どっちも出現する""]

地下1〜2階の通路部分に生息。2～3匹構成。
ver: 6.0","2026-03-14 07:21:41","2026-03-23 15:26:19"
2158,152,276,480,"[""F7"",""G7""]",いつでも,2〜3,普通,スライム島では2〜3匹で出ます。,0,"[""2-3匹@スライム島"",""FG-7のスライムの形をした島にいる""] / 2-3匹@スライム島","2026-03-14 07:21:51","2026-03-22 09:56:07"
2165,586,276,481,"[""F3"",""C3"",""D3"",""C4"",""D4"",""E3"",""E4"",""F4""]",いつでも,2,普通,天涙の大水源・西の洞くつの崖下からサドムの泉にかけています。,1,"[""2匹@洞くつ"",""崖・下層からサドムの泉へのトンネル内にいる、F-3のトンネル内にもいる""] / 2匹@洞くつ

天涙の大水源・西の洞くつの崖下からサドムの泉にかけて生息。2匹構成。F3にもいるがわざわざここまでくる意味はない。
ver: 6.0","2026-03-14 07:21:52","2026-03-23 15:28:50"
2170,707,276,480,"[""B5"",""D4""]",いつでも,1,普通,ザドムの泉と、水望橋あたりにいます。合計5シンボルで、1分湧きです。,1,"[""1匹@B5&D4&E3"",""水望橋周辺や北側のエリアに出現、数は少なめ""] / 1匹@B5&D4&E3

ザドムの泉と、水望橋周辺に生息。橋や洞窟で区切られたエリアに1シンボルずつ、計5シンボル。当然1匹構成。1分湧き。
ver: 6.1","2026-03-14 07:21:52","2026-03-24 06:38:13"
2173,735,276,479,[],いつでも,,転生,,0,転生,"2026-03-14 07:21:52","2026-03-18 12:13:49"
2202,669,284,499,"[""C3"",""C4"",""C5"",""D3"",""D4"",""D5"",""E3"",""E4"",""E5"",""F3"",""F4"",""F5""]",いつでも,1〜3,4,第5層EF45や第6層DE4にいます。即沸きです。,1,"[""第5～6層(ドラクロン山地)にたくさん出現します""]

第5層EF-45や第6層DE-4に生息。前者は4シンボル程、後者は2シンボル程。1～3匹構成で即沸き。
ver: 6.2","2026-03-14 07:23:04","2026-03-23 18:02:28"
2204,341,285,503,"[""D5""]",いつでも,1〜3,普通,第2層の残光の荒野のD-5あたりに数匹います。,0,"[""1-3匹@D5"",""第2層(残光の荒野)のD-5あたりに数匹います""] / 1-3匹@D5","2026-03-14 07:23:10","2026-03-22 18:48:23"
2208,872,286,507,"[""C4"",""F4""]",いつでも,1〜2,4,"復活の門のC4,F4に2シンボルずつです。即沸きの模様です。1〜2匹で出ます。",1,"[""復活の門のC-4とF-4に2匹ずつ出現します""]

復活の門のC-4,F-4に2シンボルずつ。即沸きの模様。1～2匹構成。
ver: 6.2","2026-03-14 07:23:17","2026-03-24 08:26:25"
2283,18,27,524,"[""E2""]",いつでも,1〜2,多い,1階入口付近に大量です。1〜2匹で出ます。地域限定+転生持ちのキラースコップにも会えます。,1,"[""1-2匹@手前の広間"",""1階E-2の広いところに多数いる""]

1階入口付近に大量。1～2匹構成。地域限定&転生持ちのキラースコップにもつくので、ついでに狩るのも良い。
ver: 5.4","2026-03-14 07:25:12","2026-03-21 12:35:26"
2284,21,27,524,"[""D6"",""C6"",""C7"",""D7""]",いつでも,1〜2,多い,地域限定。1階奥に大量です。1〜2匹でオニオーンがお供に。,1,"[""1-2匹@奥の広間"",""1階D-6の広いところに多数いる""]

地域限定モンスター。 1階奥に大量。1～2匹構成でオニオーンがお供で出る。
ver: 5.4","2026-03-14 07:25:12","2026-03-21 12:41:51"
2285,24,27,524,"[""D6"",""E2""]",いつでも,1,多い,1階全域では数が少なめです。1匹ずつ出ます。,0,"[""1匹@全体"",""1階のE－2とD-6あたりにいる""]

1階全域に少数。1匹構成。
ver: 5.4","2026-03-14 07:25:12","2026-03-21 12:58:39"
2286,720,27,524,"[""D6"",""C6"",""C7"",""D7""]",いつでも,1〜2,多い,地域限定。1階奥に大量です。1〜2匹でオニオーンがお供に。,1,"[""1-2匹@奥の広間"",""1階D-6の広いところに多数いる""]

地域限定モンスター。 1階奥に大量。1～2匹構成でオニオーンがお供で出る。
ver: 5.4","2026-03-14 07:25:12","2026-03-24 06:52:52"
2287,151,27,525,"[""C1"",""C2"",""C3"",""C4"",""D1"",""D2"",""D3"",""D4"",""E1"",""E2"",""E3"",""E4"",""E5"",""E6"",""E7"",""F1"",""F2"",""F3"",""F4"",""F5"",""F6"",""F7""]",いつでも,1〜2,多い,おすすめです。地下1階に大量にいます。1〜2匹で出ます。,1,"[""1-2匹"",""地下1階と地下2階全域に出現""]

おすすめ。地下1階に大量にいる。1～2匹構成。地下2階への通路より先では3匹出現もあるがシンボルは少ない。
ver: 5.4","2026-03-14 07:25:12","2026-03-22 09:35:18"
2288,188,27,525,"[""C1"",""C2"",""D1"",""D2"",""E5"",""F5"",""E6"",""F6""]",いつでも,1〜3,普通,1-3匹で出ます。地下1階全域に出現です。狩りすぎるといなくなる気がするが、一番おすすめ,1,"[""1-3匹"",""地下1階全域に出現""]","2026-03-14 07:25:12","2026-03-22 11:04:15"
2289,151,27,526,"[""C7"",""C6"",""C5"",""C4""]",いつでも,1〜2,少ない,地下2階への通路より先では3匹出ます。,0,"[""1-2匹"",""地下1階と地下2階全域に出現""]","2026-03-14 07:25:12","2026-03-22 09:35:18"
2290,167,27,526,"[""C6"",""C7""]",いつでも,1,3,地下2階手前の通路から先に3シンボルのみです。,0,"[""1匹"",""地下2階に出現します""]

地下2階手前の通路から先に3シンボルのみ。湧き範囲も広く見つけづらい。1匹構成。
ver: 5.4","2026-03-14 07:25:12","2026-03-22 10:26:41"
2291,175,27,526,"[""C7"",""C6""]",いつでも,1,少ない,地下2階手前の通路から先にぽつぽつです。1匹ずつ出ます。,0,"[""1匹"",""地下2階に出現します""]

地下2階手前の通路から先にぽつぽつ。1匹構成。
ver: 5.4","2026-03-14 07:25:12","2026-03-23 08:46:57"
2292,885,27,526,"[""C6"",""C7""]",いつでも,1,3,地下2階手前の通路から先に3シンボルのみです。,0,"[""1匹"",""地下2階に出現します""]

地下2階手前の通路から先に3シンボルのみ。湧き範囲も広く見つけづらい。1匹構成。
ver: 5.4","2026-03-14 07:25:12","2026-03-22 10:26:41"
2293,106,28,528,"[""E7"",""D7"",""C7"",""B7"",""B6"",""C6"",""D6"",""E6""]",いつでも,1〜2,多い,洞窟の前半部分にいます。広い所では1〜2匹で数も少ないが、E-7の小部屋では1〜3匹で3シンボル即湧きです。どちらもマジックフライが混ざります。,1,"[""1-2匹@手前側1-3匹@E7"",""洞くつに入ってすぐにたくさんいる""]

洞窟の前半部分にいる。広い所では1～2匹構成で数も少ないが、E-7の小部屋では1～3匹構成で3シンボル即湧き。どちらもマジックフライと相互に混成する。
ver: 5.4","2026-03-14 07:25:20","2026-03-21 17:38:10"
2294,121,28,528,"[""B7"",""C7"",""D7"",""E7"",""E6"",""D6"",""C6"",""B6"",""A6"",""A7""]",いつでも,1〜2,多い,洞窟の前半部分にいます。1〜2匹でピクシーも混ざります。,0,"[""洞くつに入ってすぐにたくさんいる"",""混1-2匹@手前側""]

洞窟の前半部分にいる。1～2匹構成でピクシーと相互に混成する。
ver: 5.4","2026-03-14 07:25:20","2026-03-21 18:36:43"
2295,126,28,528,"[""F3"",""F4"",""G4"",""H4"",""G3"",""H3""]",いつでも,1〜2,多い,奥の方にそこそこです。1〜2匹でビッグフェイスも混ざります。,0,"[""F-3から奥に多数出現します"",""混1-2匹@奥側""]

奥の方にそこそこ。1～2匹構成でビッグフェイスと相互に混成する。
ver: 5.4","2026-03-14 07:25:20","2026-03-21 18:41:59"
2296,135,28,528,"[""F3"",""G3"",""H3"",""H4"",""G4"",""F4""]",いつでも,1〜2,多い,奥の方にいます。1〜2匹でスマイルロックも混ざります。,1,"[""F-3から奥に多数出現します"",""混1-2匹@奥側""]

奥の方にいる。1～2匹構成でスマイルロックと相互に混成する。ここでのろいの岩を探していれば勝手に討伐数が増えていくだろう。
ver: 5.4","2026-03-14 07:25:20","2026-03-21 18:55:07"
2297,178,28,528,"[""G2""]",いつでも,1,少ない,最奥に1匹のみです。湧き4分,0,"[""1匹@奥"",""洞くつの奥のほうG-2に1匹いる""]

最奥に1匹のみ。湧きも4分かかる。
ver: 5.4","2026-03-14 07:25:20","2026-03-22 10:55:35"
2298,741,28,528,"[""F3"",""F4"",""G4"",""H4"",""G3"",""H3""]",いつでも,1〜2,多い,奥の方にそこそこです。1〜2匹でビッグフェイスも混ざります。,0,"[""F-3から奥に多数出現します"",""混1-2匹@奥側""]

奥の方にそこそこ。1～2匹構成でビッグフェイスと相互に混成する。
ver: 5.4","2026-03-14 07:25:20","2026-03-21 18:41:59"
2299,213,29,529,"[""E7"",""E6"",""F6"",""F7""]",いつでも,1〜2,普通,入口あたりにいます。1〜2匹で出て、グールも混ざります。,0,"[""洞くつに入ってからすぐに出現します""]

入口付近に生息。1～2匹構成でグールと互いに混成する。
ver: 5.4","2026-03-14 07:25:27","2026-03-22 12:01:50"
2300,243,29,529,"[""D4"",""D5""]",いつでも,1〜2,普通,中部にそこそこの数です。1〜2匹で出ます。,1,"[""D-4・D-5あたりに出現します""]

中部にそこそこの数。1～2匹構成。他と生息域が被らないので狩りやすいが、遠いのが難点。
ver: 5.4","2026-03-14 07:25:27","2026-03-22 13:03:35"
2301,271,29,529,"[""E7"",""D7"",""D6"",""E6""]",いつでも,1〜3,少ない,1〜2匹で出て、コープスフライも混ざります。,0,"[""1-3匹"",""洞くつに入ってからすぐに出現します""]

入口付近に少数。1～2匹でコープスフライと互いに混成する。
ver: 5.4","2026-03-14 07:25:27","2026-03-22 14:44:00"
2302,343,29,529,"[""F3"",""E3""]",いつでも,1,4,奥部に4シンボルです。1匹で湧きも遅いです。,0,"[""1匹"",""洞くつの奥のほうF-3に数匹いる""]

奥部に4シンボル。1匹構成で湧きも遅い。
ver: 5.4","2026-03-14 07:25:27","2026-03-22 18:51:43"
2306,168,119,535,"[""D5"",""C5""]",いつでも,1〜2,1,1匹湧きです。,0,"[""一の島、二の島下層、二の島上層で出現します""]

一の島、二の島下層、二の島上層にいる。一の島では1匹湧き。二の島では1～2匹構成。サタンメイルのいるフロアでは、そちらにもくっつく。第二層下層では断続的に狩れる。業者BOTの狩り対象に。邪神の宮殿に入れるなら拠点からは近いが、ドルボードを使えないので注意。
ver: 3.3","2026-03-14 07:26:10","2026-03-22 10:31:48"
2307,234,119,535,"[""B6"",""C6"",""D6"",""E6"",""F6"",""B5"",""C5"",""D5"",""E5"",""F5""]",いつでも,1〜2,多い,遠い,0,"[""1-2匹"",""一の島、三の島下層と中層と上層の南側で出現します""]

一の島、三の島の下層と中層全域に生息。遠すぎるのでお勧めしない。
ver: 1.3","2026-03-14 07:26:10","2026-03-22 12:46:21"
2308,235,119,1041,"[""C3"",""D3"",""C4"",""D4"",""C5"",""D5"",""C6"",""D6"",""E5"",""F5"",""E6"",""F6"",""E3"",""F3"",""E4"",""F4""]",いつでも,,普通,遠い。,1,"[""二の島下層、二の島上層、三の島下層に出現します""]","2026-03-14 07:26:10","2026-03-23 08:45:15"
2309,168,119,1017,"[""C3"",""D3"",""C4"",""D4"",""E3"",""F3"",""E4"",""F4"",""E5"",""F5"",""E6"",""F6"",""C5"",""D5"",""C6"",""D6""]",いつでも,,普通,特になし,0,"[""一の島、二の島下層、二の島上層で出現します""]","2026-03-14 07:26:10","2026-03-22 10:31:48"
2310,235,119,536,"[""C3"",""D3"",""C4"",""D4"",""C5"",""D5"",""C6"",""D6"",""E5"",""F5"",""E6"",""F6"",""E3"",""F3"",""E4"",""F4"",""G3"",""H3"",""G4"",""H4"",""G5"",""H5"",""G6"",""H6"",""G7"",""H7"",""G8"",""H8"",""E7"",""F7"",""E8"",""F8"",""C7"",""D7"",""C8"",""D8"",""A7"",""B7"",""A8"",""B8"",""A5"",""B5"",""A6"",""B6"",""A3"",""B3"",""A4"",""B4"",""C1"",""D1"",""C2"",""D2"",""E1"",""F1"",""E2"",""F2"",""G1"",""H1"",""G2"",""H2"",""A1"",""B1"",""A2"",""B2""]",いつでも,,普通,遠い。,1,"[""二の島下層、二の島上層、三の島下層に出現します""]","2026-03-14 07:26:10","2026-03-23 08:45:15"
2314,371,119,1017,"[""E5"",""D4"",""D5"",""E4""]",いつでも,1,普通,1匹で出ます。三の島下層のC-3と三の島上層のDE-5に少しいます。,0,"[""1匹"",""三の島下層のC-3と三の島上層のDE-5に少しいます""]","2026-03-14 07:26:10","2026-03-23 06:55:38"
2316,234,119,1017,"[""A1"",""B1"",""A2"",""B2"",""A3"",""B3"",""A4"",""B4"",""A5"",""B5"",""A6"",""B6"",""A7"",""B7"",""A8"",""B8"",""C7"",""D7"",""C8"",""D8"",""C5"",""D5"",""C6"",""D6"",""C3"",""D3"",""C4"",""D4"",""C1"",""D1"",""C2"",""D2"",""E1"",""F1"",""E2"",""F2"",""E3"",""F3"",""E4"",""F4"",""E5"",""F5"",""E6"",""F6"",""E7"",""F7"",""E8"",""F8""]",いつでも,1〜2,普通,遠い。,0,"[""1-2匹"",""一の島、三の島下層と中層と上層の南側で出現します""]","2026-03-14 07:26:10","2026-03-22 12:46:21"
2317,242,119,537,,いつでも,,普通,三の島下層と中層と上層の南側で出現します。,0,"[""三の島下層と中層と上層の南側で出現します""]","2026-03-14 07:26:10","2026-03-20 18:53:49"
2318,234,119,536,"[""C3"",""D3"",""C4"",""D4"",""C5"",""D5"",""C6"",""D6"",""E5"",""F5"",""E6"",""F6"",""E3"",""F3"",""E4"",""F4"",""G3"",""H3"",""G4"",""H4"",""G5"",""H5"",""G6"",""H6"",""G7"",""H7"",""G8"",""H8"",""E7"",""F7"",""E8"",""F8"",""C7"",""D7"",""C8"",""D8"",""A7"",""B7"",""A8"",""B8"",""A5"",""B5"",""A6"",""B6"",""A3"",""B3"",""A4"",""B4"",""A1"",""B1"",""A2"",""B2"",""C1"",""D1"",""C2"",""D2"",""E1"",""F1"",""E2"",""F2"",""G1"",""H1"",""G2"",""H2""]",いつでも,1〜2,普通,遠い。,0,"[""1-2匹"",""一の島、三の島下層と中層と上層の南側で出現します""]","2026-03-14 07:26:10","2026-03-22 12:46:21"
2319,242,119,536,,いつでも,,普通,三の島下層と中層と上層の南側で出現します。,0,"[""三の島下層と中層と上層の南側で出現します""]","2026-03-14 07:26:10","2026-03-20 18:53:49"
2320,371,119,536,"[""C3""]",いつでも,1,普通,三の島上層中央部の円状の足場に2シンボルと三の島下層C-2-3地点（三の島上層C-5からワープ）に3シンボルです。下層の方は1体倒した頃に1体湧くので連続して狩れるです。,0,"[""1匹"",""三の島下層のC-3と三の島上層のDE-5に少しいます""]

三の島上層中央部の円状の足場に2シンボルと三の島下層C2-3地点（三の島上層C5からワープ）に3シンボル。下層の方は1体倒した頃に1体湧くので連続して狩れる。
ver: 2.0","2026-03-14 07:26:10","2026-03-23 06:55:38"
2322,144,47,539,"[""C5"",""B5""]",いつでも,,多い,最奥部にたくさんいます。インキュバスやキラービーも一緒に出ます。,0,"[""いちばん奥の広くなっているところ(C-5あたり)にいます""]

最奥部にたくさんいる。インキュバスやキラービーにもつく。
ver: 5.4","2026-03-14 07:26:23","2026-03-21 19:23:05"
2323,170,47,539,"[""C5""]",いつでも,1,4,最奥部に4シンボル即湧きです。1匹ずつ出ます。たまねぎマンが一緒に出ます。,1,"[""いちばん奥の広くなっているところ(C-5あたり)にいます""]

最奥部に4シンボル即湧き。1匹構成でたまねぎマンがつく。時間に関係なくいるのでおすすめ。
ver: 5.4","2026-03-14 07:26:23","2026-03-22 10:37:07"
2324,198,47,539,"[""E3"",""E4"",""E5"",""F3"",""F4"",""F5"",""G3"",""H3"",""G4"",""H4"",""E6"",""F6""]",いつでも,1〜3,多い,入口〜中部にいます。1〜3匹で出ます。たまねぎマンが一緒に出ます。,0,"[""洞くつに入ってすぐいる、しばらくたくさん出ます。""]

入口～中部に生息。1～3匹でたまねぎマンがつく。
ver: 5.4","2026-03-14 07:26:23","2026-03-22 11:36:57"
2325,229,47,539,"[""G4"",""F4"",""F3"",""G3"",""E3"",""E4"",""E5"",""F5""]",いつでも,,多い,入口〜中部に点々といます。入口の部屋が一番密度が高いです。,0,"[""洞くつに入るとすぐいる""]

No.127（美容院ダークグレー）クエ対象。 入口～中部にまばら。入口の部屋が一番密度が高い。
ver: 5.4","2026-03-14 07:26:23","2026-03-26 14:28:38"
2326,268,48,540,"[""E2"",""D2"",""D3"",""E3"",""D5"",""D6"",""E6"",""E5""]",いつでも,1〜3,普通,入口では1〜2匹、2番目の部屋では1〜3匹で出て、ダークポックルも混ざります。,0,"[""1-3匹"",""洞くつに入るとすぐいます""]

浅い部分に生息。入口では1～2匹、2番目の部屋では1～3匹構成でダークポックルと互いに混成する。
ver: 5.4","2026-03-14 07:26:29","2026-03-22 14:39:36"
2328,377,48,540,"[""C6"",""D6"",""C7"",""D7"",""E5"",""D5"",""C5"",""E6"",""E7""]",いつでも,1〜2,普通,中〜奥部にいます。1匹で出て、レッドイーターも混ざります。,0,"[""1-2匹"",""洞くつの真ん中から奥までずっといます""]

中～奥部に生息。1匹構成でレッドイーターと互いに混成する。
ver: 5.4","2026-03-14 07:26:29","2026-03-23 07:17:19"
2329,380,48,540,"[""C5"",""C6"",""D5"",""D6"",""E6"",""C7"",""D7"",""E7"",""E5""]",いつでも,1〜2,普通,中〜奥部にいます。1匹で出て、ブルーイーターも混ざります。1-2匹で出ます。,0,"[""1-2匹"",""洞くつの真ん中から奥までずっといます""]

中～奥部に生息。1匹構成でブルーイーターと互いに混成する。
ver: 5.4","2026-03-14 07:26:29","2026-03-23 07:23:12"
2330,213,74,541,"[""C5"",""D5"",""C6"",""C7"",""E5"",""D6""]",いつでも,1〜2,多い,少々点々といます。1〜2匹でグリゴンダンスが2匹まで一緒に出ます。,0,"[""入ってすぐの広い場所と次の広い場所にたくさんいる""]

浅い部分に生息。少々まばら。1～2匹構成でグリゴンダンスが2匹までつく。
ver: 5.4","2026-03-14 07:26:36","2026-03-22 12:01:50"
2331,217,74,541,"[""E5"",""F3"",""E4"",""E3"",""F4"",""F5""]",いつでも,1〜3,多い,奥部にいます。1〜3匹で出て、コープスフライも混ざります。,0,"[""洞くつの真ん中DE-5と奥のEF-3でたくさん出現する""]

奥部に生息。1～3匹でコープスフライと互いに混成する。
ver: 5.4","2026-03-14 07:26:36","2026-03-22 12:13:21"
2332,326,74,541,"[""F3"",""E3""]",いつでも,1,普通,奥部に3シンボルです。1匹で3分間隔固定沸きです。,0,"[""1匹"",""洞くつ奥のEF-3で出現します""]

奥部に3シンボル。1匹構成で3分間隔固定沸き。
ver: 5.4","2026-03-14 07:26:36","2026-03-22 18:21:55"
2333,831,74,541,"[""E5"",""F3"",""E4"",""E3"",""F4"",""F5""]",いつでも,1〜3,多い,奥部にいます。1〜3匹で出て、コープスフライも混ざります。,0,"[""洞くつの真ん中DE-5と奥のEF-3でたくさん出現する""]

奥部に生息。1～3匹でコープスフライと互いに混成する。
ver: 5.4","2026-03-14 07:26:36","2026-03-22 12:13:21"
2334,212,82,544,"[""D7"",""C2"",""C3"",""C4"",""C5"",""C6"",""C7"",""D2"",""D3"",""D4"",""D5"",""D6"",""E6"",""F6"",""G6"",""E7"",""F7"",""G7"",""H7"",""H6""]",いつでも,1〜2,多い,ほぼ全域にいます。1〜2匹で出て、コープスフライやグールも一緒に出ます。,0,"[""洞くつに入ってすぐいてD-7あたりまでいる""]

ほぼ全域に生息。1～2匹構成でコープスフライと互いに混成する。グールにもつく。
ver: 5.4","2026-03-14 07:26:48","2026-03-22 11:56:09"
2335,213,82,544,"[""B2"",""C2"",""C3"",""B3""]",いつでも,1〜2,普通,1〜2匹で出て、しりょうのきしも混ざります。,0,"[""洞くつに入ってすぐいて、洞くつの半分くらいまでいる""]

浅い部分にいる。1～2匹構成でしりょうのきしと互いに混成する。
ver: 5.4","2026-03-14 07:26:48","2026-03-22 12:01:50"
2336,215,82,544,"[""F6"",""F7"",""G7"",""G6"",""E6"",""E7""]",いつでも,1〜2,普通,中〜奥部にいます。1〜2匹で出ます。,0,"[""洞くつの後半で出てきます""]

中～奥部に生息。1～2匹構成。
ver: 5.4","2026-03-14 07:26:48","2026-03-22 12:09:24"
2337,271,82,544,"[""F7"",""G6"",""G7"",""H7"",""H6"",""F6""]",いつでも,1〜2,4,奥部に4シンボルのみです。1〜2匹で出てしりょうのきしが一緒に出ます。,0,"[""1-2匹"",""洞くつの奥の方F-7あたりからいます""]

奥部に4シンボルのみ。1～2匹構成でしりょうのきしがつく。
ver: 5.4","2026-03-14 07:26:48","2026-03-22 14:44:00"
2338,40,80,545,"[""G5"",""F5""]",いつでも,1,普通,参道入り口に2シンボルです。1分湧きです。1匹ずつ出ます。タタリ御前が一緒に出ます。,1,"[""参道のFG-5に少しいます""]

参道入り口に2シンボル。1分湧き。1匹構成でタタリ御前がつく。
ver: 5.4","2026-03-14 07:26:51","2026-03-21 13:17:06"
2339,194,80,545,"[""B3""]",いつでも,2〜3,2,参道B-3に2シンボルです。湧きは1分。,0,"[""参道のB-3に2匹いる""]

参道B-3に2シンボル。2～3匹構成だが湧きは1分かかる。
ver: 6.4","2026-03-14 07:26:51","2026-03-22 11:12:36"
2340,331,80,545,"[""B5"",""G6"",""F6""]",いつでも,1,少ない,参道F-6やB-4に2シンボルです。1匹で湧きも遅いです。,0,"[""1匹"",""参道のFG-6に2匹とB-5に2匹います""]

参道F-6やB-4に2シンボル。1匹構成で湧きも遅い。
ver: 5.4","2026-03-14 07:26:51","2026-06-26 23:43:18"
2341,335,80,545,"[""D5"",""E5"",""F5"",""G5"",""H5"",""C5""]",いつでも,1〜2,普通,参道の入口と通路に2シンボルずつです。入口は1匹、通路では1〜2匹で出ます。湧きは遅め。もみじこぞうやくろカビこぞうも一緒に出ます。,0,"[""1-2匹"",""参道の通路に出て来ます""]

参道の入口と通路に2シンボルずつ。入口は1匹、通路では1～2匹構成。湧きは遅めだが、もみじこぞうやくろカビこぞうにもつく。湧き範囲の狭い入口が良いか。本殿G-4などにもいたが、イベントの都合で削除されたようだ。
ver: 5.4","2026-03-14 07:26:51","2026-03-22 18:36:44"
2342,346,80,545,"[""D5"",""F6"",""G6""]",いつでも,1〜2,普通,本殿のD-6、F-6〜G-4の通路に3シンボルずつです。1〜2匹で出ます。,1,"[""1-2匹"",""本殿のD-6とG-5あたりにいます""]

地域限定モンスター。本殿のD-6とF-6～G-4の通路に3シンボルずつ。1～2匹構成。参道からは消えた。
ver: 5.4","2026-03-14 07:26:51","2026-03-22 18:58:53"
2343,385,80,545,"[""D5"",""E5"",""F5"",""G5""]",いつでも,1〜3,普通,参道通路にいます。1〜3匹で出ます。タタリ御前が一緒に出ます。,0,"[""1-3匹"",""参道の通路に出て来ます""]

参道通路に生息。1～3匹構成でタタリ御前がつく。
ver: 5.4","2026-03-14 07:26:51","2026-03-23 07:34:13"
2344,421,80,545,"[""F5""]",いつでも,1,少ない,地域限定。1匹で出ます。参道F-5、本殿D-7、F-4に固定湧きです。いずれも2〜3分で湧きます。,1,"[""1匹"",""参道のFG-6の真ん中に1匹、本殿のD-7とF-4に1匹ずついる""]

地域限定モンスター。参道F-5、本殿D-7、F-4に固定湧き。いずれも2～3分で湧く。旅の扉で行き来しながら狩るのが良いか。
ver: 5.4","2026-03-14 07:26:51","2026-03-23 09:11:12"
2345,318,80,545,"[""F7"",""F8"",""F6"",""G6"",""G7"",""G8"",""G5"",""F5"",""E5""]",いつでも,1〜2,普通,1-2匹で出ます。本殿の南側の通路で出現します。,0,"[""1-2匹"",""本殿の南側の通路で出現します""]","2026-03-14 07:26:51","2026-03-22 17:51:31"
2347,225,92,547,"[""G6"",""F6"",""F5"",""G5""]",いつでも,2,普通,洞くつに入ってすぐ〜前半にいます。,0,"[""洞くつに入ってすぐ～前半にいます""]

洞窟の前半部分にいる。シンボルもそこそこ多く、2匹出てくることもある。
ver: 5.4","2026-03-14 07:27:05","2026-03-22 12:28:21"
2348,262,92,547,"[""A3"",""A4"",""B4"",""C4"",""C3"",""D3"",""E3"",""E4"",""D4"",""E2"",""D2"",""B3""]",いつでも,1〜2,普通,おすすめです。1〜2匹構成、一番奥の部屋だとリビングデッドがいないため狩りやすい。,1,"[""1-2匹"",""洞くつの後半以降に出現します""]

おすすめ。昼夜問わず狩れる。1～2匹構成、奥部に生息。一番奥の部屋だとリビングデッドがいないため狩りやすい。
ver: 5.4","2026-03-14 07:27:05","2026-03-22 14:13:38"
2349,301,92,547,"[""G6"",""F6"",""F5"",""G5""]",いつでも,1〜2,多い,おすすめです。入り口付近にかなり多めいる。1〜2匹で出まてすぐ湧きます、,1,"[""1-2匹"",""洞くつに入ってすぐ～前半にいます""]

おすすめ。入り口付近にうじゃうじゃいるうえにすぐに湧く。1～2匹構成。
ver: 5.4","2026-03-14 07:27:05","2026-03-22 17:12:33"
2350,359,92,547,"[""D3"",""B3""]",いつでも,1,普通,B-3、D-3の松明の所に固定湧きです。1匹で湧きも悪いです。,0,"[""1匹"",""後半以降で通路に2体ほど立っている""]

B-3、D-3の松明の所に固定湧き。1匹構成で湧きも悪い。
ver: 5.4","2026-03-14 07:27:05","2026-03-23 06:32:36"
2351,407,92,547,"[""D5"",""C5"",""B5"",""B4"",""B3"",""C3"",""D3"",""D4"",""C4""]",いつでも,1〜2,普通,奥部にいます。1〜2匹で出ます。,0,"[""1-2匹"",""洞くつの後半以降に出現します""]

奥部に生息。1～2匹構成。生息地が被るかげのきしがリンクしてしまう。
ver: 5.4","2026-03-14 07:27:05","2026-03-23 08:54:16"
2352,97,103,548,"[""C7"",""C6"",""D6"",""D7""]",いつでも,1〜2,多い,入口付近にいます。1〜2匹で出て、マリンスライムも混ざります。,0,"[""洞くつに入ってすぐいる、洞くつの半分くらいまでいる""]

入口付近にいる。1～2匹構成でマリンスライムと互いに混成する。
ver: 5.4","2026-03-14 07:27:12","2026-03-21 16:07:25"
2353,128,103,548,"[""G5"",""G4"",""G3"",""G2"",""F2"",""F3"",""F4"",""F5"",""H5"",""H4"",""H3"",""H2""]",いつでも,1〜2,多い,1〜2匹で出て、リザードマンも混ざります。洞くつの半分くらいから一番奥まで多数に出ます。,0,"[""洞くつの半分くらいから一番奥まで多数出現""]

No.180(バトマス2話)対象。 1～2匹構成でリザードマンが混成する。
ver: 5.4","2026-03-14 07:27:12","2026-03-21 18:45:37"
2354,139,103,548,"[""E5"",""F5""]",いつでも,1〜2,2,E〜F-5の通路上に2シンボルのみです。湧きも遅いです。1〜2匹で出ます。,0,"[""洞くつの真ん中の通路にで2匹ほどいる""]

E～F-5の通路上に2シンボルのみ。湧きも遅い。1～2匹構成。
ver: 5.4","2026-03-14 07:27:12","2026-03-21 19:03:53"
2355,152,103,548,"[""C7"",""C6"",""D6"",""D7""]",いつでも,1〜2,多い,入口付近にいます。1〜2匹で出て、だいおうキッズも混ざります。,0,"[""洞くつに入ってすぐいる、洞くつの半分くらいまでたくさんいる""]

入口付近にいる。1～2匹構成でだいおうキッズと互いに混成する。
ver: 5.4","2026-03-14 07:27:12","2026-03-22 09:56:08"
2356,214,103,548,"[""F2"",""G2"",""G3"",""H3"",""H4"",""H5"",""G5"",""F5"",""F4"",""F3"",""G4"",""H2""]",いつでも,1,普通,奥部にいます。1匹で湧きもよくないです。,0,"[""洞くつの半分くらいから一番奥まで出現""]

No.172(髪色追加)クエ対象。奥部に生息。1匹構成で湧きもよくない。
ver: 5.4","2026-03-14 07:27:12","2026-03-22 12:02:51"
2357,813,103,548,"[""C7"",""C6"",""D6"",""D7""]",いつでも,1〜2,多い,入口付近にいます。1〜2匹で出て、マリンスライムも混ざります。,0,"[""洞くつに入ってすぐいる、洞くつの半分くらいまでいる""]

入口付近にいる。1～2匹構成でマリンスライムと互いに混成する。
ver: 5.4","2026-03-14 07:27:12","2026-03-21 16:07:25"
2358,101,104,549,"[""E2"",""D2"",""D3"",""E3"",""D4"",""C4"",""C5"",""D5""]",いつでも,1〜2,普通,入口〜中部に1〜2匹で出ます。入口ではケダモンが一緒に出る。,1,"[""洞くつの前半で出現します""]

No.075(盗賊クエ)対象。 入口～中部に1～2匹構成。入口ではケダモンと互いに混成するため、ピンクボンボンを狙えば勝手に数が増える。
ver: 5.4","2026-03-14 07:27:19","2026-03-21 17:30:13"
2359,119,104,549,"[""E3"",""F3"",""F2"",""E2"",""D2"",""D3""]",いつでも,1〜2,多い,入口に1〜2匹で出ます。さんぞくウルフも混ざります。,0,"[""洞くつ入ってすぐの部屋にたくさんいます""]

入口に1～2匹構成。さんぞくウルフと互いに混成する。
ver: 5.4","2026-03-14 07:27:19","2026-03-21 18:34:17"
2360,198,104,549,"[""C3"",""D3"",""C4"",""D4"",""C5"",""D5"",""C6"",""D6"",""E5"",""F5"",""E6"",""F6""]",いつでも,1〜2,多い,浅い部分では1匹、南西の部屋では1〜2匹で出ます。南東では1〜3匹で出ます。さんぞくウルフが一緒に出ます。,0,"[""洞くつ後半以降で多数出現""]

No.075(盗賊4話)対象。 中～奥部に生息。浅い部分では1匹、南西の部屋では1～2匹構成。南東では1～3匹でさんぞくウルフがつく。
ver: 5.4","2026-03-14 07:27:19","2026-03-22 11:36:57"
2361,222,104,549,"[""F7"",""E7""]",いつでも,1,2,最奥部に2シンボル即湧きです。,1,"[""洞くつ後半以降で数匹出現""]

最奥部に2シンボル即湧き。7-Eのたいまつ前にもいる。1匹構成。
ver: 5.4","2026-03-14 07:27:19","2026-03-22 12:21:17"
2362,742,104,549,"[""E3"",""F3"",""F2"",""E2"",""D2"",""D3""]",いつでも,1〜2,多い,入口に1〜2匹で出ます。さんぞくウルフも混ざります。,0,"[""洞くつ入ってすぐの部屋にたくさんいます""]

入口に1～2匹構成。さんぞくウルフと互いに混成する。
ver: 5.4","2026-03-14 07:27:19","2026-03-21 18:34:17"
2363,18,102,550,"[""A2""]",いつでも,1,普通,A-2に3匹で出ます。湧きは遅めです。,0,"[""1匹@A2"",""A-2の小部屋に固まっています""]

A-2に3匹。湧きは遅め。
ver: 5.4","2026-03-14 07:27:26","2026-03-21 12:35:26"
2364,87,102,550,"[""D2"",""D3"",""E2"",""E3"",""C2"",""B2""]",いつでも,1〜3,多い,奥の遺跡部分にいます。1〜3匹で出て、飛んでいるものにはメーダロードも混ざります。地面で丸まってるものは混成しないです。,1,"[""1-3匹+供@北側"",""洞くつの北側にたくさんいます""]

No.092(ラッカラン便せん)クエ対象。 奥の遺跡部分にいる。1～3匹構成で、飛んでいるものにはメーダロードが混成する。地面に転がっているものは混成しない。
ver: 5.4","2026-03-14 07:27:26","2026-03-23 18:34:18"
2365,92,102,550,"[""D2"",""D3"",""E2"",""E3"",""C2"",""B2""]",いつでも,1〜3,多い,奥の遺跡部分にいます。1〜3匹でアイアンクックやメーダロードが一緒に出ます。両方一緒に出ることもあります。,1,"[""1-3匹+供@北側"",""洞くつの北側にたくさんいます""]

奥の遺跡部分に生息。1～3匹構成でアイアンクックやメーダロードがくっつく。両方くっつくことも。最初の部屋はあまりシンボルが涸れない。
ver: 5.4","2026-03-14 07:27:26","2026-03-21 15:53:45"
2366,93,102,550,[],いつでも,,お供,アイアンクック、キャットバットのお供でしか出ないです。,0,"[""@お供"",""アイアンクックとキャットバットのお供でのみ出現します""]

アイアンクック、キャットバットのお供でしか出ない。ガイオス古海までいくべきだろう。
ver: 3.4","2026-03-14 07:27:26","2026-03-21 15:55:24"
2367,113,102,550,"[""G5"",""G6"",""H6"",""H5""]",いつでも,1〜2,2,洞窟部分に2シンボルのみです。1〜2匹で出ます。,0,"[""1-2匹@南側"",""G-5あたりに2匹います""]

洞窟部分に2シンボルのみ。1～2匹構成。
ver: 5.4","2026-03-14 07:27:26","2026-03-21 17:45:10"
2368,130,102,550,"[""E6"",""F6"",""F5"",""E5"",""G5"",""G6"",""H6"",""H5""]",いつでも,1〜2,多い,手前の洞窟部分にかなり多めです。1〜2匹で出ます。,0,"[""1-2匹@南側"",""洞くつに入るとすぐいます、南側にたくさん生息""]

手前の洞窟部分にうじゃうじゃ。1～2匹構成。
ver: 5.4","2026-03-14 07:27:26","2026-03-21 18:49:16"
2369,743,102,550,"[""E6"",""F6"",""F5"",""E5"",""G5"",""G6"",""H6"",""H5""]",いつでも,1〜2,多い,手前の洞窟部分にかなり多めです。1〜2匹で出ます。,0,"[""1-2匹@南側"",""洞くつに入るとすぐいます、南側にたくさん生息""]

手前の洞窟部分にうじゃうじゃ。1～2匹構成。
ver: 5.4","2026-03-14 07:27:26","2026-03-21 18:49:16"
2370,140,96,551,"[""A3"",""A4"",""A5"",""A6"",""B3"",""B4"",""B5"",""B6"",""C3"",""C4"",""C5"",""C6"",""D3"",""D4"",""D5"",""D6"",""E3"",""E4"",""E5"",""E6"",""F3"",""F4"",""F5"",""F6"",""G3"",""G4"",""G5"",""G6"",""H3"",""H4"",""H5"",""H6""]",いつでも,2〜3,多い,洞くつ全体に広い範囲でいます。1〜4匹構成でスカルゴンやデスプリーストも一緒に出ます。,0,"[""2-3匹"",""洞くつ全域にたくさんいます""]

洞くつ全体に広く生息。1～4匹構成でスカルゴンやデスプリーストにもつく。
ver: 4.2","2026-03-14 07:27:31","2026-03-21 19:06:34"
2371,343,96,551,"[""B5"",""B4"",""C4"",""C5""]",いつでも,1,普通,1匹で出ます。洞くつの奥のほうに数匹います。ドラキーマが一緒に出ます。,0,"[""1匹"",""洞くつの奥のほうに数匹います""]

洞くつの奥のほうに数シンボル。ドラキーマがくっつく。デスプリーストに2匹までくっついてくることも。
ver: 4.2","2026-03-14 07:27:31","2026-03-22 18:51:43"
2372,386,96,551,"[""C3"",""D3"",""C4"",""D4""]",いつでも,1〜2,普通,中央の2部屋に数シンボルです。1〜2匹で出ます。場所によってドラキーマかスカルゴンが一緒に出ます。,0,"[""1-2匹+供"",""洞くつを少し進むとそこそこいます""]

中央の2部屋に数シンボル。1～2匹構成。場所によってドラキーマかスカルゴンがくっつく。
ver: 5.4","2026-03-14 07:27:31","2026-03-23 07:36:00"
2373,202,111,552,"[""C5"",""C6"",""D5"",""D6"",""E5"",""E6"",""F5"",""F6""]",いつでも,1,少ない,中腹に1匹で出ます。メタルライダーが一緒に出ます。,0,"[""洞くつの中ほどにいる""]

中腹に1匹構成でメタルライダーがつく。シンボル数は少ないがいろんなモンスターにつく。
ver: 5.4","2026-03-14 07:27:38","2026-03-22 11:46:27"
2374,207,111,552,"[""E3"",""E4"",""E5"",""F3"",""F4"",""F5"",""E6"",""F6""]",いつでも,1〜2,普通,中〜奥に1〜2匹で出て、ドラゴンキッズも混ざります。,1,"[""洞くつの中ほどにいる""]

中～奥に1～2匹構成でドラゴンキッズが混成する。 湧き・数ともに海のとける洞くつのものに近いが、視界とアクセスの面で一歩劣るか。
ver: 2.3","2026-03-14 07:27:38","2026-03-22 11:51:00"
2375,216,111,552,"[""C7"",""B7"",""B6"",""C6""]",いつでも,1,普通,入り口付近にいます。1匹でドラゴンキッズが一緒に出ます。,0,"[""洞くつ入って最初の方にいる""]

入り口付近にいる。1匹構成でドラゴンキッズがくっつく。
ver: 5.4","2026-03-14 07:27:38","2026-03-22 12:11:17"
2376,289,111,552,"[""E2"",""E3"",""F3"",""F2""]",いつでも,1,4,F3と最奥の部屋で4シンボルです。1匹ずつ出て、湧きがかなり遅いです。ドラゴンキッズが一緒に出ます。,0,"[""1匹"",""洞くつのいちばん奥で出現します""]

F-3と最奥の部屋で4シンボル。湧きがかなり遅い。1匹構成でドラゴンキッズがつく。
ver: 5.4","2026-03-14 07:27:38","2026-03-22 15:43:07"
2377,751,111,552,"[""C5"",""C6"",""D5"",""D6"",""E5"",""E6"",""F5"",""F6""]",いつでも,1,少ない,中腹に1匹で出ます。メタルライダーが一緒に出ます。,0,"[""洞くつの中ほどにいる""]

中腹に1匹構成でメタルライダーがつく。シンボル数は少ないがいろんなモンスターにつく。
ver: 5.4","2026-03-14 07:27:38","2026-03-22 11:46:27"
2378,217,110,553,"[""F4"",""F5"",""G4"",""G5"",""E5"",""E4""]",いつでも,1〜2,普通,1匹だが、ナイトキャットには1〜2匹一緒に出ます。東では1匹で出ます。,0,"[""1匹@東"",""洞くつに入ってから半分まで出現""]

浅い部分に生息。1匹構成だが、ナイトキャットには1～2匹つく。
ver: 5.4","2026-03-14 07:27:45","2026-03-22 12:13:21"
2379,252,110,553,"[""B4"",""B5"",""C4"",""C5"",""B6"",""C6"",""D6"",""D5"",""D4""]",いつでも,1〜2,普通,奥部に1〜2匹で出ます。かげのきしも混ざります。,0,"[""1-2匹@西"",""洞くつ入って半分以降にいます""]

奥部に1～2匹構成。かげのきしと相互に混成する。
ver: 5.4","2026-03-14 07:27:45","2026-03-22 13:18:02"
2380,262,110,553,"[""B4"",""B5"",""C4"",""C5"",""D4"",""D5""]",いつでも,1〜2,少ない,奥部では数が少なめです。1〜2匹でヘルゴーストも混ざります。,0,"[""1-2匹@西"",""洞くつ入って半分以降にいます""]

奥部に少数。1～2匹構成でヘルゴーストと相互に混成する。
ver: 5.4","2026-03-14 07:27:45","2026-03-22 14:13:38"
2381,276,110,553,"[""F4"",""F5"",""G4"",""G5""]",いつでも,1〜3,普通,1〜3匹で出ます。グリゴンダンスが一緒に出ます。,0,"[""洞くつに入ってから半分まで出現"",""混1-3匹@東""]

浅い部分に生息。1～3匹でグリゴンダンスがつく。
ver: 5.4","2026-03-14 07:27:45","2026-06-26 23:51:48"
2382,334,110,553,"[""C3"",""C4"",""C5"",""C6"",""D3"",""D4"",""D5"",""D6"",""E3"",""E4"",""E5"",""E6"",""F3"",""F4"",""F5"",""F6""]",いつでも,1〜2,1,移動では1〜2匹で出ます。1シンボルが広範囲を走り回っています。1〜2匹で出ます。,0,"[""1-2匹@移動"",""洞くつの中ほどで1匹走り回っている""]

1シンボルが広範囲を走り回っている。1～2匹構成。
ver: 5.4","2026-03-14 07:27:45","2026-03-22 18:35:38"
2383,359,110,553,"[""F5"",""D5""]",いつでも,1,少ない,F-5、D-5に2匹ずつです。1回倒すと10分ぐらい湧きにかかります。,0,"[""1匹@門番"",""洞くつの途中で通路をふさぐ形で立っている、2か所ある""]

F-5、D-5に2匹ずつ。1回倒すと10分ぐらい待たされる
ver: 5.4","2026-03-14 07:27:45","2026-03-23 06:32:36"
2384,831,110,553,"[""F4"",""F5"",""G4"",""G5"",""E5"",""E4""]",いつでも,1〜2,普通,1匹だが、ナイトキャットには1〜2匹一緒に出ます。東では1匹で出ます。,0,"[""1匹@東"",""洞くつに入ってから半分まで出現""]

浅い部分に生息。1匹構成だが、ナイトキャットには1～2匹つく。
ver: 5.4","2026-03-14 07:27:45","2026-03-22 12:13:21"
2385,778,110,553,"[""C3"",""C4"",""C5"",""C6"",""D3"",""D4"",""D5"",""D6"",""E3"",""E4"",""E5"",""E6"",""F3"",""F4"",""F5"",""F6""]",いつでも,1〜2,1,移動では1〜2匹で出ます。1シンボルが広範囲を走り回っています。1〜2匹で出ます。,0,"[""1-2匹@移動"",""洞くつの中ほどで1匹走り回っている""]

1シンボルが広範囲を走り回っている。1～2匹構成。
ver: 5.4","2026-03-14 07:27:45","2026-03-22 18:35:38"
2386,221,112,554,"[""B3"",""B4"",""B5"",""C5"",""D5"",""D4"",""D3"",""C3"",""C4""]",いつでも,1,普通,浅い部分に1匹で出ます。,0,"[""入ってすぐいて中盤までいる""]

浅い部分に1匹構成。密度はいい。
ver: 5.4","2026-03-14 07:27:52","2026-03-22 12:18:24"
2387,285,112,554,"[""C4"",""C5"",""D5"",""E5"",""E4"",""D4""]",いつでも,1,普通,中部に1匹で出ます。地下遺跡の中盤で出現です。,0,"[""1匹"",""地下遺跡の中盤で出現""]

中部に1匹構成。ゴルバと互いに混成する。
ver: 5.4","2026-03-14 07:27:52","2026-03-22 15:20:55"
2388,286,112,554,"[""E5"",""D5"",""C5"",""C4"",""D4"",""E4""]",いつでも,1,普通,中部に1匹で出てガルバも混ざります。,0,"[""1匹"",""地下遺跡の中盤で出現""]

中部に1匹構成。ガルバと互いに混成する。
ver: 5.4","2026-03-14 07:27:52","2026-03-22 15:22:15"
2389,337,112,554,,いつでも,1,普通,1匹で出ます。地下遺跡の終盤で出現です。1匹ずつ出ます。,0,"[""1匹"",""地下遺跡の終盤で出現""]

1匹構成。奥の3部屋に合計4シンボルが範囲即湧きする。
ver: 5.4","2026-03-14 07:27:52","2026-03-20 18:53:49"
2390,100,55,555,"[""D6"",""E5"",""E6"",""D5""]",いつでも,1〜3,多い,前半部分にシンボルたくさんいます。1〜3匹で出て、ベビーマジシャンも混ざります。,0,"[""DE-5の広い所でたくさんいます"",""混1-3匹@南側""]

前半部分にシンボル多数。1～3匹構成でベビーマジシャンと互いに混成する。
ver: 5.4","2026-03-14 07:27:58","2026-03-21 17:28:45"
2391,109,55,555,"[""C3"",""D2"",""D3"",""C1"",""D1"",""C2"",""C4"",""D4""]",いつでも,1〜3,普通,後半部分に広くいます。1〜3匹で出て、マジカルハットも混ざります。ぼうれい剣士も一緒に出ます。,1,"[""C-3の広い所で出現します"",""混1-3匹@北側""]

後半部分に分布。1～3匹構成でマジカルハットと互いに混成する。ぼうれい剣士にもつく。
ver: 5.4","2026-03-14 07:27:58","2026-03-21 17:41:40"
2392,129,55,555,"[""C2"",""F7"",""E4""]",いつでも,1〜2,普通,湧きは遅め。,0,"[""1-2匹@小部屋"",""F-7とC-2にいます""]

F-7、E-4、C-2の袋小路に計4シンボル。1～2匹構成。ポップ地点が離れているうえに湧きも遅い。
ver: 5.4","2026-03-14 07:27:58","2026-03-23 08:37:08"
2393,142,55,555,"[""C3"",""D3""]",いつでも,1〜3,普通,おすすめです。1〜3匹で出ます。ベビーマジシャンが一緒に出ます。,1,"[""C-3の広い所で出現します"",""混1-3匹@北側""]

おすすめ。奥部に生息。1～3匹構成でベビーマジシャンがつく。
ver: 5.4","2026-03-14 07:27:58","2026-03-21 19:09:21"
2394,738,55,555,"[""D6"",""E5"",""E6"",""D5""]",いつでも,1〜3,多い,前半部分にシンボルたくさんいます。1〜3匹で出て、ベビーマジシャンも混ざります。,0,"[""DE-5の広い所でたくさんいます"",""混1-3匹@南側""]

前半部分にシンボル多数。1～3匹構成でベビーマジシャンと互いに混成する。
ver: 5.4","2026-03-14 07:27:58","2026-03-21 17:28:45"
2395,204,56,556,"[""B4"",""B5"",""C4"",""C5"",""D5"",""D4"",""E4"",""E5""]",いつでも,1〜2,普通,入口〜中部にいます。1〜2匹で出て、グリゴンダンスも混ざります。少々間隔広めです。,0,"[""洞くつの前半で出現します"",""混1-2匹@西側""]

入口～中部に生息。1～2匹構成でグリゴンダンスと互いに混成する。少々間隔広め。
ver: 5.4","2026-03-14 07:28:05","2026-03-22 11:47:44"
2396,217,56,556,"[""A3"",""A4"",""A5"",""A6"",""B3"",""B4"",""B5"",""B6"",""C3"",""C4"",""C5"",""C6"",""D3"",""D4"",""D5"",""D6"",""E3"",""E4"",""E5"",""E6"",""F3"",""F4"",""F5"",""F6"",""G3"",""G4"",""G5"",""G6"",""H3"",""H4"",""H5"",""H6""]",いつでも,1〜2,多い,全域にいます。1〜2匹で出て、パペットロープも混ざります。,0,"[""洞くつ全域にいっぱいいる""]

No.209(プクレット外伝4話)クエ対象。 全域にいる。1～2匹構成でパペットロープと互いに混成する。
ver: 5.4","2026-03-14 07:28:05","2026-03-22 12:13:21"
2397,232,56,556,"[""H5"",""G5"",""G4"",""F4"",""F3"",""G3"",""H3"",""H4"",""F5""]",いつでも,1〜2,普通,奥部にいます。1〜2匹で出ます。,0,"[""洞くつの後半で出現します""]

奥部に生息。1～2匹構成。
ver: 5.4","2026-03-14 07:28:05","2026-03-22 12:38:54"
2398,831,56,556,"[""A3"",""A4"",""A5"",""A6"",""B3"",""B4"",""B5"",""B6"",""C3"",""C4"",""C5"",""C6"",""D3"",""D4"",""D5"",""D6"",""E3"",""E4"",""E5"",""E6"",""F3"",""F4"",""F5"",""F6"",""G3"",""G4"",""G5"",""G6"",""H3"",""H4"",""H5"",""H6""]",いつでも,1〜2,多い,全域にいます。1〜2匹で出て、パペットロープも混ざります。,0,"[""洞くつ全域にいっぱいいる""]

No.209(プクレット外伝4話)クエ対象。 全域にいる。1～2匹構成でパペットロープと互いに混成する。
ver: 5.4","2026-03-14 07:28:05","2026-03-22 12:13:21"
2399,97,62,557,"[""C3"",""C4"",""C5"",""D3"",""D4"",""D5"",""E3"",""E4"",""E5"",""F3"",""F4"",""F5""]",いつでも,1〜2,多い,最奥の部屋を除く全域にいます。1〜2匹で出ます。,0,"[""前半の2つの広い部屋にたくさんいます""]

No.077(旅芸人職1話)クエ対象。 最奥の部屋を除く全域にいる。1～2匹構成。
ver: 5.4","2026-03-14 07:28:11","2026-03-21 16:07:25"
2400,102,62,557,"[""D2"",""D3"",""D4"",""D5""]",いつでも,1〜2,多い,おすすめです。通路部分にまとまっています。,1,"[""入ってすぐの通路にいます""]

おすすめ。通路部分に密集している。1～2匹構成。
ver: 5.4","2026-03-14 07:28:11","2026-03-21 17:30:51"
2401,117,62,557,"[""E3"",""F3"",""E2"",""F2""]",いつでも,1,多い,最奥部にかなりの数がいます。1匹ずつ出ます。,0,"[""奥の部屋にたくさんいます""]

最奥部にかなりの数がいる。1匹構成。
ver: 5.4","2026-03-14 07:28:11","2026-03-21 17:55:54"
2402,813,62,557,"[""C3"",""C4"",""C5"",""D3"",""D4"",""D5"",""E3"",""E4"",""E5"",""F3"",""F4"",""F5""]",いつでも,1〜2,多い,最奥の部屋を除く全域にいます。1〜2匹で出ます。,0,"[""前半の2つの広い部屋にたくさんいます""]

No.077(旅芸人職1話)クエ対象。 最奥の部屋を除く全域にいる。1～2匹構成。
ver: 5.4","2026-03-14 07:28:11","2026-03-21 16:07:25"
2403,132,63,559,"[""B4"",""B5"",""C5"",""C4""]",いつでも,1〜2,4,入口付近に4シンボル即湧きです。1〜2匹で出ます。単品の効率よき。,1,"[""洞くつに入るとすぐにいます""]

入口付近に4シンボル即湧き。1～2匹構成。単品の効率ならこちら。
ver: 5.4","2026-03-14 07:28:22","2026-03-21 18:52:16"
2404,140,63,559,"[""E5""]",いつでも,1〜2,普通,E-5の部屋にいます。1〜2匹で出ます。,0,"[""洞くつ中ほどのE-5・6の所にいます""]

E-5の部屋にいる。1～2匹構成。
ver: 5.4","2026-03-14 07:28:22","2026-03-21 19:06:34"
2405,197,63,559,"[""D4""]",いつでも,1,2,D-4の部屋に2シンボルです。1匹ずつ出ます。湧きは20秒ほどです。たまに奥の通路に湧くこともあります。,0,"[""洞くつに入ってちょっと進むといます""]

D-4の部屋に2シンボル。1匹構成。湧きは20秒ほど。たまに奥の通路に湧くことも。
ver: 5.4","2026-03-14 07:28:22","2026-03-26 14:27:29"
2406,219,63,559,"[""F5""]",いつでも,1,普通,F-5の部屋に3シンボルです。1匹で1分湧きでおすすめです。,1,"[""洞くつのいちばん奥の広い所にいます""]

F-5の部屋に3シンボル。1匹構成で1分湧き。湧き範囲を考えるとここがベストか。
ver: 5.4","2026-03-14 07:28:22","2026-03-22 12:16:18"
2407,97,70,560,"[""D6"",""D7"",""E6"",""E7"",""C5"",""B5"",""B6"",""C6"",""C7"",""B7"",""F6"",""F5"",""G5"",""G6""]",いつでも,1〜3,多い,北部を除いた全域にいます。1〜3匹でベビーニュートが1〜2匹一緒に出るのと、タコメットも一緒に出ます。,0,"[""洞くつ内の通路でたくさんいる""]

北部を除いた全域にいる。1～3匹編成でベビーニュートが1～2匹くっつく。タコメットにもくっつく。
ver: 1.1","2026-03-14 07:28:29","2026-03-21 16:07:25"
2408,116,70,560,"[""D4"",""E4"",""F4"",""F5"",""F6"",""E6"",""E5"",""D5"",""D6""]",いつでも,,少ない,シンボル数が少ないためオススメできないです。おうキッズがお供に一緒に出ます。洞くつ内の通路で出現します。,0,"[""洞くつ内の通路で出現します""]

シンボル数が少ないためオススメできない。登録場所からは近い。だいおうキッズがお供にくっつく。
ver: 1.4","2026-03-14 07:28:29","2026-03-21 17:49:39"
2409,153,70,560,"[""F2"",""E2"",""E3"",""F3""]",いつでも,1,3,単独もしくはタコメット1匹＋だいおうキッズ1匹で出ます。,1,"[""洞くつの北EF-2あたりにいます""]

EF-23あたりに3シンボルのみ生息。単独もしくはタコメット1匹＋だいおうキッズ1匹で出現。タコメット自体の数稼ぎには向かないが、チムクエ用に香水を利用してのメタル系狙いにはいいかもしれない。
ver: 2.3","2026-03-14 07:28:29","2026-03-22 10:02:50"
2410,813,70,560,"[""D6"",""D7"",""E6"",""E7"",""C5"",""B5"",""B6"",""C6"",""C7"",""B7"",""F6"",""F5"",""G5"",""G6""]",いつでも,1〜3,多い,北部を除いた全域にいます。1〜3匹でベビーニュートが1〜2匹一緒に出るのと、タコメットも一緒に出ます。,0,"[""洞くつ内の通路でたくさんいる""]

北部を除いた全域にいる。1～3匹編成でベビーニュートが1～2匹くっつく。タコメットにもくっつく。
ver: 1.1","2026-03-14 07:28:29","2026-03-21 16:07:25"
2411,145,69,561,"[""B4"",""B5"",""C5"",""D5"",""E5"",""F5"",""G5"",""H5"",""H4"",""G4"",""F4"",""E4"",""D4"",""C4""]",いつでも,1,ちらほら,マップ内に点在し、1体固定です。スモールグール、ジェリーマンのお供としても出ます。,0,"[""洞くつに入ってすぐいて半分くらいまでいる""]

マップ内に点在し、1体固定。スモールグール、ジェリーマンのお供としても出現。
ver: 1.4","2026-03-14 07:28:41","2026-03-21 19:24:53"
2412,167,69,561,"[""G4"",""F4"",""F5"",""G5"",""E4"",""E5""]",いつでも,1〜2,5,4，5シンボル即湧きです。洞くつの最後の方で出現します。,0,"[""洞くつの最後の方で出現します""]

1～2匹で出現。ボス前の部屋全体に4，5シンボル即湧き。
ver: 1.4","2026-03-14 07:28:41","2026-03-22 10:26:41"
2413,183,69,561,"[""A1"",""A2"",""A3"",""A4"",""A5"",""A6"",""A7"",""A8"",""B1"",""B2"",""B3"",""B4"",""B5"",""B6"",""B7"",""B8"",""C1"",""C2"",""C3"",""C4"",""C5"",""C6"",""C7"",""C8"",""D1"",""D2"",""D3"",""D4"",""D5"",""D6"",""D7"",""D8"",""E1"",""E2"",""E3"",""E4"",""E5"",""E6"",""E7"",""E8"",""F1"",""F2"",""F3"",""F4"",""F5"",""F6"",""F7"",""F8"",""G1"",""G2"",""G3"",""G4"",""G5"",""G6"",""G7"",""G8"",""H1"",""H2"",""H3"",""H4"",""H5"",""H6"",""H7"",""H8""]",いつでも,1〜2,多い,狭い範囲に1〜2匹で即湧きなので、一応おすすめです。ただし、大半が単独出るときもあるが、たまにほねコウモリがつく。,1,"[""洞くつの全域でたくさんいます""]

No.154(スパ職クエ4話)対象。 狭い範囲に1～2匹出現で即湧きなので、一応おすすめ。 ただし、大半が単独出現 or スモールグール1匹＋ほねコウモリ1匹という構成で、2匹出現は稀。 思うように数が伸ばせないかもしれないが、気長にやろう。
ver: 2.2","2026-03-14 07:28:41","2026-03-22 11:00:22"
2414,192,69,561,"[""D4"",""D5"",""E4"",""E5"",""F4"",""F5""]",いつでも,2,普通,2、3番目の小部屋に出ます。ほねコウモリが一緒に出ます。,1,"[""洞くつの中ほどで出現します""]

2、3番目の小部屋に出現。目印がないため地中ゴーグル推奨。2匹でも出現する。ほねコウモリがくっつく。
ver: 2.0","2026-03-14 07:28:41","2026-03-22 11:10:32"
2415,885,69,561,"[""G4"",""F4"",""F5"",""G5"",""E4"",""E5""]",いつでも,1〜2,5,4，5シンボル即湧きです。洞くつの最後の方で出現します。,0,"[""洞くつの最後の方で出現します""]

1～2匹で出現。ボス前の部屋全体に4，5シンボル即湧き。
ver: 1.4","2026-03-14 07:28:41","2026-03-22 10:26:41"
2416,16,4,562,"[""C7"",""B7"",""B6"",""C6"",""B5"",""C5"",""C4"",""C3"",""B3"",""B4""]",いつでも,,少ない,コルット地方から入るとすぐにいます。レーナム緑野の入り口までずっといます。,0,"[""コルット地方から入るとすぐにいる、レーナム緑野の入り口までずっといる""]

複数出たり、スライムつむりと出たりするが、やはりスレア海岸が圧倒的。メーダ優先で。
ver: 2.3","2026-03-14 07:28:47","2026-03-21 12:14:32"
2417,18,4,562,"[""C4"",""D3"",""G4"",""H1""]",いつでも,3,普通,"C-4,D-3,G-4,H-1の行き止まりに埋まっています。",0,"[""ルーラができる所で3匹くらいずついる、C-4、D-3、G-4、H-1にいます""]

C-4,D-3,G-4,H-1の行き止まりに埋まっている。
ver: 1.2","2026-03-14 07:28:47","2026-03-21 12:35:26"
2418,20,4,562,"[""C4""]",いつでも,2,普通,メーダを埋めるついでにです。2匹出るしプチアーノンも混ざります。地底湖のほとりあたりBC-4にいます。5です。6で出現します。,0,"[""地底湖のほとり周辺BC-4・5・6で出現します""]

メーダを埋めるついでに。2匹出るしプチアーノンに混成する。
ver: 1.5","2026-03-14 07:28:47","2026-03-21 12:40:52"
2419,28,4,562,"[""C4"",""B6""]",いつでも,2〜3,少ない,地域限定。洞窟内に少なめです。B-5あたり2シンボル、南に1シンボル湧きです。,1,"[""地底湖のほとり周辺BC-4・5・6で出現します、数は少ない2～3匹""]

地域限定モンスター。洞窟内に少数（おそらくB-5あたりより北に2シンボル、南に1シンボル）湧き。 レーナム緑野側から入って分岐を南に進んで狩っていき、B-6広場を過ぎた通路まで進んだらリレミトで戻って入り直すと無理なく繰り返せる。エモノ呼びできるが結構な確率で逃げるので注意。
ver: 6.3","2026-03-14 07:28:47","2026-03-21 13:02:15"
2420,132,4,562,"[""C3"",""D3"",""C4"",""D4"",""A3"",""B3"",""A4"",""B4"",""C5"",""D5"",""C6"",""D6"",""A5"",""B5"",""A6"",""B6""]",いつでも,1,普通,強敵エリアの通路以外にいます。1匹が多く、まれに2匹か地域限定のポムポムボムと相互に混成します、,1,"[""洞くつの北東エリアで広くなっているところで出現します""]

強敵エリアの通路以外にいる。1匹構成が多く、まれに2匹構成か地域限定のポムポムボムと相互に混成するので、調整しながら狩ろう。
ver: 1.1","2026-03-14 07:28:47","2026-03-21 18:52:16"
2421,147,4,562,"[""F1"",""F2"",""F3"",""G1"",""G2"",""G3"",""H1"",""H2"",""H3""]",いつでも,,普通,洞くつの北東エリアで通路部分で出現します。,0,"[""洞くつの北東エリアで通路部分で出現します""]

強敵ゾーンの通路にいる。遠いので、ポムポムボムを狩りに来た時についでに狩っておこう。
ver: 2.2","2026-03-14 07:28:47","2026-03-21 19:27:09"
2422,148,4,562,"[""E1"",""E2"",""E3"",""F1"",""F2"",""F3"",""F4"",""G1"",""G2"",""G3"",""G4"",""H1"",""H2"",""H3"",""H4"",""E4""]",いつでも,1〜2,普通,強敵エリアの通路以外にいます。1〜2匹でベロニャーゴも混ざります。同じ所で狩り続けると絶滅します。,0,"[""洞くつの北東エリアで広くなっているところで出現します""]

強敵エリアの通路以外にいる。1～2匹構成でベロニャーゴと相互に混成する。同じ所で狩り続けると涸れるので移動しながら狩ろう。
ver: 3.4","2026-03-14 07:28:47","2026-03-21 19:28:12"
2423,718,4,562,"[""C4""]",いつでも,2,普通,メーダを埋めるついでにです。2匹出るしプチアーノンも混ざります。地底湖のほとりあたりBC-4にいます。5です。6で出現します。,0,"[""地底湖のほとり周辺BC-4・5・6で出現します""]

メーダを埋めるついでに。2匹出るしプチアーノンに混成する。
ver: 1.5","2026-03-14 07:28:47","2026-03-21 12:40:52"
2424,228,5,563,"[""D6"",""D5"",""D4""]",いつでも,2,多い,アイスボンバーが一緒に出ることがあります。洞くつの奥の方の広い所2か所で出現します。,1,"[""洞くつの奥の方の広い所2か所で出現します""]

近い上に2匹湧き、密集している。リレミトあるならおすすめ。アイスボンバーがくっつくことがある。
ver: 1.5","2026-03-14 07:28:55","2026-03-22 12:32:27"
2425,270,5,563,"[""A1"",""A2"",""A3"",""A4"",""A5"",""A6"",""A7"",""A8"",""B1"",""B2"",""B3"",""B4"",""B5"",""B6"",""B7"",""B8"",""C1"",""C2"",""C3"",""C4"",""C5"",""C6"",""C7"",""C8"",""D1"",""D2"",""D3"",""D4"",""D5"",""D6"",""D7"",""D8"",""E1"",""E2"",""E3"",""E4"",""E5"",""E6"",""E7"",""E8"",""F1"",""F2"",""F3"",""F4"",""F5"",""F6"",""F7"",""F8"",""G1"",""G2"",""G3"",""G4"",""G5"",""G6"",""G7"",""G8"",""H1"",""H2"",""H3"",""H4"",""H5"",""H6"",""H7"",""H8""]",いつでも,1,多い,1匹湧きだがシンボルが多いです。ブリザードのお供としてたまに出てくる。,0,"[""1匹"",""洞くつ内全域でたくさんいます""]

1匹湧きだがシンボルが多い。洞窟全体で共有しているのか、涸れることがあるので、人が少ないと少し効率が悪いかもしれない。なお、ブリザードのお供として出てくることがある。
ver: 1.5","2026-03-14 07:28:55","2026-03-22 14:41:58"
2426,285,5,563,"[""C3"",""C4"",""D3"",""D4""]",いつでも,1,多い,おすすめです。洞くつに入って2つ目と3つ目の広い所でよく見かけます。,1,"[""1匹"",""洞くつに入って2つ目と3つ目の広い所にたくさんいます""]

おすすめ。近い上にシンボルが多い。かつては経験値稼ぎやBOTでにぎわっていたが、現在はほとんどの人が移ったので気楽に狩れる。
ver: 3.0","2026-03-14 07:28:55","2026-03-22 15:20:55"
2427,286,5,563,"[""C3"",""C4"",""D3"",""D4""]",いつでも,1,多い,おすすめです。洞くつに入って2つ目と3つ目の広い所でよく見かけます。,1,"[""1匹"",""洞くつに入って2つ目と3つ目の広い所にたくさんいます""]

おすすめ。近い上にシンボルが多い。ただし人も多く狩りやすくなったからかBOTerも多い。
ver: 1.5","2026-03-14 07:28:55","2026-03-22 15:22:15"
2432,18,6,985,"[""E6"",""E3"",""D3""]",いつでも,3,普通,"ジュレー島下層大空洞D-6,E-3の行き止まりに埋まっています。",0,"[""大空洞のルーラができる所D-6とE-3に3匹くらいずついる""]

ジュレー島下層大空洞D-6,E-3の行き止まりに埋まっている。
ver: 1.3","2026-03-14 07:30:22","2026-03-21 12:35:26"
2433,63,6,985,"[""C3"",""C4"",""C5"",""D3"",""D4"",""D5"",""E3"",""E4"",""E5"",""F3"",""F4"",""F5"",""C1"",""D1"",""C2"",""D2""]",いつでも,,多い,地域限定。ジュレー島下層大空洞にいます。ぐんたいガニと一緒にです。F-3あたりが、水場が広くてシンボル数が多いです。,1,"[""大空洞のところどころにある浅瀬にたくさんいます""]

地域限定モンスター。ジュレー島下層大空洞にいる。 ぐんたいガニと一緒に。F3あたりが、水場が広くてシンボル数が多い。
ver: 1.1","2026-03-14 07:30:22","2026-03-21 13:48:47"
2434,70,6,985,"[""C6"",""D6"",""F1"",""D7"",""C7"",""B7"",""B6""]",いつでも,1,多い,ジュレー島下層大空洞の南側一帯とF-1にいます。1匹湧きです。,0,"[""ミューズ海岸から大空洞に入ってすぐにいる、E-5あたりまでたくさんいます""]

ジュレー島下層大空洞の南側一帯とF-1に生息。1匹湧き。
ver: 1.4","2026-03-14 07:30:22","2026-03-21 13:58:31"
2435,59,6,985,"[""E3"",""F3"",""E4"",""F4"",""E5"",""F5"",""E6"",""F6"",""G3"",""H3"",""G4"",""H4"",""C7"",""D7"",""C8"",""D8""]",いつでも,1,多い,ジュレー島下層大空洞にいます。シンボル数は多いが1匹湧きです。,0,"[""ミューズ海岸から大空洞に入ってすぐにいてレーナム緑野の渡し船までずっといる、北西エリアはいない""]

ジュレー島下層大空洞にいる。シンボル数は多いが1匹湧き。
ver: 1.4","2026-03-14 07:30:22","2026-03-21 13:42:59"
2436,280,6,940,"[""C3"",""C4"",""C5"",""D3"",""D4"",""D5"",""E3"",""E4"",""E5"",""F3"",""F4"",""F5""]",いつでも,1〜2,多い,1〜2匹で出て、ろうごくのぬしも混ざります。,1,"[""ジュレットの町から入る遺跡の方の洞くつ内でたくさんいます""]

ジュレー島下層遺跡にいる。拠点から非常に近いのでおすすめ。1～2匹構成でろうごくのぬしが混成する。
ver: 1.5","2026-03-14 07:30:22","2026-03-22 15:06:26"
2437,301,6,985,"[""D4"",""E5""]",いつでも,1,少ない,大空洞のE-5、D-4に1匹ずついます。湧きは長め。,0,"[""大空洞のE-5とD-4に1匹ずついます""]","2026-03-14 07:30:22","2026-03-22 17:12:33"
2438,399,6,940,"[""C5"",""D5"",""C6"",""D6"",""C3"",""D3"",""C4"",""D4"",""E3"",""F3"",""E4"",""F4"",""E5"",""F5"",""E6"",""F6""]",いつでも,1,少ない,特になし,0,"[""ジュレットの町から入る遺跡の方の洞くつ内で出現、数は少なめ""]

ジュレー島下層遺跡に1匹構成のシンボルが少数。シルバーマントにからまれまくるので、ついで以外ではおすすめしない。
ver: 3.0","2026-03-14 07:30:22","2026-03-23 08:13:34"
2439,73,6,985,"[""B4"",""C4"",""C5"",""B5"",""D4"",""D3"",""E4""]",いつでも,1〜2,多い,ジュレー島下層大空洞の強敵エリアにいます。1〜2匹で出ます。シンボルも多いのでおすすめです。,1,"[""大空洞の北西エリアにたくさん、あとF-5の細いトンネル内にも2匹くらいいる""]

ジュレー島下層大空洞の強敵エリアにいる。1～2匹構成。シンボルも多いのでおすすめ。なお、水場の上でエンカウントすると開始アニメを飛ばせる。
ver: 1.1","2026-03-14 07:30:22","2026-03-21 14:10:48"
2440,298,6,940,"[""C5"",""D5"",""C6"",""D6"",""E3"",""F3"",""E4"",""F4"",""C3"",""D3"",""C4"",""D4"",""E5"",""F5"",""E6"",""F6"",""G3"",""H3"",""G4"",""H4"",""A5"",""B5"",""A6"",""B6""]",いつでも,1〜2,少ない,ジュレー島下層遺跡にいます。,0,"[""ジュレットの町から入る遺跡の方の洞くつ内で出現します""]

ジュレー島下層遺跡にいる。非常に近いがまばら。レベルが低いとシルバーマントに絡まれる。1～2匹構成だがほとんど単体で出る。稀にシルバーマントがくっつく。
ver: 1.5","2026-03-14 07:30:22","2026-03-22 16:19:42"
2455,547,14,573,"[""A3"",""A4"",""A5"",""B5"",""C5"",""D5"",""E5"",""F5"",""G5"",""G4"",""H4"",""H3"",""H2"",""G2"",""A1"",""B1"",""A2"",""B2"",""C1"",""D1"",""C2"",""D2"",""E1"",""F1"",""E2"",""F2"",""G1"",""H1"",""G3"",""E3"",""F3"",""E4"",""F4"",""C3"",""D3"",""C4"",""D4"",""B3"",""B4"",""A6"",""B6"",""C6"",""D6"",""E6"",""F6"",""H5"",""G6"",""H6"",""C7"",""D7"",""C8"",""D8"",""E7"",""F7"",""E8"",""F8"",""G7"",""H7"",""G8"",""H8"",""A7"",""B7"",""A8"",""B8""]",いつでも,1,1,洞くつのどこかに1匹います。BOT対策だったらしい。,0,"[""洞くつのどこかで1匹います""]

BOT対策で新たに配置された。
ver: 2.0","2026-03-14 07:30:40","2026-03-23 14:30:04"
2474,229,23,577,"[""F4"",""E4"",""D4"",""C4""]",いつでも,2,少ない,地下2階の真ん中あたり通路で出現します。即湧きしません,0,"[""地下2階の真ん中あたり通路で出現します""]

ヘルビーストのいる手前の部屋に湧く。通行者の少ない東側のほうが気持ち楽。一度に2匹出るがあやつるが危険。即湧きもしないので時間がかかる。
ver: 3.4","2026-03-14 07:30:59","2026-03-26 14:28:38"
2480,547,24,578,"[""A1"",""B1"",""A2"",""B2"",""C1"",""D1"",""C2"",""D2"",""E1"",""F1"",""E2"",""F2"",""G1"",""H1"",""G2"",""H2"",""G3"",""H3"",""G4"",""H4"",""E3"",""F3"",""E4"",""F4"",""C3"",""D3"",""C4"",""D4"",""A3"",""B3"",""A4"",""B4"",""A5"",""B5"",""A6"",""B6"",""C5"",""D5"",""C6"",""D6"",""E5"",""F5"",""E6"",""F6"",""G5"",""H5"",""G6"",""H6"",""G7"",""H7"",""G8"",""H8"",""E7"",""F7"",""E8"",""F8"",""C7"",""D7"",""C8"",""D8"",""A7"",""B7"",""A8"",""B8""]",いつでも,1,普通,どこかに1匹います。BOT対策だったらしい。,0,"[""マップ中のどこかで1匹います""]

BOT対策で新たに配置された。
ver: 2.1","2026-03-14 07:31:01","2026-03-23 14:30:04"
2481,547,26,3,"[""C2"",""G2""]",いつでも,1,少ない,北東や北西でキラーマシンを守っています。BOT対策だったらしい。,0,"[""C-2とG-2に1匹ずついる""]

BOT対策で配置された。北東や北西でキラーマシンを守っている。
ver: 5.4","2026-03-14 07:31:05","2026-03-23 14:30:04"
2482,287,31,13,"[""B5""]",いつでも,,少ない,バグレア教会跡地の南側入口に2シンボルです。湧きに数分かかるります。,0,"[""B-5のバクレア教会跡地の周辺に数匹います""]

待望のシンボル登場。バグレア教会跡地の南側入口に2シンボル。湧きに数分かかる。
ver: 6.5前","2026-03-14 07:31:15","2026-03-22 15:25:32"
2483,262,31,13,"[""B5""]",夜,1〜2,少ない,夜だけ出ます。1〜2匹で出ます。ボーンファイターにも2匹まで一緒に出ます。,0,"[""夜間B-5のバクレア教会跡地周辺に出ます""]

夜限定。バグレア教会跡地周辺に生息。1～2匹構成。ボーンファイターにも2匹までつく。
ver: 5.4","2026-03-14 07:31:15","2026-03-22 14:13:38"
2485,295,31,13,"[""B5""]",夜,1,少ない,深夜限定です。バグレア教会跡やそのあたりにいます。,0,"[""夜間B-5のバクレア教会跡地周辺に出ます""]

深夜限定。バグレア教会跡やその周辺に生息。1匹構成でかげのきしが2匹までつく。
ver: 5.4","2026-03-14 07:31:16","2026-03-22 16:03:19"
2486,277,36,18,"[""E6"",""G4""]",昼,1,少ない,昼だけ出ます。開けた場所では数が少なめです。,0,"[""昼間のみE-6・G-4など広いところに出現、数は少なめ""]

昼限定。開けた場所に少数。ルーラが近いのが利点。1匹構成。
ver: 5.4","2026-03-14 07:31:26","2026-03-22 14:47:22"
2487,376,37,14,"[""D5"",""E5"",""D6"",""E6""]",夜,1〜2,普通,夜限定。中部の強敵エリアに出ます。1〜2匹で出ます。,0,"[""夜間のみマップの中央エリア(D-5・E-5あたり)にいます""]

深夜限定(AST19:00-)。中部の強敵エリアに出現。1～2匹構成。
ver: 5.4","2026-03-14 07:31:28","2026-03-23 07:15:34"
2488,350,37,14,"[""G1"",""G2"",""G3"",""G4"",""H1"",""H2"",""H3"",""H4"",""G5"",""H5"",""G6"",""H6""]",昼,1,少ない,昼だけ出ます。東部に点々といますで1匹で出ます。,0,"[""昼間のみ小屋から東側のエリアの広範囲に出現する、数は少なめ""]

昼限定。東部にまばらで1匹構成。
ver: 5.4","2026-03-14 07:31:28","2026-03-22 19:06:02"
2490,386,41,32,"[""C7"",""E6""]",夜,1〜2,普通,夜限定です。バドリアル石室近くに数シンボルです。1匹でろうごくのぬしが1〜2匹一緒に出ます。湧きは遅めです。採掘小屋の橋の上にも1シンボルいます。,0,"[""夜間のみバドリアル石室近くのC-7あたりにいる""]

深夜限定。バドリアル石室近くに数シンボル。1匹構成でろうごくのぬしが1～2匹つく。湧きは遅め。採掘小屋の橋の上にも1シンボルいる。
ver: 5.4","2026-03-14 07:31:36","2026-03-23 07:36:00"
2491,364,42,705,"[""A3"",""A4"",""A5"",""A6"",""B3"",""B4"",""B5"",""B6"",""C3"",""C4"",""C5"",""C6"",""D3"",""D4"",""D5"",""D6"",""E3"",""E4"",""E5"",""E6"",""F3"",""F4"",""F5"",""F6"",""G3"",""G4"",""G5"",""G6"",""H3"",""H4"",""H5"",""H6""]",いつでも,,普通,洞くつ内の全体にいます。,0,"[""洞くつ内の全体にいる""]

ver: 6.2","2026-03-14 07:31:38","2026-03-23 06:42:47"
2492,262,45,34,"[""C1""]",夜,1〜2,多い,深夜限定です。最北の墓場に大量に出ます。1〜2匹でデスプリーストも一緒に出ます。,0,"[""夜になるとC-1の墓場にたくさん出てきます""]

深夜限定。最北の墓場に大量に出現。1～2匹構成。かなり遠い。デスプリーストにもつく。
ver: 5.4","2026-03-14 07:31:45","2026-03-22 14:13:38"
2493,386,45,34,"[""C1""]",夜,1,普通,夜限定です。最北端の墓場に1シンボルです。1匹でかげのきしが2匹まで一緒に出ます。湧き遅いです。,0,"[""夜になるとC-1の墓場に1匹出てきます""]

深夜限定。最北端の墓場に1シンボル。1匹構成でかげのきしが2匹までつく。狩り場まで遠いうえに湧きも遅い。
ver: 5.4","2026-03-14 07:31:45","2026-03-23 07:36:00"
2494,547,47,539,"[""A1"",""B1"",""A2"",""B2"",""C1"",""D1"",""C2"",""D2"",""E1"",""F1"",""E2"",""F2"",""G1"",""H1"",""G2"",""H2"",""G3"",""H3"",""G4"",""H4"",""E3"",""F3"",""E4"",""F4"",""C3"",""D3"",""C4"",""D4"",""A3"",""B3"",""A4"",""B4"",""A5"",""B5"",""A6"",""B6"",""C5"",""D5"",""C6"",""D6"",""E5"",""F5"",""E6"",""F6"",""G5"",""H5"",""G6"",""H6"",""C7"",""D7"",""C8"",""D8"",""A7"",""B7"",""A8"",""B8"",""E7"",""F7"",""E8"",""F8"",""G7"",""H7"",""G8"",""H8""]",いつでも,1,多い,どこかに1匹います。BOT対策だったらしい。,0,"[""洞くつ内のどこかに1匹うろついている""]

BOT対策で配置された。中ほどによくいる。
ver: 5.4","2026-03-14 07:31:49","2026-03-23 14:30:04"
2495,847,48,540,"[""E5"",""D5"",""D4"",""D3"",""E3"",""E4""]",いつでも,1〜2,普通,2番目の部屋にいます。1〜2匹で出て、ダークペルシャも混ざります。,0,"[""洞くつに入って少し行くといます""]

2番目の部屋に生息。1～2匹構成でダークペルシャと互いに混成する。
ver: 5.4","2026-03-14 07:31:51","2026-03-24 07:57:34"
2504,547,62,557,"[""A1"",""B1"",""A2"",""B2"",""C1"",""D1"",""C2"",""D2"",""E1"",""F1"",""E2"",""F2"",""G1"",""H1"",""G2"",""H2"",""G3"",""H3"",""G4"",""H4"",""E5"",""F5"",""E6"",""F6"",""C5"",""D5"",""C6"",""D6"",""A5"",""B5"",""A6"",""B6"",""A3"",""B3"",""A4"",""B4"",""C3"",""D3"",""C4"",""D4"",""E3"",""F3"",""E4"",""F4"",""G5"",""H5"",""G6"",""H6"",""G7"",""H7"",""G8"",""H8"",""E7"",""F7"",""E8"",""F8"",""C7"",""D7"",""C8"",""D8"",""A7"",""B7"",""A8"",""B8""]",いつでも,1,普通,それぞれの部屋に1匹います。BOT対策だったらしい。,0,"[""前半の2つの広い部屋のどっちかに1匹います""]

BOT対策で配置された。3部屋どこにも出る。
ver: 5.4","2026-03-14 07:32:21","2026-03-23 14:30:04"
2505,322,66,125,"[""D4"",""C4""]",夜,1,1,夜だけ出ます。底なし穴の近くに1シンボルです。湧きに時間がかかる。,0,"[""夜になるとD-4の底なし穴の周りで1匹飛んでいる""]

底なし穴の近くに1シンボル。夜限定の上、再ポップまで長いのでおすすめできない。
ver: 1.5","2026-03-14 07:32:30","2026-03-22 18:13:24"
2506,847,68,130,"[""A5"",""A6"",""B5"",""B6"",""C5"",""C6"",""D5"",""D6"",""C3"",""D3"",""C4"",""D4"",""A3"",""B3"",""A4"",""B4""]",いつでも,3,多い,荒野の休息所から西側全域に出現します。,1,"[""荒野の休息所から西側全域に出現します""]

No.123(美容院チョコレート色追加)クエ対象モンスター。 拠点から近く、3匹出るのでおすすめ。怒らせたときのかがやくいきに要注意。
ver: 1.5","2026-03-14 07:32:34","2026-03-24 07:57:34"
2507,11,72,41,"[""C3"",""D4"",""C4"",""D3""]",夜,1,普通,夜だけ1匹ずつ出ます。村あたり〜知恵の社にいます。,0,"[""夜になると知恵の社の方BC-3あたりに出現する""]

夜限定。村周辺～知恵の社に生息。1匹構成。
ver: 5.4","2026-03-14 07:32:42","2026-03-21 12:03:11"
2508,67,76,44,"[""B2"",""B3"",""C2"",""C3""]",夜,1,多い,地域限定。西側の森部分にいます。1匹でたまに寝ています。,1,"[""夜になると風の町アズランから風亡き岬まで西エリアでたくさん出現します""]

地域・夜限定モンスター。西側の森部分に生息。1匹構成でたまに寝ている。
ver: 5.4","2026-03-14 07:32:52","2026-03-21 13:53:52"
2511,547,82,544,"[""A1"",""B1"",""A2"",""B2"",""C1"",""D1"",""C2"",""D2"",""C3"",""D3"",""C4"",""D4"",""A3"",""B3"",""A4"",""B4"",""C5"",""D5"",""C6"",""D6"",""E5"",""F5"",""E6"",""F6"",""G3"",""H3"",""G4"",""H4"",""E1"",""F1"",""E2"",""F2"",""G1"",""H1"",""G2"",""H2"",""E3"",""F3"",""E4"",""F4"",""A5"",""B5"",""A6"",""B6"",""A7"",""B7"",""A8"",""B8"",""C7"",""D7"",""C8"",""D8"",""E7"",""F7"",""E8"",""F8"",""G7"",""H7"",""G8"",""H8"",""G5"",""H5"",""G6"",""H6""]",いつでも,,普通,どこかに1匹います。BOT対策だったらしい。,0,"[""洞くつ内のどこかにいます""]

BOT対策で配置された。最奥以外に1シンボル。
ver: 5.4","2026-03-14 07:33:05","2026-03-23 14:30:04"
2512,142,85,61,"[""D5"",""G4"",""C5"",""G5""]",夜,1〜2,少ない,夜だけ出ます。川の西側やC-5辺りの低地では数が少なめです。1〜2匹でほねコウモリが2匹まで一緒に出ます。,0,"[""夜になると東のG-4・5あたりとCD-5あたりに出現する""]

夜限定。川の西側やC-5辺りの低地に少数。1～2匹でほねコウモリが2匹までつく。
ver: 5.4","2026-03-14 07:33:12","2026-03-21 19:09:21"
2514,267,88,62,"[""E4"",""F3"",""F2""]",夜,1〜3,普通,深夜限定です。F-2、E-4の住居跡に3シンボルずつです。1〜3匹で出て、フレイムドックも混ざります。,0,"[""夜になるとE-4とF-3の建物の跡で1匹ずつ寝ている""]

深夜限定。F-2とE-4の住居跡に3シンボルずつ。1～3匹構成でフレイムドックが混成する。湧いてからしばらくすると寝るようだ。
ver: 5.4","2026-03-14 07:33:19","2026-03-22 14:30:14"
2516,103,94,73,"[""A1"",""A2"",""A3"",""A4"",""A5"",""A6"",""A7"",""A8"",""B1"",""B2"",""B3"",""B4"",""B5"",""B6"",""B7"",""B8"",""C1"",""C2"",""C3"",""C4"",""C5"",""C6"",""C7"",""C8"",""D1"",""D2"",""D3"",""D4"",""D5"",""D6"",""D7"",""D8"",""E5"",""F5"",""E6"",""F6"",""E3"",""F3"",""E4"",""F4""]",昼,1,多い,昼だけ出ます。東部をのぞく全域にいます。1匹で数は少なめです。,0,"[""昼間のみマップ中央から広範囲に飛んでいるが少ない""]

昼限定。東部をのぞく全域に生息。1匹構成で数は少ない。
ver: 5.4","2026-03-14 07:33:34","2026-03-21 17:32:50"
2518,280,99,82,"[""C8"",""D8"",""D3"",""D2"",""B8"",""E6"",""C5"",""D4"",""C2""]",夜,1〜2,普通,夜だけ出ます。北東をのぞく採掘場の入口にいて1〜2匹で出ます。,0,"[""夜になると採掘場所へ入るスロープの所に出ます""]

夜限定。北東をのぞく窪地の入口にたたずんでいる。1～2匹構成。
ver: 5.4","2026-03-14 07:33:46","2026-03-22 15:06:27"
2519,547,103,548,"[""A1"",""B1"",""A2"",""B2"",""C1"",""D1"",""C2"",""D2"",""E1"",""F1"",""E2"",""F2"",""G1"",""H1"",""G2"",""H2"",""A3"",""B3"",""A4"",""B4"",""C3"",""D3"",""C4"",""D4"",""E3"",""F3"",""E4"",""F4"",""G3"",""H3"",""G4"",""H4"",""A5"",""B5"",""A6"",""B6"",""C5"",""D5"",""C6"",""D6"",""E5"",""F5"",""E6"",""F6"",""G5"",""H5"",""G6"",""H6"",""A7"",""B7"",""A8"",""B8"",""C7"",""D7"",""C8"",""D8"",""E7"",""F7"",""E8"",""F8"",""G7"",""H7"",""G8"",""H8""]",いつでも,1,普通,どこかに1匹います。BOT対策だったらしい。,0,"[""洞くつ内のどこかに1匹います""]

BOT対策で配置された。奥部に1シンボル。
ver: 5.4","2026-03-14 07:33:55","2026-03-23 14:30:04"
2520,141,105,92,"[""A3"",""B3"",""A2"",""B2""]",夜,1〜2,多い,夜だけ出ます。ドルワーム近辺、A-5のトロッコから行ける高台のA〜B-4に出ます。,0,"[""夜間A-4の狭いエリアに大量に出現、A-5からトロッコで行く""]

夜限定。ドルワーム近く、A-5のトロッコから行ける高台(A～B-4)に出現。1～2匹構成で密集している。
ver: 5.4","2026-03-14 07:33:58","2026-03-21 19:08:00"
2522,151,113,1001,"[""F7""]",夜,,多い,夜になるとF-7の墓場にたくさん出てきます。,0,"[""夜になるとF-7の墓場にたくさん出てきます""]","2026-03-14 07:34:21","2026-03-22 09:35:18"
2523,325,113,1001,"[""D5""]",いつでも,1,少ない,D-5では1匹で出ます。,0,"[""D-5に1匹います""]","2026-03-14 07:34:21","2026-03-22 18:20:46"
2524,197,113,1001,"[""C3"",""C4"",""D3"",""D4"",""E3"",""E4"",""F3"",""F4""]",いつでも,,少ない,中央から北にかけてに出ます。数は少なめです。,0,"[""マップ中央から北にかけて出現、数は少なめ""]","2026-03-14 07:34:21","2026-03-26 14:27:29"
2525,125,113,1001,"[""C3"",""C4"",""D3"",""D4"",""E3"",""E4"",""F3"",""F4""]",いつでも,,多い,中央から北にかけてたくさん出現します。,0,"[""マップ中央から北にかけてたくさん出現します""]","2026-03-14 07:34:21","2026-03-21 18:40:17"
2526,99,113,1001,"[""C3"",""C4"",""D3"",""D4"",""E3"",""E4"",""F3"",""F4"",""B4"",""B3""]",いつでも,,多い,マップ中央から北にかけていっぱい。,0,"[""マップ中央から北にかけてすごいいる""]","2026-03-14 07:34:21","2026-03-21 17:25:58"
2527,113,113,1001,"[""C6"",""C7"",""D7"",""E7"",""F7"",""F6"",""E6"",""D6""]",いつでも,,多い,南のエリアでたくさん出現します。,0,"[""南のエリアでたくさん出現します""]","2026-03-14 07:34:21","2026-03-21 17:45:10"
2528,151,114,1002,"[""B1"",""B2"",""C1"",""C2"",""C3"",""D1"",""D2"",""D3"",""B3""]",いつでも,,普通,北側の洞くつで出現します。,0,"[""マップ北側の洞くつで出現します""]","2026-03-14 07:34:23","2026-03-22 09:35:18"
2529,266,114,1002,"[""F7"",""F6""]",いつでも,,普通,南側の洞くつの東の方で出現します。,0,"[""マップ南側の洞くつの東の方で出現します""]","2026-03-14 07:34:23","2026-03-22 14:29:20"
2530,188,114,1002,"[""C1"",""C2"",""C3"",""D1"",""D2"",""D3"",""D6"",""D7"",""D8"",""E1"",""E2"",""E3"",""E6"",""E7"",""E8"",""F6"",""F7"",""F8""]",いつでも,,普通,北側と南側どっちでも洞くつ内で出現します。,0,"[""北側と南側どっちでも洞くつ内で出現します""]","2026-03-14 07:34:23","2026-03-22 11:04:15"
2531,205,114,1002,"[""E5"",""E6"",""E7"",""E8"",""F5"",""F6"",""F7"",""F8""]",いつでも,,多い,南側の洞くつの東の方でたくさん出現します。,0,"[""マップ南側の洞くつの東の方でたくさん出現します""]","2026-03-14 07:34:23","2026-03-22 11:48:34"
2532,145,114,1002,"[""B1"",""B2"",""B3"",""C1"",""C2"",""C3"",""D1"",""D2"",""D3""]",いつでも,,多い,北側の洞くつでたくさん出現します。,0,"[""マップ北側の洞くつでたくさん出現します""]","2026-03-14 07:34:23","2026-03-21 19:24:53"
2533,193,114,1002,"[""C5"",""C6"",""C7"",""C8"",""D5"",""D6"",""D7"",""D8"",""E5"",""E6"",""E7"",""E8"",""F5"",""F6"",""F7"",""F8""]",いつでも,,多い,南側の洞くつの西の方でたくさん出現します。,1,"[""マップ南側の洞くつの西の方でたくさん出現します""]","2026-03-14 07:34:23","2026-03-22 11:11:19"
2534,157,115,1003,"[""B6"",""B7"",""B8"",""C6"",""C7"",""C8"",""D6"",""D7"",""D8"",""E6"",""E7"",""E8"",""F6"",""F7"",""F8"",""G6"",""G7"",""G8""]",いつでも,,多い,特になし。,0,"[""マップの南側半分くらいでたくさん出現します""]","2026-03-14 07:34:25","2026-03-22 10:09:19"
2535,198,115,1003,"[""B1"",""B2"",""B3"",""C1"",""C2"",""C3"",""D1"",""D2"",""D3"",""E1"",""E2"",""E3"",""F1"",""F2"",""F3"",""G1"",""G2"",""G3""]",いつでも,,普通,特になし,0,"[""マップの北側半分くらいで出現します""]","2026-03-14 07:34:25","2026-03-22 11:36:58"
2536,159,115,1003,"[""B6"",""B7"",""C6"",""C7"",""D6"",""D7"",""E6"",""E7"",""F6"",""F7""]",いつでも,,少ない,数は少なめです。,0,"[""マップの南側半分くらいで出現します、数は少なめ""]","2026-03-14 07:34:25","2026-03-22 10:11:20"
2537,163,115,1003,"[""G3"",""G4"",""F6"",""E6""]",いつでも,,少ない,東のG-3〜4あたりにいます。南の方にもいるがいずれも数は少なめです。,0,"[""東のG-3・4あたりにいる、南の方にもいるがいずれも数は少ない""]","2026-03-14 07:34:25","2026-03-22 10:17:01"
2538,289,115,1003,"[""F5""]",いつでも,1,普通,F-5の橋の上では1匹で出ます。,0,"[""F-5の橋の上に1匹いる""]","2026-03-14 07:34:25","2026-03-22 15:43:07"
2539,94,115,1003,"[""C1"",""C2"",""C3"",""D1"",""D2"",""D3"",""E1"",""E2"",""E3""]",いつでも,,多い,北側半分くらいでたくさん出現します。,1,"[""マップの北側半分くらいでたくさん出現します""]","2026-03-14 07:34:25","2026-03-21 15:56:59"
2540,213,116,1004,"[""B6"",""B7""]",いつでも,,普通,B-6〜7あたりで出現します。,0,"[""B-6・7あたりで出現します""]","2026-03-14 07:34:27","2026-03-22 12:01:50"
2541,520,116,1004,"[""B6"",""F3""]",いつでも,3〜4,普通,3〜4体前後で出ることが多いです。,0,"[""F-3とB-6に3～4匹ずついる""]","2026-03-14 07:34:27","2026-03-23 13:46:55"
2542,195,116,1004,"[""B4"",""C4"",""D4"",""E4"",""D3"",""C3"",""B3"",""E3""]",いつでも,,普通,B-4にいます。,0,"[""B-4・5から北東へ進みE-3くらいまでいる""]","2026-03-14 07:34:27","2026-03-22 11:13:30"
2543,196,116,1004,"[""E3"",""E4"",""F3"",""F4"",""F7"",""G3"",""G4"",""G7"",""H3"",""H4"",""H7"",""G5"",""H5"",""G6"",""H6""]",いつでも,,多い,東のエリアにたくさんいます。,0,"[""東のエリアでたくさんいます""]","2026-03-14 07:34:27","2026-03-22 11:30:16"
2544,251,117,1005,"[""A5"",""A6"",""B5"",""B6"",""C5"",""D5"",""C6"",""D6"",""E5"",""F5"",""E6"",""F6""]",いつでも,,多い,特になし,0,"[""マップの西側でたくさん出現します""]","2026-03-14 07:34:29","2026-03-22 13:16:48"
2545,278,117,1005,"[""F3"",""F4"",""F5"",""F6"",""F7"",""G3"",""G4"",""G5"",""G6"",""G7"",""H3"",""H4"",""H5"",""H6"",""H7""]",いつでも,,少ない,東のエリアで飛んでいます。数は少なめです。,0,"[""東のエリアで飛んでいる、数は少なめ""]","2026-03-14 07:34:29","2026-03-22 14:48:51"
2546,239,117,1005,"[""G4"",""F4""]",いつでも,,多い,北東G-4あたりでたくさんいます。,0,"[""北東G-4あたりでたくさんいます""]","2026-03-14 07:34:29","2026-03-22 12:52:55"
2547,232,117,1005,"[""G6"",""G7""]",いつでも,,普通,南東G-6〜7あたりで出現します。,0,"[""南東G-6・7あたりで出現します""]","2026-03-14 07:34:29","2026-03-22 12:38:54"
2548,261,118,1009,"[""C3"",""C4"",""C5"",""D3"",""D4"",""D5"",""E3"",""E4"",""E5"",""F3"",""F4"",""F5""]",いつでも,,多い,。。。,0,"[""最上層の北から大祭壇の間入口に続く長い直線で両脇にたくさんいます""]

ボス前の通路にたくさんいるが、クリア後は自力で来れないため問題外。
ver: 5.5","2026-03-14 07:34:31","2026-03-22 13:35:53"
2549,345,118,1007,"[""B4"",""G4""]",いつでも,1,普通,入れない。。,0,"[""B-4とG-4の部屋の真ん中に1匹ずついます""]

東西の大部屋の中央部に一匹ずつ出現する。かつてはここ限定のモンスターだった。クリアすると自力では入れなくなる。
ver: 5.4","2026-03-14 07:34:31","2026-03-22 18:58:19"
2550,235,118,1007,"[""E4""]",いつでも,1,普通,。。。,0,"[""上層DE-4の真ん中に1匹と大祭壇の間の直前に1匹います""]

けんじゃのせいすいの宝箱近くと大祭殿の間の扉前にそれぞれ一匹構成で一シンボルずつ存在する。もちろん全くおすすめできない。
ver: 2.1","2026-03-14 07:34:31","2026-03-23 08:45:15"
2552,227,118,1007,"[""B3"",""G3""]",いつでも,,普通,下層のB-3、G-3のらせん階段で出現します。最上層までいます。,0,"[""下層のB-3とG-3のらせん階段で出現します、最上層までいます""]

こいつのためにわざわざ行く必要性はないだろう。
ver: 1.1","2026-03-14 07:34:31","2026-03-22 12:30:43"
2553,282,118,1007,"[""A1"",""A2"",""A3"",""A4"",""A5"",""A6"",""A7"",""A8"",""B1"",""B2"",""B3"",""B4"",""B5"",""B6"",""B7"",""B8"",""C1"",""C2"",""C3"",""C4"",""C5"",""C6"",""C7"",""C8"",""D1"",""D2"",""D3"",""D4"",""D5"",""D6"",""D7"",""D8"",""E1"",""E2"",""E3"",""E4"",""E5"",""E6"",""E7"",""E8"",""F1"",""F2"",""F3"",""F4"",""F5"",""F6"",""F7"",""F8"",""G1"",""G2"",""G3"",""G4"",""G5"",""G6"",""G7"",""G8"",""H1"",""H2"",""H3"",""H4"",""H5"",""H6"",""H7"",""H8""]",いつでも,,普通,1階の大広間の部分にぼちぼちです。クリア後自力で入れないので非現実的です。下層にある広めの部屋で広範囲で出現します。,0,"[""下層にある広めの部屋で広範囲で出現します""]

1階の大広間の部分にぼちぼち。クリア後自力で入れないので非現実的。
ver: 5.4","2026-03-14 07:34:31","2026-03-22 15:11:53"
2554,172,118,1007,[],いつでも,,お供,フレイムドックのお供,0,"[""下層でフレイムドックのお供で出現します""]

フレイムドックについてくるらしい。ここで狩る必要はないだろう。
ver: 1.5","2026-03-14 07:34:31","2026-03-22 10:40:40"
2555,1337,120,989,"[""E2""]",いつでも,1,1,地下5階のDE-2では1匹で出ます。,0,"[""地下5階のDE-2に1匹います""]","2026-03-14 07:34:35","2026-03-24 07:33:32"
2557,309,121,1006,"[""E3"",""D2"",""D3"",""D4"",""D5"",""D6"",""E6"",""F6"",""G6"",""G5"",""F5"",""F4"",""F3"",""F2"",""E2"",""E4"",""E5"",""G4"",""G3"",""G2""]",いつでも,1〜4,多い,広範囲にばらけています。E3のクレータに固まっている,1,"[""E-3の小さいクレーターの中に固まってたくさんいる、あとは広範囲にばらけている""]

マップ全体にまばらに生息。1～4匹構成で、コスモグールやコスモスライムと互いに混成する。小さいクレーターの中には大量に生息しており、同種のみの構成になる。
ver: 2.3","2026-03-14 07:34:38","2026-03-22 17:28:03"
2558,275,121,1006,"[""E5"",""E6"",""F5"",""F6"",""G5"",""G6"",""H5"",""H6""]",いつでも,1〜4,多い,地域限定。マップ全体にまばらにいます。1〜4匹で出て、コスモスライムやコスモアイも混ざります。,1,"[""南から東にかけて広範囲に出現します""]

地域限定モンスター。 マップ全体にまばらに生息。1～4匹構成で、コスモスライムやコスモアイと互いに混成する。シンボルが密集している部分がないので、優先的に倒して行こう。
ver: 2.4","2026-03-14 07:34:38","2026-03-22 14:45:50"
2559,288,121,1006,"[""D6"",""F5""]",いつでも,1〜4,多い,マップ全体にまばらにいます。1〜4匹で出て、コスモグールやコスモアイも混ざります。,1,"[""CD-6とF-5の大きなクレーターの中にたくさんいる、あとは広範囲にばらけている""]

地域限定モンスター マップ全体にまばらに生息。1～4匹構成で、コスモグールやコスモアイと互いに混成する。大きいクレーターの中には大量に生息しており、同種のみの構成になる。東側のクレーターのほうがシンボルは多い。レベル開放直後は人が多いので注意。
ver: 2.4","2026-03-14 07:34:38","2026-03-22 15:33:19"
2560,574,121,1006,"[""C3""]",いつでも,1,普通,地域限定。,1,"[""C-3あたりにいる""]

地域限定モンスター 都側(C3)やD3の行き止まり部分に生息。必ず2体構成で、同種やスペースデビルと交ざる。都側にはそこそこのシンボルがいるが、ドルボードが使えない点に注意。 ちなみに都側の真ん中辺りには、オブジェの周りを延々楽しそうに周る個体がいる（コイツは必ず1匹構成）
ver: 4.0","2026-03-14 07:34:38","2026-03-23 15:17:03"
2561,619,121,1006,"[""C3""]",いつでも,1,普通,地域限定。都側のC3やD3の行き止まり部分にいます。,1,"[""C-3あたりにいる""]

地域限定モンスター 都側(C3)やD3の行き止まり部分に生息。必ず2体構成で、同種やスペースデーモンと交ざる。都側にはそこそこのシンボルがいるが、ドルボードが使えない点に注意。 ちなみに都側の真ん中辺りには、オブジェの周りを延々楽しそうに周る個体がいる（コイツは必ず1匹構成）
ver: 4.0","2026-03-14 07:34:38","2026-03-23 17:01:52"
2574,151,123,726,"[""F4"",""E4"",""E3"",""F3"",""E5"",""F5""]",昼,2,普通,難破船の中のバイキングソウルに2匹まで一緒に出ること、なかなかおすすめです。,1,"[""F-4の難破船の周りとF-2とE-5の朽ちた船の周りにもいる""]

難破船の近くにそこそこの数。昼間にもいる。難破船の中のバイキングソウルに2匹までくっつくこともあり、ここはなかなかおすすめ。
ver: 2.0","2026-03-14 07:34:44","2026-03-22 09:35:18"
2575,255,123,726,"[""C5"",""F4"",""E4"",""B5""]",いつでも,1,1,1匹湧きです。,0,"[""EF-4とBC-5あたりの広範囲で出現する""]

マップ中部・南部にまばらに生息。1匹湧き。数が少なく見つけにくい上に、ホークマンに絡まれまくる。
ver: 2.0","2026-03-14 07:34:44","2026-03-22 13:23:31"
2576,230,123,726,"[""B4"",""B6"",""D5""]",いつでも,1,少ない,洞窟の中の水場などにいますが、数が少なめです。１匹です。,0,"[""トンネル内B-4やD-5とB-6あたりにもいる""]

洞窟の中の水場などにいるが、数が少なめ。１匹構成。
ver: 2.2","2026-03-14 07:34:44","2026-03-22 12:36:51"
2577,191,123,726,"[""F4"",""E4"",""E3"",""F3""]",いつでも,1〜3,多い,おすすめです。南部や中央の難破船の中に大量にいます。1〜3匹でがいこつも混ざります。,1,"[""F-4にある難破船の2階にたくさんいる""]

おすすめ。南部や中央の難破船の中に大量にいる。1～3匹構成でがいこつと混成する。
ver: 2.0","2026-03-14 07:34:44","2026-03-22 11:08:28"
2578,226,123,726,"[""C3"",""F2"",""E2"",""B3""]",いつでも,1,多い,地域限定。ココラタの浜辺を出たすぐの海沿いBC-3と南東のEF-2にいます。,1,"[""ココラタの浜辺を出たすぐの海沿いBC-3と南東のEF-2にいる""]

地域限定モンスター。海岸側に多数のシンボル。わかめ王子を優先してやるとよい。出現数は1体固定。
ver: 2.0","2026-03-14 07:34:44","2026-03-22 12:29:16"
2579,234,123,726,"[""A6"",""B5"",""C6"",""C5""]",いつでも,,多い,南西エリアB-5やA-6あたりにおおい。,0,"[""南西エリアB-5やA-6あたりにたくさんいます""]

南西部にそこそこの数。死のカラステングを狙う際に邪魔されないように。
ver: 2.4","2026-03-14 07:34:44","2026-03-22 12:46:21"
2580,231,123,726,"[""A3"",""A4"",""A5"",""A6"",""B3"",""B4"",""B5"",""B6"",""C3"",""C4"",""C5"",""C6"",""D3"",""D4"",""D5"",""D6"",""E3"",""E4"",""F3"",""F4"",""G3"",""G4"",""H3"",""H4""]",いつでも,1〜2,多い,"地域限定。洞窟以外の全域にいる。
中央の難破船のE4,F4-に多く、1〜2匹で出ます。南西側は1匹湧きです。海岸にはほとんどいない。",1,"[""マップのほぼ全域(トンネル以外)で飛んでいます""]

地域限定モンスター。洞窟以外の全域にいるっぽい。中央の難破船(E,F-4)の南にとくに多く、1～2匹構成。南西側は1匹湧き。海岸にはほとんどいない。
ver: 2.1","2026-03-14 07:34:44","2026-03-22 12:37:40"
2581,218,123,726,"[""C3"",""F2"",""B3"",""E2""]",いつでも,1,普通,1体固定です。ココラタの浜辺を出たすぐの海沿いBC-3と南東のEF-2にいます。,1,"[""ココラタの浜辺を出たすぐの海沿いBC-3と南東のEF-2にいる""]

海岸側にそれなりのシンボル。たまに仲間呼びするモンスター。出現数は1体固定。
ver: 2.0","2026-03-14 07:34:44","2026-03-22 12:14:01"
2582,391,124,727,"[""F4"",""F5"",""F6"",""G4"",""G5"",""G6"",""H4"",""H5"",""H6""]",いつでも,,少ない,東のエリアにいます。,0,"[""東のエリアにいる、あと木の橋の上にもいるが少ない""]

橋の所にいるが、湧きポイントが全ての橋とリンクしているため狩るには時間がかかる。MAP東部にも存在し、柵を越えた奥地ではそれなりの数が居る。そこでは二体構成もあるがヘルシーサーが混ざる場合もある。
ver: 2.0","2026-03-14 07:34:46","2026-03-23 07:42:58"
2583,214,124,727,"[""B5"",""C6"",""C5"",""B6""]",いつでも,2,普通,湖上の休息所南部の水場にそこそこです。2匹まで出てくる。,0,"[""B-5あたりに結構いる、C-6にもいる""]

湖上の休息所南部の水場にそこそこ。2匹まで出てくる。
ver: 2.1","2026-03-14 07:34:46","2026-03-22 12:02:51"
2584,210,124,727,"[""A7"",""B2"",""D5"",""B3"",""D6"",""B7""]",いつでも,1〜2,多い,"地域限定。三門の関所前とメルサンディ穀倉帯前は1〜2匹で出て、、メルサンディ穀倉帯前ではサンダーフロッグも混ざります。D-5,6では1〜3匹で出て、ここでもサンダーフロッグも混ざります。三門の関所前ではフォレストドラゴに一緒に出ます。",1,"[""三門の関所を出てすぐのB-2・3にたくさん、A-7とD-5にもいる""]

地域限定モンスター。三門の関所前、偽メルサンディ穀倉帯前、D-5,6にかなりの数。三門の関所前とメルサンディ穀倉帯前は1～2匹構成で、メルサンディ穀倉帯前ではサンダーフロッグが混成する。D-5,6では1～3匹構成で、ここでもサンダーフロッグが混成する。三門の関所前ではフォレストドラゴにくっつく。
ver: 2.2","2026-03-14 07:34:46","2026-03-22 11:54:17"
2585,233,124,727,"[""B4"",""D5""]",いつでも,1〜2,普通,1〜2匹で、フォレストドラゴやきりかぶこぞうとも一緒に出ます。,1,"[""B-4あたりとD-5にもいる""]

湖上の休息所南部にそこそこ。1～2匹構成。湖上の休息所南部のフォレストドラゴに2匹くっつく。偽メルサンディ穀倉帯に接続するエリアにいるきりかぶこぞうに混成する。
ver: 2.2","2026-03-14 07:34:46","2026-03-22 12:42:43"
2586,319,124,727,"[""A7"",""E5"",""C3""]",いつでも,,多い,ずしおうまるが一緒に出ます。A7はきりかぶこぞうがたまに一緒に出ます。,1,"[""湖上の休息所の東のエリアC－3あたりにたくさんいる、A-7とE-5にもいる""]

湖上の休息所北東の強敵ゾーンにそこそこの数。ずしおうまるがくっつく。偽メルサンディ穀倉帯の手前にも少数おり、こちらにはきりかぶこぞうがたまにくっつく。デフェル荒野に行く途中にも点在。
ver: 2.1","2026-03-14 07:34:46","2026-03-22 17:53:53"
2587,454,124,727,"[""C3""]",いつでも,2,普通,湖上の休息所北東の強敵ゾーンにいます。シュプリンガーに一緒に出ます。カバリアーが一緒に出ることもあります。,0,"[""湖上の休息所の東のエリアC－3あたりにそこそこいる""]

湖上の休息所北東の強敵ゾーンにいる。シュプリンガーにくっつくうえ、シンボルにぶつかるとカバリアーが出たり2匹出ることも。拠点に近いのは○
ver: 2.0","2026-03-14 07:34:46","2026-03-23 10:34:09"
2588,246,124,727,"[""B5""]",いつでも,1〜2,多い,B-5にいます。1〜2匹で出ます。,1,"[""AB-5の所にたくさんいる""]

No.269(弟への贈り物：2.0クリア後)クエ対象。 B5に生息。1～2匹構成。
ver: 2.0","2026-03-14 07:34:46","2026-03-23 08:31:49"
2589,332,124,727,"[""B2"",""D5"",""B3"",""B4"",""B5""]",いつでも,1〜2,多い,三門の関所を出てすぐのB-2にいます。西部に点在しており、湧いて暫くすると寝る。近くのモンスターが1〜2匹一緒に出ます。湧きはそこそこ早いです。,1,"[""三門の関所を出てすぐのB-2・3やD-5などにもいる""]

西部に点在しており、湧いて暫くすると寝る。近くのモンスターが1～2匹くっつく。湧きはどの地点でもそこそこ早い。 B-23には3シンボル。きりかぶこぞうがくっつく。数は他より多いが広くて探しづらい。 B-4の島には1シンボル。サンダーフロッグがくっつく。 A-45の島には1シンボル。どろにんぎょうがくっつく。 B-6の島には1シンボル。マッドルーパーがくっつく。 D-56には2シンボル。ここだけお供がくっつかない。
ver: 4.0","2026-03-14 07:34:46","2026-03-22 18:32:12"
2590,331,124,727,"[""A7"",""F4"",""G4"",""H4"",""H5"",""H6"",""G6"",""F6"",""F5"",""G5"",""E4"",""E5"",""E6""]",いつでも,2,多い,マップの東半分に広くいます。最大2匹で、Eの島ではシュプリンガーがも混ざり、F以東では混成しないです。シンボル数はFより東の方が圧倒的に多くおすすめです。,1,"[""東のエリアにたくさんいる、A-7にもいる""]

マップの東半分に分布。最大2匹構成で、Eの島ではシュプリンガーが混成し、F以東では混成しない。シンボル数はF以東の方が圧倒的に多くおすすめ。
ver: 2.0","2026-03-14 07:34:46","2026-06-26 23:43:19"
2591,263,124,727,"[""C6""]",いつでも,,多い,特になし。,0,"[""C-6の所に固まっている""]

偽メルサンディ穀倉帯に行く分かれ道を左に曲がったところにいる。
ver: 2.0","2026-03-14 07:34:46","2026-03-22 14:24:05"
2592,245,125,728,"[""C1"",""D3""]",いつでも,1〜3,多い,"黄葉商店北のトンネルをくぐった先に大量にシンボルありです。
1〜3匹で出ます。
サイレスが絡みやすい。ボストロールに一緒に出ることもあります。",1,"[""マップの北側C-1からD-3くらいまで広くいます""]

黄葉商店北のトンネルをくぐった先に大量にシンボルあり。1～3匹構成。サイレスが絡みやすい。ボストロールにくっつくことも。
ver: 2.0","2026-03-14 07:34:50","2026-03-24 17:33:37"
2593,302,125,728,"[""D3"",""D4"",""E3"",""E4"",""D5"",""E5""]",いつでも,1,少ない,中央の黄葉商店あたりに出現します。数は少なめです。,0,"[""マップ中央の黄葉商店周辺に出現します、数は少なめ""]

黄葉商店から南北のトンネルまでの範囲に分布。げんじかぶとがいるあたりが目安。1匹構成。シンボル密度が薄いため常に動いて探す必要がある。宿からは近い。
ver: 2.2","2026-03-14 07:34:50","2026-03-22 17:15:39"
2594,208,125,728,"[""D4"",""D5"",""E4"",""E5""]",いつでも,1〜2,多い,黄葉商店の周辺に大量にいます。1〜2匹で出ます。。,1,"[""マップ中央の黄葉商店周辺にたくさん出現します""]

黄葉商店の周辺に大量にいる。1～2匹構成。
ver: 2.0","2026-03-14 07:34:50","2026-03-22 11:52:04"
2595,209,125,728,"[""C2"",""D2"",""D3"",""C3""]",いつでも,,普通,C-2やD-3あたりに飛んでいます。,1,"[""マップの北側にいるが数は少なめ、C-2やD-3あたり""]

No.265(偽メルサンディサブクエ)対象。 広場に結構な数が飛んでいる。断然おすすめ。
ver: 2.0","2026-03-14 07:34:50","2026-03-22 11:53:17"
2596,473,125,728,"[""F7"",""E7""]",いつでも,,少ない,南側EF-7あたりにいて数は多くない。,0,"[""マップの南側EF-7あたりにいて数は多くない""]

強敵エリアにぽつぽつ。広いので見つけるのに少し時間はかかるが、宿からは近い。
ver: 3.0","2026-03-14 07:34:50","2026-03-23 11:01:58"
2597,464,125,728,"[""F7""]",いつでも,多数,多い,強敵エリアでよく見かけます。,0,"[""マップ南側EF-7あたりにたくさんいます""]

強敵エリアに多数。ただし、チョッピ荒野ほど近くない上に二匹出るわけではないので微妙か。
ver: 2.2","2026-03-14 07:34:50","2026-03-23 10:53:15"
2598,521,125,728,"[""F7""]",いつでも,,少ない,強敵エリアにそこそこの数が出ます。,0,"[""マップ南側EF-7あたりにいる、数は少なめ""]

強敵エリアにそこそこの数が出現。
ver: 3.0","2026-03-14 07:34:50","2026-03-23 13:48:37"
2599,437,125,728,"[""D5"",""D6""]",いつでも,,少ない,アカリリスなど、近くのモンスターが一緒に出ることがある。,0,"[""マップ中の短いトンネルの中で道をふさいでいる、D-5にもいる""]

広場にいる。アカリリスなど、近くのモンスターがくっつくことがあるようだ。また、希望の丘に続く洞窟には2シンボルがそこそこのペースで湧く。強敵エリアにつながる木の根の下のトンネルなどにもいて、これは眠っていることが多い。
ver: 3.1","2026-03-14 07:34:50","2026-03-23 09:53:39"
2600,257,125,728,"[""C1"",""C2"",""D1"",""D2""]",いつでも,1〜2,普通,黄葉商店より北側の低い場所の道に沿って出現します。,0,"[""黄葉商店より北側の低い場所の道に沿って出現します""]

低地や木の洞にいくつかシンボルがある。ひとところで狩っていると涸れるようだ。1~2匹構成。
ver: 2.0","2026-03-14 07:34:50","2026-03-22 13:27:06"
2601,368,126,729,"[""E7""]",いつでも,,少ない,偽りのローヌ樹林帯前に出ます。シンボル少なめです。,0,"[""いちばん南のエリアに数匹いる、E-7あたり""]

偽りのローヌ樹林帯前に出現。シンボル少ない。
ver: 2.0","2026-03-14 07:34:53","2026-03-26 14:31:31"
2602,299,126,729,"[""C3"",""C2"",""C1"",""B1"",""B2"",""B3"",""C4"",""B4""]",いつでも,1〜2,普通,おすすめです。こもれびの広場前とメルン水車郷前にいます。1〜2匹で出ます。,1,"[""C-4から北側のエリアに広く出現します""]

おすすめ。こもれびの広場前とメルン水車郷前にいる。1～2匹構成。こもれびの広場前の方が密度が高い。
ver: 2.0","2026-03-14 07:34:53","2026-03-22 16:21:19"
2603,340,126,729,"[""C1""]",いつでも,,2,メルン水車郷前に2シンボルです。,0,"[""いちばん北のエリアBC-1あたりに数匹います""]

メルン水車郷前に2シンボル。広範囲即湧きっぽい。お供は無い。
ver: 3.0","2026-03-14 07:34:53","2026-03-26 14:31:06"
2604,243,126,729,"[""C4"",""C3""]",いつでも,,少ない,微妙。,0,"[""C-4から北のメルン水車郷までの川に沿って出現します""]

メルン水車郷から流れてくる川のところにいるが、シンボルが少なく数も少ないのでかなり微妙。
ver: 2.0","2026-03-14 07:34:53","2026-03-22 13:03:35"
2605,247,126,729,"[""E7""]",夜,,普通,夜だけ出ます。,0,"[""夜のみ南のE-7あたりに出現、昼はお供で出現します""]

夜限定。偽りのローヌ樹林帯前に出現。ナイトキャットに混成するのは昼夜を問わない。
ver: 2.1","2026-03-14 07:34:53","2026-03-22 13:10:45"
2606,202,126,729,"[""D4"",""D5"",""E5"",""E4""]",いつでも,,少ない,ニードルマンやゴールドオークが混ざります。,0,"[""メルサンディ村を出たところのマップ中央エリアに広範囲でいる、数は少なめ""]

No.371(メルサンディ完結篇2話)クエ対象モンスター。 偽りのワルド水源からメルサンディ村にかけているが、シンボルはまばら。ニードルマンがくっつく。また、ゴールドオークに混成する。
ver: 3.2","2026-03-14 07:34:53","2026-03-22 11:46:27"
2607,276,126,729,"[""E7"",""F7""]",いつでも,1〜2,多い,偽りのローヌ樹林帯前に昼夜を問わずいます。1〜2匹で出て、ダークナイトも混ざります。,0,"[""南のエリアE-7あたりにたくさんいます""]

偽りのローヌ樹林帯前に昼夜を問わず生息。1～2匹構成でダークナイトが混成する。シンボルはまばら。
ver: 2.0","2026-03-14 07:34:53","2026-06-26 23:51:49"
2608,241,126,729,"[""E5"",""F5"",""E6"",""F6"",""D5"",""D6""]",いつでも,1〜2,多い,ワルド水源からメルサンディ村にかけて大量のいます。1〜2匹で出ます。ドラゴンキッズに一緒に出ます。,1,"[""メルサンディ村を出たところのマップ中央エリアに広範囲でいます""]

ワルド水源からメルサンディ村にかけて大量のシンボル。1～2匹構成。ドラゴンキッズにくっつく。
ver: 2.0","2026-03-14 07:34:53","2026-03-22 12:57:54"
2609,184,126,729,"[""E7"",""E8"",""F7"",""F8""]",いつでも,2〜3,多い,南のエリアE-7あたりでよく見かけます。,1,"[""南のエリアE-7あたりにたくさんいます""]

偽りのローヌ樹林帯前に大量に生息。大半が２～３匹で出現するが、稀に１匹の時もある。ナイトキャットに追い回されるので注意。
ver: 3.1","2026-03-14 07:34:53","2026-03-22 11:01:39"
2610,284,128,730,"[""A5"",""A6"",""A7"",""A8"",""B5"",""B6"",""B7"",""B8"",""C5"",""C6"",""C7"",""C8"",""D5"",""D6"",""D7"",""D8"",""E5"",""E6"",""E7"",""E8"",""F5"",""F6"",""F7"",""F8"",""G5"",""G6"",""G7"",""G8"",""H5"",""H6"",""H7"",""H8""]",いつでも,,多い,高台部分にぽつぽつといます。,0,"[""ほぼマップ全域(北の方を除く)にいる、ちょっと高い所に多くいる感じです""]

高台部分にぽつぽつといる。
ver: 2.0","2026-03-14 07:34:58","2026-03-22 15:17:54"
2611,262,128,730,"[""A5"",""A6"",""A7"",""A8"",""B5"",""B6"",""B7"",""B8"",""C5"",""C6"",""C7"",""C8"",""D5"",""D6"",""D7"",""D8"",""E5"",""E6"",""E7"",""E8"",""F5"",""F6"",""F7"",""F8"",""G5"",""G6"",""G7"",""G8"",""H5"",""H6"",""H7"",""H8""]",いつでも,,多い,フラワーゾンビが一緒に出ることがあります。ほぼ全域の北の方を除く低い通路に多くいる感じです。,0,"[""ほぼマップ全域(北の方を除く)にいる、低い通路に多くいる感じです""]

夜宴館南を除くマップ全域に分布。密度は低い。フラワーゾンビがつくことがある。
ver: 6.4","2026-03-14 07:34:58","2026-03-22 14:13:38"
2612,211,128,730,"[""D3"",""D2"",""E2"",""E3""]",いつでも,3,普通,北の方D-3あたりにいます。,0,"[""北の方D-3あたりにいます""]

夜宴館前にいる。グリゴンダンスと混成し、3匹構成まである。
ver: 2.0","2026-03-14 07:34:58","2026-03-22 11:54:52"
2613,217,128,730,"[""D3""]",夜,3,普通,北の方D-3あたりにいます。,0,"[""北の方D-3あたりにいます""]

夜宴館前にいる。キラートーチと混成し、3匹構成まである。
ver: 2.0","2026-03-14 07:34:58","2026-03-22 12:13:21"
2614,351,128,730,"[""E5"",""E7""]",いつでも,1,多い,なげきムーン1匹に2匹までフラワーゾンビが一緒に出ます。大体全域にいるがE5とE7に集まりやすい。おすすめ。,1,"[""ほぼ全域にいますが特にE-5とE-7あたりに集まる感じです""]

南部と中央部の並木になっているあたりによく沸く。一方のシンボルが涸れたら他方へ移動するとよい。なげきムーン1匹に2匹までフラワーゾンビがくっつく。
ver: 2.2","2026-03-14 07:34:58","2026-03-23 06:22:38"
2615,264,128,730,"[""A5"",""A6"",""A7"",""A8"",""B5"",""B6"",""B7"",""B8"",""C5"",""C6"",""C7"",""C8"",""D5"",""D6"",""D7"",""D8"",""E5"",""E6"",""E7"",""E8"",""F5"",""F6"",""F7"",""F8"",""G5"",""G6"",""G7"",""G8"",""H5"",""H6"",""H7"",""H8""]",いつでも,,多い,ほぼ全域の高台に上ったあたりです。,0,"[""ほぼマップ全域(北の方を除く)にいる、ちょっと高い所に多くいる感じです""]

ローヌ樹林帯から入ったところから、高台に上ったあたり。地形が複雑なマップなので100討伐にはあまり向かないかも。
ver: 2.0","2026-03-14 07:34:58","2026-03-22 14:25:59"
2616,329,128,730,"[""A5"",""A6"",""A7"",""A8"",""B5"",""B6"",""B7"",""B8"",""C5"",""C6"",""C7"",""C8"",""D5"",""D6"",""D7"",""D8"",""E5"",""E6"",""E7"",""E8"",""F5"",""F6"",""F7"",""F8"",""G5"",""G6"",""G7"",""G8"",""H5"",""H6"",""H7"",""H8""]",いつでも,1〜2,少ない,ほぼ全域の北の方を除くにいます。低い通路に多くいる感じです。,0,"[""ほぼマップ全域(北の方を除く)にいる、低い通路に多くいる感じです""]

窪地に湧くが、シンボルは恐ろしく少ない。なげきムーンに1～2匹くっついてくるのを狩っていれば討伐数を稼げるのでシンボルは狙わなくて良い。対呪装備が欲しいところ。
ver: 2.2","2026-03-14 07:34:58","2026-03-22 18:25:02"
2617,344,128,730,"[""D3"",""D2""]",夜,3,普通,夜宴館前にいます。グリゴンダンスも混ざります。3匹まで有りです。,0,"[""北の方D-3あたりにいます""]

夜宴館前にいる。グリゴンダンスと混成する。3匹構成まで有り。
ver: 3.1","2026-03-14 07:34:58","2026-03-22 18:54:55"
2618,312,128,730,"[""F7""]",いつでも,3,多い,南東のF-7の高い所に固まっています。おすすめです。,1,"[""南東のF-7の高い所に固まっています""]

リンジャハル海岸に通じる道のあたりに大量に生息する。3匹構成まであり。おすすめ。
ver: 2.3","2026-03-14 07:34:58","2026-03-22 17:35:07"
2619,407,128,730,"[""C5""]",いつでも,2〜3,多い,C-5に7シンボル前後まとまっていますしており、,0,"[""C-5のお墓が並んでいるエリアに固まっています""]

C-5に7シンボル前後密集しており、2～3PTなら許容範囲。2～3匹構成。
ver: 2.3","2026-03-14 07:34:58","2026-03-23 08:54:16"
2620,324,129,731,"[""E3"",""F2""]",いつでも,,普通,北東のF2にいます。他にE3広場に2シンボルずつの即湧きありです。湧いたのを見つけやすいE3広場で狩るのが一番お勧めです。,0,"[""マップの南東エリアの高い所にいます、北東のF-2、E-3にもいる""]

偽りのリャナ荒涼地帯前のF2、E3広場に2シンボルずつの即湧きあり。湧いたのを見つけやすいE3広場で狩るのが一番お勧め。スターキメラにくっついてくるほか、スターキメラがくっつくことも。
ver: 2.0","2026-03-14 07:35:01","2026-03-22 18:19:55"
2621,550,129,731,"[""B3"",""D2""]",いつでも,,普通,西部や北部の洞窟の狭いところで道をふさいでいます。,0,"[""マップ北側にあるトンネル内に出現します、B-3やD-2など""]

西部や北部の洞窟の狭いところで道をふさいでいる。どちらも北と南合わせて6シンボルほど存在している。西部か北部の片方で集中して狩ると枯れるのでおすすめできない。
ver: 2.0","2026-03-14 07:35:01","2026-03-23 14:37:58"
2622,281,129,731,"[""E2""]",いつでも,1,多い,北部の洞窟の滝の流れている部分に出るです。湧きも早いのでおすすめ。,1,"[""E-2の水が流れているところに固まっている""]

北部の洞窟の滝の流れている部分に出現する。1匹固定だがシンボルの間隔は結構狭く湧きも速いためオススメ。
ver: 2.0","2026-03-14 07:35:01","2026-03-22 15:10:17"
2623,391,129,731,"[""E3""]",いつでも,2,少ない,北部のつり橋部分です。2匹でるが、シンボルの数が少なめです。,0,"[""E-3のつり橋の上に1匹います""]

北部のつり橋部分。二匹構成もあるがシンボルの数が少ない。
ver: 2.0","2026-03-14 07:35:01","2026-03-23 07:42:58"
2624,381,129,731,"[""C2"",""G3"",""G4"",""B2""]",いつでも,,多い,北西部、東部の強敵エリアのバロンナイトのいる二つのエリアにいます。階段が多い。,1,"[""G-3・4とBC-2にいる""]

北西部、東部の強敵エリア(バロンナイトのいる二つのエリア)にいる。数は悪くないが、段差の多い地形なので探しにくく、バロンナイトに絡まれるのにも注意。
ver: 2.0","2026-03-14 07:35:01","2026-03-26 14:34:38"
2625,198,129,731,"[""C6"",""B6"",""B5"",""C5"",""D6"",""D5""]",いつでも,3,多い,偽りのローヌ樹林帯からセレドの町にかけています。それなりに絶滅しやすい。,0,"[""セレドの町を出た広い所にいっぱいいる、B-4とC－5にもいる""]

偽りのローヌ樹林帯からセレドの町にかけて生息。3匹まで出てくる。いっぱいいるように見えるが一所で狩っていると涸れるので注意。
ver: 2.2","2026-03-14 07:35:01","2026-03-22 11:36:58"
2626,508,129,731,"[""D8""]",いつでも,3〜5,普通,セレドの町南部の花畑の中にいます。かわいい。およそ3〜5分湧きです。,0,"[""D-8の低い所に固まっています""]

セレドの町南部の花畑の中にいる。およそ3～5分湧き
ver: 2.0","2026-03-14 07:35:01","2026-03-23 12:46:40"
2627,240,129,731,"[""E3"",""F2"",""D6"",""F3""]",いつでも,3,普通,北西のF-2にいます。セレドの町〜偽りのリャナ荒涼地帯前にかなりの数です。ウイングタイガーが混ざります。,0,"[""マップの南東エリアの高い所にいます、北西のF-2、E-3にもいる""]

セレドの町～偽りのリャナ荒涼地帯前にかなりの数。ウイングタイガーが混ざったり、3匹構成だったりする。
ver: 2.0","2026-03-14 07:35:01","2026-03-22 12:56:35"
2628,520,129,731,"[""F4""]",いつでも,,少ない,F4の高いところに数匹、下にもりる。,0,"[""F-4の高い所に数匹いる、下にもいる""]

北東部の橋の近くに崩れている。シンボルごく少数。
ver: 2.0","2026-03-14 07:35:01","2026-03-23 13:46:55"
2629,458,129,731,"[""D8"",""F7""]",いつでも,,多い,セレドの町南部の花畑の周りにいます。おすすめです。D8、F7の低い所にまとまっています。,1,"[""D-8とF-7の低い所に固まっている""]

セレドの町南部の花畑の周りに生息。おすすめ。
ver: 2.0","2026-03-14 07:35:01","2026-03-23 10:37:56"
2630,310,129,731,"[""B4"",""D6"",""C6"",""C5""]",いつでも,1,多い,セレドの町南方から偽リンジャハル海岸までの洞くつを除いた場所に広くいます。必ず1匹で出るため、仲間にしたい場合はこちらがおすすめです。,0,"[""セレドの町を出た広い所にいっぱいいる、B-4とC－5にもいる""]

セレドの町南方から偽リンジャハル海岸までの洞くつを除いた場所に分布。宿・ルーラポイントが近い。湧きはややまばらだが必ず1匹で出現するため、仲間にしたい場合はこちらがおすすめ。
ver: 3.0","2026-03-14 07:35:01","2026-03-22 17:29:08"
2631,483,129,731,"[""C2"",""G3""]",いつでも,2,多い,G-3にいます。,1,"[""G-3・4とBC-2にたくさんいる""]

強敵エリア(偽セレドット山道北西)にわんさかいる上に2匹構成あり。
ver: 3.1","2026-03-14 07:35:01","2026-03-23 11:13:40"
2632,272,129,731,"[""B4"",""C5"",""D6"",""D7"",""C6"",""C7""]",いつでも,1〜2,多い,地域限定。セレドの町を出た広い所によく見かけます。1〜2匹で出て、稀にバトルレックスも混ざります。,1,"[""セレドの町を出た広い所にいっぱいいる、B-4とC－5にもいる""]

地域限定モンスター。セレドの町の南にシンボル多数。1～2匹構成で、稀にバトルレックスが混成する。
ver: 2.0","2026-03-14 07:35:01","2026-03-22 14:44:34"
2633,324,130,732,"[""C5"",""C6""]",いつでも,,多い,南西C5〜C6あたりでよく見かけます。ガーゴイルが邪魔。,0,"[""マップ南西C-5・6あたりにたくさんいます""]

ガーゴイルと一緒にやるなら。こいつだけを狙う場合、ガーゴイルが邪魔すぎる。
ver: 2.0","2026-03-14 07:35:05","2026-03-22 18:19:55"
2634,292,130,732,"[""C5"",""D4"",""D5"",""D6"",""C6"",""C4"",""B4"",""B5"",""B6""]",いつでも,1〜2,多い,1〜2匹で出ます。,1,"[""マップ南西C-5・6あたりとD-4・5もたくさんいる""]

海岸遺跡を除く、非強敵エリア全域にいる。1～2匹構成。数は申し分ない。同域にウイングタイガーもいるため絡まれるLvだとうっとおしい。
ver: 4.1","2026-03-14 07:35:05","2026-03-22 15:50:40"
2635,823,130,732,"[""G6"",""F6""]",いつでも,,多い,強敵エリアの南東部の広場にに出ます。シンボルは結構多いです。,0,"[""FG-6の台地になっているところにいます""]

強敵エリアの南東部の広場に場違いに出現。シンボルは結構多い。
ver: 2.0","2026-03-14 07:35:05","2026-03-24 07:36:53"
2636,352,130,732,"[""G2"",""G3""]",いつでも,1,多い,G-2の狭いエリアにまとまっています。強敵エリアの海岸遺跡にかなりの数だが、一匹も多いがセルゲイナスに二匹くっついたりする。,0,"[""G-2の狭いエリアに固まっている""]

強敵エリアの海岸遺跡にかなりの数だが、一匹構成も多い。セルゲイナスに二匹くっついたりする。
ver: 2.0","2026-03-14 07:35:05","2026-03-23 06:25:06"
2637,319,130,732,"[""D3""]",いつでも,,多い,海岸遺跡の部分に点々といますにシンボルがいます。別の敵が一緒に出ますことはないです。,0,"[""CD-3の海岸遺跡にたくさんいる""]

海岸遺跡の部分にまばらにシンボルがいる。別の敵がくっつくことはない。
ver: 2.2","2026-03-14 07:35:05","2026-03-22 17:53:53"
2638,451,130,732,"[""F6"",""G6"",""G7"",""F7""]",いつでも,1〜2,多い,強敵エリアに広い範囲でいます。1〜2匹で出ます。北ではヘルジュラシック、南ではゴーレムが一緒に出ます。,1,"[""マップの南東エリアに広範囲でたくさんいます""]

強敵エリアに広く生息。1～2匹。北ではヘルジュラシック、南ではゴーレムが加わる。南がオススメ。ルーラポイントも近い。
ver: 2.0","2026-03-14 07:35:05","2026-03-23 10:30:20"
2639,485,130,732,"[""G2""]",いつでも,1,3,強敵エリアの海岸遺跡に3シンボルで1分湧きです。1匹も多いです。じごくのつかいが二匹一緒に出ることがある。,0,"[""G-2の狭いエリアに固まっている""]

強敵エリアの海岸遺跡に3シンボルで一分湧き。一匹構成も多い。じごくのつかいが二匹くっつくことがある。
ver: 3.0","2026-03-14 07:35:05","2026-03-23 11:16:43"
2640,290,130,732,"[""D3"",""C3""]",いつでも,1,少ない,海岸遺跡にいますが、地形が複雑で数も少ないため見つけにくく、しかも一匹です。,1,"[""CD-3の海岸遺跡にいる、数は少ない""]

海岸遺跡にいるが、地形が複雑で数も少ないため見つけにくく、しかも一匹構成。湧き自体は早いようだが、走り回ることになるのでエモノ呼びしたほうがいいだろう。
ver: 2.0","2026-03-14 07:35:05","2026-03-22 15:44:34"
2641,402,130,732,"[""G4""]",いつでも,1,少ない,強敵エリアに広くいます。1匹かつ湧き範囲も広いので狙うのは微妙なところです。,0,"[""G-4あたりにいる、そのほか南東エリアに少しいる""]

強敵エリアに分布。1匹構成かつ湧き範囲も広いので狙うのは微妙なところ。
ver: 2.0","2026-03-14 07:35:05","2026-03-23 08:17:33"
2650,151,132,740,"[""B3"",""B4"",""B5"",""C3"",""C4"",""C5""]",いつでも,1〜2,多い,くずれた灯台などから進める地下部分にいます。1〜2匹で出ます。西にあるトンネル内の下層全域にいます。,0,"[""西にあるトンネル内(下層)全域にいます""]

くずれた灯台などから進める地下部分にいる。1～2匹構成。
ver: 2.0","2026-03-14 07:35:09","2026-03-22 09:35:18"
2651,262,132,739,"[""D3""]",いつでも,1,1,特になし,0,"[""D-3の水際の黒宝箱の所にに1匹だけいる""]

せかいじゅの葉の入っている黒箱の下で冒険者を待ち構えている。
ver: 2.0","2026-03-14 07:35:09","2026-03-22 14:13:38"
2652,281,132,739,"[""C4"",""D4"",""D5"",""E5"",""E6"",""E7"",""E8""]",いつでも,,普通,中を流れる川に沿って出現します。,0,"[""マップ中を流れる川に沿って出現します""]

川の部分全体に出現する。
ver: 2.0","2026-03-14 07:35:09","2026-03-22 15:10:17"
2653,255,132,739,"[""E7"",""E5"",""D5"",""D4"",""E4"",""F4"",""F5"",""E6""]",いつでも,1〜2,普通,1〜2匹で出て、ヘルボックルも混ざります。,1,"[""滝を臨む集落周辺の広い所に広範囲で出現、E-7あたりもいる""]

おすすめ。偽りのセレドット山道から滝を臨む集落付近にかけて分布。1～2匹構成でヘルボックルが混成する。
ver: 2.0","2026-03-14 07:35:09","2026-03-22 13:23:31"
2654,410,132,739,"[""B2"",""B3"",""B4"",""B5"",""B6"",""C2"",""C3"",""C4"",""C5"",""C6""]",いつでも,1〜2,多い,西部強敵ゾーンにかなりです。1〜2匹で出て、トリカトラプスも混ざります。,0,"[""西側の海沿いのエリアにたくさんいます""]

西部強敵ゾーンにわんさか。1～2匹構成でトリカトラプスが混成する。海岸部分の狭い通路に密集していることがあり、キラキラマラソンランナーからはトリカトラプスと共に邪魔者として嫌われ気味。
ver: 2.1","2026-03-14 07:35:09","2026-03-23 08:56:18"
2655,847,132,739,"[""E3"",""D3"",""D2"",""E2""]",いつでも,1,多い,滝を望む集落から北にかけてたくさんいるが1匹で出ます。,0,"[""マップ北のエリアに広く出現、E-3とかにたくさんいる""]

滝を望む集落からアラハギーロ方面にかけてたくさんいるが1匹構成。
ver: 2.0","2026-03-14 07:35:09","2026-03-24 07:57:34"
2656,197,132,739,"[""E4"",""E5"",""D5"",""D4""]",いつでも,,少ない,滝を臨む集落の周辺にいますが、シンボルが点在していて微妙なところです。,0,"[""滝を臨む集落周辺の広い所に広範囲で出現するが数は少ない""]

滝を臨む集落の周辺にいるが、シンボルが点在していて微妙なところ。
ver: 2.0","2026-03-14 07:35:09","2026-03-26 14:27:29"
2657,517,132,739,"[""C2"",""C3"",""C4"",""C5"",""C6"",""E4""]",いつでも,1〜2,多い,西部強敵ゾーンにいます。1〜2匹で出て、シーザーレインボーも混ざります。,1,"[""西側の海沿いのエリアにたくさんいます""]

西部強敵ゾーンに生息。1～2匹構成。シーザーレインボーに混成する。海岸部分の狭い通路に密集していることがあり、キラキラマラソンランナーからはシーザーレインボーと共に邪魔者として嫌われ気味。
ver: 2.0","2026-03-14 07:35:09","2026-03-23 13:40:42"
2658,274,132,739,"[""E3"",""D3"",""D2"",""E2""]",夜,1〜2,多い,夜だけ出ます。1〜2匹で出て、稀にヘルボックルも混ざります。おすすめです。,1,"[""夜のみマップ北のエリアに広く出現、E-3とかにたくさんいる""]

夜限定。D,F-2,3に湧く。1～2匹構成で稀にヘルボックルが混成する。ルーラポイントが近い。ダラズよりシンボルを探しやすく、最大でも2匹であるうえ、寝ていることもあるので安全度が高い。おすすめ。
ver: 2.0","2026-03-14 07:35:09","2026-03-22 14:45:25"
2659,260,132,739,"[""F5"",""E5"",""E4"",""F4"",""E6"",""E7"",""F7"",""F6""]",いつでも,1〜3,普通,1〜3匹で出ます。,0,"[""滝を臨む集落周辺の広い所に広範囲で出現、E-7あたりもいる""]

偽りのセレドット山道から滝を臨む集落付近にかけて分布。1～3匹構成。
ver: 2.0","2026-03-14 07:35:09","2026-03-22 13:33:18"
2660,437,132,739,"[""D3""]",いつでも,1,少ない,D-3の吊橋の下に湧くが数は多くないです。,0,"[""D-3のつり橋の下に1匹だけいる""]

D-2に湧くが数は多くない。
ver: 2.0","2026-03-14 07:35:09","2026-03-23 09:53:40"
2661,344,132,739,"[""C3"",""C4""]",いつでも,,少ない,灯台前に数シンボルです。湧きは遅いので微妙です。,0,"[""C-3の灯台周辺に出現します""]

灯台前に数シンボル。湧きは遅いので微妙。
ver: 2.0","2026-03-14 07:35:09","2026-03-22 18:54:56"
2662,289,132,739,"[""D3""]",いつでも,1,普通,北部の橋の上に1シンボルのみですが即湧きです。,0,"[""D-3のトンネルに続くつり橋の所に1匹だけいる""]

北部の橋の上に1シンボルのみ。ただし即湧き。仲間モンスターのなつき度上げに利用されていることがある。
ver: 2.0","2026-03-14 07:35:09","2026-03-22 15:43:07"
2663,376,133,741,"[""E3"",""E5"",""D3"",""D5""]",いつでも,,普通,DE-3とDE-5の橋の上や階段にいます。,0,"[""DE-3とDE-5の橋の上や階段にいます""]","2026-03-14 07:35:12","2026-03-23 07:15:34"
2664,520,133,741,"[""D4"",""C4""]",いつでも,,多い,中央のCD-4あたりでよく見かけます。,0,"[""マップ中央のCD-4あたりにたくさんいます""]","2026-03-14 07:35:12","2026-03-23 13:46:55"
2665,379,133,741,"[""E6"",""F5""]",いつでも,,普通,F-5やE-6あたりで出現します。,0,"[""マップの南東F-5やE-6あたりで出現します""]","2026-03-14 07:35:12","2026-03-23 07:22:15"
2666,232,133,741,"[""E3"",""E5"",""D3"",""F5""]",いつでも,,普通,DE-3とDE-5の橋の上や階段にいます。,0,"[""DE-3とDE-5の橋の上や階段にいます""]","2026-03-14 07:35:12","2026-03-22 12:38:54"
2667,308,133,741,"[""D5"",""D6"",""E5"",""E6"",""E7"",""E8"",""F6"",""F5""]",いつでも,,普通,入ってすぐの道なりにいます。中央や南東の道にも広く出現します。,0,"[""入ってすぐの道なりにいる、マップ中央や南東の道にも広く出現します""]","2026-03-14 07:35:12","2026-03-22 17:26:08"
2668,344,133,741,"[""E3"",""E5"",""D3"",""D5""]",いつでも,,普通,DE-3とDE-5の橋の上や階段にいます。,0,"[""DE-3とDE-5の橋の上や階段にいます""]","2026-03-14 07:35:12","2026-03-22 18:54:56"
2669,306,134,580,"[""E3"",""E4"",""E5"",""E6"",""F3"",""F4"",""F5"",""F6"",""G3"",""G4"",""G5"",""G6"",""H3"",""H4"",""H5"",""H6""]",いつでも,,普通,遺跡内部の東側に広範囲で出現します。,0,"[""遺跡内部の東側に広範囲で出現します""]","2026-03-14 07:35:15","2026-03-23 08:34:12"
2670,544,134,580,"[""G3"",""G4""]",いつでも,1,普通,3分湧きです。,0,"[""G-3の少し広くなっているところに1匹いる""]

遺跡内部のF-4orG-3に1シンボル。3分湧き
ver: 7.3","2026-03-14 07:35:15","2026-03-23 14:18:19"
2675,593,134,580,"[""C2"",""E2""]",いつでも,1,普通,"遺跡内部のB,C2、E2あたりにいます。1匹湧きです。",0,"[""E-2とBC-2の少し広くなっているところに1匹ずついる""]

遺跡内部のB,C-2、E-2あたりにいる。1匹湧き。
ver: 2.2","2026-03-14 07:35:15","2026-03-23 15:45:30"
2676,178,134,580,"[""E3"",""E4"",""E5"",""E6"",""F3"",""F4"",""F5"",""F6"",""G3"",""G4"",""G5"",""G6"",""H3"",""H4"",""H5"",""H6""]",いつでも,,普通,遺跡内部の東側に広範囲で出現します。,0,"[""遺跡内部の東側に広範囲で出現します""]","2026-03-14 07:35:15","2026-03-22 10:55:35"
2677,254,135,744,"[""G3"",""H3"",""G4"",""H4"",""E3"",""F3"",""E4"",""F4"",""E5"",""F5"",""E6"",""F6"",""G5"",""H5"",""G6"",""H6""]",いつでも,,普通,井戸から入った地下洞にいます。,1,"[""井戸から入った地下洞にいます""]","2026-03-14 07:35:19","2026-03-22 13:22:29"
2678,251,135,743,"[""D2"",""D4""]",いつでも,1〜2,普通,1〜2匹で混成はないです。おすすめです。,1,"[""CD-4あたりの高い所にいる、北のD-2あたりもいる""]

北部と南部をつなぐ高台やデフェル荒野への出口付近に生息。1～2匹構成で混成はない。おすすめ。
ver: 2.4","2026-03-14 07:35:19","2026-03-22 13:16:48"
2679,347,135,743,"[""B5"",""B6"",""B7"",""C5"",""C6"",""C7"",""D6"",""D7"",""D5""]",いつでも,1,普通,地域限定。南部の湖面上に広くいます。1匹ずつ出ます。,1,"[""南西エリアの湖面に広く出現します""]

地域限定・No.378(アラハギーロ完結篇3話)クエ対象南部の湖面上に分布。1匹構成。
ver: 2.0","2026-03-14 07:35:19","2026-03-22 18:59:14"
2680,362,135,743,"[""D3"",""C7"",""C6"",""B6"",""B5"",""C5"",""B7""]",昼,,普通,南の湖エリアの陸地で飛んでいます。アラハギーロ王国周辺や南部の湖の外周にそこそこの数が出ます。,1,"[""昼のみアラハギ王国周辺の広い所に出現、D-3あたりは結構いる、南の湖エリアの陸地でも飛んでいる""]

昼限定。アラハギーロ王国周辺や南部の湖の外周にそこそこの数が出現。
ver: 2.0","2026-03-14 07:35:19","2026-03-23 06:39:29"
2681,823,135,743,"[""D2""]",夜,,少ない,夜間限定です。暗いのでみつけずらい。,0,"[""夜のみD-2あたりにいます""]

夜間限定。非常にまばらに生息している。見つけるのは困難。
ver: 5.5","2026-03-14 07:35:19","2026-03-24 07:36:53"
2682,410,135,743,"[""D2"",""D4""]",いつでも,,普通,北部と南部をつなぐ高台のあたりにいます。,0,"[""CD-4あたりの高い所にいる、北のD-2あたりもいる""]

北部と南部をつなぐ高台のあたりにいる。周りの敵と比べて強いので邪魔。宿からは近い。
ver: 2.2","2026-03-14 07:35:19","2026-03-23 08:56:18"
2683,195,135,743,"[""G4"",""F4"",""C7"",""B7"",""B6"",""C6"",""D6"",""D7""]",いつでも,1〜2,多い,東の砂漠のエリアと、南部の湖のまわりにかなりの数がいます。おすすめです。,1,"[""南西の湖エリアの湖の周りにぐるっといる、東の砂漠のエリアFG-4にもいます""]

南部の湖のまわりにかなりの数がいる。また、東部にも多数。おすすめ。１～２匹構成。
ver: 3.0","2026-03-14 07:35:19","2026-03-22 11:13:30"
2684,547,135,743,"[""G4"",""F4""]",いつでも,,少ない,数は少なめです。,0,"[""東の砂漠のエリアFG-4にいます、数は少なめ""]

No.376(アラハギーロ完結篇1話)クエ対象。東の砂漠地帯に数体。デザートゴースト狩りの邪魔をしてくる。まばらなので積極的に狩るのにも適していない。昼は崩れていて夜になると動き出す。
ver: 3.3","2026-03-14 07:35:19","2026-03-23 14:30:04"
2685,176,135,743,"[""D2"",""D3""]",いつでも,1〜2,普通,おすすめです。ボーンナイトが1〜2匹一緒に出ます。,1,"[""アラハギーロ王国を出てすぐとその周辺に広範囲でいる、D-2・3あたり""]

アラハギーロ王国から湖にかけて出現。3匹構成だったりするのでなかなかおすすめ。ボーンナイトに1～2匹くっつく。シーザーレインボーのリンクに注意。
ver: 2.0","2026-03-14 07:35:19","2026-03-22 10:53:28"
2687,187,135,743,"[""D2"",""D3""]",夜,1〜2,少ない,ブラッドソードが1〜2匹一緒に出ます。,1,"[""アラハギーロ王国を出てすぐとその周辺に広範囲でいる、D-2・3あたり""]

No.349(砂漠の秘宝：Ver2.2ストーリー)クエ対象。 偽アラハギーロ王国にぽつぽついる。ブラッドソードが1～2匹くっつく。昼だとケツァルコアトルスが邪魔なので夜がおすすめか。
ver: 2.0","2026-03-14 07:35:19","2026-03-22 11:03:06"
2688,336,136,745,"[""C4"",""B4""]",いつでも,2,多い,BC-4あたりの低い通り道に出現します。混成無しの最大2匹で出ます。,1,"[""BC-4あたりの低い通り道に出現します""]

No.268(偽グランゼサブ)対象。 ワルド水源からマップ中央の教会南西の橋の下、少々西までの街道沿いに分布。混成無しの最大2匹構成。リンクさせれば3匹になることもある。シンボル数はかなり多いが週替わり討伐の手近なターゲットであるためか、それなりに戦っている人がいる。
ver: 2.0","2026-03-14 07:35:23","2026-03-22 18:38:06"
2689,550,136,745,"[""B4"",""D5"",""F6"",""G6"",""A4""]",夜,,多い,ダーティラビッツのお供で出ることもあります。砂漠地方の個体は夜はでない。,1,"[""砂漠エリアの南部や中央のD-5あたりとAB-4の高い所にもいる、昼のみ東の砂漠エリアにも出現する""]

生息地はばらけているが、シンボルは多い。ダーティラビッツのお供で出ることも。砂漠地帯のものは夜になるとナイトキャットと入れ替わるように居なくなるので注意。また、こちらはミイラ男がくっついてくる。
ver: 2.0","2026-03-14 07:35:23","2026-03-23 14:37:58"
2690,823,136,745,"[""C4"",""B4""]",いつでも,,普通,BC4あたりの低い通り道に出現します。,0,"[""BC-4あたりの低い通り道に出現します""]

偽りのワルド水源から続く道の部分にいる。
ver: 2.0","2026-03-14 07:35:23","2026-03-24 07:36:53"
2691,258,136,745,"[""B4"",""B5"",""C5"",""C4"",""D5"",""F6"",""G6"",""H6""]",いつでも,,普通,砂漠でないところにかなりの数がいるが、オーガキングが出たりする。,0,"[""砂漠エリアの南部や中央のD-5あたりとAB-4あたりの高い所にもいる""]

砂漠でないところにかなりの数がいるが、オーガキングがくっついてきたりするので戦いにくいか。
ver: 2.0","2026-03-14 07:35:23","2026-03-22 13:30:25"
2692,547,136,745,"[""A1"",""A2"",""A3"",""A4"",""A5"",""A6"",""A7"",""A8"",""B1"",""B2"",""B3"",""B4"",""B5"",""B6"",""B7"",""B8"",""C1"",""C2"",""C3"",""C4"",""C5"",""C6"",""C7"",""C8"",""D1"",""D2"",""D3"",""D4"",""D5"",""D6"",""D7"",""D8"",""E1"",""E2"",""E3"",""E4"",""E5"",""E6"",""E7"",""E8"",""F1"",""F2"",""F3"",""F4"",""F5"",""F6"",""F7"",""F8"",""G1"",""G2"",""G3"",""G4"",""G5"",""G6"",""G7"",""G8"",""H1"",""H2"",""H3"",""H4"",""H5"",""H6"",""H7"",""H8""]",いつでも,,普通,東部の砂漠に結構な数がいます。夜はナイトキャットといっしょに出ます。,1,"[""東の砂漠エリアに広範囲でいる""]

東部の砂漠に結構な数が転がっている。夜になると動き出しナイトキャットを連れてくる。
ver: 2.2","2026-03-14 07:35:23","2026-03-23 14:30:04"
2693,276,136,745,"[""E3"",""E4"",""E5"",""E6"",""F3"",""F4"",""F5"",""F6"",""G3"",""G4"",""G5"",""G6"",""H3"",""H4"",""H5"",""H6""]",夜,3,多い,夜のみ東の砂漠エリアに広範囲でいます。,1,"[""夜のみ東の砂漠エリアに広範囲でいる""]

夜間限定で砂漠地帯にシンボルあり。シンボル自体は結構多めで、3匹構成まである。夜間はドラゴンゾンビにくっつくことがある。
ver: 2.2","2026-03-14 07:35:23","2026-06-26 23:51:50"
2694,278,136,745,"[""B5""]",いつでも,1〜2,多い,不思議の魔塔周辺の高台にたくさんいます。1〜2匹で出ます。飛行シンボルだが、低空飛行しておりこちらからエンカウントできるです。,1,"[""B-5の偽の不思議の魔塔の周辺(高い所)にたくさんいます""]

不思議の魔塔周辺の高台に多数生息。1～2匹構成。飛行シンボルだが、低空飛行しておりこちらからエンカウントできる。また、飛行シンボルゆえに格下でも逃げず、青宝箱(パンドラチェスト)狙いのプレイヤーに絡みまくる。
ver: 2.0","2026-03-14 07:35:23","2026-03-22 14:48:51"
2695,489,136,745,"[""E3"",""E4"",""E5"",""E6"",""F3"",""F4"",""F5"",""F6"",""G3"",""G4"",""G5"",""G6"",""H3"",""H4"",""H5"",""H6""]",いつでも,,少ない,東の砂漠エリアに広範囲でいます。数は少なめです。,0,"[""東の砂漠エリアに広範囲でいる、数は少なめ""]

砂漠地帯に広く出現。ただし、シンボル自体は少々まばらなので注意。
ver: 2.0","2026-03-14 07:35:23","2026-03-23 11:26:02"
2696,339,136,745,"[""E3"",""E4"",""E5"",""E6"",""F3"",""F4"",""F5"",""F6"",""G3"",""G4"",""G5"",""G6"",""H3"",""H4"",""H5"",""H6""]",いつでも,1〜3,少ない,東の砂漠エリアに広範囲でいます。1〜3匹で出ます。,1,"[""東の砂漠エリアに広範囲でいる""]

マップ東側の砂漠地帯にまばらに分布。1～3匹構成。砂漠地帯のオーガキングにくっついてくることもある。週替わり討伐の手近な相手のため、ピラミッド近くは戦っている人がそこそこいる。
ver: 2.4","2026-03-14 07:35:23","2026-03-22 18:43:26"
2697,381,137,746,"[""D3"",""E6"",""F3""]",いつでも,,少ない,シンボルは少ないのでおすすめはしないです。E-6、F-3、D-3あたり。,0,"[""E-6とF-3とD-3にいた""]

マップ全体が生息域？シンボルは少ないのでおすすめはしない。
ver: 2.0","2026-03-14 07:35:30","2026-03-26 14:34:38"
2698,256,137,746,"[""E3"",""E4"",""F3"",""F4""]",いつでも,1,普通,基本単体です。中央の湖の波打ち際と北に続く川に沿って出現します。,0,"[""中央の湖の波打ち際と北に続く川に沿って出現します""]

中央と大樹の根元あたりにある水場にいる。基本単体。
ver: 2.0","2026-03-14 07:35:30","2026-03-22 13:25:08"
2699,175,137,746,"[""D6"",""G5""]",いつでも,,普通,真と同じ,0,"[""D-6の端っこの狭い所にいる""]

行き止まり部分にうまっている。
ver: 2.0","2026-03-14 07:35:30","2026-03-23 08:46:57"
2700,329,137,746,"[""C3"",""C4""]",いつでも,3,普通,3匹まで出ることがあります。一気にやるならばオススメです。,1,"[""北西のBC-3あたりにいます""]

西部の細道の部分に出現する。3匹まで出ることがある。一気にやるならばオススメ。
ver: 2.2","2026-03-14 07:35:30","2026-03-22 18:25:02"
2701,307,137,746,"[""D1"",""D2"",""D3"",""D6"",""D7"",""D8"",""E1"",""E2"",""E3"",""E4"",""E5"",""E6"",""E7"",""E8"",""F1"",""F2"",""F3"",""F4"",""F5"",""F6"",""F7"",""F8"",""G1"",""G2"",""G3"",""G4"",""G5"",""G6"",""G7"",""G8"",""H1"",""H2"",""H3"",""H4"",""H5"",""H6"",""H7"",""H8"",""D4"",""D5""]",いつでも,3,多い,西以外の全体に出ます。,1,"[""マップほぼ全域に広範囲で出現します、西の方はいない""]

ほぼ全体に出現。3匹構成まであるのでおすすめ。れんごくちょうに注意。
ver: 2.0","2026-03-14 07:35:30","2026-03-22 17:24:58"
2702,350,137,746,"[""E1"",""E2"",""E3"",""E4"",""E5"",""E6"",""E7"",""E8"",""F1"",""F2"",""F3"",""F4"",""F5"",""F6"",""F7"",""F8"",""G1"",""G2"",""G3"",""G4"",""G5"",""G6"",""G7"",""G8"",""H1"",""H2"",""H3"",""H4"",""H5"",""H6"",""H7"",""H8""]",いつでも,2,多い,ケラコーナ原生林以上にかなりいて、こちらも昼夜問わないのでおすすめです。,1,"[""マップほぼ全域に広範囲で出現します、西の方はいない""]

ケラコーナ原生林以上にわんさかいて、こちらも昼夜問わないのでおすすめ。周りにいるのがこうていタップやルバンカくらいなのでリンクしにくいのも利点。最大2匹。
ver: 2.2","2026-03-14 07:35:30","2026-03-22 19:06:02"
2703,80,138,748,,いつでも,,普通,霊廟での戦闘中にたまに出るです。,0,"[""霊廟での戦闘中にたまに出る""]","2026-03-14 07:35:32","2026-03-20 18:53:49"
2704,821,138,748,"[""A1"",""B1"",""A2"",""B2"",""A3"",""B3"",""A4"",""B4"",""A5"",""B5"",""A6"",""B6"",""C5"",""D5"",""C6"",""D6"",""E5"",""F5"",""E6"",""F6"",""G5"",""H5"",""G6"",""H6"",""G7"",""H7"",""G8"",""H8"",""E7"",""F7"",""E8"",""F8"",""C7"",""D7"",""C8"",""D8"",""A7"",""B7"",""A8"",""B8"",""C3"",""D3"",""C4"",""D4"",""E3"",""F3"",""E4"",""F4"",""G3"",""H3"",""G4"",""H4"",""E1"",""F1"",""E2"",""F2"",""C1"",""D1"",""C2"",""D2""]",いつでも,,普通,霊廟での戦闘中にたまに出ます。,0,"[""霊廟での戦闘中にたまに出る""]","2026-03-14 07:35:32","2026-07-29 10:43:01"
2705,822,138,748,"[""A1"",""B1"",""A2"",""B2"",""A3"",""B3"",""A4"",""B4"",""A5"",""B5"",""A6"",""B6"",""A7"",""B7"",""A8"",""B8"",""C7"",""D7"",""C8"",""D8"",""E7"",""F7"",""E8"",""F8"",""E5"",""F5"",""E6"",""F6"",""E3"",""F3"",""E4"",""F4"",""G3"",""H3"",""G4"",""H4"",""E1"",""F1"",""E2"",""F2"",""C1"",""D1"",""C2"",""D2"",""C3"",""D3"",""C4"",""D4"",""C5"",""D5"",""C6"",""D6"",""G5"",""H5"",""G6"",""H6"",""G1"",""H1"",""G2"",""H2"",""G7"",""H7"",""G8"",""H8""]",いつでも,,普通,霊廟での戦闘中にたまにでます。,0,"[""霊廟での戦闘中にたまに出る""]","2026-03-14 07:35:32","2026-03-24 07:34:02"
2706,428,139,749,"[""A1"",""A2"",""A3"",""A4"",""A5"",""A6"",""A7"",""A8"",""B1"",""B2"",""B3"",""B4"",""B5"",""B6"",""B7"",""B8"",""C1"",""C2"",""C3"",""C4"",""C5"",""C6"",""C7"",""C8"",""D1"",""D2"",""D3"",""D4"",""D5"",""D6"",""D7"",""D8"",""E1"",""E2"",""E3"",""E4"",""E5"",""E6"",""E7"",""E8"",""F1"",""F2"",""F3"",""F4"",""F5"",""F6"",""F7"",""F8"",""G1"",""G2"",""G3"",""G4"",""G5"",""G6"",""G7"",""G8"",""H1"",""H2"",""H3"",""H4"",""H5"",""H6"",""H7"",""H8""]",いつでも,3,多い,洞くつ全体に広くいます。通路にはこのモンスターのシンボルしかないです。最大3匹でマミーも混ざります。眠っている間に自爆に巻き込まれないようにしたいです。また、まおうのつかいに2匹まで一緒に出ます。,0,"[""マップ全域どこにでもいる""]

洞くつ全体に分布。通路にはこのモンスターのシンボルしかない。最大3匹構成でマミーと混成する。眠っている間に自爆に巻き込まれないようにしたい。また、まおうのつかいに2匹までくっつく。
ver: 2.4","2026-03-14 07:35:36","2026-03-23 09:34:32"
2707,371,139,749,"[""F5"",""F7""]",いつでも,,5,E-5、F-7の小部屋に計5シンボルです。湧きは1分程のため2部屋を往復すれば連戦できます。,1,"[""EF-5とF-7の広い所にいる""]

E-5とF-7の小部屋に計5シンボル。リポップは1分程のため2部屋を往復すれば連戦できる。遠い上にジェイドフレアが高確率で二匹まで混成するせいで事故が起きやすい。
ver: 3.0","2026-03-14 07:35:36","2026-03-23 06:55:38"
2708,445,139,749,"[""D6"",""D4"",""E4"",""F3""]",いつでも,3,多い,各部屋にそこそこの数がいます。3匹まで出てくるので注意です。ジェイドフレアも混ざります。,0,"[""通路以外の広い所にどこにでもいる""]

各部屋にそこそこの数が生息。3匹まで出てくるので注意。ジェイドフレアと混成する。
ver: 2.1","2026-03-14 07:35:36","2026-03-23 10:11:26"
2709,490,139,749,"[""D6"",""D5""]",いつでも,,普通,小部屋に出ます。数は少なく湧きもやや遅め。,0,"[""C-4とD-6の広い所にいる""]

D-5やD-6の小部屋に出現。数はそんなに多くないので真のデフェル荒野のほうが楽だろう。
ver: 2.1","2026-03-14 07:35:36","2026-03-23 11:28:10"
2710,306,140,750,"[""E2"",""D2"",""D1"",""E1""]",いつでも,1,多い,北の遺跡地帯のDE-2でよく見かけます。,1,"[""北の遺跡地帯(DE-2)にたくさんいます""]

遺跡地帯にそこそこのシンボルあり。1匹構成。だいまじんが絡んでくるので注意。
ver: 2.0","2026-03-14 07:35:40","2026-03-23 08:34:12"
2711,381,140,750,"[""B3"",""B2"",""C2"",""C3""]",いつでも,,少ない,シンボルが少ないので微妙なところだが探しやすい。,1,"[""北西のエリアB-3あたりに数匹いる""]

遺跡部分を抜けた先に生息している。シンボルが少ないので微妙なところだが探しやすく、他のモンスターがみずたまドラゴンしかいないので絡まれないのも利点。
ver: 3.1","2026-03-14 07:35:40","2026-03-26 14:34:38"
2712,215,140,750,"[""C5"",""E5""]",いつでも,1〜2,多い,中央あたりの西側の高台にいます。1〜2匹で出ます。たくさんいるが沸きは遅い。,0,"[""C-5やE-5の高所にたくさんいる""]

マップ中央の西側の高台に生息。1～2匹構成。沸きが遅く1人だけでもすぐ涸れてしまう。
ver: 2.0","2026-03-14 07:35:40","2026-03-22 12:09:24"
2713,580,140,750,"[""E2"",""D2""]",いつでも,,4,おすすめです。DE-2の遺跡地帯にいます。,0,"[""北の遺跡地帯(DE-2)にいる""]

遺跡地帯の3つの部屋に4シンボル。後ろから近付いても反応される。転生狙いの際に大いに邪魔をしてくる。十分な強さがあればリンクさせて一気に狩りたいところ。
ver: 2.0","2026-03-14 07:35:40","2026-03-23 15:22:48"
2714,373,140,750,"[""C5"",""C6"",""C7"",""C8"",""D5"",""D6"",""D7"",""D8"",""E3"",""E4"",""E5"",""E6"",""E7"",""E8"",""F3"",""F4"",""F5"",""F6"",""F7"",""F8""]",いつでも,,多い,遺跡地帯の南に広い範囲でいます。関所付近を含む道沿いではモヒカントが一緒に出ます。高台では同種かきせいじゅが一緒に出ます。,0,"[""マップのほぼ全域(高い所も)にいる、北の方はいない""]

遺跡地帯の南に広く生息。関所付近を含む街道沿いではモヒカントがくっつく。こちらはフォレスドンに非常に絡まれやすい。高台では同種かきせいじゅがくっつく。こちらはフォレスドンの心配をしなくてよい代わりにシンボルが少ない。
ver: 2.0","2026-03-14 07:35:40","2026-03-23 07:08:00"
2715,423,140,750,"[""E3"",""E4"",""D5"",""D4"",""E2"",""D6""]",いつでも,2,多い,道沿い全域にかけてかなり多めいます。2匹固定ではない。,0,"[""三門の関所から北にE-3あたりまでずっといる、高い所にはいない""]

街道沿い全域にかけてうじゃうじゃいる。2匹固定ではないので注意。
ver: 2.0","2026-03-14 07:35:40","2026-03-23 09:16:49"
2716,349,140,750,"[""B3"",""C3"",""C2"",""B2""]",いつでも,3,多い,最大3匹出ますし、数はそこそこ多いです。,0,"[""北西のエリアB-3あたりにたくさんいる""]

遺跡部分を抜けた先に生息している。最大3匹出現し、数はそこそこ多い。
ver: 2.0","2026-03-14 07:35:40","2026-03-22 19:03:37"
2717,372,140,750,"[""C5"",""C6"",""C7"",""C8"",""D5"",""D6"",""D7"",""D8"",""E5"",""E6"",""E7"",""E8"",""F5"",""F6"",""F7"",""F8""]",いつでも,,多い,遺跡地帯の南に広い範囲でいます。関所付近を含む道沿いではバッファロンが一緒に出ます。高台では同種かきせいじゅが一緒に出ます。,0,"[""マップのほぼ全域(高い所も)にいる、北の方はいない""]

遺跡地帯の南に広く生息。関所付近を含む街道沿いではバッファロンがくっつく。こちらはフォレスドンに非常に絡まれやすい。高台では同種かきせいじゅがくっつく。こちらはフォレスドンの心配をしなくてよい代わりにシンボルが少ない。
ver: 2.0","2026-03-14 07:35:40","2026-03-23 07:07:17"
2718,269,141,751,"[""D5""]",いつでも,,少ない,中央D-5あたりの低い所にいます。,1,"[""マップ中央D-5あたりの低い所にいる""]

南部のごく一部に湧きポイントあり。でもこっちも少ない上、バッファロンやモヒカントに絡まれたりする。
ver: 3.0","2026-03-14 07:35:43","2026-03-22 14:40:48"
2719,367,141,751,"[""F4""]",いつでも,1〜3,多い,F-4にまとまっています。北部からグランゼドーラ領にかけての遺跡あたりにいます。1〜3匹で出ます。まあどちらでもおすすめ。,1,"[""F-4に固まっている""]

北部からグランゼドーラ領にかけての遺跡周辺に生息。 スカラベキングがくっついてくるのが難点だが、数は多いのでおすすめ。1～3匹構成。
ver: 2.0","2026-03-14 07:35:43","2026-03-23 06:46:47"
2720,617,141,751,"[""B4""]",いつでも,,普通,真と同じです。転生ついでに。,0,"[""西の離れたエリアB-4・5あたりに数匹いる""]

西部飛び地に2シンボル。湧きポイントが少し広いのには注意。
ver: 2.2","2026-03-14 07:35:43","2026-03-23 16:59:48"
2721,451,141,751,"[""E4"",""F4"",""D3""]",いつでも,1〜2,多い,やや北のエリアEF-4やD-3あたりによくいます。,0,"[""やや北のエリアEF-4やD-3あたりにいっぱいいる、D-4の高所にもいる""]

北部一帯に広く生息。1～2匹。またアモデウスが加わる構成もある。
ver: 2.0","2026-03-14 07:35:43","2026-03-23 10:30:20"
2722,485,141,751,"[""D1""]",いつでも,3〜4,普通,3〜4匹います。,0,"[""北のD-1にいる、3～4匹いる""]

北部の滝のあたりから海風の洞くつにかけていくつかシンボルがある。
ver: 3.0","2026-03-14 07:35:43","2026-03-23 11:16:43"
2723,202,141,751,"[""C4"",""B4"",""B5"",""C5""]",いつでも,,多い,西部飛び地に大量にいます。おすすめ。穴に注意しよう。,1,"[""西の離れたエリアB-4・5あたりにたくさんいる""]

西部飛び地に大量にいる。おすすめ。
ver: 2.1","2026-03-14 07:35:43","2026-03-22 11:46:27"
2724,373,141,751,"[""C3"",""C4"",""C5"",""C6"",""D3"",""D4"",""D5"",""D6"",""E3"",""E4"",""E5"",""E6"",""F3"",""F4"",""F5"",""F6""]",いつでも,1〜2,普通,高い所にもいます。平地ではビッグモアイがいる崖から南に広くいます。1〜2匹で出て、モヒカントも混ざります。,1,"[""マップ中央から南のエリアにいる、高い所にもいる""]

平地ではビッグモアイがいる崖から南に分布。1～2匹構成でモヒカントが混成する。フォレスドンがリンクすると3匹相手にすることになったりするので注意。ロヴォス高地に通じる高台とその対岸では1匹構成。レベルが低い場合はこちらがおすすめ。ただしこちらはBOTも増えてきている。
ver: 2.0","2026-03-14 07:35:43","2026-03-23 07:08:00"
2725,310,141,751,"[""B4"",""B5"",""A5"",""A4""]",いつでも,1〜2,多い,西部にのみ出ます。混成無しの1〜2匹で出ます。セレドット山道よりもまとまっています。ドラゴンキッズといっしょに転生を狙おう。,1,"[""西の離れたエリアB-4・5あたりにたくさんいる""]

西部にのみ出現。混成無しの1～2匹構成。セレドット山道よりも密集している。ドラゴンキッズも多く生息。
ver: 2.0","2026-03-14 07:35:43","2026-03-22 17:29:08"
2726,333,141,751,"[""E4""]",いつでも,1,普通,中央の高台から低地に下がる部分に1シンボルです。だいたい5分ほどで湧きます。,0,"[""E-4の坂を上ったところにポツンと1匹いる""]

中央の高台から低地に下がる部分に1シンボル。だいたい5分ほどでリポップ。
ver: 2.0","2026-03-14 07:35:43","2026-03-22 18:34:25"
2727,423,141,751,"[""D4"",""D5"",""D6"",""C7"",""D7""]",いつでも,2,多い,真と同じ。,0,"[""マップ中央から南のエリアにいる、高い所にはいない""]

南部に出現。数が多い。2匹固定ではないので注意。
ver: 2.0","2026-03-14 07:35:43","2026-03-23 09:16:49"
2728,372,141,751,"[""C4"",""C5"",""C6"",""D4"",""D5"",""D6"",""E4"",""E5"",""E6"",""F4"",""F5"",""F6""]",いつでも,1〜2,普通,高い所にもいます。平地ではビッグモアイがいる崖から南に広くいます。1〜2匹で出て、バッファロンも混ざります。ロヴォス高地に通じる高台とその対岸では1匹で出ます。,1,"[""マップ中央から南のエリアにいる、高い所にもいる""]

平地ではビッグモアイがいる崖から南に分布。1～2匹構成でバッファロンが混成する。フォレスドンがリンクすると3匹相手にすることになったりするので注意。ロヴォス高地に通じる高台とその対岸では1匹構成。レベルが低い場合はこちらがおすすめ。ただしこちらはBOTも増えてきている。
ver: 2.0","2026-03-14 07:35:43","2026-03-23 07:07:17"
2729,393,142,753,"[""D3"",""F3"",""E3""]",いつでも,,普通,だいたい城を出てすぐのところにシンボルがいます。D-3からF-3あたりにいます。,0,"[""D-3からF-3あたりにいます""]

だいたい城を出てすぐのところにシンボルがいる。
ver: 2.0","2026-03-14 07:35:45","2026-03-23 07:44:13"
2730,474,142,753,"[""D5""]",いつでも,2,2,約1分で次が湧きます。,1,"[""D-5あたりに2匹くらい大体いる""]

南部のロヴォス高地に続く道に複数のシンボル。狩るならここが一番いいだろう。約1分で次が湧くようだ。
ver: 3.0","2026-03-14 07:35:45","2026-03-26 14:09:55"
2731,322,142,753,"[""E3""]",いつでも,,普通,E3あたりを飛んでいますがそんなにいない。,1,"[""E-3あたりを飛んでいますがそんなにいない""]

レビュール街道方面からグランゼドーラ城下町にかけて数シンボル。東側に溜まっている場合もある。視界もよく平坦な土地で接敵しやすいが、スパイクヘッドがとにかく邪魔。
ver: 2.0","2026-03-14 07:35:45","2026-03-22 18:13:24"
2732,328,142,753,"[""A1"",""A2"",""A3"",""A4"",""A5"",""A6"",""A7"",""A8"",""B1"",""B2"",""B3"",""B4"",""B5"",""B6"",""B7"",""B8"",""C1"",""C2"",""C3"",""C4"",""C5"",""C6"",""C7"",""C8"",""D1"",""D2"",""D3"",""D4"",""D5"",""D6"",""D7"",""D8"",""E1"",""E2"",""E3"",""E4"",""E5"",""E6"",""E7"",""E8"",""F1"",""F2"",""F3"",""F4"",""F5"",""F6"",""F7"",""F8"",""G1"",""G2"",""G3"",""G4"",""G5"",""G6"",""G7"",""G8"",""H1"",""H2"",""H3"",""H4"",""H5"",""H6"",""H7"",""H8""]",いつでも,1〜2,多い,地域限定。1〜2匹で出て、つかいまも混ざります。マップ全体に分布し、シンボル数も非常に多いです。,1,"[""マップのほぼ全域にたくさんいる、見張り塔の方はいない""]

地域限定モンスター。1～2匹構成でつかいまが混成する。マップ全体に分布し、シンボル数も非常に多い。小さくて視認しづらいので気を付けていないとぶつかってしまう。2.2現在はBOTも進出してきている。
ver: 2.0","2026-03-14 07:35:45","2026-03-22 18:23:34"
2733,237,142,753,"[""E6"",""E7"",""F7"",""F8"",""E8"",""F6""]",いつでも,1〜3,普通,地域限定。1〜3匹でマジックアーマーやスパイクヘッドも混ざります。,1,"[""E-6の見張り塔から南に出現します""]

地域限定モンスター。南東の石畳から橋のあたりに分布。1～3匹構成でマジックアーマーと互いに混成し、スパイクヘッドに混成する。討伐数稼ぎはマジックアーマーを倒せるようになってからにするのが無難。先に同地域限定のスパイクヘッドを終わらせると無駄がでない。
ver: 2.1","2026-03-14 07:35:45","2026-03-22 12:49:42"
2734,291,142,753,"[""E4""]",昼,,少ない,昼のみE-4あたりを飛んでいますがそんなにいない。,0,"[""昼のみE-4あたりを飛んでいますがそんなにいない""]

まばらなので出会いにくいだろう。
ver: 2.4","2026-03-14 07:35:45","2026-03-22 15:48:14"
2735,344,142,753,"[""E6"",""F6"",""F7"",""F8""]",いつでも,1〜3,普通,東部の橋の辺りにそこそこの数です。1〜3体でつかいまも混ざります。,1,"[""E-6の見張り塔から南に出現します""]

東部の橋の辺りにそこそこの数。この区域全体で湧きを共有しているようだ。1～3体構成でつかいまと互いに混成する。
ver: 2.0","2026-03-14 07:35:45","2026-03-22 18:54:56"
2736,422,143,754,"[""E3"",""E7"",""E2"",""E6"",""D4"",""E5""]",いつでも,1,多い,真と同じ。,0,"[""南のエリアE-7・8あたりにいるが数は少ない、E-3にも1匹いた""]

北部には広範囲にごく少数で探しにくい。ブルーミンクスがくっつくことがある。南部のほうがよいが、そちらもあまり数が多いわけではない。
ver: 2.0","2026-03-14 07:35:47","2026-03-23 09:15:35"
2737,616,143,754,"[""C2""]",いつでも,3,多い,偽レビュール街道北に通じる洞窟に3シンボルほどです。ここが一番おすすめか。,1,"[""C-2の洞くつ内に3匹くらいいる""]

偽レビュール街道北に通じる洞窟に3シンボルほど。シンボル同士は近い位置にいる。多いように見えるが狩ると涸れる。
ver: 2.4","2026-03-14 07:35:47","2026-03-23 16:56:45"
2738,391,143,754,"[""F4""]",いつでも,1,多い,東部のゼドラ洞にいくつり橋のところに数シンボルです。1匹固定だが湧きが早い。,1,"[""F-4のつり橋があるところ周辺にけっこういる""]

東部のゼドラ洞にいくつり橋のところに数シンボル。1匹固定だが湧きが早く、かつ密集しているためリンクさせやすい。
ver: 2.0","2026-03-14 07:35:47","2026-03-23 07:42:58"
2739,431,143,754,"[""D4"",""E7"",""D2"",""E2"",""E3"",""D3"",""E8""]",いつでも,,多い,北部にかなりいる。,1,"[""グランゼドーラ領から入ってすぐのエリアとD-4と南のエリアE-7・8あたりにたくさんいる""]

北部にかなりの数がひしめいている。狩るだけならガートラント領のほうが楽かも。
ver: 2.0","2026-03-14 07:35:47","2026-03-23 09:42:26"
2740,305,143,754,"[""D3""]",いつでも,,普通,樹天の連橋上にいます。,0,"[""D-3の樹天の連橋の上にいる""]

樹天の連橋上にいる。
ver: 2.0","2026-03-14 07:35:47","2026-03-22 17:22:28"
2741,291,143,754,"[""D2"",""E3""]",昼,1,少ない,北部にまばらに出ます。やはり昼のみの一匹で出会いにくい。,0,"[""昼のみ出現で数は少ない、D-2とE-3に1匹ずついた""]

北部にまばらに出現。やはり昼のみの一匹構成で出会いにくい。
ver: 2.0","2026-03-14 07:35:47","2026-03-22 15:48:14"
2742,342,143,754,"[""E2"",""D2"",""D3"",""E3"",""F3"",""F2""]",いつでも,1,多い,1匹です。さそう踊り注意。,1,"[""グランゼドーラ領から入ってすぐのエリアに大量にいる""]

入ってすぐのところにシンボルは大量にいる。一匹構成。さそうおどりが全体対象の上にやたらと成功率が高く、思ったよりも狩りにくい。
ver: 2.0","2026-03-14 07:35:47","2026-03-22 18:49:40"
2743,440,143,754,"[""D3""]",いつでも,,多い,樹天の連橋の下に5シンボルほどいます。断然おすすめです。,1,"[""D-3の樹天の連橋の下あたりにたくさんいる""]

樹天の連橋の下に5シンボルほどいる。断然おすすめ。
ver: 2.0","2026-03-14 07:35:47","2026-03-23 10:01:51"
2744,544,144,755,"[""B3"",""B6"",""H5""]",いつでも,1,普通,広くなった場所にいます。おすすめです。1分ほどで湧きます。,1,"[""洞くつ内のちょっと広くなっている所に1匹ずついる感じです、B-3やB-6やH-5など""]

おすすめ。出現場所は袋小路の広い部分などと限られているが、1分ほどで次のシンボルが出現する。近くのリビングスタチューと並行してもいい。
ver: 2.0","2026-03-14 07:35:51","2026-03-23 14:18:19"
2745,341,144,755,"[""A1"",""A2"",""A3"",""A4"",""A5"",""A6"",""A7"",""A8"",""B1"",""B2"",""B3"",""B4"",""B5"",""B6"",""B7"",""B8"",""C1"",""C2"",""C3"",""C4"",""C5"",""C6"",""C7"",""C8"",""D1"",""D2"",""D3"",""D4"",""D5"",""D6"",""D7"",""D8"",""E1"",""E2"",""E3"",""E4"",""E5"",""E6"",""E7"",""E8"",""F1"",""F2"",""F3"",""F4"",""F5"",""F6"",""F7"",""F8"",""G1"",""G2"",""G3"",""G4"",""G5"",""G6"",""G7"",""G8"",""H1"",""H2"",""H3"",""H4"",""H5"",""H6"",""H7"",""H8""]",いつでも,,多い,ぬかどこスライムも混ざります。,0,"[""全域で通路には大体いる""]

試練の門を抜けた後、洞窟全体にまばらにシンボルあり。ぬかどこスライムと混成する。
ver: 2.0","2026-03-14 07:35:51","2026-03-22 18:48:23"
2746,323,144,755,"[""A1"",""A2"",""A3"",""A4"",""A5"",""A6"",""A7"",""A8"",""B1"",""B2"",""B3"",""B4"",""B5"",""B6"",""B7"",""B8"",""C1"",""C2"",""C3"",""C4"",""C5"",""C6"",""C7"",""C8"",""D1"",""D2"",""D3"",""D4"",""D5"",""D6"",""D7"",""D8"",""E1"",""E2"",""E3"",""E4"",""E5"",""E6"",""E7"",""E8"",""F1"",""F2"",""F3"",""F4"",""F5"",""F6"",""F7"",""F8"",""G1"",""G2"",""G3"",""G4"",""G5"",""G6"",""G7"",""G8"",""H1"",""H2"",""H3"",""H4"",""H5"",""H6"",""H7"",""H8""]",いつでも,1〜2,多い,マップ全域の通路にたくさんいます。1〜2匹で出て、シャドーも混ざります。,1,"[""マップ全域の通路にいます、たくさんいる""]

試練の門を抜けた後、洞窟全体にまばらにシンボルあり。1～2匹構成でシャドーが混成する。
ver: 2.0","2026-03-14 07:35:51","2026-03-22 18:15:05"
2747,337,144,755,"[""B3"",""B6"",""H5""]",いつでも,1〜2,普通,B-3やB-6やH-5などtd>にいます。狭い範囲に2シンボル即湧きかつ、1〜2匹で出ます。場所によってはキマイラロードと並行可能です。,0,"[""洞くつ内のちょっと広くなっている所にいる、B-3やB-6やH-5などtd>""]

狭い範囲に2シンボル即湧きかつ、1～2匹構成。場所によってはキマイラロードと並行可能。
ver: 3.4","2026-03-14 07:35:51","2026-03-20 18:53:49"
2748,250,145,756,"[""A6""]",いつでも,1,多い,湧き早めでおすすめ。,1,"[""A-6に固まっている""]

イーターに絡まれないレベルならばおすすめ。レビュール街道側から入って南に進んだところのイーター地帯にいる。1匹湧きだが再ポップが早い。
ver: 2.0","2026-03-14 07:35:54","2026-03-22 13:15:42"
2749,336,145,756,"[""C5"",""B5""]",いつでも,,普通,BC5の床がきれいになっているところに出現する。,0,"[""BC-5の床がきれいになっているところに出現する""]

入口側の床が石畳の部分に出現する。
ver: 2.0","2026-03-14 07:35:54","2026-03-22 18:38:06"
2750,360,145,756,"[""A4"",""E5"",""A5"",""B5"",""C5"",""D5""]",いつでも,1〜2,普通,入口付近の地面が土の部分にかなりの数。1〜2匹で出ます。,0,"[""A-4から入って道なりにE-5あたりまでいる""]

入口付近の地面が土の部分にかなりの数だが、一所で狩っていると涸れる。1～2匹構成。
ver: 2.0","2026-03-14 07:35:54","2026-03-23 06:34:58"
2751,343,145,756,"[""D3"",""F6""]",いつでも,,普通,わらわらいる,0,"[""D-3あたりにいる(はしごの上も)、あと南側の通路にもいるF-6あたりとか""]

試練の門を迂回する通路にシンボル。結構いるが、探すと見つからない程度のレベル。固定のものは獲物呼びPTに狩られていることもあるが、まものつかい2人だと湧きが間に合わない。2.4から北東部の通路にも出るようになった。
ver: 2.4","2026-03-14 07:35:54","2026-03-22 18:51:43"
2752,563,145,756,"[""D2""]",いつでも,,多い,2.4後期から新たに配置されたです。3.0よりレビュール北側の入り口から入ってすぐのA-5小部屋1分湧きはなくなり、洞くつ内全域の湧きになってしまったのでおすすめできないです。南側の通路にいたりD-2にもいたにいます。全体に出現するらしいです。,0,"[""南側の通路にいたりD-2にもいた、マップ全体に出現するらしい""]

2.4後期から新たに配置された。3.0よりレビュール北側の入り口から入ってすぐのA5小部屋1分湧きはなくなり、洞くつ内全域の湧きになってしまったのでおすすめできない。
ver: 3.0","2026-03-14 07:35:54","2026-03-23 15:06:00"
2753,426,145,756,"[""C5"",""C4"",""C3""]",いつでも,,少ない,リビングデッドにも一緒に出ます。,0,"[""南側の通路からC列の通路にいるが数は少ない""]

試練の門を迂回する通路にシンボル少数。リビングデッドにもくっつく。
ver: 2.0","2026-03-14 07:35:54","2026-03-23 09:30:40"
2754,377,145,756,"[""A6"",""D4"",""H2"",""G2"",""F2"",""E2"",""D3"",""D2""]",いつでも,,普通,H-2のグランゼドーラ城から西に続く通路でD-4まで出現する。,0,"[""H-2のグランゼドーラ城から西に続く通路でD-4まで出現する、A-6にもいる""]

入ってすぐの南側行き止まりと、グランゼドーラ城に続く通路にいる。道が狭いので回避しにくい。
ver: 2.0","2026-03-14 07:35:54","2026-03-23 07:17:19"
2755,545,145,756,"[""C4"",""F6""]",いつでも,1,普通,湧きは長い。,0,"[""F-6とC-4の広くなっているところに1匹ずついる""]

試練の門を迂回する通路の広場部分にシンボルあり。やはり再ポップまで長いが呪われた大地よりマシ。
ver: 2.0","2026-03-14 07:35:54","2026-03-23 14:21:39"
2756,647,145,756,"[""D3""]",いつでも,,3,D-3のハシゴを上った東側にいる,0,"[""D-3のハシゴを上った東側に出現する""]

2.4より追加された東北部の通路に3シンボルほど。
ver: 2.4","2026-03-14 07:35:54","2026-03-23 17:33:44"
2757,407,145,756,"[""C4"",""F6"",""C3"",""D4"",""D3"",""E6"",""E5"",""F5""]",いつでも,1〜3,多い,"F-6とC-4の広い所メイン。
南側の通路からC列の通路にもたくさんいる",0,"[""F-6とC-4の広い所とそれを結ぶ南側の通路からC列の通路にたくさんいる""]

試練の門を迂回した通路にうじゃうじゃいる。1～3匹構成でなげきの亡霊が1匹混成する。
ver: 2.0","2026-03-14 07:35:54","2026-03-23 08:54:16"
2758,380,145,756,"[""A6"",""D4"",""H2"",""G2"",""F2"",""E2"",""D2"",""D3""]",いつでも,,普通,H-2のグランゼドーラ城から西に続く通路でD-4まで出現するにいます。,0,"[""H-2のグランゼドーラ城から西に続く通路でD-4まで出現する、A-6にもいる""]

入ってすぐの南側行き止まりと、グランゼドーラ城に続く通路にいる。道が狭いので回避しにくい。
ver: 2.0","2026-03-14 07:35:54","2026-03-23 07:23:12"
2759,143,146,757,"[""B1"",""B2"",""B3"",""C1"",""C2"",""C3"",""D1"",""D2"",""D3"",""E1"",""E2"",""E3"",""F1"",""F2"",""F3"",""G1"",""G2"",""G3""]",いつでも,1,多い,おすすめです。一匹ではあるものの、シンボルの密度がよいです。,1,"[""マップの北側半分に広く出現する""]

おすすめ。一匹構成ではあるものの、シンボルの密度がよい。
ver: 2.2","2026-03-14 07:35:57","2026-03-21 19:11:16"
2760,86,146,757,"[""B1"",""B2"",""B3"",""C1"",""C2"",""C3"",""D1"",""D2"",""D3"",""E1"",""E2"",""E3"",""F1"",""F2"",""F3"",""G1"",""G2"",""G3""]",いつでも,1〜2,多い,シンボル数は多いが出現数が微妙です。,0,"[""マップの北側半分に広く出現する""]

シンボル数は多いが数が微妙か。他のところのほうがいいかも。
ver: 2.2","2026-03-14 07:35:57","2026-03-21 15:13:53"
2761,69,146,757,"[""C6"",""C7"",""D6"",""D7"",""E6"",""E7""]",いつでも,1〜2,普通,数、湧きともに悪くないです。1〜2匹で出て、時々スライムナイトも混ざります。,0,"[""マップの南側半分に広く出現する""]

数、湧きともに悪くない。1～2匹構成で、時々スライムナイトが混成する。ルーラストーンを登録してあるならここでもいい。
ver: 2.2","2026-03-14 07:35:57","2026-03-21 13:55:49"
2762,136,146,757,"[""D4"",""E7"",""F7""]",いつでも,,4,D-4、E-7にいます。おすすめです。北西部にシンボル1つの即湧き、南東部にシンボル3つの範囲即湧きです。,1,"[""D-4とE-7にいる""]

おすすめ。北西部にシンボル1つの即湧き、南東部にシンボル3つの範囲即湧き。ルーラポイントが近く、転生のちょうろうじゅ狙いで狩っている人がいることもある。
ver: 2.4","2026-03-14 07:35:57","2026-03-21 18:57:00"
2763,84,146,757,"[""B6"",""B7"",""C6"",""C7"",""D6"",""D7"",""E6"",""E7"",""F6"",""F7""]",いつでも,1〜2,普通,数、湧きともに悪くないです。1〜2匹で、時々グレムリンが混じる。,0,"[""マップの南側半分に広く出現する""]

数、湧きともに悪くない。1～2匹構成で、時々グレムリンが混じる。ルーラストーンを登録してあるならここでいい。
ver: 2.2","2026-03-14 07:35:57","2026-03-21 15:02:12"
2764,8,147,758,"[""B1"",""B2"",""B3"",""C1"",""C2"",""C3"",""D1"",""D2"",""D3"",""E1"",""E2"",""E3"",""F1"",""F2"",""F3"",""G1"",""G2"",""G3""]",いつでも,1〜3,普通,シンボルの湧き間隔が狭い上に即湧きで、おおきづちと混成ながら最大3匹まで出ます。逃げるので優先的に狩ることです。,1,"[""マップの北側半分に広く出現する""]

シンボルの湧き間隔が狭い上に即湧きで、おおきづちと混成ながら最大3匹構成までありうる。逃げるので優先的に狩ること。
ver: 2.2","2026-03-14 07:35:59","2026-03-26 14:25:24"
2765,15,147,758,"[""B1"",""B2"",""B3"",""C1"",""C2"",""C3"",""D1"",""D2"",""D3"",""E1"",""E2"",""E3"",""F1"",""F2"",""F3"",""G1"",""G2"",""G3""]",いつでも,3,普通,おすすめです。シンボルの湧き間隔が狭く即湧きで、いっかくウサギと混成ながら最大3匹まで出ます。,1,"[""マップの北側半分に広く出現する""]

おすすめ。シンボルの湧き間隔が狭い上に即湧きで、いっかくウサギと混成ながら最大3匹構成までありうる。
ver: 2.2","2026-03-14 07:35:59","2026-03-21 12:10:13"
2766,18,147,758,"[""F4""]",いつでも,1,少ない,いしずえの森の前に一匹埋まっている。,0,"[""F-4に1匹いる""]

いしずえの森の前に一匹埋まっているが、こんなところで狩るくらいなら他へ行くべき。
ver: 2.2","2026-03-14 07:35:59","2026-03-21 12:35:26"
2767,1,147,758,"[""B6"",""B7"",""B8"",""C6"",""C7"",""C8"",""D6"",""D7"",""D8""]",いつでも,,多い,村から出たところに大量にいますが、アクセスが悪いのであえてここで狩る必要もない。,0,"[""マップの南側半分に広く出現する""]

村から出たところに大量にいるが、アクセスが悪いのであえてここで狩る必要もないだろう。
ver: 2.2","2026-03-14 07:35:59","2026-04-02 08:31:29"
2768,84,147,758,"[""E2""]",いつでも,1,1,E-2の柵の所で1匹で出ます。,0,"[""E-2の柵の所に1匹いる""]

名もなき草原に出るところで1シンボルが通せんぼしているが、ここで狩るよりは名もなき草原に行くほうがいい。
ver: 2.2","2026-03-14 07:35:59","2026-03-21 15:02:12"
2769,7,147,758,"[""B6"",""B7"",""B8"",""C6"",""C7"",""C8"",""D6"",""D7"",""D8"",""E6"",""E7"",""E8"",""F6"",""F7"",""F8"",""G6"",""G7"",""G8""]",いつでも,,普通,エリアの南半分がいます。混成はせず単独です。,0,"[""マップの南側半分に広く出現する""]

エリアの南半分が生息範囲。単独出現で混成はしない。アクセスがよくないので、なにかのついでにという程度。
ver: 2.4","2026-03-14 07:35:59","2026-03-26 14:24:34"
2770,655,152,942,"[""E2""]",いつでも,2〜3,普通,北の浮島にいます。2〜3匹で出ます。,0,"[""D・E-2の浮島のみに出現します""]

北の浮島に生息。2～3匹構成。
ver: 7.3","2026-03-14 07:36:14","2026-03-23 17:43:42"
2771,659,152,942,"[""G4""]",いつでも,2〜3,普通,東の浮島にいます。2〜3匹で出ます。,0,"[""F・G-4の浮島のみに出現します""]

東の浮島に生息。2～3匹構成。
ver: 7.3","2026-03-14 07:36:14","2026-03-23 17:56:46"
2772,628,152,942,"[""E2""]",いつでも,2〜3,普通,北の浮島にいます。2〜3匹で出ます。,0,"[""D・E-2の浮島のみに出現します""]

北の浮島に生息。2～3匹構成。
ver: 7.3","2026-03-14 07:36:14","2026-03-23 17:10:06"
2773,834,152,942,"[""D4"",""E4"",""F4"",""G4"",""C4"",""C5"",""C6"",""C7"",""D7"",""E7"",""F7"",""G7"",""G6"",""G5"",""F5"",""E5"",""D5"",""D6"",""E6"",""F6""]",いつでも,2〜3,多い,"南東の島は、モノクロームナイトが混ざります。
中央の島は2〜3匹で出て、ライトアーマーも混ざります。
西と東の島では混成なし2〜3匹で出ます。",1,"[""ほぼ全域に出現、D・E-2の浮島にはいない""]

北の浮島を除く全域に生息。 西と南西、南東の島では3匹構成でモノクロームナイトが混ざる。 中央の島では2～3匹でライトアーマーと互いに混成する。西と東の島では混成なし2～3匹構成。
ver: 7.3","2026-03-14 07:36:14","2026-03-24 07:46:45"
2774,611,152,942,"[""G4"",""F4""]",いつでも,2〜3,5,"東のF,G4の浮島に5シンボルです。2〜3匹で出ます。",1,"[""F・G-4の浮島のみに出現します""]

東のF,G-4の浮島に5シンボル。2～3匹構成。魔因細胞は兼ねられないが、景色はいいので白箱狙いならお好みで。
ver: 7.3","2026-03-14 07:36:14","2026-03-23 15:59:46"
2775,902,152,942,"[""B6"",""G6"",""H6"",""H7"",""G7""]",いつでも,,お供,おとも限定モンスターです。ライトアーマーとシャドーメイルのお供で出現です。,1,"[""シンボルはなし、ライトアーマーとシャドーメイルのお供で出現""]

おとも限定モンスター。 西、南東、南西のライトアーマーとシャドーメイルにたまに混ざるが、南東のライトアーマーのおともは未確認。
ver: 7.3","2026-03-14 07:36:14","2026-03-24 11:03:46"
2776,906,152,942,"[""G4"",""B6"",""F4"",""E6"",""D6"",""D7"",""E7""]",いつでも,2〜3,多い,"東の浮島を除く全域にいます。
西と南西、南東の島では3匹で出ます。西と南西の島ではモノクロームナイトが混り、中央の島では2～3匹でシャドーメイルが一緒に出ます。",1,"[""ほぼ全域に出現、F・G-4の浮島にはいない""]

東の浮島を除く全域に生息。 西と南西、南東の島では3匹構成。 西と南西の島ではモノクロームナイトが混ざるが、南東の島では未確認。 中央の島では2～3匹でシャドーメイルと互いに混成する。北と西の島では混成なし2～3匹構成。
ver: 7.3","2026-03-14 07:36:14","2026-03-24 11:07:52"
2777,366,153,219,"[""C6"",""E5"",""F1"",""F4""]",いつでも,2〜3,普通,難破船のまわりに、混成無しの2〜3匹で出ます。夜になると難破船の北にも湧くようになり、そちらは1〜2匹で出ます。また、なげきの亡霊に2匹まで一緒に出ます。,1,"[""EF-4の難破船とC-6・7のトンネル内と朽ちた船の中にいる、夜になるとF-1とE-5の船でも出る""]

あちこちの難破船の中、周囲に出現する。マップ中央の難破船の中のシンボルは混成無しの2～3匹構成。夜になると難破船の北にも湧くようになり、そちらは1～2匹。また、なげきの亡霊に2匹までくっつく。
ver: 2.1","2026-03-14 07:36:16","2026-03-23 06:46:06"
2778,175,158,1042,"[""D7"",""C7"",""D2"",""E2""]",いつでも,3,少ない,洞くつに入って最初の方と最後の方にいます。,0,"[""洞くつに入って最初の方と最後の方にいます""]

ラバニの穴の試練の門の前やC～D-7などに数匹まとまって埋まっている。また非常にまばらだが試練の門の奥では徘徊しているシンボルもある。奥のものは最大3匹まで出現する。頻繁にパンプキッズに混成し、逆に極稀にパンプキッズがこちらに混成する。
ver: 3.1","2026-03-14 07:36:28","2026-03-23 08:46:57"
2779,370,158,1042,"[""D7"",""D6"",""D5"",""D4"",""E4"",""E5"",""E6"",""E7"",""D3"",""E3""]",いつでも,1〜2,少ない,シンボルは点々といます。1〜2匹で出て、じごくのたまねぎも混ざります。,1,"[""洞くつに入って試練の門から先に出現します""]

地域限定モンスター。ラバニの穴の試練の門より南にシンボルが湧く。シンボルはまばら。1～2匹構成でじごくのたまねぎが混成する。 ver2.3前期から試練の門が弱体化し、復活も無くなったためいつでも来れるようになった。
ver: 2.3","2026-03-14 07:36:28","2026-03-23 08:47:12"
2780,514,165,251,"[""D2"",""D3""]",夜,3〜4,少ない,夜限定で、再湧きに少し時間がかかるりシンボルも少ない。,0,"[""夜になるとD-2・3あたりに現れる""]

王国周辺に極少数シンボル。夜限定で、再湧きに少し時間がかかる。エモノよびなら一晩で3～4セット狩れるだろう。
ver: 2.3","2026-03-14 07:36:43","2026-03-23 13:34:18"
2781,836,166,260,"[""A1"",""A2"",""A3"",""A4"",""A5"",""A6"",""A7"",""A8"",""B1"",""B2"",""B3"",""B4"",""B5"",""B6"",""B7"",""B8"",""C1"",""C2"",""C3"",""C4"",""C5"",""C6"",""C7"",""C8"",""D1"",""D2"",""D3"",""D4"",""D5"",""D6"",""D7"",""D8"",""E1"",""E2"",""E3"",""E4"",""E5"",""E6"",""E7"",""E8"",""F1"",""F2"",""F3"",""F4"",""F5"",""F6"",""F7"",""F8"",""G1"",""G2"",""G3"",""G4"",""G5"",""G6"",""G7"",""G8"",""H1"",""H2"",""H3"",""H4"",""H5"",""H6"",""H7"",""H8""]",いつでも,,多い,荒地のものはボーンファイターが、砂漠のものはスカラベキングも混ざります。東の砂漠エリア全域と西エリアも高所を除いてだいたいいます。,0,"[""東の砂漠エリア全域と西エリアも高所を除いてだいたいいる""]

西部の一段上ったところや砂漠地帯に出現。荒地のものはボーンファイターが、砂漠のものはスカラベキングと混成する。
ver: 3.3","2026-03-14 07:36:45","2026-03-24 07:47:43"
2782,514,166,260,"[""F3"",""F4"",""F5"",""F6"",""G3"",""G4"",""G5"",""G6"",""H6"",""H5"",""H4"",""H3""]",夜,,少ない,砂漠地帯に夜限定で出ます。,0,"[""夜になると東の砂漠エリアに広く出現します、数は少ない""]

砂漠地帯に夜限定で出現。アラハギーロ地方よりは多いものの、それでも結構間隔は広いので獲物呼びできるならそっちのほうがいいかも。
ver: 2.3","2026-03-14 07:36:45","2026-03-23 13:34:18"
2783,11,180,284,"[""E2""]",夜,,普通,夜だけ出ます。ナルビアから出たところにいます。,0,"[""夜になるとE-2あたりに出現します""]

夜限定。ナルビアから出たところにいる。
ver: 2.3","2026-03-14 07:37:16","2026-03-21 12:03:11"
2799,636,185,976,"[""F5""]",いつでも,1,普通,望郷の間道5-Fに1匹で出ます。エモノ呼びできないです。望郷の間道F-5で戦闘になるにいます。,0,"[""望郷の間道F-5で戦闘になる""]

望郷の間道5-Fに1匹。エモノ呼びできない。
ver: 5.4","2026-03-14 07:37:28","2026-03-23 17:17:37"
2800,394,185,976,"[""E4""]",いつでも,1,少ない,望郷の間道E-4に1匹出ます。望郷の間道E-4で戦闘になるにいます。,0,"[""望郷の間道E-4で戦闘になる""]

望郷の間道E-4に1匹出現。
ver: 5.4","2026-03-14 07:37:28","2026-03-23 07:45:15"
2801,616,185,976,"[""E2""]",いつでも,1,少ない,享楽の間道E-2に1匹出ます。連戦の最後です。,0,"[""享楽の間道E-2で戦闘になる""]

享楽の間道E-2に1匹出現。連戦の最後。
ver: 5.4","2026-03-14 07:37:28","2026-03-23 16:56:45"
2802,510,185,976,"[""E4""]",いつでも,1,少ない,享楽の間道E-4に1匹出ます。エモノ呼びできないです。,0,"[""享楽の間道E-4で戦闘になる""]

享楽の間道E-4に1匹出現。エモノ呼びできない。
ver: 5.4","2026-03-14 07:37:28","2026-03-23 13:10:41"
2804,387,185,976,"[""E4""]",いつでも,1,少ない,望郷の間道E-4に1匹出ます。望郷の間道E-4で戦闘になるにいます。,0,"[""望郷の間道E-4で戦闘になる""]

望郷の間道E-4に1匹出現。
ver: 5.4","2026-03-14 07:37:28","2026-03-23 07:37:16"
2805,513,185,976,"[""E2""]",いつでも,2,少ない,享楽の間道E-2に2匹出ます。連戦の3波目です。,0,"[""享楽の間道E-2で戦闘になる""]

享楽の間道E-2に2匹出現。連戦の3波目。
ver: 5.4","2026-03-14 07:37:28","2026-03-23 13:18:48"
2806,455,185,976,"[""E2""]",いつでも,2,少ない,享楽の間道E-2に2匹出ます。連戦の1波目です。,0,"[""享楽の間道E-2で戦闘になる""]

享楽の間道E-2に2匹出現。連戦の1波目。
ver: 5.4","2026-03-14 07:37:28","2026-03-23 10:35:46"
2807,357,185,976,[],いつでも,2,普通,望郷の間道の先のエレベーターに2匹出ます。連戦の2波目です。永劫の浮動宮で戦闘になるです。,0,"[""永劫の浮動宮で戦闘になる""]

望郷の間道の先のエレベーターに2匹出現。連戦の2波目。
ver: 5.4","2026-03-14 07:37:28","2026-03-23 06:29:47"
2808,836,185,976,"[""F4""]",いつでも,1,少ない,享楽の間道F-4に1匹出ます。エモノ呼びできないです。,0,"[""享楽の間道F-4の部屋で戦闘になる""]

享楽の間道F-4に1匹出現。エモノ呼びできない。
ver: 5.4","2026-03-14 07:37:28","2026-03-24 07:47:43"
2809,438,185,976,"[""E4""]",いつでも,2,少ない,享楽の間道E-4に2匹出ます。享楽の間道E-4で戦闘になるにいます。,0,"[""享楽の間道E-4で戦闘になる""]

享楽の間道E-4に2匹出現。
ver: 5.4","2026-03-14 07:37:28","2026-03-23 09:54:29"
2810,366,185,976,"[""F4""]",いつでも,6,多い,享楽の間道F-4に6匹出ます。数こそ多いが稼ぎに使えるほどではないです。,0,"[""享楽の間道F-4の部屋で戦闘になる""]

享楽の間道F-4に6匹出現。数こそ多いが稼ぎに使えるほどではない。
ver: 5.4","2026-03-14 07:37:28","2026-03-23 06:46:06"
2811,643,185,976,[],いつでも,2,普通,望郷の間道の先のエレベーターに2匹出ます。連戦の3波目です。永劫の浮動宮で戦闘になるです。,0,"[""永劫の浮動宮で戦闘になる""]

望郷の間道の先のエレベーターに2匹出現。連戦の3波目。
ver: 5.4","2026-03-14 07:37:28","2026-03-23 17:27:07"
2812,426,185,976,"[""E2""]",いつでも,1,少ない,享楽の間道E-2に1匹出ます。連戦の3波目です。,0,"[""享楽の間道E-2で戦闘になる""]

享楽の間道E-2に1匹出現。連戦の3波目。
ver: 5.4","2026-03-14 07:37:28","2026-03-23 09:30:40"
2813,598,185,976,"[""E4""]",いつでも,1,少ない,望郷の間道E-4に1匹出ます。エモノ呼びできないです。,0,"[""望郷の間道E-4で戦闘になる""]

望郷の間道E-4に1匹出現。エモノ呼びできない。
ver: 5.4","2026-03-14 07:37:28","2026-03-23 15:50:07"
2814,234,185,976,[],いつでも,3,普通,。。。。,0,"[""永劫の浮動宮で戦闘になる""]

望郷の間道の先のエレベーターに3匹出現。連戦の2波目。
ver: 5.4","2026-03-14 07:37:28","2026-03-22 12:46:21"
2815,371,185,976,[],いつでも,1,普通,望郷の間道の先のエレベーターに1匹出ます。連戦の1波目です。エモノ呼びできないです。永劫の浮動宮で戦闘になるです。,0,"[""永劫の浮動宮で戦闘になる""]

望郷の間道の先のエレベーターに1匹出現。連戦の1波目。エモノ呼びできない。
ver: 5.4","2026-03-14 07:37:28","2026-03-23 06:55:38"
2816,344,185,976,"[""E2""]",いつでも,2,少ない,享楽の間道E-2に2匹出ます。,0,"[""享楽の間道E-2で戦闘になる""]

享楽の間道E-2に2匹出現。連戦1波目。
ver: 5.4","2026-03-14 07:37:28","2026-03-22 18:54:56"
2817,406,185,976,"[""F5""]",いつでも,2,少ない,望郷の間道F-5で2匹出ます。望郷の間道F-5で戦闘になるにいます。,0,"[""望郷の間道F-5で戦闘になる""]

望郷の間道F-5で2匹出現。
ver: 5.4","2026-03-14 07:37:28","2026-03-23 08:52:10"
2819,157,186,983,"[""D5""]",いつでも,1〜2,多い,D-5のミノの間によく見かけます。,0,"[""D-5のミノの間にいっぱいいます""]

ミノの間に大量のシンボルがある。1～2匹構成なのであえて狙うほどではないかも。
ver: 3.4","2026-03-14 07:37:30","2026-03-22 10:09:19"
2820,76,186,983,"[""D7"",""E7"",""E6"",""D6""]",いつでも,1〜2,多い,入ってすぐのところにまとまっていますしています。1〜2匹で出ます。,0,"[""入ってすぐの広い所に出現""]

入ってすぐのところに密集している。1～2匹構成。
ver: 3.4","2026-03-14 07:37:30","2026-03-21 14:18:42"
2821,645,186,983,"[""E3""]",いつでも,1,普通,センマイの間に1シンボルです。30秒くらいで次が湧くです。DE-3のゼンマイの間では1匹で出ます。,0,"[""DE-3のゼンマイの間に1匹います""]

センマイの間に1シンボル。30秒くらいで次が湧く。
ver: 3.4","2026-03-14 07:37:30","2026-03-23 17:28:14"
2822,478,186,983,"[""E3""]",いつでも,1〜2,多い,ブオーン。,0,"[""DE-3のゼンマイの間にいっぱいいます""]

センマイの間に大量のシンボルがある。1～2匹構成。数も湧きも悪くないが、戦いにくい地形。
ver: 3.4","2026-03-14 07:37:30","2026-03-23 11:08:15"
2823,133,186,983,"[""D5""]",いつでも,1〜2,多い,D-5のミノの間によく見かけます。1〜2匹だが、アクセスはいまいちです。,0,"[""D-5のミノの間にいっぱいいます""]

ミノの間に大量のシンボルがある。1～2匹構成だが、アクセスはいまいち。
ver: 3.4","2026-03-14 07:37:30","2026-03-21 18:53:11"
2824,304,186,983,"[""E7"",""D7"",""D6"",""E6""]",いつでも,1〜2,多い,入ってすぐの広い所に出現です。,0,"[""入ってすぐの広い所に出現""]

入ってすぐのところに大量のシンボルがある。1～2匹構成だが、アクセスはいまいち。
ver: 3.4","2026-03-14 07:37:30","2026-03-22 17:20:31"
2825,291,187,406,"[""F8"",""E8""]",いつでも,1〜2,多い,南の海沿いEF-8あたりによく見かけます。1〜2匹で出ます。昼夜問わず狩れるのでおすすめです。,1,"[""南の海沿いEF-8あたりにいっぱいいます""]

南部の海沿いに大量にシンボルがある。1～2匹構成。昼夜問わず狩れるのでおすすめ。夜はほとんどの個体が寝ている。
ver: 5.2","2026-03-14 07:37:32","2026-03-22 15:48:14"
2831,318,197,987,"[""F4""]",いつでも,,普通,地下1階のC-3付近と地下2階のF-4付近にシンボル少なめですの1匹で出ます。湧きは早いです。,0,"[""地下1階と地下2階の通路で出現する""]","2026-03-14 07:37:58","2026-03-22 17:51:31"
2832,500,197,987,"[""G3"",""G4"",""G5""]",いつでも,,普通,地下1階と地下2階の通路で出ます。,0,"[""地下1階と地下2階の通路で出現する""]","2026-03-14 07:37:58","2026-03-23 11:40:45"
2833,501,197,987,"[""G3"",""F5""]",いつでも,1,少ない,地下2階G-3、F-5に少なめですシンボルの1匹で出ます。湧きは悪くないです。,0,"[""地下2階の通路で出現する""]

地下2階G-3とF-5に少数シンボルの1匹構成。湧きは悪くない。
ver: 3.5","2026-03-14 07:37:58","2026-03-23 12:07:50"
2835,836,204,324,"[""G5""]",いつでも,,普通,下層FG-5にいます。名前がかわったのだ,1,"[""下層FG-5にいます""]","2026-03-14 07:38:15","2026-03-24 07:47:43"
2836,852,207,954,"[""B6"",""C6"",""D6"",""E6"",""F6"",""G6""]",いつでも,2〜3,普通,毒沼内にいます。2〜3匹で出ます。,1,"[""マップの南エリアの毒の沼地にいる""]

毒沼内に生息。2～3匹構成。
ver: 7.2","2026-03-14 07:38:22","2026-03-24 08:01:28"
2837,861,207,954,"[""B6"",""C6"",""D6"",""E6"",""F6"",""G6""]",いつでも,2〜3,普通,毒沼内にいます。2〜3匹で出ます。全体の毒の沼地にいます。,1,"[""マップ全体の毒の沼地にいる""]

毒沼内に生息。2～3匹構成。
ver: 7.2","2026-03-14 07:38:22","2026-03-24 08:13:00"
2838,875,207,954,"[""A6"",""B6"",""C6"",""D6"",""E6"",""F6"",""G6"",""H6""]",いつでも,1〜2,普通,地上あたりの毒沼にいます。1〜2匹で出ます。,0,"[""マップ全体の毒の沼地にいる""]

地上付近の毒沼に生息。1～2匹構成。
ver: 7.2","2026-03-14 07:38:22","2026-03-24 08:27:31"
2839,586,207,954,"[""C3"",""D3"",""E3"",""F3"",""F4"",""E4"",""D4"",""C4""]",いつでも,1〜2,普通,中央の地上部分にいます。1〜2匹で出ます。,0,"[""マップの北エリアの陸地部分にいる""]

中央の地上部分に生息。1～2匹構成。
ver: 7.2","2026-03-14 07:38:22","2026-03-23 15:28:50"
2840,475,207,954,"[""C3"",""D3"",""E3"",""F3"",""C4"",""D4"",""E4"",""F4""]",いつでも,1〜2,普通,中央の地上部分にいます。1〜2匹で出ます。,0,"[""マップの北エリアの陸地部分にいる""]

中央の地上部分に生息。1～2匹構成。
ver: 7.2","2026-03-14 07:38:22","2026-03-23 11:05:00"
2841,654,207,954,"[""B6"",""C6"",""D6"",""E6"",""F6"",""G6"",""B5"",""C5"",""D5"",""E5"",""F5"",""G5""]",いつでも,1〜2,普通,あたりの地上部分にいます。1〜2匹で出ます。,0,"[""マップの南エリアの陸地部分にいる""]

周辺の地上部分に生息。1～2匹構成。
ver: 7.2","2026-03-14 07:38:22","2026-03-23 17:42:48"
2842,623,207,954,"[""B6"",""C6"",""D6"",""E6"",""F6"",""G6"",""B5"",""C5"",""D5"",""E5"",""F5"",""G5""]",いつでも,1〜2,普通,1〜2匹で出ます。,0,"[""マップの南エリアの陸地部分にいる""]

周辺の地上部分に生息。1～2匹構成。
ver: 7.2","2026-03-14 07:38:22","2026-03-23 17:04:40"
2843,563,210,1040,"[""C4"",""F4""]",いつでも,1〜2,普通,沈没船のD-4かE-4に固定湧きです。1〜2匹で出ます。だいたい30秒くらいで湧く。,1,"[""海賊船内のC-4とF-4にいる""]

沈没船のD4かE4に固定湧き。1～2匹構成。だいたい30秒くらいで湧く。
ver: 3.4","2026-03-14 07:38:29","2026-03-23 15:06:00"
2844,320,210,1040,"[""C4"",""F4""]",いつでも,2〜3,普通,沈没船のDかEの南北通路にシンボルです。2〜3匹で出ます。だいたい30秒くらいで湧く。,0,"[""海賊船内のC-4とF-4にいる""]

沈没船のDかEの南北通路にシンボル。2～3匹構成。だいたい30秒くらいで湧く。こいつだけ狙うならここもあり。
ver: 3.4","2026-03-14 07:38:29","2026-03-23 08:41:00"
2852,229,211,342,"[""D3"",""E3"",""E6"",""F3"",""F4"",""F5"",""F6"",""C3"",""C4"",""C5"",""C6"",""D6"",""D4"",""D5"",""E5"",""E4""]",いつでも,,多い,4階中央の広い所によく見かけます。,1,"[""4階中央の広い所にいっぱいいます""]","2026-03-14 07:38:32","2026-03-26 14:28:38"
2853,522,217,977,"[""D3"",""E6"",""F6""]",いつでも,1〜2,普通,E-7にいるシンボルは1匹だが、D3のは1〜2匹で出ます。,1,"[""EF-6の中間、D-3にいる""]

南部の都市部分にいる。E-7あたりにいるシンボルは1匹構成だが、それ以外は1～2匹構成。
ver: 3.5","2026-03-14 07:38:45","2026-03-23 13:49:34"
2854,648,217,977,"[""E5"",""E6""]",いつでも,1,3,E5からE6にかけての中央の回廊に3シンボルほどです。1匹ずつ出ます。,1,"[""DE-5の中間にいる""]

E-5からE-6にかけての中央の回廊に3シンボルほど。1匹構成。
ver: 3.5","2026-03-14 07:38:45","2026-03-23 17:35:41"
2855,495,217,977,"[""E5"",""E6"",""F5"",""F7""]",いつでも,1〜2,普通,E-6、F-7の右下にいます。F-5の上にいます。E-5の上にいます。1〜2匹で出ます。,0,"[""E-6、F-7の右下、F-5の上、E-5の上にいる""]

南部の都市部分の様々な場所にシンボルがある。1～2匹構成。
ver: 3.5","2026-03-14 07:38:45","2026-03-23 11:32:55"
2856,633,217,977,"[""F7""]",いつでも,1,4,F-7の北東側に4シンボルほどです。,1,"[""F-7の右上にいる""]

F-7の北東側に4シンボルほど。その場から動かないシンボルが3体、広場を巡回しているシンボルが1体いる。1匹構成。
ver: 4.0","2026-03-14 07:38:45","2026-03-23 17:13:30"
2857,625,217,977,"[""D6"",""E6""]",いつでも,1〜2,多い,E5は1匹、D6は1〜2匹で出ます。シンボルの数はE-5のほうが多いです。,1,"[""E-6、D-6にいる""]

E-5は1匹構成、D-6は1～2匹構成。シンボルの数はE5のほうが多い。
ver: 3.5","2026-03-14 07:38:45","2026-03-23 17:07:29"
2858,613,217,977,"[""D2"",""E2"",""F7""]",いつでも,1〜2,多い,北部の神殿部分にシンボルたくさんいます。1〜2匹で出ます。,0,"[""F-7の右下、D-2、E-2にいる""]

北部の神殿部分にシンボル多数。1～2匹構成。
ver: 3.5","2026-03-14 07:38:45","2026-03-23 16:01:44"
2859,532,217,977,"[""D2"",""D5"",""E2"",""F6""]",いつでも,1〜2,普通,通路の両脇にいるシンボルは1匹で出ます。D-5以北のシンボルは1〜2匹で出ます。神殿内部だとベヒードスのリンクがウザかったり、こいつのシンボルが消えたりするので、D-5のほうがいいです。,1,"[""EF-6の中間、D-5、D-2、E-2にいる""]

通路の両脇にいるシンボルは1匹構成。D5以北のシンボルは1～2匹構成。神殿内部だとベヒードスのリンクがウザかったり、こいつのシンボルが消えたりするので、D5のほうがいい。
ver: 3.5","2026-03-14 07:38:45","2026-03-21 11:03:15"
2860,652,217,977,"[""F5""]",いつでも,1,4,F5に4体ほどのシンボルです。,0,"[""F-5の下にいる""]

F-5に4体ほどのシンボル。ソロで乱獲するぶんには数には困らない。1匹構成。
ver: 4.0","2026-03-14 07:38:45","2026-03-23 17:40:14"
2861,638,217,977,"[""E2"",""E4"",""D4""]",いつでも,1〜2,少ない,DE-4の上とE-2にいます。,0,"[""DE-4の上、E-2にいる""]

北部の神殿内部に少数のシンボル。1～2匹構成。
ver: 3.5","2026-03-14 07:38:45","2026-03-26 14:43:43"
2862,814,218,978,"[""E3"",""E4"",""E5"",""D5"",""D6"",""C6""]",いつでも,,普通,第1層から第3層で出現します。数はそれほど多くはないです。,1,"[""第1層から第3層で出現します、数はそれほど多くはない""]","2026-03-14 07:38:48","2026-03-24 07:30:04"
2863,701,218,978,"[""E5"",""D5""]",いつでも,1〜2,普通,第1層から第3層までに出ます。数は一つの層に1〜2匹で出ます。,0,"[""第1層から第3層まで出現、数は一つの層に1～2匹""]","2026-03-14 07:38:48","2026-03-24 06:22:36"
2956,834,250,864,"[""C7"",""D6"",""D7"",""D5"",""C5"",""C6""]",いつでも,1〜2,普通,D5は1〜2匹で2シンボル、D7に1匹で3シンボルです。,0,"[""マップの半分から南側に出現します""]

中央の広間から先に1～2匹構成で2シンボル、南の広間から先に1匹構成で3シンボル。
ver: 7.3","2026-03-14 07:40:02","2026-03-24 07:46:45"
2957,534,250,864,"[""E3"",""E4"",""E5""]",いつでも,1,普通,北部から中央の脇道にかけて1匹で2シンボルです。,0,"[""マップの半分から北側に出現、1匹ずつ出るので狩りには不向き""]

北部から中央の脇道にかけて1匹構成で2シンボル。
ver: 7.3","2026-03-14 07:40:02","2026-03-23 14:03:45"
2958,683,250,864,"[""E3"",""E4"",""E5""]",いつでも,1,普通,北部から中央の脇道にかけて1匹で2シンボルです。,0,"[""マップの半分から北側に出現、1匹ずつ出るので狩りには不向き""]

北部から中央の脇道にかけて1匹構成で2シンボル。
ver: 7.3","2026-03-14 07:40:02","2026-03-23 18:15:17"
2959,893,250,864,"[""D7"",""D5""]",いつでも,1〜2,普通,D5に1〜2匹で2シンボル、D7に1匹で3シンボルです。南がおすすめ。,1,"[""マップの半分から南側に出現します""]

中央の広間から先に1～2匹構成で2シンボル、南の広間から先に1匹構成で3シンボル。中央は入り組んで見つけにくいので南側がおすすめ。
ver: 7.3","2026-03-14 07:40:02","2026-03-24 18:07:01"
2967,692,260,868,"[""B3"",""C3""]",いつでも,2,2,B3、C3北側、E4南側の一部広間にシンボルです。つおい,1,"[""マップの西側に出現、それほど多くはない""]

B-3、C-3北側、E-4南側の一部広間にシンボル。必ず2匹セットでシンボルが配置されており、戦闘時も2匹出てくる。
ver: 5.0","2026-03-14 07:40:24","2026-03-23 18:24:04"
2968,414,260,868,"[""B5"",""C3"",""E4""]",いつでも,2〜3,少ない,B5/C3/E4通路に2匹ずついます。C3は1シンボル即湧きです。2〜3匹で出ます。,1,"[""B-5とC-3とE-4に2匹ずついます""]

B-4、D-3通路にシンボル。D-3は1シンボル即湧き。2～3匹構成。
ver: 5.0","2026-03-14 07:40:24","2026-03-23 09:02:19"
2977,669,267,870,"[""F7""]",いつでも,1〜2,普通,1階入口のほか、地下4階C5や地下6階にもいます。1〜2匹で出ます。,0,"[""1階・地下4階・地下6階""]

1階入口のほか、地下4階C-5や地下6階にもいる。1～2匹構成。
ver: 5.5","2026-03-14 07:41:35","2026-03-23 18:02:28"
2979,494,267,870,"[""G5"",""H5"",""G6"",""H6"",""E5"",""F5"",""E6"",""F6""]",いつでも,,普通,おすすめです。1〜2階に大量です。2〜4匹です。,1,"[""1階・2階""]","2026-03-14 07:41:35","2026-03-23 11:31:35"
2980,694,267,870,"[""H4""]",いつでも,,普通,1階、2階、地下4階C-3の袋小路に1シンボルずつです。1分湧きです。,1,"[""1階・2階・地下4階""]

1階、2階、地下4階C-3の袋小路に1シンボルずつ。1分湧き。
ver: 5.5","2026-03-14 07:41:35","2026-03-23 18:25:26"
2986,580,268,879,"[""C5"",""D5"",""E5"",""F5""]",いつでも,1,3,1階の左右の通路にそれぞれ3匹ずつ並んでいます。1匹で湧きも90秒くら。,0,"[""1階の西と東の両エリアに入ったらすぐ並んでいる""]","2026-03-14 07:41:36","2026-03-23 15:22:48"
2987,541,268,879,[],いつでも,,お供,あやしいかげ・強のお供で出現します。,0,"[""あやしいかげ・強のお供で出現します""]

あやしいかげ・強やさまようよろい・強のお供としてくっついてくることがある。くっつかないこともあるので、狙うなら別の場所で。
ver: 5.3","2026-03-14 07:41:36","2026-03-23 14:13:33"
2988,703,609,890,"[""D5""]",いつでも,1,少ない,地下3階のはじっこに少しいます。おでぶ。,0,"[""地下3階のはじっこに少しいます""]","2026-03-14 07:41:43","2026-03-26 14:32:02"
2989,502,609,891,"[""E5"",""F5"",""E6"",""F6""]",いつでも,,普通,地下4階に出現します。,1,"[""地下4階に出現します""]","2026-03-14 07:41:43","2026-03-23 12:10:44"
2990,611,609,891,"[""E5"",""F5"",""E6"",""F6""]",いつでも,2-3,普通,地下4階に出現します。盾がほしいぞ!,0,"[""地下4階に出現します""]","2026-03-14 07:41:43","2026-03-23 15:59:46"
2991,630,609,890,"[""E5"",""F5"",""E3"",""F3"",""E4"",""F4""]",いつでも,,多い,地下3階でたくさん出現します。おデブが1匹いて邪魔。,0,"[""地下3階でたくさん出現します""]","2026-03-14 07:41:43","2026-03-23 17:11:11"
2992,626,609,889,"[""C5"",""D5"",""C6"",""D6"",""E1"",""F1"",""E2"",""F2""]",いつでも,,普通,地下2階と地下3階のトンネル部分に出現します。,0,"[""地下2階と地下3階のトンネル部分に出現します""]","2026-03-14 07:41:43","2026-03-23 17:07:52"
2993,668,609,889,"[""C3"",""C4"",""C5"",""D3"",""D4"",""D5"",""E3"",""E4"",""E5"",""F3"",""F4"",""F5""]",いつでも,,多い,地下2階でたくさん出現します。,1,"[""地下2階でたくさん出現します""]","2026-03-14 07:41:43","2026-07-29 10:35:18"
2994,639,609,889,"[""E5""]",いつでも,,普通,地下2階E-5と地下3階の真ん中あたりで飛んでいます。,0,"[""地下2階E-5と地下3階の真ん中あたりで飛んでいます""]","2026-03-14 07:41:43","2026-03-20 18:53:50"
2996,662,271,893,"[""D4"",""D5"",""G5"",""G4""]",いつでも,,普通,終末の径や寂滅の道にいます。1〜2匹で出て、ゴルバ・強も混ざります。,1,"[""終末の径と寂減の道に出現します""]","2026-03-14 07:41:45","2026-03-23 17:57:57"
2997,691,271,893,"[""C3"",""D3"",""C4"",""D4"",""E3"",""F3"",""E4"",""F4"",""G3"",""H3"",""G4"",""H4"",""C5"",""D5"",""C6"",""D6"",""E5"",""F5"",""E6"",""F6"",""G5"",""H5"",""G6"",""H6""]",いつでも,1,1,災異の途や喪亡の路にいます。どちらも1シンボルしかいないが、湧きは30秒と早めです。,1,"[""災異の途と喪亡の路に出現します""]","2026-03-14 07:41:45","2026-03-23 18:23:34"
2998,663,271,893,"[""G5"",""C5"",""D5"",""D4""]",いつでも,,普通,終末の径や寂滅の道にいます。1〜2匹で出て、ガルバ・強も混ざります。,1,"[""終末の径・寂減の道に出現します""]","2026-03-14 07:41:45","2026-03-23 17:58:18"
2999,686,271,896,"[""C4"",""F4"",""F3"",""C3""]",いつでも,,普通,寂滅東部では2匹で出て、ガルバ・強がつき、寂滅西部ではガルゴルも混ざります。,1,"[""災異の途と寂減の道に出現します""]","2026-03-14 07:41:45","2026-03-23 18:18:30"
3000,670,271,893,"[""D4"",""D3"",""F3"",""F4"",""G3"",""G4""]",いつでも,1,普通,ガルバ・強、ゴルバ・強が一緒に出ます。,1,"[""終末の径と喪亡の路に出現します""]","2026-03-14 07:41:45","2026-03-23 18:03:28"
3001,604,280,1013,"[""D6"",""E6"",""D2"",""E2"",""E3"",""D3"",""C2"",""C3""]",いつでも,2〜3,多い,北西部にシンボルがたくさんいます。,0,"[""滅亡の砂漠のC-6～E-6や北のエリアの中央にたくさんいる""]

滅亡の砂漠エリアの南部～南東部と、北西部にシンボルが多数。どちらかといえば南側のほうが密集度合いは高いか。2～3匹構成。
ver: 6.1","2026-03-14 07:42:24","2026-03-23 15:53:48"
3002,499,280,903,"[""D7""]",いつでも,1〜2,多い,落日の原野の南のトンネル部分でよく見かけます。1〜2匹で出ます。,0,"[""落日の原野の南のトンネル部分にたくさんいます""]

落日の原野エリア、天魔の玉座から移動した直後の洞窟部分にシンボルがある。1～2匹構成。
ver: 6.1","2026-03-14 07:42:24","2026-03-23 11:39:58"
3003,76,280,903,"[""D6"",""D7""]",いつでも,2,普通,原野エリア南の谷周辺にシンボルです。2匹で出ます。,0,"[""落日の原野の南エリアに出現します""]

原野エリア南の谷周辺にシンボル。2匹構成。
ver: 6.1","2026-03-14 07:42:24","2026-03-21 14:18:42"
3004,810,280,1013,"[""H3"",""G3"",""G2"",""H2"",""F5""]",いつでも,1,多い,滅亡の砂漠のF-5の洞くつでは1匹で出ます。滅亡の砂漠の北東エリアでは多めですが、サブクエをやっている必要があります。,1,"[""落日の原野の北部に数匹いて、滅亡の砂漠のF-5の洞くつに1匹いる。滅亡の砂漠の北東エリアにはたくさんいるがサブクエをクリアしないと行けない場所です""]","2026-03-14 07:42:24","2026-03-26 14:46:50"
3005,314,280,903,"[""D5""]",いつでも,2,多い,原野エリア中央の谷部分にたくさんいます。湧きも狭い。2匹で出ます。,1,"[""落日の原野のD-5の低所に出現する""]

原野エリア中央の谷部分に多数生息。湧きも狭いのでほぼ隙なく狩れる。2匹構成。
ver: 6.1","2026-03-14 07:42:24","2026-03-22 17:39:55"
3006,685,280,1013,"[""C1"",""C2"",""D1"",""D2"",""E1"",""E2"",""E3"",""F1"",""F2"",""F3"",""C3""]",いつでも,,普通,"滅亡の砂漠の中央から北エリア一帯に広く出現します。
下のほうは2匹だが、上のは2〜4匹。",1,"[""滅亡の砂漠の中央から北エリア一帯に広く出現します""]","2026-03-14 07:42:24","2026-03-23 18:17:40"
3007,472,280,1013,"[""B4"",""D7""]",いつでも,1〜2,少ない,滅亡の砂漠エリアの南部の水たまりの近くに少なめですシンボルです。湧きは早め。,0,"[""滅亡の砂漠D-7とB-4の水たまりにいます""]

滅亡の砂漠エリアの南部の水たまりの近くに少数シンボル。1～2匹構成。シンボルは少ないが湧きは早い。
ver: 6.1","2026-03-14 07:42:24","2026-03-23 10:59:40"
3008,2,280,903,"[""G7"",""D2""]",いつでも,2〜3,普通,原野エリア南の谷周辺にいます。2〜3匹で出ます。,0,"[""FG-7のスライムの形をした島にいる""]

原野エリア南の谷周辺にシンボル。2～3匹構成。
ver: 6.1","2026-03-14 07:42:24","2026-04-02 08:32:17"
3009,378,280,903,"[""D5"",""E5""]",いつでも,2〜3,多い,原野エリア中央部の谷部分にいます。,0,"[""落日の原野のD-5の低所に出現する""]

原野エリア中央部の谷部分に生息。2～3匹構成だが密集度は聖塔に劣るか。
ver: 6.1","2026-03-14 07:42:24","2026-03-23 07:19:59"
3010,843,280,903,"[""C3"",""D3"",""C4"",""D4"",""E3"",""F3"",""E4"",""F4"",""E1"",""F1"",""E2"",""F2"",""C1"",""D1"",""C2"",""D2""]",いつでも,,多い,滅亡の砂漠のほぼ全域と落日の原野の北部です。終焉の皇国の1階と2階でも出現します。,1,"[""滅亡の砂漠のほぼ全域と落日の原野の北部、終焉の皇国の1階と2階でも出現します""]","2026-03-14 07:42:24","2026-03-24 07:55:02"
3011,679,280,1013,"[""B1"",""G3""]",いつでも,2〜3,少ない,滅亡の砂漠エリアの北部の水たまりに少なめですシンボルです。,0,"[""滅亡の砂漠B-1の水が溜まっている場所とG-3の高所にもいます""]

滅亡の砂漠エリアの北部の水たまりに少数シンボル。2～3匹構成なので大変危険。
ver: 6.1","2026-03-14 07:42:24","2026-03-23 18:12:06"
3012,610,280,1013,"[""B5"",""E5""]",いつでも,1〜2,普通,滅亡の砂漠エリアの南東部・南西部にシンボルそこそこです。,0,"[""滅亡の砂漠のB-5やE-5あたりにいる。終焉の皇国の2階でも出現します""]

滅亡の砂漠エリアの南東部・南西部にシンボルそこそこ。1～2匹構成。終焉の皇国の二階は1匹構成。
ver: 6.1","2026-03-14 07:42:24","2026-03-23 15:59:06"
3013,239,280,1013,"[""D7"",""D8""]",いつでも,2,多い,滅亡の砂漠エリアの入り口にシンボルたくさんいます。2匹で出ます。,0,"[""カルサドラ火山から滅亡の砂漠に入ってすぐの所に固まっています""]

滅亡の砂漠エリアの入り口にシンボル多数。2匹構成。
ver: 6.1","2026-03-14 07:42:24","2026-03-22 12:52:55"
3015,462,280,1043,"[""E6"",""E5"",""D5"",""D6""]",いつでも,1,普通,終焉の皇国の1階に結構います。,1,"[""終焉の皇国の1階に結構います""]","2026-03-14 07:42:24","2026-03-23 10:50:03"
3016,623,280,1014,"[""C5"",""D5"",""C6"",""D6"",""C1"",""D1"",""C2"",""D2""]",いつでも,2〜3,普通,滅亡の砂漠の地下洞で出現します。南部は2〜3匹で出ます。北部は3〜4匹でシンボルも多いです。,0,"[""滅亡の砂漠の地下洞で出現します""]","2026-03-14 07:42:24","2026-03-23 17:04:40"
3017,588,281,909,"[""E6"",""E7"",""F6"",""F7""]",いつでも,2〜3,少ない,悲嘆の戦場・南東の雪エリアに点々といます。2〜3匹で出ます。,0,"[""悲嘆の戦場の南東の雪原エリアに出現する""]

悲嘆の戦場・南東エリアにまばら。2～3匹構成。強敵のホワイトパンサーをはじめ色々な敵がうろついているためおすすめしない。
ver: 6.1","2026-03-14 07:42:28","2026-03-23 15:31:10"
3018,815,281,909,"[""B6"",""B7"",""C6"",""C7"",""D6"",""D7""]",いつでも,1〜2,少ない,悲嘆の戦場・南西エリアに点々といます。1〜2匹で出ます。,1,"[""悲嘆の戦場の南西エリアで出現する""]

悲嘆の戦場・南西エリアにまばら。1〜2匹構成。
ver: 6.1","2026-03-14 07:42:28","2026-03-24 07:30:22"
3019,484,281,909,"[""A1"",""A2"",""A3"",""A4"",""B1"",""B2"",""B3"",""B4"",""C1"",""C2"",""C3"",""C4"",""D1"",""D2"",""D3"",""E1"",""E2"",""E3"",""F1"",""F2"",""F3"",""F4"",""G1"",""G2"",""G3"",""G4"",""H1"",""H2"",""H3"",""H4""]",いつでも,2〜3,少ない,悲嘆の戦場・北西や北東のエリアに点々といます。2〜3匹で出ます。,0,"[""悲嘆の戦場の北西の王の屋敷の前から北東の竹林あたりまでいます""]

悲嘆の戦場・北西や北東のエリアにまばら。2〜3匹構成。
ver: 6.1","2026-03-14 07:42:28","2026-03-23 11:14:33"
3020,628,281,909,"[""B5"",""B6"",""B7"",""C5"",""C6"",""C7"",""D6"",""E1"",""E2"",""E3"",""F1"",""F2"",""F3"",""G1"",""G2"",""G3"",""D7"",""D5""]",いつでも,2〜3,普通,悲嘆の戦場・南西と北東のエリアにいます。南西では2〜3匹、北東では1〜2匹で出ます。,0,"[""悲嘆の戦場の南西と北東エリア出現する""]

悲嘆の戦場・南西と北東のエリアに生息。南西では2〜3匹、北東では1〜2匹構成。
ver: 6.1","2026-03-14 07:42:28","2026-03-23 17:10:06"
3021,78,281,909,"[""E6"",""E7"",""F6"",""F7""]",いつでも,2〜3,少ない,悲嘆の戦場・南東エリアに点々といます。2〜3匹で出ます。,0,"[""悲嘆の戦場の南東の雪原エリアに出現する""]

悲嘆の戦場・南東エリアにまばら。2〜3匹構成。
ver: 6.1","2026-03-14 07:42:28","2026-03-21 14:39:51"
3022,65,281,909,"[""E3"",""F2"",""F3"",""F4"",""G3""]",いつでも,2〜3,少ない,悲嘆の戦場・北東エリアに点々といます。2〜3匹で出ます。,0,"[""悲嘆の戦場の北東の竹林エリアで出現します""]

悲嘆の戦場・北東エリアにまばら。2〜3匹構成。
ver: 6.1","2026-03-14 07:42:28","2026-03-21 13:52:12"
3023,335,281,909,"[""B1"",""B2"",""B3"",""C1"",""C2"",""C3"",""D1"",""D2"",""D3""]",いつでも,2〜3,多い,悲嘆の戦場・北西の国王の屋敷前にかなりいます。2〜3匹で出ます。おすすめです。,1,"[""悲嘆の戦場の北西の王の屋敷周辺で固まっています""]

悲嘆の戦場・北西の国王の屋敷前にわんさかいる。2〜3匹構成。おすすめ。
ver: 6.1","2026-03-14 07:42:29","2026-03-22 18:36:44"
3024,77,281,909,"[""E6"",""E7"",""E8"",""F5"",""F6"",""F7"",""F8"",""E5""]",いつでも,2〜3,少ない,悲嘆の戦場・南東エリアに点々といます。2〜3匹で出ます。,0,"[""悲嘆の戦場の南東の雪原エリアに出現する""]

悲嘆の戦場・南東エリアにまばら。2〜3匹構成。
ver: 6.1","2026-03-14 07:42:29","2026-03-21 14:24:08"
3025,442,281,909,"[""C6"",""C7"",""D6"",""D7""]",いつでも,2〜3,少ない,悲嘆の戦場・南西エリアに点々といます。2〜3匹で出ます。,0,"[""悲嘆の戦場の南西エリアで出現する""]

悲嘆の戦場・南西エリアにまばら。2～3匹構成。
ver: 6.1","2026-03-14 07:42:29","2026-03-23 10:07:17"
3026,586,281,909,"[""B2"",""B3"",""C2"",""C3""]",いつでも,2〜3,少ない,悲嘆の戦場・西の湿地エリアで出現します。2〜3匹で出ます。,0,"[""悲嘆の戦場の北西の湿地エリアで出現します""]

悲嘆の戦場・西エリアにまばら。2〜3匹構成。
ver: 6.1","2026-03-14 07:42:29","2026-03-23 15:28:50"
3027,673,281,909,"[""E6"",""E7"",""F6"",""F7""]",いつでも,2〜3,少ない,悲嘆の戦場・南東エリアの雪原に点々といます。2〜3匹で出ます。,0,"[""悲嘆の戦場の南東の雪原エリアに出現する""]

悲嘆の戦場・南東エリアにまばら。2～3匹構成。シンボルが少ない上、一度に出る数が多く危険もともなう。
ver: 6.1","2026-03-14 07:42:29","2026-03-23 18:06:07"
3028,654,281,909,"[""B1"",""B2"",""B3"",""C1"",""C2"",""C3"",""D1"",""D2"",""D3""]",いつでも,2〜3,多い,悲嘆の戦場・西エリアの沼に3シンボルずつ固まっています。2〜3匹で出ます。,1,"[""悲嘆の戦場の北西の湿地エリアで出現します""]

悲嘆の戦場・西エリアの沼に3シンボルずつ固まっている。2～3匹構成。
ver: 6.1","2026-03-14 07:42:29","2026-03-23 17:42:48"
3029,164,281,909,"[""E2"",""E3"",""F2"",""F3"",""G2"",""G3""]",いつでも,2〜3,少ない,悲嘆の戦場・北東エリアに点々といます。2〜3匹で出ます。,0,"[""悲嘆の戦場の北東の竹林エリアで出現します""]

悲嘆の戦場・北東エリアにまばら。2〜3匹構成。
ver: 6.1","2026-03-14 07:42:29","2026-03-22 10:18:27"
3030,895,281,909,"[""B3"",""B4"",""C3"",""C4"",""C5""]",いつでも,2〜3,少ない,悲嘆の戦場・北西の湿地エリアに点々といます。2〜3匹で出ます。,1,"[""悲嘆の戦場の北西の湿地エリアで出現します""]

悲嘆の戦場・西エリアにまばら。2～3匹構成。
ver: 6.1","2026-03-14 07:42:29","2026-03-24 09:43:58"
3031,655,282,1047,"[""C3"",""C4"",""C5"",""C6"",""D3"",""D4"",""D5"",""D6"",""E3"",""E4"",""E5"",""E6"",""F3"",""F4"",""F5"",""F6""]",いつでも,2〜3,普通,王城へと続く道の広間に2シンボル即湧きです。1〜2匹で出ます。,1,"[""王城へと続く道の中央に2～3匹います""]

王城へと続く道の広間に2シンボル即湧き。1～2匹構成。燭台に近くオススメだが、ドルボードが使えないこともあり、ややシンボル間が遠く感じる。
ver: 6.1","2026-03-14 07:42:35","2026-03-23 17:43:42"
3032,590,282,1046,"[""C4"",""D4"",""D3"",""D2"",""E2"",""F2""]",いつでも,2〜3,多い,王国の悪夢・洞窟部分にいます。2〜3匹で出ます。,0,"[""王国の悪夢の洞くつでたくさん出現します""]

王国の悪夢・洞窟部分に生息。2～3匹構成。
ver: 6.1","2026-03-14 07:42:35","2026-07-27 14:51:37"
3033,591,282,1047,"[""C3"",""C4"",""C5"",""C6"",""D3"",""D4"",""D5"",""D6"",""E3"",""E4"",""E5"",""E6"",""F3"",""F4"",""F5"",""F6""]",いつでも,4〜5,普通,王城へと続く道の広間に4シンボル即湧きです。2〜3匹で出ます。,1,"[""王城へと続く道の中央に4～5匹います""]

王城へと続く道の広間に4シンボル即湧き。2〜3匹構成。ドルボードこそ使えないが、燭台からすぐなのでアクセスは良い。
ver: 6.1","2026-03-14 07:42:35","2026-03-23 15:43:04"
3034,899,282,1045,"[""E6"",""D6"",""D5"",""E5""]",いつでも,2〜3,普通,王国の悪夢の水辺に3シンボルです。2〜3匹で湧きは10秒ほどです。,1,"[""王国の悪夢のDE-6の水場に固まっています""]

王国の悪夢の水辺に3シンボル。2〜3匹構成で湧きは10秒ほど。
ver: 6.1","2026-03-14 07:42:35","2026-03-24 11:01:40"
3037,804,294,658,"[""C6"",""C7"",""D6"",""D7"",""E6"",""E7""]",いつでも,1〜2,多い,地底湖より南側のエリアでたくさん出現します。いずれも1〜2匹で出ます。,0,"[""地底湖より南側のエリアでたくさん出現します。""]

マップ南部に生息。北側ではこの種のみ、南西ではゆうれいのシンボルもある。いずれも1～2匹構成。
ver: 7.4","2026-03-14 07:43:04","2026-03-24 07:22:12"
3038,1198,294,658,"[""C3"",""D3"",""E2"",""E3"",""E7""]",いつでも,,多い,地底湖より北のエリアにたくさん出現です。南にも少しいる。,0,"[""地底湖より北のエリアにたくさん出現、南の悪意の源周辺にも数匹います。""]","2026-03-14 07:43:04","2026-03-24 08:29:51"
3039,904,294,658,"[""C6"",""D6"",""D7"",""E6"",""E7"",""F6"",""F7""]",いつでも,1〜2,多い,地底湖より南側のエリアでたくさん出現します。いずれも1〜2匹で出ます。,1,"[""地底湖より南側のエリアでたくさん出現します。""]

マップ南側に生息。西端ではこの種のみ、南西ではかいぞくウーパーのシンボルもある。いずれも1～2匹構成。
ver: 7.4","2026-03-14 07:43:04","2026-03-24 11:06:29"
3058,797,305,929,"[""B4"",""B5""]",いつでも,1,普通,西エリア中部にそこそこの数です。1匹でかげのきし・祖が2匹まで一緒に出ます。,1,"[""マップ西エリアのB-4・B-5あたりに出現します""]

西エリア中部にそこそこの数。1匹構成でかげのきし・祖が2匹までつく。
ver: 7.5","2026-03-14 07:44:16","2026-03-24 07:15:02"
3059,805,305,929,"[""C5"",""C6"",""B6"",""B5"",""B4"",""C4""]",いつでも,2〜3,多い,西エリア全域にいます。だいたい2〜3匹で出ます。暗黒の使いや、南西のキラーアーマー・祖も一緒に出ます。,1,"[""C-5から西のエリアで広く出現します""]

西エリア全域に生息。だいたい2～3匹構成。 暗黒の使いや、南西のキラーアーマー・祖にもつく。
ver: 7.5","2026-03-14 07:44:16","2026-03-24 07:22:26"
3060,806,305,929,"[""E3"",""F2"",""F3"",""G2"",""G3"",""D3""]",いつでも,2〜3,普通,ガナン城北では2〜3匹構成でメカジラフも一緒に出ます。北東の崩れた橋の先では2匹構成が少しおり、キラーマシン・祖も一緒に出ます。,1,"[""マップの北東エリアで広く出現します""]

北～北東エリアに生息。 ガナン城北では2～3匹構成でメカジラフにもつく。 北東の崩れた橋の先では2匹構成が少量おりキラーマシン・祖にもつく。 北東の湖周辺では3匹構成。
ver: 7.5","2026-03-14 07:44:16","2026-03-24 07:24:05"
3061,809,305,929,"[""B6"",""C6"",""B5"",""C5"",""C4"",""B4""]",いつでも,1,普通,南西の湖周辺や西端の高台では1匹にかげのきし・祖が2匹まで一緒に出ます。滝をより上の北西の高台では3匹で出ます。,1,"[""マップの南西エリアで広く出現します""]

西エリアに生息。 南西の湖周辺や西端の高台では1匹にかげのきし・祖が2匹までつく。 滝を境に北西の高台では3匹構成。
ver: 7.5","2026-03-14 07:44:16","2026-03-24 07:25:52"
3062,811,305,929,"[""E5"",""G3""]",いつでも,1,少ない,E5に2シンボルまとまっており狩りやすい。G3にもいてガチャコッコ・祖が2匹まで一緒に出ます。,1,"[""E-5に数匹いて、北東のG-3あたりにもそこそこいる""]

東～北東に広く生息。いずれも1匹構成。 ガナン城南東に2シンボルまとまっており狩りやすい。 北エリアは生息域が広くまばら。 北東の壊れた橋の先ではやや多くガチャコッコ・祖が2匹までつく。
ver: 7.5","2026-03-14 07:44:16","2026-03-24 07:28:26"
3063,1234,305,929,"[""E5"",""D5"",""D4"",""E4""]",いつでも,,普通,ガナン帝国城の道路の上にいます。警備員かな。,0,"[""ガナン帝国城から延びる舗装された道路の上で出現するようです""]","2026-03-14 07:44:16","2026-03-26 14:49:00"
3064,1235,305,929,"[""D4"",""D5"",""E5"",""E4""]",いつでも,,普通,ガナン帝国城の道路の上で出ます。,0,"[""ガナン帝国城から延びる舗装された道路の上で出現するようです""]","2026-03-14 07:44:16","2026-03-26 14:49:20"
3065,851,305,929,"[""B4"",""C5""]",いつでも,1〜2,普通,1分湧きです。基本1匹構成だが、B5高台では1〜2匹で出ます。B4がおすすめ。,0,"[""C-5のちょっと広いところに数匹とB-4のカデスの牢獄に行く道に２匹います""]

西エリア入口のC-5に1、カデスの牢獄入口に2、B-5の高台に2シンボル。 1分湧き。基本1匹構成だが、B-5高台では1～2匹構成。 カデスの牢獄入口がワープ先から近く狩りやすい。
ver: 7.5","2026-03-14 07:44:16","2026-03-24 08:01:13"
3066,858,305,929,"[""H3""]",いつでも,3,普通,北東の湖あたりにいます。3匹で出ます。,0,"[""マップ北東のH3の池の周りにかたまって出現します""]

北東の湖周辺に生息。3匹構成。
ver: 7.5","2026-03-14 07:44:16","2026-03-24 08:06:47"
3067,864,305,929,"[""E5""]",いつでも,2〜3,普通,南東エリアにいます。みならいあくま・祖のおともとして出ることもあります。,1,"[""E-5あたりに出現します""]

南東エリアに生息。ガナン城すぐ南東では2～3匹構成。 そこから階段を上った先では1～3匹。 さらに北方面に階段を上るとみならいあくま・祖のおともとして出現。
ver: 7.5","2026-03-14 07:44:16","2026-03-24 08:22:36"
3068,687,305,929,"[""F4"",""F5"",""F6"",""G4"",""G5"",""G6"",""H4"",""H5"",""H6""]",いつでも,2〜3,普通,南〜南東にかけています。だいたい2〜3匹で出ます。湖辺りでは、みならいあくま・祖も一緒に出ます。,1,"[""マップの南東エリアで広く出現します""]

南～南東にかけて生息。だいたい2～3匹構成。 サダイム湖手前では1～3匹構成で近くのみならいあくま・祖にもつく。
ver: 7.5","2026-03-14 07:44:16","2026-03-23 18:19:42"
3069,897,305,929,"[""F5"",""G5""]",いつでも,1,普通,南東のF5あたりではドラキー・祖が2匹までつき、G5あたりではブラッドレディが2匹まで一緒に出ます。,0,"[""マップの南東エリアで広く出現します""]

南東エリアの高いところに生息。 1匹構成で、F-5あたりではドラキー・祖が2匹までつき、G-5あたりではブラッドレディが2匹までつく。
ver: 7.5","2026-03-14 07:44:16","2026-03-24 11:00:18"
3070,676,305,929,"[""D3"",""E3"",""F3""]",いつでも,1,少ない,北エリアにいます。1匹でガチャコッコ・祖が2匹まで一緒に出ます。,0,"[""D-3～F-3で出現、F-3にたくさんいる""]

北エリアに生息。1匹構成でガチャコッコ・祖が2匹までつく。
ver: 7.5","2026-03-14 07:44:16","2026-03-23 18:08:19"
3071,809,306,930,"[""B3"",""B4"",""B5"",""G3"",""G4"",""G5""]",いつでも,1〜2,普通,1階の外から2番目の通路に出現です。,0,"[""1階の外から2番目の通路に出現""]

1階の外部分に生息。1～2匹構成。
ver: 7.5","2026-03-14 07:44:18","2026-03-24 07:25:52"
3072,1234,306,930,"[""E5"",""D5"",""D4"",""E4""]",いつでも,,普通,1階と2階の建物内で出現します。,0,"[""1階と2階の建物内で出現します""]","2026-03-14 07:44:18","2026-03-26 14:49:00"
3073,1235,306,930,"[""E5"",""D5"",""D4"",""E4""]",いつでも,,普通,1階と2階の建物内で出現します。,0,"[""1階と2階の建物内で出現します""]","2026-03-14 07:44:18","2026-03-26 14:49:20"
3074,699,306,930,"[""C6"",""F6""]",いつでも,1,2,1階外部の左右に1シンボルずつです。1匹で80秒沸きです。,0,"[""1階の外から2番目の通路に出現""]

1階外部分の左右に1シンボルずつ。1匹構成で80秒沸き。
ver: 7.5","2026-03-14 07:44:18","2026-03-23 18:28:33"
3076,858,306,930,"[""B4"",""B5"",""B6"",""G3"",""G4"",""G5"",""G6"",""B3""]",いつでも,2〜3,普通,城壁部分にいます。1階では2〜3匹。,1,"[""1階の外側の通路と2階の外通路で出現します""]

城壁部分に生息。 1階では2～3匹構成。 2階外部分では1～2匹でリリパット・祖がつく。 2階内部では1～3匹構成。 ワイトキング・祖にもつく。
ver: 7.5","2026-03-14 07:44:18","2026-03-24 08:06:48"
3077,876,306,930,"[""E2"",""E3""]",いつでも,1,2,1階の城壁最北と城内右奥に計2シンボルです。1匹で80秒沸きです。,1,"[""1階E-2の小部屋に1匹いる""]

1階の城壁最北と城内右奥に計2シンボル。1匹構成で80秒沸き。
ver: 7.5","2026-03-14 07:44:18","2026-03-24 08:28:29"
3079,914,306,930,"[""G4"",""G5"",""B5"",""B4""]",いつでも,2〜3,普通,左右に2シンボルずつでてっこうまじん・祖との混成2〜3匹で出ます。,1,"[""1階の外側の通路に出現、2階のDE-2の通路にも1匹いる""]

城壁内部に生息。 1階では左右に2シンボルずつでてっこうまじん・祖との混成2～3匹構成。 2階では1シンボル・1匹でてっこうまじん・祖が2匹までつく。
ver: 7.5","2026-03-14 07:44:18","2026-03-24 11:13:00"
3107,374,150,212,"[""D5""]",いつでも,3〜4,少ない,特になし,1,"[""3-4匹@D5 \/ 3-4匹@西側＆北東"",""第1層D-5に少しと第2層D-4・5・6あたりの水が流れている所にいる、G-3にもいる""]","2026-03-14 09:02:38","2026-03-23 07:08:55"
3108,383,150,212,"[""C3""]",いつでも,3〜4,多い,1層C-3や2層G-5のトンネルにいます。3〜4匹です。,0,"[""3-4匹@水たまり"",""第1層C-3と第2層G-5の水が溜まっている所に固まっている""]

1層C3や2層G5のトンネルに生息。3～4匹構成。
ver: 5.3","2026-03-14 09:02:38","2026-03-23 07:32:55"
3109,402,150,212,"[""C2"",""C3"",""C4""]",いつでも,2〜3,多い,第1層西側に広い範囲でいます。2〜3匹で出ます。特にC-2がまとまっていますしているため狩りやすい。,0,"[""2-3匹@北側＆西側"",""第1層の西側の通路などで出現します""]

第1層西側に広く生息。2～3匹構成。特にC-2が密集しているため狩りやすいが、ダークオルニスがリンクするのが難点。
ver: 5.3","2026-03-14 09:02:38","2026-03-23 08:17:33"
3110,498,150,212,"[""C2""]",いつでも,3〜4,普通,第1層C-2にいます。3〜4匹です。,0,"[""3-4匹@北西"",""第1層C-2に飛んでいる""]

第1層C-2に生息。3～4匹構成。
ver: 5.3","2026-03-14 09:02:38","2026-03-23 11:38:54"
3111,535,150,212,"[""E5""]",いつでも,1〜2,普通,第1層E5の洞窟内にいます。1〜2匹で出ます。,0,"[""1-2匹@洞窟"",""第1層E-5のトンネル内に固まっています""]

第1層5-Eの洞窟内に生息。1～2匹構成。
ver: 5.3","2026-03-14 09:02:38","2026-03-26 14:35:24"
3112,648,150,212,"[""F3""]",いつでも,1〜2,少ない,第1層F3に1シンボルです。約3分湧きです。,0,"[""1匹@F3"",""第1層F-3に1匹います""]

第1層F-3に1シンボル。1～2匹構成。150秒湧き。
ver: 5.3","2026-03-14 09:02:38","2026-03-23 17:35:41"
3131,197,176,278,"[""C4"",""D2"",""C2""]",夜,2〜3,少ない,第一層にそこそこの数が点在です。シンボル数は少ないものの、一度に2〜3匹出るのでよいです。,1,"[""第1層C-4とCD-2にいる""]

第一層にそこそこの数が点在。シンボル数は少ないものの、一度に2～3匹出るのでよい。 巡回しているとケツァルコアトルスが鬱陶しいので夜がおすすめ。
ver: 2.3","2026-03-14 09:11:54","2026-03-26 14:27:29"
3132,323,176,278,"[""C3""]",いつでも,1〜2,普通,1〜2匹で出ます。湧きが遅い上に層でシンボル数が共有らしくとてもオススメできないです。,0,"[""1-2匹"",""第1層C-3、第2層G-5の水が溜まっている所にいる""]

第一層のC-3や第二層のG-5の滝が流れ落ちている洞窟の中に出現する。1～2匹構成。湧きが遅い上に両方でシンボル数が共有らしくとてもオススメできない。
ver: 2.3","2026-03-14 09:11:54","2026-03-22 18:15:05"
3133,343,176,278,"[""E5""]",いつでも,1〜2,普通,第一層の洞窟内に出ます。1〜2匹でそれなりに密度は高いです。おすすめです。,1,"[""1-2匹"",""第1層E-5のトンネル内に固まっています""]

第一層の洞窟内に出現。1～2匹構成でそれなりに密度は高い。おすすめ。
ver: 2.3","2026-03-14 09:11:54","2026-03-22 18:51:43"
3135,349,176,278,"[""D5"",""D4""]",いつでも,1〜2,普通,第1層の洞窟入り口あたりや第二層に出ます。第二層は基本、水の上にいます。1〜2匹で出ます。,0,"[""1-2匹"",""第1層D-5、第2層DE-6とG-3とB-4あたりで見かける""]

第一層の洞窟入り口付近や第二層に出現。第二層は基本、水の上にいる。1～2匹構成。
ver: 2.3","2026-03-14 09:11:54","2026-03-22 19:03:37"
3136,617,176,278,"[""F3""]",いつでも,1,1,第1層F3か第二2の東側に1シンボル、3分で湧く。,1,"[""1匹"",""第2層G－4に1匹いる""]

第一層F-3か第二層の東側に一シンボル、リンクしているのか両方同時にいるところは確認できず。人はあまりいないが再湧きまで3分ほどかかる、再ポップが違う層になる場合があるなど安定しないのが難点。
ver: 3.0","2026-03-14 09:11:54","2026-03-23 16:59:48"
3137,378,211,339,"[""D3"",""D4"",""D5"",""E3"",""E4"",""E5"",""F3"",""F4"",""F5""]",いつでも,2〜3,多い,2-3匹で出ます。1階にたくさんいますのシンボルです。2〜3匹なのでおすすめです。,1,"[""1階中央の広い所と西の階段の所もいる"",""2-3匹""]

1階に多数のシンボル。2～3匹構成なのでおすすめ。
ver: 3.4","2026-03-14 09:20:17","2026-03-23 07:19:59"
3138,471,211,339,"[""D4"",""D5"",""E4"",""E5""]",いつでも,1〜2,多い,1-2匹で1階にたくさんいます。,1,"[""1-2匹"",""1階中央の広い所と西の階段の所もいる""]

1階に多数のシンボル。1～2匹構成。
ver: 3.4","2026-03-14 09:20:17","2026-03-23 10:58:18"
3139,429,211,340,"[""D4"",""D5"",""E4"",""E5""]",いつでも,1〜2,多い,2階にたくさんいます。,1,"[""1-2匹"",""2階中央の広い所にたくさんいます""]

2階に多数のシンボル。1～2匹しか出ないがアクセスはよい。討伐エリアとしては、迅雷の丘の下位互換だが、ドラゴメタルの討伐にはおすすめ。
ver: 3.5","2026-03-14 09:20:17","2026-03-23 09:36:11"
3140,446,211,340,"[""C3"",""C4"",""C5"",""C6"",""D3"",""D4"",""D5"",""D6"",""E3"",""E4"",""E5"",""E6"",""F3"",""F4"",""F5"",""F6""]",いつでも,2〜3,多い,2階にたくさんいます。2〜3匹でアクセスもよく、おすすめです。,1,"[""2-3匹"",""2階中央の広い所にたくさんいます""]

2階に多数のシンボル。2～3匹でアクセスもよく、おすすめ。ただし、ドラゴメタルを狙うときは一転して邪魔者になる。
ver: 3.5","2026-03-14 09:20:17","2026-03-23 10:12:30"
3142,449,211,342,"[""C3"",""C4"",""C5"",""C6"",""D3"",""D4"",""D5"",""D6"",""E3"",""E4"",""E5"",""E6"",""F3"",""F4"",""F5"",""F6""]",いつでも,2〜3,多い,4階中央の広い所によく見かけます。,1,"[""2-3匹"",""4階中央の広い所にいっぱいいます""]

4階に多数のシンボル。2～3匹構成。
ver: 3.4","2026-03-14 09:20:17","2026-03-23 10:16:22"
3143,596,211,565,"[""D4"",""D5"",""E4"",""E5""]",いつでも,1〜2,多い,6階にたくさんいますのシンボルです。1〜2匹で出ます。ブルジャックルと混じることはないよう、なぜだ?,0,"[""6階中央の広い所にたくさんいます"",""単1-2匹""]

6階に多数のシンボル。1～2匹構成。ブルジャックルと混じることはないようだ。
ver: 3.4","2026-03-14 09:20:17","2026-03-23 15:48:21"
3144,597,211,565,"[""E5"",""D5"",""D4"",""E4""]",いつでも,1〜2,多い,フンガーと混じることはないようです。喧嘩中か?,0,"単1-2匹

6階に多数のシンボル。1～2匹構成。フンガーと混じることはないようだ。
ver: 3.4","2026-03-14 09:20:17","2026-03-23 15:49:30"
3145,383,214,955,"[""D5"",""D6"",""E6"",""F6""]",いつでも,2〜4,少ない,E-6〜F-6の、南東部の島に行く途中にシンボルが多く、3〜4匹でおすすめです。D-5〜E-5あたりにもいるが、シンボル少なめで2〜3匹で出ます。,1,"[""2-4匹@南"",""上層のD-5とF-6あたりにいる""]

E6～F6の、南東部の島に行く途中にシンボルが多く、3～4匹構成でおすすめ。D5～E5あたりにもいるが、シンボル少なめで2～3匹構成。
ver: 3.5","2026-03-14 09:21:13","2026-03-23 07:32:55"
3146,426,214,955,"[""D4"",""D5"",""E4"",""E5""]",いつでも,2〜3,多い,D-5〜E-5の道沿いにシンボルたくさんいます。F-5までいくとほとんどいない。2〜3匹で出ます。,0,"[""2-3匹@中央"",""上層DE－5にたくさんいます""]

D5～E5の街道沿いにシンボル多数。F5までいくとほとんど見かけない。2～3匹構成。
ver: 3.5","2026-03-14 09:21:13","2026-03-23 09:30:40"
3147,427,214,955,"[""E3"",""D3""]",いつでも,2〜3,多い,D-3〜E-3の高台側にそこそこのシンボルです。2〜3匹でそこまで遠くもないのでおすすめです。,1,"[""2-3匹@岬付近"",""上層の北側DE-3あたりにたくさんいます""]

D-3～E-3の高台側にそこそこのシンボル。2～3匹構成でそこまで遠くもないのでおすすめ。
ver: 3.5","2026-03-14 09:21:13","2026-03-23 09:32:54"
3148,432,214,955,"[""C4""]",いつでも,2〜3,普通,森近辺では2〜3匹で出ます。上層の神獣の森あたりC-4あたりにいます。,0,"[""2-3匹@森近く"",""上層の神獣の森周辺C-4あたりにいます""]

C4～D4の神獣の森周辺にシンボルそこそこ。2～3匹構成。
ver: 3.5","2026-03-14 09:21:13","2026-03-23 09:43:23"
3149,434,214,955,"[""C4""]",いつでも,2〜3,普通,C-4〜D-4の神獣の森周辺にシンボルそこそこです。2〜3匹なのでおすすめです。,1,"[""2-3匹@森近く"",""上層の神獣の森周辺C-4あたりにいます""]

C4～D4の神獣の森周辺にシンボルそこそこ。2～3匹構成なのでおすすめ。
ver: 3.5","2026-03-14 09:21:13","2026-03-23 09:45:28"
3150,498,214,955,"[""F7"",""G7""]",いつでも,1〜2,多い,南東部の浮島にシンボルそこそこです。1〜2匹で出ます。,1,"[""1-2匹@南東島"",""上層の南東エリアF-7・8にたくさんいます""]

南東部の浮島にシンボルそこそこ。1～2匹構成。
ver: 3.5","2026-03-14 09:21:13","2026-03-23 11:38:54"
3151,515,214,955,"[""C6"",""C7""]",いつでも,1〜2,多い,ムストの町から出てすぐにシンボルたくさんいます。1〜2匹で出ます。,1,"[""1-2匹@町近く"",""上層C-6・7にたくさんいます""]

ムストの町から出てすぐにシンボル多数。1～2匹構成。
ver: 3.5","2026-03-14 09:21:13","2026-03-23 13:35:43"
3152,549,214,955,"[""E4"",""F3"",""E3""]",いつでも,1〜2,多い,E-4〜F-3にかけてシンボルそこそこです。1〜2匹で出ます。,1,"[""1-2匹@F3付近"",""上層E-4あたりにたくさんいます""]

E-4～F-3にかけてシンボルそこそこ。1～2匹構成。
ver: 3.5","2026-03-14 09:21:13","2026-03-23 14:34:52"
3153,643,214,955,"[""C6"",""C7""]",いつでも,1,多い,上層C6にいます。,0,"[""1匹@町近く"",""上層C-6・7にたくさんいます""]

町から出てすぐのところにそこそこのシンボル。1匹構成。
ver: 3.5","2026-03-14 09:21:13","2026-03-23 17:27:07"
3155,3,91,67,"[""G1"",""H1"",""G2"",""H2""]",いつでも,1,多い,1匹ずつ出ます。町の入口付近にスライムと共にいます。,0,"[""1匹@入口"",""[\"1匹@入口\",\"アグラニの町から入るとすぐにいます\"] \/ 1匹@入口"",""アグラニの町から入るとすぐにいます""]

1匹構成。町からの入口付近にスライムと共に群生している。
ver: 5.4","2026-03-14 17:21:56","2026-08-03 10:29:01"
3156,11,91,67,"[""G2""]",いつでも,1,少ない,G-2〜3のラニアッカ断層帯側出口あたりにいます。1匹湧きだが昼夜を問わないのでおすすめです。ただしシンボル数は少ない。,1,"[""1匹@G2付近"",""G-2・3の部屋にいる、ラニアッカ断層帯から入るとすぐいる"",""[\"1匹@G2付近\",\"G-2・3の部屋にいる、ラニアッカ断層帯から入るとすぐいる\"] \/ 1匹@G2付近""]

G-2～3のラニアッカ断層帯側出口付近に生息。1匹湧きだが昼夜を問わないのでおすすめ。ただしシンボル数は少ないため、香水をつけてるような人がいたらさっさと別のサーバーに移動すべし。
ver: 3.3","2026-03-14 17:21:56","2026-03-21 12:03:11"
3157,12,91,67,"[""C7"",""E6""]",いつでも,1,少ない,数が少なめです。1匹ずつ出ます。,0,"[""1匹@洞くつ"",""E-6やC-7のトンネル部分にいます"",""[\"1匹@洞くつ\",\"E-6やC-7のトンネル部分にいます\"] \/ 1匹@洞くつ""]

洞窟部分に少数。1匹構成。
ver: 5.4","2026-03-14 17:21:56","2026-03-21 12:05:04"
3158,18,91,67,"[""C8"",""E3""]",いつでも,1,普通,E-3、C-8に埋まっています。1匹だが湧きは早いです。,0,"[""1匹@E3&C8"",""E-3とC-8の光がさしているところにいる、ルーラできます"",""[\"1匹@E3&C8\",\"E-3とC-8の光がさしているところにいる、ルーラできます\"] \/ 1匹@E3&C8""]

E-3、C-8に埋まっている。1匹構成だが湧きは早い。
ver: 5.4","2026-03-14 17:21:56","2026-03-21 12:35:26"
3159,24,91,67,"[""B6"",""B7"",""C6"",""C7"",""D6""]",いつでも,1,少ない,D-6より奥では数が少なめです。1匹ずつ出ます。,0,"[""1匹@南西"",""[\"1匹@南西\",\"奥の方D-6くらいから先で出現します\"] \/ 1匹@南西"",""奥の方D-6くらいから先で出現します""]

D-6より奥に少数。1匹構成。
ver: 5.4","2026-03-14 17:21:56","2026-03-21 12:58:40"
3160,27,91,67,"[""D5"",""D6"",""E5"",""E6""]",いつでも,1,多い,地域限定。木の足場の上に広くいます。1匹ずつ出ます。。守人の部屋から先の通路に大量にいます。透明モンスターです。,1,"[""1匹@中央"",""[\"1匹@中央\",\"守人の部屋から先の通路に大量にいる、透明モンスター\"] \/ 1匹@中央"",""守人の部屋から先の通路に大量にいる、透明モンスター""]

地域限定モンスター。木の足場の上に分布。1匹構成。
ver: 5.4","2026-03-14 17:21:56","2026-03-21 13:02:25"
3161,29,91,67,"[""C6"",""D5"",""D6"",""C5""]",いつでも,1,普通,橋上のからくりや荷物の近くに転がっています。1匹ずつ出ます。,0,"[""1匹@中央"",""C-6・D-6あたりで丸まって寝ているようです"",""[\"1匹@中央\",\"C-6・D-6あたりで丸まって寝ているようです\"] \/ 1匹@中央""]

橋上のからくりや荷物の近くに転がっている。1匹構成。生息場所のほとんどが通路の奥で周るのが面倒。
ver: 5.4","2026-03-14 17:21:56","2026-03-21 13:03:40"
3162,716,91,67,"[""G2""]",いつでも,1,少ない,G-2〜3のラニアッカ断層帯側出口あたりにいます。1匹湧きだが昼夜を問わないのでおすすめです。ただしシンボル数は少ない。,1,"[""1匹@G2付近"",""G-2・3の部屋にいる、ラニアッカ断層帯から入るとすぐいる"",""[\"1匹@G2付近\",\"G-2・3の部屋にいる、ラニアッカ断層帯から入るとすぐいる\"] \/ 1匹@G2付近""]

G-2～3のラニアッカ断層帯側出口付近に生息。1匹湧きだが昼夜を問わないのでおすすめ。ただしシンボル数は少ないため、香水をつけてるような人がいたらさっさと別のサーバーに移動すべし。
ver: 3.3","2026-03-14 17:21:56","2026-07-29 10:38:06"
3163,2,8,138,"[""D3"",""B2"",""D4""]",いつでも,1,普通,町入口近くで1匹で出ます。ジュレー島下層入口にもいます。,0,"[""1匹@町入口"",""[\"1匹@町入口\",\"ジュレットの町を出てすぐの所とD-3にもいる\"] \/ 1匹@町入口"",""ジュレットの町を出てすぐの所とD-3にもいる""]

ジュレット入り口のほか、ジュレー島下層入り口にもいる。
ver: 2.2","2026-03-14 17:27:01","2026-04-02 08:32:18"
3164,59,8,138,"[""F7"",""B2"",""G7"",""G6"",""F6"",""C2""]",いつでも,1〜2,多い,B2/C2では1匹で出ます。F-7では1〜2匹で出ます。,0,"[""1匹@北砂浜1-2匹@F7"",""[\"1匹@北砂浜1-2匹@F7\",\"ジュレットの町を出てすぐの砂浜と、南の方も海の近くの砂浜に出現します\"] \/ 1匹@北砂浜1-2匹@F7"",""ジュレットの町を出てすぐの砂浜と、南の方も海の近くの砂浜に出現します""]

猫島行きのカヌー乗り場付近は1～2匹構成。町の近くは単独出現だがシンボル数は多い。
ver: 2.3","2026-03-14 17:27:01","2026-03-21 13:42:59"
3165,75,8,138,"[""D6"",""D7"",""E6"",""E7""]",いつでも,1〜2,多い,南側一帯にいます。キメラも混ざります。,0,"[""1-2匹@南"",""[\"1-2匹@南\",\"マップの南側半分くらいのエリアでたくさん出現します\"] \/ 1-2匹@南"",""マップの南側半分くらいのエリアでたくさん出現します""]

南側一帯に生息。キメラに混成する。
ver: 1.4","2026-03-14 17:27:01","2026-03-21 14:15:19"
3166,82,8,138,"[""A1"",""A2"",""A3"",""A4"",""A5"",""A6"",""A7"",""A8"",""B1"",""B2"",""B3"",""B4"",""B5"",""B6"",""B7"",""B8"",""C1"",""C2"",""C3"",""C4"",""C5"",""C6"",""C7"",""C8"",""D1"",""D2"",""D3"",""D4"",""D5"",""D6"",""D7"",""D8"",""E5"",""E6"",""E7"",""E8"",""F5"",""F6"",""F7"",""F8"",""G7"",""G8"",""H7"",""H8""]",いつでも,1,多い,1匹ずつ出ます。北から南までほぼ全域にいます。北側では火の近くに集まっています。メタル狩りで人は多いぞ。,0,"[""1匹@松明"",""[\"1匹@松明\",\"北から南までほぼ全域にいます、北側では火の近くに集まっている\"] \/ 1匹@松明"",""北から南までほぼ全域にいます、北側では火の近くに集まっている""]

No.036(どうぐかばん1話)クエ対象。 何かと人の多い狩り場なので、あまりおすすめしない。1匹構成。
ver: 1.4","2026-03-14 17:27:01","2026-03-21 14:54:29"
3167,86,8,138,"[""C2"",""C6"",""D6"",""E6"",""E5"",""F5"",""F6"",""D5"",""C5""]",いつでも,1〜2,多い,南のエリアで広く出現します。C-2では1〜2匹で出ます。ほかの敵も混ざります。草地部分にそこそこです。,0,"[""C-2にたくさんいる、南のエリアでも広く出現します"",""[\"混1-2匹@C2\",\"C-2にたくさんいる、南のエリアでも広く出現します\"] \/ 混1-2匹@C2"",""混1-2匹@C2""]

草地部分にそこそこ。町からは最も近いのがメリット。1～2匹構成でトンブレロが混成する。
ver: 1.1","2026-03-14 17:27:01","2026-03-21 15:13:53"
3168,93,210,338,"[""F6"",""G5"",""G6""]",いつでも,2〜3,普通,入ってすぐ〜剣柄の洞くつの区間にシンボルがいて2〜3匹で出ます。。,1,"[""2匹@南東"",""[\"2匹@南東\",\"南東エリアG-5・6あたりにいる\"] \/ 2匹@南東"",""南東エリアG-5・6あたりにいる""]

入ってすぐ～剣柄の洞くつの区間にシンボルがいる上に2～3匹構成。もはやここ以外はありえないだろう。
ver: 3.4","2026-03-14 17:39:28","2026-03-21 15:55:24"
3169,161,210,338,"[""F6"",""G5"",""G6"",""F5""]",いつでも,2〜3,普通,入ってすぐ〜剣柄の洞くつの区間にシンボルがおり、2〜3匹で出ます。,1,"[""2匹@南東"",""[\"2匹@南東\",\"南東エリアG-5・6あたりにいる\"] \/ 2匹@南東"",""南東エリアG-5・6あたりにいる""]

入ってすぐ～剣柄の洞くつの区間にシンボルがおり、2～3匹構成。こいつだけ狙うならこちらで。
ver: 3.4","2026-03-14 17:39:28","2026-03-22 10:14:26"
3170,280,210,338,"[""F2"",""E2""]",いつでも,1〜2,普通,1〜2匹で出ます。,0,"[""1-2匹@洞くつ通路"",""EF-2・3の通路の所にいます"",""[\"1-2匹@洞くつ通路\",\"EF-2・3の通路の所にいます\"] \/ 1-2匹@洞くつ通路""]

剣柄の洞くつE～F-4以北の回廊部分に出現する。シンボルそこそこの1～2匹構成。
ver: 3.4","2026-03-14 17:39:28","2026-03-22 15:06:27"
3171,337,210,338,"[""D4"",""D5"",""E4"",""E5"",""F4""]",いつでも,2〜3,普通,剣柄の洞くつのE-4〜F-4あたりに複数のシンボルがおり、2〜3匹で出ます。おすすめだが、セルゲイナスのリンクには注意です。,1,"[""2-3匹@洞くつ中央"",""EF-4の広い所にいます"",""[\"2-3匹@洞くつ中央\",\"EF-4の広い所にいます\"] \/ 2-3匹@洞くつ中央""]

剣柄の洞くつのE-4～F-4あたりに複数のシンボルがおり、2～3匹構成。おすすめだが、セルゲイナスのリンクには注意。
ver: 3.4","2026-03-14 17:39:28","2026-03-21 11:03:16"
3172,424,210,338,"[""D6"",""C6"",""B7"",""C7""]",いつでも,2〜3,多い,2〜3匹なのでおすすめです。,1,"[""2-3匹@西"",""D-6から西にいっぱいいます"",""[\"2-3匹@西\",\"D-6から西にいっぱいいます\"] \/ 2-3匹@西""]

海賊船から深海のほこらまでの間にシンボルがうろつく。2～3匹構成なのでおすすめ。
ver: 3.4","2026-03-14 17:39:28","2026-03-23 09:27:44"
3173,426,210,338,"[""D6"",""C6"",""B6"",""B7"",""C7""]",いつでも,1〜2,多い,1〜2匹で出ます。西では1〜2匹で出ます。,1,"[""1-2匹@西"",""D-6から西にいっぱいいます"",""[\"1-2匹@西\",\"D-6から西にいっぱいいます\"] \/ 1-2匹@西""]

海賊船から深海のほこらまでの間にシンボルがうろつく。1～2匹構成。
ver: 3.4","2026-03-14 17:39:28","2026-03-23 09:30:40"
3174,485,210,338,"[""E4"",""F4"",""E3"",""F3""]",いつでも,1〜2,2,剣柄の洞くつのE-4〜F-4あたり狭い範囲に2シンボル即湧き、1〜2匹で出ます。転生狙いにおすすめしたいです。,1,"[""1-2匹@洞くつ中央"",""EF-4の広い所にいます"",""[\"1-2匹@洞くつ中央\",\"EF-4の広い所にいます\"] \/ 1-2匹@洞くつ中央""]

剣柄の洞くつのE4～F4あたり狭い範囲に2シンボル即わき、1～2匹構成。転生狙いにおすすめしたい。
ver: 7.1","2026-03-14 17:39:28","2026-03-23 11:16:44"
3175,535,210,338,"[""G5"",""G6""]",いつでも,1〜2,少ない,まあいい場所。,1,"[""1-2匹@入口付近"",""[\"1-2匹@入口付近\",\"南東エリアG-5・6あたりにいる\"] \/ 1-2匹@入口付近"",""南東エリアG-5・6あたりにいる""]

入ってすぐ～剣柄の洞くつの区間に少数のシンボルがおり、1～2匹構成。アクセスがよいが、がっつりやるなら冥闇の聖塔には及ばない。
ver: 3.4","2026-03-14 17:39:28","2026-03-26 14:35:25"
3176,556,210,338,"[""C3"",""D3""]",いつでも,2〜3,多い,C-3では2〜3匹で出ます。D-3の少し広い所にまとまっています。,0,"[""2-3匹@C3"",""D-3の少し広い所に固まっている"",""[\"2-3匹@C3\",\"D-3の少し広い所に固まっている\"] \/ 2-3匹@C3""]

剣柄の洞くつのC3～D3あたりに多数のシンボル
ver: 3.4","2026-03-14 17:39:28","2026-03-23 14:44:32"
3177,625,210,338,"[""F1""]",いつでも,1,2,1匹ずつ出ます。3分湧き。,0,"[""1匹@F1"",""F-1の少し広い所に2匹います"",""[\"1匹@F1\",\"F-1の少し広い所に2匹います\"] \/ 1匹@F1""]

剣柄の洞くつのF1部分に2シンボル。1匹構成。3分くらい待ち時間があるのでエモノ呼びしたい。
ver: 3.4","2026-03-14 17:39:28","2026-03-23 17:07:29"
3178,747,210,338,"[""F6"",""G5"",""G6"",""F5""]",いつでも,2〜3,普通,入ってすぐ〜剣柄の洞くつの区間にシンボルがおり、2〜3匹で出ます。,1,"[""2匹@南東"",""[\"2匹@南東\",\"南東エリアG-5・6あたりにいる\"] \/ 2匹@南東"",""南東エリアG-5・6あたりにいる""]

入ってすぐ～剣柄の洞くつの区間にシンボルがおり、2～3匹構成。こいつだけ狙うならこちらで。
ver: 3.4","2026-03-14 17:39:28","2026-03-22 10:14:26"
3179,761,210,338,"[""F2"",""E2""]",いつでも,1〜2,普通,1〜2匹で出ます。,0,"[""1-2匹@洞くつ通路"",""EF-2・3の通路の所にいます"",""[\"1-2匹@洞くつ通路\",\"EF-2・3の通路の所にいます\"] \/ 1-2匹@洞くつ通路""]

剣柄の洞くつE～F-4以北の回廊部分に出現する。シンボルそこそこの1～2匹構成。
ver: 3.4","2026-03-14 17:39:28","2026-03-22 15:06:27"
3180,784,210,338,"[""E4"",""F4"",""E3"",""F3""]",いつでも,1〜2,2,剣柄の洞くつのE-4〜F-4あたり狭い範囲に2シンボル即湧き、1〜2匹で出ます。転生狙いにおすすめしたいです。,1,"[""1-2匹@洞くつ中央"",""EF-4の広い所にいます"",""[\"1-2匹@洞くつ中央\",\"EF-4の広い所にいます\"] \/ 1-2匹@洞くつ中央""]

剣柄の洞くつのE4～F4あたり狭い範囲に2シンボル即わき、1～2匹構成。転生狙いにおすすめしたい。
ver: 7.1","2026-03-14 17:39:28","2026-03-23 11:16:44"
3181,292,570,817,"[""G2"",""F3"",""F2"",""G3"",""D6""]",いつでも,1〜3,多い,街から出てすぐ、F-3〜G-2にかけて上空を飛んでいます。D-6あたりにも数シンボルです。,0,"[""1-3匹@城近く"",""G-2の低い所に固まっている、あとマップ中央から南にかけて飛んでいます""]

街から出てすぐ、F-3～G-2にかけて上空を飛んでいる。D-6あたりにも数シンボル。1～3匹で数もそこそこいるが、高すぎて見つけにくい上に地形によっては向こうが気付かない場合もあるので面倒。
ver: 4.1","2026-03-14 17:40:36","2026-03-22 15:50:40"
3182,302,570,817,"[""D2"",""D3"",""E3"",""E2""]",いつでも,1〜3,普通,C-1周辺です。シンボルの密度が比較的高く、おすすめです。,1,"[""1-3匹@沿道"",""D-2あたりに出現する""]

C1周辺。シンボルの密度が比較的高く、おすすめ。
ver: 6.5後","2026-03-14 17:40:36","2026-03-22 17:15:39"
3183,353,570,817,"[""D2"",""C2"",""C1"",""D1""]",いつでも,2〜3,普通,古レビュール街道北に行く道の途中にシンボルです。あまり多くはないです。2〜3匹で出ます。,0,"[""2-3匹@沿道"",""D-2あたりに出現する""]

古レビュール街道北に行く道の途中にシンボル。あまり多くはない。2～3匹構成。
ver: 4.1","2026-03-14 17:40:36","2026-03-23 06:26:12"
3184,375,570,817,"[""F8"",""F7"",""F6""]",いつでも,2〜3,多い,見張り塔から古ガリアル洞にかけてシンボル大量です。すぐに行けるので狩りやすい。塔近辺では2〜3匹で出ます。,0,"[""2-3匹@塔近く"",""マップ南の見張り塔周辺にいます""]

見張り塔から古ガリアル洞にかけてシンボル大量。2～3匹構成。すぐに行けるので狩りやすい。
ver: 4.1","2026-03-14 17:40:36","2026-03-23 07:13:49"
3185,448,570,817,"[""F5"",""G3"",""G2"",""F4"",""G4"",""G5""]",いつでも,1〜2,多い,G-2〜F-4にかけての高台全域にシンボルがいます。1〜2匹でばくだんサーカスが1匹一緒に出ることがある。,0,"[""1-2匹@高台"",""東にある高所にたくさんいる、G-3からF-5あたり""]

G-2～F-4にかけての高台全域にシンボルがいる。地形の関係上大回りをさせられる場合があるのが面倒。1～2匹構成でばくだんサーカスが1匹くっつくことがある。
ver: 4.1","2026-03-14 17:40:36","2026-03-23 10:15:27"
3186,484,570,817,"[""E6"",""F6"",""F7"",""E7"",""E2"",""E3"",""E4"",""E5"",""F5"",""F4"",""F3"",""F2""]",いつでも,1〜3,普通,E6より東は1〜3匹、E2〜E4あたりは1〜2匹かです。,1,"[""1-3匹@低地"",""グランゼドーラ王国から出たら大体いる、東の高台にもいて南のE-6あたりにもいる""]

いろんなところにいるが、グランゼドーラを出てすぐのところが一番戦いやすいだろう。E6やF以東は1～3匹構成、E2～E4あたりは1～2匹構成か。
ver: 4.1","2026-03-14 17:40:36","2026-03-23 11:14:33"
3187,512,570,817,"[""F5"",""G3""]",いつでも,1〜2,多い,東部の高台にシンボルたくさんいます。1〜2匹で出ます。,1,"[""1-2匹@高台"",""東にある高所にたくさんいる、G-3からF-5あたり""]

東部の高台にシンボル多数。1～2匹構成。
ver: 4.1","2026-03-14 17:40:36","2026-03-23 13:15:59"
3188,531,570,817,"[""E2"",""E3"",""E4"",""E5"",""D5"",""D6"",""E6""]",いつでも,1〜2,普通,低地にいる。Gあたりがおすすめ。コンキスタグールが2匹まで一緒に出ます。,1,"[""1-2匹+供@低地"",""グランゼドーラ王国を出て南にかけてだいたいずっといる(低地のみ)""]

F-3～G-2にかけては1匹構成でコンキスタグールが2匹までくっつく。E-6あたりもそういう構成かも。E-2～D-6にかけては1～2匹構成。後者はシンボル数がいまいち。
ver: 4.1","2026-03-14 17:40:36","2026-03-23 14:03:02"
3189,543,570,817,"[""F5"",""G3"",""G4"",""G5""]",いつでも,1〜2,多い,高台では1〜2匹で出ます。お供つきです。,1,"[""1-2匹+供@高台等"",""東の高台G-3からF-5にたくさんいるしマップ中央から南にかけて低地にもいます""]

G2～F4にかけての高台全域にシンボルがいるほか、E5～D6あたりにもうろついている。1～2匹構成。エルダーフレイムにくっつくこともある。
ver: 4.1","2026-03-14 17:40:36","2026-03-23 14:16:30"
3190,638,570,817,"[""D6"",""E7"",""E6"",""D7"",""D3"",""D2"",""C2"",""C1"",""D1""]",いつでも,1,多い,D6〜E7のあたりと、D3〜C1のあたりにそれぞれシンボルありです。1匹ずつ出ます。,0,"[""1匹@低地"",""マップ南側半分の低地に広範囲でいる、固まっていることもある""]

D-6～E-7のあたりと、D-3～C-1のあたりにそれぞれシンボルあり。1匹構成。
ver: 4.1","2026-03-14 17:40:36","2026-03-26 14:43:43"
3191,771,570,817,"[""D2"",""D3"",""E3"",""E2""]",いつでも,1〜3,普通,C-1周辺です。シンボルの密度が比較的高く、おすすめです。,1,"[""1-3匹@沿道"",""D-2あたりに出現する""]

C1周辺。シンボルの密度が比較的高く、おすすめ。
ver: 6.5後","2026-03-14 17:40:36","2026-03-22 17:15:39"
3192,5,571,818,"[""D5""]",いつでも,1〜3,普通,D-5〜C-6にかけてシンボルがうろついています。1〜3匹で出ます。おばけトマトが2匹まで一緒に出ます。,0,"[""1-3匹@里下"",""南西のエリアCD-5あたりにいる""]

D5～C6にかけてシンボルがうろついている。1～3匹構成。おばけトマトに2匹までくっつく。
ver: 4.1","2026-03-14 17:40:45","2026-04-02 08:26:19"
3193,116,571,818,"[""B3"",""A3"",""A4"",""B4""]",いつでも,1〜2,少ない,シンボルの数も少なく、狩場としてはスレア海岸がよき。,0,"[""1-2匹@洞くつ"",""西の洞くつ内B-3にいる""]

北西部の洞くつにシンボル。1～2匹構成。シンボルの数も少なく、狩場としてはスレア海岸に劣る。
ver: 4.1","2026-03-14 17:40:45","2026-03-21 17:49:39"
3194,157,571,818,"[""D5"",""C5"",""C6"",""D6""]",いつでも,1,少ない,ナスビナーラが2匹まで一緒に出ます。,0,"[""1匹+供@里下"",""南西のエリアCD-5あたりにいる""]

D-5～C-6にかけてシンボルがうろついている。シンボル数若干少なめで、こいつ自体は1匹なので微妙。ナスビナーラが2匹までくっつく。
ver: 4.1","2026-03-14 17:40:45","2026-03-22 10:09:19"
3195,215,571,818,"[""F4"",""F5"",""G4"",""G5"",""H5""]",いつでも,1〜3,多い,H-5〜6あたりにシンボルたくさんいます。1〜3匹で出ます。,0,"[""1-3匹@東"",""マップ東のエリアH-5にいます""]

H-5～6あたりにシンボル多数。1～3匹構成。
ver: 4.1","2026-03-14 17:40:45","2026-03-22 12:09:24"
3196,254,571,818,"[""B3"",""A3"",""A4"",""B4""]",いつでも,1〜3,多い,北西部の洞くつに大量のシンボルです。1〜3匹で出ます。,1,"[""1-3匹@洞くつ"",""西の洞くつ内B-3にたくさんいます""]

北西部の洞くつに大量のシンボル。1～3匹構成。
ver: 4.1","2026-03-14 17:40:45","2026-03-22 13:22:29"
3197,291,571,818,"[""F4"",""F5"",""F3""]",昼,1〜3,少ない,道沿いにいます。1〜3匹ではあるがシンボルが少なめです。,0,"1-3匹@中央

街道沿いに生息。1～3匹構成ではあるがシンボルが少ない。 4.1では夜間にも出現していたが、4.2で昼限定に修正された。
ver: 5.4","2026-03-14 17:40:45","2026-03-22 15:48:14"
3198,417,571,818,"[""H5"",""H6""]",いつでも,1〜2,少ない,H-5〜H-6あたりに少なめですがシンボルです。1〜2匹で出ます。,0,"[""1-2匹@東"",""マップ東のエリアH-5にいます""]

H5～H6あたりに少数のシンボル。1～2匹構成。デスストーカーにくっつくこともある。
ver: 4.1","2026-03-14 17:40:45","2026-03-23 09:07:09"
3199,431,571,818,"[""D4"",""D5"",""E4"",""E5"",""F5"",""F4"",""E3""]",いつでも,1〜3,多い,F-5からD-4にかけてシンボルです。2〜3匹でシンボル数も多いのでおすすめです。,1,"[""1-3匹@中央"",""E-3からF-5にかけて広範囲に出現します""]

F-5からD-4にかけてシンボル。2～3匹構成でシンボル数も多いのでおすすめ。
ver: 4.1","2026-03-14 17:40:45","2026-03-23 09:42:26"
3200,449,571,818,"[""D4"",""D5"",""E3"",""E4"",""E5"",""F5""]",いつでも,1〜2,普通,F-5からD-4にかけてシンボルです。1〜2匹で出ます。,0,"[""1-2匹@中央"",""E-3からF-5にかけて広範囲に出現します""]

F5からD4にかけてシンボル。1～2匹構成。天水の聖塔のほうがいい。
ver: 4.1","2026-03-14 17:40:45","2026-03-23 10:16:22"
3201,478,571,818,"[""D5"",""C6"",""C5"",""D6""]",いつでも,1〜2,多い,D5〜C6にかけてシンボルがうろついています。1〜2匹で出ます。,0,"[""1-2匹@里下"",""南西のエリアCD-5あたりにたくさんいます""]

D-5～C-6にかけてシンボルがうろついている。1～2匹構成。シンボル多めで拠点からも近いため戦いやすい場所。
ver: 4.1","2026-03-14 17:40:45","2026-03-23 11:08:15"
3202,507,571,818,"[""H5""]",いつでも,1,1,湧きは1分ほど。エリミネーターが一緒に出ることがあります。,0,"[""1匹+供@東"",""マップ東のエリアH-5にいます""]

H-5～H-6あたりに1シンボル。倒すと1分ほど待つ必要があるのでおすすめしない。エリミネーターがくっつくことがある。
ver: 4.1","2026-03-14 17:40:45","2026-03-23 12:39:39"
3203,515,571,818,"[""B3""]",いつでも,2,普通,2匹で出ます。絶滅しやすめ,1,"[""2匹@洞くつ"",""西の洞くつ内B-3にいる""]

北西部の洞くつにシンボル。乱獲だと涸れるタイミングがある。2匹構成。
ver: 4.1","2026-03-14 17:40:45","2026-03-23 13:35:43"
3204,717,571,818,"[""D5""]",いつでも,1〜3,普通,D-5〜C-6にかけてシンボルがうろついています。1〜3匹で出ます。おばけトマトが2匹まで一緒に出ます。,0,"[""1-3匹@里下"",""南西のエリアCD-5あたりにいる""]

D5～C6にかけてシンボルがうろついている。1～3匹構成。おばけトマトに2匹までくっつく。
ver: 4.1","2026-03-14 17:40:45","2026-04-02 08:26:19"
3205,873,571,818,"[""B3"",""A3"",""A4"",""B4""]",いつでも,1〜3,多い,北西部の洞くつに大量のシンボルです。1〜3匹で出ます。,1,"[""1-3匹@洞くつ"",""西の洞くつ内B-3にたくさんいます""]

北西部の洞くつに大量のシンボル。1～3匹構成。
ver: 4.1","2026-03-14 17:40:45","2026-03-22 13:22:29"
3206,202,569,815,"[""B5"",""B4"",""C4"",""C5""]",いつでも,1〜4,多い,昔から北西部の飛び地にいます。ただし1〜4匹です。また、キングリザードに一緒にでることがある。勉強中か?,0,"[""1-4匹@飛地"",""西のエリア(B-5あたり)にたくさんいます""]

昔から北西部の飛び地にいる。ただし1～4匹構成。また、キングリザードにくっつくことがある。
ver: 4.1","2026-03-14 17:40:54","2026-03-22 11:46:27"
3207,293,569,815,"[""C4"",""C5"",""C6"",""D4"",""D5"",""D6"",""E4"",""E5"",""E6"",""F4"",""F5"",""F6""]",いつでも,1〜3,多い,低地では1〜3匹で出ます。F4からC1にかけての地域とD6にかけて大量にシンボルです。1〜3匹で出ます。おすすめです。,1,"[""1-3匹@低地"",""マップ中央から北側半分くらいの広範囲(高所にも)にたくさんいる""]

F4からC1にかけての地域とD6にかけて大量にシンボル。1～3匹構成。E4～D6の街道にかけては4匹出ることもある。おすすめ。高台のストーンマンにくっつくこともある。
ver: 4.1","2026-03-14 17:40:54","2026-03-22 15:56:52"
3209,393,569,815,"[""B5"",""D6"",""D7"",""E6"",""E7"",""C6"",""C7""]",いつでも,1〜2,普通,北西部の飛び地やD-6〜C-6の高台は1〜2匹で出ます。E-4以南の街道は1〜3匹で出ます。,0,"[""1-2匹@高台1-3匹@南側"",""マップの南側半分くらい(高所にも)にいる、西のエリア(B-5あたり)にもいます""]

北西部の飛び地やD6～C6の高台は1～2匹構成。E4以南の街道は1～3匹構成。
ver: 4.1","2026-03-14 17:40:54","2026-03-23 07:44:13"
3210,417,569,815,"[""D6"",""E6""]",いつでも,1〜2,多い,D-6〜E-6の高台に多くのシンボルです。1〜2匹で出ます。,1,"[""1-2匹@高台"",""マップ南側の高所にいます、D-6あたりにたくさん""]

D6～E6の高台に多くのシンボル。1～2匹構成。調律クエストで狩るならD6の高台から上ったところがおすすめ。
ver: 4.1","2026-03-14 17:40:54","2026-03-23 09:07:09"
3211,434,569,815,"[""D6"",""D7"",""D5"",""D4""]",いつでも,1〜2,多い,D-4〜D-6の街道に多くのシンボルです。1〜2匹で出ます。,0,"[""1-2匹@沿道南"",""マップ中央の低地にいます、D-5あたりにたくさん""]

D4～D6の街道に多くのシンボル。1～2匹構成。
ver: 4.1","2026-03-14 17:40:54","2026-03-23 09:45:28"
3212,451,569,815,"[""D7"",""C7""]",いつでも,2〜3,多い,C-7〜D-7にかけています。1〜3匹で出ます。,0,"[""2-3匹@南側"",""南側CD-7あたりにいます""]

C-7～D-7にかけて生息。1～3匹構成。3匹多めか。
ver: 4.1","2026-03-14 17:40:54","2026-03-23 10:30:20"
3213,498,569,815,"[""D7"",""C7""]",いつでも,1〜2,普通,C-7〜D-7にかけています。1〜2匹で出ます。飛んでいるところが少し高くて面倒です。,0,"[""1-2匹@南側"",""南側CD-7あたりに飛んでいます""]

C-7～D-7にかけて生息。1～2匹構成。飛んでいるところが少し高くて面倒。
ver: 4.1","2026-03-14 17:40:54","2026-03-23 11:38:54"
3215,520,569,815,"[""D4"",""D5"",""E4"",""E5""]",いつでも,1〜2,多い,F-4〜D-5のにたくさんいる。低地は1〜2匹で、高台だと1匹にてっこうまじんが一緒に出ることがある。,1,"[""1-2匹+供"",""マップ中央から北側半分くらいの広範囲(高所にも)にいる""]

F-4～D-5の高台に多数のシンボル。低地は1～2匹構成で、高台だと1匹にてっこうまじんがくっつくことがある。おすすめ。調律クエストで狩るならD-5の高台でエモノ呼びが楽。
ver: 4.1","2026-03-14 17:40:54","2026-03-23 13:46:55"
3216,617,569,815,"[""B5"",""B4""]",いつでも,1,普通,真とは異なりドラゴンキッズが一緒に出ますことがあるが、基本的には同じです。,1,"[""1匹+供@飛地"",""西のエリア(B-5あたり)に数匹いる""]

昔から北西部の飛び地にいる。真とちがってドラゴンキッズがくっつくことがあるが、基本的には同じ。
ver: 4.1","2026-03-14 17:40:54","2026-03-23 16:59:48"
3217,751,569,815,"[""B5"",""B4"",""C4"",""C5""]",いつでも,1〜4,多い,昔から北西部の飛び地にいます。ただし1〜4匹です。また、キングリザードに一緒にでることがある。勉強中か?,0,"[""1-4匹@飛地"",""西のエリア(B-5あたり)にたくさんいます""]

昔から北西部の飛び地にいる。ただし1～4匹構成。また、キングリザードにくっつくことがある。
ver: 4.1","2026-03-14 17:40:54","2026-03-22 11:46:27"
3219,190,568,814,"[""G4"",""G3"",""C5"",""C4"",""D5"",""D6"",""D7"",""C7"",""C6"",""E6"",""E7"",""D4""]",いつでも,1〜4,多い,遺跡地帯以南にシンボルです。1〜4匹です。D-4〜D-5が多めです。東西の高台は1〜2匹で出ます。,1,"[""1-4匹"",""マップ中の低地にまんべんなくいる、高所でもよく見かける""]

遺跡地帯以南にシンボル。1～4匹構成。D-4～D-5が多め。東西の高台は1～2匹構成。
ver: 4.1","2026-03-14 17:41:05","2026-03-22 11:07:34"
3220,260,568,814,"[""C5"",""G3"",""D7""]",いつでも,1〜3,普通,三門の関所周辺は2〜3匹で、東西の高台は1〜3匹です。,0,"[""1-3匹@高台"",""G-3やC-5などの高い所にいる、三門の関所周辺もいる""]

高台にシンボル。三門の関所周辺は2～3匹構成で、東西の高台は1～3匹構成のようだ。また、F3の高台にいるベルフェゴルにくっついてくることがある。
ver: 4.1","2026-03-14 17:41:05","2026-03-22 13:33:18"
3221,266,568,814,"[""C5"",""E3"",""E2"",""E4"",""D7"",""G3""]",いつでも,1〜3,普通,E-2〜E-4にかけてシンボルです。1〜2匹で出ます。また、三門の関所前にもシンボルがあり、こちらは2〜3匹で出ます。他、東西の高台が2〜3匹で出ます。,0,"[""1-3匹"",""E-3にすぐ出てくる、またC-5の高所や三門の関所周辺にもいる""]

E2～E4にかけてシンボル。1～2匹構成。また、三門の関所前にもシンボルがあり、こちらは2～3匹構成。他、東西の高台が2～3匹構成。
ver: 4.1","2026-03-14 17:41:05","2026-03-22 14:29:20"
3222,364,568,814,"[""D2"",""E2""]",いつでも,1〜2,普通,遺跡では1〜2匹で出ます。北側D-2の遺跡地帯にいます。,0,"[""1-2匹@遺跡"",""北側D-2の遺跡地帯にいる""]

昔から変わらず遺跡地帯にいるようだ。拠点から非常に近く、1～2匹構成なのでこっちのほうがいい。
ver: 4.1","2026-03-14 17:41:05","2026-03-23 06:42:47"
3223,381,568,814,"[""D4"",""D5"",""E4"",""E5""]",いつでも,1,少ない,D-4〜5にシンボルです。1匹ずつ出ます。シンボル少なめです。,0,"[""1匹@中央"",""D-4の低地に数匹います""]

D-4～5にシンボル。1匹構成。シンボル少なめ。
ver: 4.1","2026-03-14 17:41:05","2026-03-26 14:34:38"
3224,427,568,814,"[""D2"",""D3"",""E2"",""E3"",""G3""]",いつでも,1〜2,普通,E-2〜E-4にかけてシンボルです。1〜2匹で出ます。F-3の高台にもおり、1匹にヘルボックルが一緒に出ます。,0,"[""1-2匹@北"",""E-3にすぐ出てくる、また高所のG-3あたりにもいる""]

E-2～E-4にかけてシンボル。1～2匹構成。F3の高台にもおり、1匹構成にヘルボックルがくっつく。
ver: 4.1","2026-03-14 17:41:05","2026-03-23 09:32:54"
3225,429,568,814,"[""D7"",""E7"",""C7""]",いつでも,1〜2,多い,D-6より南に点々といますにシンボルありです。1〜2匹で出ます。,0,"[""1-2匹@南"",""マップの南側によくいる、高所にもたくさんいます""]

D-6以南にまばらにシンボルあり。1～2匹構成。
ver: 4.1","2026-03-14 17:41:05","2026-03-23 09:36:12"
3226,440,568,814,"[""E2"",""E3"",""E4""]",いつでも,1〜2,普通,E-2〜E-4にかけてシンボルです。1〜2匹で出ます。,0,"[""1-2匹@北"",""北側の低い所E-3あたりにいます""]

E-2～E-4にかけてシンボル。1～2匹構成。
ver: 4.1","2026-03-14 17:41:05","2026-03-23 10:01:51"
3227,552,568,814,"[""D4"",""D5""]",いつでも,1〜2,普通,D-4〜D-5にシンボルです。1〜2匹で出ます。,0,"[""1-2匹@中央"",""D-4の低地に固まっています""]

D4～D5にシンボル。1～2匹構成。
ver: 4.1","2026-03-14 17:41:05","2026-03-23 14:40:05"
3228,580,568,814,"[""D2"",""E2""]",いつでも,1〜2,普通,おすすめです。DE-2の遺跡地帯にいます。,0,"[""1-2匹@遺跡"",""北側D-2の遺跡地帯にいる""]

昔から変わらず遺跡地帯にいるようだ。1匹構成。拠点からの近さならここ。
ver: 4.1","2026-03-14 17:41:05","2026-03-23 15:22:48"
3229,769,568,814,"[""D7"",""E7"",""C7""]",いつでも,1〜2,多い,D-6より南に点々といますにシンボルありです。1〜2匹で出ます。,0,"[""1-2匹@南"",""マップの南側によくいる、高所にもたくさんいます""]

D-6以南にまばらにシンボルあり。1～2匹構成。
ver: 4.1","2026-03-14 17:41:05","2026-03-23 09:36:12"
3230,87,573,823,"[""D2""]",夜,4,お供,夜にD-2の湖まわりのふくめんバニーにぶつかると、4匹ついてくることがあります。ふくめんバニーのお供で出現します。,0,"[""ふくめんバニーのお供で出現します""]

夜にD-2の湖まわりのふくめんバニーにぶつかると、4匹くっついてくる。
ver: 4.2","2026-03-14 17:41:54","2026-03-23 18:34:18"
3231,180,573,823,"[""D2""]",いつでも,3,多い,D-2の湖まわりにシンボルたくさんいます。昼は3匹だが、夜は1匹でアイアンクックが4匹ついてくることがあります。,1,"[""3匹@D2"",""D-2の池の周辺にいっぱいいる""]

D-2の湖まわりにシンボル多数。昼は3匹構成のため、ここ一択だろう。夜はこいつは1匹でアイアンクックが4匹くっついてくる。
ver: 4.2","2026-03-14 17:41:54","2026-03-22 10:57:46"
3232,234,573,823,"[""D6"",""D5"",""E5"",""E6""]",いつでも,1〜3,お供,キラーアーマのお供,1,"[""キラーアーマーのお供で出現します""]

キラーアーマーに1～3匹くっついてくる。3匹拠点からも割と近いのでおすすめ。
ver: 4.2","2026-03-14 17:41:54","2026-03-22 12:46:21"
3233,258,573,823,"[""D2"",""D3"",""E2"",""E3"",""C3""]",いつでも,3〜4,普通,出現数は多い。,1,"[""3-4匹@低地北側"",""E-2・3あたりにいる""]

C3～F4～E1にかけて生息。3～4匹構成。シンボルは少し密度が低いが、こいつだけを狙うならおすすめ。
ver: 4.2","2026-03-14 17:41:54","2026-03-22 13:30:25"
3234,297,573,823,"[""D3"",""E3"",""C3"",""E4"",""D4""]",いつでも,3〜4,普通,C3〜F4〜E1にかけています。3〜4匹です。,0,"[""3-4匹@低地北側"",""マップの北側に広く出現します""]

C3～F4～E1にかけて生息。3～4匹構成。
ver: 4.2","2026-03-14 17:41:54","2026-03-22 16:09:32"
3235,388,573,823,"[""D2"",""D3"",""E2"",""E3""]",いつでも,1〜2,普通,C-3〜F-4〜E-1以北にいます。1〜2匹で出ます。現代よりシンボル多めだが、それでも少なめです。,0,"[""1-2匹@北"",""E-3・4あたりにいるが数は少なめ""]

C3～F4～E1以北に生息。1～2匹構成。現代よりシンボル多めだが、それでも少ない。
ver: 4.2","2026-03-14 17:41:54","2026-03-23 07:39:30"
3236,428,573,823,"[""C1""]",いつでも,2〜3,多い,最北部の墓場にたくさんいます。2〜3匹なのでおすすめです。,1,"[""2-3匹@C1"",""いちばん北のC-1の墓場にいっぱいいる""]

最北部の墓場に多数シンボル。2～3匹構成なのでおすすめ。
ver: 4.2","2026-03-14 17:41:54","2026-03-23 09:34:32"
3237,461,573,823,"[""C4""]",いつでも,2〜3,普通,大地の風穴に多くいます。2〜3匹で出ます。,0,"[""2-3匹@風穴"",""C-4の大地の風穴にいます""]

大地の風穴に多く生息。2～3匹構成。
ver: 4.2","2026-03-14 17:41:54","2026-03-23 10:41:51"
3238,488,573,823,"[""C5"",""D6"",""D5""]",いつでも,1〜2,多い,C-5-D-6では1〜2匹で出ます。グリズリーと一緒に転生どうぞ。,1,"[""1-2匹@C5-D6"",""オルセコ闘技城から出てすぐ、マップの西側半分くらいに広範囲でいます""]

オルセコ闘技城周り～大地の風穴周りまでの地域にたくさんいる。1～2匹構成。
ver: 4.2","2026-03-14 17:41:54","2026-03-23 11:22:01"
3239,539,573,823,"[""F4"",""F5"",""G4"",""G5"",""E6"",""E7"",""F7"",""G7"",""G6"",""F6""]",いつでも,1〜2,多い,1〜2体でベホマスライムが1〜3匹ほぼ確実にお供に一緒に出ます。,1,"[""1-2匹+供@東"",""マップの南側の戦士の修行場の周辺にいっぱいいます""]

D-8以東～オルセコ王家の墓以東～E-4以南にかけて広く出現。1～2体構成でベホマスライムが1～3匹ほぼ確実にお供につく。
ver: 4.2","2026-03-14 17:41:54","2026-03-23 14:10:46"
3240,546,573,823,"[""E6""]",いつでも,2〜3,普通,2〜3匹で出ます。,0,"[""2-3匹@修行場"",""E-6の戦士の修行場にいます""]

2～3匹構成。戦士の修行場にそこそこのシンボル。
ver: 4.2","2026-03-14 17:41:54","2026-03-23 14:22:34"
3241,565,573,823,"[""C6"",""B6"",""C7"",""B7"",""C4"",""B4"",""B5"",""C5""]",いつでも,1〜2,多い,闘技城まわりは1〜2体・大地の風穴周りは2〜3匹・城近辺では1〜2匹で出ます。パンダをみつけろ〜,1,"[""1-2匹@城近く2-3匹@風穴近く"",""オルセコ闘技城から出てすぐ、マップの西側半分くらいに広範囲でいます""]

オルセコ闘技城周り～大地の風穴周りまでの地域にたくさんいる。オルセコ闘技城まわりは1～2体構成だが、大地の風穴周りは2～3匹構成。
ver: 4.2","2026-03-14 17:41:54","2026-03-23 15:07:34"
3242,641,573,823,"[""F4"",""F5"",""F6""]",いつでも,1〜2,普通,1〜2体です。,0,"[""1-2匹@東"",""オルセコ王家の墓から東側に広く出現します""]

D-8以東～オルセコ王家の墓以東～E-4以南にかけて広く出現。1～2体構成。シンボルの数は少なくはないが、広いので探さないと見つからない場合もある。
ver: 4.2","2026-03-14 17:41:54","2026-03-23 17:23:10"
3243,763,573,823,"[""D3"",""E3"",""C3"",""E4"",""D4""]",いつでも,3〜4,普通,C3〜F4〜E1にかけています。3〜4匹です。,0,"[""3-4匹@低地北側"",""マップの北側に広く出現します""]

C3～F4～E1にかけて生息。3～4匹構成。
ver: 4.2","2026-03-14 17:41:54","2026-03-22 16:09:32"
3244,782,573,823,"[""C5"",""D6"",""D5""]",いつでも,1〜2,多い,C-5-D-6では1〜2匹で出ます。グリズリーと一緒に転生どうぞ。,1,"[""1-2匹@C5-D6"",""オルセコ闘技城から出てすぐ、マップの西側半分くらいに広範囲でいます""]

オルセコ闘技城周り～大地の風穴周りまでの地域にたくさんいる。1～2匹構成。
ver: 4.2","2026-03-14 17:41:54","2026-03-23 11:22:01"
3245,70,574,824,"[""C8"",""D1"",""D2"",""D3"",""C4"",""C3"",""C5"",""C6"",""C7""]",いつでも,1〜3,普通,D-1からC-8まで流れている川にいます。,0,"[""1-3匹@川"",""D-1からC-8まで流れている川にいます""]

川にいる。1～3匹構成。現代と同じ。
ver: 4.2","2026-03-14 17:42:00","2026-03-21 13:58:31"
3246,127,574,824,"[""C1"",""D2"",""C2"",""D1""]",いつでも,2〜3,普通,D-2以北のザマ峠へ続いている道のほうにシンボルがあります。2〜3匹で密度もそこそこです。,0,"[""2-3匹@沿道北"",""北の方C-1からD-2あたりにいます""]

D-2以北のザマ峠へ続いている道のほうにシンボルが存在する。2～3匹構成で密度もそこそこ。
ver: 4.2","2026-03-14 17:42:00","2026-03-21 18:44:35"
3247,140,574,824,"[""C5"",""D5"",""E5"",""F5"",""F6"",""F7"",""F8"",""E8"",""D8"",""C8"",""C7"",""C6""]",いつでも,3〜5,多い,3〜5匹でおすすめです。ドラポヨロンにも2匹まで一緒に出ることがあります。,1,"[""3-5匹@大岩"",""南側の鬼神の大岩周辺の高所に広範囲でいます""]

鬼神の大岩を中心に多数のシンボル。3～5匹構成で断然おすすめ。ドラポヨロンにも2匹までくっつくことがある。
ver: 4.2","2026-03-14 17:42:00","2026-03-21 19:06:34"
3248,197,574,824,"[""E4"",""D4""]",いつでも,3,多い,川以東の低地部分にシンボルそこそこです。3匹で出ます。D4E4の低い所にまとまっています。,0,"[""3匹@沿道"",""マップ中央から東の端まで全体的にいる感じ、DE-4の低い所に固まっている""]

川以東の低地部分にシンボルそこそこ。3匹構成。
ver: 4.2","2026-03-14 17:42:00","2026-03-26 14:27:29"
3249,202,574,824,"[""C8""]",いつでも,2〜3,普通,C-8の高台に複数シンボルです。2〜3匹で出ます。,0,"[""2-3匹@C8"",""C-8の小高い所に固まっています""]

C-8の高台に複数シンボル。2～3匹構成。
ver: 4.2","2026-03-14 17:42:00","2026-03-22 11:46:27"
3250,257,574,824,"[""B6"",""B7"",""C6""]",いつでも,1〜2,普通,シンボルの数はそこそこです。西では1〜2匹で出ます,0,"[""1-2匹@西"",""オルの船着き場周辺からC-6あたりにいる""]

オルセコ王国領へ続く道以南の、川より西にシンボル。1～2匹構成。シンボルの数はそこそこ。
ver: 4.2","2026-03-14 17:42:00","2026-03-22 13:27:06"
3251,379,574,824,"[""E3"",""F2"",""F3"",""G2"",""G3""]",いつでも,2〜3,普通,E-4の高台から鬼岩城前にかけてシンボルです。2〜3匹で出ます。,0,"[""2-3匹@北東"",""鬼岩城の近くE-3あたりにいます""]

E-4の高台から鬼岩城前にかけてシンボル。2～3匹構成。
ver: 4.2","2026-03-14 17:42:00","2026-03-23 07:22:15"
3252,420,574,824,"[""D4"",""D3""]",いつでも,3,普通,D-3〜D-4あたりの小高い丘部分に出ます。3匹で出ます。,0,"[""3匹@D4付近"",""D-4あたりの小高い丘(2か所ある)にいる""]

D-3～D-4あたりの小高い丘部分に出現。3匹構成。
ver: 4.2","2026-03-14 17:42:00","2026-03-23 09:10:05"
3253,422,574,824,"[""D2"",""D3"",""E2"",""E3"",""G3"",""G4"",""G5"",""G6""]",いつでも,1〜2,少ない,1〜2匹で出ます。いろんなところにいますが東の方のG列により多くいる。,0,"[""1-2匹@北"",""いろんなところにいるが東の方のG列により多くいる感じです""]

川以東の低地部分にシンボルまばら。1～2匹構成。
ver: 4.2","2026-03-14 17:42:00","2026-03-23 09:15:35"
3254,437,574,824,"[""D4"",""E4"",""F4""]",いつでも,2〜3,普通,D-3〜4あたりの小高い丘部分と、川より東の低地にシンボルそこそこです。2〜3匹でおすすめです。,1,"[""2-3匹"",""マップ中央から東の端まで全体的にいる感じ、D-4の小高い丘にもいる""]

D-3～4あたりの小高い丘部分と、川以東の低地にシンボルそこそこ。2～3匹構成でおすすめ。
ver: 4.2","2026-03-14 17:42:00","2026-03-23 09:53:40"
3255,474,574,824,"[""C1"",""D2"",""C2"",""D1""]",いつでも,1,普通,D2より北のザマ峠へ続いている道のほうにシンボルがあります。1匹ずつ出ます。,0,"[""1匹@北"",""北の方C-1からD-2あたりにいます""]

D-2以北のザマ峠へ続いている道のほうにシンボルが存在する。1匹構成。
ver: 4.2","2026-03-14 17:42:00","2026-03-26 14:09:55"
3256,505,574,824,"[""E3"",""F2"",""F3"",""G2"",""G3"",""F4"",""D3"",""D4"",""E4""]",いつでも,1,普通,E-4の高台から鬼岩城前にかけてシンボルです。オーガキングが2匹までついてくることがあります。,1,"[""1匹+供@北東"",""鬼岩城から続く小高い丘(E-3・4)にぐるっといます""]

E-4の高台から鬼岩城前にかけてシンボル。こいつは1匹で、オーガキングが2匹までくっついてくる。
ver: 4.2","2026-03-14 17:42:00","2026-03-23 12:28:27"
3257,519,574,824,"[""C5"",""C6"",""C7"",""D7"",""E7"",""F7"",""F6"",""F5"",""E5"",""D5"",""D6"",""E6""]",いつでも,2〜3,普通,大岩では1〜2匹で出て、小島の高台では3〜4匹で出ます。お供つきです。,1,"[""2-3匹@王国領1-2匹+供@大岩3-4匹@小島の高台"",""オルセコ王国領から入ってすぐの所と、南側の高所に広範囲でいる""]

鬼神の大岩をはじめとした高台やその周囲の高台、オルセコ王国領から来てすぐのところにもいる。鬼神の大岩まわりは1～2匹構成でドラキーマが3匹までくっつき、オルセコ王国領近くは2～3匹構成、その他の高台は3～4匹構成。
ver: 4.2","2026-03-14 17:42:00","2026-03-23 13:43:21"
3258,550,574,824,"[""E3"",""F2"",""F3"",""G2"",""G3"",""F4"",""E4""]",いつでも,2〜3,普通,E-4の高台から鬼岩城前にかけてシンボルです。シンボルのほうは2〜3匹のほか、れんごくの番兵に2匹まで一緒に出ます。,0,"[""2-3匹@北東"",""鬼岩城から続く小高い丘(E-3・4)にぐるっといます""]

E-4の高台から鬼岩城前にかけてシンボル。シンボルのほうは2～3匹構成のほか、れんごくの番兵に2匹までくっつく。
ver: 4.2","2026-03-14 17:42:00","2026-03-23 14:37:58"
3259,643,574,824,"[""C6"",""D4"",""D3""]",いつでも,1〜2,普通,D3〜D4あたりの小高い丘部分と、オルセコ王国領に続く道より南の川にシンボルそこそこです。1〜2匹で出ます。,0,"[""1-2匹"",""D-4あたりの小高い丘(2か所ある)にいる、C-6あたりにもいる""]

D3～D4あたりの小高い丘部分と、オルセコ王国領に続く道以南の川以西にシンボルそこそこ。1～2匹構成。
ver: 4.2","2026-03-14 17:42:00","2026-03-23 17:27:07"
3260,677,574,824,"[""C8""]",いつでも,1,2,C8の高台に2シンボルです。湧きはそこそこ早いです。,1,"[""1匹@C8"",""C-8の小高い所に2匹ほどいます""]

C-8の高台に2シンボル。湧きはそこそこ早い。
ver: 4.2","2026-03-14 17:42:00","2026-03-23 18:09:55"
3261,723,574,824,"[""B6"",""B7"",""C6""]",いつでも,1〜2,普通,シンボルの数はそこそこです。西では1〜2匹で出ます,0,"[""1-2匹@西"",""オルの船着き場周辺からC-6あたりにいる""]

オルセコ王国領へ続く道以南の、川より西にシンボル。1～2匹構成。シンボルの数はそこそこ。
ver: 4.2","2026-03-14 17:42:00","2026-03-22 13:27:06"
3262,733,574,824,"[""C8"",""D1"",""D2"",""D3"",""C4"",""C3"",""C5"",""C6"",""C7""]",いつでも,1〜3,普通,D-1からC-8まで流れている川にいます。,0,"[""1-3匹@川"",""D-1からC-8まで流れている川にいます""]

川にいる。1～3匹構成。現代と同じ。
ver: 4.2","2026-03-14 17:42:00","2026-03-21 13:58:31"
3263,751,574,824,"[""C8""]",いつでも,2〜3,普通,C-8の高台に複数シンボルです。2〜3匹で出ます。,0,"[""2-3匹@C8"",""C-8の小高い所に固まっています""]

C-8の高台に複数シンボル。2～3匹構成。
ver: 4.2","2026-03-14 17:42:00","2026-03-22 11:46:27"
3264,420,577,828,"[""C3"",""E4""]",いつでも,3,少ない,C-3付近や下層にわずかなシンボルです。3匹で出ます。,0,"[""3匹@C3"",""E-4に1匹、C-3に1匹、下層E－4にもいる""]

C-3付近や下層にわずかなシンボル。3匹構成。
ver: 4.2","2026-03-14 17:42:08","2026-03-23 09:10:05"
3265,437,577,827,"[""C6"",""D6""]",いつでも,1〜2,少ない,C6D6付近にいるが少ない。1〜2匹で出ます。,0,"1-2匹@C6

D-6～C-6付近にわずかなシンボル。1～2匹構成。
ver: 4.2","2026-03-14 17:42:08","2026-03-23 09:53:40"
3266,505,577,827,"[""D7"",""E7"",""D2""]",いつでも,1,普通,入り口から少し進むと3シンボルほどいます。また、雷食い鳥の玉座前にも数シンボルです。1匹ずつ出ます。,0,"@南

入り口から少し進むと3シンボルほどいる。また、雷食い鳥の玉座前にも数シンボル。1匹構成。
ver: 4.2","2026-03-14 17:42:08","2026-03-23 12:28:27"
3267,511,577,827,"[""C6"",""C3"",""D4"",""D5"",""C5""]",いつでも,2〜3,普通,C-3付近やD〜C-6にかけて数シンボルです。2〜3匹で出ます。,0,"3匹@C6

C-3付近やD～C-6にかけて数シンボル。2～3匹構成。
ver: 4.2","2026-03-14 17:42:08","2026-03-23 13:15:20"
3268,550,577,827,"[""C1"",""D1"",""C2"",""D2""]",いつでも,,少ない,雷食い鳥の玉座の周辺にシンボルです。シンボルは少なめです。遠い。,0,"@北東

雷食い鳥の玉座の周辺にシンボル。シンボルは少なめ。
ver: 4.2","2026-03-14 17:42:08","2026-03-23 14:37:58"
3269,596,577,827,"[""F5"",""D2""]",いつでも,1,普通,F-5付近と、雷食い鳥の玉座前に数シンボルです。単体かブルジャックルがついてくることがあります。,0,"1匹+供@F5

F-5付近と、雷食い鳥の玉座前に数シンボル。単体かブルジャックルがくっついてくる。
ver: 4.2","2026-03-14 17:42:08","2026-03-23 15:48:21"
3271,641,577,827,"[""C6""]",いつでも,,普通,特になし,0,@南西,"2026-03-14 17:42:08","2026-03-23 17:23:10"
3272,1,576,826,"[""F2""]",いつでも,,普通,F-2の南側の広場にシンボルが出ます。は現代のランガーオ村周辺のものと同じです。,0,"[""F-2の橋から東側の狭いエリアにいる""]

F2の南側の広場にシンボルが出現する。構成は現代のランガーオ村周辺のものと同じ。
ver: 4.2","2026-03-14 17:42:17","2026-04-02 08:31:30"
3273,4,576,826,"[""F2""]",いつでも,,普通,F-2の南側の広場に出ます。生息は現代のランガーオ村周辺のものと同じで、スライムが一緒に出ることがあります。,0,"[""F-2の橋から東側の狭いエリアにいる""]

F-2の南側の広場にシンボルが出現する。構成は現代のランガーオ村周辺のものと同じで、スライムがくっつくことがある。
ver: 4.2","2026-03-14 17:42:17","2026-03-21 11:40:04"
3274,228,576,826,"[""F1"",""E2"",""F2"",""D2""]",いつでも,2〜3,普通,2〜3匹で出ます。,0,"[""D-2・3から北東に向かっています""]

E-3西側～F-1の西側にかけて満遍なく存在。2～3匹構成。
ver: 4.2","2026-03-14 17:42:17","2026-03-22 12:32:27"
3275,244,576,826,"[""D5"",""D4"",""C5"",""C6""]",いつでも,3,普通,3匹で出ます。,0,"[""3匹"",""CD-5あたりに広くいます""]

D-4から獅子門にかけて広く生息。3匹構成。
ver: 4.2","2026-03-14 17:42:17","2026-03-22 13:05:12"
3276,314,576,826,"[""E4"",""E3""]",いつでも,1〜3,多い,E-3の橋から東にE-4の辺りまでシンボルたくさんいます。湧きがやや偏るのに注意です。1〜3匹で出ます。,0,"[""1-3匹@E4付近"",""E-4あたりにいる""]

E-3の橋から東にE-4の辺りまでシンボル多数。湧きがやや偏るのに注意。1～3匹構成。
ver: 6.1","2026-03-14 17:42:17","2026-03-22 17:39:56"
3277,355,576,826,"[""E5"",""E4""]",いつでも,1,普通,1匹ずつ出ます。ただし密度は薄いので、結構走り回らなければならないです。,1,"[""E-5あたりにいる""]

E-4～5にかけてシンボルが存在。1匹構成。ただし密度は薄いので、結構走り回らなければならない。
ver: 4.2","2026-03-14 17:42:17","2026-03-23 06:28:15"
3278,369,576,826,"[""C3"",""B3"",""B2"",""C2""]",いつでも,2〜3,普通,太古の氷穴前にそこそこのシンボルです。2〜3匹で出ます。,0,"[""太古の氷穴周辺にいます""]

太古の氷穴前にそこそこのシンボル。2～3匹構成。
ver: 4.2","2026-03-14 17:42:17","2026-03-23 06:50:11"
3279,472,576,826,"[""E3"",""F3"",""F2"",""F1"",""E2""]",いつでも,2〜3,少ない,E3西側〜F1の西側にかけています。。少なめ。2〜3匹で出ます。,0,"[""D-2・3から北東に向かっています""]

E-3西側～F-1の西側にかけて存在。少しシンボル少なめか。2～3匹構成。
ver: 4.2","2026-03-14 17:42:17","2026-03-23 10:59:40"
3280,477,576,826,"[""E2""]",いつでも,2〜3,多い,F-2の西側で2〜3匹で出ます。,1,"[""E-2に固まっています""]

F-2の西側、橋を渡る以前のあたりにシンボルが密集している。2～3匹構成。
ver: 4.2","2026-03-14 17:42:17","2026-03-23 11:06:49"
3281,487,576,826,"[""D5"",""D4"",""C6"",""D6""]",いつでも,3,普通,D-4から獅子門にかけて広くいます。3匹で出ます。,0,"[""3匹@西"",""CD-5あたりに広くいます""]

D-4から獅子門にかけて広く生息。3匹構成。
ver: 4.2","2026-03-14 17:42:17","2026-03-23 11:21:06"
3282,559,576,826,"[""F7"",""E7"",""E8"",""F8"",""G8"",""G7""]",いつでも,2〜3,普通,ダズの船着き場から橋をわたった先にシンボルです。2〜3匹で出ます。おすすめです。,1,"[""南東のダズの船着き場周辺からぐるっと一周いる""]

ダズの船着き場から橋をわたった先にシンボル。2～3匹構成。おすすめ。
ver: 4.2","2026-03-14 17:42:17","2026-03-23 15:00:02"
3283,571,576,826,"[""E4"",""E3""]",いつでも,1,少ない,かなり少なめです。キラーマシンが2匹まで一緒に出ます。,0,"[""E-4あたりにいる、数は少ない""]

E-3～F-4にかけてシンボルはいるものの、かなり少ない。1匹構成でキラーマシンが2匹までくっつく。
ver: 4.2","2026-03-14 17:42:17","2026-03-23 15:14:14"
3284,587,576,826,"[""E6"",""E7"",""F7"",""G6"",""F6"",""G7"",""E8"",""F8"",""G8"",""E5""]",いつでも,1〜2,少ない,東では1匹で出ます。,1,"[""1匹@東"",""南東のダズの船着き場周辺からぐるっと一周いる、E-5あたりまでいる""]

ダズの船着き場からF-4にかけて広くシンボルが存在。ダズの船着き場付近は1匹構成、橋をわたった先は1～2匹構成、E-6以北は1～3匹構成。ただし、ダズの船着き場付近を除くとシンボルは少なめなので注意。エモノ呼びする場合、ダズの船着き場近辺でやるほうが安定する。
ver: 4.2","2026-03-14 17:42:17","2026-03-23 15:29:55"
3285,603,576,826,"[""F1"",""F2""]",いつでも,1〜2,普通,1〜2匹で出ます。,0,"[""1-2匹@F2"",""F-2地点にいる、F-1の橋から南に下りる感じで行く""]

F-2の北東側～G-1にかけてシンボルが存在。1～2匹構成
ver: 4.2","2026-03-14 17:42:17","2026-03-23 15:52:56"
3286,635,576,826,"[""C2"",""C3""]",いつでも,1〜2,少ない,太古の氷穴前に少なめですシンボルです。1〜2匹で出ます。,0,"[""@太古"",""太古の氷穴周辺にいます""]

太古の氷穴前に少数シンボル。1～2匹構成。
ver: 4.2","2026-03-14 17:42:17","2026-03-23 17:16:22"
3287,772,576,826,"[""E4"",""E3""]",いつでも,1〜3,多い,E-3の橋から東にE-4の辺りまでシンボルたくさんいます。湧きがやや偏るのに注意です。1〜3匹で出ます。,0,"[""1-3匹@E4付近"",""E-4あたりにいる""]

E-3の橋から東にE-4の辺りまでシンボル多数。湧きがやや偏るのに注意。1～3匹構成。
ver: 6.1","2026-03-14 17:42:17","2026-03-22 17:39:56"
3288,125,581,832,"[""C4"",""C5"",""B5"",""B4""]",いつでも,2〜3,多い,中央区域の西側にシンボルありです。2〜3匹で出ます。,1,"[""D-5の小高くなっているところに固まっている""]

中央区域の西側にシンボルあり。2～3匹構成。
ver: 7.1","2026-03-14 17:42:25","2026-03-21 18:40:17"
3289,316,581,832,"[""C5"",""C6"",""D5"",""D6""]",いつでも,2〜3,普通,合計で6匹出たりもするのでおすすめです。,1,"[""マップ中央から南部に広く出現""]

中央区域より南側にシンボルあり。こいつ自体は2～3匹で、そこにさらにデザートゴルバが1～3匹混成する場合もある。合計で6匹出たりもするのでおすすめ。
ver: 4.3","2026-03-14 17:42:25","2026-07-29 10:32:45"
3290,317,581,832,"[""C5"",""C6"",""D5"",""D6""]",いつでも,2〜3,普通,合計で6匹出たりもするのでおすすめです。,1,"[""マップ中央から南部に広く出現""]

中央区域より南側にシンボルあり。こいつ自体は2～3匹で、そこにさらにデザートガルバが1～3匹混成する場合もある。合計で6匹出たりもするのでおすすめ。
ver: 4.3","2026-03-14 17:42:25","2026-07-29 10:32:21"
3291,324,581,832,"[""D3"",""E6"",""E7"",""F7"",""F6""]",いつでも,3〜5,多い,"D3,坑内以外の全域にシンボルありです。特に南東区域でよく見かけます。3〜5匹です。",0,"[""マップ全域の高い所に出現する感じ、D-3あたりには必ずいる""]

坑内以外の全域にシンボルあり。特に南東区域に多数。3～5匹構成。
ver: 4.3","2026-03-14 17:42:25","2026-03-22 18:19:55"
3292,406,581,832,"[""E3""]",いつでも,2〜4,普通,強制労働所の周りにシンボルありです。見回りをするように移動しています。2〜4匹です。,0,"[""E-3の強制労働所の中段の外周を回っている""]

強制労働所の周りにシンボルあり。見回りをするように移動している。2～4匹構成。
ver: 6.0","2026-03-14 17:42:25","2026-03-23 08:52:10"
3293,413,581,832,"[""D3"",""F3"",""F4"",""E4"",""D4"",""D2"",""E2"",""F2""]",いつでも,1〜2,普通,。ールドマンがついてくることがあります。D-3あたりと強制労働所の外周の高い所にいます。,0,"[""D-3あたりと強制労働所の外周(高い所)にいる""]

各区域の坑内周辺にシンボルあり。1～2匹構成。やはりゴールドマンがくっついてくる。
ver: 4.3","2026-03-14 17:42:25","2026-03-23 09:00:05"
3294,526,581,832,"[""D5"",""D4"",""C4"",""C3"",""C2"",""D2"",""E2"",""E3"",""E4"",""D3""]",いつでも,2〜4,多い,フィールドの外周と中央区域の高いところにいる。D5には多い。2〜4匹です。,0,"[""2-4匹"",""マップ中央D-5あたりにたくさんいて、そこから北に広く出現(高い所にいる)、""]

フィールドの外周と中央区域にシンボルあり。2～4匹構成。
ver: 4.3","2026-03-14 17:42:25","2026-03-23 13:54:53"
3295,541,581,832,"[""C2""]",いつでも,1〜3,普通,北西区域に数シンボルです。1〜3匹で出ます。,0,"[""C-2の採掘場所にいます""]

北西区域に数シンボル。1～3匹構成。
ver: 4.3","2026-03-14 17:42:25","2026-03-23 14:13:33"
3296,564,581,832,"[""E6""]",いつでも,,普通,南東区域の東側坑内にいます。スライムエンペラーも混ざります。,1,"[""E-6の採掘場所にいます""]

南東区域の東側坑内にシンボルあり。スライムエンペラーが混成する。
ver: 4.3","2026-03-14 17:42:25","2026-03-23 15:06:35"
3297,567,581,832,"[""E6"",""B6"",""B7"",""C7"",""D7"",""E7"",""F7"",""F6"",""D6"",""C6""]",いつでも,1〜2,少ない,南東区域や南西区域に少なめですシンボルありです。1〜2匹です。,0,"[""DE-6から南側に広く出現、数は少なめ""]

南東区域や南西区域に少数シンボルあり。１～２匹構成。
ver: 4.3","2026-03-14 17:42:25","2026-03-23 15:09:54"
3298,598,581,832,"[""E2""]",いつでも,,普通,E-2の採掘場所にいます。,0,"[""E-2の採掘場所にいます""]

北東区域の坑内にシンボルあり。
ver: 4.3","2026-03-14 17:42:25","2026-03-23 15:50:07"
3299,625,581,832,"[""C2"",""E2"",""E6""]",いつでも,1〜3,普通,1〜3匹で出ます。湧きに少し時間がかかるです。,0,"[""C-2とE-2の採掘場所(一番低い所)にいる、E-6の採掘場にもいる。""]

各区域の坑内にシンボルあり。1～3匹構成。再湧きに少し時間がかかる。
ver: 4.3","2026-03-14 17:42:25","2026-03-23 17:07:29"
3300,770,581,832,"[""D3"",""E6"",""E7"",""F7"",""F6""]",いつでも,3〜5,多い,"D3,坑内以外の全域にシンボルありです。特に南東区域でよく見かけます。3〜5匹です。",0,"[""マップ全域の高い所に出現する感じ、D-3あたりには必ずいる""]

坑内以外の全域にシンボルあり。特に南東区域に多数。3～5匹構成。
ver: 4.3","2026-03-14 17:42:25","2026-03-22 18:19:55"
3301,99,582,833,"[""D2"",""E5"",""D5"",""D6"",""E6""]",いつでも,1,普通,1匹ずつ出ます。,0,"[""DE-56にいる、北のD-2あたりにもいる""]

フィールド全体にシンボルがある。1匹構成。
ver: 4.3","2026-03-14 17:42:29","2026-03-21 17:25:58"
3302,227,582,833,"[""C5"",""E6"",""E7""]",いつでも,3〜4,多い,南部にシンボルありです。3〜4匹です。,0,"[""E-6・7にたくさんいる、C-5にもいる""]

南部にシンボルあり。３～４匹構成。南東部E7～E8がシンボル多め。
ver: 4.3","2026-03-14 17:42:29","2026-03-22 12:30:43"
3303,239,582,833,"[""E6""]",いつでも,2〜4,普通,フィールドの南半分側にシンボルありです。2〜4匹です。DE-6あたりにいます。,0,"[""DE-6あたりにいます""]

フィールドの南半分側にシンボルあり。2～4匹構成。
ver: 4.3","2026-03-14 17:42:29","2026-03-22 12:52:55"
3304,265,582,833,"[""C1"",""D1"",""C2"",""D2"",""E1"",""F1"",""E2"",""F2"",""E3"",""F3"",""E4"",""F4"",""C3"",""D3"",""C4"",""D4"",""C5"",""D5"",""C6"",""D6"",""E5"",""F5"",""E6"",""F6"",""E7"",""F7"",""E8"",""F8"",""C7"",""D7"",""C8"",""D8""]",いつでも,1〜2,普通,フィールドのマグマ部分にシンボル。1〜2匹で出ます。,0,"[""マップ全体のマグマだまりにいます""]

フィールドのマグマ部分にシンボルあり。1～2匹構成。
ver: 4.3","2026-03-14 17:42:29","2026-03-22 14:28:03"
3305,384,582,833,"[""F7"",""E7"",""D7"",""C7"",""C6"",""D6"",""E6"",""F6""]",いつでも,1〜3,多い,C-7〜D-8あたりは3〜5匹です。,1,"[""マップの南側半分にまんべんなくいる""]

フィールド南部にシンボルあり。1～3匹構成で、アッシュリザードが混成する場合もある。C-7～D-8あたりは3～5匹構成。
ver: 4.3","2026-03-14 17:42:29","2026-03-23 07:33:33"
3306,441,582,833,"[""D3"",""E4"",""D4"",""E3""]",いつでも,2〜3,普通,ダラズ大鉱脈の入り口のまわりにシンボルありです。2〜3匹で出ます。フィールド南部では1匹のほか、近くにいるプロメテモスに混成する事もです。,1,"[""マップ中央D-3からE-4あたりにいます""]

ダラズ大鉱脈の入り口のまわりにシンボルあり。2～3匹構成。フィールド南部では1匹構成のほか、近くにいるプロメテモスに混成する事も。
ver: 4.3","2026-03-14 17:42:29","2026-03-23 10:04:10"
3307,447,582,833,"[""D2"",""E7"",""E6"",""D6"",""C6"",""C7"",""D7""]",いつでも,1〜2,多い,北部は1〜2匹、南西部は1匹、南東部は2〜3匹で出ます。,0,"[""南の灼熱の溶岩洞周辺にたくさんと北のD-2あたりにもいる""]

D-2以北とC-7以南、E-7～E-8にシンボルあり。北部は1～2匹構成、南西部は1匹構成、南東部は2～3匹構成。
ver: 4.3","2026-03-14 17:42:29","2026-03-23 10:13:50"
3308,543,582,833,"[""E7"",""E8""]",いつでも,1〜3,普通,E-7〜E-8にシンボルありです。1〜3匹です。,0,"[""南東のE-7あたりにいます""]

E7～E8にシンボルあり。1～３匹構成。
ver: 4.3","2026-03-14 17:42:29","2026-03-23 14:16:30"
3309,601,582,833,"[""D6"",""E1""]",いつでも,1〜3,普通,1〜3匹で出ます。北のE1にそれなりにいます。南のエリアD6は数少なめ。,1,"[""1-3匹"",""北のE-1にそこそこいる、南のエリアD-6あたりでも見るが数は少なめ""]

最北部に数シンボル。1～3匹構成。南部にもシンボルはいるが、こちらは非常に少なく範囲も広いのでおすすめしない。
ver: 4.3","2026-03-14 17:42:29","2026-03-23 15:51:50"
3310,49,583,834,"[""E4"",""E5"",""F4"",""F5""]",いつでも,3〜5,普通,フィールド中央部から東部にかけてシンボルありです。3〜5匹です。,0,"[""3-5匹@中央"",""DE-4あたりにいる、F-4・5あたりにもいる""]

フィールド中央部から東部にかけてシンボルあり。3～5匹構成。
ver: 4.3","2026-03-14 17:42:33","2026-03-21 13:30:49"
3311,72,583,834,"[""B4"",""B5"",""C4"",""C5"",""D5"",""D6"",""E6"",""E5"",""D4"",""A4"",""A5""]",いつでも,2〜3,多い,おすすめです。西部にたくさんいます。ほぼ5匹だが、古グルグ地下道前は2〜3匹で出ます。,1,"[""2-3匹@グルグ4-5匹@西エリア"",""西のAB-4・5あたりとグルグ地下道周辺にもいる""]

おすすめ。西部に多数のシンボル。ほぼ5匹構成だが、古グルグ地下道前は2～3匹構成。
ver: 4.3","2026-03-14 17:42:33","2026-03-21 14:00:42"
3312,74,583,834,"[""C2"",""D3"",""G3""]",いつでも,1〜3,少ない,ガタラの丘のあたりと、ガタラ大山林のエテーネルキューブ〜F-4あたりまでの道沿いに少なめですのシンボルです。1〜3匹で出ます。地味にシンボルが少ないので戦いにくいかもです。,0,"[""1-3匹@沿道"",""C-2からD-3あたりにいる、北東にもいる""]

ガタラの丘のあたりと、ガタラ大山林のエテーネルキューブ～F4あたりまでの道沿いに少数のシンボル。1～3匹構成。地味にシンボルが少ないので戦いにくいかも。
ver: 4.4","2026-03-14 17:42:33","2026-03-21 14:12:32"
3313,76,583,834,"[""C2"",""E4"",""E5"",""F7"",""G3"",""F4"",""F5"",""F3"",""G4"",""F6""]",いつでも,3,普通,西部以外のフィールドにシンボルありです。3匹です。,0,"[""3匹@中央"",""C-2とG-3とF-7あたりにいる""]

西部以外のフィールドにシンボルあり。３匹構成。
ver: 4.3","2026-03-14 17:42:33","2026-03-21 14:18:42"
3314,103,583,834,"[""D4"",""D5"",""E4"",""E5"",""F4"",""F5""]",昼,1〜2,多い,1〜2匹です。シンボル数はそこそこ多いがそもそも広く地上にも他の敵がいる。ベコンのほうがいいかも。,0,"[""1-2匹@中央"",""昼にEF-4・5あたりを飛んでいる""]

フィールド中央部の上空にシンボルあり。１～２匹構成。シンボル数はそこそこ多いがそもそも広くて地上にも他の敵がいるため、ベコンとどちらがいいかは微妙なところ。
ver: 4.3","2026-03-14 17:42:33","2026-03-21 17:32:50"
3315,823,583,834,"[""F4"",""F5""]",いつでも,2〜3,普通,遺跡では2〜3匹で出ます。F4にいます。,1,"[""2-3匹@遺跡"",""F-4・5あたりにいます""]

東部の遺跡地帯にシンボルあり。２～３匹構成。障害物が多くてシンボルもそこまで多くないので、戦いにくいかも。ジュラシックロイドを探すついでに。
ver: 4.4","2026-03-14 17:42:33","2026-03-24 07:36:53"
3316,233,583,834,"[""D5"",""C5"",""B5""]",いつでも,1〜2,普通,フィールド中央や南西の湖の周りにシンボルです。1〜2匹です。,0,"[""1-2匹@湖"",""BCD-5あたりにいる""]

フィールド中央や南西の湖の周りにシンボル。１～２匹構成。
ver: 4.3","2026-03-14 17:42:33","2026-03-22 12:42:43"
3317,259,583,834,"[""F5"",""H5"",""H4"",""D6"",""D5"",""E5"",""E6"",""F6""]",いつでも,2〜3,普通,遺跡では2〜3匹で出ます。,0,"[""2-3匹@遺跡"",""グルグ地下道周辺とF-5・6あたりにいます""]

東部の遺跡地帯や古グルグ地下道前にシンボルあり。２～３匹構成。
ver: 4.3","2026-03-14 17:42:33","2026-03-22 13:32:00"
3318,310,583,834,"[""B4"",""D2"",""D3""]",いつでも,2〜4,普通,D-2､3の山道や西部に数シンボルです。2〜4匹です。,0,"[""2-4匹@北・西"",""D-2あたりとB-4あたりにいる""]

D-2､3の山道や西部に数シンボル。2～4匹構成。
ver: 4.3","2026-03-14 17:42:33","2026-03-22 17:29:08"
3319,440,583,834,"[""D4"",""E4""]",いつでも,2〜3,普通,2〜3匹で出ます。,0,"[""2-3匹@中央"",""DE-4あたりにいる""]

中央部にシンボルあり。2～3匹構成。
ver: 4.3","2026-03-14 17:42:33","2026-03-23 10:01:51"
3320,483,583,834,"[""F7""]",いつでも,2〜3,多い,F-7の丘にたくさんいます。,0,"[""2-3匹@南"",""F-7の小高い丘の上にいます""]

F-7の丘に多数のシンボル。２～３匹構成。
ver: 4.3","2026-03-14 17:42:33","2026-03-23 11:13:40"
3321,497,583,834,"[""B4"",""B5"",""C4"",""C5""]",いつでも,1〜2,普通,西部のB-4､5辺りに数シンボルです。1〜2匹です。,0,"[""1-2匹@西エリア"",""B-5あたりにいる""]

西部のB4､5辺りに数シンボル。１～２匹構成。
ver: 4.3","2026-03-14 17:42:33","2026-03-23 11:37:03"
3322,510,583,834,"[""F7""]",いつでも,2,普通,F-7の丘の周りにシンボルありです。2匹で出ます。まあおすすめ。おたけびがうざい。,0,"[""2匹@南"",""F-7あたりにいます""]

F-7の丘の周りにシンボルあり。2匹構成。
ver: 4.3","2026-03-14 17:42:33","2026-03-23 13:10:41"
3323,521,583,834,"[""B3"",""B2""]",いつでも,1〜2,普通,B-2〜3のごく狭い所に数シンボルです。1〜2匹で出ます。,0,"[""1-2匹@B3"",""B-3のガケの途中に数匹います""]

B-2～3のごく狭い所に数シンボル。1～2匹構成。
ver: 4.3","2026-03-14 17:42:33","2026-03-23 13:48:37"
3324,572,583,834,"[""F4"",""F5"",""F3""]",いつでも,1〜2,普通,1〜2匹で出ます。2分湧きなのでやりやすい。,0,"[""1-2匹@遺跡"",""F-4・5あたりにいます""]

東部の遺跡地帯に数シンボル。1～2匹構成。エモノ呼びするならG3の左下が広くて2分湧きなのでやりやすい。
ver: 4.3","2026-03-14 17:42:33","2026-03-23 15:15:00"
3325,734,583,834,"[""C2"",""E4"",""E5"",""F7"",""G3"",""F4"",""F5"",""F3"",""G4"",""F6""]",いつでも,3,普通,西部以外のフィールドにシンボルありです。3匹です。,0,"[""3匹@中央"",""C-2とG-3とF-7あたりにいる""]

西部以外のフィールドにシンボルあり。３匹構成。
ver: 4.3","2026-03-14 17:42:34","2026-03-21 14:18:42"
3326,765,583,834,"[""B4"",""D2"",""D3""]",いつでも,2〜4,普通,D-2､3の山道や西部に数シンボルです。2〜4匹です。,0,"[""2-4匹@北・西"",""D-2あたりとB-4あたりにいる""]

D-2､3の山道や西部に数シンボル。2～4匹構成。
ver: 4.3","2026-03-14 17:42:34","2026-03-22 17:29:08"
3327,781,583,834,"[""B4"",""B5"",""C4"",""C5""]",いつでも,1〜2,普通,西部のB-4､5辺りに数シンボルです。1〜2匹です。,0,"[""1-2匹@西エリア"",""B-5あたりにいる""]

西部のB4､5辺りに数シンボル。１～２匹構成。
ver: 4.3","2026-03-14 17:42:34","2026-03-23 11:37:03"
3328,787,583,834,"[""F7""]",いつでも,2,普通,F-7の丘の周りにシンボルありです。2匹で出ます。まあおすすめ。おたけびがうざい。,0,"[""2匹@南"",""F-7あたりにいます""]

F-7の丘の周りにシンボルあり。2匹構成。
ver: 4.3","2026-03-14 17:42:34","2026-03-23 13:10:41"
3360,79,586,837,"[""F2"",""G2"",""E4"",""E3"",""C6"",""B6"",""B5"",""B4"",""C3"",""F6"",""G6"",""G5""]",いつでも,1〜2,普通,島と島をつなぐトンネルの中に出現します。,1,"[""島と島をつなぐトンネルの中に出現します""]　1-2匹","2026-03-14 17:42:53","2026-03-21 14:45:36"
3361,309,587,840,"[""G3"",""F3""]",いつでも,,,,0,,"2026-03-14 17:43:07","2026-03-22 17:28:04"
3362,377,587,840,"[""D4"",""D3""]",いつでも,1〜3,普通,2階のD-4〜D-3の二部屋に数シンボルです。1〜3匹でレッドイーターが2匹まで一緒に出ます。,0,"2階のD4～D3の二部屋に数シンボル。1～3匹構成でレッドイーターが2匹までくっつく。
ver: 4.4","2026-03-14 17:43:07","2026-03-23 07:17:19"
3363,380,587,840,"[""D4"",""D3""]",いつでも,1〜3,普通,2階のD-4〜D-3の二部屋に数シンボルです。1〜3匹でブルーイーターが2匹まで一緒に出ます。,0,"2階のD4～D3の二部屋に数シンボル。1～3匹構成でブルーイーターが2匹までくっつく。
ver: 4.4","2026-03-14 17:43:07","2026-03-23 07:23:12"
3364,527,587,840,"[""E5""]",いつでも,4,多い,特になし,0,"[""2階E-5に4匹おどっている""]

2FのE-5のT字路でスーパーテンツクのまわりに4シンボル。2匹構成のようだ。
ver: 4.4","2026-03-14 17:43:07","2026-03-23 13:56:28"
3365,554,587,840,"[""E4"",""E5"",""E6"",""E7"",""F4"",""F5""]",いつでも,2〜3,多い,南東区域はテンツクがお供についてくることがあります。,1,"[""2階の東側の通路にたくさんいる""]

2FのE以東に生息。2～3匹構成だが、テンツクに囲まれているシンボルは1匹構成。通路を移動している個体は気持ち三匹構成が多め。南東区域はテンツクがお供についてくることがある。
ver: 4.4","2026-03-14 17:43:07","2026-03-23 14:42:15"
3366,838,587,840,"[""E5""]",いつでも,4,多い,特になし,0,"[""2階E-5に4匹おどっている""]

2FのE-5のT字路でスーパーテンツクのまわりに4シンボル。2匹構成のようだ。
ver: 4.4","2026-03-14 17:43:07","2026-03-23 13:56:28"
3367,540,587,841,"[""E4"",""F4"",""F6"",""F5"",""E5"",""E6""]",いつでも,2〜3,普通,3階E4より東の通路部分にいます。2〜3匹で出ます。,1,"[""3階FG-4・5あたりの通路に出現する""]

3階E4以東の通路部分に生息。2～3匹構成。エモノ呼びするならF6の広間がおすすめ。
ver: 4.4","2026-03-14 17:43:07","2026-03-23 14:11:42"
3368,610,587,841,"[""F4"",""G4"",""F5"",""G5""]",いつでも,1,普通,3階E4より東の広間部分にいます。1匹ずつ出ます。30秒くらいで湧きます。,0,"[""3階F-4・5にある小部屋に1匹ずついる""]

3階E4以東の広間部分に生息。1匹構成。30秒くらいで湧くのでいなければ待ってみよう。
ver: 4.4","2026-03-14 17:43:07","2026-03-23 15:59:06"
3369,404,253,425,"[""F2""]",いつでも,2〜4,普通,入口では2〜4匹で出ます。旧ネクロデアに入ってすぐのトンネル内にいます。,0,"[""2-4匹@入口"",""[\"2-4匹@入口\",\"旧ネクロデアに入ってすぐのトンネル内にいます\"] \/ 2-4匹@入口"",""旧ネクロデアに入ってすぐのトンネル内にいます""]","2026-03-14 17:43:52","2026-03-23 08:48:41"
3371,501,253,425,"[""C6"",""E5"",""E6""]",いつでも,1〜2,少ない,"1匹でくさった死体・強としのどれい・強が1〜2匹ずつ一緒に現れる。E5,6は低地に出現。",1,"[""1匹+供@王都＆鉱山"",""[\"1匹+供@王都＆鉱山\",\"王都ネクドデア跡周辺(C-6)と鉱山跡(E-5・6)あたりにいる\"] \/ 1匹+供@王都＆鉱山"",""王都ネクドデア跡周辺(C-6)と鉱山跡(E-5・6)あたりにいる""]

鉱山跡の低地部分に少数シンボル。1匹構成でくさった死体・強としのどれい・強が1～2匹ずつくっついてくる。また、C6～B6にかけても少数のシンボルで、こちらはがいこつ・強が1～3匹くっついてくる。
ver: 5.1","2026-03-14 17:43:52","2026-03-23 12:07:50"
3372,502,253,425,"[""E5"",""E6""]",いつでも,2〜4,普通,高台は1〜2匹、低地では3匹でくさった死体・強と互いに2匹まで混成するほか、近くのボーンバット・強とも混ざり、ロードコープスにも2匹までついてくることがあります。,1,"[""[\"混2-4匹@鉱山\",\"鉱山跡(E-5・6)あたり、高い所にもいる。\"] \/ 混2-4匹@鉱山"",""混2-4匹@鉱山"",""鉱山跡(E-5・6)あたり、高い所にもいる。""]

鉱山跡周辺にシンボル。高台は1～2匹構成、低地では3匹構成でくさった死体・強と互いに2匹まで混成するほか、近くのボーンバット・強と混成し、ロードコープスにも2匹までくっついてくる。
ver: 5.1","2026-03-14 17:43:52","2026-03-23 12:10:44"
3373,579,253,425,"[""E7""]",いつでも,2〜4,普通,E-7のアデロア湖あたりにいます。洞窟では2〜4匹で出ます。お供つきです。,1,"[""E-7のアデロア湖周辺にいる"",""[\"混2-4匹@洞窟1-4匹+供@湖\",\"E-7のアデロア湖周辺にいる\"] \/ 混2-4匹@洞窟1-4匹+供@湖"",""混2-4匹@洞窟1-4匹+供@湖""]","2026-03-14 17:43:52","2026-03-23 15:20:46"
3374,594,253,425,"[""C4"",""D3"",""E3"",""E5"",""D4"",""E4""]",いつでも,3〜5,多い,鉱山では3〜5匹で出ます。ほかの敵も混ざります。集落西では2〜4匹で出ます。王都北では2〜4匹で出ます。,1,"[""[\"混3-5匹@鉱山混2-4匹@集落西混2-4匹@王都北\",\"鉱山跡(E-5・6)、集落跡から西の高台C-4あたりにたくさん\"] \/ 混3-5匹@鉱山混2-4匹@集落西混2-4匹@王都北"",""混3-5匹@鉱山混2-4匹@集落西混2-4匹@王都北"",""鉱山跡(E-5・6)、集落跡から西の高台C-4あたりにたくさん""]

集落跡の周辺にシンボル。3～4匹構成。集落跡の西側はさらにあやしいかげ・強が2匹までくっつき、6匹構成で出ることもある。C4～C6あたりではしにがみきぞく・強にくっつくほか、1～3匹構成でさらにボーンバット・強が1匹くっついてくることがある。また、鉱山跡まわりの高台では1～2匹構成、低地部分では3匹構成でしのどれい・強と互いに混成し、ロードコープスに1～2体くっつく。
ver: 5.2","2026-03-14 17:43:52","2026-03-23 15:45:59"
3375,608,253,425,"[""C3"",""C6"",""F4""]",いつでも,2〜3,多い,C3がおすすめ。,1,"[""[\"混2-3匹@集落2-4匹@王都2-4匹@北西\",\"王都ネクドデア跡周辺(C-6)と集落跡の周辺から東F-4あたりまでの広範囲、C-3にも固まっている\"] \/ 混2-3匹@集落2-4匹@王都2-4匹@北西"",""混2-3匹@集落2-4匹@王都2-4匹@北西"",""王都ネクドデア跡周辺(C-6)と集落跡の周辺から東F-4あたりまでの広範囲、C-3にも固まっている""]","2026-03-14 17:43:52","2026-03-24 18:04:37"
3376,618,253,425,"[""D7"",""F2"",""F3"",""G2"",""G3"",""D8""]",いつでも,2〜3,普通,1〜2匹でがいこつ・強が一緒に出たり、さまようよろい・強に1匹ついてくることがあります。,1,"[""E-4とマップの南部(D-7・8)あたり"",""[\"混2-3匹@北東2-4匹@血潮\",\"E-4とマップの南部(D-7・8)あたり\"] \/ 混2-3匹@北東2-4匹@血潮"",""混2-3匹@北東2-4匹@血潮""]

北門の石仮面以南～鉱山跡の北の石仮面までの道中にシンボル。1～2匹構成でがいこつ・強と混成する。また、E8～C7にかけての地域は2～3匹構成。さまようよろい・強に1匹くっついてくる。
ver: 5.1","2026-03-14 17:43:52","2026-03-23 17:01:24"
3377,646,253,425,"[""D4"",""C4""]",いつでも,3〜4,普通,集落跡の北側の高台は3〜4匹です,1,"[""[\"混2-4匹@集落\",\"鉱山跡(E-5)のトンネル内、集落跡の周辺から西の高台までいる\"] \/ 混2-4匹@集落"",""混2-4匹@集落"",""鉱山跡(E-5)のトンネル内、集落跡の周辺から西の高台までいる""]","2026-03-14 17:43:52","2026-03-23 17:31:50"
3378,657,253,425,"[""C6"",""D5"",""F4""]",いつでも,1〜3,多い,"F4あたりまでの道中は単体、
C4〜C6はくさった死体・強が一緒
城跡の前にがいこつ・強が1〜3匹。城前がおすすめ。",1,"[""1匹+供@王都1匹+供@王都北"",""[\"1匹+供@王都1匹+供@王都北\",\"王都ネクドデア跡周辺(C-6)やF-4、D-5あたりにもいる\"] \/ 1匹+供@王都1匹+供@王都北"",""王都ネクドデア跡周辺(C-6)やF-4、D-5あたりにもいる""]

北門～集落までの道中やC4～C6、城跡の前にシンボル。基本1匹構成。C4～C6あたりはくさった死体・強がくっつく。城跡のほうはがいこつ・強が1～3匹くっつく。城跡近くがシンボル多めでおすすめ。
ver: 5.1","2026-03-14 17:43:52","2026-03-23 17:53:48"
3379,659,253,425,"[""D7"",""E8"",""D8""]",いつでも,1〜2,普通,E8〜C7にかけてシンボルです。1〜2匹にデスフラッターが1匹一緒に出ます。,0,"[""1-2匹+供@血潮"",""[\"1-2匹+供@血潮\",\"マップの南部(D-7・8)あたりにいます\"] \/ 1-2匹+供@血潮"",""マップの南部(D-7・8)あたりにいます""]

E-8～C-7にかけてシンボル。1～2匹構成にデスフラッターが1匹くっつく。
ver: 5.1","2026-03-14 17:43:52","2026-03-23 17:56:46"
3380,697,253,425,"[""C3"",""D8"",""E5"",""E7""]",いつでも,1〜2,少ない,D-8では1匹で出ます。洞窟奥では1〜2匹で出ます。鉱山跡のE-5、C-3のトンネル内に1匹ずつにいます。,1,"[""1匹@D8&E71-2匹@洞窟奥"",""[\"1匹@D8&E71-2匹@洞窟奥\",\"鉱山跡(E-5)とC-3のトンネル内に1匹ずつ、E-7やD-8にもいる\"] \/ 1匹@D8&E71-2匹@洞窟奥"",""鉱山跡(E-5)とC-3のトンネル内に1匹ずつ、E-7やD-8にもいる""]","2026-03-14 17:43:52","2026-03-23 18:27:39"
3396,6,588,843,"[""E6""]",いつでも,2〜3,多い,E-6南北の花の周りにわらわらいます。2〜3匹で出ます。,1,"[""E-6の大きな花の周りに固まっている、数は少ない""]

E-6南北の花の周りに群がっている。2～3匹構成。
ver: 6.4","2026-03-14 17:47:29","2026-04-02 01:10:58"
3397,192,588,843,"[""E5"",""F5"",""F6"",""F7"",""E7"",""E6""]",いつでも,2〜3,少ない,南部に点々といます。2〜3匹で出ます。底なし谷から南側に出現します。,0,"[""底なし谷から南側に出現します""]

南部にまばら。2～3匹構成。
ver: 6.4","2026-03-14 17:47:29","2026-03-22 11:10:32"
3398,428,588,843,"[""E6"",""F6"",""E7"",""F7""]",いつでも,2〜3,少ない,南部に点々といます。2〜3匹で出ます。近くのジェイドウォリアーにも1〜2匹一緒に出ます。,0,"[""底なし谷から南側に出現します""]

南部にまばら。2～3匹構成。近くのジェイドウォリアーにも1～2匹つく。
ver: 6.4","2026-03-14 17:47:29","2026-03-23 09:34:32"
3399,542,588,843,"[""E3"",""E5"",""E6"",""F6"",""F5""]",いつでも,2〜3,多い,南部と底なし谷の北にいます。2〜3匹で出ます。E3に特にいる。,0,"[""風だまりの絶壁から南側に広く出現、特にE-3にたくさん固まっている""]

南部と底なし谷の北に生息。2～3匹構成。
ver: 6.4","2026-03-14 17:47:29","2026-03-23 14:14:44"
3400,840,588,843,"[""B2"",""C2""]",いつでも,2〜3,普通,1〜2匹で出ます。湧きに1分。,1,"[""風樹の台地の近くB-2とC-2あたりに2～3匹いる""]

風樹の台地前の洞くつ周辺に生息。東に2シンボル、西に1シンボルで1～2匹構成。リポップに1分ほどかかる。
ver: 6.4","2026-03-14 17:47:29","2026-03-24 07:50:47"
3401,855,588,843,"[""C2"",""B2""]",いつでも,3,多い,北側の洞くつにたくさんいます。一番西側では3匹構成、他の洞くつでは2匹で出ます。,1,"[""@洞くつ"",""マップの北にあるトンネル部分にたくさん出現します""]

北側の洞くつにたくさんいる。一番西側では3匹構成、他の洞くつでは2匹構成。
ver: 6.4","2026-03-14 17:47:29","2026-03-24 08:03:27"
3402,830,588,843,"[""B2"",""C2"",""D2"",""E2"",""E3"",""E4"",""E5"",""E6"",""E7"",""F7"",""F6""]",いつでも,1〜2,多い,ほぼ全域にいます。風樹の台地周辺にシンボルが多いです。北側では2匹、南側では1匹でジェイドフレアが1〜2匹一緒に出ます。,1,"[""全体的にいるがマップ北側の風だまりの絶壁から先が特に多い""]

ほぼ全域に生息。風樹の台地周辺にシンボルが多い。北側では2匹構成、南側では1匹でジェイドフレアが1～2匹つく。
ver: 6.4","2026-03-14 17:47:29","2026-03-24 07:41:06"
3403,584,611,913,"[""F6"",""F7"",""G6"",""G7"",""H6"",""H7""]",いつでも,2〜3,多い,シュタール鉱野あたりにいます。飛行で行ける高台にもいます。2〜3匹で出ます。,0,"[""2-3匹@南東"",""南東のエリア(シュタール鉱野側)にたくさんます。""]

シュタール鉱野付近に生息。飛行で行ける高台にもいる。2～3匹構成。
ver: 7.4","2026-03-14 17:47:49","2026-03-23 15:25:21"
3404,586,611,913,"[""D5"",""F5"",""F4"",""E4"",""E5"",""D4""]",いつでも,3〜4,普通,はじまりの地より西〜岬のほこら周辺までいます。岬のほこらあたりは3匹固定、それ以外では3〜4匹で出ます。,1,"[""3-4匹@C6-F5"",""マップの中央と峠のほこらの手前のD-5あたりにかたまっています""]

はじまりの地より西～岬のほこら周辺まで生息。岬のほこら周辺は3匹固定、それ以外では3～4匹構成。
ver: 7.0","2026-03-14 17:47:49","2026-03-23 15:28:50"
3405,592,611,913,"[""D3"",""C3"",""B3"",""E3""]",いつでも,3〜4,多い,ラランブラ山道あたり〜E-3の遺跡あたりにいます。山道あたりでは3〜4匹、遺跡あたりでは2〜3匹で出ます。,1,"[""3-4匹@D3付近2-3匹@遺跡"",""マップの北側でたくさん出現します""]

ラランブラ山道周辺～E-3の遺跡付近に生息。山道周辺では3～4匹、遺跡付近では2～3匹構成。
ver: 7.0","2026-03-14 17:47:49","2026-03-23 15:43:55"
3406,864,611,913,"[""D6"",""E6"",""F7""]",いつでも,2〜3,普通,飛んでゆく南東〜南の高台にシンボルです。2〜3匹で出ます。,0,"[""2-3匹@南側飛行"",""マップ南東のE-6・F-7あたりの高所に出現します。(飛んで行く場所)""]

要飛行。南東～南の高台にシンボル。2～3匹構成。
ver: 7.4","2026-03-14 17:47:49","2026-03-24 08:22:36"
3407,870,611,913,"[""E6"",""F6"",""F7"",""G6"",""G7"",""H6"",""H7""]",いつでも,2〜3,多い,シュタール鉱野への橋あたりにいます。周辺や南部の高台にもいます。2〜3匹で出ます。,0,"[""2-3匹@南東"",""南東のエリア(シュタール鉱野側)にたくさんます。""]

シュタール鉱野への橋付近に生息。周辺や南部の高台にもいる。2～3匹構成。
ver: 7.4","2026-03-14 17:47:49","2026-03-24 08:25:34"
3408,801,611,913,"[""E6"",""E7"",""F6"",""F7"",""G6"",""G7"",""H6"",""H7"",""C6"",""C5"",""D5"",""D6"",""C4"",""B4"",""B3"",""A4"",""A3""]",いつでも,2〜3,多い,飛んでいく北西のラランブラ山道入口周辺の高台がおすすめです。峠のほこら〜西の橋を渡った先にもいます。どれも2〜3匹で出ます。,1,"[""2-3匹@中央西側＆南東"",""マップのほぼ全域に出現、南東のエリアにもいます""]

飛行で行ける北西のラランブラ山道入口周辺の高台が他シンボルがおらずおすすめ。峠のほこら～西の橋を渡った先までや、東の橋を渡った先にもいる。いずれも2～3匹構成。
ver: 7.4","2026-03-14 17:47:49","2026-03-24 07:19:45"
3409,837,611,913,"[""C3"",""C4"",""D4"",""D5"",""E4"",""E5""]",いつでも,2〜3,多い,山道あたりは2〜3匹で、それ以外は3〜4匹で出ます。C3/C4にたくさんいます。,1,"[""3匹@中央北側＆中央東側"",""マップの中央と北西のC-3やC-4にもたくさんいる""]

はじまりの地周辺やラランブラ山道周辺、西の橋を渡った先や川向うの低地に生息。山道周辺は2～3匹、それ以外は3～4匹構成。
ver: 7.4","2026-03-14 17:47:49","2026-03-24 07:48:34"
3410,665,611,913,"[""E6""]",いつでも,3〜4,3,E6の洞くつに3シンボルです。3〜4匹で出る数は多いものの、湧きには2分ほどかかる。,0,"[""3-4匹@E6"",""E-6の洞くつ内に3匹くらいいます""]

E-6の洞くつに3シンボル。3～4匹構成で出現数は多いものの、再沸きには2分ほどかかるため乱獲には不向き。
ver: 7.0","2026-03-14 17:47:49","2026-03-23 17:59:35"
3411,862,611,913,"[""D3"",""C3"",""E3"",""B3"",""A3""]",いつでも,2〜3,多い,ラランブラ山道入口あたりや、マップ西端の高台にいます。2〜3匹で出ます。,0,"[""2-3匹@D3付近"",""マップの北側でたくさん出現します""]

ラランブラ山道入口周辺や、マップ西端の高台に生息。2～3匹構成。
ver: 7.4","2026-03-14 17:47:49","2026-03-24 08:14:52"
3412,802,611,913,"[""E3"",""E4"",""F3"",""F4"",""E6"",""D6""]",いつでも,2〜3,多い,はじまりの地あたりにいます。他シンボルがいない高台がおすすめです。2〜3匹で出ます。,1,"[""2-3匹@F4付近"",""はじまりの地を出たら割とすぐいる、マップ中央で出現""]

はじまりの地周辺に生息。他シンボルがいない高台がおすすめ。2～3匹構成。
ver: 7.4","2026-03-14 17:47:49","2026-03-24 07:20:25"
3413,904,611,913,"[""A4""]",いつでも,1〜2,普通,飛んでいって、マップ西端の廃墟あたりにいます。1〜2匹で出ます。,0,"[""1-2匹@A4付近"",""A-4の廃墟の周辺に固まっています。(飛んで行く場所)""]

要飛行。マップ西端の廃墟周辺に生息。1～2匹構成。
ver: 7.4","2026-03-14 17:47:49","2026-03-24 11:06:29"
3414,863,611,913,"[""B3"",""B4"",""A4"",""A3""]",いつでも,2〜3,多い,飛んでゆくマップ西の川向こうにいます。,0,"[""2-3匹@西の高台"",""マップ西の高所B-3・4あたりにたくさんいます。(飛んで行く場所)""]

要飛行。マップ西の川向うに生息。付近の高台にもいる。2～3匹構成。
ver: 7.4","2026-03-14 17:47:49","2026-03-24 08:19:23"
3415,799,611,913,"[""C3"",""C4"",""C5"",""C6"",""D3"",""D4"",""D5"",""D6"",""E3"",""E4"",""E5"",""E6"",""F3"",""F4"",""F5"",""F6""]",いつでも,2〜3,普通,マップ中央E-5の池周辺にたくさんいて3匹で出ます。。はじまりの地より東は1〜2匹で、それ以外は2〜3匹で出ます。,1,"[""2-3匹@D5-F53匹@泉"",""はじまりの地を出たら割とすぐいる、マップ中央で出現""]

はじまりの地～峠のほこら辺りまで広く生息。 マップ中央E-5の池周辺に密集しており3匹確定でおすすめ。 他に、はじまりの地より東は1～2匹、それ以外は2～3匹構成。
ver: 7.0","2026-03-14 17:47:49","2026-03-24 07:17:43"
3416,877,611,913,"[""B2"",""B3"",""C2"",""C3"",""D3""]",いつでも,1,少ない,北西や、遺跡周辺に各々2シンボルずつです。1分沸きです。1匹ずつ出ます。,1,"[""1匹@北西＆遺跡周辺"",""マップの北側で出現、数は少なめです""]

マップ北西の低地の奥、飛行で行ける北西最奥と、マップ北の遺跡周辺に各々2シンボルずつ。1分沸き。1匹構成。
ver: 7.4","2026-03-14 17:47:49","2026-03-24 08:29:12"
3417,818,611,913,"[""D4"",""E3""]",いつでも,1,1,E3の遺跡の北に2匹、東に1匹で出ます。いずれも1分沸きで1匹で出ます。,1,"[""1匹@D4＆E3"",""D-4とE-3の廃墟に数匹ずついます""]

川付近D-4の廃屋周辺に2匹。北部E-3の遺跡では北側に2匹、東側に1匹。川を渡った西の廃墟に2匹。いずれも1分沸きで1匹構成。
ver: 7.4","2026-03-14 17:47:49","2026-03-24 07:32:27"
3418,842,612,914,"[""C6"",""D2""]",いつでも,2〜3,多い,レストリア平野入口、川辺の休憩所入口あたりにいます。デザートモデルが一緒に出ることがあります。,1,"[""2-3匹@D2＆C6"",""レストリア平野から入ってすぐと川辺の休憩所近く(C-6)に出現""]

レストリア平野入口、川辺の休憩所入口付近に生息。 高台ではマップ北端や採石場の山の南北にいるデンガーの周辺や、山の東にもおり、こちらが密集度が高い。 いずれも2～3匹構成。 また山の北西にも少数おり、2匹構成でデザートモデルがつく。
ver: 7.4","2026-03-14 17:47:55","2026-03-24 07:53:11"
3419,897,612,914,"[""C6"",""D2"",""E6""]",いつでも,2〜3,多い,E6によくいる。D2/E6は2〜3匹で、C6は1〜2匹構成。プリズンイーグルが一緒に出ることもあります。,1,"[""2-3匹@D2＆C6＆採掘場＆南の浜"",""マップ北のD-2・3と南の海岸沿いE-6、川辺の休憩所近く(C-6)にもたくさんいます""]

レストリア平野入口、川辺の休憩所入口、海岸のトンネル南から西に登ったE-5では2匹構成。E-5が密集度が高い。 またハディン採石場入口から北や、浜辺の南側では2～3匹構成。 高台では採石場の山の北、東、南西では1～2匹構成、南東の高台では2匹構成でプリズンイーグルがつく。
ver: 7.4","2026-03-14 17:47:55","2026-03-24 11:00:18"
3420,819,612,914,"[""F3"",""F4"",""F2"",""F6"",""F5"",""E6"",""E5"",""E4"",""E3"",""E2""]",いつでも,2〜3,多い,浜辺北側が3〜4匹でグリズリーも一緒、浜辺南側では2〜3匹、海中では1〜2匹で出ま。,1,"[""2-3匹@浜1-2匹@洞くつ"",""マップ東の海岸沿いと南北をつなぐトンネル内にもたくさんいる""]

浜辺北側が3～4匹構成。でおすすめ。 浜辺南側では2～3匹、海中では1～2匹構成。 浜辺北側のグリズリーにもつく。 東の孤島では2～3匹構成。 マップ南端では2匹構成でグリズリーがつく。
ver: 7.4","2026-03-14 17:47:55","2026-03-24 07:33:22"
3421,884,612,914,"[""D7"",""D8"",""E6""]",いつでも,1〜2,多い,E6あたりでは2匹で、D7あたりでは1〜2匹で、D8あたりでは2〜3匹で出ます。,1,"[""2匹@E6付近1-2匹@D7付近2-3匹@D8付近"",""マップ南のD・E-6あたりと、さらに南の高台にもたくさんいます""]

浜辺の南側浜辺では2匹構成。 南の高台の北側では1～2匹、南側では2～3匹構成。 飛行で行ける場所では採石場の山の南や、東の島の灯台付近におり2～3匹構成。
ver: 7.4","2026-03-14 17:47:55","2026-03-24 09:36:15"
3422,817,612,914,"[""E2"",""E3"",""F3""]",いつでも,1〜2,多い,浜辺の北側にいて、1〜2匹にぐんたいガニ・祖がつき2〜3匹の混成です。,1,"[""1-2匹+供@北の浜"",""マップ北の海岸沿い(E-3あたり)にたくさんいる""]

浜辺北のトンネル付近が2匹構成でおすすめ。 浜辺の北側では1～2匹にぐんたいガニ・祖がつき2～3匹の混成構成。 高台では採石場の山の北と東、マップ南端におり、1～2匹構成。 南端の高台のぐんたいガニにもつく。
ver: 7.4","2026-03-14 17:47:55","2026-03-24 07:31:43"
3423,857,612,914,"[""C6"",""D3"",""D6""]",いつでも,1〜2,多い,D3にたくさん。いずれも1〜2匹で出ます。,1,"[""1-2匹@採石場"",""ハディン採石場周辺の道(D-3あたり)にたくさん出現する""]

採石場への道に多数。 高台ではマップ北や採石場の山の北西や南東にいる。 いずれも1～2匹構成。
ver: 7.4","2026-03-14 17:47:55","2026-03-24 08:04:23"
3424,859,612,914,"[""E1"",""E4""]",いつでも,1,普通,飛んでいく高台に1シンボルずつです。1分湧きです。,1,"[""E-1の高所と-4の高所に1匹ずついた。(どちらも飛んで行く場所)""]

要飛行。マップ北端、採石場入口から南東、浜辺の休憩所の北の高台に1シンボルずつ。1分湧き。
ver: 7.4","2026-03-14 17:47:55","2026-03-24 08:08:07"
3425,867,612,914,"[""D6"",""D7"",""E6"",""C7"",""E4""]",いつでも,1～2,多い,南部の道なりと南東で1匹構成、他は1～2匹。,1,"[""1匹@D6付近1-2匹@南の高台"",""マップ南のD-6とD-7あたり(高台の方)にもたくさんいます""]

南部の道なりと南東では1匹構成。 マップ南のC-7、採石場の山の東と南西の高台では1～2匹構成。
ver: 7.4","2026-03-14 17:47:55","2026-03-26 14:45:09"
3426,891,613,915,"[""F2"",""E6"",""E2"",""G2""]",いつでも,1〜2,少ない,飛んでゆきマップ北東の高台にブラッディ・ゼアに混じっています。2匹で出ます。,0,"[""1-2匹@北東の高台"",""南はE-6あたりと北はEF-2あたりの飛んで行く高所にいます、数は少なめ。""]

要飛行。マップ北東の高台にブラッディ・ゼアに混じっている。2匹構成。
ver: 7.4","2026-03-14 17:48:00","2026-03-24 09:41:50"
3427,897,613,915,"[""B5"",""C5"",""D5"",""E5""]",いつでも,2〜3,少ない,ブラッディ・ゼアが出るときもあります。数は少なめ,0,"[""2-3匹@風車南西"",""E-5と風車南のB-5～D-5の穀倉地帯に出現で数は少なめ""]

風車南西に2～3匹構成があるがブラッディ・ゼアが混じる。 風車のすぐ南は2匹構成が少数。 また南東の高台にも1～2匹構成のシンボル少数。
ver: 7.4","2026-03-14 17:48:00","2026-03-24 11:00:18"
3428,881,613,915,"[""D4"",""F6"",""F4""]",いつでも,2〜3,多い,F6あたりに2〜3匹で出ます。D4では1〜2匹でタホバルキーが混じります。D4にたくさんいます。,1,"[""2-3匹@南東＆風車周辺"",""風車の近くでD-4あたりにたくさんいます、F-4にも少しいる""]

川辺の休憩所から南に2～3匹構成。 風車の西や南東にも2～3匹構成。 風車東では1～2匹構成でタホバルキーが混じる。
ver: 7.4","2026-03-14 17:48:00","2026-03-24 08:31:03"
3429,802,613,915,"[""E4"",""D4"",""C4"",""B4"",""B3"",""C3"",""D3"",""E3""]",いつでも,2,普通,川あたりでは2匹で出ます。,0,"[""2匹@川周辺"",""マップの全体で広く出現します。""]

ver: 7.0","2026-03-14 17:48:00","2026-03-24 07:20:25"
3430,854,613,915,"[""C4"",""C5"",""D5"",""E5"",""F5"",""F4"",""F3"",""E3"",""D3"",""C3"",""D4"",""E4""]",いつでも,1〜2,多い,川沿いに多い。たいてい2匹だが、風車南の崖上では1〜2匹でブラッディ・ゼアが混じります。沿道あたりでは2匹で出ます。の,1,"[""2匹@沿道周辺"",""マップの全体的に出現します。数はたくさんいる""]

川沿いをぐるりと取り囲むように多数のシンボル。 たいてい2匹構成だが、風車南の崖上では1～2匹構成でブラッディ・ゼアが混じる。
ver: 7.4","2026-03-14 17:48:00","2026-03-24 08:02:55"
3431,882,613,915,"[""B2"",""B5"",""C5"",""D2"",""D3"",""D5"",""E2"",""E3"",""F2"",""F3"",""G3""]",いつでも,1〜2,普通,マップ全体にいますが、まばら。,1,"[""1-2匹@風車南西＆B22-3匹@G3付近"",""風車南のB-5～D-5、マップ北のD-2～F-3の穀倉地帯にたくさんいる""]

マップ全体に生息地が点在。 北東端のおばけキノコ・祖が混じる辺りに密集地があり2～3匹構成なので稼ぐならそこ。 また北東の林～アマラーク城下西までや、風車の東、西、南に1～2匹構成の群れあり。 北東の高台にも少数おり2匹構成。
ver: 7.4","2026-03-14 17:48:00","2026-03-24 08:32:23"
3432,825,613,915,"[""D6"",""D7"",""E6"",""E7"",""F2"",""E2""]",いつでも,1〜2,多い,飛んでいける、E2/F2やD6にシンボルたくさんいます。,1,"[""1-2匹@南側の高台"",""マップ南の高所ににたくさん出現、EF-2の高所にもいる。どちらも飛んで行く場所。""]

要飛行。マップ南の高斎にシンボル多数。北東の高台にも少数群れあり。いずれも1～2匹構成。
ver: 7.4","2026-03-14 17:48:00","2026-03-24 07:38:14"
3433,883,613,915,"[""E3""]",いつでも,1,2,マップ北東の林に2シンボルです。1匹ずつ出ます。,1,"[""1匹@北東"",""マップ北エリアののE-3あたりに数匹出現します""]

マップ北東の林に2シンボル。1匹構成。
ver: 7.0","2026-03-14 17:48:00","2026-03-26 14:45:45"
3434,341,616,918,"[""F2"",""F3"",""G2"",""G3""]",いつでも,3〜4,多い,3〜4匹でE2にシンボル数が多いです。,0,"[""3-4匹@北東"",""E-2にたくさんいます""]

マップ北東の袋小路に生息。3～4匹構成でシンボル数も多い。近くをノーライフロードがうろついているため装備は万全に。
ver: 7.1","2026-03-14 17:48:06","2026-03-22 18:48:23"
3435,434,616,918,"[""B4"",""E2"",""E6"",""G7""]",いつでも,3〜4,多い,マップ各地の林にいます。レストリア平野からの入口北と宵の神殿南では3〜4匹で出ます。入口南、南西、北東〜北西の高台では3匹で出ます。,0,"[""3匹@北西3-4匹@E6付近"",""マップの北側のAB-4とE-2にもたくさんいます。南側にはE-6やG-7に少しいる""]

マップ各地の林に生息。 レストリア平野からの入口北と宵の神殿南では3～4匹構成。 入口南、マップ南西、北東～北西の高台では3匹構成。
ver: 7.4","2026-03-14 17:48:06","2026-03-23 09:45:28"
3436,655,616,918,"[""C3""]",いつでも,2,普通,。宵の神殿前に3シンボル即湧きです。2匹で出ます。,1,"[""2匹@神殿"",""宵の神殿の手前C-3に3匹くらいかたまっている""]

宵の神殿前に3シンボル即湧き。2匹構成。
ver: 7.4","2026-03-14 17:48:06","2026-03-23 17:43:42"
3437,853,616,918,"[""A3"",""A4"",""B3"",""B4"",""F6"",""A2"",""B2""]",いつでも,3,多い,メネト村あたりと北西の林にいます。3匹で出ます。,1,"[""3匹@北西＆村付近"",""マップ南部のEF-6と北西のB-3～A-4にたくさんいます""]

メネト村周辺とマップ南西の林に生息。3匹構成。
ver: 7.4","2026-03-14 17:48:06","2026-03-24 08:01:53"
3438,870,616,918,"[""C3"",""D2"",""D3"",""E2"",""E3"",""F6"",""E6"",""E5"",""E4"",""D4"",""D5"",""D6""]",いつでも,2,普通,2匹で出ます。メネト村周辺の道の上を歩いているシンボルもおり、こちらは3匹で出ます。,1,"[""2匹@北側3匹@村付近"",""メネト村を出たF-6から北の宵の神殿の前C-3あたりまで広く出現します""]

マップ中央の林～マップ西まで広く生息。2匹構成。 メネト村周辺の道の上を歩いているシンボルもおり、こちらは3匹構成。
ver: 7.4","2026-03-14 17:48:06","2026-03-24 08:25:34"
3439,881,616,918,"[""G7"",""F7""]",いつでも,3,普通,レストリア平野からの入口周辺に多くいます。3匹で出ます。,0,"[""3匹@G7付近"",""マップ南側のG-7あたりにかたまっています""]

レストリア平野からの入口周辺に多くいる。3匹構成。
ver: 7.0","2026-03-14 17:48:06","2026-03-24 08:31:03"
3440,862,616,918,"[""D2"",""D3"",""C3"",""E3""]",いつでも,2〜3,多い,宵の神殿の東におり2匹構成にねこまどう・祖が一緒に出ます。,1,"[""マップの北側のC-3～D-4あたりにたくさんいます"",""混2-3匹@北側""]

宵の神殿の東におり2匹構成にねこまどう・祖がつく。 マップ北西端の高台にもおり2匹構成。
ver: 7.4","2026-03-14 17:48:06","2026-03-24 08:14:52"
3441,875,616,918,"[""E5"",""B2"",""D2""]",いつでも,2〜3,多い,マップ中央の林や宵の神殿東の高台にいます。2〜3匹で出ます。E5にたくさんいます。,1,"[""3匹@E5付近"",""マップ中央のE-5にたくさんいます""]

マップ中央の林や宵の神殿東の高台にいる。2～3匹構成。
ver: 7.4","2026-03-14 17:48:06","2026-03-24 08:27:31"
3442,803,616,918,"[""A2"",""A3""]",いつでも,2〜3,普通,飛んでいける、A2/A3で2〜3匹で出ます。,0,"[""北西のA-2・3の飛んで行く高所にかたまって出現します。""]

要飛行。マップ西端の高台にいる。2～3匹構成。
ver: 7.4","2026-03-14 17:48:06","2026-03-24 07:21:25"
3443,871,616,918,"[""B4"",""E2"",""E6""]",いつでも,2〜3,普通,いずれも2〜3匹で出ます。,1,"[""2匹@神殿前2匹+お共@E62-3匹@北西＆北東"",""AB-4とE-2にたくさんいます""]

宵の神殿東やマップ南西の袋小路に生息。 マップ北西の高台にもいる。 また宵の神殿付近を道なりに歩いている個体もいる。 いずれも2～3匹構成。
ver: 7.4","2026-03-14 17:48:06","2026-03-24 08:26:03"
3444,318,618,920,"[""B5"",""B6"",""B7"",""C6"",""C7"",""C5""]",いつでも,3〜4,普通,南西にいます。3〜4匹です。,0,"[""3-4匹@南西"",""B-5から南のC-7あたりに出現します""]

マップ南西に生息。3～4匹構成。
ver: 7.4","2026-03-14 17:48:12","2026-03-22 17:51:31"
3445,528,618,920,"[""D4"",""D5"",""E4"",""E5""]",いつでも,2,少ない,中央あたりの草むらにいます。,0,"[""2匹@中央"",""マップ中央のD-5とその周辺に出現します""]

マップ中央の草むらに生息。マップ北西の高台にも少数。いずれも2匹構成。
ver: 7.4","2026-03-14 17:48:12","2026-03-23 13:59:03"
3446,582,618,920,"[""E3"",""E4"",""E5"",""F5"",""G5"",""G4"",""F4""]",いつでも,3〜4,普通,ムニエカの町あたりから南東あたりまで広い範囲にいます。おおむね3〜4匹構成だが、南東の高台では2〜3匹で出ます。,1,"[""3-4匹@北側"",""マップのD-4から東で出現します""]

ムニエカの町周辺から南東まで広く生息。 おおむね3～4匹構成だが、南東の高台では2～3匹構成。
ver: 7.4","2026-03-14 17:48:12","2026-03-23 15:24:14"
3447,590,618,920,"[""D4"",""E3"",""E4"",""F4""]",いつでも,3〜4,普通,ムニエカの町あたりにいます。3〜4匹です。,1,"[""3-4匹@北側"",""ムニエカの町の前のD-4・E-4あたりで出現します""]

ムニエカの町周辺に生息。3～4匹構成。 ムニエカの町南西の高台にもおり3匹構成。
ver: 7.4","2026-03-14 17:48:12","2026-07-27 14:51:37"
3448,622,618,920,"[""B3"",""C3"",""D3"",""D4"",""C4"",""B4"",""B5"",""C5"",""D5""]",いつでも,2,普通,結晶の森あたり〜ムニエカの町西にいます。2匹で出ます。,0,"[""2匹@北西"",""C-3あたりに出現します""]

結晶の森周辺～ムニエカの町西に生息。2匹構成。
ver: 7.4","2026-03-14 17:48:12","2026-03-23 17:03:20"
3449,806,618,920,"[""B6"",""B7"",""C6"",""C7"",""D7""]",いつでも,2〜3,普通,マップ南部や高台の方にもいまて、2〜3匹で出ます。木の下でさぼってる個体もいて、これは即湧き。,0,"[""2-3匹@南西"",""マップ南のD-7あたりに出現します""]

マップ南部に生息。高台の方にもいる。2～3匹構成。 木の下で休んでいる個体もおり、15秒沸きで出現位置固定。
ver: 7.4","2026-03-14 17:48:12","2026-03-24 07:24:05"
3450,903,618,920,"[""B5"",""B6"",""B7"",""C6"",""C7"",""D7"",""C5"",""D5"",""D6""]",いつでも,2〜3,普通,マップ南部にいます。2〜3匹で出ます。B7あたりがおすすめ。,1,"[""2-3匹@南西"",""B-5から南のCD-7あたりに出現""]

マップ南部に生息。レストリア平野への橋近くの高台が他モンスターがおらずおすすめ。2～3匹構成。
ver: 7.4","2026-03-14 17:48:12","2026-03-24 11:05:21"
3451,680,618,920,"[""D4"",""D5"",""E4"",""E5""]",いつでも,1〜2,普通,マップ中央の草原地帯にそこそこの数です。1〜2匹で出ます。,0,"[""1-2匹@中央"",""マップ中央のD-5あたりに出現します""]

マップ中央の草原地帯にそこそこの数。1～2匹構成。
ver: 7.0","2026-03-14 17:48:12","2026-03-23 18:13:17"
3452,860,618,920,"[""C3"",""D3"",""E4"",""B3"",""D4"",""C4"",""B4""]",いつでも,2〜3,普通,ムニエカの町あたり〜結晶の森あたりにいます。北西の高台にもいます。2〜3匹で出ます。,1,"[""2-3匹@北側"",""C-3からE-4あたりに出現します""]

ムニエカの町付近～結晶の森付近に生息。北西の高台にもいる。2～3匹構成。
ver: 7.4","2026-03-14 17:48:12","2026-03-24 08:12:39"
3453,909,618,920,"[""F3"",""F4"",""G3""]",いつでも,2〜3,普通,ムニエカの町あたりや南東の比較的低い場所では2匹で出ます。東の小屋あたりや南東の高台では2〜3匹で出ます。,1,"[""2匹@北東低地2-3匹@北東高台"",""マップのF-4から東で出現します""]

ムニエカの町東～マップ南東まで広く生息。 ムニエカの町周辺や南東の比較的低い場所では2匹構成。 東の小屋周辺や南東の高台では2～3匹構成。
ver: 7.4","2026-03-14 17:48:12","2026-03-24 11:10:27"
3454,803,618,920,"[""B3"",""C3"",""D3""]",いつでも,2〜3,普通,結晶の森あたり〜ムニエカの町西にいます。2〜3匹で出ます。,1,"[""2-3匹@北西"",""C-3あたりに出現します""]

結晶の森周辺～ムニエカの町西に生息。北西の高台に同シンボルのみの場所あり。2～3匹構成。
ver: 7.4","2026-03-14 17:48:12","2026-03-24 07:21:25"
3455,892,618,920,"[""D4"",""D5"",""E4"",""E5""]",昼,2〜3,普通,2〜3匹で出ます。木の下で休んでいる個体もいるのは即湧。,1,"[""2-3匹@中央"",""マップ中央のD-5とその周辺に出現します""]

マップ中央の草原地帯やマップ南の高台に生息。2～3匹構成。 木の下で休んでいる個体もおり、固定出現で15秒沸き。 背が低いため草原地帯では昼間はやや見にくい。
ver: 7.4","2026-03-14 17:48:12","2026-03-24 09:42:13"
3456,596,620,922,"[""F4"",""F5"",""E4"",""E5""]",いつでも,2〜3,普通,聖湖ゼニートの東にいます。ブルジャックルが2匹まで一緒に出ます。その他、モーモン・祖が2匹まで一緒に出ることもあります。,1,"[""混2-3匹@ゼニート東"",""聖湖ゼニートの東側F-4に数匹います""]

聖湖ゼニートの東に生息。 道なりに歩いているものや南西の丘にいるものは2匹構成でブルジャックルが2匹までつく。 その他草むらにいるものは1～2匹にモーモン・祖が2匹までつく。
ver: 7.4","2026-03-14 17:48:18","2026-03-23 15:48:21"
3457,597,620,922,"[""F4"",""F5"",""E4"",""E5""]",いつでも,2〜3,普通,聖湖ゼニートの東にいます。フンガーが2匹まで一緒に出ます。その他1モーモン・祖が2匹まで一緒に出ます。,1,"混2-3匹@ゼニート東

聖湖ゼニートの東に生息。 道なりに歩いているものや南西の丘にいるものは2匹構成でフンガーが2匹までつく。 その他草むらにいるものは1～2匹にモーモン・祖が2匹までつく。
ver: 7.4","2026-03-14 17:48:18","2026-03-23 15:49:31"
3458,841,620,922,"[""B3"",""D2"",""D3"",""D5"",""E2"",""E3"",""F2""]",いつでも,3〜4,多い,"F2あたりに大量で、3〜4匹でおすすめです。
D3あたりでは2匹で出ます。
B3近辺では3匹でとっしんこぞうが混ざります。",1,"[""2匹@北側低地3匹@南側低地3-4匹@北＆南高台"",""聖湖ゼニートから北のエリアE-2・F-2とゼニートの南D-5、B-3あたりにもたくさんいます""]

大樹の鳥籠周辺に大量。3～4匹構成でおすすめ。 そこから少し行った聖湖ゼニート北では2匹構成。 ウォルドの聖簾近辺では3匹構成。 聖湖ゼニート南やマップ西端の高台では3匹構成で近くのベスキングにもつく。 ウォルドの聖簾東ではとっしんこぞうとの混成3匹構成。
ver: 7.4","2026-03-14 17:48:18","2026-03-24 07:52:44"
3459,864,620,922,"[""E4"",""F4"",""F5"",""G4"",""G5"",""G3""]",いつでも,2〜3,多い,2〜3匹で出ます。峠のほこら南の高台ではウパソルジャーを含む2〜3匹で出ます。マップ南東の高台ではしにがみを含む2〜3匹で出ます。,0,"[""3匹@ゼニート東"",""聖湖ゼニートの東側E-4・F-4に出現""]

聖湖ゼニートの東に多い。2～3匹構成。 峠のほこら南の高台ではウパソルジャーを含む2～3匹構成。 マップ南東の高台ではしにがみを含む2～3匹構成
ver: 7.4","2026-03-14 17:48:18","2026-03-24 08:22:36"
3460,901,620,922,"[""D3"",""E4"",""F4""]",いつでも,2〜3,普通,近くのフンガーやブルジャックルも一緒に出ます。,1,"[""3匹@ゼニート東＆北"",""聖湖ゼニートの東側E-4・F-4に出現、ゼニートから北のエリアD-3あたりにもいます""]

聖湖ゼニートの東に生息。 近くのフンガーやブルジャックルにもつく。 聖湖ゼニート北にもいる。 いずれも2～3匹構成。
ver: 7.4","2026-03-14 17:48:18","2026-03-24 11:02:32"
3461,837,620,922,"[""B3"",""B4"",""B5"",""C4"",""C5""]",いつでも,2〜3,多い,特になし。,0,"[""2-3匹@西側"",""マップの西のB-3からC-5にたくさんいます""]

聖湖ゼニート西～ウォルドの聖簾周辺まで生息。2匹構成。
ver: 7.4","2026-03-14 17:48:18","2026-03-24 07:48:34"
3462,912,620,922,"[""D2"",""D3"",""E2"",""E3""]",いつでも,3,多い,3匹で出ます。,1,"[""3匹@ゼニート北"",""聖湖ゼニートから北のエリア、大樹の鳥籠まで出現します""]

聖湖ゼニート北～大樹の鳥籠への道に生息。3匹構成。南側の方がシンボルが多い。
ver: 7.4","2026-03-14 17:48:18","2026-03-24 11:12:18"
3463,839,620,922,"[""C5"",""C6"",""G4"",""B6""]",いつでも,2〜3,多い,マップ南西が3匹固定で、近くのダースリカントも一緒に出ます。G4では2〜3匹。,1,"[""2-3匹@東側3匹@南側"",""G-4とゼニートの南C-5やBC-6にもたくさんいます""]

マップ南西が3匹固定。近くのダースリカントにもつく。 峠のほこら付近では2～3匹構成。 聖湖ゼニート西では2匹構成。
ver: 7.4","2026-03-14 17:48:18","2026-03-24 07:49:45"
3464,862,620,922,"[""B4"",""B5"",""C4"",""C5"",""B3""]",いつでも,2,多い,聖湖ゼニート西〜ウォルドの聖簾あたりにいます。2匹で出ます。,0,"[""2匹@ゼニート西"",""マップの西のB-4からC-5にたくさんいます""]

聖湖ゼニート西～ウォルドの聖簾付近に生息。2匹構成。
ver: 7.4","2026-03-14 17:48:18","2026-03-24 08:14:52"
3465,863,620,922,"[""D2"",""D3"",""E2"",""E3""]",いつでも,1〜2,普通,飛んでゆくウォルドの聖簾東にいます。高台では3匹で、低地では1〜2匹にスライム・祖が混ざります。C3あたりがおすすめ。,1,"[""3匹@北側の高台"",""CD-3の高所の一部にまとまって出現する、飛んで行く場所です。""]

要飛行。ウォルドの聖簾東に生息。 高台では3匹構成。低地では1～2匹にスライム・祖が混じる。
ver: 7.4","2026-03-14 17:48:18","2026-03-24 08:19:23"
3466,799,620,922,"[""F4"",""F5"",""G3"",""G4"",""G5""]",いつでも,2〜3,普通,岬のほこらは3匹で出ます。近くの高台にもいてドラキー・祖を含む2〜3匹で出ます。,0,"[""3匹@東側"",""峠のほこらからウォルド地方に入ってすぐのG-3にいます""]

岬のほこら周辺に生息。3匹構成。 近くの高台にもおりドラキー・祖を含む2～3匹構成。
ver: 7.4","2026-03-14 17:48:18","2026-03-24 07:17:43"
3467,832,620,922,"[""E6"",""E7"",""F6"",""F7"",""G6"",""G7"",""E5"",""F5"",""G5""]",いつでも,1〜2,普通,飛んでいけるマップ南〜南東にいます。多くは1〜2匹で出ます。聖湖ゼニート南の高台では1匹で出て、ダースリカントが一緒に出ます。,1,"[""1-2匹@南側の高台"",""D-6の高台とG-5～E-7あたりの一番高い所に出現します。飛んで行く場所です。""]

要飛行。マップ南～南東に生息。高台にもいる。多くは1～2匹構成。 聖湖ゼニート南の高台では1匹でダースリカントがつく。
ver: 7.4","2026-03-14 17:48:18","2026-03-24 07:42:28"
3468,849,620,922,"[""B3"",""B4"",""C6"",""B5"",""C5""]",いつでも,1〜2,多い,C6はズッキーニャ・祖との混成あり2〜3匹、B3あたりでは1〜2匹で出ます。,1,"[""1-2匹@B3付近2-3匹@南西"",""BC-6とB-4あたりにもたくさんいます""]

マップ南西ではズッキーニャ・祖との混成あり2～3匹構成。 ウォルドの聖簾付近では1～2匹構成。 聖湖ゼニート西の道上にいるものは1匹構成。 聖湖ゼニート南の高台にもおりしにがみとの混成ありの2匹構成。
ver: 7.4","2026-03-14 17:48:18","2026-03-24 07:59:58"
3469,887,620,922,"[""D5"",""F2""]",いつでも,1〜2,普通,F2がおすすめ。D5あたりでは1〜2匹にスライム・祖が1〜2匹一緒に出ます。,1,"[""1匹@大樹1-2匹+供@D5高台"",""大樹の鳥籠近くのF-2に数匹とゼニートの南D-5にも数匹います""]

大樹の鳥籠西の高台が2匹確定でおすすめ。 大樹の鳥籠付近では1～2匹構成。 聖湖ゼニート南やマップ西端の高台では1～2匹にスライム・祖が1～2匹つく。
ver: 7.4","2026-03-14 17:48:18","2026-03-24 09:39:01"
3470,168,119,537,"[""C5"",""D5"",""C6"",""D6"",""C3"",""D3"",""C4"",""D4"",""E3"",""F3"",""E4"",""F4"",""E5"",""F5"",""E6"",""F6""]",いつでも,1〜2,,おすすめ,1,,"2026-03-14 17:48:50","2026-03-22 10:31:48"
3471,110,13,571,"[""G1"",""G3"",""G2"",""H3"",""H4"",""H5""]",いつでも,,普通,1階の奥の通路GH列全部と地下1階のBC-4にいます。5の広間で出現します。,1,"[""1階の奥の通路GH列全部と地下1階のBC-4・5の広間で出現します""]","2026-03-14 17:49:49","2026-03-21 17:42:13"
3472,115,13,572,"[""B4"",""C4"",""C5"",""B5""]",いつでも,1〜2,お供,どくどくゾンビとあくま神官のお供でのみ出現します。あくま神官はシンボル数4の2分〜2分半固定湧き。,1,"[""どくどくゾンビとあくま神官のお供でのみ出現します""]

シンボルは無いが、あくま神官に高い確率で1～2匹くっつき、どくどくゾンビに稀に混成する。あくま神官はシンボル数4の2分～2分半固定湧きなので、競合がおらず、他の作業をしながらなら。
ver: 1.4","2026-03-14 17:49:49","2026-03-21 17:47:44"
3473,117,13,571,"[""C3"",""D2"",""D3"",""D6"",""E2"",""E3"",""E6"",""F3"",""C6"",""F6"",""F7""]",いつでも,,多い,"1階の前半の通路と地下1階の通路でたくさん出現します。
階段より手前では1匹、その先では1〜2匹で出ます",1,"[""1階の前半の通路と地下1階の通路でたくさん出現します""]","2026-03-14 17:49:49","2026-03-21 17:55:54"
3474,158,13,572,"[""C3"",""C4"",""C5"",""D2"",""D3"",""D4"",""D5"",""D6"",""D7"",""E2"",""E3"",""E4"",""E5"",""E6"",""E7"",""F3"",""F4"",""F5""]",いつでも,1〜2,多い,1階DEFにうろうろしています。1〜2匹で出て、ベホイミスライムも混ざります。また、プヨンターゲットも混ざります。業者がいなくなったのはいいが、東西の片方だけで狩っていると枯れるので面倒です。1階の通路EF列でたくさん出現します。,0,"[""1階の通路EF列でたくさん出現します""]

1階DEFにうろうろしている。1～2匹構成でベホイミスライムが混成する。また、プヨンターゲットに混成する。業者がいなくなったのはいいが、東西の片方だけで狩っていると枯れるので面倒。
ver: 2.4","2026-03-14 17:49:49","2026-03-20 18:53:50"
3475,110,13,572,"[""C4"",""B4"",""B5"",""C5""]",いつでも,1,普通,地域限定。,1,"[""1階の奥の通路GH列全部と地下1階のBC-4・5の広間で出現します""]

地域限定・キークエ対象。 1階のGHに分布。魅了が危険なので一気に倒すこと。3.3から地下1階のあくま神官がいる場所にも出現するようになった。序盤のストーリーで戦うことへの配慮なのか、必ず1匹構成に変更されたようだ。
ver: 6.0","2026-03-14 17:49:49","2026-03-21 17:42:13"
3476,112,13,572,"[""C4"",""B4"",""B5"",""C5""]",いつでも,1〜2,普通,地下1階のBC-4にいます。4シンボル湧きます。ベホイミスライムが1〜2匹一緒に出ます。,1,"[""地下1階のBC-4・5の広間で出現します""]

地下1階の宝箱がある小部屋に4シンボル湧く。約2分～2分30秒感覚湧きなので、競合がいなくても湧き待ちの時間がある。ベホイミスライムが1～2匹くっつく。
ver: 1.3","2026-03-14 17:49:49","2026-03-21 17:43:23"
3477,117,13,572,"[""D4"",""D5"",""E4"",""E5"",""B4"",""B5"",""C4"",""C5""]",いつでも,1〜2,多い,混成なしです。,1,"[""1階の前半の通路と地下1階の通路でたくさん出現します""]

1階のC3とC6の階段より手前では1匹、その先では1～2匹構成。どくどくゾンビが混成するが、E1とE8の階段を降りた先～地下1階では混成なし。レベルによってはどくどくゾンビが絡みまくる。 落とすゴールドが多かったため、かつては業者の巣窟になっていた。
ver: 2.3","2026-03-14 17:49:49","2026-03-21 17:55:54"
3478,141,10,570,"[""F8"",""E8"",""E7"",""F7"",""D7"",""D8"",""E6"",""C6"",""C7"",""D6""]",いつでも,1〜3,普通,入口から階段を2つ降りたところまでの範囲に広くいます。1〜3匹で出て、どれいへいしも混ざります。,1,"[""入ってすぐのEF-8あたりで出現します""]

入口から階段を2つ降りたところまでの範囲に分布。1～3匹構成でどれいへいしが混成する。
ver: 1.4","2026-03-14 17:49:51","2026-03-21 19:08:00"
3479,145,10,570,"[""E6"",""D7"",""D8"",""E8"",""F8"",""F7"",""E7""]",いつでも,1〜2,多い,入口から階段を2つ降りたところから水環の間までの間にいます。1〜2匹で出て、どれいへいしかメーダクインも混ざります。,0,"[""E-6・7で出現たくさんします""]

入口から階段を2つ降りたところから水環の間までの間にいる。1～2匹構成で、どれいへいしかメーダクインが混成する。入り口付近の敵のお供としても出現する。
ver: 1.4","2026-03-14 17:49:51","2026-03-21 19:24:53"
3480,161,10,570,"[""E6"",""E7"",""D7"",""F7"",""D6"",""F6""]",いつでも,1〜3,,入り口から水還の間のあいだに広くいます。1〜3匹で出て、どれいへいしやほねコウモリも混ざります。,1,"[""入ってすぐいてE-6の水輪の間までいます""]

転生が出るおかげかお供限定ではなくなった。入り口から水還の間のあいだに分布。 1～3匹構成でどれいへいしが混成する。また、どれいへいしやほねコウモリに混成する。 戦うことはできないが、天井の配管に沿って浮いている固体を観察できる。
ver: 2.2","2026-03-14 17:49:51","2026-03-22 10:14:26"
3481,182,10,570,"[""E7"",""F7"",""F8"",""E8"",""E6"",""F6""]",いつでも,,普通,地域限定。入り口から水還の間までの間に広くいます。ほねコウモリ、メーダクインが一緒に出ます。,1,"[""入ってすぐいてE-7あたりまでいる""]

地域限定・No.164(レーンの村外伝4話)クエ対象。 入り口から水還の間までの間に分布。メトロゴースト、ほねコウモリ、メーダクインに混成するため、このモンスターのシンボルに当たる必要は無いかもしれない。ほねコウモリ、メーダクインがくっつく。
ver: 3.4","2026-03-14 17:49:51","2026-03-22 10:59:10"
3482,242,10,570,"[""D4""]",いつでも,1〜2,多い,CD-4あたりでたくさん出現します。1-2匹もしくはリビングデッドがついてくることがあります。,0,"[""CD-4あたりでたくさん出現します""]

中盤あたりにうじゃうじゃいるフロアがある。1-2匹もしくはリビングデッドがくっついてくる。
ver: 1.5","2026-03-14 17:49:51","2026-03-20 18:53:50"
3483,326,10,570,"[""D6""]",いつでも,1〜2,普通,リビングデッドが1〜2匹一緒に出ます。,0,"[""1匹"",""D-6あたりからいちばん奥まで出るがそんなに多くはない""]

No.164(レーン配信4話)クエ対象モンスターだったが、どれいへいしに対象が変更された。 1シンボルにつき1匹で、リビングデッドが1～2匹くっつく。仲間を呼ばれなければ討伐数は同じぐらいになる。また、出現範囲全体を万遍なく巡回しないと涸れてしまう。ビッグモアイの湧き待ちに狩るのも良い。
ver: 3.4","2026-03-14 17:49:51","2026-03-22 18:21:55"
3484,333,10,570,"[""C2""]",いつでも,1,1,1匹で出ます。いちばん奥の詩吟のほこらの前に1匹います。,0,"[""1匹"",""いちばん奥の詩吟のほこらの前に1匹います""]

最奥部に1匹いる。だいたい5分ほどでリポップする。
ver: 3.0","2026-03-14 17:49:51","2026-03-22 18:34:25"
3485,407,10,570,"[""D6"",""D5"",""D4"",""D3"",""D2"",""C2"",""C3"",""C4"",""C5"",""C6"",""B5"",""B4"",""B3"",""B2"",""B6""]",いつでも,1〜2,多い,1-2匹で出ます。D-6あたりからいちばん奥まで出るが数は少ない。,0,"[""1-2匹"",""D-6あたりからいちばん奥まで出るが数は少ない""]

ちょっと遠め。生息域が広く密度が薄いので探しにくい。ホラービーストに大量にくっついてくるので、敢えて狩る必要はない。
ver: 2.3","2026-03-14 17:49:51","2026-03-23 08:54:16"
3486,207,14,573,"[""G5"",""E4"",""E5"",""F5"",""F4"",""H5"",""G6"",""H6""]",いつでも,1〜2,普通,1〜2匹で出て、、高確率でうみぼうずも混ざります。洞くつに入ってすぐにいる最初の2つの広い所で出現します。,0,"[""洞くつに入ってすぐにいる最初の2つの広い所で出現します""]

BOT対策か、間隔が離れた印象。1～2匹構成で、高確率でうみぼうずが混成する。
ver: 2.3","2026-03-14 17:49:54","2026-03-22 11:51:00"
3487,216,14,573,"[""D6"",""C6"",""C5"",""D5"",""E6"",""E5"",""F5"",""F4"",""G5"",""G6"",""H6"",""H5"",""E4"",""F6""]",いつでも,3〜5,普通,洞くつの中ほどから一番奥まで出現します。,0,"[""洞くつの中ほどから一番奥まで出現します""]

3～5番目の空洞にいる。2.2でのシンボル数激減に伴い業者も激減して過疎化しているのでそこそこ狩れる。
ver: 2.2","2026-03-14 17:49:54","2026-03-22 12:11:17"
3488,221,14,573,"[""E4"",""E5"",""E6"",""F4"",""F5"",""F6"",""G4"",""G5"",""G6"",""H6"",""H5"",""H4""]",いつでも,,普通,洞くつの中ほどから一番奥まで出現します。,1,"[""洞くつの中ほどから一番奥まで出現します""]

そこそこの数がいる。密度はいちばん。しかし最近は業者が多すぎて話にならない。
ver: 1.5","2026-03-14 17:49:54","2026-03-22 12:18:24"
3489,249,14,573,"[""A1"",""A2"",""A3"",""A4"",""A5"",""A6"",""A7"",""A8"",""B1"",""B2"",""B3"",""B4"",""B5"",""B6"",""B7"",""B8"",""C1"",""C2"",""C3"",""C4"",""C5"",""C6"",""C7"",""C8"",""D1"",""D2"",""D3"",""D4"",""D5"",""D6"",""D7"",""D8"",""E1"",""E2"",""E3"",""E4"",""E5"",""E6"",""E7"",""E8"",""F1"",""F2"",""F3"",""F4"",""F5"",""F6"",""F7"",""F8"",""G1"",""G2"",""G3"",""G4"",""G5"",""G6"",""G7"",""G8"",""H1"",""H2"",""H3"",""H4"",""H5"",""H6"",""H7"",""H8""]",いつでも,,多い,メタルライダーのお供についてくることがあります。洞くつの全域で出現します。,0,"[""洞くつの全域で出現します""]

どうやら抽選ポップらしい。最後の部屋がいちばん湧きポイントは多い。メタルライダーのお供にくっついてくる。
ver: 1.5","2026-03-14 17:49:54","2026-03-22 13:14:34"
3490,172,23,575,"[""C4"",""D4"",""D5"",""C5""]",いつでも,1〜2,普通,1〜2匹で出ます。,0,"[""1階の西の通路と地下2階の南の通路CD-6・7で出現します""]

一階～二階のうみぼうずのいるエリアまで。1～2匹構成。即湧きで狩りやすかった1階最奥の広間には出なくなった模様。
ver: 1.4","2026-03-14 17:49:58","2026-03-22 10:40:40"
3491,172,23,577,"[""D6"",""C6""]",いつでも,,普通,1階の西の通路と地下2階の南の通路CD-6にいます。,0,"[""1階の西の通路と地下2階の南の通路CD-6・7で出現します""]","2026-03-14 17:49:58","2026-03-22 10:40:40"
3493,249,23,577,"[""C6"",""D6"",""D7"",""C7""]",いつでも,1,普通,すぎに湧くのでそれなりにおすすめ。遠いが。,1,"[""地下2階の南の通路CD-6・7で出現します""]

地下2階の南部、目安としてはベホイムスライムのいるところに出る。1匹構成。すぐに湧くが地形の関係で見づらい。
ver: 1.3","2026-03-14 17:49:58","2026-03-22 13:14:34"
3494,285,23,577,"[""C3"",""C4"",""C5"",""D3"",""D4"",""D5"",""D6"",""E3"",""E4"",""E5"",""F3"",""F4"",""F5"",""G5"",""G4"",""G3""]",いつでも,1,普通,地下2階の真ん中あたり通路で出現します。,0,"[""1匹"",""地下2階の真ん中あたり通路で出現します""]","2026-03-14 17:49:58","2026-03-22 15:20:55"
3495,286,23,577,"[""C3"",""C4"",""D3"",""D4"",""E3"",""E4"",""F3"",""F4""]",いつでも,1,普通,地下2階の真ん中あたり通路で出現します。,0,"[""1匹"",""地下2階の真ん中あたり通路で出現します""]","2026-03-14 17:49:58","2026-03-22 15:22:15"
3496,308,23,577,"[""D2"",""F2""]",いつでも,1,普通,地下2階の北D-2、F-2あたりで少しいます。,0,"[""1匹"",""地下2階の北D-2とF-2あたりで少しいます""]","2026-03-14 17:49:58","2026-03-22 17:26:08"
3497,213,24,578,"[""G3"",""B2"",""B4"",""E5"",""F6""]",いつでも,1〜3,多い,柱のあたりにスクラッチャーと共にいます。1〜3匹で混成はないです。,1,"[""マップ中にいくつかある石碑がある場所の周辺で出現します""]

柱の周辺にスクラッチャーと共に生息。1～3匹構成で混成はない。ここ自体が（主に業者の）人気狩場であるが、コープスフライは比較的放置されているので狩りやすいかも。 ただし湧き場所が障害物だらけなので、何も考えず「こうげき」を連打すると、引っかかって敵にたどり着けないことも多いので注意。
ver: 2.3","2026-03-14 17:50:00","2026-03-22 12:01:50"
3498,214,24,578,"[""E4"",""E3"",""F3"",""F4""]",いつでも,,普通,中のちょっと広くなっている所で出現します。,1,"[""マップ中のちょっと広くなっている所で出現します""]

真実の間の近くが湧きポイントが近くて楽だったが、業者の楽園である。ドラゴンゾンビ巡回でずいぶん数は減ったようだ。
ver: 2.4","2026-03-14 17:50:00","2026-03-22 12:02:51"
3499,230,24,578,"[""E3"",""F3"",""E4"",""F4""]",いつでも,2,普通,特になし,1,"[""マップ中のちょっと広くなっている所で出現します""]

元は2匹まで出てたが、業者により1匹構成に。ドラゴンゾンビが周囲で徘徊しているので注意。宿からは近い。
ver: 2.2","2026-03-14 17:50:00","2026-03-22 12:36:51"
3500,243,24,578,"[""B4"",""B2"",""G3"",""G4"",""E5"",""D8"",""F6""]",いつでも,,普通,中にいくつかある石碑がある場所のあたりで出現します。,0,"[""マップ中にいくつかある石碑がある場所の周辺で出現します""]

人が多く、湧き間隔が離れている。キラークラブの片手間か。
ver: 1.3","2026-03-14 17:50:00","2026-03-22 13:03:35"
3534,321,184,582,"[""C4"",""C5""]",いつでも,1〜2,普通,1〜2匹で出て、ダーティードールも混ざります。,1,"[""1-2匹"",""下層C-4・5と中層D-4・5の通路にもいる""]

赤の照明のエリアに出現。下層の広間や中層の通路などにいる。1～2匹構成でダーティードールが混成する（中層のみ？）。
ver: 2.3","2026-03-14 17:51:20","2026-03-22 18:10:21"
3535,375,184,582,"[""G4"",""G5""]",いつでも,1,普通,1匹で出ます。下層東側のG-4にいます。,0,"[""1匹"",""下層東側のG-4・5にいる""]","2026-03-14 17:51:20","2026-03-23 07:13:49"
3536,376,184,582,"[""B4"",""B5""]",いつでも,1,普通,1匹で出ます。下層西側のB-4にいます。,0,"[""1匹"",""下層西側のB-4・5にいます""]","2026-03-14 17:51:20","2026-03-23 07:15:34"
3537,425,184,582,"[""F5""]",いつでも,1,普通,黄色の照明のエリアに出ます。下層の通路のF-5にいます。エビルソーサラーも混ざります。,0,"[""1匹"",""下層F-5にいる""]

黄色の照明のエリアに出現。下層の通路(F-5)にいる。また、中層のエビルソーサラーのシンボルに混成する。
ver: 3.1","2026-03-14 17:51:20","2026-03-23 09:28:26"
3538,438,184,582,"[""E3""]",いつでも,1,普通,1匹で出ます。下層E-3あたりにいます。,0,"[""1匹"",""下層E-3あたりにいる""]","2026-03-14 17:51:20","2026-03-23 09:54:29"
3540,461,184,582,"[""C4"",""C5""]",いつでも,1,普通,プリーストナイトに混成する（。,0,"[""1匹"",""下層C-4・5にいます""]

赤の照明のエリアに出現する。下層C-4,5の通路にいる。プリーストナイトに混成する（中層のシンボルのみ？）。
ver: 2.3","2026-03-14 17:51:20","2026-03-23 10:41:51"
3541,489,184,582,"[""G3"",""G6""]",いつでも,1,普通,1匹で出ます。下層東側のG-3、G-6の円形の所にいます。,0,"[""1匹"",""下層東側のG-3とG-6の円形の所にいます""]","2026-03-14 17:51:20","2026-03-23 11:26:02"
3542,513,184,582,"[""C2"",""F2""]",いつでも,1,普通,下層C-2とF-2で飛んでいる。,0,"[""1匹"",""下層C-2とF-2で飛んでいる""]","2026-03-14 17:51:20","2026-03-23 13:18:48"
3543,514,184,582,"[""B3"",""B6""]",いつでも,1,普通,1匹で出ます。下層西側のB-3、B-6の円形の所にいます。,0,"[""1匹"",""下層西側のB-3とB-6の円形の所にいます""]","2026-03-14 17:51:20","2026-03-23 13:34:19"
3544,625,184,582,"[""D3"",""E3""]",いつでも,1,普通,どっちの噴水付近に湧くかはランダム。,0,"[""1匹"",""下層D-3とE-3の噴水がある円形の所にいます""]","2026-03-14 17:51:20","2026-03-23 17:07:29"
3545,321,184,583,"[""D4"",""D5""]",いつでも,1〜2,普通,1〜2匹で出て、ダーティードールも混ざります。,1,"[""1-2匹"",""下層C-4・5と中層D-4・5の通路にもいる""]","2026-03-14 17:51:20","2026-03-22 18:10:21"
3546,396,184,583,"[""F4"",""F5""]",いつでも,1〜2,普通,中層F-45の通路,0,"[""1-2匹"",""下層F－5と中層F-4・5の通路にいる""]","2026-03-14 17:51:20","2026-03-23 07:48:29"
3547,455,184,583,"[""D3"",""E3""]",いつでも,1〜2,普通,中層D-3の通路と下層E-3あたりにいる。,0,"[""1-2匹"",""下層E-3あたりにいる、中層D-3の通路にもいる""]","2026-03-14 17:51:20","2026-03-23 10:35:46"
3548,593,184,583,"[""G4""]",いつでも,1,少ない,中層の渡り廊下のG-4に出るです。湧きはながめ。,0,"[""1匹"",""中層G-4に1匹いる""]

黄色の照明のエリアに出現。中層の渡り廊下(G-4)に出現する。再湧きまで結構長い。
ver: 2.3","2026-03-14 17:51:20","2026-03-23 15:45:30"
3549,643,184,583,"[""D2"",""E2""]",いつでも,1,1,中層D〜E2に1シンボルです。,0,"[""1匹"",""中層DE－2の広い所に1匹います""]

青の照明のエリアに出現する。中層D～E-2に1シンボル。
ver: 2.3","2026-03-14 17:51:20","2026-03-23 17:27:07"
3550,785,184,583,"[""B4""]",いつでも,1,少ない,1匹で出ます。,0,"[""中層B-4に1匹いる""]","2026-03-14 17:51:20","2026-08-03 09:46:34"
3551,964,184,583,"[""B4""]",いつでも,1,少ない,1匹で出ます。,0,"[""中層B-4に1匹いる""]","2026-03-14 17:51:20","2026-07-27 16:01:17"
3552,406,200,591,"[""E4"",""F4"",""F5"",""E5""]",いつでも,1〜4,普通,ここのシンボルはこれだけです。,1,"[""1-4匹"",""E-4あたりにいます""]

ここのシンボルはこいつだけ。1～4匹構成。数は稼ぎやすいものの一気に状態異常にされるので十分注意すること。
ver: 3.2","2026-03-14 17:51:38","2026-03-23 08:52:10"
3553,528,563,797,"[""E5"",""D5"",""D4"",""E4""]",いつでも,1〜2,普通,1階と2階にいます。いずれも30秒湧きです。,1,"[""1-2匹"",""2階と1階にいます、玄関ホールなど""]","2026-03-14 17:52:01","2026-03-23 13:59:03"
3563,337,567,811,"[""E6""]",いつでも,2,少ない,E-6の小部屋に2シンボルで2匹で出ます。遠いしドルボード使えないのでまったくおすすめしないです。,0,"[""E-6に2匹います""]

E-6の小部屋に2シンボルで2匹構成。遠いしドルボード使えないのでまったくおすすめしない。
ver: 4.5","2026-03-14 17:52:15","2026-03-20 18:53:50"
3564,520,567,811,"[""C6""]",いつでも,2,2,C-6の小部屋に2シンボルで2匹で出ます。,0,"[""C-6に2匹います""]

C-6の小部屋に2シンボルで2匹構成。遠いしドルボード使えないのでまったくおすすめしない。
ver: 4.5","2026-03-14 17:52:15","2026-03-23 13:46:55"
3565,555,567,811,[],いつでも,1〜2,普通,屋上にいます。シンボルが2つのみで1分湧きです。現状ここにしかいない。,1,"[""1-2匹"",""祭具棟の屋上にいます""]

屋上に生息。1～3匹構成。 シンボルが2つのみで1分沸きと数を稼ぎにくいが、現状ここにしか存在しない。
ver: 7.3","2026-03-14 17:52:15","2026-03-23 14:43:02"
3566,78,578,829,"[""E3"",""F3"",""E4"",""F4"",""C3"",""D3"",""C4"",""D4"",""C5"",""D5"",""C6"",""D6"",""E5"",""F5"",""E6"",""F6""]",いつでも,1,普通,1匹ずつ出ます。ただしシンボルはっ探しやすい。全体にいます。,0,"[""マップ全体にいる""]

1匹構成。ただしシンボルは一番探しやすいため、エモノ呼びするならこちらも一考。
ver: 4.2","2026-03-14 17:52:24","2026-03-21 14:39:51"
3567,81,578,829,"[""C3"",""D3"",""C4"",""D4"",""E3"",""F3"",""E4"",""F4"",""E5"",""F5"",""E6"",""F6"",""C5"",""D5"",""C6"",""D6""]",いつでも,1,普通,1匹ずつ出ます。全体にいます。,0,"[""マップ全体にいる""]

1匹構成。カーレルの氷雪洞のほうがいい。
ver: 4.2","2026-03-14 17:52:24","2026-03-21 14:47:43"
3568,24,579,830,"[""D2"",""D3"",""E2"",""E3"",""F5""]",いつでも,2,普通,北側の広間にいます。2匹で出ます。F-5の宝箱前で眠っているのは1匹で出ます。,0,"[""2匹@北側"",""入ってすぐの広い所にいます""]

北側の広間にいる。2匹構成。F5の宝箱前で眠っているのは1匹構成。
ver: 4.2","2026-03-14 17:52:28","2026-03-21 12:58:40"
3569,188,579,830,"[""E1"",""E2""]",いつでも,2,少ない,シンボルが少ない。全域では2匹で出ます。入ってすぐの広い所にいます。,0,"[""2匹@全域"",""入ってすぐの広い所にいます""]

シンボルが少なく、2匹構成。
ver: 4.2","2026-03-14 17:52:28","2026-03-22 11:04:15"
3570,304,579,830,"[""D2"",""D3"",""E2"",""E3""]",いつでも,2,普通,北側の広間にいます。2匹で出ます。北側では2匹で出ます。入ってすぐの広い所にいます。,0,"[""2匹@北側"",""入ってすぐの広い所にいます""]

北側の広間にいる。2匹構成
ver: 4.2","2026-03-14 17:52:28","2026-03-22 17:20:31"
3571,603,579,830,"[""D6"",""D7"",""C7"",""C6""]",いつでも,1〜2,普通,1〜2匹で出ます。,1,"[""1-2匹@南側"",""奥の広い所(D-6あたり)にいます""]

南側の広間にそこそこのシンボルがいる。1～2匹構成。こちらのほうがアクセスは容易
ver: 4.2","2026-03-14 17:52:28","2026-03-23 15:52:56"
3572,652,579,830,"[""D2"",""D3"",""E2"",""E3""]",いつでも,1〜2,少ない,入ってすぐの広い所にいます。,0,"[""1-2匹@北側"",""入ってすぐの広い所にいます""]

北側の広間に少数のシンボルがいる。1～2匹構成。
ver: 4.2","2026-03-14 17:52:28","2026-03-23 17:40:14"
3573,749,579,830,"[""E1"",""E2""]",いつでも,2,少ない,シンボルが少ない。全域では2匹で出ます。入ってすぐの広い所にいます。,0,"[""2匹@全域"",""入ってすぐの広い所にいます""]

シンボルが少なく、2匹構成。
ver: 4.2","2026-03-14 17:52:28","2026-03-22 11:04:15"
3574,528,190,586,[],いつでも,1〜2,普通,1階と2階にいます。いずれも30秒湧きです。ルーラでとべません。,0,"[""1-2匹"",""2階と1階にいます、玄関ホールなど""]","2026-03-14 17:52:32","2026-03-23 13:59:03"
3575,528,190,587,[],いつでも,2〜4,普通,1階と2階にいます。いずれも30秒湧きです。ルーラでとべません。,0,"[""2-4匹"",""2階と1階にいます、玄関ホールなど""]

古代と同じだが、屋敷に飛べないので非常にアクセスが悪い。
ver: 5.5","2026-03-14 17:52:32","2026-03-23 13:59:03"
3576,360,191,589,"[""C4""]",いつでも,1〜2,普通,南では1〜2匹で出ます。お供つきです。下層C-4にいます。,0,"[""1-2匹+供@南"",""下層C-4・5と上層E-4など狭い通路にいます""]","2026-03-14 17:52:35","2026-03-23 06:34:58"
3577,389,191,589,"[""C5"",""D6"",""E6"",""D5"",""E5""]",いつでも,2〜3,普通,南では2〜3匹で出ます。下層C-5や外に出たところにいます。,0,"[""2-3匹@南"",""下層C-5や外に出たところにいます""]","2026-03-14 17:52:35","2026-03-23 07:40:13"
3578,633,191,589,"[""C6"",""D6""]",いつでも,1,普通,C6では1匹で出ます。お供つきです。,0,"[""1匹+供@C6"",""下層D-6にいます、外に出たところです""]","2026-03-14 17:52:35","2026-03-23 17:13:30"
3579,649,191,589,"[""D2"",""E2""]",いつでも,1〜2,普通,洞くつに入って広めの通路をまっすぐ行くといます。,0,"[""1-2匹@北"",""洞くつに入って広めの通路をまっすぐ行くといます""]","2026-03-14 17:52:35","2026-03-23 17:37:48"
3580,775,191,589,"[""C4""]",いつでも,1〜2,普通,南では1〜2匹で出ます。お供つきです。下層C-4にいます。,0,"[""1-2匹+供@南"",""下層C-4・5と上層E-4など狭い通路にいます""]","2026-03-14 17:52:35","2026-03-23 06:34:58"
3581,793,191,589,"[""D2"",""E2""]",いつでも,1〜2,普通,洞くつに入って広めの通路をまっすぐ行くといます。,0,"[""1-2匹@北"",""洞くつに入って広めの通路をまっすぐ行くといます""]","2026-03-14 17:52:35","2026-03-23 17:37:48"
3582,360,191,590,"[""E4""]",いつでも,1〜2,普通,上層E-4など狭い通路にいます。,0,"[""1-2匹+供"",""下層C-4・5と上層E-4など狭い通路にいます""]","2026-03-14 17:52:35","2026-03-23 06:34:58"
3584,390,258,601,"[""A3"",""A4"",""A5"",""A6"",""B3"",""B4"",""B5"",""B6"",""C3"",""C4"",""C5"",""C6"",""D3"",""D4"",""D5"",""D6"",""E3"",""E4"",""E5"",""E6""]",いつでも,3〜5,多い,広場にシンボルがちらほらです。密度はさほど高くないが、3〜5匹で拠点からも近いのでおすすめです。,1,"[""3-5匹"",""ベルヴァインの森東全域に出現します""]

広場にシンボルがちらほら。密度はさほど高くないが、3～5匹構成で拠点からも近いのでおすすめ。
ver: 5.0","2026-03-14 17:52:43","2026-03-25 18:49:00"
3585,412,263,602,"[""A1"",""A2"",""A3"",""A4"",""A5"",""A6"",""A7"",""A8"",""B1"",""B2"",""B3"",""B4"",""B5"",""B6"",""B7"",""B8"",""C1"",""C2"",""C3"",""C4"",""C5"",""C6"",""C7"",""C8"",""D1"",""D2"",""D3"",""D4"",""D5"",""D6"",""D7"",""D8"",""E1"",""E2"",""E3"",""E4"",""E5"",""E6"",""E7"",""E8"",""F1"",""F2"",""F3"",""F4"",""F5"",""F6"",""F7"",""F8"",""G1"",""G2"",""G3"",""G4"",""G5"",""G6"",""G7"",""G8"",""H1"",""H2"",""H3"",""H4"",""H5"",""H6"",""H7"",""H8""]",いつでも,3〜5,多い,全体では3〜5匹で出ます。洞くつ内全域に出現します。,0,"[""3-5匹@全体"",""洞くつ内全域に出現します""]

多くいるが狭いので見つけにくい。行き止まりにはいない。3～5匹構成。ポイズントリル・強にくっつくこともある。
ver: 5.5","2026-03-14 17:52:56","2026-03-23 08:58:40"
3586,450,263,602,"[""A3"",""A4"",""A5"",""A6"",""B3"",""B4"",""B5"",""B6"",""C3"",""C4"",""C5"",""C6"",""C7"",""C8"",""D3"",""D4"",""D5"",""D6"",""D7"",""D8"",""E3"",""E4"",""E5"",""E6"",""E7"",""E8"",""F3"",""F4"",""F5"",""F6"",""F7"",""F8"",""G1"",""G2"",""G3"",""G4"",""H1"",""H2"",""H3"",""H4""]",いつでも,2〜3,多い,全域に出ます。2〜3匹で出ます。,0,"[""2-3匹@全体"",""洞くつ内全域に出現します""]

全域に出現。2～3匹構成。視界が悪いので外がいいか。
ver: 5.5","2026-03-14 17:52:56","2026-03-23 10:16:47"
3587,494,263,602,"[""A1"",""A2"",""A3"",""A4"",""A5"",""A6"",""A7"",""A8"",""B1"",""B2"",""B3"",""B4"",""B5"",""B6"",""B7"",""B8"",""C1"",""C2"",""C3"",""C4"",""C5"",""C6"",""C7"",""C8"",""D1"",""D2"",""D3"",""D4"",""D5"",""D6"",""D7"",""D8"",""E1"",""E2"",""E3"",""E4"",""E5"",""E6"",""E7"",""E8"",""F1"",""F2"",""F3"",""F4"",""F5"",""F6"",""F7"",""F8"",""G1"",""G2"",""G3"",""G4"",""G5"",""G6"",""G7"",""G8"",""H1"",""H2"",""H3"",""H4"",""H5"",""H6"",""H7"",""H8""]",いつでも,2〜3,多い,全域にいます。シンボル少なめです。1〜3匹にランタンこぞうが混成します。,0,"[""洞くつ内全域に出現します"",""混2-3匹@全体""]

全域に生息。シンボル少なめ。1～3匹にランタンこぞうが混成して最大3匹構成になる。
ver: 5.5","2026-03-14 17:52:56","2026-03-23 11:31:35"
3588,557,264,603,"[""A5"",""A6"",""A7"",""A8"",""B5"",""B6"",""B7"",""B8"",""C5"",""C6"",""C7"",""C8"",""D5"",""D6"",""D7"",""D8"",""E1"",""E2"",""E3"",""E4"",""E5"",""E6"",""E7"",""E8"",""F1"",""F2"",""F3"",""F4"",""F5"",""F6"",""F7"",""F8"",""G1"",""G2"",""G3"",""G4"",""G5"",""G6"",""G7"",""G8"",""H1"",""H2"",""H3"",""H4"",""H5"",""H6"",""H7"",""H8""]",いつでも,2,多い,北西を除く全域にいますが、湧き場所は偏っています。マッドルーパー・強と混成ありの2匹で出ます。即湧きです。,0,"[""2匹@全体"",""入ってすぐいる、マップ内全域にいます""]

北西を除く全域にいるが、湧き場所は偏っている。マッドルーパー・強と混成ありの2匹構成。即湧き。
ver: 5.5","2026-03-14 17:52:59","2026-03-23 14:56:28"
3589,653,264,603,"[""A5"",""A6"",""A7"",""A8"",""B5"",""B6"",""B7"",""B8"",""C5"",""C6"",""C7"",""C8"",""D5"",""D6"",""D7"",""D8"",""E5"",""E6"",""E7"",""E8"",""F5"",""F6"",""F7"",""F8"",""G5"",""G6"",""G7"",""G8"",""H5"",""H6"",""H7"",""H8""]",いつでも,1〜2,多い,全体では1〜2匹で出ます。入口すぐ東の水場に3シンボル固まっているので狩りやすい。,1,"[""1-2匹@全体"",""入ってすぐいる、マップ内全域にいます""]

北西を除く全域にいるが、湧き場所に偏りがある。1～2匹構成。入口すぐ東の水場に3シンボル固まっているので狩りやすい。ばくだんい岩・強にもつく。
ver: 5.5","2026-03-14 17:52:59","2026-03-23 17:41:01"
3590,444,251,600,"[""D3"",""E3"",""F3"",""G3"",""G2"",""F2"",""E2"",""D2"",""D4"",""E4"",""F4"",""G4""]",いつでも,2〜3,多い,入り口から、北側の出口付近にかけてシンボルたくさんいます。F-3の小部屋が戦いやすい。2〜3匹で出ます。,1,"[""2-3匹@北側"",""マップの北側半分に出現""]

入り口から、北側の出口付近にかけてシンボル多数。F3の小部屋が戦いやすい。2～3匹構成。
ver: 5.0","2026-03-14 17:53:05","2026-03-23 10:08:45"
3591,482,251,600,"[""F2"",""F3"",""F4""]",いつでも,2〜3,多い,入り口から、北側の出口付近にかけてシンボルたくさんいます。F-4の小部屋が戦いやすい。2〜3匹で出ます。,1,"[""2-3匹@北側"",""マップの北側半分に出現""]

入り口から、北側の出口付近にかけてシンボル多数。F-4の小部屋が戦いやすい。2～3匹構成。
ver: 5.0","2026-03-14 17:53:05","2026-03-23 11:10:59"
3592,540,251,600,"[""D4"",""D5"",""D6""]",いつでも,2〜3,少ない,2〜3匹で出ます。,0,"[""2-3匹@中央"",""マップの中央D-5・E-5あたりにいます""]

D5～D6にかけて少数のシンボル。2～3匹構成。
ver: 5.0","2026-03-14 17:53:05","2026-03-23 14:11:42"
3593,589,251,600,"[""B7"",""B8"",""C6"",""C7"",""C8"",""D5"",""D6"",""D7"",""D8"",""F5"",""E5""]",いつでも,2〜3,普通,D5より南に広く広くいます。2〜3匹で出ます。C-8の部屋は継続して戦いやすい。,1,"[""2-3匹@南側"",""マップ中央から南側に出現します""]

D5以南に広く分布。2～3匹構成。D5～E5の部屋など、机の下にシンボルが現れて戦えなくなる場所があるので、そうなったら別の場所にいこう。C8の部屋は継続して戦いやすい。
ver: 5.0","2026-03-14 17:53:05","2026-03-23 15:32:02"
3594,610,251,600,"[""F2"",""F3"",""G2"",""G3""]",いつでも,2,普通,F2とG2の小部屋に1シンボルずつです。ほぼ即湧きで、2匹で出ます。,1,"[""2匹@北東"",""北側のF-2とG-2の広くなっているところにいる""]

F2とG2の小部屋に1シンボルずつ。ほぼ即湧きで、2匹構成。
ver: 5.0","2026-03-14 17:53:05","2026-03-23 15:59:06"
3595,646,251,600,"[""C6"",""C7"",""C8"",""D6"",""D7""]",いつでも,2〜3,普通,D5より南に広く広くいます。がっつり戦うならD6の小部屋がいいです。2〜3匹で出ます。,0,"[""2匹@南側"",""マップの南側に出現します""]

D-5以南に広く分布。がっつり戦うならE-6の小部屋がいい。2～3匹構成。
ver: 5.0","2026-03-14 17:53:05","2026-03-23 17:31:50"
3597,585,614,916,"[""E3"",""F3"",""E4"",""F4"",""C3"",""D3"",""C4"",""D4"",""C1"",""D1"",""C2"",""D2"",""E1"",""F1"",""E2"",""F2"",""C5"",""D5"",""C6"",""D6"",""E5"",""F5"",""E6"",""F6""]",いつでも,2〜3,多い,全域にいます。2〜3匹で出ます。,1,"[""2-3匹@全域"",""マップの全体的に出現します、数はすごくいる""]

全域に生息。2～3匹構成。
ver: 7.0","2026-03-14 17:54:12","2026-03-23 15:26:19"
3598,708,614,916,"[""D6"",""E4"",""B4""]",いつでも,1,少ない,南の窪地に2、東側通路に1、西側通路に2シンボルです。1匹で1分沸きです。窪地と東側通路を往復するとよき。,1,"[""1匹"",""マップの全体的に出現します、数は若干少なめ""]

南の窪地に2、東側通路に1、西側通路に2シンボル。1匹構成で1分沸き。窪地と東側通路を往復するとスムーズに狩れる。
ver: 7.0","2026-03-14 17:54:12","2026-03-24 06:39:46"
3599,300,617,919,"[""B2"",""C2"",""D2"",""E3"",""E2""]",いつでも,1〜2,少ない,E2やE4の通路を歩き回っているものは1〜2匹で出ます。左上の部屋ではアンゴラモーアとの混成2〜3匹で出ます。右上の部屋ではコサックシープとの混成2〜3匹で出ます。,1,"[""マップの北側に数匹います""]

シンボルは少ないが即湧き。 E-2やE-4の通路を歩き回っているものは1～2匹構成。 左上の部屋ではアンゴラモーアとの混成2～3匹構成。 右上の部屋ではコサックシープとの混成2～3匹構成。
ver: 7.4","2026-03-14 17:54:21","2026-03-22 17:09:44"
3600,330,617,919,"[""B3"",""B4""]",いつでも,2〜3,普通,左下の部屋に3シンボル即湧きです。2〜3匹で出て、プークプックも混ざります。,1,"[""B-3・4の部屋に3匹くらいいます""]

左下の部屋に3シンボル即湧き。2～3匹構成でプークプックが混成する。 シナリオ上の討伐対象。
ver: 7.4","2026-03-14 17:54:21","2026-03-22 18:27:33"
3601,382,617,919,"[""D4"",""C4"",""B4"",""B3"",""B2"",""C2"",""D2"",""D3"",""C3""]",いつでも,,普通,親戚が多くて、どれがコサックシープかわかりづらい。,0,"[""マップの北側に数匹います""]

同族5種類が似たような動きで動き回っている。しかし上半身が同じような体色の4種の中では下半身の色が特徴的なため、まだ区別しやすい。だが、これ狙いでここに来る必要はない。
ver: 7.0","2026-03-14 17:54:21","2026-03-23 07:28:48"
3602,438,617,919,"[""D3"",""C3""]",いつでも,2〜3,少ない,右下の部屋に1シンボル即湧きです。2〜3匹で出ます。笛吹き羊男も一緒に出ます。,1,"[""CD-3・4の部屋に1匹います""]

右下の部屋に1シンボル即湧き。2～3匹構成。同部屋の笛吹き羊男にもつく。 シンボルは少ないものの、実質的に奥地の魔幻宮殿限定モンスターだったため稼ぎやすくはなった。
ver: 7.4","2026-03-14 17:54:21","2026-03-23 09:54:29"
3603,449,617,919,"[""D3"",""C3"",""C4"",""D4""]",いつでも,2〜3,普通,右下の部屋に1シンボルでデスケルトとの混成2〜3匹で出ます。D-4、E-4の策の前にもおりこちらは1匹で出ます。,1,"[""CD-3・4の部屋に2匹います""]

右下の部屋に1シンボルでデスケルトとの混成2～3匹構成。 D-4、E-4の策の前にもおりこちらは1匹構成。
ver: 7.4","2026-03-14 17:54:21","2026-03-23 10:16:22"
3604,499,619,921,"[""E2""]",いつでも,2〜3,普通,マップ北の洞窟にいます。2〜3匹で出ます。,0,"[""2-3匹@北側"",""一番北の洞くつ内で出現します""]

マップ北の洞窟に生息。2～3匹構成。
ver: 7.4","2026-03-14 17:54:26","2026-03-23 11:39:58"
3605,524,619,921,"[""D4"",""E4"",""C6"",""D6""]",いつでも,2,多い,洞窟をのぞく全域にいます。2匹で出ます。,1,"[""2匹@全体"",""マップ内のほぼ全域で出現します""]

洞窟をのぞく全域に生息。2匹構成。
ver: 7.4","2026-03-14 17:54:26","2026-03-23 13:52:00"
3606,675,619,921,"[""D6"",""D7"",""E6"",""E7""]",いつでも,2,普通,マップ南部にいます。,1,"[""2匹@南側"",""マップの南側の半分くらいで出現します""]

マップ南部に生息。2匹構成。
ver: 7.4","2026-03-14 17:54:26","2026-03-23 18:07:07"
3607,911,619,921,"[""D4"",""E4""]",いつでも,1〜2,普通,マップ北部の洞窟外にいます。1〜2匹で出ます。,1,"[""1匹@中央"",""マップの北側半分くらいで出現します""]

マップ北部の洞窟外に生息。1～2匹構成。
ver: 7.4","2026-03-14 17:54:26","2026-03-24 11:11:06"
3627,87,15,937,"[""F5""]",いつでも,1〜3,普通,よろこびの音叉あたりの通路にいます。,0,"[""F-5・6あたりに出現します""]

よろこびの音叉付近の通路に生息。1～3匹構成で、デュランダルとも混成する。
ver: 3.0","2026-03-14 17:54:51","2026-03-23 18:34:18"
3628,338,15,937,"[""C3"",""C4"",""C5"",""D3"",""D4"",""D5"",""E3"",""E4"",""E5"",""F3"",""F4"",""F5""]",いつでも,1〜2,多い,1-2匹で出ます。音叉がある部屋あたりとそれぞれをつなぐ通路にたくさん出現します。,1,"[""1-2匹"",""音叉がある部屋周辺とそれぞれをつなぐ通路にたくさん出現します""]","2026-03-14 17:54:51","2026-03-23 08:36:32"
3629,407,15,937,"[""C7"",""C8""]",いつでも,1〜2,普通,1-2匹で出ます。C-7にいます。,0,"[""1-2匹"",""C-7・8の墓地に4匹くらいいます""]","2026-03-14 17:54:51","2026-03-23 08:54:16"
3630,426,15,937,"[""C7"",""C8""]",いつでも,1〜2,普通,1-2匹で出ます。C-7にいます。,1,"[""1-2匹"",""C-7・8の墓地に2匹ほどいます""]","2026-03-14 17:54:51","2026-03-23 09:30:40"
3631,427,15,937,"[""D1"",""C2"",""D2"",""C1""]",いつでも,1,普通,1匹で出ます。北の庭園あたりで数匹出現します。,0,"[""1匹"",""北の庭園周辺で数匹出現します""]","2026-03-14 17:54:51","2026-03-23 09:32:54"
3632,483,15,937,"[""C5"",""D5"",""C6"",""D6""]",いつでも,1〜2,普通,1-2匹で出ます。悲しみの音叉あたりの通路にいます。,0,"[""1-2匹"",""悲しみの音叉周辺の通路にいます""]","2026-03-14 17:54:51","2026-03-23 11:13:40"
3633,485,15,937,"[""C2""]",いつでも,1,2,1匹で出ます。北の庭園の方C-2あたりに2匹ほどいます。,0,"[""1匹"",""北の庭園の方C-2あたりに2匹ほどいます""]","2026-03-14 17:54:51","2026-03-23 11:16:44"
3634,520,15,937,"[""B4"",""C4"",""B3"",""C3""]",いつでも,1,普通,1匹で出ます。やすらぎの音叉のあたりの通路にいます。,0,"[""1匹"",""やすらぎの音叉の周辺の通路にいます""]","2026-03-14 17:54:51","2026-03-23 13:46:55"
3635,580,15,937,"[""B5""]",いつでも,1,2,1匹で出ます。B-5に2匹ほどいます。湧きは早め。,0,"[""1匹"",""B-5に2匹ほどいます""]","2026-03-14 17:54:51","2026-03-23 15:22:48"
3636,633,15,937,"[""D2""]",いつでも,1,普通,D-2の鐘の前で1匹で出ます。,0,"[""1匹"",""D-2の鐘の前に1匹います""]","2026-03-14 17:54:51","2026-03-23 17:13:31"
3637,636,15,937,"[""C7""]",いつでも,1,普通,1匹で出ます。C7にいます。,0,"[""1匹"",""C-7・8の墓地に1匹います""]","2026-03-14 17:54:51","2026-03-23 17:17:37"
3638,414,261,869,"[""F7"",""E7"",""D7"",""C7"",""C6"",""B6"",""B5"",""B4"",""B3"",""B2"",""C2"",""D2"",""E2"",""F2"",""G2"",""G3"",""G4"",""G5"",""G6"",""F6"",""E6"",""D6"",""D5"",""C5"",""C4"",""C3"",""D3"",""E3"",""F3"",""F4"",""F5"",""E5"",""D4"",""E4"",""B7"",""G7""]",いつでも,3〜4,多い,全体では3〜4匹で出ます。全域の通路にいます。C-4や武器庫以降のシンボルが3〜4匹でおすすめです。再湧きも早いです。魔具庫〜武器庫間は2〜3匹で出ます。,1,"[""3-4匹@全体"",""マップ全域の通路にいる、F-7の広い所に多くいる""]

C-4や武器庫以降のシンボルが3～4匹構成でおすすめ。再湧きも早い。魔具庫～武器庫間は2～3匹構成。スピリットフレイムに一匹くっついてくることも。
ver: 5.1","2026-03-14 17:54:59","2026-03-23 09:02:19"
3639,493,261,869,"[""F4"",""F5"",""F7"",""G4"",""G5""]",いつでも,2〜4,少ない,F-7あたりが戦いやすい。2〜4匹でゴースト・強が1匹一緒に出ることがあります。,0,"[""マップ東側の通路にいます。F-7の広い所に多くいる"",""混2-4匹@東""]

魔具庫以降に少数のシンボル。F-7あたりが戦いやすい。2～4匹構成でゴースト・強が1匹くっつくことがある。
ver: 5.1","2026-03-14 17:54:59","2026-03-23 11:30:40"
3643,270,575,825,"[""G4"",""E4"",""F4"",""G3"",""F3""]",いつでも,1〜3,多い,1〜3匹で出ます。,0,"[""FG-4の広い所にいる""]

E-4～G-3にかけて多数のシンボル。1～3匹構成。
ver: 5.5","2026-03-17 07:22:26","2026-03-22 14:41:58"
3644,768,124,727,"[""A7"",""E5"",""C3""]",いつでも,,多い,ずしおうまるが一緒に出ます。A7はきりかぶこぞうがたまに一緒に出ます。,1,"[""湖上の休息所の東のエリアC－3あたりにたくさんいる、A-7とE-5にもいる""]

湖上の休息所北東の強敵ゾーンにそこそこの数。ずしおうまるがくっつく。偽メルサンディ穀倉帯の手前にも少数おり、こちらにはきりかぶこぞうがたまにくっつく。デフェル荒野に行く途中にも点在。
ver: 2.1","2026-03-17 07:22:33","2026-03-22 17:53:53"
3645,768,130,732,"[""D3""]",いつでも,,多い,海岸遺跡の部分に点々といますにシンボルがいます。別の敵が一緒に出ますことはないです。,0,"[""CD-3の海岸遺跡にたくさんいる""]

海岸遺跡の部分にまばらにシンボルがいる。別の敵がくっつくことはない。
ver: 2.2","2026-03-17 07:22:33","2026-03-22 17:53:53"
3646,655,276,480,"[""F6""]",いつでも,1〜2,少ない,F-6の島にシンボル少なめです。1〜2匹で出ます。,0,"[""F-6に固まっている""]

F6の島にシンボル少数。1～2匹構成。
ver: 6.0","2026-03-17 07:22:35","2026-03-23 17:43:42"
3647,245,168,261,"[""B1"",""C1"",""D1"",""E1"",""F1"",""G1"",""H1"",""A1""]",いつでも,,普通,"通路や地下1階のB-3,D-1の小部屋にいます。",0,"[""1階北の通路と2階西の通路にいる、2階北東の通路にもいる""]

通路や地下1階のB-3,D-1の小部屋にいる。危険なダーティードールと湧き範囲を共にするためお勧めしない。
ver: 2.2","2026-03-17 07:22:37","2026-03-24 17:33:37"
3648,581,268,880,"[""D5"",""E5"",""D6"",""E6""]",いつでも,2〜3,多い,地下1階の中央にシンボルたくさんいます。2〜3匹で出ます。,1,"[""地下1階の中央あたりにたくさんいます""]

地下1階の中央にシンボル多数。2～3匹構成。
ver: 5.3","2026-03-17 07:22:41","2026-03-23 15:23:13"
3649,795,89,68,"[""B2"",""C2"",""D2"",""E2"",""E5""]",いつでも,,少ない,マップ北とE-5のトンネルにいます。シンボル数は少なめです。,0,"[""北側のトンネル内(E-2～B-2)に出現、E-5にもいる""]

マップ北とE-5のトンネルに生息。シンボル数は少なめ。
ver: 5.4","2026-03-17 07:22:45","2026-07-29 10:41:21"
3650,795,30,11,"[""D5"",""E5"",""F2"",""F3"",""F4"",""F5""]",いつでも,1〜2,少ない,獅子門からE-5辺りにかけての道沿いに点々といます。1〜2匹で出ます。どくろあらいが一緒に出ます。,0,"[""[\"1-2匹@F2-E5\",\"マップ中央部から広範囲にいる\"] \/ 1-2匹@F2-E5"",""マップ中央部から広範囲にいる""]

獅子門からE-5辺りにかけての街道沿いにまばら。1～2匹でどくろあらいがつく。
ver: 5.4","2026-03-17 07:22:45","2026-07-29 10:41:21"
3651,795,93,70,"[""F2"",""F3"",""F4"",""F5"",""F6"",""F7"",""G2"",""G3"",""G4"",""G5"",""G6"",""G7"",""H2"",""H3"",""H4"",""H5"",""H6"",""H7"",""C3"",""C5"",""C6"",""C4""]",いつでも,1,多い,1匹湧きは、マップ中央から西部にかけてかなり多めいます。モガレキャンプの東から南にかけても大量にいます。,1,"[""モガレキャンプの東から南にかけて大量にいる""]

1匹湧きだが、マップ中央から西部にかけてうじゃうじゃいる。
ver: 5.4","2026-03-17 07:22:45","2026-07-29 10:41:21"
3652,795,180,284,"[""C4"",""C5"",""D3"",""C3"",""D4"",""D5""]",いつでも,1〜2,普通,D-3あたりにいます。西側では1〜2匹で出ます。,0,"[""D-3あたりにいます"",""[\"1-2匹@西側\",\"D-3あたりにいます\"] \/ 1-2匹@西側""]

青のほこらからポルネア山への道にかけて生息するが、わざわざここで狩らなくてもモガリムでいいだろう。
ver: 2.3","2026-03-17 07:22:45","2026-07-29 10:41:21"
3654,784,97,72,"[""B5"",""C5""]",いつでも,1,普通,湧きは1分ほどですB-5とC-5の境目付近がおすすめです。,1,"[""[\"1匹\",\"マップの西側B-5あたりに3匹ほど固まっている\"] \/ 1匹"",""マップの西側B-5あたりに3匹ほど固まっている""]

西部に生息。1匹構成。解放クエのターゲットのためシンボルが大量に追加された。A6とB5の湖のほとりは固定湧き。1分→10分→1分と何度も湧き時間を変更された。今は一分ほど。あまり早く狩ると待ち時間が生じる。B5とC5の境目付近がおすすめ。
ver: 3.3","2026-03-17 07:22:53","2026-03-23 11:16:43"
3655,784,130,732,"[""G2""]",いつでも,1,3,強敵エリアの海岸遺跡に3シンボルで1分湧きです。1匹も多いです。じごくのつかいが二匹一緒に出ることがある。,0,"[""G-2の狭いエリアに固まっている""]

強敵エリアの海岸遺跡に3シンボルで一分湧き。一匹構成も多い。じごくのつかいが二匹くっつくことがある。
ver: 3.0","2026-03-17 07:22:53","2026-03-23 11:16:43"
3656,784,141,751,"[""D1""]",いつでも,3〜4,普通,3〜4匹います。,0,"[""北のD-1にいる、3～4匹いる""]

北部の滝のあたりから海風の洞くつにかけていくつかシンボルがある。
ver: 3.0","2026-03-17 07:22:53","2026-03-23 11:16:44"
3658,758,107,99,"[""F2"",""F3"",""G2"",""G3"",""F4"",""G4"",""D4"",""E4"",""E5"",""D5"",""C5"",""B5"",""B6"",""C6"",""D6""]",いつでも,1,少ない,北西以外のエリアに広い範囲でいます。少々点々といます。1匹で南部ではベホマスライムが2匹まで一緒に出ます。,1,"[""[\"1匹+供@中央&北東\",\"マップ南から東側の広範囲に出現します\"] \/ 1匹+供@中央&北東"",""マップ南から東側の広範囲に出現します""]

北西以外のエリアに広く生息。少々まばら。1匹構成で南部ではベホマスライムが2匹までつく。
ver: 5.4","2026-03-17 07:22:55","2026-03-22 16:03:19"
3659,758,585,836,"[""D2"",""E2"",""E3"",""D3""]",いつでも,2〜3,普通,洞くつ前半で出現します。2〜3匹で出ます。,0,"[""洞くつ前半で出現します""]

E3～D6にかけてシンボルがある。2～3匹構成。湧き場所がそこそこ広く、探す必要がある。
ver: 4.3","2026-03-17 07:22:55","2026-03-22 16:03:19"
3660,441,589,844,"[""B2"",""D2"",""C2""]",いつでも,3,多い,北部の高台にたくさんいます。3匹で出ます。,1,"[""マップ北側でB-2からD-2あたりの高所にたくさん出現します""]

北部の高台に多数生息。3匹構成。
ver: 6.4","2026-03-17 07:23:01","2026-03-23 10:04:10"
3661,559,562,795,"[""C3"",""D4"",""D5"",""C5"",""C4""]",いつでも,1〜2,普通,C3は2匹組で、コサックシープが2匹まで一緒に出ます。C5あたりは1〜2匹で出ます。,0,"[""D-4あたりの高い場所とC-3にも多くいる""]

D-5からC-3にかけてシンボル。北方はこいつ2匹組で、コサックシープが2匹までくっつく。南方は1～2匹構成。
ver: 4.0","2026-03-17 07:23:02","2026-03-23 15:00:02"
3662,254,127,163,"[""D2"",""D3"",""D4"",""D5"",""D6"",""D7"",""E2"",""E3"",""E4"",""E5"",""E6"",""E7""]",いつでも,2,多い,第1層の通路と第2層全域に出ます。さまようよろいとは相互に2匹まで一緒に出ます。,1,"[""第1層の通路と第2層全域に出現""]

第2層に出現する。さまようよろいとは相互に2匹までくっつく。さまようよろいとプリーストナイトにくっついてくる分、あとパンプキャビネットやエンゼルアーマーを狩る際にぶつかってしまう分だけで600匹狩れるので、わざわざこのシンボルに接触する必要性は薄い。
ver: 3.2","2026-03-17 07:23:12","2026-03-22 13:22:29"
3665,796,257,414,"[""F3"",""E3"",""D3"",""C2"",""D2"",""E2"",""C3"",""C4"",""D4"",""E4"",""F4"",""G4""]",いつでも,3〜4,多い,北部全域でどこも3〜4匹で、ドラキー・強に一緒に出ます。,0,"[""[\"3-4匹@北西＆北東\",\"ゲルヘナ幻野から入ってすぐ、北側エリア全域に出現します\"] \/ 3-4匹@北西＆北東"",""ゲルヘナ幻野から入ってすぐ、北側エリア全域に出現します""]

北部全域で見かける。どこも3～4匹構成で、D以東のドラキー・強にくっつく。
ver: 5.5","2026-03-17 07:23:16","2026-07-29 10:42:19"
3666,796,259,429,"[""C5"",""D5"",""E5""]",いつでも,2〜4,多い,"入口あたりにいます。エリアは1〜3匹でダックスビルが1匹ついてくることがあります。
C5あたりは1～3匹構成でダックスビルが1匹くっついてくるときもある。",1,"[""[\"2-4匹@南西\",\"入ってすぐBC-5にたくさんいます\"] \/ 2-4匹@南西"",""入ってすぐBC-5にたくさんいます""]

入口付近に生息。入口北は同種のみ2～4匹構成。東に向かってトンネルまでのエリアは1～3匹構成でダックスビルが1匹くっついてくる。
ver: 5.2","2026-03-17 07:23:16","2026-07-29 10:42:19"
3667,790,573,823,"[""C6"",""B6"",""C7"",""B7"",""C4"",""B4"",""B5"",""C5""]",いつでも,1〜2,多い,闘技城まわりは1〜2体・大地の風穴周りは2〜3匹・城近辺では1〜2匹で出ます。パンダをみつけろ〜,1,"[""1-2匹@城近く2-3匹@風穴近く"",""オルセコ闘技城から出てすぐ、マップの西側半分くらいに広範囲でいます""]

オルセコ闘技城周り～大地の風穴周りまでの地域にたくさんいる。オルセコ闘技城まわりは1～2体構成だが、大地の風穴周りは2～3匹構成。
ver: 4.2","2026-03-17 07:23:22","2026-03-23 15:07:34"
3668,790,262,416,"[""C6"",""D6"",""D7"",""E6"",""E7"",""C7""]",いつでも,2,少ない,間隔はかなり離れて南側にいます。2匹で出ます。,0,"[""2匹@南側"",""マップの南側C-6からE-7あたりにいる""]

南部中央にまばらに見かける。間隔はかなり離れ気味。2匹構成。
ver: 5.5","2026-03-17 07:23:22","2026-03-23 15:07:33"
3669,797,285,505,"[""E6""]",いつでも,1,2,第4層E-6に2シンボルです。1匹ずつ出て湧きには1分程。,0,"[""第4層(残光の荒野)のE-6あたりに数匹います""]

第4層E-6に2シンボル。1匹構成。再沸きには1分程かかる。
ver: 6.2","2026-03-17 07:23:37","2026-03-24 07:15:02"
3670,635,589,844,"[""D6""]",いつでも,1,普通,竜の断崖のD6の高所に固まっています。1匹ずつ出ます。,0,"[""竜の断崖(D-6の高所)に固まっています""]

南部中央の竜の断崖に3シンボル。1匹構成。湧きは90秒と長めでエモノ呼びなしだと待ちがある。
ver: 6.4","2026-03-17 07:23:40","2026-03-23 17:16:22"
3671,190,176,945,"[""D4""]",いつでも,3,普通,特になし,0,"[""第1層D-5、第2層D-4、第3層の西の通路C-5～7あたりで見かける""]

第二層～第三層にかけて、水溜りの上に出現する。3匹構成あり。
ver: 2.3","2026-03-17 07:23:46","2026-03-22 11:07:34"
3672,190,176,947,"[""C5"",""C6""]",いつでも,,普通,特になし,0,"[""第1層D-5、第2層D-4、第3層の西の通路C-5～7あたりで見かける""]","2026-03-17 07:23:46","2026-03-22 11:07:34"
3673,190,580,831,"[""B7"",""C7"",""C6"",""D6"",""D7"",""B6""]",いつでも,1〜2,普通,入ってすぐの広間と次の広間にいます。,0,"[""入ってすぐの広間と次の広間にいる""]

入り口付近から二つ目の広間にまで広く生息。こいつが1～2匹、そこにマジックフライが1～2匹、とこよアゲハが1匹くっついて、最大5匹構成になる。
ver: 4.2","2026-03-17 07:23:46","2026-03-22 11:07:34"
3674,567,586,838,"[""C5"",""B6""]",いつでも,1,2,南西エリアに2シンボルです。1匹ずつ出ます。湧き1分。,1,"[""南西のエリアのC-5に1匹いた""]

南西エリアに2シンボル。1匹構成。C5とB6の南部か。再湧きには一分ほどかかる。
ver: 4.4","2026-03-17 07:23:52","2026-03-23 15:09:54"
3675,394,562,795,"[""D3""]",いつでも,4,多い,星落ちる谷あたりのエリアD-3あたりにまとまっています。,0,"[""星落ちる谷周辺のエリアD-3あたりに固まっている""]

星落ちる谷の近くにぱらぱらとシンボルあり。グリンバングル混ざりの最大4匹構成だが、1匹しか出ないこともある。
ver: 4.0","2026-03-17 07:23:54","2026-03-23 07:45:15"
3676,1056,566,807,"[""C3"",""B3"",""B2"",""C2"",""G7"",""F7"",""F6"",""G6""]",いつでも,,普通,北側の研究棟の2階と地下1階にいます。,0,"[""北側の研究棟の2階と地下1階にいます""]","2026-03-17 07:23:56","2026-03-26 14:50:47"
3677,1056,566,804,"[""G3"",""F3"",""F2"",""G2""]",いつでも,,普通,北側の研究棟の2階と地下1階にいます。,0,"[""北側の研究棟の2階と地下1階にいます""]","2026-03-17 07:23:56","2026-03-26 14:50:48"
3678,3,584,835,"[""B1""]",いつでも,2〜3,普通,北西部の行き止まりに3シンボルです。2〜3匹で出ます。一人で狩ってちょうど涸れない程度の湧きです。,1,"[""洞くつの一番奥の細い所B-1にいます""]

北西部の行き止まりに3シンボル。2～3匹構成。一人で狩ってちょうど涸れない程度の湧き。ここまで来られるなら断然こちら。
ver: 4.4","2026-03-17 07:24:02","2026-08-03 10:29:01"
3679,206,561,794,"[""C8"",""D8"",""E8""]",いつでも,2,多い,南の海沿いにたくさんいます。,1,"[""マップ南の海沿いにたくさんいる""]

南部の海岸の波打ち際に多数のシンボル。2匹構成なのでこちらのほうが効率がいい。なお、プチアーノンにぶつかると1匹くっついてくる。
ver: 4.0","2026-03-17 07:24:10","2026-03-22 11:49:31"
3680,324,150,760,"[""C5"",""E7"",""C6"",""C7""]",いつでも,3〜4,普通,3層南部に広い範囲でいます。3〜4匹です。第3層の西の通路C5〜7とE7にいます。,1,"[""第3層の西の通路C-5～7とE-7にいます""]

3層南部に広く生息。3～4匹構成。
ver: 5.3","2026-03-17 07:24:20","2026-03-22 18:19:55"
3681,324,586,838,"[""E6"",""D6""]",いつでも,1〜3,多い,1〜3匹で出ます。ダークペルシャがお供になることがある。,0,"[""DE-6にいっぱいいる""]

３号観測小屋のまわりにシンボル多数。1～3匹構成。ダークペルシャがお供になることがあり、合計で最大3匹となる。
ver: 4.4","2026-03-17 07:24:20","2026-03-22 18:19:55"
3682,798,31,13,"[""E3"",""E4"",""E5"",""F5"",""F3"",""F4""]",いつでも,1〜3,普通,F-3〜5の断崖地帯にいます。1〜3匹で出て、しびれだんびらも混ざります。,1,"[""[\"1-3匹@中央\",\"マップ中央から東側(E-3からF-5あたり)にいる\"] \/ 1-3匹@中央"",""マップ中央から東側(E-3からF-5あたり)にいる""]

F-3～5の断崖地帯に生息。1～3匹でしびれだんびらと互いに混成する。遊び人職クエ1話で討伐対象になっているときは5匹構成に変化する。
ver: 5.4","2026-03-17 07:24:24","2026-03-21 13:25:27"
3683,798,179,282,"[""B3"",""G3"",""C3"",""B4"",""C4"",""G4"",""H4"",""H3""]",いつでも,2〜3,普通,奥の方B-3にいます。4とG-3〜4あたりにいます。北部に出ますし、2〜3匹で現れるです。分散よき。,0,"[""奥の方B-3・4とG-3・4あたりにいます""]

北部に出現し、2～3匹構成で現れる。くさった死体と混成することもある。
ver: 2.3","2026-03-17 07:24:24","2026-03-21 13:25:27"
3685,799,301,925,"[""B5"",""D5"",""E5"",""C3"",""C4"",""D4"",""D3"",""C5"",""B4"",""B3""]",いつでも,2〜3,多い,マップ西中央と北西にいて、特にB-5でよくいます。かいぞくウーパーと混成の2〜3匹で出ます。,0,"[""マップの西側に出現、特にB-5にたくさんいます""]

マップ西中央と北西に生息。北西はかいぞくウーパーのシンボルもある。かいぞくウーパーと混成の2～3匹構成。
ver: 7.4","2026-03-17 07:24:35","2026-03-24 07:17:43"
3686,396,184,582,"[""F5""]",いつでも,1,普通,下層F－5。ツイストーチも混ざります。,0,"[""下層F－5と中層F-4・5の通路にいる""]

黄色の照明のエリアに出現。下層の広間や中層の通路などにいる。下層は1匹構成、中層は1～2匹構成でツイストーチが混成する。
ver: 3.1","2026-03-17 07:24:39","2026-03-23 07:48:29"
3687,434,560,793,"[""E2"",""D2"",""C2""]",いつでも,2,少ない,北西の廃墟のドミネウス邸あたりからE-2くらいまでいます。,0,"[""北西の廃墟のドミネウス邸周辺からE-2くらいまでいます""]

ドミネウス邸前からE-3にかけてそれなりにシンボルがある。2匹構成。少し遠いので微妙。
ver: 5.5","2026-03-17 07:24:43","2026-03-23 09:45:28"
3688,174,585,836,"[""E7"",""F7""]",いつでも,1〜2,普通,洞くつの一番南の広い所にいます。1〜2匹で出ます。ここは低空を飛んでいます。,0,"[""洞くつの一番南の広い所にいます""]

E-7～F-7にかけて2シンボル。1～2匹構成。ここは低空を飛んでいる。湧きに時間がかかるので、エモノ呼びして複数狩ってないと待ち時間が発生する。
ver: 4.3","2026-03-17 07:24:45","2026-03-22 10:47:12"
3690,573,562,795,"[""B5""]",いつでも,,普通,トンネルを抜けたB-5から先にいます。,0,"[""トンネルを抜けたB-5から先にいる""]","2026-03-17 07:24:47","2026-03-26 15:07:31"
3691,573,586,838,"[""B3""]",いつでも,1〜2,普通,北西エリアの道沿いあたりに数シンボルです。1〜2匹でベルフェゴルにもついてくることがあります。,0,"[""北西のB-3・4のエリアにいます""]

北西エリアの道沿いあたりに数シンボル。1～2匹構成でベルフェゴルにもくっついてくる。
ver: 4.4","2026-03-17 07:24:47","2026-03-26 15:07:31"
3692,417,562,795,"[""H5"",""G5"",""F5"",""F3"",""G3"",""H3"",""H4"",""G4"",""F4""]",いつでも,1〜3,多い,1〜3匹でおすすめです。東端のほうだと2匹で出ます。,1,"[""東のエリア自由人の集落から黒曜の隕石孔までたくさんいる""]

自由人の集落近辺にシンボル。1～3匹構成でおすすめ。東端のほうだと2匹構成。
ver: 4.0","2026-03-17 07:24:49","2026-03-23 09:07:09"
3693,422,176,945,"[""G3""]",いつでも,1,少ない,1匹で出ます。第2層G-3に1匹にいます。第3層の西の通路C-5〜7に出ます。,0,"[""第2層G-3に1匹、第3層の西の通路C-5～7に出現""]

第二層や第三層に出現する。第三層の南東部の巣や西部の通路にいるが、数が少なくおすすめできない。
ver: 2.3","2026-03-17 07:24:51","2026-03-23 09:15:35"
3694,422,176,947,"[""C5"",""C7"",""C6""]",いつでも,1,少ない,1匹で出ます。第2層G-3に1匹にいます。第3層の西の通路C-5〜7に出ます。,0,"[""第2層G-3に1匹、第3層の西の通路C-5～7に出現""]","2026-03-17 07:24:51","2026-03-23 09:15:35"
3695,448,195,301,"[""F5"",""F4"",""E4"",""E3"",""E5"",""F3""]",いつでも,1〜2,普通,第2層から、主に火を噴出している大きい柱の壁際の部分に出ます。第4層までずっといる。,1,"[""第2層から出現する、ずっと先の第4層でも出てくる""]

第2層から、主に火を噴出している大きい柱の壁際の部分に出現する。1～2匹構成。第4層までずっといるので、混んでいるようならば上層に行こう。
ver: 3.1","2026-03-17 07:24:53","2026-03-23 10:15:27"
3696,448,195,303,"[""C4"",""B4""]",いつでも,1〜2,普通,第2層から、主に火を噴出している大きい柱の壁際の部分に出ます。第4層までずっといる。,1,"[""第2層から出現する、ずっと先の第4層でも出てくる""]","2026-03-17 07:24:53","2026-03-23 10:15:27"
3697,767,3,136,"[""E4"",""G4"",""B5"",""B4""]",いつでも,1〜2,,橋のところに2シンボルずつ固定です。西側にもいる。沸き間隔が長い。,1,"[""E-4とG-4の橋の上にも2匹ずついる、マップ西側エリアにもいるが数は少ない"",""[\"1匹@橋1-2匹@西側\",\"E-4とG-4の橋の上にも2匹ずついる、マップ西側エリアにもいるが数は少ない\"] \/ 1匹@橋1-2匹@西側""]

橋のところに2シンボルずつ固定。西側をうろついてるやつは2匹出るが、シンボルが少ない。固定湧きする3箇所の橋を往復しながら倒すのがおすすめ。沸き間隔が長く、最奥地まで倒しても入口付近の沸き待ちになってしまうので、高火力・転生狙いには向いてない
ver: 1.4","2026-03-17 07:24:55","2026-03-22 17:37:29"
3698,767,196,304,"[""C3"",""C4"",""C5"",""C6"",""D3"",""D4"",""D5"",""D6"",""E3"",""E4"",""E5"",""E6"",""F3"",""F4"",""F5"",""F6""]",いつでも,,転生,います地が比較的狭い空間なので、地形的にも多少見づらく他のモンスターのシンボルが邪魔とはいえ転生には現状では最適かもしれないです。なお、一応分散も可能です。2階の中央の大きな部屋にいます。,1,"[""2階の中央の大きな部屋にいる""]

生息地が比較的狭い空間なので、地形的にも多少見づらく他のモンスターのシンボルが邪魔とはいえ転生には現状では最適かもしれない。なお、一応分散も可能。
ver: 3.2","2026-03-17 07:24:55","2026-03-21 11:03:14"
3699,767,196,305,"[""C4"",""C5"",""D4"",""D5"",""E4"",""E5"",""D6"",""E6"",""C6"",""C3"",""D3"",""E3""]",いつでも,1〜2,,2階の広間にいます。1〜2匹で混成はなしです。E-3の通路側にも湧くことがあるらしい。,0,"[""2階の中央の大きな部屋にいる"",""[\"1-2匹@中央\",\"2階の中央の大きな部屋にいる\"] \/ 1-2匹@中央""]

2階の広間にいる。1～2匹構成で混成はなし。シンボルが密集しているわけではないが転生探しには最有力か。間違って他のモンスターにぶつかると逃げられないので注意。なお、E3の通路側に湧くことがあるので、どうも当たりづらいと感じたら確認してみよう。
ver: 3.2","2026-03-17 07:24:55","2026-03-22 17:37:29"
3701,660,267,874,"[""C3"",""D3"",""C4"",""D4"",""C5"",""D5"",""C6"",""D6"",""E5"",""F5"",""E6"",""F6"",""E3"",""F3"",""E4"",""F4""]",いつでも,2,多い,地下3階〜5階にシンボル大量です。2匹で出ます。,1,"[""地下3階・地下4階・地下5階""]

地下3階～5階にシンボル大量。2匹構成。
ver: 5.5","2026-03-17 07:24:59","2026-03-24 18:02:46"
3702,660,267,875,"[""C3"",""D3"",""C4"",""D4"",""A3"",""B3"",""A4"",""B4"",""A5"",""B5"",""A6"",""B6"",""C5"",""D5"",""C6"",""D6""]",いつでも,,普通,地下3階〜5階にシンボル大量です。2匹で出ます。,1,"[""地下3階・地下4階・地下5階""]","2026-03-17 07:24:59","2026-03-24 18:02:46"
3703,660,267,876,"[""C3"",""D3"",""C4"",""D4"",""C5"",""D5"",""C6"",""D6"",""E5"",""F5"",""E6"",""F6"",""E3"",""F3"",""E4"",""F4""]",いつでも,,普通,地下3階〜5階にシンボル大量です。2匹で出ます。,1,"[""地下3階・地下4階・地下5階""]","2026-03-17 07:24:59","2026-03-24 18:02:46"
3704,550,50,970,"[""D4"",""C4"",""C3"",""D3""]",いつでも,,普通,地下3階に数匹います。,0,"[""地下3階に数匹います""]","2026-03-17 07:25:06","2026-03-23 14:37:58"
3705,529,301,925,"[""E6"",""E7"",""F6"",""F7"",""G6"",""G7""]",いつでも,2〜4,少ない,南東〜東に点々といます。2〜4匹です。かまいたちにも一緒にでます。,0,"[""マキュリ集落を出てすぐのマップの南東エリアで広く出現、数は少なめ""]

マップ南東～東にまばら。2～4匹構成。かまいたちにも混ざる。
ver: 7.4","2026-03-17 07:25:07","2026-03-23 13:59:49"
3706,546,201,315,"[""C7"",""C6"",""D6"",""D7""]",いつでも,2〜3,普通,地底湖に結構な数のシンボルです。2〜3匹で出ます。最深部あたりではマッドルーパーがついてくることがあります。,1,"[""地底湖エリア一帯にいます""]

地底湖に結構な数のシンボル。2～3匹構成。最深部あたりではマッドルーパーがくっついてくる。こいつだけと戦うならば中央の湖面に近い部分がおすすめ。
ver: 3.2","2026-03-17 07:25:18","2026-03-23 14:22:34"
3707,499,580,831,"[""G3"",""F3"",""F4"",""G4"",""H4"",""H3"",""G2"",""F2"",""H2""]",いつでも,2〜3,多い,2〜3匹で出ます。拠点も近く、おすすめです。,1,"[""一番奥の広間(G-3・4)にいます""]

三つ目の広間から最奥部までにシンボル多数。2～3匹構成。拠点も近く、おすすめ。
ver: 4.2","2026-03-17 07:25:34","2026-03-23 11:39:58"
3708,18,101,77,"[""F5""]",いつでも,1,少ない,"地下1階F-2、地下2階B-3,E-7にいます。湧きは遅いです。",0,"[""地下1階F-5、地下2階B-3とE-7に1匹ずついます""]

地下1階F-2、地下2階B-3,E-7にいる。湧きは遅い。
ver: 5.4","2026-03-17 07:25:40","2026-03-21 12:35:26"
3710,764,140,750,"[""E2"",""D2"",""D1"",""E1""]",いつでも,1,多い,北の遺跡地帯のDE-2でよく見かけます。,1,"[""北の遺跡地帯(DE-2)にたくさんいます""]

遺跡地帯にそこそこのシンボルあり。1匹構成。だいまじんが絡んでくるので注意。
ver: 2.0","2026-03-17 07:26:08","2026-03-23 08:34:12"
3713,558,572,819,"[""F7""]",いつでも,,普通,1階F－7にいます。,0,"[""1階F－7にいる、地下1階にもいる""]","2026-03-17 07:26:14","2026-03-23 14:58:03"
3714,558,50,970,"[""C3""]",いつでも,,普通,地下3階に数匹います。,0,"[""地下3階に数匹います""]","2026-03-17 07:26:14","2026-03-23 14:58:03"
3715,648,575,825,"[""E6"",""G4"",""D6""]",いつでも,1,少ない,戦神の宮殿近くとアイスボンバーのいるあたりに1シンボルです。,0,"[""E-6とG-4に1匹ずついる""]

戦神の宮殿近くとアイスボンバーのいるあたりに1シンボル。視界が悪い上にホークブリザードがあちこちから襲って来るのでおすすめしない。
ver: 4.2","2026-03-17 07:26:23","2026-03-23 17:35:41"
3716,648,589,844,"[""G6""]",いつでも,2,2,南側F6の崖下に2シンボルです。2匹で30秒湧きです。,1,"[""G-6に2匹ほどいます""]

南側F-6の崖下に2シンボル。2匹構成で30秒湧き。
ver: 6.4","2026-03-17 07:26:23","2026-03-23 17:35:41"
3717,804,301,925,"[""B6"",""B5"",""B4"",""B3"",""C3"",""C4"",""C5"",""C6""]",いつでも,2〜3,多い,マップの西側、特にB-6でよく見かけます。ウパソルジャーと混成の2〜3匹で出ます。,1,"[""マップの西側に出現、特にB-6にたくさんいます""]

マップ南西と北西に生息。北西はウパソルジャーのシンボルもある。ウパソルジャーと混成の2～3匹構成。
ver: 7.4","2026-03-17 07:26:26","2026-03-24 07:22:12"
3718,251,168,944,"[""C5"",""D5"",""C6"",""D6"",""E5"",""F5"",""E6"",""F6"",""E3"",""F3"",""E4"",""F4"",""C3"",""D3"",""C4"",""D4""]",いつでも,,多い,特になし,0,"[""地下1階の広い所にたくさんいます""]","2026-03-17 07:26:28","2026-03-22 13:16:48"
3719,262,163,943,[],いつでも,,多い,下層全域に出現します。,0,"[""下層全域に出現します""]","2026-03-17 07:26:30","2026-03-22 14:13:38"
3720,578,284,496,"[""D6"",""E6"",""C6""]",いつでも,1〜3,普通,第2層の南部にそこそこです。即沸きです。1〜3匹で出ます。,1,"[""第2層の南側(栄光の原野)で出現します""]

第2層の南部にそこそこ。恐らく即沸き。1～3匹構成。
ver: 6.2","2026-03-17 07:26:43","2026-03-23 15:20:05"
3721,807,301,925,"[""F6"",""G6"",""F5"",""G5""]",いつでも,2〜3,多い,南東〜東にいます。2〜3匹でおおがらすが混ざります。,1,"[""マキュリ集落を出てすぐのマップの南東エリアで広く出現、数も多い""]

マップ南東～東に生息。2～3匹構成でおおがらすが混ざる。
ver: 7.4","2026-03-17 07:27:00","2026-03-24 07:24:32"
3722,793,192,293,"[""F4"",""F5"",""G4"",""G5"",""E5"",""E4"",""D4"",""D5""]",いつでも,1,多い,特になし。,0,"[""[\"1匹@東西の沿道\",\"マップのほぼ全域にポツポツいます、炎樹の丘の方はいない\"] \/ 1匹@東西の沿道"",""マップのほぼ全域にポツポツいます、炎樹の丘の方はいない""]

アペカの村～煉獄の谷までの広い範囲に少数シンボル。後期からは南東部や西部にも出現するようになった。
ver: 3.3","2026-03-17 07:27:04","2026-03-23 17:37:47"
3723,793,193,299,"[""C8""]",いつでも,1,多い,業炎の聖塔あたりC8あたりにいる。,1,"[""[\"1匹@塔付近\",\"業炎の聖塔周辺C-8あたりにいっぱいいる\"] \/ 1匹@塔付近"",""業炎の聖塔周辺C-8あたりにいっぱいいる""]

業炎の聖塔のまわりに数シンボル。一番手軽だが、クエストに来ている人もいるので注意。
ver: 3.3","2026-03-17 07:27:04","2026-03-23 17:37:47"
3724,793,262,416,"[""B6"",""B7"",""C6"",""C7"",""D6"",""D7""]",いつでも,2,2,散っているが、シンボルはまあOK。2匹で出ます。,0,"[""2匹@南西"",""マップの南西リシーの洞くつ周辺にいます""]

ザハディガル岩峰入口～リシーの洞くつにかけて生息。少々まばらだが湧きは申し分ない。2匹構成。
ver: 5.5","2026-03-17 07:27:04","2026-03-23 17:37:48"
3725,793,589,844,"[""E5"",""D5""]",いつでも,2〜3,普通,南部中央の低地にいます。2〜3匹で出ます。,1,"[""DE-5あたりの低所でまとまって出現します""]

南部中央の低地に生息。2～3匹構成。見通しが悪くたまに草むらのドラグノワールにぶつかってしまうのが難点。
ver: 6.4","2026-03-17 07:27:04","2026-03-23 17:37:48"
3726,649,589,844,"[""E5"",""D5""]",いつでも,2〜3,普通,南部中央の低地にいます。2〜3匹で出ます。,1,"[""DE-5あたりの低所でまとまって出現します""]

南部中央の低地に生息。2～3匹構成。見通しが悪くたまに草むらのドラグノワールにぶつかってしまうのが難点。
ver: 6.4","2026-03-17 07:27:06","2026-03-23 17:37:48"
3729,707,284,500,"[""E4""]",いつでも,1,1,第6層E4に1シンボルです。湧きに2分。,0,"[""第6層(ドラクロン山地)のE-4に1匹います""]

第6層E-4に1シンボル。ドラゴンライダーが邪魔な上、沸きにも2分程かかるので天涙の大水源の方がいい。1匹構成。
ver: 6.2","2026-03-17 07:27:21","2026-03-24 06:38:13"
3730,1267,565,800,"[""E3"",""F3"",""E4"",""F4""]",いつでも,,少ない,メレアーデの部屋に出現です。,0,"[""メレアーデの部屋に出現""]","2026-03-17 07:27:23","2026-03-26 14:50:05"
3731,368,560,793,"[""F2"",""G1"",""G2"",""F1""]",いつでも,1,普通,おすすめです。ティプローネ高地から来れる北東の飛び地に2シンボルです。1匹でドルイドが2匹まで一緒に出ますが、狭い範囲に即湧きで探しやすい。,1,"[""マップ右上の離れたエリア(転送装置で行く所)にいる""]

おすすめ。ティプローネ高地から来れる北東の飛び地に2シンボル。1匹構成でドルイドが2匹までくっつくが、狭い範囲に即湧きで探しやすい。
ver: 5.5","2026-03-17 07:27:32","2026-03-26 14:31:32"
3733,808,303,927,"[""E3"",""E4"",""E5"",""F3"",""F4"",""F5""]",いつでも,2〜3,多い,本島の西側を除く全域にいます。2〜3匹で出ます。,1,"[""中央の大きな島で全体的に出現します""]

本島の西側を除く全域に生息。2～3匹構成。
ver: 7.5","2026-03-17 07:27:48","2026-03-24 07:24:46"
3734,777,60,108,"[""E3"",""E4"",""F3"",""F4"",""G3"",""G4"",""H3"",""H4"",""E5"",""E6"",""F6"",""F7"",""G7"",""G6"",""H6"",""H5"",""G5"",""F5"",""E7"",""H7""]",いつでも,1〜2,多い,南西から北東にかけて点在しています。1〜2匹で出て、アモデウスも混ざります。,1,"[""[\"1-2匹\",\"川から東のエリア全域にたくさんいます\"] \/ 1-2匹"",""川から東のエリア全域にたくさんいます""]

南西から北東にかけて点在している。1～2匹構成でアモデウスが混成する。
ver: 5.4","2026-03-17 07:28:00","2026-03-23 07:08:55"
3735,777,150,212,"[""D5""]",いつでも,3〜4,少ない,特になし,1,"[""3-4匹@D5 \/ 3-4匹@西側＆北東"",""第1層D-5に少しと第2層D-4・5・6あたりの水が流れている所にいる、G-3にもいる""]","2026-03-17 07:28:00","2026-03-23 07:08:55"
3736,777,150,759,"[""D4"",""D5"",""D6""]",いつでも,3〜4,多い,特になし,0,"[""第1層D-5に少しと第2層D-4・5・6あたりの水が流れている所にいる、G-3にもいる""]

1～2層の水辺に生息。3～4匹構成と出現数は多いが、湧きが広いため枯れやすい。
ver: 5.3","2026-03-17 07:28:00","2026-03-23 07:08:56"
3737,724,53,102,"[""F5"",""F6"",""F7"",""G5"",""G6"",""G7"",""H5"",""H6"",""H7"",""E7"",""D7"",""D8"",""C8"",""C7"",""B7"",""B8""]",いつでも,1,多い,地域限定。入口〜F-3までにたくさんいます。1匹ずつ出ます。,1,"[""入るとすぐいる、マップの南から東にかけてたくさん出現します""]

地域限定モンスター。入口～F-3までに多数生息。1匹構成。
ver: 5.4","2026-03-17 07:28:02","2026-03-21 12:36:23"
3739,302,560,793,"[""E4""]",いつでも,1,1,バーサーカーが2匹までついてくることがあります。湧きはも2、3分かかる。,0,"[""E-4あたりにいるが数は極めて少ない""]

辺境警備隊詰所周辺に1シンボルしかいない。しかも1匹構成でバーサーカーが2匹までくっついてくる。まったくおすすめできない。湧きも2、3分かかるようだ。
ver: 5.5","2026-03-17 07:28:23","2026-03-22 17:15:39"
3741,422,164,249,"[""C5"",""C4"",""C3"",""C2""]",いつでも,,少ない,第四の魔狭の西側エリアに出現します。,0,"[""第四の魔狭の西側エリアに出現します""]","2026-03-17 07:41:21","2026-03-23 09:15:35"
3742,767,164,246,"[""D6""]",いつでも,1,少ない,外の橋の上にいます。１匹固定なうえ遠いので微妙です。,0,"[""[\"1匹 \\\/ 1匹@E6の橋\",\"第一と第二の魔狭の橋みたいな通路にポツポツいる\"] \/ 1匹 \/ 1匹@E6の橋"",""第一と第二の魔狭の橋みたいな通路にポツポツいる""]

外の橋の上にいる。１匹固定なうえ遠いので微妙。
ver: 2.2","2026-03-17 07:41:25","2026-03-22 17:37:29"
3744,550,164,248,"[""E3"",""F5"",""E4""]",いつでも,,少ない,第三の魔狭E-3からF-5にいます。,0,"[""第三の魔狭E-3からF-5にいるが少ない""]","2026-03-17 07:41:36","2026-03-23 14:37:58"
3745,129,202,1038,"[""G4"",""G5""]",いつでも,,普通,開花の層の上G-4にいます。,0,"[""開花の層(上)G-4にいる""]","2026-03-17 07:42:05","2026-03-23 08:37:08"
3747,558,202,1033,"[""F7""]",いつでも,2〜3,多い,苗木の層の下F-7の小部屋と若木の層の上の大部屋でよく見かけます。湧きは早く、2〜3匹で出ます。,1,"[""苗木の層(下)F-7の小部屋と若木の層(上)の大部屋にたくさんいます""]

苗木の層F-7に数シンボル。湧きは早く、2～3匹構成。若木の層の下層部ではデスマーキュリーがくっつくこともある。
ver: 3.2","2026-03-17 07:42:54","2026-03-23 14:58:03"
3749,281,561,794,"[""C2"",""C3"",""C4"",""D4"",""D5"",""D6"",""E7""]",いつでも,1〜3,多い,1〜3匹で出ます。。内を流れる川に沿ってずっといます。,0,"[""マップ内を流れる川に沿ってずっといる""]

1～3匹構成。川の部分を探していればすぐ見つかる。
ver: 4.0","2026-03-17 07:43:59","2026-03-22 15:10:17"
3750,787,100,84,"[""E4""]",いつでも,1〜2,1,1匹で出ます。,0,"[""1-2匹"",""2階C-6の線路の上に1匹、1階の南側にも1匹いる""]

動力室から戻ってくる線路の奥と、1階F-4の環状の通路にいる。後者は2匹構成。湧きは遅い。
ver: 5.4","2026-03-17 07:46:49","2026-03-23 13:10:40"
3751,787,100,83,"[""C6""]",いつでも,1,1,2階C-6の線路の上に1匹にいます。,0,"[""2階C-6の線路の上に1匹、1階の南側にも1匹いる"",""[\"1匹\",\"2階C-6の線路の上に1匹、1階の南側にも1匹いる\"] \/ 1匹""]","2026-03-17 07:46:49","2026-03-23 13:10:40"
3752,787,165,251,"[""C5"",""C7"",""B7"",""B6"",""B5"",""C6""]",いつでも,1,ちらほら,湖では1匹で出ます。,1,"[""[\"1匹@湖\",\"南のエリアの湖面にたくさんいる\"] \/ 1匹@湖"",""南のエリアの湖面にたくさんいる""]

No.321(真アラハギーロ2話)クエ対象。 南部の湖面上に分布。シンボルはまばらで1匹湧き。なぜかE-4にも1シンボルいたりする。
ver: 2.3","2026-03-17 07:46:49","2026-03-23 13:10:40"
3753,173,586,838,"[""D4""]",いつでも,1,普通,クイーンスライムと見つめ合っています。邪魔したらだめ!,0,"[""D-4の川の南側に1匹いる""]

D-4の川の南岸でクイーンスライムと見つめ合っている。リンクル地方のオマージュ。1匹構成で湧きも1分以上かかるので討伐数稼ぎには使えない。
ver: 4.4","2026-03-17 07:46:52","2026-03-22 10:43:35"
3754,173,276,480,"[""G7"",""F7"",""F8"",""G8""]",いつでも,1,1,スライム型の島にクイーンスライムの隣に1シンボルです。邪魔したらだめ!,0,"[""FG-7のスライムの形をした島にいる""]

スライム型の島にクイーンスライムの隣に1シンボル。1匹構成。沸きには1分程かかる。
ver: 6.2","2026-03-17 07:46:52","2026-03-22 10:43:35"
3755,812,303,927,"[""B7"",""F1"",""F2""]",いつでも,1,普通,北ではしびれあげはが、南ではズッキーニャ・祖が一緒に出ることがあります。,1,"[""右上の島と左下の島に出現する、中央の島にはいない""]

南北の離れ小島に生息。1匹構成で、北ではしびれあげはが、南ではズッキーニャ・祖がつくことがある。
ver: 7.5","2026-03-17 07:46:56","2026-03-24 07:28:58"
3756,617,176,945,"[""G4""]",いつでも,1,1,第1層F3か第二2の東側に1シンボル、3分で湧く。,1,"[""第2層G－4に1匹いる""]","2026-03-17 07:46:58","2026-03-23 16:59:48"
3757,691,271,894,"[""C3"",""D3"",""C4"",""D4"",""C5"",""D5"",""C6"",""D6"",""E5"",""F5"",""E6"",""F6"",""E3"",""F3"",""E4"",""F4""]",いつでも,1,1,災異の途や喪亡の路にいます。どちらも1シンボルしかいないが、湧きは30秒と早めです。,1,"[""災異の途と喪亡の路に出現します""]

災異の途や喪亡の路に生息。1匹構成もあるが、災異ではシャイニング・強、喪亡ではヘルカッチャ・強がつくこともある。どちらも1シンボルしかいないが、湧きは30秒と早め。
ver: 5.5後","2026-03-17 07:47:00","2026-03-23 18:23:34"
3758,508,586,838,"[""D4""]",いつでも,1,1,D-4の川の南岸でキングスライムと見つめ合っています。1分湧きにかかります。邪魔しないであげよう。,1,"[""D-4の川の北側に1匹いる""]

D-4の川の南岸でキングスライムと見つめ合っている。リンクル地方のオマージュ。一匹構成で湧きも1分以上かかるが、他も似たようなものなので悪くはない。
ver: 4.4","2026-03-17 07:47:02","2026-03-23 12:46:40"
3759,508,276,480,"[""G7"",""F7""]",いつでも,1,1,湧きには1分程かかります。,0,"[""FG-7のスライムの形をした島にいる""]

スライム型の島にキングスライムの隣に1シンボル。1匹構成。沸きには1分程かかる。
ver: 6.2","2026-03-17 07:47:02","2026-03-23 12:46:40"
3760,486,195,301,"[""E3"",""F5"",""F6""]",いつでも,,普通,第1層F5、第2層のE3/F5/F6などにいます。第3層でも飛んでる。,0,"[""第1層や第2層のF-5あたりの上空を飛んでいます、第3層E-3でも飛んでる""]","2026-03-17 07:47:07","2026-03-23 11:19:40"
3761,486,195,302,"[""E3"",""D3""]",いつでも,,普通,第1層F5、第2層のE3/F5/F6などにいます。第3層でも飛んでる。,0,"[""第1層や第2層のF-5あたりの上空を飛んでいます、第3層E-3でも飛んでる""]","2026-03-17 07:47:07","2026-03-23 11:19:40"
3763,486,562,795,"[""E7""]",いつでも,1〜2,普通,トンネルの先E-7のエリアの上空を飛んでいます。,0,"[""トンネルの先E-7のエリアの上空を飛んでいる""]

エテーネ王国領に続く地域にシンボル。1～2匹構成で、そこそこの数がいる。
ver: 4.0","2026-03-17 07:47:07","2026-03-23 11:19:40"
3764,271,127,164,"[""D5"",""D6"",""E4"",""E5"",""E6"",""D4""]",いつでも,,普通,第3層の通路に出現します。,0,"[""第3層の通路に出現します""]","2026-03-17 07:47:09","2026-03-22 14:44:00"
3765,538,202,1033,"[""G6""]",いつでも,1〜2,普通,苗木の層のG-6に2シンボルです。1〜2匹で湧きも30秒ほどとそこそこ早いです。,0,"[""苗木の層(下)G-6の小部屋にいる""]

苗木の層のG-6に2シンボル。1～2匹構成で湧きも30秒ほどとそこそこ早い。
ver: 3.2","2026-03-17 07:47:29","2026-03-23 14:09:45"
3766,538,586,838,"[""E4"",""E5""]",いつでも,1〜2,2,E-5の丘の上に2シンボル即湧きです。おすすめです。,1,"[""E-5の小高い丘の上に数匹とE-4の川の南側にもいる""]

E-5の丘の上に2シンボル即湧き。1～2匹構成で断然おすすめ。E-4の川の南側にも2シンボルいるが、こっちは多少歩かされる。
ver: 4.4","2026-03-17 07:47:29","2026-03-23 14:09:45"
3768,813,589,844,"[""G2"",""G3"",""G4""]",いつでも,2〜3,少ない,2〜3匹だが1匹ワニバーンが混ざることがあります。,0,"[""G-2～G-4の波打ち際に出現します""]

海岸の南北の隅に少数。2～3匹構成だが1匹ワニバーンが混ざることがある。
ver: 6.4","2026-03-17 07:47:31","2026-03-21 16:07:25"
3770,814,218,980,"[""B3"",""B4"",""B5"",""C6"",""D6"",""E6"",""E5"",""E4"",""D4"",""D3"",""C3"",""C4"",""C5"",""D5"",""E3"",""B6""]",いつでも,,普通,第1層から第3層で出現します。数はそれほど多くはないです。,1,"[""第1層から第3層で出現します、数はそれほど多くはない""]","2026-03-17 07:47:34","2026-03-24 07:30:04"
3771,816,300,924,"[""D6"",""E6"",""E5"",""D5"",""D7"",""E7""]",いつでも,2〜3,普通,地下2階南側の浅い部分にいます。2〜3匹で出ます。,0,"[""地下2階の南側エリアに出現します。""]

地下2階南側の浅い部分に生息。2～3匹構成。
ver: 7.4","2026-03-17 07:47:45","2026-03-24 07:30:58"
3772,816,301,925,"[""D4"",""D5"",""C5"",""C4""]",いつでも,3〜5,多い,マップ中央の湖周辺に大量で、3〜5匹です。,1,"[""C・D-4～5の池の周りにたくさんいます""]

マップ中央の湖周辺に大量。3～5匹構成。
ver: 7.4","2026-03-17 07:47:45","2026-03-24 07:30:58"
3773,463,572,820,"[""D2"",""D3"",""D4"",""D5""]",いつでも,1,普通,地下1階は1匹で出て、カーディナルナイトも混ざります。,0,"[""1階D－7やF－7にいる、その先の通路や地下1階の通路にもいる""]

1階のD7やE5は2匹構成、F7は1～2匹構成、地下1階は1匹構成でカーディナルナイトと互いに混成する。こいつだけなら1階でいいだろう。
ver: 4.1","2026-03-17 07:47:47","2026-07-29 10:34:34"
3774,463,572,819,"[""D7"",""E7""]",いつでも,,普通,1階のD-7やE-5は2匹、F-7は1〜2匹ででる。,1,"[""1階D－7やF－7にいる、その先の通路や地下1階の通路にもいる""]","2026-03-17 07:47:47","2026-07-29 10:34:34"
3775,463,276,480,"[""F6""]",いつでも,2〜3,多い,F-6の島にシンボルたくさんいます。2〜3匹です。おすすめ,1,"[""F-6に固まっている""]

F-6の島にシンボル多数。2～3匹構成だが遠い。
ver: 6.0","2026-03-17 07:47:47","2026-07-29 10:34:34"
3776,387,562,795,"[""D3""]",いつでも,4,多い,星落ちる谷あたりのエリアD-3あたりにまとまっています。,0,"[""星落ちる谷周辺のエリアD-3あたりに固まっている""]

星落ちる谷の近くにぱらぱらとシンボルあり。イエロバングル混じりの最大4匹構成だが、1匹しか出ないこともある。
ver: 4.0","2026-03-17 07:48:01","2026-03-23 07:37:16"
3777,677,50,972,"[""B3""]",いつでも,2,少ない,地下2階のB3に2匹ほどいます。,0,"[""地下2階のB-3に2匹ほどいます""]","2026-03-17 07:48:04","2026-03-23 18:09:55"
3778,677,589,844,"[""F6"",""F7""]",いつでも,1,2,1匹で1分湧きです。,1,"[""マップの南側F-6・7あたりに出現します""]

南側ワープ地点降りてすぐに2シンボル。1匹構成で1分湧き。
ver: 6.4","2026-03-17 07:48:04","2026-03-23 18:09:55"
3779,633,564,799,"[""D6"",""C6""]",いつでも,,普通,下層D-6にいます。外に出てすぐの場所です。ヒョウモンダークが1〜3匹一緒に出ます。,0,"[""下層D-6にいます、外に出たところです""]","2026-03-17 07:48:06","2026-03-23 17:13:31"
3780,684,276,480,"[""F5"",""F4"",""E4"",""E5""]",いつでも,1〜2,少ない,1〜2匹で出ます。,0,"[""マップの東のエリアで出現します""]

入口から裁定の清堂までの道のりにまばらに点在。1～2匹構成。天涙の大水源・東に飛ぶのが楽。
ver: 6.0","2026-03-17 07:48:13","2026-07-29 10:36:57"
3781,684,284,496,"[""E3"",""D3"",""D2"",""E2"",""D4"",""D5"",""E5"",""E4"",""D6"",""E6"",""E7"",""D7"",""C7"",""C6"",""C5""]",いつでも,1〜3,多い,第2層にそこそこいます。恐らく即沸きです。1〜3匹で出ます。,1,"[""第2層の北側と南側どっちもいる""]

第2層にそこそこ生息。恐らく即沸き。1～3匹構成。
ver: 6.2","2026-03-17 07:48:13","2026-07-29 10:36:57"
3782,533,301,925,"[""C2"",""C3"",""D2"",""D3""]",いつでも,3〜4,多い,マップ北中央にいます。3〜4匹です。,0,"[""マップの北D-2～C-3あたりでたくさんいます""]

マップ北中央に生息。3～4匹構成。
ver: 7.4","2026-03-17 07:48:21","2026-03-20 18:53:50"
3783,137,276,480,"[""C7"",""G3"",""C6""]",いつでも,2,普通,C-6北の島、C-7の島、G-3南の島で出ます。出る場所が分かりにくく、それぞれが遠い上に沸き時間に10分以上も要する模様です。恐らく1匹で出ます。,0,"[""G-2のかなり高い所にある小さな浮島に2匹ほどいます""]

飛行で行ける離れ小島のどこかにいる。C-7の島、G-3南の島、C-6北の島に出現を確認。出現場所が分かりにくく、それぞれが遠い上に沸き時間に10分以上も要する模様。恐らく1匹構成。
ver: 6.2","2026-03-17 07:48:30","2026-03-21 18:59:35"
3784,119,585,836,"[""E2"",""E3"",""D3"",""D2"",""C4"",""C5"",""D6"",""D5"",""D4"",""C6"",""C7"",""B7"",""B6"",""D7"",""E7"",""F7"",""F6"",""E6""]",いつでも,2〜3,多い,入り口から奥まで満遍なくいます。入口付近は2〜3匹で出ます。それ以外は5〜6匹です。,1,"[""洞くつ内全域に出現します""]

入り口から奥まで満遍なくいる。入口付近は2～3匹構成。それ以外は5～6匹構成。 （入り口付近にも5～6匹構成のシンボルは沸く）
ver: 6.2","2026-03-17 07:48:32","2026-03-21 18:34:17"
3785,362,176,945,"[""C4""]",昼,,普通,昼にしかいません。,0,"[""昼のみ第1層C-2で固まって飛んでいる、第2層C-4にもいる""]","2026-03-17 07:48:35","2026-03-23 06:39:29"
3786,362,562,795,"[""C6"",""D6""]",昼,2,少ない,昼だけ出ます。キィンベル北東門の湖沿いのところにシンボルがあり、2匹で出ます。,0,"[""昼のみキィンベルを出たすぐの広い所C-6にいる、数は少ない""]

昼限定。キィンベル北東門の湖沿いのところにシンボルがあり、2匹構成。 4.1までは高速で飛行し夜間にも出現していたが、4.2で修正された。
ver: 4.2","2026-03-17 07:48:35","2026-03-23 06:39:29"
3787,513,164,248,"[""E3"",""F5"",""E4"",""F4""]",いつでも,2,多い,E-3からF-5にたくさんいる。,1,"[""第三の魔狭E-3からF-5にたくさんいる""]

第三の魔峡に多数。エビルホークやサイレスと異なり、１シンボルから２匹組が出ることがある。HPが相当に高いので、MP回復の手段がないとすぐに息切れしてしまう。
ver: 3.5","2026-03-17 07:48:43","2026-03-23 13:18:48"
3789,524,276,480,"[""D6""]",いつでも,,多い,白灰のピラーの北側の高所D-6あたりでよく見かけます。,0,"[""白灰のピラーの北側の高所D-6あたりにたくさんいます""]

バラークの岩棚に生息。
ver: 7.0","2026-03-17 07:48:45","2026-03-23 13:52:00"
3790,766,128,730,"[""F7""]",いつでも,3,多い,南東のF-7の高い所に固まっています。おすすめです。,1,"[""南東のF-7の高い所に固まっています""]

リンジャハル海岸に通じる道のあたりに大量に生息する。3匹構成まであり。おすすめ。
ver: 2.3","2026-03-17 07:49:00","2026-03-22 17:35:07"
3791,766,131,736,"[""G6"",""G5"",""F7"",""G7""]",いつでも,,普通,4階の南東の通路と6階の北西にいます。,0,"[""4階の南東の通路と6階の北西にいます、5階DE-3にも少しいる""]","2026-03-17 07:49:00","2026-03-22 17:35:07"
3793,766,131,738,"[""C3"",""D3"",""C4"",""D4""]",いつでも,,普通,4階の南東の通路と6階の北西にいます。,0,"[""4階の南東の通路と6階の北西にいます、5階DE-3にも少しいる""]","2026-03-17 07:49:00","2026-03-22 17:35:07"
3794,213,176,948,"[""F4"",""F3"",""F2""]",いつでも,2〜3,少ない,そんなに多くはいないです。,0,"[""第4層で出現します、そんなに多くはいない""]

第四層の雲がかかっているフロアに出現。2～3匹構成。飛竜がいれば意外と近い。
ver: 2.3","2026-03-17 07:49:04","2026-03-22 12:01:50"
3795,774,34,19,"[""D5""]",夜,1,1,夜だけ出ます。D-5の螺旋状の坂に1シンボルのみです。1匹でおよそ3分湧きです。,0,"[""D-5のらせん状の坂道に1匹いる、たぶん夜のみ出現"",""[\"夜·1匹@D5の螺旋\",\"D-5のらせん状の坂道に1匹いる、たぶん夜のみ出現\"] \/ 夜·1匹@D5の螺旋""]

夜限定。D-5の螺旋状の坂に1シンボルのみ。1匹構成でおよそ3分湧き。
ver: 5.4","2026-03-17 07:49:15","2026-03-23 06:22:38"
3796,774,128,730,"[""E5"",""E7""]",いつでも,1,多い,なげきムーン1匹に2匹までフラワーゾンビが一緒に出ます。大体全域にいるがE5とE7に集まりやすい。おすすめ。,1,"[""ほぼ全域にいますが特にE-5とE-7あたりに集まる感じです""]

南部と中央部の並木になっているあたりによく沸く。一方のシンボルが涸れたら他方へ移動するとよい。なげきムーン1匹に2匹までフラワーゾンビがくっつく。
ver: 2.2","2026-03-17 07:49:15","2026-03-23 06:22:38"
3797,774,182,287,"[""B5"",""G6""]",夜,1〜2,多い,夜だけ1〜2匹で出ます。す。シンボルの数はかなり多いです。,0,"[""[\"夜·1-2匹@B5付近＆町付近\",\"夜のみFG-6とAB-5の砂浜にいる\"] \/ 夜·1-2匹@B5付近＆町付近"",""夜のみFG-6とAB-5の砂浜にいる""]

夜限定。1～2匹構成。ナルビアの近くとB-5付近によくいる。シンボルの数はかなり多い。
ver: 3.2","2026-03-17 07:49:15","2026-03-23 06:22:38"
3798,222,126,729,"[""D4"",""D5"",""E4"",""E5""]",いつでも,1〜3,少ない,1〜3匹で出て、ドラゴンキッズも混ざります。ここが複数で会える唯一の場所。,0,"[""メルサンディ村を出た中央エリアに広範囲でいる、数が少なく見つけにくい""]

メルサンディ村前にいるがシンボルは少ない。1～3匹構成でドラゴンキッズが混成する。唯一複数エンカウントできる地域。
ver: 2.0","2026-03-17 07:49:25","2026-03-22 12:21:17"
3799,222,585,836,"[""F7"",""F6"",""E6"",""E7""]",いつでも,1,普通,洞くつ後半で出現します。1匹ずつ出ます。,0,"[""洞くつ後半で出現します""]

D-6～B-7にかけてシンボル。1匹構成。ここよりはもっといい場所がある。
ver: 4.3","2026-03-17 07:49:25","2026-03-22 12:21:17"
3800,761,131,734,"[""F6""]",いつでも,2,少ない,特になし,0,"[""2階のF-6に2匹ほどいる""]

2階の服置き場みたいなところにいる。
ver: 2.0","2026-03-17 07:49:30","2026-03-22 15:06:27"
3801,761,162,240,"[""F6""]",いつでも,2,少ない,2階F-6に2匹ほどいます。1匹で出ます。,0,"[""2階F-6に2匹ほどいます"",""[\"1匹\",\"2階F-6に2匹ほどいます\"] \/ 1匹""]","2026-03-17 07:49:30","2026-03-22 15:06:26"
3802,824,122,997,"[""C3"",""D3"",""C4"",""D4"",""C5"",""D5"",""C6"",""D6"",""E5"",""F5"",""E6"",""F6"",""E3"",""F3"",""E4"",""F4""]",いつでも,1,普通,6階に1シンボル30秒沸きです。,1,"[""6階に出現します""]

6階に1シンボル30秒沸き。1匹構成。
ver: 7.6前","2026-03-17 07:49:36","2026-03-24 07:37:33"
3803,535,575,825,"[""E4"",""C4"",""D4""]",いつでも,1〜2,少ない,C-4〜F-4にかけての細道に1シンボルです。1〜2匹で湧きも微妙なのでおすすめしないです。,0,"[""E-4に1匹います""]

C-4～F-4にかけての細道に1シンボル。1～2匹構成で湧きも微妙なのでおすすめしない。
ver: 4.2","2026-03-17 07:49:41","2026-03-26 14:35:25"
3804,382,134,580,"[""A5"",""A6"",""B6"",""B5""]",いつでも,2〜3,3,遺跡内部南西の一角に3シンボルです。2〜3匹で出ます。ソーラリア遠い。湧きも少し遅いです。,0,"[""遺跡内部のA-5あたりに固まっている""]

遺跡内部南西の一角に3シンボル。2～3匹構成。ソーラリア峡谷を通らなければならないのもあって非常に遠く、おまけに湧きは少し遅い。わざわざここまでくる必要はない。
ver: 3.1","2026-03-17 07:49:44","2026-03-23 07:28:48"
3805,382,562,795,"[""D3"",""C3"",""C2"",""D2""]",いつでも,2,多い,2匹で出ます。周辺のアバランチャーにも2匹までついてくることがあります。D-3のほうは4匹まで出ることもです。,0,"[""星落ちる谷方面のD-3にたくさんいる""]

C3～D3にかけてシンボルがある。2匹構成。周辺のアバランチャーにも2匹までくっついてくる。D3のほうは4匹構成まで出ることも。
ver: 4.0","2026-03-17 07:49:44","2026-03-23 07:28:48"
3807,360,564,798,"[""E4""]",いつでも,1〜3,普通,1体にヒョウモンダークが1〜3匹一緒に出ます。上層部は2匹登場することもあり、ヒョウモンダークと合わせて5匹になることもです。,1,"[""下層C-4・5と上層E-4など狭い通路にいます""]

下層の間欠泉から吹き飛んだ先に数シンボル。こいつ1体にヒョウモンダークが1～3匹くっつく。上層部は2匹登場することもあり、ヒョウモンダークと合わせて5匹構成になることも。
ver: 4.0","2026-03-17 07:50:11","2026-03-23 06:34:58"
3808,360,564,799,"[""C4""]",いつでも,,普通,下層C-4にいます。,1,"[""下層C-4・5と上層E-4など狭い通路にいます""]","2026-03-17 07:50:11","2026-03-23 06:34:58"
3809,525,276,480,"[""F4"",""F5"",""G5"",""G4""]",いつでも,2〜3,多い,東に飛んですぐが2〜3匹で稼ぎやすい。,1,"[""マップの東のエリアにたくさんいます""]

入口から裁定の清堂までの道のりに多数生息。島によって数が違うが、天涙の大水源・東に飛んですぐが2～3匹構成で稼ぎやすい。狭い通路で追いかけてくるので邪魔。
ver: 6.0","2026-03-17 07:50:13","2026-03-23 13:53:00"
3810,525,301,925,"[""D2"",""D3"",""H5""]",いつでも,,多い,マップ北中央にいます。2〜3匹で出ます。東の洞くつにもおり、こちらは1〜2匹で出ます,0,"[""マップの北D-2～C-3あたりで多数出現、あとH-5の洞くつ内にもいます""]","2026-03-17 07:50:13","2026-03-23 13:53:00"
3811,455,134,580,"[""B3"",""C3""]",いつでも,1〜3,普通,"遺跡内部のB,C-3あたりにいます。1〜3匹で出ます。",0,"[""遺跡内部の西のエリアB-3・4あたりに出現しの巣""]

遺跡内部のB,C-3あたりにいる。1～3匹構成。
ver: 2.2","2026-03-17 07:50:23","2026-03-23 10:35:46"
3812,1289,120,988,"[""E2"",""D2""]",いつでも,2,少ない,地下4階のDE-2に2匹います。,0,"[""地下4階のDE-2に2匹います""]","2026-03-17 07:50:25","2026-03-24 07:39:47"
3813,431,176,945,"[""F4"",""G4""]",いつでも,1〜2,普通,1-2匹で出ます。第2層の東側の通路にいます。第3層EF-4にいます。,0,"[""第2層の東側の通路、第3層EF-4""]

第二層の東側や、第三層の中層と行き来するあたりに出現。1～2匹構成。飛竜だと降り立ってすぐの場所にもなるが、ロヴォスのほうが楽。
ver: 2.3","2026-03-17 07:50:32","2026-03-23 09:42:26"
3814,431,176,947,"[""F4"",""E4""]",いつでも,,普通,第2層の東側の通路にいます。第3層EF-4にいます。,0,"[""第2層の東側の通路、第3層EF-4""]","2026-03-17 07:50:32","2026-03-23 09:42:26"
3815,725,80,545,"[""G5"",""F5""]",いつでも,1,普通,参道入り口に2シンボルです。1分湧きです。1匹ずつ出ます。タタリ御前が一緒に出ます。,1,"[""参道のFG-5に少しいます""]

参道入り口に2シンボル。1分湧き。1匹構成でタタリ御前がつく。
ver: 5.4","2026-03-17 07:50:34","2026-03-21 13:17:06"
3816,235,118,1008,"[""E4"",""D4"",""D3"",""E3""]",いつでも,1,普通,。。。,0,"[""上層DE-4の真ん中に1匹と大祭壇の間の直前に1匹います""]","2026-03-17 07:50:41","2026-03-23 08:45:15"
3817,279,127,163,"[""D3"",""D4"",""D5"",""D6"",""E3"",""E4"",""E5"",""E6"",""C6"",""C5"",""C4"",""C3"",""F6"",""F5"",""F4"",""F3""]",いつでも,,多い,第1層の通路と第2層全域に出ます。第2層がおすすめ。,1,"[""第1層の通路と第2層全域に出現""]","2026-03-17 07:50:52","2026-03-22 14:50:54"
3818,659,268,880,"[""E5""]",いつでも,1〜3,多い,地下1階東の部屋に数シンボルで1〜3匹で出ます。まおうのかげがお供に一緒に出ることがある、,1,"[""東側の地下1階のすこし広い部屋(E-5)にたくさんいる""]

地下1階東の部屋に数シンボルで1～3匹構成。まおうのかげがお供にくっつくことがある。
ver: 5.3","2026-03-17 07:50:55","2026-03-23 17:56:47"
3819,233,586,838,"[""B3"",""B4"",""C4"",""C3""]",いつでも,1〜3,多い,1〜3匹で出ます。マッシュスライムが一緒に出ることがあります。,0,"[""北西のB-3・4のエリアにいます""]

北西エリアに多数シンボル。1～3匹構成。マッシュスライムがくっつくことがある。
ver: 4.4","2026-03-17 07:51:03","2026-03-22 12:42:43"
3820,428,134,580,"[""B2"",""B3"",""C3"",""D3"",""E3"",""F3"",""F2"",""E2"",""D2"",""C2"",""B4"",""C4"",""D4"",""E4"",""F4"",""F5"",""E5"",""D5"",""C5"",""B5"",""B6"",""C6"",""D6"",""E6"",""F6"",""G6"",""G5"",""G4"",""G3"",""G2""]",いつでも,1〜2,多い,遺跡内部のほぼ全域に出現します。遺跡内部全域に広くいます。,0,"[""遺跡内部のほぼ全域に出現します""]

遺跡内部全域に分布。行くまでが面倒だが多数いる。１－２匹で他のモンスターが混ざらない。奥の方（サイコマスターのいるあたり）は３匹出ることもある。
ver: 3.0","2026-03-17 07:51:26","2026-03-23 09:34:32"
3821,688,301,925,"[""C3"",""F3""]",いつでも,1〜2,3,北西C3の高台に3シンボル、北東は1匹で出ます。いずれも20秒ほどで湧きます。,1,"[""機巧研究所近くのマップの北東エリアで出現、3匹くらいいる、C-4あたりにも3匹くらいいる""]

マップ北西C-3の高台に3シンボル。1～2匹構成で他モンスターもおらずオススメ。 北東にもおり、こちらは1匹構成。いずれも20秒ほどで湧く。
ver: 7.4","2026-03-17 07:51:29","2026-06-26 23:50:40"
3822,192,586,838,"[""B3"",""C3""]",いつでも,1,普通,北西エリアの壁際です。1匹ずつ出ます。,0,"[""B-3の2号観測小屋の近くにいます""]

北西エリアの壁際。1匹構成。
ver: 4.4","2026-03-17 07:51:31","2026-03-22 11:10:32"
3823,831,128,730,"[""D3""]",夜,3,普通,北の方D-3あたりにいます。,0,"[""北の方D-3あたりにいます""]

夜宴館前にいる。キラートーチと混成し、3匹構成まである。
ver: 2.0","2026-03-17 07:51:33","2026-03-22 12:13:21"
3824,606,50,974,"[""C4""]",いつでも,,普通,地下1階と地下2階のトンネル部分に出現します。,0,"[""地下1階と地下2階のトンネル部分に出現します""]","2026-03-17 07:51:35","2026-03-23 15:55:20"
3825,606,50,972,"[""B3""]",いつでも,,普通,地下1階と地下2階のトンネル部分に出現します。,0,"[""地下1階と地下2階のトンネル部分に出現します""]","2026-03-17 07:51:35","2026-03-23 15:55:20"
3826,175,109,95,"[""D4"",""G8""]",いつでも,,普通,特になし,0,"[""第1層G-8、第2層D-4、第3層F-1にいます、ルーラできる所です""]","2026-03-17 07:51:37","2026-03-23 08:46:57"
3827,175,109,96,"[""F1"",""G8""]",いつでも,,普通,特になし,0,"[""第1層G-8、第2層D-4、第3層F-1にいます、ルーラできる所です""]","2026-03-17 07:51:37","2026-03-23 08:46:57"
3828,175,560,793,"[""E8"",""F8"",""G8""]",いつでも,1〜2,多い,シンボルはD-6が一番多いです。,0,"[""マップの南東側の湖周辺にいます。""]

南西の湿地帯に生息。D-6では2匹構成、C-8では1～2匹構成にとこよアゲハが2匹までくっつき、レーテの湖では2匹構成にとこよアゲハが2匹までくっつく。シンボルはD-6が一番多い。
ver: 5.5","2026-03-17 07:51:37","2026-03-23 08:46:57"
3829,352,127,164,"[""D6"",""E6"",""C4"",""C5"",""F5"",""F4""]",いつでも,,普通,第3層の通路に出現します。,0,"[""第3層の通路に出現します""]","2026-03-17 07:51:39","2026-03-23 06:25:06"
3830,783,41,32,"[""E7"",""B7""]",いつでも,1,1,バドリアル石室の前に1シンボルです。1匹で2〜3分湧きです。,0,"[""[\"1匹@石室前\",\"バドリアル石室の前とE-7あたりにも数匹いる\"] \/ 1匹@石室前"",""バドリアル石室の前とE-7あたりにも数匹いる""]

バドリアル石室の前に1シンボル。D-5北部やE-7北西にもいることがある。1匹構成で2～3分湧き。
ver: 5.4","2026-03-17 07:51:41","2026-03-23 14:37:58"
3831,783,129,731,"[""B3"",""D2""]",いつでも,,普通,西部や北部の洞窟の狭いところで道をふさいでいます。,0,"[""マップ北側にあるトンネル内に出現します、B-3やD-2など""]

西部や北部の洞窟の狭いところで道をふさいでいる。どちらも北と南合わせて6シンボルほど存在している。西部か北部の片方で集中して狩ると枯れるのでおすすめできない。
ver: 2.0","2026-03-17 07:51:41","2026-03-23 14:37:58"
3832,783,136,745,"[""B4"",""D5"",""F6"",""G6"",""A4""]",夜,,多い,ダーティラビッツのお供で出ることもあります。砂漠地方の個体は夜はでない。,1,"[""砂漠エリアの南部や中央のD-5あたりとAB-4の高い所にもいる、昼のみ東の砂漠エリアにも出現する""]

生息地はばらけているが、シンボルは多い。ダーティラビッツのお供で出ることも。砂漠地帯のものは夜になるとナイトキャットと入れ替わるように居なくなるので注意。また、こちらはミイラ男がくっついてくる。
ver: 2.0","2026-03-17 07:51:41","2026-03-23 14:37:58"
3833,783,164,248,"[""E3"",""F5"",""E4""]",いつでも,,少ない,第三の魔狭E-3からF-5にいます。,0,"[""第三の魔狭E-3からF-5にいるが少ない""]","2026-03-17 07:51:41","2026-03-23 14:37:58"
3834,783,574,824,"[""E3"",""F2"",""F3"",""G2"",""G3"",""F4"",""E4""]",いつでも,2〜3,普通,E-4の高台から鬼岩城前にかけてシンボルです。シンボルのほうは2〜3匹のほか、れんごくの番兵に2匹まで一緒に出ます。,0,"[""2-3匹@北東"",""鬼岩城から続く小高い丘(E-3・4)にぐるっといます""]

E-4の高台から鬼岩城前にかけてシンボル。シンボルのほうは2～3匹構成のほか、れんごくの番兵に2匹までくっつく。
ver: 4.2","2026-03-17 07:51:41","2026-03-23 14:37:58"
3835,783,50,970,"[""D4"",""C4"",""C3"",""D3""]",いつでも,,普通,地下3階に数匹います。,0,"[""地下3階に数匹います""]","2026-03-17 07:51:41","2026-03-23 14:37:58"
3836,388,118,1008,[],いつでも,1,普通,。。。。,0,"[""最上層の3か所の炎の前で1匹ずついます""]","2026-03-17 07:51:47","2026-03-23 07:39:30"
3837,357,131,737,"[""E5"",""D5"",""D4"",""E4""]",いつでも,1〜2,多い,5階にシンボルかなり多めです。1〜2匹で出ます。,0,"[""5階にいっぱいいる""]

5階にシンボルうじゃうじゃ。1～2匹構成。6階のやみしばりに1匹くっついてくることもある。
ver: 2.0","2026-03-17 07:51:49","2026-03-23 06:29:47"
3838,832,621,928,"[""E4"",""H5""]",いつでも,2,普通,G5、D4の通路にいます。2匹で出ます。,0,"[""GH-5に数匹いる、E-4あたりにも数匹いる""]

G-5、D-4の通路に生息。2匹構成。
ver: 7.5","2026-03-17 07:51:54","2026-03-24 07:42:28"
3839,334,586,838,"[""F5""]",夜,1,1,夜だけ出ます。1匹で再湧きに1分ほどかかります。,0,"[""夜にF-5あたりの道を走っている""]

夜限定。風車の丘のオマージュ。3号観測小屋の北側の道を爆走している。1匹構成で再湧きに1分ほどかかる。
ver: 4.4","2026-03-17 07:51:56","2026-03-22 18:35:38"
3840,470,202,1033,"[""B3""]",いつでも,3,普通,湧きはそこそこ早く、3匹までありソードマカブルも二匹までついてくることがあります。,0,"[""苗木の層(下)B-3の小部屋にいる""]

苗木の層のB-3に3シンボル。湧きはそこそこ早く、3匹構成までありソードマカブルも二匹までついてくる。C-2のソードマカブルにもくっついてくる。
ver: 3.2","2026-03-17 07:52:01","2026-03-23 10:57:45"
3841,470,586,838,"[""E7""]",いつでも,,普通,E-7にいます。,0,"[""E-7にいます""]","2026-03-17 07:52:01","2026-03-23 10:57:45"
3842,755,123,726,"[""A3"",""A4"",""A5"",""A6"",""B3"",""B4"",""B5"",""B6"",""C3"",""C4"",""C5"",""C6"",""D3"",""D4"",""D5"",""D6"",""E3"",""E4"",""F3"",""F4"",""G3"",""G4"",""H3"",""H4""]",いつでも,1〜2,多い,"地域限定。洞窟以外の全域にいる。
中央の難破船のE4,F4-に多く、1〜2匹で出ます。南西側は1匹湧きです。海岸にはほとんどいない。",1,"[""マップのほぼ全域(トンネル以外)で飛んでいます""]

地域限定モンスター。洞窟以外の全域にいるっぽい。中央の難破船(E,F-4)の南にとくに多く、1～2匹構成。南西側は1匹湧き。海岸にはほとんどいない。
ver: 2.1","2026-03-17 07:52:03","2026-03-22 12:37:40"
3843,833,303,927,"[""C3"",""C4"",""C5"",""D3"",""D4"",""D5"",""F1"",""F2""]",いつでも,2〜3,多い,本島の東側を除く全域と、北の小島(キングスライム・祖も一緒に出ます)。2〜3匹で出ます。,1,"[""中央の大きな島で全体的に出現、右上の島にもたくさんいます""]

本島の東側を除く全域と、北の小島に生息。2～3匹構成。 北の小島ではキングスライム・祖にもつく。
ver: 7.5","2026-03-17 07:52:11","2026-03-24 07:43:12"
3844,482,267,873,"[""G6"",""F6"",""F5"",""G5"",""G7"",""F7""]",いつでも,,普通,地下2階にシンボルです。2〜3匹で出て、ばくだん岩・強も混ざります。,0,"[""地下2階にいる""]","2026-03-17 07:52:17","2026-03-23 11:10:59"
3845,383,164,249,"[""D5"",""C5"",""C4"",""C3"",""C2"",""D2"",""D3"",""D4""]",いつでも,1〜2,多い,第四の魔峡の西側でよく見かけます。1〜2匹で出ます。,0,"[""第四の魔狭の西側エリアにたくさんいます""]

第四の魔峡の西側に多数。1～2匹構成。シンボルは悪しき水の洞くつに劣り、出現数は海風の洞くつに劣る程度。
ver: 2.2","2026-03-17 07:52:21","2026-03-23 07:32:55"
3846,383,150,759,"[""G5""]",いつでも,,多い,1層C-3や2層G-5のトンネルにいます。3〜4匹です。,0,"[""第1層C-3と第2層G-5の水が溜まっている所に固まっている""]","2026-03-17 07:52:21","2026-03-23 07:32:56"
3847,383,562,795,"[""D4"",""E4"",""D7"",""D6"",""H2""]",いつでも,2〜3,普通,3箇所あるトンネルにそれぞれ存在です。自由人の集落へ続くトンネルは2〜3匹で、ほかは1〜2匹で出ます。,0,"[""マップ中のいくつかあるトンネル内に必ずいます""]

3箇所あるトンネルにそれぞれ存在。自由人の集落へ続くトンネルは2～3匹構成で、ほかは1～2匹構成。
ver: 4.0","2026-03-17 07:52:21","2026-03-23 07:32:56"
3848,504,569,815,"[""D7"",""F4"",""G3""]",昼,1〜2,少ない,昼だけ出ます。1〜2匹で出ます。湧き1分。,1,"[""昼ににF-4、G-3、D-7に1匹ずついる""]

昼限定 1～2匹構成。なげきムーンと入れ替わりで、D-6、D-3、F-4の石畳の上にシンボルがある。1分くらい待たないといけないので、エモノ呼び推奨。
ver: 4.1","2026-03-17 07:52:23","2026-03-23 12:13:16"
3849,686,271,894,"[""D4"",""E4""]",いつでも,1〜2,普通,災異では1〜2匹の単体です。,1,"[""災異の途と寂減の道に出現します""]

災異の途や寂滅の道に生息。災異では1～2匹の単構成。寂滅東部では2匹でガルバ・強がつき、寂滅西部ではガルゴルと互いに混成する。
ver: 5.5後","2026-03-17 07:52:26","2026-03-23 18:18:31"
3850,782,206,327,"[""D4"",""D5"",""E4"",""E5""]",いつでも,2,多い,6階の中央に固まっています。,1,"[""6階の中央に固まっています"",""[\"2匹@中央\",\"6階の中央に固まっています\"] \/ 2匹@中央""]

6階に多数のシンボルで、2匹構成。うごくせきぞうにくっつくこともある。シンボルも密集している。
ver: 3.3","2026-03-17 07:52:30","2026-03-23 11:22:01"
3852,531,268,881,"[""E8""]",いつでも,2〜3,2,地下2階のD-8に2シンボルです。2〜3匹で出ます。20秒くらいでシンボルが湧きます。,0,"[""地下2階のE-8の部屋にいる""]

地下2階のD-8に2シンボル。2～3匹構成。20秒くらいでシンボルが湧く。
ver: 5.3","2026-03-17 07:52:34","2026-03-23 14:03:02"
3853,778,54,104,"[""D4"",""D5"",""E3"",""E4"",""E5""]",いつでも,1〜2,少ない,中央の2部屋に点々といます。1〜2匹で出ます。ダークナイトが一緒に出ます。ここのみ!,1,"[""DE-3・4の2箇所の広い所で出現します、数はそこそこいる"",""[\"1-2匹@中央\",\"DE-3・4の2箇所の広い所で出現します、数はそこそこいる\"] \/ 1-2匹@中央""]

ここしかまともに狩れない。中央の2部屋にまばら。1～2匹構成でダークナイトがつく。2PTの場合は部屋を移動しない方が効率がいい。
ver: 5.4","2026-03-17 07:52:36","2026-03-22 18:35:38"
3856,585,300,923,"[""F5"",""E5"",""D5"",""C5"",""C4"",""D4"",""E4"",""F4""]",いつでも,2〜3,多い,地下1階全域にいます。2〜3匹で出ます。,0,"[""地下1階の全域で出現します。""]

地下1階全域に生息。2～3匹構成。
ver: 7.4","2026-03-17 07:52:40","2026-03-23 15:26:19"
3857,632,276,480,[],いつでも,3〜4,多い,3〜4匹で出ます。水望橋あたりから北側一帯に広く出現します。,1,"[""水望橋周辺から北側一帯に広く出現します""]

水望橋～北東部まで広く生息。3～4匹構成。一度に出る数が多い割にタフで攻撃力も高いので注意。
ver: 6.0","2026-03-17 07:52:42","2026-03-23 17:12:21"
3858,632,301,925,"[""E4"",""F4""]",いつでも,2〜3,普通,世界球根の左右にいます。2〜3匹で出ます。高低差があり見つけにくい。,0,"[""世界球根の周辺の高台に出現します""]

世界球根の左右に生息。2～3匹構成。高低差があり見つけにくい。
ver: 7.4","2026-03-17 07:52:42","2026-03-23 17:12:21"
3859,760,127,162,"[""C2"",""C3"",""D2"",""D3"",""E1"",""E2"",""E3""]",いつでも,1〜2,多い,第1層の通路と第2層全域に出ます。,1,"[""[\"1-2匹@通路 \\\/ 混1-3匹@全体\",\"第1層の通路と第2層全域に出現\"] \/ 1-2匹@通路 \/ 混1-3匹@全体"",""第1層の通路と第2層全域に出現""]

地域限定モンスター。一層の水路部分以外の場所や、二層にうじゃうじゃ。一層では1～2匹構成。二層では最大1～3匹であやしいかげが混成する。ヘルゴーストに混成し、あやしいかげに1～2匹くっつく。
ver: 2.0","2026-03-17 07:52:44","2026-03-22 14:50:54"
3860,760,127,163,"[""D3"",""D4"",""D5"",""D6"",""E3"",""E4"",""E5"",""E6"",""C6"",""C5"",""C4"",""C3"",""F6"",""F5"",""F4"",""F3""]",いつでも,,多い,第1層の通路と第2層全域に出ます。第2層がおすすめ。,1,"[""第1層の通路と第2層全域に出現""]","2026-03-17 07:52:44","2026-03-22 14:50:54"
3861,781,276,480,"[""E3"",""F3"",""D3""]",いつでも,3〜4,普通,水望橋〜北東部あたりまで広い範囲にいます。3〜4匹です。,0,"[""水望橋周辺から北側一帯に広く出現します""]

水望橋～北東部まで広く生息。3～4匹構成。
ver: 6.0","2026-03-17 07:52:51","2026-03-23 11:37:03"
3862,835,301,925,"[""C6"",""B6""]",いつでも,1〜2,普通,南西の高台にいます。1〜2匹で出ます。つおい,1,"[""南西のエリアB・C-6あたりに結構います""]

南西の高台に生息。1～2匹構成。
ver: 7.4","2026-03-17 07:52:53","2026-03-24 07:46:58"
3863,497,276,480,"[""E3"",""F3"",""D3""]",いつでも,3〜4,普通,水望橋〜北東部あたりまで広い範囲にいます。3〜4匹です。,0,"[""水望橋周辺から北側一帯に広く出現します""]

水望橋～北東部まで広く生息。3～4匹構成。
ver: 6.0","2026-03-17 07:52:55","2026-03-23 11:37:03"
3864,280,131,734,"[""F6""]",いつでも,2,少ない,特になし,0,"[""2階のF-6に2匹ほどいる""]

2階の服置き場みたいなところにいる。
ver: 2.0","2026-03-17 07:53:05","2026-03-22 15:06:27"
3866,780,586,838,"[""E7""]",いつでも,,普通,E-7にいます。,0,"[""E-7にいます""]","2026-03-17 07:53:09","2026-03-23 10:57:45"
3867,780,252,413,"[""C2"",""C3"",""D3"",""D2""]",いつでも,2〜5,多い,D-4のギガンテス・強に混成することがあります。,0,"[""[\"2-5匹@北西\",\"大審門を出てすぐにたくさんいます\"] \/ 2-5匹@北西"",""大審門を出てすぐにたくさんいます""]

大審門付近にまばら。2～5匹構成。また、D-4のギガンテス・強に混成することがある。破魔石と魔因細胞が同時に狩れるため、ときおり先客がいることがある。
ver: 5.5","2026-03-17 07:53:09","2026-03-23 10:57:45"
3868,136,586,838,"[""E2"",""D2"",""D3"",""E3""]",いつでも,1〜3,普通,北側のDE-2にいます。北部のE-2に複数シンボルです。再湧きには少しだけ時間がかかる模様です。,0,"[""北側のDE-2にいます""]

北部のE-2に複数シンボル。1～3匹構成でヘルボックルが2匹までくっつき、合計で2～3匹となるようだ。再湧きには少しだけ時間がかかる模様。
ver: 4.4","2026-03-17 07:53:11","2026-03-21 18:57:00"
3869,577,270,884,"[""C3"",""D3"",""C4"",""D4"",""C5"",""D5"",""C6"",""D6"",""E5"",""F5"",""E6"",""F6"",""E3"",""F3"",""E4"",""F4""]",いつでも,,少ない,美術館にシンボルです。シンボル少なめです,1,"[""美術館にいます""]

美術館にシンボル。シンボル少なめ。
ver: 5.1","2026-03-17 07:53:20","2026-03-23 15:17:54"
3870,451,586,838,"[""F4"",""F5""]",いつでも,1〜4,多い,F-4〜5あたりにいます。F-4以東でハピの花畑に通じる道より北の場所にシンボルたくさんいます。,0,"[""F-4・5あたりにいます""]

F-4以東でハピの花畑に通じる道以北の場所にシンボル多数。大体柵の向こう側と考えればいい。こいつ自体は1～4匹、メッサーラがくっついて合計で最大2～4匹となる。1匹であることは稀で、だいたい2匹はいる。
ver: 4.4","2026-03-17 07:53:25","2026-03-23 10:30:20"
3871,838,586,838,"[""F6""]",いつでも,2〜4,多い,おすすめ,1,"[""F-6あたりにいっぱいいます""]

１号観測小屋の北の細道を抜けた先にシンボル多数。2～4匹構成で討伐数を増やしやすい。ずっと同じところで狩るとシンボルが偏るので、適度に移動を。
ver: 4.4","2026-03-17 07:53:27","2026-03-23 13:56:28"
3872,701,50,972,"[""D4"",""D5"",""D6"",""E4"",""E5"",""E6""]",いつでも,1,普通,地下2階の通路で少し広くなっている所に1匹ずついます。,0,"[""地下2階の通路で少し広くなっている所に1匹ずついます""]","2026-03-17 07:53:34","2026-03-24 06:22:36"
3873,701,285,503,"[""C4"",""D4"",""D3"",""C3""]",いつでも,1,普通,第2層CD-34と第4層F-5に2シンボルずついます。湧きは1分。,0,"[""第2層のE-4と第4層のF-4の高台に数匹ずついます""]

第2層CD-34と第4層F-5に2シンボルずつ生息。1匹構成。沸きに1分程かかる。
ver: 6.2","2026-03-17 07:53:34","2026-03-24 06:22:37"
3874,701,285,505,"[""E4"",""F4""]",いつでも,,普通,第2層のE-4と第4層のF-4の高台に数匹ずついます。,0,"[""第2層のE-4と第4層のF-4の高台に数匹ずついます""]","2026-03-17 07:53:34","2026-03-24 06:22:37"
3876,701,218,980,"[""B4"",""B5"",""C5"",""D5"",""D6"",""C6"",""B6"",""B3"",""C3"",""D3"",""D4"",""C4""]",いつでも,1〜2,普通,第1層から第3層までに出ます。数は一つの層に1〜2匹で出ます。,1,"[""第1層から第3層まで出現、数は一つの層に1～2匹""]","2026-03-17 07:53:34","2026-03-24 06:22:37"
3877,454,80,941,"[""D7""]",いつでも,2,2,本殿D-7に2シンボルのみです。1匹で1分半湧きです。,0,"[""本殿のD-7に2匹います""]

本殿D-7に2シンボルのみ。1匹構成で1分半湧き。
ver: 5.4","2026-03-17 07:53:36","2026-03-23 10:34:09"
3878,240,561,794,"[""C5"",""C6"",""B4"",""B3"",""B5"",""F6"",""F5"",""G5"",""G6""]",いつでも,1,多い,B3部分は1匹で出ます。,0,"[""マップ中央から北西にかけて広くいる、C-5あたりは特にいる""]

ラウラリエの丘～B3にかけての地域と、F6～G5にかけての地域にうじゃうじゃいる。B3部分は1匹構成。
ver: 4.0","2026-03-17 07:53:38","2026-03-22 12:56:35"
3879,839,303,927,"[""C3"",""C4"",""C5"",""D3"",""D4"",""D5"",""B7"",""A7"",""A6"",""B6"",""C6"",""C7""]",いつでも,3〜4,多い,本島の西側と、南の小島にいます。3〜4匹です。南の小島ではキングスライム・祖も一緒に出ます。,0,"[""中央の大きな島の西側C-3～C-5で出現する、左下の島にもたくさんいます""]

本島の西側と、南の小島に生息。3～4匹構成。 南の小島ではキングスライム・祖にもつく。
ver: 7.5","2026-03-17 07:53:44","2026-03-24 07:49:45"
3880,840,285,503,"[""F5""]",いつでも,1〜3,普通,第2層のF-5あたりと第4層の残光の荒野のG-4あたりに数匹ずついます。,0,"[""第2層のF-5あたりと第4層(残光の荒野)のG-4あたりに数匹ずついます""]

第2層EF-345と第4層G-345に2シンボルずつ生息。恐らく即沸き。1～3匹構成。
ver: 6.2","2026-03-17 07:53:57","2026-03-24 07:50:47"
3881,840,285,505,"[""G4""]",いつでも,,普通,第2層のF5あたりと第4層のG4あたりに数匹ずついます。,0,"[""第2層のF-5あたりと第4層(残光の荒野)のG-4あたりに数匹ずついます""]","2026-03-17 07:53:57","2026-03-24 07:50:47"
3882,1,561,794,"[""C1"",""D1"",""C2"",""D2""]",いつでも,1〜3,普通,王都キィンベルから出てすぐのところにシンボルです。1〜3匹で悪くはないが、シンボルの数はそんなに多くないです。,0,"[""王都キィンベルを出るとすぐいます""]

王都キィンベルから出てすぐのところにシンボル。1～3匹構成で悪くはないが、シンボルの数はそんなに多くない。
ver: 4.0","2026-03-17 07:54:10","2026-04-02 08:31:31"
3883,1,276,480,"[""G7"",""F8"",""F7"",""G8""]",いつでも,1〜3,普通,スライム型の島にいます。1〜3匹で出ます。,0,"[""FG-7のスライムの形をした島にいる""]

スライム型の島に生息。1～3匹構成。
ver: 6.2","2026-03-17 07:54:10","2026-04-02 08:31:32"
3884,85,586,838,"[""E5"",""D5"",""E4""]",いつでも,2〜3,多い,アルウェーンの町周辺、E-4〜E-5あたりに大量にシンボルがいます。2〜3匹でトンブレロに1〜2匹一緒に出ることもあります。,1,"[""DE-5にいます""]

アルウェーンの町周辺、E4～E5あたりに大量にシンボルがいる。2～3匹構成でトンブレロに1～2匹くっつくことも。
ver: 4.4","2026-03-17 07:54:18","2026-03-21 15:06:20"
3885,20,276,480,"[""G7""]",いつでも,1〜3,普通,スライム型の島にいます。1〜3匹で出ます。,0,"[""FG-7のスライムの形をした島にいる""]

スライム型の島に生息。1～3匹構成。
ver: 6.2","2026-03-17 07:54:20","2026-03-21 12:40:52"
3886,84,586,837,"[""D3"",""F7"",""E7"",""C3""]",いつでも,1,少ない,1体前後で出ることが多いです。,1,"[""F-7とD-3の通路に1匹ずついる""]","2026-03-17 07:54:22","2026-03-21 15:02:12"
3887,84,276,480,"[""G7"",""F7"",""F8"",""G8""]",いつでも,1〜2,普通,スライム型の島にいます。1〜2匹で出ます。,1,"[""FG-7のスライムの形をした島にいる""]

スライム型の島に生息。1～2匹構成。
ver: 6.2","2026-03-17 07:54:22","2026-03-21 15:02:12"
3888,2,276,480,"[""F7"",""G7"",""G8"",""F8""]",いつでも,1〜3,普通,スライム型の島にいます。1〜3匹で出ます。,0,"[""落日の原野の南エリアに出現します""]

スライム型の島に生息。1～3匹構成。
ver: 6.2","2026-03-17 07:54:28","2026-04-02 08:32:19"
3889,564,202,1038,"[""G4""]",いつでも,1,少ない,開花の層の上G-4で1匹で出ます。,0,"[""開花の層(上)G-4に1匹いる""]","2026-03-17 07:54:37","2026-03-23 15:06:35"
3890,739,12,141,"[""F5"",""E5"",""E6"",""F6"",""F7"",""E7""]",いつでも,1〜3,,地域限定。1〜3匹でベンガルクーンも混ざります。,1,"[""EF-5から南で出現します""]

地域限定モンスター。 EF-5の池の岸から南に分布。1～3匹構成でベンガルクーンと相互に混成する。転生を狙えばベンガルクーンも勝手に終わる。
ver: 4.5","2026-03-17 07:54:43","2026-03-21 18:38:10"
3891,763,90,69,"[""A8"",""B3"",""B4"",""B5"",""B6"",""B7"",""B8"",""C3"",""C5"",""C6"",""C7"",""C8"",""D3"",""D4"",""D6"",""D7"",""D8"",""E3"",""E4"",""E6"",""E7"",""E8"",""F3"",""F4"",""F5"",""F6"",""F7"",""F8"",""G3"",""G4"",""G5"",""G6"",""G7"",""G8"",""H3"",""H4"",""H5"",""H6"",""H7"",""H8"",""B1"",""B2"",""C1"",""D1"",""C2"",""D2"",""E1"",""F1"",""E2"",""F2"",""G1"",""H1"",""G2"",""H2"",""A1"",""A2"",""A3"",""A4"",""A5"",""A6"",""A7"",""C4"",""D5"",""E5""]",いつでも,1〜2,多い,クレーターの外にいます。1〜2匹でダーティラビッツも混ざります。地上全体では1〜2匹で出ます。,0,"[""[\"1-2匹@地上全体\",\"マップの全域にいるがダーティーラビッツより少なめ。クレーター以外\"] \/ 1-2匹@地上全体"",""マップの全域にいるがダーティーラビッツより少なめ。クレーター以外""]

クレーターの外に生息。シンボル密度は低い。1～2匹構成でダーティラビッツと相互に混成する。
ver: 5.4","2026-03-17 07:54:47","2026-03-22 16:09:32"
3892,763,19,153,"[""E3"",""F3""]",いつでも,1〜3,少ない,シンボル数は少ないが、一度に3匹まで出ます。,1,"[""[\"1-3匹@E3付近\",\"北のエリアのDEF-3あたりで出現します\"] \/ 1-3匹@E3付近"",""北のエリアのDEF-3あたりで出現します""]

宿から非常に近く、同地域にウィングデビル、トロルがいる。シンボル数は少ないが、一度に3匹まで出る。混成にはならない。1.4からトロルの配置が変更されたことで絡まれやすくなったのは難。
ver: 1.4","2026-03-17 07:54:47","2026-03-22 16:09:32"
3893,763,45,34,"[""D2"",""D3"",""E2"",""E3""]",いつでも,1〜2,多い,北側では1〜2匹で出ます。少なめです。,0,"[""[\"1-2匹@北側\",\"マップの北の方D-2あたりにいる、少なめ\"] \/ 1-2匹@北側"",""マップの北の方D-2あたりにいる、少なめ""]

北～北東の強敵エリアのサボテンの近くに生息。D-2の池周辺に多い。
ver: 5.4","2026-03-17 07:54:47","2026-03-22 16:09:32"
3895,1234,306,931,"[""E5"",""D5"",""D4"",""E4""]",いつでも,,普通,1階と2階の建物内で出現します。,0,"[""1階と2階の建物内で出現します""]","2026-03-17 07:54:54","2026-03-26 14:49:00"
3896,1235,306,931,"[""E5"",""D5"",""D4"",""E4""]",いつでも,,普通,1階と2階の建物内で出現します。,0,"[""1階と2階の建物内で出現します""]","2026-03-17 07:54:55","2026-03-26 14:49:20"
3898,556,580,831,"[""G3"",""F3"",""F4"",""G4"",""H4"",""H3""]",いつでも,2〜3,普通,2〜3匹で出ます。一番奥の広間のG-3にいます。,0,"[""一番奥の広間(G-3・4)にいます""]

三つ目の広間から最奥部までに多くのシンボル。2～3匹構成。
ver: 4.2","2026-03-17 07:55:02","2026-03-23 14:44:32"
3899,613,560,793,"[""C8"",""E2"",""D2"",""D3"",""E3""]",いつでも,1〜2,普通,沿道北では1〜2匹で出ます。,0,"[""北側DE-2あたりと南側のC-8あたりに固まってます""]

D-1からE-3にかけての地域と、D-7からC-8にかけての地域にシンボルあり。前者は1匹構成、後者は1～2匹構成。
ver: 4.0","2026-03-17 07:55:04","2026-03-23 16:01:44"
3900,498,575,825,"[""E6"",""F6"",""D6"",""C5"",""C6"",""D5"",""E5""]",いつでも,,普通,ホークブリザードに一匹ついてくることがあります。ホークブリザードのお供として出現します。,0,"[""ホークブリザードのお供として出現します""]

C-5から戦神の宮殿にかけて飛んでいるホークブリザードに一匹くっついてくる。
ver: 4.2","2026-03-17 07:55:07","2026-03-23 11:38:54"
3901,481,565,800,[],いつでも,2〜4,多い,メレアーデの部屋に大量にいるが行くのが面倒。,1,"[""メレアーデの部屋に出現""]

メレアーデの部屋に大量にシンボルが存在するほか、ギガデーモンにも2匹までくっつく。ダークキャンドルのシンボルからは2～4匹出現。断然おすすめ。
ver: 4.0","2026-03-17 07:55:11","2026-03-23 11:10:19"
3902,846,300,924,"[""D3"",""E3""]",いつでも,1〜2,普通,地下2階北側の浅い部分にいます。1〜2匹で出ます。,1,"[""地下2階の北側エリアに出現します。""]

地下2階北側の浅い部分に生息。1～2匹構成。
ver: 7.4","2026-03-17 07:55:15","2026-03-24 07:56:34"
3903,709,168,944,"[""E5""]",いつでも,1,1,地下1階E5で1匹で出ます。30秒湧き。,1,"[""地下1階E-5あたりに1匹います""]","2026-03-17 07:55:25","2026-03-24 06:43:01"
3904,705,267,877,"[""C3""]",いつでも,1〜2,1,地下6階に1シンボルです。1〜2匹で1分湧きです。,1,"[""地下6階""]

地下6階に1シンボル。1～2匹構成で1分湧き。ドラゴンライダーを巻き込むと安全。
ver: 5.5","2026-03-17 07:55:28","2026-03-24 06:31:48"
3905,705,268,881,"[""E6""]",いつでも,1〜2,1,地下2階E-6の広くなっているところでは1匹で出ます。,0,"[""地下2階E-6の広くなっているところに1匹いる""]

地下2階のD-6に1シンボル。1～2匹構成で1分湧き。
ver: 5.5","2026-03-17 07:55:28","2026-03-24 06:31:48"
3906,379,176,947,"[""C5"",""E7"",""C6"",""C7""]",いつでも,1〜3,普通,第三層の西部〜南部のあたりに出るです。1〜3匹で出ます。ホークブリザードが邪魔。,0,"[""第3層の西の通路C-5～7とE-7にいます""]

第三層の西部～南部のあたりに出現する。1～3匹構成。たまにホークブリザードが絡んでくる。
ver: 2.3","2026-03-17 07:55:30","2026-03-23 07:22:15"
3907,268,131,734,"[""C4"",""C5"",""C6"",""D6"",""E6"",""F6"",""F5"",""F4"",""F3"",""E3"",""D3"",""C3"",""D4"",""D5"",""E5"",""E4""]",いつでも,,普通,特になし,0,"[""2階、3階、4階に出現する""]","2026-03-17 07:55:36","2026-03-22 14:39:36"
3908,268,131,735,"[""C3"",""D3"",""C4"",""D4"",""E3"",""F3"",""E4"",""F4"",""C5"",""D5"",""C6"",""D6"",""E5"",""F5"",""E6"",""F6""]",いつでも,,普通,特になし,0,"[""2階、3階、4階に出現する""]","2026-03-17 07:55:36","2026-03-22 14:39:36"
3909,268,131,736,"[""C3"",""D3"",""C4"",""D4"",""E3"",""F3"",""E4"",""F4"",""E5"",""F5"",""E6"",""F6"",""C5"",""D5"",""C6"",""D6""]",いつでも,,普通,特になし,0,"[""2階、3階、4階に出現する""]","2026-03-17 07:55:36","2026-03-22 14:39:36"
3910,268,586,838,"[""E6"",""D6"",""D7"",""E7""]",いつでも,1〜3,多い,3号観測小屋のまわりにシンボルたくさんいます。1〜3匹で出ます。ウイングタイガーがお供になることがあり、合計で最大3匹となるです。,0,"[""DE-6にいっぱいいる""]

3号観測小屋のまわりにシンボル多数。1～3匹構成。ウイングタイガーがお供になることがあり、合計で最大3匹となる。
ver: 4.4","2026-03-17 07:55:36","2026-03-22 14:39:36"
3912,848,589,844,"[""B4"",""B3"",""C2"",""D2"",""E2"",""F2""]",いつでも,3,多い,全域にまばらにいます。北に3匹、南に2匹います。1分湧きです。,1,"[""マップ中央から北にかけて広範囲で出現します""]

全域にまばらに生息。北に3匹、南に2匹いる。1分湧き。かなりレベルが高いのでエモノ呼びは効きにくい。
ver: 6.4","2026-03-17 07:55:43","2026-03-26 14:46:06"
3914,850,122,997,"[""C3"",""D3"",""C4"",""D4"",""E3"",""F3"",""E4"",""F4"",""E5"",""F5"",""E6"",""F6"",""C5"",""D5"",""C6"",""D6""]",いつでも,1,普通,6階に1シンボル30秒沸きです。1匹ずつ出ます。6階に出現します。,1,"[""6階に出現します""]

6階に1シンボル30秒沸き。1匹構成。
ver: 7.6前","2026-03-17 07:55:55","2026-03-21 11:03:16"
3915,97,589,844,"[""G2"",""G3"",""G4""]",いつでも,2〜3,少ない,2〜3匹だが1匹ワニバーンが混ざることがあります。,0,"[""G-2～G-4の波打ち際に出現します""]

海岸の南北の隅に少数。2～3匹構成だが1匹ワニバーンが混ざることがある。
ver: 6.4","2026-03-17 07:55:57","2026-03-21 16:07:25"
3916,772,280,903,"[""D5""]",いつでも,2,多い,原野エリア中央の谷部分にたくさんいます。湧きも狭い。2匹で出ます。,1,"[""落日の原野のD-5の低所に出現する""]

原野エリア中央の谷部分に多数生息。湧きも狭いのでほぼ隙なく狩れる。2匹構成。
ver: 6.1","2026-03-17 07:56:04","2026-03-22 17:39:55"
3917,851,306,968,"[""D3"",""D4"",""D5"",""E5"",""E4"",""E3""]",いつでも,1,普通,北側に1、西側に2、東側に1シンボルです。1匹で80秒沸きです。東西を往復すれば途切れなく狩れる。,1,"[""3階で出現します""]

3階に生息。北側に1、西側に2、東側に1シンボル。1匹構成で80秒沸き。 東西を往復すれば途切れなく狩りやすい。
ver: 7.5","2026-03-17 07:56:11","2026-03-24 08:01:13"
3918,854,301,925,"[""E4"",""F4""]",いつでも,2〜3,普通,世界球根の左右にいます。2〜3匹で出ます。高低差があり見つけにくい。,0,"[""世界球根の周辺の高台に出現します""]

世界球根の左右に生息。2～3匹構成。高低差があり見つけにくい。
ver: 7.4","2026-03-17 07:56:41","2026-03-24 08:02:55"
3919,563,127,164,"[""D3"",""F5""]",いつでも,,普通,第1層の各小部屋、第3層のD3/F5にシンボルが湧きます。,0,"[""第1層と第3層の小部屋にランダムで出現する、第1層E－1など""]","2026-03-17 07:56:54","2026-03-23 15:06:00"
3920,563,131,735,"[""E6"",""F4""]",いつでも,,普通,3階E6/F4にいます。4階F5にいます。5階C5にランダムで出現します。,1,"[""3階E-6とF-4、4階F-5、5階C-5にランダムで出現します""]","2026-03-17 07:56:54","2026-03-23 15:06:00"
3921,563,131,736,"[""F5""]",いつでも,,普通,3階E6/F4にいます。4階F5にいます。5階C5にランダムで出現します。,1,"[""3階E-6とF-4、4階F-5、5階C-5にランダムで出現します""]","2026-03-17 07:56:54","2026-03-23 15:06:00"
3922,563,131,737,"[""C5""]",いつでも,,普通,3階E6/F4にいます。4階F5にいます。5階C5にランダムで出現します。,1,"[""3階E-6とF-4、4階F-5、5階C-5にランダムで出現します""]","2026-03-17 07:56:54","2026-03-23 15:06:00"
3923,563,202,1036,"[""F6""]",いつでも,,普通,成木の層の下F6の中部屋にいます。,0,"[""成木の層(下)F-6の中部屋にいる""]","2026-03-17 07:56:54","2026-03-23 15:06:00"
3924,745,146,757,"[""D4"",""E7"",""F7""]",いつでも,,4,D-4、E-7にいます。おすすめです。北西部にシンボル1つの即湧き、南東部にシンボル3つの範囲即湧きです。,1,"[""D-4とE-7にいる""]

おすすめ。北西部にシンボル1つの即湧き、南東部にシンボル3つの範囲即湧き。ルーラポイントが近く、転生のちょうろうじゅ狙いで狩っている人がいることもある。
ver: 2.4","2026-03-17 07:57:01","2026-03-21 18:57:00"
3925,745,180,284,"[""D6""]",いつでも,1,普通,D-6あたりに複数シンボルです。密度なら一番で、アクセスも悪くないです。,0,"[""D-6あたりに出現します"",""[\"1匹@D6付近\",\"D-6あたりに出現します\"] \/ 1匹@D6付近""]

D-6あたりに複数シンボル。密度なら一番と思われる。アクセスも悪くない。
ver: 2.3","2026-03-17 07:57:01","2026-03-21 18:57:00"
3926,745,586,838,"[""E2"",""D2"",""D3"",""E3""]",いつでも,1〜3,普通,北側のDE-2にいます。北部のE-2に複数シンボルです。再湧きには少しだけ時間がかかる模様です。,0,"[""北側のDE-2にいます""]

北部のE-2に複数シンボル。1～3匹構成でヘルボックルが2匹までくっつき、合計で2～3匹となるようだ。再湧きには少しだけ時間がかかる模様。
ver: 4.4","2026-03-17 07:57:01","2026-03-21 18:57:00"
3927,749,27,525,"[""C1"",""C2"",""D1"",""D2"",""E5"",""F5"",""E6"",""F6""]",いつでも,1〜3,普通,1-3匹で出ます。地下1階全域に出現です。狩りすぎるといなくなる気がするが、一番おすすめ,1,"[""1-3匹"",""地下1階全域に出現""]","2026-03-17 07:57:04","2026-03-22 11:04:15"
3928,749,114,1002,"[""C1"",""C2"",""C3"",""D1"",""D2"",""D3"",""D6"",""D7"",""D8"",""E1"",""E2"",""E3"",""E6"",""E7"",""E8"",""F6"",""F7"",""F8""]",いつでも,,普通,北側と南側どっちでも洞くつ内で出現します。,0,"[""北側と南側どっちでも洞くつ内で出現します""]","2026-03-17 07:57:04","2026-03-22 11:04:15"
3929,855,301,925,"[""D5"",""D6""]",いつでも,3〜4,少ない,マップ南中央にいます。やや点々といます。3〜4匹です。,0,"[""D-5・6あたりに出現します""]

マップ南中央に生息。ややまばら。3～4匹構成。
ver: 7.4","2026-03-17 07:57:08","2026-03-24 08:03:27"
3930,718,276,480,"[""G7""]",いつでも,1〜3,普通,スライム型の島にいます。1〜3匹で出ます。,0,"[""FG-7のスライムの形をした島にいる""]

スライム型の島に生息。1～3匹構成。
ver: 6.2","2026-03-17 07:57:13","2026-03-21 12:40:52"
3931,856,621,928,"[""C4"",""C5"",""D3"",""D4"",""D5"",""F4"",""E4"",""E5"",""C3"",""B3"",""A3"",""B4"",""A4""]",いつでも,2,多い,F4の部屋から奥の各部屋と通路にいます。2匹で出ます。,1,"[""マップ中央から北西のエリアの低所でたくさん出現""]

F-4の部屋から奥の各部屋と通路に生息。2匹構成。
ver: 7.5","2026-03-17 07:57:20","2026-03-24 08:04:01"
3938,681,621,928,"[""H5"",""E4"",""D5""]",いつでも,1〜2,2,F5、F7以外の各部屋に1匹ずついます。1〜2匹で出ます。,0,"[""マップ中央から北西のエリアの低所で出現、GH-5にも少しいる""]

F-5、F-7以外の各部屋に1匹ずつ生息。1～2匹構成。
ver: 7.5","2026-03-17 07:58:02","2026-03-23 18:13:57"
3940,858,306,931,"[""B3"",""B4"",""B5"",""B6"",""G3"",""G4"",""G5"",""G6""]",いつでも,,普通,"城壁部分に生息。2階外部分では1～2匹でリリパット・祖がつき、内部では1～3匹構成で ワイトキング・祖にもつく。
v",1,"[""1階の外側の通路と2階の外通路で出現します""]","2026-03-17 07:58:08","2026-03-24 08:06:48"
3941,773,65,120,"[""G4"",""G5""]",いつでも,1,少ない,1匹で出ます。東のG-4〜5あたりで飛んでいます。数は少なめです。,0,"[""[\"1匹\",\"東のG-4・5あたりで飛んでいる、数は少ない\"] \/ 1匹"",""東のG-4・5あたりで飛んでいる、数は少ない""]

強敵エリアにごく小数のみ。ラギ雪原より視界はいいが、非常に高いところを飛んでいて正面に回っても襲いかかってきてくれない時がある。リュウイーソー狙いの業者もいまだに多く、ストレスばかり溜まるのでおすすめできない。
ver: 3.0","2026-03-17 07:58:42","2026-03-22 18:13:24"
3943,773,67,126,"[""D4""]",いつでも,1〜3,少ない,1階のD4で2シンボル寝ています。1〜3匹だが、次に湧くまでに2分ほどかかる。,0,"[""[\"1-3匹@D4\",\"地下1階D－4に2匹寝ている\"] \/ 1-3匹@D4"",""地下1階D－4に2匹寝ている""]

1階のD-4で2シンボル寝ている。1～3匹構成だが、次に湧くまでに2分ほどかかる。
ver: 4.4","2026-03-17 07:58:42","2026-03-22 18:13:24"
3944,773,142,753,"[""E3""]",いつでも,,普通,E3あたりを飛んでいますがそんなにいない。,1,"[""E-3あたりを飛んでいますがそんなにいない""]

レビュール街道方面からグランゼドーラ城下町にかけて数シンボル。東側に溜まっている場合もある。視界もよく平坦な土地で接敵しやすいが、スパイクヘッドがとにかく邪魔。
ver: 2.0","2026-03-17 07:58:42","2026-03-22 18:13:24"
3945,773,181,285,"[""B2"",""B3""]",いつでも,1,多い,1匹です。北西エリアB-2〜3あたりでたくさん飛んでいます。,0,"[""[\"1匹@西側\",\"北西エリアB-2・3あたりでたくさん飛んでいる\"] \/ 1匹@西側"",""北西エリアB-2・3あたりでたくさん飛んでいる""]

ストーリーで戦う必要が出たため、シンボルが大量に追加。一匹構成。
ver: 4.0","2026-03-17 07:58:42","2026-03-22 18:13:24"
3946,338,202,1037,"[""D2"",""F6"",""G4""]",いつでも,,普通,開花の層の下D-2、G-4、F-6にいます。,0,"[""開花の層(下)D-2とG-4とF-6にいる""]","2026-03-17 07:59:01","2026-03-23 08:36:32"
3947,303,150,761,"[""E4"",""D5"",""D4"",""F5"",""E5"",""F4""]",いつでも,2〜3,多い,おすすめ,1,"[""中層で出現します""]

中層にシンボル多数。出現数も2～3匹と稼ぐならここ一択。
ver: 5.3","2026-03-17 07:59:09","2026-03-22 17:17:48"
3948,527,586,838,"[""F6""]",いつでも,2〜4,多い,おすすめ,1,"[""F-6あたりにいっぱいいます""]

１号観測小屋の北の細道を抜けた先にシンボル多数。2～4匹構成で討伐数を増やしやすい。ずっと同じところで狩るとシンボルが偏るので、適度に移動を。
ver: 4.4","2026-03-17 07:59:31","2026-03-23 13:56:28"
3949,860,300,924,"[""D2"",""D3"",""E2"",""E3""]",いつでも,2〜3,普通,地下2階北側の奥部にいます。2〜3匹で出ます。,0,"[""地下2階の北側エリアで出現、一番北の通路にいる。""]

地下2階北側の奥部に生息。2～3匹構成。
ver: 7.4","2026-03-17 07:59:37","2026-03-24 08:12:39"
3950,786,560,793,"[""D5"",""F4"",""F3"",""E3"",""E4""]",いつでも,2,多い,キラーパンサーやマッドファルコンに2匹まで一緒に出ます。,1,"[""辺境警備隊詰所を出た所の広い場所とD-5あたりにもたくさんいる""]

辺境警備隊詰所から出てすぐのところにうじゃうじゃいる。辺境のほら穴から少し出たところにも生息。2匹構成固定のようだ。また、キラーパンサーやマッドファルコンに2匹までつく。
ver: 5.5","2026-03-17 07:59:43","2026-03-23 13:50:30"
3951,786,187,406,"[""D5"",""F4"",""F3"",""E3"",""E4""]",いつでも,2,多い,詰所では2匹で出ます。,1,"[""[\"2匹@詰所\",\"辺境警備隊詰所を出た所の広い場所とD-5あたりにもたくさんいる\"] \/ 2匹@詰所"",""辺境警備隊詰所を出た所の広い場所とD-5あたりにもたくさんいる""]","2026-03-17 07:59:43","2026-03-23 13:50:30"
3952,442,150,759,"[""D5"",""G3""]",いつでも,,普通,第2層D-5あたりやG-3の水が流れている所にいます。第3層西のC-6にいます。,0,"[""第2層D-5あたりやG-3の水が流れている所、第3層西のC-6・7の水たまりにもいる""]","2026-03-17 08:00:09","2026-03-23 10:07:17"
3953,442,150,760,"[""C6""]",いつでも,4〜5,普通,第2層D-5あたりやG-3の水が流れている所にいます。第3層西のC-6にいます。,0,"[""第2層D-5あたりやG-3の水が流れている所、第3層西のC-6・7の水たまりにもいる""]

1～3層の水辺に出現。4～5匹構成。
ver: 5.4","2026-03-17 08:00:09","2026-03-23 10:07:17"
3954,442,560,793,"[""B6"",""B7"",""C6"",""C7""]",いつでも,2〜4,普通,南部の水辺に広い範囲でいます。2〜4匹です。みずたまドラゴンやじごくのたまねぎ、D-8のリザードファッツにも2匹まで一緒に出ます。,0,"[""マップの南西側にある水場から中央まで続く小川まで広く出現します""]

南部の水辺に広く生息。2～4匹構成。みずたまドラゴンやじごくのたまねぎ、D-8のリザードファッツにも2匹までつく。
ver: 5.5","2026-03-17 08:00:09","2026-03-23 10:07:17"
3955,442,580,831,"[""E5"",""E6"",""E7"",""D7"",""C7"",""B7"",""B6"",""B5"",""C5"",""D5"",""D6"",""C6""]",いつでも,2〜4,普通,入り口あたりから2つ目の広間にあたりまで広い範囲にいます。マジックフライやイーブルフライも一緒にでます。むしい,1,"[""入ってすぐの広間と次の広間にいる""]

入り口付近から二つ目の広間にまで広く生息。シンボルでは2～4匹構成。マジックフライやイーブルフライのシンボルにも1匹くっつく。拠点も近くおすすめ。
ver: 4.2","2026-03-17 08:00:09","2026-03-23 10:07:17"
3956,865,589,844,"[""E2"",""D2"",""E5"",""D5"",""C5""]",いつでも,2〜3,多い,南部のE5より西、北のD2〜F3の低地にいます。余計なシンボルの少ない北部がおすすめです。いずれも2〜3匹で出ます。,1,"[""マップ中央から北にかけて広範囲で出現します、E-2あたりはたくさんいる""]

南部のE-5以西と北部のD-2～F-3の低地に生息。余計なシンボルの少ない北部がおすすめ。いずれも2～3匹構成。
ver: 6.4","2026-03-17 08:00:32","2026-03-24 08:23:15"
3957,769,204,323,"[""E6""]",いつでも,2〜4,普通,上層のE-6に固まっています。お供付き。,0,"[""[\"2-4匹+供@E6\",\"上層のE-6に固まっています\"] \/ 2-4匹+供@E6"",""上層のE-6に固まっています""]","2026-03-17 08:00:36","2026-03-23 09:36:11"
3958,769,211,340,"[""D4"",""D5"",""E4"",""E5""]",いつでも,1〜2,多い,2階にたくさんいます。,1,"[""1-2匹"",""2階中央の広い所にたくさんいます""]

2階に多数のシンボル。1～2匹しか出ないがアクセスはよい。討伐エリアとしては、迅雷の丘の下位互換だが、ドラゴメタルの討伐にはおすすめ。
ver: 3.5","2026-03-17 08:00:36","2026-03-23 09:36:11"
3959,202,176,947,"[""C8"",""F7""]",いつでも,,普通,第3層C-8とEF-7などにいます。,0,"[""いろんなところにいる、第1層D-1とF-3、第3層C-8とEF-7など""]","2026-03-17 08:00:39","2026-03-22 11:46:27"
3960,202,150,759,"[""C8"",""E3""]",いつでも,,普通,特になし,0,"[""第1層E-2、B-6と第2層E-3と第3層C-8やEF-7にも少しいる""]","2026-03-17 08:00:39","2026-03-22 11:46:27"
3961,202,150,760,"[""C8"",""F7"",""E7""]",いつでも,,普通,特になし,0,"[""第1層E-2、B-6と第2層E-3と第3層C-8やEF-7にも少しいる""]","2026-03-17 08:00:39","2026-03-22 11:46:28"
3963,536,561,794,"[""C2"",""C3"",""C4"",""D4"",""D3"",""D2"",""E2"",""E3"",""E4""]",いつでも,2,普通,現代と同じ。王都キィンベルから出ればすぐにいます。,0,"[""マップの北側から東側半分くらい広範囲にいます、王都キィンベルから出れば大体すぐにいる""]

全体的に広く分布しているが、王都キィンベルを出てすぐにシンボルがあるのでそこでいいだろう。どこも2匹構成。
ver: 4.0","2026-03-17 08:00:43","2026-03-23 14:06:44"
3964,547,168,944,"[""C3"",""C4"",""C5"",""D5"",""E5"",""F5"",""F4"",""F3"",""E3"",""D3"",""D4"",""E4""]",いつでも,,普通,地下1階の広い所4か所でそれぞれいます。,0,"[""地下1階の広い所4か所でそれぞれいる""]","2026-03-17 08:00:45","2026-03-23 14:30:04"
3966,789,205,325,"[""B5"",""G5""]",いつでも,1〜2,普通,1〜2匹なのに加え、B5ではガチャコッコが、G5ではメタッピーがついてくることがあります。湧きも早いので転生などに。,1,"[""[\"1-2匹+供@上＆下弦\",\"西の下弦の環と東の上弦の環にいます\"] \/ 1-2匹+供@上＆下弦"",""西の下弦の環と東の上弦の環にいます""]

上弦の環と下弦の環にそこそこのシンボル。1～2匹構成なのに加え、下弦の環ではガチャコッコが、上弦の環ではメタッピーがくっついてくる。それぞれのシンボルにぶつかったときも2匹までくっつくことがある。
ver: 3.3","2026-03-17 08:00:55","2026-03-23 14:01:32"
3967,789,216,352,"[""B6"",""C2""]",いつでも,1,普通,2階です。西C-2の小部屋にいます。3階G－3とB-6の小部屋にいます。1匹で出ます。,0,"[""2階・西C-2の小部屋、3階G－3とB-6の小部屋にいます"",""[\"1匹\",\"2階・西C-2の小部屋、3階G－3とB-6の小部屋にいます\"] \/ 1匹""]","2026-03-17 08:00:55","2026-03-23 14:01:32"
3968,789,216,353,"[""B6"",""C2""]",いつでも,1,普通,3階のF-3東側の部屋や、C-6西側の部屋に数シンボルです。1匹ずつ出ます。,0,"[""2階・西C-2の小部屋、3階G－3とB-6の小部屋にいます""]

3階のF-3東側の部屋や、C-6西側の部屋に数シンボル。1匹構成。
ver: 3.5","2026-03-17 08:00:55","2026-03-23 14:01:32"
3969,866,122,1000,"[""B6"",""C6"",""C7"",""B7""]",いつでも,1,普通,9階に1シンボル30秒沸きです。1匹ずつ出ます。,1,"[""9階に出現します""]

9階に1シンボル30秒沸き。1匹構成。
ver: 7.6前","2026-03-17 08:00:58","2026-03-26 14:45:25"
3970,669,267,875,"[""C5""]",いつでも,,普通,1階入口のほか、地下4階C5や地下6階にもいます。1〜2匹で出ます。,0,"[""1階・地下4階・地下6階""]","2026-03-17 08:01:01","2026-03-23 18:02:28"
3971,669,267,877,"[""C4"",""C3""]",いつでも,,普通,1階入口のほか、地下4階C5や地下6階にもいます。1〜2匹で出ます。,0,"[""1階・地下4階・地下6階""]","2026-03-17 08:01:01","2026-03-23 18:02:28"
3972,517,150,759,"[""G4"",""G5""]",いつでも,3〜4,普通,第2層の東G-4〜5あたりと第3層EF-4にそれなりにいます。,0,"[""第2層の東G-4・5あたりと第3層EF-4にそこそこいる""]

2層F5～G4や3層中央部に生息、3～4匹構成で湧きもよい。
ver: 5.3","2026-03-17 08:01:11","2026-03-23 13:40:43"
3973,517,150,760,"[""F4"",""E4""]",いつでも,,普通,第2層の東G-4〜5あたりと第3層EF-4にそれなりにいます。,0,"[""第2層の東G-4・5あたりと第3層EF-4にそこそこいる""]","2026-03-17 08:01:11","2026-03-23 13:40:43"
3974,868,9,140,"[""D2"",""D3"",""E2"",""E3"",""E4"",""F2"",""G2"",""G3"",""F3""]",夜,1,多い,夜にはE-4に大量・即湧きする。北エリアで出現するが数は少なめです。E-4の砂の所には必ずいるらしい。,0,"[""[\"1匹@北側\",\"北エリアで出現するが数は少ない、E-4の砂の所には必ずいるみたいです、\"] \/ 1匹@北側"",""北エリアで出現するが数は少ない、E-4の砂の所には必ずいるみたいです、""]

ここで狩る必要はない。夜にはE4に大量・即湧きポイントがあるので、何かのついでに狩るのはアリ。
ver: 3.4","2026-03-17 08:01:15","2026-07-29 10:43:26"
3975,868,38,29,"[""C7"",""D7"",""C8"",""D8""]",いつでも,1,少ない,博愛の碑周辺にいます。即湧きだが点々といます。1匹ずつ出ます。,0,"[""C-7・8の博愛の碑の方にいます""]

No.211(ガートラント外伝1話)クエ対象。 博愛の碑周辺にいる。即湧きだがまばら。1匹構成。
ver: 5.4","2026-03-17 08:01:15","2026-07-29 10:43:26"
3976,868,63,559,"[""D4""]",いつでも,1,2,D-4の部屋に2シンボルです。1匹ずつ出ます。湧きは20秒ほどです。たまに奥の通路に湧くこともあります。,0,"[""洞くつに入ってちょっと進むといます""]

D-4の部屋に2シンボル。1匹構成。湧きは20秒ほど。たまに奥の通路に湧くことも。
ver: 5.4","2026-03-17 08:01:15","2026-07-29 10:43:26"
3977,868,40,28,"[""A3"",""A4"",""A5"",""A6"",""A7"",""A8"",""B3"",""B4"",""B5"",""B6"",""B7"",""B8"",""C1"",""C2"",""C3"",""C4"",""C5"",""C6"",""C7"",""C8"",""D1"",""D2"",""D3"",""D4"",""D5"",""D6"",""D7"",""D8"",""E3"",""E4"",""E5"",""E6"",""E7"",""E8"",""F3"",""F4"",""F5"",""F6"",""F7"",""F8"",""G7"",""G8"",""H7"",""H8""]",夜,1,多い,強敵ゾーンや高台を除く全域にいます。1匹ずつ出ます。D-4〜5の高台の木の茂っている辺りにそれなりにいます。,0,"[""ほぼ全域に点在する、数は少なめ""]

強敵ゾーンや高台を除く全域に生息。1匹構成。D-4～5の高台の木の茂っている辺りにそこそこいる他はほとんど見かけない。夜は寝る。
ver: 5.4","2026-03-17 08:01:15","2026-07-29 10:43:26"
3978,868,113,1001,"[""C3"",""C4"",""D3"",""D4"",""E3"",""E4"",""F3"",""F4""]",いつでも,,少ない,中央から北にかけてに出ます。数は少なめです。,0,"[""マップ中央から北にかけて出現、数は少なめ""]","2026-03-17 08:01:15","2026-07-29 10:43:26"
3979,868,132,739,"[""E4"",""E5"",""D5"",""D4""]",いつでも,,少ない,滝を臨む集落の周辺にいますが、シンボルが点在していて微妙なところです。,0,"[""滝を臨む集落周辺の広い所に広範囲で出現するが数は少ない""]

滝を臨む集落の周辺にいるが、シンボルが点在していて微妙なところ。
ver: 2.0","2026-03-17 08:01:15","2026-07-29 10:43:26"
3980,868,176,278,"[""C4"",""D2"",""C2""]",夜,2〜3,少ない,第一層にそこそこの数が点在です。シンボル数は少ないものの、一度に2〜3匹出るのでよいです。,1,"[""第1層C-4とCD-2にいる""]

第一層にそこそこの数が点在。シンボル数は少ないものの、一度に2～3匹出るのでよい。 巡回しているとケツァルコアトルスが鬱陶しいので夜がおすすめ。
ver: 2.3","2026-03-17 08:01:15","2026-07-29 10:43:26"
3981,868,574,824,"[""E4"",""D4""]",いつでも,3,多い,川以東の低地部分にシンボルそこそこです。3匹で出ます。D4E4の低い所にまとまっています。,0,"[""3匹@沿道"",""マップ中央から東の端まで全体的にいる感じ、DE-4の低い所に固まっている""]

川以東の低地部分にシンボルそこそこ。3匹構成。
ver: 4.2","2026-03-17 08:01:15","2026-07-29 10:43:26"
3982,420,560,793,"[""F1"",""F2"",""G1"",""G2""]",いつでも,3〜4,多い,ティプローネ高地から来れる北東の飛び地にいます。3〜4匹です。ギガントヒルズにも2匹まで一緒に出ます。,0,"[""マップ右上の離れたエリア(転送装置で行く所)にいる。たくさんいます""]

ティプローネ高地から来れる北東の飛び地に生息。3～4匹構成。ギガントヒルズにも2匹までつく。
ver: 5.5","2026-03-17 08:01:22","2026-03-23 09:10:05"
3983,366,164,249,"[""E2"",""F2"",""F3"",""E3""]",いつでも,1〜2,多い,第四の魔峡の東側にかなり多めです。1〜2匹で出ます。,0,"[""第四の魔狭E-2・3にたくさんいる""]

第四の魔峡の東側にうじゃうじゃ。1～2匹構成。だがトロルキングが絡んでくるので狩るならコニウェアのほうがいい。
ver: 2.2","2026-03-17 08:01:31","2026-03-23 06:46:07"
3985,626,609,890,"[""E3"",""F3"",""E4"",""F4""]",いつでも,,普通,地下2階と地下3階のトンネル部分に出現します。,0,"[""地下2階と地下3階のトンネル部分に出現します""]","2026-03-17 08:01:46","2026-03-23 17:07:52"
3987,869,122,994,"[""C3"",""D3"",""C4"",""D4"",""C5"",""D5"",""C6"",""D6"",""E5"",""F5"",""E6"",""F6"",""E3"",""F3"",""E4"",""F4""]",いつでも,2〜3,普通,3階にいます。2〜3匹で出ます。,1,"[""3階に出現します""]

3階に生息。2～3匹構成。
ver: 7.6前","2026-03-17 08:01:50","2026-03-24 08:24:48"
3988,395,562,795,"[""C6""]",いつでも,1〜2,多い,キィンベル北東門からD-4にかけてシンボル少なめです。キィンベル付近はヒイラギどうじが一緒に出ます。森のほうにいくと1〜2匹で出ます。,0,"[""王都キィンベルの北東の門を出るとすぐC-6あたりにたくさんいる""]

キィンベル北東門からD-4にかけてシンボル少数。キィンベル付近はヒイラギどうじがくっつく。森のほうにいくと1～2匹構成。
ver: 4.0","2026-03-17 08:01:54","2026-03-23 07:47:06"
3989,643,164,249,"[""C2"",""C3"",""C4"",""E2"",""E3""]",いつでも,多数,多い,第四の魔狭の西側も東側も両エリアにいます。,1,"[""第四の魔狭の西側も東側も両エリアにいます、数はそこそこいる""]

第四の魔峡に多数。広くなっているところに出る。ショートカットでアクセスも良い。西側なら、なげきの亡霊が追ってこないのでちょっと楽。長期滞在するならD-4あたりだと涸れないためおすすめ。
ver: 2.2","2026-03-17 08:02:03","2026-03-23 17:27:07"
3990,775,145,756,"[""A4"",""E5"",""A5"",""B5"",""C5"",""D5""]",いつでも,1〜2,普通,入口付近の地面が土の部分にかなりの数。1〜2匹で出ます。,0,"[""A-4から入って道なりにE-5あたりまでいる""]

入口付近の地面が土の部分にかなりの数だが、一所で狩っていると涸れる。1～2匹構成。
ver: 2.0","2026-03-17 08:02:05","2026-03-23 06:34:58"
3991,775,564,798,"[""E4""]",いつでも,1〜3,普通,1体にヒョウモンダークが1〜3匹一緒に出ます。上層部は2匹登場することもあり、ヒョウモンダークと合わせて5匹になることもです。,1,"[""下層C-4・5と上層E-4など狭い通路にいます""]

下層の間欠泉から吹き飛んだ先に数シンボル。こいつ1体にヒョウモンダークが1～3匹くっつく。上層部は2匹登場することもあり、ヒョウモンダークと合わせて5匹構成になることも。
ver: 4.0","2026-03-17 08:02:05","2026-03-23 06:34:58"
3992,775,564,799,"[""C4""]",いつでも,,普通,下層C-4にいます。,1,"[""下層C-4・5と上層E-4など狭い通路にいます""]","2026-03-17 08:02:05","2026-03-23 06:34:58"
3993,775,191,590,"[""E4""]",いつでも,1〜2,普通,上層E-4など狭い通路にいます。,0,"[""1-2匹+供"",""下層C-4・5と上層E-4など狭い通路にいます""]","2026-03-17 08:02:05","2026-03-23 06:34:58"
3994,75,586,838,"[""E5"",""E4""]",いつでも,2〜4,多い,アルウェーンの町周辺、E-4〜E-5あたりに大量のシンボルがいます。,1,"[""DE-5にいます""]

アルウェーンの町周辺、E4～E5あたりに大量にシンボルがいる。こいつ自体は2～4匹構成、スライムタワーが1～2匹くっつくこともあり、合計で4匹まで出ることがある。
ver: 4.4","2026-03-17 08:02:09","2026-03-21 14:15:19"
3995,290,131,737,"[""C5""]",いつでも,1,少ない,5階のC-5あたりでは1匹で出ます。ただ、出る場所がランダムになる。,0,"[""5階のC-5あたりに1匹いる""]

5階の五つの部屋のどれか一つに1シンボルが即湧きする。ただ、出る場所がランダムなので走り回ることになる可能性も。
ver: 2.0","2026-03-17 08:02:20","2026-03-22 15:44:34"
3996,426,164,249,"[""E2"",""E3""]",いつでも,1〜2,多い,第四の魔峡の東側に少なめです。1〜2匹で出ます。,0,"[""第四の魔狭E-2・3にたくさんいる""]

第四の魔峡の東側に少数存在する。1～2匹構成。
ver: 2.2","2026-03-17 08:02:23","2026-03-23 09:30:40"
3997,351,569,815,"[""D7"",""F4"",""G3""]",夜,1〜3,少ない,夜だけ出ます。夜にF-4、G-3にいます。1〜3匹で出ます。,0,"[""夜にF-4、G-3、D-7に1匹ずついる""]

夜限定 1～3匹構成。シャイニングと入れ替わりで、D6、D3、F4の石畳の上にシンボルがある。
ver: 4.1","2026-03-17 08:02:25","2026-03-23 06:22:38"
3998,757,126,729,"[""E5"",""F5"",""E6"",""F6"",""D5"",""D6""]",いつでも,1〜2,多い,ワルド水源からメルサンディ村にかけて大量のいます。1〜2匹で出ます。ドラゴンキッズに一緒に出ます。,1,"[""メルサンディ村を出たところのマップ中央エリアに広範囲でいます""]

ワルド水源からメルサンディ村にかけて大量のシンボル。1～2匹構成。ドラゴンキッズにくっつく。
ver: 2.0","2026-03-17 08:02:29","2026-03-22 12:57:54"
3999,642,270,886,"[""D4"",""E4"",""E5"",""E6"",""D6"",""D5""]",いつでも,2〜4,普通,回転木馬の広場にシンボルそこそこです。2〜4匹です。,0,"[""回転木馬の広場にいる""]

回転木馬の広場にシンボルそこそこ。2～4匹構成。
ver: 5.1","2026-03-17 08:02:33","2026-03-23 17:24:26"
4000,568,562,795,"[""B4"",""C4"",""D3""]",いつでも,1,多い,北西部のマデ遺跡までの道のりに数シンボルです。一匹です。,0,"[""西にあるマデ神殿周辺B-4あたりに固まっている""]

北西部のマデ遺跡までの道のりに数シンボル。一匹構成。
ver: 4.0","2026-03-17 08:02:36","2026-03-23 15:10:59"
4001,473,561,794,"[""F5"",""F6""]",いつでも,2,普通,F-5〜F-6にかけて2シンボルです。スターキメラが2匹まで一緒に出ます。,0,"[""東のトンネルの先F-5あたりに数匹います""]

F5～F6にかけて2シンボル。スターキメラが2匹までくっつくが、あまりここで狩るメリットはない。
ver: 4.0","2026-03-17 08:02:38","2026-03-23 11:01:58"
4002,323,176,945,"[""G5""]",いつでも,,普通,1〜2匹で出ます。湧きが遅い上に両方でシンボル数が共有らしくとてもオススメできないです。,0,"[""第1層C-3、第2層G-5の水が溜まっている所にいる""]","2026-03-17 08:02:40","2026-03-22 18:15:05"
4003,523,560,793,"[""D5"",""F4"",""F3"",""E3"",""E4""]",いつでも,2,多い,キラーパンサーやマッドファルコンに2匹まで一緒に出ます。,1,"[""辺境警備隊詰所を出た所の広い場所とD-5あたりにもたくさんいる""]

辺境警備隊詰所から出てすぐのところにうじゃうじゃいる。辺境のほら穴から少し出たところにも生息。2匹構成固定のようだ。また、キラーパンサーやマッドファルコンに2匹までつく。
ver: 5.5","2026-03-17 08:03:13","2026-03-23 13:50:30"
4004,735,146,757,"[""B6"",""B7"",""C6"",""C7"",""D6"",""D7"",""E6"",""E7"",""F6"",""F7""]",いつでも,1〜2,普通,数、湧きともに悪くないです。1〜2匹で、時々グレムリンが混じる。,0,"[""マップの南側半分に広く出現する""]

数、湧きともに悪くない。1～2匹構成で、時々グレムリンが混じる。ルーラストーンを登録してあるならここでいい。
ver: 2.2","2026-03-17 08:03:15","2026-03-21 15:02:12"
4005,735,147,758,"[""E2""]",いつでも,1,1,E-2の柵の所で1匹で出ます。,0,"[""E-2の柵の所に1匹いる""]

名もなき草原に出るところで1シンボルが通せんぼしているが、ここで狩るよりは名もなき草原に行くほうがいい。
ver: 2.2","2026-03-17 08:03:15","2026-03-21 15:02:12"
4007,735,276,480,"[""G7"",""F7"",""F8"",""G8""]",いつでも,1〜2,普通,スライム型の島にいます。1〜2匹で出ます。,1,"[""FG-7のスライムの形をした島にいる""]

スライム型の島に生息。1～2匹構成。
ver: 6.2","2026-03-17 08:03:15","2026-03-21 15:02:12"
4008,557,267,872,"[""D5"",""E5""]",いつでも,,普通,しびれだんびら・強を含む2〜3匹構成で、しびれだんびら・強のほうも一緒に出ます。,1,"[""地下1階・地下2階""]","2026-03-17 08:03:31","2026-03-23 14:56:28"
4009,557,267,873,"[""G5""]",いつでも,,普通,地下1階・地下2階G-5にシンボル大量です。,1,"[""地下1階・地下2階""]","2026-03-17 08:03:31","2026-03-23 14:56:29"
4010,515,302,926,"[""C4"",""D4"",""E4"",""F4""]",いつでも,2,2,2シンボルのみで湧きも遅めです。2匹で出ます。,0,"[""池の周りに4シンボルくらいいる""]

マップは小さいが2シンボルのみで沸きも遅め。2匹構成。
ver: 7.4","2026-03-17 08:03:46","2026-03-23 13:35:43"
4011,23,276,480,"[""G7"",""F7"",""F8"",""G8""]",いつでも,1〜3,普通,スライム型の島にいます。1〜3匹で出ます。,0,"[""FG-7のスライムの形をした島にいる""]

スライム型の島に生息。1～3匹構成。
ver: 6.2","2026-03-17 08:04:09","2026-06-27 00:04:09"
4012,305,131,734,[],いつでも,1,普通,2階は1匹、3階は1〜3匹、4階は1〜2匹でお供は無しです。,0,"[""2階、3階、4階に出現する""]

2階は1匹、3階は1～3匹、4階は1～2匹構成でお供は無し。やみしばりのお供として2匹までくっつくので、そちらを優先してこちらは無視してもいい。
ver: 2.0","2026-03-17 08:04:17","2026-03-22 17:22:29"
4013,305,131,735,[],いつでも,1〜3,普通,2階は1匹、3階は1〜3匹、4階は1〜2匹でお供は無しです。,0,"[""2階、3階、4階に出現する""]","2026-03-17 08:04:17","2026-03-22 17:22:29"
4014,305,131,736,[],いつでも,1〜2,普通,2階は1匹、3階は1〜3匹、4階は1〜2匹でお供は無しです。,0,"[""2階、3階、4階に出現する""]","2026-03-17 08:04:17","2026-03-22 17:22:29"
4016,765,129,731,"[""B4"",""D6"",""C6"",""C5""]",いつでも,1,多い,セレドの町南方から偽リンジャハル海岸までの洞くつを除いた場所に広くいます。必ず1匹で出るため、仲間にしたい場合はこちらがおすすめです。,0,"[""セレドの町を出た広い所にいっぱいいる、B-4とC－5にもいる""]

セレドの町南方から偽リンジャハル海岸までの洞くつを除いた場所に分布。宿・ルーラポイントが近い。湧きはややまばらだが必ず1匹で出現するため、仲間にしたい場合はこちらがおすすめ。
ver: 3.0","2026-03-17 08:04:26","2026-03-22 17:29:08"
4017,765,141,751,"[""B4"",""B5"",""A5"",""A4""]",いつでも,1〜2,多い,西部にのみ出ます。混成無しの1〜2匹で出ます。セレドット山道よりもまとまっています。ドラゴンキッズといっしょに転生を狙おう。,1,"[""西の離れたエリアB-4・5あたりにたくさんいる""]

西部にのみ出現。混成無しの1～2匹構成。セレドット山道よりも密集している。ドラゴンキッズも多く生息。
ver: 2.0","2026-03-17 08:04:26","2026-03-22 17:29:08"
4018,873,127,163,"[""D2"",""D3"",""D4"",""D5"",""D6"",""D7"",""E2"",""E3"",""E4"",""E5"",""E6"",""E7""]",いつでも,2,多い,第1層の通路と第2層全域に出ます。さまようよろいとは相互に2匹まで一緒に出ます。,1,"[""第1層の通路と第2層全域に出現""]

第2層に出現する。さまようよろいとは相互に2匹までくっつく。さまようよろいとプリーストナイトにくっついてくる分、あとパンプキャビネットやエンゼルアーマーを狩る際にぶつかってしまう分だけで600匹狩れるので、わざわざこのシンボルに接触する必要性は薄い。
ver: 3.2","2026-03-17 08:04:32","2026-03-22 13:22:29"
4019,873,135,744,"[""G3"",""H3"",""G4"",""H4"",""E3"",""F3"",""E4"",""F4"",""E5"",""F5"",""E6"",""F6"",""G5"",""H5"",""G6"",""H6""]",いつでも,,普通,井戸から入った地下洞にいます。,1,"[""井戸から入った地下洞にいます""]","2026-03-17 08:04:32","2026-03-22 13:22:29"
4020,483,566,806,"[""C3"",""D3"",""C4"",""D4"",""E5"",""F5"",""E6"",""F6""]",いつでも,,普通,北側の研究棟の2階と1階にいます。,0,"[""北側の研究棟の2階と1階にいます""]","2026-03-17 08:04:34","2026-03-23 11:13:40"
4021,483,566,804,"[""C3"",""D3"",""C4"",""D4"",""E3"",""F3"",""E4"",""F4"",""G3"",""H3"",""G4"",""H4"",""G1"",""H1"",""G2"",""H2"",""E1"",""F1"",""E2"",""F2"",""C1"",""D1"",""C2"",""D2"",""A1"",""B1"",""A2"",""B2"",""A3"",""B3"",""A4"",""B4""]",いつでも,,普通,亡者のひとだまがついてくることがあります。,0,"[""北側の研究棟の2階と1階にいます""]

2階にシンボルがいくつか存在。亡者のひとだまがくっついてくる。
ver: 4.0","2026-03-17 08:04:34","2026-03-23 11:13:40"
4022,483,586,838,"[""E7""]",いつでも,1〜3,3,E-7の柵の先に3シンボルほどです。1〜3匹で出ます。,0,"[""E-7にいます""]

E-7の柵の先に3シンボルほど。1～3匹構成。
ver: 4.4","2026-03-17 08:04:34","2026-03-23 11:13:40"
4023,788,127,162,"[""C2"",""E1""]",いつでも,1,普通,"第1層の各小部屋、第3層の小部屋（D-3,F-5,6）とE-6にシンボルが湧きます。",0,"[""[\"1匹@小部屋\",\"第1層と第3層の小部屋にランダムで出現する、第1層E－1など\"] \/ 1匹@小部屋"",""第1層と第3層の小部屋にランダムで出現する、第1層E－1など""]

第1層の各小部屋、第3層の小部屋（D-3,F-5,6）とE-6にシンボルが湧く。やや遠いがエモノ呼びしないならここがおすすめ。
ver: 2.0","2026-03-17 08:04:47","2026-03-23 15:06:00"
4024,788,127,164,"[""D3"",""F5""]",いつでも,,普通,第1層の各小部屋、第3層のD3/F5にシンボルが湧きます。,0,"[""第1層と第3層の小部屋にランダムで出現する、第1層E－1など""]","2026-03-17 08:04:47","2026-03-23 15:06:00"
4025,788,131,735,"[""E6"",""F4""]",いつでも,,普通,3階E6/F4にいます。4階F5にいます。5階C5にランダムで出現します。,1,"[""3階E-6とF-4、4階F-5、5階C-5にランダムで出現します""]","2026-03-17 08:04:47","2026-03-23 15:06:00"
4026,788,131,736,"[""F5""]",いつでも,,普通,3階E6/F4にいます。4階F5にいます。5階C5にランダムで出現します。,1,"[""3階E-6とF-4、4階F-5、5階C-5にランダムで出現します""]","2026-03-17 08:04:47","2026-03-23 15:06:00"
4027,788,131,737,"[""C5""]",いつでも,,普通,3階E6/F4にいます。4階F5にいます。5階C5にランダムで出現します。,1,"[""3階E-6とF-4、4階F-5、5階C-5にランダムで出現します""]","2026-03-17 08:04:47","2026-03-23 15:06:00"
4028,788,145,756,"[""D2""]",いつでも,,多い,2.4後期から新たに配置されたです。3.0よりレビュール北側の入り口から入ってすぐのA-5小部屋1分湧きはなくなり、洞くつ内全域の湧きになってしまったのでおすすめできないです。南側の通路にいたりD-2にもいたにいます。全体に出現するらしいです。,0,"[""南側の通路にいたりD-2にもいた、マップ全体に出現するらしい""]

2.4後期から新たに配置された。3.0よりレビュール北側の入り口から入ってすぐのA5小部屋1分湧きはなくなり、洞くつ内全域の湧きになってしまったのでおすすめできない。
ver: 3.0","2026-03-17 08:04:47","2026-03-23 15:06:00"
4029,788,162,240,"[""F4""]",いつでも,1,普通,2階F4にいます。3階F4、E6にランダムで出現します。1匹で出ます。,0,"[""2階F-4、3階F-4とE-6にランダムで出現する"",""[\"1匹\",\"2階F-4、3階F-4とE-6にランダムで出現する\"] \/ 1匹""]","2026-03-17 08:04:47","2026-03-23 15:06:00"
4030,788,162,241,"[""E6"",""F4""]",いつでも,1,普通,2階F-4にいます。3階F-4、E-6にランダムで出現します。1匹で出ます。,0,"[""1匹"",""2階F-4、3階F-4とE-6にランダムで出現する""]","2026-03-17 08:04:47","2026-03-23 15:06:00"
4031,788,175,267,"[""C3"",""D3"",""E3"",""F3"",""F4"",""E4"",""D4"",""C4"",""C5"",""D5"",""E5"",""F5""]",いつでも,1,多い,1匹で出ます。全域にランダムで出現。,0,"[""[\"1匹\",\"マップ全域にランダムとのこと、C-3・4の広間に数匹いた\"] \/ 1匹"",""マップ全域にランダムとのこと、C-3・4の広間に数匹いた""]

2.4後期から新たに配置された。偽と同様、3.0よりレビュール北側の入り口から入ってすぐのA5小部屋1分湧きはなくなり、洞くつ内全域の湧きになってしまったのでおすすめできない。
ver: 3.0","2026-03-17 08:04:47","2026-03-23 15:06:00"
4033,788,210,1040,"[""C4"",""F4""]",いつでも,1〜2,普通,沈没船のD-4かE-4に固定湧きです。1〜2匹で出ます。だいたい30秒くらいで湧く。,1,"[""海賊船内のC-4とF-4にいる""]

沈没船のD4かE4に固定湧き。1～2匹構成。だいたい30秒くらいで湧く。
ver: 3.4","2026-03-17 08:04:47","2026-03-23 15:06:00"
4034,227,118,1009,"[""B3"",""G3"",""C3"",""D3"",""E3"",""F3""]",いつでも,,普通,特になし,0,"[""下層のB-3とG-3のらせん階段で出現します、最上層までいます""]","2026-03-17 08:04:49","2026-03-22 12:30:43"
4035,363,562,795,"[""G4"",""F4"",""E4"",""D4"",""C4"",""C5"",""C6"",""C7"",""D7"",""D6"",""D5"",""B4""]",いつでも,1〜2,普通,キィンベル北東門近くは1〜2匹で、トロルに一緒に出ます。バントリユ地方近辺やエテーネ王国領近辺は2匹で出ます。エメラルドーンに2匹まで一緒に出ます。北西部や自由人の集落近辺は2〜4匹です。数を稼ぐなら自由人の集落近辺がおすすめです。,1,"[""王都キィンベルを出てすぐにいる、北のエリアを除いてほぼすべての場所にいます""]

場所によって数が違う。キィンベル北東門近くは1～2匹構成で、トロルにくっつく。バントリユ地方近辺やエテーネ王国領近辺は2匹構成。エメラルドーンに2匹までくっつく。北西部や自由人の集落近辺は2～4匹構成。数を稼ぐなら自由人の集落近辺がおすすめ。
ver: 4.0","2026-03-17 08:04:52","2026-03-23 06:41:07"
4036,278,195,301,"[""E3"",""F3"",""E4"",""F4""]",いつでも,,多い,第2層から第3層の坂でたくさん出てきます。,0,"[""第2層から第3層の急な坂でたくさん出てきます""]","2026-03-17 08:04:55","2026-03-22 14:48:52"
4037,278,195,302,"[""E3"",""F3"",""E4"",""F4""]",いつでも,,多い,第2層から第3層の坂でたくさん出てきます。,0,"[""第2層から第3層の急な坂でたくさん出てきます""]","2026-03-17 08:04:55","2026-03-22 14:48:52"
4038,874,115,1003,"[""C1"",""C2"",""C3"",""D1"",""D2"",""D3"",""E1"",""E2"",""E3""]",いつでも,,多い,北側半分くらいでたくさん出現します。,1,"[""マップの北側半分くらいでたくさん出現します""]","2026-03-17 08:04:57","2026-07-29 10:43:47"
4039,201,575,825,"[""E4"",""G5"",""C4"",""D4""]",いつでも,1〜3,普通,C-4〜F-4にかけての細道とG-5の通路にいくつかのシンボルです。1〜3匹で出ます。おすすめです。,1,"[""E-4とG-5の細い所にいる""]

C-4～F-4にかけての細道とG-5の通路にいくつかのシンボル。1～3匹構成。おすすめ。
ver: 4.2","2026-03-17 08:05:06","2026-03-22 11:40:49"
4040,679,589,844,"[""G4""]",いつでも,2〜3,3,G4〜F4の海岸南に3シンボルです。ここも2〜3匹で出ます。,0,"[""G-4の海岸に3匹ほどいる""]

G-4～F-4の海岸南に3シンボル。ここも2～3匹構成。
ver: 6.4","2026-03-17 08:05:11","2026-03-23 18:12:06"
4041,333,560,793,"[""B5""]",いつでも,1,普通,辺境のほら穴周辺に4シンボルです。湧きは1分程度。,1,"[""辺境のほら穴の近くのB-5に結構います""]

辺境のほら穴周辺に4シンボル。湧きは1分程度で、際限なく狩れる。たまに少し遠くに湧くので注意。1匹構成。
ver: 5.5","2026-03-17 08:05:16","2026-03-22 18:34:25"
4042,509,560,793,"[""E5"",""F6"",""G7"",""F7"",""E6""]",いつでも,1〜2,少ない,1〜2匹にヒポせんしが2匹ついたりします。ヒポせんしが多すぎて見つけにくい。どっちがどっちだ!,1,"[""マップ中央E-5あたりから南東に広く出現、数は少なめ""]

辺境警備対詰所の南からエテーネ王国領までの道沿いに生息。1～2匹にヒポせんしが2匹までつき、最大で3匹構成になる。ヒポせんしが多すぎて見つけにくい。
ver: 5.5","2026-03-17 08:05:22","2026-03-23 13:04:02"
4043,320,168,944,"[""B4"",""D7"",""E7""]",いつでも,,普通,地下1階B4、D7にいます。,1,"[""地下1階B-4とD-7、1階G-2に出現する""]","2026-03-17 08:05:28","2026-03-23 08:41:00"
4045,399,560,793,"[""E5"",""E6"",""E7"",""F7"",""G7""]",いつでも,2〜3,多い,おすすめです。E-5からエテーネ王国領にかけてかなりいます。2〜3匹で出ます。ヒッポキングにも2匹まで一緒に出ます。,1,"[""マップ中央E-5あたりから南東に広く出現、たくさんいます""]

おすすめ。E-5からエテーネ王国領にかけて山ほどいる。2～3匹構成。ヒッポキングにも2匹までつく。
ver: 5.5","2026-03-17 08:05:37","2026-03-23 08:13:34"
4046,389,564,799,"[""C5""]",いつでも,2〜3,普通,下層の間欠泉から吹き飛んだ先に数シンボルで、2〜3匹で出ます。こんぶ大将やグレイトマーマンにも2〜3匹一緒に出ます。,0,"[""下層C-5や外に出たところにいます""]

下層の間欠泉から吹き飛んだ先に数シンボルで、2～3匹構成。こんぶ大将やグレイトマーマンにも2～3匹くっつく。
ver: 4.0","2026-03-17 08:05:38","2026-03-23 07:40:13"
4047,878,122,1000,"[""F3"",""F2"",""G2"",""G3""]",いつでも,1,普通,9階に1シンボル30秒沸きです。1匹ずつ出ます。,1,"[""9階に出現します""]

9階に1シンボル30秒沸き。1匹構成。
ver: 7.6前","2026-03-17 08:05:40","2026-03-24 08:29:20"
4048,771,125,728,"[""D3"",""D4"",""E3"",""E4"",""D5"",""E5""]",いつでも,1,少ない,中央の黄葉商店あたりに出現します。数は少なめです。,0,"[""マップ中央の黄葉商店周辺に出現します、数は少なめ""]

黄葉商店から南北のトンネルまでの範囲に分布。げんじかぶとがいるあたりが目安。1匹構成。シンボル密度が薄いため常に動いて探す必要がある。宿からは近い。
ver: 2.2","2026-03-17 08:05:43","2026-03-22 17:15:39"
4049,771,560,793,"[""E4""]",いつでも,1,1,バーサーカーが2匹までついてくることがあります。湧きはも2、3分かかる。,0,"[""E-4あたりにいるが数は極めて少ない""]

辺境警備隊詰所周辺に1シンボルしかいない。しかも1匹構成でバーサーカーが2匹までくっついてくる。まったくおすすめできない。湧きも2、3分かかるようだ。
ver: 5.5","2026-03-17 08:05:43","2026-03-22 17:15:39"
4051,742,585,836,"[""E2"",""E3"",""D3"",""D2"",""C4"",""C5"",""D6"",""D5"",""D4"",""C6"",""C7"",""B7"",""B6"",""D7"",""E7"",""F7"",""F6"",""E6""]",いつでも,2〜3,多い,入り口から奥まで満遍なくいます。入口付近は2〜3匹で出ます。それ以外は5〜6匹です。,1,"[""洞くつ内全域に出現します""]

入り口から奥まで満遍なくいる。入口付近は2～3匹構成。それ以外は5～6匹構成。 （入り口付近にも5～6匹構成のシンボルは沸く）
ver: 6.2","2026-03-17 08:05:48","2026-03-21 18:34:17"
4052,9,586,838,"[""B5""]",いつでも,4〜7,普通,南西エリアにそれなりのシンボルです。4〜7匹なのでここ一択です。,1,"[""南西のエリアB-5・6にいる""]

南西エリアにそれなりのシンボル。4～7匹構成なのでここ一択。
ver: 4.4","2026-03-17 08:05:52","2026-03-26 14:22:48"
4053,734,186,983,"[""D7"",""E7"",""E6"",""D6""]",いつでも,1〜2,多い,入ってすぐのところにまとまっていますしています。1〜2匹で出ます。,0,"[""入ってすぐの広い所に出現""]

入ってすぐのところに密集している。1～2匹構成。
ver: 3.4","2026-03-17 08:05:56","2026-03-21 14:18:42"
4054,734,280,903,"[""D6"",""D7""]",いつでも,2,普通,原野エリア南の谷周辺にシンボルです。2匹で出ます。,0,"[""落日の原野の南エリアに出現します""]

原野エリア南の谷周辺にシンボル。2匹構成。
ver: 6.1","2026-03-17 08:05:56","2026-03-21 14:18:42"
4055,641,50,974,"[""D4"",""E4""]",いつでも,2,少ない,地下1階D4、E4に2匹ずついます。,0,"[""地下1階D-4とE-4に2匹ずついます""]","2026-03-17 08:05:59","2026-03-23 17:23:10"
4056,374,150,759,"[""D4"",""D5"",""D6""]",いつでも,3〜4,多い,特になし,0,"[""第1層D-5に少しと第2層D-4・5・6あたりの水が流れている所にいる、G-3にもいる""]

1～2層の水辺に生息。3～4匹構成と出現数は多いが、湧きが広いため枯れやすい。
ver: 5.3","2026-03-17 08:06:02","2026-03-23 07:08:56"
4057,332,150,759,"[""G3""]",いつでも,1〜2,少ない,1〜2匹で出ます。2層G-3に1、3層C-5〜6に2シンボルです。,0,"[""第2層G－3に1匹と第3層C-6に数匹いる""]

1～2匹構成。2層G3に1、3層C5～6に2シンボル。
ver: 5.3","2026-03-17 08:06:20","2026-03-22 18:32:12"
4058,332,150,760,"[""C6""]",いつでも,1,少ない,"[""第2層G－3にと第3層C-6に数匹いる""]あたりで見かけます。だいたい1体くらいです。",0,"[""第2層G－3に1匹と第3層C-6に数匹いる""]","2026-03-17 08:06:20","2026-03-22 18:32:12"
4059,332,561,794,"[""G3"",""G2""]",いつでも,1,普通,北東部のトンネルを抜けた先に数シンボルです。1匹だが、探しやすい。,0,"[""北東のトンネルの先のG-3のエリアに固まっています""]

北東部のトンネルを抜けた先に数シンボル。1匹構成だが、探しやすい。
ver: 4.0","2026-03-17 08:06:20","2026-03-22 18:32:12"
4060,332,586,838,"[""D3""]",いつでも,1,普通,D-3あたりにいます。,0,"[""D-3あたりにいます""]

北部のD-3に複数シンボル。1匹構成でリュウイーソーにくっついてくることがある。
ver: 4.4","2026-03-17 08:06:20","2026-03-22 18:32:12"
4061,880,122,1000,"[""G6"",""F6"",""F7"",""G7""]",いつでも,1,普通,9階に1シンボル30秒沸きです。1匹ずつ出ます。,1,"[""9階に出現します""]

9階に1シンボル30秒沸き。1匹構成。
ver: 7.6前","2026-03-17 08:06:24","2026-03-24 08:29:59"
4062,792,301,925,"[""E6"",""E7"",""F6"",""F7"",""G6"",""G7""]",いつでも,2〜4,少ない,南東〜東に点々といます。2〜4匹です。かまいたちにも一緒にでます。,0,"[""マキュリ集落を出てすぐのマップの南東エリアで広く出現、数は少なめ""]

マップ南東～東にまばら。2～4匹構成。かまいたちにも混ざる。
ver: 7.4","2026-03-17 08:06:31","2026-03-23 13:59:49"
4063,16,561,794,[],いつでも,1,少ない,南部の海岸の波打ち際に少なめですのシンボルです。岩とびあくまが1匹ついてくることがあります。,0,"[""マップ南の海沿いにいる""]

南部の海岸の波打ち際に少数のシンボル。岩とびあくまが1匹くっついてくる。あまりここで狙う意味はないだろう。
ver: 4.0","2026-03-17 08:06:37","2026-03-21 12:14:32"
4064,405,561,794,"[""D6"",""D3"",""D4"",""D5"",""E5"",""E6"",""E4"",""E3""]",いつでも,2,普通,全体的に広く分布し、おすすめです。王都キィンベルのあたりは2匹だが、D-5からE-6にかけては3匹で現れるです。,0,"[""マップの北側からDEの列を下までずっと広範囲にいます、王都キィンベルから出れば大体すぐにいる""]

全体的に広く分布し、おすすめ。王都キィンベルのあたりは2匹構成だが、D5からE6にかけては3匹構成で現れる。ただし後者はシンボル数少なめ。
ver: 4.0","2026-03-17 08:06:43","2026-03-23 08:50:34"
4066,883,301,925,"[""C6"",""B6""]",いつでも,1,2,南西の高台に2シンボルです。1匹ずつ出ます。,0,"[""南西のエリアB・C-6あたりに数匹出現する""]

南西の高台に2シンボル。1匹構成。
ver: 7.4","2026-03-17 08:07:18","2026-03-26 14:45:45"
4067,687,272,468,"[""D4""]",いつでも,,普通,通路のD-4あたりにいます。,0,"[""マップ中央の通路にいる(通路のD-4あたり)""]","2026-03-17 08:07:26","2026-03-23 18:19:42"
4068,398,134,742,"[""C5"",""C6"",""C7"",""B7"",""B6"",""B5""]",いつでも,1〜2,普通,遺跡下層部にいます。1〜2匹で出ます。,0,"[""遺跡下層部に出現します""]

遺跡下層部にいる。1～2匹構成。
ver: 2.2","2026-03-17 08:07:34","2026-03-23 08:11:34"
4069,398,561,794,"[""F3"",""G4""]",いつでも,2〜3,多い,東部のトンネル地帯にたくさんいますのシンボルです。2〜3匹で出ます。,0,"[""マップの東側にあるトンネル内(F-3やG-4)にいる""]

東部のトンネル地帯に多数のシンボル。2～3匹構成。
ver: 4.0","2026-03-17 08:07:34","2026-03-23 08:11:34"
4071,503,150,762,"[""F4""]",いつでも,3〜4,普通,4層にいます。3〜4匹です。第4層F-4あたりに少しいます。,0,"[""第4層F-4あたりに少しいます""]

4層に生息。3～4匹構成。
ver: 5.3","2026-03-17 08:07:44","2026-03-23 12:12:03"
4072,503,575,825,"[""C5"",""D5"",""E5"",""E6"",""D6"",""C6""]",いつでも,1〜4,多い,C-5から戦神の宮殿にかけてシンボルたくさんいます。1〜4匹で、亡者のひとだまが二匹まで一緒に出ることもあります。おすすめ,1,"[""邪神の宮殿から西C-5あたりまでいる""]

C-5から戦神の宮殿にかけてシンボル多数。1～4匹構成で、亡者のひとだまが二匹までくっつくことも。密度、出現数ともにおすすめ。
ver: 4.2","2026-03-17 08:07:44","2026-03-23 12:12:03"
4073,740,12,141,"[""F5"",""E5"",""E6"",""F6"",""F7"",""E7""]",いつでも,1〜3,,地域限定。1〜3匹でベンガルクーンも混ざります。,1,"[""EF-5から南で出現します""]

地域限定モンスター。 EF-5の池の岸から南に分布。1～3匹構成でベンガルクーンと相互に混成する。転生を狙えばベンガルクーンも勝手に終わる。
ver: 4.5","2026-03-17 08:08:04","2026-03-21 18:38:10"
4075,342,562,795,"[""D5"",""C5""]",いつでも,2〜3,普通,D-5からC-5にかけて出ます。2〜3匹で拠点からも近いためおすすめです。,1,"[""D-5からマップ中央の低い場所にいる""]

D-5からC-5にかけて出現。2～3匹構成で拠点からも近いためおすすめ。
ver: 4.0","2026-03-17 08:08:19","2026-03-22 18:49:40"
4076,133,586,838,"[""E2"",""E3"",""D2"",""D3""]",いつでも,2〜3,多い,北部のE-3〜D-2にかけてシンボルたくさんいます。2〜3匹でアクセスもいいのでおすすめです。,1,"[""北側のDE-2にいます""]

北部のE3～D2にかけてシンボル多数。2～3匹構成でアクセスもいいのでおすすめ。
ver: 4.4","2026-03-17 08:09:01","2026-03-21 18:53:11"
4077,113,584,835,"[""D7"",""D6"",""E6"",""E7"",""B5"",""B4"",""C3"",""D3"",""E3"",""F3"",""G3"",""G4"",""G5"",""F5"",""E5"",""D5"",""C5"",""C4"",""D4"",""E4"",""F4"",""B3""]",いつでも,2〜3,多い,入ってすぐのところにシンボルが複数です。2〜3匹で拠点も近いのでおすすめです。洞くつ内全域に出現します。,1,"[""洞くつ内全域に出現します""]

入ってすぐのところにシンボルが複数。2～3匹構成で拠点も近いのでおすすめ。
ver: 1.4","2026-03-17 08:09:03","2026-03-21 17:45:10"
4078,886,122,997,"[""E5"",""D5"",""D4"",""E4""]",いつでも,2〜3,普通,6階にいます。2〜3匹で出ます。,1,"[""6階に出現します""]

6階に生息。2～3匹構成。
ver: 7.6前","2026-03-17 08:09:05","2026-03-24 09:36:39"
4079,282,195,301,"[""E3"",""F3"",""E4"",""F4"",""E5"",""F5"",""E6"",""F6""]",いつでも,1,普通,熱そうなトンネルの中にいる。,0,"[""第2層と3層の熱そうなトンネル内にいます""]

第2層や第3層にある熔岩のトンネルの中に生息する。常時ダメージを受ける環境なので他にいくほうがよい。第二層は一匹構成、第三層は2～3匹構成のようだ。
ver: 3.1","2026-03-17 08:09:08","2026-03-22 15:11:53"
4080,169,575,825,"[""B5"",""B6"",""C6"",""C5""]",いつでも,3〜4,多い,入ってすぐのところにシンボルが存在です。3〜4匹でおすすめです。,1,"[""B-5に固まっている""]

入ってすぐのところにシンボルが存在。3～4匹構成でおすすめ。
ver: 4.2","2026-03-17 08:09:10","2026-03-22 10:36:21"
4081,770,129,731,"[""E3"",""F2""]",いつでも,,普通,北東のF2にいます。他にE3広場に2シンボルずつの即湧きありです。湧いたのを見つけやすいE3広場で狩るのが一番お勧めです。,0,"[""マップの南東エリアの高い所にいます、北東のF-2、E-3にもいる""]

偽りのリャナ荒涼地帯前のF2、E3広場に2シンボルずつの即湧きあり。湧いたのを見つけやすいE3広場で狩るのが一番お勧め。スターキメラにくっついてくるほか、スターキメラがくっつくことも。
ver: 2.0","2026-03-17 08:09:16","2026-03-22 18:19:55"
4082,770,130,732,"[""C5"",""C6""]",いつでも,,多い,南西C5〜C6あたりでよく見かけます。ガーゴイルが邪魔。,0,"[""マップ南西C-5・6あたりにたくさんいます""]

ガーゴイルと一緒にやるなら。こいつだけを狙う場合、ガーゴイルが邪魔すぎる。
ver: 2.0","2026-03-17 08:09:16","2026-03-22 18:19:55"
4083,770,150,760,"[""C5"",""E7"",""C6"",""C7""]",いつでも,3〜4,普通,3層南部に広い範囲でいます。3〜4匹です。第3層の西の通路C5〜7とE7にいます。,1,"[""第3層の西の通路C-5～7とE-7にいます""]

3層南部に広く生息。3～4匹構成。
ver: 5.3","2026-03-17 08:09:16","2026-03-22 18:19:55"
4084,770,586,838,"[""E6"",""D6""]",いつでも,1〜3,多い,1〜3匹で出ます。ダークペルシャがお供になることがある。,0,"[""DE-6にいっぱいいる""]

３号観測小屋のまわりにシンボル多数。1～3匹構成。ダークペルシャがお供になることがあり、合計で最大3匹となる。
ver: 4.4","2026-03-17 08:09:16","2026-03-22 18:19:55"
4085,887,301,925,"[""B6"",""D3"",""G5""]",いつでも,1,少ない,B4/D3/G5の道の真ん中に1シンボルずつぽつんと立っています。1匹で湧きに2分かかります。,0,"[""G-5に1匹、D-3に1匹、B-6に1匹いる""]

B-4、D-3、G-5の道の真ん中に1シンボルずつぽつんと立っている。1匹構成で湧きに2分と時間がかかるのでおすすめしない。
ver: 7.4","2026-03-17 08:09:21","2026-03-24 09:39:01"
4088,638,176,946,"[""E5"",""E4""]",いつでも,,少ない,中層で出現します。,0,"[""中層で出現します""]

中層に少数出現する。
ver: 2.3","2026-03-17 08:09:31","2026-03-26 14:43:44"
4089,888,122,1000,"[""B2"",""C3"",""B3"",""C2""]",いつでも,1,普通,9階に1シンボル30秒沸きです。1匹ずつ出ます。,1,"[""9階に出現します""]

9階に1シンボル30秒沸き。1匹構成。
ver: 7.6前","2026-03-17 08:09:34","2026-03-26 14:44:43"
4090,232,109,96,"[""B4"",""B3"",""C3"",""D3"",""D4"",""C4"",""D2"",""D1"",""E1"",""E2"",""F2"",""G2"",""H2"",""H3"",""G3"",""F3"",""E3""]",いつでも,,多い,第3層は全域で出現します。,1,"[""第1層と第2層は広くなっている所に、第3層は全域で出現します""]","2026-03-17 08:09:40","2026-03-22 12:38:54"
4092,759,129,731,"[""B4"",""C5"",""D6"",""D7"",""C6"",""C7""]",いつでも,1〜2,多い,地域限定。セレドの町を出た広い所によく見かけます。1〜2匹で出て、稀にバトルレックスも混ざります。,1,"[""セレドの町を出た広い所にいっぱいいる、B-4とC－5にもいる""]

地域限定モンスター。セレドの町の南にシンボル多数。1～2匹構成で、稀にバトルレックスが混成する。
ver: 2.0","2026-03-17 08:09:43","2026-03-22 14:44:34"
4093,670,271,895,"[""C6"",""E6"",""D6""]",いつでも,1〜2匹,普通,1〜2匹の単構成で近くのキングリザード・強も一緒に出ます。,1,"[""終末の径と喪亡の路に出現します""]","2026-03-17 08:09:59","2026-03-23 18:03:28"
4094,252,127,163,"[""C4"",""C5"",""D5"",""E5"",""F5"",""F4"",""E4"",""D4""]",いつでも,,多い,三匹まで出るほか、さまようよろいも混ざります。,1,"[""第2層全域にいます""]","2026-03-17 08:10:03","2026-03-22 13:18:02"
4095,402,176,946,"[""E5"",""E4"",""F4"",""F5""]",いつでも,1〜2,多い,1〜2匹で出ます。,0,"[""中層にたくさんいます""]

中層に出現する。1～2匹構成。近くにいるベヒードスに注意。
ver: 2.3","2026-03-17 08:10:09","2026-03-23 08:17:33"
4096,402,589,844,"[""F6"",""F7""]",いつでも,2〜3,多い,おすすめです。南側ワープ地点の崖を降りてすぐにかなりいます。2〜3匹で出ます。ゴールドマンもまれに一緒に出ます。,1,"[""マップの南側F-6・7あたりにたくさんいます""]

おすすめ。南側ワープ地点の崖を降りてすぐに大勢いる。2〜3匹構成。ゴールドマンもまれにつく。
ver: 6.4","2026-03-17 08:10:09","2026-03-23 08:17:33"
4098,427,586,838,"[""B3""]",いつでも,1〜3,普通,北西のB-3にいます。4のエリアにいます。,0,"[""北西のB-3・4のエリアにいます""]

北西エリアの道沿いあたりに数シンボル。1～3匹構成。エメラルドーンがくっついてくることがある。
ver: 4.4","2026-03-17 08:10:16","2026-03-23 09:32:54"
4099,644,586,838,"[""B3""]",いつでも,1〜2,普通,北西エリアに3シンボルです。基本的にトンネルから出たところで待ち構えています。1〜2匹で出ます。,1,"[""北西のB-3・4のエリアにいます""]

北西エリアに3シンボル。基本的にトンネルから出たところで待ち構えている。1～2匹構成。
ver: 4.4","2026-03-17 08:10:18","2026-03-23 17:27:41"
4100,260,586,838,"[""E2"",""D3"",""E3"",""D2""]",いつでも,2〜4,多い,じんめんじゅにも2匹までついてくることがあります。,1,"[""北側のDE-2にいます""]

北部のE-3～D-2にかけてシンボル多数。2～4匹構成でアクセスもいいが、稀にリュウイーソーがくっついてくる。じんめんじゅにも2匹までくっついてくる。
ver: 7.1","2026-03-17 08:10:20","2026-03-22 13:33:18"
4101,415,131,735,"[""D5"",""D4"",""E5"",""E4""]",いつでも,1,普通,3階中央の広いところにいます。1シンボルで再ポップに少し時間がかかるです。,0,"[""3階の中央の部屋に1匹います""]

3階中央の広いところにいる。1シンボルで再ポップに少し時間がかかる。
ver: 2.0","2026-03-17 08:10:22","2026-03-23 09:04:07"
4102,415,575,825,"[""G6"",""F6""]",いつでも,1〜3,普通,F-6・G-6に1シンボルずつです。1〜3匹で出ます。,0,"[""FG-6の広い所にいます""]

F6・G6に1シンボルずつ。1～3匹構成。
ver: 4.2","2026-03-17 08:10:22","2026-03-23 09:04:07"
4103,494,267,871,"[""E5"",""F5"",""E6"",""F6""]",いつでも,2〜4,多い,おすすめです。1〜2階に大量です。2〜4匹です。,1,"[""1階・2階""]

おすすめ。1～2階に大量。2～4匹構成。
ver: 5.5","2026-03-17 08:10:35","2026-03-23 11:31:35"
4104,31,276,480,"[""G7"",""F7"",""F8"",""G8""]",いつでも,1〜2,普通,スライム型の島にいます。1〜2匹で出ます。FG-7のスライムの形をした島にいます。,0,"[""FG-7のスライムの形をした島にいる""]

スライム型の島に生息。1～2匹構成。
ver: 6.2","2026-03-17 08:10:42","2026-03-21 13:07:50"
4105,311,176,947,"[""E2"",""E7""]",いつでも,4,普通,D7のあたりは3匹まであるのでおすすめです。,1,"[""第3層E-7に固まって4匹くらいとE-2にも飛んでいる""]

ここ一択だろう。第三層に出現。E2やD7に飛んでいる。D7のあたりは3匹構成まであるのでおすすめ。リンクさせると4匹まで同時出現することも。ちなみに夜も飛んでいる。
ver: 2.3","2026-03-17 08:10:47","2026-07-29 10:30:08"
4106,311,575,825,"[""E6"",""E5"",""D5"",""D6"",""C5"",""C6""]",いつでも,1〜3,普通,邪神の宮殿前の広い所に飛んでいます。,0,"[""邪神の宮殿前の広い所に飛んでいます""]

C5から戦神の宮殿にかけてシンボルがそこそこ飛んでいる。1～3匹構成。ダークオルニスがついてくることもある。
ver: 4.2","2026-03-17 08:10:47","2026-07-29 10:30:08"
4107,639,609,890,"[""E5""]",いつでも,,普通,地下2階E-5と地下3階の真ん中あたりで飛んでいます。,0,"[""地下2階E-5と地下3階の真ん中あたりで飛んでいます""]","2026-03-17 08:10:51","2026-03-20 18:53:51"
4109,889,122,997,"[""E5"",""D5"",""D4"",""E4"",""C3"",""C4"",""C5"",""C6"",""D6"",""E6"",""F6"",""F5"",""F4"",""F3"",""E3"",""D3""]",いつでも,2〜3,普通,6階にいます。2〜3匹で出ます。,1,"[""6階に出現します""]

6階に生息。2～3匹構成。
ver: 7.6前","2026-03-17 08:10:53","2026-03-24 09:39:56"
4110,436,609,889,"[""E3""]",いつでも,,普通,地下2階のE-3あたりで固まっています。,0,"[""地下2階のE-3あたりで固まっています""]","2026-03-17 08:11:04","2026-03-24 18:06:40"
4111,295,585,836,"[""D2"",""E2"",""E3"",""D3""]",いつでも,2〜3,普通,洞くつ前半で出現します。2〜3匹で出ます。,0,"[""洞くつ前半で出現します""]

E3～D6にかけてシンボルがある。2～3匹構成。湧き場所がそこそこ広く、探す必要がある。
ver: 4.3","2026-03-17 08:11:07","2026-03-22 16:03:19"
4112,746,10,570,"[""E6"",""D7"",""D8"",""E8"",""F8"",""F7"",""E7""]",いつでも,1〜2,多い,入口から階段を2つ降りたところから水環の間までの間にいます。1〜2匹で出て、どれいへいしかメーダクインも混ざります。,0,"[""E-6・7で出現たくさんします""]

入口から階段を2つ降りたところから水環の間までの間にいる。1～2匹構成で、どれいへいしかメーダクインが混成する。入り口付近の敵のお供としても出現する。
ver: 1.4","2026-03-17 08:11:20","2026-03-21 19:24:53"
4113,746,69,561,"[""B4"",""B5"",""C5"",""D5"",""E5"",""F5"",""G5"",""H5"",""H4"",""G4"",""F4"",""E4"",""D4"",""C4""]",いつでも,1,ちらほら,マップ内に点在し、1体固定です。スモールグール、ジェリーマンのお供としても出ます。,0,"[""洞くつに入ってすぐいて半分くらいまでいる""]

マップ内に点在し、1体固定。スモールグール、ジェリーマンのお供としても出現。
ver: 1.4","2026-03-17 08:11:20","2026-03-21 19:24:53"
4114,746,114,1002,"[""B1"",""B2"",""B3"",""C1"",""C2"",""C3"",""D1"",""D2"",""D3""]",いつでも,,多い,北側の洞くつでたくさん出現します。,0,"[""マップ北側の洞くつでたくさん出現します""]","2026-03-17 08:11:20","2026-03-21 19:24:53"
4115,447,562,795,"[""D3""]",いつでも,1〜2,多い,現代と同じ。,0,"[""星落ちる谷周辺のエリアD-3あたりに固まっている""]

星落ちる谷近辺にそれなりのシンボル。1～2匹構成で拠点からすぐなので悪くはない。
ver: 6.5","2026-03-17 08:11:22","2026-03-23 10:13:50"
4116,654,276,481,"[""F3"",""D3"",""C3""]",いつでも,2,普通,天涙の大水源・西の洞くつの崖下からサドムの泉にかけています。2匹で出ます。,0,"[""崖・下層からサドムの泉へのトンネル内にいる、F-3のトンネル内にもいる""]","2026-03-17 08:11:36","2026-03-23 17:42:48"
4117,541,565,800,"[""D2"",""D3"",""D4"",""D5"",""D6"",""D7"",""E2"",""E3"",""E4"",""E5"",""E6"",""E7""]",いつでも,1〜3,普通,落とし穴に落ちた先に数シンボルです。1〜3匹で出ます。,0,"[""上下が反転する通路にいます""]

落とし穴に落ちた先に数シンボル。1～3匹構成。ここよりはムストの町のほうがいいだろう。
ver: 3.5","2026-03-17 08:11:46","2026-03-23 14:13:33"
4118,541,50,972,"[""B5"",""B6"",""C6"",""D6"",""E6"",""E5"",""D5"",""C5""]",いつでも,,多い,地下2階でたくさん出現します。,0,"[""地下2階でたくさん出現します""]","2026-03-17 08:11:46","2026-03-23 14:13:33"
4119,541,300,923,"[""D5"",""E5"",""F5"",""F4"",""E4"",""D4"",""C4"",""C5"",""G4"",""G5""]",いつでも,2〜3,多い,地下1階全域にいます。2〜3匹で出ます。,0,"[""地下1階の全域で出現します。""]

地下1階全域に生息。2～3匹構成。
ver: 7.4","2026-03-17 08:11:46","2026-03-23 14:13:33"
4120,371,164,249,"[""D4"",""C4"",""C3"",""D3"",""D2"",""C2""]",いつでも,,少ない,第四の魔狭の西側エリアに出ます。数は少なめです。,1,"[""第四の魔狭の西側エリアに出現、数は少なめ""]","2026-03-17 08:11:49","2026-03-23 06:55:38"
4121,694,267,871,"[""E5"",""F5"",""E6"",""F6""]",いつでも,,普通,1階、2階、地下4階C-3の袋小路に1シンボルずつです。1分湧きです。,1,"[""1階・2階・地下4階""]","2026-03-17 08:11:51","2026-03-23 18:25:26"
4122,694,267,875,"[""C3""]",いつでも,,普通,1階、2階、地下4階C-3の袋小路に1シンボルずつです。1分湧きです。,1,"[""1階・2階・地下4階""]","2026-03-17 08:11:51","2026-03-23 18:25:26"
4123,776,60,108,"[""B1"",""B7"",""D4"",""F3"",""G3""]",いつでも,1〜2,普通,B-7やH-6やB-4、G-3、D-5など、決まったところにほぼ湧きます。,0,"[""[\"1-2匹\",\"東エリアではB-7とF-3とG-3、西エリアではB-1とD-4などにいます\"] \/ 1-2匹"",""東エリアではB-7とF-3とG-3、西エリアではB-1とD-4などにいます""]

B-7やH-6やB-4、G-3、D-5など、決まったところにほぼ湧く。各出現箇所と多少リンクしているため、狩るPT数によってはたまに涸れる。枯れたら1～2分待つのが吉か。1～2匹構成で、ファンキードラゴに混成する。 討伐隊やモノクル狙いで未だに人が来る。ゴールデンタイムは外すのがいいかも。
ver: 2.4","2026-03-17 08:11:55","2026-03-23 06:46:47"
4124,776,141,751,"[""F4""]",いつでも,1〜3,多い,F-4にまとまっています。北部からグランゼドーラ領にかけての遺跡あたりにいます。1〜3匹で出ます。まあどちらでもおすすめ。,1,"[""F-4に固まっている""]

北部からグランゼドーラ領にかけての遺跡周辺に生息。 スカラベキングがくっついてくるのが難点だが、数は多いのでおすすめ。1～3匹構成。
ver: 2.0","2026-03-17 08:11:55","2026-03-23 06:46:47"
4125,344,586,838,"[""G6""]",いつでも,2〜3,普通,G-6の地上部分に十分な数のシンボルです。2〜3匹で出ます。,1,"[""G-6の小高い丘の上にいる""]

G-6の地上部分に十分な数のシンボル。2～3匹構成。
ver: 4.4","2026-03-17 08:12:05","2026-03-22 18:54:56"
4126,576,270,884,"[""C3"",""D3"",""C4"",""D4"",""E3"",""F3"",""E4"",""F4"",""E5"",""F5"",""E6"",""F6"",""C5"",""D5"",""C6"",""D6""]",いつでも,,少ない,美術館にシンボルです。シンボル少なめです。,1,"[""美術館にいます""]

美術館にシンボル。シンボル少なめ。
ver: 5.1","2026-03-17 08:12:07","2026-03-23 15:18:00"
4127,121,580,831,"[""D7"",""C7"",""B7"",""B6"",""C6"",""D6"",""E6"",""E5"",""D5""]",いつでも,1〜2,普通,入ってすぐの広間と次の広間にいます。,1,"[""入ってすぐの広間と次の広間にいる""]

入り口付近から二つ目の広間にまで広く生息。こいつが1～2匹、そこにイーブルフライが1～2匹、とこよアゲハが1匹くっついて、最大5匹構成になる。
ver: 4.2","2026-03-17 08:12:09","2026-03-21 18:36:43"
4128,164,586,838,"[""E2"",""D2"",""D3"",""E3""]",いつでも,2〜4,多い,黄色い木の下にシンボルたくさんいます。2〜4匹でアクセスもいいのでおすすめです。,1,"[""北側のDE-2にいます""]

北部のE3～D2にかけてシンボル多数。2～4匹構成でアクセスもいいのでおすすめ。なお、黄色い木の下にのみシンボルが存在する。
ver: 7.3","2026-03-17 08:12:20","2026-03-22 10:18:27"
4129,627,50,974,"[""E3"",""F3"",""E4"",""F4"",""E5"",""F5"",""E6"",""F6""]",いつでも,,多い,地下1階。,0,"[""地下1階にたくさんいます""]","2026-03-17 08:12:22","2026-03-23 17:08:29"
4130,627,280,905,"[""E3"",""D3"",""D2"",""E2""]",いつでも,2〜3,多い,逆夢の水晶宮エリアにシンボルたくさんいます。2〜3匹だが、草が邪魔で見えにくいのが難点です。,1,"[""逆夢の水晶宮の下側で出現します""]

逆夢の水晶宮エリアにシンボル多数。2～3匹構成だが、草が邪魔で見えにくいのが難点。
ver: 6.1","2026-03-17 08:12:22","2026-03-23 17:08:29"
4131,257,586,838,"[""B3"",""B4"",""A3"",""A4""]",いつでも,1〜3,少ない,1〜3匹で、サンダーフロッグが一緒に出ます。,1,"[""北西のB-3・4のエリアにいます""]

北西エリアにシンボルそこそこ。サンダーフロッグよりは少ない。1～3匹構成で、サンダーフロッグがくっつく。
ver: 4.4","2026-03-17 08:12:26","2026-03-22 13:27:06"
4134,743,179,282,"[""B3"",""G3"",""B4"",""G4""]",いつでも,2〜3,多い,2〜3匹が多いです。ギズモも混ざることがあります。ギズモといっしょに転生を狩ろう。,0,"[""奥の方B-3・4とG-3・4あたりにいます""]

2～3匹構成が多い。ギズモと混成することがある。
ver: 2.3","2026-03-17 08:12:29","2026-03-21 18:49:16"
4135,528,560,793,"[""D5"",""F4"",""E4"",""E3"",""F3""]",いつでも,1〜2,少ない,北では1〜2匹で出ます。数は少なめです。現代と同じです。,0,"[""辺境警備隊詰所を出た所の広い場所とD-5あたりにもいる、数は少なめ""]

ドミネウス邸の前や、辺境警備隊詰所の近く、辺境のほら穴から少し出たところにシンボル。警備隊詰所やほら穴近くのものは1匹構成でバーサーカーが2匹までつく。ドミネウス邸近くのものは1匹構成。E-4の宝箱付近の高台では1～2匹構成。
ver: 5.5","2026-03-17 08:12:31","2026-03-23 13:59:03"
4136,528,563,933,[],いつでも,1〜2,普通,1階と2階にいます。いずれも30秒湧きです。,1,"[""2階と1階にいます、玄関ホールなど""]

おすすめ。1・2階に生息。 2階ではドミネウスの部屋は1シンボルで1～2匹構成、階段付近では2シンボルで2匹。 1階では書斎では1シンボル2～3匹構成、玄関は2シンボル2～4匹構成。玄関がいちばんおすすめ。いずれも30秒湧き。
ver: 5.5","2026-03-17 08:12:31","2026-03-23 13:59:03"
4138,762,124,727,"[""B5""]",いつでも,1〜2,多い,B-5にいます。1〜2匹で出ます。,1,"[""AB-5の所にたくさんいる""]

No.269(弟への贈り物：2.0クリア後)クエ対象。 B5に生息。1～2匹構成。
ver: 2.0","2026-03-17 08:12:39","2026-03-23 08:31:49"
4141,894,122,994,"[""C5"",""D5"",""C6"",""D6"",""E5"",""F5"",""E6"",""F6"",""C3"",""D3"",""C4"",""D4"",""E3"",""F3"",""E4"",""F4""]",いつでも,2〜3,普通,3階にいます。2〜3匹で出ます。,1,"[""3階に出現します""]

3階に生息。2～3匹構成。
ver: 7.6前","2026-03-17 08:12:53","2026-03-24 09:43:24"
4142,339,168,944,"[""C3"",""C4"",""C5"",""C6"",""D3"",""D4"",""D5"",""D6"",""E3"",""E4"",""E5"",""E6"",""F3"",""F4"",""F5"",""F6""]",いつでも,1〜2,多い,地下1階と1階の中央の部屋にいます。,0,"[""1階中央の広い所にいっぱい、地下1階も広い所にいっぱい""]","2026-03-17 08:12:57","2026-03-22 18:43:26"
4143,896,302,926,"[""C4"",""D4"",""E4"",""F4""]",いつでも,2,多い,マップ全域にいます。2匹で出ます。,1,"[""池の周りに2シンボルくらいいる""]

マップ全域に生息。2匹構成。
ver: 7.4","2026-03-17 08:12:59","2026-03-24 09:44:07"
4144,349,176,945,"[""B4"",""E6"",""G3"",""D6""]",いつでも,,普通,第1層の洞窟入り口あたりや第二層に出ます。第二層は基本、水の上にいます。1〜2匹で出ます。,0,"[""第1層D-5、第2層DE-6とG-3とB-4あたりで見かける""]","2026-03-17 08:13:05","2026-03-22 19:03:37"
4145,349,560,793,"[""B7""]",いつでも,1,普通,南西奥のレーテの湖あたりにいます。1匹でとこよアゲハが2匹まで一緒に出ます。,0,"[""北西のB-7あたりの水場にいます""]

南西奥のレーテの湖周辺に生息。1匹構成でとこよアゲハが2匹までつく。遠いし地形も入り組んでいるので使えない。
ver: 5.5","2026-03-17 08:13:05","2026-03-22 19:03:37"
4146,364,572,820,"[""D3""]",いつでも,2〜3,普通,1階のF-7や地下2階のD-3に出ます。2〜3匹で出ます。,1,"[""1階F-7と地下1階D-3にいる""]

1階のF-7や2階のD-3に出現。2～3匹構成。ドルボードは使えないが狩り続けられるので悪くはない。
ver: 4.1","2026-03-17 08:13:10","2026-03-23 06:42:47"
4147,364,572,819,"[""F7""]",いつでも,,普通,1階のF-7や地下2階のD-3に出ます。2〜3匹で出ます。,1,"[""1階F-7と地下1階D-3にいる""]","2026-03-17 08:13:10","2026-03-23 06:42:47"
4148,898,16,148,"[""G4"",""G5"",""F5""]",いつでも,1〜2,普通,地域限定。マップ右、G-4からF-5のあたりにいます。ホタテワラビーも混ざります。海藻と同化している。,1,"[""G-4・5あたりで出現します""]

地域限定・No.027(ヴェリナード便せん)クエ対象。 マップ右、G-4からF-5のあたりに生息。よく海藻に隠れているので注意深く探そう。1～2匹構成でホタテワラビーが混成する。
ver: 6.3","2026-03-17 08:13:18","2026-03-22 11:04:49"
4149,443,168,944,"[""B4"",""D7""]",いつでも,,普通,地域限定。地下1階B-4、D-7または1階G-2にいます。,1,"[""地下1階B-4とD-7、1階G-2に出現する""]","2026-03-17 08:13:20","2026-03-23 10:07:57"
4150,443,168,261,"[""G2""]",いつでも,1,普通,地域限定。地下1階B-4、D-7または1階G-2にいます。,1,"[""地下1階B-4とD-7、1階G-2に出現する""]

地域限定モンスター。地下1階のB-4とB-6,7(1階の穴から落ちた所)辺りに1匹ずついる。1匹湧き。約30秒ほどでリポップする。B-7のほうが湧き範囲せまいのでおすすめ。
ver: 2.4","2026-03-17 08:13:20","2026-03-23 10:07:57"
4151,756,129,731,"[""E3"",""F2"",""D6"",""F3""]",いつでも,3,普通,北西のF-2にいます。セレドの町〜偽りのリャナ荒涼地帯前にかなりの数です。ウイングタイガーが混ざります。,0,"[""マップの南東エリアの高い所にいます、北西のF-2、E-3にもいる""]

セレドの町～偽りのリャナ荒涼地帯前にかなりの数。ウイングタイガーが混ざったり、3匹構成だったりする。
ver: 2.0","2026-03-17 08:13:24","2026-03-22 12:56:35"
4152,756,561,794,"[""C5"",""C6"",""B4"",""B3"",""B5"",""F6"",""F5"",""G5"",""G6""]",いつでも,1,多い,B3部分は1匹で出ます。,0,"[""マップ中央から北西にかけて広くいる、C-5あたりは特にいる""]

ラウラリエの丘～B3にかけての地域と、F6～G5にかけての地域にうじゃうじゃいる。B3部分は1匹構成。
ver: 4.0","2026-03-17 08:13:24","2026-03-22 12:56:35"
4154,651,270,884,"[""D4"",""D5"",""E5"",""E4""]",いつでも,1,普通,美術館にシンボルです。,0,"[""美術館にいます""]

美術館にシンボル。1匹構成でドルボードも使えないため、ちょっと面倒。
ver: 5.1","2026-03-17 08:13:36","2026-03-23 17:39:10"
4155,651,300,924,"[""D7"",""E7""]",いつでも,2,普通,地下2階南側の奥部にいます。2匹で出ます。,1,"[""地下2階の南側エリアで出現、一番南の通路にいる。""]

地下2階南側の奥部に生息。2匹構成。
ver: 7.4","2026-03-17 08:13:36","2026-03-23 17:39:10"
4156,406,164,248,"[""E3"",""F5"",""E4"",""F4""]",いつでも,1〜2,多い,第三の魔峡でよく見かけます。1〜2匹で出ます。,0,"[""第三の魔狭E-3からF-5にたくさんいる""]

第三の魔峡に多数。1～2匹構成。ゲルバトロスが絡みやすくやりづらい。
ver: 2.2","2026-03-17 08:13:37","2026-03-23 08:52:10"
4157,406,560,793,"[""B5"",""C4""]",いつでも,2,多い,辺境のほら穴あたりにいます。2匹で出ます。,0,"[""辺境のほら穴の近くB-5からC-4あたりに固まっている""]

辺境のほら穴周辺に生息。2匹構成。キューブですぐに行けるが、ややまばらで高低差があるのが難。
ver: 5.5","2026-03-17 08:13:37","2026-03-23 08:52:10"
4158,747,10,570,"[""E6"",""E7"",""D7"",""F7"",""D6"",""F6""]",いつでも,1〜3,,入り口から水還の間のあいだに広くいます。1〜3匹で出て、どれいへいしやほねコウモリも混ざります。,1,"[""入ってすぐいてE-6の水輪の間までいます""]

転生が出るおかげかお供限定ではなくなった。入り口から水還の間のあいだに分布。 1～3匹構成でどれいへいしが混成する。また、どれいへいしやほねコウモリに混成する。 戦うことはできないが、天井の配管に沿って浮いている固体を観察できる。
ver: 2.2","2026-03-17 08:13:46","2026-03-22 10:14:26"
4159,747,201,315,"[""E3"",""E4"",""F3"",""F4"",""G3"",""G4"",""E5"",""F5"",""G5"",""G6"",""F6"",""E6""]",いつでも,1〜3,多い,1階のE〜Gにかけています。ブリザードマンのシンボルにもついてくることがあります。,0,"[""入ってすぐの広い所と次の広い所にたくさんいます""]

1階のE～Gにかけて生息。こいつ自体は1～3匹。ブリザードマンがくっついて2～3匹構成となる。ブリザードマンのシンボルにもくっついてくる。
ver: 3.2","2026-03-17 08:13:46","2026-03-22 10:14:26"
4160,593,566,806,"[""D4""]",いつでも,2,普通,1階の通路D-4に2シンボルいます。湧きまで大凡1分半かかるです。,0,"[""1階の通路D-4に2シンボルいます""]

1階中央に2シンボル。2匹登場する。湧きまで大凡1分半かかる。
ver: 4.0","2026-03-17 08:13:57","2026-03-23 15:45:30"
4161,462,584,835,"[""C3"",""C4"",""D4"",""D3""]",いつでも,1〜2,普通,北西部の広間に複数のシンボルです。1〜2匹。,0,"[""奥の広い所C-3・4にいます""]

北西部の広間に複数のシンボル。1～2匹構成だが、アクセスがいいのでエモノ呼び前提なら悪くない。
ver: 4.4","2026-03-17 08:13:59","2026-03-23 10:50:03"
4162,530,202,1037,"[""D2"",""F6"",""G4""]",いつでも,,普通,開花の層の下D-2、G-4、F-6にいます。,1,"[""開花の層(下)D-2とG-4とF-6にいる""]","2026-03-17 08:14:10","2026-03-23 14:01:32"
4163,530,216,353,"[""B6"",""C2""]",いつでも,1,普通,3階のF-3東側の部屋や、C-6西側の部屋に数シンボルです。1匹ずつ出ます。,0,"[""2階・西C-2の小部屋、3階G－3とB-6の小部屋にいます""]

3階のF-3東側の部屋や、C-6西側の部屋に数シンボル。1匹構成。
ver: 3.5","2026-03-17 08:14:10","2026-03-23 14:01:32"
4164,723,125,728,"[""C1"",""C2"",""D1"",""D2""]",いつでも,1〜2,普通,黄葉商店より北側の低い場所の道に沿って出現します。,0,"[""黄葉商店より北側の低い場所の道に沿って出現します""]

低地や木の洞にいくつかシンボルがある。ひとところで狩っていると涸れるようだ。1~2匹構成。
ver: 2.0","2026-03-17 08:14:12","2026-03-22 13:27:06"
4165,723,156,227,"[""D2"",""D3"",""E2"",""E3""]",いつでも,1〜2,普通,北側低地では1〜2匹で出ます。,0,"[""[\"1-2匹@北側低地\",\"北側のエリアでD-2やE-3などの低地の通路に沿っている\"] \/ 1-2匹@北側低地"",""北側のエリアでD-2やE-3などの低地の通路に沿っている""]

出現場所、構成が偽と大体同じ。
ver: 2.1","2026-03-17 08:14:12","2026-03-22 13:27:06"
4166,723,586,838,"[""B3"",""B4"",""A3"",""A4""]",いつでも,1〜3,少ない,1〜3匹で、サンダーフロッグが一緒に出ます。,1,"[""北西のB-3・4のエリアにいます""]

北西エリアにシンボルそこそこ。サンダーフロッグよりは少ない。1～3匹構成で、サンダーフロッグがくっつく。
ver: 4.4","2026-03-17 08:14:12","2026-03-22 13:27:06"
4167,722,276,480,"[""G7"",""F7"",""F8"",""G8""]",いつでも,1〜2,普通,スライム型の島にいます。1〜2匹で出ます。FG-7のスライムの形をした島にいます。,0,"[""FG-7のスライムの形をした島にいる""]

スライム型の島に生息。1～2匹構成。
ver: 6.2","2026-03-17 08:14:18","2026-03-21 13:07:50"
4168,365,586,838,"[""F4"",""G5"",""G6"",""G7"",""F7"",""F6"",""F5"",""G4""]",いつでも,2〜3,多い,大体柵の向こう側にいる。スカラベキングにもついてくることがあります。,1,"[""F-4・5あたりにいます""]

F-4以東でハピの花畑に通じる道以北の場所にシンボル多数。大体柵の向こう側と考えればいい。シンボルにぶつかると2～3匹出現し、スカラベキングにもくっついてくる。
ver: 4.4","2026-03-17 08:14:22","2026-03-23 06:44:36"
4169,900,122,994,"[""C3"",""D3"",""C4"",""D4"",""C5"",""D5"",""C6"",""D6"",""E5"",""F5"",""E6"",""F6"",""E3"",""F3"",""E4"",""F4""]",いつでも,2〜3,普通,3階にいます。2〜3匹で出ます。3階に出現します。,1,"[""3階に出現します""]

3階に生息。2～3匹構成。
ver: 7.6前","2026-03-17 08:14:28","2026-03-21 11:03:16"
4170,318,80,941,"[""D6"",""C6"",""E6""]",いつでも,1〜2,普通,本殿D-6の広間あたりの通路にいます。1〜2匹で出ます。,0,"[""本殿の南側の通路で出現します""]

本殿D-6の広間周辺の通路に生息。1～2匹構成。
ver: 5.4","2026-03-17 08:14:34","2026-03-22 17:51:31"
4171,318,197,986,"[""C3""]",いつでも,1,少ない,地下1階のC-3付近と地下2階のF-4付近にシンボル少なめですの1匹で出ます。湧きは早いです。,0,"[""地下1階と地下2階の通路で出現する""]

地下1階のC-3付近と地下2階のF-4付近にシンボル少数の1匹構成。湧きは早い。
ver: 3.5","2026-03-17 08:14:34","2026-03-22 17:51:31"
4172,318,566,806,"[""A1"",""B1"",""A2"",""B2"",""A3"",""B3"",""A4"",""B4"",""C3"",""D3"",""C4"",""D4"",""E3"",""F3"",""E4"",""F4"",""G3"",""H3"",""G4"",""H4"",""G1"",""H1"",""G2"",""H2"",""E1"",""F1"",""E2"",""F2"",""C1"",""D1"",""C2"",""D2"",""A5"",""B5"",""A6"",""B6"",""A7"",""B7"",""A8"",""B8"",""C7"",""D7"",""C8"",""D8"",""E7"",""F7"",""E8"",""F8"",""G7"",""H7"",""G8"",""H8"",""G5"",""H5"",""G6"",""H6"",""E5"",""F5"",""E6"",""F6"",""C5"",""D5"",""C6"",""D6""]",いつでも,,普通,北側の研究棟の2階と1階にいます。,1,"[""北側の研究棟の2階と1階にいます""]","2026-03-17 08:14:34","2026-03-22 17:51:31"
4173,318,566,804,"[""C3"",""D3"",""C4"",""D4"",""G3"",""H3"",""G4"",""H4"",""E3"",""F3"",""E4"",""F4"",""A3"",""B3"",""A4"",""B4"",""A1"",""B1"",""A2"",""B2"",""C1"",""D1"",""C2"",""D2"",""E1"",""F1"",""E2"",""F2"",""G1"",""H1"",""G2"",""H2""]",いつでも,2,普通,北側の研究棟の2階と1階にいます。渡り廊下や研究棟の2階と地下2階に出ます。またバロンナイトのお供に出ることがあります。,1,"[""北側の研究棟の2階と1階にいます""]

渡り廊下や研究棟の2階と地下2階に出現。渡り廊下は2匹構成、研究棟2階は2匹構成のほか異形獣がくっつき、研究棟地下2階は3匹構成。またバロンナイトのお供に出ることがある。
ver: 4.0","2026-03-17 08:14:34","2026-03-22 17:51:31"
4174,318,575,825,"[""G6"",""F6""]",いつでも,2〜3,多い,ブリザードマンに2匹まで一緒に出る。F6〜G6にかけてたくさんいます。2〜3匹で出ます。,1,"[""FG-6の広い所にいます""]

ブリザードマンに2匹までくっつくほか、F-6～G-6にかけて多数のシンボル。2～3匹構成。
ver: 4.2","2026-03-17 08:14:34","2026-03-22 17:51:31"
4175,779,561,794,"[""B2"",""B3"",""C3"",""C4"",""C5"",""D3"",""D4"",""D5"",""E3"",""E4"",""E5""]",いつでも,1〜2,少ない,中央＆B-3では1〜2匹で出ます。,1,"[""マップ中央から北西にかけて広くいる""]

西部～南部にかけての地域や北東部でまばらに歩いている。南部は1～2匹構成。北東部や西部は1匹構成。エモノ呼びなら北東部が見通しがよくておすすめ。
ver: 4.0","2026-03-17 08:14:46","2026-06-27 09:21:59"
4176,754,123,726,"[""C3"",""F2"",""E2"",""B3""]",いつでも,1,多い,地域限定。ココラタの浜辺を出たすぐの海沿いBC-3と南東のEF-2にいます。,1,"[""ココラタの浜辺を出たすぐの海沿いBC-3と南東のEF-2にいる""]

地域限定モンスター。海岸側に多数のシンボル。わかめ王子を優先してやるとよい。出現数は1体固定。
ver: 2.0","2026-03-17 08:14:51","2026-03-22 12:29:16"
4177,750,105,92,"[""A1"",""A2"",""A3"",""A4"",""A5"",""A6"",""A7"",""A8"",""B1"",""B2"",""B3"",""B4"",""B5"",""B6"",""B7"",""B8"",""C1"",""C2"",""C3"",""C4"",""C5"",""C6"",""C7"",""C8"",""D1"",""D2"",""D3"",""D4"",""D5"",""D6"",""D7"",""D8"",""E1"",""E2"",""E3"",""E4"",""E5"",""E6"",""E7"",""E8"",""F1"",""F2"",""F3"",""F4"",""F5"",""F6"",""F7"",""F8"",""G1"",""G2"",""G3"",""G4"",""G5"",""G6"",""G7"",""G8"",""H1"",""H2"",""H3"",""H4"",""H5"",""H6"",""H7"",""H8""]",いつでも,1,多い,ほぼ全域にいます。1匹ずつ出てケダモンが一緒に出ます。シンボルの間隔が広いのでおすすめしないです。,0,"[""[\"1匹@全域\",\"マップ中央からほぼ全域にいるが数は少なめ\"] \/ 1匹@全域"",""マップ中央からほぼ全域にいるが数は少なめ""]

ほぼ全域に生息。1匹構成でケダモンがつく。シンボルの間隔が広いのでおすすめしない。
ver: 5.4","2026-03-17 08:14:53","2026-03-22 11:13:30"
4178,750,116,1004,"[""B4"",""C4"",""D4"",""E4"",""D3"",""C3"",""B3"",""E3""]",いつでも,,普通,B-4にいます。,0,"[""B-4・5から北東へ進みE-3くらいまでいる""]","2026-03-17 08:14:53","2026-03-22 11:13:30"
4179,750,135,743,"[""G4"",""F4"",""C7"",""B7"",""B6"",""C6"",""D6"",""D7""]",いつでも,1〜2,多い,東の砂漠のエリアと、南部の湖のまわりにかなりの数がいます。おすすめです。,1,"[""南西の湖エリアの湖の周りにぐるっといる、東の砂漠のエリアFG-4にもいます""]

南部の湖のまわりにかなりの数がいる。また、東部にも多数。おすすめ。１～２匹構成。
ver: 3.0","2026-03-17 08:14:53","2026-03-22 11:13:30"
4180,732,586,838,"[""E5"",""D5"",""E4""]",いつでも,2〜3,多い,アルウェーンの町周辺、E-4〜E-5あたりに大量にシンボルがいます。2〜3匹でトンブレロに1〜2匹一緒に出ることもあります。,1,"[""DE-5にいます""]

アルウェーンの町周辺、E4～E5あたりに大量にシンボルがいる。2～3匹構成でトンブレロに1～2匹くっつくことも。
ver: 4.4","2026-03-17 08:15:05","2026-03-21 15:06:20"
4181,459,561,794,"[""B2"",""B3"",""C3"",""C4"",""C5"",""D3"",""D4"",""D5"",""E3"",""E4"",""E5""]",いつでも,1〜2,少ない,中央＆B-3では1〜2匹で出ます。,1,"[""マップ中央から北西にかけて広くいる""]

西部～南部にかけての地域や北東部でまばらに歩いている。南部は1～2匹構成。北東部や西部は1匹構成。エモノ呼びなら北東部が見通しがよくておすすめ。
ver: 4.0","2026-03-17 08:15:07","2026-03-23 10:38:30"
4182,312,131,736,"[""G6"",""G5"",""F7"",""G7""]",いつでも,,普通,4階の南東の通路と6階の北西にいます。,0,"[""4階の南東の通路と6階の北西にいます、5階DE-3にも少しいる""]","2026-03-17 08:15:11","2026-03-22 17:35:07"
4184,312,131,738,"[""C3"",""D3"",""C4"",""D4""]",いつでも,,普通,4階の南東の通路と6階の北西にいます。,0,"[""4階の南東の通路と6階の北西にいます、5階DE-3にも少しいる""]","2026-03-17 08:15:11","2026-03-22 17:35:07"
4185,500,197,986,"[""C5""]",いつでも,1,少ない,地下1階C-5〜地下2階G-5にかけて少なめですシンボルの一匹です。湧きは悪くないです。,0,"[""地下1階と地下2階の通路で出現する""]

地下1階C5～地下2階G5にかけて少数シンボルの一匹構成。湧きは悪くない。
ver: 3.5","2026-03-17 08:15:15","2026-03-23 11:40:45"
4186,744,7,142,"[""A1"",""A2"",""A3"",""B1"",""B2"",""B3"",""C1"",""C2"",""C3"",""D1"",""D2"",""D3""]",いつでも,1〜2,多い,北西では1〜2匹で出ます。北西エリアでたくさん出現します。1〜2匹で出ます。,0,"[""[\"1-2匹@北西\",\"北西エリアでたくさん出現します\"] \/ 1-2匹@北西"",""北西エリアでたくさん出現します""]

駅から近く、シンボル数もそこそこ。1～2体で出現。ドラキーマの近くで接触するとくっつかれることがある。
ver: 1.4","2026-03-17 08:15:20","2026-03-21 19:01:31"
4187,744,79,46,"[""B5"",""C5""]",いつでも,1,ちらほら,B-5〜C-5の所々に群れです。1匹ずつ出ます。点々といる上に遠すぎるのが難点。,0,"[""BC-5・6で出現します"",""[\"1匹@B5付近\",\"BC-5・6で出現します\"] \/ 1匹@B5付近""]

B-5～C-5の所々に群れ。1匹構成。まばらな上に遠すぎる。
ver: 5.4","2026-03-17 08:15:20","2026-03-21 19:01:31"
4188,744,66,125,"[""F6""]",いつでも,1〜2,多い,密度、数ともよきだが、ものすごく遠いのが難点です。1〜2匹で出ます。どんぐりベビーが一緒に出ます。,1,"[""F-6のパラサン団子山の周りにいっぱいいます"",""[\"混1-2匹@団子山\",\"F-6のパラサン団子山の周りにいっぱいいます\"] \/ 混1-2匹@団子山""]

No.026(メギストリス便せん)クエ対象。 密度、数とも申し分ないが、ものすごく遠いのが難点。1～2匹構成。どんぐりベビーがくっつく。
ver: 1.1","2026-03-17 08:15:20","2026-03-21 19:01:31"
4189,744,165,251,"[""D2"",""C3"",""C4"",""D3"",""D4""]",いつでも,2〜3,多い,特になし,1,"[""[\"2-3匹@町周辺\",\"アラハギーロ王国を出てすぐの広い所に出現、西のB-4や北のD-2あたりまでいる\"] \/ 2-3匹@町周辺"",""アラハギーロ王国を出てすぐの広い所に出現、西のB-4や北のD-2あたりまでいる""]

真アラハギーロ王国周辺にものすごく大量にいる。2～3匹構成。真レンダーシアに来れるならここ一択だが、レッドオーガやマーズフェイスのリンクに注意。
ver: 2.1","2026-03-17 08:15:20","2026-03-21 19:01:31"
4190,744,215,349,"[""D2""]",いつでも,2〜3,5,中層のD-2の泉のまわりに5シンボルほどです。2〜3匹で出ます。,0,"[""[\"2-3匹@泉\",\"中層D－2にいる\"] \/ 2-3匹@泉"",""中層D－2にいる""]

中層のD-2の泉のまわりに5シンボルほど。2～3匹構成。
ver: 3.5","2026-03-17 08:15:20","2026-03-21 19:01:31"
4191,905,73,42,"[""B2"",""B3"",""C2"",""C3"",""D2"",""D3"",""E2"",""E3"",""F2"",""F3"",""G2"",""G3""]",いつでも,1,,地域・夜限定モンスター。。夜だけ世界樹で1匹で出ます。夜のみ北側のエリアで出現します。,1,"[""[\"夜･1匹@世界樹\",\"夜のみ北側のエリアで出現します\"] \/ 夜･1匹@世界樹"",""夜のみ北側のエリアで出現します""]

地域・夜限定モンスター。 入り口から世界樹の丘までの三叉路2か所、曲がり角2か所に湧く。 転生実装で湧きスピードがかなり速く調整されたらしく、3シンボルいる場所なら際限なく戦える。
ver: 6.0","2026-03-17 08:15:24","2026-03-21 13:00:27"
4193,695,284,496,"[""D2"",""D3""]",いつでも,1〜3,2,第2層D23、第5層D5に2シンボルずついます。即沸きです。1〜3匹で出ます。,0,"[""第2層の北と第5層のD-5あたりに数匹ずついる""]

第2層D-23、第5層D-5に2シンボルずつ生息。即沸き。1～3匹構成。
ver: 6.2","2026-03-17 08:15:28","2026-03-23 18:26:30"
4194,695,284,499,"[""D5""]",いつでも,,普通,第2層D23、第5層D5に2シンボルずついます。即沸きです。1〜3匹で出ます。,0,"[""第2層の北と第5層のD-5あたりに数匹ずついる""]","2026-03-17 08:15:28","2026-03-23 18:26:30"
4195,607,301,925,"[""E2"",""E3"",""F2"",""F3""]",いつでも,2〜3,多い,北東にいます。2〜3匹で出ます。,1,"[""機巧研究所近くのマップの北東エリアでたくさん出現します""]

マップ北東に生息。2～3匹構成。
ver: 7.4","2026-03-17 08:15:37","2026-03-23 15:55:45"
4196,907,303,927,"[""E3"",""E4"",""E5"",""F3"",""F4"",""F5""]",いつでも,2〜3,普通,主に本島の東側にいます。3匹で出ます。,1,"[""中央の大きな島の中央から西側で出現します""]

主に本島の東側にいる。3匹構成。 中央部分にも多少おり2～3匹構成。
ver: 7.5","2026-03-17 08:15:45","2026-03-24 11:09:48"
4197,647,150,761,"[""E5""]",いつでも,1〜2,普通,中層に2シンボルです。1〜2匹で出ます。,0,"[""中層に数匹います""]

中層に2シンボル。1～2匹構成。
ver: 5.3","2026-03-17 08:15:46","2026-03-23 17:33:44"
4198,647,560,793,"[""D6"",""D7""]",いつでも,1,少ない,D6、D8の水辺にいます。D8は2シンボルいるがとこよアゲハが2匹まで一緒に出ます。30秒湧きです。,1,"[""D-6に1匹とD-7に2匹、水場にいます""]

D-6、D-8の水辺に生息。D-6では1シンボルで1匹構成。D-8は2シンボルいるがとこよアゲハが2匹までつく。30秒湧き。
ver: 5.5","2026-03-17 08:15:46","2026-03-23 17:33:44"
4199,908,303,927,"[""F3"",""F4"",""F5""]",いつでも,3,普通,本島の東側にいます。3匹で出ます。,1,"[""中央の大きな島の東側F-3～F-5で出現する""]

本島の東側に生息。3匹構成。
ver: 7.5","2026-03-17 08:15:53","2026-03-24 11:10:06"
4200,751,126,729,"[""D4"",""D5"",""E5"",""E4""]",いつでも,,少ない,ニードルマンやゴールドオークが混ざります。,0,"[""メルサンディ村を出たところのマップ中央エリアに広範囲でいる、数は少なめ""]

No.371(メルサンディ完結篇2話)クエ対象モンスター。 偽りのワルド水源からメルサンディ村にかけているが、シンボルはまばら。ニードルマンがくっつく。また、ゴールドオークに混成する。
ver: 3.2","2026-03-17 08:15:57","2026-03-22 11:46:27"
4201,751,141,751,"[""C4"",""B4"",""B5"",""C5""]",いつでも,,多い,西部飛び地に大量にいます。おすすめ。穴に注意しよう。,1,"[""西の離れたエリアB-4・5あたりにたくさんいる""]

西部飛び地に大量にいる。おすすめ。
ver: 2.1","2026-03-17 08:15:57","2026-03-22 11:46:27"
4202,751,176,947,"[""C8"",""F7""]",いつでも,,普通,第3層C-8とEF-7などにいます。,0,"[""いろんなところにいる、第1層D-1とF-3、第3層C-8とEF-7など""]","2026-03-17 08:15:57","2026-03-22 11:46:27"
4203,751,150,759,"[""C8"",""E3""]",いつでも,,普通,特になし,0,"[""第1層E-2、B-6と第2層E-3と第3層C-8やEF-7にも少しいる""]","2026-03-17 08:15:57","2026-03-22 11:46:27"
4204,751,150,760,"[""C8"",""F7"",""E7""]",いつでも,,普通,特になし,0,"[""第1層E-2、B-6と第2層E-3と第3層C-8やEF-7にも少しいる""]","2026-03-17 08:15:57","2026-03-22 11:46:28"
4205,248,586,838,"[""D3""]",いつでも,1〜3,普通,D-3あたりにいます。,0,"[""D-3あたりにいます""]

北部のD-3に複数シンボル。1～3匹構成でフォレストドラゴが1匹くっついてくることがある。
ver: 4.4","2026-03-17 08:16:04","2026-03-22 13:12:15"
4206,196,586,838,"[""B5"",""A5"",""A6"",""B6""]",いつでも,2〜3,多い,南西エリアにそれなりのシンボルです。2〜3匹でおすすめです。,1,"[""南西のエリアB-5・6にいる""]

南西エリアにそれなりのシンボル。2～3匹構成でおすすめ。
ver: 4.4","2026-03-17 08:16:06","2026-03-22 11:30:16"
4207,690,561,794,"[""D8""]",いつでも,1,普通,海岸で1匹で出ます。湧き2分。,0,"[""南の海岸線D-8にポツンと1匹いた""]

最南端の浅瀬に1シンボル。湧きに2分かかるので数を稼ぐのは不向き。
ver: 6.3","2026-03-17 08:16:09","2026-03-23 18:23:00"
4208,910,122,1000,"[""D4"",""E4"",""E5"",""D5""]",いつでも,1,普通,9階に1シンボル30秒沸きです。1匹ずつ出ます。,1,"[""9階に出現します""]

9階に1シンボル30秒沸き。1匹構成。
ver: 7.6前","2026-03-17 08:16:11","2026-03-24 11:10:54"
4209,912,306,931,"[""D7"",""E7"",""B4"",""B3"",""B5"",""G5"",""G4"",""G3"",""C6"",""F6"",""C3"",""F3""]",いつでも,2〜3,普通,2階の城壁の上にいます。2〜3匹で出ます。近くのてっこうまじん・祖も一緒に出ます。,0,"[""2階の外通路で出現します""]

2階の城壁の上に生息。2～3匹構成。 近くのてっこうまじん・祖にもつく。
ver: 7.5","2026-03-17 08:16:19","2026-03-24 11:12:18"
4211,350,150,760,"[""E2"",""E7"",""D7""]",いつでも,3〜4,多い,3層D〜E-7やE-2にいます。3〜4匹と出る数は多いが、高所にいるうえに視界も悪いです。,0,"[""第3層E-7とE-2に固まって飛んでいる""]

3層D～E-7やE-2に生息。3～4匹と出現数は多いが、高所にいるうえに視界も悪い。
ver: 5.3","2026-03-17 08:16:36","2026-03-22 19:06:02"
4212,505,195,302,"[""C4"",""C3""]",いつでも,1,普通,2層と3層にあるつり橋の上にずついる。第3層C－3あたりにもいる。3分湧き。,1,"[""2層と3層にあるつり橋の上に1匹ずついる、第3層C－3あたりにも2匹いる""]","2026-03-17 08:16:38","2026-03-23 12:28:27"
4213,752,124,727,"[""A7"",""B2"",""D5"",""B3"",""D6"",""B7""]",いつでも,1〜2,多い,"地域限定。三門の関所前とメルサンディ穀倉帯前は1〜2匹で出て、、メルサンディ穀倉帯前ではサンダーフロッグも混ざります。D-5,6では1〜3匹で出て、ここでもサンダーフロッグも混ざります。三門の関所前ではフォレストドラゴに一緒に出ます。",1,"[""三門の関所を出てすぐのB-2・3にたくさん、A-7とD-5にもいる""]

地域限定モンスター。三門の関所前、偽メルサンディ穀倉帯前、D-5,6にかなりの数。三門の関所前とメルサンディ穀倉帯前は1～2匹構成で、メルサンディ穀倉帯前ではサンダーフロッグが混成する。D-5,6では1～3匹構成で、ここでもサンダーフロッグが混成する。三門の関所前ではフォレストドラゴにくっつく。
ver: 2.2","2026-03-17 08:16:44","2026-07-29 10:39:16"
4214,913,89,68,"[""G7"",""H7"",""G8"",""H8"",""G5"",""H5"",""G6"",""H6""]",いつでも,1,普通,地域限定。アグラニの町周辺に点在です。1匹ずつ出ます。たまに端のほうに固まって湧いてしまうので注意です。アグラニの町を出るとすぐいます。,1,"[""アグラニの町を出るとすぐいます""]

地域限定モンスター。アグラニの町周辺に点在。1匹構成。たまに端のほうに固まって湧いてしまうので注意。
ver: 5.4","2026-03-17 08:16:49","2026-03-21 11:52:48"
4215,914,306,931,"[""E2""]",いつでも,1,普通,2階では1シンボル・1匹でてっこうまじん・祖が2匹まで一緒に出ます。,1,"[""1階の外側の通路に出現、2階のDE-2の通路にも1匹いる""]","2026-03-17 08:16:53","2026-03-24 11:13:00"
4216,753,89,68,"[""B4"",""C5""]",いつでも,1〜2,普通,B-4、C-5のトンネル部分にいます。1〜2匹で出ますて、しりょうのきしが一緒に出ます。,0,"[""[\"混1-2匹@B4&C5\",\"マップ南西のトンネル内(B-4・C-5)にいる\"] \/ 混1-2匹@B4&C5"",""マップ南西のトンネル内(B-4・C-5)にいる""]

B-4、C-5のトンネル部分に生息。1～2匹構成でしりょうのきしがつく。ルーラ地点すぐにそこそこの数がいるので便利。
ver: 5.5","2026-03-17 08:16:54","2026-03-22 11:47:43"
4217,753,56,556,"[""B4"",""B5"",""C4"",""C5"",""D5"",""D4"",""E4"",""E5""]",いつでも,1〜2,普通,入口〜中部にいます。1〜2匹で出て、グリゴンダンスも混ざります。少々間隔広めです。,0,"[""洞くつの前半で出現します"",""混1-2匹@西側""]

入口～中部に生息。1～2匹構成でグリゴンダンスと互いに混成する。少々間隔広め。
ver: 5.4","2026-03-17 08:16:54","2026-03-22 11:47:44"
4218,561,589,844,"[""G2""]",いつでも,2〜3,2,G-2の海岸北に2シンボルです。2〜3匹で1分湧きです。近くのだいおうキッズも一緒に出ます。,1,"[""G-2の海岸に2匹ほどいる""]

G-2の海岸北に2シンボル。2～3匹構成で1分湧き。近くのだいおうキッズにもつく。
ver: 6.4","2026-03-17 08:17:00","2026-03-23 15:00:58"
4220,784,15,937,"[""C2""]",いつでも,1,2,1匹で出ます。北の庭園の方C-2あたりに2匹ほどいます。,0,"[""1匹"",""北の庭園の方C-2あたりに2匹ほどいます""]","2026-03-17 14:13:55","2026-03-23 11:16:44"
4221,793,564,799,"[""D2"",""E2"",""F2""]",いつでも,1〜2,普通,下層の入り口から廃棄場までの道にシンボルです。1〜2匹で出ます。,0,"下層の入り口から廃棄場までの道にシンボル。1～2匹構成。
ver: 4.0","2026-03-17 14:42:14","2026-03-23 17:37:48"
4222,649,564,799,"[""D2"",""E2"",""F2""]",いつでも,1〜2,普通,下層の入り口から廃棄場までの道にシンボルです。1〜2匹で出ます。,0,"下層の入り口から廃棄場までの道にシンボル。1～2匹構成。
ver: 4.0","2026-03-17 14:46:03","2026-03-23 17:37:48"
4223,761,6,940,"[""C3"",""C4"",""C5"",""D3"",""D4"",""D5"",""E3"",""E4"",""E5"",""F3"",""F4"",""F5""]",いつでも,1〜2,多い,1〜2匹で出て、ろうごくのぬしも混ざります。,1,"[""ジュレットの町から入る遺跡の方の洞くつ内でたくさんいます""]

ジュレー島下層遺跡にいる。拠点から非常に近いのでおすすめ。1～2匹構成でろうごくのぬしが混成する。
ver: 1.5","2026-03-17 14:56:23","2026-03-22 15:06:26"
4224,783,577,827,"[""C1"",""D1"",""C2"",""D2""]",いつでも,,少ない,雷食い鳥の玉座の周辺にシンボルです。シンボルは少なめです。遠い。,0,"@北東

雷食い鳥の玉座の周辺にシンボル。シンボルは少なめ。
ver: 4.2","2026-03-17 14:57:47","2026-03-23 14:37:58"
4225,383,148,217,"[""C3"",""D3"",""C4"",""D4"",""C5"",""D5"",""C6"",""D6"",""E5"",""F5"",""E6"",""F6"",""E3"",""F3"",""E4"",""F4""]",いつでも,,,悪しき水の洞くつの全域と虚の産道の毒の沼地の中にいます。悪しき水の洞くつはシンボル数も多い。,1,,"2026-03-17 15:00:28","2026-03-23 07:32:56"
4226,749,44,39,"[""G3"",""F3"",""H3"",""G4"",""H4""]",いつでも,1〜3,普通,通路部分の水溜りの上にいますが、シンボルは全体で3つほどです。すぐいなくなるので、おすすめできない。,0,"[""1-3匹@全域"",""全体的に水たまりにいる、地中モンスターです""] / 1-3匹@全域

通路部分の水溜りの上にいるが、シンボルは全体で3つほど。1～2匹構成でボーンプリズナーと互いに混成する。
ver: 5.4","2026-03-17 15:34:11","2026-03-22 11:04:15"
4227,669,284,500,[],いつでも,1〜3,2,第5層EF45や第6層DE4にいます。即沸きです。,0,,"2026-03-17 15:37:14","2026-03-23 18:02:28"
4228,366,148,218,"[""C3"",""D3"",""C4"",""D4"",""C5"",""D5"",""C6"",""D6"",""E5"",""F5"",""E6"",""F6"",""E3"",""F3"",""E4"",""F4""]",いつでも,1,多い,1匹で出ます。魔の断崖から虚の産道にかけて大量にでます。,0,"[""1匹"",""虚の産道の北西の通路と魔の断崖にたくさんいる""] / 1匹","2026-03-17 15:38:43","2026-03-23 06:46:07"
4229,436,625,1024,"[""C3"",""D3"",""C4"",""D4"",""E3"",""F3"",""E4"",""F4""]",いつでも,2〜3,普通,特になし,0,"ver: 7.3","2026-03-18 07:17:12","2026-03-24 18:06:40"
4230,436,625,1025,"[""C3"",""D3"",""C4"",""D4"",""E3"",""F3"",""E4"",""F4"",""E5"",""F5"",""E6"",""F6"",""C5"",""D5"",""C6"",""D6""]",いつでも,2〜3,普通,特になし,0,,"2026-03-18 07:17:12","2026-03-24 18:06:40"
4231,660,625,1024,"[""D3"",""D4"",""E3"",""E4"",""F2""]",いつでも,2〜3,多い,そこら中にいます,0,"ver: 7.3","2026-03-18 07:18:06","2026-03-24 18:02:46"
4232,660,625,1025,"[""G6""]",いつでも,,少ない,特になし,0,,"2026-03-18 07:18:07","2026-03-24 18:02:46"
4233,667,625,1024,"[""D3"",""D4"",""E3"",""E4"",""B2""]",いつでも,2〜3,普通,そこら中にいます,0,"ver: 7.3","2026-03-18 07:19:01","2026-03-24 18:02:03"
4234,667,625,1025,"[""D4"",""E4"",""E5"",""D5""]",いつでも,2〜3,普通,特になし,0,,"2026-03-18 07:19:01","2026-03-24 18:02:03"
4236,893,625,1024,"[""D3"",""D4"",""E3"",""E4""]",いつでも,2,普通,そこら中にいます。,0,,"2026-03-18 07:21:34","2026-03-24 18:07:01"
4237,893,625,1025,"[""D4"",""E4"",""E5"",""D5"",""G6""]",いつでも,2,普通,2匹で出ます。,0,"2匹構成。経験値やドロップは得られないが、2階のルーラ地点近くに2シンボルおり、単純な討伐数稼ぎとしては効率がいい。
ver: 7.3","2026-03-18 07:21:34","2026-03-24 18:07:01"
4238,893,625,1026,"[""E6"",""D6""]",いつでも,2,少ない,なぜかこいつだけ3階にもいる,0,,"2026-03-18 07:21:34","2026-03-24 18:07:01"
4263,45,99,82,"[""D3""]",いつでも,,普通,お供限定です。ヘルカッチャのお供ででます。,0,"お供限定。ヘルカッチャのお供で出る。
ver: 5.4","2026-03-18 09:55:06","2026-03-21 13:23:51"
4264,45,41,32,"[""C3"",""D3"",""C4"",""D4"",""E3"",""F3"",""E4"",""F4"",""E1"",""F1"",""E2"",""F2"",""C1"",""D1"",""C2"",""D2"",""C5"",""D5"",""C6"",""D6"",""E5"",""F5"",""E6"",""F6""]",いつでも,,普通,ヘルジュラシックのお供に一緒に出ます。ちなみに出る率は1/80程度らしい。,0,"ヘルジュラシックのお供にくっつく。トリカトラプスにもくっつくがこっちは強すぎるのでおすすめしない。ちなみに出現率は1/80程度。
ver: 1.5","2026-03-18 09:55:06","2026-03-21 13:23:51"
4265,45,161,238,"[""C5"",""D5"",""C6"",""D6"",""A5"",""B5"",""A6"",""B6"",""G5"",""H5"",""G6"",""H6"",""E5"",""F5"",""E6"",""F6"",""G3"",""H3"",""G4"",""H4"",""E3"",""F3"",""E4"",""F4""]",いつでも,,普通,ヘルカッチャのお供に一緒に出ます。,0,"ヘルカッチャのお供にくっつく。よそ見しながら狩れる相手ではないが宿からは一番近いのでありといえばあり。
ver: 2.1","2026-03-18 09:55:06","2026-03-21 13:23:51"
4268,168,215,348,"[""E5""]",いつでも,1〜2,普通,1〜2匹で出ます。,0,"下層のE5や中層のE2からF3にかけて数シンボル。1～2匹構成。
ver: 3.5","2026-03-18 10:48:25","2026-03-22 10:31:48"
4270,225,80,545,[],いつでも,,多い,脱出イベント。。,0,"脱出イベントで大量に転がっている。時間制限があるので無視推奨。
ver: 3.0","2026-03-18 10:52:04","2026-03-22 12:28:21"
4271,235,119,537,"[""C3"",""D3"",""C4"",""D4"",""C5"",""D5"",""C6"",""D6"",""E5"",""F5"",""E6"",""F6"",""E3"",""F3"",""E4"",""F4""]",いつでも,1,普通,遠い。,1,"固定湧きのものはおそらく1匹のみ(Ver1.2より3回エンカウントすると2匹)。二の島下層はマポレーナが付き、ワイトキングに2体くっついてくる。 こいつだけなら二の島上層のギガントヒルズ周りの4シンボルを狩るのがおすすめ。
ver: 1.3","2026-03-18 10:52:38","2026-03-23 08:45:15"
4272,242,119,1016,,いつでも,2,普通,三の島に出ます。螺旋階段は2匹、それ以外は1匹で出ます。涸れる上に遠いです。,0,"三の島に出現。螺旋階段は2匹編成、それ以外は1匹編成。涸れる上に遠い。
ver: 1.3","2026-03-18 10:53:04","2026-03-20 18:53:51"
4273,242,67,126,,いつでも,1〜3,多い,地下1階〜地下2階への通路と、地下2階〜地下3階への通路に数シンボルいます。前者は1〜3匹、後者は2〜3匹で出ます。再湧きに1分くらいかかるので乱獲だと稀に涸れるのに注意です。シンボル自体はまとまっていますしているので、狩場としては有用です。,1,"地下1階～地下2階への通路と、地下2階～地下3階への通路に数シンボルいる。前者は1～3匹、後者は2～3匹構成。再湧きに1分くらいかかるので乱獲だと稀に涸れるのに注意。シンボル自体は密集しているので、狩場としては有用。
ver: 4.4","2026-03-18 10:53:04","2026-03-21 11:03:14"
4275,253,119,1016,"[""C3"",""D3"",""C4"",""D4"",""C5"",""D5"",""C6"",""D6"",""E5"",""F5"",""E6"",""F6"",""E3"",""F3"",""E4"",""F4""]",いつでも,2,普通,３の島に2〜3シンボルおり、湧きも早く1分ほどです。サタンメイルが2匹まで一緒に出ます。ただ遠い,1,"３の島に2～3シンボルおり、再ポップも早く1分ほど。サタンメイルが2匹までくっつく。
ver: 3.3","2026-03-18 10:53:41","2026-03-22 13:20:55"
4276,253,120,989,"[""C7"",""C6"",""C5"",""C4""]",いつでも,,1,ふむ,0,"地下5階の西側ルートに1シンボル。バルバロッサがくっつく。
ver: 1.4","2026-03-18 10:53:41","2026-03-22 13:20:55"
4278,264,120,989,[],いつでも,,普通,地下5階のワイトキングのお供に出たり、地下6階にシンボルとしてうろ一緒に出ます。こちらではサタンメイルやホラービーストも混ざります。,1,"地下5階のワイトキングのお供に出たり、地下6階にシンボルとしてうろつく。こちらではサタンメイルやホラービーストと混成する。
ver: 1.4","2026-03-18 10:54:19","2026-03-22 14:25:59"
4280,280,120,989,[],いつでも,2,おｔも,お供限定です。地下5階の東側ルートのてっこうまじんに2匹まで一緒に出ます。,0,"お供限定。地下5階の東側ルートのてっこうまじんに2匹までくっつく。
ver: 1.4","2026-03-18 10:55:06","2026-03-22 15:06:27"
4281,293,120,989,[],いつでも,,普通,地下5階の東側ルートに1シンボルです。シルバーマントが二匹まで一緒に出ます。,0,"地下5階の東側ルートに1シンボル。シルバーマントが二匹までくっつく。
ver: 1.4","2026-03-18 10:55:50","2026-03-22 15:56:52"
4285,317,100,85,"[""D7"",""C7"",""C6"",""D6"",""E6""]",いつでも,2,多い,地下1階のD-7からE-6にかけてたくさんいます。2匹で出て、デザートガルバも混ざります。,0,"地下1階のD-7からE-6にかけて多数生息。2匹構成でデザートガルバが混成する。
ver: 3.0","2026-03-18 10:57:06","2026-07-29 10:32:21"
4286,321,135,744,"[""C3"",""D3"",""C4"",""D4""]",いつでも,1〜2,普通,地下洞にいます。東の地下洞の方がやや密度が高いです。常時1匹湧きであやしいかげが1〜2匹一緒に出ます。,0,"地下洞にいる。東の地下洞の方がやや密度が高い。常時1匹湧きであやしいかげが1～2匹くっつく。
ver: 2.0","2026-03-18 10:59:33","2026-03-22 18:10:21"
4288,345,100,84,"[""E2"",""F2"",""F1"",""E1""]",いつでも,1〜2,普通,入ってすぐ左の場所に2シンボルいます。1〜2匹で出ます。3分くらいで湧く。,0,"入ってすぐ左の場所に2シンボルいる。1～2匹構成。3分くらいで湧く。
ver: 5.4","2026-03-18 11:01:19","2026-03-22 18:58:19"
4290,349,80,545,[],いつでも,,普通,脱出イベントで出ます。。。,0,"脱出イベントで出現。
ver: 3.0","2026-03-18 11:01:32","2026-03-22 19:03:37"
4291,368,119,1041,"[""E4""]",いつでも,,1,二の島上層に1シンボルです。,0,"二の島上層に1シンボル。まわりに4シンボルいるサタンメイルを倒し終わったころにちょうど湧く。(5分？)まおうのつかいにいくついでにも狩ろう。
ver: 1.3","2026-03-18 11:02:36","2026-03-26 14:31:32"
4292,375,100,84,"[""E1"",""E2"",""F2"",""F1""]",いつでも,1〜2,普通,入って左の広場にいます。1〜2匹で出て、スライムボーグも混ざります。,0,"入って左の広場に生息。1～2匹構成でスライムボーグが混成する。
ver: 5.4","2026-03-18 11:03:02","2026-03-23 07:13:50"
4293,381,119,536,"[""C5""]",いつでも,,1,三の島下層の中央付近にいます。,0,"三の島下層の中央付近にいる。
ver: 1.4","2026-03-18 11:03:24","2026-03-26 14:34:38"
4294,395,119,1016,[],いつでも,,普通,。。,0,"ラスボス直前にいる。遠い上に湧きもあまりよくない。
ver: 1.1","2026-03-18 11:04:12","2026-03-23 07:47:06"
4297,402,624,1015,"[""C5"",""B5"",""B4"",""C4""]",いつでも,1,普通,マップ西端にひっそりといます。1匹で出て、ヘルジュラシックも混ざります。,0,"マップ西端にひっそりといる。1匹構成でヘルジュラシックと互いに混成する。
ver: 6.3","2026-03-18 11:04:36","2026-03-23 08:17:33"
4303,428,80,941,[],いつでも,,普通,地下水脈でいったん落とし穴に落ちたところで数匹うろついています。,0,"地下水脈でいったん落とし穴に落ちたところで数匹うろついている。無視推奨。
ver: 3.0","2026-03-18 11:06:02","2026-03-23 09:34:32"
4304,435,41,32,"[""B3"",""C3"",""D3"",""E3"",""F3"",""G3"",""G4"",""F4"",""F5"",""E5"",""D5"",""D4"",""C4"",""B4"",""B5"",""C5"",""E4"",""G5""]",いつでも,,お供,ヘルジュラシック、トリカトラプスに一緒に出ます。,0,"ヘルジュラシック、トリカトラプスにくっつく。
ver: 5.4","2026-03-18 11:06:26","2026-03-23 09:47:01"
4305,435,99,82,"[""C3"",""D3"",""C4"",""D4"",""C5"",""D5"",""C6"",""D6"",""E5"",""F5"",""E6"",""F6"",""E3"",""F3"",""E4"",""F4""]",いつでも,,お供,ヘルカッチャに一緒に出ます。,0,"ヘルカッチャにくっつく。
ver: 1.4","2026-03-18 11:06:26","2026-03-23 09:47:01"
4306,435,161,238,"[""C5"",""D5"",""C6"",""D6"",""E5"",""F5"",""E6"",""F6"",""G5"",""H5"",""G6"",""H6"",""G7"",""H7"",""G8"",""H8"",""E7"",""F7"",""E8"",""F8"",""C7"",""D7"",""C8"",""D8""]",いつでも,,お供,ヘルカッチャに一緒に出ます。,0,"ヘルカッチャにくっつく。
ver: 2.1","2026-03-18 11:06:26","2026-03-23 09:47:01"
4307,435,581,832,"[""C3"",""D3"",""C4"",""D4"",""E3"",""F3"",""E4"",""F4"",""E5"",""F5"",""E6"",""F6"",""C5"",""D5"",""C6"",""D6""]",いつでも,,お供,やはりヘルカッチャに一緒に出ます。,0,"やはりヘルカッチャにくっつく。
ver: 4.4","2026-03-18 11:06:26","2026-03-23 09:47:01"
4308,435,589,844,"[""F6"",""F7""]",いつでも,,お供,まれにヘルジュラシックに一緒に出ます。,0,"まれにヘルジュラシックにつく。
ver: 6.4","2026-03-18 11:06:26","2026-03-23 09:47:01"
4309,436,253,865,"[""E6""]",いつでも,2〜4,普通,基本的に洞くつ部分にいます。2〜4匹です。鉱山跡の洞くつは2〜5匹です。,1,"基本的に洞くつ部分にいる。2～4匹構成。鉱山跡の洞くつは2～5匹構成。また、C4～C6のくさった死体・強にも1匹くっついてきたり、F6あたりのしのどれい・強と互いに混成する。
ver: 5.2","2026-03-18 11:06:29","2026-03-24 18:06:40"
4310,437,80,545,[],いつでも,,普通,脱出イベントで道を塞いでいます。,0,"脱出イベントで道を塞いでいる。
ver: 3.0","2026-03-18 11:06:33","2026-03-23 09:53:40"
4311,440,120,989,"[""E7"",""D7""]",いつでも,,普通,地下5階の出口に1シンボルのみです。,0,"地下5階の出口に1シンボルのみ。
ver: 2.0","2026-03-18 11:06:43","2026-03-23 10:01:51"
4314,474,80,545,[],いつでも,,普通,脱出イベントで道を塞いでいます。邪魔だ,0,"脱出イベントで道を塞いでいる。
ver: 3.0","2026-03-18 11:08:38","2026-03-26 14:09:55"
4319,486,216,356,"[""E5"",""E4"",""D4"",""D5""]",いつでも,2〜3,多い,ギミックが面倒で行くのに面倒だが、シンボルがまとまっていますしている上に低空を飛んでいて、かつ2〜3匹なのでおすすめです。,1,"第５層の第四の招雷塔のまわりにいる。仕掛けをとかないといけないためそれなりに回り道だが、シンボルが密集している上に低空を飛んでいて、かつ2～3匹構成なのでおすすめ。
ver: 3.5","2026-03-18 11:14:03","2026-03-23 11:19:40"
4320,505,195,301,"[""E3""]",いつでも,1,普通,2層と3層にあるつり橋の上にずついる。第3層C－3あたりにもいる。3分湧き。,1,"第二層E-3の橋の上、第三層C-3の熔岩のトンネルの前、C-4の橋の上を通せんぼしている。おおよそ3分湧き。1匹構成なのでエモノ呼び推奨。なお、C-3は2シンボルいるのでうっかり呼ぶ前に倒してしまっても継続して戦いやすい。
ver: 3.1","2026-03-18 11:15:38","2026-03-23 12:28:27"
4322,513,216,356,"[""E5"",""D5"",""E4"",""D4""]",いつでも,2〜3,普通,第5層の第一の招雷塔のまわりにいます。2〜3匹で高度も低いのでおすすめです。,0,"第5層の第一の招雷塔のまわりにいる。2～3匹構成で高度も低いのでおすすめ。
ver: 3.5","2026-03-18 11:16:05","2026-03-23 13:18:48"
4323,517,624,1015,"[""C5"",""D5""]",いつでも,1,少ない,マップ西端にひっそりといます。,0,"マップ西端にひっそりといる。1匹構成でトリカトラプスと互いに混成する。
ver: 6.3","2026-03-18 11:16:17","2026-03-23 13:40:43"
4325,525,301,967,"[""H5""]",いつでも,2〜3,普通,マップ北中央にいます。2〜3匹で出ます。東の洞くつにもおり、こちらは1〜2匹で出ます。,0,"マップ北中央に生息。2～3匹構成。 東の洞くつにもおり、こちらは1～2匹構成。
ver: 7.4","2026-03-18 11:16:43","2026-03-23 13:53:00"
4327,544,185,976,[],いつでも,1,少ない,享楽の間道E-2に1匹出ます。連戦の1波目です。エモノ呼びできないです。,0,"享楽の間道E-2に1匹出現。連戦の1波目。エモノ呼びできない。
ver: 5.4","2026-03-18 11:17:47","2026-03-23 14:18:19"
4329,829,624,1015,"[""C3"",""D3"",""C4"",""D4"",""C5"",""D5"",""C6"",""D6"",""E5"",""F5"",""E6"",""F6"",""E3"",""F3"",""E4"",""F4""]",いつでも,1〜2,多い,マップ全域に大量です。入口付近は1〜2匹、それ以外は3〜4匹です。ジア・デーモンも一緒に出ます。,0,"マップ全域に大量。入口付近は1〜2匹、それ以外は3〜4匹。ジア・デーモンにもつく。
ver: 6.3","2026-03-18 11:18:33","2026-03-24 07:40:43"
4330,563,131,734,"[""E3""]",いつでも,12,普通,2階のE3,1,"2階のE-3の赤宝箱付近、3階のF-4,E-6のいずれかに1シンボル。エモノ呼びで12匹呼んでいる最中に次のシンボルが湧いている。
ver: 2.4","2026-03-18 11:18:53","2026-03-23 15:06:00"
4331,563,162,243,"[""C3"",""C4"",""C5"",""D5"",""E5"",""F5"",""F4"",""F3"",""E3"",""D3"",""D4"",""E4""]",いつでも,,普通,5Fのいろんな部屋のすみっこに湧いています。湧きも早い。,0,"シンボルが増加し、5Fまでのいろんな部屋のすみっこに湧いている。湧きも早くなっているようだ。
ver: 3.0","2026-03-18 11:18:53","2026-03-23 15:06:00"
4332,570,216,356,"[""E5"",""E4"",""D4"",""D5""]",いつでも,1〜2,普通,第5層の第三の招雷塔のまわりにいます。1〜2匹で出ます。遠い。,0,"第5層の第三の招雷塔のまわりにいる。1～2匹構成。ドルボードを使えるが、多少仕掛けをとく必要があるのが難点。
ver: 3.5","2026-03-18 11:19:14","2026-03-23 15:13:27"
4333,573,216,356,"[""E5"",""E4"",""D4"",""D5""]",いつでも,1,普通,第5層の第二の招雷塔のまわりにいます。1匹ずつ出ます。,0,"第５層の第二の招雷塔のまわりにいる。1匹構成。
ver: 3.5","2026-03-18 11:19:23","2026-03-26 15:07:31"
4336,579,253,865,"[""E6""]",いつでも,1〜4,多い,ボーンバット・強も混ざります。,1,"アデロア湖の周辺に多数のシンボル。1～4匹構成でさらにあやしいかげ・強が1～2匹くっついてくることがある。西側より北側や南側が若干出現数多め。また、アデロア湖の南の洞くつのボーンバット・強と互いに混成する。
ver: 5.1","2026-03-18 11:20:07","2026-03-23 15:20:46"
4339,593,185,976,[],いつでも,1,少ない,享楽の間道E-2に1匹出ます。連戦の2波目です。,0,"享楽の間道E-2に1匹出現。連戦の2波目。
ver: 5.4","2026-03-18 11:20:37","2026-03-23 15:45:30"
4340,597,577,827,"[""D2"",""F5""]",いつでも,,普通,F-5付近と、雷食い鳥の玉座前に数シンボルです。単体かフンガーがついてくることがあります。,0,"F-5付近と、雷食い鳥の玉座前に数シンボル。単体かフンガーがくっついてくる。
ver: 4.2","2026-03-18 11:20:50","2026-03-23 15:49:31"
4342,616,80,545,[],いつでも,,普通,脱出イベントで道を塞いでいます。邪魔,0,"脱出イベントで道を塞いでいる。
ver: 5.4","2026-03-18 11:22:04","2026-03-23 16:56:45"
4344,843,280,1013,"[""C1"",""D1"",""C2"",""D2"",""C3"",""D3"",""C4"",""D4"",""C5"",""D5"",""C6"",""D6"",""C7"",""D7"",""C8"",""D8"",""E7"",""F7"",""E8"",""F8"",""E5"",""F5"",""E6"",""F6"",""E3"",""F3"",""E4"",""F4"",""E1"",""F1"",""E2"",""F2""]",いつでも,3〜4,多い,滅亡の砂漠のほぼ全域と落日の原野の北部です。終焉の皇国の1階と2階でも出現します。,0,"ほとんどのエリアにいる。サブクエで開放される砂漠北東が3〜4匹構成でシンボルも多いのでおすすめ。砂漠の南部と原野の北部は1～2匹構成、砂漠の北部と皇国エリアは2～3匹構成。
ver: 6.1","2026-03-18 11:33:34","2026-03-24 07:55:02"
4350,646,253,865,"[""E6""]",いつでも,3〜4,普通,鉱山跡は3〜4匹、ほかマジックフライ・強に2匹までついてくることがあります。,1,"集落跡の周辺や集落跡、鉱山跡の洞くつにシンボル。集落跡は2～3匹構成でがいこつ・強が2匹までくっついてくることがある。集落跡の北側の高台は3～4匹構成。集落跡の西側は2～4匹構成でくさった死体・強が2匹くっついてくることがある。鉱山跡は3～4匹構成、ほかマジックフライ・強に2匹までくっついてくる。
ver: 5.1","2026-03-18 11:35:20","2026-03-23 17:31:50"
4352,646,268,879,"[""C6"",""C5"",""F6"",""F5""]",いつでも,1〜3,普通,1階両端の袋小路にシンボルです。1〜3匹で出ます。,0,"1階両端の袋小路にシンボル。1～3匹構成。まおうのかげがお供としてくっついてくることがある。
ver: 5.3","2026-03-18 11:35:20","2026-03-23 17:31:50"
4354,662,271,896,"[""F3"",""F4"",""C4""]",いつでも,1〜2,普通,終末の径や寂滅の道にいます。1〜2匹で出て、ゴルバ・強も混ざります。,1,"終末の径や寂滅の道に生息。1～2匹でゴルバ・強と互いに混成する。近くのヘルカッチャ・強やシャイニング・強についてくることもあり、寂滅の道西部ではこれらがお供になることもある。
ver: 5.5後","2026-03-18 11:36:47","2026-03-23 17:57:57"
4355,663,271,896,"[""F3"",""F4"",""C4""]",いつでも,1〜2,普通,終末の径や寂滅の道にいます。1〜2匹で出て、ガルバ・強も混ざります。,1,"終末の径や寂滅の道に生息。1～2匹でガルバ・強と互いに混成する。近くのヘルカッチャ・強やシャイニング・強についてくることもあり、寂滅の道西部ではこれらがお供になることもある。
ver: 5.5後","2026-03-18 11:36:50","2026-03-23 17:58:18"
4358,828,624,1015,"[""G5"",""G6"",""F6"",""E6""]",いつでも,1〜2,普通,即湧きだが湧く範囲が広い。ジア・メーダが一緒に出ますことがあります。,1,"マップ西部や東部の広いところに計4シンボルほど。ジア・メーダと一部湧きを共有しているようだ。即湧きだが出現範囲は広い。西部の巨大な結晶の周辺が湧きやすくおすすめ。1〜2匹構成でジア・メーダがつくことがある。
ver: 6.3","2026-03-18 11:41:18","2026-03-24 07:40:23"
4362,732,81,49,,いつでも,,多い,大量にシンボルがいる上にルーラストーンからもそこそこ近く、おすすめです。業者ももういないです。飛び地のほうにシンボルがたまるのには注意です。,1,"大量にシンボルがいる上にルーラストーンからもそこそこ近く、おすすめ。業者ももういない。飛び地のほうにシンボルがたまるのには注意。
ver: 3.5","2026-03-18 11:48:07","2026-03-21 11:03:14"
4363,733,6,985,"[""C6"",""D6"",""F1"",""D7"",""C7"",""B7"",""B6""]",いつでも,1,多い,ジュレー島下層大空洞の南側一帯とF-1にいます。1匹湧きです。,0,"[""ミューズ海岸から大空洞に入ってすぐにいる、E-5あたりまでたくさんいます""]

ジュレー島下層大空洞の南側一帯とF-1に生息。1匹湧き。
ver: 1.4","2026-03-18 11:48:11","2026-03-21 13:58:31"
4364,737,81,49,,いつでも,,普通,シンボルも多く楽なほうです。分散もおすすめです。わらいぶくろが割と散るので、なぎはらいのような出の早い範囲攻撃かタロットを持って行こうです。なお、壁でいます地は区切られているが、戦闘範囲のサークルが壁の向こうまで伸びている場合はそちらに進入しても戦闘が始まるです。分散狩りの際は合流までの時間を短縮できるので覚えておこうです。,1,"シンボルも多く楽なほう。分散もおすすめ。わらいぶくろが割と散るので、なぎはらいのような出の早い範囲攻撃かタロットを持って行こう。なお、壁で生息地は区切られているが、戦闘範囲のサークルが壁の向こうまで伸びている場合はそちらに進入しても戦闘が始まる。分散狩りの際は合流までの時間を短縮できるので覚えておこう。
ver: 3.5","2026-03-18 11:48:24","2026-03-21 11:03:15"
4365,885,27,524,[],いつでも,,,,1,,"2026-03-18 11:49:06","2026-03-21 11:03:16"
4371,764,134,580,"[""E3"",""E4"",""E5"",""E6"",""F3"",""F4"",""F5"",""F6"",""G3"",""G4"",""G5"",""G6"",""H3"",""H4"",""H5"",""H6""]",いつでも,,普通,遺跡内部の東側に広範囲で出現します。,0,"[""遺跡内部の東側に広範囲で出現します""]","2026-03-18 11:50:18","2026-03-23 08:34:12"
4372,764,202,1036,"[""C6""]",いつでも,1〜2,普通,湧きが大変悪いです。,0,"[""1-2匹@C6"",""成木の層(下)C-6の中部屋にいる""] / 1-2匹@C6

成木の層C-6に3シンボル。1～2匹構成。湧きが大変悪い。
ver: 3.2","2026-03-18 11:50:18","2026-03-23 08:34:12"
4376,782,206,332,,いつでも,,多い,シンボルは多いが拠点からやや遠いです。あえてここを選ぶ必要はないだろうです。,0,"シンボルは多いが拠点からやや遠い。あえてここを選ぶ必要はないだろう。
ver: 4.2","2026-03-18 11:51:22","2026-03-20 18:53:51"
4379,785,194,295,[],いつでも,,転生,を狙うならここしかないが、枯れ易いため複数PT許容ではないです。,1,"転生を狙うならここしかないが、枯れ易いため複数PT許容ではない。
ver: 4.0","2026-03-18 11:51:33","2026-08-03 09:46:34"
4381,788,162,239,,いつでも,,普通,何箇所かにシンボルはいるが、湧き場所の間隔が非常に広い上に見落としやすい位置にいるのでおすすめできないです。,0,"何箇所かにシンボルはいるが、湧き場所の間隔が非常に広い上に見落としやすい位置にいるのでおすすめできない。
ver: 3.2","2026-03-18 11:51:46","2026-03-20 18:53:51"
4382,838,587,839,[],いつでも,,普通,,0,"ver: 7.0","2026-03-18 11:51:50","2026-03-19 17:18:01"
4384,789,216,351,,いつでも,1,多い,メタルドラゴンのシンボルがまとまっています、湧きが早い、1匹とおすすめです。,1,"メタルドラゴンのシンボルが密集、湧きが早い、1匹構成とおすすめ。
ver: 4.5","2026-03-18 11:51:53","2026-03-21 11:03:15"
4385,793,564,798,,いつでも,2,少ない,ガメゴンロードのシンボルがいまいち多くなく、湧きも微妙です。2匹もあるためおすすめできないです。,0,"ガメゴンロードのシンボルがいまいち多くなく、湧きも微妙。2匹構成もあるためおすすめできない。
ver: 4.0","2026-03-18 11:52:07","2026-03-20 18:53:51"
4404,177,629,1030,"[""B6"",""B7"",""C7"",""C6""]",いつでも,1-2,いっぱい,地域限定。わんさかいる,1,,"2026-03-21 06:59:30","2026-03-22 10:53:50"
4405,748,629,1030,"[""B6"",""B7"",""C7"",""C6""]",いつでも,1-2,いっぱい,地域限定。わんさかいる,1,,"2026-03-21 06:59:30","2026-03-22 10:53:50"
4406,308,629,1032,"[""C5"",""D5"",""C6"",""D6""]",いつでも,1,1,,0,,"2026-03-21 07:01:22","2026-03-22 17:26:08"
4407,212,629,1031,"[""C3"",""D3"",""C4"",""D4"",""C5"",""D5"",""C6"",""D6"",""E5"",""F5"",""E6"",""F6"",""E3"",""F3"",""E4"",""F4""]",いつでも,,多数,全体的にでます,0,,"2026-03-21 07:02:01","2026-03-22 11:56:09"
4408,187,629,1031,"[""D6""]",いつでも,,少ない,,0,,"2026-03-21 07:03:09","2026-03-22 11:03:07"
4409,196,629,1030,"[""B3"",""E7""]",いつでも,,,,0,,"2026-03-21 07:05:05","2026-03-22 11:30:16"
4410,196,629,1031,"[""C5"",""D5"",""C6"",""D6"",""C3"",""D3"",""C4"",""D4"",""E3"",""F3"",""E4"",""F4"",""E5"",""F5"",""E6"",""F6""]",いつでも,,,ちらほら,0,,"2026-03-21 07:05:05","2026-03-22 11:30:16"
4413,716,72,41,"[""C3"",""D4"",""C4"",""D3""]",夜,1,普通,夜だけ1匹ずつ出ます。村あたり〜知恵の社にいます。,0,"[""夜になると知恵の社の方BC-3あたりに出現する""]

夜限定。村周辺～知恵の社に生息。1匹構成。
ver: 5.4","2026-03-21 09:16:25","2026-07-29 10:38:06"
4414,774,569,815,"[""D7"",""F4"",""G3""]",夜,1〜3,少ない,夜だけ出ます。夜にF-4、G-3にいます。1〜3匹で出ます。,0,"[""夜にF-4、G-3、D-7に1匹ずついる""]

夜限定 1～3匹構成。シャイニングと入れ替わりで、D6、D3、F4の石畳の上にシンボルがある。
ver: 4.1","2026-03-21 09:28:33","2026-03-23 06:22:38"
4415,778,586,838,"[""F5""]",夜,1,1,夜だけ出ます。1匹で再湧きに1分ほどかかります。,0,"[""夜にF-5あたりの道を走っている""]

夜限定。風車の丘のオマージュ。3号観測小屋の北側の道を爆走している。1匹構成で再湧きに1分ほどかかる。
ver: 4.4","2026-03-21 09:28:51","2026-03-22 18:35:38"
4416,716,180,284,"[""E2""]",夜,,普通,夜だけ出ます。ナルビアから出たところにいます。,0,"[""夜になるとE-2あたりに出現します""]

夜限定。ナルビアから出たところにいる。
ver: 2.3","2026-03-21 09:29:51","2026-07-29 10:38:07"
4417,773,66,125,"[""D4"",""C4""]",夜,1,1,夜だけ出ます。底なし穴の近くに1シンボルです。湧きに時間がかかる。,0,"[""夜になるとD-4の底なし穴の周りで1匹飛んでいる""]

底なし穴の近くに1シンボル。夜限定の上、再ポップまで長いのでおすすめできない。
ver: 1.5","2026-03-21 09:31:30","2026-03-22 18:13:24"
4418,761,99,82,"[""C8"",""D8"",""D3"",""D2"",""B8"",""E6"",""C5"",""D4"",""C2""]",夜,1〜2,普通,夜だけ出ます。北東をのぞく採掘場の入口にいて1〜2匹で出ます。,0,"[""夜になると採掘場所へ入るスロープの所に出ます""]

夜限定。北東をのぞく窪地の入口にたたずんでいる。1～2匹構成。
ver: 5.4","2026-03-21 09:34:12","2026-03-22 15:06:27"
4419,761,120,989,[],いつでも,2,おｔも,お供限定です。地下5階の東側ルートのてっこうまじんに2匹まで一緒に出ます。,0,"お供限定。地下5階の東側ルートのてっこうまじんに2匹までくっつく。
ver: 1.4","2026-03-21 09:34:12","2026-03-22 15:06:27"
4420,758,31,13,"[""B5""]",夜,1,少ない,深夜限定です。バグレア教会跡やそのあたりにいます。,0,"[""夜間B-5のバクレア教会跡地周辺に出ます""]

深夜限定。バグレア教会跡やその周辺に生息。1匹構成でかげのきしが2匹までつく。
ver: 5.4","2026-03-21 09:35:26","2026-03-22 16:03:19"
4421,722,81,51,[],いつでも,,普通,スライムタワーのお供のみ出ます。,0,"[""お供"",""4階のあおだけ童子のお供で出現します""] / お供

3階のスライムタワーと4階のあおだけ童子のおともでのみ出現。
ver: 5.4","2026-03-21 13:06:55","2026-03-21 13:07:50"
4422,722,81,52,[],いつでも,,普通,4階のあおだけ童子のお供で出現します。,0,"[""4階のあおだけ童子のお供で出現します"",""お供""]","2026-03-21 13:06:55","2026-03-21 13:07:50"
4423,735,586,837,"[""D3"",""F7"",""E7"",""C3""]",いつでも,1,少ない,1体前後で出ることが多いです。,1,"[""F-7とD-3の通路に1匹ずついる""]","2026-03-21 15:00:44","2026-03-21 15:02:12"
4424,85,81,52,"[""C3"",""D3"",""C4"",""D4"",""C5"",""D5"",""C6"",""D6"",""E5"",""F5"",""E6"",""F6"",""E3"",""F3"",""E4"",""F4""]",normal,1,お供,あおだけ童子のお供でのみ。,0,,"2026-03-21 15:04:16","2026-03-21 15:06:20"
4425,732,81,52,"[""C3"",""D3"",""C4"",""D4"",""C5"",""D5"",""C6"",""D6"",""E5"",""F5"",""E6"",""F6"",""E3"",""F3"",""E4"",""F4""]",normal,1,お供,あおだけ童子のお供でのみ。,0,,"2026-03-21 15:04:16","2026-03-21 15:06:20"
4426,315,164,247,"[""F6"",""F5""]",normal,,ちらほら,第二の魔峡の地上部分に点々とにいます,0,,"2026-03-22 17:41:48","2026-07-29 10:29:27"
4428,329,164,247,"[""C3"",""D3"",""C4"",""D4"",""C5"",""D5"",""C6"",""D6"",""E5"",""F5"",""E6"",""F6"",""E3"",""F3"",""E4"",""F4""]",normal,,,第一の魔狭D-6と第二の魔峡でよく見かけます。1〜2匹で出ます。,0,,"2026-03-22 18:25:02","2026-03-22 18:25:02"
4429,362,176,278,"[""C4""]",normal,,,昼のみ第2層C-4にもいる,0,,"2026-03-23 06:39:29","2026-03-23 06:39:29"
4431,780,202,1033,"[""B3""]",いつでも,3,普通,湧きはそこそこ早く、3匹までありソードマカブルも二匹までついてくることがあります。,0,"[""苗木の層(下)B-3の小部屋にいる""]

苗木の層のB-3に3シンボル。湧きはそこそこ早く、3匹構成までありソードマカブルも二匹までついてくる。C-2のソードマカブルにもくっついてくる。
ver: 3.2","2026-03-23 08:30:21","2026-03-23 10:57:45"
4432,762,202,1034,"[""F6""]",いつでも,4,3,若木の層F-6のところに3シンボルです。4匹です。湧きはよくなく、すぐに涸れるので注意です。,1,"[""4匹@F6"",""若木の層(下)F-6の中部屋にいる""] / 4匹@F6

若木の層F-6のところに3シンボル。4匹構成。湧きはよくなく、すぐに涸れるので注意。
ver: 3.2","2026-03-23 08:31:49","2026-03-23 08:31:49"
4433,558,202,1035,"[""D4"",""D5"",""E5"",""E4""]",normal,,,苗木の層の下F-7の小部屋と若木の層の上の大部屋でよく見かけます。湧きは早く、2〜3匹で出ます。,0,,"2026-03-23 08:32:26","2026-03-23 14:58:03"
4434,788,202,1036,"[""F6""]",いつでも,,普通,成木の層の下F6の中部屋にいます。,0,"[""成木の層(下)F-6の中部屋にいる""]","2026-03-23 08:34:34","2026-03-23 15:06:00"
4435,788,131,734,"[""E3""]",いつでも,12,普通,2階のE3,1,"2階のE-3の赤宝箱付近、3階のF-4,E-6のいずれかに1シンボル。エモノ呼びで12匹呼んでいる最中に次のシンボルが湧いている。
ver: 2.4","2026-03-23 08:34:34","2026-03-23 15:06:00"
4436,788,162,243,"[""C3"",""C4"",""C5"",""D5"",""E5"",""F5"",""F4"",""F3"",""E3"",""D3"",""D4"",""E4""]",いつでも,,普通,5Fのいろんな部屋のすみっこに湧いています。湧きも早い。,0,"シンボルが増加し、5Fまでのいろんな部屋のすみっこに湧いている。湧きも早くなっているようだ。
ver: 3.0","2026-03-23 08:34:34","2026-03-23 15:06:00"
4437,789,202,1037,"[""D2"",""F6"",""G4""]",いつでも,,普通,開花の層の下D-2、G-4、F-6にいます。,1,"[""開花の層(下)D-2とG-4とF-6にいる""]","2026-03-23 08:36:45","2026-03-23 14:01:32"
4438,421,80,941,"[""D7"",""F4""]",normal,,,地域限定。1匹で出ます。参道F-5、本殿D-7、F-4に固定湧きです。いずれも2〜3分で湧きます。,0,,"2026-03-23 09:11:00","2026-03-23 09:11:12"
4439,448,195,302,"[""D3"",""E3""]",normal,1〜2,普通,第2層から、主に火を噴出している大きい柱の壁際の部分に出ます。第4層までずっといる。,0,,"2026-03-23 10:15:27","2026-03-23 10:15:27"
4440,455,184,582,"[""F3""]",normal,,,中層D-3の通路と下層E-3あたりにいる。,0,,"2026-03-23 10:35:46","2026-03-23 10:35:46"
4441,461,168,263,"[""C6"",""C5"",""C4"",""C3""]",normal,,,1階北の通路と2階西の通路にいます。2匹で出ます。,0,,"2026-03-23 10:40:15","2026-03-23 10:41:51"
4442,787,185,976,"[""E4""]",いつでも,1,少ない,享楽の間道E-4に1匹出ます。エモノ呼びできないです。,0,"[""享楽の間道E-4で戦闘になる""]

享楽の間道E-4に1匹出現。エモノ呼びできない。
ver: 5.4","2026-03-23 13:08:39","2026-03-23 13:10:41"
4443,610,280,1044,"[""D4"",""E4"",""E5"",""D5""]",normal,1,,終焉の皇国の二階は1匹で出ます。,0,,"2026-03-23 15:59:06","2026-03-23 15:59:06"
4444,701,218,979,"[""C4"",""E4"",""D4"",""C5"",""D5"",""E5"",""F4"",""F5""]",normal,1,少ない,第1層から第3層までに出ます。数は一つの層に1〜2匹で出ます。,0,,"2026-03-24 06:22:37","2026-03-24 06:22:37"
4445,814,218,979,"[""D2"",""D3"",""D4"",""E4"",""F4"",""F3"",""E3"",""D5"",""E5"",""F5"",""E2"",""F2""]",normal,,,第1層から第3層で出現します。数はそれほど多くはないです。,1,,"2026-03-24 07:29:36","2026-03-24 07:30:04"
4446,843,280,1043,"[""D3"",""D4"",""D5"",""D6"",""D7"",""E7"",""E6"",""E5"",""E4"",""E3""]",normal,,,滅亡の砂漠のほぼ全域と落日の原野の北部です。終焉の皇国の1階と2階でも出現します。,0,,"2026-03-24 07:54:50","2026-03-24 07:55:02"
4447,843,280,1044,"[""D4"",""E4"",""D5"",""E5""]",normal,,,滅亡の砂漠のほぼ全域と落日の原野の北部です。終焉の皇国の1階と2階でも出現します。,0,,"2026-03-24 07:54:50","2026-03-24 07:55:02"
4448,608,625,1024,"[""C5"",""D4"",""D3"",""E3"",""E4""]",normal,2〜3,多い,そこら中にいっぱいいます,0,,"2026-03-24 17:57:00","2026-03-24 18:04:37"
4449,608,625,1025,"[""D4"",""D5"",""E5"",""E4""]",normal,2〜3,多い,特になし,0,,"2026-03-24 17:59:23","2026-03-24 18:04:37"
4451,927,631,1052,"[""C6"",""D6"",""D5"",""D4"",""E4"",""D3"",""E3""]",normal,2〜3,多数,そこら中にいる,0,,"2026-06-26 11:24:22","2026-06-27 09:33:28"
4452,929,631,1052,"[""D6"",""C6"",""B6""]",normal,2〜3,多数,,0,,"2026-06-26 11:36:10","2026-07-29 10:05:24"
4453,930,631,1052,"[""E3"",""F3""]",normal,2〜3,多数,,0,,"2026-06-26 11:37:29","2026-07-29 10:07:01"
4454,931,631,1052,"[""D4"",""E4"",""F4"",""F3"",""E3"",""D3""]",normal,2-3,多数,経験値がなかなかうまい,0,,"2026-06-26 11:39:04","2026-07-29 10:08:03"
4455,932,631,1052,"[""C6"",""B6"",""A6""]",normal,2-3,多数,,0,,"2026-06-26 11:40:17","2026-07-29 10:08:29"
4456,933,631,1052,"[""F5"",""G3"",""H3"",""F3""]",normal,2-3,多数,経験値美味しいがつよい。F3は1--2でシンボル少なめ、F5あたりが2-3でわらわらいておすすめ,0,,"2026-06-26 11:42:03","2026-07-29 10:08:58"
4457,934,632,1053,"[""C4"",""C5"",""D5"",""D4""]",normal,,,これしかいない,0,,"2026-06-26 11:43:27","2026-07-29 10:26:21"
4458,934,632,1054,"[""D4"",""D5"",""F4"",""E4"",""E5"",""F5""]",normal,,,,0,,"2026-06-26 11:43:28","2026-07-29 10:26:21"
4460,688,631,1052,"[""G3"",""E4"",""D4"",""D6"",""A5""]",normal,1,1,石のまわりにいる,0,,"2026-06-26 23:42:18","2026-06-27 00:58:53"
4461,331,631,1052,"[""D6"",""C6"",""B6""]",normal,2-3,多数,南方にたくさん,0,,"2026-06-26 23:43:20","2026-06-27 00:58:54"
4462,179,631,1052,"[""B6"",""B7"",""A6"",""A7""]",normal,2-3,多数,西南に多数,0,,"2026-06-26 23:46:17","2026-06-27 00:58:55"
4463,276,631,1052,"[""A5""]",normal,2-3,多数,洞窟のなかにいっぱいいます,0,,"2026-06-26 23:51:51","2026-06-27 00:58:57"
4464,936,631,1052,"[""C5""]",いつでも,2-3,多数,墓場の近く,0,,"2026-06-26 23:57:08","2026-07-29 10:07:37"
4465,937,633,1056,"[""B6"",""B5"",""C5"",""C6"",""F3"",""F2""]",normal,2-3,多数,,0,,"2026-06-27 00:00:53","2026-07-29 10:11:50"
4466,936,633,1056,"[""B6""]",normal,2-3,多数,こっちはいつでもいそう,0,,"2026-06-27 00:02:05","2026-07-29 10:07:38"
4467,23,633,1056,"[""B7"",""C7"",""E5""]",normal,,,E5高台,0,,"2026-06-27 00:04:10","2026-07-14 07:26:07"
4468,1863,634,1058,"[""E5"",""D5"",""C5"",""C4"",""D4"",""E4""]",いつでも,1-3,多数,,0,,"2026-06-27 00:41:41","2026-07-29 10:19:53"
4469,1864,634,1058,"[""D5"",""C5"",""E5"",""E4"",""D4"",""C4""]",いつでも,2-3,多数,キャンプ方面のほうがおおい,0,,"2026-06-27 00:41:42","2026-07-29 10:19:29"
4470,818,634,1058,"[""D6""]",いつでも,1,1,おきもの,0,,"2026-06-27 00:41:43","2026-06-27 00:57:16"
4471,1864,634,1057,"[""C5"",""D5"",""C6"",""D6"",""C3"",""D3"",""C4"",""D4"",""E3"",""F3"",""E4"",""F4"",""E5"",""F5"",""E6"",""F6""]",いつでも,2-3,多数,わらわら,0,,"2026-06-27 00:41:44","2026-07-29 10:19:29"
4472,818,634,1057,"[""D2"",""D6"",""G4"",""B3""]",いつでも,1,1,おきもの,0,,"2026-06-27 00:41:45","2026-06-27 00:57:18"
4473,606,634,1057,"[""C3"",""D3"",""C4"",""D4"",""E3"",""F3"",""E4"",""F4"",""E5"",""F5"",""E6"",""F6"",""C5"",""D5"",""C6"",""D6""]",いつでも,2-3,多数,,0,,"2026-06-27 00:41:46","2026-06-27 00:57:19"
4474,932,635,1059,"[""E4"",""D4"",""D3"",""E3"",""C4"",""C3""]",いつでも,1-2,多数,,1,,"2026-06-27 01:06:23","2026-07-29 10:08:29"
4475,464,635,1059,"[""D4"",""D3"",""E3"",""E4"",""F4"",""F3""]",いつでも,2-3,多数,,0,,"2026-06-27 01:06:25","2026-06-27 01:06:25"
4476,195,635,1059,"[""C5"",""B5"",""B6"",""C6""]",いつでも,2-3,多数,,0,,"2026-06-27 01:06:26","2026-06-27 01:06:26"
4477,750,635,1059,"[""C5"",""B5"",""B6"",""C6""]",いつでも,2-3,多数,,0,,"2026-06-27 01:06:26","2026-06-27 01:06:26"
4478,1865,635,1059,"[""B5"",""B6"",""C6"",""C5""]",いつでも,2-4,多数,,0,,"2026-06-27 01:06:27","2026-07-29 10:13:15"
4479,681,636,1061,"[""C2"",""F2"",""G4"",""F7"",""C7""]",いつでも,2,少ない,,0,,"2026-06-27 01:20:57","2026-06-27 01:20:57"
4480,1868,636,1061,"[""C2"",""F2"",""G5"",""F7"",""C7""]",いつでも,2-3,多数,,0,,"2026-06-27 01:20:58","2026-07-29 10:24:00"
4481,1867,636,1061,"[""D3"",""F4"",""E6"",""D6""]",いつでも,1-2,1,各丸い部屋の隣接している四角い部屋に1匹ずつ。,0,,"2026-06-27 01:20:59","2026-07-29 10:23:20"
4482,1866,636,1061,"[""D4"",""E4"",""E5"",""D5""]",いつでも,2-3,多数,通路にいっぱい,0,,"2026-06-27 01:21:00","2026-07-29 10:22:57"
4483,843,636,1062,"[""B4"",""B5"",""G4"",""F7"",""G5""]",いつでも,2-3,多数,,0,,"2026-06-27 01:21:01","2026-06-27 01:21:01"
4484,1867,636,1062,"[""D3"",""F4"",""F5"",""E6""]",いつでも,1-2,1,1Fと同じく四角部屋に1匹。,0,,"2026-06-27 01:21:02","2026-07-29 10:23:20"
4485,1871,637,1064,"[""D2"",""D3"",""D4"",""C4"",""E4"",""E3""]",いつでも,2-3,多数,,0,,"2026-06-27 02:22:56","2026-07-29 10:14:36"
4486,1872,637,1064,"[""D3"",""D4"",""E4"",""E3"",""F3"",""F4""]",いつでも,1-2,多数,,0,,"2026-06-27 02:22:57","2026-07-29 10:15:23"
4487,1873,637,1064,"[""C6"",""C7"",""B7"",""B6"",""D6"",""D7"",""D5""]",いつでも,2-3,多数,,0,,"2026-06-27 02:22:59","2026-07-29 10:15:01"
4488,1869,637,1064,"[""C5"",""B5""]",いつでも,2-3,多数,うまっている,0,,"2026-06-27 02:23:00","2026-07-29 10:13:41"
4489,623,637,1064,"[""C5"",""B5""]",いつでも,2-3,多数,,0,,"2026-06-27 02:23:01","2026-06-27 02:24:37"
4490,753,637,1064,"[""C6"",""D6""]",いつでも,2-3,多数,,0,,"2026-06-27 02:23:02","2026-06-27 02:24:48"
4491,1874,637,1064,"[""B6"",""C6"",""C7"",""B7"",""D7"",""D6"",""D5""]",いつでも,2-3,多数,,0,,"2026-06-27 02:23:03","2026-07-29 10:14:14"
4492,1865,637,1064,"[""F6"",""F7"",""G7""]",いつでも,2-3,多数,,0,,"2026-06-27 02:23:05","2026-07-29 10:13:15"
4493,927,637,1064,"[""F6"",""F7"",""G7""]",いつでも,2-3,多数,,0,,"2026-06-27 02:23:06","2026-06-27 09:33:29"
4494,930,637,1064,"[""F6"",""F7"",""G7""]",いつでも,2-3,多数,,0,,"2026-06-27 02:23:07","2026-07-29 10:07:01"
4495,1870,637,1064,"[""G6"",""G5"",""G4"",""G3"",""G2"",""F3""]",いつでも,,,,0,,"2026-06-27 02:23:08","2026-07-29 10:24:56"
4496,604,637,1064,"[""G6"",""G5"",""G4""]",いつでも,2-3,多数,,0,,"2026-06-27 02:23:10","2026-06-27 02:24:46"
4497,685,637,1064,"[""G3"",""G2"",""F3""]",いつでも,2-3,多数,,0,,"2026-06-27 02:23:11","2026-06-27 02:24:47"
4498,204,637,1064,"[""C6"",""D6""]",いつでも,2-3,多数,,0,,"2026-06-27 02:24:48","2026-06-27 02:24:48"
4499,1878,638,1065,"[""C3"",""C4""]",いつでも,2-3,多数,つおい,0,,"2026-06-27 02:37:42","2026-07-29 10:22:04"
4500,1877,638,1065,"[""C2"",""E6""]",いつでも,2-3,多数,,0,,"2026-06-27 02:37:43","2026-07-29 10:21:03"
4501,679,638,1065,"[""E7"",""C6""]",いつでも,2-3,多数,,0,,"2026-06-27 02:37:45","2026-06-27 02:37:45"
4502,896,638,1065,"[""F5"",""E7"",""C6"",""D5"",""E5""]",いつでも,2-3,多数,,0,,"2026-06-27 02:37:46","2026-06-27 02:37:46"
4503,1875,638,1065,"[""F6"",""F5""]",いつでも,2-3,多数,,0,,"2026-06-27 02:37:47","2026-07-29 10:20:34"
4504,1876,638,1065,"[""F6"",""F5"",""E5"",""D5""]",いつでも,2-3,多数,,0,,"2026-06-27 02:37:48","2026-07-29 10:21:36"
4505,940,633,1056,"[""D7"",""C7""]",いつでも,1,少ない,,0,,"2026-06-27 02:54:10","2026-07-29 10:11:23"
4506,30,633,1056,"[""D5"",""F1"",""F6""]",いつでも,2-3,多数,洞窟の中,0,,"2026-06-27 02:54:11","2026-07-14 07:26:09"
4507,39,633,1056,"[""C7"",""B7"",""E5""]",いつでも,2-3,多数,E5高台,0,,"2026-06-27 02:54:12","2026-07-14 07:26:10"
4508,271,633,1056,"[""E4"",""F4"",""E3"",""F5""]",いつでも,2-3,多数,,0,,"2026-06-27 02:54:13","2026-07-14 07:26:11"
4509,221,633,1056,"[""E4"",""E3"",""F4"",""F5""]",いつでも,2-3,,,0,,"2026-06-27 02:54:14","2026-07-14 07:26:12"
4510,281,633,1056,"[""E4"",""F4""]",いつでも,2-3,多数,水辺付近,0,,"2026-06-27 02:54:15","2026-07-14 07:26:14"
4511,126,633,1056,"[""F3"",""F2""]",いつでも,2-3,少ない,,0,,"2026-06-27 02:54:16","2026-07-14 07:26:15"
4512,741,633,1056,"[""F3"",""F2""]",いつでも,2-3,少ない,,0,,"2026-06-27 02:54:16","2026-07-14 07:26:16"
4513,810,633,1056,"[""F3""]",いつでも,1-2,少ない,高台の上,0,,"2026-06-27 02:54:17","2026-07-14 07:26:17"
4514,1862,633,1056,"[""F1"",""F6""]",いつでも,1,1,つおい。洞窟のなか,0,,"2026-06-27 02:54:19","2026-07-29 10:12:23"
4515,867,633,1056,"[""G3""]",いつでも,2-3,多数,,0,,"2026-06-27 02:54:20","2026-07-14 07:26:19"
4516,939,633,1056,"[""F3"",""G3""]",いつでも,2-3,多数,,0,,"2026-06-27 02:54:21","2026-07-29 10:10:50"
4517,119,633,1056,"[""G4"",""F5"",""F4""]",いつでも,2-3,多数,,0,,"2026-06-27 02:54:22","2026-07-14 07:26:23"
4518,742,633,1056,"[""G4"",""F5"",""F4""]",いつでも,2-3,多数,,0,,"2026-06-27 02:54:22","2026-07-14 07:26:24"
4519,195,633,1056,"[""G4"",""F4"",""F5""]",いつでも,2-3,多数,,0,,"2026-06-27 02:54:23","2026-07-14 07:26:25"
4520,750,633,1056,"[""G4"",""F4"",""F5""]",いつでも,2-3,多数,,0,,"2026-06-27 02:54:23","2026-07-14 07:26:26"
4521,488,633,1056,"[""D7""]",いつでも,2-3,まばら,,0,,"2026-06-27 02:56:14","2026-07-14 07:26:27"
4522,782,633,1056,"[""D7""]",いつでも,2-3,まばら,,0,,"2026-06-27 02:56:14","2026-07-14 07:26:28"
4523,197,633,1056,"[""E4""]",いつでも,2-3,少ない,,0,,"2026-06-27 03:00:38","2026-07-14 07:26:29"
4524,868,633,1056,"[""E4""]",いつでも,2-3,少ない,,0,,"2026-06-27 03:00:38","2026-07-29 10:43:26"
4525,1881,639,1066,"[""F5"",""E5"",""E4"",""F4""]",いつでも,1-2,多数,,0,,"2026-06-27 09:29:51","2026-07-29 10:16:42"
4526,1880,639,1066,"[""E4"",""E5"",""F5"",""F4""]",いつでも,1-2,多数,,0,,"2026-06-27 09:29:53","2026-07-29 10:17:29"
4527,795,633,1056,"[""C7"",""B7"",""E5""]",いつでも,2-3,多数,E5高台,0,,"2026-07-14 07:23:56","2026-07-29 10:41:21"
4528,938,633,1056,"[""C6"",""C5""]",いつでも,2-3,多数,,0,,"2026-07-14 07:26:32","2026-07-29 10:10:22"
