id,monster_id,drop_target_type,drop_target_id,drop_type,sort_order,created_at,updated_at
3,964,orb,26,orb,1,"2026-03-12 11:58:11","2026-03-12 11:58:11"
4,964,orb,143,orb,2,"2026-03-12 11:58:11","2026-03-12 11:58:11"
5,964,orb,151,orb,3,"2026-03-12 11:58:11","2026-03-12 11:58:11"
6,964,equipment,132,equipment,1,"2026-03-12 11:58:11","2026-03-12 11:58:11"
7,964,equipment,131,equipment,2,"2026-03-12 11:58:11","2026-03-12 11:58:11"
8,964,equipment,130,equipment,3,"2026-03-12 11:58:11","2026-03-12 11:58:11"
9,269,item,698,normal,1,"2026-03-12 11:58:13","2026-03-12 11:58:13"
10,269,item,703,rare,2,"2026-03-12 11:58:13","2026-03-12 11:58:13"
11,269,orb,8,orb,1,"2026-03-12 11:58:13","2026-03-12 11:58:13"
12,269,orb,176,orb,2,"2026-03-12 11:58:13","2026-03-12 11:58:13"
13,269,orb,422,orb,3,"2026-03-12 11:58:13","2026-03-12 11:58:13"
14,269,equipment,1142,equipment,1,"2026-03-12 11:58:13","2026-03-12 11:58:13"
15,269,equipment,1109,equipment,2,"2026-03-12 11:58:13","2026-03-12 11:58:13"
16,269,equipment,1167,equipment,3,"2026-03-12 11:58:13","2026-03-12 11:58:13"
17,656,item,679,normal,1,"2026-03-12 11:58:15","2026-03-12 11:58:15"
18,656,item,677,rare,2,"2026-03-12 11:58:15","2026-03-12 11:58:15"
19,656,orb,70,orb,1,"2026-03-12 11:58:15","2026-03-12 11:58:15"
20,656,orb,179,orb,2,"2026-03-12 11:58:15","2026-03-12 11:58:15"
21,656,orb,440,orb,3,"2026-03-12 11:58:15","2026-03-12 11:58:15"
22,656,equipment,1142,equipment,1,"2026-03-12 11:58:15","2026-03-12 11:58:15"
23,656,equipment,1109,equipment,2,"2026-03-12 11:58:15","2026-03-12 11:58:15"
24,656,equipment,904,equipment,3,"2026-03-12 11:58:15","2026-03-12 11:58:15"
25,87,item,732,normal,1,"2026-03-12 11:58:19","2026-03-12 11:58:19"
26,87,item,1048,rare,2,"2026-03-12 11:58:19","2026-03-12 11:58:19"
27,87,orb,9,orb,1,"2026-03-12 11:58:19","2026-03-12 11:58:19"
28,87,equipment,360,equipment,1,"2026-03-12 11:58:19","2026-03-12 11:58:19"
29,277,item,652,normal,1,"2026-03-12 11:58:22","2026-03-12 11:58:22"
30,277,item,810,rare,2,"2026-03-12 11:58:22","2026-03-12 11:58:22"
31,277,orb,68,orb,1,"2026-03-12 11:58:22","2026-03-12 11:58:22"
32,277,orb,38,orb,2,"2026-03-12 11:58:22","2026-03-12 11:58:22"
33,277,orb,223,orb,3,"2026-03-12 11:58:22","2026-03-12 11:58:22"
34,277,equipment,347,equipment,1,"2026-03-12 11:58:22","2026-03-12 11:58:22"
35,270,item,653,normal,1,"2026-03-12 11:58:24","2026-03-12 11:58:24"
36,270,item,1431,rare,2,"2026-03-12 11:58:24","2026-03-12 11:58:24"
37,270,orb,182,orb,1,"2026-03-12 11:58:24","2026-03-12 11:58:24"
38,270,orb,223,orb,2,"2026-03-12 11:58:24","2026-03-12 11:58:24"
39,270,orb,377,orb,3,"2026-03-12 11:58:24","2026-03-12 11:58:24"
40,270,equipment,1313,equipment,1,"2026-03-12 11:58:24","2026-03-12 11:58:24"
41,270,equipment,1314,equipment,2,"2026-03-12 11:58:24","2026-03-12 11:58:24"
42,91,item,666,normal,1,"2026-03-12 11:58:26","2026-03-12 11:58:26"
43,91,item,1050,rare,2,"2026-03-12 11:58:26","2026-03-12 11:58:26"
44,91,orb,9,orb,1,"2026-03-12 11:58:26","2026-03-12 11:58:26"
45,91,equipment,478,equipment,1,"2026-03-12 11:58:26","2026-03-12 11:58:26"
46,220,item,535,normal,1,"2026-03-12 12:27:29","2026-03-12 12:27:29"
47,220,item,879,rare,2,"2026-03-12 12:27:29","2026-03-12 12:27:29"
48,220,orb,9,orb,1,"2026-03-12 12:27:29","2026-03-12 12:27:29"
49,220,equipment,1073,equipment,1,"2026-03-12 12:27:29","2026-03-12 12:27:29"
50,220,equipment,1074,equipment,2,"2026-03-12 12:27:29","2026-03-12 12:27:29"
51,220,equipment,1075,equipment,3,"2026-03-12 12:27:29","2026-03-12 12:27:29"
52,768,item,46,normal,1,"2026-03-12 12:27:31","2026-03-12 12:27:31"
53,768,accessory,28,rare,2,"2026-03-12 12:27:31","2026-03-12 12:27:31"
54,768,orb,160,orb,1,"2026-03-12 12:27:31","2026-03-12 12:27:31"
55,768,equipment,640,equipment,1,"2026-03-12 12:27:31","2026-03-12 12:27:31"
56,655,item,673,normal,1,"2026-03-12 12:27:34","2026-03-12 12:27:34"
57,655,item,603,rare,2,"2026-03-12 12:27:34","2026-03-12 12:27:34"
58,655,orb,324,orb,1,"2026-03-12 12:27:34","2026-03-12 12:27:34"
59,655,orb,334,orb,2,"2026-03-12 12:27:34","2026-03-12 12:27:34"
60,655,orb,364,orb,3,"2026-03-12 12:27:34","2026-03-12 12:27:34"
61,655,equipment,1077,equipment,1,"2026-03-12 12:27:34","2026-03-12 12:27:34"
62,655,equipment,1078,equipment,2,"2026-03-12 12:27:34","2026-03-12 12:27:34"
63,655,equipment,1079,equipment,3,"2026-03-12 12:27:34","2026-03-12 12:27:34"
64,245,item,881,normal,1,"2026-03-12 12:27:36","2026-03-12 12:27:36"
65,245,item,861,rare,2,"2026-03-12 12:27:36","2026-03-12 12:27:36"
66,245,orb,9,orb,1,"2026-03-12 12:27:36","2026-03-12 12:27:36"
67,245,equipment,1134,equipment,1,"2026-03-12 12:27:36","2026-03-12 12:27:36"
68,245,equipment,1135,equipment,2,"2026-03-12 12:27:36","2026-03-12 12:27:36"
69,112,item,392,normal,1,"2026-03-12 12:27:38","2026-03-12 12:27:38"
70,112,item,1377,rare,2,"2026-03-12 12:27:38","2026-03-12 12:27:38"
71,112,orb,9,orb,1,"2026-03-12 12:27:38","2026-03-12 12:27:38"
72,112,equipment,1325,equipment,1,"2026-03-12 12:27:38","2026-03-12 12:27:38"
73,112,equipment,1326,equipment,2,"2026-03-12 12:27:38","2026-03-12 12:27:38"
74,581,item,762,normal,1,"2026-03-12 12:27:40","2026-03-12 12:27:40"
75,581,item,702,rare,2,"2026-03-12 12:27:40","2026-03-12 12:27:40"
76,581,orb,168,orb,1,"2026-03-12 12:27:40","2026-03-12 12:27:40"
77,581,orb,238,orb,2,"2026-03-12 12:27:40","2026-03-12 12:27:40"
78,581,orb,172,orb,3,"2026-03-12 12:27:40","2026-03-12 12:27:40"
79,581,equipment,816,equipment,1,"2026-03-12 12:27:40","2026-03-12 12:27:40"
80,581,equipment,817,equipment,2,"2026-03-12 12:27:40","2026-03-12 12:27:40"
81,581,equipment,819,equipment,3,"2026-03-12 12:27:40","2026-03-12 12:27:40"
82,287,item,732,normal,1,"2026-03-12 12:27:42","2026-03-12 12:27:42"
83,287,item,816,rare,2,"2026-03-12 12:27:42","2026-03-12 12:27:42"
84,287,orb,128,orb,1,"2026-03-12 12:27:42","2026-03-12 12:27:42"
85,287,orb,417,orb,2,"2026-03-12 12:27:42","2026-03-12 12:27:42"
86,287,orb,419,orb,3,"2026-03-12 12:27:42","2026-03-12 12:27:42"
87,287,equipment,1256,equipment,1,"2026-03-12 12:27:42","2026-03-12 12:27:42"
88,287,equipment,1255,equipment,2,"2026-03-12 12:27:42","2026-03-12 12:27:42"
89,287,equipment,1257,equipment,3,"2026-03-12 12:27:42","2026-03-12 12:27:42"
90,795,item,728,normal,1,"2026-03-12 12:27:44","2026-03-12 12:27:44"
91,795,item,738,rare,2,"2026-03-12 12:27:44","2026-03-12 12:27:44"
92,795,orb,199,orb,1,"2026-03-12 12:27:44","2026-03-12 12:27:44"
93,795,equipment,1504,equipment,1,"2026-03-12 12:27:44","2026-03-12 12:27:44"
94,224,item,686,normal,1,"2026-03-12 12:27:47","2026-03-12 12:27:47"
95,224,item,1478,rare,2,"2026-03-12 12:27:47","2026-03-12 12:27:47"
96,224,orb,9,orb,1,"2026-03-12 12:27:47","2026-03-12 12:27:47"
97,224,equipment,151,equipment,1,"2026-03-12 12:27:47","2026-03-12 12:27:47"
98,250,item,716,normal,1,"2026-03-12 12:27:49","2026-03-12 12:27:49"
99,250,item,976,rare,2,"2026-03-12 12:27:49","2026-03-12 12:27:49"
100,250,orb,9,orb,1,"2026-03-12 12:27:49","2026-03-12 12:27:49"
101,250,equipment,269,equipment,1,"2026-03-12 12:27:49","2026-03-12 12:27:49"
102,336,item,392,normal,1,"2026-03-12 12:27:52","2026-03-12 12:27:52"
103,336,item,1197,rare,2,"2026-03-12 12:27:52","2026-03-12 12:27:52"
104,336,orb,498,orb,1,"2026-03-12 12:27:52","2026-03-12 12:27:52"
105,336,orb,501,orb,2,"2026-03-12 12:27:52","2026-03-12 12:27:52"
106,336,orb,502,orb,3,"2026-03-12 12:27:52","2026-03-12 12:27:52"
107,336,equipment,119,equipment,1,"2026-03-12 12:27:52","2026-03-12 12:27:52"
108,784,item,629,normal,1,"2026-03-12 12:27:54","2026-03-12 12:27:54"
109,784,item,565,rare,2,"2026-03-12 12:27:54","2026-03-12 12:27:54"
110,784,orb,482,orb,1,"2026-03-12 12:27:54","2026-03-12 12:27:54"
111,784,equipment,179,equipment,1,"2026-03-12 12:27:54","2026-03-12 12:27:54"
112,758,item,207,normal,1,"2026-03-12 12:27:56","2026-03-12 12:27:56"
113,758,item,487,rare,1,"2026-03-12 12:27:56","2026-03-20 18:45:43"
114,758,orb,371,orb,1,"2026-03-12 12:27:56","2026-03-12 12:27:56"
115,758,equipment,28,equipment,1,"2026-03-12 12:27:56","2026-03-12 12:27:56"
116,346,item,762,normal,1,"2026-03-12 12:27:58","2026-03-12 12:27:58"
117,346,item,805,rare,2,"2026-03-12 12:27:58","2026-03-12 12:27:58"
118,346,orb,2,orb,1,"2026-03-12 12:27:58","2026-03-12 12:27:58"
119,346,orb,391,orb,2,"2026-03-12 12:27:58","2026-03-12 12:27:58"
120,346,orb,527,orb,3,"2026-03-12 12:27:58","2026-03-12 12:27:58"
121,346,equipment,18,equipment,1,"2026-03-12 12:27:58","2026-03-12 12:27:58"
122,393,item,720,normal,1,"2026-03-12 12:28:00","2026-03-12 12:28:00"
124,393,orb,97,orb,1,"2026-03-12 12:28:00","2026-03-12 12:28:00"
125,393,orb,370,orb,2,"2026-03-12 12:28:00","2026-03-12 12:28:00"
126,393,orb,415,orb,3,"2026-03-12 12:28:00","2026-03-12 12:28:00"
127,393,equipment,175,equipment,1,"2026-03-12 12:28:00","2026-03-12 12:28:00"
128,393,equipment,172,equipment,2,"2026-03-12 12:28:00","2026-03-12 12:28:00"
129,441,item,845,normal,1,"2026-03-12 12:28:02","2026-03-12 12:28:02"
130,441,item,876,rare,2,"2026-03-12 12:28:02","2026-03-12 12:28:02"
131,441,orb,116,orb,1,"2026-03-12 12:28:02","2026-03-12 12:28:02"
132,441,orb,336,orb,2,"2026-03-12 12:28:02","2026-03-12 12:28:02"
133,441,orb,354,orb,3,"2026-03-12 12:28:02","2026-03-12 12:28:02"
134,441,equipment,12,equipment,1,"2026-03-12 12:28:02","2026-03-12 12:28:02"
135,441,equipment,11,equipment,2,"2026-03-12 12:28:02","2026-03-12 12:28:02"
136,559,item,746,normal,1,"2026-03-12 12:28:05","2026-03-12 12:28:05"
137,559,item,805,rare,2,"2026-03-12 12:28:05","2026-03-12 12:28:05"
138,559,orb,412,orb,1,"2026-03-12 12:28:05","2026-03-12 12:28:05"
139,559,orb,418,orb,2,"2026-03-12 12:28:05","2026-03-12 12:28:05"
140,559,orb,529,orb,3,"2026-03-12 12:28:05","2026-03-12 12:28:05"
141,559,equipment,456,equipment,1,"2026-03-12 12:28:05","2026-03-12 12:28:05"
142,559,equipment,455,equipment,2,"2026-03-12 12:28:05","2026-03-12 12:28:05"
143,71,item,698,normal,1,"2026-03-12 12:28:07","2026-03-12 12:28:07"
144,71,item,703,rare,2,"2026-03-12 12:28:07","2026-03-12 12:28:07"
145,71,orb,9,orb,1,"2026-03-12 12:28:07","2026-03-12 12:28:07"
146,71,equipment,279,equipment,1,"2026-03-12 12:28:07","2026-03-12 12:28:07"
147,733,item,781,normal,1,"2026-03-12 12:28:10","2026-03-12 12:28:10"
148,733,item,745,rare,2,"2026-03-12 12:28:10","2026-03-12 12:28:10"
149,733,orb,9,orb,1,"2026-03-12 12:28:10","2026-03-12 12:28:10"
150,733,equipment,76,equipment,1,"2026-03-12 12:28:10","2026-03-12 12:28:10"
151,367,item,762,normal,1,"2026-03-12 12:28:12","2026-03-12 12:28:12"
152,367,item,676,rare,2,"2026-03-12 12:28:12","2026-03-12 12:28:12"
153,367,orb,47,orb,1,"2026-03-12 12:28:12","2026-03-12 12:28:12"
154,367,orb,166,orb,2,"2026-03-12 12:28:12","2026-03-12 12:28:12"
155,367,orb,391,orb,3,"2026-03-12 12:28:12","2026-03-12 12:28:12"
156,367,equipment,380,equipment,1,"2026-03-12 12:28:12","2026-03-12 12:28:12"
157,254,item,840,normal,1,"2026-03-12 12:28:14","2026-03-12 12:28:14"
158,254,item,868,rare,2,"2026-03-12 12:28:14","2026-03-12 12:28:14"
159,254,orb,9,orb,1,"2026-03-12 12:28:14","2026-03-12 12:28:14"
160,254,equipment,1059,equipment,1,"2026-03-12 12:28:14","2026-03-12 12:28:14"
161,254,equipment,1061,equipment,2,"2026-03-12 12:28:14","2026-03-12 12:28:14"
162,646,item,840,normal,1,"2026-03-12 12:28:16","2026-03-12 12:28:16"
163,646,item,868,rare,2,"2026-03-12 12:28:16","2026-03-12 12:28:16"
164,646,orb,187,orb,1,"2026-03-12 12:28:16","2026-03-12 12:28:16"
165,646,orb,316,orb,2,"2026-03-12 12:28:16","2026-03-12 12:28:16"
166,646,orb,383,orb,3,"2026-03-12 12:28:16","2026-03-12 12:28:16"
167,646,equipment,884,equipment,1,"2026-03-12 12:28:16","2026-03-12 12:28:16"
168,646,equipment,885,equipment,2,"2026-03-12 12:28:16","2026-03-12 12:28:16"
169,646,equipment,886,equipment,3,"2026-03-12 12:28:16","2026-03-12 12:28:16"
170,796,item,646,normal,1,"2026-03-12 12:28:18","2026-03-12 12:28:18"
171,796,item,654,rare,2,"2026-03-12 12:28:18","2026-03-12 12:28:18"
172,796,orb,164,orb,1,"2026-03-12 12:28:18","2026-03-12 12:28:18"
173,796,equipment,858,equipment,1,"2026-03-12 12:28:18","2026-03-12 12:28:18"
174,796,equipment,859,equipment,2,"2026-03-12 12:28:18","2026-03-12 12:28:18"
175,796,equipment,860,equipment,3,"2026-03-12 12:28:18","2026-03-12 12:28:18"
176,147,item,20,normal,1,"2026-03-12 12:28:20","2026-03-12 12:28:20"
177,147,item,1083,rare,2,"2026-03-12 12:28:20","2026-03-12 12:28:20"
178,147,orb,9,orb,1,"2026-03-12 12:28:20","2026-03-12 12:28:20"
179,147,equipment,1487,equipment,1,"2026-03-12 12:28:20","2026-03-12 12:28:20"
180,790,item,649,normal,1,"2026-03-12 12:28:22","2026-03-12 12:28:22"
181,790,item,644,rare,2,"2026-03-12 12:28:22","2026-03-12 12:28:22"
182,790,orb,375,orb,1,"2026-03-12 12:28:22","2026-03-12 12:28:22"
183,790,equipment,257,equipment,1,"2026-03-12 12:28:22","2026-03-12 12:28:22"
184,790,equipment,255,equipment,2,"2026-03-12 12:28:22","2026-03-12 12:28:22"
185,592,item,548,normal,1,"2026-03-12 12:28:27","2026-03-12 12:28:27"
186,592,item,687,rare,2,"2026-03-12 12:28:27","2026-03-12 12:28:27"
187,592,orb,96,orb,1,"2026-03-12 12:28:27","2026-03-12 12:28:27"
188,592,orb,329,orb,2,"2026-03-12 12:28:27","2026-03-12 12:28:27"
189,592,orb,453,orb,3,"2026-03-12 12:28:27","2026-03-12 12:28:27"
190,592,equipment,290,equipment,1,"2026-03-12 12:28:27","2026-03-12 12:28:27"
191,738,item,1555,normal,1,"2026-03-12 12:28:29","2026-03-12 12:28:29"
192,738,item,487,rare,2,"2026-03-12 12:28:29","2026-03-12 12:28:29"
193,738,orb,240,orb,1,"2026-03-12 12:28:29","2026-03-12 12:28:29"
194,738,equipment,1525,equipment,1,"2026-03-12 12:28:29","2026-03-12 12:28:29"
195,48,item,392,normal,1,"2026-03-12 12:28:31","2026-03-12 12:28:31"
197,48,orb,9,orb,1,"2026-03-12 12:28:31","2026-03-12 12:28:31"
198,48,equipment,160,equipment,1,"2026-03-12 12:28:31","2026-03-12 12:28:31"
199,134,item,33,normal,1,"2026-03-12 12:28:34","2026-03-12 12:28:34"
200,134,item,638,rare,2,"2026-03-12 12:28:34","2026-03-12 12:28:34"
201,134,orb,9,orb,1,"2026-03-12 12:28:34","2026-03-12 12:28:34"
202,134,equipment,477,equipment,1,"2026-03-12 12:28:34","2026-03-12 12:28:34"
203,96,item,412,normal,1,"2026-03-12 12:28:36","2026-03-12 12:28:36"
204,96,item,1135,rare,2,"2026-03-12 12:28:36","2026-03-12 12:28:36"
205,96,orb,9,orb,1,"2026-03-12 12:28:36","2026-03-12 12:28:36"
206,96,equipment,1545,equipment,1,"2026-03-12 12:28:36","2026-03-12 12:28:36"
207,636,item,699,normal,1,"2026-03-12 12:28:38","2026-03-12 12:28:38"
208,636,item,833,rare,2,"2026-03-12 12:28:38","2026-03-12 12:28:38"
209,636,orb,81,orb,1,"2026-03-12 12:28:38","2026-03-12 12:28:38"
210,636,orb,183,orb,2,"2026-03-12 12:28:38","2026-03-12 12:28:38"
211,636,orb,141,orb,3,"2026-03-12 12:28:38","2026-03-12 12:28:38"
212,636,equipment,868,equipment,1,"2026-03-12 12:28:38","2026-03-12 12:28:38"
213,636,equipment,870,equipment,2,"2026-03-12 12:28:38","2026-03-12 12:28:38"
214,636,equipment,872,equipment,3,"2026-03-12 12:28:38","2026-03-12 12:28:38"
215,797,item,690,normal,1,"2026-03-12 12:28:42","2026-03-12 12:28:42"
216,797,item,677,rare,2,"2026-03-12 12:28:42","2026-03-12 12:28:42"
217,797,orb,57,orb,1,"2026-03-12 12:28:42","2026-03-12 12:28:42"
218,797,orb,103,orb,2,"2026-03-12 12:28:42","2026-03-12 12:28:42"
219,797,orb,321,orb,3,"2026-03-12 12:28:42","2026-03-12 12:28:42"
220,797,equipment,49,equipment,1,"2026-03-12 12:28:42","2026-03-12 12:28:42"
221,797,equipment,48,equipment,2,"2026-03-12 12:28:42","2026-03-12 12:28:42"
222,797,equipment,47,equipment,3,"2026-03-12 12:28:42","2026-03-12 12:28:42"
223,635,item,802,normal,1,"2026-03-12 12:28:47","2026-03-12 12:28:47"
224,635,item,752,rare,2,"2026-03-12 12:28:47","2026-03-12 12:28:47"
225,635,orb,472,orb,1,"2026-03-12 12:28:47","2026-03-12 12:28:47"
226,635,orb,483,orb,2,"2026-03-12 12:28:47","2026-03-12 12:28:47"
227,635,equipment,844,equipment,1,"2026-03-12 12:28:47","2026-03-12 12:28:47"
228,635,equipment,845,equipment,2,"2026-03-12 12:28:47","2026-03-12 12:28:47"
229,330,item,664,normal,1,"2026-03-12 12:28:49","2026-03-12 12:28:49"
230,330,item,861,rare,2,"2026-03-12 12:28:49","2026-03-12 12:28:49"
231,330,orb,78,orb,1,"2026-03-12 12:28:49","2026-03-12 12:28:49"
232,330,orb,445,orb,2,"2026-03-12 12:28:49","2026-03-12 12:28:49"
233,330,orb,447,orb,3,"2026-03-12 12:28:49","2026-03-12 12:28:49"
234,330,equipment,923,equipment,1,"2026-03-12 12:28:49","2026-03-12 12:28:49"
235,330,equipment,925,equipment,2,"2026-03-12 12:28:49","2026-03-12 12:28:49"
236,327,item,651,normal,1,"2026-03-12 12:28:51","2026-03-12 12:28:51"
237,327,item,611,rare,2,"2026-03-12 12:28:51","2026-03-12 12:28:51"
238,327,orb,79,orb,1,"2026-03-12 12:28:51","2026-03-12 12:28:51"
239,327,orb,195,orb,2,"2026-03-12 12:28:51","2026-03-12 12:28:51"
240,327,orb,355,orb,3,"2026-03-12 12:28:51","2026-03-12 12:28:51"
241,327,equipment,12,equipment,1,"2026-03-12 12:28:51","2026-03-12 12:28:51"
242,327,equipment,11,equipment,2,"2026-03-12 12:28:51","2026-03-12 12:28:51"
243,327,equipment,10,equipment,3,"2026-03-12 12:28:51","2026-03-12 12:28:51"
244,190,item,760,normal,1,"2026-03-12 12:28:54","2026-03-12 12:28:54"
245,190,item,781,rare,2,"2026-03-12 12:28:54","2026-03-12 12:28:54"
246,124,item,652,normal,1,"2026-03-12 12:28:56","2026-03-12 12:28:56"
247,124,item,861,rare,2,"2026-03-12 12:28:56","2026-03-12 12:28:56"
248,124,orb,9,orb,1,"2026-03-12 12:28:56","2026-03-12 12:28:56"
249,124,equipment,198,equipment,1,"2026-03-12 12:28:56","2026-03-12 12:28:56"
250,111,item,732,normal,1,"2026-03-12 12:28:58","2026-03-12 12:28:58"
251,111,item,551,rare,2,"2026-03-12 12:28:58","2026-03-12 12:28:58"
252,111,orb,9,orb,1,"2026-03-12 12:28:58","2026-03-12 12:28:58"
253,111,equipment,277,equipment,1,"2026-03-12 12:28:58","2026-03-12 12:28:58"
254,567,item,773,normal,1,"2026-03-12 12:29:01","2026-03-12 12:29:01"
255,567,item,752,rare,2,"2026-03-12 12:29:01","2026-03-12 12:29:01"
256,567,orb,4,orb,1,"2026-03-12 12:29:01","2026-03-12 12:29:01"
257,567,orb,134,orb,2,"2026-03-12 12:29:01","2026-03-12 12:29:01"
258,567,orb,365,orb,3,"2026-03-12 12:29:01","2026-03-12 12:29:01"
259,567,equipment,889,equipment,1,"2026-03-12 12:29:01","2026-03-12 12:29:01"
260,567,equipment,891,equipment,2,"2026-03-12 12:29:01","2026-03-12 12:29:01"
261,394,item,699,normal,1,"2026-03-12 12:29:03","2026-03-12 12:29:03"
262,394,item,1186,rare,2,"2026-03-12 12:29:03","2026-03-12 12:29:03"
263,394,orb,3,orb,1,"2026-03-12 12:29:03","2026-03-12 12:29:03"
264,394,orb,137,orb,2,"2026-03-12 12:29:03","2026-03-12 12:29:03"
265,394,orb,90,orb,3,"2026-03-12 12:29:03","2026-03-12 12:29:03"
266,394,equipment,951,equipment,1,"2026-03-12 12:29:03","2026-03-12 12:29:03"
267,394,equipment,953,equipment,2,"2026-03-12 12:29:03","2026-03-12 12:29:03"
270,1056,orb,310,orb,1,"2026-03-12 12:29:05","2026-03-12 12:29:05"
271,1056,orb,399,orb,2,"2026-03-12 12:29:05","2026-03-12 12:29:05"
272,1056,equipment,258,equipment,1,"2026-03-12 12:29:05","2026-03-12 12:29:05"
273,424,item,731,normal,1,"2026-03-12 12:29:07","2026-03-12 12:29:07"
274,424,item,807,rare,2,"2026-03-12 12:29:07","2026-03-12 12:29:07"
275,424,orb,55,orb,1,"2026-03-12 12:29:07","2026-03-12 12:29:07"
276,424,orb,59,orb,2,"2026-03-12 12:29:07","2026-03-12 12:29:07"
277,424,orb,114,orb,3,"2026-03-12 12:29:07","2026-03-12 12:29:07"
278,424,equipment,1013,equipment,1,"2026-03-12 12:29:07","2026-03-12 12:29:07"
279,424,equipment,1014,equipment,2,"2026-03-12 12:29:07","2026-03-12 12:29:07"
280,650,item,731,normal,1,"2026-03-12 12:29:09","2026-03-12 12:29:09"
281,650,item,883,rare,2,"2026-03-12 12:29:09","2026-03-12 12:29:09"
282,650,orb,95,orb,1,"2026-03-12 12:29:09","2026-03-12 12:29:09"
283,650,orb,479,orb,2,"2026-03-12 12:29:09","2026-03-12 12:29:09"
284,650,orb,496,orb,3,"2026-03-12 12:29:09","2026-03-12 12:29:09"
285,650,equipment,774,equipment,1,"2026-03-12 12:29:09","2026-03-12 12:29:09"
286,650,equipment,776,equipment,2,"2026-03-12 12:29:09","2026-03-12 12:29:09"
287,650,equipment,778,equipment,3,"2026-03-12 12:29:09","2026-03-12 12:29:09"
288,3,item,749,normal,1,"2026-03-12 12:29:11","2026-03-12 12:29:11"
289,3,item,567,rare,2,"2026-03-12 12:29:11","2026-03-12 12:29:11"
290,3,orb,9,orb,1,"2026-03-12 12:29:11","2026-03-12 12:29:11"
291,3,equipment,482,equipment,1,"2026-03-12 12:29:11","2026-03-12 12:29:11"
292,392,item,816,normal,1,"2026-03-12 12:29:13","2026-03-12 12:29:13"
293,392,item,838,rare,2,"2026-03-12 12:29:13","2026-03-12 12:29:13"
294,392,orb,24,orb,1,"2026-03-12 12:29:13","2026-03-12 12:29:13"
295,392,orb,422,orb,2,"2026-03-12 12:29:13","2026-03-12 12:29:13"
296,392,orb,516,orb,3,"2026-03-12 12:29:13","2026-03-12 12:29:13"
297,392,equipment,456,equipment,1,"2026-03-12 12:29:13","2026-03-12 12:29:13"
298,8,item,800,normal,1,"2026-03-12 12:29:16","2026-03-12 12:29:16"
299,8,item,826,rare,2,"2026-03-12 12:29:16","2026-03-12 12:29:16"
300,8,orb,9,orb,1,"2026-03-12 12:29:16","2026-03-12 12:29:16"
301,8,equipment,161,equipment,1,"2026-03-12 12:29:16","2026-03-12 12:29:16"
302,400,item,800,normal,1,"2026-03-12 12:29:18","2026-03-12 12:29:18"
303,400,item,834,rare,2,"2026-03-12 12:29:18","2026-03-12 12:29:18"
304,400,orb,7,orb,1,"2026-03-12 12:29:18","2026-03-12 12:29:18"
305,400,orb,201,orb,2,"2026-03-12 12:29:18","2026-03-12 12:29:18"
306,400,orb,402,orb,3,"2026-03-12 12:29:18","2026-03-12 12:29:18"
307,400,equipment,134,equipment,1,"2026-03-12 12:29:18","2026-03-12 12:29:18"
308,206,item,20,normal,1,"2026-03-12 12:29:20","2026-03-12 12:29:20"
309,206,item,1293,rare,2,"2026-03-12 12:29:20","2026-03-12 12:29:20"
310,206,orb,9,orb,1,"2026-03-12 12:29:20","2026-03-12 12:29:20"
311,206,equipment,1331,equipment,1,"2026-03-12 12:29:20","2026-03-12 12:29:20"
312,206,equipment,1333,equipment,2,"2026-03-12 12:29:20","2026-03-12 12:29:20"
313,604,item,801,normal,1,"2026-03-12 12:29:22","2026-03-12 12:29:22"
314,604,item,649,rare,2,"2026-03-12 12:29:22","2026-03-12 12:29:22"
315,604,orb,190,orb,1,"2026-03-12 12:29:22","2026-03-12 12:29:22"
316,604,orb,330,orb,2,"2026-03-12 12:29:22","2026-03-12 12:29:22"
317,604,orb,429,orb,3,"2026-03-12 12:29:22","2026-03-12 12:29:22"
318,604,equipment,451,equipment,1,"2026-03-12 12:29:22","2026-03-12 12:29:22"
319,604,equipment,450,equipment,2,"2026-03-12 12:29:22","2026-03-12 12:29:22"
320,604,equipment,449,equipment,3,"2026-03-12 12:29:22","2026-03-12 12:29:22"
321,170,item,447,normal,1,"2026-03-12 12:29:24","2026-03-12 12:29:24"
322,170,item,551,rare,2,"2026-03-12 12:29:24","2026-03-12 12:29:24"
323,170,orb,9,orb,1,"2026-03-12 12:29:24","2026-03-12 12:29:24"
324,170,equipment,1511,equipment,1,"2026-03-12 12:29:24","2026-03-12 12:29:24"
325,522,item,840,normal,1,"2026-03-12 12:29:26","2026-03-12 12:29:26"
326,522,item,649,rare,2,"2026-03-12 12:29:26","2026-03-12 12:29:26"
327,522,orb,20,orb,1,"2026-03-12 12:29:26","2026-03-12 12:29:26"
328,522,orb,371,orb,2,"2026-03-12 12:29:26","2026-03-12 12:29:26"
329,522,orb,385,orb,3,"2026-03-12 12:29:26","2026-03-12 12:29:26"
330,522,equipment,863,equipment,1,"2026-03-12 12:29:26","2026-03-12 12:29:26"
331,522,equipment,864,equipment,2,"2026-03-12 12:29:26","2026-03-12 12:29:26"
332,522,equipment,866,equipment,3,"2026-03-12 12:29:26","2026-03-12 12:29:26"
333,200,item,751,normal,1,"2026-03-12 12:29:28","2026-03-12 12:29:28"
334,200,accessory,100,rare,2,"2026-03-12 12:29:28","2026-03-12 12:29:28"
335,200,orb,9,orb,1,"2026-03-12 12:29:28","2026-03-12 12:29:28"
336,200,equipment,1303,equipment,1,"2026-03-12 12:29:28","2026-03-12 12:29:28"
337,200,equipment,1322,equipment,2,"2026-03-12 12:29:28","2026-03-12 12:29:28"
338,200,equipment,1290,equipment,3,"2026-03-12 12:29:28","2026-03-12 12:29:28"
339,324,item,651,normal,1,"2026-03-12 12:29:30","2026-03-12 12:29:30"
340,324,item,833,rare,2,"2026-03-12 12:29:30","2026-03-12 12:29:30"
341,324,orb,234,orb,1,"2026-03-12 12:29:30","2026-03-12 12:29:30"
342,324,orb,279,orb,2,"2026-03-12 12:29:30","2026-03-12 12:29:30"
343,324,orb,433,orb,3,"2026-03-12 12:29:30","2026-03-12 12:29:30"
344,324,equipment,996,equipment,1,"2026-03-12 12:29:30","2026-03-12 12:29:30"
345,324,equipment,997,equipment,2,"2026-03-12 12:29:30","2026-03-12 12:29:30"
346,324,equipment,998,equipment,3,"2026-03-12 12:29:30","2026-03-12 12:29:30"
347,359,item,591,normal,1,"2026-03-12 12:29:33","2026-03-12 12:29:33"
348,359,item,781,rare,2,"2026-03-12 12:29:33","2026-03-12 12:29:33"
349,359,orb,8,orb,1,"2026-03-12 12:29:33","2026-03-12 12:29:33"
350,359,orb,91,orb,2,"2026-03-12 12:29:33","2026-03-12 12:29:33"
351,359,orb,169,orb,3,"2026-03-12 12:29:33","2026-03-12 12:29:33"
352,359,equipment,581,equipment,1,"2026-03-12 12:29:33","2026-03-12 12:29:33"
353,798,item,861,normal,1,"2026-03-12 12:29:35","2026-03-12 12:29:35"
354,798,item,834,rare,2,"2026-03-12 12:29:35","2026-03-12 12:29:35"
355,798,orb,128,orb,1,"2026-03-12 12:29:35","2026-03-12 12:29:35"
356,798,equipment,1087,equipment,1,"2026-03-12 12:29:35","2026-03-12 12:29:35"
357,261,item,731,normal,1,"2026-03-12 12:29:37","2026-03-12 12:29:37"
358,261,item,703,rare,2,"2026-03-12 12:29:37","2026-03-12 12:29:37"
359,261,orb,9,orb,1,"2026-03-12 12:29:37","2026-03-12 12:29:37"
360,261,orb,49,orb,2,"2026-03-12 12:29:37","2026-03-12 12:29:37"
361,261,orb,473,orb,3,"2026-03-12 12:29:37","2026-03-12 12:29:37"
362,261,equipment,1131,equipment,1,"2026-03-12 12:29:37","2026-03-12 12:29:37"
363,261,equipment,1133,equipment,2,"2026-03-12 12:29:37","2026-03-12 12:29:37"
364,416,item,617,normal,1,"2026-03-12 12:29:40","2026-03-12 12:29:40"
365,416,item,536,rare,2,"2026-03-12 12:29:40","2026-03-12 12:29:40"
366,416,orb,57,orb,1,"2026-03-12 12:29:40","2026-03-12 12:29:40"
367,416,orb,58,orb,2,"2026-03-12 12:29:40","2026-03-12 12:29:40"
368,416,orb,131,orb,3,"2026-03-12 12:29:40","2026-03-12 12:29:40"
369,416,equipment,1042,equipment,1,"2026-03-12 12:29:40","2026-03-12 12:29:40"
370,416,equipment,1043,equipment,2,"2026-03-12 12:29:40","2026-03-12 12:29:40"
371,128,item,651,normal,1,"2026-03-12 12:29:42","2026-03-12 12:29:42"
372,128,item,638,rare,2,"2026-03-12 12:29:42","2026-03-12 12:29:42"
373,128,orb,9,orb,1,"2026-03-12 12:29:42","2026-03-12 12:29:42"
374,128,equipment,196,equipment,1,"2026-03-12 12:29:42","2026-03-12 12:29:42"
375,284,item,549,normal,1,"2026-03-12 12:29:44","2026-03-12 12:29:44"
376,284,item,638,rare,2,"2026-03-12 12:29:44","2026-03-12 12:29:44"
377,284,orb,45,orb,1,"2026-03-12 12:29:44","2026-03-12 12:29:44"
378,284,orb,411,orb,2,"2026-03-12 12:29:44","2026-03-12 12:29:44"
379,284,orb,460,orb,3,"2026-03-12 12:29:44","2026-03-12 12:29:44"
380,284,equipment,469,equipment,1,"2026-03-12 12:29:44","2026-03-12 12:29:44"
381,799,item,627,normal,1,"2026-03-12 12:29:47","2026-03-12 12:29:47"
382,799,item,735,rare,2,"2026-03-12 12:29:47","2026-03-12 12:29:47"
383,799,orb,302,orb,1,"2026-03-12 12:29:47","2026-03-12 12:29:47"
384,799,orb,339,orb,2,"2026-03-12 12:29:47","2026-03-12 12:29:47"
385,799,orb,363,orb,3,"2026-03-12 12:29:47","2026-03-12 12:29:47"
386,799,equipment,586,equipment,1,"2026-03-12 12:29:47","2026-03-12 12:29:47"
387,249,item,801,normal,1,"2026-03-12 12:29:49","2026-03-12 12:29:49"
388,249,item,1189,rare,2,"2026-03-12 12:29:49","2026-03-12 12:29:49"
389,249,orb,9,orb,1,"2026-03-12 12:29:49","2026-03-12 12:29:49"
390,249,equipment,1292,equipment,1,"2026-03-12 12:29:49","2026-03-12 12:29:49"
391,249,equipment,1293,equipment,2,"2026-03-12 12:29:49","2026-03-12 12:29:49"
392,396,item,392,normal,1,"2026-03-12 12:29:52","2026-03-12 12:29:52"
393,396,item,839,rare,2,"2026-03-12 12:29:52","2026-03-12 12:29:52"
394,396,orb,6,orb,1,"2026-03-12 12:29:52","2026-03-12 12:29:52"
395,396,orb,160,orb,2,"2026-03-12 12:29:52","2026-03-12 12:29:52"
396,396,orb,280,orb,3,"2026-03-12 12:29:52","2026-03-12 12:29:52"
397,396,equipment,61,equipment,1,"2026-03-12 12:29:52","2026-03-12 12:29:52"
398,186,item,762,normal,1,"2026-03-12 12:29:54","2026-03-12 12:29:54"
399,186,item,1137,rare,2,"2026-03-12 12:29:54","2026-03-12 12:29:54"
400,186,orb,9,orb,1,"2026-03-12 12:29:54","2026-03-12 12:29:54"
401,186,equipment,148,equipment,1,"2026-03-12 12:29:54","2026-03-12 12:29:54"
402,434,item,670,normal,1,"2026-03-12 12:29:56","2026-03-12 12:29:56"
403,434,item,207,rare,2,"2026-03-12 12:29:56","2026-03-12 12:29:56"
404,434,orb,46,orb,1,"2026-03-12 12:29:56","2026-03-12 12:29:56"
405,434,orb,460,orb,2,"2026-03-12 12:29:56","2026-03-12 12:29:56"
406,434,orb,467,orb,3,"2026-03-12 12:29:56","2026-03-12 12:29:56"
407,434,equipment,463,equipment,1,"2026-03-12 12:29:56","2026-03-12 12:29:56"
408,174,item,597,normal,1,"2026-03-12 12:29:58","2026-03-12 12:29:58"
409,174,item,487,rare,3,"2026-03-12 12:29:58","2026-03-20 18:45:43"
410,174,orb,9,orb,1,"2026-03-12 12:29:58","2026-03-12 12:29:58"
411,174,equipment,550,equipment,1,"2026-03-12 12:29:58","2026-03-12 12:29:58"
412,573,item,646,normal,1,"2026-03-12 12:30:00","2026-03-12 12:30:00"
413,573,item,850,rare,2,"2026-03-12 12:30:00","2026-03-12 12:30:00"
414,573,orb,48,orb,1,"2026-03-12 12:30:00","2026-03-12 12:30:00"
415,573,orb,136,orb,2,"2026-03-12 12:30:00","2026-03-12 12:30:00"
416,573,orb,372,orb,3,"2026-03-12 12:30:00","2026-03-12 12:30:00"
417,573,equipment,176,equipment,1,"2026-03-12 12:30:00","2026-03-12 12:30:00"
418,417,item,732,normal,1,"2026-03-12 12:30:03","2026-03-12 12:30:03"
419,417,item,567,rare,2,"2026-03-12 12:30:03","2026-03-12 12:30:03"
420,417,orb,181,orb,1,"2026-03-12 12:30:03","2026-03-12 12:30:03"
421,417,orb,203,orb,2,"2026-03-12 12:30:03","2026-03-12 12:30:03"
422,417,orb,204,orb,3,"2026-03-12 12:30:03","2026-03-12 12:30:03"
423,417,equipment,1141,equipment,1,"2026-03-12 12:30:03","2026-03-12 12:30:03"
424,417,equipment,1142,equipment,2,"2026-03-12 12:30:03","2026-03-12 12:30:03"
425,422,item,718,normal,1,"2026-03-12 12:30:05","2026-03-12 12:30:05"
426,422,item,648,rare,2,"2026-03-12 12:30:05","2026-03-12 12:30:05"
427,422,orb,6,orb,1,"2026-03-12 12:30:05","2026-03-12 12:30:05"
428,422,orb,135,orb,2,"2026-03-12 12:30:05","2026-03-12 12:30:05"
429,422,orb,94,orb,3,"2026-03-12 12:30:05","2026-03-12 12:30:05"
430,422,equipment,418,equipment,1,"2026-03-12 12:30:05","2026-03-12 12:30:05"
431,448,item,881,normal,1,"2026-03-12 12:30:07","2026-03-12 12:30:07"
432,448,item,536,rare,2,"2026-03-12 12:30:07","2026-03-12 12:30:07"
433,448,orb,13,orb,1,"2026-03-12 12:30:07","2026-03-12 12:30:07"
434,448,orb,120,orb,2,"2026-03-12 12:30:07","2026-03-12 12:30:07"
435,448,orb,362,orb,3,"2026-03-12 12:30:07","2026-03-12 12:30:07"
436,448,equipment,418,equipment,1,"2026-03-12 12:30:07","2026-03-12 12:30:07"
437,448,equipment,417,equipment,2,"2026-03-12 12:30:07","2026-03-12 12:30:07"
438,767,item,661,normal,1,"2026-03-12 12:30:10","2026-03-12 12:30:10"
439,306,item,731,normal,1,"2026-03-12 12:30:12","2026-03-12 12:30:12"
440,306,item,1205,rare,2,"2026-03-12 12:30:12","2026-03-12 12:30:12"
441,306,orb,196,orb,1,"2026-03-12 12:30:12","2026-03-12 12:30:12"
442,306,orb,460,orb,2,"2026-03-12 12:30:12","2026-03-12 12:30:12"
443,306,orb,463,orb,3,"2026-03-12 12:30:12","2026-03-12 12:30:12"
444,306,equipment,503,equipment,1,"2026-03-12 12:30:12","2026-03-12 12:30:12"
445,660,item,731,normal,1,"2026-03-12 12:30:14","2026-03-12 12:30:14"
446,660,item,747,rare,2,"2026-03-12 12:30:14","2026-03-12 12:30:14"
447,660,orb,229,orb,1,"2026-03-12 12:30:14","2026-03-12 12:30:14"
448,660,orb,468,orb,2,"2026-03-12 12:30:14","2026-03-12 12:30:14"
449,660,orb,470,orb,3,"2026-03-12 12:30:14","2026-03-12 12:30:14"
450,660,equipment,825,equipment,1,"2026-03-12 12:30:14","2026-03-12 12:30:14"
451,660,equipment,826,equipment,2,"2026-03-12 12:30:14","2026-03-12 12:30:14"
452,660,equipment,828,equipment,3,"2026-03-12 12:30:14","2026-03-12 12:30:14"
453,800,item,834,normal,1,"2026-03-12 12:30:17","2026-03-12 12:30:17"
454,800,item,730,rare,2,"2026-03-12 12:30:17","2026-03-12 12:30:17"
455,800,orb,107,orb,1,"2026-03-12 12:30:17","2026-03-12 12:30:17"
456,800,orb,373,orb,2,"2026-03-12 12:30:17","2026-03-12 12:30:17"
457,800,orb,519,orb,3,"2026-03-12 12:30:17","2026-03-12 12:30:17"
458,800,equipment,761,equipment,1,"2026-03-12 12:30:17","2026-03-12 12:30:17"
459,800,equipment,762,equipment,2,"2026-03-12 12:30:17","2026-03-12 12:30:17"
460,800,equipment,763,equipment,3,"2026-03-12 12:30:17","2026-03-12 12:30:17"
461,194,item,669,normal,1,"2026-03-12 12:30:19","2026-03-12 12:30:19"
462,194,item,1277,rare,2,"2026-03-12 12:30:19","2026-03-12 12:30:19"
463,194,orb,9,orb,1,"2026-03-12 12:30:19","2026-03-12 12:30:19"
464,194,equipment,469,equipment,1,"2026-03-12 12:30:19","2026-03-12 12:30:19"
465,550,item,633,normal,1,"2026-03-12 12:30:21","2026-03-12 12:30:21"
466,550,item,1087,rare,2,"2026-03-12 12:30:21","2026-03-12 12:30:21"
467,550,orb,63,orb,1,"2026-03-12 12:30:21","2026-03-12 12:30:21"
468,550,orb,134,orb,2,"2026-03-12 12:30:21","2026-03-12 12:30:21"
469,550,orb,217,orb,3,"2026-03-12 12:30:21","2026-03-12 12:30:21"
470,550,equipment,638,equipment,1,"2026-03-12 12:30:21","2026-03-12 12:30:21"
471,550,equipment,633,equipment,2,"2026-03-12 12:30:21","2026-03-12 12:30:21"
472,550,equipment,631,equipment,3,"2026-03-12 12:30:21","2026-03-12 12:30:21"
473,529,item,597,normal,1,"2026-03-12 12:30:23","2026-03-12 12:30:23"
474,529,item,611,rare,2,"2026-03-12 12:30:23","2026-03-12 12:30:23"
475,529,orb,178,orb,1,"2026-03-12 12:30:23","2026-03-12 12:30:23"
476,529,orb,469,orb,2,"2026-03-12 12:30:23","2026-03-12 12:30:23"
477,529,orb,520,orb,3,"2026-03-12 12:30:23","2026-03-12 12:30:23"
478,529,equipment,576,equipment,1,"2026-03-12 12:30:23","2026-03-12 12:30:23"
479,529,equipment,575,equipment,2,"2026-03-12 12:30:23","2026-03-12 12:30:23"
480,15,item,434,normal,1,"2026-03-12 12:30:25","2026-03-12 12:30:25"
481,15,item,48,rare,2,"2026-03-12 12:30:26","2026-03-12 12:30:26"
482,15,orb,9,orb,1,"2026-03-12 12:30:26","2026-03-12 12:30:26"
483,15,equipment,242,equipment,1,"2026-03-12 12:30:26","2026-03-12 12:30:26"
484,418,item,800,normal,1,"2026-03-12 12:30:28","2026-03-12 12:30:28"
485,418,item,819,rare,2,"2026-03-12 12:30:28","2026-03-12 12:30:28"
486,418,orb,428,orb,1,"2026-03-12 12:30:28","2026-03-12 12:30:28"
487,418,orb,476,orb,2,"2026-03-12 12:30:28","2026-03-12 12:30:28"
488,418,orb,481,orb,3,"2026-03-12 12:30:28","2026-03-12 12:30:28"
489,418,equipment,242,equipment,1,"2026-03-12 12:30:28","2026-03-12 12:30:28"
490,418,equipment,214,equipment,2,"2026-03-12 12:30:28","2026-03-12 12:30:28"
491,418,equipment,212,equipment,3,"2026-03-12 12:30:28","2026-03-12 12:30:28"
492,801,item,33,normal,1,"2026-03-12 12:30:30","2026-03-12 12:30:30"
493,801,item,567,rare,2,"2026-03-12 12:30:30","2026-03-12 12:30:30"
494,801,orb,12,orb,1,"2026-03-12 12:30:30","2026-03-12 12:30:30"
495,801,orb,150,orb,2,"2026-03-12 12:30:30","2026-03-12 12:30:30"
496,801,orb,480,orb,3,"2026-03-12 12:30:30","2026-03-12 12:30:30"
497,801,equipment,719,equipment,1,"2026-03-12 12:30:30","2026-03-12 12:30:30"
498,801,equipment,720,equipment,2,"2026-03-12 12:30:30","2026-03-12 12:30:30"
499,143,item,643,normal,1,"2026-03-12 12:30:32","2026-03-12 12:30:32"
500,143,item,805,rare,2,"2026-03-12 12:30:32","2026-03-12 12:30:32"
501,143,orb,9,orb,1,"2026-03-12 12:30:32","2026-03-12 12:30:32"
502,143,equipment,156,equipment,1,"2026-03-12 12:30:32","2026-03-12 12:30:32"
503,546,item,800,normal,1,"2026-03-12 12:30:34","2026-03-12 12:30:34"
504,546,item,647,rare,2,"2026-03-12 12:30:34","2026-03-12 12:30:34"
505,546,orb,78,orb,1,"2026-03-12 12:30:34","2026-03-12 12:30:34"
506,546,orb,115,orb,2,"2026-03-12 12:30:34","2026-03-12 12:30:34"
507,546,orb,405,orb,3,"2026-03-12 12:30:34","2026-03-12 12:30:34"
508,546,equipment,135,equipment,1,"2026-03-12 12:30:34","2026-03-12 12:30:34"
509,605,item,643,normal,1,"2026-03-12 12:30:36","2026-03-12 12:30:36"
510,605,item,833,rare,2,"2026-03-12 12:30:36","2026-03-12 12:30:36"
511,605,orb,402,orb,1,"2026-03-12 12:30:36","2026-03-12 12:30:36"
512,605,orb,405,orb,2,"2026-03-12 12:30:36","2026-03-12 12:30:36"
513,605,orb,409,orb,3,"2026-03-12 12:30:36","2026-03-12 12:30:36"
514,605,equipment,133,equipment,1,"2026-03-12 12:30:36","2026-03-12 12:30:36"
515,283,item,800,normal,1,"2026-03-12 12:30:38","2026-03-12 12:30:38"
516,283,item,805,rare,2,"2026-03-12 12:30:38","2026-03-12 12:30:38"
517,283,orb,400,orb,1,"2026-03-12 12:30:38","2026-03-12 12:30:38"
518,283,orb,401,orb,2,"2026-03-12 12:30:38","2026-03-12 12:30:38"
519,283,orb,405,orb,3,"2026-03-12 12:30:38","2026-03-12 12:30:38"
520,283,equipment,143,equipment,1,"2026-03-12 12:30:38","2026-03-12 12:30:38"
521,46,item,699,normal,1,"2026-03-12 12:30:41","2026-03-12 12:30:41"
522,46,item,611,rare,2,"2026-03-12 12:30:41","2026-03-12 12:30:41"
523,46,orb,9,orb,1,"2026-03-12 12:30:41","2026-03-12 12:30:41"
524,46,equipment,1557,equipment,1,"2026-03-12 12:30:41","2026-03-12 12:30:41"
525,468,item,699,normal,1,"2026-03-12 12:30:43","2026-03-12 12:30:43"
526,468,item,711,rare,2,"2026-03-12 12:30:43","2026-03-12 12:30:43"
527,468,orb,13,orb,1,"2026-03-12 12:30:43","2026-03-12 12:30:43"
528,468,orb,68,orb,2,"2026-03-12 12:30:43","2026-03-12 12:30:43"
529,468,orb,174,orb,3,"2026-03-12 12:30:43","2026-03-12 12:30:43"
530,468,equipment,339,equipment,1,"2026-03-12 12:30:43","2026-03-12 12:30:43"
531,526,item,249,normal,1,"2026-03-12 12:30:45","2026-03-12 12:30:45"
532,526,item,619,rare,2,"2026-03-12 12:30:45","2026-03-12 12:30:45"
533,526,orb,242,orb,1,"2026-03-12 12:30:45","2026-03-12 12:30:45"
534,526,orb,387,orb,2,"2026-03-12 12:30:45","2026-03-12 12:30:45"
535,526,orb,458,orb,3,"2026-03-12 12:30:45","2026-03-12 12:30:45"
536,526,equipment,95,equipment,1,"2026-03-12 12:30:45","2026-03-12 12:30:45"
537,526,equipment,93,equipment,2,"2026-03-12 12:30:45","2026-03-12 12:30:45"
538,717,item,735,normal,1,"2026-03-12 12:30:47","2026-03-12 12:30:47"
539,717,item,1185,rare,2,"2026-03-12 12:30:47","2026-03-12 12:30:47"
540,717,orb,9,orb,1,"2026-03-12 12:30:47","2026-03-12 12:30:47"
541,717,equipment,322,equipment,1,"2026-03-12 12:30:47","2026-03-12 12:30:47"
542,499,item,760,normal,1,"2026-03-12 12:30:49","2026-03-12 12:30:49"
543,499,item,838,rare,2,"2026-03-12 12:30:49","2026-03-12 12:30:49"
544,499,orb,34,orb,1,"2026-03-12 12:30:49","2026-03-12 12:30:49"
545,499,orb,69,orb,2,"2026-03-12 12:30:49","2026-03-12 12:30:49"
546,499,orb,114,orb,3,"2026-03-12 12:30:49","2026-03-12 12:30:49"
547,499,equipment,937,equipment,1,"2026-03-12 12:30:49","2026-03-12 12:30:49"
548,499,equipment,940,equipment,2,"2026-03-12 12:30:49","2026-03-12 12:30:49"
549,129,item,784,normal,1,"2026-03-12 12:30:51","2026-03-12 12:30:51"
550,129,item,531,rare,2,"2026-03-12 12:30:51","2026-03-12 12:30:51"
551,129,orb,9,orb,1,"2026-03-12 12:30:51","2026-03-12 12:30:51"
552,129,equipment,1500,equipment,1,"2026-03-12 12:30:51","2026-03-12 12:30:51"
553,589,item,608,normal,1,"2026-03-12 12:30:53","2026-03-12 12:30:53"
554,589,item,603,rare,2,"2026-03-12 12:30:53","2026-03-12 12:30:53"
555,589,orb,186,orb,1,"2026-03-12 12:30:53","2026-03-12 12:30:53"
556,589,orb,195,orb,2,"2026-03-12 12:30:53","2026-03-12 12:30:53"
557,589,orb,468,orb,3,"2026-03-12 12:30:53","2026-03-12 12:30:53"
558,589,equipment,848,equipment,1,"2026-03-12 12:30:53","2026-03-12 12:30:53"
559,589,equipment,851,equipment,2,"2026-03-12 12:30:53","2026-03-12 12:30:53"
560,589,equipment,852,equipment,3,"2026-03-12 12:30:53","2026-03-12 12:30:53"
561,18,item,434,normal,2,"2026-03-12 12:30:55","2026-03-12 14:03:06"
562,18,item,567,rare,2,"2026-03-12 12:30:55","2026-03-12 12:30:55"
563,18,orb,9,orb,1,"2026-03-12 12:30:55","2026-03-12 12:30:55"
564,18,equipment,202,equipment,1,"2026-03-12 12:30:55","2026-03-12 12:30:55"
565,34,item,392,normal,1,"2026-03-12 12:30:58","2026-03-12 12:30:58"
566,34,item,48,rare,2,"2026-03-12 12:30:58","2026-03-12 12:30:58"
567,34,orb,9,orb,1,"2026-03-12 12:30:58","2026-03-12 12:30:58"
568,34,equipment,39,equipment,1,"2026-03-12 12:30:58","2026-03-12 12:30:58"
569,456,item,762,normal,1,"2026-03-12 12:31:00","2026-03-12 12:31:00"
570,456,item,834,rare,2,"2026-03-12 12:31:00","2026-03-12 12:31:00"
571,456,orb,61,orb,1,"2026-03-12 12:31:00","2026-03-12 12:31:00"
572,456,orb,307,orb,2,"2026-03-12 12:31:00","2026-03-12 12:31:00"
573,456,orb,521,orb,3,"2026-03-12 12:31:00","2026-03-12 12:31:00"
574,456,equipment,879,equipment,1,"2026-03-12 12:31:00","2026-03-12 12:31:00"
575,456,equipment,880,equipment,2,"2026-03-12 12:31:00","2026-03-12 12:31:00"
576,456,equipment,882,equipment,3,"2026-03-12 12:31:00","2026-03-12 12:31:00"
577,616,item,591,normal,1,"2026-03-12 12:31:02","2026-03-12 12:31:02"
578,616,accessory,72,rare,2,"2026-03-12 12:31:02","2026-03-12 12:31:02"
579,616,orb,133,orb,1,"2026-03-12 12:31:02","2026-03-12 12:31:02"
580,616,orb,282,orb,2,"2026-03-12 12:31:02","2026-03-12 12:31:02"
581,616,orb,427,orb,3,"2026-03-12 12:31:02","2026-03-12 12:31:02"
582,616,equipment,215,equipment,1,"2026-03-12 12:31:02","2026-03-12 12:31:02"
583,616,equipment,214,equipment,2,"2026-03-12 12:31:02","2026-03-12 12:31:02"
584,590,item,613,normal,1,"2026-03-12 12:31:04","2026-03-12 12:31:04"
585,590,item,564,rare,2,"2026-03-12 12:31:04","2026-03-12 12:31:04"
586,590,orb,15,orb,1,"2026-03-12 12:31:04","2026-03-12 12:31:04"
587,590,orb,102,orb,2,"2026-03-12 12:31:04","2026-03-12 12:31:04"
588,590,orb,328,orb,3,"2026-03-12 12:31:04","2026-03-12 12:31:04"
589,590,equipment,795,equipment,1,"2026-03-12 12:31:04","2026-03-12 12:31:04"
590,590,equipment,796,equipment,2,"2026-03-12 12:31:04","2026-03-12 12:31:04"
591,590,equipment,797,equipment,3,"2026-03-12 12:31:04","2026-03-12 12:31:04"
592,537,item,646,normal,1,"2026-03-12 12:31:06","2026-03-12 12:31:06"
593,537,item,487,rare,4,"2026-03-12 12:31:06","2026-03-20 18:45:43"
594,537,orb,30,orb,1,"2026-03-12 12:31:06","2026-03-12 12:31:06"
595,537,orb,58,orb,2,"2026-03-12 12:31:06","2026-03-12 12:31:06"
596,537,orb,219,orb,3,"2026-03-12 12:31:06","2026-03-12 12:31:06"
597,537,equipment,770,equipment,1,"2026-03-12 12:31:06","2026-03-12 12:31:06"
598,537,equipment,772,equipment,2,"2026-03-12 12:31:06","2026-03-12 12:31:06"
599,537,equipment,773,equipment,3,"2026-03-12 12:31:06","2026-03-12 12:31:06"
600,802,item,646,normal,1,"2026-03-12 12:31:08","2026-03-12 12:31:08"
601,802,item,668,rare,2,"2026-03-12 12:31:08","2026-03-12 12:31:08"
602,802,orb,62,orb,1,"2026-03-12 12:31:08","2026-03-12 12:31:08"
603,802,orb,95,orb,2,"2026-03-12 12:31:08","2026-03-12 12:31:08"
604,802,orb,108,orb,3,"2026-03-12 12:31:08","2026-03-12 12:31:08"
605,802,equipment,737,equipment,1,"2026-03-12 12:31:08","2026-03-12 12:31:08"
606,802,equipment,738,equipment,2,"2026-03-12 12:31:08","2026-03-12 12:31:08"
607,26,item,392,normal,1,"2026-03-12 12:31:10","2026-03-12 12:31:10"
608,26,item,551,rare,2,"2026-03-12 12:31:10","2026-03-12 12:31:10"
609,26,orb,9,orb,1,"2026-03-12 12:31:10","2026-03-12 12:31:10"
610,26,equipment,40,equipment,1,"2026-03-12 12:31:10","2026-03-12 12:31:10"
611,157,item,840,normal,1,"2026-03-12 12:31:14","2026-03-12 12:31:14"
612,157,item,879,rare,2,"2026-03-12 12:31:14","2026-03-12 12:31:14"
613,157,orb,9,orb,1,"2026-03-12 12:31:14","2026-03-12 12:31:14"
614,157,equipment,1346,equipment,1,"2026-03-12 12:31:14","2026-03-12 12:31:14"
615,63,item,746,normal,1,"2026-03-12 12:31:17","2026-03-12 12:31:17"
616,63,item,826,rare,2,"2026-03-12 12:31:17","2026-03-12 12:31:17"
617,63,orb,9,orb,1,"2026-03-12 12:31:17","2026-03-12 12:31:17"
618,63,equipment,359,equipment,1,"2026-03-12 12:31:17","2026-03-12 12:31:17"
619,496,item,746,normal,1,"2026-03-12 12:31:19","2026-03-12 12:31:19"
620,496,item,649,rare,2,"2026-03-12 12:31:19","2026-03-12 12:31:19"
621,496,orb,465,orb,1,"2026-03-12 12:31:19","2026-03-12 12:31:19"
622,496,orb,493,orb,2,"2026-03-12 12:31:19","2026-03-12 12:31:19"
623,496,orb,497,orb,3,"2026-03-12 12:31:19","2026-03-12 12:31:19"
624,496,equipment,332,equipment,1,"2026-03-12 12:31:19","2026-03-12 12:31:19"
625,496,equipment,331,equipment,2,"2026-03-12 12:31:19","2026-03-12 12:31:19"
626,496,equipment,330,equipment,3,"2026-03-12 12:31:19","2026-03-12 12:31:19"
627,588,item,842,normal,1,"2026-03-12 12:31:21","2026-03-12 12:31:21"
628,588,item,693,rare,2,"2026-03-12 12:31:21","2026-03-12 12:31:21"
629,588,orb,13,orb,1,"2026-03-12 12:31:21","2026-03-12 12:31:21"
630,588,orb,90,orb,2,"2026-03-12 12:31:21","2026-03-12 12:31:21"
631,588,orb,279,orb,3,"2026-03-12 12:31:21","2026-03-12 12:31:21"
632,588,equipment,292,equipment,1,"2026-03-12 12:31:21","2026-03-12 12:31:21"
633,588,equipment,290,equipment,2,"2026-03-12 12:31:21","2026-03-12 12:31:21"
634,6,item,434,normal,1,"2026-03-12 12:31:23","2026-03-12 14:03:06"
635,6,item,703,rare,2,"2026-03-12 12:31:23","2026-03-12 12:31:23"
636,6,orb,9,orb,3,"2026-03-12 12:31:23","2026-03-12 12:31:23"
637,6,equipment,321,equipment,4,"2026-03-12 12:31:23","2026-03-12 12:31:23"
638,764,item,702,normal,1,"2026-03-12 12:31:25","2026-03-12 12:31:25"
640,764,orb,106,orb,1,"2026-03-12 12:31:25","2026-03-12 12:31:25"
641,764,equipment,503,equipment,1,"2026-03-12 12:31:25","2026-03-12 12:31:25"
642,624,item,664,normal,1,"2026-03-12 12:31:27","2026-03-12 12:31:27"
643,624,item,554,rare,2,"2026-03-12 12:31:27","2026-03-12 12:31:27"
644,624,orb,5,orb,1,"2026-03-12 12:31:27","2026-03-12 12:31:27"
645,624,orb,221,orb,2,"2026-03-12 12:31:27","2026-03-12 12:31:27"
646,624,orb,299,orb,3,"2026-03-12 12:31:27","2026-03-12 12:31:27"
647,624,equipment,542,equipment,1,"2026-03-12 12:31:27","2026-03-12 12:31:27"
648,292,item,651,normal,1,"2026-03-12 12:31:29","2026-03-12 12:31:29"
649,292,item,702,rare,2,"2026-03-12 12:31:29","2026-03-12 12:31:29"
650,292,orb,377,orb,1,"2026-03-12 12:31:29","2026-03-12 12:31:29"
651,292,orb,486,orb,2,"2026-03-12 12:31:29","2026-03-12 12:31:29"
652,292,orb,500,orb,3,"2026-03-12 12:31:29","2026-03-12 12:31:29"
653,292,equipment,17,equipment,1,"2026-03-12 12:31:29","2026-03-12 12:31:29"
654,558,item,627,normal,1,"2026-03-12 12:31:32","2026-03-12 12:31:32"
655,558,item,676,rare,2,"2026-03-12 12:31:32","2026-03-12 12:31:32"
656,558,orb,48,orb,1,"2026-03-12 12:31:32","2026-03-12 12:31:32"
657,558,orb,321,orb,2,"2026-03-12 12:31:32","2026-03-12 12:31:32"
658,558,orb,356,orb,3,"2026-03-12 12:31:32","2026-03-12 12:31:32"
659,558,equipment,892,equipment,1,"2026-03-12 12:31:32","2026-03-12 12:31:32"
660,558,equipment,893,equipment,2,"2026-03-12 12:31:32","2026-03-12 12:31:32"
661,558,equipment,895,equipment,3,"2026-03-12 12:31:32","2026-03-12 12:31:32"
662,151,item,597,normal,1,"2026-03-12 12:31:34","2026-03-12 12:31:34"
663,151,item,47,rare,2,"2026-03-12 12:31:34","2026-03-12 12:31:34"
664,151,orb,9,orb,1,"2026-03-12 12:31:34","2026-03-12 12:31:34"
665,151,equipment,34,equipment,1,"2026-03-12 12:31:34","2026-03-12 12:31:34"
666,608,item,597,normal,1,"2026-03-12 12:31:37","2026-03-12 12:31:37"
667,608,item,648,rare,2,"2026-03-12 12:31:37","2026-03-12 12:31:37"
668,608,orb,159,orb,1,"2026-03-12 12:31:37","2026-03-12 12:31:37"
669,608,orb,362,orb,2,"2026-03-12 12:31:37","2026-03-12 12:31:37"
670,608,orb,423,orb,3,"2026-03-12 12:31:37","2026-03-12 12:31:37"
671,608,equipment,11,equipment,1,"2026-03-12 12:31:37","2026-03-12 12:31:37"
672,608,equipment,10,equipment,2,"2026-03-12 12:31:37","2026-03-12 12:31:37"
673,803,item,597,normal,1,"2026-03-12 12:31:39","2026-03-12 12:31:39"
674,803,item,648,rare,2,"2026-03-12 12:31:39","2026-03-12 12:31:39"
675,803,orb,66,orb,1,"2026-03-12 12:31:39","2026-03-12 12:31:39"
676,803,orb,314,orb,2,"2026-03-12 12:31:39","2026-03-12 12:31:39"
677,803,orb,517,orb,3,"2026-03-12 12:31:39","2026-03-12 12:31:39"
678,803,equipment,5,equipment,1,"2026-03-12 12:31:39","2026-03-12 12:31:39"
679,803,equipment,4,equipment,2,"2026-03-12 12:31:39","2026-03-12 12:31:39"
680,648,item,784,normal,1,"2026-03-12 12:31:41","2026-03-12 12:31:41"
681,648,item,121,rare,2,"2026-03-12 12:31:41","2026-03-12 12:31:41"
682,648,orb,3,orb,1,"2026-03-12 12:31:41","2026-03-12 12:31:41"
683,648,orb,228,orb,2,"2026-03-12 12:31:41","2026-03-12 12:31:41"
684,648,orb,421,orb,3,"2026-03-12 12:31:41","2026-03-12 12:31:41"
685,648,equipment,254,equipment,1,"2026-03-12 12:31:41","2026-03-12 12:31:41"
686,804,item,801,normal,1,"2026-03-12 12:31:43","2026-03-12 12:31:43"
687,804,item,747,rare,2,"2026-03-12 12:31:43","2026-03-12 12:31:43"
688,804,orb,16,orb,1,"2026-03-12 12:31:43","2026-03-12 12:31:43"
689,804,orb,77,orb,2,"2026-03-12 12:31:43","2026-03-12 12:31:43"
690,804,orb,158,orb,3,"2026-03-12 12:31:43","2026-03-12 12:31:43"
691,804,equipment,726,equipment,1,"2026-03-12 12:31:43","2026-03-12 12:31:43"
692,804,equipment,729,equipment,2,"2026-03-12 12:31:43","2026-03-12 12:31:43"
693,804,equipment,730,equipment,3,"2026-03-12 12:31:43","2026-03-12 12:31:43"
694,251,item,863,normal,1,"2026-03-12 12:31:45","2026-03-12 12:31:45"
695,251,item,879,rare,2,"2026-03-12 12:31:45","2026-03-12 12:31:45"
696,251,orb,9,orb,1,"2026-03-12 12:31:45","2026-03-12 12:31:45"
697,251,equipment,508,equipment,1,"2026-03-12 12:31:45","2026-03-12 12:31:45"
698,262,item,392,normal,1,"2026-03-12 12:31:47","2026-03-12 12:31:47"
699,262,item,902,rare,2,"2026-03-12 12:31:47","2026-03-12 12:31:47"
700,262,orb,90,orb,1,"2026-03-12 12:31:47","2026-03-12 12:31:47"
701,262,orb,334,orb,2,"2026-03-12 12:31:47","2026-03-12 12:31:47"
702,262,orb,485,orb,3,"2026-03-12 12:31:47","2026-03-12 12:31:47"
703,262,equipment,25,equipment,1,"2026-03-12 12:31:47","2026-03-12 12:31:47"
704,805,item,392,normal,1,"2026-03-12 12:31:49","2026-03-12 12:31:49"
705,805,item,700,rare,2,"2026-03-12 12:31:49","2026-03-12 12:31:49"
706,805,orb,1,orb,1,"2026-03-12 12:31:49","2026-03-12 12:31:49"
707,805,orb,3,orb,2,"2026-03-12 12:31:49","2026-03-12 12:31:49"
708,805,orb,61,orb,3,"2026-03-12 12:31:49","2026-03-12 12:31:49"
709,805,equipment,693,equipment,1,"2026-03-12 12:31:49","2026-03-12 12:31:49"
710,805,equipment,694,equipment,2,"2026-03-12 12:31:49","2026-03-12 12:31:49"
711,805,equipment,695,equipment,3,"2026-03-12 12:31:49","2026-03-12 12:31:49"
712,76,item,732,normal,1,"2026-03-12 12:31:51","2026-03-12 12:31:51"
713,76,item,611,rare,2,"2026-03-12 12:31:51","2026-03-12 12:31:51"
714,76,orb,9,orb,1,"2026-03-12 12:31:51","2026-03-12 12:31:51"
715,76,equipment,1509,equipment,1,"2026-03-12 12:31:51","2026-03-12 12:31:51"
716,806,item,732,normal,1,"2026-03-12 12:31:54","2026-03-12 12:31:54"
717,806,item,658,rare,2,"2026-03-12 12:31:54","2026-03-12 12:31:54"
718,806,orb,68,orb,1,"2026-03-12 12:31:54","2026-03-12 12:31:54"
719,806,orb,105,orb,2,"2026-03-12 12:31:54","2026-03-12 12:31:54"
720,806,orb,490,orb,3,"2026-03-12 12:31:54","2026-03-12 12:31:54"
721,806,equipment,711,equipment,1,"2026-03-12 12:31:54","2026-03-12 12:31:54"
722,806,equipment,713,equipment,2,"2026-03-12 12:31:54","2026-03-12 12:31:54"
723,806,equipment,715,equipment,3,"2026-03-12 12:31:54","2026-03-12 12:31:54"
724,259,item,719,normal,1,"2026-03-12 12:31:56","2026-03-12 12:31:56"
725,259,item,1274,rare,2,"2026-03-12 12:31:56","2026-03-12 12:31:56"
726,259,orb,36,orb,1,"2026-03-12 12:31:56","2026-03-12 12:31:56"
727,259,orb,376,orb,2,"2026-03-12 12:31:56","2026-03-12 12:31:56"
728,259,orb,525,orb,3,"2026-03-12 12:31:56","2026-03-12 12:31:56"
729,259,equipment,1311,equipment,1,"2026-03-12 12:31:56","2026-03-12 12:31:56"
730,259,equipment,1312,equipment,2,"2026-03-12 12:31:56","2026-03-12 12:31:56"
731,555,item,699,normal,1,"2026-03-12 12:31:58","2026-03-12 12:31:58"
732,555,item,711,rare,2,"2026-03-12 12:31:58","2026-03-12 12:31:58"
733,555,orb,32,orb,1,"2026-03-12 12:31:58","2026-03-12 12:31:58"
734,555,orb,303,orb,2,"2026-03-12 12:31:58","2026-03-12 12:31:58"
735,555,orb,506,orb,3,"2026-03-12 12:31:58","2026-03-12 12:31:58"
736,555,equipment,536,equipment,1,"2026-03-12 12:31:58","2026-03-12 12:31:58"
737,555,equipment,535,equipment,2,"2026-03-12 12:31:58","2026-03-12 12:31:58"
738,578,item,818,normal,1,"2026-03-12 12:32:00","2026-03-12 12:32:00"
739,578,item,735,rare,2,"2026-03-12 12:32:00","2026-03-12 12:32:00"
740,578,orb,51,orb,1,"2026-03-12 12:32:00","2026-03-12 12:32:00"
741,578,orb,140,orb,2,"2026-03-12 12:32:00","2026-03-12 12:32:00"
742,578,orb,143,orb,3,"2026-03-12 12:32:00","2026-03-12 12:32:00"
743,578,equipment,789,equipment,1,"2026-03-12 12:32:00","2026-03-12 12:32:00"
744,578,equipment,790,equipment,2,"2026-03-12 12:32:00","2026-03-12 12:32:00"
745,578,equipment,791,equipment,3,"2026-03-12 12:32:00","2026-03-12 12:32:00"
746,281,item,596,normal,1,"2026-03-12 12:32:03","2026-03-12 12:32:03"
747,281,item,810,rare,2,"2026-03-12 12:32:03","2026-03-12 12:32:03"
748,281,orb,3,orb,1,"2026-03-12 12:32:03","2026-03-12 12:32:03"
749,281,orb,80,orb,2,"2026-03-12 12:32:03","2026-03-12 12:32:03"
750,281,orb,461,orb,3,"2026-03-12 12:32:03","2026-03-12 12:32:03"
751,281,equipment,1255,equipment,1,"2026-03-12 12:32:03","2026-03-12 12:32:03"
752,281,equipment,1258,equipment,2,"2026-03-12 12:32:03","2026-03-12 12:32:03"
753,510,item,633,normal,1,"2026-03-12 12:32:05","2026-03-12 12:32:05"
754,510,item,647,rare,2,"2026-03-12 12:32:05","2026-03-12 12:32:05"
755,510,orb,136,orb,1,"2026-03-12 12:32:05","2026-03-12 12:32:05"
756,510,orb,180,orb,2,"2026-03-12 12:32:05","2026-03-12 12:32:05"
757,510,orb,359,orb,3,"2026-03-12 12:32:05","2026-03-12 12:32:05"
758,510,equipment,13,equipment,1,"2026-03-12 12:32:05","2026-03-12 12:32:05"
759,391,item,643,normal,1,"2026-03-12 12:32:08","2026-03-12 12:32:08"
760,391,item,835,rare,2,"2026-03-12 12:32:08","2026-03-12 12:32:08"
761,391,orb,24,orb,1,"2026-03-12 12:32:08","2026-03-12 12:32:08"
762,391,orb,80,orb,2,"2026-03-12 12:32:08","2026-03-12 12:32:08"
763,391,orb,413,orb,3,"2026-03-12 12:32:08","2026-03-12 12:32:08"
764,391,equipment,184,equipment,1,"2026-03-12 12:32:08","2026-03-12 12:32:08"
765,807,item,845,normal,1,"2026-03-12 12:32:10","2026-03-12 12:32:10"
766,807,item,883,rare,2,"2026-03-12 12:32:10","2026-03-12 12:32:10"
767,807,orb,17,orb,1,"2026-03-12 12:32:10","2026-03-12 12:32:10"
768,807,orb,266,orb,2,"2026-03-12 12:32:10","2026-03-12 12:32:10"
769,807,orb,145,orb,3,"2026-03-12 12:32:10","2026-03-12 12:32:10"
770,807,equipment,568,equipment,1,"2026-03-12 12:32:10","2026-03-12 12:32:10"
771,807,equipment,567,equipment,2,"2026-03-12 12:32:10","2026-03-12 12:32:10"
772,512,item,596,normal,1,"2026-03-12 12:32:12","2026-03-12 12:32:12"
773,512,item,695,rare,2,"2026-03-12 12:32:12","2026-03-12 12:32:12"
774,512,orb,121,orb,1,"2026-03-12 12:32:12","2026-03-12 12:32:12"
775,512,orb,212,orb,2,"2026-03-12 12:32:12","2026-03-12 12:32:12"
776,512,orb,480,orb,3,"2026-03-12 12:32:12","2026-03-12 12:32:12"
777,512,equipment,916,equipment,1,"2026-03-12 12:32:12","2026-03-12 12:32:12"
778,512,equipment,919,equipment,2,"2026-03-12 12:32:12","2026-03-12 12:32:12"
779,512,equipment,920,equipment,3,"2026-03-12 12:32:12","2026-03-12 12:32:12"
780,793,item,619,normal,1,"2026-03-12 12:32:15","2026-03-12 12:32:15"
782,793,orb,15,orb,1,"2026-03-12 12:32:15","2026-03-12 12:32:15"
783,793,orb,23,orb,2,"2026-03-12 12:32:15","2026-03-12 12:32:15"
784,793,orb,122,orb,3,"2026-03-12 12:32:15","2026-03-12 12:32:15"
785,793,equipment,800,equipment,1,"2026-03-12 12:32:15","2026-03-12 12:32:15"
786,793,equipment,801,equipment,2,"2026-03-12 12:32:15","2026-03-12 12:32:15"
787,793,equipment,802,equipment,3,"2026-03-12 12:32:15","2026-03-12 12:32:15"
788,649,item,596,normal,1,"2026-03-12 12:32:17","2026-03-12 12:32:17"
789,649,item,695,rare,2,"2026-03-12 12:32:17","2026-03-12 12:32:17"
790,649,orb,15,orb,1,"2026-03-12 12:32:17","2026-03-12 12:32:17"
791,649,orb,23,orb,2,"2026-03-12 12:32:17","2026-03-12 12:32:17"
792,649,orb,122,orb,3,"2026-03-12 12:32:17","2026-03-12 12:32:17"
793,649,equipment,800,equipment,1,"2026-03-12 12:32:17","2026-03-12 12:32:17"
794,649,equipment,801,equipment,2,"2026-03-12 12:32:17","2026-03-12 12:32:17"
795,649,equipment,802,equipment,3,"2026-03-12 12:32:17","2026-03-12 12:32:17"
796,79,item,762,normal,1,"2026-03-12 12:32:19","2026-03-12 12:32:19"
797,79,item,807,rare,2,"2026-03-12 12:32:19","2026-03-12 12:32:19"
798,79,orb,9,orb,1,"2026-03-12 12:32:19","2026-03-12 12:32:19"
799,79,equipment,120,equipment,1,"2026-03-12 12:32:19","2026-03-12 12:32:19"
800,294,item,633,normal,1,"2026-03-12 12:32:21","2026-03-12 12:32:21"
801,294,item,1010,rare,2,"2026-03-12 12:32:21","2026-03-12 12:32:21"
802,294,orb,45,orb,1,"2026-03-12 12:32:21","2026-03-12 12:32:21"
803,294,orb,261,orb,2,"2026-03-12 12:32:21","2026-03-12 12:32:21"
804,294,orb,401,orb,3,"2026-03-12 12:32:21","2026-03-12 12:32:21"
805,294,equipment,147,equipment,1,"2026-03-12 12:32:21","2026-03-12 12:32:21"
806,150,item,762,normal,1,"2026-03-12 12:32:24","2026-03-12 12:32:24"
807,150,item,554,rare,2,"2026-03-12 12:32:24","2026-03-12 12:32:24"
808,150,orb,9,orb,1,"2026-03-12 12:32:24","2026-03-12 12:32:24"
809,150,equipment,144,equipment,1,"2026-03-12 12:32:24","2026-03-12 12:32:24"
810,622,item,823,normal,1,"2026-03-12 12:32:26","2026-03-12 12:32:26"
811,622,item,564,rare,2,"2026-03-12 12:32:26","2026-03-12 12:32:26"
812,622,orb,68,orb,1,"2026-03-12 12:32:26","2026-03-12 12:32:26"
813,622,orb,296,orb,2,"2026-03-12 12:32:26","2026-03-12 12:32:26"
814,622,orb,297,orb,3,"2026-03-12 12:32:26","2026-03-12 12:32:26"
815,622,equipment,330,equipment,1,"2026-03-12 12:32:26","2026-03-12 12:32:26"
816,622,equipment,329,equipment,2,"2026-03-12 12:32:26","2026-03-12 12:32:26"
817,622,equipment,328,equipment,3,"2026-03-12 12:32:26","2026-03-12 12:32:26"
818,285,item,617,normal,1,"2026-03-12 12:32:29","2026-03-12 12:32:29"
819,285,item,810,rare,2,"2026-03-12 12:32:29","2026-03-12 12:32:29"
820,285,orb,70,orb,1,"2026-03-12 12:32:29","2026-03-12 12:32:29"
821,285,orb,231,orb,2,"2026-03-12 12:32:29","2026-03-12 12:32:29"
822,285,orb,395,orb,3,"2026-03-12 12:32:29","2026-03-12 12:32:29"
823,285,equipment,1060,equipment,1,"2026-03-12 12:32:29","2026-03-12 12:32:29"
824,285,equipment,1061,equipment,2,"2026-03-12 12:32:29","2026-03-12 12:32:29"
825,662,item,617,normal,1,"2026-03-12 12:32:31","2026-03-12 12:32:31"
826,662,item,644,rare,2,"2026-03-12 12:32:31","2026-03-12 12:32:31"
827,662,orb,197,orb,1,"2026-03-12 12:32:31","2026-03-12 12:32:31"
828,662,orb,314,orb,2,"2026-03-12 12:32:31","2026-03-12 12:32:31"
829,662,orb,476,orb,3,"2026-03-12 12:32:31","2026-03-12 12:32:31"
830,662,equipment,853,equipment,1,"2026-03-12 12:32:31","2026-03-12 12:32:31"
831,662,equipment,854,equipment,2,"2026-03-12 12:32:31","2026-03-12 12:32:31"
832,662,equipment,857,equipment,3,"2026-03-12 12:32:31","2026-03-12 12:32:31"
833,707,item,591,normal,1,"2026-03-12 12:32:33","2026-03-12 12:32:33"
834,707,item,616,rare,2,"2026-03-12 12:32:33","2026-03-12 12:32:33"
835,707,orb,23,orb,1,"2026-03-12 12:32:33","2026-03-12 12:32:33"
836,707,orb,119,orb,2,"2026-03-12 12:32:33","2026-03-12 12:32:33"
837,707,orb,256,orb,3,"2026-03-12 12:32:33","2026-03-12 12:32:33"
838,707,equipment,835,equipment,1,"2026-03-12 12:32:33","2026-03-12 12:32:33"
839,707,equipment,836,equipment,2,"2026-03-12 12:32:33","2026-03-12 12:32:33"
842,1267,orb,1,orb,1,"2026-03-12 12:32:35","2026-03-12 12:32:35"
843,1267,orb,133,orb,2,"2026-03-12 12:32:35","2026-03-12 12:32:35"
844,1267,orb,482,orb,3,"2026-03-12 12:32:35","2026-03-12 12:32:35"
845,1267,equipment,215,equipment,1,"2026-03-12 12:32:35","2026-03-12 12:32:35"
846,1267,equipment,212,equipment,2,"2026-03-12 12:32:35","2026-03-12 12:32:35"
847,1267,equipment,211,equipment,3,"2026-03-12 12:32:35","2026-03-12 12:32:35"
848,381,item,694,normal,1,"2026-03-12 12:32:37","2026-03-12 12:32:37"
849,381,item,1258,rare,2,"2026-03-12 12:32:37","2026-03-12 12:32:37"
850,381,orb,414,orb,1,"2026-03-12 12:32:37","2026-03-12 12:32:37"
851,381,orb,474,orb,2,"2026-03-12 12:32:37","2026-03-12 12:32:37"
852,381,orb,477,orb,3,"2026-03-12 12:32:37","2026-03-12 12:32:37"
853,381,equipment,218,equipment,1,"2026-03-12 12:32:37","2026-03-12 12:32:37"
854,696,item,846,normal,1,"2026-03-12 12:32:39","2026-03-12 12:32:39"
855,696,item,550,rare,2,"2026-03-12 12:32:39","2026-03-12 12:32:39"
856,696,orb,88,orb,1,"2026-03-12 12:32:39","2026-03-12 12:32:39"
857,696,orb,518,orb,2,"2026-03-12 12:32:39","2026-03-12 12:32:39"
858,696,equipment,213,equipment,1,"2026-03-12 12:32:39","2026-03-12 12:32:39"
859,474,item,860,normal,1,"2026-03-12 12:32:42","2026-03-12 12:32:42"
860,474,item,752,rare,2,"2026-03-12 12:32:42","2026-03-12 12:32:42"
861,474,orb,94,orb,1,"2026-03-12 12:32:42","2026-03-12 12:32:42"
862,474,orb,252,orb,2,"2026-03-12 12:32:42","2026-03-12 12:32:42"
863,474,orb,145,orb,3,"2026-03-12 12:32:42","2026-03-12 12:32:42"
864,474,equipment,942,equipment,1,"2026-03-12 12:32:42","2026-03-12 12:32:42"
865,474,equipment,943,equipment,2,"2026-03-12 12:32:42","2026-03-12 12:32:42"
866,368,item,591,normal,1,"2026-03-12 12:32:44","2026-03-12 12:32:44"
867,368,item,753,rare,2,"2026-03-12 12:32:44","2026-03-12 12:32:44"
868,368,orb,1,orb,1,"2026-03-12 12:32:44","2026-03-12 12:32:44"
869,368,orb,97,orb,2,"2026-03-12 12:32:44","2026-03-12 12:32:44"
870,368,orb,252,orb,3,"2026-03-12 12:32:44","2026-03-12 12:32:44"
871,368,equipment,1032,equipment,1,"2026-03-12 12:32:44","2026-03-12 12:32:44"
872,368,equipment,1033,equipment,2,"2026-03-12 12:32:44","2026-03-12 12:32:44"
873,703,item,591,normal,1,"2026-03-12 12:32:46","2026-03-12 12:32:46"
874,703,item,564,rare,2,"2026-03-12 12:32:46","2026-03-12 12:32:46"
875,703,orb,257,orb,1,"2026-03-12 12:32:46","2026-03-12 12:32:46"
876,703,orb,302,orb,2,"2026-03-12 12:32:46","2026-03-12 12:32:46"
877,703,orb,481,orb,3,"2026-03-12 12:32:46","2026-03-12 12:32:46"
878,703,equipment,807,equipment,1,"2026-03-12 12:32:46","2026-03-12 12:32:46"
879,703,equipment,808,equipment,2,"2026-03-12 12:32:46","2026-03-12 12:32:46"
880,703,equipment,810,equipment,3,"2026-03-12 12:32:46","2026-03-12 12:32:46"
881,693,item,800,normal,1,"2026-03-12 12:32:48","2026-03-12 12:32:48"
882,693,item,833,rare,2,"2026-03-12 12:32:48","2026-03-12 12:32:48"
883,693,orb,175,orb,1,"2026-03-12 12:32:48","2026-03-12 12:32:48"
884,693,orb,251,orb,2,"2026-03-12 12:32:48","2026-03-12 12:32:48"
885,693,orb,481,orb,3,"2026-03-12 12:32:48","2026-03-12 12:32:48"
886,693,equipment,785,equipment,1,"2026-03-12 12:32:48","2026-03-12 12:32:48"
887,693,equipment,787,equipment,2,"2026-03-12 12:32:48","2026-03-12 12:32:48"
888,693,equipment,788,equipment,3,"2026-03-12 12:32:48","2026-03-12 12:32:48"
889,47,item,392,normal,1,"2026-03-12 12:32:50","2026-03-12 12:32:50"
890,47,item,807,rare,2,"2026-03-12 12:32:50","2026-03-12 12:32:50"
891,47,orb,9,orb,1,"2026-03-12 12:32:50","2026-03-12 12:32:50"
892,47,equipment,1506,equipment,1,"2026-03-12 12:32:50","2026-03-12 12:32:50"
893,215,item,675,normal,1,"2026-03-12 12:32:53","2026-03-12 12:32:53"
894,215,item,551,rare,2,"2026-03-12 12:32:53","2026-03-12 12:32:53"
895,215,orb,9,orb,1,"2026-03-12 12:32:53","2026-03-12 12:32:53"
896,215,equipment,189,equipment,1,"2026-03-12 12:32:53","2026-03-12 12:32:53"
897,544,item,651,normal,1,"2026-03-12 12:32:55","2026-03-12 12:32:55"
898,544,item,1382,rare,2,"2026-03-12 12:32:55","2026-03-12 12:32:55"
899,544,orb,83,orb,1,"2026-03-12 12:32:55","2026-03-12 12:32:55"
900,544,orb,207,orb,2,"2026-03-12 12:32:55","2026-03-12 12:32:55"
901,544,orb,143,orb,3,"2026-03-12 12:32:55","2026-03-12 12:32:55"
902,544,equipment,334,equipment,1,"2026-03-12 12:32:55","2026-03-12 12:32:55"
903,544,equipment,333,equipment,2,"2026-03-12 12:32:55","2026-03-12 12:32:55"
904,86,item,844,normal,1,"2026-03-12 12:32:58","2026-03-12 12:32:58"
905,86,item,810,rare,2,"2026-03-12 12:32:58","2026-03-12 12:32:58"
906,86,orb,9,orb,1,"2026-03-12 12:32:58","2026-03-12 12:32:58"
907,86,equipment,1505,equipment,1,"2026-03-12 12:32:58","2026-03-12 12:32:58"
908,548,item,818,normal,1,"2026-03-12 12:33:01","2026-03-12 12:33:01"
909,548,item,611,rare,2,"2026-03-12 12:33:01","2026-03-12 12:33:01"
910,548,orb,74,orb,1,"2026-03-12 12:33:01","2026-03-12 12:33:01"
911,548,orb,119,orb,2,"2026-03-12 12:33:01","2026-03-12 12:33:01"
912,548,orb,161,orb,3,"2026-03-12 12:33:01","2026-03-12 12:33:01"
913,548,equipment,491,equipment,1,"2026-03-12 12:33:01","2026-03-12 12:33:01"
914,548,equipment,490,equipment,2,"2026-03-12 12:33:01","2026-03-12 12:33:01"
915,548,equipment,489,equipment,3,"2026-03-12 12:33:01","2026-03-12 12:33:01"
916,808,item,844,normal,1,"2026-03-12 12:33:03","2026-03-12 12:33:03"
917,808,item,611,rare,2,"2026-03-12 12:33:03","2026-03-12 12:33:03"
918,808,orb,7,orb,1,"2026-03-12 12:33:03","2026-03-12 12:33:03"
919,808,orb,23,orb,2,"2026-03-12 12:33:03","2026-03-12 12:33:03"
920,808,orb,352,orb,3,"2026-03-12 12:33:03","2026-03-12 12:33:03"
921,808,equipment,671,equipment,1,"2026-03-12 12:33:03","2026-03-12 12:33:03"
922,808,equipment,672,equipment,2,"2026-03-12 12:33:03","2026-03-12 12:33:03"
923,439,item,669,normal,1,"2026-03-12 12:33:05","2026-03-12 12:33:05"
924,439,accessory,14,rare,2,"2026-03-12 12:33:05","2026-03-12 12:33:05"
925,439,orb,102,orb,1,"2026-03-12 12:33:05","2026-03-12 12:33:05"
926,439,orb,129,orb,2,"2026-03-12 12:33:05","2026-03-12 12:33:05"
927,439,orb,172,orb,3,"2026-03-12 12:33:05","2026-03-12 12:33:05"
928,439,equipment,420,equipment,1,"2026-03-12 12:33:05","2026-03-12 12:33:05"
929,39,item,728,normal,1,"2026-03-12 12:33:07","2026-03-12 12:33:07"
930,39,item,850,rare,2,"2026-03-12 12:33:07","2026-03-12 12:33:07"
931,39,orb,9,orb,1,"2026-03-12 12:33:07","2026-03-12 12:33:07"
932,39,equipment,1537,equipment,1,"2026-03-12 12:33:07","2026-03-12 12:33:07"
933,452,item,728,normal,1,"2026-03-12 12:33:10","2026-03-12 12:33:10"
934,452,item,649,rare,2,"2026-03-12 12:33:10","2026-03-12 12:33:10"
935,452,orb,89,orb,1,"2026-03-12 12:33:10","2026-03-12 12:33:10"
936,452,orb,293,orb,2,"2026-03-12 12:33:10","2026-03-12 12:33:10"
937,452,orb,533,orb,3,"2026-03-12 12:33:10","2026-03-12 12:33:10"
938,452,equipment,958,equipment,1,"2026-03-12 12:33:10","2026-03-12 12:33:10"
939,452,equipment,959,equipment,2,"2026-03-12 12:33:10","2026-03-12 12:33:10"
940,452,equipment,961,equipment,3,"2026-03-12 12:33:10","2026-03-12 12:33:10"
941,92,item,651,normal,1,"2026-03-12 12:33:12","2026-03-12 12:33:12"
942,92,item,833,rare,2,"2026-03-12 12:33:12","2026-03-12 12:33:12"
943,92,orb,9,orb,1,"2026-03-12 12:33:12","2026-03-12 12:33:12"
944,92,equipment,357,equipment,1,"2026-03-12 12:33:12","2026-03-12 12:33:12"
945,123,item,698,normal,1,"2026-03-12 12:33:15","2026-03-12 12:33:15"
946,123,item,833,rare,2,"2026-03-12 12:33:15","2026-03-12 12:33:15"
947,123,orb,9,orb,1,"2026-03-12 12:33:15","2026-03-12 12:33:15"
948,123,equipment,518,equipment,1,"2026-03-12 12:33:15","2026-03-12 12:33:15"
949,777,item,1199,normal,1,"2026-03-12 12:33:17","2026-03-12 12:33:17"
950,777,item,1349,rare,2,"2026-03-12 12:33:17","2026-03-12 12:33:17"
951,777,orb,343,orb,1,"2026-03-12 12:33:17","2026-03-12 12:33:17"
952,777,equipment,261,equipment,1,"2026-03-12 12:33:17","2026-03-12 12:33:17"
953,724,item,867,normal,1,"2026-03-12 12:33:20","2026-03-12 12:33:20"
954,724,item,702,rare,2,"2026-03-12 12:33:20","2026-03-12 12:33:20"
955,724,orb,9,orb,1,"2026-03-12 12:33:20","2026-03-12 12:33:20"
956,724,equipment,40,equipment,1,"2026-03-12 12:33:20","2026-03-12 12:33:20"
957,539,item,816,normal,1,"2026-03-12 12:33:22","2026-03-12 12:33:22"
958,539,item,838,rare,2,"2026-03-12 12:33:22","2026-03-12 12:33:22"
959,539,orb,12,orb,1,"2026-03-12 12:33:22","2026-03-12 12:33:22"
960,539,orb,22,orb,2,"2026-03-12 12:33:22","2026-03-12 12:33:22"
961,539,orb,128,orb,3,"2026-03-12 12:33:22","2026-03-12 12:33:22"
962,539,equipment,962,equipment,1,"2026-03-12 12:33:22","2026-03-12 12:33:22"
963,539,equipment,963,equipment,2,"2026-03-12 12:33:22","2026-03-12 12:33:22"
964,539,equipment,965,equipment,3,"2026-03-12 12:33:22","2026-03-12 12:33:22"
965,809,item,816,normal,1,"2026-03-12 12:33:24","2026-03-12 12:33:24"
966,809,item,819,rare,2,"2026-03-12 12:33:24","2026-03-12 12:33:24"
967,809,orb,48,orb,1,"2026-03-12 12:33:24","2026-03-12 12:33:24"
968,809,orb,357,orb,2,"2026-03-12 12:33:24","2026-03-12 12:33:24"
969,809,orb,507,orb,3,"2026-03-12 12:33:24","2026-03-12 12:33:24"
970,809,equipment,676,equipment,1,"2026-03-12 12:33:24","2026-03-12 12:33:24"
971,809,equipment,678,equipment,2,"2026-03-12 12:33:24","2026-03-12 12:33:24"
972,809,equipment,680,equipment,3,"2026-03-12 12:33:24","2026-03-12 12:33:24"
973,214,item,596,normal,1,"2026-03-12 12:33:27","2026-03-12 12:33:27"
974,214,item,551,rare,2,"2026-03-12 12:33:27","2026-03-12 12:33:27"
975,214,orb,9,orb,1,"2026-03-12 12:33:27","2026-03-12 12:33:27"
976,214,equipment,1252,equipment,1,"2026-03-12 12:33:27","2026-03-12 12:33:27"
977,214,equipment,1254,equipment,2,"2026-03-12 12:33:27","2026-03-12 12:33:27"
978,710,item,759,normal,1,"2026-03-12 12:33:29","2026-03-12 12:33:29"
979,710,item,745,rare,2,"2026-03-12 12:33:29","2026-03-12 12:33:29"
980,710,orb,15,orb,1,"2026-03-12 12:33:29","2026-03-12 12:33:29"
981,710,orb,22,orb,2,"2026-03-12 12:33:29","2026-03-12 12:33:29"
982,710,orb,23,orb,3,"2026-03-12 12:33:29","2026-03-12 12:33:29"
983,710,equipment,3,equipment,1,"2026-03-12 12:33:29","2026-03-12 12:33:29"
984,810,item,816,normal,1,"2026-03-12 12:33:31","2026-03-12 12:33:31"
985,810,item,687,rare,2,"2026-03-12 12:33:31","2026-03-12 12:33:31"
986,810,orb,206,orb,1,"2026-03-12 12:33:31","2026-03-12 12:33:31"
987,810,orb,361,orb,2,"2026-03-12 12:33:31","2026-03-12 12:33:31"
988,810,orb,509,orb,3,"2026-03-12 12:33:31","2026-03-12 12:33:31"
989,810,equipment,212,equipment,1,"2026-03-12 12:33:31","2026-03-12 12:33:31"
990,810,equipment,210,equipment,2,"2026-03-12 12:33:31","2026-03-12 12:33:31"
991,299,item,867,normal,1,"2026-03-12 12:33:33","2026-03-12 12:33:33"
992,299,item,1348,rare,2,"2026-03-12 12:33:33","2026-03-12 12:33:33"
993,299,orb,195,orb,1,"2026-03-12 12:33:33","2026-03-12 12:33:33"
994,299,orb,281,orb,2,"2026-03-12 12:33:33","2026-03-12 12:33:33"
995,299,orb,193,orb,3,"2026-03-12 12:33:33","2026-03-12 12:33:33"
996,299,equipment,107,equipment,1,"2026-03-12 12:33:33","2026-03-12 12:33:33"
997,21,item,718,normal,1,"2026-03-12 12:33:35","2026-03-12 12:33:35"
998,21,item,567,rare,2,"2026-03-12 12:33:35","2026-03-12 12:33:35"
999,21,orb,9,orb,1,"2026-03-12 12:33:35","2026-03-12 12:33:35"
1000,21,equipment,482,equipment,1,"2026-03-12 12:33:35","2026-03-12 12:33:35"
1001,358,item,698,normal,1,"2026-03-12 12:33:38","2026-03-12 12:33:38"
1002,358,item,1052,rare,2,"2026-03-12 12:33:38","2026-03-12 12:33:38"
1003,358,orb,24,orb,1,"2026-03-12 12:33:38","2026-03-12 12:33:38"
1004,358,orb,47,orb,2,"2026-03-12 12:33:38","2026-03-12 12:33:38"
1005,358,orb,98,orb,3,"2026-03-12 12:33:38","2026-03-12 12:33:38"
1006,358,equipment,1125,equipment,1,"2026-03-12 12:33:38","2026-03-12 12:33:38"
1007,358,equipment,1126,equipment,2,"2026-03-12 12:33:38","2026-03-12 12:33:38"
1008,211,item,617,normal,1,"2026-03-12 12:33:39","2026-03-12 12:33:39"
1009,211,item,954,rare,2,"2026-03-12 12:33:39","2026-03-12 12:33:39"
1010,211,orb,9,orb,1,"2026-03-12 12:33:39","2026-03-12 12:33:39"
1011,211,equipment,24,equipment,1,"2026-03-12 12:33:39","2026-03-12 12:33:39"
1012,302,item,698,normal,1,"2026-03-12 12:33:41","2026-03-12 12:33:41"
1013,302,item,833,rare,2,"2026-03-12 12:33:41","2026-03-12 12:33:41"
1014,302,orb,84,orb,1,"2026-03-12 12:33:41","2026-03-12 12:33:41"
1015,302,orb,435,orb,2,"2026-03-12 12:33:41","2026-03-12 12:33:41"
1016,302,orb,436,orb,3,"2026-03-12 12:33:41","2026-03-12 12:33:41"
1017,302,equipment,259,equipment,1,"2026-03-12 12:33:41","2026-03-12 12:33:41"
1018,302,equipment,257,equipment,2,"2026-03-12 12:33:41","2026-03-12 12:33:41"
1019,198,item,719,normal,1,"2026-03-12 12:33:43","2026-03-12 12:33:43"
1020,198,item,638,rare,2,"2026-03-12 12:33:43","2026-03-12 12:33:43"
1021,198,orb,9,orb,1,"2026-03-12 12:33:43","2026-03-12 12:33:43"
1022,198,equipment,118,equipment,1,"2026-03-12 12:33:43","2026-03-12 12:33:43"
1023,198,equipment,111,equipment,2,"2026-03-12 12:33:43","2026-03-12 12:33:43"
1024,720,item,1529,normal,1,"2026-03-12 12:33:45","2026-03-12 12:33:45"
1025,720,item,1183,rare,2,"2026-03-12 12:33:45","2026-03-12 12:33:45"
1026,720,orb,9,orb,1,"2026-03-12 12:33:45","2026-03-12 12:33:45"
1027,720,equipment,482,equipment,1,"2026-03-12 12:33:45","2026-03-12 12:33:45"
1028,179,item,698,normal,1,"2026-03-12 12:33:47","2026-03-12 12:33:47"
1029,179,item,834,rare,2,"2026-03-12 12:33:47","2026-03-12 12:33:47"
1030,179,orb,9,orb,1,"2026-03-12 12:33:47","2026-03-12 12:33:47"
1031,179,equipment,1342,equipment,1,"2026-03-12 12:33:47","2026-03-12 12:33:47"
1032,314,item,816,normal,1,"2026-03-12 12:33:49","2026-03-12 12:33:49"
1033,314,item,1297,rare,2,"2026-03-12 12:33:49","2026-03-12 12:33:49"
1034,314,orb,136,orb,1,"2026-03-12 12:33:49","2026-03-12 12:33:49"
1035,314,orb,368,orb,2,"2026-03-12 12:33:49","2026-03-12 12:33:49"
1036,314,orb,511,orb,3,"2026-03-12 12:33:49","2026-03-12 12:33:49"
1037,314,equipment,30,equipment,1,"2026-03-12 12:33:49","2026-03-12 12:33:49"
1038,314,equipment,114,equipment,2,"2026-03-12 12:33:49","2026-03-12 12:33:49"
1039,692,item,816,normal,1,"2026-03-12 12:33:52","2026-03-12 12:33:52"
1040,692,item,687,rare,2,"2026-03-12 12:33:52","2026-03-12 12:33:52"
1041,692,orb,292,orb,1,"2026-03-12 12:33:52","2026-03-12 12:33:52"
1042,692,orb,522,orb,2,"2026-03-12 12:33:52","2026-03-12 12:33:52"
1043,692,equipment,15,equipment,1,"2026-03-12 12:33:52","2026-03-12 12:33:52"
1044,692,equipment,103,equipment,2,"2026-03-12 12:33:52","2026-03-12 12:33:52"
1045,811,item,633,normal,1,"2026-03-12 12:33:55","2026-03-12 12:33:55"
1046,811,item,687,rare,2,"2026-03-12 12:33:55","2026-03-12 12:33:55"
1047,811,orb,8,orb,1,"2026-03-12 12:33:55","2026-03-12 12:33:55"
1048,811,orb,136,orb,2,"2026-03-12 12:33:55","2026-03-12 12:33:55"
1049,811,orb,508,orb,3,"2026-03-12 12:33:55","2026-03-12 12:33:55"
1050,811,equipment,677,equipment,1,"2026-03-12 12:33:55","2026-03-12 12:33:55"
1051,811,equipment,679,equipment,2,"2026-03-12 12:33:55","2026-03-12 12:33:55"
1052,571,item,816,normal,1,"2026-03-12 12:33:56","2026-03-12 12:33:56"
1053,571,item,759,rare,2,"2026-03-12 12:33:56","2026-03-12 12:33:56"
1054,571,orb,356,orb,1,"2026-03-12 12:33:56","2026-03-12 12:33:56"
1055,571,orb,360,orb,2,"2026-03-12 12:33:56","2026-03-12 12:33:56"
1056,571,orb,363,orb,3,"2026-03-12 12:33:56","2026-03-12 12:33:56"
1057,571,equipment,15,equipment,1,"2026-03-12 12:33:56","2026-03-12 12:33:56"
1058,571,equipment,103,equipment,2,"2026-03-12 12:33:56","2026-03-12 12:33:56"
1059,210,item,670,normal,1,"2026-03-12 12:33:58","2026-03-12 12:33:58"
1060,210,item,207,rare,2,"2026-03-12 12:33:58","2026-03-12 12:33:58"
1061,210,orb,9,orb,1,"2026-03-12 12:33:58","2026-03-12 12:33:58"
1062,210,equipment,1344,equipment,1,"2026-03-12 12:33:58","2026-03-12 12:33:58"
1063,210,equipment,1346,equipment,2,"2026-03-12 12:33:58","2026-03-12 12:33:58"
1064,171,item,867,normal,1,"2026-03-12 12:34:00","2026-03-12 12:34:00"
1065,171,item,953,rare,2,"2026-03-12 12:34:00","2026-03-12 12:34:00"
1066,171,orb,9,orb,1,"2026-03-12 12:34:00","2026-03-12 12:34:00"
1067,171,equipment,110,equipment,1,"2026-03-12 12:34:00","2026-03-12 12:34:00"
1068,614,item,762,normal,1,"2026-03-12 12:34:02","2026-03-12 12:34:02"
1069,614,item,868,rare,2,"2026-03-12 12:34:02","2026-03-12 12:34:02"
1070,614,orb,307,orb,1,"2026-03-12 12:34:02","2026-03-12 12:34:02"
1071,614,orb,517,orb,2,"2026-03-12 12:34:02","2026-03-12 12:34:02"
1072,614,orb,532,orb,3,"2026-03-12 12:34:02","2026-03-12 12:34:02"
1073,614,equipment,93,equipment,1,"2026-03-12 12:34:02","2026-03-12 12:34:02"
1074,614,equipment,90,equipment,2,"2026-03-12 12:34:02","2026-03-12 12:34:02"
1075,787,item,1438,normal,1,"2026-03-12 12:34:08","2026-03-12 12:34:08"
1077,787,orb,412,orb,1,"2026-03-12 12:34:08","2026-03-12 12:34:08"
1078,787,equipment,20,equipment,1,"2026-03-12 12:34:08","2026-03-12 12:34:08"
1079,787,equipment,62,equipment,2,"2026-03-12 12:34:08","2026-03-12 12:34:08"
1080,787,equipment,223,equipment,3,"2026-03-12 12:34:08","2026-03-12 12:34:08"
1081,173,item,181,normal,1,"2026-03-12 12:34:10","2026-03-12 12:34:10"
1082,173,item,1073,rare,2,"2026-03-12 12:34:10","2026-03-12 12:34:10"
1083,173,orb,9,orb,1,"2026-03-12 12:34:10","2026-03-12 12:34:10"
1084,173,equipment,194,equipment,1,"2026-03-12 12:34:10","2026-03-12 12:34:10"
1085,173,equipment,66,equipment,2,"2026-03-12 12:34:10","2026-03-12 12:34:10"
1086,689,item,860,normal,1,"2026-03-12 12:34:13","2026-03-12 12:34:13"
1087,689,item,677,rare,2,"2026-03-12 12:34:13","2026-03-12 12:34:13"
1088,689,orb,101,orb,1,"2026-03-12 12:34:13","2026-03-12 12:34:13"
1089,689,equipment,53,equipment,1,"2026-03-12 12:34:13","2026-03-12 12:34:13"
1090,689,equipment,537,equipment,2,"2026-03-12 12:34:13","2026-03-12 12:34:13"
1091,689,equipment,592,equipment,3,"2026-03-12 12:34:13","2026-03-12 12:34:13"
1092,812,item,251,normal,1,"2026-03-12 12:34:15","2026-03-12 12:34:15"
1093,812,item,744,rare,2,"2026-03-12 12:34:15","2026-03-12 12:34:15"
1094,812,orb,6,orb,1,"2026-03-12 12:34:15","2026-03-12 12:34:15"
1095,812,orb,18,orb,2,"2026-03-12 12:34:15","2026-03-12 12:34:15"
1096,812,orb,51,orb,3,"2026-03-12 12:34:15","2026-03-12 12:34:15"
1097,812,equipment,686,equipment,1,"2026-03-12 12:34:15","2026-03-12 12:34:15"
1098,617,item,591,normal,1,"2026-03-12 12:34:16","2026-03-12 12:34:16"
1099,617,item,899,rare,2,"2026-03-12 12:34:16","2026-03-12 12:34:16"
1100,617,orb,136,orb,1,"2026-03-12 12:34:16","2026-03-12 12:34:16"
1101,617,orb,206,orb,2,"2026-03-12 12:34:16","2026-03-12 12:34:16"
1102,617,orb,256,orb,3,"2026-03-12 12:34:16","2026-03-12 12:34:16"
1103,617,equipment,256,equipment,1,"2026-03-12 12:34:16","2026-03-12 12:34:16"
1104,691,item,591,normal,1,"2026-03-12 12:34:18","2026-03-12 12:34:18"
1105,691,item,752,rare,2,"2026-03-12 12:34:18","2026-03-12 12:34:18"
1106,691,orb,4,orb,1,"2026-03-12 12:34:18","2026-03-12 12:34:18"
1107,691,orb,101,orb,2,"2026-03-12 12:34:18","2026-03-12 12:34:18"
1108,691,orb,209,orb,3,"2026-03-12 12:34:18","2026-03-12 12:34:18"
1109,691,equipment,56,equipment,1,"2026-03-12 12:34:18","2026-03-12 12:34:18"
1110,691,equipment,256,equipment,2,"2026-03-12 12:34:18","2026-03-12 12:34:18"
1111,691,equipment,251,equipment,3,"2026-03-12 12:34:18","2026-03-12 12:34:18"
1112,508,item,447,normal,1,"2026-03-12 12:34:20","2026-03-12 12:34:20"
1113,508,item,1081,rare,2,"2026-03-12 12:34:20","2026-03-12 12:34:20"
1114,508,orb,246,orb,1,"2026-03-12 12:34:20","2026-03-12 12:34:20"
1115,508,orb,141,orb,2,"2026-03-12 12:34:20","2026-03-12 12:34:20"
1116,508,orb,448,orb,3,"2026-03-12 12:34:20","2026-03-12 12:34:20"
1117,508,equipment,306,equipment,1,"2026-03-12 12:34:20","2026-03-12 12:34:20"
1118,736,item,1328,normal,1,"2026-03-12 12:34:22","2026-03-12 12:34:22"
1119,736,item,1327,rare,2,"2026-03-12 12:34:22","2026-03-12 12:34:22"
1120,736,orb,9,orb,1,"2026-03-12 12:34:22","2026-03-12 12:34:22"
1121,736,equipment,306,equipment,1,"2026-03-12 12:34:22","2026-03-12 12:34:22"
1122,486,item,651,normal,1,"2026-03-12 12:34:25","2026-03-12 12:34:25"
1123,486,item,647,rare,2,"2026-03-12 12:34:25","2026-03-12 12:34:25"
1124,486,orb,86,orb,1,"2026-03-12 12:34:25","2026-03-12 12:34:25"
1125,486,orb,108,orb,2,"2026-03-12 12:34:25","2026-03-12 12:34:25"
1126,486,orb,119,orb,3,"2026-03-12 12:34:25","2026-03-12 12:34:25"
1127,486,equipment,539,equipment,1,"2026-03-12 12:34:25","2026-03-12 12:34:25"
1128,486,equipment,537,equipment,2,"2026-03-12 12:34:25","2026-03-12 12:34:25"
1129,271,item,249,normal,1,"2026-03-12 12:34:27","2026-03-12 12:34:27"
1130,271,item,868,rare,2,"2026-03-12 12:34:27","2026-03-12 12:34:27"
1131,271,orb,8,orb,1,"2026-03-12 12:34:27","2026-03-12 12:34:27"
1132,271,orb,44,orb,2,"2026-03-12 12:34:27","2026-03-12 12:34:27"
1133,271,orb,423,orb,3,"2026-03-12 12:34:27","2026-03-12 12:34:27"
1134,271,equipment,1262,equipment,1,"2026-03-12 12:34:27","2026-03-12 12:34:27"
1135,271,equipment,1263,equipment,2,"2026-03-12 12:34:27","2026-03-12 12:34:27"
1136,130,item,867,normal,1,"2026-03-12 12:34:29","2026-03-12 12:34:29"
1137,130,item,48,rare,2,"2026-03-12 12:34:29","2026-03-12 12:34:29"
1138,130,orb,9,orb,1,"2026-03-12 12:34:29","2026-03-12 12:34:29"
1139,130,equipment,1464,equipment,1,"2026-03-12 12:34:29","2026-03-12 12:34:29"
1140,594,item,867,normal,1,"2026-03-12 12:34:31","2026-03-12 12:34:31"
1141,594,item,834,rare,2,"2026-03-12 12:34:31","2026-03-12 12:34:31"
1142,594,orb,35,orb,1,"2026-03-12 12:34:31","2026-03-12 12:34:31"
1143,594,orb,380,orb,2,"2026-03-12 12:34:31","2026-03-12 12:34:31"
1144,594,orb,514,orb,3,"2026-03-12 12:34:31","2026-03-12 12:34:31"
1145,594,equipment,868,equipment,1,"2026-03-12 12:34:31","2026-03-12 12:34:31"
1146,594,equipment,870,equipment,2,"2026-03-12 12:34:31","2026-03-12 12:34:31"
1147,594,equipment,872,equipment,3,"2026-03-12 12:34:31","2026-03-12 12:34:31"
1148,14,item,392,normal,1,"2026-03-12 12:34:33","2026-03-12 12:34:33"
1149,14,item,611,rare,2,"2026-03-12 12:34:33","2026-03-12 12:34:33"
1150,14,orb,9,orb,1,"2026-03-12 12:34:33","2026-03-12 12:34:33"
1151,14,equipment,522,equipment,1,"2026-03-12 12:34:33","2026-03-12 12:34:33"
1152,495,item,595,normal,1,"2026-03-12 12:34:35","2026-03-12 12:34:35"
1153,495,item,757,rare,2,"2026-03-12 12:34:35","2026-03-12 12:34:35"
1154,495,orb,75,orb,1,"2026-03-12 12:34:35","2026-03-12 12:34:35"
1155,495,orb,97,orb,2,"2026-03-12 12:34:35","2026-03-12 12:34:35"
1156,495,orb,417,orb,3,"2026-03-12 12:34:35","2026-03-12 12:34:35"
1157,495,equipment,926,equipment,1,"2026-03-12 12:34:35","2026-03-12 12:34:35"
1158,495,equipment,928,equipment,2,"2026-03-12 12:34:35","2026-03-12 12:34:35"
1159,551,item,548,normal,1,"2026-03-12 12:34:37","2026-03-12 12:34:37"
1160,551,item,738,rare,3,"2026-03-12 12:34:37","2026-07-26 16:55:53"
1161,551,orb,3,orb,1,"2026-03-12 12:34:37","2026-03-12 12:34:37"
1162,551,orb,426,orb,2,"2026-03-12 12:34:37","2026-03-12 12:34:37"
1163,551,orb,427,orb,3,"2026-03-12 12:34:37","2026-03-12 12:34:37"
1164,551,equipment,457,equipment,1,"2026-03-12 12:34:37","2026-03-12 12:34:37"
1165,551,equipment,453,equipment,2,"2026-03-12 12:34:37","2026-03-12 12:34:37"
1166,68,item,542,normal,1,"2026-03-12 12:34:39","2026-03-12 12:34:39"
1167,68,item,536,rare,2,"2026-03-12 12:34:39","2026-03-12 12:34:39"
1168,68,orb,9,orb,1,"2026-03-12 12:34:39","2026-03-12 12:34:39"
1169,68,equipment,238,equipment,1,"2026-03-12 12:34:39","2026-03-12 12:34:39"
1170,347,item,392,normal,1,"2026-03-12 12:34:42","2026-03-12 12:34:42"
1171,347,item,554,rare,2,"2026-03-12 12:34:42","2026-03-12 12:34:42"
1172,347,orb,245,orb,1,"2026-03-12 12:34:42","2026-03-12 12:34:42"
1173,347,orb,390,orb,2,"2026-03-12 12:34:42","2026-03-12 12:34:42"
1174,347,orb,526,orb,3,"2026-03-12 12:34:42","2026-03-12 12:34:42"
1175,347,equipment,1022,equipment,1,"2026-03-12 12:34:42","2026-03-12 12:34:42"
1176,682,item,535,normal,1,"2026-03-12 12:34:44","2026-03-12 12:34:44"
1177,682,item,765,rare,2,"2026-03-12 12:34:44","2026-03-12 12:34:44"
1178,682,orb,520,orb,1,"2026-03-12 12:34:44","2026-03-12 12:34:44"
1179,682,equipment,292,equipment,1,"2026-03-12 12:34:44","2026-03-12 12:34:44"
1180,682,equipment,291,equipment,2,"2026-03-12 12:34:44","2026-03-12 12:34:44"
1181,538,item,821,normal,1,"2026-03-12 12:34:47","2026-03-12 12:34:47"
1182,538,item,781,rare,2,"2026-03-12 12:34:47","2026-03-12 12:34:47"
1183,538,orb,134,orb,1,"2026-03-12 12:34:47","2026-03-12 12:34:47"
1184,538,orb,217,orb,2,"2026-03-12 12:34:47","2026-03-12 12:34:47"
1185,538,orb,474,orb,3,"2026-03-12 12:34:47","2026-03-12 12:34:47"
1186,538,equipment,1224,equipment,1,"2026-03-12 12:34:47","2026-03-12 12:34:47"
1187,813,item,674,normal,1,"2026-03-12 12:34:49","2026-03-12 12:34:49"
1188,813,item,765,rare,2,"2026-03-12 12:34:49","2026-03-12 12:34:49"
1189,813,orb,142,orb,1,"2026-03-12 12:34:49","2026-03-12 12:34:49"
1190,813,equipment,396,equipment,1,"2026-03-12 12:34:49","2026-03-12 12:34:49"
1191,814,item,850,normal,1,"2026-03-12 12:34:51","2026-03-12 12:34:51"
1192,814,item,564,rare,2,"2026-03-12 12:34:51","2026-03-12 12:34:51"
1193,814,orb,106,orb,1,"2026-03-12 12:34:51","2026-03-12 12:34:51"
1194,814,orb,107,orb,2,"2026-03-12 12:34:51","2026-03-12 12:34:51"
1195,814,orb,122,orb,3,"2026-03-12 12:34:51","2026-03-12 12:34:51"
1196,814,equipment,207,equipment,1,"2026-03-12 12:34:51","2026-03-12 12:34:51"
1197,814,equipment,206,equipment,2,"2026-03-12 12:34:51","2026-03-12 12:34:51"
1198,658,item,699,normal,1,"2026-03-12 12:34:54","2026-03-12 12:34:54"
1199,658,item,611,rare,2,"2026-03-12 12:34:54","2026-03-12 12:34:54"
1200,658,orb,111,orb,1,"2026-03-12 12:34:54","2026-03-12 12:34:54"
1201,658,orb,248,orb,2,"2026-03-12 12:34:54","2026-03-12 12:34:54"
1202,658,orb,294,orb,3,"2026-03-12 12:34:54","2026-03-12 12:34:54"
1203,658,equipment,839,equipment,1,"2026-03-12 12:34:54","2026-03-12 12:34:54"
1204,658,equipment,840,equipment,2,"2026-03-12 12:34:54","2026-03-12 12:34:54"
1205,658,equipment,842,equipment,3,"2026-03-12 12:34:54","2026-03-12 12:34:54"
1206,162,item,732,normal,1,"2026-03-12 12:34:56","2026-03-12 12:34:56"
1207,162,item,1029,rare,2,"2026-03-12 12:34:56","2026-03-12 12:34:56"
1208,162,orb,9,orb,1,"2026-03-12 12:34:56","2026-03-12 12:34:56"
1209,162,equipment,1321,equipment,1,"2026-03-12 12:34:56","2026-03-12 12:34:56"
1210,162,equipment,1323,equipment,2,"2026-03-12 12:34:56","2026-03-12 12:34:56"
1211,612,item,816,normal,1,"2026-03-12 12:34:59","2026-03-12 12:34:59"
1212,612,item,687,rare,2,"2026-03-12 12:34:59","2026-03-12 12:34:59"
1213,612,orb,123,orb,1,"2026-03-12 12:34:59","2026-03-12 12:34:59"
1214,612,orb,378,orb,2,"2026-03-12 12:34:59","2026-03-12 12:34:59"
1215,612,orb,387,orb,3,"2026-03-12 12:34:59","2026-03-12 12:34:59"
1216,612,equipment,907,equipment,1,"2026-03-12 12:34:59","2026-03-12 12:34:59"
1217,612,equipment,908,equipment,2,"2026-03-12 12:34:59","2026-03-12 12:34:59"
1218,612,equipment,910,equipment,3,"2026-03-12 12:34:59","2026-03-12 12:34:59"
1219,815,item,746,normal,1,"2026-03-12 12:35:01","2026-03-12 12:35:01"
1220,815,item,786,rare,2,"2026-03-12 12:35:01","2026-03-12 12:35:01"
1221,815,orb,62,orb,1,"2026-03-12 12:35:01","2026-03-12 12:35:01"
1222,815,orb,211,orb,2,"2026-03-12 12:35:01","2026-03-12 12:35:01"
1223,815,orb,213,orb,3,"2026-03-12 12:35:01","2026-03-12 12:35:01"
1224,815,equipment,624,equipment,1,"2026-03-12 12:35:01","2026-03-12 12:35:01"
1225,815,equipment,623,equipment,2,"2026-03-12 12:35:01","2026-03-12 12:35:01"
1226,816,item,784,normal,1,"2026-03-12 12:35:04","2026-03-12 12:35:04"
1227,816,item,735,rare,2,"2026-03-12 12:35:04","2026-03-12 12:35:04"
1228,816,orb,67,orb,1,"2026-03-12 12:35:04","2026-03-12 12:35:04"
1229,816,orb,107,orb,2,"2026-03-12 12:35:04","2026-03-12 12:35:04"
1230,816,orb,266,orb,3,"2026-03-12 12:35:04","2026-03-12 12:35:04"
1231,816,equipment,736,equipment,1,"2026-03-12 12:35:04","2026-03-12 12:35:04"
1232,463,item,651,normal,1,"2026-03-12 12:35:06","2026-03-12 12:35:06"
1233,463,item,567,rare,2,"2026-03-12 12:35:06","2026-03-12 12:35:06"
1235,463,orb,165,orb,2,"2026-03-12 12:35:06","2026-03-12 12:35:06"
1236,463,orb,504,orb,3,"2026-03-12 12:35:06","2026-03-12 12:35:06"
1237,463,equipment,889,equipment,1,"2026-03-12 12:35:06","2026-03-12 12:35:06"
1238,463,equipment,890,equipment,2,"2026-03-12 12:35:06","2026-03-12 12:35:06"
1239,463,equipment,891,equipment,3,"2026-03-12 12:35:06","2026-03-12 12:35:06"
1240,217,item,20,normal,1,"2026-03-12 12:35:08","2026-03-12 12:35:08"
1241,217,item,810,rare,2,"2026-03-12 12:35:08","2026-03-12 12:35:08"
1242,217,orb,9,orb,1,"2026-03-12 12:35:08","2026-03-12 12:35:08"
1243,217,equipment,1553,equipment,1,"2026-03-12 12:35:08","2026-03-12 12:35:08"
1244,199,item,784,normal,1,"2026-03-12 12:35:10","2026-03-12 12:35:10"
1245,199,item,1333,rare,2,"2026-03-12 12:35:10","2026-03-12 12:35:10"
1246,199,orb,9,orb,1,"2026-03-12 12:35:10","2026-03-12 12:35:10"
1247,199,equipment,1267,equipment,1,"2026-03-12 12:35:10","2026-03-12 12:35:10"
1248,199,equipment,1277,equipment,2,"2026-03-12 12:35:10","2026-03-12 12:35:10"
1249,199,equipment,1282,equipment,3,"2026-03-12 12:35:10","2026-03-12 12:35:10"
1250,817,item,800,normal,1,"2026-03-12 12:35:12","2026-03-12 12:35:12"
1251,817,item,644,rare,2,"2026-03-12 12:35:12","2026-03-12 12:35:12"
1252,817,orb,48,orb,1,"2026-03-12 12:35:12","2026-03-12 12:35:12"
1253,817,orb,84,orb,2,"2026-03-12 12:35:12","2026-03-12 12:35:12"
1254,817,orb,250,orb,3,"2026-03-12 12:35:12","2026-03-12 12:35:12"
1255,817,equipment,754,equipment,1,"2026-03-12 12:35:12","2026-03-12 12:35:12"
1256,817,equipment,755,equipment,2,"2026-03-12 12:35:12","2026-03-12 12:35:12"
1257,595,item,698,normal,1,"2026-03-12 12:35:14","2026-03-12 12:35:14"
1258,595,item,648,rare,2,"2026-03-12 12:35:14","2026-03-12 12:35:14"
1259,595,orb,3,orb,1,"2026-03-12 12:35:14","2026-03-12 12:35:14"
1260,595,orb,66,orb,2,"2026-03-12 12:35:14","2026-03-12 12:35:14"
1261,595,orb,139,orb,3,"2026-03-12 12:35:14","2026-03-12 12:35:14"
1262,595,equipment,1064,equipment,1,"2026-03-12 12:35:14","2026-03-12 12:35:14"
1263,595,equipment,1065,equipment,2,"2026-03-12 12:35:14","2026-03-12 12:35:14"
1264,584,item,848,normal,1,"2026-03-12 12:35:17","2026-03-12 12:35:17"
1265,584,item,647,rare,2,"2026-03-12 12:35:17","2026-03-12 12:35:17"
1266,584,orb,17,orb,1,"2026-03-12 12:35:17","2026-03-12 12:35:17"
1267,584,orb,48,orb,2,"2026-03-12 12:35:17","2026-03-12 12:35:17"
1268,584,orb,105,orb,3,"2026-03-12 12:35:17","2026-03-12 12:35:17"
1269,584,equipment,829,equipment,1,"2026-03-12 12:35:17","2026-03-12 12:35:17"
1270,584,equipment,831,equipment,2,"2026-03-12 12:35:17","2026-03-12 12:35:17"
1271,584,equipment,833,equipment,3,"2026-03-12 12:35:17","2026-03-12 12:35:17"
1272,387,item,699,normal,1,"2026-03-12 12:35:19","2026-03-12 12:35:19"
1273,387,item,1186,rare,2,"2026-03-12 12:35:19","2026-03-12 12:35:19"
1274,387,orb,8,orb,1,"2026-03-12 12:35:19","2026-03-12 12:35:19"
1275,387,orb,159,orb,2,"2026-03-12 12:35:19","2026-03-12 12:35:19"
1276,387,orb,438,orb,3,"2026-03-12 12:35:19","2026-03-12 12:35:19"
1277,387,equipment,950,equipment,1,"2026-03-12 12:35:19","2026-03-12 12:35:19"
1278,387,equipment,952,equipment,2,"2026-03-12 12:35:19","2026-03-12 12:35:19"
1279,677,item,591,normal,1,"2026-03-12 12:35:21","2026-03-12 12:35:21"
1280,677,item,883,rare,2,"2026-03-12 12:35:21","2026-03-12 12:35:21"
1281,677,orb,18,orb,1,"2026-03-12 12:35:21","2026-03-12 12:35:21"
1282,677,equipment,835,equipment,1,"2026-03-12 12:35:21","2026-03-12 12:35:21"
1283,677,equipment,836,equipment,2,"2026-03-12 12:35:21","2026-03-12 12:35:21"
1284,633,item,801,normal,1,"2026-03-12 12:35:24","2026-03-12 12:35:24"
1285,633,item,703,rare,2,"2026-03-12 12:35:24","2026-03-12 12:35:24"
1286,633,orb,81,orb,1,"2026-03-12 12:35:24","2026-03-12 12:35:24"
1287,633,orb,141,orb,2,"2026-03-12 12:35:24","2026-03-12 12:35:24"
1288,633,orb,410,orb,3,"2026-03-12 12:35:24","2026-03-12 12:35:24"
1289,633,equipment,134,equipment,1,"2026-03-12 12:35:24","2026-03-12 12:35:24"
1290,633,equipment,133,equipment,2,"2026-03-12 12:35:24","2026-03-12 12:35:24"
1291,376,item,558,normal,1,"2026-03-12 12:35:26","2026-03-12 12:35:26"
1292,376,item,1013,rare,2,"2026-03-12 12:35:26","2026-03-12 12:35:26"
1293,376,orb,64,orb,1,"2026-03-12 12:35:26","2026-03-12 12:35:26"
1294,376,orb,402,orb,2,"2026-03-12 12:35:26","2026-03-12 12:35:26"
1295,376,orb,405,orb,3,"2026-03-12 12:35:26","2026-03-12 12:35:26"
1296,376,equipment,635,equipment,1,"2026-03-12 12:35:26","2026-03-12 12:35:26"
1297,69,item,392,normal,1,"2026-03-12 12:35:28","2026-03-12 12:35:28"
1298,69,item,567,rare,2,"2026-03-12 12:35:28","2026-03-12 12:35:28"
1299,69,orb,9,orb,1,"2026-03-12 12:35:28","2026-03-12 12:35:28"
1300,69,equipment,441,equipment,1,"2026-03-12 12:35:28","2026-03-12 12:35:28"
1301,684,item,33,normal,1,"2026-03-12 12:35:30","2026-03-12 12:35:30"
1302,684,item,644,rare,2,"2026-03-12 12:35:30","2026-03-12 12:35:30"
1303,684,orb,14,orb,1,"2026-03-12 12:35:30","2026-03-12 12:35:30"
1304,684,orb,64,orb,2,"2026-03-12 12:35:30","2026-03-12 12:35:30"
1305,684,orb,331,orb,3,"2026-03-12 12:35:30","2026-03-12 12:35:30"
1306,684,equipment,50,equipment,1,"2026-03-12 12:35:30","2026-03-12 12:35:30"
1307,684,equipment,49,equipment,2,"2026-03-12 12:35:30","2026-03-12 12:35:30"
1308,818,item,732,normal,1,"2026-03-12 12:35:32","2026-03-12 12:35:32"
1309,818,item,819,rare,2,"2026-03-12 12:35:32","2026-03-12 12:35:32"
1310,818,orb,85,orb,1,"2026-03-12 12:35:32","2026-03-12 12:35:32"
1311,818,orb,150,orb,2,"2026-03-12 12:35:32","2026-03-12 12:35:32"
1312,818,equipment,768,equipment,1,"2026-03-12 12:35:32","2026-03-12 12:35:32"
1313,818,equipment,767,equipment,2,"2026-03-12 12:35:32","2026-03-12 12:35:32"
1314,818,equipment,766,equipment,3,"2026-03-12 12:35:32","2026-03-12 12:35:32"
1315,385,item,848,normal,1,"2026-03-12 12:35:35","2026-03-12 12:35:35"
1316,385,item,250,rare,2,"2026-03-12 12:35:35","2026-03-12 12:35:35"
1317,385,orb,5,orb,1,"2026-03-12 12:35:35","2026-03-12 12:35:35"
1318,385,orb,273,orb,2,"2026-03-12 12:35:35","2026-03-12 12:35:35"
1319,385,orb,344,orb,3,"2026-03-12 12:35:35","2026-03-12 12:35:35"
1320,385,equipment,936,equipment,1,"2026-03-12 12:35:35","2026-03-12 12:35:35"
1321,385,equipment,938,equipment,2,"2026-03-12 12:35:35","2026-03-12 12:35:35"
1322,533,item,549,normal,1,"2026-03-12 12:35:37","2026-03-12 12:35:37"
1323,533,item,757,rare,2,"2026-03-12 12:35:37","2026-03-12 12:35:37"
1324,533,orb,41,orb,1,"2026-03-12 12:35:37","2026-03-12 12:35:37"
1325,533,orb,89,orb,2,"2026-03-12 12:35:37","2026-03-12 12:35:37"
1326,533,orb,147,orb,3,"2026-03-12 12:35:37","2026-03-12 12:35:37"
1327,533,equipment,813,equipment,1,"2026-03-12 12:35:37","2026-03-12 12:35:37"
1328,533,equipment,814,equipment,2,"2026-03-12 12:35:37","2026-03-12 12:35:37"
1329,533,equipment,815,equipment,3,"2026-03-12 12:35:37","2026-03-12 12:35:37"
1330,70,item,719,normal,1,"2026-03-12 12:35:39","2026-03-12 12:35:39"
1331,70,item,826,rare,2,"2026-03-12 12:35:39","2026-03-12 12:35:39"
1332,70,orb,9,orb,1,"2026-03-12 12:35:39","2026-03-12 12:35:39"
1333,70,equipment,76,equipment,1,"2026-03-12 12:35:39","2026-03-12 12:35:39"
1334,516,item,596,normal,1,"2026-03-12 12:35:41","2026-03-12 12:35:41"
1335,516,item,838,rare,2,"2026-03-12 12:35:41","2026-03-12 12:35:41"
1336,516,orb,117,orb,1,"2026-03-12 12:35:41","2026-03-12 12:35:41"
1337,516,orb,216,orb,2,"2026-03-12 12:35:41","2026-03-12 12:35:41"
1338,516,orb,516,orb,3,"2026-03-12 12:35:41","2026-03-12 12:35:41"
1339,516,equipment,892,equipment,1,"2026-03-12 12:35:41","2026-03-12 12:35:41"
1340,516,equipment,894,equipment,2,"2026-03-12 12:35:41","2026-03-12 12:35:41"
1341,516,equipment,896,equipment,3,"2026-03-12 12:35:41","2026-03-12 12:35:41"
1342,819,item,596,normal,1,"2026-03-12 12:35:43","2026-03-12 12:35:43"
1343,819,item,536,rare,2,"2026-03-12 12:35:43","2026-03-12 12:35:43"
1344,819,orb,103,orb,1,"2026-03-12 12:35:43","2026-03-12 12:35:43"
1345,819,orb,214,orb,2,"2026-03-12 12:35:43","2026-03-12 12:35:43"
1346,819,orb,408,orb,3,"2026-03-12 12:35:43","2026-03-12 12:35:43"
1347,819,equipment,751,equipment,1,"2026-03-12 12:35:43","2026-03-12 12:35:43"
1348,819,equipment,754,equipment,2,"2026-03-12 12:35:43","2026-03-12 12:35:43"
1349,137,item,609,normal,1,"2026-03-12 12:35:45","2026-03-12 12:35:45"
1350,137,item,703,rare,2,"2026-03-12 12:35:45","2026-03-12 12:35:45"
1351,137,orb,9,orb,1,"2026-03-12 12:35:45","2026-03-12 12:35:45"
1352,137,equipment,387,equipment,1,"2026-03-12 12:35:45","2026-03-12 12:35:45"
1353,119,item,673,normal,1,"2026-03-12 12:35:47","2026-03-12 12:35:47"
1354,119,item,833,rare,2,"2026-03-12 12:35:47","2026-03-12 12:35:47"
1355,119,orb,9,orb,1,"2026-03-12 12:35:47","2026-03-12 12:35:47"
1356,119,equipment,1468,equipment,1,"2026-03-12 12:35:47","2026-03-12 12:35:47"
1357,362,item,699,normal,1,"2026-03-12 12:35:50","2026-03-12 12:35:50"
1358,362,item,752,rare,2,"2026-03-12 12:35:50","2026-03-12 12:35:50"
1359,362,orb,233,orb,1,"2026-03-12 12:35:50","2026-03-12 12:35:50"
1360,362,orb,486,orb,2,"2026-03-12 12:35:50","2026-03-12 12:35:50"
1361,362,orb,487,orb,3,"2026-03-12 12:35:50","2026-03-12 12:35:50"
1362,362,equipment,348,equipment,1,"2026-03-12 12:35:50","2026-03-12 12:35:50"
1363,361,item,717,normal,1,"2026-03-12 12:35:52","2026-03-12 12:35:52"
1364,361,item,807,rare,2,"2026-03-12 12:35:52","2026-03-12 12:35:52"
1365,361,orb,9,orb,1,"2026-03-12 12:35:52","2026-03-12 12:35:52"
1366,361,equipment,3,equipment,1,"2026-03-12 12:35:52","2026-03-12 12:35:52"
1367,469,item,840,normal,1,"2026-03-12 12:35:55","2026-03-12 12:35:55"
1368,469,item,850,rare,2,"2026-03-12 12:35:55","2026-03-12 12:35:55"
1369,469,orb,10,orb,1,"2026-03-12 12:35:55","2026-03-12 12:35:55"
1370,469,orb,170,orb,2,"2026-03-12 12:35:55","2026-03-12 12:35:55"
1371,469,orb,392,orb,3,"2026-03-12 12:35:55","2026-03-12 12:35:55"
1372,469,equipment,975,equipment,1,"2026-03-12 12:35:55","2026-03-12 12:35:55"
1373,469,equipment,976,equipment,2,"2026-03-12 12:35:55","2026-03-12 12:35:55"
1374,238,item,698,normal,1,"2026-03-12 12:35:57","2026-03-12 12:35:57"
1375,238,item,835,rare,2,"2026-03-12 12:35:57","2026-03-12 12:35:57"
1376,238,orb,9,orb,1,"2026-03-12 12:35:57","2026-03-12 12:35:57"
1377,238,equipment,1343,equipment,1,"2026-03-12 12:35:57","2026-03-12 12:35:57"
1378,513,item,699,normal,1,"2026-03-12 12:35:59","2026-03-12 12:35:59"
1379,513,item,648,rare,2,"2026-03-12 12:35:59","2026-03-12 12:35:59"
1380,513,orb,235,orb,1,"2026-03-12 12:35:59","2026-03-12 12:35:59"
1381,513,orb,147,orb,2,"2026-03-12 12:35:59","2026-03-12 12:35:59"
1382,513,orb,225,orb,3,"2026-03-12 12:35:59","2026-03-12 12:35:59"
1383,513,equipment,538,equipment,1,"2026-03-12 12:35:59","2026-03-12 12:35:59"
1384,524,item,628,normal,1,"2026-03-12 12:36:01","2026-03-12 12:36:01"
1385,524,item,757,rare,2,"2026-03-12 12:36:01","2026-03-12 12:36:01"
1386,524,orb,6,orb,1,"2026-03-12 12:36:01","2026-03-12 12:36:01"
1387,524,orb,71,orb,2,"2026-03-12 12:36:01","2026-03-12 12:36:01"
1388,524,orb,82,orb,3,"2026-03-12 12:36:01","2026-03-12 12:36:01"
1389,524,equipment,453,equipment,1,"2026-03-12 12:36:01","2026-03-12 12:36:01"
1390,524,equipment,451,equipment,2,"2026-03-12 12:36:01","2026-03-12 12:36:01"
1391,208,item,633,normal,1,"2026-03-12 12:36:03","2026-03-12 12:36:03"
1392,208,item,649,rare,2,"2026-03-12 12:36:03","2026-03-12 12:36:03"
1393,208,orb,9,orb,1,"2026-03-12 12:36:03","2026-03-12 12:36:03"
1394,208,equipment,1315,equipment,1,"2026-03-12 12:36:03","2026-03-12 12:36:03"
1395,565,item,835,normal,1,"2026-03-12 12:36:05","2026-03-12 12:36:05"
1396,565,item,644,rare,2,"2026-03-12 12:36:05","2026-03-12 12:36:05"
1397,565,orb,175,orb,1,"2026-03-12 12:36:05","2026-03-12 12:36:05"
1398,565,orb,249,orb,2,"2026-03-12 12:36:05","2026-03-12 12:36:05"
1399,565,orb,531,orb,3,"2026-03-12 12:36:05","2026-03-12 12:36:05"
1400,565,equipment,257,equipment,1,"2026-03-12 12:36:05","2026-03-12 12:36:05"
1401,565,equipment,255,equipment,2,"2026-03-12 12:36:05","2026-03-12 12:36:05"
1402,256,item,801,normal,1,"2026-03-12 12:36:07","2026-03-12 12:36:07"
1403,256,item,567,rare,2,"2026-03-12 12:36:07","2026-03-12 12:36:07"
1404,256,orb,32,orb,1,"2026-03-12 12:36:07","2026-03-12 12:36:07"
1405,256,orb,56,orb,2,"2026-03-12 12:36:07","2026-03-12 12:36:07"
1406,256,orb,127,orb,3,"2026-03-12 12:36:07","2026-03-12 12:36:07"
1407,256,equipment,1304,equipment,1,"2026-03-12 12:36:07","2026-03-12 12:36:07"
1408,256,equipment,1299,equipment,2,"2026-03-12 12:36:07","2026-03-12 12:36:07"
1409,256,equipment,1291,equipment,3,"2026-03-12 12:36:07","2026-03-12 12:36:07"
1410,19,item,392,normal,1,"2026-03-12 12:36:10","2026-03-12 12:36:10"
1411,19,item,48,rare,2,"2026-03-12 12:36:10","2026-03-12 12:36:10"
1412,19,orb,9,orb,1,"2026-03-12 12:36:10","2026-03-12 12:36:10"
1413,19,equipment,40,equipment,1,"2026-03-12 12:36:10","2026-03-12 12:36:10"
1414,414,item,867,normal,1,"2026-03-12 12:36:12","2026-03-12 12:36:12"
1415,414,item,702,rare,2,"2026-03-12 12:36:12","2026-03-12 12:36:12"
1416,414,orb,5,orb,1,"2026-03-12 12:36:12","2026-03-12 12:36:12"
1417,414,orb,306,orb,2,"2026-03-12 12:36:12","2026-03-12 12:36:12"
1418,414,orb,314,orb,3,"2026-03-12 12:36:12","2026-03-12 12:36:12"
1419,414,equipment,839,equipment,1,"2026-03-12 12:36:12","2026-03-12 12:36:12"
1420,414,equipment,840,equipment,2,"2026-03-12 12:36:12","2026-03-12 12:36:12"
1421,414,equipment,842,equipment,3,"2026-03-12 12:36:12","2026-03-12 12:36:12"
1422,766,item,121,normal,1,"2026-03-12 12:36:14","2026-03-12 12:36:14"
1423,766,item,73,rare,2,"2026-03-12 12:36:14","2026-03-12 12:36:14"
1424,766,orb,449,orb,1,"2026-03-12 12:36:14","2026-03-12 12:36:14"
1425,766,equipment,302,equipment,1,"2026-03-12 12:36:14","2026-03-12 12:36:14"
1426,345,item,820,normal,1,"2026-03-12 12:36:16","2026-03-12 12:36:16"
1427,345,item,536,rare,2,"2026-03-12 12:36:16","2026-03-12 12:36:16"
1428,345,orb,80,orb,1,"2026-03-12 12:36:16","2026-03-12 12:36:16"
1429,345,orb,216,orb,2,"2026-03-12 12:36:16","2026-03-12 12:36:16"
1430,345,orb,246,orb,3,"2026-03-12 12:36:16","2026-03-12 12:36:16"
1431,345,equipment,225,equipment,1,"2026-03-12 12:36:16","2026-03-12 12:36:16"
1432,213,item,848,normal,1,"2026-03-12 12:36:18","2026-03-12 12:36:18"
1433,213,item,638,rare,2,"2026-03-12 12:36:18","2026-03-12 12:36:18"
1434,213,orb,9,orb,1,"2026-03-12 12:36:18","2026-03-12 12:36:18"
1435,213,equipment,1242,equipment,1,"2026-03-12 12:36:18","2026-03-12 12:36:18"
1436,213,equipment,1244,equipment,2,"2026-03-12 12:36:18","2026-03-12 12:36:18"
1437,599,item,535,normal,1,"2026-03-12 12:36:20","2026-03-12 12:36:20"
1440,1337,orb,9,orb,1,"2026-03-12 12:36:22","2026-03-12 12:36:22"
1441,1337,equipment,3,equipment,1,"2026-03-12 12:36:22","2026-03-12 12:36:22"
1442,730,item,879,normal,1,"2026-03-12 12:36:24","2026-03-12 12:36:24"
1443,730,item,487,rare,5,"2026-03-12 12:36:24","2026-03-20 18:45:43"
1444,730,orb,9,orb,1,"2026-03-12 12:36:24","2026-03-12 12:36:24"
1445,730,equipment,160,equipment,1,"2026-03-12 12:36:24","2026-03-12 12:36:24"
1446,80,item,46,normal,1,"2026-03-12 12:36:26","2026-03-12 12:36:26"
1447,80,item,629,rare,2,"2026-03-12 12:36:26","2026-03-12 12:36:26"
1448,80,orb,305,orb,1,"2026-03-12 12:36:26","2026-03-12 12:36:26"
1449,80,orb,151,orb,2,"2026-03-12 12:36:26","2026-03-12 12:36:26"
1450,80,equipment,3,equipment,1,"2026-03-12 12:36:26","2026-03-12 12:36:26"
1451,774,item,661,normal,1,"2026-03-12 12:36:29","2026-03-12 12:36:29"
1452,45,item,567,normal,1,"2026-03-12 12:36:31","2026-03-12 12:36:31"
1453,45,item,46,rare,2,"2026-03-12 12:36:31","2026-03-12 12:36:31"
1454,45,orb,232,orb,1,"2026-03-12 12:36:31","2026-03-12 12:36:31"
1455,45,equipment,3,equipment,1,"2026-03-12 12:36:31","2026-03-12 12:36:31"
1456,821,item,628,normal,1,"2026-03-12 12:36:33","2026-03-12 12:36:33"
1457,821,orb,9,orb,1,"2026-03-12 12:36:33","2026-03-12 12:36:33"
1458,821,equipment,3,equipment,1,"2026-03-12 12:36:33","2026-03-12 12:36:33"
1459,822,item,628,normal,1,"2026-03-12 12:36:35","2026-03-12 12:36:35"
1460,822,orb,9,orb,1,"2026-03-12 12:36:35","2026-03-12 12:36:35"
1461,822,equipment,3,equipment,1,"2026-03-12 12:36:35","2026-03-12 12:36:35"
1462,222,item,800,normal,1,"2026-03-12 12:36:37","2026-03-12 12:36:37"
1464,222,orb,9,orb,1,"2026-03-12 12:36:37","2026-03-12 12:36:37"
1465,222,equipment,149,equipment,1,"2026-03-12 12:36:37","2026-03-12 12:36:37"
1466,435,item,661,normal,1,"2026-03-12 12:36:39","2026-03-12 12:36:39"
1467,435,item,629,rare,2,"2026-03-12 12:36:39","2026-03-12 12:36:39"
1468,435,orb,232,orb,1,"2026-03-12 12:36:39","2026-03-12 12:36:39"
1469,435,equipment,3,equipment,1,"2026-03-12 12:36:39","2026-03-12 12:36:39"
1470,761,item,1193,normal,1,"2026-03-12 12:36:41","2026-03-12 12:36:41"
1471,761,item,1194,rare,2,"2026-03-12 12:36:41","2026-03-12 12:36:41"
1472,761,orb,406,orb,1,"2026-03-12 12:36:41","2026-03-12 12:36:41"
1473,761,equipment,36,equipment,1,"2026-03-12 12:36:41","2026-03-12 12:36:41"
1474,823,item,840,normal,1,"2026-03-12 12:36:44","2026-03-12 12:36:44"
1475,823,item,703,rare,2,"2026-03-12 12:36:44","2026-03-12 12:36:44"
1476,678,item,840,normal,1,"2026-03-12 12:36:46","2026-03-12 12:36:46"
1477,678,item,708,rare,6,"2026-03-12 12:36:46","2026-05-12 07:44:10"
1478,678,orb,19,orb,1,"2026-03-12 12:36:46","2026-03-12 12:36:46"
1479,678,orb,374,orb,2,"2026-03-12 12:36:46","2026-03-12 12:36:46"
1480,678,orb,483,orb,3,"2026-03-12 12:36:46","2026-03-12 12:36:46"
1481,678,equipment,821,equipment,1,"2026-03-12 12:36:46","2026-03-12 12:36:46"
1482,678,equipment,822,equipment,2,"2026-03-12 12:36:46","2026-03-12 12:36:46"
1483,824,item,840,normal,1,"2026-03-12 12:36:49","2026-03-12 12:36:49"
1484,824,item,708,rare,7,"2026-03-12 12:36:49","2026-05-12 07:44:10"
1485,824,orb,9,orb,1,"2026-03-12 12:36:49","2026-03-12 12:36:49"
1486,824,orb,71,orb,2,"2026-03-12 12:36:49","2026-03-12 12:36:49"
1487,824,orb,369,orb,3,"2026-03-12 12:36:49","2026-03-12 12:36:49"
1488,824,equipment,44,equipment,1,"2026-03-12 12:36:49","2026-03-12 12:36:49"
1489,825,item,609,normal,1,"2026-03-12 12:36:51","2026-03-12 12:36:51"
1490,825,item,693,rare,2,"2026-03-12 12:36:51","2026-03-12 12:36:51"
1491,825,orb,76,orb,1,"2026-03-12 12:36:51","2026-03-12 12:36:51"
1492,825,orb,104,orb,2,"2026-03-12 12:36:51","2026-03-12 12:36:51"
1493,825,orb,247,orb,3,"2026-03-12 12:36:51","2026-03-12 12:36:51"
1494,825,equipment,706,equipment,1,"2026-03-12 12:36:51","2026-03-12 12:36:51"
1495,825,equipment,707,equipment,2,"2026-03-12 12:36:51","2026-03-12 12:36:51"
1496,535,item,667,normal,1,"2026-03-12 12:36:53","2026-03-12 12:36:53"
1497,535,item,648,rare,2,"2026-03-12 12:36:53","2026-03-12 12:36:53"
1498,535,orb,16,orb,1,"2026-03-12 12:36:53","2026-03-12 12:36:53"
1499,535,orb,23,orb,2,"2026-03-12 12:36:53","2026-03-12 12:36:53"
1500,535,orb,406,orb,3,"2026-03-12 12:36:53","2026-03-12 12:36:53"
1501,535,equipment,888,equipment,1,"2026-03-12 12:36:53","2026-03-12 12:36:53"
1502,535,equipment,889,equipment,2,"2026-03-12 12:36:53","2026-03-12 12:36:53"
1503,535,equipment,890,equipment,3,"2026-03-12 12:36:53","2026-03-12 12:36:53"
1504,382,item,844,normal,1,"2026-03-12 12:36:55","2026-03-12 12:36:55"
1505,382,item,1346,rare,2,"2026-03-12 12:36:55","2026-03-12 12:36:55"
1506,382,orb,165,orb,1,"2026-03-12 12:36:55","2026-03-12 12:36:55"
1507,382,orb,194,orb,2,"2026-03-12 12:36:55","2026-03-12 12:36:55"
1508,382,orb,446,orb,3,"2026-03-12 12:36:55","2026-03-12 12:36:55"
1509,382,equipment,1088,equipment,1,"2026-03-12 12:36:55","2026-03-12 12:36:55"
1510,382,equipment,1090,equipment,2,"2026-03-12 12:36:55","2026-03-12 12:36:55"
1511,309,item,617,normal,1,"2026-03-12 12:36:57","2026-03-12 12:36:57"
1512,309,item,868,rare,2,"2026-03-12 12:36:57","2026-03-12 12:36:57"
1513,309,orb,31,orb,1,"2026-03-12 12:36:57","2026-03-12 12:36:57"
1514,309,orb,261,orb,2,"2026-03-12 12:36:57","2026-03-12 12:36:57"
1515,309,orb,376,orb,3,"2026-03-12 12:36:57","2026-03-12 12:36:57"
1516,309,equipment,637,equipment,1,"2026-03-12 12:36:57","2026-03-12 12:36:57"
1517,275,item,821,normal,1,"2026-03-12 12:37:01","2026-03-12 12:37:01"
1518,275,item,619,rare,2,"2026-03-12 12:37:01","2026-03-12 12:37:01"
1519,275,orb,33,orb,1,"2026-03-12 12:37:01","2026-03-12 12:37:01"
1520,275,orb,60,orb,2,"2026-03-12 12:37:01","2026-03-12 12:37:01"
1521,275,orb,451,orb,3,"2026-03-12 12:37:01","2026-03-12 12:37:01"
1522,275,equipment,1000,equipment,1,"2026-03-12 12:37:01","2026-03-12 12:37:01"
1523,275,equipment,1001,equipment,2,"2026-03-12 12:37:01","2026-03-12 12:37:01"
1524,288,item,821,normal,1,"2026-03-12 12:37:04","2026-03-12 12:37:04"
1525,288,item,551,rare,2,"2026-03-12 12:37:04","2026-03-12 12:37:04"
1526,288,orb,38,orb,1,"2026-03-12 12:37:04","2026-03-12 12:37:04"
1527,288,orb,79,orb,2,"2026-03-12 12:37:04","2026-03-12 12:37:04"
1528,288,orb,484,orb,3,"2026-03-12 12:37:04","2026-03-12 12:37:04"
1529,288,equipment,296,equipment,1,"2026-03-12 12:37:04","2026-03-12 12:37:04"
1530,826,item,861,normal,1,"2026-03-12 12:37:06","2026-03-12 12:37:06"
1531,826,item,798,rare,2,"2026-03-12 12:37:06","2026-03-12 12:37:06"
1532,826,orb,17,orb,1,"2026-03-12 12:37:06","2026-03-12 12:37:06"
1533,826,orb,32,orb,2,"2026-03-12 12:37:06","2026-03-12 12:37:06"
1534,826,orb,125,orb,3,"2026-03-12 12:37:06","2026-03-12 12:37:06"
1535,826,equipment,746,equipment,1,"2026-03-12 12:37:06","2026-03-12 12:37:06"
1536,826,equipment,747,equipment,2,"2026-03-12 12:37:06","2026-03-12 12:37:06"
1537,826,equipment,748,equipment,3,"2026-03-12 12:37:06","2026-03-12 12:37:06"
1538,131,item,412,normal,1,"2026-03-12 12:37:07","2026-03-12 12:37:07"
1539,131,item,1254,rare,2,"2026-03-12 12:37:07","2026-03-12 12:37:07"
1540,131,orb,9,orb,1,"2026-03-12 12:37:07","2026-03-12 12:37:07"
1541,131,equipment,472,equipment,1,"2026-03-12 12:37:07","2026-03-12 12:37:07"
1542,640,item,565,normal,1,"2026-03-12 12:37:09","2026-03-12 12:37:09"
1543,640,item,677,rare,2,"2026-03-12 12:37:09","2026-03-12 12:37:09"
1544,640,orb,73,orb,1,"2026-03-12 12:37:09","2026-03-12 12:37:09"
1545,640,orb,172,orb,2,"2026-03-12 12:37:09","2026-03-12 12:37:09"
1546,640,orb,490,orb,3,"2026-03-12 12:37:09","2026-03-12 12:37:09"
1547,640,equipment,370,equipment,1,"2026-03-12 12:37:09","2026-03-12 12:37:09"
1548,640,equipment,369,equipment,2,"2026-03-12 12:37:09","2026-03-12 12:37:09"
1549,640,equipment,368,equipment,3,"2026-03-12 12:37:09","2026-03-12 12:37:09"
1550,286,item,818,normal,1,"2026-03-12 12:37:11","2026-03-12 12:37:11"
1551,286,item,810,rare,2,"2026-03-12 12:37:11","2026-03-12 12:37:11"
1552,286,orb,71,orb,1,"2026-03-12 12:37:11","2026-03-12 12:37:11"
1553,286,orb,194,orb,2,"2026-03-12 12:37:11","2026-03-12 12:37:11"
1554,286,orb,395,orb,3,"2026-03-12 12:37:11","2026-03-12 12:37:11"
1555,286,equipment,1059,equipment,1,"2026-03-12 12:37:11","2026-03-12 12:37:11"
1556,286,equipment,1060,equipment,2,"2026-03-12 12:37:11","2026-03-12 12:37:11"
1557,663,item,818,normal,1,"2026-03-12 12:37:13","2026-03-12 12:37:13"
1558,663,item,648,rare,2,"2026-03-12 12:37:13","2026-03-12 12:37:13"
1559,663,orb,28,orb,1,"2026-03-12 12:37:13","2026-03-12 12:37:13"
1560,663,orb,127,orb,2,"2026-03-12 12:37:13","2026-03-12 12:37:13"
1561,663,orb,191,orb,3,"2026-03-12 12:37:13","2026-03-12 12:37:13"
1562,663,equipment,855,equipment,1,"2026-03-12 12:37:13","2026-03-12 12:37:13"
1563,663,equipment,856,equipment,2,"2026-03-12 12:37:13","2026-03-12 12:37:13"
1564,663,equipment,857,equipment,3,"2026-03-12 12:37:13","2026-03-12 12:37:13"
1565,255,item,48,normal,1,"2026-03-12 12:37:15","2026-03-12 12:37:15"
1567,255,orb,9,orb,1,"2026-03-12 12:37:15","2026-03-12 12:37:15"
1568,255,equipment,1276,equipment,1,"2026-03-12 12:37:15","2026-03-12 12:37:15"
1569,255,equipment,1278,equipment,2,"2026-03-12 12:37:15","2026-03-12 12:37:15"
1570,484,item,845,normal,1,"2026-03-12 12:37:18","2026-03-12 12:37:18"
1571,484,item,648,rare,2,"2026-03-12 12:37:18","2026-03-12 12:37:18"
1572,484,orb,128,orb,1,"2026-03-12 12:37:18","2026-03-12 12:37:18"
1573,484,orb,230,orb,2,"2026-03-12 12:37:18","2026-03-12 12:37:18"
1574,484,orb,299,orb,3,"2026-03-12 12:37:18","2026-03-12 12:37:18"
1575,484,equipment,12,equipment,1,"2026-03-12 12:37:18","2026-03-12 12:37:18"
1576,484,equipment,11,equipment,2,"2026-03-12 12:37:18","2026-03-12 12:37:18"
1577,484,equipment,10,equipment,3,"2026-03-12 12:37:18","2026-03-12 12:37:18"
1578,360,item,801,normal,1,"2026-03-12 12:37:20","2026-03-12 12:37:20"
1579,360,item,805,rare,2,"2026-03-12 12:37:20","2026-03-12 12:37:20"
1580,360,orb,5,orb,1,"2026-03-12 12:37:20","2026-03-12 12:37:20"
1581,360,orb,79,orb,2,"2026-03-12 12:37:20","2026-03-12 12:37:20"
1582,360,orb,450,orb,3,"2026-03-12 12:37:20","2026-03-12 12:37:20"
1583,360,equipment,379,equipment,1,"2026-03-12 12:37:20","2026-03-12 12:37:20"
1584,525,item,671,normal,1,"2026-03-12 12:37:22","2026-03-12 12:37:22"
1585,525,item,833,rare,2,"2026-03-12 12:37:22","2026-03-12 12:37:22"
1586,525,orb,39,orb,1,"2026-03-12 12:37:22","2026-03-12 12:37:22"
1587,525,orb,122,orb,2,"2026-03-12 12:37:22","2026-03-12 12:37:22"
1588,525,orb,331,orb,3,"2026-03-12 12:37:22","2026-03-12 12:37:22"
1589,525,equipment,821,equipment,1,"2026-03-12 12:37:22","2026-03-12 12:37:22"
1590,525,equipment,822,equipment,2,"2026-03-12 12:37:22","2026-03-12 12:37:22"
1591,525,equipment,823,equipment,3,"2026-03-12 12:37:22","2026-03-12 12:37:22"
1592,98,item,643,normal,1,"2026-03-12 12:37:24","2026-03-12 12:37:24"
1593,98,item,834,rare,2,"2026-03-12 12:37:24","2026-03-12 12:37:24"
1594,98,orb,9,orb,1,"2026-03-12 12:37:24","2026-03-12 12:37:24"
1595,98,equipment,200,equipment,1,"2026-03-12 12:37:24","2026-03-12 12:37:24"
1596,553,item,643,normal,1,"2026-03-12 12:37:26","2026-03-12 12:37:26"
1597,553,item,834,rare,2,"2026-03-12 12:37:26","2026-03-12 12:37:26"
1598,553,orb,211,orb,1,"2026-03-12 12:37:26","2026-03-12 12:37:26"
1599,553,orb,412,orb,2,"2026-03-12 12:37:26","2026-03-12 12:37:26"
1600,553,orb,418,orb,3,"2026-03-12 12:37:26","2026-03-12 12:37:26"
1601,553,equipment,169,equipment,1,"2026-03-12 12:37:26","2026-03-12 12:37:26"
1602,553,equipment,168,equipment,2,"2026-03-12 12:37:26","2026-03-12 12:37:26"
1603,553,equipment,167,equipment,3,"2026-03-12 12:37:26","2026-03-12 12:37:26"
1604,340,item,670,normal,1,"2026-03-12 12:37:28","2026-03-12 12:37:28"
1606,340,orb,9,orb,1,"2026-03-12 12:37:28","2026-03-12 12:37:28"
1607,340,orb,471,orb,2,"2026-03-12 12:37:28","2026-03-12 12:37:28"
1608,340,orb,475,orb,3,"2026-03-12 12:37:28","2026-03-12 12:37:28"
1609,340,equipment,222,equipment,1,"2026-03-12 12:37:28","2026-03-12 12:37:28"
1610,455,item,392,normal,1,"2026-03-12 12:37:30","2026-03-12 12:37:30"
1611,455,item,554,rare,2,"2026-03-12 12:37:30","2026-03-12 12:37:30"
1612,455,orb,3,orb,1,"2026-03-12 12:37:30","2026-03-12 12:37:30"
1613,455,orb,135,orb,2,"2026-03-12 12:37:30","2026-03-12 12:37:30"
1614,455,orb,281,orb,3,"2026-03-12 12:37:30","2026-03-12 12:37:30"
1615,455,equipment,55,equipment,1,"2026-03-12 12:37:30","2026-03-12 12:37:30"
1617,1289,orb,9,orb,1,"2026-03-12 12:37:33","2026-03-12 12:37:33"
1618,1289,equipment,3,equipment,1,"2026-03-12 12:37:33","2026-03-12 12:37:33"
1619,209,item,800,normal,1,"2026-03-12 12:37:35","2026-03-12 12:37:35"
1620,209,item,1051,rare,2,"2026-03-12 12:37:35","2026-03-12 12:37:35"
1621,209,orb,9,orb,1,"2026-03-12 12:37:35","2026-03-12 12:37:35"
1622,209,equipment,549,equipment,1,"2026-03-12 12:37:35","2026-03-12 12:37:35"
1623,631,item,608,normal,1,"2026-03-12 12:37:37","2026-03-12 12:37:37"
1624,631,item,611,rare,2,"2026-03-12 12:37:37","2026-03-12 12:37:37"
1625,631,orb,130,orb,1,"2026-03-12 12:37:37","2026-03-12 12:37:37"
1626,631,orb,257,orb,2,"2026-03-12 12:37:37","2026-03-12 12:37:37"
1627,631,orb,487,orb,3,"2026-03-12 12:37:37","2026-03-12 12:37:37"
1628,631,equipment,534,equipment,1,"2026-03-12 12:37:37","2026-03-12 12:37:37"
1629,631,equipment,533,equipment,2,"2026-03-12 12:37:37","2026-03-12 12:37:37"
1630,431,item,596,normal,1,"2026-03-12 12:37:40","2026-03-12 12:37:40"
1631,431,item,835,rare,2,"2026-03-12 12:37:40","2026-03-12 12:37:40"
1632,725,item,703,normal,1,"2026-03-12 12:37:42","2026-03-12 12:37:42"
1633,725,item,1190,rare,2,"2026-03-12 12:37:42","2026-03-12 12:37:42"
1634,725,orb,9,orb,1,"2026-03-12 12:37:42","2026-03-12 12:37:42"
1635,725,equipment,480,equipment,1,"2026-03-12 12:37:42","2026-03-12 12:37:42"
1636,10,item,719,normal,1,"2026-03-12 12:37:44","2026-03-12 12:37:44"
1637,10,item,567,rare,2,"2026-03-12 12:37:44","2026-03-12 12:37:44"
1638,10,orb,9,orb,1,"2026-03-12 12:37:44","2026-03-12 12:37:44"
1639,10,equipment,122,equipment,1,"2026-03-12 12:37:44","2026-03-12 12:37:44"
1640,403,item,596,normal,1,"2026-03-12 12:37:46","2026-03-12 12:37:46"
1641,403,item,754,rare,2,"2026-03-12 12:37:46","2026-03-12 12:37:46"
1642,403,orb,100,orb,1,"2026-03-12 12:37:46","2026-03-12 12:37:46"
1643,403,orb,152,orb,2,"2026-03-12 12:37:46","2026-03-12 12:37:46"
1644,403,orb,489,orb,3,"2026-03-12 12:37:46","2026-03-12 12:37:46"
1645,403,equipment,95,equipment,1,"2026-03-12 12:37:46","2026-03-12 12:37:46"
1646,235,item,732,normal,1,"2026-03-12 12:37:48","2026-03-12 12:37:48"
1647,235,item,781,rare,2,"2026-03-12 12:37:48","2026-03-12 12:37:48"
1648,235,orb,9,orb,1,"2026-03-12 12:37:48","2026-03-12 12:37:48"
1649,235,equipment,1311,equipment,1,"2026-03-12 12:37:48","2026-03-12 12:37:48"
1650,235,equipment,1312,equipment,2,"2026-03-12 12:37:48","2026-03-12 12:37:48"
1651,219,item,597,normal,1,"2026-03-12 12:37:50","2026-03-12 12:37:50"
1652,219,item,835,rare,2,"2026-03-12 12:37:50","2026-03-12 12:37:50"
1653,219,orb,9,orb,1,"2026-03-12 12:37:50","2026-03-12 12:37:50"
1654,219,equipment,1350,equipment,1,"2026-03-12 12:37:50","2026-03-12 12:37:50"
1655,219,equipment,1352,equipment,2,"2026-03-12 12:37:50","2026-03-12 12:37:50"
1656,155,item,762,normal,1,"2026-03-12 12:37:53","2026-03-12 12:37:53"
1657,155,item,897,rare,2,"2026-03-12 12:37:53","2026-03-12 12:37:53"
1658,155,orb,9,orb,1,"2026-03-12 12:37:53","2026-03-12 12:37:53"
1659,155,equipment,33,equipment,1,"2026-03-12 12:37:53","2026-03-12 12:37:53"
1660,42,item,75,normal,1,"2026-03-12 12:37:55","2026-03-12 12:37:55"
1661,42,item,48,rare,2,"2026-03-12 12:37:55","2026-03-12 12:37:55"
1662,42,orb,9,orb,1,"2026-03-12 12:37:55","2026-03-12 12:37:55"
1663,42,equipment,162,equipment,1,"2026-03-12 12:37:55","2026-03-12 12:37:55"
1664,279,item,732,normal,1,"2026-03-12 12:37:58","2026-03-12 12:37:58"
1665,279,item,531,rare,2,"2026-03-12 12:37:58","2026-03-12 12:37:58"
1666,279,orb,155,orb,1,"2026-03-12 12:37:58","2026-03-12 12:37:58"
1667,279,orb,355,orb,2,"2026-03-12 12:37:58","2026-03-12 12:37:58"
1668,279,orb,357,orb,3,"2026-03-12 12:37:58","2026-03-12 12:37:58"
1669,279,equipment,1056,equipment,1,"2026-03-12 12:37:58","2026-03-12 12:37:58"
1670,279,equipment,1057,equipment,2,"2026-03-12 12:37:58","2026-03-12 12:37:58"
1671,659,item,816,normal,1,"2026-03-12 12:38:00","2026-03-12 12:38:00"
1672,659,item,838,rare,2,"2026-03-12 12:38:00","2026-03-12 12:38:00"
1673,659,orb,160,orb,1,"2026-03-12 12:38:00","2026-03-12 12:38:00"
1674,659,orb,333,orb,2,"2026-03-12 12:38:00","2026-03-12 12:38:00"
1675,659,orb,363,orb,3,"2026-03-12 12:38:00","2026-03-12 12:38:00"
1676,659,equipment,843,equipment,1,"2026-03-12 12:38:00","2026-03-12 12:38:00"
1677,659,equipment,844,equipment,2,"2026-03-12 12:38:00","2026-03-12 12:38:00"
1678,659,equipment,847,equipment,3,"2026-03-12 12:38:00","2026-03-12 12:38:00"
1679,101,item,800,normal,1,"2026-03-12 12:38:02","2026-03-12 12:38:02"
1680,101,item,47,rare,2,"2026-03-12 12:38:02","2026-03-12 12:38:02"
1681,101,orb,9,orb,1,"2026-03-12 12:38:02","2026-03-12 12:38:02"
1682,101,equipment,201,equipment,1,"2026-03-12 12:38:02","2026-03-12 12:38:02"
1683,101,equipment,37,equipment,2,"2026-03-12 12:38:02","2026-03-12 12:38:02"
1684,560,item,800,normal,1,"2026-03-12 12:38:05","2026-03-12 12:38:05"
1685,560,item,647,rare,2,"2026-03-12 12:38:05","2026-03-12 12:38:05"
1686,560,orb,186,orb,1,"2026-03-12 12:38:05","2026-03-12 12:38:05"
1687,560,orb,289,orb,2,"2026-03-12 12:38:05","2026-03-12 12:38:05"
1688,560,orb,416,orb,3,"2026-03-12 12:38:05","2026-03-12 12:38:05"
1689,560,equipment,37,equipment,1,"2026-03-12 12:38:05","2026-03-12 12:38:05"
1690,560,equipment,9,equipment,2,"2026-03-12 12:38:05","2026-03-12 12:38:05"
1691,560,equipment,8,equipment,3,"2026-03-12 12:38:05","2026-03-12 12:38:05"
1692,375,item,732,normal,1,"2026-03-12 12:38:07","2026-03-12 12:38:07"
1693,375,item,554,rare,2,"2026-03-12 12:38:07","2026-03-12 12:38:07"
1694,375,orb,299,orb,1,"2026-03-12 12:38:07","2026-03-12 12:38:07"
1695,375,orb,346,orb,2,"2026-03-12 12:38:07","2026-03-12 12:38:07"
1696,375,orb,501,orb,3,"2026-03-12 12:38:07","2026-03-12 12:38:07"
1697,375,equipment,19,equipment,1,"2026-03-12 12:38:07","2026-03-12 12:38:07"
1698,375,equipment,102,equipment,2,"2026-03-12 12:38:07","2026-03-12 12:38:07"
1699,375,equipment,97,equipment,3,"2026-03-12 12:38:07","2026-03-12 12:38:07"
1700,233,item,617,normal,1,"2026-03-12 12:38:09","2026-03-12 12:38:09"
1701,233,item,487,rare,6,"2026-03-12 12:38:09","2026-03-20 18:45:43"
1702,233,orb,9,orb,1,"2026-03-12 12:38:09","2026-03-12 12:38:09"
1703,233,equipment,155,equipment,1,"2026-03-12 12:38:09","2026-03-12 12:38:09"
1704,233,equipment,150,equipment,2,"2026-03-12 12:38:09","2026-03-12 12:38:09"
1705,729,item,611,normal,1,"2026-03-12 12:38:12","2026-03-12 12:38:12"
1706,729,item,711,rare,2,"2026-03-12 12:38:12","2026-03-12 12:38:12"
1707,729,orb,9,orb,1,"2026-03-12 12:38:12","2026-03-12 12:38:12"
1708,729,equipment,1527,equipment,1,"2026-03-12 12:38:12","2026-03-12 12:38:12"
1709,729,equipment,1154,equipment,2,"2026-03-12 12:38:12","2026-03-12 12:38:12"
1710,729,equipment,1116,equipment,3,"2026-03-12 12:38:12","2026-03-12 12:38:12"
1711,828,item,651,normal,1,"2026-03-12 12:38:14","2026-03-12 12:38:14"
1712,828,item,786,rare,2,"2026-03-12 12:38:14","2026-03-12 12:38:14"
1713,828,orb,58,orb,1,"2026-03-12 12:38:14","2026-03-12 12:38:14"
1714,828,orb,103,orb,2,"2026-03-12 12:38:14","2026-03-12 12:38:14"
1715,828,orb,315,orb,3,"2026-03-12 12:38:14","2026-03-12 12:38:14"
1716,828,equipment,130,equipment,1,"2026-03-12 12:38:14","2026-03-12 12:38:14"
1717,828,equipment,129,equipment,2,"2026-03-12 12:38:14","2026-03-12 12:38:14"
1718,829,item,818,normal,1,"2026-03-12 12:38:16","2026-03-12 12:38:16"
1719,829,item,554,rare,2,"2026-03-12 12:38:16","2026-03-12 12:38:16"
1720,829,orb,31,orb,1,"2026-03-12 12:38:16","2026-03-12 12:38:16"
1721,829,orb,327,orb,2,"2026-03-12 12:38:16","2026-03-12 12:38:16"
1722,829,orb,451,orb,3,"2026-03-12 12:38:16","2026-03-12 12:38:16"
1723,829,equipment,290,equipment,1,"2026-03-12 12:38:16","2026-03-12 12:38:16"
1724,829,equipment,289,equipment,2,"2026-03-12 12:38:16","2026-03-12 12:38:16"
1725,829,equipment,288,equipment,3,"2026-03-12 12:38:16","2026-03-12 12:38:16"
1726,410,item,762,normal,1,"2026-03-12 12:38:18","2026-03-12 12:38:18"
1727,410,item,619,rare,2,"2026-03-12 12:38:18","2026-03-12 12:38:18"
1728,410,orb,235,orb,1,"2026-03-12 12:38:18","2026-03-12 12:38:18"
1729,410,orb,379,orb,2,"2026-03-12 12:38:18","2026-03-12 12:38:18"
1730,410,orb,382,orb,3,"2026-03-12 12:38:18","2026-03-12 12:38:18"
1731,410,equipment,1009,equipment,1,"2026-03-12 12:38:18","2026-03-12 12:38:18"
1732,410,equipment,1012,equipment,2,"2026-03-12 12:38:18","2026-03-12 12:38:18"
1733,102,item,643,normal,1,"2026-03-12 12:38:20","2026-03-12 12:38:20"
1734,102,item,47,rare,2,"2026-03-12 12:38:20","2026-03-12 12:38:20"
1735,102,orb,9,orb,1,"2026-03-12 12:38:20","2026-03-12 12:38:20"
1736,102,equipment,38,equipment,1,"2026-03-12 12:38:20","2026-03-12 12:38:20"
1737,728,item,46,normal,1,"2026-03-12 12:38:23","2026-03-12 12:38:23"
1738,728,item,1116,rare,2,"2026-03-12 12:38:23","2026-03-12 12:38:23"
1739,728,orb,9,orb,1,"2026-03-12 12:38:23","2026-03-12 12:38:23"
1740,728,equipment,610,equipment,1,"2026-03-12 12:38:23","2026-03-12 12:38:23"
1741,266,item,732,normal,1,"2026-03-12 12:38:27","2026-03-12 12:38:27"
1742,266,item,879,rare,2,"2026-03-12 12:38:27","2026-03-12 12:38:27"
1743,266,orb,214,orb,1,"2026-03-12 12:38:27","2026-03-12 12:38:27"
1744,266,orb,162,orb,2,"2026-03-12 12:38:27","2026-03-12 12:38:27"
1745,266,orb,447,orb,3,"2026-03-12 12:38:27","2026-03-12 12:38:27"
1746,266,equipment,639,equipment,1,"2026-03-12 12:38:27","2026-03-12 12:38:27"
1747,43,item,434,normal,4,"2026-03-12 12:38:29","2026-03-12 14:03:06"
1748,43,item,1080,rare,2,"2026-03-12 12:38:29","2026-03-12 12:38:29"
1749,43,orb,9,orb,1,"2026-03-12 12:38:29","2026-03-12 12:38:29"
1750,43,equipment,610,equipment,1,"2026-03-12 12:38:29","2026-03-12 12:38:29"
1751,830,item,823,normal,1,"2026-03-12 12:38:32","2026-03-12 12:38:32"
1752,830,item,564,rare,2,"2026-03-12 12:38:32","2026-03-12 12:38:32"
1753,830,orb,124,orb,1,"2026-03-12 12:38:32","2026-03-12 12:38:32"
1754,830,orb,237,orb,2,"2026-03-12 12:38:32","2026-03-12 12:38:32"
1755,830,orb,337,orb,3,"2026-03-12 12:38:32","2026-03-12 12:38:32"
1756,830,equipment,751,equipment,1,"2026-03-12 12:38:32","2026-03-12 12:38:32"
1757,830,equipment,754,equipment,2,"2026-03-12 12:38:32","2026-03-12 12:38:32"
1758,830,equipment,755,equipment,3,"2026-03-12 12:38:32","2026-03-12 12:38:32"
1759,428,item,823,normal,1,"2026-03-12 12:38:34","2026-03-12 12:38:34"
1760,428,item,850,rare,2,"2026-03-12 12:38:34","2026-03-12 12:38:34"
1761,428,orb,143,orb,1,"2026-03-12 12:38:34","2026-03-12 12:38:34"
1762,428,orb,396,orb,2,"2026-03-12 12:38:34","2026-03-12 12:38:34"
1763,428,orb,526,orb,3,"2026-03-12 12:38:34","2026-03-12 12:38:34"
1764,428,equipment,1009,equipment,1,"2026-03-12 12:38:34","2026-03-12 12:38:34"
1765,428,equipment,1010,equipment,2,"2026-03-12 12:38:34","2026-03-12 12:38:34"
1766,688,item,652,normal,1,"2026-03-12 12:38:36","2026-03-12 12:38:36"
1767,688,item,703,rare,2,"2026-03-12 12:38:36","2026-03-12 12:38:36"
1768,688,orb,432,orb,1,"2026-03-12 12:38:36","2026-03-12 12:38:36"
1769,688,orb,478,orb,2,"2026-03-12 12:38:36","2026-03-12 12:38:36"
1770,688,equipment,774,equipment,1,"2026-03-12 12:38:36","2026-03-12 12:38:36"
1771,688,equipment,784,equipment,2,"2026-03-12 12:38:36","2026-03-12 12:38:36"
1772,688,equipment,789,equipment,3,"2026-03-12 12:38:36","2026-03-12 12:38:36"
1773,192,item,802,normal,1,"2026-03-12 12:38:38","2026-03-12 12:38:38"
1774,192,item,638,rare,2,"2026-03-12 12:38:38","2026-03-12 12:38:38"
1775,192,orb,9,orb,1,"2026-03-12 12:38:38","2026-03-12 12:38:38"
1776,192,equipment,1465,equipment,1,"2026-03-12 12:38:38","2026-03-12 12:38:38"
1777,831,item,20,normal,1,"2026-03-12 12:38:40","2026-03-12 12:38:40"
1778,831,item,807,rare,2,"2026-03-12 12:38:40","2026-03-12 12:38:40"
1779,831,orb,267,orb,1,"2026-03-12 12:38:40","2026-03-12 12:38:40"
1780,831,equipment,1555,equipment,1,"2026-03-12 12:38:40","2026-03-12 12:38:40"
1781,606,item,823,normal,1,"2026-03-12 12:38:42","2026-03-12 12:38:42"
1782,606,item,564,rare,2,"2026-03-12 12:38:42","2026-03-12 12:38:42"
1783,606,orb,116,orb,1,"2026-03-12 12:38:42","2026-03-12 12:38:42"
1784,606,orb,317,orb,2,"2026-03-12 12:38:42","2026-03-12 12:38:42"
1785,606,orb,394,orb,3,"2026-03-12 12:38:42","2026-03-12 12:38:42"
1786,606,equipment,794,equipment,1,"2026-03-12 12:38:42","2026-03-12 12:38:42"
1787,606,equipment,796,equipment,2,"2026-03-12 12:38:42","2026-03-12 12:38:42"
1788,606,equipment,798,equipment,3,"2026-03-12 12:38:42","2026-03-12 12:38:42"
1789,175,item,548,normal,1,"2026-03-12 12:38:44","2026-03-12 12:38:44"
1790,175,item,781,rare,2,"2026-03-12 12:38:44","2026-03-12 12:38:44"
1791,175,orb,9,orb,1,"2026-03-12 12:38:44","2026-03-12 12:38:44"
1792,175,equipment,313,equipment,1,"2026-03-12 12:38:44","2026-03-12 12:38:44"
1793,352,item,180,normal,1,"2026-03-12 12:38:47","2026-03-12 12:38:47"
1794,352,item,1033,rare,2,"2026-03-12 12:38:47","2026-03-12 12:38:47"
1795,352,orb,263,orb,1,"2026-03-12 12:38:47","2026-03-12 12:38:47"
1796,352,orb,274,orb,2,"2026-03-12 12:38:47","2026-03-12 12:38:47"
1797,352,orb,395,orb,3,"2026-03-12 12:38:47","2026-03-12 12:38:47"
1798,352,equipment,1286,equipment,1,"2026-03-12 12:38:47","2026-03-12 12:38:47"
1799,352,equipment,1287,equipment,2,"2026-03-12 12:38:47","2026-03-12 12:38:47"
1800,783,item,1433,normal,1,"2026-03-12 12:38:49","2026-03-12 12:38:49"
1802,783,orb,253,orb,1,"2026-03-12 12:38:49","2026-03-12 12:38:49"
1803,783,equipment,638,equipment,1,"2026-03-12 12:38:49","2026-03-12 12:38:49"
1804,783,equipment,633,equipment,2,"2026-03-12 12:38:49","2026-03-12 12:38:49"
1805,783,equipment,631,equipment,3,"2026-03-12 12:38:49","2026-03-12 12:38:49"
1806,154,item,719,normal,1,"2026-03-12 12:38:52","2026-03-12 12:38:52"
1807,154,item,916,rare,2,"2026-03-12 12:38:52","2026-03-12 12:38:52"
1808,154,orb,9,orb,1,"2026-03-12 12:38:52","2026-03-12 12:38:52"
1809,154,equipment,69,equipment,1,"2026-03-12 12:38:52","2026-03-12 12:38:52"
1810,388,item,651,normal,1,"2026-03-12 12:38:54","2026-03-12 12:38:54"
1811,388,item,781,rare,2,"2026-03-12 12:38:54","2026-03-12 12:38:54"
1812,388,orb,35,orb,1,"2026-03-12 12:38:54","2026-03-12 12:38:54"
1813,388,orb,379,orb,2,"2026-03-12 12:38:54","2026-03-12 12:38:54"
1814,388,orb,517,orb,3,"2026-03-12 12:38:54","2026-03-12 12:38:54"
1815,388,equipment,576,equipment,1,"2026-03-12 12:38:54","2026-03-12 12:38:54"
1816,357,item,633,normal,1,"2026-03-12 12:38:56","2026-03-12 12:38:56"
1817,357,item,735,rare,2,"2026-03-12 12:38:56","2026-03-12 12:38:56"
1818,357,orb,3,orb,1,"2026-03-12 12:38:56","2026-03-12 12:38:56"
1819,357,orb,91,orb,2,"2026-03-12 12:38:56","2026-03-12 12:38:56"
1820,357,orb,208,orb,3,"2026-03-12 12:38:56","2026-03-12 12:38:56"
1821,357,equipment,893,equipment,1,"2026-03-12 12:38:56","2026-03-12 12:38:56"
1822,357,equipment,894,equipment,2,"2026-03-12 12:38:56","2026-03-12 12:38:56"
1823,628,item,674,normal,2,"2026-03-12 12:38:58","2026-07-26 19:09:15"
1824,628,item,883,rare,2,"2026-03-12 12:38:58","2026-03-12 12:38:58"
1825,628,orb,105,orb,1,"2026-03-12 12:38:58","2026-03-12 12:38:58"
1826,628,orb,302,orb,2,"2026-03-12 12:38:58","2026-03-12 12:38:58"
1827,628,orb,304,orb,3,"2026-03-12 12:38:58","2026-03-12 12:38:58"
1828,628,equipment,412,equipment,1,"2026-03-12 12:38:58","2026-03-12 12:38:58"
1829,628,equipment,411,equipment,2,"2026-03-12 12:38:58","2026-03-12 12:38:58"
1830,832,item,810,normal,1,"2026-03-12 12:39:01","2026-03-12 12:39:01"
1831,832,item,692,rare,2,"2026-03-12 12:39:01","2026-03-12 12:39:01"
1832,832,orb,160,orb,1,"2026-03-12 12:39:01","2026-03-12 12:39:01"
1833,832,orb,315,orb,2,"2026-03-12 12:39:01","2026-03-12 12:39:01"
1834,832,orb,519,orb,3,"2026-03-12 12:39:01","2026-03-12 12:39:01"
1835,832,equipment,697,equipment,1,"2026-03-12 12:39:01","2026-03-12 12:39:01"
1836,832,equipment,699,equipment,2,"2026-03-12 12:39:01","2026-03-12 12:39:01"
1837,334,item,597,normal,1,"2026-03-12 12:39:03","2026-03-12 12:39:03"
1838,334,item,1085,rare,2,"2026-03-12 12:39:03","2026-03-12 12:39:03"
1839,334,orb,64,orb,1,"2026-03-12 12:39:03","2026-03-12 12:39:03"
1840,334,orb,401,orb,2,"2026-03-12 12:39:03","2026-03-12 12:39:03"
1841,334,orb,403,orb,3,"2026-03-12 12:39:03","2026-03-12 12:39:03"
1842,334,equipment,602,equipment,1,"2026-03-12 12:39:03","2026-03-12 12:39:03"
1843,657,item,762,normal,1,"2026-03-12 12:39:05","2026-03-12 12:39:05"
1845,657,orb,230,orb,1,"2026-03-12 12:39:05","2026-03-12 12:39:05"
1846,657,orb,402,orb,2,"2026-03-12 12:39:05","2026-03-12 12:39:05"
1847,657,orb,410,orb,3,"2026-03-12 12:39:05","2026-03-12 12:39:05"
1848,657,equipment,589,equipment,1,"2026-03-12 12:39:05","2026-03-12 12:39:05"
1849,657,equipment,588,equipment,2,"2026-03-12 12:39:05","2026-03-12 12:39:05"
1850,657,equipment,587,equipment,3,"2026-03-12 12:39:05","2026-03-12 12:39:05"
1851,470,item,774,normal,1,"2026-03-12 12:39:08","2026-03-12 12:39:08"
1852,470,accessory,131,rare,2,"2026-03-12 12:39:08","2026-03-12 12:39:08"
1853,470,orb,63,orb,1,"2026-03-12 12:39:08","2026-03-12 12:39:08"
1854,470,orb,208,orb,2,"2026-03-12 12:39:08","2026-03-12 12:39:08"
1855,470,orb,333,orb,3,"2026-03-12 12:39:08","2026-03-12 12:39:08"
1856,470,equipment,576,equipment,1,"2026-03-12 12:39:08","2026-03-12 12:39:08"
1857,755,item,392,normal,1,"2026-03-12 12:39:10","2026-03-12 12:39:10"
1859,755,orb,464,orb,1,"2026-03-12 12:39:10","2026-03-12 12:39:10"
1860,755,orb,499,orb,2,"2026-03-12 12:39:10","2026-03-12 12:39:10"
1861,755,equipment,21,equipment,1,"2026-03-12 12:39:10","2026-03-12 12:39:10"
1862,685,item,596,normal,1,"2026-03-12 12:39:12","2026-03-12 12:39:12"
1863,685,item,862,rare,2,"2026-03-12 12:39:12","2026-03-12 12:39:12"
1864,685,orb,134,orb,1,"2026-03-12 12:39:12","2026-03-12 12:39:12"
1865,685,orb,327,orb,2,"2026-03-12 12:39:12","2026-03-12 12:39:12"
1866,685,orb,402,orb,3,"2026-03-12 12:39:12","2026-03-12 12:39:12"
1867,685,equipment,94,equipment,1,"2026-03-12 12:39:12","2026-03-12 12:39:12"
1868,685,equipment,91,equipment,2,"2026-03-12 12:39:12","2026-03-12 12:39:12"
1869,66,item,720,normal,1,"2026-03-12 12:39:14","2026-03-12 12:39:14"
1870,66,item,48,rare,2,"2026-03-12 12:39:14","2026-03-12 12:39:14"
1871,66,orb,9,orb,1,"2026-03-12 12:39:14","2026-03-12 12:39:14"
1872,66,equipment,479,equipment,1,"2026-03-12 12:39:14","2026-03-12 12:39:14"
1873,502,item,597,normal,1,"2026-03-12 12:39:16","2026-03-12 12:39:16"
1874,502,item,648,rare,2,"2026-03-12 12:39:16","2026-03-12 12:39:16"
1875,502,orb,422,orb,1,"2026-03-12 12:39:16","2026-03-12 12:39:16"
1876,502,orb,478,orb,2,"2026-03-12 12:39:16","2026-03-12 12:39:16"
1877,502,orb,517,orb,3,"2026-03-12 12:39:16","2026-03-12 12:39:16"
1878,502,equipment,461,equipment,1,"2026-03-12 12:39:16","2026-03-12 12:39:16"
1879,833,item,728,normal,1,"2026-03-12 12:39:19","2026-03-12 12:39:19"
1880,833,item,787,rare,2,"2026-03-12 12:39:19","2026-03-12 12:39:19"
1881,833,orb,68,orb,1,"2026-03-12 12:39:19","2026-03-12 12:39:19"
1882,833,orb,31,orb,2,"2026-03-12 12:39:19","2026-03-12 12:39:19"
1883,833,orb,348,orb,3,"2026-03-12 12:39:19","2026-03-12 12:39:19"
1884,833,equipment,681,equipment,1,"2026-03-12 12:39:19","2026-03-12 12:39:19"
1885,833,equipment,682,equipment,2,"2026-03-12 12:39:19","2026-03-12 12:39:19"
1886,59,item,396,normal,1,"2026-03-12 12:39:21","2026-03-12 12:39:21"
1887,59,item,826,rare,2,"2026-03-12 12:39:21","2026-03-12 12:39:21"
1888,59,orb,9,orb,1,"2026-03-12 12:39:21","2026-03-12 12:39:21"
1889,59,equipment,319,equipment,1,"2026-03-12 12:39:21","2026-03-12 12:39:21"
1890,53,item,248,normal,1,"2026-03-12 12:39:23","2026-03-12 12:39:23"
1891,53,item,819,rare,2,"2026-03-12 12:39:23","2026-03-12 12:39:23"
1892,53,orb,9,orb,1,"2026-03-12 12:39:23","2026-03-12 12:39:23"
1893,53,equipment,78,equipment,1,"2026-03-12 12:39:23","2026-03-12 12:39:23"
1894,482,item,248,normal,1,"2026-03-12 12:39:26","2026-03-12 12:39:26"
1895,482,item,819,rare,2,"2026-03-12 12:39:26","2026-03-12 12:39:26"
1896,482,orb,31,orb,1,"2026-03-12 12:39:26","2026-03-12 12:39:26"
1897,482,orb,367,orb,2,"2026-03-12 12:39:26","2026-03-12 12:39:26"
1898,482,orb,518,orb,3,"2026-03-12 12:39:26","2026-03-12 12:39:26"
1899,482,equipment,52,equipment,1,"2026-03-12 12:39:26","2026-03-12 12:39:26"
1900,482,equipment,51,equipment,2,"2026-03-12 12:39:26","2026-03-12 12:39:26"
1901,482,equipment,50,equipment,3,"2026-03-12 12:39:26","2026-03-12 12:39:26"
1902,13,item,699,normal,1,"2026-03-12 12:39:28","2026-03-12 12:39:28"
1903,13,item,826,rare,2,"2026-03-12 12:39:28","2026-03-12 12:39:28"
1904,13,orb,9,orb,1,"2026-03-12 12:39:28","2026-03-12 12:39:28"
1905,13,equipment,281,equipment,1,"2026-03-12 12:39:28","2026-03-12 12:39:28"
1906,383,item,392,normal,1,"2026-03-12 12:39:30","2026-03-12 12:39:30"
1907,383,item,250,rare,2,"2026-03-12 12:39:30","2026-03-12 12:39:30"
1908,383,orb,37,orb,1,"2026-03-12 12:39:30","2026-03-12 12:39:30"
1909,383,orb,235,orb,2,"2026-03-12 12:39:30","2026-03-12 12:39:30"
1910,383,orb,378,orb,3,"2026-03-12 12:39:30","2026-03-12 12:39:30"
1911,383,equipment,599,equipment,1,"2026-03-12 12:39:30","2026-03-12 12:39:30"
1912,383,equipment,600,equipment,2,"2026-03-12 12:39:30","2026-03-12 12:39:30"
1913,504,item,746,normal,1,"2026-03-12 12:39:32","2026-03-12 12:39:32"
1914,504,item,564,rare,2,"2026-03-12 12:39:32","2026-03-12 12:39:32"
1915,504,orb,131,orb,1,"2026-03-12 12:39:32","2026-03-12 12:39:32"
1916,504,orb,259,orb,2,"2026-03-12 12:39:32","2026-03-12 12:39:32"
1917,504,orb,505,orb,3,"2026-03-12 12:39:32","2026-03-12 12:39:32"
1918,504,equipment,863,equipment,1,"2026-03-12 12:39:32","2026-03-12 12:39:32"
1919,504,equipment,864,equipment,2,"2026-03-12 12:39:32","2026-03-12 12:39:32"
1920,504,equipment,865,equipment,3,"2026-03-12 12:39:32","2026-03-12 12:39:32"
1921,686,item,863,normal,1,"2026-03-12 12:39:34","2026-03-12 12:39:34"
1922,686,item,564,rare,2,"2026-03-12 12:39:35","2026-03-12 12:39:35"
1923,686,orb,15,orb,1,"2026-03-12 12:39:35","2026-03-12 12:39:35"
1924,686,orb,139,orb,2,"2026-03-12 12:39:35","2026-03-12 12:39:35"
1925,686,orb,371,orb,3,"2026-03-12 12:39:35","2026-03-12 12:39:35"
1926,686,equipment,633,equipment,1,"2026-03-12 12:39:35","2026-03-12 12:39:35"
1927,686,equipment,631,equipment,2,"2026-03-12 12:39:35","2026-03-12 12:39:35"
1928,82,item,392,normal,1,"2026-03-12 12:39:37","2026-03-12 12:39:37"
1929,82,item,536,rare,2,"2026-03-12 12:39:37","2026-03-12 12:39:37"
1930,82,orb,9,orb,1,"2026-03-12 12:39:37","2026-03-12 12:39:37"
1931,82,equipment,438,equipment,1,"2026-03-12 12:39:37","2026-03-12 12:39:37"
1932,782,item,1556,normal,1,"2026-03-12 12:39:40","2026-03-12 12:39:40"
1933,782,item,649,rare,2,"2026-03-12 12:39:40","2026-03-12 12:39:40"
1934,782,orb,9,orb,1,"2026-03-12 12:39:40","2026-03-12 12:39:40"
1935,782,equipment,950,equipment,1,"2026-03-12 12:39:40","2026-03-12 12:39:40"
1936,782,equipment,951,equipment,2,"2026-03-12 12:39:40","2026-03-12 12:39:40"
1937,341,item,867,normal,1,"2026-03-12 12:39:42","2026-03-12 12:39:42"
1938,341,item,649,rare,2,"2026-03-12 12:39:42","2026-03-12 12:39:42"
1939,341,orb,10,orb,1,"2026-03-12 12:39:42","2026-03-12 12:39:42"
1940,341,orb,273,orb,2,"2026-03-12 12:39:42","2026-03-12 12:39:42"
1941,341,orb,349,orb,3,"2026-03-12 12:39:42","2026-03-12 12:39:42"
1942,341,equipment,1060,equipment,1,"2026-03-12 12:39:42","2026-03-12 12:39:42"
1943,341,equipment,1062,equipment,2,"2026-03-12 12:39:42","2026-03-12 12:39:42"
1944,531,item,746,normal,1,"2026-03-12 12:39:45","2026-03-12 12:39:45"
1945,531,item,883,rare,2,"2026-03-12 12:39:45","2026-03-12 12:39:45"
1946,531,orb,47,orb,1,"2026-03-12 12:39:45","2026-03-12 12:39:45"
1947,531,orb,73,orb,2,"2026-03-12 12:39:45","2026-03-12 12:39:45"
1948,531,orb,112,orb,3,"2026-03-12 12:39:45","2026-03-12 12:39:45"
1949,531,equipment,879,equipment,1,"2026-03-12 12:39:45","2026-03-12 12:39:45"
1950,531,equipment,881,equipment,2,"2026-03-12 12:39:45","2026-03-12 12:39:45"
1951,778,item,868,normal,1,"2026-03-12 12:39:47","2026-03-12 12:39:47"
1953,778,orb,53,orb,1,"2026-03-12 12:39:47","2026-03-12 12:39:47"
1954,778,equipment,1154,equipment,1,"2026-03-12 12:39:47","2026-03-12 12:39:47"
1955,778,equipment,1155,equipment,2,"2026-03-12 12:39:47","2026-03-12 12:39:47"
1956,778,equipment,1156,equipment,3,"2026-03-12 12:39:47","2026-03-12 12:39:47"
1957,834,item,732,normal,1,"2026-03-12 12:39:49","2026-03-12 12:39:49"
1958,834,item,550,rare,2,"2026-03-12 12:39:49","2026-03-12 12:39:49"
1959,834,orb,288,orb,1,"2026-03-12 12:39:49","2026-03-12 12:39:49"
1960,834,orb,290,orb,2,"2026-03-12 12:39:49","2026-03-12 12:39:49"
1961,834,orb,413,orb,3,"2026-03-12 12:39:49","2026-03-12 12:39:49"
1962,834,equipment,704,equipment,1,"2026-03-12 12:39:49","2026-03-12 12:39:49"
1963,834,equipment,705,equipment,2,"2026-03-12 12:39:49","2026-03-12 12:39:49"
1964,834,equipment,701,equipment,3,"2026-03-12 12:39:49","2026-03-12 12:39:49"
1965,585,item,664,normal,1,"2026-03-12 12:39:51","2026-03-12 12:39:51"
1966,585,item,708,rare,5,"2026-03-12 12:39:51","2026-05-12 07:44:10"
1967,585,orb,139,orb,1,"2026-03-12 12:39:51","2026-03-12 12:39:51"
1968,585,orb,392,orb,2,"2026-03-12 12:39:51","2026-03-12 12:39:51"
1969,585,orb,520,orb,3,"2026-03-12 12:39:51","2026-03-12 12:39:51"
1970,585,equipment,804,equipment,1,"2026-03-12 12:39:51","2026-03-12 12:39:51"
1971,585,equipment,805,equipment,2,"2026-03-12 12:39:51","2026-03-12 12:39:51"
1972,585,equipment,806,equipment,3,"2026-03-12 12:39:51","2026-03-12 12:39:51"
1973,632,item,860,normal,1,"2026-03-12 12:39:54","2026-03-12 12:39:54"
1974,632,item,677,rare,2,"2026-03-12 12:39:54","2026-03-12 12:39:54"
1975,632,orb,20,orb,1,"2026-03-12 12:39:54","2026-03-12 12:39:54"
1976,632,orb,106,orb,2,"2026-03-12 12:39:54","2026-03-12 12:39:54"
1977,632,orb,298,orb,3,"2026-03-12 12:39:54","2026-03-12 12:39:54"
1978,632,equipment,413,equipment,1,"2026-03-12 12:39:54","2026-03-12 12:39:54"
1979,632,equipment,412,equipment,2,"2026-03-12 12:39:54","2026-03-12 12:39:54"
1980,760,item,1345,normal,1,"2026-03-12 12:39:56","2026-03-12 12:39:56"
1981,760,accessory,131,rare,2,"2026-03-12 12:39:57","2026-03-12 12:39:57"
1982,760,orb,155,orb,1,"2026-03-12 12:39:57","2026-03-12 12:39:57"
1983,760,orb,355,orb,2,"2026-03-12 12:39:57","2026-03-12 12:39:57"
1984,760,orb,357,orb,3,"2026-03-12 12:39:57","2026-03-12 12:39:57"
1985,760,equipment,1306,equipment,1,"2026-03-12 12:39:57","2026-03-12 12:39:57"
1986,760,equipment,1307,equipment,2,"2026-03-12 12:39:57","2026-03-12 12:39:57"
1987,319,item,591,normal,1,"2026-03-12 12:39:59","2026-03-12 12:39:59"
1988,319,item,1086,rare,2,"2026-03-12 12:39:59","2026-03-12 12:39:59"
1989,319,orb,224,orb,1,"2026-03-12 12:39:59","2026-03-12 12:39:59"
1990,319,orb,225,orb,2,"2026-03-12 12:39:59","2026-03-12 12:39:59"
1991,319,orb,226,orb,3,"2026-03-12 12:39:59","2026-03-12 12:39:59"
1992,319,equipment,640,equipment,1,"2026-03-12 12:39:59","2026-03-12 12:39:59"
1993,572,item,732,normal,1,"2026-03-12 12:40:01","2026-03-12 12:40:01"
1994,572,item,687,rare,2,"2026-03-12 12:40:01","2026-03-12 12:40:01"
1995,572,orb,258,orb,1,"2026-03-12 12:40:01","2026-03-12 12:40:01"
1996,572,orb,178,orb,2,"2026-03-12 12:40:01","2026-03-12 12:40:01"
1997,572,orb,530,orb,3,"2026-03-12 12:40:01","2026-03-12 12:40:01"
1998,572,equipment,906,equipment,1,"2026-03-12 12:40:01","2026-03-12 12:40:01"
1999,572,equipment,908,equipment,2,"2026-03-12 12:40:01","2026-03-12 12:40:01"
2000,572,equipment,909,equipment,3,"2026-03-12 12:40:01","2026-03-12 12:40:01"
2001,781,item,805,normal,1,"2026-03-12 12:40:03","2026-03-12 12:40:03"
2002,781,item,676,rare,2,"2026-03-12 12:40:03","2026-03-12 12:40:03"
2003,781,orb,43,orb,1,"2026-03-12 12:40:03","2026-03-12 12:40:03"
2004,781,equipment,455,equipment,1,"2026-03-12 12:40:03","2026-03-12 12:40:03"
2005,781,equipment,454,equipment,2,"2026-03-12 12:40:03","2026-03-12 12:40:03"
2006,835,item,844,normal,1,"2026-03-12 12:40:05","2026-03-12 12:40:05"
2007,835,item,647,rare,2,"2026-03-12 12:40:05","2026-03-12 12:40:05"
2008,835,orb,121,orb,1,"2026-03-12 12:40:05","2026-03-12 12:40:05"
2009,835,orb,343,orb,2,"2026-03-12 12:40:05","2026-03-12 12:40:05"
2010,835,orb,428,orb,3,"2026-03-12 12:40:05","2026-03-12 12:40:05"
2011,835,equipment,447,equipment,1,"2026-03-12 12:40:05","2026-03-12 12:40:05"
2012,835,equipment,446,equipment,2,"2026-03-12 12:40:05","2026-03-12 12:40:05"
2013,497,item,844,normal,1,"2026-03-12 12:40:07","2026-03-12 12:40:07"
2014,497,item,647,rare,2,"2026-03-12 12:40:07","2026-03-12 12:40:07"
2015,497,orb,12,orb,1,"2026-03-12 12:40:07","2026-03-12 12:40:07"
2016,497,orb,107,orb,2,"2026-03-12 12:40:07","2026-03-12 12:40:07"
2017,497,orb,423,orb,3,"2026-03-12 12:40:07","2026-03-12 12:40:07"
2018,497,equipment,455,equipment,1,"2026-03-12 12:40:07","2026-03-12 12:40:07"
2019,497,equipment,454,equipment,2,"2026-03-12 12:40:07","2026-03-12 12:40:07"
2020,212,item,597,normal,1,"2026-03-12 12:40:09","2026-03-12 12:40:09"
2021,212,item,638,rare,2,"2026-03-12 12:40:09","2026-03-12 12:40:09"
2022,212,orb,9,orb,1,"2026-03-12 12:40:09","2026-03-12 12:40:09"
2023,212,equipment,1307,equipment,1,"2026-03-12 12:40:09","2026-03-12 12:40:09"
2024,212,equipment,1309,equipment,2,"2026-03-12 12:40:09","2026-03-12 12:40:09"
2025,836,item,840,normal,1,"2026-03-12 12:40:12","2026-03-12 12:40:12"
2026,836,item,879,rare,2,"2026-03-12 12:40:12","2026-03-12 12:40:12"
2027,836,orb,67,orb,1,"2026-03-12 12:40:12","2026-03-12 12:40:12"
2028,836,orb,68,orb,2,"2026-03-12 12:40:12","2026-03-12 12:40:12"
2029,836,orb,228,orb,3,"2026-03-12 12:40:12","2026-03-12 12:40:12"
2030,836,equipment,1093,equipment,1,"2026-03-12 12:40:12","2026-03-12 12:40:12"
2031,836,equipment,1094,equipment,2,"2026-03-12 12:40:12","2026-03-12 12:40:12"
2032,322,item,643,normal,1,"2026-03-12 12:40:14","2026-03-12 12:40:14"
2033,322,item,554,rare,2,"2026-03-12 12:40:14","2026-03-12 12:40:14"
2034,322,orb,32,orb,1,"2026-03-12 12:40:14","2026-03-12 12:40:14"
2035,322,orb,279,orb,2,"2026-03-12 12:40:14","2026-03-12 12:40:14"
2036,322,orb,433,orb,3,"2026-03-12 12:40:14","2026-03-12 12:40:14"
2037,322,equipment,197,equipment,1,"2026-03-12 12:40:14","2026-03-12 12:40:14"
2038,322,equipment,277,equipment,2,"2026-03-12 12:40:14","2026-03-12 12:40:14"
2039,322,equipment,357,equipment,3,"2026-03-12 12:40:14","2026-03-12 12:40:14"
2040,587,item,633,normal,1,"2026-03-12 12:40:17","2026-03-12 12:40:17"
2041,587,item,644,rare,2,"2026-03-12 12:40:17","2026-03-12 12:40:17"
2042,587,orb,251,orb,1,"2026-03-12 12:40:17","2026-03-12 12:40:17"
2043,587,orb,432,orb,2,"2026-03-12 12:40:17","2026-03-12 12:40:17"
2044,587,orb,441,orb,3,"2026-03-12 12:40:17","2026-03-12 12:40:17"
2045,587,equipment,254,equipment,1,"2026-03-12 12:40:17","2026-03-12 12:40:17"
2046,587,equipment,253,equipment,2,"2026-03-12 12:40:17","2026-03-12 12:40:17"
2047,280,item,633,normal,1,"2026-03-12 12:40:19","2026-03-12 12:40:19"
2048,280,item,900,rare,2,"2026-03-12 12:40:19","2026-03-12 12:40:19"
2049,280,orb,356,orb,1,"2026-03-12 12:40:19","2026-03-12 12:40:19"
2050,280,orb,364,orb,2,"2026-03-12 12:40:19","2026-03-12 12:40:19"
2051,280,orb,366,orb,3,"2026-03-12 12:40:19","2026-03-12 12:40:19"
2052,280,equipment,36,equipment,1,"2026-03-12 12:40:19","2026-03-12 12:40:19"
2053,603,item,591,normal,1,"2026-03-12 12:40:21","2026-03-12 12:40:21"
2054,603,item,47,rare,2,"2026-03-12 12:40:21","2026-03-12 12:40:21"
2055,603,orb,81,orb,1,"2026-03-12 12:40:21","2026-03-12 12:40:21"
2056,603,orb,368,orb,2,"2026-03-12 12:40:21","2026-03-12 12:40:21"
2057,603,orb,409,orb,3,"2026-03-12 12:40:21","2026-03-12 12:40:21"
2058,603,equipment,171,equipment,1,"2026-03-12 12:40:21","2026-03-12 12:40:21"
2059,603,equipment,170,equipment,2,"2026-03-12 12:40:21","2026-03-12 12:40:21"
2060,780,item,703,normal,1,"2026-03-12 12:40:23","2026-03-12 12:40:23"
2061,780,accessory,29,rare,2,"2026-03-12 12:40:23","2026-03-12 12:40:23"
2062,780,orb,360,orb,1,"2026-03-12 12:40:23","2026-03-12 12:40:23"
2063,780,equipment,576,equipment,1,"2026-03-12 12:40:23","2026-03-12 12:40:23"
2064,136,item,181,normal,1,"2026-03-12 12:40:25","2026-03-12 12:40:25"
2065,136,item,703,rare,2,"2026-03-12 12:40:25","2026-03-12 12:40:25"
2066,136,orb,9,orb,1,"2026-03-12 12:40:25","2026-03-12 12:40:25"
2067,136,equipment,192,equipment,1,"2026-03-12 12:40:26","2026-03-12 12:40:26"
2068,602,item,628,normal,1,"2026-03-12 12:40:28","2026-03-12 12:40:28"
2069,602,item,757,rare,2,"2026-03-12 12:40:28","2026-03-12 12:40:28"
2070,602,orb,41,orb,1,"2026-03-12 12:40:28","2026-03-12 12:40:28"
2071,602,orb,51,orb,2,"2026-03-12 12:40:28","2026-03-12 12:40:28"
2072,602,orb,239,orb,3,"2026-03-12 12:40:28","2026-03-12 12:40:28"
2073,602,equipment,415,equipment,1,"2026-03-12 12:40:28","2026-03-12 12:40:28"
2074,602,equipment,414,equipment,2,"2026-03-12 12:40:28","2026-03-12 12:40:28"
2075,837,item,728,normal,1,"2026-03-12 12:40:30","2026-03-12 12:40:30"
2076,837,item,230,rare,2,"2026-03-12 12:40:30","2026-03-12 12:40:30"
2077,837,orb,37,orb,1,"2026-03-12 12:40:30","2026-03-12 12:40:30"
2078,837,orb,61,orb,2,"2026-03-12 12:40:30","2026-03-12 12:40:30"
2079,837,orb,237,orb,3,"2026-03-12 12:40:30","2026-03-12 12:40:30"
2080,837,equipment,488,equipment,1,"2026-03-12 12:40:30","2026-03-12 12:40:30"
2081,837,equipment,487,equipment,2,"2026-03-12 12:40:30","2026-03-12 12:40:30"
2082,837,equipment,486,equipment,3,"2026-03-12 12:40:30","2026-03-12 12:40:30"
2083,737,item,1322,normal,1,"2026-03-12 12:40:32","2026-03-12 12:40:32"
2084,737,item,1321,rare,2,"2026-03-12 12:40:32","2026-03-12 12:40:32"
2085,737,orb,9,orb,1,"2026-03-12 12:40:32","2026-03-12 12:40:32"
2086,737,equipment,1552,equipment,1,"2026-03-12 12:40:32","2026-03-12 12:40:32"
2087,577,item,802,normal,1,"2026-03-12 12:40:35","2026-03-12 12:40:35"
2088,577,item,807,rare,2,"2026-03-12 12:40:35","2026-03-12 12:40:35"
2089,577,orb,125,orb,1,"2026-03-12 12:40:35","2026-03-12 12:40:35"
2090,577,orb,126,orb,2,"2026-03-12 12:40:35","2026-03-12 12:40:35"
2091,577,orb,265,orb,3,"2026-03-12 12:40:35","2026-03-12 12:40:35"
2092,577,equipment,580,equipment,1,"2026-03-12 12:40:35","2026-03-12 12:40:35"
2093,554,item,609,normal,1,"2026-03-12 12:40:37","2026-03-12 12:40:37"
2094,554,item,487,rare,7,"2026-03-12 12:40:37","2026-03-20 18:45:43"
2095,554,orb,244,orb,1,"2026-03-12 12:40:37","2026-03-12 12:40:37"
2096,554,orb,267,orb,2,"2026-03-12 12:40:37","2026-03-12 12:40:37"
2097,554,orb,386,orb,3,"2026-03-12 12:40:37","2026-03-12 12:40:37"
2098,554,equipment,898,equipment,1,"2026-03-12 12:40:37","2026-03-12 12:40:37"
2099,554,equipment,899,equipment,2,"2026-03-12 12:40:37","2026-03-12 12:40:37"
2100,554,equipment,900,equipment,3,"2026-03-12 12:40:37","2026-03-12 12:40:37"
2101,451,item,596,normal,1,"2026-03-12 12:40:39","2026-03-12 12:40:39"
2102,451,item,487,rare,8,"2026-03-12 12:40:39","2026-03-20 18:45:43"
2103,451,orb,99,orb,1,"2026-03-12 12:40:39","2026-03-12 12:40:39"
2104,451,orb,198,orb,2,"2026-03-12 12:40:39","2026-03-12 12:40:39"
2105,451,orb,246,orb,3,"2026-03-12 12:40:39","2026-03-12 12:40:39"
2106,451,equipment,942,equipment,1,"2026-03-12 12:40:39","2026-03-12 12:40:39"
2107,451,equipment,943,equipment,2,"2026-03-12 12:40:39","2026-03-12 12:40:39"
2108,838,item,609,normal,1,"2026-03-12 12:40:41","2026-03-12 12:40:41"
2109,838,item,46,rare,2,"2026-03-12 12:40:41","2026-03-12 12:40:41"
2110,838,orb,339,orb,1,"2026-03-12 12:40:41","2026-03-12 12:40:41"
2111,838,equipment,716,equipment,1,"2026-03-12 12:40:41","2026-03-12 12:40:41"
2112,838,equipment,717,equipment,2,"2026-03-12 12:40:41","2026-03-12 12:40:41"
2113,838,equipment,718,equipment,3,"2026-03-12 12:40:41","2026-03-12 12:40:41"
2114,74,item,392,normal,1,"2026-03-12 12:40:43","2026-03-12 12:40:43"
2115,74,item,833,rare,2,"2026-03-12 12:40:43","2026-03-12 12:40:43"
2116,74,orb,9,orb,1,"2026-03-12 12:40:43","2026-03-12 12:40:43"
2117,74,equipment,1547,equipment,1,"2026-03-12 12:40:43","2026-03-12 12:40:43"
2118,343,item,597,normal,1,"2026-03-12 12:40:46","2026-03-12 12:40:46"
2119,343,item,754,rare,2,"2026-03-12 12:40:46","2026-03-12 12:40:46"
2120,343,orb,25,orb,1,"2026-03-12 12:40:46","2026-03-12 12:40:46"
2121,343,orb,177,orb,2,"2026-03-12 12:40:46","2026-03-12 12:40:46"
2122,343,orb,426,orb,3,"2026-03-12 12:40:46","2026-03-12 12:40:46"
2123,343,equipment,1080,equipment,1,"2026-03-12 12:40:46","2026-03-12 12:40:46"
2124,343,equipment,1081,equipment,2,"2026-03-12 12:40:46","2026-03-12 12:40:46"
2125,243,item,716,normal,1,"2026-03-12 12:40:48","2026-03-12 12:40:48"
2126,243,item,810,rare,2,"2026-03-12 12:40:48","2026-03-12 12:40:48"
2127,243,orb,9,orb,1,"2026-03-12 12:40:48","2026-03-12 12:40:48"
2128,243,equipment,274,equipment,1,"2026-03-12 12:40:48","2026-03-12 12:40:48"
2129,701,item,867,normal,1,"2026-03-12 12:40:51","2026-03-12 12:40:51"
2130,701,item,668,rare,2,"2026-03-12 12:40:51","2026-03-12 12:40:51"
2131,701,orb,187,orb,1,"2026-03-12 12:40:51","2026-03-12 12:40:51"
2132,701,orb,454,orb,2,"2026-03-12 12:40:51","2026-03-12 12:40:51"
2133,701,orb,457,orb,3,"2026-03-12 12:40:51","2026-03-12 12:40:51"
2134,701,equipment,626,equipment,1,"2026-03-12 12:40:51","2026-03-12 12:40:51"
2135,701,equipment,625,equipment,2,"2026-03-12 12:40:51","2026-03-12 12:40:51"
2136,454,item,591,normal,1,"2026-03-12 12:40:53","2026-03-12 12:40:53"
2137,454,item,1014,rare,2,"2026-03-12 12:40:53","2026-03-12 12:40:53"
2138,454,orb,206,orb,1,"2026-03-12 12:40:53","2026-03-12 12:40:53"
2139,454,orb,178,orb,2,"2026-03-12 12:40:53","2026-03-12 12:40:53"
2140,454,orb,359,orb,3,"2026-03-12 12:40:53","2026-03-12 12:40:53"
2141,454,equipment,181,equipment,1,"2026-03-12 12:40:53","2026-03-12 12:40:53"
2142,240,item,821,normal,1,"2026-03-12 12:40:55","2026-03-12 12:40:55"
2143,240,item,676,rare,2,"2026-03-12 12:40:55","2026-03-12 12:40:55"
2144,240,orb,7,orb,1,"2026-03-12 12:40:55","2026-03-12 12:40:55"
2145,240,orb,51,orb,2,"2026-03-12 12:40:55","2026-03-12 12:40:55"
2146,240,orb,111,orb,3,"2026-03-12 12:40:55","2026-03-12 12:40:55"
2147,240,equipment,513,equipment,1,"2026-03-12 12:40:55","2026-03-12 12:40:55"
2148,432,item,565,normal,1,"2026-03-12 12:40:57","2026-03-12 12:40:57"
2149,432,item,1437,rare,2,"2026-03-12 12:40:57","2026-03-12 12:40:57"
2150,432,orb,10,orb,1,"2026-03-12 12:40:57","2026-03-12 12:40:57"
2151,432,orb,198,orb,2,"2026-03-12 12:40:57","2026-03-12 12:40:57"
2152,432,orb,453,orb,3,"2026-03-12 12:40:57","2026-03-12 12:40:57"
2153,432,equipment,947,equipment,1,"2026-03-12 12:40:57","2026-03-12 12:40:57"
2154,432,equipment,948,equipment,2,"2026-03-12 12:40:57","2026-03-12 12:40:57"
2155,432,equipment,949,equipment,3,"2026-03-12 12:40:57","2026-03-12 12:40:57"
2156,569,item,848,normal,1,"2026-03-12 12:40:59","2026-03-12 12:40:59"
2157,569,accessory,72,rare,2,"2026-03-12 12:40:59","2026-03-12 12:40:59"
2158,569,orb,97,orb,1,"2026-03-12 12:40:59","2026-03-12 12:40:59"
2159,569,orb,184,orb,2,"2026-03-12 12:40:59","2026-03-12 12:40:59"
2160,569,orb,410,orb,3,"2026-03-12 12:40:59","2026-03-12 12:40:59"
2161,569,equipment,132,equipment,1,"2026-03-12 12:40:59","2026-03-12 12:40:59"
2162,569,equipment,131,equipment,2,"2026-03-12 12:40:59","2026-03-12 12:40:59"
2163,569,equipment,130,equipment,3,"2026-03-12 12:40:59","2026-03-12 12:40:59"
2164,839,item,848,normal,1,"2026-03-12 12:41:01","2026-03-12 12:41:01"
2165,839,item,757,rare,2,"2026-03-12 12:41:01","2026-03-12 12:41:01"
2166,839,orb,96,orb,1,"2026-03-12 12:41:01","2026-03-12 12:41:01"
2167,839,orb,338,orb,2,"2026-03-12 12:41:01","2026-03-12 12:41:01"
2168,839,orb,405,orb,3,"2026-03-12 12:41:01","2026-03-12 12:41:01"
2169,839,equipment,128,equipment,1,"2026-03-12 12:41:01","2026-03-12 12:41:01"
2170,839,equipment,127,equipment,2,"2026-03-12 12:41:01","2026-03-12 12:41:01"
2171,520,item,731,normal,1,"2026-03-12 12:41:04","2026-03-12 12:41:04"
2172,520,item,1338,rare,2,"2026-03-12 12:41:04","2026-03-12 12:41:04"
2173,520,orb,48,orb,1,"2026-03-12 12:41:04","2026-03-12 12:41:04"
2174,520,orb,214,orb,2,"2026-03-12 12:41:04","2026-03-12 12:41:04"
2175,520,orb,475,orb,3,"2026-03-12 12:41:04","2026-03-12 12:41:04"
2176,520,equipment,1130,equipment,1,"2026-03-12 12:41:04","2026-03-12 12:41:04"
2177,520,equipment,1132,equipment,2,"2026-03-12 12:41:04","2026-03-12 12:41:04"
2178,355,item,653,normal,1,"2026-03-12 12:41:07","2026-03-12 12:41:07"
2179,355,item,647,rare,2,"2026-03-12 12:41:07","2026-03-12 12:41:07"
2180,355,orb,69,orb,1,"2026-03-12 12:41:07","2026-03-12 12:41:07"
2181,355,orb,93,orb,2,"2026-03-12 12:41:07","2026-03-12 12:41:07"
2182,355,orb,365,orb,3,"2026-03-12 12:41:07","2026-03-12 12:41:07"
2183,355,equipment,888,equipment,1,"2026-03-12 12:41:07","2026-03-12 12:41:07"
2184,355,equipment,891,equipment,2,"2026-03-12 12:41:07","2026-03-12 12:41:07"
2185,78,item,841,normal,1,"2026-03-12 12:41:09","2026-03-12 12:41:09"
2186,78,item,861,rare,2,"2026-03-12 12:41:09","2026-03-12 12:41:09"
2187,78,orb,9,orb,1,"2026-03-12 12:41:09","2026-03-12 12:41:09"
2188,78,equipment,1524,equipment,1,"2026-03-12 12:41:09","2026-03-12 12:41:09"
2189,328,item,609,normal,1,"2026-03-12 12:41:11","2026-03-12 12:41:11"
2190,328,item,1432,rare,2,"2026-03-12 12:41:11","2026-03-12 12:41:11"
2191,328,orb,69,orb,1,"2026-03-12 12:41:11","2026-03-12 12:41:11"
2192,328,orb,176,orb,2,"2026-03-12 12:41:11","2026-03-12 12:41:11"
2193,328,orb,203,orb,3,"2026-03-12 12:41:11","2026-03-12 12:41:11"
2194,328,equipment,1178,equipment,1,"2026-03-12 12:41:11","2026-03-12 12:41:11"
2195,493,item,549,normal,1,"2026-03-12 12:41:13","2026-03-12 12:41:13"
2196,493,item,850,rare,2,"2026-03-12 12:41:13","2026-03-12 12:41:13"
2197,493,orb,27,orb,1,"2026-03-12 12:41:13","2026-03-12 12:41:13"
2198,493,orb,35,orb,2,"2026-03-12 12:41:13","2026-03-12 12:41:13"
2199,493,orb,241,orb,3,"2026-03-12 12:41:13","2026-03-12 12:41:13"
2200,493,equipment,981,equipment,1,"2026-03-12 12:41:13","2026-03-12 12:41:13"
2201,493,equipment,984,equipment,2,"2026-03-12 12:41:13","2026-03-12 12:41:13"
2202,840,item,868,normal,1,"2026-03-12 12:41:15","2026-03-12 12:41:15"
2203,840,item,550,rare,2,"2026-03-12 12:41:15","2026-03-12 12:41:15"
2204,840,orb,13,orb,1,"2026-03-12 12:41:15","2026-03-12 12:41:15"
2205,840,orb,37,orb,2,"2026-03-12 12:41:15","2026-03-12 12:41:15"
2206,840,orb,407,orb,3,"2026-03-12 12:41:15","2026-03-12 12:41:15"
2207,840,equipment,751,equipment,1,"2026-03-12 12:41:15","2026-03-12 12:41:15"
2208,840,equipment,752,equipment,2,"2026-03-12 12:41:15","2026-03-12 12:41:15"
2209,840,equipment,753,equipment,3,"2026-03-12 12:41:15","2026-03-12 12:41:15"
2210,574,item,699,normal,1,"2026-03-12 12:41:17","2026-03-12 12:41:17"
2211,574,item,649,rare,2,"2026-03-12 12:41:17","2026-03-12 12:41:17"
2212,574,orb,100,orb,1,"2026-03-12 12:41:17","2026-03-12 12:41:17"
2213,574,orb,159,orb,2,"2026-03-12 12:41:17","2026-03-12 12:41:17"
2214,574,orb,245,orb,3,"2026-03-12 12:41:17","2026-03-12 12:41:17"
2215,574,equipment,991,equipment,1,"2026-03-12 12:41:17","2026-03-12 12:41:17"
2216,574,equipment,994,equipment,2,"2026-03-12 12:41:17","2026-03-12 12:41:17"
2217,619,item,699,normal,1,"2026-03-12 12:41:19","2026-03-12 12:41:19"
2218,619,item,838,rare,2,"2026-03-12 12:41:19","2026-03-12 12:41:19"
2219,619,orb,10,orb,1,"2026-03-12 12:41:19","2026-03-12 12:41:19"
2220,619,orb,46,orb,2,"2026-03-12 12:41:19","2026-03-12 12:41:19"
2221,619,orb,256,orb,3,"2026-03-12 12:41:19","2026-03-12 12:41:19"
2222,619,equipment,992,equipment,1,"2026-03-12 12:41:19","2026-03-12 12:41:19"
2223,619,equipment,993,equipment,2,"2026-03-12 12:41:19","2026-03-12 12:41:19"
2224,185,item,716,normal,1,"2026-03-12 12:41:21","2026-03-12 12:41:21"
2226,185,orb,9,orb,1,"2026-03-12 12:41:22","2026-03-12 12:41:22"
2227,185,equipment,1330,equipment,1,"2026-03-12 12:41:22","2026-03-12 12:41:22"
2228,126,item,396,normal,1,"2026-03-12 12:41:24","2026-03-12 12:41:24"
2229,126,item,551,rare,2,"2026-03-12 12:41:24","2026-03-12 12:41:24"
2230,126,orb,9,orb,1,"2026-03-12 12:41:24","2026-03-12 12:41:24"
2231,126,equipment,233,equipment,1,"2026-03-12 12:41:24","2026-03-12 12:41:24"
2232,183,item,867,normal,1,"2026-03-12 12:41:26","2026-03-12 12:41:26"
2233,183,item,47,rare,2,"2026-03-12 12:41:26","2026-03-12 12:41:26"
2234,183,orb,9,orb,1,"2026-03-12 12:41:26","2026-03-12 12:41:26"
2235,183,equipment,307,equipment,1,"2026-03-12 12:41:26","2026-03-12 12:41:26"
2239,1,equipment,41,equipment,3,"2026-03-12 12:41:28","2026-03-12 12:41:28"
2240,1,equipment,123,equipment,4,"2026-03-12 12:41:28","2026-03-12 12:41:28"
2241,1,equipment,484,equipment,5,"2026-03-12 12:41:28","2026-03-12 12:41:28"
2242,625,item,392,normal,1,"2026-03-12 12:41:30","2026-03-12 12:41:30"
2243,625,item,1206,rare,2,"2026-03-12 12:41:30","2026-03-12 12:41:30"
2244,625,orb,151,orb,1,"2026-03-12 12:41:30","2026-03-12 12:41:30"
2245,625,orb,493,orb,2,"2026-03-12 12:41:30","2026-03-12 12:41:30"
2246,625,orb,495,orb,3,"2026-03-12 12:41:30","2026-03-12 12:41:30"
2247,625,equipment,334,equipment,1,"2026-03-12 12:41:30","2026-03-12 12:41:30"
2248,625,equipment,332,equipment,2,"2026-03-12 12:41:30","2026-03-12 12:41:30"
2249,390,item,33,normal,1,"2026-03-12 12:41:32","2026-03-12 12:41:32"
2250,390,item,696,rare,2,"2026-03-12 12:41:32","2026-03-12 12:41:32"
2251,390,orb,52,orb,1,"2026-03-12 12:41:32","2026-03-12 12:41:32"
2252,390,orb,134,orb,2,"2026-03-12 12:41:32","2026-03-12 12:41:32"
2253,390,orb,484,orb,3,"2026-03-12 12:41:32","2026-03-12 12:41:32"
2254,390,equipment,298,equipment,1,"2026-03-12 12:41:32","2026-03-12 12:41:32"
2255,390,equipment,540,equipment,2,"2026-03-12 12:41:32","2026-03-12 12:41:32"
2256,841,item,33,normal,1,"2026-03-12 12:41:34","2026-03-12 12:41:34"
2257,841,item,696,rare,2,"2026-03-12 12:41:34","2026-03-12 12:41:34"
2258,841,orb,42,orb,1,"2026-03-12 12:41:34","2026-03-12 12:41:34"
2259,841,orb,51,orb,2,"2026-03-12 12:41:34","2026-03-12 12:41:34"
2260,841,orb,494,orb,3,"2026-03-12 12:41:34","2026-03-12 12:41:34"
2261,841,equipment,712,equipment,1,"2026-03-12 12:41:34","2026-03-12 12:41:34"
2262,841,equipment,714,equipment,2,"2026-03-12 12:41:34","2026-03-12 12:41:34"
2263,85,item,434,normal,6,"2026-03-12 12:41:36","2026-03-12 14:03:06"
2264,85,item,1218,rare,2,"2026-03-12 12:41:36","2026-03-12 12:41:36"
2265,85,orb,9,orb,1,"2026-03-12 12:41:36","2026-03-12 12:41:36"
2266,85,equipment,395,equipment,1,"2026-03-12 12:41:36","2026-03-12 12:41:36"
2267,20,item,594,normal,1,"2026-03-12 12:41:39","2026-03-12 12:41:39"
2268,20,item,826,rare,2,"2026-03-12 12:41:39","2026-03-12 12:41:39"
2269,20,orb,9,orb,1,"2026-03-12 12:41:39","2026-03-12 12:41:39"
2270,20,equipment,81,equipment,1,"2026-03-12 12:41:39","2026-03-12 12:41:39"
2271,84,item,392,normal,1,"2026-03-12 12:41:41","2026-03-12 12:41:41"
2272,84,item,697,rare,2,"2026-03-12 12:41:41","2026-03-12 12:41:41"
2273,84,orb,9,orb,1,"2026-03-12 12:41:41","2026-03-12 12:41:41"
2274,84,equipment,35,equipment,1,"2026-03-12 12:41:41","2026-03-12 12:41:41"
2275,534,item,697,normal,1,"2026-03-12 12:41:43","2026-03-12 12:41:43"
2276,534,item,696,rare,2,"2026-03-12 12:41:43","2026-03-12 12:41:43"
2277,534,orb,14,orb,1,"2026-03-12 12:41:43","2026-03-12 12:41:43"
2278,534,orb,137,orb,2,"2026-03-12 12:41:43","2026-03-12 12:41:43"
2279,534,orb,336,orb,3,"2026-03-12 12:41:43","2026-03-12 12:41:43"
2280,534,equipment,591,equipment,1,"2026-03-12 12:41:43","2026-03-12 12:41:43"
2281,534,equipment,590,equipment,2,"2026-03-12 12:41:43","2026-03-12 12:41:43"
2282,472,item,716,normal,1,"2026-03-12 12:41:45","2026-03-12 12:41:45"
2283,472,item,696,rare,2,"2026-03-12 12:41:45","2026-03-12 12:41:45"
2284,472,orb,8,orb,1,"2026-03-12 12:41:45","2026-03-12 12:41:45"
2285,472,orb,13,orb,2,"2026-03-12 12:41:45","2026-03-12 12:41:45"
2286,472,orb,98,orb,3,"2026-03-12 12:41:45","2026-03-12 12:41:45"
2287,472,equipment,938,equipment,1,"2026-03-12 12:41:45","2026-03-12 12:41:45"
2288,472,equipment,939,equipment,2,"2026-03-12 12:41:45","2026-03-12 12:41:45"
2289,2,item,434,normal,7,"2026-03-12 12:41:47","2026-03-12 14:03:06"
2290,2,item,697,rare,2,"2026-03-12 12:41:47","2026-03-12 12:41:47"
2291,2,orb,9,orb,1,"2026-03-12 12:41:47","2026-03-12 12:41:47"
2292,2,equipment,41,equipment,1,"2026-03-12 12:41:47","2026-03-12 12:41:47"
2293,2,equipment,123,equipment,2,"2026-03-12 12:41:47","2026-03-12 12:41:47"
2294,2,equipment,484,equipment,3,"2026-03-12 12:41:47","2026-03-12 12:41:47"
2295,842,item,33,normal,1,"2026-03-12 12:41:50","2026-03-12 12:41:50"
2296,842,item,697,rare,2,"2026-03-12 12:41:50","2026-03-12 12:41:50"
2297,842,orb,45,orb,1,"2026-03-12 12:41:50","2026-03-12 12:41:50"
2298,842,orb,52,orb,2,"2026-03-12 12:41:50","2026-03-12 12:41:50"
2299,842,orb,307,orb,3,"2026-03-12 12:41:50","2026-03-12 12:41:50"
2300,842,equipment,741,equipment,1,"2026-03-12 12:41:50","2026-03-12 12:41:50"
2301,842,equipment,742,equipment,2,"2026-03-12 12:41:50","2026-03-12 12:41:50"
2302,842,equipment,744,equipment,3,"2026-03-12 12:41:50","2026-03-12 12:41:50"
2303,458,item,181,normal,1,"2026-03-12 12:41:52","2026-03-12 12:41:52"
2304,458,item,1428,rare,2,"2026-03-12 12:41:52","2026-03-12 12:41:52"
2305,458,orb,165,orb,1,"2026-03-12 12:41:52","2026-03-12 12:41:52"
2306,458,orb,166,orb,2,"2026-03-12 12:41:52","2026-03-12 12:41:52"
2307,458,orb,396,orb,3,"2026-03-12 12:41:52","2026-03-12 12:41:52"
2308,458,equipment,897,equipment,1,"2026-03-12 12:41:52","2026-03-12 12:41:52"
2309,458,equipment,899,equipment,2,"2026-03-12 12:41:52","2026-03-12 12:41:52"
2310,458,equipment,900,equipment,3,"2026-03-12 12:41:52","2026-03-12 12:41:52"
2311,378,item,732,normal,1,"2026-03-12 12:41:54","2026-03-12 12:41:54"
2312,378,item,819,rare,2,"2026-03-12 12:41:54","2026-03-12 12:41:54"
2313,378,orb,260,orb,1,"2026-03-12 12:41:54","2026-03-12 12:41:54"
2314,378,orb,262,orb,2,"2026-03-12 12:41:54","2026-03-12 12:41:54"
2315,378,orb,493,orb,3,"2026-03-12 12:41:54","2026-03-12 12:41:54"
2316,378,equipment,1045,equipment,1,"2026-03-12 12:41:54","2026-03-12 12:41:54"
2317,378,equipment,1046,equipment,2,"2026-03-12 12:41:54","2026-03-12 12:41:54"
2318,378,equipment,1047,equipment,3,"2026-03-12 12:41:54","2026-03-12 12:41:54"
2319,564,item,697,normal,1,"2026-03-12 12:41:57","2026-03-12 12:41:57"
2320,564,item,838,rare,2,"2026-03-12 12:41:57","2026-03-12 12:41:57"
2321,564,orb,112,orb,1,"2026-03-12 12:41:57","2026-03-12 12:41:57"
2322,564,equipment,1064,equipment,1,"2026-03-12 12:41:57","2026-03-12 12:41:57"
2323,564,equipment,1065,equipment,2,"2026-03-12 12:41:57","2026-03-12 12:41:57"
2324,843,item,697,normal,1,"2026-03-12 12:41:59","2026-03-12 12:41:59"
2325,843,item,554,rare,2,"2026-03-12 12:41:59","2026-03-12 12:41:59"
2326,843,orb,18,orb,1,"2026-03-12 12:41:59","2026-03-12 12:41:59"
2327,843,orb,259,orb,2,"2026-03-12 12:41:59","2026-03-12 12:41:59"
2328,843,orb,358,orb,3,"2026-03-12 12:41:59","2026-03-12 12:41:59"
2329,843,equipment,907,equipment,1,"2026-03-12 12:41:59","2026-03-12 12:41:59"
2330,843,equipment,909,equipment,2,"2026-03-12 12:41:59","2026-03-12 12:41:59"
2331,843,equipment,910,equipment,3,"2026-03-12 12:41:59","2026-03-12 12:41:59"
2332,731,item,703,normal,1,"2026-03-12 12:42:01","2026-03-12 12:42:01"
2333,731,item,1203,rare,2,"2026-03-12 12:42:01","2026-03-12 12:42:01"
2334,731,orb,9,orb,1,"2026-03-12 12:42:01","2026-03-12 12:42:01"
2335,731,equipment,1543,equipment,1,"2026-03-12 12:42:01","2026-03-12 12:42:01"
2336,739,item,536,normal,1,"2026-03-12 12:42:03","2026-03-12 12:42:03"
2337,739,item,833,rare,2,"2026-03-12 12:42:03","2026-03-12 12:42:03"
2338,739,orb,9,orb,1,"2026-03-12 12:42:03","2026-03-12 12:42:03"
2339,739,equipment,518,equipment,1,"2026-03-12 12:42:03","2026-03-12 12:42:03"
2340,369,item,841,normal,1,"2026-03-12 12:42:05","2026-03-12 12:42:05"
2341,369,item,677,rare,2,"2026-03-12 12:42:05","2026-03-12 12:42:05"
2342,369,orb,40,orb,1,"2026-03-12 12:42:05","2026-03-12 12:42:05"
2343,369,orb,354,orb,2,"2026-03-12 12:42:05","2026-03-12 12:42:05"
2344,369,orb,426,orb,3,"2026-03-12 12:42:05","2026-03-12 12:42:05"
2345,369,equipment,191,equipment,1,"2026-03-12 12:42:05","2026-03-12 12:42:05"
2346,763,item,868,normal,1,"2026-03-12 12:42:07","2026-03-12 12:42:07"
2348,763,orb,385,orb,1,"2026-03-12 12:42:07","2026-03-12 12:42:07"
2349,763,equipment,1306,equipment,1,"2026-03-12 12:42:07","2026-03-12 12:42:07"
2350,763,equipment,1308,equipment,2,"2026-03-12 12:42:07","2026-03-12 12:42:07"
2351,485,item,591,normal,1,"2026-03-12 12:42:09","2026-03-12 12:42:09"
2352,485,item,938,rare,2,"2026-03-12 12:42:09","2026-03-12 12:42:09"
2353,485,orb,3,orb,1,"2026-03-12 12:42:09","2026-03-12 12:42:09"
2355,485,orb,141,orb,3,"2026-03-12 12:42:09","2026-03-12 12:42:09"
2356,485,equipment,179,equipment,1,"2026-03-12 12:42:09","2026-03-12 12:42:09"
2357,591,item,617,normal,1,"2026-03-12 12:42:11","2026-03-12 12:42:11"
2358,591,item,564,rare,2,"2026-03-12 12:42:11","2026-03-12 12:42:11"
2359,591,orb,26,orb,1,"2026-03-12 12:42:11","2026-03-12 12:42:11"
2360,591,orb,297,orb,2,"2026-03-12 12:42:11","2026-03-12 12:42:11"
2361,591,orb,328,orb,3,"2026-03-12 12:42:11","2026-03-12 12:42:11"
2362,591,equipment,260,equipment,1,"2026-03-12 12:42:11","2026-03-12 12:42:11"
2363,591,equipment,88,equipment,2,"2026-03-12 12:42:11","2026-03-12 12:42:11"
2364,591,equipment,87,equipment,3,"2026-03-12 12:42:11","2026-03-12 12:42:11"
2366,1234,orb,9,orb,1,"2026-03-12 12:42:13","2026-03-12 12:42:13"
2367,1234,equipment,3,equipment,1,"2026-03-12 12:42:13","2026-03-12 12:42:13"
2369,1235,orb,9,orb,1,"2026-03-12 12:42:15","2026-03-12 12:42:15"
2370,1235,equipment,3,equipment,1,"2026-03-12 12:42:15","2026-03-12 12:42:15"
2371,159,item,249,normal,1,"2026-03-12 12:42:18","2026-03-12 12:42:18"
2372,159,item,917,rare,2,"2026-03-12 12:42:18","2026-03-12 12:42:18"
2373,159,orb,9,orb,1,"2026-03-12 12:42:18","2026-03-12 12:42:18"
2374,159,equipment,1261,equipment,1,"2026-03-12 12:42:18","2026-03-12 12:42:18"
2375,356,item,699,normal,1,"2026-03-12 12:42:19","2026-03-12 12:42:19"
2376,356,item,611,rare,2,"2026-03-12 12:42:20","2026-03-12 12:42:20"
2377,356,orb,33,orb,1,"2026-03-12 12:42:20","2026-03-12 12:42:20"
2378,356,orb,282,orb,2,"2026-03-12 12:42:20","2026-03-12 12:42:20"
2379,356,orb,355,orb,3,"2026-03-12 12:42:20","2026-03-12 12:42:20"
2380,356,equipment,16,equipment,1,"2026-03-12 12:42:20","2026-03-12 12:42:20"
2381,556,item,845,normal,1,"2026-03-12 12:42:22","2026-03-12 12:42:22"
2382,556,item,781,rare,2,"2026-03-12 12:42:22","2026-03-12 12:42:22"
2383,556,orb,12,orb,1,"2026-03-12 12:42:22","2026-03-12 12:42:22"
2384,556,orb,356,orb,2,"2026-03-12 12:42:22","2026-03-12 12:42:22"
2385,556,orb,386,orb,3,"2026-03-12 12:42:22","2026-03-12 12:42:22"
2386,556,equipment,54,equipment,1,"2026-03-12 12:42:22","2026-03-12 12:42:22"
2387,556,equipment,53,equipment,2,"2026-03-12 12:42:22","2026-03-12 12:42:22"
2388,613,item,664,normal,1,"2026-03-12 12:42:24","2026-03-12 12:42:24"
2389,613,item,531,rare,2,"2026-03-12 12:42:24","2026-03-12 12:42:24"
2390,613,orb,216,orb,1,"2026-03-12 12:42:24","2026-03-12 12:42:24"
2391,613,orb,281,orb,2,"2026-03-12 12:42:24","2026-03-12 12:42:24"
2392,613,orb,353,orb,3,"2026-03-12 12:42:24","2026-03-12 12:42:24"
2393,613,equipment,629,equipment,1,"2026-03-12 12:42:24","2026-03-12 12:42:24"
2394,613,equipment,628,equipment,2,"2026-03-12 12:42:24","2026-03-12 12:42:24"
2395,613,equipment,627,equipment,3,"2026-03-12 12:42:24","2026-03-12 12:42:24"
2396,498,item,595,normal,1,"2026-03-12 12:42:25","2026-03-12 12:42:25"
2397,498,item,611,rare,2,"2026-03-12 12:42:25","2026-03-12 12:42:25"
2398,498,orb,22,orb,1,"2026-03-12 12:42:25","2026-03-12 12:42:25"
2399,498,orb,86,orb,2,"2026-03-12 12:42:25","2026-03-12 12:42:25"
2400,498,orb,505,orb,3,"2026-03-12 12:42:25","2026-03-12 12:42:25"
2401,498,equipment,337,equipment,1,"2026-03-12 12:42:25","2026-03-12 12:42:25"
2402,481,item,802,normal,1,"2026-03-12 12:42:28","2026-03-12 12:42:28"
2403,481,item,536,rare,2,"2026-03-12 12:42:28","2026-03-12 12:42:28"
2404,481,orb,39,orb,1,"2026-03-12 12:42:28","2026-03-12 12:42:28"
2405,481,orb,225,orb,2,"2026-03-12 12:42:28","2026-03-12 12:42:28"
2406,481,orb,508,orb,3,"2026-03-12 12:42:28","2026-03-12 12:42:28"
2407,481,equipment,96,equipment,1,"2026-03-12 12:42:28","2026-03-12 12:42:28"
2408,846,item,549,normal,1,"2026-03-12 12:42:30","2026-03-12 12:42:30"
2409,846,item,771,rare,2,"2026-03-12 12:42:30","2026-03-12 12:42:30"
2410,846,orb,20,orb,1,"2026-03-12 12:42:30","2026-03-12 12:42:30"
2411,846,orb,77,orb,2,"2026-03-12 12:42:30","2026-03-12 12:42:30"
2412,846,orb,148,orb,3,"2026-03-12 12:42:30","2026-03-12 12:42:30"
2413,846,equipment,716,equipment,1,"2026-03-12 12:42:30","2026-03-12 12:42:30"
2414,846,equipment,717,equipment,2,"2026-03-12 12:42:30","2026-03-12 12:42:30"
2415,846,equipment,718,equipment,3,"2026-03-12 12:42:30","2026-03-12 12:42:30"
2416,477,item,549,normal,1,"2026-03-12 12:42:32","2026-03-12 12:42:32"
2417,477,item,487,rare,9,"2026-03-12 12:42:32","2026-03-20 18:45:43"
2418,477,orb,5,orb,1,"2026-03-12 12:42:32","2026-03-12 12:42:32"
2419,477,orb,86,orb,2,"2026-03-12 12:42:32","2026-03-12 12:42:32"
2420,477,orb,147,orb,3,"2026-03-12 12:42:32","2026-03-12 12:42:32"
2421,477,equipment,863,equipment,1,"2026-03-12 12:42:32","2026-03-12 12:42:32"
2422,477,equipment,865,equipment,2,"2026-03-12 12:42:32","2026-03-12 12:42:32"
2423,477,equipment,867,equipment,3,"2026-03-12 12:42:32","2026-03-12 12:42:32"
2424,699,item,549,normal,1,"2026-03-12 12:42:35","2026-03-12 12:42:35"
2425,699,item,550,rare,2,"2026-03-12 12:42:35","2026-03-12 12:42:35"
2426,699,orb,134,orb,1,"2026-03-12 12:42:35","2026-03-12 12:42:35"
2427,699,orb,287,orb,2,"2026-03-12 12:42:35","2026-03-12 12:42:35"
2428,699,orb,319,orb,3,"2026-03-12 12:42:35","2026-03-12 12:42:35"
2429,699,equipment,211,equipment,1,"2026-03-12 12:42:35","2026-03-12 12:42:35"
2430,247,item,20,normal,1,"2026-03-12 12:42:37","2026-03-12 12:42:37"
2431,247,item,920,rare,2,"2026-03-12 12:42:37","2026-03-12 12:42:37"
2432,247,orb,9,orb,1,"2026-03-12 12:42:37","2026-03-12 12:42:37"
2433,247,equipment,23,equipment,1,"2026-03-12 12:42:37","2026-03-12 12:42:37"
2434,709,item,838,normal,1,"2026-03-12 12:42:39","2026-03-12 12:42:39"
2435,709,item,745,rare,2,"2026-03-12 12:42:39","2026-03-12 12:42:39"
2436,709,orb,66,orb,1,"2026-03-12 12:42:39","2026-03-12 12:42:39"
2437,709,orb,151,orb,2,"2026-03-12 12:42:39","2026-03-12 12:42:39"
2438,709,orb,225,orb,3,"2026-03-12 12:42:39","2026-03-12 12:42:39"
2439,709,equipment,3,equipment,1,"2026-03-12 12:42:39","2026-03-12 12:42:39"
2440,705,item,596,normal,1,"2026-03-12 12:42:42","2026-03-12 12:42:42"
2441,705,item,603,rare,2,"2026-03-12 12:42:42","2026-03-12 12:42:42"
2442,705,orb,158,orb,1,"2026-03-12 12:42:42","2026-03-12 12:42:42"
2443,705,orb,212,orb,2,"2026-03-12 12:42:42","2026-03-12 12:42:42"
2444,705,orb,218,orb,3,"2026-03-12 12:42:42","2026-03-12 12:42:42"
2445,705,equipment,625,equipment,1,"2026-03-12 12:42:42","2026-03-12 12:42:42"
2446,379,item,643,normal,1,"2026-03-12 12:42:44","2026-03-12 12:42:44"
2447,379,item,974,rare,2,"2026-03-12 12:42:44","2026-03-12 12:42:44"
2448,379,orb,39,orb,1,"2026-03-12 12:42:44","2026-03-12 12:42:44"
2449,379,orb,236,orb,2,"2026-03-12 12:42:44","2026-03-12 12:42:44"
2450,379,orb,439,orb,3,"2026-03-12 12:42:44","2026-03-12 12:42:44"
2451,379,equipment,275,equipment,1,"2026-03-12 12:42:44","2026-03-12 12:42:44"
2452,532,item,549,normal,1,"2026-03-12 12:42:46","2026-03-12 12:42:46"
2453,532,item,757,rare,2,"2026-03-12 12:42:46","2026-03-12 12:42:46"
2454,532,orb,23,orb,1,"2026-03-12 12:42:46","2026-03-12 12:42:46"
2455,532,orb,185,orb,2,"2026-03-12 12:42:46","2026-03-12 12:42:46"
2456,532,orb,322,orb,3,"2026-03-12 12:42:46","2026-03-12 12:42:46"
2457,532,equipment,888,equipment,1,"2026-03-12 12:42:46","2026-03-12 12:42:46"
2458,532,equipment,890,equipment,2,"2026-03-12 12:42:46","2026-03-12 12:42:46"
2459,480,item,840,normal,1,"2026-03-12 12:42:49","2026-03-12 12:42:49"
2460,480,item,487,rare,10,"2026-03-12 12:42:49","2026-03-20 18:45:43"
2461,480,orb,2,orb,1,"2026-03-12 12:42:49","2026-03-12 12:42:49"
2462,480,orb,79,orb,2,"2026-03-12 12:42:49","2026-03-12 12:42:49"
2463,480,orb,147,orb,3,"2026-03-12 12:42:49","2026-03-12 12:42:49"
2464,480,equipment,340,equipment,1,"2026-03-12 12:42:49","2026-03-12 12:42:49"
2465,268,item,241,normal,1,"2026-03-12 12:42:51","2026-03-12 12:42:51"
2466,268,item,1235,rare,2,"2026-03-12 12:42:51","2026-03-12 12:42:51"
2467,268,orb,2,orb,1,"2026-03-12 12:42:51","2026-03-12 12:42:51"
2468,268,orb,26,orb,2,"2026-03-12 12:42:51","2026-03-12 12:42:51"
2469,268,orb,344,orb,3,"2026-03-12 12:42:51","2026-03-12 12:42:51"
2470,268,equipment,429,equipment,1,"2026-03-12 12:42:51","2026-03-12 12:42:51"
2471,847,item,549,normal,1,"2026-03-12 12:42:54","2026-03-12 12:42:54"
2472,847,item,956,rare,2,"2026-03-12 12:42:54","2026-03-12 12:42:54"
2473,847,orb,4,orb,1,"2026-03-12 12:42:54","2026-03-12 12:42:54"
2474,847,orb,154,orb,2,"2026-03-12 12:42:54","2026-03-12 12:42:54"
2475,847,orb,157,orb,3,"2026-03-12 12:42:54","2026-03-12 12:42:54"
2476,847,equipment,603,equipment,1,"2026-03-12 12:42:54","2026-03-12 12:42:54"
2477,492,item,751,normal,1,"2026-03-12 12:42:56","2026-03-12 12:42:56"
2478,492,item,554,rare,2,"2026-03-12 12:42:56","2026-03-12 12:42:56"
2479,492,orb,23,orb,1,"2026-03-12 12:42:56","2026-03-12 12:42:56"
2480,492,orb,253,orb,2,"2026-03-12 12:42:56","2026-03-12 12:42:56"
2481,492,orb,141,orb,3,"2026-03-12 12:42:56","2026-03-12 12:42:56"
2482,492,equipment,1050,equipment,1,"2026-03-12 12:42:56","2026-03-12 12:42:56"
2483,492,equipment,1052,equipment,2,"2026-03-12 12:42:56","2026-03-12 12:42:56"
2484,848,item,591,normal,1,"2026-03-12 12:42:58","2026-03-12 12:42:58"
2485,848,item,616,rare,2,"2026-03-12 12:42:58","2026-03-12 12:42:58"
2486,848,orb,49,orb,1,"2026-03-12 12:42:58","2026-03-12 12:42:58"
2487,848,orb,130,orb,2,"2026-03-12 12:42:58","2026-03-12 12:42:58"
2488,848,orb,442,orb,3,"2026-03-12 12:42:58","2026-03-12 12:42:58"
2489,848,equipment,808,equipment,1,"2026-03-12 12:42:58","2026-03-12 12:42:58"
2490,848,equipment,809,equipment,2,"2026-03-12 12:42:58","2026-03-12 12:42:58"
2491,849,item,698,normal,1,"2026-03-12 12:43:00","2026-03-12 12:43:00"
2492,849,item,833,rare,2,"2026-03-12 12:43:00","2026-03-12 12:43:00"
2493,849,orb,133,orb,1,"2026-03-12 12:43:00","2026-03-12 12:43:00"
2494,849,orb,442,orb,2,"2026-03-12 12:43:00","2026-03-12 12:43:00"
2495,849,equipment,247,equipment,1,"2026-03-12 12:43:00","2026-03-12 12:43:00"
2496,849,equipment,246,equipment,2,"2026-03-12 12:43:00","2026-03-12 12:43:00"
2497,849,equipment,245,equipment,3,"2026-03-12 12:43:00","2026-03-12 12:43:00"
2498,461,item,683,normal,1,"2026-03-12 12:43:02","2026-03-12 12:43:02"
2499,461,item,868,rare,2,"2026-03-12 12:43:02","2026-03-12 12:43:02"
2500,461,orb,34,orb,1,"2026-03-12 12:43:02","2026-03-12 12:43:02"
2501,461,orb,135,orb,2,"2026-03-12 12:43:02","2026-03-12 12:43:02"
2502,461,orb,183,orb,3,"2026-03-12 12:43:02","2026-03-12 12:43:02"
2503,461,equipment,95,equipment,1,"2026-03-12 12:43:02","2026-03-12 12:43:02"
2504,258,item,867,normal,1,"2026-03-12 12:43:05","2026-03-12 12:43:05"
2505,258,item,805,rare,2,"2026-03-12 12:43:05","2026-03-12 12:43:05"
2506,258,orb,7,orb,1,"2026-03-12 12:43:05","2026-03-12 12:43:05"
2507,258,orb,400,orb,2,"2026-03-12 12:43:05","2026-03-12 12:43:05"
2508,258,orb,527,orb,3,"2026-03-12 12:43:05","2026-03-12 12:43:05"
2509,258,equipment,1306,equipment,1,"2026-03-12 12:43:05","2026-03-12 12:43:05"
2510,258,equipment,1309,equipment,2,"2026-03-12 12:43:05","2026-03-12 12:43:05"
2511,645,item,731,normal,1,"2026-03-12 12:43:07","2026-03-12 12:43:07"
2512,645,item,765,rare,2,"2026-03-12 12:43:07","2026-03-12 12:43:07"
2513,645,orb,431,orb,1,"2026-03-12 12:43:07","2026-03-12 12:43:07"
2514,645,orb,446,orb,2,"2026-03-12 12:43:07","2026-03-12 12:43:07"
2515,645,orb,470,orb,3,"2026-03-12 12:43:07","2026-03-12 12:43:07"
2516,645,equipment,294,equipment,1,"2026-03-12 12:43:07","2026-03-12 12:43:07"
2517,850,item,731,normal,1,"2026-03-12 12:43:09","2026-03-12 12:43:09"
2518,850,item,765,rare,2,"2026-03-12 12:43:09","2026-03-12 12:43:09"
2519,850,orb,431,orb,1,"2026-03-12 12:43:09","2026-03-12 12:43:09"
2520,850,orb,446,orb,2,"2026-03-12 12:43:09","2026-03-12 12:43:09"
2521,850,orb,470,orb,3,"2026-03-12 12:43:09","2026-03-12 12:43:09"
2522,850,equipment,285,equipment,1,"2026-03-12 12:43:09","2026-03-12 12:43:09"
2523,97,item,719,normal,1,"2026-03-12 12:43:12","2026-03-12 12:43:12"
2524,97,item,826,rare,2,"2026-03-12 12:43:12","2026-03-12 12:43:12"
2525,97,orb,9,orb,1,"2026-03-12 12:43:12","2026-03-12 12:43:12"
2526,97,equipment,397,equipment,1,"2026-03-12 12:43:12","2026-03-12 12:43:12"
2527,325,item,595,normal,1,"2026-03-12 12:43:14","2026-03-12 12:43:14"
2528,325,item,551,rare,2,"2026-03-12 12:43:14","2026-03-12 12:43:14"
2529,325,orb,9,orb,1,"2026-03-12 12:43:14","2026-03-12 12:43:14"
2530,325,orb,49,orb,2,"2026-03-12 12:43:14","2026-03-12 12:43:14"
2531,325,orb,177,orb,3,"2026-03-12 12:43:14","2026-03-12 12:43:14"
2532,325,equipment,1251,equipment,1,"2026-03-12 12:43:14","2026-03-12 12:43:14"
2533,325,equipment,1252,equipment,2,"2026-03-12 12:43:14","2026-03-12 12:43:14"
2534,772,item,1336,normal,1,"2026-03-12 12:43:16","2026-03-12 12:43:16"
2535,772,item,1335,rare,2,"2026-03-12 12:43:16","2026-03-12 12:43:16"
2536,772,orb,369,orb,1,"2026-03-12 12:43:16","2026-03-12 12:43:16"
2537,772,equipment,30,equipment,1,"2026-03-12 12:43:16","2026-03-12 12:43:16"
2538,772,equipment,114,equipment,2,"2026-03-12 12:43:16","2026-03-12 12:43:16"
2539,711,item,738,normal,1,"2026-03-12 12:43:18","2026-03-12 12:43:18"
2540,711,item,745,rare,2,"2026-03-12 12:43:18","2026-03-12 12:43:18"
2541,711,orb,16,orb,1,"2026-03-12 12:43:18","2026-03-12 12:43:18"
2542,711,orb,29,orb,2,"2026-03-12 12:43:18","2026-03-12 12:43:18"
2543,711,equipment,3,equipment,1,"2026-03-12 12:43:18","2026-03-12 12:43:18"
2544,580,item,731,normal,1,"2026-03-12 12:43:20","2026-03-12 12:43:20"
2545,580,item,703,rare,2,"2026-03-12 12:43:20","2026-03-12 12:43:20"
2546,580,orb,134,orb,1,"2026-03-12 12:43:20","2026-03-12 12:43:20"
2547,580,orb,215,orb,2,"2026-03-12 12:43:20","2026-03-12 12:43:20"
2548,580,orb,472,orb,3,"2026-03-12 12:43:20","2026-03-12 12:43:20"
2549,580,equipment,893,equipment,1,"2026-03-12 12:43:20","2026-03-12 12:43:20"
2550,580,equipment,894,equipment,2,"2026-03-12 12:43:20","2026-03-12 12:43:20"
2551,580,equipment,895,equipment,3,"2026-03-12 12:43:20","2026-03-12 12:43:20"
2552,851,item,731,normal,1,"2026-03-12 12:43:22","2026-03-12 12:43:22"
2553,851,item,649,rare,2,"2026-03-12 12:43:22","2026-03-12 12:43:22"
2554,851,orb,4,orb,1,"2026-03-12 12:43:22","2026-03-12 12:43:22"
2555,851,orb,49,orb,2,"2026-03-12 12:43:22","2026-03-12 12:43:22"
2556,851,orb,266,orb,3,"2026-03-12 12:43:22","2026-03-12 12:43:22"
2557,851,equipment,683,equipment,1,"2026-03-12 12:43:22","2026-03-12 12:43:22"
2558,851,equipment,684,equipment,2,"2026-03-12 12:43:22","2026-03-12 12:43:22"
2559,851,equipment,685,equipment,3,"2026-03-12 12:43:22","2026-03-12 12:43:22"
2560,65,item,396,normal,1,"2026-03-12 12:43:25","2026-03-12 12:43:25"
2561,65,item,638,rare,2,"2026-03-12 12:43:25","2026-03-12 12:43:25"
2562,65,orb,9,orb,1,"2026-03-12 12:43:25","2026-03-12 12:43:25"
2563,65,equipment,163,equipment,1,"2026-03-12 12:43:25","2026-03-12 12:43:25"
2564,153,item,845,normal,1,"2026-03-12 12:43:27","2026-03-12 12:43:27"
2565,153,item,879,rare,2,"2026-03-12 12:43:27","2026-03-12 12:43:27"
2566,153,orb,9,orb,1,"2026-03-12 12:43:27","2026-03-12 12:43:27"
2567,153,equipment,154,equipment,1,"2026-03-12 12:43:27","2026-03-12 12:43:27"
2568,335,item,548,normal,1,"2026-03-12 12:43:29","2026-03-12 12:43:29"
2569,335,item,531,rare,2,"2026-03-12 12:43:29","2026-03-12 12:43:29"
2570,335,orb,93,orb,1,"2026-03-12 12:43:29","2026-03-12 12:43:29"
2571,335,orb,162,orb,2,"2026-03-12 12:43:29","2026-03-12 12:43:29"
2572,335,orb,467,orb,3,"2026-03-12 12:43:29","2026-03-12 12:43:29"
2573,335,equipment,982,equipment,1,"2026-03-12 12:43:29","2026-03-12 12:43:29"
2574,335,equipment,983,equipment,2,"2026-03-12 12:43:29","2026-03-12 12:43:29"
2575,511,item,613,normal,1,"2026-03-12 12:43:31","2026-03-12 12:43:31"
2576,511,item,711,rare,2,"2026-03-12 12:43:31","2026-03-12 12:43:31"
2577,511,orb,21,orb,1,"2026-03-12 12:43:31","2026-03-12 12:43:31"
2578,511,orb,55,orb,2,"2026-03-12 12:43:31","2026-03-12 12:43:31"
2579,511,orb,286,orb,3,"2026-03-12 12:43:31","2026-03-12 12:43:31"
2580,511,equipment,803,equipment,1,"2026-03-12 12:43:31","2026-03-12 12:43:31"
2581,197,item,686,normal,1,"2026-03-12 12:43:33","2026-03-12 12:43:33"
2582,197,item,753,rare,2,"2026-03-12 12:43:33","2026-03-12 12:43:33"
2583,197,orb,9,orb,1,"2026-03-12 12:43:33","2026-03-12 12:43:33"
2584,197,equipment,70,equipment,1,"2026-03-12 12:43:33","2026-03-12 12:43:33"
2585,629,item,609,normal,1,"2026-03-12 12:43:35","2026-03-12 12:43:35"
2586,629,item,753,rare,2,"2026-03-12 12:43:35","2026-03-12 12:43:35"
2587,629,orb,7,orb,1,"2026-03-12 12:43:35","2026-03-12 12:43:35"
2588,629,orb,285,orb,2,"2026-03-12 12:43:35","2026-03-12 12:43:35"
2589,629,orb,454,orb,3,"2026-03-12 12:43:35","2026-03-12 12:43:35"
2590,629,equipment,824,equipment,1,"2026-03-12 12:43:35","2026-03-12 12:43:35"
2591,629,equipment,838,equipment,2,"2026-03-12 12:43:35","2026-03-12 12:43:35"
2592,629,equipment,811,equipment,3,"2026-03-12 12:43:35","2026-03-12 12:43:35"
2593,296,item,393,normal,1,"2026-03-12 12:43:38","2026-03-12 12:43:38"
2595,296,orb,9,orb,1,"2026-03-12 12:43:38","2026-03-12 12:43:38"
2596,296,equipment,3,equipment,1,"2026-03-12 12:43:38","2026-03-12 12:43:38"
2597,88,item,699,normal,1,"2026-03-12 12:43:41","2026-03-12 12:43:41"
2598,88,item,47,rare,2,"2026-03-12 12:43:41","2026-03-12 12:43:41"
2599,88,orb,9,orb,1,"2026-03-12 12:43:41","2026-03-12 12:43:41"
2600,88,equipment,1555,equipment,1,"2026-03-12 12:43:41","2026-03-12 12:43:41"
2601,114,item,392,normal,1,"2026-03-12 12:43:43","2026-03-12 12:43:43"
2602,114,item,795,rare,2,"2026-03-12 12:43:43","2026-03-12 12:43:43"
2603,114,orb,9,orb,1,"2026-03-12 12:43:43","2026-03-12 12:43:43"
2604,114,equipment,1503,equipment,1,"2026-03-12 12:43:43","2026-03-12 12:43:43"
2605,160,item,749,normal,1,"2026-03-12 12:43:45","2026-03-12 12:43:45"
2606,160,item,805,rare,2,"2026-03-12 12:43:45","2026-03-12 12:43:45"
2607,160,orb,9,orb,1,"2026-03-12 12:43:45","2026-03-12 12:43:45"
2608,160,equipment,643,equipment,1,"2026-03-12 12:43:45","2026-03-12 12:43:45"
2609,611,item,816,normal,1,"2026-03-12 12:43:47","2026-03-12 12:43:47"
2610,611,item,687,rare,2,"2026-03-12 12:43:47","2026-03-12 12:43:47"
2611,611,orb,14,orb,1,"2026-03-12 12:43:47","2026-03-12 12:43:47"
2612,611,orb,65,orb,2,"2026-03-12 12:43:47","2026-03-12 12:43:47"
2613,611,orb,318,orb,3,"2026-03-12 12:43:47","2026-03-12 12:43:47"
2614,611,equipment,633,equipment,1,"2026-03-12 12:43:47","2026-03-12 12:43:47"
2615,611,equipment,628,equipment,2,"2026-03-12 12:43:47","2026-03-12 12:43:47"
2616,611,equipment,626,equipment,3,"2026-03-12 12:43:47","2026-03-12 12:43:47"
2617,852,item,807,normal,1,"2026-03-12 12:43:50","2026-03-12 12:43:50"
2618,852,item,786,rare,2,"2026-03-12 12:43:50","2026-03-12 12:43:50"
2619,852,orb,20,orb,1,"2026-03-12 12:43:50","2026-03-12 12:43:50"
2620,852,orb,105,orb,2,"2026-03-12 12:43:50","2026-03-12 12:43:50"
2621,852,orb,225,orb,3,"2026-03-12 12:43:50","2026-03-12 12:43:50"
2622,852,equipment,448,equipment,1,"2026-03-12 12:43:50","2026-03-12 12:43:50"
2623,25,item,392,normal,1,"2026-03-12 12:43:52","2026-03-12 12:43:52"
2624,25,item,638,rare,2,"2026-03-12 12:43:52","2026-03-12 12:43:52"
2625,25,orb,9,orb,1,"2026-03-12 12:43:52","2026-03-12 12:43:52"
2626,25,equipment,523,equipment,1,"2026-03-12 12:43:52","2026-03-12 12:43:52"
2627,853,item,392,normal,1,"2026-03-12 12:43:54","2026-03-12 12:43:54"
2628,853,item,850,rare,2,"2026-03-12 12:43:54","2026-03-12 12:43:54"
2629,853,orb,125,orb,1,"2026-03-12 12:43:54","2026-03-12 12:43:54"
2630,853,orb,254,orb,2,"2026-03-12 12:43:54","2026-03-12 12:43:54"
2631,853,orb,342,orb,3,"2026-03-12 12:43:54","2026-03-12 12:43:54"
2632,853,equipment,731,equipment,1,"2026-03-12 12:43:54","2026-03-12 12:43:54"
2633,853,equipment,735,equipment,2,"2026-03-12 12:43:54","2026-03-12 12:43:54"
2634,854,item,651,normal,1,"2026-03-12 12:43:56","2026-03-12 12:43:56"
2635,854,item,850,rare,2,"2026-03-12 12:43:56","2026-03-12 12:43:56"
2636,854,orb,9,orb,1,"2026-03-12 12:43:56","2026-03-12 12:43:56"
2637,854,orb,55,orb,2,"2026-03-12 12:43:56","2026-03-12 12:43:56"
2638,854,orb,121,orb,3,"2026-03-12 12:43:56","2026-03-12 12:43:56"
2639,854,equipment,706,equipment,1,"2026-03-12 12:43:56","2026-03-12 12:43:56"
2640,854,equipment,708,equipment,2,"2026-03-12 12:43:56","2026-03-12 12:43:56"
2641,854,equipment,710,equipment,3,"2026-03-12 12:43:56","2026-03-12 12:43:56"
2642,144,item,556,normal,1,"2026-03-12 12:43:59","2026-03-12 12:43:59"
2643,144,item,638,rare,2,"2026-03-12 12:43:59","2026-03-12 12:43:59"
2644,144,orb,9,orb,1,"2026-03-12 12:43:59","2026-03-12 12:43:59"
2645,144,equipment,557,equipment,1,"2026-03-12 12:43:59","2026-03-12 12:43:59"
2646,563,item,694,normal,1,"2026-03-12 12:44:02","2026-03-12 12:44:02"
2647,563,item,1342,rare,2,"2026-03-12 12:44:02","2026-03-12 12:44:02"
2648,563,orb,135,orb,1,"2026-03-12 12:44:02","2026-03-12 12:44:02"
2649,563,orb,311,orb,2,"2026-03-12 12:44:02","2026-03-12 12:44:02"
2650,563,orb,499,orb,3,"2026-03-12 12:44:02","2026-03-12 12:44:02"
2651,563,equipment,546,equipment,1,"2026-03-12 12:44:02","2026-03-12 12:44:02"
2652,57,item,720,normal,1,"2026-03-12 12:44:04","2026-03-12 12:44:04"
2653,57,item,795,rare,2,"2026-03-12 12:44:04","2026-03-12 12:44:04"
2654,57,orb,9,orb,1,"2026-03-12 12:44:04","2026-03-12 12:44:04"
2655,57,equipment,1520,equipment,1,"2026-03-12 12:44:04","2026-03-12 12:44:04"
2656,230,item,609,normal,1,"2026-03-12 12:44:06","2026-03-12 12:44:06"
2657,230,item,551,rare,2,"2026-03-12 12:44:06","2026-03-12 12:44:06"
2658,230,orb,9,orb,1,"2026-03-12 12:44:06","2026-03-12 12:44:06"
2659,230,equipment,349,equipment,1,"2026-03-12 12:44:06","2026-03-12 12:44:06"
2660,745,item,638,normal,1,"2026-03-12 12:44:08","2026-03-12 12:44:08"
2661,745,item,207,rare,2,"2026-03-12 12:44:08","2026-03-12 12:44:08"
2662,745,orb,103,orb,1,"2026-03-12 12:44:08","2026-03-12 12:44:08"
2663,745,equipment,192,equipment,1,"2026-03-12 12:44:08","2026-03-12 12:44:08"
2664,749,item,1330,normal,1,"2026-03-12 12:44:10","2026-03-12 12:44:10"
2665,749,item,1329,rare,2,"2026-03-12 12:44:10","2026-03-12 12:44:10"
2666,749,orb,9,orb,1,"2026-03-12 12:44:10","2026-03-12 12:44:10"
2667,749,equipment,394,equipment,1,"2026-03-12 12:44:10","2026-03-12 12:44:10"
2668,425,item,392,normal,1,"2026-03-12 12:44:12","2026-03-12 12:44:12"
2669,425,item,629,rare,2,"2026-03-12 12:44:12","2026-03-12 12:44:12"
2670,425,orb,264,orb,1,"2026-03-12 12:44:12","2026-03-12 12:44:12"
2671,425,orb,274,orb,2,"2026-03-12 12:44:12","2026-03-12 12:44:12"
2672,425,orb,463,orb,3,"2026-03-12 12:44:12","2026-03-12 12:44:12"
2673,425,equipment,500,equipment,1,"2026-03-12 12:44:12","2026-03-12 12:44:12"
2674,855,item,652,normal,1,"2026-03-12 12:44:15","2026-03-12 12:44:15"
2675,855,item,603,rare,2,"2026-03-12 12:44:15","2026-03-12 12:44:15"
2676,855,orb,16,orb,1,"2026-03-12 12:44:15","2026-03-12 12:44:15"
2677,855,orb,239,orb,2,"2026-03-12 12:44:15","2026-03-12 12:44:15"
2678,855,orb,266,orb,3,"2026-03-12 12:44:15","2026-03-12 12:44:15"
2679,855,equipment,411,equipment,1,"2026-03-12 12:44:15","2026-03-12 12:44:15"
2680,855,equipment,410,equipment,2,"2026-03-12 12:44:15","2026-03-12 12:44:15"
2681,855,equipment,409,equipment,3,"2026-03-12 12:44:15","2026-03-12 12:44:15"
2682,237,item,698,normal,1,"2026-03-12 12:44:17","2026-03-12 12:44:17"
2683,237,item,850,rare,2,"2026-03-12 12:44:17","2026-03-12 12:44:17"
2684,237,orb,9,orb,1,"2026-03-12 12:44:17","2026-03-12 12:44:17"
2685,237,equipment,142,equipment,1,"2026-03-12 12:44:17","2026-03-12 12:44:17"
2686,36,item,840,normal,1,"2026-03-12 12:44:19","2026-03-12 12:44:19"
2687,36,item,48,rare,2,"2026-03-12 12:44:19","2026-03-12 12:44:19"
2688,36,orb,9,orb,1,"2026-03-12 12:44:19","2026-03-12 12:44:19"
2689,36,equipment,282,equipment,1,"2026-03-12 12:44:19","2026-03-12 12:44:19"
2690,718,item,703,normal,1,"2026-03-12 12:44:21","2026-03-12 12:44:21"
2691,718,item,312,rare,2,"2026-03-12 12:44:21","2026-03-12 12:44:21"
2692,718,orb,9,orb,1,"2026-03-12 12:44:21","2026-03-12 12:44:21"
2693,718,equipment,81,equipment,1,"2026-03-12 12:44:21","2026-03-12 12:44:21"
2694,244,item,652,normal,1,"2026-03-12 12:44:23","2026-03-12 12:44:23"
2695,244,item,810,rare,2,"2026-03-12 12:44:23","2026-03-12 12:44:23"
2696,244,orb,80,orb,1,"2026-03-12 12:44:23","2026-03-12 12:44:23"
2697,244,orb,122,orb,2,"2026-03-12 12:44:23","2026-03-12 12:44:23"
2698,244,orb,142,orb,3,"2026-03-12 12:44:23","2026-03-12 12:44:23"
2699,244,equipment,1235,equipment,1,"2026-03-12 12:44:24","2026-03-12 12:44:24"
2700,244,equipment,1236,equipment,2,"2026-03-12 12:44:24","2026-03-12 12:44:24"
2701,856,item,652,normal,1,"2026-03-12 12:44:28","2026-03-12 12:44:28"
2702,856,item,744,rare,2,"2026-03-12 12:44:28","2026-03-12 12:44:28"
2703,856,orb,16,orb,1,"2026-03-12 12:44:28","2026-03-12 12:44:28"
2704,856,orb,32,orb,2,"2026-03-12 12:44:28","2026-03-12 12:44:28"
2705,856,orb,103,orb,3,"2026-03-12 12:44:28","2026-03-12 12:44:28"
2706,856,equipment,691,equipment,1,"2026-03-12 12:44:28","2026-03-12 12:44:28"
2707,856,equipment,692,equipment,2,"2026-03-12 12:44:28","2026-03-12 12:44:28"
2708,716,item,531,normal,1,"2026-03-12 12:44:31","2026-03-12 12:44:31"
2710,716,orb,9,orb,1,"2026-03-12 12:44:31","2026-03-12 12:44:31"
2711,716,equipment,230,equipment,1,"2026-03-12 12:44:31","2026-03-12 12:44:31"
2712,506,item,699,normal,1,"2026-03-12 12:44:33","2026-03-12 12:44:33"
2713,506,item,868,rare,2,"2026-03-12 12:44:33","2026-03-12 12:44:33"
2714,506,orb,44,orb,1,"2026-03-12 12:44:33","2026-03-12 12:44:33"
2715,506,orb,194,orb,2,"2026-03-12 12:44:33","2026-03-12 12:44:33"
2716,506,orb,281,orb,3,"2026-03-12 12:44:33","2026-03-12 12:44:33"
2717,506,equipment,873,equipment,1,"2026-03-12 12:44:33","2026-03-12 12:44:33"
2718,506,equipment,875,equipment,2,"2026-03-12 12:44:33","2026-03-12 12:44:33"
2719,506,equipment,877,equipment,3,"2026-03-12 12:44:33","2026-03-12 12:44:33"
2720,316,item,646,normal,1,"2026-03-12 12:44:35","2026-03-12 12:44:35"
2721,316,item,850,rare,2,"2026-03-12 12:44:35","2026-03-12 12:44:35"
2722,316,orb,8,orb,1,"2026-03-12 12:44:35","2026-03-12 12:44:35"
2723,316,orb,70,orb,2,"2026-03-12 12:44:35","2026-03-12 12:44:35"
2724,316,orb,231,orb,3,"2026-03-12 12:44:35","2026-03-12 12:44:35"
2725,316,equipment,931,equipment,1,"2026-03-12 12:44:35","2026-03-12 12:44:35"
2726,316,equipment,932,equipment,2,"2026-03-12 12:44:35","2026-03-12 12:44:35"
2727,195,item,673,normal,1,"2026-03-12 12:44:37","2026-03-12 12:44:37"
2728,195,item,567,rare,2,"2026-03-12 12:44:37","2026-03-12 12:44:37"
2729,195,orb,9,orb,1,"2026-03-12 12:44:37","2026-03-12 12:44:37"
2730,195,equipment,1271,equipment,1,"2026-03-12 12:44:37","2026-03-12 12:44:37"
2731,195,equipment,1272,equipment,2,"2026-03-12 12:44:37","2026-03-12 12:44:37"
2732,317,item,673,normal,1,"2026-03-12 12:44:39","2026-03-12 12:44:39"
2733,317,item,619,rare,2,"2026-03-12 12:44:39","2026-03-12 12:44:39"
2734,317,orb,31,orb,1,"2026-03-12 12:44:39","2026-03-12 12:44:39"
2735,317,orb,71,orb,2,"2026-03-12 12:44:39","2026-03-12 12:44:39"
2736,317,orb,390,orb,3,"2026-03-12 12:44:39","2026-03-12 12:44:39"
2737,317,equipment,933,equipment,1,"2026-03-12 12:44:39","2026-03-12 12:44:39"
2738,317,equipment,935,equipment,2,"2026-03-12 12:44:39","2026-03-12 12:44:39"
2739,785,item,735,normal,1,"2026-03-12 12:44:41","2026-03-12 12:44:41"
2740,785,item,487,rare,11,"2026-03-12 12:44:41","2026-03-20 18:45:43"
2741,785,orb,300,orb,1,"2026-03-12 12:44:41","2026-03-12 12:44:41"
2742,785,equipment,132,equipment,1,"2026-03-12 12:44:41","2026-03-12 12:44:41"
2743,785,equipment,131,equipment,2,"2026-03-12 12:44:41","2026-03-12 12:44:41"
2744,785,equipment,130,equipment,3,"2026-03-12 12:44:41","2026-03-12 12:44:41"
2745,857,item,816,normal,1,"2026-03-12 12:44:44","2026-03-12 12:44:44"
2746,857,item,687,rare,2,"2026-03-12 12:44:44","2026-03-12 12:44:44"
2747,857,orb,108,orb,1,"2026-03-12 12:44:44","2026-03-12 12:44:44"
2748,857,orb,259,orb,2,"2026-03-12 12:44:44","2026-03-12 12:44:44"
2749,857,equipment,46,equipment,1,"2026-03-12 12:44:44","2026-03-12 12:44:44"
2750,857,equipment,45,equipment,2,"2026-03-12 12:44:44","2026-03-12 12:44:44"
2751,125,item,860,normal,1,"2026-03-12 12:44:46","2026-03-12 12:44:46"
2752,125,item,835,rare,2,"2026-03-12 12:44:46","2026-03-12 12:44:46"
2753,125,orb,9,orb,1,"2026-03-12 12:44:46","2026-03-12 12:44:46"
2754,125,equipment,1491,equipment,1,"2026-03-12 12:44:46","2026-03-12 12:44:46"
2755,652,item,673,normal,1,"2026-03-12 12:44:48","2026-03-12 12:44:48"
2756,652,item,647,rare,2,"2026-03-12 12:44:49","2026-03-12 12:44:49"
2757,652,orb,21,orb,1,"2026-03-12 12:44:49","2026-03-12 12:44:49"
2758,652,orb,104,orb,2,"2026-03-12 12:44:49","2026-03-12 12:44:49"
2759,652,orb,444,orb,3,"2026-03-12 12:44:49","2026-03-12 12:44:49"
2760,652,equipment,853,equipment,1,"2026-03-12 12:44:49","2026-03-12 12:44:49"
2761,652,equipment,854,equipment,2,"2026-03-12 12:44:49","2026-03-12 12:44:49"
2762,652,equipment,856,equipment,3,"2026-03-12 12:44:49","2026-03-12 12:44:49"
2763,666,item,597,normal,1,"2026-03-12 12:44:51","2026-03-12 12:44:51"
2764,666,item,648,rare,2,"2026-03-12 12:44:51","2026-03-12 12:44:51"
2765,666,orb,22,orb,1,"2026-03-12 12:44:51","2026-03-12 12:44:51"
2766,666,orb,326,orb,2,"2026-03-12 12:44:51","2026-03-12 12:44:51"
2767,666,orb,523,orb,3,"2026-03-12 12:44:51","2026-03-12 12:44:51"
2768,666,equipment,531,equipment,1,"2026-03-12 12:44:51","2026-03-12 12:44:51"
2769,666,equipment,530,equipment,2,"2026-03-12 12:44:51","2026-03-12 12:44:51"
2770,438,item,392,normal,1,"2026-03-12 12:44:53","2026-03-12 12:44:53"
2771,438,item,861,rare,2,"2026-03-12 12:44:53","2026-03-12 12:44:53"
2772,438,orb,198,orb,1,"2026-03-12 12:44:53","2026-03-12 12:44:53"
2773,438,orb,448,orb,2,"2026-03-12 12:44:53","2026-03-12 12:44:53"
2774,438,orb,453,orb,3,"2026-03-12 12:44:53","2026-03-12 12:44:53"
2775,438,equipment,1087,equipment,1,"2026-03-12 12:44:53","2026-03-12 12:44:53"
2776,438,equipment,1091,equipment,2,"2026-03-12 12:44:53","2026-03-12 12:44:53"
2777,615,item,591,normal,1,"2026-03-12 12:44:55","2026-03-12 12:44:55"
2778,615,item,868,rare,2,"2026-03-12 12:44:55","2026-03-12 12:44:55"
2779,615,orb,49,orb,1,"2026-03-12 12:44:55","2026-03-12 12:44:55"
2780,615,orb,305,orb,2,"2026-03-12 12:44:55","2026-03-12 12:44:55"
2781,615,orb,480,orb,3,"2026-03-12 12:44:55","2026-03-12 12:44:55"
2782,615,equipment,830,equipment,1,"2026-03-12 12:44:55","2026-03-12 12:44:55"
2783,615,equipment,831,equipment,2,"2026-03-12 12:44:55","2026-03-12 12:44:55"
2784,507,item,867,normal,1,"2026-03-12 12:44:57","2026-03-12 12:44:57"
2785,507,item,536,rare,2,"2026-03-12 12:44:57","2026-03-12 12:44:57"
2786,507,orb,133,orb,1,"2026-03-12 12:44:57","2026-03-12 12:44:57"
2787,507,orb,69,orb,2,"2026-03-12 12:44:57","2026-03-12 12:44:57"
2788,507,orb,416,orb,3,"2026-03-12 12:44:57","2026-03-12 12:44:57"
2789,507,equipment,878,equipment,1,"2026-03-12 12:44:57","2026-03-12 12:44:57"
2790,507,equipment,880,equipment,2,"2026-03-12 12:44:57","2026-03-12 12:44:57"
2791,507,equipment,882,equipment,3,"2026-03-12 12:44:57","2026-03-12 12:44:57"
2792,181,item,686,normal,1,"2026-03-12 12:44:59","2026-03-12 12:44:59"
2793,181,item,611,rare,2,"2026-03-12 12:44:59","2026-03-12 12:44:59"
2794,181,orb,9,orb,1,"2026-03-12 12:44:59","2026-03-12 12:44:59"
2795,181,equipment,555,equipment,1,"2026-03-12 12:44:59","2026-03-12 12:44:59"
2796,618,item,848,normal,1,"2026-03-12 12:45:02","2026-03-12 12:45:02"
2797,618,item,648,rare,2,"2026-03-12 12:45:02","2026-03-12 12:45:02"
2798,618,orb,38,orb,1,"2026-03-12 12:45:02","2026-03-12 12:45:02"
2799,618,orb,303,orb,2,"2026-03-12 12:45:02","2026-03-12 12:45:02"
2800,618,orb,512,orb,3,"2026-03-12 12:45:02","2026-03-12 12:45:02"
2801,618,equipment,870,equipment,1,"2026-03-12 12:45:02","2026-03-12 12:45:02"
2802,618,equipment,871,equipment,2,"2026-03-12 12:45:02","2026-03-12 12:45:02"
2803,618,equipment,872,equipment,3,"2026-03-12 12:45:02","2026-03-12 12:45:02"
2804,386,item,249,normal,1,"2026-03-12 12:45:04","2026-03-12 12:45:04"
2805,386,item,1239,rare,2,"2026-03-12 12:45:04","2026-03-12 12:45:04"
2806,386,orb,6,orb,1,"2026-03-12 12:45:04","2026-03-12 12:45:04"
2807,386,orb,171,orb,2,"2026-03-12 12:45:05","2026-03-12 12:45:05"
2808,386,orb,146,orb,3,"2026-03-12 12:45:05","2026-03-12 12:45:05"
2809,386,equipment,958,equipment,1,"2026-03-12 12:45:05","2026-03-12 12:45:05"
2810,386,equipment,960,equipment,2,"2026-03-12 12:45:05","2026-03-12 12:45:05"
2811,570,item,840,normal,1,"2026-03-12 12:45:07","2026-03-12 12:45:07"
2812,570,item,487,rare,12,"2026-03-12 12:45:07","2026-03-20 18:45:43"
2813,570,orb,284,orb,1,"2026-03-12 12:45:07","2026-03-12 12:45:07"
2814,570,orb,143,orb,2,"2026-03-12 12:45:07","2026-03-12 12:45:07"
2815,570,orb,515,orb,3,"2026-03-12 12:45:07","2026-03-12 12:45:07"
2816,570,equipment,946,equipment,1,"2026-03-12 12:45:07","2026-03-12 12:45:07"
2817,570,equipment,947,equipment,2,"2026-03-12 12:45:07","2026-03-12 12:45:07"
2818,570,equipment,948,equipment,3,"2026-03-12 12:45:07","2026-03-12 12:45:07"
2819,110,item,180,normal,1,"2026-03-12 12:45:09","2026-03-12 12:45:09"
2820,110,item,1376,rare,2,"2026-03-12 12:45:09","2026-03-12 12:45:09"
2821,110,orb,9,orb,1,"2026-03-12 12:45:09","2026-03-12 12:45:09"
2822,110,equipment,399,equipment,1,"2026-03-12 12:45:09","2026-03-12 12:45:09"
2823,681,item,762,normal,1,"2026-03-12 12:45:11","2026-03-12 12:45:11"
2824,681,item,603,rare,2,"2026-03-12 12:45:11","2026-03-12 12:45:11"
2825,681,orb,34,orb,1,"2026-03-12 12:45:11","2026-03-12 12:45:11"
2826,681,orb,83,orb,2,"2026-03-12 12:45:11","2026-03-12 12:45:11"
2827,681,orb,332,orb,3,"2026-03-12 12:45:11","2026-03-12 12:45:11"
2828,681,equipment,384,equipment,1,"2026-03-12 12:45:11","2026-03-12 12:45:11"
2829,681,equipment,836,equipment,2,"2026-03-12 12:45:11","2026-03-12 12:45:11"
2830,681,equipment,304,equipment,3,"2026-03-12 12:45:11","2026-03-12 12:45:11"
2831,575,item,720,normal,1,"2026-03-12 12:45:13","2026-03-12 12:45:13"
2832,575,item,702,rare,2,"2026-03-12 12:45:13","2026-03-12 12:45:13"
2833,575,orb,116,orb,1,"2026-03-12 12:45:13","2026-03-12 12:45:13"
2834,575,orb,284,orb,2,"2026-03-12 12:45:13","2026-03-12 12:45:13"
2835,575,orb,452,orb,3,"2026-03-12 12:45:13","2026-03-12 12:45:13"
2836,575,equipment,188,equipment,1,"2026-03-12 12:45:13","2026-03-12 12:45:13"
2837,293,item,732,normal,1,"2026-03-12 12:45:15","2026-03-12 12:45:15"
2838,293,item,703,rare,2,"2026-03-12 12:45:15","2026-03-12 12:45:15"
2839,293,orb,204,orb,1,"2026-03-12 12:45:15","2026-03-12 12:45:15"
2840,293,orb,261,orb,2,"2026-03-12 12:45:15","2026-03-12 12:45:15"
2841,293,orb,413,orb,3,"2026-03-12 12:45:15","2026-03-12 12:45:15"
2842,293,equipment,1514,equipment,1,"2026-03-12 12:45:15","2026-03-12 12:45:15"
2843,293,equipment,1515,equipment,2,"2026-03-12 12:45:15","2026-03-12 12:45:15"
2844,858,item,732,normal,1,"2026-03-12 12:45:17","2026-03-12 12:45:17"
2845,858,item,550,rare,2,"2026-03-12 12:45:17","2026-03-12 12:45:17"
2846,858,orb,71,orb,1,"2026-03-12 12:45:17","2026-03-12 12:45:17"
2847,858,orb,351,orb,2,"2026-03-12 12:45:17","2026-03-12 12:45:17"
2848,858,orb,413,orb,3,"2026-03-12 12:45:17","2026-03-12 12:45:17"
2849,858,equipment,166,equipment,1,"2026-03-12 12:45:17","2026-03-12 12:45:17"
2850,858,equipment,165,equipment,2,"2026-03-12 12:45:17","2026-03-12 12:45:17"
2851,163,item,699,normal,1,"2026-03-12 12:45:19","2026-03-12 12:45:19"
2852,163,item,781,rare,2,"2026-03-12 12:45:19","2026-03-12 12:45:19"
2853,163,orb,9,orb,1,"2026-03-12 12:45:19","2026-03-12 12:45:19"
2854,163,equipment,75,equipment,1,"2026-03-12 12:45:19","2026-03-12 12:45:19"
2855,665,item,845,normal,1,"2026-03-12 12:45:21","2026-03-12 12:45:21"
2856,665,item,819,rare,2,"2026-03-12 12:45:21","2026-03-12 12:45:21"
2857,665,orb,4,orb,1,"2026-03-12 12:45:21","2026-03-12 12:45:21"
2858,665,orb,189,orb,2,"2026-03-12 12:45:21","2026-03-12 12:45:21"
2859,665,orb,444,orb,3,"2026-03-12 12:45:21","2026-03-12 12:45:21"
2860,665,equipment,917,equipment,1,"2026-03-12 12:45:21","2026-03-12 12:45:21"
2861,665,equipment,918,equipment,2,"2026-03-12 12:45:21","2026-03-12 12:45:21"
2862,665,equipment,920,equipment,3,"2026-03-12 12:45:21","2026-03-12 12:45:21"
2863,313,item,633,normal,1,"2026-03-12 12:45:23","2026-03-12 12:45:23"
2864,313,item,919,rare,2,"2026-03-12 12:45:23","2026-03-12 12:45:23"
2865,313,orb,4,orb,1,"2026-03-12 12:45:23","2026-03-12 12:45:23"
2866,313,orb,80,orb,2,"2026-03-12 12:45:23","2026-03-12 12:45:23"
2867,313,orb,353,orb,3,"2026-03-12 12:45:23","2026-03-12 12:45:23"
2868,313,equipment,1256,equipment,1,"2026-03-12 12:45:23","2026-03-12 12:45:23"
2869,313,equipment,1257,equipment,2,"2026-03-12 12:45:23","2026-03-12 12:45:23"
2870,661,item,816,normal,1,"2026-03-12 12:45:26","2026-03-12 12:45:26"
2871,661,item,708,rare,1,"2026-03-12 12:45:26","2026-05-12 07:44:10"
2872,661,orb,65,orb,1,"2026-03-12 12:45:26","2026-03-12 12:45:26"
2873,661,orb,218,orb,2,"2026-03-12 12:45:26","2026-03-12 12:45:26"
2874,661,orb,359,orb,3,"2026-03-12 12:45:26","2026-03-12 12:45:26"
2875,661,equipment,820,equipment,1,"2026-03-12 12:45:26","2026-03-12 12:45:26"
2876,661,equipment,821,equipment,2,"2026-03-12 12:45:26","2026-03-12 12:45:26"
2877,661,equipment,822,equipment,3,"2026-03-12 12:45:26","2026-03-12 12:45:26"
2878,77,item,653,normal,1,"2026-03-12 12:45:28","2026-03-12 12:45:28"
2879,77,item,810,rare,2,"2026-03-12 12:45:28","2026-03-12 12:45:28"
2880,77,orb,9,orb,1,"2026-03-12 12:45:28","2026-03-12 12:45:28"
2881,77,equipment,158,equipment,1,"2026-03-12 12:45:28","2026-03-12 12:45:28"
2882,446,item,651,normal,1,"2026-03-12 12:45:30","2026-03-12 12:45:30"
2883,446,item,1427,rare,2,"2026-03-12 12:45:30","2026-03-12 12:45:30"
2884,446,orb,34,orb,1,"2026-03-12 12:45:30","2026-03-12 12:45:30"
2885,446,orb,208,orb,2,"2026-03-12 12:45:30","2026-03-12 12:45:30"
2886,446,orb,515,orb,3,"2026-03-12 12:45:30","2026-03-12 12:45:30"
2887,446,equipment,574,equipment,1,"2026-03-12 12:45:30","2026-03-12 12:45:30"
2888,773,item,554,normal,1,"2026-03-12 12:45:32","2026-03-12 12:45:32"
2889,773,accessory,28,rare,2,"2026-03-12 12:45:32","2026-03-12 12:45:32"
2890,773,orb,439,orb,1,"2026-03-12 12:45:32","2026-03-12 12:45:32"
2891,773,equipment,197,equipment,1,"2026-03-12 12:45:32","2026-03-12 12:45:32"
2892,773,equipment,277,equipment,2,"2026-03-12 12:45:32","2026-03-12 12:45:32"
2893,773,equipment,357,equipment,3,"2026-03-12 12:45:32","2026-03-12 12:45:32"
2894,167,item,802,normal,1,"2026-03-12 12:45:34","2026-03-12 12:45:34"
2895,167,item,551,rare,2,"2026-03-12 12:45:34","2026-03-12 12:45:34"
2896,167,orb,9,orb,1,"2026-03-12 12:45:34","2026-03-12 12:45:34"
2897,167,equipment,1337,equipment,1,"2026-03-12 12:45:34","2026-03-12 12:45:34"
2898,167,equipment,1347,equipment,2,"2026-03-12 12:45:34","2026-03-12 12:45:34"
2899,167,equipment,1327,equipment,3,"2026-03-12 12:45:34","2026-03-12 12:45:34"
2900,697,item,867,normal,1,"2026-03-12 12:45:36","2026-03-12 12:45:36"
2901,697,item,708,rare,4,"2026-03-12 12:45:36","2026-05-12 07:44:10"
2902,697,orb,88,orb,1,"2026-03-12 12:45:36","2026-03-12 12:45:36"
2903,697,orb,313,orb,2,"2026-03-12 12:45:36","2026-03-12 12:45:36"
2904,697,equipment,627,equipment,1,"2026-03-12 12:45:36","2026-03-12 12:45:36"
2905,697,equipment,626,equipment,2,"2026-03-12 12:45:36","2026-03-12 12:45:36"
2906,338,item,633,normal,1,"2026-03-12 12:45:38","2026-03-12 12:45:38"
2907,338,item,702,rare,2,"2026-03-12 12:45:38","2026-03-12 12:45:38"
2908,338,orb,37,orb,1,"2026-03-12 12:45:38","2026-03-12 12:45:38"
2909,338,orb,263,orb,2,"2026-03-12 12:45:38","2026-03-12 12:45:38"
2910,338,orb,357,orb,3,"2026-03-12 12:45:38","2026-03-12 12:45:38"
2911,338,equipment,53,equipment,1,"2026-03-12 12:45:38","2026-03-12 12:45:38"
2912,338,equipment,51,equipment,2,"2026-03-12 12:45:38","2026-03-12 12:45:38"
2913,303,item,591,normal,1,"2026-03-12 12:45:43","2026-03-12 12:45:43"
2914,303,item,753,rare,2,"2026-03-12 12:45:43","2026-03-12 12:45:43"
2915,303,orb,1,orb,1,"2026-03-12 12:45:43","2026-03-12 12:45:43"
2916,303,orb,40,orb,2,"2026-03-12 12:45:43","2026-03-12 12:45:43"
2917,303,orb,156,orb,3,"2026-03-12 12:45:43","2026-03-12 12:45:43"
2918,303,equipment,1278,equipment,1,"2026-03-12 12:45:43","2026-03-12 12:45:43"
2919,303,equipment,1283,equipment,2,"2026-03-12 12:45:43","2026-03-12 12:45:43"
2920,303,equipment,1273,equipment,3,"2026-03-12 12:45:43","2026-03-12 12:45:43"
2921,859,item,762,normal,1,"2026-03-12 12:45:45","2026-03-12 12:45:45"
2922,859,item,554,rare,2,"2026-03-12 12:45:45","2026-03-12 12:45:45"
2923,859,orb,136,orb,1,"2026-03-12 12:45:45","2026-03-12 12:45:45"
2924,859,orb,300,orb,2,"2026-03-12 12:45:45","2026-03-12 12:45:45"
2925,859,orb,361,orb,3,"2026-03-12 12:45:45","2026-03-12 12:45:45"
2926,859,equipment,7,equipment,1,"2026-03-12 12:45:45","2026-03-12 12:45:45"
2927,859,equipment,6,equipment,2,"2026-03-12 12:45:45","2026-03-12 12:45:45"
2928,672,item,567,normal,1,"2026-03-12 12:45:47","2026-03-12 12:45:47"
2929,672,item,554,rare,2,"2026-03-12 12:45:47","2026-03-12 12:45:47"
2930,672,orb,1,orb,1,"2026-03-12 12:45:47","2026-03-12 12:45:47"
2931,672,orb,431,orb,2,"2026-03-12 12:45:47","2026-03-12 12:45:47"
2932,672,orb,533,orb,3,"2026-03-12 12:45:47","2026-03-12 12:45:47"
2933,672,equipment,295,equipment,1,"2026-03-12 12:45:47","2026-03-12 12:45:47"
2934,301,item,595,normal,1,"2026-03-12 12:45:49","2026-03-12 12:45:49"
2935,301,item,834,rare,2,"2026-03-12 12:45:49","2026-03-12 12:45:49"
2936,301,orb,4,orb,1,"2026-03-12 12:45:49","2026-03-12 12:45:49"
2937,301,orb,80,orb,2,"2026-03-12 12:45:49","2026-03-12 12:45:49"
2938,301,orb,213,orb,3,"2026-03-12 12:45:49","2026-03-12 12:45:49"
2939,301,equipment,1111,equipment,1,"2026-03-12 12:45:49","2026-03-12 12:45:49"
2940,301,equipment,1112,equipment,2,"2026-03-12 12:45:49","2026-03-12 12:45:49"
2941,527,item,844,normal,1,"2026-03-12 12:45:51","2026-03-12 12:45:51"
2942,527,item,47,rare,2,"2026-03-12 12:45:51","2026-03-12 12:45:51"
2943,527,orb,191,orb,1,"2026-03-12 12:45:51","2026-03-12 12:45:51"
2944,527,orb,197,orb,2,"2026-03-12 12:45:51","2026-03-12 12:45:51"
2945,527,orb,394,orb,3,"2026-03-12 12:45:51","2026-03-12 12:45:51"
2946,527,equipment,897,equipment,1,"2026-03-12 12:45:51","2026-03-12 12:45:51"
2947,527,equipment,898,equipment,2,"2026-03-12 12:45:51","2026-03-12 12:45:51"
2948,527,equipment,900,equipment,3,"2026-03-12 12:45:51","2026-03-12 12:45:51"
2949,860,item,609,normal,1,"2026-03-12 12:45:53","2026-03-12 12:45:53"
2950,860,item,594,rare,2,"2026-03-12 12:45:53","2026-03-12 12:45:53"
2951,860,orb,194,orb,1,"2026-03-12 12:45:53","2026-03-12 12:45:53"
2952,860,orb,342,orb,2,"2026-03-12 12:45:53","2026-03-12 12:45:53"
2953,860,orb,469,orb,3,"2026-03-12 12:45:53","2026-03-12 12:45:53"
2954,860,equipment,752,equipment,1,"2026-03-12 12:45:53","2026-03-12 12:45:53"
2955,860,equipment,755,equipment,2,"2026-03-12 12:45:53","2026-03-12 12:45:53"
2956,861,item,760,normal,1,"2026-03-12 12:45:55","2026-03-12 12:45:55"
2957,861,item,883,rare,2,"2026-03-12 12:45:55","2026-03-12 12:45:55"
2958,861,orb,3,orb,1,"2026-03-12 12:45:55","2026-03-12 12:45:55"
2959,861,orb,35,orb,2,"2026-03-12 12:45:55","2026-03-12 12:45:55"
2960,861,orb,530,orb,3,"2026-03-12 12:45:55","2026-03-12 12:45:55"
2961,861,equipment,621,equipment,1,"2026-03-12 12:45:55","2026-03-12 12:45:55"
2962,861,equipment,620,equipment,2,"2026-03-12 12:45:55","2026-03-12 12:45:55"
2963,861,equipment,619,equipment,3,"2026-03-12 12:45:55","2026-03-12 12:45:55"
2964,786,item,834,normal,1,"2026-03-12 12:45:57","2026-03-12 12:45:57"
2966,786,orb,307,orb,1,"2026-03-12 12:45:57","2026-03-12 12:45:57"
2967,786,equipment,243,equipment,1,"2026-03-12 12:45:57","2026-03-12 12:45:57"
2968,122,item,731,normal,1,"2026-03-12 12:46:00","2026-03-12 12:46:00"
2969,122,item,1031,rare,2,"2026-03-12 12:46:00","2026-03-12 12:46:00"
2970,122,orb,9,orb,1,"2026-03-12 12:46:00","2026-03-12 12:46:00"
2971,122,equipment,152,equipment,1,"2026-03-12 12:46:00","2026-03-12 12:46:00"
2972,32,item,248,normal,1,"2026-03-12 12:46:02","2026-03-12 12:46:02"
2973,32,item,638,rare,2,"2026-03-12 12:46:02","2026-03-12 12:46:02"
2974,32,orb,9,orb,1,"2026-03-12 12:46:02","2026-03-12 12:46:02"
2975,32,equipment,121,equipment,1,"2026-03-12 12:46:02","2026-03-12 12:46:02"
2976,158,item,751,normal,1,"2026-03-12 12:46:05","2026-03-12 12:46:05"
2977,158,item,47,rare,2,"2026-03-12 12:46:05","2026-03-12 12:46:05"
2978,158,orb,9,orb,1,"2026-03-12 12:46:05","2026-03-12 12:46:05"
2979,158,equipment,1506,equipment,1,"2026-03-12 12:46:05","2026-03-12 12:46:05"
2980,58,item,249,normal,1,"2026-03-12 12:46:07","2026-03-12 12:46:07"
2981,58,item,48,rare,2,"2026-03-12 12:46:07","2026-03-12 12:46:07"
2982,58,orb,9,orb,1,"2026-03-12 12:46:07","2026-03-12 12:46:07"
2983,58,equipment,1533,equipment,1,"2026-03-12 12:46:07","2026-03-12 12:46:07"
2984,862,item,249,normal,1,"2026-03-12 12:46:09","2026-03-12 12:46:09"
2985,862,item,810,rare,2,"2026-03-12 12:46:09","2026-03-12 12:46:09"
2986,862,orb,89,orb,1,"2026-03-12 12:46:09","2026-03-12 12:46:09"
2987,862,orb,132,orb,2,"2026-03-12 12:46:09","2026-03-12 12:46:09"
2988,862,orb,506,orb,3,"2026-03-12 12:46:09","2026-03-12 12:46:09"
2989,862,equipment,732,equipment,1,"2026-03-12 12:46:09","2026-03-12 12:46:09"
2990,862,equipment,733,equipment,2,"2026-03-12 12:46:09","2026-03-12 12:46:09"
2991,862,equipment,734,equipment,3,"2026-03-12 12:46:09","2026-03-12 12:46:09"
2992,41,item,643,normal,1,"2026-03-12 12:46:11","2026-03-12 12:46:11"
2993,41,item,567,rare,2,"2026-03-12 12:46:11","2026-03-12 12:46:11"
2994,41,orb,9,orb,1,"2026-03-12 12:46:11","2026-03-12 12:46:11"
2995,41,equipment,1543,equipment,1,"2026-03-12 12:46:11","2026-03-12 12:46:11"
2996,460,item,643,normal,1,"2026-03-12 12:46:15","2026-03-12 12:46:15"
2997,460,item,648,rare,2,"2026-03-12 12:46:15","2026-03-12 12:46:15"
2998,460,orb,190,orb,1,"2026-03-12 12:46:15","2026-03-12 12:46:15"
2999,460,orb,476,orb,2,"2026-03-12 12:46:15","2026-03-12 12:46:15"
3000,460,orb,496,orb,3,"2026-03-12 12:46:15","2026-03-12 12:46:15"
3001,460,equipment,843,equipment,1,"2026-03-12 12:46:15","2026-03-12 12:46:15"
3002,460,equipment,845,equipment,2,"2026-03-12 12:46:15","2026-03-12 12:46:15"
3003,460,equipment,846,equipment,3,"2026-03-12 12:46:15","2026-03-12 12:46:15"
3004,726,item,805,normal,1,"2026-03-12 12:46:17","2026-03-12 12:46:17"
3005,726,item,1032,rare,2,"2026-03-12 12:46:17","2026-03-12 12:46:17"
3006,726,orb,9,orb,1,"2026-03-12 12:46:17","2026-03-12 12:46:17"
3007,726,equipment,239,equipment,1,"2026-03-12 12:46:17","2026-03-12 12:46:17"
3008,411,item,762,normal,1,"2026-03-12 12:46:19","2026-03-12 12:46:19"
3009,411,item,866,rare,2,"2026-03-12 12:46:19","2026-03-12 12:46:19"
3010,411,orb,34,orb,1,"2026-03-12 12:46:19","2026-03-12 12:46:19"
3011,411,orb,98,orb,2,"2026-03-12 12:46:19","2026-03-12 12:46:19"
3012,411,orb,213,orb,3,"2026-03-12 12:46:19","2026-03-12 12:46:19"
3013,411,equipment,99,equipment,1,"2026-03-12 12:46:19","2026-03-12 12:46:19"
3014,442,item,728,normal,1,"2026-03-12 12:46:22","2026-03-12 12:46:22"
3016,442,orb,18,orb,1,"2026-03-12 12:46:22","2026-03-12 12:46:22"
3017,442,orb,384,orb,2,"2026-03-12 12:46:22","2026-03-12 12:46:22"
3018,442,orb,464,orb,3,"2026-03-12 12:46:22","2026-03-12 12:46:22"
3019,442,equipment,937,equipment,1,"2026-03-12 12:46:22","2026-03-12 12:46:22"
3020,442,equipment,939,equipment,2,"2026-03-12 12:46:22","2026-03-12 12:46:22"
3021,267,item,392,normal,1,"2026-03-12 12:46:23","2026-03-12 12:46:23"
3022,267,item,1430,rare,2,"2026-03-12 12:46:23","2026-03-12 12:46:23"
3023,267,orb,95,orb,1,"2026-03-12 12:46:23","2026-03-12 12:46:23"
3024,267,orb,280,orb,2,"2026-03-12 12:46:23","2026-03-12 12:46:23"
3025,267,orb,485,orb,3,"2026-03-12 12:46:23","2026-03-12 12:46:23"
3026,267,equipment,1234,equipment,1,"2026-03-12 12:46:23","2026-03-12 12:46:23"
3027,267,equipment,1236,equipment,2,"2026-03-12 12:46:23","2026-03-12 12:46:23"
3028,863,item,241,normal,1,"2026-03-12 12:46:26","2026-03-12 12:46:26"
3029,863,item,656,rare,2,"2026-03-12 12:46:26","2026-03-12 12:46:26"
3030,863,orb,117,orb,1,"2026-03-12 12:46:26","2026-03-12 12:46:26"
3031,863,orb,156,orb,2,"2026-03-12 12:46:26","2026-03-12 12:46:26"
3032,863,orb,410,orb,3,"2026-03-12 12:46:26","2026-03-12 12:46:26"
3033,863,equipment,126,equipment,1,"2026-03-12 12:46:26","2026-03-12 12:46:26"
3034,863,equipment,125,equipment,2,"2026-03-12 12:46:26","2026-03-12 12:46:26"
3035,83,item,617,normal,1,"2026-03-12 12:46:28","2026-03-12 12:46:28"
3036,83,item,781,rare,2,"2026-03-12 12:46:28","2026-03-12 12:46:28"
3037,83,orb,9,orb,1,"2026-03-12 12:46:28","2026-03-12 12:46:28"
3038,83,equipment,117,equipment,1,"2026-03-12 12:46:28","2026-03-12 12:46:28"
3039,11,item,651,normal,1,"2026-03-12 12:46:30","2026-03-12 12:46:30"
3040,11,item,807,rare,2,"2026-03-12 12:46:30","2026-03-12 12:46:30"
3041,11,orb,9,orb,1,"2026-03-12 12:46:30","2026-03-12 12:46:30"
3042,11,equipment,403,equipment,1,"2026-03-12 12:46:30","2026-03-12 12:46:30"
3043,11,equipment,444,equipment,2,"2026-03-12 12:46:30","2026-03-12 12:46:30"
3044,11,equipment,524,equipment,3,"2026-03-12 12:46:30","2026-03-12 12:46:30"
3045,404,item,651,normal,1,"2026-03-12 12:46:32","2026-03-12 12:46:32"
3046,404,item,868,rare,2,"2026-03-12 12:46:32","2026-03-12 12:46:32"
3047,404,orb,86,orb,1,"2026-03-12 12:46:32","2026-03-12 12:46:32"
3048,404,orb,238,orb,2,"2026-03-12 12:46:32","2026-03-12 12:46:32"
3049,404,orb,320,orb,3,"2026-03-12 12:46:32","2026-03-12 12:46:32"
3050,404,equipment,416,equipment,1,"2026-03-12 12:46:32","2026-03-12 12:46:32"
3051,404,equipment,415,equipment,2,"2026-03-12 12:46:32","2026-03-12 12:46:32"
3052,864,item,651,normal,1,"2026-03-12 12:46:34","2026-03-12 12:46:34"
3053,864,item,807,rare,2,"2026-03-12 12:46:34","2026-03-12 12:46:34"
3054,864,orb,36,orb,1,"2026-03-12 12:46:34","2026-03-12 12:46:34"
3055,864,orb,106,orb,2,"2026-03-12 12:46:34","2026-03-12 12:46:34"
3057,864,equipment,765,equipment,1,"2026-03-12 12:46:35","2026-03-12 12:46:35"
3058,864,equipment,766,equipment,2,"2026-03-12 12:46:35","2026-03-12 12:46:35"
3059,140,item,651,normal,1,"2026-03-12 12:46:37","2026-03-12 12:46:37"
3060,140,item,551,rare,2,"2026-03-12 12:46:37","2026-03-12 12:46:37"
3061,140,orb,9,orb,1,"2026-03-12 12:46:37","2026-03-12 12:46:37"
3062,140,equipment,516,equipment,1,"2026-03-12 12:46:37","2026-03-12 12:46:37"
3063,865,item,591,normal,1,"2026-03-12 12:46:39","2026-03-12 12:46:39"
3064,865,item,798,rare,2,"2026-03-12 12:46:39","2026-03-12 12:46:39"
3065,865,orb,42,orb,1,"2026-03-12 12:46:39","2026-03-12 12:46:39"
3066,865,orb,328,orb,2,"2026-03-12 12:46:39","2026-03-12 12:46:39"
3067,865,orb,437,orb,3,"2026-03-12 12:46:39","2026-03-12 12:46:39"
3068,865,equipment,250,equipment,1,"2026-03-12 12:46:39","2026-03-12 12:46:39"
3069,865,equipment,249,equipment,2,"2026-03-12 12:46:39","2026-03-12 12:46:39"
3070,865,equipment,248,equipment,3,"2026-03-12 12:46:39","2026-03-12 12:46:39"
3071,429,item,716,normal,1,"2026-03-12 12:46:41","2026-03-12 12:46:41"
3072,429,item,752,rare,2,"2026-03-12 12:46:41","2026-03-12 12:46:41"
3073,429,orb,222,orb,1,"2026-03-12 12:46:41","2026-03-12 12:46:41"
3074,429,orb,393,orb,1,"2026-03-12 12:46:41","2026-03-25 07:42:35"
3075,429,orb,531,orb,3,"2026-03-12 12:46:41","2026-03-12 12:46:41"
3076,429,equipment,902,equipment,1,"2026-03-12 12:46:41","2026-03-12 12:46:41"
3077,429,equipment,905,equipment,2,"2026-03-12 12:46:41","2026-03-12 12:46:41"
3079,769,item,856,rare,2,"2026-03-12 12:46:43","2026-03-12 12:46:43"
3080,769,orb,9,orb,1,"2026-03-12 12:46:43","2026-03-12 12:46:43"
3081,769,equipment,902,equipment,1,"2026-03-12 12:46:43","2026-03-12 12:46:43"
3082,769,equipment,905,equipment,2,"2026-03-12 12:46:43","2026-03-12 12:46:43"
3083,202,item,591,normal,1,"2026-03-12 12:46:45","2026-03-12 12:46:45"
3084,202,item,753,rare,2,"2026-03-12 12:46:45","2026-03-12 12:46:45"
3085,202,orb,9,orb,1,"2026-03-12 12:46:45","2026-03-12 12:46:45"
3086,202,equipment,271,equipment,1,"2026-03-12 12:46:45","2026-03-12 12:46:45"
3087,630,item,591,normal,1,"2026-03-12 12:46:48","2026-03-12 12:46:48"
3088,630,item,753,rare,2,"2026-03-12 12:46:48","2026-03-12 12:46:48"
3089,630,orb,23,orb,1,"2026-03-12 12:46:48","2026-03-12 12:46:48"
3090,630,orb,322,orb,2,"2026-03-12 12:46:48","2026-03-12 12:46:48"
3091,630,orb,440,orb,3,"2026-03-12 12:46:48","2026-03-12 12:46:48"
3092,630,equipment,253,equipment,1,"2026-03-12 12:46:48","2026-03-12 12:46:48"
3093,630,equipment,252,equipment,2,"2026-03-12 12:46:48","2026-03-12 12:46:48"
3094,630,equipment,251,equipment,3,"2026-03-12 12:46:48","2026-03-12 12:46:48"
3095,536,item,591,normal,1,"2026-03-12 12:46:52","2026-03-12 12:46:52"
3096,536,item,648,rare,2,"2026-03-12 12:46:52","2026-03-12 12:46:52"
3097,536,orb,374,orb,1,"2026-03-12 12:46:52","2026-03-12 12:46:52"
3098,536,orb,414,orb,2,"2026-03-12 12:46:52","2026-03-12 12:46:52"
3099,536,orb,420,orb,3,"2026-03-12 12:46:52","2026-03-12 12:46:52"
3100,536,equipment,174,equipment,1,"2026-03-12 12:46:52","2026-03-12 12:46:52"
3101,536,equipment,173,equipment,2,"2026-03-12 12:46:52","2026-03-12 12:46:52"
3102,547,item,597,normal,1,"2026-03-12 12:46:54","2026-03-12 12:46:54"
3103,547,item,753,rare,2,"2026-03-12 12:46:54","2026-03-12 12:46:54"
3104,547,orb,10,orb,1,"2026-03-12 12:46:54","2026-03-12 12:46:54"
3105,547,orb,36,orb,2,"2026-03-12 12:46:54","2026-03-12 12:46:54"
3106,547,orb,43,orb,3,"2026-03-12 12:46:54","2026-03-12 12:46:54"
3107,547,equipment,985,equipment,1,"2026-03-12 12:46:54","2026-03-12 12:46:54"
3108,547,equipment,988,equipment,2,"2026-03-12 12:46:54","2026-03-12 12:46:54"
3109,702,item,597,normal,1,"2026-03-12 12:46:56","2026-03-12 12:46:56"
3110,702,item,754,rare,2,"2026-03-12 12:46:56","2026-03-12 12:46:56"
3111,702,orb,521,orb,1,"2026-03-12 12:46:56","2026-03-12 12:46:56"
3112,702,equipment,251,equipment,1,"2026-03-12 12:46:56","2026-03-12 12:46:56"
3113,789,item,816,normal,1,"2026-03-12 12:46:58","2026-03-12 12:46:58"
3114,789,item,1183,rare,2,"2026-03-12 12:46:58","2026-03-12 12:46:58"
3115,789,orb,496,orb,1,"2026-03-12 12:46:58","2026-03-12 12:46:58"
3116,789,equipment,595,equipment,1,"2026-03-12 12:46:58","2026-03-12 12:46:58"
3117,789,equipment,594,equipment,2,"2026-03-12 12:46:58","2026-03-12 12:46:58"
3118,866,item,754,normal,1,"2026-03-12 12:47:00","2026-03-12 12:47:00"
3119,866,item,753,rare,2,"2026-03-12 12:47:00","2026-03-12 12:47:00"
3120,866,orb,15,orb,1,"2026-03-12 12:47:00","2026-03-12 12:47:00"
3121,866,orb,77,orb,2,"2026-03-12 12:47:00","2026-03-12 12:47:00"
3122,866,orb,84,orb,3,"2026-03-12 12:47:00","2026-03-12 12:47:00"
3123,866,equipment,691,equipment,1,"2026-03-12 12:47:00","2026-03-12 12:47:00"
3124,866,equipment,694,equipment,2,"2026-03-12 12:47:00","2026-03-12 12:47:00"
3125,669,item,651,normal,1,"2026-03-12 12:47:02","2026-03-12 12:47:02"
3126,669,item,752,rare,2,"2026-03-12 12:47:02","2026-03-12 12:47:02"
3127,669,orb,301,orb,1,"2026-03-12 12:47:02","2026-03-12 12:47:02"
3128,669,orb,457,orb,2,"2026-03-12 12:47:02","2026-03-12 12:47:02"
3129,669,equipment,834,equipment,1,"2026-03-12 12:47:02","2026-03-12 12:47:02"
3130,669,equipment,835,equipment,2,"2026-03-12 12:47:02","2026-03-12 12:47:02"
3131,669,equipment,837,equipment,3,"2026-03-12 12:47:02","2026-03-12 12:47:02"
3132,519,item,651,normal,1,"2026-03-12 12:47:04","2026-03-12 12:47:04"
3133,519,item,850,rare,2,"2026-03-12 12:47:04","2026-03-12 12:47:04"
3134,519,orb,13,orb,1,"2026-03-12 12:47:04","2026-03-12 12:47:04"
3135,519,orb,229,orb,2,"2026-03-12 12:47:04","2026-03-12 12:47:04"
3136,519,orb,525,orb,3,"2026-03-12 12:47:04","2026-03-12 12:47:04"
3137,519,equipment,593,equipment,1,"2026-03-12 12:47:04","2026-03-12 12:47:04"
3138,519,equipment,592,equipment,2,"2026-03-12 12:47:04","2026-03-12 12:47:04"
3139,867,item,596,normal,1,"2026-03-12 12:47:07","2026-03-12 12:47:07"
3140,867,item,564,rare,2,"2026-03-12 12:47:07","2026-03-12 12:47:07"
3141,867,orb,63,orb,1,"2026-03-12 12:47:07","2026-03-12 12:47:07"
3142,867,orb,106,orb,2,"2026-03-12 12:47:07","2026-03-12 12:47:07"
3143,867,orb,213,orb,3,"2026-03-12 12:47:07","2026-03-12 12:47:07"
3144,867,equipment,622,equipment,1,"2026-03-12 12:47:07","2026-03-12 12:47:07"
3145,517,item,596,normal,1,"2026-03-12 12:47:09","2026-03-12 12:47:09"
3146,517,item,879,rare,2,"2026-03-12 12:47:09","2026-03-12 12:47:09"
3147,517,orb,158,orb,1,"2026-03-12 12:47:09","2026-03-12 12:47:09"
3148,517,orb,264,orb,2,"2026-03-12 12:47:09","2026-03-12 12:47:09"
3149,517,orb,477,orb,3,"2026-03-12 12:47:09","2026-03-12 12:47:09"
3150,517,equipment,986,equipment,1,"2026-03-12 12:47:09","2026-03-12 12:47:09"
3151,517,equipment,988,equipment,2,"2026-03-12 12:47:09","2026-03-12 12:47:09"
3152,868,item,698,normal,1,"2026-03-12 12:47:11","2026-03-12 12:47:11"
3153,868,item,753,rare,2,"2026-03-12 12:47:11","2026-03-12 12:47:11"
3154,868,orb,533,orb,1,"2026-03-12 12:47:11","2026-03-12 12:47:11"
3155,868,equipment,60,equipment,1,"2026-03-12 12:47:11","2026-03-12 12:47:11"
3156,420,item,549,normal,1,"2026-03-12 12:47:13","2026-03-12 12:47:13"
3157,420,item,487,rare,13,"2026-03-12 12:47:13","2026-03-20 18:45:43"
3158,420,orb,5,orb,1,"2026-03-12 12:47:13","2026-03-12 12:47:13"
3159,420,orb,60,orb,2,"2026-03-12 12:47:13","2026-03-12 12:47:13"
3160,420,orb,145,orb,3,"2026-03-12 12:47:13","2026-03-12 12:47:13"
3161,420,equipment,416,equipment,1,"2026-03-12 12:47:13","2026-03-12 12:47:13"
3162,420,equipment,415,equipment,2,"2026-03-12 12:47:13","2026-03-12 12:47:13"
3163,420,equipment,414,equipment,3,"2026-03-12 12:47:13","2026-03-12 12:47:13"
3164,366,item,549,normal,1,"2026-03-12 12:47:15","2026-03-12 12:47:15"
3165,366,item,649,rare,2,"2026-03-12 12:47:15","2026-03-12 12:47:15"
3166,366,orb,5,orb,1,"2026-03-12 12:47:15","2026-03-12 12:47:15"
3167,366,orb,44,orb,2,"2026-03-12 12:47:15","2026-03-12 12:47:15"
3168,366,orb,148,orb,3,"2026-03-12 12:47:15","2026-03-12 12:47:15"
3169,366,equipment,1149,equipment,1,"2026-03-12 12:47:15","2026-03-12 12:47:15"
3170,366,equipment,1150,equipment,2,"2026-03-12 12:47:15","2026-03-12 12:47:15"
3171,182,item,720,normal,1,"2026-03-12 12:47:17","2026-03-12 12:47:17"
3172,182,item,819,rare,2,"2026-03-12 12:47:17","2026-03-12 12:47:17"
3173,182,orb,9,orb,1,"2026-03-12 12:47:17","2026-03-12 12:47:17"
3174,182,equipment,475,equipment,1,"2026-03-12 12:47:17","2026-03-12 12:47:17"
3175,246,item,802,normal,1,"2026-03-12 12:47:19","2026-03-12 12:47:19"
3176,246,item,551,rare,2,"2026-03-12 12:47:19","2026-03-12 12:47:19"
3177,246,orb,9,orb,1,"2026-03-12 12:47:19","2026-03-12 12:47:19"
3178,246,equipment,1068,equipment,1,"2026-03-12 12:47:19","2026-03-12 12:47:19"
3179,246,equipment,1070,equipment,2,"2026-03-12 12:47:19","2026-03-12 12:47:19"
3180,188,item,802,normal,1,"2026-03-12 12:47:21","2026-03-12 12:47:21"
3181,188,item,567,rare,2,"2026-03-12 12:47:21","2026-03-12 12:47:21"
3182,188,orb,9,orb,1,"2026-03-12 12:47:21","2026-03-12 12:47:21"
3183,188,equipment,394,equipment,1,"2026-03-12 12:47:21","2026-03-12 12:47:21"
3184,626,item,802,normal,1,"2026-03-12 12:47:24","2026-03-12 12:47:24"
3185,626,item,787,rare,2,"2026-03-12 12:47:24","2026-03-12 12:47:24"
3186,626,orb,190,orb,1,"2026-03-12 12:47:24","2026-03-12 12:47:24"
3187,626,orb,200,orb,2,"2026-03-12 12:47:24","2026-03-12 12:47:24"
3188,626,orb,478,orb,3,"2026-03-12 12:47:24","2026-03-12 12:47:24"
3189,626,equipment,765,equipment,1,"2026-03-12 12:47:24","2026-03-12 12:47:24"
3190,626,equipment,767,equipment,2,"2026-03-12 12:47:24","2026-03-12 12:47:24"
3191,626,equipment,768,equipment,3,"2026-03-12 12:47:24","2026-03-12 12:47:24"
3192,869,item,802,normal,1,"2026-03-12 12:47:26","2026-03-12 12:47:26"
3193,869,item,787,rare,2,"2026-03-12 12:47:26","2026-03-12 12:47:26"
3194,869,orb,9,orb,1,"2026-03-12 12:47:26","2026-03-12 12:47:26"
3195,869,equipment,682,equipment,1,"2026-03-12 12:47:26","2026-03-12 12:47:26"
3196,869,equipment,683,equipment,2,"2026-03-12 12:47:26","2026-03-12 12:47:26"
3197,395,item,800,normal,1,"2026-03-12 12:47:29","2026-03-12 12:47:29"
3198,395,item,805,rare,2,"2026-03-12 12:47:29","2026-03-12 12:47:29"
3199,395,orb,1,orb,1,"2026-03-12 12:47:29","2026-03-12 12:47:29"
3200,395,orb,25,orb,2,"2026-03-12 12:47:29","2026-03-12 12:47:29"
3201,395,orb,85,orb,3,"2026-03-12 12:47:29","2026-03-12 12:47:29"
3202,395,equipment,221,equipment,1,"2026-03-12 12:47:29","2026-03-12 12:47:29"
3203,643,item,774,normal,1,"2026-03-12 12:47:31","2026-03-12 12:47:31"
3205,643,orb,1,orb,1,"2026-03-12 12:47:31","2026-03-12 12:47:31"
3206,643,orb,133,orb,2,"2026-03-12 12:47:31","2026-03-12 12:47:31"
3207,643,orb,427,orb,3,"2026-03-12 12:47:31","2026-03-12 12:47:31"
3208,643,equipment,216,equipment,1,"2026-03-12 12:47:31","2026-03-12 12:47:31"
3209,643,equipment,214,equipment,2,"2026-03-12 12:47:31","2026-03-12 12:47:31"
3210,775,item,703,normal,1,"2026-03-12 12:47:33","2026-03-12 12:47:33"
3211,775,item,1212,rare,2,"2026-03-12 12:47:33","2026-03-12 12:47:33"
3212,775,orb,189,orb,1,"2026-03-12 12:47:33","2026-03-12 12:47:33"
3213,775,equipment,379,equipment,1,"2026-03-12 12:47:33","2026-03-12 12:47:33"
3214,50,item,613,normal,1,"2026-03-12 12:47:35","2026-03-12 12:47:35"
3215,50,item,567,rare,2,"2026-03-12 12:47:35","2026-03-12 12:47:35"
3216,50,orb,9,orb,1,"2026-03-12 12:47:35","2026-03-12 12:47:35"
3217,50,equipment,1548,equipment,1,"2026-03-12 12:47:35","2026-03-12 12:47:35"
3218,75,item,643,normal,1,"2026-03-12 12:47:37","2026-03-12 12:47:37"
3219,75,item,833,rare,2,"2026-03-12 12:47:37","2026-03-12 12:47:37"
3220,75,orb,9,orb,1,"2026-03-12 12:47:37","2026-03-12 12:47:37"
3221,75,equipment,1534,equipment,1,"2026-03-12 12:47:37","2026-03-12 12:47:37"
3222,518,item,643,normal,1,"2026-03-12 12:47:39","2026-03-12 12:47:39"
3223,518,item,833,rare,2,"2026-03-12 12:47:39","2026-03-12 12:47:39"
3224,518,orb,74,orb,1,"2026-03-12 12:47:39","2026-03-12 12:47:39"
3225,518,orb,237,orb,2,"2026-03-12 12:47:39","2026-03-12 12:47:39"
3226,518,orb,312,orb,3,"2026-03-12 12:47:39","2026-03-12 12:47:39"
3227,518,equipment,839,equipment,1,"2026-03-12 12:47:39","2026-03-12 12:47:39"
3228,518,equipment,840,equipment,2,"2026-03-12 12:47:39","2026-03-12 12:47:39"
3229,518,equipment,841,equipment,3,"2026-03-12 12:47:39","2026-03-12 12:47:39"
3230,276,item,651,normal,1,"2026-03-12 12:47:42","2026-03-12 12:47:42"
3231,276,item,868,rare,2,"2026-03-12 12:47:42","2026-03-12 12:47:42"
3232,276,orb,38,orb,1,"2026-03-12 12:47:42","2026-03-12 12:47:42"
3233,276,orb,169,orb,2,"2026-03-12 12:47:42","2026-03-12 12:47:42"
3234,276,orb,224,orb,3,"2026-03-12 12:47:42","2026-03-12 12:47:42"
3235,276,equipment,552,equipment,1,"2026-03-12 12:47:42","2026-03-12 12:47:42"
3236,274,item,867,normal,1,"2026-03-12 12:47:44","2026-03-12 12:47:44"
3237,274,item,1255,rare,2,"2026-03-12 12:47:44","2026-03-12 12:47:44"
3238,274,orb,43,orb,1,"2026-03-12 12:47:44","2026-03-12 12:47:44"
3239,274,orb,163,orb,2,"2026-03-12 12:47:44","2026-03-12 12:47:44"
3240,274,orb,485,orb,3,"2026-03-12 12:47:44","2026-03-12 12:47:44"
3241,274,equipment,1242,equipment,1,"2026-03-12 12:47:44","2026-03-12 12:47:44"
3242,274,equipment,1243,equipment,2,"2026-03-12 12:47:44","2026-03-12 12:47:44"
3243,290,item,643,normal,1,"2026-03-12 12:47:47","2026-03-12 12:47:47"
3244,290,item,819,rare,2,"2026-03-12 12:47:47","2026-03-12 12:47:47"
3245,290,orb,180,orb,1,"2026-03-12 12:47:47","2026-03-12 12:47:47"
3246,290,orb,204,orb,2,"2026-03-12 12:47:47","2026-03-12 12:47:47"
3247,290,orb,364,orb,3,"2026-03-12 12:47:47","2026-03-12 12:47:47"
3248,290,equipment,1057,equipment,1,"2026-03-12 12:47:47","2026-03-12 12:47:47"
3249,290,equipment,1058,equipment,2,"2026-03-12 12:47:47","2026-03-12 12:47:47"
3250,426,item,720,normal,1,"2026-03-12 12:47:48","2026-03-12 12:47:48"
3251,426,item,1238,rare,2,"2026-03-12 12:47:48","2026-03-12 12:47:48"
3252,426,orb,5,orb,1,"2026-03-12 12:47:48","2026-03-12 12:47:48"
3253,426,orb,147,orb,2,"2026-03-12 12:47:48","2026-03-12 12:47:48"
3254,426,orb,396,orb,3,"2026-03-12 12:47:48","2026-03-12 12:47:48"
3255,426,equipment,421,equipment,1,"2026-03-12 12:47:48","2026-03-12 12:47:48"
3256,351,item,821,normal,1,"2026-03-12 12:47:50","2026-03-12 12:47:50"
3257,351,item,487,rare,14,"2026-03-12 12:47:51","2026-03-20 18:45:43"
3258,351,orb,92,orb,1,"2026-03-12 12:47:51","2026-03-12 12:47:51"
3259,351,orb,215,orb,2,"2026-03-12 12:47:51","2026-03-12 12:47:51"
3260,351,orb,139,orb,3,"2026-03-12 12:47:51","2026-03-12 12:47:51"
3261,351,equipment,375,equipment,1,"2026-03-12 12:47:51","2026-03-12 12:47:51"
3262,5,item,434,normal,8,"2026-03-12 12:47:52","2026-03-12 14:03:06"
3263,5,item,781,rare,2,"2026-03-12 12:47:52","2026-03-12 12:47:52"
3264,5,orb,9,orb,1,"2026-03-12 12:47:52","2026-03-12 12:47:52"
3265,5,equipment,322,equipment,1,"2026-03-12 12:47:52","2026-03-12 12:47:52"
3266,757,item,392,normal,1,"2026-03-12 12:47:54","2026-03-12 12:47:54"
3267,757,item,20,rare,2,"2026-03-12 12:47:54","2026-03-12 12:47:54"
3268,757,orb,247,orb,1,"2026-03-12 12:47:54","2026-03-12 12:47:54"
3269,757,orb,489,orb,2,"2026-03-12 12:47:54","2026-03-12 12:47:54"
3270,757,equipment,1193,equipment,1,"2026-03-12 12:47:54","2026-03-12 12:47:54"
3271,241,item,762,normal,1,"2026-03-12 12:47:57","2026-03-12 12:47:57"
3272,241,item,861,rare,2,"2026-03-12 12:47:57","2026-03-12 12:47:57"
3273,241,orb,9,orb,1,"2026-03-12 12:47:57","2026-03-12 12:47:57"
3274,241,equipment,100,equipment,1,"2026-03-12 12:47:57","2026-03-12 12:47:57"
3275,642,item,762,normal,1,"2026-03-12 12:47:59","2026-03-12 12:47:59"
3276,642,item,861,rare,2,"2026-03-12 12:47:59","2026-03-12 12:47:59"
3277,642,orb,118,orb,1,"2026-03-12 12:47:59","2026-03-12 12:47:59"
3278,642,orb,213,orb,2,"2026-03-12 12:47:59","2026-03-12 12:47:59"
3279,642,orb,440,orb,3,"2026-03-12 12:47:59","2026-03-12 12:47:59"
3280,642,equipment,759,equipment,1,"2026-03-12 12:47:59","2026-03-12 12:47:59"
3281,642,equipment,760,equipment,2,"2026-03-12 12:47:59","2026-03-12 12:47:59"
3282,568,item,760,normal,1,"2026-03-12 12:48:01","2026-03-12 12:48:01"
3283,568,item,747,rare,2,"2026-03-12 12:48:01","2026-03-12 12:48:01"
3284,568,orb,110,orb,1,"2026-03-12 12:48:01","2026-03-12 12:48:01"
3285,568,orb,303,orb,2,"2026-03-12 12:48:01","2026-03-12 12:48:01"
3286,568,orb,139,orb,3,"2026-03-12 12:48:01","2026-03-12 12:48:01"
3287,568,equipment,499,equipment,1,"2026-03-12 12:48:01","2026-03-12 12:48:01"
3288,568,equipment,493,equipment,2,"2026-03-12 12:48:01","2026-03-12 12:48:01"
3289,473,item,643,normal,1,"2026-03-12 12:48:03","2026-03-12 12:48:03"
3290,473,item,638,rare,2,"2026-03-12 12:48:03","2026-03-12 12:48:03"
3291,473,orb,49,orb,1,"2026-03-12 12:48:03","2026-03-12 12:48:03"
3292,473,orb,85,orb,2,"2026-03-12 12:48:03","2026-03-12 12:48:03"
3293,473,orb,236,orb,3,"2026-03-12 12:48:03","2026-03-12 12:48:03"
3294,473,equipment,1141,equipment,1,"2026-03-12 12:48:03","2026-03-12 12:48:03"
3295,473,equipment,1143,equipment,2,"2026-03-12 12:48:03","2026-03-12 12:48:03"
3296,323,item,646,normal,1,"2026-03-12 12:48:05","2026-03-12 12:48:05"
3297,323,item,661,rare,2,"2026-03-12 12:48:05","2026-03-12 12:48:05"
3298,323,orb,37,orb,1,"2026-03-12 12:48:05","2026-03-12 12:48:05"
3299,323,orb,311,orb,2,"2026-03-12 12:48:05","2026-03-12 12:48:05"
3300,323,orb,385,orb,3,"2026-03-12 12:48:05","2026-03-12 12:48:05"
3301,323,equipment,1280,equipment,1,"2026-03-12 12:48:05","2026-03-12 12:48:05"
3302,323,equipment,1282,equipment,2,"2026-03-12 12:48:05","2026-03-12 12:48:05"
3303,476,item,820,normal,1,"2026-03-12 12:48:07","2026-03-12 12:48:07"
3304,476,item,879,rare,2,"2026-03-12 12:48:07","2026-03-12 12:48:07"
3305,476,orb,56,orb,1,"2026-03-12 12:48:07","2026-03-12 12:48:07"
3306,476,orb,61,orb,2,"2026-03-12 12:48:07","2026-03-12 12:48:07"
3307,476,orb,170,orb,3,"2026-03-12 12:48:07","2026-03-12 12:48:07"
3308,476,equipment,922,equipment,1,"2026-03-12 12:48:07","2026-03-12 12:48:07"
3309,476,equipment,924,equipment,2,"2026-03-12 12:48:07","2026-03-12 12:48:07"
3310,37,item,643,normal,1,"2026-03-12 12:48:09","2026-03-12 12:48:09"
3311,37,item,48,rare,2,"2026-03-12 12:48:09","2026-03-12 12:48:09"
3312,37,orb,9,orb,1,"2026-03-12 12:48:09","2026-03-12 12:48:09"
3313,37,equipment,1585,equipment,1,"2026-03-12 12:48:09","2026-03-12 12:48:09"
3314,450,item,643,normal,1,"2026-03-12 12:48:11","2026-03-12 12:48:11"
3315,450,item,833,rare,2,"2026-03-12 12:48:11","2026-03-12 12:48:11"
3316,450,orb,8,orb,1,"2026-03-12 12:48:11","2026-03-12 12:48:11"
3317,450,orb,220,orb,2,"2026-03-12 12:48:11","2026-03-12 12:48:11"
3318,450,orb,528,orb,3,"2026-03-12 12:48:11","2026-03-12 12:48:11"
3319,450,equipment,883,equipment,1,"2026-03-12 12:48:11","2026-03-12 12:48:11"
3320,450,equipment,885,equipment,2,"2026-03-12 12:48:11","2026-03-12 12:48:11"
3321,450,equipment,887,equipment,3,"2026-03-12 12:48:11","2026-03-12 12:48:11"
3322,189,item,699,normal,1,"2026-03-12 12:48:13","2026-03-12 12:48:13"
3323,189,item,835,rare,2,"2026-03-12 12:48:13","2026-03-12 12:48:13"
3324,189,orb,9,orb,1,"2026-03-12 12:48:13","2026-03-12 12:48:13"
3325,189,equipment,272,equipment,1,"2026-03-12 12:48:13","2026-03-12 12:48:13"
3326,598,item,867,normal,1,"2026-03-12 12:48:16","2026-03-12 12:48:16"
3327,598,item,996,rare,2,"2026-03-12 12:48:16","2026-03-12 12:48:16"
3328,598,orb,48,orb,1,"2026-03-12 12:48:16","2026-03-12 12:48:16"
3329,598,orb,456,orb,2,"2026-03-12 12:48:16","2026-03-12 12:48:16"
3330,598,orb,458,orb,3,"2026-03-12 12:48:16","2026-03-12 12:48:16"
3331,598,equipment,300,equipment,1,"2026-03-12 12:48:16","2026-03-12 12:48:16"
3332,17,item,392,normal,1,"2026-03-12 12:48:18","2026-03-12 12:48:18"
3333,17,item,551,rare,2,"2026-03-12 12:48:18","2026-03-12 12:48:18"
3334,17,orb,9,orb,1,"2026-03-12 12:48:18","2026-03-12 12:48:18"
3335,17,equipment,443,equipment,1,"2026-03-12 12:48:18","2026-03-12 12:48:18"
3336,409,item,241,normal,1,"2026-03-12 12:48:20","2026-03-12 12:48:20"
3337,409,item,564,rare,2,"2026-03-12 12:48:20","2026-03-12 12:48:20"
3338,409,orb,73,orb,1,"2026-03-12 12:48:20","2026-03-12 12:48:20"
3339,409,orb,167,orb,2,"2026-03-12 12:48:20","2026-03-12 12:48:20"
3340,409,orb,221,orb,3,"2026-03-12 12:48:20","2026-03-12 12:48:20"
3341,409,equipment,413,equipment,1,"2026-03-12 12:48:20","2026-03-12 12:48:20"
3342,409,equipment,412,equipment,2,"2026-03-12 12:48:20","2026-03-12 12:48:20"
3343,409,equipment,411,equipment,3,"2026-03-12 12:48:20","2026-03-12 12:48:20"
3344,870,item,75,normal,1,"2026-03-12 12:48:23","2026-03-12 12:48:23"
3345,870,item,619,rare,2,"2026-03-12 12:48:23","2026-03-12 12:48:23"
3346,870,orb,135,orb,1,"2026-03-12 12:48:23","2026-03-12 12:48:23"
3347,870,orb,102,orb,2,"2026-03-12 12:48:23","2026-03-12 12:48:23"
3348,870,orb,168,orb,3,"2026-03-12 12:48:23","2026-03-12 12:48:23"
3349,870,equipment,722,equipment,1,"2026-03-12 12:48:23","2026-03-12 12:48:23"
3350,870,equipment,725,equipment,2,"2026-03-12 12:48:23","2026-03-12 12:48:23"
3351,791,item,665,normal,1,"2026-03-12 12:48:25","2026-03-12 12:48:25"
3352,791,item,598,rare,2,"2026-03-12 12:48:25","2026-03-12 12:48:25"
3353,791,orb,410,orb,1,"2026-03-12 12:48:25","2026-03-12 12:48:25"
3354,791,equipment,18,equipment,1,"2026-03-12 12:48:25","2026-03-12 12:48:25"
3355,871,item,720,normal,1,"2026-03-12 12:48:27","2026-03-12 12:48:27"
3356,871,item,868,rare,2,"2026-03-12 12:48:27","2026-03-12 12:48:27"
3357,871,orb,313,orb,1,"2026-03-12 12:48:27","2026-03-12 12:48:27"
3358,871,orb,149,orb,2,"2026-03-12 12:48:27","2026-03-12 12:48:27"
3359,871,orb,399,orb,3,"2026-03-12 12:48:27","2026-03-12 12:48:27"
3360,871,equipment,408,equipment,1,"2026-03-12 12:48:27","2026-03-12 12:48:27"
3361,871,equipment,407,equipment,2,"2026-03-12 12:48:27","2026-03-12 12:48:27"
3362,871,equipment,406,equipment,3,"2026-03-12 12:48:27","2026-03-12 12:48:27"
3363,741,item,1332,normal,1,"2026-03-12 12:48:29","2026-03-12 12:48:29"
3364,741,item,1331,rare,2,"2026-03-12 12:48:29","2026-03-12 12:48:29"
3365,741,orb,9,orb,1,"2026-03-12 12:48:29","2026-03-12 12:48:29"
3366,741,equipment,233,equipment,1,"2026-03-12 12:48:29","2026-03-12 12:48:29"
3367,523,item,646,normal,1,"2026-03-12 12:48:31","2026-03-12 12:48:31"
3368,523,item,567,rare,2,"2026-03-12 12:48:31","2026-03-12 12:48:31"
3369,523,orb,282,orb,1,"2026-03-12 12:48:31","2026-03-12 12:48:31"
3370,523,orb,323,orb,2,"2026-03-12 12:48:31","2026-03-12 12:48:31"
3371,523,orb,362,orb,3,"2026-03-12 12:48:31","2026-03-12 12:48:31"
3372,523,equipment,901,equipment,1,"2026-03-12 12:48:31","2026-03-12 12:48:31"
3373,523,equipment,902,equipment,2,"2026-03-12 12:48:31","2026-03-12 12:48:31"
3374,523,equipment,903,equipment,3,"2026-03-12 12:48:31","2026-03-12 12:48:31"
3375,735,item,1324,normal,1,"2026-03-12 12:48:34","2026-03-12 12:48:34"
3376,735,item,1323,rare,2,"2026-03-12 12:48:34","2026-03-12 12:48:34"
3377,735,orb,9,orb,1,"2026-03-12 12:48:34","2026-03-12 12:48:34"
3378,735,equipment,35,equipment,1,"2026-03-12 12:48:34","2026-03-12 12:48:34"
3379,680,item,591,normal,1,"2026-03-12 12:48:36","2026-03-12 12:48:36"
3380,680,item,668,rare,2,"2026-03-12 12:48:36","2026-03-12 12:48:36"
3381,680,orb,27,orb,1,"2026-03-12 12:48:36","2026-03-12 12:48:36"
3382,680,orb,101,orb,2,"2026-03-12 12:48:36","2026-03-12 12:48:36"
3383,680,orb,483,orb,4,"2026-03-12 12:48:36","2026-03-12 13:36:36"
3384,680,equipment,808,equipment,1,"2026-03-12 12:48:36","2026-03-12 12:48:36"
3385,680,equipment,809,equipment,2,"2026-03-12 12:48:36","2026-03-12 12:48:36"
3386,680,equipment,811,equipment,3,"2026-03-12 12:48:36","2026-03-12 12:48:36"
3387,107,item,867,normal,1,"2026-03-12 12:48:39","2026-03-12 12:48:39"
3388,107,item,1379,rare,2,"2026-03-12 12:48:39","2026-03-12 12:48:39"
3389,107,orb,9,orb,1,"2026-03-12 12:48:39","2026-03-12 12:48:39"
3390,107,equipment,1488,equipment,1,"2026-03-12 12:48:39","2026-03-12 12:48:39"
3391,315,item,818,normal,1,"2026-03-12 12:48:41","2026-03-12 12:48:41"
3392,315,item,735,rare,2,"2026-03-12 12:48:41","2026-03-12 12:48:41"
3393,315,orb,195,orb,1,"2026-03-12 12:48:41","2026-03-12 12:48:41"
3394,315,orb,170,orb,2,"2026-03-12 12:48:41","2026-03-12 12:48:41"
3395,315,orb,525,orb,3,"2026-03-12 12:48:41","2026-03-12 12:48:41"
3396,315,equipment,1004,equipment,1,"2026-03-12 12:48:41","2026-03-12 12:48:41"
3397,315,equipment,1005,equipment,2,"2026-03-12 12:48:41","2026-03-12 12:48:41"
3398,191,item,597,normal,1,"2026-03-12 12:48:43","2026-03-12 12:48:43"
3399,191,item,896,rare,2,"2026-03-12 12:48:43","2026-03-12 12:48:43"
3400,191,orb,9,orb,1,"2026-03-12 12:48:43","2026-03-12 12:48:43"
3401,191,equipment,27,equipment,1,"2026-03-12 12:48:43","2026-03-12 12:48:43"
3402,99,item,863,normal,1,"2026-03-12 12:48:45","2026-03-12 12:48:45"
3403,99,item,536,rare,2,"2026-03-12 12:48:45","2026-03-12 12:48:45"
3404,99,orb,9,orb,1,"2026-03-12 12:48:45","2026-03-12 12:48:45"
3405,99,equipment,236,equipment,1,"2026-03-12 12:48:45","2026-03-12 12:48:45"
3406,557,item,863,normal,1,"2026-03-12 12:48:47","2026-03-12 12:48:47"
3407,557,item,819,rare,2,"2026-03-12 12:48:47","2026-03-12 12:48:47"
3408,557,orb,19,orb,1,"2026-03-12 12:48:47","2026-03-12 12:48:47"
3409,557,orb,530,orb,2,"2026-03-12 12:48:47","2026-03-12 12:48:47"
3410,557,orb,533,orb,3,"2026-03-12 12:48:47","2026-03-12 12:48:47"
3411,557,equipment,217,equipment,1,"2026-03-12 12:48:47","2026-03-12 12:48:47"
3412,543,item,673,normal,1,"2026-03-12 12:48:49","2026-03-12 12:48:49"
3413,543,item,564,rare,2,"2026-03-12 12:48:49","2026-03-12 12:48:49"
3414,543,orb,19,orb,1,"2026-03-12 12:48:49","2026-03-12 12:48:49"
3415,543,orb,306,orb,2,"2026-03-12 12:48:49","2026-03-12 12:48:49"
3416,543,orb,312,orb,3,"2026-03-12 12:48:49","2026-03-12 12:48:49"
3417,543,equipment,458,equipment,1,"2026-03-12 12:48:49","2026-03-12 12:48:49"
3418,51,item,819,normal,1,"2026-03-12 12:48:52","2026-03-12 12:48:52"
3419,51,item,856,rare,2,"2026-03-12 12:48:52","2026-03-12 12:48:52"
3420,51,orb,232,orb,1,"2026-03-12 12:48:52","2026-03-12 12:48:52"
3421,51,equipment,3,equipment,1,"2026-03-12 12:48:52","2026-03-12 12:48:52"
3422,464,item,596,normal,1,"2026-03-12 12:48:54","2026-03-12 12:48:54"
3423,464,item,833,rare,2,"2026-03-12 12:48:54","2026-03-12 12:48:54"
3424,464,orb,156,orb,1,"2026-03-12 12:48:54","2026-03-12 12:48:54"
3425,464,orb,216,orb,2,"2026-03-12 12:48:54","2026-03-12 12:48:54"
3426,464,orb,217,orb,3,"2026-03-12 12:48:54","2026-03-12 12:48:54"
3427,464,equipment,1019,equipment,1,"2026-03-12 12:48:54","2026-03-12 12:48:54"
3428,464,equipment,1021,equipment,2,"2026-03-12 12:48:54","2026-03-12 12:48:54"
3429,683,item,596,normal,1,"2026-03-12 12:48:56","2026-03-12 12:48:56"
3430,683,item,833,rare,2,"2026-03-12 12:48:56","2026-03-12 12:48:56"
3431,683,orb,85,orb,1,"2026-03-12 12:48:56","2026-03-12 12:48:56"
3432,683,orb,177,orb,2,"2026-03-12 12:48:56","2026-03-12 12:48:56"
3433,683,orb,179,orb,3,"2026-03-12 12:48:56","2026-03-12 12:48:56"
3434,683,equipment,784,equipment,1,"2026-03-12 12:48:56","2026-03-12 12:48:56"
3435,683,equipment,785,equipment,2,"2026-03-12 12:48:56","2026-03-12 12:48:56"
3436,683,equipment,786,equipment,3,"2026-03-12 12:48:56","2026-03-12 12:48:56"
3437,184,item,762,normal,1,"2026-03-12 12:48:59","2026-03-12 12:48:59"
3438,184,item,1275,rare,2,"2026-03-12 12:48:59","2026-03-12 12:48:59"
3439,184,orb,9,orb,1,"2026-03-12 12:48:59","2026-03-12 12:48:59"
3440,184,equipment,471,equipment,1,"2026-03-12 12:48:59","2026-03-12 12:48:59"
3441,515,item,751,normal,1,"2026-03-12 12:49:01","2026-03-12 12:49:01"
3442,515,item,647,rare,2,"2026-03-12 12:49:01","2026-03-12 12:49:01"
3443,515,orb,136,orb,1,"2026-03-12 12:49:01","2026-03-12 12:49:01"
3444,515,orb,434,orb,2,"2026-03-12 12:49:01","2026-03-12 12:49:01"
3445,515,orb,441,orb,3,"2026-03-12 12:49:01","2026-03-12 12:49:01"
3446,515,equipment,257,equipment,1,"2026-03-12 12:49:01","2026-03-12 12:49:01"
3447,515,equipment,255,equipment,2,"2026-03-12 12:49:01","2026-03-12 12:49:01"
3448,373,item,774,normal,1,"2026-03-12 12:49:03","2026-03-12 12:49:03"
3449,373,item,648,rare,2,"2026-03-12 12:49:03","2026-03-12 12:49:03"
3450,373,orb,3,orb,1,"2026-03-12 12:49:03","2026-03-12 12:49:03"
3451,373,orb,180,orb,2,"2026-03-12 12:49:04","2026-03-12 12:49:04"
3452,373,orb,254,orb,3,"2026-03-12 12:49:04","2026-03-12 12:49:04"
3453,373,equipment,1092,equipment,1,"2026-03-12 12:49:04","2026-03-12 12:49:04"
3454,373,equipment,1095,equipment,2,"2026-03-12 12:49:04","2026-03-12 12:49:04"
3455,872,item,591,normal,1,"2026-03-12 12:49:06","2026-03-12 12:49:06"
3456,872,item,752,rare,2,"2026-03-12 12:49:06","2026-03-12 12:49:06"
3457,872,orb,15,orb,1,"2026-03-12 12:49:06","2026-03-12 12:49:06"
3458,872,orb,323,orb,2,"2026-03-12 12:49:06","2026-03-12 12:49:06"
3459,872,orb,147,orb,3,"2026-03-12 12:49:06","2026-03-12 12:49:06"
3460,872,equipment,807,equipment,1,"2026-03-12 12:49:06","2026-03-12 12:49:06"
3461,872,equipment,809,equipment,2,"2026-03-12 12:49:06","2026-03-12 12:49:06"
3462,872,equipment,810,equipment,3,"2026-03-12 12:49:06","2026-03-12 12:49:06"
3463,310,item,698,normal,1,"2026-03-12 12:49:08","2026-03-12 12:49:08"
3464,310,item,752,rare,2,"2026-03-12 12:49:08","2026-03-12 12:49:08"
3465,310,orb,356,orb,1,"2026-03-12 12:49:08","2026-03-12 12:49:08"
3466,310,orb,365,orb,2,"2026-03-12 12:49:08","2026-03-12 12:49:08"
3467,310,orb,413,orb,3,"2026-03-12 12:49:08","2026-03-12 12:49:08"
3468,310,equipment,184,equipment,1,"2026-03-12 12:49:08","2026-03-12 12:49:08"
3469,90,item,617,normal,1,"2026-03-12 12:49:10","2026-03-12 12:49:10"
3470,90,item,619,rare,2,"2026-03-12 12:49:10","2026-03-12 12:49:10"
3471,90,orb,9,orb,1,"2026-03-12 12:49:10","2026-03-12 12:49:10"
3472,90,equipment,1519,equipment,1,"2026-03-12 12:49:10","2026-03-12 12:49:10"
3473,23,item,249,normal,1,"2026-03-12 12:49:12","2026-03-12 12:49:12"
3474,23,item,850,rare,2,"2026-03-12 12:49:12","2026-03-12 12:49:12"
3475,23,orb,9,orb,1,"2026-03-12 12:49:12","2026-03-12 12:49:12"
3476,23,equipment,121,equipment,1,"2026-03-12 12:49:12","2026-03-12 12:49:12"
3477,408,item,751,normal,1,"2026-03-12 12:49:14","2026-03-12 12:49:14"
3478,408,item,250,rare,2,"2026-03-12 12:49:14","2026-03-12 12:49:14"
3479,408,orb,35,orb,1,"2026-03-12 12:49:14","2026-03-12 12:49:14"
3480,408,orb,62,orb,2,"2026-03-12 12:49:14","2026-03-12 12:49:14"
3481,408,orb,380,orb,3,"2026-03-12 12:49:14","2026-03-12 12:49:14"
3482,408,equipment,98,equipment,1,"2026-03-12 12:49:14","2026-03-12 12:49:14"
3483,408,equipment,94,equipment,2,"2026-03-12 12:49:14","2026-03-12 12:49:14"
3484,408,equipment,91,equipment,3,"2026-03-12 12:49:14","2026-03-12 12:49:14"
3485,305,item,675,normal,1,"2026-03-12 12:49:17","2026-03-12 12:49:17"
3486,305,item,1341,rare,2,"2026-03-12 12:49:17","2026-03-12 12:49:17"
3487,305,orb,41,orb,1,"2026-03-12 12:49:17","2026-03-12 12:49:17"
3488,305,orb,194,orb,2,"2026-03-12 12:49:17","2026-03-12 12:49:17"
3489,305,orb,170,orb,3,"2026-03-12 12:49:17","2026-03-12 12:49:17"
3490,305,equipment,1069,equipment,1,"2026-03-12 12:49:17","2026-03-12 12:49:17"
3491,305,equipment,1072,equipment,2,"2026-03-12 12:49:17","2026-03-12 12:49:17"
3492,667,item,628,normal,1,"2026-03-12 12:49:19","2026-03-12 12:49:19"
3493,667,item,862,rare,3,"2026-03-12 12:49:19","2026-05-12 08:41:24"
3494,667,orb,192,orb,1,"2026-03-12 12:49:19","2026-03-12 12:49:19"
3495,667,orb,310,orb,2,"2026-03-12 12:49:19","2026-03-12 12:49:19"
3496,667,orb,445,orb,3,"2026-03-12 12:49:19","2026-03-12 12:49:19"
3497,667,equipment,874,equipment,1,"2026-03-12 12:49:19","2026-03-12 12:49:19"
3498,667,equipment,876,equipment,2,"2026-03-12 12:49:19","2026-03-12 12:49:19"
3499,667,equipment,877,equipment,3,"2026-03-12 12:49:19","2026-03-12 12:49:19"
3500,204,item,844,normal,1,"2026-03-12 12:49:21","2026-03-12 12:49:21"
3501,204,item,531,rare,2,"2026-03-12 12:49:21","2026-03-12 12:49:21"
3502,204,orb,9,orb,1,"2026-03-12 12:49:21","2026-03-12 12:49:21"
3503,204,equipment,230,equipment,1,"2026-03-12 12:49:21","2026-03-12 12:49:21"
3504,471,item,821,normal,1,"2026-03-12 12:49:23","2026-03-12 12:49:23"
3505,471,item,868,rare,2,"2026-03-12 12:49:23","2026-03-12 12:49:23"
3506,471,orb,2,orb,1,"2026-03-12 12:49:23","2026-03-12 12:49:23"
3507,471,orb,74,orb,2,"2026-03-12 12:49:23","2026-03-12 12:49:23"
3508,471,orb,87,orb,3,"2026-03-12 12:49:23","2026-03-12 12:49:23"
3509,471,equipment,1005,equipment,1,"2026-03-12 12:49:23","2026-03-12 12:49:23"
3510,471,equipment,1007,equipment,2,"2026-03-12 12:49:23","2026-03-12 12:49:23"
3511,765,item,661,normal,1,"2026-03-12 12:49:25","2026-03-12 12:49:25"
3512,540,item,548,normal,1,"2026-03-12 12:49:27","2026-03-12 12:49:27"
3513,540,item,862,rare,5,"2026-03-12 12:49:27","2026-05-12 08:41:24"
3514,540,orb,32,orb,1,"2026-03-12 12:49:27","2026-03-12 12:49:27"
3515,540,orb,37,orb,2,"2026-03-12 12:49:27","2026-03-12 12:49:27"
3516,540,orb,283,orb,3,"2026-03-12 12:49:27","2026-03-12 12:49:27"
3517,540,equipment,884,equipment,1,"2026-03-12 12:49:27","2026-03-12 12:49:27"
3518,540,equipment,886,equipment,2,"2026-03-12 12:49:27","2026-03-12 12:49:27"
3519,264,item,646,normal,1,"2026-03-12 12:49:30","2026-03-12 12:49:30"
3520,264,item,834,rare,2,"2026-03-12 12:49:30","2026-03-12 12:49:30"
3521,264,orb,6,orb,1,"2026-03-12 12:49:30","2026-03-12 12:49:30"
3522,264,orb,26,orb,2,"2026-03-12 12:49:30","2026-03-12 12:49:30"
3523,264,orb,241,orb,3,"2026-03-12 12:49:30","2026-03-12 12:49:30"
3524,264,equipment,428,equipment,1,"2026-03-12 12:49:30","2026-03-12 12:49:30"
3525,873,item,868,normal,1,"2026-03-12 12:49:33","2026-03-12 12:49:33"
3526,873,item,649,rare,2,"2026-03-12 12:49:33","2026-03-12 12:49:33"
3527,873,orb,524,orb,1,"2026-03-12 12:49:33","2026-03-12 12:49:33"
3528,873,equipment,897,equipment,1,"2026-03-12 12:49:33","2026-03-12 12:49:33"
3529,483,item,774,normal,1,"2026-03-12 12:49:35","2026-03-12 12:49:35"
3530,483,item,819,rare,2,"2026-03-12 12:49:35","2026-03-12 12:49:35"
3531,483,orb,99,orb,2,"2026-03-12 12:49:35","2026-03-25 07:51:08"
3532,483,orb,181,orb,2,"2026-03-12 12:49:35","2026-03-12 12:49:35"
3533,483,orb,417,orb,3,"2026-03-12 12:49:35","2026-03-12 12:49:35"
3534,483,equipment,906,equipment,1,"2026-03-12 12:49:35","2026-03-12 12:49:35"
3535,483,equipment,908,equipment,2,"2026-03-12 12:49:35","2026-03-12 12:49:35"
3536,72,item,248,normal,1,"2026-03-12 12:49:37","2026-03-12 12:49:37"
3537,72,item,531,rare,2,"2026-03-12 12:49:37","2026-03-12 12:49:37"
3538,72,orb,9,orb,1,"2026-03-12 12:49:37","2026-03-12 12:49:37"
3539,72,equipment,119,equipment,1,"2026-03-12 12:49:37","2026-03-12 12:49:37"
3540,620,item,629,normal,1,"2026-03-12 12:49:39","2026-03-12 12:49:39"
3541,620,item,1115,rare,2,"2026-03-12 12:49:39","2026-03-12 12:49:39"
3542,620,orb,508,orb,1,"2026-03-12 12:49:39","2026-03-12 12:49:39"
3543,620,equipment,544,equipment,1,"2026-03-12 12:49:39","2026-03-12 12:49:39"
3544,479,item,46,normal,1,"2026-03-12 12:49:41","2026-03-12 12:49:41"
3545,479,item,856,rare,2,"2026-03-12 12:49:41","2026-03-12 12:49:41"
3546,479,orb,78,orb,1,"2026-03-12 12:49:41","2026-03-12 12:49:41"
3547,479,orb,255,orb,2,"2026-03-12 12:49:41","2026-03-12 12:49:41"
3548,479,orb,262,orb,3,"2026-03-12 12:49:41","2026-03-12 12:49:41"
3549,479,equipment,1139,equipment,1,"2026-03-12 12:49:41","2026-03-12 12:49:41"
3550,479,equipment,1140,equipment,2,"2026-03-12 12:49:41","2026-03-12 12:49:41"
3551,370,item,840,normal,1,"2026-03-12 12:49:43","2026-03-12 12:49:43"
3552,370,item,1344,rare,2,"2026-03-12 12:49:43","2026-03-12 12:49:43"
3553,370,orb,33,orb,1,"2026-03-12 12:49:43","2026-03-12 12:49:43"
3554,370,orb,280,orb,2,"2026-03-12 12:49:43","2026-03-12 12:49:43"
3555,370,orb,389,orb,3,"2026-03-12 12:49:43","2026-03-12 12:49:43"
3556,370,equipment,1279,equipment,1,"2026-03-12 12:49:43","2026-03-12 12:49:43"
3557,370,equipment,1280,equipment,2,"2026-03-12 12:49:43","2026-03-12 12:49:43"
3558,664,item,840,normal,1,"2026-03-12 12:49:45","2026-03-12 12:49:45"
3559,664,item,607,rare,2,"2026-03-12 12:49:45","2026-03-12 12:49:45"
3560,664,orb,288,orb,1,"2026-03-12 12:49:45","2026-03-12 12:49:45"
3561,664,orb,295,orb,2,"2026-03-12 12:49:45","2026-03-12 12:49:45"
3562,664,orb,506,orb,3,"2026-03-12 12:49:45","2026-03-12 12:49:45"
3563,664,equipment,825,equipment,1,"2026-03-12 12:49:45","2026-03-12 12:49:45"
3564,664,equipment,826,equipment,2,"2026-03-12 12:49:45","2026-03-12 12:49:45"
3565,664,equipment,827,equipment,3,"2026-03-12 12:49:45","2026-03-12 12:49:45"
3566,788,item,619,normal,1,"2026-03-12 12:49:48","2026-03-12 12:49:48"
3567,227,item,820,normal,1,"2026-03-12 12:49:50","2026-03-12 12:49:50"
3568,227,item,551,rare,2,"2026-03-12 12:49:50","2026-03-12 12:49:50"
3569,227,orb,9,orb,1,"2026-03-12 12:49:50","2026-03-12 12:49:50"
3570,227,equipment,231,equipment,1,"2026-03-12 12:49:50","2026-03-12 12:49:50"
3571,363,item,675,normal,1,"2026-03-12 12:49:52","2026-03-12 12:49:52"
3572,363,item,1434,rare,2,"2026-03-12 12:49:52","2026-03-12 12:49:52"
3573,363,orb,163,orb,1,"2026-03-12 12:49:52","2026-03-12 12:49:52"
3574,363,orb,272,orb,2,"2026-03-12 12:49:52","2026-03-12 12:49:52"
3575,363,orb,411,orb,3,"2026-03-12 12:49:52","2026-03-12 12:49:52"
3576,363,equipment,1462,equipment,1,"2026-03-12 12:49:52","2026-03-12 12:49:52"
3577,278,item,823,normal,1,"2026-03-12 12:49:54","2026-03-12 12:49:54"
3578,278,item,879,rare,2,"2026-03-12 12:49:54","2026-03-12 12:49:54"
3579,278,orb,7,orb,1,"2026-03-12 12:49:54","2026-03-12 12:49:54"
3580,278,orb,274,orb,2,"2026-03-12 12:49:54","2026-03-12 12:49:54"
3581,278,orb,488,orb,3,"2026-03-12 12:49:54","2026-03-12 12:49:54"
3582,278,equipment,553,equipment,1,"2026-03-12 12:49:54","2026-03-12 12:49:54"
3583,874,item,699,normal,1,"2026-03-12 12:49:56","2026-03-12 12:49:56"
3584,874,item,823,rare,2,"2026-03-12 12:49:56","2026-03-12 12:49:56"
3585,874,orb,174,orb,1,"2026-03-12 12:49:56","2026-03-12 12:49:56"
3586,874,equipment,219,equipment,1,"2026-03-12 12:49:56","2026-03-12 12:49:56"
3587,106,item,392,normal,1,"2026-03-12 12:49:58","2026-03-12 12:49:58"
3588,106,item,47,rare,2,"2026-03-12 12:49:58","2026-03-12 12:49:58"
3589,106,orb,9,orb,1,"2026-03-12 12:49:58","2026-03-12 12:49:58"
3590,106,equipment,1521,equipment,1,"2026-03-12 12:49:58","2026-03-12 12:49:58"
3591,49,item,392,normal,1,"2026-03-12 12:50:00","2026-03-12 12:50:00"
3592,49,item,611,rare,2,"2026-03-12 12:50:00","2026-03-12 12:50:00"
3593,49,orb,9,orb,1,"2026-03-12 12:50:00","2026-03-12 12:50:00"
3594,49,equipment,521,equipment,1,"2026-03-12 12:50:00","2026-03-12 12:50:00"
3595,467,item,800,normal,1,"2026-03-12 12:50:02","2026-03-12 12:50:02"
3596,467,item,611,rare,2,"2026-03-12 12:50:02","2026-03-12 12:50:02"
3597,467,orb,224,orb,1,"2026-03-12 12:50:02","2026-03-12 12:50:02"
3598,467,orb,470,orb,2,"2026-03-12 12:50:02","2026-03-12 12:50:02"
3599,467,orb,500,orb,3,"2026-03-12 12:50:02","2026-03-12 12:50:02"
3600,467,equipment,878,equipment,1,"2026-03-12 12:50:02","2026-03-12 12:50:02"
3601,467,equipment,879,equipment,2,"2026-03-12 12:50:02","2026-03-12 12:50:02"
3602,467,equipment,881,equipment,3,"2026-03-12 12:50:02","2026-03-12 12:50:02"
3603,201,item,180,normal,1,"2026-03-12 12:50:04","2026-03-12 12:50:04"
3604,201,item,861,rare,2,"2026-03-12 12:50:04","2026-03-12 12:50:04"
3605,201,orb,9,orb,1,"2026-03-12 12:50:04","2026-03-12 12:50:04"
3606,201,equipment,1316,equipment,1,"2026-03-12 12:50:04","2026-03-12 12:50:04"
3607,201,equipment,1319,equipment,2,"2026-03-12 12:50:04","2026-03-12 12:50:04"
3608,4,item,392,normal,1,"2026-03-12 12:50:07","2026-03-12 12:50:07"
3609,4,item,567,rare,2,"2026-03-12 12:50:07","2026-03-12 12:50:07"
3610,4,orb,9,orb,1,"2026-03-12 12:50:07","2026-03-12 12:50:07"
3611,4,equipment,442,equipment,1,"2026-03-12 12:50:07","2026-03-12 12:50:07"
3612,679,item,698,normal,1,"2026-03-12 12:50:09","2026-03-12 12:50:09"
3613,679,item,644,rare,2,"2026-03-12 12:50:09","2026-03-12 12:50:09"
3614,679,orb,3,orb,1,"2026-03-12 12:50:09","2026-03-12 12:50:09"
3615,679,orb,420,orb,2,"2026-03-12 12:50:09","2026-03-12 12:50:09"
3616,679,orb,421,orb,3,"2026-03-12 12:50:09","2026-03-12 12:50:09"
3617,679,equipment,92,equipment,1,"2026-03-12 12:50:09","2026-03-12 12:50:09"
3618,135,item,181,normal,1,"2026-03-12 12:50:11","2026-03-12 12:50:11"
3619,135,item,1134,rare,2,"2026-03-12 12:50:11","2026-03-12 12:50:11"
3620,135,orb,9,orb,1,"2026-03-12 12:50:11","2026-03-12 12:50:11"
3621,135,equipment,609,equipment,1,"2026-03-12 12:50:11","2026-03-12 12:50:11"
3622,333,item,731,normal,1,"2026-03-12 12:50:13","2026-03-12 12:50:13"
3623,333,item,703,rare,2,"2026-03-12 12:50:13","2026-03-12 12:50:13"
3624,333,orb,9,orb,1,"2026-03-12 12:50:13","2026-03-12 12:50:13"
3625,333,orb,154,orb,2,"2026-03-12 12:50:13","2026-03-12 12:50:13"
3626,333,orb,473,orb,3,"2026-03-12 12:50:13","2026-03-12 12:50:13"
3627,333,equipment,1013,equipment,1,"2026-03-12 12:50:13","2026-03-12 12:50:13"
3628,333,equipment,1018,equipment,2,"2026-03-12 12:50:13","2026-03-12 12:50:13"
3629,333,equipment,985,equipment,3,"2026-03-12 12:50:13","2026-03-12 12:50:13"
3630,54,item,699,normal,1,"2026-03-12 12:50:14","2026-03-12 12:50:14"
3631,54,item,567,rare,2,"2026-03-12 12:50:14","2026-03-12 12:50:14"
3632,54,orb,9,orb,1,"2026-03-12 12:50:14","2026-03-12 12:50:14"
3633,54,equipment,1554,equipment,1,"2026-03-12 12:50:14","2026-03-12 12:50:14"
3634,583,item,762,normal,1,"2026-03-12 12:50:16","2026-03-12 12:50:16"
3635,509,item,181,normal,1,"2026-03-12 12:50:19","2026-03-12 12:50:19"
3636,509,item,939,rare,2,"2026-03-12 12:50:19","2026-03-12 12:50:19"
3637,509,orb,207,orb,1,"2026-03-12 12:50:19","2026-03-12 12:50:19"
3638,509,orb,417,orb,2,"2026-03-12 12:50:19","2026-03-12 12:50:19"
3639,509,orb,418,orb,3,"2026-03-12 12:50:19","2026-03-12 12:50:19"
3640,509,equipment,183,equipment,1,"2026-03-12 12:50:19","2026-03-12 12:50:19"
3641,875,item,248,normal,1,"2026-03-12 12:50:21","2026-03-12 12:50:21"
3642,875,item,551,rare,2,"2026-03-12 12:50:21","2026-03-12 12:50:21"
3643,875,orb,235,orb,1,"2026-03-12 12:50:21","2026-03-12 12:50:21"
3644,875,orb,381,orb,2,"2026-03-12 12:50:21","2026-03-12 12:50:21"
3645,875,orb,464,orb,3,"2026-03-12 12:50:21","2026-03-12 12:50:21"
3646,875,equipment,698,equipment,1,"2026-03-12 12:50:21","2026-03-12 12:50:21"
3647,875,equipment,700,equipment,2,"2026-03-12 12:50:21","2026-03-12 12:50:21"
3648,221,item,633,normal,1,"2026-03-12 12:50:24","2026-03-12 12:50:24"
3649,221,item,1053,rare,2,"2026-03-12 12:50:24","2026-03-12 12:50:24"
3650,221,orb,9,orb,1,"2026-03-12 12:50:24","2026-03-12 12:50:24"
3651,221,equipment,67,equipment,1,"2026-03-12 12:50:24","2026-03-12 12:50:24"
3652,320,item,48,normal,1,"2026-03-12 12:50:26","2026-03-12 12:50:26"
3654,320,orb,68,orb,1,"2026-03-12 12:50:26","2026-03-12 12:50:26"
3655,320,orb,255,orb,2,"2026-03-12 12:50:26","2026-03-12 12:50:26"
3656,320,orb,260,orb,3,"2026-03-12 12:50:26","2026-03-12 12:50:26"
3657,320,equipment,1340,equipment,1,"2026-03-12 12:50:26","2026-03-12 12:50:26"
3658,320,equipment,1342,equipment,2,"2026-03-12 12:50:26","2026-03-12 12:50:26"
3659,876,item,661,normal,1,"2026-03-12 12:50:28","2026-03-12 12:50:28"
3660,876,item,629,rare,2,"2026-03-12 12:50:28","2026-03-12 12:50:28"
3661,876,orb,260,orb,1,"2026-03-12 12:50:28","2026-03-12 12:50:28"
3662,876,equipment,771,equipment,1,"2026-03-12 12:50:28","2026-03-12 12:50:28"
3663,876,equipment,772,equipment,2,"2026-03-12 12:50:28","2026-03-12 12:50:28"
3664,146,item,392,normal,1,"2026-03-12 12:50:30","2026-03-12 12:50:30"
3665,146,item,1138,rare,2,"2026-03-12 12:50:30","2026-03-12 12:50:30"
3666,146,orb,9,orb,1,"2026-03-12 12:50:30","2026-03-12 12:50:30"
3667,146,equipment,396,equipment,1,"2026-03-12 12:50:30","2026-03-12 12:50:30"
3668,877,item,821,normal,1,"2026-03-12 12:50:32","2026-03-12 12:50:32"
3669,877,item,762,rare,2,"2026-03-12 12:50:32","2026-03-12 12:50:32"
3670,877,orb,340,orb,1,"2026-03-12 12:50:32","2026-03-12 12:50:32"
3671,877,orb,477,orb,2,"2026-03-12 12:50:32","2026-03-12 12:50:32"
3672,877,equipment,696,equipment,1,"2026-03-12 12:50:32","2026-03-12 12:50:32"
3673,399,item,181,normal,1,"2026-03-12 12:50:34","2026-03-12 12:50:34"
3674,399,item,936,rare,2,"2026-03-12 12:50:34","2026-03-12 12:50:34"
3675,399,orb,9,orb,1,"2026-03-12 12:50:34","2026-03-12 12:50:34"
3676,399,orb,207,orb,2,"2026-03-12 12:50:34","2026-03-12 12:50:34"
3677,399,orb,413,orb,3,"2026-03-12 12:50:34","2026-03-12 12:50:34"
3678,399,equipment,187,equipment,1,"2026-03-12 12:50:34","2026-03-12 12:50:34"
3679,389,item,867,normal,1,"2026-03-12 12:50:36","2026-03-12 12:50:36"
3680,389,item,487,rare,15,"2026-03-12 12:50:36","2026-03-20 18:45:43"
3681,389,orb,124,orb,1,"2026-03-12 12:50:36","2026-03-12 12:50:36"
3682,389,orb,169,orb,2,"2026-03-12 12:50:36","2026-03-12 12:50:36"
3683,389,orb,461,orb,3,"2026-03-12 12:50:36","2026-03-12 12:50:36"
3684,389,equipment,136,equipment,1,"2026-03-12 12:50:36","2026-03-12 12:50:36"
3685,878,item,698,normal,1,"2026-03-12 12:50:38","2026-03-12 12:50:38"
3686,878,item,752,rare,2,"2026-03-12 12:50:38","2026-03-12 12:50:38"
3687,878,orb,9,orb,1,"2026-03-12 12:50:38","2026-03-12 12:50:38"
3688,878,equipment,686,equipment,1,"2026-03-12 12:50:38","2026-03-12 12:50:38"
3689,878,equipment,688,equipment,2,"2026-03-12 12:50:38","2026-03-12 12:50:38"
3690,771,item,1531,normal,1,"2026-03-12 12:50:41","2026-03-12 12:50:41"
3691,771,item,536,rare,2,"2026-03-12 12:50:41","2026-03-12 12:50:41"
3692,771,orb,441,orb,1,"2026-03-12 12:50:41","2026-03-12 12:50:41"
3693,771,equipment,259,equipment,1,"2026-03-12 12:50:41","2026-03-12 12:50:41"
3694,771,equipment,257,equipment,2,"2026-03-12 12:50:41","2026-03-12 12:50:41"
3695,586,item,248,normal,1,"2026-03-12 12:50:43","2026-03-12 12:50:43"
3696,586,item,795,rare,2,"2026-03-12 12:50:43","2026-03-12 12:50:43"
3697,586,orb,33,orb,1,"2026-03-12 12:50:43","2026-03-12 12:50:43"
3698,586,orb,129,orb,2,"2026-03-12 12:50:43","2026-03-12 12:50:43"
3699,586,orb,190,orb,3,"2026-03-12 12:50:43","2026-03-12 12:50:43"
3700,586,equipment,372,equipment,1,"2026-03-12 12:50:43","2026-03-12 12:50:43"
3701,742,item,795,normal,1,"2026-03-12 12:50:45","2026-03-12 12:50:45"
3702,742,accessory,100,rare,2,"2026-03-12 12:50:45","2026-03-12 12:50:45"
3703,742,orb,9,orb,1,"2026-03-12 12:50:45","2026-03-12 12:50:45"
3704,742,equipment,1468,equipment,1,"2026-03-12 12:50:45","2026-03-12 12:50:45"
3705,89,item,396,normal,1,"2026-03-12 12:50:47","2026-03-12 12:50:47"
3706,89,item,795,rare,2,"2026-03-12 12:50:47","2026-03-12 12:50:47"
3707,89,orb,9,orb,1,"2026-03-12 12:50:47","2026-03-12 12:50:47"
3708,89,equipment,276,equipment,1,"2026-03-12 12:50:47","2026-03-12 12:50:47"
3709,9,item,800,normal,1,"2026-03-12 12:50:49","2026-03-12 12:50:49"
3710,9,item,48,rare,2,"2026-03-12 12:50:49","2026-03-12 12:50:49"
3711,9,orb,9,orb,1,"2026-03-12 12:50:49","2026-03-12 12:50:49"
3712,9,equipment,483,equipment,1,"2026-03-12 12:50:49","2026-03-12 12:50:49"
3713,401,item,800,normal,1,"2026-03-12 12:50:51","2026-03-12 12:50:51"
3714,401,item,711,rare,2,"2026-03-12 12:50:51","2026-03-12 12:50:51"
3715,401,orb,56,orb,1,"2026-03-12 12:50:51","2026-03-12 12:50:51"
3716,401,orb,89,orb,2,"2026-03-12 12:50:51","2026-03-12 12:50:51"
3717,401,orb,200,orb,3,"2026-03-12 12:50:51","2026-03-12 12:50:51"
3718,401,equipment,829,equipment,1,"2026-03-12 12:50:51","2026-03-12 12:50:51"
3719,401,equipment,830,equipment,2,"2026-03-12 12:50:51","2026-03-12 12:50:51"
3720,401,equipment,832,equipment,3,"2026-03-12 12:50:51","2026-03-12 12:50:51"
3721,734,item,819,normal,1,"2026-03-12 12:50:53","2026-03-12 12:50:53"
3722,734,item,1184,rare,2,"2026-03-12 12:50:53","2026-03-12 12:50:53"
3723,734,orb,9,orb,1,"2026-03-12 12:50:54","2026-03-12 12:50:54"
3724,734,equipment,1509,equipment,1,"2026-03-12 12:50:54","2026-03-12 12:50:54"
3725,641,item,671,normal,1,"2026-03-12 12:50:56","2026-03-12 12:50:56"
3726,641,item,554,rare,2,"2026-03-12 12:50:56","2026-03-12 12:50:56"
3727,641,orb,345,orb,1,"2026-03-12 12:50:56","2026-03-12 12:50:56"
3728,641,orb,455,orb,2,"2026-03-12 12:50:56","2026-03-12 12:50:56"
3729,641,orb,459,orb,3,"2026-03-12 12:50:56","2026-03-12 12:50:56"
3730,641,equipment,295,equipment,1,"2026-03-12 12:50:56","2026-03-12 12:50:56"
3731,641,equipment,293,equipment,2,"2026-03-12 12:50:56","2026-03-12 12:50:56"
3732,641,equipment,291,equipment,3,"2026-03-12 12:50:56","2026-03-12 12:50:56"
3733,374,item,716,normal,1,"2026-03-12 12:50:58","2026-03-12 12:50:58"
3735,374,orb,67,orb,1,"2026-03-12 12:50:58","2026-03-12 12:50:58"
3736,374,orb,382,orb,2,"2026-03-12 12:50:58","2026-03-12 12:50:58"
3737,374,orb,468,orb,3,"2026-03-12 12:50:58","2026-03-12 12:50:58"
3738,374,equipment,262,equipment,1,"2026-03-12 12:50:58","2026-03-12 12:50:58"
3739,300,item,392,normal,1,"2026-03-12 12:51:01","2026-03-12 12:51:01"
3740,300,item,1436,rare,2,"2026-03-12 12:51:01","2026-03-12 12:51:01"
3741,300,orb,95,orb,1,"2026-03-12 12:51:01","2026-03-12 12:51:01"
3742,300,orb,274,orb,2,"2026-03-12 12:51:01","2026-03-12 12:51:01"
3743,300,orb,451,orb,3,"2026-03-12 12:51:01","2026-03-12 12:51:01"
3744,300,equipment,1089,equipment,1,"2026-03-12 12:51:01","2026-03-12 12:51:01"
3745,300,equipment,1091,equipment,2,"2026-03-12 12:51:01","2026-03-12 12:51:01"
3747,1198,orb,9,orb,1,"2026-03-12 12:51:03","2026-03-12 12:51:03"
3748,1198,equipment,3,equipment,1,"2026-03-12 12:51:03","2026-03-12 12:51:03"
3749,38,item,728,normal,1,"2026-03-12 12:51:05","2026-03-12 12:51:05"
3750,38,item,850,rare,2,"2026-03-12 12:51:05","2026-03-12 12:51:05"
3751,38,orb,9,orb,1,"2026-03-12 12:51:05","2026-03-12 12:51:05"
3752,38,equipment,1538,equipment,1,"2026-03-12 12:51:05","2026-03-12 12:51:05"
3753,675,item,559,normal,1,"2026-03-12 12:51:07","2026-03-12 12:51:07"
3754,675,item,647,rare,2,"2026-03-12 12:51:07","2026-03-12 12:51:07"
3755,675,orb,58,orb,1,"2026-03-12 12:51:07","2026-03-12 12:51:07"
3756,675,orb,309,orb,2,"2026-03-12 12:51:07","2026-03-12 12:51:07"
3757,675,orb,319,orb,3,"2026-03-12 12:51:07","2026-03-12 12:51:07"
3758,675,equipment,769,equipment,1,"2026-03-12 12:51:07","2026-03-12 12:51:07"
3759,675,equipment,770,equipment,2,"2026-03-12 12:51:07","2026-03-12 12:51:07"
3760,675,equipment,772,equipment,3,"2026-03-12 12:51:07","2026-03-12 12:51:07"
3761,449,item,881,normal,1,"2026-03-12 12:51:10","2026-03-12 12:51:10"
3762,449,item,861,rare,2,"2026-03-12 12:51:10","2026-03-12 12:51:10"
3763,449,orb,163,orb,1,"2026-03-12 12:51:10","2026-03-12 12:51:10"
3764,449,orb,237,orb,2,"2026-03-12 12:51:10","2026-03-12 12:51:10"
3765,449,orb,272,orb,3,"2026-03-12 12:51:10","2026-03-12 12:51:10"
3766,449,equipment,1088,equipment,1,"2026-03-12 12:51:10","2026-03-12 12:51:10"
3767,449,equipment,1089,equipment,2,"2026-03-12 12:51:10","2026-03-12 12:51:10"
3768,332,item,181,normal,1,"2026-03-12 12:51:13","2026-03-12 12:51:13"
3769,332,item,647,rare,2,"2026-03-12 12:51:13","2026-03-12 12:51:13"
3770,332,orb,6,orb,1,"2026-03-12 12:51:13","2026-03-12 12:51:13"
3771,332,orb,27,orb,2,"2026-03-12 12:51:13","2026-03-12 12:51:13"
3772,332,orb,272,orb,3,"2026-03-12 12:51:13","2026-03-12 12:51:13"
3773,332,equipment,465,equipment,1,"2026-03-12 12:51:13","2026-03-12 12:51:13"
3774,332,equipment,464,equipment,2,"2026-03-12 12:51:13","2026-03-12 12:51:13"
3775,423,item,686,normal,1,"2026-03-12 12:51:15","2026-03-12 12:51:15"
3776,423,item,995,rare,2,"2026-03-12 12:51:15","2026-03-12 12:51:15"
3777,423,orb,39,orb,1,"2026-03-12 12:51:15","2026-03-12 12:51:15"
3778,423,orb,96,orb,2,"2026-03-12 12:51:15","2026-03-12 12:51:15"
3779,423,orb,178,orb,3,"2026-03-12 12:51:15","2026-03-12 12:51:15"
3780,423,equipment,1145,equipment,1,"2026-03-12 12:51:15","2026-03-12 12:51:15"
3781,423,equipment,1146,equipment,2,"2026-03-12 12:51:15","2026-03-12 12:51:15"
3782,880,item,181,normal,1,"2026-03-12 12:51:17","2026-03-12 12:51:17"
3783,880,item,647,rare,2,"2026-03-12 12:51:17","2026-03-12 12:51:17"
3784,880,orb,6,orb,1,"2026-03-12 12:51:17","2026-03-12 12:51:17"
3785,880,orb,27,orb,2,"2026-03-12 12:51:17","2026-03-12 12:51:17"
3786,880,orb,272,orb,3,"2026-03-12 12:51:17","2026-03-12 12:51:17"
3787,880,equipment,205,equipment,1,"2026-03-12 12:51:17","2026-03-12 12:51:17"
3788,226,item,565,normal,1,"2026-03-12 12:51:20","2026-03-12 12:51:20"
3789,226,item,703,rare,2,"2026-03-12 12:51:20","2026-03-12 12:51:20"
3790,226,orb,9,orb,1,"2026-03-12 12:51:20","2026-03-12 12:51:20"
3791,226,equipment,1237,equipment,1,"2026-03-12 12:51:20","2026-03-12 12:51:20"
3792,226,equipment,1238,equipment,2,"2026-03-12 12:51:20","2026-03-12 12:51:20"
3793,637,item,565,normal,1,"2026-03-12 12:51:22","2026-03-12 12:51:22"
3794,637,item,677,rare,2,"2026-03-12 12:51:22","2026-03-12 12:51:22"
3795,637,orb,304,orb,1,"2026-03-12 12:51:22","2026-03-12 12:51:22"
3796,637,orb,308,orb,2,"2026-03-12 12:51:22","2026-03-12 12:51:22"
3797,637,orb,144,orb,3,"2026-03-12 12:51:22","2026-03-12 12:51:22"
3798,637,equipment,374,equipment,1,"2026-03-12 12:51:22","2026-03-12 12:51:22"
3799,637,equipment,373,equipment,2,"2026-03-12 12:51:22","2026-03-12 12:51:22"
3800,792,item,648,normal,1,"2026-03-12 12:51:24","2026-03-12 12:51:24"
3801,792,item,611,rare,2,"2026-03-12 12:51:24","2026-03-12 12:51:24"
3802,792,orb,164,orb,1,"2026-03-12 12:51:24","2026-03-12 12:51:24"
3803,792,equipment,575,equipment,1,"2026-03-12 12:51:24","2026-03-12 12:51:24"
3804,792,equipment,573,equipment,2,"2026-03-12 12:51:24","2026-03-12 12:51:24"
3805,55,item,326,normal,1,"2026-03-12 12:51:26","2026-03-12 12:51:26"
3806,55,item,324,rare,2,"2026-03-12 12:51:26","2026-03-12 12:51:26"
3807,55,orb,9,orb,1,"2026-03-12 12:51:26","2026-03-12 12:51:26"
3808,55,equipment,3,equipment,1,"2026-03-12 12:51:26","2026-03-12 12:51:26"
3809,180,item,683,normal,1,"2026-03-12 12:51:29","2026-03-12 12:51:29"
3810,180,item,1136,rare,2,"2026-03-12 12:51:29","2026-03-12 12:51:29"
3811,180,orb,9,orb,1,"2026-03-12 12:51:29","2026-03-12 12:51:29"
3812,180,equipment,1349,equipment,1,"2026-03-12 12:51:29","2026-03-12 12:51:29"
3813,180,equipment,1351,equipment,2,"2026-03-12 12:51:29","2026-03-12 12:51:29"
3814,16,item,717,normal,1,"2026-03-12 12:51:31","2026-03-12 12:51:31"
3815,16,item,795,rare,2,"2026-03-12 12:51:31","2026-03-12 12:51:31"
3816,16,orb,9,orb,1,"2026-03-12 12:51:31","2026-03-12 12:51:31"
3817,16,equipment,401,equipment,1,"2026-03-12 12:51:31","2026-03-12 12:51:31"
3818,419,item,594,normal,1,"2026-03-12 12:51:33","2026-03-12 12:51:33"
3819,419,item,703,rare,2,"2026-03-12 12:51:33","2026-03-12 12:51:33"
3820,419,orb,245,orb,1,"2026-03-12 12:51:33","2026-03-12 12:51:33"
3821,419,orb,394,orb,2,"2026-03-12 12:51:33","2026-03-12 12:51:33"
3822,419,orb,453,orb,3,"2026-03-12 12:51:33","2026-03-12 12:51:33"
3823,419,equipment,374,equipment,1,"2026-03-12 12:51:33","2026-03-12 12:51:33"
3824,419,equipment,371,equipment,2,"2026-03-12 12:51:33","2026-03-12 12:51:33"
3825,430,item,181,normal,1,"2026-03-12 12:51:36","2026-03-12 12:51:36"
3826,430,item,661,rare,2,"2026-03-12 12:51:36","2026-03-12 12:51:36"
3827,430,orb,17,orb,1,"2026-03-12 12:51:36","2026-03-12 12:51:36"
3828,430,orb,489,orb,2,"2026-03-12 12:51:36","2026-03-12 12:51:36"
3829,430,orb,495,orb,3,"2026-03-12 12:51:36","2026-03-12 12:51:36"
3830,430,equipment,336,equipment,1,"2026-03-12 12:51:36","2026-03-12 12:51:36"
3831,405,item,767,normal,1,"2026-03-12 12:51:38","2026-03-12 12:51:38"
3832,405,accessory,72,rare,2,"2026-03-12 12:51:38","2026-03-12 12:51:38"
3833,405,orb,13,orb,1,"2026-03-12 12:51:38","2026-03-12 12:51:38"
3834,405,orb,116,orb,2,"2026-03-12 12:51:38","2026-03-12 12:51:38"
3835,405,orb,405,orb,3,"2026-03-12 12:51:38","2026-03-12 12:51:38"
3836,405,equipment,141,equipment,1,"2026-03-12 12:51:38","2026-03-12 12:51:38"
3837,103,item,698,normal,1,"2026-03-12 12:51:40","2026-03-12 12:51:40"
3838,103,item,611,rare,2,"2026-03-12 12:51:40","2026-03-12 12:51:40"
3839,103,orb,9,orb,1,"2026-03-12 12:51:40","2026-03-12 12:51:40"
3840,103,equipment,358,equipment,1,"2026-03-12 12:51:40","2026-03-12 12:51:40"
3841,562,item,595,normal,1,"2026-03-12 12:51:42","2026-03-12 12:51:42"
3842,562,item,747,rare,2,"2026-03-12 12:51:42","2026-03-12 12:51:42"
3843,562,orb,92,orb,1,"2026-03-12 12:51:42","2026-03-12 12:51:42"
3844,562,orb,143,orb,2,"2026-03-12 12:51:42","2026-03-12 12:51:42"
3845,562,orb,459,orb,3,"2026-03-12 12:51:42","2026-03-12 12:51:42"
3846,562,equipment,496,equipment,1,"2026-03-12 12:51:42","2026-03-12 12:51:42"
3847,562,equipment,495,equipment,2,"2026-03-12 12:51:42","2026-03-12 12:51:42"
3848,56,item,392,normal,1,"2026-03-12 12:51:44","2026-03-12 12:51:44"
3849,56,item,850,rare,2,"2026-03-12 12:51:44","2026-03-12 12:51:44"
3850,56,orb,9,orb,1,"2026-03-12 12:51:44","2026-03-12 12:51:44"
3851,56,equipment,199,equipment,1,"2026-03-12 12:51:44","2026-03-12 12:51:44"
3852,117,item,392,normal,1,"2026-03-12 12:51:47","2026-03-12 12:51:47"
3853,117,item,1298,rare,2,"2026-03-12 12:51:47","2026-03-12 12:51:47"
3854,117,orb,9,orb,1,"2026-03-12 12:51:47","2026-03-12 12:51:47"
3855,117,equipment,1558,equipment,1,"2026-03-12 12:51:47","2026-03-12 12:51:47"
3856,291,item,698,normal,1,"2026-03-12 12:51:49","2026-03-12 12:51:49"
3857,291,item,1049,rare,2,"2026-03-12 12:51:49","2026-03-12 12:51:49"
3858,291,orb,34,orb,1,"2026-03-12 12:51:49","2026-03-12 12:51:49"
3859,291,orb,486,orb,2,"2026-03-12 12:51:49","2026-03-12 12:51:49"
3860,291,orb,504,orb,3,"2026-03-12 12:51:49","2026-03-12 12:51:49"
3861,291,equipment,344,equipment,1,"2026-03-12 12:51:49","2026-03-12 12:51:49"
3862,33,item,800,normal,1,"2026-03-12 12:51:52","2026-03-12 12:51:52"
3863,33,item,567,rare,2,"2026-03-12 12:51:52","2026-03-12 12:51:52"
3864,33,orb,9,orb,1,"2026-03-12 12:51:52","2026-03-12 12:51:52"
3865,33,equipment,239,equipment,1,"2026-03-12 12:51:52","2026-03-12 12:51:52"
3866,881,item,800,normal,1,"2026-03-12 12:51:54","2026-03-12 12:51:54"
3867,881,item,670,rare,2,"2026-03-12 12:51:54","2026-03-12 12:51:54"
3868,881,orb,24,orb,1,"2026-03-12 12:51:54","2026-03-12 12:51:54"
3869,881,orb,137,orb,2,"2026-03-12 12:51:54","2026-03-12 12:51:54"
3870,881,orb,475,orb,3,"2026-03-12 12:51:54","2026-03-12 12:51:54"
3871,881,equipment,208,equipment,1,"2026-03-12 12:51:54","2026-03-12 12:51:54"
3872,610,item,816,normal,1,"2026-03-12 12:51:56","2026-03-12 12:51:56"
3873,610,item,687,rare,2,"2026-03-12 12:51:56","2026-03-12 12:51:56"
3874,610,orb,84,orb,1,"2026-03-12 12:51:56","2026-03-12 12:51:56"
3875,610,orb,443,orb,2,"2026-03-12 12:51:56","2026-03-12 12:51:56"
3876,610,orb,479,orb,3,"2026-03-12 12:51:56","2026-03-12 12:51:56"
3877,610,equipment,906,equipment,1,"2026-03-12 12:51:56","2026-03-12 12:51:56"
3878,610,equipment,907,equipment,2,"2026-03-12 12:51:56","2026-03-12 12:51:56"
3879,610,equipment,910,equipment,3,"2026-03-12 12:51:56","2026-03-12 12:51:56"
3880,706,item,816,normal,1,"2026-03-12 12:51:58","2026-03-12 12:51:58"
3881,706,item,693,rare,2,"2026-03-12 12:51:58","2026-03-12 12:51:58"
3882,706,orb,91,orb,1,"2026-03-12 12:51:58","2026-03-12 12:51:58"
3883,706,orb,255,orb,2,"2026-03-12 12:51:58","2026-03-12 12:51:58"
3884,706,orb,325,orb,3,"2026-03-12 12:51:58","2026-03-12 12:51:58"
3885,706,equipment,26,equipment,1,"2026-03-12 12:51:58","2026-03-12 12:51:58"
3886,706,equipment,68,equipment,2,"2026-03-12 12:51:58","2026-03-12 12:51:58"
3887,706,equipment,349,equipment,3,"2026-03-12 12:51:58","2026-03-12 12:51:58"
3888,353,item,643,normal,1,"2026-03-12 12:52:00","2026-03-12 12:52:00"
3889,353,item,868,rare,2,"2026-03-12 12:52:00","2026-03-12 12:52:00"
3890,353,orb,157,orb,1,"2026-03-12 12:52:00","2026-03-12 12:52:00"
3891,353,orb,188,orb,2,"2026-03-12 12:52:00","2026-03-12 12:52:00"
3892,353,orb,472,orb,3,"2026-03-12 12:52:00","2026-03-12 12:52:00"
3893,353,equipment,224,equipment,1,"2026-03-12 12:52:00","2026-03-12 12:52:00"
3894,674,item,591,normal,1,"2026-03-12 12:52:03","2026-03-12 12:52:03"
3895,674,item,876,rare,2,"2026-03-12 12:52:03","2026-03-12 12:52:03"
3896,674,orb,20,orb,1,"2026-03-12 12:52:03","2026-03-12 12:52:03"
3897,674,equipment,812,equipment,1,"2026-03-12 12:52:03","2026-03-12 12:52:03"
3898,478,item,548,normal,1,"2026-03-12 12:52:06","2026-03-12 12:52:06"
3899,478,item,757,rare,2,"2026-03-12 12:52:06","2026-03-12 12:52:06"
3900,478,orb,1,orb,1,"2026-03-12 12:52:06","2026-03-12 12:52:06"
3901,478,orb,63,orb,2,"2026-03-12 12:52:06","2026-03-12 12:52:06"
3902,478,orb,403,orb,3,"2026-03-12 12:52:06","2026-03-12 12:52:06"
3903,478,equipment,135,equipment,1,"2026-03-12 12:52:06","2026-03-12 12:52:06"
3904,297,item,633,normal,1,"2026-03-12 12:52:08","2026-03-12 12:52:08"
3905,297,item,1030,rare,2,"2026-03-12 12:52:08","2026-03-12 12:52:08"
3906,297,orb,35,orb,1,"2026-03-12 12:52:08","2026-03-12 12:52:08"
3907,297,orb,90,orb,2,"2026-03-12 12:52:08","2026-03-12 12:52:08"
3908,297,orb,379,orb,3,"2026-03-12 12:52:08","2026-03-12 12:52:08"
3909,297,equipment,1306,equipment,1,"2026-03-12 12:52:08","2026-03-12 12:52:08"
3910,297,equipment,1308,equipment,2,"2026-03-12 12:52:08","2026-03-12 12:52:08"
3911,882,item,548,normal,1,"2026-03-12 12:52:11","2026-03-12 12:52:11"
3912,882,item,607,rare,2,"2026-03-12 12:52:11","2026-03-12 12:52:11"
3913,882,orb,247,orb,1,"2026-03-12 12:52:11","2026-03-12 12:52:11"
3914,882,orb,279,orb,2,"2026-03-12 12:52:11","2026-03-12 12:52:11"
3915,882,orb,355,orb,3,"2026-03-12 12:52:11","2026-03-12 12:52:11"
3916,882,equipment,287,equipment,1,"2026-03-12 12:52:11","2026-03-12 12:52:11"
3917,882,equipment,286,equipment,2,"2026-03-12 12:52:11","2026-03-12 12:52:11"
3918,883,item,651,normal,1,"2026-03-12 12:52:13","2026-03-12 12:52:13"
3919,883,item,833,rare,2,"2026-03-12 12:52:13","2026-03-12 12:52:13"
3920,883,orb,483,orb,1,"2026-03-12 12:52:13","2026-03-12 12:52:13"
3921,883,orb,530,orb,2,"2026-03-12 12:52:13","2026-03-12 12:52:13"
3922,883,equipment,727,equipment,1,"2026-03-12 12:52:13","2026-03-12 12:52:13"
3923,883,equipment,728,equipment,2,"2026-03-12 12:52:13","2026-03-12 12:52:13"
3924,176,item,548,normal,1,"2026-03-12 12:52:15","2026-03-12 12:52:15"
3925,176,item,649,rare,2,"2026-03-12 12:52:15","2026-03-12 12:52:15"
3926,176,orb,9,orb,1,"2026-03-12 12:52:15","2026-03-12 12:52:15"
3927,176,equipment,73,equipment,1,"2026-03-12 12:52:15","2026-03-12 12:52:15"
3928,236,item,802,normal,1,"2026-03-12 12:52:17","2026-03-12 12:52:17"
3929,236,item,879,rare,2,"2026-03-12 12:52:17","2026-03-12 12:52:17"
3930,236,orb,9,orb,1,"2026-03-12 12:52:17","2026-03-12 12:52:17"
3931,236,equipment,1217,equipment,1,"2026-03-12 12:52:17","2026-03-12 12:52:17"
3932,236,equipment,1212,equipment,2,"2026-03-12 12:52:17","2026-03-12 12:52:17"
3933,236,equipment,1222,equipment,3,"2026-03-12 12:52:17","2026-03-12 12:52:17"
3934,687,item,597,normal,1,"2026-03-12 12:52:19","2026-03-12 12:52:19"
3935,687,item,611,rare,2,"2026-03-12 12:52:19","2026-03-12 12:52:19"
3936,687,orb,10,orb,1,"2026-03-12 12:52:19","2026-03-12 12:52:19"
3937,687,orb,309,orb,2,"2026-03-12 12:52:19","2026-03-12 12:52:19"
3938,687,orb,466,orb,3,"2026-03-12 12:52:19","2026-03-12 12:52:19"
3939,687,equipment,840,equipment,1,"2026-03-12 12:52:19","2026-03-12 12:52:19"
3940,687,equipment,841,equipment,2,"2026-03-12 12:52:19","2026-03-12 12:52:19"
3941,687,equipment,842,equipment,3,"2026-03-12 12:52:19","2026-03-12 12:52:19"
3942,487,item,664,normal,1,"2026-03-12 12:52:21","2026-03-12 12:52:21"
3943,487,item,866,rare,2,"2026-03-12 12:52:21","2026-03-12 12:52:21"
3944,487,orb,67,orb,1,"2026-03-12 12:52:21","2026-03-12 12:52:21"
3945,487,orb,124,orb,2,"2026-03-12 12:52:21","2026-03-12 12:52:21"
3946,487,orb,280,orb,3,"2026-03-12 12:52:21","2026-03-12 12:52:21"
3947,487,equipment,140,equipment,1,"2026-03-12 12:52:21","2026-03-12 12:52:21"
3948,329,item,548,normal,1,"2026-03-12 12:52:24","2026-03-12 12:52:24"
3949,329,item,1204,rare,2,"2026-03-12 12:52:24","2026-03-12 12:52:24"
3950,329,orb,44,orb,1,"2026-03-12 12:52:24","2026-03-12 12:52:24"
3951,329,orb,273,orb,2,"2026-03-12 12:52:24","2026-03-12 12:52:24"
3952,329,orb,162,orb,3,"2026-03-12 12:52:24","2026-03-12 12:52:24"
3953,329,equipment,376,equipment,1,"2026-03-12 12:52:24","2026-03-12 12:52:24"
3954,398,item,633,normal,1,"2026-03-12 12:52:26","2026-03-12 12:52:26"
3955,398,item,838,rare,2,"2026-03-12 12:52:26","2026-03-12 12:52:26"
3956,398,orb,24,orb,1,"2026-03-12 12:52:26","2026-03-12 12:52:26"
3957,398,orb,422,orb,2,"2026-03-12 12:52:26","2026-03-12 12:52:26"
3958,398,orb,424,orb,3,"2026-03-12 12:52:26","2026-03-12 12:52:26"
3959,398,equipment,460,equipment,1,"2026-03-12 12:52:26","2026-03-12 12:52:26"
3960,321,item,732,normal,1,"2026-03-12 12:52:27","2026-03-12 12:52:27"
3961,321,item,1366,rare,2,"2026-03-12 12:52:27","2026-03-12 12:52:27"
3962,321,orb,6,orb,1,"2026-03-12 12:52:27","2026-03-12 12:52:27"
3963,321,orb,166,orb,2,"2026-03-12 12:52:27","2026-03-12 12:52:27"
3964,321,orb,162,orb,3,"2026-03-12 12:52:27","2026-03-12 12:52:27"
3965,321,equipment,63,equipment,1,"2026-03-12 12:52:27","2026-03-12 12:52:27"
3966,228,item,653,normal,1,"2026-03-12 12:52:29","2026-03-12 12:52:29"
3967,228,item,977,rare,2,"2026-03-12 12:52:29","2026-03-12 12:52:29"
3968,228,orb,9,orb,1,"2026-03-12 12:52:29","2026-03-12 12:52:29"
3969,228,equipment,109,equipment,1,"2026-03-12 12:52:29","2026-03-12 12:52:29"
3970,228,equipment,350,equipment,2,"2026-03-12 12:52:29","2026-03-12 12:52:29"
3971,228,equipment,431,equipment,3,"2026-03-12 12:52:29","2026-03-12 12:52:29"
3972,503,item,652,normal,1,"2026-03-12 12:52:31","2026-03-12 12:52:31"
3973,503,accessory,131,rare,2,"2026-03-12 12:52:31","2026-03-12 12:52:31"
3974,503,orb,16,orb,1,"2026-03-12 12:52:31","2026-03-12 12:52:31"
3975,503,orb,189,orb,2,"2026-03-12 12:52:31","2026-03-12 12:52:31"
3976,503,orb,155,orb,3,"2026-03-12 12:52:31","2026-03-12 12:52:31"
3977,503,equipment,180,equipment,1,"2026-03-12 12:52:31","2026-03-12 12:52:31"
3978,503,equipment,457,equipment,2,"2026-03-12 12:52:31","2026-03-12 12:52:31"
3979,503,equipment,301,equipment,3,"2026-03-12 12:52:31","2026-03-12 12:52:31"
3980,108,item,800,normal,1,"2026-03-12 12:52:33","2026-03-12 12:52:33"
3981,108,item,531,rare,2,"2026-03-12 12:52:33","2026-03-12 12:52:33"
3982,108,orb,9,orb,1,"2026-03-12 12:52:33","2026-03-12 12:52:33"
3983,108,equipment,278,equipment,1,"2026-03-12 12:52:33","2026-03-12 12:52:33"
3984,566,item,699,normal,1,"2026-03-12 12:52:35","2026-03-12 12:52:35"
3985,566,item,833,rare,2,"2026-03-12 12:52:35","2026-03-12 12:52:35"
3986,566,orb,231,orb,1,"2026-03-12 12:52:35","2026-03-12 12:52:35"
3987,566,orb,434,orb,2,"2026-03-12 12:52:35","2026-03-12 12:52:35"
3988,566,orb,444,orb,3,"2026-03-12 12:52:35","2026-03-12 12:52:35"
3989,566,equipment,255,equipment,1,"2026-03-12 12:52:35","2026-03-12 12:52:35"
3990,566,equipment,254,equipment,2,"2026-03-12 12:52:35","2026-03-12 12:52:35"
3991,566,equipment,253,equipment,3,"2026-03-12 12:52:35","2026-03-12 12:52:35"
3992,884,item,653,normal,1,"2026-03-12 12:52:38","2026-03-12 12:52:38"
3993,884,item,771,rare,2,"2026-03-12 12:52:38","2026-03-12 12:52:38"
3994,884,orb,36,orb,1,"2026-03-12 12:52:38","2026-03-12 12:52:38"
3995,884,orb,109,orb,2,"2026-03-12 12:52:38","2026-03-12 12:52:38"
3996,884,orb,327,orb,3,"2026-03-12 12:52:38","2026-03-12 12:52:38"
3997,884,equipment,327,equipment,1,"2026-03-12 12:52:38","2026-03-12 12:52:38"
3998,884,equipment,326,equipment,2,"2026-03-12 12:52:38","2026-03-12 12:52:38"
3999,884,equipment,325,equipment,3,"2026-03-12 12:52:38","2026-03-12 12:52:38"
4000,740,item,651,normal,1,"2026-03-12 12:52:40","2026-03-12 12:52:40"
4001,740,accessory,29,rare,2,"2026-03-12 12:52:40","2026-03-12 12:52:40"
4002,740,orb,9,orb,1,"2026-03-12 12:52:40","2026-03-12 12:52:40"
4003,740,equipment,518,equipment,1,"2026-03-12 12:52:40","2026-03-12 12:52:40"
4004,377,item,617,normal,1,"2026-03-12 12:52:42","2026-03-12 12:52:42"
4005,377,item,536,rare,2,"2026-03-12 12:52:42","2026-03-12 12:52:42"
4006,377,orb,97,orb,1,"2026-03-12 12:52:42","2026-03-12 12:52:42"
4007,377,orb,182,orb,2,"2026-03-12 12:52:42","2026-03-12 12:52:42"
4008,377,orb,254,orb,3,"2026-03-12 12:52:42","2026-03-12 12:52:42"
4009,377,equipment,1064,equipment,1,"2026-03-12 12:52:42","2026-03-12 12:52:42"
4010,377,equipment,1066,equipment,2,"2026-03-12 12:52:42","2026-03-12 12:52:42"
4011,342,item,613,normal,1,"2026-03-12 12:52:44","2026-03-12 12:52:44"
4012,342,item,861,rare,2,"2026-03-12 12:52:44","2026-03-12 12:52:44"
4013,342,orb,41,orb,1,"2026-03-12 12:52:44","2026-03-12 12:52:44"
4014,342,orb,92,orb,2,"2026-03-12 12:52:44","2026-03-12 12:52:44"
4015,342,orb,452,orb,3,"2026-03-12 12:52:44","2026-03-12 12:52:44"
4016,342,equipment,1033,equipment,1,"2026-03-12 12:52:44","2026-03-12 12:52:44"
4017,342,equipment,1035,equipment,2,"2026-03-12 12:52:44","2026-03-12 12:52:44"
4018,521,item,591,normal,1,"2026-03-12 12:52:46","2026-03-12 12:52:46"
4019,521,item,1011,rare,2,"2026-03-12 12:52:46","2026-03-12 12:52:46"
4020,521,orb,181,orb,1,"2026-03-12 12:52:46","2026-03-12 12:52:46"
4021,521,orb,205,orb,2,"2026-03-12 12:52:46","2026-03-12 12:52:46"
4022,521,orb,412,orb,3,"2026-03-12 12:52:46","2026-03-12 12:52:46"
4023,521,equipment,179,equipment,1,"2026-03-12 12:52:46","2026-03-12 12:52:46"
4024,597,item,699,normal,1,"2026-03-12 12:52:48","2026-03-12 12:52:48"
4025,597,item,611,rare,2,"2026-03-12 12:52:48","2026-03-12 12:52:48"
4026,597,orb,182,orb,1,"2026-03-12 12:52:48","2026-03-12 12:52:48"
4027,597,orb,529,orb,2,"2026-03-12 12:52:48","2026-03-12 12:52:48"
4028,597,orb,532,orb,3,"2026-03-12 12:52:48","2026-03-12 12:52:48"
4029,597,equipment,903,equipment,1,"2026-03-12 12:52:48","2026-03-12 12:52:48"
4030,597,equipment,905,equipment,2,"2026-03-12 12:52:48","2026-03-12 12:52:48"
4031,885,item,661,normal,1,"2026-03-12 12:52:50","2026-03-12 12:52:50"
4032,885,item,883,rare,2,"2026-03-12 12:52:50","2026-03-12 12:52:50"
4033,885,orb,248,orb,1,"2026-03-12 12:52:50","2026-03-12 12:52:50"
4034,885,equipment,759,equipment,1,"2026-03-12 12:52:50","2026-03-12 12:52:50"
4035,465,item,800,normal,1,"2026-03-12 12:52:52","2026-03-12 12:52:52"
4036,465,item,647,rare,2,"2026-03-12 12:52:52","2026-03-12 12:52:52"
4037,465,orb,70,orb,1,"2026-03-12 12:52:52","2026-03-12 12:52:52"
4038,465,orb,182,orb,2,"2026-03-12 12:52:52","2026-03-12 12:52:52"
4039,465,orb,205,orb,3,"2026-03-12 12:52:52","2026-03-12 12:52:52"
4040,465,equipment,926,equipment,1,"2026-03-12 12:52:52","2026-03-12 12:52:52"
4041,465,equipment,928,equipment,2,"2026-03-12 12:52:52","2026-03-12 12:52:52"
4042,133,item,694,normal,1,"2026-03-12 12:52:55","2026-03-12 12:52:55"
4043,133,item,810,rare,2,"2026-03-12 12:52:55","2026-03-12 12:52:55"
4044,133,orb,9,orb,1,"2026-03-12 12:52:55","2026-03-12 12:52:55"
4045,133,equipment,312,equipment,1,"2026-03-12 12:52:55","2026-03-12 12:52:55"
4046,113,item,823,normal,1,"2026-03-12 12:52:57","2026-03-12 12:52:57"
4047,113,item,879,rare,2,"2026-03-12 12:52:57","2026-03-12 12:52:57"
4048,113,orb,9,orb,1,"2026-03-12 12:52:57","2026-03-12 12:52:57"
4049,113,equipment,24,equipment,1,"2026-03-12 12:52:57","2026-03-12 12:52:57"
4050,113,equipment,273,equipment,2,"2026-03-12 12:52:57","2026-03-12 12:52:57"
4051,113,equipment,351,equipment,3,"2026-03-12 12:52:57","2026-03-12 12:52:57"
4052,886,item,823,normal,1,"2026-03-12 12:53:00","2026-03-12 12:53:00"
4053,886,item,536,rare,2,"2026-03-12 12:53:00","2026-03-12 12:53:00"
4054,886,orb,9,orb,1,"2026-03-12 12:53:00","2026-03-12 12:53:00"
4055,886,equipment,583,equipment,1,"2026-03-12 12:53:00","2026-03-12 12:53:00"
4056,282,item,863,normal,1,"2026-03-12 12:53:02","2026-03-12 12:53:02"
4057,282,item,835,rare,2,"2026-03-12 12:53:02","2026-03-12 12:53:02"
4058,282,orb,234,orb,1,"2026-03-12 12:53:02","2026-03-12 12:53:02"
4059,282,orb,222,orb,2,"2026-03-12 12:53:02","2026-03-12 12:53:02"
4060,282,orb,400,orb,3,"2026-03-12 12:53:02","2026-03-12 12:53:02"
4061,282,equipment,273,equipment,1,"2026-03-12 12:53:02","2026-03-12 12:53:02"
4062,169,item,652,normal,1,"2026-03-12 12:53:04","2026-03-12 12:53:04"
4063,169,item,1257,rare,2,"2026-03-12 12:53:04","2026-03-12 12:53:04"
4064,169,orb,9,orb,1,"2026-03-12 12:53:04","2026-03-12 12:53:04"
4065,169,equipment,611,equipment,1,"2026-03-12 12:53:04","2026-03-12 12:53:04"
4066,384,item,820,normal,1,"2026-03-12 12:53:06","2026-03-12 12:53:06"
4067,384,item,487,rare,16,"2026-03-12 12:53:06","2026-03-20 18:45:43"
4068,384,orb,113,orb,1,"2026-03-12 12:53:06","2026-03-12 12:53:06"
4069,384,orb,118,orb,2,"2026-03-12 12:53:06","2026-03-12 12:53:06"
4070,384,orb,126,orb,3,"2026-03-12 12:53:06","2026-03-12 12:53:06"
4071,384,equipment,1009,equipment,1,"2026-03-12 12:53:06","2026-03-12 12:53:06"
4072,384,equipment,1010,equipment,2,"2026-03-12 12:53:06","2026-03-12 12:53:06"
4073,770,item,834,normal,1,"2026-03-12 12:53:08","2026-03-12 12:53:08"
4074,770,item,487,rare,17,"2026-03-12 12:53:08","2026-03-20 18:45:43"
4075,770,orb,441,orb,1,"2026-03-12 12:53:08","2026-03-12 12:53:08"
4076,770,equipment,996,equipment,1,"2026-03-12 12:53:08","2026-03-12 12:53:08"
4077,770,equipment,997,equipment,2,"2026-03-12 12:53:08","2026-03-12 12:53:08"
4078,770,equipment,998,equipment,3,"2026-03-12 12:53:08","2026-03-12 12:53:08"
4079,596,item,698,normal,1,"2026-03-12 12:53:11","2026-03-12 12:53:11"
4080,596,item,647,rare,2,"2026-03-12 12:53:11","2026-03-12 12:53:11"
4081,596,orb,181,orb,1,"2026-03-12 12:53:11","2026-03-12 12:53:11"
4082,596,orb,530,orb,2,"2026-03-12 12:53:11","2026-03-12 12:53:11"
4083,596,orb,532,orb,3,"2026-03-12 12:53:11","2026-03-12 12:53:11"
4084,596,equipment,901,equipment,1,"2026-03-12 12:53:11","2026-03-12 12:53:11"
4085,596,equipment,902,equipment,2,"2026-03-12 12:53:11","2026-03-12 12:53:11"
4086,887,item,181,normal,1,"2026-03-12 12:53:13","2026-03-12 12:53:13"
4087,887,item,697,rare,2,"2026-03-12 12:53:13","2026-03-12 12:53:13"
4088,887,orb,29,orb,1,"2026-03-12 12:53:13","2026-03-12 12:53:13"
4089,887,orb,101,orb,2,"2026-03-12 12:53:13","2026-03-12 12:53:13"
4090,887,orb,471,orb,3,"2026-03-12 12:53:13","2026-03-12 12:53:13"
4091,887,equipment,785,equipment,1,"2026-03-12 12:53:13","2026-03-12 12:53:13"
4092,887,equipment,786,equipment,2,"2026-03-12 12:53:13","2026-03-12 12:53:13"
4093,475,item,728,normal,1,"2026-03-12 12:53:16","2026-03-12 12:53:16"
4094,475,item,850,rare,2,"2026-03-12 12:53:16","2026-03-12 12:53:16"
4095,475,orb,40,orb,1,"2026-03-12 12:53:16","2026-03-12 12:53:16"
4096,475,orb,381,orb,2,"2026-03-12 12:53:16","2026-03-12 12:53:16"
4097,475,orb,451,orb,3,"2026-03-12 12:53:16","2026-03-12 12:53:16"
4098,475,equipment,94,equipment,1,"2026-03-12 12:53:16","2026-03-12 12:53:16"
4099,475,equipment,93,equipment,2,"2026-03-12 12:53:16","2026-03-12 12:53:16"
4100,272,item,651,normal,1,"2026-03-12 12:53:18","2026-03-12 12:53:18"
4101,272,item,735,rare,2,"2026-03-12 12:53:18","2026-03-12 12:53:18"
4102,272,orb,2,orb,1,"2026-03-12 12:53:18","2026-03-12 12:53:18"
4103,272,orb,151,orb,2,"2026-03-12 12:53:18","2026-03-12 12:53:18"
4104,272,orb,193,orb,3,"2026-03-12 12:53:18","2026-03-12 12:53:18"
4105,272,equipment,144,equipment,1,"2026-03-12 12:53:18","2026-03-12 12:53:18"
4106,239,item,617,normal,1,"2026-03-12 12:53:20","2026-03-12 12:53:20"
4107,239,item,879,rare,2,"2026-03-12 12:53:20","2026-03-12 12:53:20"
4108,239,orb,9,orb,1,"2026-03-12 12:53:20","2026-03-12 12:53:20"
4109,239,equipment,108,equipment,1,"2026-03-12 12:53:20","2026-03-12 12:53:20"
4110,638,item,860,normal,1,"2026-03-12 12:53:22","2026-03-12 12:53:22"
4111,638,item,677,rare,2,"2026-03-12 12:53:22","2026-03-12 12:53:22"
4112,638,orb,134,orb,1,"2026-03-12 12:53:22","2026-03-12 12:53:22"
4113,638,orb,85,orb,2,"2026-03-12 12:53:22","2026-03-12 12:53:22"
4114,638,orb,480,orb,3,"2026-03-12 12:53:22","2026-03-12 12:53:22"
4115,638,equipment,1055,equipment,1,"2026-03-12 12:53:22","2026-03-12 12:53:22"
4116,638,equipment,1056,equipment,2,"2026-03-12 12:53:22","2026-03-12 12:53:22"
4117,888,item,860,normal,1,"2026-03-12 12:53:24","2026-03-12 12:53:24"
4118,888,item,835,rare,2,"2026-03-12 12:53:24","2026-03-12 12:53:24"
4119,888,orb,134,orb,1,"2026-03-12 12:53:24","2026-03-12 12:53:24"
4120,888,orb,85,orb,2,"2026-03-12 12:53:24","2026-03-12 12:53:24"
4121,888,orb,480,orb,3,"2026-03-12 12:53:24","2026-03-12 12:53:24"
4122,888,equipment,676,equipment,1,"2026-03-12 12:53:24","2026-03-12 12:53:24"
4123,888,equipment,680,equipment,2,"2026-03-12 12:53:24","2026-03-12 12:53:24"
4124,116,item,716,normal,1,"2026-03-12 12:53:26","2026-03-12 12:53:26"
4125,116,item,551,rare,2,"2026-03-12 12:53:26","2026-03-12 12:53:26"
4126,116,orb,9,orb,1,"2026-03-12 12:53:26","2026-03-12 12:53:26"
4127,116,equipment,267,equipment,1,"2026-03-12 12:53:26","2026-03-12 12:53:26"
4128,109,item,392,normal,1,"2026-03-12 12:53:30","2026-03-12 12:53:30"
4129,109,item,1217,rare,2,"2026-03-12 12:53:30","2026-03-12 12:53:30"
4130,109,orb,9,orb,1,"2026-03-12 12:53:30","2026-03-12 12:53:30"
4131,109,equipment,439,equipment,1,"2026-03-12 12:53:30","2026-03-12 12:53:30"
4132,232,item,818,normal,1,"2026-03-12 12:53:32","2026-03-12 12:53:32"
4133,232,item,973,rare,2,"2026-03-12 12:53:32","2026-03-12 12:53:32"
4134,232,orb,9,orb,1,"2026-03-12 12:53:32","2026-03-12 12:53:32"
4135,232,equipment,1005,equipment,1,"2026-03-12 12:53:32","2026-03-12 12:53:32"
4136,232,equipment,1007,equipment,2,"2026-03-12 12:53:32","2026-03-12 12:53:32"
4137,759,item,1200,normal,1,"2026-03-12 12:53:34","2026-03-12 12:53:34"
4138,759,item,1347,rare,2,"2026-03-12 12:53:34","2026-03-12 12:53:34"
4139,759,orb,397,orb,1,"2026-03-12 12:53:34","2026-03-12 12:53:34"
4140,759,equipment,144,equipment,1,"2026-03-12 12:53:34","2026-03-12 12:53:34"
4141,542,item,881,normal,1,"2026-03-12 12:53:36","2026-03-12 12:53:36"
4142,542,item,787,rare,2,"2026-03-12 12:53:36","2026-03-12 12:53:36"
4143,542,orb,104,orb,1,"2026-03-12 12:53:36","2026-03-12 12:53:36"
4144,542,orb,325,orb,2,"2026-03-12 12:53:36","2026-03-12 12:53:36"
4145,542,orb,335,orb,3,"2026-03-12 12:53:36","2026-03-12 12:53:36"
4146,542,equipment,756,equipment,1,"2026-03-12 12:53:36","2026-03-12 12:53:36"
4147,542,equipment,757,equipment,2,"2026-03-12 12:53:36","2026-03-12 12:53:36"
4148,542,equipment,758,equipment,3,"2026-03-12 12:53:36","2026-03-12 12:53:36"
4149,115,item,848,normal,1,"2026-03-12 12:53:39","2026-03-12 12:53:39"
4150,115,item,850,rare,2,"2026-03-12 12:53:39","2026-03-12 12:53:39"
4151,115,orb,9,orb,1,"2026-03-12 12:53:39","2026-03-12 12:53:39"
4152,115,equipment,1472,equipment,1,"2026-03-12 12:53:39","2026-03-12 12:53:39"
4153,172,item,181,normal,1,"2026-03-12 12:53:41","2026-03-12 12:53:41"
4154,172,item,696,rare,2,"2026-03-12 12:53:41","2026-03-12 12:53:41"
4155,172,orb,9,orb,1,"2026-03-12 12:53:41","2026-03-12 12:53:41"
4156,172,equipment,1289,equipment,1,"2026-03-12 12:53:41","2026-03-12 12:53:41"
4157,172,equipment,1290,equipment,2,"2026-03-12 12:53:41","2026-03-12 12:53:41"
4158,234,item,392,normal,1,"2026-03-12 12:53:43","2026-03-12 12:53:43"
4159,234,accessory,78,rare,2,"2026-03-12 12:53:43","2026-03-12 12:53:43"
4160,234,orb,7,orb,1,"2026-03-12 12:53:43","2026-03-12 12:53:43"
4161,234,orb,87,orb,2,"2026-03-12 12:53:43","2026-03-12 12:53:43"
4162,234,orb,112,orb,3,"2026-03-12 12:53:43","2026-03-12 12:53:43"
4163,234,equipment,1239,equipment,1,"2026-03-12 12:53:43","2026-03-12 12:53:43"
4164,234,equipment,1240,equipment,2,"2026-03-12 12:53:43","2026-03-12 12:53:43"
4165,708,item,608,normal,1,"2026-03-12 12:53:46","2026-03-12 12:53:46"
4166,708,item,708,rare,2,"2026-03-12 12:53:46","2026-03-12 12:53:46"
4167,708,orb,97,orb,1,"2026-03-12 12:53:46","2026-03-12 12:53:46"
4168,708,orb,176,orb,2,"2026-03-12 12:53:46","2026-03-12 12:53:46"
4169,708,orb,332,orb,3,"2026-03-12 12:53:46","2026-03-12 12:53:46"
4170,708,equipment,626,equipment,1,"2026-03-12 12:53:46","2026-03-12 12:53:46"
4171,708,equipment,624,equipment,2,"2026-03-12 12:53:46","2026-03-12 12:53:46"
4172,413,item,596,normal,1,"2026-03-12 12:53:48","2026-03-12 12:53:48"
4173,413,item,1278,rare,2,"2026-03-12 12:53:48","2026-03-12 12:53:48"
4174,413,orb,165,orb,1,"2026-03-12 12:53:48","2026-03-12 12:53:48"
4175,413,orb,198,orb,2,"2026-03-12 12:53:48","2026-03-12 12:53:48"
4176,413,orb,434,orb,3,"2026-03-12 12:53:48","2026-03-12 12:53:48"
4177,413,equipment,29,equipment,1,"2026-03-12 12:53:48","2026-03-12 12:53:48"
4178,413,equipment,70,equipment,2,"2026-03-12 12:53:48","2026-03-12 12:53:48"
4179,670,item,596,normal,1,"2026-03-12 12:53:51","2026-03-12 12:53:51"
4180,670,item,687,rare,2,"2026-03-12 12:53:51","2026-03-12 12:53:51"
4181,670,orb,211,orb,1,"2026-03-12 12:53:51","2026-03-12 12:53:51"
4182,670,orb,249,orb,2,"2026-03-12 12:53:51","2026-03-12 12:53:51"
4183,670,orb,425,orb,3,"2026-03-12 12:53:51","2026-03-12 12:53:51"
4184,670,equipment,799,equipment,1,"2026-03-12 12:53:51","2026-03-12 12:53:51"
4185,670,equipment,800,equipment,2,"2026-03-12 12:53:51","2026-03-12 12:53:51"
4186,670,equipment,801,equipment,3,"2026-03-12 12:53:51","2026-03-12 12:53:51"
4187,489,item,597,normal,1,"2026-03-12 12:53:53","2026-03-12 12:53:53"
4188,489,item,957,rare,2,"2026-03-12 12:53:53","2026-03-12 12:53:53"
4189,489,orb,31,orb,1,"2026-03-12 12:53:53","2026-03-12 12:53:53"
4190,489,orb,205,orb,2,"2026-03-12 12:53:53","2026-03-12 12:53:53"
4191,489,orb,206,orb,3,"2026-03-12 12:53:53","2026-03-12 12:53:53"
4192,489,equipment,59,equipment,1,"2026-03-12 12:53:53","2026-03-12 12:53:53"
4193,252,item,248,normal,1,"2026-03-12 12:53:55","2026-03-12 12:53:55"
4194,252,item,487,rare,18,"2026-03-12 12:53:55","2026-03-20 18:45:43"
4195,252,orb,9,orb,1,"2026-03-12 12:53:55","2026-03-12 12:53:55"
4196,252,equipment,1284,equipment,1,"2026-03-12 12:53:55","2026-03-12 12:53:55"
4197,252,equipment,1285,equipment,2,"2026-03-12 12:53:55","2026-03-12 12:53:55"
4198,229,item,664,normal,1,"2026-03-12 12:53:57","2026-03-12 12:53:57"
4199,229,item,1220,rare,2,"2026-03-12 12:53:57","2026-03-12 12:53:57"
4200,229,orb,9,orb,1,"2026-03-12 12:53:57","2026-03-12 12:53:57"
4201,229,equipment,388,equipment,1,"2026-03-12 12:53:57","2026-03-12 12:53:57"
4202,331,item,646,normal,1,"2026-03-12 12:53:59","2026-03-12 12:53:59"
4203,331,item,835,rare,2,"2026-03-12 12:53:59","2026-03-12 12:53:59"
4204,331,orb,3,orb,1,"2026-03-12 12:53:59","2026-03-12 12:53:59"
4205,331,orb,435,orb,2,"2026-03-12 12:53:59","2026-03-12 12:53:59"
4206,331,orb,438,orb,3,"2026-03-12 12:53:59","2026-03-12 12:53:59"
4207,331,equipment,268,equipment,1,"2026-03-12 12:53:59","2026-03-12 12:53:59"
4208,402,item,860,normal,1,"2026-03-12 12:54:01","2026-03-12 12:54:01"
4209,402,item,753,rare,2,"2026-03-12 12:54:01","2026-03-12 12:54:01"
4210,402,orb,7,orb,1,"2026-03-12 12:54:01","2026-03-12 12:54:01"
4211,402,orb,278,orb,2,"2026-03-12 12:54:01","2026-03-12 12:54:01"
4212,402,orb,337,orb,3,"2026-03-12 12:54:01","2026-03-12 12:54:01"
4213,402,equipment,1097,equipment,1,"2026-03-12 12:54:01","2026-03-12 12:54:01"
4214,402,equipment,1100,equipment,2,"2026-03-12 12:54:01","2026-03-12 12:54:01"
4215,308,item,784,normal,1,"2026-03-12 12:54:04","2026-03-12 12:54:04"
4216,308,item,703,rare,2,"2026-03-12 12:54:04","2026-03-12 12:54:04"
4217,308,orb,246,orb,1,"2026-03-12 12:54:04","2026-03-12 12:54:04"
4218,308,orb,298,orb,2,"2026-03-12 12:54:04","2026-03-12 12:54:04"
4219,308,orb,389,orb,3,"2026-03-12 12:54:04","2026-03-12 12:54:04"
4220,308,equipment,1270,equipment,1,"2026-03-12 12:54:04","2026-03-12 12:54:04"
4221,308,equipment,1273,equipment,2,"2026-03-12 12:54:04","2026-03-12 12:54:04"
4222,668,item,784,normal,1,"2026-03-12 12:54:07","2026-03-12 12:54:07"
4223,668,item,703,rare,2,"2026-03-12 12:54:07","2026-03-12 12:54:07"
4224,668,orb,131,orb,1,"2026-03-12 12:54:07","2026-03-12 12:54:07"
4225,668,orb,184,orb,2,"2026-03-12 12:54:07","2026-03-12 12:54:07"
4226,668,orb,373,orb,3,"2026-03-12 12:54:07","2026-03-12 12:54:07"
4227,668,equipment,761,equipment,1,"2026-03-12 12:54:07","2026-03-12 12:54:07"
4228,668,equipment,763,equipment,2,"2026-03-12 12:54:07","2026-03-12 12:54:07"
4229,668,equipment,764,equipment,3,"2026-03-12 12:54:07","2026-03-12 12:54:07"
4230,427,item,774,normal,1,"2026-03-12 12:54:09","2026-03-12 12:54:09"
4231,427,item,487,rare,19,"2026-03-12 12:54:09","2026-03-20 18:45:43"
4232,427,orb,5,orb,1,"2026-03-12 12:54:09","2026-03-12 12:54:09"
4233,427,orb,139,orb,2,"2026-03-12 12:54:09","2026-03-12 12:54:09"
4234,427,orb,178,orb,3,"2026-03-12 12:54:09","2026-03-12 12:54:09"
4235,427,equipment,539,equipment,1,"2026-03-12 12:54:09","2026-03-12 12:54:09"
4236,644,item,746,normal,1,"2026-03-12 12:54:12","2026-03-12 12:54:12"
4237,644,item,531,rare,2,"2026-03-12 12:54:12","2026-03-12 12:54:12"
4238,644,orb,20,orb,1,"2026-03-12 12:54:12","2026-03-12 12:54:12"
4239,644,orb,210,orb,2,"2026-03-12 12:54:12","2026-03-12 12:54:12"
4240,644,orb,528,orb,3,"2026-03-12 12:54:12","2026-03-12 12:54:12"
4241,644,equipment,897,equipment,1,"2026-03-12 12:54:12","2026-03-12 12:54:12"
4242,644,equipment,898,equipment,2,"2026-03-12 12:54:12","2026-03-12 12:54:12"
4243,644,equipment,899,equipment,3,"2026-03-12 12:54:12","2026-03-12 12:54:12"
4244,260,item,549,normal,1,"2026-03-12 12:54:14","2026-03-12 12:54:14"
4245,260,item,850,rare,2,"2026-03-12 12:54:14","2026-03-12 12:54:14"
4246,260,orb,5,orb,1,"2026-03-12 12:54:14","2026-03-12 12:54:14"
4247,260,orb,6,orb,2,"2026-03-12 12:54:14","2026-03-12 12:54:14"
4248,260,orb,397,orb,3,"2026-03-12 12:54:14","2026-03-12 12:54:14"
4249,260,equipment,387,equipment,1,"2026-03-12 12:54:14","2026-03-12 12:54:14"
4250,415,item,651,normal,1,"2026-03-12 12:54:16","2026-03-12 12:54:16"
4251,415,item,868,rare,2,"2026-03-12 12:54:16","2026-03-12 12:54:16"
4252,415,orb,402,orb,1,"2026-03-12 12:54:16","2026-03-12 12:54:16"
4253,415,orb,403,orb,2,"2026-03-12 12:54:16","2026-03-12 12:54:16"
4254,415,orb,521,orb,3,"2026-03-12 12:54:16","2026-03-12 12:54:16"
4255,415,equipment,575,equipment,1,"2026-03-12 12:54:16","2026-03-12 12:54:16"
4256,671,item,651,normal,1,"2026-03-12 12:54:18","2026-03-12 12:54:18"
4257,671,item,787,rare,2,"2026-03-12 12:54:18","2026-03-12 12:54:18"
4258,671,orb,44,orb,1,"2026-03-12 12:54:18","2026-03-12 12:54:18"
4259,671,orb,516,orb,2,"2026-03-12 12:54:18","2026-03-12 12:54:18"
4260,671,orb,523,orb,3,"2026-03-12 12:54:18","2026-03-12 12:54:18"
4261,671,equipment,573,equipment,1,"2026-03-12 12:54:18","2026-03-12 12:54:18"
4262,671,equipment,572,equipment,2,"2026-03-12 12:54:18","2026-03-12 12:54:18"
4263,132,item,767,normal,1,"2026-03-12 12:54:20","2026-03-12 12:54:20"
4264,132,item,551,rare,2,"2026-03-12 12:54:20","2026-03-12 12:54:20"
4265,132,orb,9,orb,1,"2026-03-12 12:54:20","2026-03-12 12:54:20"
4266,132,equipment,276,equipment,1,"2026-03-12 12:54:20","2026-03-12 12:54:20"
4267,118,item,699,normal,1,"2026-03-12 12:54:22","2026-03-12 12:54:22"
4268,118,item,47,rare,2,"2026-03-12 12:54:22","2026-03-12 12:54:22"
4269,118,orb,9,orb,1,"2026-03-12 12:54:22","2026-03-12 12:54:22"
4270,118,equipment,308,equipment,1,"2026-03-12 12:54:22","2026-03-12 12:54:22"
4271,120,item,75,normal,1,"2026-03-12 12:54:26","2026-03-12 12:54:26"
4272,120,item,638,rare,2,"2026-03-12 12:54:26","2026-03-12 12:54:26"
4273,120,orb,9,orb,1,"2026-03-12 12:54:26","2026-03-12 12:54:26"
4274,120,equipment,433,equipment,1,"2026-03-12 12:54:26","2026-03-12 12:54:26"
4275,62,item,249,normal,1,"2026-03-12 12:54:28","2026-03-12 12:54:28"
4276,62,item,807,rare,2,"2026-03-12 12:54:28","2026-03-12 12:54:28"
4277,62,orb,9,orb,1,"2026-03-12 12:54:28","2026-03-12 12:54:28"
4278,62,equipment,1542,equipment,1,"2026-03-12 12:54:28","2026-03-12 12:54:28"
4279,494,item,751,normal,1,"2026-03-12 12:54:30","2026-03-12 12:54:30"
4280,494,item,862,rare,4,"2026-03-12 12:54:30","2026-05-12 08:41:24"
4281,494,orb,35,orb,1,"2026-03-12 12:54:30","2026-03-12 12:54:30"
4282,494,orb,132,orb,2,"2026-03-12 12:54:30","2026-03-12 12:54:30"
4283,494,orb,243,orb,3,"2026-03-12 12:54:30","2026-03-12 12:54:30"
4284,494,equipment,98,equipment,1,"2026-03-12 12:54:30","2026-03-12 12:54:30"
4285,494,equipment,94,equipment,2,"2026-03-12 12:54:30","2026-03-12 12:54:30"
4286,494,equipment,91,equipment,3,"2026-03-12 12:54:30","2026-03-12 12:54:30"
4287,73,item,249,normal,1,"2026-03-12 12:54:32","2026-03-12 12:54:32"
4288,73,item,835,rare,2,"2026-03-12 12:54:32","2026-03-12 12:54:32"
4289,73,orb,9,orb,1,"2026-03-12 12:54:32","2026-03-12 12:54:32"
4290,73,equipment,1557,equipment,1,"2026-03-12 12:54:32","2026-03-12 12:54:32"
4291,27,item,773,normal,1,"2026-03-12 12:54:34","2026-03-12 12:54:34"
4292,27,item,826,rare,2,"2026-03-12 12:54:34","2026-03-12 12:54:34"
4293,27,orb,9,orb,1,"2026-03-12 12:54:34","2026-03-12 12:54:34"
4294,27,equipment,202,equipment,1,"2026-03-12 12:54:34","2026-03-12 12:54:34"
4295,31,item,392,normal,1,"2026-03-12 12:54:36","2026-03-12 12:54:36"
4296,31,item,697,rare,2,"2026-03-12 12:54:36","2026-03-12 12:54:36"
4297,31,orb,9,orb,1,"2026-03-12 12:54:36","2026-03-12 12:54:36"
4298,31,equipment,1571,equipment,1,"2026-03-12 12:54:36","2026-03-12 12:54:36"
4299,142,item,867,normal,1,"2026-03-12 12:54:38","2026-03-12 12:54:38"
4300,142,item,1392,rare,2,"2026-03-12 12:54:38","2026-03-12 12:54:38"
4301,142,orb,9,orb,1,"2026-03-12 12:54:38","2026-03-12 12:54:38"
4302,142,equipment,32,equipment,1,"2026-03-12 12:54:38","2026-03-12 12:54:38"
4303,311,item,653,normal,1,"2026-03-12 12:54:40","2026-03-12 12:54:40"
4304,311,item,1296,rare,2,"2026-03-12 12:54:40","2026-03-12 12:54:40"
4305,311,orb,223,orb,1,"2026-03-12 12:54:40","2026-03-12 12:54:40"
4306,311,orb,492,orb,2,"2026-03-12 12:54:40","2026-03-12 12:54:40"
4307,311,orb,500,orb,3,"2026-03-12 12:54:40","2026-03-12 12:54:40"
4308,311,equipment,342,equipment,1,"2026-03-12 12:54:40","2026-03-12 12:54:40"
4309,231,item,392,normal,1,"2026-03-12 12:54:43","2026-03-12 12:54:43"
4310,231,item,611,rare,2,"2026-03-12 12:54:43","2026-03-12 12:54:43"
4311,231,orb,36,orb,1,"2026-03-12 12:54:43","2026-03-12 12:54:43"
4312,231,orb,123,orb,2,"2026-03-12 12:54:43","2026-03-12 12:54:43"
4313,231,orb,130,orb,3,"2026-03-12 12:54:43","2026-03-12 12:54:43"
4314,231,equipment,21,equipment,1,"2026-03-12 12:54:43","2026-03-12 12:54:43"
4315,639,item,651,normal,1,"2026-03-12 12:54:45","2026-03-12 12:54:45"
4316,639,item,611,rare,2,"2026-03-12 12:54:45","2026-03-12 12:54:45"
4317,639,orb,304,orb,1,"2026-03-12 12:54:45","2026-03-12 12:54:45"
4318,639,orb,321,orb,2,"2026-03-12 12:54:45","2026-03-12 12:54:45"
4319,639,orb,363,orb,3,"2026-03-12 12:54:45","2026-03-12 12:54:45"
4320,639,equipment,9,equipment,1,"2026-03-12 12:54:45","2026-03-12 12:54:45"
4321,639,equipment,7,equipment,2,"2026-03-12 12:54:45","2026-03-12 12:54:45"
4322,889,item,651,normal,1,"2026-03-12 12:54:47","2026-03-12 12:54:47"
4323,889,item,611,rare,2,"2026-03-12 12:54:47","2026-03-12 12:54:47"
4324,889,orb,36,orb,1,"2026-03-12 12:54:47","2026-03-12 12:54:47"
4325,889,orb,123,orb,2,"2026-03-12 12:54:47","2026-03-12 12:54:47"
4326,889,orb,130,orb,3,"2026-03-12 12:54:47","2026-03-12 12:54:47"
4327,889,equipment,2,equipment,1,"2026-03-12 12:54:47","2026-03-12 12:54:47"
4328,177,item,558,normal,1,"2026-03-12 12:54:49","2026-03-12 12:54:49"
4329,177,item,834,rare,2,"2026-03-12 12:54:49","2026-03-12 12:54:49"
4330,177,orb,9,orb,1,"2026-03-12 12:54:49","2026-03-12 12:54:49"
4331,177,equipment,1354,equipment,1,"2026-03-12 12:54:49","2026-03-12 12:54:49"
4332,621,item,558,normal,1,"2026-03-12 12:54:51","2026-03-12 12:54:51"
4333,621,item,207,rare,2,"2026-03-12 12:54:51","2026-03-12 12:54:51"
4334,621,orb,53,orb,1,"2026-03-12 12:54:51","2026-03-12 12:54:51"
4335,621,orb,316,orb,2,"2026-03-12 12:54:51","2026-03-12 12:54:51"
4336,621,orb,419,orb,3,"2026-03-12 12:54:51","2026-03-12 12:54:51"
4337,621,equipment,860,equipment,1,"2026-03-12 12:54:51","2026-03-12 12:54:51"
4338,621,equipment,861,equipment,2,"2026-03-12 12:54:51","2026-03-12 12:54:51"
4339,621,equipment,862,equipment,3,"2026-03-12 12:54:51","2026-03-12 12:54:51"
4340,187,item,762,normal,1,"2026-03-12 12:54:53","2026-03-12 12:54:53"
4341,187,item,850,rare,2,"2026-03-12 12:54:53","2026-03-12 12:54:53"
4342,187,orb,9,orb,1,"2026-03-12 12:54:53","2026-03-12 12:54:53"
4343,187,equipment,604,equipment,1,"2026-03-12 12:54:53","2026-03-12 12:54:53"
4344,30,item,720,normal,1,"2026-03-12 12:54:55","2026-03-12 12:54:55"
4345,30,item,826,rare,2,"2026-03-12 12:54:55","2026-03-12 12:54:55"
4346,30,orb,9,orb,1,"2026-03-12 12:54:55","2026-03-12 12:54:55"
4347,30,equipment,361,equipment,1,"2026-03-12 12:54:55","2026-03-12 12:54:55"
4348,436,item,651,normal,1,"2026-03-12 12:54:57","2026-03-12 12:54:57"
4349,436,item,648,rare,2,"2026-03-12 12:54:57","2026-03-12 12:54:57"
4350,436,orb,54,orb,1,"2026-03-12 12:54:57","2026-03-12 12:54:57"
4351,436,orb,301,orb,2,"2026-03-12 12:54:57","2026-03-12 12:54:57"
4352,436,orb,318,orb,3,"2026-03-12 12:54:57","2026-03-12 12:54:57"
4353,436,equipment,885,equipment,1,"2026-03-12 12:54:57","2026-03-12 12:54:57"
4354,436,equipment,886,equipment,2,"2026-03-12 12:54:57","2026-03-12 12:54:57"
4355,436,equipment,887,equipment,3,"2026-03-12 12:54:57","2026-03-12 12:54:57"
4356,295,item,597,normal,1,"2026-03-12 12:55:00","2026-03-12 12:55:00"
4357,295,item,992,rare,2,"2026-03-12 12:55:00","2026-03-12 12:55:00"
4358,295,orb,353,orb,1,"2026-03-12 12:55:00","2026-03-12 12:55:00"
4359,295,orb,364,orb,2,"2026-03-12 12:55:00","2026-03-12 12:55:00"
4360,295,orb,366,orb,3,"2026-03-12 12:55:00","2026-03-12 12:55:00"
4361,295,equipment,28,equipment,1,"2026-03-12 12:55:00","2026-03-12 12:55:00"
4362,205,item,867,normal,1,"2026-03-12 12:55:02","2026-03-12 12:55:02"
4363,205,item,1034,rare,2,"2026-03-12 12:55:02","2026-03-12 12:55:02"
4364,205,orb,9,orb,1,"2026-03-12 12:55:02","2026-03-12 12:55:02"
4365,205,equipment,470,equipment,1,"2026-03-12 12:55:02","2026-03-12 12:55:02"
4366,437,item,800,normal,1,"2026-03-12 12:55:04","2026-03-12 12:55:04"
4368,437,orb,1,orb,1,"2026-03-12 12:55:04","2026-03-12 12:55:04"
4369,437,orb,84,orb,2,"2026-03-12 12:55:04","2026-03-12 12:55:04"
4370,437,orb,414,orb,3,"2026-03-12 12:55:04","2026-03-12 12:55:04"
4371,437,equipment,219,equipment,1,"2026-03-12 12:55:04","2026-03-12 12:55:04"
4372,156,item,594,normal,1,"2026-03-12 12:55:06","2026-03-12 12:55:06"
4373,156,item,810,rare,2,"2026-03-12 12:55:06","2026-03-12 12:55:06"
4374,156,orb,9,orb,1,"2026-03-12 12:55:06","2026-03-12 12:55:06"
4375,156,equipment,1481,equipment,1,"2026-03-12 12:55:06","2026-03-12 12:55:06"
4376,145,item,651,normal,1,"2026-03-12 12:55:08","2026-03-12 12:55:08"
4377,145,item,835,rare,2,"2026-03-12 12:55:08","2026-03-12 12:55:08"
4378,145,orb,9,orb,1,"2026-03-12 12:55:08","2026-03-12 12:55:08"
4379,145,equipment,355,equipment,1,"2026-03-12 12:55:08","2026-03-12 12:55:08"
4380,746,item,649,normal,1,"2026-03-12 12:55:10","2026-03-12 12:55:10"
4381,746,item,1191,rare,2,"2026-03-12 12:55:10","2026-03-12 12:55:10"
4382,746,orb,9,orb,1,"2026-03-12 12:55:10","2026-03-12 12:55:10"
4383,746,equipment,355,equipment,1,"2026-03-12 12:55:10","2026-03-12 12:55:10"
4384,447,item,823,normal,1,"2026-03-12 12:55:12","2026-03-12 12:55:12"
4385,447,item,536,rare,2,"2026-03-12 12:55:12","2026-03-12 12:55:12"
4386,447,orb,125,orb,1,"2026-03-12 12:55:12","2026-03-12 12:55:12"
4387,447,orb,341,orb,2,"2026-03-12 12:55:12","2026-03-12 12:55:12"
4388,447,orb,140,orb,3,"2026-03-12 12:55:12","2026-03-12 12:55:12"
4389,447,equipment,57,equipment,1,"2026-03-12 12:55:12","2026-03-12 12:55:12"
4390,447,equipment,52,equipment,2,"2026-03-12 12:55:12","2026-03-12 12:55:12"
4391,447,equipment,182,equipment,3,"2026-03-12 12:55:12","2026-03-12 12:55:12"
4392,148,item,863,normal,1,"2026-03-12 12:55:14","2026-03-12 12:55:14"
4393,148,item,536,rare,2,"2026-03-12 12:55:14","2026-03-12 12:55:14"
4394,148,orb,9,orb,1,"2026-03-12 12:55:14","2026-03-12 12:55:14"
4395,148,equipment,1475,equipment,1,"2026-03-12 12:55:14","2026-03-12 12:55:14"
4396,326,item,591,normal,1,"2026-03-12 12:55:17","2026-03-12 12:55:17"
4397,326,item,551,rare,2,"2026-03-12 12:55:17","2026-03-12 12:55:17"
4398,326,orb,5,orb,1,"2026-03-12 12:55:17","2026-03-12 12:55:17"
4399,326,orb,264,orb,2,"2026-03-12 12:55:17","2026-03-12 12:55:17"
4400,326,orb,433,orb,3,"2026-03-12 12:55:17","2026-03-12 12:55:17"
4401,326,equipment,1260,equipment,1,"2026-03-12 12:55:17","2026-03-12 12:55:17"
4402,326,equipment,1262,equipment,2,"2026-03-12 12:55:17","2026-03-12 12:55:17"
4403,704,item,825,normal,1,"2026-03-12 12:55:19","2026-03-12 12:55:19"
4404,704,item,693,rare,2,"2026-03-12 12:55:19","2026-03-12 12:55:19"
4405,704,orb,3,orb,1,"2026-03-12 12:55:19","2026-03-12 12:55:19"
4406,704,orb,133,orb,2,"2026-03-12 12:55:19","2026-03-12 12:55:19"
4407,704,orb,421,orb,3,"2026-03-12 12:55:19","2026-03-12 12:55:19"
4408,704,equipment,210,equipment,1,"2026-03-12 12:55:19","2026-03-12 12:55:19"
4409,704,equipment,209,equipment,2,"2026-03-12 12:55:19","2026-03-12 12:55:19"
4410,673,item,698,normal,1,"2026-03-12 12:55:21","2026-03-12 12:55:21"
4411,673,item,693,rare,2,"2026-03-12 12:55:21","2026-03-12 12:55:21"
4412,673,orb,152,orb,1,"2026-03-12 12:55:21","2026-03-12 12:55:21"
4413,673,orb,250,orb,2,"2026-03-12 12:55:21","2026-03-12 12:55:21"
4414,673,orb,494,orb,3,"2026-03-12 12:55:21","2026-03-12 12:55:21"
4415,673,equipment,252,equipment,1,"2026-03-12 12:55:21","2026-03-12 12:55:21"
4416,673,equipment,250,equipment,2,"2026-03-12 12:55:21","2026-03-12 12:55:21"
4417,165,item,821,normal,1,"2026-03-12 12:55:23","2026-03-12 12:55:23"
4418,165,item,807,rare,2,"2026-03-12 12:55:23","2026-03-12 12:55:23"
4419,165,orb,9,orb,1,"2026-03-12 12:55:23","2026-03-12 12:55:23"
4420,165,equipment,353,equipment,1,"2026-03-12 12:55:23","2026-03-12 12:55:23"
4421,654,item,646,normal,1,"2026-03-12 12:55:26","2026-03-12 12:55:26"
4422,654,item,862,rare,1,"2026-03-12 12:55:26","2026-05-12 08:41:24"
4423,654,orb,35,orb,1,"2026-03-12 12:55:26","2026-03-12 12:55:26"
4424,654,orb,237,orb,2,"2026-03-12 12:55:26","2026-03-12 12:55:26"
4425,654,orb,171,orb,3,"2026-03-12 12:55:26","2026-03-12 12:55:26"
4426,654,equipment,829,equipment,1,"2026-03-12 12:55:26","2026-03-12 12:55:26"
4427,654,equipment,831,equipment,2,"2026-03-12 12:55:26","2026-03-12 12:55:26"
4428,654,equipment,832,equipment,3,"2026-03-12 12:55:26","2026-03-12 12:55:26"
4429,514,item,820,normal,1,"2026-03-12 12:55:28","2026-03-12 12:55:28"
4430,514,item,649,rare,2,"2026-03-12 12:55:28","2026-03-12 12:55:28"
4431,514,orb,81,orb,1,"2026-03-12 12:55:28","2026-03-12 12:55:28"
4432,514,orb,139,orb,2,"2026-03-12 12:55:28","2026-03-12 12:55:28"
4433,514,orb,515,orb,3,"2026-03-12 12:55:28","2026-03-12 12:55:28"
4434,514,equipment,959,equipment,1,"2026-03-12 12:55:28","2026-03-12 12:55:28"
4435,514,equipment,960,equipment,2,"2026-03-12 12:55:28","2026-03-12 12:55:28"
4436,890,item,699,normal,1,"2026-03-12 12:55:30","2026-03-12 12:55:30"
4437,890,item,644,rare,2,"2026-03-12 12:55:30","2026-03-12 12:55:30"
4438,890,orb,39,orb,1,"2026-03-12 12:55:30","2026-03-12 12:55:30"
4439,890,orb,250,orb,2,"2026-03-12 12:55:30","2026-03-12 12:55:30"
4440,890,orb,404,orb,3,"2026-03-12 12:55:30","2026-03-12 12:55:30"
4441,890,equipment,252,equipment,1,"2026-03-12 12:55:30","2026-03-12 12:55:30"
4442,890,equipment,250,equipment,2,"2026-03-12 12:55:30","2026-03-12 12:55:30"
4443,721,item,703,normal,1,"2026-03-12 12:55:33","2026-03-12 12:55:33"
4444,721,item,1354,rare,2,"2026-03-12 12:55:33","2026-03-12 12:55:33"
4445,721,orb,9,orb,1,"2026-03-12 12:55:33","2026-03-12 12:55:33"
4446,721,equipment,281,equipment,1,"2026-03-12 12:55:33","2026-03-12 12:55:33"
4447,354,item,613,normal,1,"2026-03-12 12:55:35","2026-03-12 12:55:35"
4448,354,item,781,rare,2,"2026-03-12 12:55:35","2026-03-12 12:55:35"
4449,354,orb,41,orb,1,"2026-03-12 12:55:35","2026-03-12 12:55:35"
4450,354,orb,350,orb,2,"2026-03-12 12:55:35","2026-03-12 12:55:35"
4451,354,orb,450,orb,3,"2026-03-12 12:55:35","2026-03-12 12:55:35"
4452,354,equipment,1028,equipment,1,"2026-03-12 12:55:35","2026-03-12 12:55:35"
4453,354,equipment,1029,equipment,2,"2026-03-12 12:55:35","2026-03-12 12:55:35"
4454,354,equipment,1030,equipment,3,"2026-03-12 12:55:35","2026-03-12 12:55:35"
4455,541,item,840,normal,1,"2026-03-12 12:55:37","2026-03-12 12:55:37"
4456,541,item,649,rare,2,"2026-03-12 12:55:37","2026-03-12 12:55:37"
4457,541,orb,284,orb,1,"2026-03-12 12:55:37","2026-03-12 12:55:37"
4458,541,orb,320,orb,2,"2026-03-12 12:55:37","2026-03-12 12:55:37"
4459,541,orb,371,orb,3,"2026-03-12 12:55:37","2026-03-12 12:55:37"
4460,541,equipment,990,equipment,1,"2026-03-12 12:55:37","2026-03-12 12:55:37"
4461,541,equipment,991,equipment,2,"2026-03-12 12:55:37","2026-03-12 12:55:37"
4462,371,item,720,normal,1,"2026-03-12 12:55:40","2026-03-12 12:55:40"
4463,371,item,531,rare,2,"2026-03-12 12:55:40","2026-03-12 12:55:40"
4464,371,orb,91,orb,1,"2026-03-12 12:55:40","2026-03-12 12:55:40"
4465,371,orb,366,orb,2,"2026-03-12 12:55:40","2026-03-12 12:55:40"
4466,371,orb,368,orb,3,"2026-03-12 12:55:40","2026-03-12 12:55:40"
4467,371,equipment,67,equipment,1,"2026-03-12 12:55:40","2026-03-12 12:55:40"
4468,694,item,867,normal,1,"2026-03-12 12:55:42","2026-03-12 12:55:42"
4469,694,item,644,rare,2,"2026-03-12 12:55:42","2026-03-12 12:55:42"
4470,694,orb,367,orb,1,"2026-03-12 12:55:42","2026-03-12 12:55:42"
4471,694,orb,375,orb,2,"2026-03-12 12:55:42","2026-03-12 12:55:42"
4472,694,equipment,8,equipment,1,"2026-03-12 12:55:42","2026-03-12 12:55:42"
4473,776,item,735,normal,1,"2026-03-12 12:55:44","2026-03-12 12:55:44"
4474,776,accessory,14,rare,2,"2026-03-12 12:55:44","2026-03-12 12:55:44"
4475,776,orb,455,orb,1,"2026-03-12 12:55:44","2026-03-12 12:55:44"
4476,776,equipment,380,equipment,1,"2026-03-12 12:55:44","2026-03-12 12:55:44"
4477,545,item,643,normal,1,"2026-03-12 12:55:46","2026-03-12 12:55:46"
4478,545,item,649,rare,2,"2026-03-12 12:55:46","2026-03-12 12:55:46"
4479,545,orb,67,orb,1,"2026-03-12 12:55:46","2026-03-12 12:55:46"
4480,545,orb,84,orb,2,"2026-03-12 12:55:46","2026-03-12 12:55:46"
4481,545,orb,94,orb,3,"2026-03-12 12:55:46","2026-03-12 12:55:46"
4482,545,equipment,987,equipment,1,"2026-03-12 12:55:46","2026-03-12 12:55:46"
4483,545,equipment,989,equipment,2,"2026-03-12 12:55:46","2026-03-12 12:55:46"
4484,265,item,820,normal,1,"2026-03-12 12:55:49","2026-03-12 12:55:49"
4485,265,item,879,rare,2,"2026-03-12 12:55:49","2026-03-12 12:55:49"
4486,265,orb,301,orb,1,"2026-03-12 12:55:49","2026-03-12 12:55:49"
4487,265,orb,222,orb,2,"2026-03-12 12:55:49","2026-03-12 12:55:49"
4488,265,orb,526,orb,3,"2026-03-12 12:55:49","2026-03-12 12:55:49"
4489,265,equipment,434,equipment,1,"2026-03-12 12:55:49","2026-03-12 12:55:49"
4490,166,item,664,normal,1,"2026-03-12 12:55:51","2026-03-12 12:55:51"
4491,166,item,207,rare,2,"2026-03-12 12:55:51","2026-03-12 12:55:51"
4492,166,orb,9,orb,1,"2026-03-12 12:55:51","2026-03-12 12:55:51"
4493,166,equipment,193,equipment,1,"2026-03-12 12:55:51","2026-03-12 12:55:51"
4494,100,item,800,normal,1,"2026-03-12 12:55:53","2026-03-12 12:55:53"
4495,100,item,807,rare,2,"2026-03-12 12:55:53","2026-03-12 12:55:53"
4496,100,orb,9,orb,1,"2026-03-12 12:55:53","2026-03-12 12:55:53"
4497,100,equipment,1525,equipment,1,"2026-03-12 12:55:53","2026-03-12 12:55:53"
4498,344,item,633,normal,1,"2026-03-12 12:55:55","2026-03-12 12:55:55"
4499,344,item,1082,rare,2,"2026-03-12 12:55:55","2026-03-12 12:55:55"
4500,344,orb,228,orb,1,"2026-03-12 12:55:55","2026-03-12 12:55:55"
4501,344,orb,224,orb,2,"2026-03-12 12:55:55","2026-03-12 12:55:55"
4502,344,orb,226,orb,3,"2026-03-12 12:55:55","2026-03-12 12:55:55"
4503,344,equipment,1335,equipment,1,"2026-03-12 12:55:55","2026-03-12 12:55:55"
4504,344,equipment,1336,equipment,2,"2026-03-12 12:55:55","2026-03-12 12:55:55"
4505,576,item,840,normal,1,"2026-03-12 12:55:57","2026-03-12 12:55:57"
4506,576,item,868,rare,2,"2026-03-12 12:55:57","2026-03-12 12:55:57"
4507,576,orb,38,orb,1,"2026-03-12 12:55:57","2026-03-12 12:55:57"
4508,576,orb,57,orb,2,"2026-03-12 12:55:57","2026-03-12 12:55:57"
4509,576,orb,129,orb,3,"2026-03-12 12:55:57","2026-03-12 12:55:57"
4510,576,equipment,462,equipment,1,"2026-03-12 12:55:57","2026-03-12 12:55:57"
4511,121,item,728,normal,1,"2026-03-12 12:55:59","2026-03-12 12:55:59"
4512,121,item,649,rare,2,"2026-03-12 12:55:59","2026-03-12 12:55:59"
4513,121,orb,9,orb,1,"2026-03-12 12:55:59","2026-03-12 12:55:59"
4514,121,equipment,397,equipment,1,"2026-03-12 12:55:59","2026-03-12 12:55:59"
4515,579,item,728,normal,1,"2026-03-12 12:56:01","2026-03-12 12:56:01"
4516,579,item,649,rare,2,"2026-03-12 12:56:01","2026-03-12 12:56:01"
4517,579,orb,28,orb,1,"2026-03-12 12:56:01","2026-03-12 12:56:01"
4518,579,orb,120,orb,2,"2026-03-12 12:56:01","2026-03-12 12:56:01"
4519,579,orb,300,orb,3,"2026-03-12 12:56:01","2026-03-12 12:56:01"
4520,579,equipment,747,equipment,1,"2026-03-12 12:56:01","2026-03-12 12:56:01"
4521,579,equipment,749,equipment,2,"2026-03-12 12:56:01","2026-03-12 12:56:01"
4522,579,equipment,750,equipment,3,"2026-03-12 12:56:01","2026-03-12 12:56:01"
4523,242,item,392,normal,1,"2026-03-12 12:56:03","2026-03-12 12:56:03"
4524,242,item,1429,rare,2,"2026-03-12 12:56:03","2026-03-12 12:56:03"
4525,242,orb,9,orb,1,"2026-03-12 12:56:03","2026-03-12 12:56:03"
4526,242,equipment,510,equipment,1,"2026-03-12 12:56:03","2026-03-12 12:56:03"
4527,549,item,844,normal,1,"2026-03-12 12:56:06","2026-03-12 12:56:06"
4528,549,item,805,rare,2,"2026-03-12 12:56:06","2026-03-12 12:56:06"
4529,549,orb,17,orb,1,"2026-03-12 12:56:06","2026-03-12 12:56:06"
4530,549,equipment,950,equipment,1,"2026-03-12 12:56:06","2026-03-12 12:56:06"
4531,549,equipment,951,equipment,2,"2026-03-12 12:56:06","2026-03-12 12:56:06"
4532,891,item,844,normal,1,"2026-03-12 12:56:08","2026-03-12 12:56:08"
4533,891,item,668,rare,2,"2026-03-12 12:56:08","2026-03-12 12:56:08"
4534,891,orb,10,orb,1,"2026-03-12 12:56:08","2026-03-12 12:56:08"
4535,891,orb,244,orb,2,"2026-03-12 12:56:08","2026-03-12 12:56:08"
4536,891,orb,248,orb,3,"2026-03-12 12:56:08","2026-03-12 12:56:08"
4537,891,equipment,781,equipment,1,"2026-03-12 12:56:08","2026-03-12 12:56:08"
4538,891,equipment,782,equipment,2,"2026-03-12 12:56:08","2026-03-12 12:56:08"
4539,164,item,559,normal,1,"2026-03-12 12:56:10","2026-03-12 12:56:10"
4540,164,item,551,rare,2,"2026-03-12 12:56:10","2026-03-12 12:56:10"
4541,164,orb,9,orb,1,"2026-03-12 12:56:10","2026-03-12 12:56:10"
4542,164,equipment,474,equipment,1,"2026-03-12 12:56:10","2026-03-12 12:56:10"
4543,627,item,646,normal,1,"2026-03-12 12:56:13","2026-03-12 12:56:13"
4544,627,item,668,rare,2,"2026-03-12 12:56:13","2026-03-12 12:56:13"
4545,627,orb,42,orb,1,"2026-03-12 12:56:13","2026-03-12 12:56:13"
4546,627,orb,192,orb,2,"2026-03-12 12:56:13","2026-03-12 12:56:13"
4547,627,orb,323,orb,3,"2026-03-12 12:56:13","2026-03-12 12:56:13"
4548,627,equipment,791,equipment,1,"2026-03-12 12:56:13","2026-03-12 12:56:13"
4549,627,equipment,792,equipment,2,"2026-03-12 12:56:13","2026-03-12 12:56:13"
4550,627,equipment,793,equipment,3,"2026-03-12 12:56:13","2026-03-12 12:56:13"
4551,892,item,646,normal,1,"2026-03-12 12:56:15","2026-03-12 12:56:15"
4552,892,item,862,rare,6,"2026-03-12 12:56:15","2026-05-12 08:41:24"
4553,892,orb,128,orb,1,"2026-03-12 12:56:15","2026-03-12 12:56:15"
4554,892,orb,149,orb,2,"2026-03-12 12:56:15","2026-03-12 12:56:15"
4555,892,orb,460,orb,3,"2026-03-12 12:56:15","2026-03-12 12:56:15"
4556,892,equipment,743,equipment,1,"2026-03-12 12:56:15","2026-03-12 12:56:15"
4557,892,equipment,745,equipment,2,"2026-03-12 12:56:15","2026-03-12 12:56:15"
4558,257,item,559,normal,1,"2026-03-12 12:56:17","2026-03-12 12:56:17"
4559,257,item,1340,rare,2,"2026-03-12 12:56:17","2026-03-12 12:56:17"
4560,257,orb,2,orb,1,"2026-03-12 12:56:17","2026-03-12 12:56:17"
4561,257,orb,59,orb,2,"2026-03-12 12:56:17","2026-03-12 12:56:17"
4562,257,orb,484,orb,3,"2026-03-12 12:56:17","2026-03-12 12:56:17"
4563,257,equipment,1302,equipment,1,"2026-03-12 12:56:17","2026-03-12 12:56:17"
4564,257,equipment,1304,equipment,2,"2026-03-12 12:56:17","2026-03-12 12:56:17"
4565,743,item,1182,normal,1,"2026-03-12 12:56:19","2026-03-12 12:56:19"
4566,743,item,1450,rare,2,"2026-03-12 12:56:19","2026-03-12 12:56:19"
4567,743,orb,9,orb,1,"2026-03-12 12:56:19","2026-03-12 12:56:19"
4568,743,equipment,1464,equipment,1,"2026-03-12 12:56:19","2026-03-12 12:56:19"
4569,528,item,673,normal,1,"2026-03-12 12:56:21","2026-03-12 12:56:21"
4570,528,item,711,rare,2,"2026-03-12 12:56:21","2026-03-12 12:56:21"
4571,528,orb,12,orb,1,"2026-03-12 12:56:21","2026-03-12 12:56:21"
4572,528,orb,59,orb,2,"2026-03-12 12:56:21","2026-03-12 12:56:21"
4573,528,orb,202,orb,3,"2026-03-12 12:56:21","2026-03-12 12:56:21"
4574,528,equipment,498,equipment,1,"2026-03-12 12:56:21","2026-03-12 12:56:21"
4575,528,equipment,494,equipment,2,"2026-03-12 12:56:21","2026-03-12 12:56:21"
4576,104,item,840,normal,1,"2026-03-12 12:56:24","2026-03-12 12:56:24"
4577,104,item,536,rare,2,"2026-03-12 12:56:24","2026-03-12 12:56:24"
4578,104,orb,9,orb,1,"2026-03-12 12:56:24","2026-03-12 12:56:24"
4579,104,equipment,1521,equipment,1,"2026-03-12 12:56:24","2026-03-12 12:56:24"
4580,104,equipment,1511,equipment,2,"2026-03-12 12:56:24","2026-03-12 12:56:24"
4581,104,equipment,1516,equipment,3,"2026-03-12 12:56:24","2026-03-12 12:56:24"
4582,263,item,617,normal,1,"2026-03-12 12:56:26","2026-03-12 12:56:26"
4583,263,item,795,rare,2,"2026-03-12 12:56:26","2026-03-12 12:56:26"
4584,263,orb,33,orb,1,"2026-03-12 12:56:26","2026-03-12 12:56:26"
4585,263,orb,225,orb,2,"2026-03-12 12:56:26","2026-03-12 12:56:26"
4586,263,orb,461,orb,3,"2026-03-12 12:56:26","2026-03-12 12:56:26"
4587,263,equipment,1294,equipment,1,"2026-03-12 12:56:26","2026-03-12 12:56:26"
4588,263,equipment,1295,equipment,2,"2026-03-12 12:56:26","2026-03-12 12:56:26"
4589,653,item,845,normal,1,"2026-03-12 12:56:28","2026-03-12 12:56:28"
4590,653,item,752,rare,2,"2026-03-12 12:56:28","2026-03-12 12:56:28"
4591,653,orb,23,orb,1,"2026-03-12 12:56:28","2026-03-12 12:56:28"
4592,653,orb,227,orb,2,"2026-03-12 12:56:28","2026-03-12 12:56:28"
4593,653,orb,311,orb,3,"2026-03-12 12:56:28","2026-03-12 12:56:28"
4594,653,equipment,932,equipment,1,"2026-03-12 12:56:28","2026-03-12 12:56:28"
4595,653,equipment,933,equipment,2,"2026-03-12 12:56:28","2026-03-12 12:56:28"
4596,653,equipment,934,equipment,3,"2026-03-12 12:56:28","2026-03-12 12:56:28"
4597,762,item,1343,normal,1,"2026-03-12 12:56:30","2026-03-12 12:56:30"
4598,762,item,487,rare,20,"2026-03-12 12:56:30","2026-03-20 18:45:43"
4599,762,orb,384,orb,1,"2026-03-12 12:56:30","2026-03-12 12:56:30"
4600,762,equipment,512,equipment,1,"2026-03-12 12:56:30","2026-03-12 12:56:30"
4601,61,item,802,normal,1,"2026-03-12 12:56:32","2026-03-12 12:56:32"
4602,61,item,567,rare,2,"2026-03-12 12:56:32","2026-03-12 12:56:32"
4603,61,orb,9,orb,1,"2026-03-12 12:56:32","2026-03-12 12:56:32"
4604,61,equipment,1544,equipment,1,"2026-03-12 12:56:32","2026-03-12 12:56:32"
4605,61,equipment,1549,equipment,2,"2026-03-12 12:56:32","2026-03-12 12:56:32"
4606,61,equipment,1559,equipment,3,"2026-03-12 12:56:32","2026-03-12 12:56:32"
4607,893,item,802,normal,1,"2026-03-12 12:56:34","2026-03-12 12:56:34"
4608,893,item,658,rare,2,"2026-03-12 12:56:34","2026-03-12 12:56:34"
4609,893,orb,19,orb,1,"2026-03-12 12:56:34","2026-03-12 12:56:34"
4610,893,orb,294,orb,2,"2026-03-12 12:56:34","2026-03-12 12:56:34"
4611,893,orb,438,orb,3,"2026-03-12 12:56:34","2026-03-12 12:56:34"
4612,893,equipment,709,equipment,1,"2026-03-12 12:56:34","2026-03-12 12:56:34"
4613,168,item,760,normal,1,"2026-03-12 12:56:36","2026-03-12 12:56:36"
4614,168,item,1221,rare,2,"2026-03-12 12:56:36","2026-03-12 12:56:36"
4615,168,orb,9,orb,1,"2026-03-12 12:56:36","2026-03-12 12:56:36"
4616,168,equipment,393,equipment,1,"2026-03-12 12:56:36","2026-03-12 12:56:36"
4617,445,item,867,normal,1,"2026-03-12 12:56:38","2026-03-12 12:56:38"
4618,445,item,251,rare,2,"2026-03-12 12:56:38","2026-03-12 12:56:38"
4619,445,orb,95,orb,1,"2026-03-12 12:56:38","2026-03-12 12:56:38"
4620,445,orb,188,orb,2,"2026-03-12 12:56:38","2026-03-12 12:56:38"
4621,445,orb,378,orb,3,"2026-03-12 12:56:38","2026-03-12 12:56:38"
4622,445,equipment,954,equipment,1,"2026-03-12 12:56:38","2026-03-12 12:56:38"
4623,445,equipment,956,equipment,2,"2026-03-12 12:56:38","2026-03-12 12:56:38"
4624,152,item,535,normal,1,"2026-03-12 12:56:40","2026-03-12 12:56:40"
4625,152,accessory,37,rare,2,"2026-03-12 12:56:40","2026-03-12 12:56:40"
4626,152,orb,9,orb,1,"2026-03-12 12:56:40","2026-03-12 12:56:40"
4627,152,equipment,1528,equipment,1,"2026-03-12 12:56:40","2026-03-12 12:56:40"
4628,152,equipment,1529,equipment,2,"2026-03-12 12:56:40","2026-03-12 12:56:40"
4629,152,equipment,1531,equipment,3,"2026-03-12 12:56:40","2026-03-12 12:56:40"
4630,609,item,594,normal,1,"2026-03-12 12:56:43","2026-03-12 12:56:43"
4631,609,item,795,rare,2,"2026-03-12 12:56:43","2026-03-12 12:56:43"
4632,609,orb,82,orb,1,"2026-03-12 12:56:43","2026-03-12 12:56:43"
4633,609,orb,403,orb,2,"2026-03-12 12:56:43","2026-03-12 12:56:43"
4634,609,orb,432,orb,3,"2026-03-12 12:56:43","2026-03-12 12:56:43"
4635,609,equipment,868,equipment,1,"2026-03-12 12:56:43","2026-03-12 12:56:43"
4636,609,equipment,869,equipment,2,"2026-03-12 12:56:43","2026-03-12 12:56:43"
4637,609,equipment,871,equipment,3,"2026-03-12 12:56:43","2026-03-12 12:56:43"
4638,894,item,594,normal,1,"2026-03-12 12:56:45","2026-03-12 12:56:45"
4639,894,item,735,rare,2,"2026-03-12 12:56:45","2026-03-12 12:56:45"
4640,894,orb,9,orb,1,"2026-03-12 12:56:45","2026-03-12 12:56:45"
4641,894,equipment,677,equipment,1,"2026-03-12 12:56:45","2026-03-12 12:56:45"
4642,894,equipment,678,equipment,2,"2026-03-12 12:56:45","2026-03-12 12:56:45"
4643,895,item,548,normal,1,"2026-03-12 12:56:47","2026-03-12 12:56:47"
4644,895,item,787,rare,2,"2026-03-12 12:56:47","2026-03-12 12:56:47"
4645,895,orb,34,orb,1,"2026-03-12 12:56:47","2026-03-12 12:56:47"
4646,895,orb,137,orb,2,"2026-03-12 12:56:47","2026-03-12 12:56:47"
4647,895,orb,176,orb,3,"2026-03-12 12:56:47","2026-03-12 12:56:47"
4648,895,equipment,91,equipment,1,"2026-03-12 12:56:47","2026-03-12 12:56:47"
4649,895,equipment,89,equipment,2,"2026-03-12 12:56:47","2026-03-12 12:56:47"
4650,339,item,867,normal,1,"2026-03-12 12:56:49","2026-03-12 12:56:49"
4651,339,item,649,rare,2,"2026-03-12 12:56:49","2026-03-12 12:56:49"
4652,339,orb,25,orb,1,"2026-03-12 12:56:49","2026-03-12 12:56:49"
4653,339,orb,47,orb,2,"2026-03-12 12:56:49","2026-03-12 12:56:49"
4654,339,orb,423,orb,3,"2026-03-12 12:56:49","2026-03-12 12:56:49"
4655,339,equipment,1023,equipment,1,"2026-03-12 12:56:49","2026-03-12 12:56:49"
4656,339,equipment,1024,equipment,2,"2026-03-12 12:56:49","2026-03-12 12:56:49"
4657,896,item,591,normal,1,"2026-03-12 12:56:51","2026-03-12 12:56:51"
4658,896,item,765,rare,2,"2026-03-12 12:56:51","2026-03-12 12:56:51"
4659,896,orb,31,orb,1,"2026-03-12 12:56:51","2026-03-12 12:56:51"
4660,896,orb,37,orb,2,"2026-03-12 12:56:51","2026-03-12 12:56:51"
4661,896,orb,150,orb,3,"2026-03-12 12:56:51","2026-03-12 12:56:51"
4662,896,equipment,86,equipment,1,"2026-03-12 12:56:51","2026-03-12 12:56:51"
4663,896,equipment,85,equipment,2,"2026-03-12 12:56:51","2026-03-12 12:56:51"
4664,719,item,75,normal,1,"2026-03-12 12:56:53","2026-03-12 12:56:53"
4666,719,orb,398,orb,1,"2026-03-12 12:56:53","2026-03-12 12:56:53"
4667,719,equipment,443,equipment,1,"2026-03-12 12:56:53","2026-03-12 12:56:53"
4668,304,item,840,normal,1,"2026-03-12 12:56:57","2026-03-12 12:56:57"
4669,304,item,825,rare,2,"2026-03-12 12:56:57","2026-03-12 12:56:57"
4670,304,orb,93,orb,1,"2026-03-12 12:56:57","2026-03-12 12:56:57"
4671,304,orb,241,orb,2,"2026-03-12 12:56:57","2026-03-12 12:56:57"
4672,304,orb,411,orb,3,"2026-03-12 12:56:57","2026-03-12 12:56:57"
4673,304,equipment,921,equipment,1,"2026-03-12 12:56:57","2026-03-12 12:56:57"
4674,304,equipment,922,equipment,2,"2026-03-12 12:56:57","2026-03-12 12:56:57"
4675,349,item,617,normal,1,"2026-03-12 12:56:59","2026-03-12 12:56:59"
4676,349,item,993,rare,2,"2026-03-12 12:56:59","2026-03-12 12:56:59"
4677,349,orb,31,orb,1,"2026-03-12 12:56:59","2026-03-12 12:56:59"
4678,349,orb,278,orb,2,"2026-03-12 12:56:59","2026-03-12 12:56:59"
4679,349,orb,501,orb,3,"2026-03-12 12:56:59","2026-03-12 12:56:59"
4680,349,equipment,1294,equipment,1,"2026-03-12 12:56:59","2026-03-12 12:56:59"
4681,349,equipment,1295,equipment,2,"2026-03-12 12:56:59","2026-03-12 12:56:59"
4682,488,item,840,normal,1,"2026-03-12 12:57:02","2026-03-12 12:57:02"
4683,488,item,649,rare,2,"2026-03-12 12:57:02","2026-03-12 12:57:02"
4684,488,orb,80,orb,1,"2026-03-12 12:57:02","2026-03-12 12:57:02"
4685,488,orb,128,orb,2,"2026-03-12 12:57:02","2026-03-12 12:57:02"
4686,488,orb,215,orb,3,"2026-03-12 12:57:02","2026-03-12 12:57:02"
4687,488,equipment,950,equipment,1,"2026-03-12 12:57:02","2026-03-12 12:57:02"
4688,488,equipment,951,equipment,2,"2026-03-12 12:57:02","2026-03-12 12:57:02"
4689,364,item,731,normal,1,"2026-03-12 12:57:04","2026-03-12 12:57:04"
4690,364,item,649,rare,2,"2026-03-12 12:57:04","2026-03-12 12:57:04"
4691,364,orb,10,orb,1,"2026-03-12 12:57:04","2026-03-12 12:57:04"
4692,364,orb,422,orb,2,"2026-03-12 12:57:04","2026-03-12 12:57:04"
4693,364,orb,466,orb,3,"2026-03-12 12:57:04","2026-03-12 12:57:04"
4694,364,equipment,502,equipment,1,"2026-03-12 12:57:04","2026-03-12 12:57:04"
4695,22,item,392,normal,1,"2026-03-12 12:57:06","2026-03-12 12:57:06"
4696,22,item,879,rare,2,"2026-03-12 12:57:06","2026-03-12 12:57:06"
4697,22,orb,9,orb,1,"2026-03-12 12:57:06","2026-03-12 12:57:06"
4698,22,equipment,402,equipment,1,"2026-03-12 12:57:06","2026-03-12 12:57:06"
4699,897,item,392,normal,1,"2026-03-12 12:57:08","2026-03-12 12:57:08"
4700,897,item,781,rare,2,"2026-03-12 12:57:08","2026-03-12 12:57:08"
4701,897,orb,28,orb,1,"2026-03-12 12:57:08","2026-03-12 12:57:08"
4702,897,orb,107,orb,2,"2026-03-12 12:57:08","2026-03-12 12:57:08"
4703,897,orb,222,orb,3,"2026-03-12 12:57:08","2026-03-12 12:57:08"
4704,897,equipment,721,equipment,1,"2026-03-12 12:57:08","2026-03-12 12:57:08"
4705,897,equipment,723,equipment,2,"2026-03-12 12:57:08","2026-03-12 12:57:08"
4706,897,equipment,724,equipment,3,"2026-03-12 12:57:08","2026-03-12 12:57:08"
4707,348,item,773,normal,1,"2026-03-12 12:57:11","2026-03-12 12:57:11"
4708,348,item,638,rare,2,"2026-03-12 12:57:11","2026-03-12 12:57:11"
4709,348,orb,83,orb,1,"2026-03-12 12:57:11","2026-03-12 12:57:11"
4710,348,orb,305,orb,2,"2026-03-12 12:57:11","2026-03-12 12:57:11"
4711,348,orb,347,orb,3,"2026-03-12 12:57:11","2026-03-12 12:57:11"
4712,348,equipment,151,equipment,1,"2026-03-12 12:57:11","2026-03-12 12:57:11"
4713,898,item,665,normal,1,"2026-03-12 12:57:13","2026-03-12 12:57:13"
4714,898,item,598,rare,2,"2026-03-12 12:57:13","2026-03-12 12:57:13"
4715,898,orb,383,orb,1,"2026-03-12 12:57:13","2026-03-12 12:57:13"
4716,898,equipment,118,equipment,1,"2026-03-12 12:57:13","2026-03-12 12:57:13"
4717,443,item,47,normal,1,"2026-03-12 12:57:15","2026-03-12 12:57:15"
4718,443,item,830,rare,2,"2026-03-12 12:57:15","2026-03-12 12:57:15"
4719,443,orb,78,orb,1,"2026-03-12 12:57:15","2026-03-12 12:57:15"
4720,443,orb,255,orb,2,"2026-03-12 12:57:15","2026-03-12 12:57:15"
4721,443,orb,262,orb,3,"2026-03-12 12:57:15","2026-03-12 12:57:15"
4722,443,equipment,1281,equipment,1,"2026-03-12 12:57:15","2026-03-12 12:57:15"
4723,443,equipment,1282,equipment,2,"2026-03-12 12:57:15","2026-03-12 12:57:15"
4724,698,item,629,normal,1,"2026-03-12 12:57:17","2026-03-12 12:57:17"
4725,698,item,603,rare,2,"2026-03-12 12:57:17","2026-03-12 12:57:17"
4726,698,orb,316,orb,1,"2026-03-12 12:57:17","2026-03-12 12:57:17"
4727,698,equipment,883,equipment,1,"2026-03-12 12:57:17","2026-03-12 12:57:17"
4728,698,equipment,886,equipment,2,"2026-03-12 12:57:17","2026-03-12 12:57:17"
4729,756,item,1187,normal,1,"2026-03-12 12:57:20","2026-03-12 12:57:20"
4730,756,item,487,rare,21,"2026-03-12 12:57:20","2026-03-20 18:45:43"
4731,756,orb,491,orb,1,"2026-03-12 12:57:20","2026-03-12 12:57:20"
4732,756,equipment,1169,equipment,1,"2026-03-12 12:57:20","2026-03-12 12:57:20"
4733,756,equipment,1170,equipment,2,"2026-03-12 12:57:20","2026-03-12 12:57:20"
4734,756,equipment,1171,equipment,3,"2026-03-12 12:57:20","2026-03-12 12:57:20"
4735,899,item,591,normal,1,"2026-03-12 12:57:22","2026-03-12 12:57:22"
4736,899,item,765,rare,2,"2026-03-12 12:57:22","2026-03-12 12:57:22"
4737,899,orb,68,orb,1,"2026-03-12 12:57:22","2026-03-12 12:57:22"
4738,899,orb,299,orb,2,"2026-03-12 12:57:22","2026-03-12 12:57:22"
4739,899,orb,322,orb,3,"2026-03-12 12:57:22","2026-03-12 12:57:22"
4740,899,equipment,774,equipment,1,"2026-03-12 12:57:22","2026-03-12 12:57:22"
4741,899,equipment,775,equipment,2,"2026-03-12 12:57:22","2026-03-12 12:57:22"
4742,899,equipment,777,equipment,3,"2026-03-12 12:57:22","2026-03-12 12:57:22"
4743,127,item,392,normal,1,"2026-03-12 12:57:24","2026-03-12 12:57:24"
4744,127,item,638,rare,2,"2026-03-12 12:57:24","2026-03-12 12:57:24"
4745,127,orb,9,orb,1,"2026-03-12 12:57:24","2026-03-12 12:57:24"
4746,127,equipment,436,equipment,1,"2026-03-12 12:57:24","2026-03-12 12:57:24"
4747,52,item,392,normal,1,"2026-03-12 12:57:26","2026-03-12 12:57:26"
4748,52,item,536,rare,2,"2026-03-12 12:57:26","2026-03-12 12:57:26"
4749,52,orb,9,orb,1,"2026-03-12 12:57:26","2026-03-12 12:57:26"
4750,52,equipment,440,equipment,1,"2026-03-12 12:57:26","2026-03-12 12:57:26"
4751,582,item,652,normal,1,"2026-03-12 12:57:28","2026-03-12 12:57:28"
4752,582,item,647,rare,2,"2026-03-12 12:57:28","2026-03-12 12:57:28"
4753,582,orb,28,orb,1,"2026-03-12 12:57:28","2026-03-12 12:57:28"
4754,582,orb,168,orb,2,"2026-03-12 12:57:28","2026-03-12 12:57:28"
4755,582,orb,141,orb,3,"2026-03-12 12:57:28","2026-03-12 12:57:28"
4756,582,equipment,769,equipment,1,"2026-03-12 12:57:28","2026-03-12 12:57:28"
4757,582,equipment,771,equipment,2,"2026-03-12 12:57:28","2026-03-12 12:57:28"
4758,582,equipment,773,equipment,3,"2026-03-12 12:57:28","2026-03-12 12:57:28"
4759,651,item,762,normal,1,"2026-03-12 12:57:31","2026-03-12 12:57:31"
4760,651,item,861,rare,2,"2026-03-12 12:57:31","2026-03-12 12:57:31"
4761,651,orb,283,orb,1,"2026-03-12 12:57:31","2026-03-12 12:57:31"
4762,651,orb,440,orb,2,"2026-03-12 12:57:31","2026-03-12 12:57:31"
4763,651,orb,466,orb,3,"2026-03-12 12:57:31","2026-03-12 12:57:31"
4764,651,equipment,818,equipment,1,"2026-03-12 12:57:31","2026-03-12 12:57:31"
4765,651,equipment,819,equipment,2,"2026-03-12 12:57:31","2026-03-12 12:57:31"
4766,406,item,392,normal,1,"2026-03-12 12:57:33","2026-03-12 12:57:33"
4767,406,item,868,rare,2,"2026-03-12 12:57:33","2026-03-12 12:57:33"
4768,406,orb,46,orb,1,"2026-03-12 12:57:33","2026-03-12 12:57:33"
4769,406,orb,462,orb,2,"2026-03-12 12:57:33","2026-03-12 12:57:33"
4770,406,orb,508,orb,3,"2026-03-12 12:57:33","2026-03-12 12:57:33"
4771,406,equipment,1051,equipment,1,"2026-03-12 12:57:33","2026-03-12 12:57:33"
4772,406,equipment,1053,equipment,2,"2026-03-12 12:57:33","2026-03-12 12:57:33"
4773,28,item,617,normal,1,"2026-03-12 12:57:35","2026-03-12 12:57:35"
4774,28,item,48,rare,2,"2026-03-12 12:57:35","2026-03-12 12:57:35"
4775,28,orb,9,orb,1,"2026-03-12 12:57:35","2026-03-12 12:57:35"
4776,28,equipment,321,equipment,1,"2026-03-12 12:57:35","2026-03-12 12:57:35"
4777,433,item,818,normal,1,"2026-03-12 12:57:38","2026-03-12 12:57:38"
4778,433,item,554,rare,2,"2026-03-12 12:57:38","2026-03-12 12:57:38"
4779,433,orb,83,orb,1,"2026-03-12 12:57:38","2026-03-12 12:57:38"
4780,433,orb,299,orb,2,"2026-03-12 12:57:38","2026-03-12 12:57:38"
4781,433,orb,399,orb,3,"2026-03-12 12:57:38","2026-03-12 12:57:38"
4782,433,equipment,293,equipment,1,"2026-03-12 12:57:38","2026-03-12 12:57:38"
4783,433,equipment,292,equipment,2,"2026-03-12 12:57:38","2026-03-12 12:57:38"
4784,433,equipment,291,equipment,3,"2026-03-12 12:57:38","2026-03-12 12:57:38"
4785,161,item,617,normal,1,"2026-03-12 12:57:40","2026-03-12 12:57:40"
4786,161,item,1334,rare,2,"2026-03-12 12:57:40","2026-03-12 12:57:40"
4787,161,orb,9,orb,1,"2026-03-12 12:57:40","2026-03-12 12:57:40"
4788,161,equipment,309,equipment,1,"2026-03-12 12:57:40","2026-03-12 12:57:40"
4789,747,item,649,normal,1,"2026-03-12 12:57:42","2026-03-12 12:57:42"
4790,747,item,1339,rare,2,"2026-03-12 12:57:42","2026-03-12 12:57:42"
4791,747,orb,9,orb,1,"2026-03-12 12:57:42","2026-03-12 12:57:42"
4792,747,equipment,309,equipment,1,"2026-03-12 12:57:42","2026-03-12 12:57:42"
4793,93,item,392,normal,1,"2026-03-12 12:57:45","2026-03-12 12:57:45"
4794,93,item,649,rare,2,"2026-03-12 12:57:45","2026-03-12 12:57:45"
4795,93,orb,9,orb,1,"2026-03-12 12:57:45","2026-03-12 12:57:45"
4796,93,equipment,316,equipment,1,"2026-03-12 12:57:45","2026-03-12 12:57:45"
4797,225,item,33,normal,1,"2026-03-12 12:57:47","2026-03-12 12:57:47"
4798,225,item,879,rare,2,"2026-03-12 12:57:47","2026-03-12 12:57:47"
4799,225,orb,9,orb,1,"2026-03-12 12:57:47","2026-03-12 12:57:47"
4800,225,equipment,234,equipment,1,"2026-03-12 12:57:47","2026-03-12 12:57:47"
4801,676,item,816,normal,1,"2026-03-12 12:57:49","2026-03-12 12:57:49"
4802,676,item,687,rare,2,"2026-03-12 12:57:49","2026-03-12 12:57:49"
4803,676,orb,243,orb,1,"2026-03-12 12:57:49","2026-03-12 12:57:49"
4804,676,orb,265,orb,2,"2026-03-12 12:57:49","2026-03-12 12:57:49"
4805,676,orb,388,orb,3,"2026-03-12 12:57:49","2026-03-12 12:57:49"
4806,676,equipment,775,equipment,1,"2026-03-12 12:57:49","2026-03-12 12:57:49"
4807,676,equipment,776,equipment,2,"2026-03-12 12:57:49","2026-03-12 12:57:49"
4808,552,item,613,normal,1,"2026-03-12 12:57:52","2026-03-12 12:57:52"
4809,552,item,647,rare,2,"2026-03-12 12:57:52","2026-03-12 12:57:52"
4810,552,orb,159,orb,1,"2026-03-12 12:57:52","2026-03-12 12:57:52"
4811,552,orb,199,orb,2,"2026-03-12 12:57:52","2026-03-12 12:57:52"
4812,552,orb,369,orb,3,"2026-03-12 12:57:52","2026-03-12 12:57:52"
4813,552,equipment,226,equipment,1,"2026-03-12 12:57:52","2026-03-12 12:57:52"
4814,593,item,816,normal,1,"2026-03-12 12:57:54","2026-03-12 12:57:54"
4815,593,item,661,rare,2,"2026-03-12 12:57:54","2026-03-12 12:57:54"
4816,593,orb,66,orb,1,"2026-03-12 12:57:54","2026-03-12 12:57:54"
4817,593,orb,335,orb,2,"2026-03-12 12:57:54","2026-03-12 12:57:54"
4818,593,orb,372,orb,3,"2026-03-12 12:57:54","2026-03-12 12:57:54"
4819,593,equipment,594,equipment,1,"2026-03-12 12:57:54","2026-03-12 12:57:54"
4820,593,equipment,593,equipment,2,"2026-03-12 12:57:54","2026-03-12 12:57:54"
4821,593,equipment,592,equipment,3,"2026-03-12 12:57:54","2026-03-12 12:57:54"
4822,462,item,863,normal,1,"2026-03-12 12:57:57","2026-03-12 12:57:57"
4823,462,item,536,rare,2,"2026-03-12 12:57:57","2026-03-12 12:57:57"
4824,462,orb,22,orb,1,"2026-03-12 12:57:57","2026-03-12 12:57:57"
4825,462,orb,54,orb,2,"2026-03-12 12:57:57","2026-03-12 12:57:57"
4826,462,orb,160,orb,3,"2026-03-12 12:57:57","2026-03-12 12:57:57"
4827,462,equipment,52,equipment,1,"2026-03-12 12:57:57","2026-03-12 12:57:57"
4828,29,item,732,normal,1,"2026-03-12 12:57:59","2026-03-12 12:57:59"
4829,29,item,567,rare,2,"2026-03-12 12:57:59","2026-03-12 12:57:59"
4830,29,orb,9,orb,1,"2026-03-12 12:57:59","2026-03-12 12:57:59"
4831,29,equipment,1575,equipment,1,"2026-03-12 12:57:59","2026-03-12 12:57:59"
4832,444,item,816,normal,1,"2026-03-12 12:58:01","2026-03-12 12:58:01"
4833,444,item,838,rare,2,"2026-03-12 12:58:01","2026-03-12 12:58:01"
4834,444,orb,153,orb,1,"2026-03-12 12:58:01","2026-03-12 12:58:01"
4835,444,orb,387,orb,2,"2026-03-12 12:58:01","2026-03-12 12:58:01"
4836,444,orb,465,orb,3,"2026-03-12 12:58:01","2026-03-12 12:58:01"
4837,444,equipment,901,equipment,1,"2026-03-12 12:58:01","2026-03-12 12:58:01"
4838,444,equipment,903,equipment,2,"2026-03-12 12:58:01","2026-03-12 12:58:01"
4839,444,equipment,905,equipment,3,"2026-03-12 12:58:01","2026-03-12 12:58:01"
4840,64,item,819,normal,1,"2026-03-12 12:58:04","2026-03-12 12:58:04"
4841,64,item,856,rare,2,"2026-03-12 12:58:04","2026-03-12 12:58:04"
4842,64,orb,232,orb,1,"2026-03-12 12:58:04","2026-03-12 12:58:04"
4843,64,equipment,3,equipment,1,"2026-03-12 12:58:04","2026-03-12 12:58:04"
4844,44,item,697,normal,1,"2026-03-12 12:58:06","2026-03-12 12:58:06"
4845,44,item,856,rare,2,"2026-03-12 12:58:06","2026-03-12 12:58:06"
4846,44,orb,232,orb,1,"2026-03-12 12:58:06","2026-03-12 12:58:06"
4847,44,equipment,3,equipment,1,"2026-03-12 12:58:06","2026-03-12 12:58:06"
4848,530,item,816,normal,1,"2026-03-12 12:58:08","2026-03-12 12:58:08"
4849,530,item,819,rare,2,"2026-03-12 12:58:08","2026-03-12 12:58:08"
4850,530,orb,16,orb,1,"2026-03-12 12:58:08","2026-03-12 12:58:08"
4851,530,equipment,595,equipment,1,"2026-03-12 12:58:08","2026-03-12 12:58:08"
4852,530,equipment,594,equipment,2,"2026-03-12 12:58:08","2026-03-12 12:58:08"
4853,723,item,1435,normal,1,"2026-03-12 12:58:11","2026-03-12 12:58:11"
4854,723,item,856,rare,2,"2026-03-12 12:58:11","2026-03-12 12:58:11"
4855,723,orb,381,orb,1,"2026-03-12 12:58:11","2026-03-12 12:58:11"
4856,723,equipment,1302,equipment,1,"2026-03-12 12:58:11","2026-03-12 12:58:11"
4857,723,equipment,1304,equipment,2,"2026-03-12 12:58:11","2026-03-12 12:58:11"
4858,216,item,633,normal,1,"2026-03-12 12:58:13","2026-03-12 12:58:13"
4859,216,item,1294,rare,2,"2026-03-12 12:58:13","2026-03-12 12:58:13"
4860,216,orb,9,orb,1,"2026-03-12 12:58:13","2026-03-12 12:58:13"
4861,216,equipment,22,equipment,1,"2026-03-12 12:58:13","2026-03-12 12:58:13"
4862,216,equipment,145,equipment,2,"2026-03-12 12:58:13","2026-03-12 12:58:13"
4863,216,equipment,345,equipment,3,"2026-03-12 12:58:13","2026-03-12 12:58:13"
4864,60,item,696,normal,1,"2026-03-12 12:58:15","2026-03-12 12:58:15"
4865,60,item,856,rare,2,"2026-03-12 12:58:15","2026-03-12 12:58:15"
4866,60,orb,232,orb,1,"2026-03-12 12:58:15","2026-03-12 12:58:15"
4867,60,equipment,3,equipment,1,"2026-03-12 12:58:15","2026-03-12 12:58:15"
4868,722,item,1195,normal,1,"2026-03-12 12:58:17","2026-03-12 12:58:17"
4869,722,item,856,rare,2,"2026-03-12 12:58:17","2026-03-12 12:58:17"
4870,722,orb,240,orb,1,"2026-03-12 12:58:17","2026-03-12 12:58:17"
4871,722,equipment,1571,equipment,1,"2026-03-12 12:58:17","2026-03-12 12:58:17"
4872,207,item,392,normal,1,"2026-03-12 12:58:20","2026-03-12 12:58:20"
4873,207,item,638,rare,2,"2026-03-12 12:58:20","2026-03-12 12:58:20"
4874,207,orb,9,orb,1,"2026-03-12 12:58:20","2026-03-12 12:58:20"
4875,207,equipment,598,equipment,1,"2026-03-12 12:58:20","2026-03-12 12:58:20"
4876,365,item,651,normal,1,"2026-03-12 12:58:22","2026-03-12 12:58:22"
4877,365,item,781,rare,2,"2026-03-12 12:58:22","2026-03-12 12:58:22"
4878,365,orb,2,orb,1,"2026-03-12 12:58:22","2026-03-12 12:58:22"
4879,365,orb,171,orb,2,"2026-03-12 12:58:22","2026-03-12 12:58:22"
4880,365,orb,452,orb,3,"2026-03-12 12:58:22","2026-03-12 12:58:22"
4881,365,equipment,1285,equipment,1,"2026-03-12 12:58:22","2026-03-12 12:58:22"
4882,365,equipment,1286,equipment,2,"2026-03-12 12:58:22","2026-03-12 12:58:22"
4883,141,item,388,normal,1,"2026-03-12 12:58:24","2026-03-12 12:58:24"
4884,141,item,1378,rare,2,"2026-03-12 12:58:24","2026-03-12 12:58:24"
4885,141,orb,9,orb,1,"2026-03-12 12:58:24","2026-03-12 12:58:24"
4886,141,equipment,437,equipment,1,"2026-03-12 12:58:24","2026-03-12 12:58:24"
4887,12,item,392,normal,1,"2026-03-12 12:58:26","2026-03-12 12:58:26"
4888,12,item,48,rare,2,"2026-03-12 12:58:26","2026-03-12 12:58:26"
4889,12,orb,9,orb,1,"2026-03-12 12:58:26","2026-03-12 12:58:26"
4890,12,equipment,443,equipment,1,"2026-03-12 12:58:26","2026-03-12 12:58:26"
4891,900,item,392,normal,1,"2026-03-12 12:58:29","2026-03-12 12:58:29"
4892,900,item,536,rare,2,"2026-03-12 12:58:29","2026-03-12 12:58:29"
4893,900,orb,9,orb,1,"2026-03-12 12:58:29","2026-03-12 12:58:29"
4894,900,equipment,672,equipment,1,"2026-03-12 12:58:29","2026-03-12 12:58:29"
4895,900,equipment,674,equipment,2,"2026-03-12 12:58:29","2026-03-12 12:58:29"
4896,24,item,716,normal,1,"2026-03-12 12:58:32","2026-03-12 12:58:32"
4897,24,item,879,rare,2,"2026-03-12 12:58:32","2026-03-12 12:58:32"
4898,24,orb,9,orb,1,"2026-03-12 12:58:32","2026-03-12 12:58:32"
4899,24,equipment,1580,equipment,1,"2026-03-12 12:58:32","2026-03-12 12:58:32"
4900,105,item,181,normal,1,"2026-03-12 12:58:34","2026-03-12 12:58:34"
4901,105,item,638,rare,2,"2026-03-12 12:58:34","2026-03-12 12:58:34"
4902,105,orb,9,orb,1,"2026-03-12 12:58:34","2026-03-12 12:58:34"
4903,105,equipment,317,equipment,1,"2026-03-12 12:58:34","2026-03-12 12:58:34"
4904,318,item,653,normal,1,"2026-03-12 12:58:36","2026-03-12 12:58:36"
4905,318,item,531,rare,2,"2026-03-12 12:58:36","2026-03-12 12:58:36"
4906,318,orb,193,orb,1,"2026-03-12 12:58:36","2026-03-12 12:58:36"
4907,318,orb,389,orb,2,"2026-03-12 12:58:36","2026-03-12 12:58:36"
4908,318,orb,391,orb,3,"2026-03-12 12:58:36","2026-03-12 12:58:36"
4909,318,equipment,1084,equipment,1,"2026-03-12 12:58:36","2026-03-12 12:58:36"
4910,318,equipment,1085,equipment,2,"2026-03-12 12:58:36","2026-03-12 12:58:36"
4911,7,item,434,normal,9,"2026-03-12 12:58:38","2026-03-12 14:03:06"
4912,7,item,826,rare,2,"2026-03-12 12:58:38","2026-03-12 12:58:38"
4913,7,orb,9,orb,1,"2026-03-12 12:58:38","2026-03-12 12:58:38"
4914,7,equipment,398,equipment,1,"2026-03-12 12:58:38","2026-03-12 12:58:38"
4915,397,item,800,normal,1,"2026-03-12 12:58:40","2026-03-12 12:58:40"
4916,397,item,861,rare,2,"2026-03-12 12:58:40","2026-03-12 12:58:40"
4917,397,orb,45,orb,1,"2026-03-12 12:58:40","2026-03-12 12:58:40"
4918,397,orb,290,orb,2,"2026-03-12 12:58:40","2026-03-12 12:58:40"
4919,397,orb,514,orb,3,"2026-03-12 12:58:40","2026-03-12 12:58:40"
4920,397,equipment,937,equipment,1,"2026-03-12 12:58:40","2026-03-12 12:58:40"
4921,397,equipment,938,equipment,2,"2026-03-12 12:58:40","2026-03-12 12:58:40"
4922,397,equipment,939,equipment,3,"2026-03-12 12:58:40","2026-03-12 12:58:40"
4923,901,item,181,normal,1,"2026-03-12 12:58:43","2026-03-12 12:58:43"
4924,901,item,826,rare,2,"2026-03-12 12:58:43","2026-03-12 12:58:43"
4925,901,orb,87,orb,1,"2026-03-12 12:58:43","2026-03-12 12:58:43"
4926,901,orb,112,orb,2,"2026-03-12 12:58:43","2026-03-12 12:58:43"
4927,901,orb,200,orb,3,"2026-03-12 12:58:43","2026-03-12 12:58:43"
4928,901,equipment,367,equipment,1,"2026-03-12 12:58:43","2026-03-12 12:58:43"
4929,901,equipment,366,equipment,2,"2026-03-12 12:58:43","2026-03-12 12:58:43"
4930,138,item,683,normal,1,"2026-03-12 12:58:45","2026-03-12 12:58:45"
4931,138,item,230,rare,2,"2026-03-12 12:58:45","2026-03-12 12:58:45"
4932,138,orb,9,orb,1,"2026-03-12 12:58:45","2026-03-12 12:58:45"
4933,138,equipment,71,equipment,1,"2026-03-12 12:58:45","2026-03-12 12:58:45"
4934,81,item,859,normal,1,"2026-03-12 12:58:47","2026-03-12 12:58:47"
4935,81,item,861,rare,2,"2026-03-12 12:58:47","2026-03-12 12:58:47"
4936,81,orb,9,orb,1,"2026-03-12 12:58:48","2026-03-12 12:58:48"
4937,81,equipment,1509,equipment,1,"2026-03-12 12:58:48","2026-03-12 12:58:48"
4938,779,item,805,normal,1,"2026-03-12 12:58:50","2026-03-12 12:58:50"
4939,779,item,735,rare,2,"2026-03-12 12:58:50","2026-03-12 12:58:50"
4940,779,orb,9,orb,1,"2026-03-12 12:58:50","2026-03-12 12:58:50"
4941,779,equipment,967,equipment,1,"2026-03-12 12:58:50","2026-03-12 12:58:50"
4942,779,equipment,968,equipment,2,"2026-03-12 12:58:50","2026-03-12 12:58:50"
4943,779,equipment,969,equipment,3,"2026-03-12 12:58:50","2026-03-12 12:58:50"
4944,623,item,848,normal,1,"2026-03-12 12:58:52","2026-03-12 12:58:52"
4945,623,item,708,rare,3,"2026-03-12 12:58:52","2026-05-12 07:44:10"
4946,623,orb,61,orb,1,"2026-03-12 12:58:52","2026-03-12 12:58:52"
4947,623,orb,132,orb,2,"2026-03-12 12:58:52","2026-03-12 12:58:52"
4948,623,orb,327,orb,3,"2026-03-12 12:58:52","2026-03-12 12:58:52"
4949,623,equipment,766,equipment,1,"2026-03-12 12:58:52","2026-03-12 12:58:52"
4950,623,equipment,768,equipment,2,"2026-03-12 12:58:52","2026-03-12 12:58:52"
4951,754,item,392,normal,1,"2026-03-12 12:58:54","2026-03-12 12:58:54"
4952,750,item,861,normal,1,"2026-03-12 12:58:56","2026-03-12 12:58:56"
4953,750,item,487,rare,22,"2026-03-12 12:58:56","2026-03-20 18:45:43"
4954,750,orb,61,orb,1,"2026-03-12 12:58:56","2026-03-12 12:58:56"
4955,750,equipment,1271,equipment,1,"2026-03-12 12:58:56","2026-03-12 12:58:56"
4956,750,equipment,1272,equipment,2,"2026-03-12 12:58:56","2026-03-12 12:58:56"
4957,902,item,816,normal,1,"2026-03-12 12:58:58","2026-03-12 12:58:58"
4958,902,item,771,rare,2,"2026-03-12 12:58:58","2026-03-12 12:58:58"
4959,902,orb,30,orb,1,"2026-03-12 12:58:58","2026-03-12 12:58:58"
4960,902,orb,104,orb,2,"2026-03-12 12:58:58","2026-03-12 12:58:58"
4961,902,orb,290,orb,3,"2026-03-12 12:58:58","2026-03-12 12:58:58"
4962,902,equipment,3,equipment,1,"2026-03-12 12:58:58","2026-03-12 12:58:58"
4963,372,item,643,normal,1,"2026-03-12 12:59:02","2026-03-12 12:59:02"
4964,372,item,647,rare,2,"2026-03-12 12:59:02","2026-03-12 12:59:02"
4965,372,orb,188,orb,1,"2026-03-12 12:59:02","2026-03-12 12:59:02"
4966,372,orb,177,orb,2,"2026-03-12 12:59:02","2026-03-12 12:59:02"
4967,372,orb,527,orb,3,"2026-03-12 12:59:02","2026-03-12 12:59:02"
4968,372,equipment,1093,equipment,1,"2026-03-12 12:59:02","2026-03-12 12:59:02"
4969,372,equipment,1094,equipment,2,"2026-03-12 12:59:02","2026-03-12 12:59:02"
4970,40,item,396,normal,1,"2026-03-12 12:59:05","2026-03-12 12:59:05"
4971,40,item,879,rare,2,"2026-03-12 12:59:05","2026-03-12 12:59:05"
4972,40,orb,9,orb,1,"2026-03-12 12:59:05","2026-03-12 12:59:05"
4973,40,equipment,480,equipment,1,"2026-03-12 12:59:05","2026-03-12 12:59:05"
4974,453,item,548,normal,1,"2026-03-12 12:59:07","2026-03-12 12:59:07"
4975,453,item,230,rare,2,"2026-03-12 12:59:07","2026-03-12 12:59:07"
4976,453,orb,7,orb,1,"2026-03-12 12:59:07","2026-03-12 12:59:07"
4977,453,orb,399,orb,2,"2026-03-12 12:59:07","2026-03-12 12:59:07"
4978,453,orb,467,orb,3,"2026-03-12 12:59:07","2026-03-12 12:59:07"
4979,453,equipment,936,equipment,1,"2026-03-12 12:59:07","2026-03-12 12:59:07"
4980,453,equipment,937,equipment,2,"2026-03-12 12:59:07","2026-03-12 12:59:07"
4981,453,equipment,940,equipment,3,"2026-03-12 12:59:07","2026-03-12 12:59:07"
4982,903,item,249,normal,1,"2026-03-12 12:59:10","2026-03-12 12:59:10"
4983,903,item,879,rare,2,"2026-03-12 12:59:10","2026-03-12 12:59:10"
4984,903,orb,92,orb,1,"2026-03-12 12:59:10","2026-03-12 12:59:10"
4985,903,orb,340,orb,2,"2026-03-12 12:59:10","2026-03-12 12:59:10"
4986,903,orb,470,orb,3,"2026-03-12 12:59:10","2026-03-12 12:59:10"
4987,903,equipment,739,equipment,1,"2026-03-12 12:59:10","2026-03-12 12:59:10"
4988,903,equipment,740,equipment,2,"2026-03-12 12:59:10","2026-03-12 12:59:10"
4989,732,item,1196,rare,2,"2026-03-12 12:59:12","2026-03-12 12:59:12"
4990,732,orb,9,orb,1,"2026-03-12 12:59:12","2026-03-12 12:59:12"
4991,732,equipment,395,equipment,1,"2026-03-12 12:59:12","2026-03-12 12:59:12"
4992,459,item,800,normal,1,"2026-03-12 12:59:14","2026-03-12 12:59:14"
4993,459,item,711,rare,2,"2026-03-12 12:59:14","2026-03-12 12:59:14"
4994,459,orb,41,orb,1,"2026-03-12 12:59:14","2026-03-12 12:59:14"
4995,459,orb,75,orb,2,"2026-03-12 12:59:14","2026-03-12 12:59:14"
4996,459,orb,308,orb,3,"2026-03-12 12:59:14","2026-03-12 12:59:14"
4997,459,equipment,967,equipment,1,"2026-03-12 12:59:14","2026-03-12 12:59:14"
4998,459,equipment,968,equipment,2,"2026-03-12 12:59:14","2026-03-12 12:59:14"
4999,459,equipment,969,equipment,3,"2026-03-12 12:59:14","2026-03-12 12:59:14"
5000,440,item,698,normal,1,"2026-03-12 12:59:16","2026-03-12 12:59:16"
5001,440,item,1426,rare,2,"2026-03-12 12:59:16","2026-03-12 12:59:16"
5002,440,orb,236,orb,1,"2026-03-12 12:59:16","2026-03-12 12:59:16"
5003,440,orb,422,orb,2,"2026-03-12 12:59:16","2026-03-12 12:59:16"
5004,440,orb,436,orb,3,"2026-03-12 12:59:16","2026-03-12 12:59:16"
5005,440,equipment,997,equipment,1,"2026-03-12 12:59:16","2026-03-12 12:59:16"
5006,440,equipment,1002,equipment,2,"2026-03-12 12:59:16","2026-03-12 12:59:16"
5007,440,equipment,993,equipment,3,"2026-03-12 12:59:16","2026-03-12 12:59:16"
5008,312,item,392,normal,1,"2026-03-12 12:59:19","2026-03-12 12:59:19"
5009,312,item,1198,rare,2,"2026-03-12 12:59:19","2026-03-12 12:59:19"
5010,312,orb,32,orb,1,"2026-03-12 12:59:19","2026-03-12 12:59:19"
5011,312,orb,92,orb,2,"2026-03-12 12:59:19","2026-03-12 12:59:19"
5012,312,orb,188,orb,3,"2026-03-12 12:59:19","2026-03-12 12:59:19"
5013,312,equipment,302,equipment,1,"2026-03-12 12:59:19","2026-03-12 12:59:19"
5014,700,item,549,normal,1,"2026-03-12 12:59:23","2026-03-12 12:59:23"
5015,700,item,550,rare,2,"2026-03-12 12:59:23","2026-03-12 12:59:23"
5016,700,orb,202,orb,1,"2026-03-12 12:59:23","2026-03-12 12:59:23"
5017,700,orb,430,orb,2,"2026-03-12 12:59:23","2026-03-12 12:59:23"
5018,700,orb,522,orb,3,"2026-03-12 12:59:23","2026-03-12 12:59:23"
5019,700,equipment,452,equipment,1,"2026-03-12 12:59:23","2026-03-12 12:59:23"
5020,500,item,731,normal,1,"2026-03-12 12:59:25","2026-03-12 12:59:25"
5021,500,item,757,rare,2,"2026-03-12 12:59:25","2026-03-12 12:59:25"
5022,500,orb,6,orb,1,"2026-03-12 12:59:25","2026-03-12 12:59:25"
5023,500,orb,71,orb,2,"2026-03-12 12:59:25","2026-03-12 12:59:25"
5024,500,orb,197,orb,3,"2026-03-12 12:59:25","2026-03-12 12:59:25"
5025,500,equipment,498,equipment,1,"2026-03-12 12:59:25","2026-03-12 12:59:25"
5026,500,equipment,497,equipment,2,"2026-03-12 12:59:25","2026-03-12 12:59:25"
5027,904,item,627,normal,1,"2026-03-12 12:59:27","2026-03-12 12:59:27"
5028,904,item,692,rare,2,"2026-03-12 12:59:27","2026-03-12 12:59:27"
5029,904,orb,313,orb,1,"2026-03-12 12:59:27","2026-03-12 12:59:27"
5030,904,orb,462,orb,2,"2026-03-12 12:59:27","2026-03-12 12:59:27"
5031,904,orb,517,orb,3,"2026-03-12 12:59:27","2026-03-12 12:59:27"
5032,904,equipment,569,equipment,1,"2026-03-12 12:59:27","2026-03-12 12:59:27"
5033,904,equipment,570,equipment,2,"2026-03-12 12:59:27","2026-03-12 12:59:27"
5034,67,item,392,normal,1,"2026-03-12 12:59:32","2026-03-12 12:59:32"
5035,67,item,48,rare,2,"2026-03-12 12:59:32","2026-03-12 12:59:32"
5036,67,orb,9,orb,1,"2026-03-12 12:59:32","2026-03-12 12:59:32"
5037,67,equipment,1537,equipment,1,"2026-03-12 12:59:32","2026-03-12 12:59:32"
5038,905,item,863,normal,1,"2026-03-12 12:59:34","2026-03-12 12:59:34"
5039,905,item,564,rare,2,"2026-03-12 12:59:34","2026-03-12 12:59:34"
5040,905,orb,102,orb,1,"2026-03-12 12:59:34","2026-03-12 12:59:34"
5041,905,equipment,434,equipment,1,"2026-03-12 12:59:34","2026-03-12 12:59:34"
5042,178,item,732,normal,1,"2026-03-12 12:59:37","2026-03-12 12:59:37"
5043,178,item,487,rare,23,"2026-03-12 12:59:37","2026-03-20 18:45:43"
5044,178,orb,9,orb,1,"2026-03-12 12:59:37","2026-03-12 12:59:37"
5045,178,equipment,1514,equipment,1,"2026-03-12 12:59:37","2026-03-12 12:59:37"
5046,695,item,559,normal,1,"2026-03-12 12:59:39","2026-03-12 12:59:39"
5047,695,item,883,rare,2,"2026-03-12 12:59:39","2026-03-12 12:59:39"
5048,695,orb,88,orb,1,"2026-03-12 12:59:39","2026-03-12 12:59:39"
5049,695,orb,209,orb,2,"2026-03-12 12:59:39","2026-03-12 12:59:39"
5050,695,orb,291,orb,3,"2026-03-12 12:59:39","2026-03-12 12:59:39"
5051,695,equipment,572,equipment,1,"2026-03-12 12:59:39","2026-03-12 12:59:39"
5052,695,equipment,571,equipment,2,"2026-03-12 12:59:39","2026-03-12 12:59:39"
5053,906,item,816,normal,1,"2026-03-12 12:59:41","2026-03-12 12:59:41"
5054,906,item,693,rare,2,"2026-03-12 12:59:41","2026-03-12 12:59:41"
5055,906,orb,30,orb,1,"2026-03-12 12:59:41","2026-03-12 12:59:41"
5056,906,orb,134,orb,2,"2026-03-12 12:59:41","2026-03-12 12:59:41"
5057,906,orb,286,orb,3,"2026-03-12 12:59:41","2026-03-12 12:59:41"
5058,906,equipment,702,equipment,1,"2026-03-12 12:59:41","2026-03-12 12:59:41"
5059,906,equipment,703,equipment,2,"2026-03-12 12:59:41","2026-03-12 12:59:41"
5060,289,item,643,normal,1,"2026-03-12 12:59:44","2026-03-12 12:59:44"
5061,289,item,935,rare,2,"2026-03-12 12:59:44","2026-03-12 12:59:44"
5062,289,orb,1,orb,1,"2026-03-12 12:59:44","2026-03-12 12:59:44"
5063,289,orb,215,orb,2,"2026-03-12 12:59:44","2026-03-12 12:59:44"
5064,289,orb,415,orb,3,"2026-03-12 12:59:44","2026-03-12 12:59:44"
5065,289,equipment,183,equipment,1,"2026-03-12 12:59:44","2026-03-12 12:59:44"
5066,223,item,99,normal,1,"2026-03-12 12:59:46","2026-03-12 12:59:46"
5067,223,item,834,rare,2,"2026-03-12 12:59:46","2026-03-12 12:59:46"
5068,223,orb,9,orb,1,"2026-03-12 12:59:46","2026-03-12 12:59:46"
5069,223,equipment,190,equipment,1,"2026-03-12 12:59:46","2026-03-12 12:59:46"
5070,607,item,844,normal,1,"2026-03-12 12:59:49","2026-03-12 12:59:49"
5071,607,item,607,rare,2,"2026-03-12 12:59:49","2026-03-12 12:59:49"
5072,607,orb,197,orb,1,"2026-03-12 12:59:49","2026-03-12 12:59:49"
5073,607,orb,266,orb,2,"2026-03-12 12:59:49","2026-03-12 12:59:49"
5074,607,orb,267,orb,3,"2026-03-12 12:59:49","2026-03-12 12:59:49"
5075,607,equipment,779,equipment,1,"2026-03-12 12:59:49","2026-03-12 12:59:49"
5076,607,equipment,780,equipment,2,"2026-03-12 12:59:49","2026-03-12 12:59:49"
5077,607,equipment,783,equipment,3,"2026-03-12 12:59:49","2026-03-12 12:59:49"
5078,412,item,617,normal,1,"2026-03-12 12:59:51","2026-03-12 12:59:51"
5079,412,item,702,rare,2,"2026-03-12 12:59:51","2026-03-12 12:59:51"
5080,412,orb,297,orb,1,"2026-03-12 12:59:51","2026-03-12 12:59:51"
5081,412,orb,314,orb,2,"2026-03-12 12:59:51","2026-03-12 12:59:51"
5082,412,orb,139,orb,3,"2026-03-12 12:59:51","2026-03-12 12:59:51"
5083,412,equipment,883,equipment,1,"2026-03-12 12:59:51","2026-03-12 12:59:51"
5084,412,equipment,884,equipment,2,"2026-03-12 12:59:51","2026-03-12 12:59:51"
5085,412,equipment,887,equipment,3,"2026-03-12 12:59:51","2026-03-12 12:59:51"
5086,94,item,686,normal,1,"2026-03-12 12:59:53","2026-03-12 12:59:53"
5087,94,item,833,rare,2,"2026-03-12 12:59:53","2026-03-12 12:59:53"
5088,94,orb,9,orb,1,"2026-03-12 12:59:53","2026-03-12 12:59:53"
5089,94,equipment,115,equipment,1,"2026-03-12 12:59:53","2026-03-12 12:59:53"
5090,490,item,392,normal,1,"2026-03-12 12:59:55","2026-03-12 12:59:55"
5091,490,item,1451,rare,2,"2026-03-12 12:59:55","2026-03-12 12:59:55"
5092,490,orb,196,orb,1,"2026-03-12 12:59:55","2026-03-12 12:59:55"
5093,490,orb,145,orb,2,"2026-03-12 12:59:55","2026-03-12 12:59:55"
5094,490,orb,466,orb,3,"2026-03-12 12:59:55","2026-03-12 12:59:55"
5095,490,equipment,936,equipment,1,"2026-03-12 12:59:55","2026-03-12 12:59:55"
5096,907,item,699,normal,1,"2026-03-12 12:59:58","2026-03-12 12:59:58"
5097,907,item,833,rare,2,"2026-03-12 12:59:58","2026-03-12 12:59:58"
5098,907,orb,7,orb,1,"2026-03-12 12:59:58","2026-03-12 12:59:58"
5099,907,orb,207,orb,2,"2026-03-12 12:59:58","2026-03-12 12:59:58"
5100,907,orb,344,orb,3,"2026-03-12 12:59:58","2026-03-12 12:59:58"
5101,907,equipment,688,equipment,1,"2026-03-12 12:59:58","2026-03-12 12:59:58"
5102,907,equipment,689,equipment,2,"2026-03-12 12:59:58","2026-03-12 12:59:58"
5103,647,item,686,normal,1,"2026-03-12 13:00:00","2026-03-12 13:00:00"
5104,647,item,647,rare,2,"2026-03-12 13:00:00","2026-03-12 13:00:00"
5105,647,orb,96,orb,1,"2026-03-12 13:00:00","2026-03-12 13:00:00"
5106,647,orb,256,orb,2,"2026-03-12 13:00:00","2026-03-12 13:00:00"
5107,647,orb,418,orb,3,"2026-03-12 13:00:00","2026-03-12 13:00:00"
5108,647,equipment,869,equipment,1,"2026-03-12 13:00:00","2026-03-12 13:00:00"
5109,647,equipment,872,equipment,2,"2026-03-12 13:00:00","2026-03-12 13:00:00"
5110,139,item,716,normal,1,"2026-03-12 13:00:02","2026-03-12 13:00:02"
5111,139,item,47,rare,2,"2026-03-12 13:00:02","2026-03-12 13:00:02"
5112,139,orb,9,orb,1,"2026-03-12 13:00:02","2026-03-12 13:00:02"
5113,139,equipment,605,equipment,1,"2026-03-12 13:00:02","2026-03-12 13:00:02"
5114,600,item,591,normal,1,"2026-03-12 13:00:04","2026-03-12 13:00:04"
5115,600,item,752,rare,2,"2026-03-12 13:00:04","2026-03-12 13:00:04"
5116,600,orb,227,orb,1,"2026-03-12 13:00:04","2026-03-12 13:00:04"
5117,600,orb,363,orb,2,"2026-03-12 13:00:04","2026-03-12 13:00:04"
5118,600,orb,523,orb,3,"2026-03-12 13:00:04","2026-03-12 13:00:04"
5119,600,equipment,631,equipment,1,"2026-03-12 13:00:04","2026-03-12 13:00:04"
5120,600,equipment,626,equipment,2,"2026-03-12 13:00:04","2026-03-12 13:00:04"
5121,908,item,716,normal,1,"2026-03-12 13:00:06","2026-03-12 13:00:06"
5122,908,item,752,rare,2,"2026-03-12 13:00:06","2026-03-12 13:00:06"
5123,908,orb,134,orb,1,"2026-03-12 13:00:06","2026-03-12 13:00:06"
5124,908,orb,79,orb,2,"2026-03-12 13:00:06","2026-03-12 13:00:06"
5125,908,orb,224,orb,3,"2026-03-12 13:00:06","2026-03-12 13:00:06"
5126,908,equipment,687,equipment,1,"2026-03-12 13:00:06","2026-03-12 13:00:06"
5127,908,equipment,690,equipment,2,"2026-03-12 13:00:06","2026-03-12 13:00:06"
5128,909,item,686,normal,1,"2026-03-12 13:00:09","2026-03-12 13:00:09"
5129,909,item,771,rare,2,"2026-03-12 13:00:09","2026-03-12 13:00:09"
5130,909,orb,115,orb,1,"2026-03-12 13:00:09","2026-03-12 13:00:09"
5131,909,orb,343,orb,2,"2026-03-12 13:00:09","2026-03-12 13:00:09"
5132,909,orb,179,orb,3,"2026-03-12 13:00:09","2026-03-12 13:00:09"
5133,909,equipment,756,equipment,1,"2026-03-12 13:00:09","2026-03-12 13:00:09"
5134,751,item,753,normal,1,"2026-03-12 13:00:11","2026-03-12 13:00:11"
5136,751,orb,119,orb,1,"2026-03-12 13:00:11","2026-03-12 13:00:11"
5137,751,equipment,271,equipment,1,"2026-03-12 13:00:11","2026-03-12 13:00:11"
5138,337,item,840,normal,1,"2026-03-12 13:00:14","2026-03-12 13:00:14"
5139,337,item,1337,rare,2,"2026-03-12 13:00:14","2026-03-12 13:00:14"
5140,337,orb,26,orb,1,"2026-03-12 13:00:14","2026-03-12 13:00:14"
5141,337,orb,32,orb,2,"2026-03-12 13:00:14","2026-03-12 13:00:14"
5142,337,orb,473,orb,3,"2026-03-12 13:00:14","2026-03-12 13:00:14"
5143,337,equipment,1270,equipment,1,"2026-03-12 13:00:14","2026-03-12 13:00:14"
5144,337,equipment,1271,equipment,2,"2026-03-12 13:00:14","2026-03-12 13:00:14"
5145,407,item,867,normal,1,"2026-03-12 13:00:16","2026-03-12 13:00:16"
5146,407,item,1450,rare,2,"2026-03-12 13:00:16","2026-03-12 13:00:16"
5147,407,orb,1,orb,1,"2026-03-12 13:00:16","2026-03-12 13:00:16"
5148,407,orb,381,orb,2,"2026-03-12 13:00:16","2026-03-12 13:00:16"
5149,407,orb,423,orb,3,"2026-03-12 13:00:16","2026-03-12 13:00:16"
5150,407,equipment,1246,equipment,1,"2026-03-12 13:00:16","2026-03-12 13:00:16"
5151,407,equipment,1248,equipment,2,"2026-03-12 13:00:16","2026-03-12 13:00:16"
5152,248,item,617,normal,1,"2026-03-12 13:00:18","2026-03-12 13:00:18"
5153,248,item,1450,rare,2,"2026-03-12 13:00:18","2026-03-12 13:00:18"
5154,248,orb,9,orb,1,"2026-03-12 13:00:18","2026-03-12 13:00:18"
5155,248,equipment,468,equipment,1,"2026-03-12 13:00:18","2026-03-12 13:00:18"
5156,196,item,591,normal,1,"2026-03-12 13:00:20","2026-03-12 13:00:20"
5157,196,item,47,rare,2,"2026-03-12 13:00:20","2026-03-12 13:00:20"
5158,196,orb,9,orb,1,"2026-03-12 13:00:20","2026-03-12 13:00:20"
5159,196,equipment,29,equipment,1,"2026-03-12 13:00:20","2026-03-12 13:00:20"
5160,690,item,652,normal,1,"2026-03-12 13:00:23","2026-03-12 13:00:23"
5161,690,item,822,rare,2,"2026-03-12 13:00:23","2026-03-12 13:00:23"
5162,690,orb,21,orb,1,"2026-03-12 13:00:23","2026-03-12 13:00:23"
5163,690,equipment,849,equipment,1,"2026-03-12 13:00:23","2026-03-12 13:00:23"
5164,690,equipment,850,equipment,2,"2026-03-12 13:00:23","2026-03-12 13:00:23"
5165,910,item,652,normal,1,"2026-03-12 13:00:25","2026-03-12 13:00:25"
5166,910,item,703,rare,2,"2026-03-12 13:00:25","2026-03-12 13:00:25"
5167,910,orb,21,orb,1,"2026-03-12 13:00:25","2026-03-12 13:00:25"
5168,910,equipment,365,equipment,1,"2026-03-12 13:00:25","2026-03-12 13:00:25"
5169,911,item,591,normal,1,"2026-03-12 13:00:28","2026-03-12 13:00:28"
5170,911,item,754,rare,2,"2026-03-12 13:00:28","2026-03-12 13:00:28"
5171,911,orb,65,orb,1,"2026-03-12 13:00:28","2026-03-12 13:00:28"
5172,911,orb,339,orb,2,"2026-03-12 13:00:28","2026-03-12 13:00:28"
5173,911,orb,341,orb,3,"2026-03-12 13:00:28","2026-03-12 13:00:28"
5174,911,equipment,585,equipment,1,"2026-03-12 13:00:28","2026-03-12 13:00:28"
5175,911,equipment,584,equipment,2,"2026-03-12 13:00:28","2026-03-12 13:00:28"
5176,35,item,392,normal,1,"2026-03-12 13:00:31","2026-03-12 13:00:31"
5177,35,item,48,rare,2,"2026-03-12 13:00:31","2026-03-12 13:00:31"
5178,35,orb,9,orb,1,"2026-03-12 13:00:31","2026-03-12 13:00:31"
5179,35,equipment,1567,equipment,1,"2026-03-12 13:00:31","2026-03-12 13:00:31"
5180,457,item,671,normal,1,"2026-03-12 13:00:33","2026-03-12 13:00:33"
5181,457,item,735,rare,2,"2026-03-12 13:00:33","2026-03-12 13:00:33"
5182,457,orb,502,orb,1,"2026-03-12 13:00:33","2026-03-12 13:00:33"
5183,457,orb,503,orb,2,"2026-03-12 13:00:33","2026-03-12 13:00:33"
5184,457,orb,512,orb,3,"2026-03-12 13:00:33","2026-03-12 13:00:33"
5185,457,equipment,534,equipment,1,"2026-03-12 13:00:33","2026-03-12 13:00:33"
5186,457,equipment,533,equipment,2,"2026-03-12 13:00:33","2026-03-12 13:00:33"
5187,457,equipment,532,equipment,3,"2026-03-12 13:00:33","2026-03-12 13:00:33"
5188,912,item,392,normal,1,"2026-03-12 13:00:35","2026-03-12 13:00:35"
5189,912,item,735,rare,2,"2026-03-12 13:00:35","2026-03-12 13:00:35"
5190,912,orb,117,orb,1,"2026-03-12 13:00:35","2026-03-12 13:00:35"
5191,912,orb,155,orb,2,"2026-03-12 13:00:35","2026-03-12 13:00:35"
5192,912,orb,513,orb,3,"2026-03-12 13:00:35","2026-03-12 13:00:35"
5193,912,equipment,529,equipment,1,"2026-03-12 13:00:35","2026-03-12 13:00:35"
5194,912,equipment,528,equipment,2,"2026-03-12 13:00:35","2026-03-12 13:00:35"
5195,912,equipment,527,equipment,3,"2026-03-12 13:00:35","2026-03-12 13:00:35"
5196,307,item,863,normal,1,"2026-03-12 13:00:37","2026-03-12 13:00:37"
5197,307,item,536,rare,2,"2026-03-12 13:00:37","2026-03-12 13:00:37"
5198,307,orb,263,orb,1,"2026-03-12 13:00:37","2026-03-12 13:00:37"
5199,307,orb,434,orb,2,"2026-03-12 13:00:37","2026-03-12 13:00:37"
5200,307,orb,471,orb,3,"2026-03-12 13:00:37","2026-03-12 13:00:37"
5201,307,equipment,227,equipment,1,"2026-03-12 13:00:37","2026-03-12 13:00:37"
5202,421,item,821,normal,1,"2026-03-12 13:00:39","2026-03-12 13:00:39"
5203,421,item,647,rare,2,"2026-03-12 13:00:39","2026-03-12 13:00:39"
5204,421,orb,96,orb,1,"2026-03-12 13:00:39","2026-03-12 13:00:39"
5205,421,orb,100,orb,2,"2026-03-12 13:00:39","2026-03-12 13:00:39"
5206,421,orb,505,orb,3,"2026-03-12 13:00:39","2026-03-12 13:00:39"
5207,421,equipment,299,equipment,1,"2026-03-12 13:00:39","2026-03-12 13:00:39"
5208,421,equipment,297,equipment,2,"2026-03-12 13:00:39","2026-03-12 13:00:39"
5209,727,item,536,normal,1,"2026-03-12 13:00:41","2026-03-12 13:00:41"
5210,727,item,1188,rare,2,"2026-03-12 13:00:41","2026-03-12 13:00:41"
5211,727,orb,9,orb,1,"2026-03-12 13:00:41","2026-03-12 13:00:41"
5212,727,equipment,1567,equipment,1,"2026-03-12 13:00:41","2026-03-12 13:00:41"
5213,380,item,818,normal,1,"2026-03-12 13:00:44","2026-03-12 13:00:44"
5214,380,item,531,rare,2,"2026-03-12 13:00:44","2026-03-12 13:00:44"
5215,380,orb,35,orb,1,"2026-03-12 13:00:44","2026-03-12 13:00:44"
5216,380,orb,69,orb,2,"2026-03-12 13:00:44","2026-03-12 13:00:44"
5217,380,orb,157,orb,3,"2026-03-12 13:00:44","2026-03-12 13:00:44"
5218,380,equipment,1065,equipment,1,"2026-03-12 13:00:44","2026-03-12 13:00:44"
5219,380,equipment,1067,equipment,2,"2026-03-12 13:00:44","2026-03-12 13:00:44"
5220,466,item,597,normal,1,"2026-03-12 13:00:46","2026-03-12 13:00:46"
5221,466,item,648,rare,2,"2026-03-12 13:00:46","2026-03-12 13:00:46"
5222,466,orb,137,orb,1,"2026-03-12 13:00:46","2026-03-12 13:00:46"
5223,466,orb,183,orb,2,"2026-03-12 13:00:46","2026-03-12 13:00:46"
5224,466,orb,203,orb,3,"2026-03-12 13:00:46","2026-03-12 13:00:46"
5225,466,equipment,927,equipment,1,"2026-03-12 13:00:46","2026-03-12 13:00:46"
5226,466,equipment,929,equipment,2,"2026-03-12 13:00:46","2026-03-12 13:00:46"
5227,748,item,1326,normal,1,"2026-03-12 13:00:48","2026-03-12 13:00:48"
5228,748,item,1325,rare,2,"2026-03-12 13:00:48","2026-03-12 13:00:48"
5229,748,orb,105,orb,1,"2026-03-12 13:00:48","2026-03-12 13:00:48"
5230,748,equipment,1354,equipment,1,"2026-03-12 13:00:48","2026-03-12 13:00:48"
5231,193,item,392,normal,1,"2026-03-12 13:00:51","2026-03-12 13:00:51"
5232,193,item,795,rare,2,"2026-03-12 13:00:51","2026-03-12 13:00:51"
5233,193,orb,9,orb,1,"2026-03-12 13:00:51","2026-03-12 13:00:51"
5234,193,equipment,1297,equipment,1,"2026-03-12 13:00:51","2026-03-12 13:00:51"
5235,193,equipment,1298,equipment,2,"2026-03-12 13:00:51","2026-03-12 13:00:51"
5236,350,item,823,normal,1,"2026-03-12 13:00:53","2026-03-12 13:00:53"
5237,350,item,702,rare,2,"2026-03-12 13:00:53","2026-03-12 13:00:53"
5238,350,orb,100,orb,1,"2026-03-12 13:00:53","2026-03-12 13:00:53"
5239,350,orb,226,orb,2,"2026-03-12 13:00:53","2026-03-12 13:00:53"
5240,350,orb,505,orb,3,"2026-03-12 13:00:53","2026-03-12 13:00:53"
5241,350,equipment,541,equipment,1,"2026-03-12 13:00:53","2026-03-12 13:00:53"
5242,505,item,673,normal,1,"2026-03-12 13:00:55","2026-03-12 13:00:55"
5243,505,item,834,rare,2,"2026-03-12 13:00:55","2026-03-12 13:00:55"
5244,505,orb,23,orb,1,"2026-03-12 13:00:55","2026-03-12 13:00:55"
5245,505,orb,117,orb,2,"2026-03-12 13:00:55","2026-03-12 13:00:55"
5246,505,orb,121,orb,3,"2026-03-12 13:00:55","2026-03-12 13:00:55"
5247,505,equipment,630,equipment,1,"2026-03-12 13:00:55","2026-03-12 13:00:55"
5248,505,equipment,629,equipment,2,"2026-03-12 13:00:55","2026-03-12 13:00:55"
5249,505,equipment,627,equipment,3,"2026-03-12 13:00:55","2026-03-12 13:00:55"
5250,601,item,699,normal,1,"2026-03-12 13:00:57","2026-03-12 13:00:57"
5251,601,item,564,rare,2,"2026-03-12 13:00:57","2026-03-12 13:00:57"
5252,601,orb,173,orb,1,"2026-03-12 13:00:57","2026-03-12 13:00:57"
5253,601,orb,296,orb,2,"2026-03-12 13:00:57","2026-03-12 13:00:57"
5254,601,orb,510,orb,3,"2026-03-12 13:00:57","2026-03-12 13:00:57"
5255,601,equipment,493,equipment,1,"2026-03-12 13:00:57","2026-03-12 13:00:57"
5256,601,equipment,492,equipment,2,"2026-03-12 13:00:57","2026-03-12 13:00:57"
5257,298,item,867,normal,1,"2026-03-12 13:01:00","2026-03-12 13:01:00"
5258,298,item,487,rare,24,"2026-03-12 13:01:00","2026-03-20 18:45:43"
5259,298,orb,37,orb,1,"2026-03-12 13:01:00","2026-03-12 13:01:00"
5260,298,orb,44,orb,2,"2026-03-12 13:01:00","2026-03-12 13:01:00"
5261,298,orb,241,orb,3,"2026-03-12 13:01:00","2026-03-12 13:01:00"
5262,298,equipment,1281,equipment,1,"2026-03-12 13:01:00","2026-03-12 13:01:00"
5263,298,equipment,1283,equipment,2,"2026-03-12 13:01:00","2026-03-12 13:01:00"
5264,752,item,207,normal,1,"2026-03-12 13:01:02","2026-03-12 13:01:02"
5265,501,item,867,normal,1,"2026-03-12 13:01:05","2026-03-12 13:01:05"
5266,501,item,868,rare,2,"2026-03-12 13:01:05","2026-03-12 13:01:05"
5267,501,orb,53,orb,1,"2026-03-12 13:01:05","2026-03-12 13:01:05"
5268,501,orb,78,orb,2,"2026-03-12 13:01:05","2026-03-12 13:01:05"
5269,501,orb,147,orb,3,"2026-03-12 13:01:05","2026-03-12 13:01:05"
5270,501,equipment,413,equipment,1,"2026-03-12 13:01:05","2026-03-12 13:01:05"
5271,501,equipment,412,equipment,2,"2026-03-12 13:01:05","2026-03-12 13:01:05"
5272,913,item,773,normal,1,"2026-03-12 13:01:07","2026-03-12 13:01:07"
5273,913,item,664,rare,2,"2026-03-12 13:01:07","2026-03-12 13:01:07"
5274,913,orb,72,orb,1,"2026-03-12 13:01:07","2026-03-12 13:01:07"
5275,913,equipment,120,equipment,1,"2026-03-12 13:01:07","2026-03-12 13:01:07"
5276,253,item,720,normal,1,"2026-03-12 13:01:09","2026-03-12 13:01:09"
5277,253,item,1236,rare,2,"2026-03-12 13:01:09","2026-03-12 13:01:09"
5278,253,orb,44,orb,1,"2026-03-12 13:01:09","2026-03-12 13:01:09"
5279,253,orb,60,orb,2,"2026-03-12 13:01:09","2026-03-12 13:01:09"
5280,253,orb,149,orb,3,"2026-03-12 13:01:09","2026-03-12 13:01:09"
5281,253,equipment,424,equipment,1,"2026-03-12 13:01:09","2026-03-12 13:01:09"
5282,914,item,720,normal,1,"2026-03-12 13:01:11","2026-03-12 13:01:11"
5283,914,item,700,rare,2,"2026-03-12 13:01:11","2026-03-12 13:01:11"
5284,914,orb,83,orb,1,"2026-03-12 13:01:11","2026-03-12 13:01:11"
5285,914,orb,171,orb,2,"2026-03-12 13:01:11","2026-03-12 13:01:11"
5286,914,orb,147,orb,3,"2026-03-12 13:01:11","2026-03-12 13:01:11"
5287,914,equipment,673,equipment,1,"2026-03-12 13:01:11","2026-03-12 13:01:11"
5288,914,equipment,674,equipment,2,"2026-03-12 13:01:11","2026-03-12 13:01:11"
5289,914,equipment,675,equipment,3,"2026-03-12 13:01:11","2026-03-12 13:01:11"
5290,753,item,638,normal,1,"2026-03-12 13:01:13","2026-03-12 13:01:13"
5291,753,item,1295,rare,2,"2026-03-12 13:01:13","2026-03-12 13:01:13"
5292,753,orb,9,orb,1,"2026-03-12 13:01:13","2026-03-12 13:01:13"
5293,753,equipment,230,equipment,1,"2026-03-12 13:01:13","2026-03-12 13:01:13"
5294,218,item,535,normal,1,"2026-03-12 13:01:15","2026-03-12 13:01:15"
5295,218,item,830,rare,2,"2026-03-12 13:01:15","2026-03-12 13:01:15"
5296,218,orb,9,orb,1,"2026-03-12 13:01:15","2026-03-12 13:01:15"
5297,218,equipment,378,equipment,1,"2026-03-12 13:01:15","2026-03-12 13:01:15"
5298,634,item,801,normal,1,"2026-03-12 13:01:18","2026-03-12 13:01:18"
5299,634,item,765,rare,2,"2026-03-12 13:01:18","2026-03-12 13:01:18"
5300,634,orb,41,orb,1,"2026-03-12 13:01:18","2026-03-12 13:01:18"
5301,634,orb,398,orb,2,"2026-03-12 13:01:18","2026-03-12 13:01:18"
5302,634,orb,425,orb,3,"2026-03-12 13:01:18","2026-03-12 13:01:18"
5303,634,equipment,372,equipment,1,"2026-03-12 13:01:18","2026-03-12 13:01:18"
5304,634,equipment,371,equipment,2,"2026-03-12 13:01:18","2026-03-12 13:01:18"
5305,634,equipment,370,equipment,3,"2026-03-12 13:01:18","2026-03-12 13:01:18"
5306,561,item,800,normal,1,"2026-03-12 13:01:20","2026-03-12 13:01:20"
5307,561,item,765,rare,2,"2026-03-12 13:01:20","2026-03-12 13:01:20"
5308,561,orb,4,orb,1,"2026-03-12 13:01:20","2026-03-12 13:01:20"
5309,561,orb,158,orb,2,"2026-03-12 13:01:20","2026-03-12 13:01:20"
5310,561,orb,443,orb,3,"2026-03-12 13:01:20","2026-03-12 13:01:20"
5311,561,equipment,946,equipment,1,"2026-03-12 13:01:20","2026-03-12 13:01:20"
5312,561,equipment,947,equipment,2,"2026-03-12 13:01:20","2026-03-12 13:01:20"
5313,561,equipment,949,equipment,3,"2026-03-12 13:01:20","2026-03-12 13:01:20"
5314,95,item,392,normal,1,"2026-03-12 13:01:23","2026-03-12 13:01:23"
5315,95,item,47,rare,2,"2026-03-12 13:01:23","2026-03-12 13:01:23"
5316,95,orb,9,orb,1,"2026-03-12 13:01:23","2026-03-12 13:01:23"
5317,95,equipment,1552,equipment,1,"2026-03-12 13:01:23","2026-03-12 13:01:23"
5322,1,item,434,normal,1,,
5323,1,item,697,rare,2,,
5324,48,accessory,134,rare,1,"2026-03-13 13:50:38","2026-03-13 13:55:32"
5326,463,orb,536,orb,1,"2026-03-25 06:50:59","2026-03-25 06:50:59"
5327,485,orb,537,orb,1,"2026-03-25 06:59:08","2026-03-25 06:59:08"
5328,864,orb,538,orb,1,"2026-03-25 06:59:36","2026-03-25 06:59:36"
5336,927,item,33,normal,1,,
5338,927,item,1568,rare,1,"2026-06-26 11:34:04","2026-06-26 11:34:14"
5339,929,item,818,normal,1,,
5340,929,item,611,rare,2,,
5341,930,item,651,normal,1,,
5342,930,item,868,rare,2,,
5343,931,item,784,normal,1,,
5344,931,item,595,rare,2,,
5345,932,item,596,normal,1,,
5346,933,item,720,normal,1,,
5347,933,item,597,rare,2,,
5348,934,item,848,normal,1,,
5349,934,item,708,rare,2,,
5352,929,orb,541,orb,3,"2026-06-26 11:47:29","2026-06-26 11:47:29"
5353,930,orb,541,orb,3,"2026-06-26 11:47:29","2026-06-26 11:47:29"
5354,931,orb,542,orb,1,"2026-06-26 11:48:12","2026-06-26 11:48:12"
5355,930,orb,26,orb,4,,
5356,930,orb,288,orb,5,,
5357,930,equipment,406,equipment,6,,
5358,933,orb,313,orb,3,,
5359,933,orb,543,orb,4,,
5360,933,equipment,679,equipment,5,,
5361,929,equipment,365,equipment,4,,
5362,929,equipment,364,equipment,5,,
5363,929,orb,77,orb,6,,
5364,929,orb,350,orb,7,,
5365,932,item,753,rare,2,,
5366,932,orb,77,orb,3,,
5367,932,orb,340,orb,4,,
5368,932,orb,352,orb,5,,
5369,932,equipment,618,equipment,6,,
5370,936,item,248,normal,1,,
5371,936,orb,58,orb,2,,
5372,936,orb,95,orb,3,,
5373,936,orb,316,orb,4,,
5374,936,equipment,673,equipment,5,,
5375,936,equipment,674,equipment,6,,
5376,937,item,596,normal,1,,
5377,937,item,747,rare,2,,
5378,937,orb,190,orb,3,,
5379,937,orb,540,orb,4,,
5380,937,orb,507,orb,5,,
5381,937,equipment,676,equipment,6,,
5382,938,item,860,normal,1,,
5383,938,item,833,rare,2,,
5384,938,orb,100,orb,3,,
5385,938,orb,292,orb,4,,
5386,938,orb,544,orb,5,,
5387,938,equipment,485,equipment,6,,
5388,939,item,33,normal,1,,
5389,939,item,850,rare,2,,
5390,939,equipment,695,equipment,3,,
5391,939,orb,13,orb,4,,
5392,939,orb,194,orb,5,,
5393,939,orb,351,orb,6,,
5394,940,item,840,normal,1,,
5395,940,equipment,680,equipment,2,,
5396,940,equipment,676,equipment,3,,
5397,940,orb,71,orb,4,,
5398,940,orb,183,orb,5,,
5399,940,item,649,rare,6,,
5400,1862,item,720,normal,1,,
5401,1862,item,616,rare,2,,
5402,1862,equipment,583,equipment,3,,
5403,1862,orb,15,orb,4,,
5404,1862,orb,140,orb,5,,
5405,1863,item,617,normal,1,,
5406,1864,item,820,normal,1,,
5407,1864,item,619,rare,2,,
5408,1864,equipment,124,equipment,3,,
5409,1864,orb,38,orb,4,,
5410,1864,orb,102,orb,5,,
5411,1864,orb,488,orb,6,,
5412,1863,item,786,rare,2,,
5413,1863,equipment,85,equipment,3,,
5414,1863,equipment,84,equipment,4,,
5415,1863,orb,28,orb,5,,
5416,1863,orb,76,orb,6,,
5417,1863,orb,139,orb,7,,
5418,1865,item,664,normal,1,,
5419,1865,orb,35,orb,2,,
5420,1865,equipment,684,equipment,5,,
5421,1865,equipment,685,equipment,6,,
5422,1865,orb,72,orb,3,,
5423,1865,orb,380,orb,4,,
5424,1865,item,661,rare,7,,
5425,1866,item,732,normal,1,,
5426,1866,item,611,rare,2,,
5427,1866,orb,118,orb,3,,
5428,1866,orb,547,orb,4,,
5429,1866,orb,500,orb,5,,
5430,1866,equipment,687,equipment,6,,
5431,1866,equipment,688,equipment,7,,
5432,1867,item,633,normal,1,,
5433,1867,item,819,rare,2,,
5434,1867,equipment,44,equipment,3,,
5435,1867,equipment,43,equipment,4,,
5436,1867,orb,25,orb,5,,
5437,1867,orb,546,orb,6,,
5438,1868,item,840,normal,1,,
5439,1868,item,1568,rare,2,,
5440,1868,orb,109,orb,3,,
5441,1868,orb,349,orb,4,,
5442,1868,orb,543,orb,5,,
5443,1868,equipment,1,equipment,6,,
5444,1869,item,33,normal,1,,
5445,1869,orb,66,orb,2,,
5446,1869,orb,61,orb,3,,
5447,1869,orb,544,orb,4,,
5448,1869,equipment,526,equipment,5,,
5449,1870,item,646,normal,1,,
5450,1871,item,535,normal,1,,
5451,1871,item,883,rare,2,,
5452,1871,orb,39,orb,3,,
5453,1871,orb,545,orb,4,,
5454,1871,orb,179,orb,5,,
5455,1871,equipment,688,equipment,6,,
5456,1871,equipment,690,equipment,7,,
5457,1872,item,591,normal,1,,
5458,1872,item,677,rare,2,,
5459,1872,equipment,244,equipment,3,,
5460,1872,orb,7,orb,4,,
5461,1872,orb,16,orb,5,,
5462,1872,orb,253,orb,6,,
5463,1869,item,229,rare,6,,
5464,1873,item,868,normal,1,,
5465,1873,item,550,rare,2,,
5466,1873,orb,92,orb,3,,
5467,1873,orb,348,orb,4,,
5468,1873,orb,144,orb,5,,
5469,1873,equipment,677,equipment,6,,
5470,1873,equipment,678,equipment,7,,
5471,1874,item,597,normal,1,,
5472,1874,item,787,rare,2,,
5473,1874,orb,44,orb,3,,
5474,1874,orb,70,orb,4,,
5475,1874,orb,545,orb,5,,
5476,1874,equipment,164,equipment,6,,
5477,1875,item,434,normal,1,,
5478,1876,item,643,normal,1,,
5479,1876,item,834,rare,2,,
5480,1877,item,732,normal,1,,
5481,1878,item,716,normal,1,,
5482,1875,item,607,rare,2,,
5483,1875,equipment,619,equipment,3,,
5484,1875,orb,14,orb,4,,
5485,1875,orb,117,orb,5,,
5486,1875,orb,216,orb,6,,
5487,1877,item,648,rare,2,,
5488,1877,equipment,703,equipment,3,,
5489,1877,equipment,705,equipment,4,,
5490,1877,orb,289,orb,5,,
5491,1877,orb,459,orb,6,,
5492,1877,orb,521,orb,7,,
5493,1876,orb,156,orb,3,,
5494,1876,orb,547,orb,4,,
5495,1876,orb,419,orb,5,,
5496,1876,equipment,165,equipment,6,,
5497,1878,item,753,rare,2,,
5498,1878,orb,157,orb,3,,
5499,1878,orb,343,orb,4,,
5500,1878,orb,542,orb,5,,
5501,1878,equipment,2,equipment,6,,
5507,1879,item,697,normal,1,,
5508,1879,item,677,rare,2,,
5509,1879,orb,540,orb,3,,
5510,1879,equipment,187,equipment,4,,
5511,1880,item,651,normal,1,,
5512,1880,item,550,rare,2,,
5513,1880,orb,519,orb,3,,
5514,1880,orb,524,orb,4,,
5515,1880,equipment,566,equipment,5,,
5516,1881,item,559,normal,1,,
5517,1881,item,607,rare,2,,
5518,1881,equipment,674,equipment,3,,
5519,1881,equipment,675,equipment,4,,
5520,1881,orb,51,orb,5,,
5521,1881,orb,135,orb,6,,
5522,1881,orb,315,orb,7,,
5523,1882,item,629,normal,1,,
5524,1882,item,603,rare,2,,
5525,1882,equipment,683,equipment,3,,
5526,1882,equipment,681,equipment,4,,
5527,1882,orb,185,orb,5,,
5528,941,item,675,normal,1,"2026-07-29 12:20:39","2026-07-29 12:20:39"
5529,941,item,251,rare,2,"2026-07-29 12:20:39","2026-07-29 12:20:39"
5530,942,item,392,normal,1,"2026-07-29 12:20:39","2026-07-29 12:20:39"
5531,942,item,807,rare,2,"2026-07-29 12:20:39","2026-07-29 12:20:39"
5532,943,item,802,normal,1,"2026-07-29 12:20:39","2026-07-29 12:20:39"
5533,943,item,781,rare,2,"2026-07-29 12:20:39","2026-07-29 12:20:39"
5534,944,item,392,normal,1,"2026-07-29 12:20:39","2026-07-29 12:20:39"
5535,944,item,805,rare,2,"2026-07-29 12:20:39","2026-07-29 12:20:39"
5536,945,item,392,normal,1,"2026-07-29 12:20:39","2026-07-29 12:20:39"
5537,945,item,47,rare,2,"2026-07-29 12:20:39","2026-07-29 12:20:39"
5538,946,item,393,normal,1,"2026-07-29 12:20:39","2026-07-29 12:20:39"
5539,946,item,207,rare,2,"2026-07-29 12:20:39","2026-07-29 12:20:39"
5540,947,item,773,normal,1,"2026-07-29 12:20:39","2026-07-29 12:20:39"
5541,947,item,795,rare,2,"2026-07-29 12:20:39","2026-07-29 12:20:39"
5542,948,item,591,normal,1,"2026-07-29 12:20:39","2026-07-29 12:20:39"
5543,948,item,207,rare,2,"2026-07-29 12:20:39","2026-07-29 12:20:39"
5544,949,item,821,normal,1,"2026-07-29 12:20:39","2026-07-29 12:20:39"
5545,949,item,879,rare,2,"2026-07-29 12:20:39","2026-07-29 12:20:39"
5546,950,item,393,normal,1,"2026-07-29 12:20:39","2026-07-29 12:20:39"
5547,950,item,649,rare,2,"2026-07-29 12:20:39","2026-07-29 12:20:39"
5548,951,item,800,normal,1,"2026-07-29 12:20:39","2026-07-29 12:20:39"
5549,951,item,567,rare,2,"2026-07-29 12:20:39","2026-07-29 12:20:39"
5550,952,item,633,normal,1,"2026-07-29 12:20:39","2026-07-29 12:20:39"
5551,952,item,47,rare,2,"2026-07-29 12:20:39","2026-07-29 12:20:39"
5552,953,item,633,normal,1,"2026-07-29 12:20:39","2026-07-29 12:20:39"
5553,953,item,47,rare,2,"2026-07-29 12:20:39","2026-07-29 12:20:39"
5554,954,item,393,normal,1,"2026-07-29 12:20:39","2026-07-29 12:20:39"
5555,954,item,649,rare,2,"2026-07-29 12:20:39","2026-07-29 12:20:39"
5556,955,item,548,normal,1,"2026-07-29 12:20:39","2026-07-29 12:20:39"
5557,955,item,868,rare,2,"2026-07-29 12:20:39","2026-07-29 12:20:39"
5558,956,item,393,normal,1,"2026-07-29 12:20:39","2026-07-29 12:20:39"
5559,956,item,879,rare,2,"2026-07-29 12:20:39","2026-07-29 12:20:39"
5560,958,item,596,normal,1,"2026-07-29 12:20:39","2026-07-29 12:20:39"
5561,958,item,826,rare,2,"2026-07-29 12:20:39","2026-07-29 12:20:39"
5562,959,item,643,normal,1,"2026-07-29 12:20:39","2026-07-29 12:20:39"
5563,959,item,207,rare,2,"2026-07-29 12:20:39","2026-07-29 12:20:39"
5564,960,item,549,normal,1,"2026-07-29 12:20:39","2026-07-29 12:20:39"
5565,960,item,250,rare,2,"2026-07-29 12:20:39","2026-07-29 12:20:39"
5566,961,item,591,normal,1,"2026-07-29 12:20:39","2026-07-29 12:20:39"
5567,961,item,649,rare,2,"2026-07-29 12:20:39","2026-07-29 12:20:39"
5568,962,item,393,normal,1,"2026-07-29 12:20:39","2026-07-29 12:20:39"
5569,962,item,551,rare,2,"2026-07-29 12:20:39","2026-07-29 12:20:39"
5570,963,item,762,normal,1,"2026-07-29 12:20:39","2026-07-29 12:20:39"
5571,963,item,781,rare,2,"2026-07-29 12:20:39","2026-07-29 12:20:39"
5572,964,item,392,normal,1,"2026-07-29 12:20:39","2026-07-29 12:20:39"
5573,964,item,647,rare,2,"2026-07-29 12:20:39","2026-07-29 12:20:39"
5574,968,item,392,normal,1,"2026-07-29 12:20:39","2026-07-29 12:20:39"
5575,968,item,703,rare,2,"2026-07-29 12:20:39","2026-07-29 12:20:39"
5576,969,item,392,normal,1,"2026-07-29 12:20:39","2026-07-29 12:20:39"
5577,969,item,649,rare,2,"2026-07-29 12:20:39","2026-07-29 12:20:39"
5578,970,item,392,normal,1,"2026-07-29 12:20:39","2026-07-29 12:20:39"
5579,970,item,861,rare,2,"2026-07-29 12:20:39","2026-07-29 12:20:39"
5580,971,item,699,normal,1,"2026-07-29 12:20:39","2026-07-29 12:20:39"
5581,971,item,805,rare,2,"2026-07-29 12:20:39","2026-07-29 12:20:39"
5582,973,item,646,normal,1,"2026-07-29 12:20:39","2026-07-29 12:20:39"
5583,973,item,805,rare,2,"2026-07-29 12:20:39","2026-07-29 12:20:39"
5584,974,item,698,normal,1,"2026-07-29 12:20:39","2026-07-29 12:20:39"
5585,974,item,752,rare,2,"2026-07-29 12:20:39","2026-07-29 12:20:39"
5586,975,item,651,normal,1,"2026-07-29 12:20:39","2026-07-29 12:20:39"
5587,975,item,819,rare,2,"2026-07-29 12:20:39","2026-07-29 12:20:39"
5588,977,item,881,normal,1,"2026-07-29 12:20:39","2026-07-29 12:20:39"
5589,977,item,879,rare,2,"2026-07-29 12:20:39","2026-07-29 12:20:39"
5590,978,item,646,normal,1,"2026-07-29 12:20:39","2026-07-29 12:20:39"
5591,978,item,551,rare,2,"2026-07-29 12:20:39","2026-07-29 12:20:39"
5592,979,item,393,normal,1,"2026-07-29 12:20:40","2026-07-29 12:20:40"
5593,979,item,536,rare,2,"2026-07-29 12:20:40","2026-07-29 12:20:40"
5594,982,item,653,normal,1,"2026-07-29 12:20:40","2026-07-29 12:20:40"
5595,982,item,810,rare,2,"2026-07-29 12:20:40","2026-07-29 12:20:40"
5596,983,item,549,normal,1,"2026-07-29 12:20:40","2026-07-29 12:20:40"
5597,983,item,638,rare,2,"2026-07-29 12:20:40","2026-07-29 12:20:40"
5598,984,item,666,normal,1,"2026-07-29 12:20:40","2026-07-29 12:20:40"
5599,984,item,879,rare,2,"2026-07-29 12:20:40","2026-07-29 12:20:40"
5600,986,item,393,normal,1,"2026-07-29 12:20:40","2026-07-29 12:20:40"
5601,986,item,649,rare,2,"2026-07-29 12:20:40","2026-07-29 12:20:40"
5602,987,item,845,normal,1,"2026-07-29 12:20:40","2026-07-29 12:20:40"
5603,987,item,536,rare,2,"2026-07-29 12:20:40","2026-07-29 12:20:40"
5604,993,item,751,normal,1,"2026-07-29 12:20:40","2026-07-29 12:20:40"
5605,993,item,835,rare,2,"2026-07-29 12:20:40","2026-07-29 12:20:40"
5606,994,item,617,normal,1,"2026-07-29 12:20:40","2026-07-29 12:20:40"
5607,994,item,805,rare,2,"2026-07-29 12:20:40","2026-07-29 12:20:40"
5608,995,item,617,normal,1,"2026-07-29 12:20:40","2026-07-29 12:20:40"
5609,995,item,702,rare,2,"2026-07-29 12:20:40","2026-07-29 12:20:40"
5610,997,item,698,normal,1,"2026-07-29 12:20:40","2026-07-29 12:20:40"
5611,997,item,536,rare,2,"2026-07-29 12:20:40","2026-07-29 12:20:40"
5612,998,item,591,normal,1,"2026-07-29 12:20:40","2026-07-29 12:20:40"
5613,998,item,531,rare,2,"2026-07-29 12:20:40","2026-07-29 12:20:40"
5614,999,item,597,normal,1,"2026-07-29 12:20:40","2026-07-29 12:20:40"
5615,999,item,619,rare,2,"2026-07-29 12:20:40","2026-07-29 12:20:40"
5616,1000,item,393,normal,1,"2026-07-29 12:20:40","2026-07-29 12:20:40"
5617,1000,item,649,rare,2,"2026-07-29 12:20:40","2026-07-29 12:20:40"
5618,1001,item,549,normal,1,"2026-07-29 12:20:40","2026-07-29 12:20:40"
5619,1001,item,835,rare,2,"2026-07-29 12:20:40","2026-07-29 12:20:40"
5620,1002,item,549,normal,1,"2026-07-29 12:20:40","2026-07-29 12:20:40"
5621,1002,item,838,rare,2,"2026-07-29 12:20:40","2026-07-29 12:20:40"
5622,1003,item,549,normal,1,"2026-07-29 12:20:40","2026-07-29 12:20:40"
5623,1003,item,868,rare,2,"2026-07-29 12:20:40","2026-07-29 12:20:40"
5624,1009,item,810,normal,1,"2026-07-29 12:20:40","2026-07-29 12:20:40"
5625,1009,item,282,rare,2,"2026-07-29 12:20:40","2026-07-29 12:20:40"
5626,1011,item,551,normal,1,"2026-07-29 12:20:40","2026-07-29 12:20:40"
5627,1011,item,282,rare,2,"2026-07-29 12:20:40","2026-07-29 12:20:40"
5628,1012,item,638,normal,1,"2026-07-29 12:20:40","2026-07-29 12:20:40"
5629,1012,item,282,rare,2,"2026-07-29 12:20:40","2026-07-29 12:20:40"
5630,1013,item,781,normal,1,"2026-07-29 12:20:40","2026-07-29 12:20:40"
5631,1013,item,282,rare,2,"2026-07-29 12:20:40","2026-07-29 12:20:40"
5632,1018,item,807,normal,1,"2026-07-29 12:20:40","2026-07-29 12:20:40"
5633,1018,item,536,rare,2,"2026-07-29 12:20:40","2026-07-29 12:20:40"
5634,1019,item,548,normal,1,"2026-07-29 12:20:40","2026-07-29 12:20:40"
5635,1019,item,536,rare,2,"2026-07-29 12:20:40","2026-07-29 12:20:40"
5636,1020,item,751,normal,1,"2026-07-29 12:20:40","2026-07-29 12:20:40"
5637,1020,item,536,rare,2,"2026-07-29 12:20:40","2026-07-29 12:20:40"
5638,1021,item,863,normal,1,"2026-07-29 12:20:40","2026-07-29 12:20:40"
5639,1021,item,536,rare,2,"2026-07-29 12:20:40","2026-07-29 12:20:40"
5640,1022,item,823,normal,1,"2026-07-29 12:20:40","2026-07-29 12:20:40"
5641,1022,item,536,rare,2,"2026-07-29 12:20:40","2026-07-29 12:20:40"
5642,1028,item,652,normal,1,"2026-07-29 12:20:40","2026-07-29 12:20:40"
5643,1028,item,531,rare,2,"2026-07-29 12:20:40","2026-07-29 12:20:40"
5644,1032,item,840,normal,1,"2026-07-29 12:20:40","2026-07-29 12:20:40"
5645,1032,item,661,rare,2,"2026-07-29 12:20:40","2026-07-29 12:20:40"
5646,1034,item,868,normal,1,"2026-07-29 12:20:40","2026-07-29 12:20:40"
5647,1034,item,765,rare,2,"2026-07-29 12:20:40","2026-07-29 12:20:40"
5648,1035,item,751,normal,1,"2026-07-29 12:20:40","2026-07-29 12:20:40"
5649,1035,item,757,rare,2,"2026-07-29 12:20:40","2026-07-29 12:20:40"
5650,1055,item,826,normal,1,"2026-07-29 12:20:40","2026-07-29 12:20:40"
5651,1055,item,696,rare,2,"2026-07-29 12:20:40","2026-07-29 12:20:40"
5652,1056,item,845,normal,1,"2026-07-29 12:20:40","2026-07-29 12:20:40"
5653,1056,item,781,rare,2,"2026-07-29 12:20:40","2026-07-29 12:20:40"
5654,1059,item,664,normal,1,"2026-07-29 12:20:40","2026-07-29 12:20:40"
5655,1059,item,554,rare,2,"2026-07-29 12:20:40","2026-07-29 12:20:40"
5656,1060,item,784,normal,1,"2026-07-29 12:20:40","2026-07-29 12:20:40"
5657,1060,item,703,rare,2,"2026-07-29 12:20:40","2026-07-29 12:20:40"
5658,1061,item,784,normal,1,"2026-07-29 12:20:40","2026-07-29 12:20:40"
5659,1061,item,703,rare,2,"2026-07-29 12:20:40","2026-07-29 12:20:40"
5660,1062,item,784,normal,1,"2026-07-29 12:20:40","2026-07-29 12:20:40"
5661,1062,item,703,rare,2,"2026-07-29 12:20:40","2026-07-29 12:20:40"
5662,1064,item,845,normal,1,"2026-07-29 12:20:40","2026-07-29 12:20:40"
5663,1064,item,879,rare,2,"2026-07-29 12:20:40","2026-07-29 12:20:40"
5664,1080,item,732,normal,1,"2026-07-29 12:20:40","2026-07-29 12:20:40"
5665,1080,item,879,rare,2,"2026-07-29 12:20:40","2026-07-29 12:20:40"
5666,1081,item,646,normal,1,"2026-07-29 12:20:40","2026-07-29 12:20:40"
5667,1081,item,564,rare,2,"2026-07-29 12:20:40","2026-07-29 12:20:40"
5668,1082,item,845,normal,1,"2026-07-29 12:20:40","2026-07-29 12:20:40"
5669,1082,item,781,rare,2,"2026-07-29 12:20:40","2026-07-29 12:20:40"
5670,1094,item,596,normal,1,"2026-07-29 12:20:40","2026-07-29 12:20:40"
5671,1094,item,753,rare,2,"2026-07-29 12:20:40","2026-07-29 12:20:40"
5672,1097,item,567,normal,1,"2026-07-29 12:20:40","2026-07-29 12:20:40"
5673,1097,item,629,rare,2,"2026-07-29 12:20:40","2026-07-29 12:20:40"
5674,1098,item,548,normal,1,"2026-07-29 12:20:40","2026-07-29 12:20:40"
5675,1098,item,868,rare,2,"2026-07-29 12:20:40","2026-07-29 12:20:40"
5676,1099,item,548,normal,1,"2026-07-29 12:20:40","2026-07-29 12:20:40"
5677,1099,item,868,rare,2,"2026-07-29 12:20:40","2026-07-29 12:20:40"
5678,1100,item,548,normal,1,"2026-07-29 12:20:40","2026-07-29 12:20:40"
5679,1100,item,868,rare,2,"2026-07-29 12:20:40","2026-07-29 12:20:40"
5680,1101,item,548,normal,1,"2026-07-29 12:20:40","2026-07-29 12:20:40"
5681,1101,item,868,rare,2,"2026-07-29 12:20:40","2026-07-29 12:20:40"
5682,1102,item,548,normal,1,"2026-07-29 12:20:40","2026-07-29 12:20:40"
5683,1102,item,868,rare,2,"2026-07-29 12:20:40","2026-07-29 12:20:40"
5684,1103,item,548,normal,1,"2026-07-29 12:20:40","2026-07-29 12:20:40"
5685,1103,item,868,rare,2,"2026-07-29 12:20:40","2026-07-29 12:20:40"
5686,1104,item,548,normal,1,"2026-07-29 12:20:40","2026-07-29 12:20:40"
5687,1104,item,868,rare,2,"2026-07-29 12:20:40","2026-07-29 12:20:40"
5688,1108,item,833,normal,1,"2026-07-29 12:20:40","2026-07-29 12:20:40"
5689,1108,item,834,rare,2,"2026-07-29 12:20:40","2026-07-29 12:20:40"
5690,1109,item,867,normal,1,"2026-07-29 12:20:40","2026-07-29 12:20:40"
5691,1109,item,649,rare,2,"2026-07-29 12:20:40","2026-07-29 12:20:40"
5692,1110,item,741,normal,1,"2026-07-29 12:20:40","2026-07-29 12:20:40"
5693,1110,item,550,rare,2,"2026-07-29 12:20:40","2026-07-29 12:20:40"
5694,1112,item,833,normal,1,"2026-07-29 12:20:40","2026-07-29 12:20:40"
5695,1112,item,644,rare,2,"2026-07-29 12:20:40","2026-07-29 12:20:40"
5696,1113,item,833,normal,1,"2026-07-29 12:20:40","2026-07-29 12:20:40"
5697,1113,item,644,rare,2,"2026-07-29 12:20:40","2026-07-29 12:20:40"
5698,1114,item,647,normal,1,"2026-07-29 12:20:40","2026-07-29 12:20:40"
5699,1114,item,550,rare,2,"2026-07-29 12:20:40","2026-07-29 12:20:40"
5700,1117,item,752,normal,1,"2026-07-29 12:20:40","2026-07-29 12:20:40"
5701,1117,item,644,rare,2,"2026-07-29 12:20:40","2026-07-29 12:20:40"
5702,1118,item,867,normal,1,"2026-07-29 12:20:40","2026-07-29 12:20:40"
5703,1118,item,649,rare,2,"2026-07-29 12:20:40","2026-07-29 12:20:40"
5704,1121,item,867,normal,1,"2026-07-29 12:20:40","2026-07-29 12:20:40"
5705,1121,item,708,rare,2,"2026-07-29 12:20:40","2026-07-29 12:20:40"
5706,1122,item,617,normal,1,"2026-07-29 12:20:40","2026-07-29 12:20:40"
5707,1122,item,649,rare,2,"2026-07-29 12:20:40","2026-07-29 12:20:40"
5708,1123,item,661,normal,1,"2026-07-29 12:20:40","2026-07-29 12:20:40"
5709,1123,item,629,rare,2,"2026-07-29 12:20:40","2026-07-29 12:20:40"
5710,1128,item,755,normal,1,"2026-07-29 12:20:40","2026-07-29 12:20:40"
5711,1128,item,639,rare,2,"2026-07-29 12:20:40","2026-07-29 12:20:40"
5712,1130,item,555,normal,1,"2026-07-29 12:20:40","2026-07-29 12:20:40"
5713,1130,item,811,rare,2,"2026-07-29 12:20:40","2026-07-29 12:20:40"
5714,1136,item,648,normal,1,"2026-07-29 12:20:40","2026-07-29 12:20:40"
5715,1136,item,603,rare,2,"2026-07-29 12:20:40","2026-07-29 12:20:40"
5716,1150,item,686,normal,1,"2026-07-29 12:20:40","2026-07-29 12:20:40"
5717,1150,item,668,rare,2,"2026-07-29 12:20:40","2026-07-29 12:20:40"
5718,1151,item,686,normal,1,"2026-07-29 12:20:40","2026-07-29 12:20:40"
5719,1151,item,757,rare,2,"2026-07-29 12:20:40","2026-07-29 12:20:40"
5720,1153,item,833,normal,1,"2026-07-29 12:20:40","2026-07-29 12:20:40"
5721,1153,item,644,rare,2,"2026-07-29 12:20:40","2026-07-29 12:20:40"
5722,1158,item,755,normal,1,"2026-07-29 12:20:40","2026-07-29 12:20:40"
5723,1158,item,786,rare,2,"2026-07-29 12:20:40","2026-07-29 12:20:40"
5724,1160,item,649,normal,1,"2026-07-29 12:20:40","2026-07-29 12:20:40"
5725,1160,item,550,rare,2,"2026-07-29 12:20:40","2026-07-29 12:20:40"
5726,1161,item,661,normal,1,"2026-07-29 12:20:40","2026-07-29 12:20:40"
5727,1161,item,629,rare,2,"2026-07-29 12:20:40","2026-07-29 12:20:40"
5728,1162,item,555,normal,1,"2026-07-29 12:20:40","2026-07-29 12:20:40"
5729,1162,item,786,rare,2,"2026-07-29 12:20:40","2026-07-29 12:20:40"
5730,1164,item,884,normal,1,"2026-07-29 12:20:40","2026-07-29 12:20:40"
5731,1164,item,786,rare,2,"2026-07-29 12:20:40","2026-07-29 12:20:40"
5732,1165,item,884,normal,1,"2026-07-29 12:20:40","2026-07-29 12:20:40"
5733,1165,item,786,rare,2,"2026-07-29 12:20:40","2026-07-29 12:20:40"
5734,1183,item,745,normal,1,"2026-07-29 12:20:40","2026-07-29 12:20:40"
5735,1183,item,564,rare,2,"2026-07-29 12:20:40","2026-07-29 12:20:40"
5736,1211,item,805,normal,1,"2026-07-29 12:20:40","2026-07-29 12:20:40"
5737,1211,item,787,rare,2,"2026-07-29 12:20:40","2026-07-29 12:20:40"
5738,1213,item,754,normal,1,"2026-07-29 12:20:40","2026-07-29 12:20:40"
5739,1213,item,752,rare,2,"2026-07-29 12:20:40","2026-07-29 12:20:40"
5740,1222,item,867,normal,1,"2026-07-29 12:20:40","2026-07-29 12:20:40"
5741,1222,item,564,rare,2,"2026-07-29 12:20:40","2026-07-29 12:20:40"
5742,1225,item,784,normal,1,"2026-07-29 12:20:40","2026-07-29 12:20:40"
5743,1225,item,531,rare,2,"2026-07-29 12:20:40","2026-07-29 12:20:40"
5744,1231,item,699,normal,1,"2026-07-29 12:20:40","2026-07-29 12:20:40"
5745,1231,item,647,rare,2,"2026-07-29 12:20:40","2026-07-29 12:20:40"
5746,1252,item,551,normal,1,"2026-07-29 12:20:40","2026-07-29 12:20:40"
5747,1252,item,752,rare,2,"2026-07-29 12:20:40","2026-07-29 12:20:40"
5748,1254,item,393,normal,1,"2026-07-29 12:20:40","2026-07-29 12:20:40"
5749,1254,item,850,rare,2,"2026-07-29 12:20:40","2026-07-29 12:20:40"
5750,1256,item,549,normal,1,"2026-07-29 12:20:40","2026-07-29 12:20:40"
5751,1256,item,531,rare,2,"2026-07-29 12:20:40","2026-07-29 12:20:40"
5752,1257,item,392,normal,1,"2026-07-29 12:20:40","2026-07-29 12:20:40"
5753,1257,item,47,rare,2,"2026-07-29 12:20:40","2026-07-29 12:20:40"
5754,1258,item,48,normal,1,"2026-07-29 12:20:40","2026-07-29 12:20:40"
5755,1258,item,805,rare,2,"2026-07-29 12:20:40","2026-07-29 12:20:40"
5756,1259,item,762,normal,1,"2026-07-29 12:20:40","2026-07-29 12:20:40"
5757,1259,item,638,rare,2,"2026-07-29 12:20:40","2026-07-29 12:20:40"
5758,1261,item,181,normal,1,"2026-07-29 12:20:40","2026-07-29 12:20:40"
5759,1261,item,554,rare,2,"2026-07-29 12:20:40","2026-07-29 12:20:40"
5760,1262,item,698,normal,1,"2026-07-29 12:20:40","2026-07-29 12:20:40"
5761,1262,item,833,rare,2,"2026-07-29 12:20:40","2026-07-29 12:20:40"
5762,1263,item,699,normal,1,"2026-07-29 12:20:41","2026-07-29 12:20:41"
5763,1263,item,611,rare,2,"2026-07-29 12:20:41","2026-07-29 12:20:41"
5764,1264,item,653,normal,1,"2026-07-29 12:20:41","2026-07-29 12:20:41"
5765,1264,item,850,rare,2,"2026-07-29 12:20:41","2026-07-29 12:20:41"
5766,1265,item,821,normal,1,"2026-07-29 12:20:41","2026-07-29 12:20:41"
5767,1265,item,807,rare,2,"2026-07-29 12:20:41","2026-07-29 12:20:41"
5768,1266,item,596,normal,1,"2026-07-29 12:20:41","2026-07-29 12:20:41"
5769,1266,item,826,rare,2,"2026-07-29 12:20:41","2026-07-29 12:20:41"
5770,1267,item,591,normal,1,"2026-07-29 12:20:41","2026-07-29 12:20:41"
5771,1267,item,833,rare,2,"2026-07-29 12:20:41","2026-07-29 12:20:41"
5772,1268,item,392,normal,1,"2026-07-29 12:20:41","2026-07-29 12:20:41"
5773,1268,item,47,rare,2,"2026-07-29 12:20:41","2026-07-29 12:20:41"
5774,1269,item,393,normal,1,"2026-07-29 12:20:41","2026-07-29 12:20:41"
5775,1269,item,47,rare,2,"2026-07-29 12:20:41","2026-07-29 12:20:41"
5776,1270,item,840,normal,1,"2026-07-29 12:20:41","2026-07-29 12:20:41"
5777,1270,item,47,rare,2,"2026-07-29 12:20:41","2026-07-29 12:20:41"
5778,1272,item,646,normal,1,"2026-07-29 12:20:41","2026-07-29 12:20:41"
5779,1272,item,805,rare,2,"2026-07-29 12:20:41","2026-07-29 12:20:41"
5780,1277,item,392,normal,1,"2026-07-29 12:20:41","2026-07-29 12:20:41"
5781,1277,item,661,rare,2,"2026-07-29 12:20:41","2026-07-29 12:20:41"
5782,1278,item,392,normal,1,"2026-07-29 12:20:41","2026-07-29 12:20:41"
5783,1278,item,207,rare,2,"2026-07-29 12:20:41","2026-07-29 12:20:41"
5784,1279,item,698,normal,1,"2026-07-29 12:20:41","2026-07-29 12:20:41"
5785,1279,item,611,rare,2,"2026-07-29 12:20:41","2026-07-29 12:20:41"
5786,1283,item,393,normal,1,"2026-07-29 12:20:41","2026-07-29 12:20:41"
5787,1283,item,868,rare,2,"2026-07-29 12:20:41","2026-07-29 12:20:41"
5788,1284,item,597,normal,1,"2026-07-29 12:20:41","2026-07-29 12:20:41"
5789,1284,item,834,rare,2,"2026-07-29 12:20:41","2026-07-29 12:20:41"
5790,1285,item,643,normal,1,"2026-07-29 12:20:41","2026-07-29 12:20:41"
5791,1285,item,47,rare,2,"2026-07-29 12:20:41","2026-07-29 12:20:41"
5792,1286,item,698,normal,1,"2026-07-29 12:20:41","2026-07-29 12:20:41"
5793,1286,item,833,rare,2,"2026-07-29 12:20:41","2026-07-29 12:20:41"
5794,1287,item,591,normal,1,"2026-07-29 12:20:41","2026-07-29 12:20:41"
5795,1287,item,810,rare,2,"2026-07-29 12:20:41","2026-07-29 12:20:41"
5796,1290,item,392,normal,1,"2026-07-29 12:20:41","2026-07-29 12:20:41"
5797,1290,item,649,rare,2,"2026-07-29 12:20:41","2026-07-29 12:20:41"
5798,1291,item,392,normal,1,"2026-07-29 12:20:41","2026-07-29 12:20:41"
5799,1291,item,649,rare,2,"2026-07-29 12:20:41","2026-07-29 12:20:41"
5800,1292,item,392,normal,1,"2026-07-29 12:20:41","2026-07-29 12:20:41"
5801,1292,item,649,rare,2,"2026-07-29 12:20:41","2026-07-29 12:20:41"
5802,1293,item,558,normal,1,"2026-07-29 12:20:41","2026-07-29 12:20:41"
5803,1293,item,868,rare,2,"2026-07-29 12:20:41","2026-07-29 12:20:41"
5804,1294,item,651,normal,1,"2026-07-29 12:20:41","2026-07-29 12:20:41"
5805,1294,item,850,rare,2,"2026-07-29 12:20:41","2026-07-29 12:20:41"
5806,1295,item,181,normal,1,"2026-07-29 12:20:41","2026-07-29 12:20:41"
5807,1295,item,805,rare,2,"2026-07-29 12:20:41","2026-07-29 12:20:41"
5808,1296,item,732,normal,1,"2026-07-29 12:20:41","2026-07-29 12:20:41"
5809,1296,item,46,rare,2,"2026-07-29 12:20:41","2026-07-29 12:20:41"
5810,1297,item,549,normal,1,"2026-07-29 12:20:41","2026-07-29 12:20:41"
5811,1297,item,393,rare,2,"2026-07-29 12:20:41","2026-07-29 12:20:41"
5812,1298,item,751,normal,1,"2026-07-29 12:20:41","2026-07-29 12:20:41"
5813,1298,item,638,rare,2,"2026-07-29 12:20:41","2026-07-29 12:20:41"
5814,1299,item,99,normal,1,"2026-07-29 12:20:41","2026-07-29 12:20:41"
5815,1299,item,805,rare,2,"2026-07-29 12:20:41","2026-07-29 12:20:41"
5816,1300,item,180,normal,1,"2026-07-29 12:20:41","2026-07-29 12:20:41"
5817,1300,item,536,rare,2,"2026-07-29 12:20:41","2026-07-29 12:20:41"
5818,1301,item,762,normal,1,"2026-07-29 12:20:41","2026-07-29 12:20:41"
5819,1301,item,536,rare,2,"2026-07-29 12:20:41","2026-07-29 12:20:41"
5820,1303,item,548,normal,1,"2026-07-29 12:20:41","2026-07-29 12:20:41"
5821,1303,item,868,rare,2,"2026-07-29 12:20:41","2026-07-29 12:20:41"
5822,1304,item,844,normal,1,"2026-07-29 12:20:41","2026-07-29 12:20:41"
5823,1304,item,207,rare,2,"2026-07-29 12:20:41","2026-07-29 12:20:41"
5824,1305,item,392,normal,1,"2026-07-29 12:20:41","2026-07-29 12:20:41"
5825,1305,item,629,rare,2,"2026-07-29 12:20:41","2026-07-29 12:20:41"
5826,1306,item,591,normal,1,"2026-07-29 12:20:41","2026-07-29 12:20:41"
5827,1306,item,647,rare,2,"2026-07-29 12:20:41","2026-07-29 12:20:41"
5828,1312,item,698,normal,1,"2026-07-29 12:20:41","2026-07-29 12:20:41"
5829,1312,item,868,rare,2,"2026-07-29 12:20:41","2026-07-29 12:20:41"
5830,1313,item,643,normal,1,"2026-07-29 12:20:41","2026-07-29 12:20:41"
5831,1313,item,649,rare,2,"2026-07-29 12:20:41","2026-07-29 12:20:41"
5832,1314,item,392,normal,1,"2026-07-29 12:20:41","2026-07-29 12:20:41"
5833,1314,item,703,rare,2,"2026-07-29 12:20:41","2026-07-29 12:20:41"
5834,1315,item,633,normal,1,"2026-07-29 12:20:41","2026-07-29 12:20:41"
5835,1315,item,536,rare,2,"2026-07-29 12:20:41","2026-07-29 12:20:41"
5836,1316,item,392,normal,1,"2026-07-29 12:20:41","2026-07-29 12:20:41"
5837,1316,item,47,rare,2,"2026-07-29 12:20:41","2026-07-29 12:20:41"
5838,1317,item,392,normal,1,"2026-07-29 12:20:41","2026-07-29 12:20:41"
5839,1317,item,649,rare,2,"2026-07-29 12:20:41","2026-07-29 12:20:41"
5840,1318,item,392,normal,1,"2026-07-29 12:20:41","2026-07-29 12:20:41"
5841,1318,item,649,rare,2,"2026-07-29 12:20:41","2026-07-29 12:20:41"
5842,1319,item,392,normal,1,"2026-07-29 12:20:41","2026-07-29 12:20:41"
5843,1319,item,649,rare,2,"2026-07-29 12:20:41","2026-07-29 12:20:41"
5844,1320,item,392,normal,1,"2026-07-29 12:20:41","2026-07-29 12:20:41"
5845,1320,item,649,rare,2,"2026-07-29 12:20:41","2026-07-29 12:20:41"
5846,1322,item,393,normal,1,"2026-07-29 12:20:41","2026-07-29 12:20:41"
5847,1322,item,644,rare,2,"2026-07-29 12:20:41","2026-07-29 12:20:41"
5848,1323,item,821,normal,1,"2026-07-29 12:20:41","2026-07-29 12:20:41"
5849,1323,item,46,rare,2,"2026-07-29 12:20:41","2026-07-29 12:20:41"
5850,1326,item,567,normal,1,"2026-07-29 12:20:41","2026-07-29 12:20:41"
5851,1326,item,661,rare,2,"2026-07-29 12:20:41","2026-07-29 12:20:41"
5852,1328,item,47,normal,1,"2026-07-29 12:20:41","2026-07-29 12:20:41"
5853,1328,item,46,rare,2,"2026-07-29 12:20:41","2026-07-29 12:20:41"
5854,1329,item,591,normal,1,"2026-07-29 12:20:41","2026-07-29 12:20:41"
5855,1329,item,711,rare,2,"2026-07-29 12:20:41","2026-07-29 12:20:41"
5856,1330,item,181,normal,1,"2026-07-29 12:20:41","2026-07-29 12:20:41"
5857,1330,item,567,rare,2,"2026-07-29 12:20:41","2026-07-29 12:20:41"
5858,1331,item,861,normal,1,"2026-07-29 12:20:41","2026-07-29 12:20:41"
5859,1331,item,868,rare,2,"2026-07-29 12:20:41","2026-07-29 12:20:41"
5860,1332,item,773,normal,1,"2026-07-29 12:20:41","2026-07-29 12:20:41"
5861,1332,item,795,rare,2,"2026-07-29 12:20:41","2026-07-29 12:20:41"
5862,1333,item,596,normal,1,"2026-07-29 12:20:41","2026-07-29 12:20:41"
5863,1333,item,819,rare,2,"2026-07-29 12:20:41","2026-07-29 12:20:41"
5864,1334,item,392,normal,1,"2026-07-29 12:20:41","2026-07-29 12:20:41"
5865,1334,item,47,rare,2,"2026-07-29 12:20:41","2026-07-29 12:20:41"
5866,1335,item,699,normal,1,"2026-07-29 12:20:41","2026-07-29 12:20:41"
5867,1335,item,833,rare,2,"2026-07-29 12:20:41","2026-07-29 12:20:41"
5868,1336,item,699,normal,1,"2026-07-29 12:20:41","2026-07-29 12:20:41"
5869,1336,item,833,rare,2,"2026-07-29 12:20:41","2026-07-29 12:20:41"
5870,1338,item,698,normal,1,"2026-07-29 12:20:41","2026-07-29 12:20:41"
5871,1338,item,703,rare,2,"2026-07-29 12:20:41","2026-07-29 12:20:41"
5872,1339,item,643,normal,1,"2026-07-29 12:20:41","2026-07-29 12:20:41"
5873,1339,item,834,rare,2,"2026-07-29 12:20:41","2026-07-29 12:20:41"
5874,1340,item,549,normal,1,"2026-07-29 12:20:41","2026-07-29 12:20:41"
5875,1340,item,868,rare,2,"2026-07-29 12:20:41","2026-07-29 12:20:41"
5876,1341,item,393,normal,1,"2026-07-29 12:20:41","2026-07-29 12:20:41"
5877,1341,item,868,rare,2,"2026-07-29 12:20:41","2026-07-29 12:20:41"
5878,1342,item,597,normal,1,"2026-07-29 12:20:41","2026-07-29 12:20:41"
5879,1342,item,754,rare,2,"2026-07-29 12:20:41","2026-07-29 12:20:41"
5880,1343,item,732,normal,1,"2026-07-29 12:20:41","2026-07-29 12:20:41"
5881,1343,item,649,rare,2,"2026-07-29 12:20:41","2026-07-29 12:20:41"
5882,1344,item,643,normal,1,"2026-07-29 12:20:41","2026-07-29 12:20:41"
5883,1344,item,833,rare,2,"2026-07-29 12:20:41","2026-07-29 12:20:41"
5884,1345,item,643,normal,1,"2026-07-29 12:20:41","2026-07-29 12:20:41"
5885,1345,item,805,rare,2,"2026-07-29 12:20:41","2026-07-29 12:20:41"
5886,1346,item,732,normal,1,"2026-07-29 12:20:41","2026-07-29 12:20:41"
5887,1346,item,393,rare,2,"2026-07-29 12:20:41","2026-07-29 12:20:41"
5888,1347,item,591,normal,1,"2026-07-29 12:20:41","2026-07-29 12:20:41"
5889,1347,item,868,rare,2,"2026-07-29 12:20:41","2026-07-29 12:20:41"
5890,1349,item,393,normal,1,"2026-07-29 12:20:41","2026-07-29 12:20:41"
5891,1349,item,536,rare,2,"2026-07-29 12:20:41","2026-07-29 12:20:41"
5892,1350,item,392,normal,1,"2026-07-29 12:20:41","2026-07-29 12:20:41"
5893,1350,item,868,rare,2,"2026-07-29 12:20:41","2026-07-29 12:20:41"
5894,1351,item,393,normal,1,"2026-07-29 12:20:41","2026-07-29 12:20:41"
5895,1351,item,649,rare,2,"2026-07-29 12:20:41","2026-07-29 12:20:41"
5896,1353,item,393,normal,1,"2026-07-29 12:20:41","2026-07-29 12:20:41"
5897,1353,item,833,rare,2,"2026-07-29 12:20:41","2026-07-29 12:20:41"
5898,1354,item,393,normal,1,"2026-07-29 12:20:41","2026-07-29 12:20:41"
5899,1354,item,649,rare,2,"2026-07-29 12:20:41","2026-07-29 12:20:41"
5900,1355,item,857,normal,1,"2026-07-29 12:20:41","2026-07-29 12:20:41"
5901,1355,item,567,rare,2,"2026-07-29 12:20:41","2026-07-29 12:20:41"
5902,1357,item,767,normal,1,"2026-07-29 12:20:41","2026-07-29 12:20:41"
5903,1357,item,567,rare,2,"2026-07-29 12:20:41","2026-07-29 12:20:41"
5904,1358,item,675,normal,1,"2026-07-29 12:20:41","2026-07-29 12:20:41"
5905,1358,item,810,rare,2,"2026-07-29 12:20:41","2026-07-29 12:20:41"
5906,1360,item,388,normal,1,"2026-07-29 12:20:41","2026-07-29 12:20:41"
5907,1360,item,629,rare,2,"2026-07-29 12:20:41","2026-07-29 12:20:41"
5908,1361,item,392,normal,1,"2026-07-29 12:20:41","2026-07-29 12:20:41"
5909,1361,item,551,rare,2,"2026-07-29 12:20:41","2026-07-29 12:20:41"
5910,1362,item,820,normal,1,"2026-07-29 12:20:41","2026-07-29 12:20:41"
5911,1362,item,879,rare,2,"2026-07-29 12:20:41","2026-07-29 12:20:41"
5912,1364,item,661,normal,1,"2026-07-29 12:20:41","2026-07-29 12:20:41"
5913,1364,item,752,rare,2,"2026-07-29 12:20:41","2026-07-29 12:20:41"
5914,1366,item,75,normal,1,"2026-07-29 12:20:41","2026-07-29 12:20:41"
5915,1366,item,745,rare,2,"2026-07-29 12:20:41","2026-07-29 12:20:41"
5916,1368,item,698,normal,1,"2026-07-29 12:20:41","2026-07-29 12:20:41"
5917,1368,item,838,rare,2,"2026-07-29 12:20:41","2026-07-29 12:20:41"
5918,1369,item,392,normal,1,"2026-07-29 12:20:41","2026-07-29 12:20:41"
5919,1369,item,551,rare,2,"2026-07-29 12:20:41","2026-07-29 12:20:41"
5920,1370,item,392,normal,1,"2026-07-29 12:20:41","2026-07-29 12:20:41"
5921,1370,item,781,rare,2,"2026-07-29 12:20:41","2026-07-29 12:20:41"
5922,1372,item,661,normal,1,"2026-07-29 12:20:41","2026-07-29 12:20:41"
5923,1372,item,599,rare,2,"2026-07-29 12:20:41","2026-07-29 12:20:41"
5924,1375,item,393,normal,1,"2026-07-29 12:20:41","2026-07-29 12:20:41"
5925,1375,item,745,rare,2,"2026-07-29 12:20:41","2026-07-29 12:20:41"
5926,1382,item,810,normal,1,"2026-07-29 12:20:41","2026-07-29 12:20:41"
5927,1382,item,752,rare,2,"2026-07-29 12:20:41","2026-07-29 12:20:41"
5928,1384,item,251,normal,1,"2026-07-29 12:20:41","2026-07-29 12:20:41"
5929,1384,item,696,rare,2,"2026-07-29 12:20:41","2026-07-29 12:20:41"
5930,1391,item,643,normal,1,"2026-07-29 12:20:41","2026-07-29 12:20:41"
5931,1391,item,850,rare,2,"2026-07-29 12:20:41","2026-07-29 12:20:41"
5932,1392,item,643,normal,1,"2026-07-29 12:20:41","2026-07-29 12:20:41"
5933,1392,item,619,rare,2,"2026-07-29 12:20:41","2026-07-29 12:20:41"
5934,1393,item,643,normal,1,"2026-07-29 12:20:41","2026-07-29 12:20:41"
5935,1393,item,536,rare,2,"2026-07-29 12:20:41","2026-07-29 12:20:41"
5936,1394,item,643,normal,1,"2026-07-29 12:20:41","2026-07-29 12:20:41"
5937,1394,item,536,rare,2,"2026-07-29 12:20:41","2026-07-29 12:20:41"
5938,1395,item,643,normal,1,"2026-07-29 12:20:41","2026-07-29 12:20:41"
5939,1395,item,531,rare,2,"2026-07-29 12:20:41","2026-07-29 12:20:41"
5940,1401,item,617,normal,1,"2026-07-29 12:20:41","2026-07-29 12:20:41"
5941,1401,item,649,rare,2,"2026-07-29 12:20:41","2026-07-29 12:20:41"
5942,1403,item,717,normal,1,"2026-07-29 12:20:41","2026-07-29 12:20:41"
5943,1403,item,649,rare,2,"2026-07-29 12:20:41","2026-07-29 12:20:41"
5944,1409,item,802,normal,1,"2026-07-29 12:20:41","2026-07-29 12:20:41"
5945,1409,item,649,rare,2,"2026-07-29 12:20:41","2026-07-29 12:20:41"
5946,1410,item,840,normal,1,"2026-07-29 12:20:41","2026-07-29 12:20:41"
5947,1410,item,649,rare,2,"2026-07-29 12:20:41","2026-07-29 12:20:41"
5948,1412,item,820,normal,1,"2026-07-29 12:20:41","2026-07-29 12:20:41"
5949,1412,item,753,rare,2,"2026-07-29 12:20:41","2026-07-29 12:20:41"
5950,1416,item,784,normal,1,"2026-07-29 12:20:41","2026-07-29 12:20:41"
5951,1416,item,745,rare,2,"2026-07-29 12:20:41","2026-07-29 12:20:41"
5952,1418,item,863,normal,1,"2026-07-29 12:20:41","2026-07-29 12:20:41"
5953,1418,item,564,rare,2,"2026-07-29 12:20:41","2026-07-29 12:20:41"
5954,1428,item,673,normal,1,"2026-07-29 12:20:41","2026-07-29 12:20:41"
5955,1428,item,655,rare,2,"2026-07-29 12:20:41","2026-07-29 12:20:41"
5956,1434,item,867,normal,1,"2026-07-29 12:20:41","2026-07-29 12:20:41"
5957,1434,item,564,rare,2,"2026-07-29 12:20:41","2026-07-29 12:20:41"
5958,1435,item,800,normal,1,"2026-07-29 12:20:41","2026-07-29 12:20:41"
5959,1435,item,834,rare,2,"2026-07-29 12:20:41","2026-07-29 12:20:41"
5960,1441,item,834,normal,1,"2026-07-29 12:20:41","2026-07-29 12:20:41"
5961,1441,item,550,rare,2,"2026-07-29 12:20:41","2026-07-29 12:20:41"
5962,1446,item,648,normal,1,"2026-07-29 12:20:41","2026-07-29 12:20:41"
5963,1446,item,787,rare,2,"2026-07-29 12:20:41","2026-07-29 12:20:41"
5964,1448,item,617,normal,1,"2026-07-29 12:20:41","2026-07-29 12:20:41"
5965,1448,item,644,rare,2,"2026-07-29 12:20:41","2026-07-29 12:20:41"
5966,1449,item,818,normal,1,"2026-07-29 12:20:41","2026-07-29 12:20:41"
5967,1449,item,644,rare,2,"2026-07-29 12:20:41","2026-07-29 12:20:41"
5968,1450,item,751,normal,1,"2026-07-29 12:20:41","2026-07-29 12:20:41"
5969,1450,item,757,rare,2,"2026-07-29 12:20:41","2026-07-29 12:20:41"
5970,1453,item,751,normal,1,"2026-07-29 12:20:41","2026-07-29 12:20:41"
5971,1453,item,862,rare,2,"2026-07-29 12:20:41","2026-07-29 12:20:41"
5972,1454,item,646,normal,1,"2026-07-29 12:20:41","2026-07-29 12:20:41"
5973,1454,item,805,rare,2,"2026-07-29 12:20:41","2026-07-29 12:20:41"
5974,1456,item,879,normal,1,"2026-07-29 12:20:41","2026-07-29 12:20:41"
5975,1456,item,711,rare,2,"2026-07-29 12:20:41","2026-07-29 12:20:41"
5976,1458,item,664,normal,1,"2026-07-29 12:20:41","2026-07-29 12:20:41"
5977,1458,item,668,rare,2,"2026-07-29 12:20:41","2026-07-29 12:20:41"
5978,1463,item,47,normal,1,"2026-07-29 12:20:41","2026-07-29 12:20:41"
5979,1463,item,884,rare,2,"2026-07-29 12:20:41","2026-07-29 12:20:41"
5980,1470,item,868,normal,1,"2026-07-29 12:20:41","2026-07-29 12:20:41"
5981,1470,item,603,rare,2,"2026-07-29 12:20:41","2026-07-29 12:20:41"
5982,1474,item,561,normal,1,"2026-07-29 12:20:41","2026-07-29 12:20:41"
5983,1474,item,552,rare,2,"2026-07-29 12:20:41","2026-07-29 12:20:41"
5984,1475,item,755,normal,1,"2026-07-29 12:20:41","2026-07-29 12:20:41"
5985,1475,item,639,rare,2,"2026-07-29 12:20:41","2026-07-29 12:20:41"
5986,1476,item,805,normal,1,"2026-07-29 12:20:41","2026-07-29 12:20:41"
5987,1476,item,883,rare,2,"2026-07-29 12:20:41","2026-07-29 12:20:41"
5988,1479,item,833,normal,1,"2026-07-29 12:20:41","2026-07-29 12:20:41"
5989,1479,item,644,rare,2,"2026-07-29 12:20:41","2026-07-29 12:20:41"
5990,1480,item,795,normal,1,"2026-07-29 12:20:41","2026-07-29 12:20:41"
5991,1480,item,647,rare,2,"2026-07-29 12:20:41","2026-07-29 12:20:41"
5992,1491,item,883,normal,1,"2026-07-29 12:20:41","2026-07-29 12:20:41"
5993,1491,item,798,rare,2,"2026-07-29 12:20:41","2026-07-29 12:20:41"
5994,1495,item,752,normal,1,"2026-07-29 12:20:41","2026-07-29 12:20:41"
5995,1495,item,644,rare,2,"2026-07-29 12:20:41","2026-07-29 12:20:41"
5996,1514,item,591,normal,1,"2026-07-29 12:20:42","2026-07-29 12:20:42"
5997,1514,item,786,rare,2,"2026-07-29 12:20:42","2026-07-29 12:20:42"
5998,1515,item,800,normal,1,"2026-07-29 12:20:42","2026-07-29 12:20:42"
5999,1515,item,833,rare,2,"2026-07-29 12:20:42","2026-07-29 12:20:42"
6000,1518,item,549,normal,1,"2026-07-29 12:20:42","2026-07-29 12:20:42"
6001,1518,item,597,rare,2,"2026-07-29 12:20:42","2026-07-29 12:20:42"
6002,1520,item,651,normal,1,"2026-07-29 12:20:42","2026-07-29 12:20:42"
6003,1520,item,703,rare,2,"2026-07-29 12:20:42","2026-07-29 12:20:42"
6004,1521,item,698,normal,1,"2026-07-29 12:20:42","2026-07-29 12:20:42"
6005,1521,item,833,rare,2,"2026-07-29 12:20:42","2026-07-29 12:20:42"
6006,1522,item,839,normal,1,"2026-07-29 12:20:42","2026-07-29 12:20:42"
6007,1522,item,703,rare,2,"2026-07-29 12:20:42","2026-07-29 12:20:42"
6008,1526,item,720,normal,1,"2026-07-29 12:20:42","2026-07-29 12:20:42"
6009,1526,item,786,rare,2,"2026-07-29 12:20:42","2026-07-29 12:20:42"
6010,1527,item,863,normal,1,"2026-07-29 12:20:42","2026-07-29 12:20:42"
6011,1527,item,787,rare,2,"2026-07-29 12:20:42","2026-07-29 12:20:42"
6012,1532,item,608,normal,1,"2026-07-29 12:20:42","2026-07-29 12:20:42"
6013,1532,item,786,rare,2,"2026-07-29 12:20:42","2026-07-29 12:20:42"
6014,1533,item,879,normal,1,"2026-07-29 12:20:42","2026-07-29 12:20:42"
6015,1533,item,834,rare,2,"2026-07-29 12:20:42","2026-07-29 12:20:42"
6016,1536,item,826,normal,1,"2026-07-29 12:20:42","2026-07-29 12:20:42"
6017,1536,item,554,rare,2,"2026-07-29 12:20:42","2026-07-29 12:20:42"
6018,1537,item,559,normal,1,"2026-07-29 12:20:42","2026-07-29 12:20:42"
6019,1537,item,866,rare,2,"2026-07-29 12:20:42","2026-07-29 12:20:42"
6020,1538,item,548,normal,1,"2026-07-29 12:20:42","2026-07-29 12:20:42"
6021,1538,item,866,rare,2,"2026-07-29 12:20:42","2026-07-29 12:20:42"
6022,1539,item,844,normal,1,"2026-07-29 12:20:42","2026-07-29 12:20:42"
6023,1539,item,866,rare,2,"2026-07-29 12:20:42","2026-07-29 12:20:42"
6024,1540,item,393,normal,1,"2026-07-29 12:20:42","2026-07-29 12:20:42"
6025,1540,item,629,rare,2,"2026-07-29 12:20:42","2026-07-29 12:20:42"
6026,1544,item,619,normal,1,"2026-07-29 12:20:42","2026-07-29 12:20:42"
6027,1544,item,629,rare,2,"2026-07-29 12:20:42","2026-07-29 12:20:42"
6028,1545,item,536,normal,1,"2026-07-29 12:20:42","2026-07-29 12:20:42"
6029,1545,item,207,rare,2,"2026-07-29 12:20:42","2026-07-29 12:20:42"
6030,1546,item,619,normal,1,"2026-07-29 12:20:42","2026-07-29 12:20:42"
6031,1546,item,207,rare,2,"2026-07-29 12:20:42","2026-07-29 12:20:42"
6032,1547,item,531,normal,1,"2026-07-29 12:20:42","2026-07-29 12:20:42"
6033,1547,item,661,rare,2,"2026-07-29 12:20:42","2026-07-29 12:20:42"
6034,1548,item,536,normal,1,"2026-07-29 12:20:42","2026-07-29 12:20:42"
6035,1548,item,661,rare,2,"2026-07-29 12:20:42","2026-07-29 12:20:42"
6036,1549,item,531,normal,1,"2026-07-29 12:20:42","2026-07-29 12:20:42"
6037,1549,item,661,rare,2,"2026-07-29 12:20:42","2026-07-29 12:20:42"
6038,1550,item,661,normal,1,"2026-07-29 12:20:42","2026-07-29 12:20:42"
6039,1550,item,629,rare,2,"2026-07-29 12:20:42","2026-07-29 12:20:42"
6040,1551,item,850,normal,1,"2026-07-29 12:20:42","2026-07-29 12:20:42"
6041,1551,item,661,rare,2,"2026-07-29 12:20:42","2026-07-29 12:20:42"
6042,1552,item,619,normal,1,"2026-07-29 12:20:42","2026-07-29 12:20:42"
6043,1552,item,661,rare,2,"2026-07-29 12:20:42","2026-07-29 12:20:42"
6044,1553,item,810,normal,1,"2026-07-29 12:20:42","2026-07-29 12:20:42"
6045,1553,item,531,rare,2,"2026-07-29 12:20:42","2026-07-29 12:20:42"
6046,1554,item,551,normal,1,"2026-07-29 12:20:42","2026-07-29 12:20:42"
6047,1554,item,619,rare,2,"2026-07-29 12:20:42","2026-07-29 12:20:42"
6048,1555,item,810,normal,1,"2026-07-29 12:20:42","2026-07-29 12:20:42"
6049,1555,item,531,rare,2,"2026-07-29 12:20:42","2026-07-29 12:20:42"
6050,1556,item,638,normal,1,"2026-07-29 12:20:42","2026-07-29 12:20:42"
6051,1556,item,850,rare,2,"2026-07-29 12:20:42","2026-07-29 12:20:42"
6052,1557,item,879,normal,1,"2026-07-29 12:20:42","2026-07-29 12:20:42"
6053,1557,item,536,rare,2,"2026-07-29 12:20:42","2026-07-29 12:20:42"
6054,1558,item,781,normal,1,"2026-07-29 12:20:42","2026-07-29 12:20:42"
6055,1558,item,536,rare,2,"2026-07-29 12:20:42","2026-07-29 12:20:42"
6056,1559,item,536,normal,1,"2026-07-29 12:20:42","2026-07-29 12:20:42"
6057,1559,item,629,rare,2,"2026-07-29 12:20:42","2026-07-29 12:20:42"
6058,1560,item,850,normal,1,"2026-07-29 12:20:42","2026-07-29 12:20:42"
6059,1560,item,629,rare,2,"2026-07-29 12:20:42","2026-07-29 12:20:42"
6060,1561,item,879,normal,1,"2026-07-29 12:20:42","2026-07-29 12:20:42"
6061,1561,item,629,rare,2,"2026-07-29 12:20:42","2026-07-29 12:20:42"
6062,1562,item,536,normal,1,"2026-07-29 12:20:42","2026-07-29 12:20:42"
6063,1562,item,629,rare,2,"2026-07-29 12:20:42","2026-07-29 12:20:42"
6064,1563,item,536,normal,1,"2026-07-29 12:20:42","2026-07-29 12:20:42"
6065,1563,item,629,rare,2,"2026-07-29 12:20:42","2026-07-29 12:20:42"
6066,1564,item,850,normal,1,"2026-07-29 12:20:42","2026-07-29 12:20:42"
6067,1564,item,629,rare,2,"2026-07-29 12:20:42","2026-07-29 12:20:42"
6068,1565,item,531,normal,1,"2026-07-29 12:20:42","2026-07-29 12:20:42"
6069,1565,item,629,rare,2,"2026-07-29 12:20:42","2026-07-29 12:20:42"
6070,1566,item,531,normal,1,"2026-07-29 12:20:42","2026-07-29 12:20:42"
6071,1566,item,629,rare,2,"2026-07-29 12:20:42","2026-07-29 12:20:42"
6072,1567,item,536,normal,1,"2026-07-29 12:20:42","2026-07-29 12:20:42"
6073,1567,item,629,rare,2,"2026-07-29 12:20:42","2026-07-29 12:20:42"
6074,1568,item,393,normal,1,"2026-07-29 12:20:42","2026-07-29 12:20:42"
6075,1568,item,531,rare,2,"2026-07-29 12:20:42","2026-07-29 12:20:42"
6076,1569,item,393,normal,1,"2026-07-29 12:20:42","2026-07-29 12:20:42"
6077,1569,item,619,rare,2,"2026-07-29 12:20:42","2026-07-29 12:20:42"
6078,1570,item,633,normal,1,"2026-07-29 12:20:42","2026-07-29 12:20:42"
6079,1570,item,47,rare,2,"2026-07-29 12:20:42","2026-07-29 12:20:42"
6080,1571,item,633,normal,1,"2026-07-29 12:20:42","2026-07-29 12:20:42"
6081,1571,item,47,rare,2,"2026-07-29 12:20:42","2026-07-29 12:20:42"
6082,1572,item,393,normal,1,"2026-07-29 12:20:42","2026-07-29 12:20:42"
6083,1572,item,536,rare,2,"2026-07-29 12:20:42","2026-07-29 12:20:42"
6084,1573,item,393,normal,1,"2026-07-29 12:20:42","2026-07-29 12:20:42"
6085,1573,item,850,rare,2,"2026-07-29 12:20:42","2026-07-29 12:20:42"
6086,1574,item,393,normal,1,"2026-07-29 12:20:42","2026-07-29 12:20:42"
6087,1574,item,536,rare,2,"2026-07-29 12:20:42","2026-07-29 12:20:42"
6088,1575,item,393,normal,1,"2026-07-29 12:20:42","2026-07-29 12:20:42"
6089,1575,item,536,rare,2,"2026-07-29 12:20:42","2026-07-29 12:20:42"
6090,1576,item,392,normal,1,"2026-07-29 12:20:42","2026-07-29 12:20:42"
6091,1576,item,810,rare,2,"2026-07-29 12:20:42","2026-07-29 12:20:42"
6092,1577,item,393,normal,1,"2026-07-29 12:20:42","2026-07-29 12:20:42"
6093,1577,item,531,rare,2,"2026-07-29 12:20:42","2026-07-29 12:20:42"
6094,1578,item,393,normal,1,"2026-07-29 12:20:42","2026-07-29 12:20:42"
6095,1578,item,536,rare,2,"2026-07-29 12:20:42","2026-07-29 12:20:42"
6096,1579,item,393,normal,1,"2026-07-29 12:20:42","2026-07-29 12:20:42"
6097,1579,item,619,rare,2,"2026-07-29 12:20:42","2026-07-29 12:20:42"
6098,1580,item,393,normal,1,"2026-07-29 12:20:42","2026-07-29 12:20:42"
6099,1580,item,850,rare,2,"2026-07-29 12:20:42","2026-07-29 12:20:42"
6100,1581,item,393,normal,1,"2026-07-29 12:20:42","2026-07-29 12:20:42"
6101,1581,item,536,rare,2,"2026-07-29 12:20:42","2026-07-29 12:20:42"
6102,1582,item,393,normal,1,"2026-07-29 12:20:42","2026-07-29 12:20:42"
6103,1582,item,536,rare,2,"2026-07-29 12:20:42","2026-07-29 12:20:42"
6104,1583,item,393,normal,1,"2026-07-29 12:20:42","2026-07-29 12:20:42"
6105,1583,item,536,rare,2,"2026-07-29 12:20:42","2026-07-29 12:20:42"
6106,1584,item,651,normal,1,"2026-07-29 12:20:42","2026-07-29 12:20:42"
6107,1584,item,868,rare,2,"2026-07-29 12:20:42","2026-07-29 12:20:42"
6108,1585,item,393,normal,1,"2026-07-29 12:20:42","2026-07-29 12:20:42"
6109,1585,item,536,rare,2,"2026-07-29 12:20:42","2026-07-29 12:20:42"
6110,1589,item,393,normal,1,"2026-07-29 12:20:42","2026-07-29 12:20:42"
6111,1589,item,850,rare,2,"2026-07-29 12:20:42","2026-07-29 12:20:42"
6112,1590,item,393,normal,1,"2026-07-29 12:20:42","2026-07-29 12:20:42"
6113,1590,item,536,rare,2,"2026-07-29 12:20:42","2026-07-29 12:20:42"
6114,1591,item,393,normal,1,"2026-07-29 12:20:42","2026-07-29 12:20:42"
6115,1591,item,531,rare,2,"2026-07-29 12:20:42","2026-07-29 12:20:42"
6116,1592,item,393,normal,1,"2026-07-29 12:20:42","2026-07-29 12:20:42"
6117,1592,item,531,rare,2,"2026-07-29 12:20:42","2026-07-29 12:20:42"
6118,1593,item,393,normal,1,"2026-07-29 12:20:42","2026-07-29 12:20:42"
6119,1593,item,619,rare,2,"2026-07-29 12:20:42","2026-07-29 12:20:42"
6120,1594,item,393,normal,1,"2026-07-29 12:20:42","2026-07-29 12:20:42"
6121,1594,item,850,rare,2,"2026-07-29 12:20:42","2026-07-29 12:20:42"
6122,1595,item,393,normal,1,"2026-07-29 12:20:42","2026-07-29 12:20:42"
6123,1595,item,536,rare,2,"2026-07-29 12:20:42","2026-07-29 12:20:42"
6124,1596,item,393,normal,1,"2026-07-29 12:20:42","2026-07-29 12:20:42"
6125,1596,item,619,rare,2,"2026-07-29 12:20:42","2026-07-29 12:20:42"
6126,1597,item,393,normal,1,"2026-07-29 12:20:42","2026-07-29 12:20:42"
6127,1597,item,850,rare,2,"2026-07-29 12:20:42","2026-07-29 12:20:42"
6128,1598,item,393,normal,1,"2026-07-29 12:20:42","2026-07-29 12:20:42"
6129,1598,item,536,rare,2,"2026-07-29 12:20:42","2026-07-29 12:20:42"
6130,1599,item,661,normal,1,"2026-07-29 12:20:42","2026-07-29 12:20:42"
6131,1599,item,550,rare,2,"2026-07-29 12:20:42","2026-07-29 12:20:42"
6132,1600,item,746,normal,1,"2026-07-29 12:20:42","2026-07-29 12:20:42"
6133,1600,item,647,rare,2,"2026-07-29 12:20:42","2026-07-29 12:20:42"
6134,1601,item,857,normal,1,"2026-07-29 12:20:42","2026-07-29 12:20:42"
6135,1601,item,607,rare,2,"2026-07-29 12:20:42","2026-07-29 12:20:42"
6136,1602,item,867,normal,1,"2026-07-29 12:20:42","2026-07-29 12:20:42"
6137,1602,item,599,rare,2,"2026-07-29 12:20:42","2026-07-29 12:20:42"
6138,1603,item,392,normal,1,"2026-07-29 12:20:42","2026-07-29 12:20:42"
6139,1603,item,417,rare,2,"2026-07-29 12:20:42","2026-07-29 12:20:42"
6140,1604,item,393,normal,1,"2026-07-29 12:20:42","2026-07-29 12:20:42"
6141,1604,item,426,rare,2,"2026-07-29 12:20:42","2026-07-29 12:20:42"
6142,1605,item,392,normal,1,"2026-07-29 12:20:42","2026-07-29 12:20:42"
6143,1605,item,417,rare,2,"2026-07-29 12:20:42","2026-07-29 12:20:42"
6144,1606,item,393,normal,1,"2026-07-29 12:20:42","2026-07-29 12:20:42"
6145,1606,item,284,rare,2,"2026-07-29 12:20:42","2026-07-29 12:20:42"
6146,1607,item,639,normal,1,"2026-07-29 12:20:42","2026-07-29 12:20:42"
6147,1607,item,284,rare,2,"2026-07-29 12:20:42","2026-07-29 12:20:42"
6148,1608,item,392,normal,1,"2026-07-29 12:20:42","2026-07-29 12:20:42"
6149,1608,item,417,rare,2,"2026-07-29 12:20:42","2026-07-29 12:20:42"
6150,1609,item,393,normal,1,"2026-07-29 12:20:42","2026-07-29 12:20:42"
6151,1609,item,426,rare,2,"2026-07-29 12:20:42","2026-07-29 12:20:42"
6152,1610,item,392,normal,1,"2026-07-29 12:20:42","2026-07-29 12:20:42"
6153,1610,item,417,rare,2,"2026-07-29 12:20:42","2026-07-29 12:20:42"
6154,1611,item,393,normal,1,"2026-07-29 12:20:42","2026-07-29 12:20:42"
6155,1611,item,284,rare,2,"2026-07-29 12:20:42","2026-07-29 12:20:42"
6156,1612,item,552,normal,1,"2026-07-29 12:20:42","2026-07-29 12:20:42"
6157,1612,item,284,rare,2,"2026-07-29 12:20:42","2026-07-29 12:20:42"
6158,1613,item,392,normal,1,"2026-07-29 12:20:42","2026-07-29 12:20:42"
6159,1613,item,417,rare,2,"2026-07-29 12:20:42","2026-07-29 12:20:42"
6160,1614,item,393,normal,1,"2026-07-29 12:20:42","2026-07-29 12:20:42"
6161,1614,item,426,rare,2,"2026-07-29 12:20:42","2026-07-29 12:20:42"
6162,1615,item,392,normal,1,"2026-07-29 12:20:42","2026-07-29 12:20:42"
6163,1615,item,417,rare,2,"2026-07-29 12:20:42","2026-07-29 12:20:42"
6164,1616,item,393,normal,1,"2026-07-29 12:20:42","2026-07-29 12:20:42"
6165,1616,item,284,rare,2,"2026-07-29 12:20:42","2026-07-29 12:20:42"
6166,1617,item,392,normal,1,"2026-07-29 12:20:42","2026-07-29 12:20:42"
6167,1617,item,417,rare,2,"2026-07-29 12:20:42","2026-07-29 12:20:42"
6168,1618,item,393,normal,1,"2026-07-29 12:20:42","2026-07-29 12:20:42"
6169,1618,item,284,rare,2,"2026-07-29 12:20:42","2026-07-29 12:20:42"
6170,1619,item,880,normal,1,"2026-07-29 12:20:42","2026-07-29 12:20:42"
6171,1619,item,284,rare,2,"2026-07-29 12:20:42","2026-07-29 12:20:42"
6172,1620,item,392,normal,1,"2026-07-29 12:20:42","2026-07-29 12:20:42"
6173,1620,item,417,rare,2,"2026-07-29 12:20:42","2026-07-29 12:20:42"
6174,1621,item,393,normal,1,"2026-07-29 12:20:42","2026-07-29 12:20:42"
6175,1621,item,284,rare,2,"2026-07-29 12:20:42","2026-07-29 12:20:42"
6176,1622,item,811,normal,1,"2026-07-29 12:20:42","2026-07-29 12:20:42"
6177,1622,item,284,rare,2,"2026-07-29 12:20:42","2026-07-29 12:20:42"
6178,1623,item,782,normal,1,"2026-07-29 12:20:42","2026-07-29 12:20:42"
6179,1623,item,284,rare,2,"2026-07-29 12:20:42","2026-07-29 12:20:42"
6180,1627,item,47,normal,1,"2026-07-29 12:20:42","2026-07-29 12:20:42"
6181,1627,item,46,rare,2,"2026-07-29 12:20:42","2026-07-29 12:20:42"
6182,1628,item,47,normal,1,"2026-07-29 12:20:42","2026-07-29 12:20:42"
6183,1628,item,745,rare,2,"2026-07-29 12:20:42","2026-07-29 12:20:42"
6184,1629,item,47,normal,1,"2026-07-29 12:20:42","2026-07-29 12:20:42"
6185,1629,item,46,rare,2,"2026-07-29 12:20:42","2026-07-29 12:20:42"
6186,1630,item,47,normal,1,"2026-07-29 12:20:42","2026-07-29 12:20:42"
6187,1630,item,629,rare,2,"2026-07-29 12:20:42","2026-07-29 12:20:42"
6188,1631,item,47,normal,1,"2026-07-29 12:20:42","2026-07-29 12:20:42"
6189,1631,item,745,rare,2,"2026-07-29 12:20:42","2026-07-29 12:20:42"
6190,1632,item,661,normal,1,"2026-07-29 12:20:42","2026-07-29 12:20:42"
6191,1632,item,752,rare,2,"2026-07-29 12:20:42","2026-07-29 12:20:42"
6192,1633,item,629,normal,1,"2026-07-29 12:20:42","2026-07-29 12:20:42"
6193,1633,item,745,rare,2,"2026-07-29 12:20:42","2026-07-29 12:20:42"
6194,1634,item,661,normal,1,"2026-07-29 12:20:42","2026-07-29 12:20:42"
6195,1634,item,629,rare,2,"2026-07-29 12:20:42","2026-07-29 12:20:42"
6196,1635,item,661,normal,1,"2026-07-29 12:20:42","2026-07-29 12:20:42"
6197,1635,item,648,rare,2,"2026-07-29 12:20:42","2026-07-29 12:20:42"
6198,1636,item,649,normal,1,"2026-07-29 12:20:42","2026-07-29 12:20:42"
6199,1636,item,648,rare,2,"2026-07-29 12:20:42","2026-07-29 12:20:42"
6200,1637,item,629,normal,1,"2026-07-29 12:20:42","2026-07-29 12:20:42"
6201,1637,item,745,rare,2,"2026-07-29 12:20:42","2026-07-29 12:20:42"
6202,1638,item,46,normal,1,"2026-07-29 12:20:42","2026-07-29 12:20:42"
6203,1638,item,745,rare,2,"2026-07-29 12:20:42","2026-07-29 12:20:42"
6204,1639,item,392,normal,1,"2026-07-29 12:20:42","2026-07-29 12:20:42"
6205,1639,item,417,rare,2,"2026-07-29 12:20:42","2026-07-29 12:20:42"
6206,1640,item,47,normal,1,"2026-07-29 12:20:42","2026-07-29 12:20:42"
6207,1640,item,745,rare,2,"2026-07-29 12:20:42","2026-07-29 12:20:42"
6208,1641,item,805,normal,1,"2026-07-29 12:20:42","2026-07-29 12:20:42"
6209,1641,item,554,rare,2,"2026-07-29 12:20:42","2026-07-29 12:20:42"
6210,1642,item,735,normal,1,"2026-07-29 12:20:42","2026-07-29 12:20:42"
6211,1642,item,629,rare,2,"2026-07-29 12:20:42","2026-07-29 12:20:42"
6212,1643,item,47,normal,1,"2026-07-29 12:20:42","2026-07-29 12:20:42"
6213,1643,item,46,rare,2,"2026-07-29 12:20:42","2026-07-29 12:20:42"
6214,1644,item,46,normal,1,"2026-07-29 12:20:42","2026-07-29 12:20:42"
6215,1644,item,745,rare,2,"2026-07-29 12:20:42","2026-07-29 12:20:42"
6216,1645,item,696,normal,1,"2026-07-29 12:20:42","2026-07-29 12:20:42"
6217,1645,item,629,rare,2,"2026-07-29 12:20:42","2026-07-29 12:20:42"
6218,1646,item,696,normal,1,"2026-07-29 12:20:42","2026-07-29 12:20:42"
6219,1646,item,629,rare,2,"2026-07-29 12:20:42","2026-07-29 12:20:42"
6220,1647,item,833,normal,1,"2026-07-29 12:20:42","2026-07-29 12:20:42"
6221,1647,item,46,rare,2,"2026-07-29 12:20:42","2026-07-29 12:20:42"
6222,1648,item,800,normal,1,"2026-07-29 12:20:42","2026-07-29 12:20:42"
6223,1648,item,46,rare,2,"2026-07-29 12:20:42","2026-07-29 12:20:42"
6224,1649,item,643,normal,1,"2026-07-29 12:20:42","2026-07-29 12:20:42"
6225,1649,item,834,rare,2,"2026-07-29 12:20:42","2026-07-29 12:20:42"
6226,1650,item,661,normal,1,"2026-07-29 12:20:42","2026-07-29 12:20:42"
6227,1650,item,752,rare,2,"2026-07-29 12:20:42","2026-07-29 12:20:42"
6228,1651,item,698,normal,1,"2026-07-29 12:20:42","2026-07-29 12:20:42"
6229,1651,item,833,rare,2,"2026-07-29 12:20:42","2026-07-29 12:20:42"
6230,1652,item,731,normal,1,"2026-07-29 12:20:42","2026-07-29 12:20:42"
6231,1652,item,649,rare,2,"2026-07-29 12:20:42","2026-07-29 12:20:42"
6232,1653,item,698,normal,1,"2026-07-29 12:20:42","2026-07-29 12:20:42"
6233,1653,item,752,rare,2,"2026-07-29 12:20:42","2026-07-29 12:20:42"
6234,1654,item,702,normal,1,"2026-07-29 12:20:42","2026-07-29 12:20:42"
6235,1654,item,649,rare,2,"2026-07-29 12:20:42","2026-07-29 12:20:42"
6236,1655,item,661,normal,1,"2026-07-29 12:20:42","2026-07-29 12:20:42"
6237,1655,item,745,rare,2,"2026-07-29 12:20:42","2026-07-29 12:20:42"
6238,1656,item,47,normal,1,"2026-07-29 12:20:42","2026-07-29 12:20:42"
6239,1656,item,46,rare,2,"2026-07-29 12:20:42","2026-07-29 12:20:42"
6240,1657,item,47,normal,1,"2026-07-29 12:20:42","2026-07-29 12:20:42"
6241,1657,item,629,rare,2,"2026-07-29 12:20:42","2026-07-29 12:20:42"
6242,1658,item,47,normal,1,"2026-07-29 12:20:42","2026-07-29 12:20:42"
6243,1658,item,745,rare,2,"2026-07-29 12:20:42","2026-07-29 12:20:42"
6244,1659,item,661,normal,1,"2026-07-29 12:20:42","2026-07-29 12:20:42"
6245,1659,item,752,rare,2,"2026-07-29 12:20:42","2026-07-29 12:20:42"
6246,1660,item,629,normal,1,"2026-07-29 12:20:42","2026-07-29 12:20:42"
6247,1660,item,745,rare,2,"2026-07-29 12:20:42","2026-07-29 12:20:42"
6248,1661,item,661,normal,1,"2026-07-29 12:20:42","2026-07-29 12:20:42"
6249,1661,item,629,rare,2,"2026-07-29 12:20:42","2026-07-29 12:20:42"
6250,1662,item,661,normal,1,"2026-07-29 12:20:42","2026-07-29 12:20:42"
6251,1662,item,648,rare,2,"2026-07-29 12:20:42","2026-07-29 12:20:42"
6252,1663,item,629,normal,1,"2026-07-29 12:20:42","2026-07-29 12:20:42"
6253,1663,item,745,rare,2,"2026-07-29 12:20:42","2026-07-29 12:20:42"
6254,1664,item,46,normal,1,"2026-07-29 12:20:42","2026-07-29 12:20:42"
6255,1664,item,745,rare,2,"2026-07-29 12:20:42","2026-07-29 12:20:42"
6256,1665,item,47,normal,1,"2026-07-29 12:20:42","2026-07-29 12:20:42"
6257,1665,item,745,rare,2,"2026-07-29 12:20:42","2026-07-29 12:20:42"
6258,1666,item,805,normal,1,"2026-07-29 12:20:42","2026-07-29 12:20:42"
6259,1666,item,554,rare,2,"2026-07-29 12:20:42","2026-07-29 12:20:42"
6260,1667,item,735,normal,1,"2026-07-29 12:20:42","2026-07-29 12:20:42"
6261,1667,item,629,rare,2,"2026-07-29 12:20:42","2026-07-29 12:20:42"
6262,1668,item,47,normal,1,"2026-07-29 12:20:42","2026-07-29 12:20:42"
6263,1668,item,46,rare,2,"2026-07-29 12:20:42","2026-07-29 12:20:42"
6264,1669,item,46,normal,1,"2026-07-29 12:20:42","2026-07-29 12:20:42"
6265,1669,item,745,rare,2,"2026-07-29 12:20:42","2026-07-29 12:20:42"
6266,1670,item,696,normal,1,"2026-07-29 12:20:42","2026-07-29 12:20:42"
6267,1670,item,629,rare,2,"2026-07-29 12:20:42","2026-07-29 12:20:42"
6268,1671,item,696,normal,1,"2026-07-29 12:20:42","2026-07-29 12:20:42"
6269,1671,item,629,rare,2,"2026-07-29 12:20:42","2026-07-29 12:20:42"
6270,1672,item,833,normal,1,"2026-07-29 12:20:42","2026-07-29 12:20:42"
6271,1672,item,46,rare,2,"2026-07-29 12:20:42","2026-07-29 12:20:42"
6272,1673,item,800,normal,1,"2026-07-29 12:20:42","2026-07-29 12:20:42"
6273,1673,item,46,rare,2,"2026-07-29 12:20:42","2026-07-29 12:20:42"
6274,1674,item,643,normal,1,"2026-07-29 12:20:42","2026-07-29 12:20:42"
6275,1674,item,834,rare,2,"2026-07-29 12:20:42","2026-07-29 12:20:42"
6276,1675,item,754,normal,1,"2026-07-29 12:20:42","2026-07-29 12:20:42"
6277,1675,item,753,rare,2,"2026-07-29 12:20:42","2026-07-29 12:20:42"
6278,1676,item,698,normal,1,"2026-07-29 12:20:42","2026-07-29 12:20:42"
6279,1676,item,833,rare,2,"2026-07-29 12:20:42","2026-07-29 12:20:42"
6280,1677,item,731,normal,1,"2026-07-29 12:20:42","2026-07-29 12:20:42"
6281,1677,item,649,rare,2,"2026-07-29 12:20:42","2026-07-29 12:20:42"
6282,1678,item,698,normal,1,"2026-07-29 12:20:42","2026-07-29 12:20:42"
6283,1678,item,752,rare,2,"2026-07-29 12:20:42","2026-07-29 12:20:42"
6284,1679,item,702,normal,1,"2026-07-29 12:20:42","2026-07-29 12:20:42"
6285,1679,item,649,rare,2,"2026-07-29 12:20:42","2026-07-29 12:20:42"
6286,1680,item,702,normal,1,"2026-07-29 12:20:42","2026-07-29 12:20:42"
6287,1680,item,649,rare,2,"2026-07-29 12:20:42","2026-07-29 12:20:42"
6288,1681,item,591,normal,1,"2026-07-29 12:20:42","2026-07-29 12:20:42"
6289,1681,item,833,rare,2,"2026-07-29 12:20:42","2026-07-29 12:20:42"
6290,1682,item,393,normal,1,"2026-07-29 12:20:42","2026-07-29 12:20:42"
6291,1682,item,649,rare,2,"2026-07-29 12:20:42","2026-07-29 12:20:42"
6292,1683,item,784,normal,1,"2026-07-29 12:20:42","2026-07-29 12:20:42"
6293,1683,item,745,rare,2,"2026-07-29 12:20:42","2026-07-29 12:20:42"
6294,1684,item,754,normal,1,"2026-07-29 12:20:42","2026-07-29 12:20:42"
6295,1684,item,753,rare,2,"2026-07-29 12:20:42","2026-07-29 12:20:42"
6296,1685,item,732,normal,1,"2026-07-29 12:20:42","2026-07-29 12:20:42"
6297,1685,item,687,rare,2,"2026-07-29 12:20:42","2026-07-29 12:20:42"
6298,1686,item,548,normal,1,"2026-07-29 12:20:42","2026-07-29 12:20:42"
6299,1686,item,629,rare,2,"2026-07-29 12:20:42","2026-07-29 12:20:42"
6300,1687,item,554,normal,1,"2026-07-29 12:20:42","2026-07-29 12:20:42"
6301,1687,item,658,rare,2,"2026-07-29 12:20:42","2026-07-29 12:20:42"
6302,1689,item,638,normal,1,"2026-07-29 12:20:42","2026-07-29 12:20:42"
6303,1689,item,629,rare,2,"2026-07-29 12:20:42","2026-07-29 12:20:42"
6304,1691,item,47,normal,1,"2026-07-29 12:20:42","2026-07-29 12:20:42"
6305,1691,item,46,rare,2,"2026-07-29 12:20:42","2026-07-29 12:20:42"
6306,1692,item,47,normal,1,"2026-07-29 12:20:42","2026-07-29 12:20:42"
6307,1692,item,629,rare,2,"2026-07-29 12:20:42","2026-07-29 12:20:42"
6308,1693,item,47,normal,1,"2026-07-29 12:20:42","2026-07-29 12:20:42"
6309,1693,item,745,rare,2,"2026-07-29 12:20:42","2026-07-29 12:20:42"
6310,1694,item,661,normal,1,"2026-07-29 12:20:42","2026-07-29 12:20:42"
6311,1694,item,752,rare,2,"2026-07-29 12:20:42","2026-07-29 12:20:42"
6312,1695,item,47,normal,1,"2026-07-29 12:20:42","2026-07-29 12:20:42"
6313,1695,item,745,rare,2,"2026-07-29 12:20:42","2026-07-29 12:20:42"
6314,1696,item,805,normal,1,"2026-07-29 12:20:42","2026-07-29 12:20:42"
6315,1696,item,554,rare,2,"2026-07-29 12:20:42","2026-07-29 12:20:42"
6316,1697,item,629,normal,1,"2026-07-29 12:20:42","2026-07-29 12:20:42"
6317,1697,item,745,rare,2,"2026-07-29 12:20:42","2026-07-29 12:20:42"
6318,1698,item,629,normal,1,"2026-07-29 12:20:42","2026-07-29 12:20:42"
6319,1698,item,745,rare,2,"2026-07-29 12:20:42","2026-07-29 12:20:42"
6320,1699,item,661,normal,1,"2026-07-29 12:20:42","2026-07-29 12:20:42"
6321,1699,item,629,rare,2,"2026-07-29 12:20:42","2026-07-29 12:20:42"
6322,1700,item,661,normal,1,"2026-07-29 12:20:42","2026-07-29 12:20:42"
6323,1700,item,648,rare,2,"2026-07-29 12:20:42","2026-07-29 12:20:42"
6324,1701,item,661,normal,1,"2026-07-29 12:20:42","2026-07-29 12:20:42"
6325,1701,item,648,rare,2,"2026-07-29 12:20:42","2026-07-29 12:20:42"
6326,1702,item,46,normal,1,"2026-07-29 12:20:42","2026-07-29 12:20:42"
6327,1702,item,745,rare,2,"2026-07-29 12:20:42","2026-07-29 12:20:42"
6328,1703,item,47,normal,1,"2026-07-29 12:20:42","2026-07-29 12:20:42"
6329,1703,item,46,rare,2,"2026-07-29 12:20:42","2026-07-29 12:20:42"
6330,1704,item,661,normal,1,"2026-07-29 12:20:42","2026-07-29 12:20:42"
6331,1704,item,745,rare,2,"2026-07-29 12:20:42","2026-07-29 12:20:42"
6332,1705,item,661,normal,1,"2026-07-29 12:20:42","2026-07-29 12:20:42"
6333,1705,item,703,rare,2,"2026-07-29 12:20:42","2026-07-29 12:20:42"
6334,1706,item,661,normal,1,"2026-07-29 12:20:42","2026-07-29 12:20:42"
6335,1706,item,649,rare,2,"2026-07-29 12:20:42","2026-07-29 12:20:42"
6336,1707,item,661,normal,1,"2026-07-29 12:20:42","2026-07-29 12:20:42"
6337,1707,item,648,rare,2,"2026-07-29 12:20:42","2026-07-29 12:20:42"
6338,981,accessory,100,rare,1,,
6339,981,item,447,normal,2,,
6340,1415,item,627,normal,1,,
6341,1415,accessory,127,rare,2,,
6342,1464,item,46,normal,1,,
6343,1464,accessory,28,rare,2,,
